ISO-10303-21;
HEADER;
FILE_DESCRIPTION(('STEP AP214'),'1');
FILE_NAME('CDU_Kolja_V3_Final_Frontplatte.stp','2025-12-17T14:31:42',(' '),(' '),'Spatial InterOp 3D',' ',' ');
FILE_SCHEMA(('AUTOMOTIVE_DESIGN { 1 0 10303 214 1 1 1 1 }'));
ENDSEC;
DATA;
#1=PRODUCT_DEFINITION_CONTEXT('',#27,'design');
#2=APPLICATION_PROTOCOL_DEFINITION('INTERNATIONAL STANDARD','automotive_design',1994,#27);
#3=PRODUCT_CATEGORY_RELATIONSHIP('NONE','NONE',#28,#29);
#4=SHAPE_DEFINITION_REPRESENTATION(#30,#31);
#5=PRODUCT_DEFINITION_CONTEXT('',#32,'design');
#6=APPLICATION_PROTOCOL_DEFINITION('INTERNATIONAL STANDARD','automotive_design',1994,#32);
#7=PRODUCT_CATEGORY_RELATIONSHIP('NONE','NONE',#33,#34);
#8=CONTEXT_DEPENDENT_SHAPE_REPRESENTATION(#35,#36);
#9=SHAPE_DEFINITION_REPRESENTATION(#37,#38);
#10=SHAPE_REPRESENTATION_RELATIONSHIP('NONE','NONE',#38,#39);
#11=PRODUCT_DEFINITION_CONTEXT('',#40,'design');
#12=APPLICATION_PROTOCOL_DEFINITION('INTERNATIONAL STANDARD','automotive_design',1994,#40);
#13=PRODUCT_CATEGORY_RELATIONSHIP('NONE','NONE',#41,#42);
#14=SHAPE_DEFINITION_REPRESENTATION(#43,#44);
#15=PRODUCT_DEFINITION_CONTEXT('',#45,'design');
#16=APPLICATION_PROTOCOL_DEFINITION('INTERNATIONAL STANDARD','automotive_design',1994,#45);
#17=PRODUCT_CATEGORY_RELATIONSHIP('NONE','NONE',#46,#47);
#18=CONTEXT_DEPENDENT_SHAPE_REPRESENTATION(#48,#49);
#19=SHAPE_DEFINITION_REPRESENTATION(#50,#51);
#20=SHAPE_REPRESENTATION_RELATIONSHIP('NONE','NONE',#51,#52);
#21=CONTEXT_DEPENDENT_SHAPE_REPRESENTATION(#53,#54);
#22=MECHANICAL_DESIGN_GEOMETRIC_PRESENTATION_REPRESENTATION(' ',(#55,#56,#57,#58,#59,#60,#61,#62,#63,#64,#65,#66,#67,#68,#69,#70,#71,#72,#73,#74,#75,#76,#77,#78,#79,#80,#81,#82,#83,#84,#85,#86,#87,#88,#89,#90,#91,#92,#93,#94,#95,#96,#97,#98,#99,#100,#101,#102,#103,#104,#105,#106,#107,#108,#109,#110,#111,#112,#113,#114,#115,#116,#117,#118,#119,#120,#121,#122,#123,#124,#125,#126,#127,#128,#129,#130,#131,#132,#133,#134,#135,#136,#137,#138,#139,#140,#141,#142,#143,#144,#145,#146,#147,#148,#149,#150,#151,#152,#153,#154,#155,#156,#157,#158,#159,#160,#161,#162,#163,#164,#165,#166,#167,#168,#169,#170,#171,#172,#173,#174,#175,#176,#177,#178,#179,#180,#181,#182,#183,#184,#185,#186,#187,#188,#189,#190,#191,#192,#193,#194,#195,#196,#197,#198,#199,#200,#201,#202,#203,#204,#205,#206,#207,#208,#209,#210,#211,#212,#213,#214,#215,#216,#217,#218,#219,#220,#221,#222,#223,#224,#225,#226,#227,#228,#229,#230,#231,#232,#233,#234,#235,#236,#237,#238,#239,#240,#241,#242,#243,#244,#245,#246,#247,#248,#249,#250,#251,#252,#253,#254,#255,#256,#257,#258,#259,#260,#261,#262,#263,#264,#265,#266,#267,#268,#269,#270,#271,#272,#273,#274,#275,#276,#277,#278,#279,#280,#281,#282,#283,#284,#285,#286,#287,#288,#289,#290,#291,#292,#293,#294,#295,#296,#297,#298,#299,#300,#301,#302,#303,#304,#305,#306,#307,#308,#309,#310,#311,#312,#313,#314,#315,#316,#317,#318,#319,#320,#321),#23);
#23= (GEOMETRIC_REPRESENTATION_CONTEXT(3)GLOBAL_UNCERTAINTY_ASSIGNED_CONTEXT((#324))GLOBAL_UNIT_ASSIGNED_CONTEXT((#326,#327,#328))REPRESENTATION_CONTEXT('NONE','WORKSPACE'));
#27=APPLICATION_CONTEXT(' ');
#28=PRODUCT_CATEGORY('part','NONE');
#29=PRODUCT_RELATED_PRODUCT_CATEGORY('detail',' ',(#330));
#30=PRODUCT_DEFINITION_SHAPE('NONE','NONE',#331);
#31=SHAPE_REPRESENTATION('CDU_Kolja_V3_Final_Frontplatte',(#332,#333,#334),#335);
#32=APPLICATION_CONTEXT(' ');
#33=PRODUCT_CATEGORY('part','NONE');
#34=PRODUCT_RELATED_PRODUCT_CATEGORY('detail',' ',(#336));
#35=(REPRESENTATION_RELATIONSHIP('','',#38,#31)REPRESENTATION_RELATIONSHIP_WITH_TRANSFORMATION(#339)SHAPE_REPRESENTATION_RELATIONSHIP());
#36=PRODUCT_DEFINITION_SHAPE('NAUO-PROD-DEF','NAUO-PROD-DEF',#341);
#37=PRODUCT_DEFINITION_SHAPE('NONE','NONE',#342);
#38=SHAPE_REPRESENTATION('Frontplatte',(#332),#335);
#39=ADVANCED_BREP_SHAPE_REPRESENTATION('Volumenk\X2\00F6\X0\rper',(#343),#23);
#40=APPLICATION_CONTEXT(' ');
#41=PRODUCT_CATEGORY('part','NONE');
#42=PRODUCT_RELATED_PRODUCT_CATEGORY('detail',' ',(#344));
#43=PRODUCT_DEFINITION_SHAPE('NONE','NONE',#345);
#44=SHAPE_REPRESENTATION('NFC',(#346,#347),#348);
#45=APPLICATION_CONTEXT(' ');
#46=PRODUCT_CATEGORY('part','NONE');
#47=PRODUCT_RELATED_PRODUCT_CATEGORY('detail',' ',(#349));
#48=(REPRESENTATION_RELATIONSHIP('','',#51,#44)REPRESENTATION_RELATIONSHIP_WITH_TRANSFORMATION(#352)SHAPE_REPRESENTATION_RELATIONSHIP());
#49=PRODUCT_DEFINITION_SHAPE('NAUO-PROD-DEF','NAUO-PROD-DEF',#354);
#50=PRODUCT_DEFINITION_SHAPE('NONE','NONE',#355);
#51=SHAPE_REPRESENTATION('NFC_Symbol',(#346),#348);
#52=ADVANCED_BREP_SHAPE_REPRESENTATION('',(#356,#357,#358,#359,#360,#361,#362),#23);
#53=(REPRESENTATION_RELATIONSHIP('','',#44,#31)REPRESENTATION_RELATIONSHIP_WITH_TRANSFORMATION(#365)SHAPE_REPRESENTATION_RELATIONSHIP());
#54=PRODUCT_DEFINITION_SHAPE('NAUO-PROD-DEF','NAUO-PROD-DEF',#367);
#55=STYLED_ITEM('',(#368),#369);
#56=STYLED_ITEM('',(#370),#371);
#57=STYLED_ITEM('',(#372),#373);
#58=STYLED_ITEM('',(#374),#375);
#59=STYLED_ITEM('',(#376),#377);
#60=STYLED_ITEM('',(#378),#379);
#61=STYLED_ITEM('',(#380),#381);
#62=STYLED_ITEM('',(#382),#383);
#63=STYLED_ITEM('',(#384),#385);
#64=STYLED_ITEM('',(#386),#387);
#65=STYLED_ITEM('',(#388),#389);
#66=STYLED_ITEM('',(#390),#391);
#67=STYLED_ITEM('',(#392),#393);
#68=STYLED_ITEM('',(#394),#395);
#69=STYLED_ITEM('',(#396),#397);
#70=STYLED_ITEM('',(#398),#399);
#71=STYLED_ITEM('',(#400),#401);
#72=STYLED_ITEM('',(#402),#403);
#73=STYLED_ITEM('',(#404),#405);
#74=STYLED_ITEM('',(#406),#407);
#75=STYLED_ITEM('',(#408),#409);
#76=STYLED_ITEM('',(#410),#411);
#77=STYLED_ITEM('',(#412),#413);
#78=STYLED_ITEM('',(#414),#415);
#79=STYLED_ITEM('',(#416),#417);
#80=STYLED_ITEM('',(#418),#419);
#81=STYLED_ITEM('',(#420),#421);
#82=STYLED_ITEM('',(#422),#423);
#83=STYLED_ITEM('',(#424),#425);
#84=STYLED_ITEM('',(#426),#427);
#85=STYLED_ITEM('',(#428),#429);
#86=STYLED_ITEM('',(#430),#431);
#87=STYLED_ITEM('',(#432),#433);
#88=STYLED_ITEM('',(#434),#435);
#89=STYLED_ITEM('',(#436),#437);
#90=STYLED_ITEM('',(#438),#439);
#91=STYLED_ITEM('',(#440),#441);
#92=STYLED_ITEM('',(#442),#443);
#93=STYLED_ITEM('',(#444),#445);
#94=STYLED_ITEM('',(#446),#447);
#95=STYLED_ITEM('',(#448),#449);
#96=STYLED_ITEM('',(#450),#451);
#97=STYLED_ITEM('',(#452),#453);
#98=STYLED_ITEM('',(#454),#455);
#99=STYLED_ITEM('',(#456),#457);
#100=STYLED_ITEM('',(#458),#459);
#101=STYLED_ITEM('',(#460),#461);
#102=STYLED_ITEM('',(#462),#463);
#103=STYLED_ITEM('',(#464),#465);
#104=STYLED_ITEM('',(#466),#467);
#105=STYLED_ITEM('',(#468),#469);
#106=STYLED_ITEM('',(#470),#471);
#107=STYLED_ITEM('',(#472),#473);
#108=STYLED_ITEM('',(#474),#475);
#109=STYLED_ITEM('',(#476),#477);
#110=STYLED_ITEM('',(#478),#479);
#111=STYLED_ITEM('',(#480),#481);
#112=STYLED_ITEM('',(#482),#483);
#113=STYLED_ITEM('',(#484),#485);
#114=STYLED_ITEM('',(#486),#487);
#115=STYLED_ITEM('',(#488),#489);
#116=STYLED_ITEM('',(#490),#491);
#117=STYLED_ITEM('',(#492),#493);
#118=STYLED_ITEM('',(#494),#495);
#119=STYLED_ITEM('',(#496),#497);
#120=STYLED_ITEM('',(#498),#499);
#121=STYLED_ITEM('',(#500),#501);
#122=STYLED_ITEM('',(#502),#503);
#123=STYLED_ITEM('',(#504),#505);
#124=STYLED_ITEM('',(#506),#507);
#125=STYLED_ITEM('',(#508),#509);
#126=STYLED_ITEM('',(#510),#511);
#127=STYLED_ITEM('',(#512),#513);
#128=STYLED_ITEM('',(#514),#515);
#129=STYLED_ITEM('',(#516),#517);
#130=STYLED_ITEM('',(#518),#519);
#131=STYLED_ITEM('',(#520),#521);
#132=STYLED_ITEM('',(#522),#523);
#133=STYLED_ITEM('',(#524),#525);
#134=STYLED_ITEM('',(#526),#527);
#135=STYLED_ITEM('',(#528),#529);
#136=STYLED_ITEM('',(#530),#531);
#137=STYLED_ITEM('',(#532),#533);
#138=STYLED_ITEM('',(#534),#535);
#139=STYLED_ITEM('',(#536),#537);
#140=STYLED_ITEM('',(#538),#539);
#141=STYLED_ITEM('',(#540),#541);
#142=STYLED_ITEM('',(#542),#543);
#143=STYLED_ITEM('',(#544),#545);
#144=STYLED_ITEM('',(#546),#547);
#145=STYLED_ITEM('',(#548),#549);
#146=STYLED_ITEM('',(#550),#551);
#147=STYLED_ITEM('',(#552),#553);
#148=STYLED_ITEM('',(#554),#555);
#149=STYLED_ITEM('',(#556),#557);
#150=STYLED_ITEM('',(#558),#559);
#151=STYLED_ITEM('',(#560),#561);
#152=STYLED_ITEM('',(#562),#563);
#153=STYLED_ITEM('',(#564),#565);
#154=STYLED_ITEM('',(#566),#567);
#155=STYLED_ITEM('',(#568),#569);
#156=STYLED_ITEM('',(#570),#571);
#157=STYLED_ITEM('',(#572),#573);
#158=STYLED_ITEM('',(#574),#575);
#159=STYLED_ITEM('',(#576),#577);
#160=STYLED_ITEM('',(#578),#579);
#161=STYLED_ITEM('',(#580),#581);
#162=STYLED_ITEM('',(#582),#583);
#163=STYLED_ITEM('',(#584),#585);
#164=STYLED_ITEM('',(#586),#587);
#165=STYLED_ITEM('',(#588),#589);
#166=STYLED_ITEM('',(#590),#591);
#167=STYLED_ITEM('',(#592),#593);
#168=STYLED_ITEM('',(#594),#595);
#169=STYLED_ITEM('',(#596),#597);
#170=STYLED_ITEM('',(#598),#599);
#171=STYLED_ITEM('',(#600),#601);
#172=STYLED_ITEM('',(#602),#603);
#173=STYLED_ITEM('',(#604),#605);
#174=STYLED_ITEM('',(#606),#607);
#175=STYLED_ITEM('',(#608),#609);
#176=STYLED_ITEM('',(#610),#611);
#177=STYLED_ITEM('',(#612),#613);
#178=STYLED_ITEM('',(#614),#615);
#179=STYLED_ITEM('',(#616),#617);
#180=STYLED_ITEM('',(#618),#619);
#181=STYLED_ITEM('',(#620),#621);
#182=STYLED_ITEM('',(#622),#623);
#183=STYLED_ITEM('',(#624),#625);
#184=STYLED_ITEM('',(#626),#627);
#185=STYLED_ITEM('',(#628),#629);
#186=STYLED_ITEM('',(#630),#631);
#187=STYLED_ITEM('',(#632),#633);
#188=STYLED_ITEM('',(#634),#635);
#189=STYLED_ITEM('',(#636),#637);
#190=STYLED_ITEM('',(#638),#639);
#191=STYLED_ITEM('',(#640),#641);
#192=STYLED_ITEM('',(#642),#643);
#193=STYLED_ITEM('',(#644),#645);
#194=STYLED_ITEM('',(#646),#647);
#195=STYLED_ITEM('',(#648),#649);
#196=STYLED_ITEM('',(#650),#651);
#197=STYLED_ITEM('',(#652),#653);
#198=STYLED_ITEM('',(#654),#655);
#199=STYLED_ITEM('',(#656),#657);
#200=STYLED_ITEM('',(#658),#659);
#201=STYLED_ITEM('',(#660),#661);
#202=STYLED_ITEM('',(#662),#663);
#203=STYLED_ITEM('',(#664),#665);
#204=STYLED_ITEM('',(#666),#667);
#205=STYLED_ITEM('',(#668),#669);
#206=STYLED_ITEM('',(#670),#671);
#207=STYLED_ITEM('',(#672),#673);
#208=STYLED_ITEM('',(#674),#675);
#209=STYLED_ITEM('',(#676),#677);
#210=STYLED_ITEM('',(#678),#679);
#211=STYLED_ITEM('',(#680),#681);
#212=STYLED_ITEM('',(#682),#683);
#213=STYLED_ITEM('',(#684),#685);
#214=STYLED_ITEM('',(#686),#687);
#215=STYLED_ITEM('',(#688),#689);
#216=STYLED_ITEM('',(#690),#691);
#217=STYLED_ITEM('',(#692),#693);
#218=STYLED_ITEM('',(#694),#695);
#219=STYLED_ITEM('',(#696),#697);
#220=STYLED_ITEM('',(#698),#699);
#221=STYLED_ITEM('',(#700),#701);
#222=STYLED_ITEM('',(#702),#703);
#223=STYLED_ITEM('',(#704),#705);
#224=STYLED_ITEM('',(#706),#707);
#225=STYLED_ITEM('',(#708),#709);
#226=STYLED_ITEM('',(#710),#711);
#227=STYLED_ITEM('',(#712),#713);
#228=STYLED_ITEM('',(#714),#715);
#229=STYLED_ITEM('',(#716),#717);
#230=STYLED_ITEM('',(#718),#719);
#231=STYLED_ITEM('',(#720),#721);
#232=STYLED_ITEM('',(#722),#723);
#233=STYLED_ITEM('',(#724),#725);
#234=STYLED_ITEM('',(#726),#727);
#235=STYLED_ITEM('',(#728),#729);
#236=STYLED_ITEM('',(#730),#731);
#237=STYLED_ITEM('',(#732),#733);
#238=STYLED_ITEM('',(#734),#735);
#239=STYLED_ITEM('',(#736),#737);
#240=STYLED_ITEM('',(#738),#739);
#241=STYLED_ITEM('',(#740),#741);
#242=STYLED_ITEM('',(#742),#743);
#243=STYLED_ITEM('',(#744),#745);
#244=STYLED_ITEM('',(#746),#747);
#245=STYLED_ITEM('',(#748),#749);
#246=STYLED_ITEM('',(#750),#751);
#247=STYLED_ITEM('',(#752),#753);
#248=STYLED_ITEM('',(#754),#755);
#249=STYLED_ITEM('',(#756),#757);
#250=STYLED_ITEM('',(#758),#759);
#251=STYLED_ITEM('',(#760),#761);
#252=STYLED_ITEM('',(#762),#763);
#253=STYLED_ITEM('',(#764),#765);
#254=STYLED_ITEM('',(#766),#767);
#255=STYLED_ITEM('',(#768),#769);
#256=STYLED_ITEM('',(#770),#771);
#257=STYLED_ITEM('',(#772),#773);
#258=STYLED_ITEM('',(#774),#775);
#259=STYLED_ITEM('',(#776),#777);
#260=STYLED_ITEM('',(#778),#779);
#261=STYLED_ITEM('',(#780),#781);
#262=STYLED_ITEM('',(#782),#783);
#263=STYLED_ITEM('',(#784),#785);
#264=STYLED_ITEM('',(#786),#787);
#265=STYLED_ITEM('',(#788),#789);
#266=STYLED_ITEM('',(#790),#791);
#267=STYLED_ITEM('',(#792),#793);
#268=STYLED_ITEM('',(#794),#795);
#269=STYLED_ITEM('',(#796),#797);
#270=STYLED_ITEM('',(#798),#799);
#271=STYLED_ITEM('',(#800),#801);
#272=STYLED_ITEM('',(#802),#803);
#273=STYLED_ITEM('',(#804),#805);
#274=STYLED_ITEM('',(#806),#807);
#275=STYLED_ITEM('',(#808),#809);
#276=STYLED_ITEM('',(#810),#811);
#277=STYLED_ITEM('',(#812),#813);
#278=STYLED_ITEM('',(#814),#815);
#279=STYLED_ITEM('',(#816),#817);
#280=STYLED_ITEM('',(#818),#819);
#281=STYLED_ITEM('',(#820),#821);
#282=STYLED_ITEM('',(#822),#823);
#283=STYLED_ITEM('',(#824),#825);
#284=STYLED_ITEM('',(#826),#827);
#285=STYLED_ITEM('',(#828),#829);
#286=STYLED_ITEM('',(#830),#831);
#287=STYLED_ITEM('',(#832),#833);
#288=STYLED_ITEM('',(#834),#835);
#289=STYLED_ITEM('',(#836),#837);
#290=STYLED_ITEM('',(#838),#839);
#291=STYLED_ITEM('',(#840),#841);
#292=STYLED_ITEM('',(#842),#843);
#293=STYLED_ITEM('',(#844),#845);
#294=STYLED_ITEM('',(#846),#847);
#295=STYLED_ITEM('',(#848),#849);
#296=STYLED_ITEM('',(#850),#851);
#297=STYLED_ITEM('',(#852),#853);
#298=STYLED_ITEM('',(#854),#855);
#299=STYLED_ITEM('',(#856),#857);
#300=STYLED_ITEM('',(#858),#859);
#301=STYLED_ITEM('',(#860),#861);
#302=STYLED_ITEM('',(#862),#863);
#303=STYLED_ITEM('',(#864),#865);
#304=STYLED_ITEM('',(#866),#867);
#305=STYLED_ITEM('',(#868),#869);
#306=STYLED_ITEM('',(#870),#871);
#307=STYLED_ITEM('',(#872),#873);
#308=STYLED_ITEM('',(#874),#875);
#309=STYLED_ITEM('',(#876),#877);
#310=STYLED_ITEM('',(#878),#879);
#311=STYLED_ITEM('',(#880),#881);
#312=STYLED_ITEM('',(#882),#883);
#313=STYLED_ITEM('',(#884),#885);
#314=STYLED_ITEM('',(#886),#887);
#315=STYLED_ITEM('',(#888),#889);
#316=STYLED_ITEM('',(#890),#891);
#317=STYLED_ITEM('',(#892),#893);
#318=STYLED_ITEM('',(#894),#895);
#319=STYLED_ITEM('',(#896),#897);
#320=STYLED_ITEM('',(#898),#899);
#321=STYLED_ITEM('',(#900),#901);
#324=UNCERTAINTY_MEASURE_WITH_UNIT(LENGTH_MEASURE(1.0E-08),#326,'','');
#326= (CONVERSION_BASED_UNIT('METRE',#904)LENGTH_UNIT()NAMED_UNIT(#907));
#327= (NAMED_UNIT(#909)PLANE_ANGLE_UNIT()SI_UNIT($,.RADIAN.));
#328= (NAMED_UNIT(#909)SOLID_ANGLE_UNIT()SI_UNIT($,.STERADIAN.));
#330=PRODUCT('CDU_Kolja_V3_Final_Frontplatte','CDU_Kolja_V3_Final_Frontplatte','PART--DESC',(#915));
#331=PRODUCT_DEFINITION('CDU_Kolja_V3_Final_Frontplatte','CDU_Kolja_V3_Final_Frontplatte',#916,#1);
#332=AXIS2_PLACEMENT_3D('',#917,#918,#919);
#333=AXIS2_PLACEMENT_3D('',#920,#921,#922);
#334=AXIS2_PLACEMENT_3D('',#923,#924,#925);
#335= (GEOMETRIC_REPRESENTATION_CONTEXT(3)GLOBAL_UNCERTAINTY_ASSIGNED_CONTEXT((#928))GLOBAL_UNIT_ASSIGNED_CONTEXT((#930,#931,#932))REPRESENTATION_CONTEXT('NONE','WORKSPACE'));
#336=PRODUCT('Frontplatte','Frontplatte','PART-Frontplatte-DESC',(#934));
#339=ITEM_DEFINED_TRANSFORMATION('','',#332,#333);
#341=NEXT_ASSEMBLY_USAGE_OCCURRENCE('Frontplatte','Frontplatte','Frontplatte',#331,#342,$);
#342=PRODUCT_DEFINITION('Frontplatte','Frontplatte',#935,#5);
#343=MANIFOLD_SOLID_BREP('Volumenk\X2\00F6\X0\rper',#936);
#344=PRODUCT('NFC','NFC','PART--DESC',(#937));
#345=PRODUCT_DEFINITION('NFC','NFC',#938,#11);
#346=AXIS2_PLACEMENT_3D('',#939,#940,#941);
#347=AXIS2_PLACEMENT_3D('',#942,#943,#944);
#348= (GEOMETRIC_REPRESENTATION_CONTEXT(3)GLOBAL_UNCERTAINTY_ASSIGNED_CONTEXT((#947))GLOBAL_UNIT_ASSIGNED_CONTEXT((#949,#950,#951))REPRESENTATION_CONTEXT('NONE','WORKSPACE'));
#349=PRODUCT('NFC_Symbol','NFC_Symbol','PART-NFC_Symbol-DESC',(#953));
#352=ITEM_DEFINED_TRANSFORMATION('','',#346,#347);
#354=NEXT_ASSEMBLY_USAGE_OCCURRENCE('NFC_Symbol','NFC_Symbol','NFC_Symbol',#345,#355,$);
#355=PRODUCT_DEFINITION('NFC_Symbol','NFC_Symbol',#954,#15);
#356=MANIFOLD_SOLID_BREP('Volumenk\X2\00F6\X0\rper11',#955);
#357=MANIFOLD_SOLID_BREP('Volumenk\X2\00F6\X0\rper112',#956);
#358=MANIFOLD_SOLID_BREP('Volumenk\X2\00F6\X0\rper113',#957);
#359=MANIFOLD_SOLID_BREP('Volumenk\X2\00F6\X0\rper114',#958);
#360=MANIFOLD_SOLID_BREP('Volumenk\X2\00F6\X0\rper115',#959);
#361=MANIFOLD_SOLID_BREP('Volumenk\X2\00F6\X0\rper116',#960);
#362=MANIFOLD_SOLID_BREP('Volumenk\X2\00F6\X0\rper117',#961);
#365=ITEM_DEFINED_TRANSFORMATION('','',#346,#334);
#367=NEXT_ASSEMBLY_USAGE_OCCURRENCE('NFC','NFC','NFC',#331,#345,$);
#368=PRESENTATION_STYLE_ASSIGNMENT((#962));
#369=ADVANCED_FACE('171:11624',(#963),#964,.F.);
#370=PRESENTATION_STYLE_ASSIGNMENT((#965));
#371=ADVANCED_FACE('414:16477',(#966,#967),#968,.F.);
#372=PRESENTATION_STYLE_ASSIGNMENT((#969));
#373=ADVANCED_FACE('171:11621',(#970),#971,.F.);
#374=PRESENTATION_STYLE_ASSIGNMENT((#972));
#375=ADVANCED_FACE('120:10631',(#973,#974,#975,#976),#977,.T.);
#376=PRESENTATION_STYLE_ASSIGNMENT((#978));
#377=ADVANCED_FACE('423:663',(#979),#980,.F.);
#378=PRESENTATION_STYLE_ASSIGNMENT((#981));
#379=ADVANCED_FACE('414:16582',(#982,#983),#984,.F.);
#380=PRESENTATION_STYLE_ASSIGNMENT((#985));
#381=ADVANCED_FACE('120:10634',(#986),#987,.F.);
#382=PRESENTATION_STYLE_ASSIGNMENT((#988));
#383=ADVANCED_FACE('120:10640',(#989),#990,.F.);
#384=PRESENTATION_STYLE_ASSIGNMENT((#991));
#385=ADVANCED_FACE('120:10643',(#992),#993,.F.);
#386=PRESENTATION_STYLE_ASSIGNMENT((#994));
#387=ADVANCED_FACE('419:7186',(#995),#996,.F.);
#388=PRESENTATION_STYLE_ASSIGNMENT((#997));
#389=ADVANCED_FACE('420:10',(#998),#999,.T.);
#390=PRESENTATION_STYLE_ASSIGNMENT((#1000));
#391=ADVANCED_FACE('419:7201',(#1001),#1002,.F.);
#392=PRESENTATION_STYLE_ASSIGNMENT((#1003));
#393=ADVANCED_FACE('420:748',(#1004),#1005,.T.);
#394=PRESENTATION_STYLE_ASSIGNMENT((#1006));
#395=ADVANCED_FACE('169:969',(#1007),#1008,.F.);
#396=PRESENTATION_STYLE_ASSIGNMENT((#1009));
#397=ADVANCED_FACE('169:972',(#1010),#1011,.F.);
#398=PRESENTATION_STYLE_ASSIGNMENT((#1012));
#399=ADVANCED_FACE('169:966',(#1013),#1014,.F.);
#400=PRESENTATION_STYLE_ASSIGNMENT((#1015));
#401=ADVANCED_FACE('169:975',(#1016),#1017,.F.);
#402=PRESENTATION_STYLE_ASSIGNMENT((#1018));
#403=ADVANCED_FACE('169:963',(#1019),#1020,.F.);
#404=PRESENTATION_STYLE_ASSIGNMENT((#1021));
#405=ADVANCED_FACE('183:525',(#1022,#1023),#1024,.F.);
#406=PRESENTATION_STYLE_ASSIGNMENT((#1025));
#407=ADVANCED_FACE('164:7381',(#1026),#1027,.T.);
#408=PRESENTATION_STYLE_ASSIGNMENT((#1028));
#409=ADVANCED_FACE('183:576',(#1029,#1030),#1031,.F.);
#410=PRESENTATION_STYLE_ASSIGNMENT((#1032));
#411=ADVANCED_FACE('183:3718',(#1033),#1034,.T.);
#412=PRESENTATION_STYLE_ASSIGNMENT((#1035));
#413=ADVANCED_FACE('183:3703',(#1036),#1037,.F.);
#414=PRESENTATION_STYLE_ASSIGNMENT((#1038));
#415=ADVANCED_FACE('183:3712',(#1039),#1040,.F.);
#416=PRESENTATION_STYLE_ASSIGNMENT((#1041));
#417=ADVANCED_FACE('183:3709',(#1042),#1043,.T.);
#418=PRESENTATION_STYLE_ASSIGNMENT((#1044));
#419=ADVANCED_FACE('412:55245',(#1045),#1046,.T.);
#420=PRESENTATION_STYLE_ASSIGNMENT((#1047));
#421=ADVANCED_FACE('412:55248',(#1048),#1049,.T.);
#422=PRESENTATION_STYLE_ASSIGNMENT((#1050));
#423=ADVANCED_FACE('412:55251',(#1051),#1052,.F.);
#424=PRESENTATION_STYLE_ASSIGNMENT((#1053));
#425=ADVANCED_FACE('412:55254',(#1054),#1055,.T.);
#426=PRESENTATION_STYLE_ASSIGNMENT((#1056));
#427=ADVANCED_FACE('412:55257',(#1057),#1058,.T.);
#428=PRESENTATION_STYLE_ASSIGNMENT((#1059));
#429=ADVANCED_FACE('412:55260',(#1060),#1061,.T.);
#430=PRESENTATION_STYLE_ASSIGNMENT((#1062));
#431=ADVANCED_FACE('412:55263',(#1063),#1064,.T.);
#432=PRESENTATION_STYLE_ASSIGNMENT((#1065));
#433=ADVANCED_FACE('412:55269',(#1066),#1067,.T.);
#434=PRESENTATION_STYLE_ASSIGNMENT((#1068));
#435=ADVANCED_FACE('412:53402',(#1069,#1070),#1071,.F.);
#436=PRESENTATION_STYLE_ASSIGNMENT((#1072));
#437=ADVANCED_FACE('120:10943',(#1073),#1074,.T.);
#438=PRESENTATION_STYLE_ASSIGNMENT((#1075));
#439=ADVANCED_FACE('431:925',(#1076,#1077),#1078,.T.);
#440=PRESENTATION_STYLE_ASSIGNMENT((#1079));
#441=ADVANCED_FACE('120:10691',(#1080),#1081,.F.);
#442=PRESENTATION_STYLE_ASSIGNMENT((#1082));
#443=ADVANCED_FACE('120:10946',(#1083),#1084,.T.);
#444=PRESENTATION_STYLE_ASSIGNMENT((#1085));
#445=ADVANCED_FACE('120:10895',(#1086,#1087),#1088,.F.);
#446=PRESENTATION_STYLE_ASSIGNMENT((#1089));
#447=ADVANCED_FACE('184:881',(#1090),#1091,.T.);
#448=PRESENTATION_STYLE_ASSIGNMENT((#1092));
#449=ADVANCED_FACE('184:893',(#1093),#1094,.T.);
#450=PRESENTATION_STYLE_ASSIGNMENT((#1095));
#451=ADVANCED_FACE('120:11069',(#1096),#1097,.F.);
#452=PRESENTATION_STYLE_ASSIGNMENT((#1098));
#453=ADVANCED_FACE('172:67',(#1099),#1100,.F.);
#454=PRESENTATION_STYLE_ASSIGNMENT((#1101));
#455=ADVANCED_FACE('183:3706',(#1102),#1103,.T.);
#456=PRESENTATION_STYLE_ASSIGNMENT((#1104));
#457=ADVANCED_FACE('183:3724',(#1105,#1106),#1107,.F.);
#458=PRESENTATION_STYLE_ASSIGNMENT((#1108));
#459=ADVANCED_FACE('120:10850',(#1109),#1110,.T.);
#460=PRESENTATION_STYLE_ASSIGNMENT((#1111));
#461=ADVANCED_FACE('120:10808',(#1112,#1113),#1114,.F.);
#462=PRESENTATION_STYLE_ASSIGNMENT((#1115));
#463=ADVANCED_FACE('120:10847',(#1116),#1117,.T.);
#464=PRESENTATION_STYLE_ASSIGNMENT((#1118));
#465=ADVANCED_FACE('120:10886',(#1119),#1120,.T.);
#466=PRESENTATION_STYLE_ASSIGNMENT((#1121));
#467=ADVANCED_FACE('147:2108',(#1122,#1123),#1124,.T.);
#468=PRESENTATION_STYLE_ASSIGNMENT((#1125));
#469=ADVANCED_FACE('120:10937',(#1126),#1127,.T.);
#470=PRESENTATION_STYLE_ASSIGNMENT((#1128));
#471=ADVANCED_FACE('120:10697',(#1129),#1130,.F.);
#472=PRESENTATION_STYLE_ASSIGNMENT((#1131));
#473=ADVANCED_FACE('419:8620',(#1132),#1133,.F.);
#474=PRESENTATION_STYLE_ASSIGNMENT((#1134));
#475=ADVANCED_FACE('120:11072',(#1135),#1136,.F.);
#476=PRESENTATION_STYLE_ASSIGNMENT((#1137));
#477=ADVANCED_FACE('120:10856',(#1138),#1139,.T.);
#478=PRESENTATION_STYLE_ASSIGNMENT((#1140));
#479=ADVANCED_FACE('120:10799',(#1141,#1142),#1143,.F.);
#480=PRESENTATION_STYLE_ASSIGNMENT((#1144));
#481=ADVANCED_FACE('120:10859',(#1145),#1146,.T.);
#482=PRESENTATION_STYLE_ASSIGNMENT((#1147));
#483=ADVANCED_FACE('183:3715',(#1148),#1149,.T.);
#484=PRESENTATION_STYLE_ASSIGNMENT((#1150));
#485=ADVANCED_FACE('183:3721',(#1151,#1152),#1153,.F.);
#486=PRESENTATION_STYLE_ASSIGNMENT((#1154));
#487=ADVANCED_FACE('120:10880',(#1155),#1156,.T.);
#488=PRESENTATION_STYLE_ASSIGNMENT((#1157));
#489=ADVANCED_FACE('120:10685',(#1158),#1159,.T.);
#490=PRESENTATION_STYLE_ASSIGNMENT((#1160));
#491=ADVANCED_FACE('120:10925',(#1161),#1162,.F.);
#492=PRESENTATION_STYLE_ASSIGNMENT((#1163));
#493=ADVANCED_FACE('120:10928',(#1164),#1165,.F.);
#494=PRESENTATION_STYLE_ASSIGNMENT((#1166));
#495=ADVANCED_FACE('120:10931',(#1167),#1168,.T.);
#496=PRESENTATION_STYLE_ASSIGNMENT((#1169));
#497=ADVANCED_FACE('120:10883',(#1170),#1171,.F.);
#498=PRESENTATION_STYLE_ASSIGNMENT((#1172));
#499=ADVANCED_FACE('120:11078',(#1173),#1174,.F.);
#500=PRESENTATION_STYLE_ASSIGNMENT((#1175));
#501=ADVANCED_FACE('120:11075',(#1176),#1177,.F.);
#502=PRESENTATION_STYLE_ASSIGNMENT((#1178));
#503=ADVANCED_FACE('120:10874',(#1179),#1180,.T.);
#504=PRESENTATION_STYLE_ASSIGNMENT((#1181));
#505=ADVANCED_FACE('120:10802',(#1182,#1183),#1184,.F.);
#506=PRESENTATION_STYLE_ASSIGNMENT((#1185));
#507=ADVANCED_FACE('120:10892',(#1186),#1187,.T.);
#508=PRESENTATION_STYLE_ASSIGNMENT((#1188));
#509=ADVANCED_FACE('120:10805',(#1189,#1190),#1191,.F.);
#510=PRESENTATION_STYLE_ASSIGNMENT((#1192));
#511=ADVANCED_FACE('120:10889',(#1193),#1194,.T.);
#512=PRESENTATION_STYLE_ASSIGNMENT((#1195));
#513=ADVANCED_FACE('120:10877',(#1196),#1197,.T.);
#514=PRESENTATION_STYLE_ASSIGNMENT((#1198));
#515=ADVANCED_FACE('120:10985',(#1199),#1200,.T.);
#516=PRESENTATION_STYLE_ASSIGNMENT((#1201));
#517=ADVANCED_FACE('120:11048',(#1202),#1203,.F.);
#518=PRESENTATION_STYLE_ASSIGNMENT((#1204));
#519=ADVANCED_FACE('120:11042',(#1205),#1206,.F.);
#520=PRESENTATION_STYLE_ASSIGNMENT((#1207));
#521=ADVANCED_FACE('120:11027',(#1208,#1209),#1210,.T.);
#522=PRESENTATION_STYLE_ASSIGNMENT((#1211));
#523=ADVANCED_FACE('120:11021',(#1212,#1213),#1214,.T.);
#524=PRESENTATION_STYLE_ASSIGNMENT((#1215));
#525=ADVANCED_FACE('120:11039',(#1216,#1217),#1218,.T.);
#526=PRESENTATION_STYLE_ASSIGNMENT((#1219));
#527=ADVANCED_FACE('120:11033',(#1220,#1221),#1222,.T.);
#528=PRESENTATION_STYLE_ASSIGNMENT((#1223));
#529=ADVANCED_FACE('120:11036',(#1224,#1225),#1226,.F.);
#530=PRESENTATION_STYLE_ASSIGNMENT((#1227));
#531=ADVANCED_FACE('120:11030',(#1228),#1229,.T.);
#532=PRESENTATION_STYLE_ASSIGNMENT((#1230));
#533=ADVANCED_FACE('120:11024',(#1231,#1232),#1233,.F.);
#534=PRESENTATION_STYLE_ASSIGNMENT((#1234));
#535=ADVANCED_FACE('120:11018',(#1235),#1236,.T.);
#536=PRESENTATION_STYLE_ASSIGNMENT((#1237));
#537=ADVANCED_FACE('120:11003',(#1238,#1239),#1240,.T.);
#538=PRESENTATION_STYLE_ASSIGNMENT((#1241));
#539=ADVANCED_FACE('120:11000',(#1242,#1243),#1244,.F.);
#540=PRESENTATION_STYLE_ASSIGNMENT((#1245));
#541=ADVANCED_FACE('120:10997',(#1246,#1247),#1248,.T.);
#542=PRESENTATION_STYLE_ASSIGNMENT((#1249));
#543=ADVANCED_FACE('120:10994',(#1250),#1251,.T.);
#544=PRESENTATION_STYLE_ASSIGNMENT((#1252));
#545=ADVANCED_FACE('120:11015',(#1253,#1254),#1255,.T.);
#546=PRESENTATION_STYLE_ASSIGNMENT((#1256));
#547=ADVANCED_FACE('120:11012',(#1257,#1258),#1259,.F.);
#548=PRESENTATION_STYLE_ASSIGNMENT((#1260));
#549=ADVANCED_FACE('120:11009',(#1261,#1262),#1263,.T.);
#550=PRESENTATION_STYLE_ASSIGNMENT((#1264));
#551=ADVANCED_FACE('120:11006',(#1265),#1266,.T.);
#552=PRESENTATION_STYLE_ASSIGNMENT((#1267));
#553=ADVANCED_FACE('120:11060',(#1268),#1269,.T.);
#554=PRESENTATION_STYLE_ASSIGNMENT((#1270));
#555=ADVANCED_FACE('120:11066',(#1271),#1272,.T.);
#556=PRESENTATION_STYLE_ASSIGNMENT((#1273));
#557=ADVANCED_FACE('120:10676',(#1274),#1275,.T.);
#558=PRESENTATION_STYLE_ASSIGNMENT((#1276));
#559=ADVANCED_FACE('120:11063',(#1277),#1278,.T.);
#560=PRESENTATION_STYLE_ASSIGNMENT((#1279));
#561=ADVANCED_FACE('120:10667',(#1280),#1281,.T.);
#562=PRESENTATION_STYLE_ASSIGNMENT((#1282));
#563=ADVANCED_FACE('120:11057',(#1283),#1284,.T.);
#564=PRESENTATION_STYLE_ASSIGNMENT((#1285));
#565=ADVANCED_FACE('120:10670',(#1286),#1287,.T.);
#566=PRESENTATION_STYLE_ASSIGNMENT((#1288));
#567=ADVANCED_FACE('120:10673',(#1289),#1290,.T.);
#568=PRESENTATION_STYLE_ASSIGNMENT((#1291));
#569=ADVANCED_FACE('120:10979',(#1292),#1293,.T.);
#570=PRESENTATION_STYLE_ASSIGNMENT((#1294));
#571=ADVANCED_FACE('412:55637',(#1295),#1296,.F.);
#572=PRESENTATION_STYLE_ASSIGNMENT((#1297));
#573=ADVANCED_FACE('120:10910',(#1298),#1299,.T.);
#574=PRESENTATION_STYLE_ASSIGNMENT((#1300));
#575=ADVANCED_FACE('164:7378',(#1301),#1302,.F.);
#576=PRESENTATION_STYLE_ASSIGNMENT((#1303));
#577=ADVANCED_FACE('420:920',(#1304,#1305),#1306,.F.);
#578=PRESENTATION_STYLE_ASSIGNMENT((#1307));
#579=ADVANCED_FACE('120:10916',(#1308,#1309),#1310,.F.);
#580=PRESENTATION_STYLE_ASSIGNMENT((#1311));
#581=ADVANCED_FACE('164:7118',(#1312),#1313,.T.);
#582=PRESENTATION_STYLE_ASSIGNMENT((#1314));
#583=ADVANCED_FACE('120:10904',(#1315),#1316,.T.);
#584=PRESENTATION_STYLE_ASSIGNMENT((#1317));
#585=ADVANCED_FACE('120:10901',(#1318,#1319),#1320,.T.);
#586=PRESENTATION_STYLE_ASSIGNMENT((#1321));
#587=ADVANCED_FACE('120:10922',(#1322,#1323),#1324,.F.);
#588=PRESENTATION_STYLE_ASSIGNMENT((#1325));
#589=ADVANCED_FACE('120:10919',(#1326),#1327,.T.);
#590=PRESENTATION_STYLE_ASSIGNMENT((#1328));
#591=ADVANCED_FACE('164:7124',(#1329),#1330,.T.);
#592=PRESENTATION_STYLE_ASSIGNMENT((#1331));
#593=ADVANCED_FACE('120:10913',(#1332),#1333,.T.);
#594=PRESENTATION_STYLE_ASSIGNMENT((#1334));
#595=ADVANCED_FACE('120:10865',(#1335),#1336,.T.);
#596=PRESENTATION_STYLE_ASSIGNMENT((#1337));
#597=ADVANCED_FACE('120:10868',(#1338),#1339,.T.);
#598=PRESENTATION_STYLE_ASSIGNMENT((#1340));
#599=ADVANCED_FACE('120:10871',(#1341),#1342,.T.);
#600=PRESENTATION_STYLE_ASSIGNMENT((#1343));
#601=ADVANCED_FACE('120:10796',(#1344,#1345),#1346,.F.);
#602=PRESENTATION_STYLE_ASSIGNMENT((#1347));
#603=ADVANCED_FACE('120:10838',(#1348),#1349,.T.);
#604=PRESENTATION_STYLE_ASSIGNMENT((#1350));
#605=ADVANCED_FACE('120:10841',(#1351),#1352,.T.);
#606=PRESENTATION_STYLE_ASSIGNMENT((#1353));
#607=ADVANCED_FACE('120:10811',(#1354,#1355),#1356,.F.);
#608=PRESENTATION_STYLE_ASSIGNMENT((#1357));
#609=ADVANCED_FACE('120:10898',(#1358),#1359,.T.);
#610=PRESENTATION_STYLE_ASSIGNMENT((#1360));
#611=ADVANCED_FACE('419:756',(#1361),#1362,.F.);
#612=PRESENTATION_STYLE_ASSIGNMENT((#1363));
#613=ADVANCED_FACE('419:759',(#1364),#1365,.T.);
#614=PRESENTATION_STYLE_ASSIGNMENT((#1366));
#615=ADVANCED_FACE('419:762',(#1367),#1368,.F.);
#616=PRESENTATION_STYLE_ASSIGNMENT((#1369));
#617=ADVANCED_FACE('419:955',(#1370),#1371,.T.);
#618=PRESENTATION_STYLE_ASSIGNMENT((#1372));
#619=ADVANCED_FACE('419:958',(#1373),#1374,.T.);
#620=PRESENTATION_STYLE_ASSIGNMENT((#1375));
#621=ADVANCED_FACE('419:961',(#1376),#1377,.F.);
#622=PRESENTATION_STYLE_ASSIGNMENT((#1378));
#623=ADVANCED_FACE('419:561',(#1379),#1380,.F.);
#624=PRESENTATION_STYLE_ASSIGNMENT((#1381));
#625=ADVANCED_FACE('419:564',(#1382),#1383,.T.);
#626=PRESENTATION_STYLE_ASSIGNMENT((#1384));
#627=ADVANCED_FACE('419:567',(#1385),#1386,.F.);
#628=PRESENTATION_STYLE_ASSIGNMENT((#1387));
#629=ADVANCED_FACE('172:91',(#1388),#1389,.T.);
#630=PRESENTATION_STYLE_ASSIGNMENT((#1390));
#631=ADVANCED_FACE('172:97',(#1391),#1392,.F.);
#632=PRESENTATION_STYLE_ASSIGNMENT((#1393));
#633=ADVANCED_FACE('172:100',(#1394),#1395,.T.);
#634=PRESENTATION_STYLE_ASSIGNMENT((#1396));
#635=ADVANCED_FACE('172:94',(#1397),#1398,.F.);
#636=PRESENTATION_STYLE_ASSIGNMENT((#1399));
#637=ADVANCED_FACE('172:88',(#1400),#1401,.T.);
#638=PRESENTATION_STYLE_ASSIGNMENT((#1402));
#639=ADVANCED_FACE('172:10',(#1403),#1404,.F.);
#640=PRESENTATION_STYLE_ASSIGNMENT((#1405));
#641=ADVANCED_FACE('172:7',(#1406),#1407,.T.);
#642=PRESENTATION_STYLE_ASSIGNMENT((#1408));
#643=ADVANCED_FACE('172:13',(#1409),#1410,.F.);
#644=PRESENTATION_STYLE_ASSIGNMENT((#1411));
#645=ADVANCED_FACE('412:57095',(#1412),#1413,.T.);
#646=PRESENTATION_STYLE_ASSIGNMENT((#1414));
#647=ADVANCED_FACE('172:37',(#1415),#1416,.F.);
#648=PRESENTATION_STYLE_ASSIGNMENT((#1417));
#649=ADVANCED_FACE('172:31',(#1418),#1419,.T.);
#650=PRESENTATION_STYLE_ASSIGNMENT((#1420));
#651=ADVANCED_FACE('172:25',(#1421),#1422,.F.);
#652=PRESENTATION_STYLE_ASSIGNMENT((#1423));
#653=ADVANCED_FACE('172:70',(#1424),#1425,.F.);
#654=PRESENTATION_STYLE_ASSIGNMENT((#1426));
#655=ADVANCED_FACE('172:76',(#1427),#1428,.T.);
#656=PRESENTATION_STYLE_ASSIGNMENT((#1429));
#657=ADVANCED_FACE('172:82',(#1430),#1431,.F.);
#658=PRESENTATION_STYLE_ASSIGNMENT((#1432));
#659=ADVANCED_FACE('419:8627',(#1433),#1434,.T.);
#660=PRESENTATION_STYLE_ASSIGNMENT((#1435));
#661=ADVANCED_FACE('419:378',(#1436),#1437,.F.);
#662=PRESENTATION_STYLE_ASSIGNMENT((#1438));
#663=ADVANCED_FACE('419:375',(#1439),#1440,.T.);
#664=PRESENTATION_STYLE_ASSIGNMENT((#1441));
#665=ADVANCED_FACE('419:372',(#1442),#1443,.T.);
#666=PRESENTATION_STYLE_ASSIGNMENT((#1444));
#667=ADVANCED_FACE('419:8491',(#1445),#1446,.T.);
#668=PRESENTATION_STYLE_ASSIGNMENT((#1447));
#669=ADVANCED_FACE('419:10',(#1448),#1449,.F.);
#670=PRESENTATION_STYLE_ASSIGNMENT((#1450));
#671=ADVANCED_FACE('419:13',(#1451),#1452,.T.);
#672=PRESENTATION_STYLE_ASSIGNMENT((#1453));
#673=ADVANCED_FACE('419:16',(#1454),#1455,.F.);
#674=PRESENTATION_STYLE_ASSIGNMENT((#1456));
#675=ADVANCED_FACE('184:558',(#1457),#1458,.T.);
#676=PRESENTATION_STYLE_ASSIGNMENT((#1459));
#677=ADVANCED_FACE('184:540',(#1460),#1461,.T.);
#678=PRESENTATION_STYLE_ASSIGNMENT((#1462));
#679=ADVANCED_FACE('419:29',(#1463),#1464,.F.);
#680=PRESENTATION_STYLE_ASSIGNMENT((#1465));
#681=ADVANCED_FACE('419:26',(#1466),#1467,.T.);
#682=PRESENTATION_STYLE_ASSIGNMENT((#1468));
#683=ADVANCED_FACE('419:23',(#1469),#1470,.T.);
#684=PRESENTATION_STYLE_ASSIGNMENT((#1471));
#685=ADVANCED_FACE('419:5963',(#1472,#1473,#1474,#1475),#1476,.F.);
#686=PRESENTATION_STYLE_ASSIGNMENT((#1477));
#687=ADVANCED_FACE('420:7',(#1478),#1479,.T.);
#688=PRESENTATION_STYLE_ASSIGNMENT((#1480));
#689=ADVANCED_FACE('420:751',(#1481),#1482,.T.);
#690=PRESENTATION_STYLE_ASSIGNMENT((#1483));
#691=ADVANCED_FACE('120:10700',(#1484,#1485),#1486,.F.);
#692=PRESENTATION_STYLE_ASSIGNMENT((#1487));
#693=ADVANCED_FACE('410:1148',(#1488),#1489,.T.);
#694=PRESENTATION_STYLE_ASSIGNMENT((#1490));
#695=ADVANCED_FACE('410:1154',(#1491),#1492,.F.);
#696=PRESENTATION_STYLE_ASSIGNMENT((#1493));
#697=ADVANCED_FACE('410:1160',(#1494),#1495,.T.);
#698=PRESENTATION_STYLE_ASSIGNMENT((#1496));
#699=ADVANCED_FACE('410:1157',(#1497),#1498,.T.);
#700=PRESENTATION_STYLE_ASSIGNMENT((#1499));
#701=ADVANCED_FACE('410:1163',(#1500),#1501,.F.);
#702=PRESENTATION_STYLE_ASSIGNMENT((#1502));
#703=ADVANCED_FACE('410:1169',(#1503),#1504,.T.);
#704=PRESENTATION_STYLE_ASSIGNMENT((#1505));
#705=ADVANCED_FACE('431:798',(#1506,#1507),#1508,.F.);
#706=PRESENTATION_STYLE_ASSIGNMENT((#1509));
#707=ADVANCED_FACE('120:10826',(#1510,#1511),#1512,.F.);
#708=PRESENTATION_STYLE_ASSIGNMENT((#1513));
#709=ADVANCED_FACE('120:10829',(#1514,#1515),#1516,.F.);
#710=PRESENTATION_STYLE_ASSIGNMENT((#1517));
#711=ADVANCED_FACE('120:10823',(#1518,#1519),#1520,.F.);
#712=PRESENTATION_STYLE_ASSIGNMENT((#1521));
#713=ADVANCED_FACE('419:7189',(#1522),#1523,.F.);
#714=PRESENTATION_STYLE_ASSIGNMENT((#1524));
#715=ADVANCED_FACE('120:10706',(#1525),#1526,.F.);
#716=PRESENTATION_STYLE_ASSIGNMENT((#1527));
#717=ADVANCED_FACE('120:10703',(#1528),#1529,.F.);
#718=PRESENTATION_STYLE_ASSIGNMENT((#1530));
#719=ADVANCED_FACE('120:10709',(#1531),#1532,.F.);
#720=PRESENTATION_STYLE_ASSIGNMENT((#1533));
#721=ADVANCED_FACE('120:10622',(#1534),#1535,.T.);
#722=PRESENTATION_STYLE_ASSIGNMENT((#1536));
#723=ADVANCED_FACE('120:11084',(#1537),#1538,.T.);
#724=PRESENTATION_STYLE_ASSIGNMENT((#1539));
#725=ADVANCED_FACE('120:10625',(#1540),#1541,.T.);
#726=PRESENTATION_STYLE_ASSIGNMENT((#1542));
#727=ADVANCED_FACE('120:11090',(#1543),#1544,.T.);
#728=PRESENTATION_STYLE_ASSIGNMENT((#1545));
#729=ADVANCED_FACE('147:2362',(#1546),#1547,.T.);
#730=PRESENTATION_STYLE_ASSIGNMENT((#1548));
#731=ADVANCED_FACE('120:11087',(#1549),#1550,.T.);
#732=PRESENTATION_STYLE_ASSIGNMENT((#1551));
#733=ADVANCED_FACE('120:10619',(#1552),#1553,.T.);
#734=PRESENTATION_STYLE_ASSIGNMENT((#1554));
#735=ADVANCED_FACE('120:10682',(#1555,#1556,#1557,#1558,#1559,#1560,#1561,#1562,#1563),#1564,.F.);
#736=PRESENTATION_STYLE_ASSIGNMENT((#1565));
#737=ADVANCED_FACE('120:10781',(#1566),#1567,.F.);
#738=PRESENTATION_STYLE_ASSIGNMENT((#1568));
#739=ADVANCED_FACE('120:10784',(#1569),#1570,.T.);
#740=PRESENTATION_STYLE_ASSIGNMENT((#1571));
#741=ADVANCED_FACE('120:10778',(#1572),#1573,.F.);
#742=PRESENTATION_STYLE_ASSIGNMENT((#1574));
#743=ADVANCED_FACE('120:10775',(#1575),#1576,.F.);
#744=PRESENTATION_STYLE_ASSIGNMENT((#1577));
#745=ADVANCED_FACE('120:10769',(#1578),#1579,.F.);
#746=PRESENTATION_STYLE_ASSIGNMENT((#1580));
#747=ADVANCED_FACE('120:10772',(#1581),#1582,.T.);
#748=PRESENTATION_STYLE_ASSIGNMENT((#1583));
#749=ADVANCED_FACE('120:10766',(#1584),#1585,.F.);
#750=PRESENTATION_STYLE_ASSIGNMENT((#1586));
#751=ADVANCED_FACE('120:10763',(#1587),#1588,.F.);
#752=PRESENTATION_STYLE_ASSIGNMENT((#1589));
#753=ADVANCED_FACE('120:10757',(#1590),#1591,.F.);
#754=PRESENTATION_STYLE_ASSIGNMENT((#1592));
#755=ADVANCED_FACE('120:10760',(#1593),#1594,.T.);
#756=PRESENTATION_STYLE_ASSIGNMENT((#1595));
#757=ADVANCED_FACE('120:10793',(#1596,#1597),#1598,.F.);
#758=PRESENTATION_STYLE_ASSIGNMENT((#1599));
#759=ADVANCED_FACE('120:10745',(#1600),#1601,.T.);
#760=PRESENTATION_STYLE_ASSIGNMENT((#1602));
#761=ADVANCED_FACE('120:10754',(#1603),#1604,.F.);
#762=PRESENTATION_STYLE_ASSIGNMENT((#1605));
#763=ADVANCED_FACE('120:10748',(#1606),#1607,.F.);
#764=PRESENTATION_STYLE_ASSIGNMENT((#1608));
#765=ADVANCED_FACE('120:10751',(#1609),#1610,.F.);
#766=PRESENTATION_STYLE_ASSIGNMENT((#1611));
#767=ADVANCED_FACE('120:10733',(#1612),#1613,.T.);
#768=PRESENTATION_STYLE_ASSIGNMENT((#1614));
#769=ADVANCED_FACE('120:10742',(#1615),#1616,.F.);
#770=PRESENTATION_STYLE_ASSIGNMENT((#1617));
#771=ADVANCED_FACE('120:10736',(#1618),#1619,.F.);
#772=PRESENTATION_STYLE_ASSIGNMENT((#1620));
#773=ADVANCED_FACE('120:10739',(#1621),#1622,.F.);
#774=PRESENTATION_STYLE_ASSIGNMENT((#1623));
#775=ADVANCED_FACE('120:10721',(#1624),#1625,.T.);
#776=PRESENTATION_STYLE_ASSIGNMENT((#1626));
#777=ADVANCED_FACE('120:10730',(#1627),#1628,.F.);
#778=PRESENTATION_STYLE_ASSIGNMENT((#1629));
#779=ADVANCED_FACE('120:10724',(#1630),#1631,.F.);
#780=PRESENTATION_STYLE_ASSIGNMENT((#1632));
#781=ADVANCED_FACE('120:10727',(#1633),#1634,.F.);
#782=PRESENTATION_STYLE_ASSIGNMENT((#1635));
#783=ADVANCED_FACE('120:10787',(#1636),#1637,.F.);
#784=PRESENTATION_STYLE_ASSIGNMENT((#1638));
#785=ADVANCED_FACE('120:10790',(#1639),#1640,.F.);
#786=PRESENTATION_STYLE_ASSIGNMENT((#1641));
#787=ADVANCED_FACE('120:10814',(#1642,#1643),#1644,.F.);
#788=PRESENTATION_STYLE_ASSIGNMENT((#1645));
#789=ADVANCED_FACE('120:10817',(#1646,#1647),#1648,.F.);
#790=PRESENTATION_STYLE_ASSIGNMENT((#1649));
#791=ADVANCED_FACE('120:10820',(#1650,#1651),#1652,.F.);
#792=PRESENTATION_STYLE_ASSIGNMENT((#1653));
#793=ADVANCED_FACE('120:10844',(#1654),#1655,.T.);
#794=PRESENTATION_STYLE_ASSIGNMENT((#1656));
#795=ADVANCED_FACE('120:10853',(#1657),#1658,.F.);
#796=PRESENTATION_STYLE_ASSIGNMENT((#1659));
#797=ADVANCED_FACE('120:10862',(#1660),#1661,.T.);
#798=PRESENTATION_STYLE_ASSIGNMENT((#1662));
#799=ADVANCED_FACE('120:10991',(#1663,#1664,#1665,#1666,#1667,#1668),#1669,.T.);
#800=PRESENTATION_STYLE_ASSIGNMENT((#1670));
#801=ADVANCED_FACE('171:11250',(#1671,#1672,#1673,#1674,#1675,#1676,#1677,#1678),#1679,.F.);
#802=PRESENTATION_STYLE_ASSIGNMENT((#1680));
#803=ADVANCED_FACE('171:11387',(#1681),#1682,.T.);
#804=PRESENTATION_STYLE_ASSIGNMENT((#1683));
#805=ADVANCED_FACE('183:463',(#1684),#1685,.F.);
#806=PRESENTATION_STYLE_ASSIGNMENT((#1686));
#807=ADVANCED_FACE('183:480',(#1687),#1688,.F.);
#808=PRESENTATION_STYLE_ASSIGNMENT((#1689));
#809=ADVANCED_FACE('412:53405',(#1690,#1691),#1692,.F.);
#810=PRESENTATION_STYLE_ASSIGNMENT((#1693));
#811=ADVANCED_FACE('120:11081',(#1694),#1695,.T.);
#812=PRESENTATION_STYLE_ASSIGNMENT((#1696));
#813=ADVANCED_FACE('416:6677',(#1697),#1698,.T.);
#814=PRESENTATION_STYLE_ASSIGNMENT((#1699));
#815=ADVANCED_FACE('416:6687',(#1700),#1701,.T.);
#816=PRESENTATION_STYLE_ASSIGNMENT((#1702));
#817=ADVANCED_FACE('120:10694',(#1703),#1704,.T.);
#818=PRESENTATION_STYLE_ASSIGNMENT((#1705));
#819=ADVANCED_FACE('120:10712',(#1706),#1707,.F.);
#820=PRESENTATION_STYLE_ASSIGNMENT((#1708));
#821=ADVANCED_FACE('120:10715',(#1709),#1710,.F.);
#822=PRESENTATION_STYLE_ASSIGNMENT((#1711));
#823=ADVANCED_FACE('120:10718',(#1712),#1713,.F.);
#824=PRESENTATION_STYLE_ASSIGNMENT((#1714));
#825=ADVANCED_FACE('8:40120',(#1715),#1716,.T.);
#826=PRESENTATION_STYLE_ASSIGNMENT((#1717));
#827=ADVANCED_FACE('8:40123',(#1718),#1719,.T.);
#828=PRESENTATION_STYLE_ASSIGNMENT((#1720));
#829=ADVANCED_FACE('8:40126',(#1721),#1722,.T.);
#830=PRESENTATION_STYLE_ASSIGNMENT((#1723));
#831=ADVANCED_FACE('8:40129',(#1724),#1725,.T.);
#832=PRESENTATION_STYLE_ASSIGNMENT((#1726));
#833=ADVANCED_FACE('8:40132',(#1727),#1728,.T.);
#834=PRESENTATION_STYLE_ASSIGNMENT((#1729));
#835=ADVANCED_FACE('157:22475',(#1730),#1731,.T.);
#836=PRESENTATION_STYLE_ASSIGNMENT((#1732));
#837=ADVANCED_FACE('8:40480',(#1733),#1734,.T.);
#838=PRESENTATION_STYLE_ASSIGNMENT((#1735));
#839=ADVANCED_FACE('8:40474',(#1736),#1737,.T.);
#840=PRESENTATION_STYLE_ASSIGNMENT((#1738));
#841=ADVANCED_FACE('8:40471',(#1739),#1740,.T.);
#842=PRESENTATION_STYLE_ASSIGNMENT((#1741));
#843=ADVANCED_FACE('8:40483',(#1742),#1743,.T.);
#844=PRESENTATION_STYLE_ASSIGNMENT((#1744));
#845=ADVANCED_FACE('157:22457',(#1745),#1746,.T.);
#846=PRESENTATION_STYLE_ASSIGNMENT((#1747));
#847=ADVANCED_FACE('8:40477',(#1748),#1749,.T.);
#848=PRESENTATION_STYLE_ASSIGNMENT((#1750));
#849=ADVANCED_FACE('8:40415',(#1751),#1752,.T.);
#850=PRESENTATION_STYLE_ASSIGNMENT((#1753));
#851=ADVANCED_FACE('8:40409',(#1754),#1755,.T.);
#852=PRESENTATION_STYLE_ASSIGNMENT((#1756));
#853=ADVANCED_FACE('8:40406',(#1757),#1758,.T.);
#854=PRESENTATION_STYLE_ASSIGNMENT((#1759));
#855=ADVANCED_FACE('8:40418',(#1760),#1761,.T.);
#856=PRESENTATION_STYLE_ASSIGNMENT((#1762));
#857=ADVANCED_FACE('157:22460',(#1763),#1764,.T.);
#858=PRESENTATION_STYLE_ASSIGNMENT((#1765));
#859=ADVANCED_FACE('8:40412',(#1766),#1767,.T.);
#860=PRESENTATION_STYLE_ASSIGNMENT((#1768));
#861=ADVANCED_FACE('8:40350',(#1769),#1770,.T.);
#862=PRESENTATION_STYLE_ASSIGNMENT((#1771));
#863=ADVANCED_FACE('8:40344',(#1772),#1773,.T.);
#864=PRESENTATION_STYLE_ASSIGNMENT((#1774));
#865=ADVANCED_FACE('8:40341',(#1775),#1776,.T.);
#866=PRESENTATION_STYLE_ASSIGNMENT((#1777));
#867=ADVANCED_FACE('8:40353',(#1778),#1779,.T.);
#868=PRESENTATION_STYLE_ASSIGNMENT((#1780));
#869=ADVANCED_FACE('157:22463',(#1781),#1782,.T.);
#870=PRESENTATION_STYLE_ASSIGNMENT((#1783));
#871=ADVANCED_FACE('8:40347',(#1784),#1785,.T.);
#872=PRESENTATION_STYLE_ASSIGNMENT((#1786));
#873=ADVANCED_FACE('157:22466',(#1787),#1788,.T.);
#874=PRESENTATION_STYLE_ASSIGNMENT((#1789));
#875=ADVANCED_FACE('8:40318',(#1790,#1791),#1792,.T.);
#876=PRESENTATION_STYLE_ASSIGNMENT((#1793));
#877=ADVANCED_FACE('8:40315',(#1794),#1795,.F.);
#878=PRESENTATION_STYLE_ASSIGNMENT((#1796));
#879=ADVANCED_FACE('8:40250',(#1797),#1798,.T.);
#880=PRESENTATION_STYLE_ASSIGNMENT((#1799));
#881=ADVANCED_FACE('8:40259',(#1800),#1801,.T.);
#882=PRESENTATION_STYLE_ASSIGNMENT((#1802));
#883=ADVANCED_FACE('8:40253',(#1803),#1804,.T.);
#884=PRESENTATION_STYLE_ASSIGNMENT((#1805));
#885=ADVANCED_FACE('8:40256',(#1806),#1807,.T.);
#886=PRESENTATION_STYLE_ASSIGNMENT((#1808));
#887=ADVANCED_FACE('8:40262',(#1809),#1810,.T.);
#888=PRESENTATION_STYLE_ASSIGNMENT((#1811));
#889=ADVANCED_FACE('157:22469',(#1812),#1813,.T.);
#890=PRESENTATION_STYLE_ASSIGNMENT((#1814));
#891=ADVANCED_FACE('8:40185',(#1815),#1816,.T.);
#892=PRESENTATION_STYLE_ASSIGNMENT((#1817));
#893=ADVANCED_FACE('8:40194',(#1818),#1819,.T.);
#894=PRESENTATION_STYLE_ASSIGNMENT((#1820));
#895=ADVANCED_FACE('8:40188',(#1821),#1822,.T.);
#896=PRESENTATION_STYLE_ASSIGNMENT((#1823));
#897=ADVANCED_FACE('8:40191',(#1824),#1825,.T.);
#898=PRESENTATION_STYLE_ASSIGNMENT((#1826));
#899=ADVANCED_FACE('8:40197',(#1827),#1828,.T.);
#900=PRESENTATION_STYLE_ASSIGNMENT((#1829));
#901=ADVANCED_FACE('157:22472',(#1830),#1831,.T.);
#904=LENGTH_MEASURE_WITH_UNIT(LENGTH_MEASURE(1.0),#1832);
#907=DIMENSIONAL_EXPONENTS(1.0,0.0,0.0,0.0,0.0,0.0,0.0);
#909=DIMENSIONAL_EXPONENTS(0.0,0.0,0.0,0.0,0.0,0.0,0.0);
#915=PRODUCT_CONTEXT('',#27,'mechanical');
#916=PRODUCT_DEFINITION_FORMATION_WITH_SPECIFIED_SOURCE(' ','NONE',#330,.NOT_KNOWN.);
#917=CARTESIAN_POINT('',(0.0,0.0,0.0));
#918=DIRECTION('',(0.0,0.0,1.0));
#919=DIRECTION('',(1.0,0.0,0.0));
#920=CARTESIAN_POINT('',(0.0,0.0,0.05));
#921=DIRECTION('',(0.0,0.0,1.0));
#922=DIRECTION('',(1.0,0.0,0.0));
#923=CARTESIAN_POINT('',(0.0,0.0,0.0));
#924=DIRECTION('',(0.0,0.0,1.0));
#925=DIRECTION('',(1.0,0.0,0.0));
#928=UNCERTAINTY_MEASURE_WITH_UNIT(LENGTH_MEASURE(1.0E-08),#930,'','');
#930= (CONVERSION_BASED_UNIT('METRE',#1835)LENGTH_UNIT()NAMED_UNIT(#1838));
#931= (NAMED_UNIT(#1840)PLANE_ANGLE_UNIT()SI_UNIT($,.RADIAN.));
#932= (NAMED_UNIT(#1840)SOLID_ANGLE_UNIT()SI_UNIT($,.STERADIAN.));
#934=PRODUCT_CONTEXT('',#32,'mechanical');
#935=PRODUCT_DEFINITION_FORMATION_WITH_SPECIFIED_SOURCE(' ','NONE',#336,.NOT_KNOWN.);
#936=CLOSED_SHELL('',(#369,#371,#373,#375,#377,#379,#381,#383,#385,#387,#389,#391,#393,#395,#397,#399,#401,#403,#405,#407,#409,#411,#413,#415,#417,#419,#421,#423,#425,#427,#429,#431,#433,#435,#437,#439,#441,#443,#445,#447,#449,#451,#453,#455,#457,#459,#461,#463,#465,#467,#469,#471,#473,#475,#477,#479,#481,#483,#485,#487,#489,#491,#493,#495,#497,#499,#501,#503,#505,#507,#509,#511,#513,#515,#517,#519,#521,#523,#525,#527,#529,#531,#533,#535,#537,#539,#541,#543,#545,#547,#549,#551,#553,#555,#557,#559,#561,#563,#565,#567,#569,#571,#573,#575,#577,#579,#581,#583,#585,#587,#589,#591,#593,#595,#597,#599,#601,#603,#605,#607,#609,#611,#613,#615,#617,#619,#621,#623,#625,#627,#629,#631,#633,#635,#637,#639,#641,#643,#645,#647,#649,#651,#653,#655,#657,#659,#661,#663,#665,#667,#669,#671,#673,#675,#677,#679,#681,#683,#685,#687,#689,#691,#693,#695,#697,#699,#701,#703,#705,#707,#709,#711,#713,#715,#717,#719,#721,#723,#725,#727,#729,#731,#733,#735,#737,#739,#741,#743,#745,#747,#749,#751,#753,#755,#757,#759,#761,#763,#765,#767,#769,#771,#773,#775,#777,#779,#781,#783,#785,#787,#789,#791,#793,#795,#797,#799,#801,#803,#805,#807,#809,#811,#813,#815,#817,#819,#821,#823));
#937=PRODUCT_CONTEXT('',#40,'mechanical');
#938=PRODUCT_DEFINITION_FORMATION_WITH_SPECIFIED_SOURCE(' ','NONE',#344,.NOT_KNOWN.);
#939=CARTESIAN_POINT('',(0.0,0.0,0.0));
#940=DIRECTION('',(0.0,0.0,1.0));
#941=DIRECTION('',(1.0,0.0,0.0));
#942=CARTESIAN_POINT('',(0.0,0.0045,0.1));
#943=DIRECTION('',(0.0,0.0,1.0));
#944=DIRECTION('',(1.0,0.0,0.0));
#947=UNCERTAINTY_MEASURE_WITH_UNIT(LENGTH_MEASURE(1.0E-08),#949,'','');
#949= (CONVERSION_BASED_UNIT('METRE',#1848)LENGTH_UNIT()NAMED_UNIT(#1851));
#950= (NAMED_UNIT(#1853)PLANE_ANGLE_UNIT()SI_UNIT($,.RADIAN.));
#951= (NAMED_UNIT(#1853)SOLID_ANGLE_UNIT()SI_UNIT($,.STERADIAN.));
#953=PRODUCT_CONTEXT('',#45,'mechanical');
#954=PRODUCT_DEFINITION_FORMATION_WITH_SPECIFIED_SOURCE(' ','NONE',#349,.NOT_KNOWN.);
#955=CLOSED_SHELL('',(#825,#827,#829,#831,#833,#835));
#956=CLOSED_SHELL('',(#837,#839,#841,#843,#845,#847));
#957=CLOSED_SHELL('',(#849,#851,#853,#855,#857,#859));
#958=CLOSED_SHELL('',(#861,#863,#865,#867,#869,#871));
#959=CLOSED_SHELL('',(#873,#875,#877));
#960=CLOSED_SHELL('',(#879,#881,#883,#885,#887,#889));
#961=CLOSED_SHELL('',(#891,#893,#895,#897,#899,#901));
#962=SURFACE_STYLE_USAGE(.BOTH.,#1859);
#963=FACE_OUTER_BOUND('',#1860,.T.);
#964=CYLINDRICAL_SURFACE('',#1861,0.00195);
#965=SURFACE_STYLE_USAGE(.BOTH.,#1862);
#966=FACE_OUTER_BOUND('',#1863,.T.);
#967=FACE_OUTER_BOUND('',#1864,.T.);
#968=CYLINDRICAL_SURFACE('',#1865,0.0014);
#969=SURFACE_STYLE_USAGE(.BOTH.,#1866);
#970=FACE_OUTER_BOUND('',#1867,.T.);
#971=CYLINDRICAL_SURFACE('',#1868,0.00195);
#972=SURFACE_STYLE_USAGE(.BOTH.,#1869);
#973=FACE_BOUND('',#1870,.T.);
#974=FACE_BOUND('',#1871,.T.);
#975=FACE_OUTER_BOUND('',#1872,.T.);
#976=FACE_BOUND('',#1873,.T.);
#977=PLANE('',#1874);
#978=SURFACE_STYLE_USAGE(.BOTH.,#1875);
#979=FACE_OUTER_BOUND('',#1876,.T.);
#980=PLANE('',#1877);
#981=SURFACE_STYLE_USAGE(.BOTH.,#1878);
#982=FACE_OUTER_BOUND('',#1879,.T.);
#983=FACE_OUTER_BOUND('',#1880,.T.);
#984=CYLINDRICAL_SURFACE('',#1881,0.0014);
#985=SURFACE_STYLE_USAGE(.BOTH.,#1882);
#986=FACE_OUTER_BOUND('',#1883,.T.);
#987=PLANE('',#1884);
#988=SURFACE_STYLE_USAGE(.BOTH.,#1885);
#989=FACE_OUTER_BOUND('',#1886,.T.);
#990=PLANE('',#1887);
#991=SURFACE_STYLE_USAGE(.BOTH.,#1888);
#992=FACE_OUTER_BOUND('',#1889,.T.);
#993=PLANE('',#1890);
#994=SURFACE_STYLE_USAGE(.BOTH.,#1891);
#995=FACE_OUTER_BOUND('',#1892,.T.);
#996=PLANE('',#1893);
#997=SURFACE_STYLE_USAGE(.BOTH.,#1894);
#998=FACE_OUTER_BOUND('',#1895,.T.);
#999=PLANE('',#1896);
#1000=SURFACE_STYLE_USAGE(.BOTH.,#1897);
#1001=FACE_OUTER_BOUND('',#1898,.T.);
#1002=PLANE('',#1899);
#1003=SURFACE_STYLE_USAGE(.BOTH.,#1900);
#1004=FACE_OUTER_BOUND('',#1901,.T.);
#1005=PLANE('',#1902);
#1006=SURFACE_STYLE_USAGE(.BOTH.,#1903);
#1007=FACE_OUTER_BOUND('',#1904,.T.);
#1008=PLANE('',#1905);
#1009=SURFACE_STYLE_USAGE(.BOTH.,#1906);
#1010=FACE_OUTER_BOUND('',#1907,.T.);
#1011=CYLINDRICAL_SURFACE('',#1908,0.00194999933505552);
#1012=SURFACE_STYLE_USAGE(.BOTH.,#1909);
#1013=FACE_OUTER_BOUND('',#1910,.T.);
#1014=CYLINDRICAL_SURFACE('',#1911,0.00194999933505552);
#1015=SURFACE_STYLE_USAGE(.BOTH.,#1912);
#1016=FACE_OUTER_BOUND('',#1913,.T.);
#1017=PLANE('',#1914);
#1018=SURFACE_STYLE_USAGE(.BOTH.,#1915);
#1019=FACE_OUTER_BOUND('',#1916,.T.);
#1020=PLANE('',#1917);
#1021=SURFACE_STYLE_USAGE(.BOTH.,#1918);
#1022=FACE_OUTER_BOUND('',#1919,.T.);
#1023=FACE_BOUND('',#1920,.T.);
#1024=PLANE('',#1921);
#1025=SURFACE_STYLE_USAGE(.BOTH.,#1922);
#1026=FACE_OUTER_BOUND('',#1923,.T.);
#1027=PLANE('',#1924);
#1028=SURFACE_STYLE_USAGE(.BOTH.,#1925);
#1029=FACE_BOUND('',#1926,.T.);
#1030=FACE_OUTER_BOUND('',#1927,.T.);
#1031=PLANE('',#1928);
#1032=SURFACE_STYLE_USAGE(.BOTH.,#1929);
#1033=FACE_OUTER_BOUND('',#1930,.T.);
#1034=PLANE('',#1931);
#1035=SURFACE_STYLE_USAGE(.BOTH.,#1932);
#1036=FACE_OUTER_BOUND('',#1933,.T.);
#1037=PLANE('',#1934);
#1038=SURFACE_STYLE_USAGE(.BOTH.,#1935);
#1039=FACE_OUTER_BOUND('',#1936,.T.);
#1040=PLANE('',#1937);
#1041=SURFACE_STYLE_USAGE(.BOTH.,#1938);
#1042=FACE_OUTER_BOUND('',#1939,.T.);
#1043=PLANE('',#1940);
#1044=SURFACE_STYLE_USAGE(.BOTH.,#1941);
#1045=FACE_OUTER_BOUND('',#1942,.T.);
#1046=PLANE('',#1943);
#1047=SURFACE_STYLE_USAGE(.BOTH.,#1944);
#1048=FACE_OUTER_BOUND('',#1945,.T.);
#1049=CYLINDRICAL_SURFACE('',#1946,0.0032);
#1050=SURFACE_STYLE_USAGE(.BOTH.,#1947);
#1051=FACE_OUTER_BOUND('',#1948,.T.);
#1052=PLANE('',#1949);
#1053=SURFACE_STYLE_USAGE(.BOTH.,#1950);
#1054=FACE_OUTER_BOUND('',#1951,.T.);
#1055=CYLINDRICAL_SURFACE('',#1952,0.0032);
#1056=SURFACE_STYLE_USAGE(.BOTH.,#1953);
#1057=FACE_OUTER_BOUND('',#1954,.T.);
#1058=PLANE('',#1955);
#1059=SURFACE_STYLE_USAGE(.BOTH.,#1956);
#1060=FACE_OUTER_BOUND('',#1957,.T.);
#1061=CYLINDRICAL_SURFACE('',#1958,0.00319999933505552);
#1062=SURFACE_STYLE_USAGE(.BOTH.,#1959);
#1063=FACE_OUTER_BOUND('',#1960,.T.);
#1064=PLANE('',#1961);
#1065=SURFACE_STYLE_USAGE(.BOTH.,#1962);
#1066=FACE_OUTER_BOUND('',#1963,.T.);
#1067=CYLINDRICAL_SURFACE('',#1964,0.00319999933505552);
#1068=SURFACE_STYLE_USAGE(.BOTH.,#1965);
#1069=FACE_OUTER_BOUND('',#1966,.T.);
#1070=FACE_BOUND('',#1967,.T.);
#1071=PLANE('',#1968);
#1072=SURFACE_STYLE_USAGE(.BOTH.,#1969);
#1073=FACE_OUTER_BOUND('',#1970,.T.);
#1074=PLANE('',#1971);
#1075=SURFACE_STYLE_USAGE(.BOTH.,#1972);
#1076=FACE_OUTER_BOUND('',#1973,.T.);
#1077=FACE_BOUND('',#1974,.T.);
#1078=PLANE('',#1975);
#1079=SURFACE_STYLE_USAGE(.BOTH.,#1976);
#1080=FACE_OUTER_BOUND('',#1977,.T.);
#1081=PLANE('',#1978);
#1082=SURFACE_STYLE_USAGE(.BOTH.,#1979);
#1083=FACE_OUTER_BOUND('',#1980,.T.);
#1084=PLANE('',#1981);
#1085=SURFACE_STYLE_USAGE(.BOTH.,#1982);
#1086=FACE_BOUND('',#1983,.T.);
#1087=FACE_OUTER_BOUND('',#1984,.T.);
#1088=PLANE('',#1985);
#1089=SURFACE_STYLE_USAGE(.BOTH.,#1986);
#1090=FACE_OUTER_BOUND('',#1987,.T.);
#1091=PLANE('',#1988);
#1092=SURFACE_STYLE_USAGE(.BOTH.,#1989);
#1093=FACE_OUTER_BOUND('',#1990,.T.);
#1094=PLANE('',#1991);
#1095=SURFACE_STYLE_USAGE(.BOTH.,#1992);
#1096=FACE_OUTER_BOUND('',#1993,.T.);
#1097=CYLINDRICAL_SURFACE('',#1994,0.001);
#1098=SURFACE_STYLE_USAGE(.BOTH.,#1995);
#1099=FACE_OUTER_BOUND('',#1996,.T.);
#1100=CYLINDRICAL_SURFACE('',#1997,0.001);
#1101=SURFACE_STYLE_USAGE(.BOTH.,#1998);
#1102=FACE_OUTER_BOUND('',#1999,.T.);
#1103=CYLINDRICAL_SURFACE('',#2000,0.00399999999599454);
#1104=SURFACE_STYLE_USAGE(.BOTH.,#2001);
#1105=FACE_OUTER_BOUND('',#2002,.T.);
#1106=FACE_OUTER_BOUND('',#2003,.T.);
#1107=CYLINDRICAL_SURFACE('',#2004,0.0014);
#1108=SURFACE_STYLE_USAGE(.BOTH.,#2005);
#1109=FACE_OUTER_BOUND('',#2006,.T.);
#1110=PLANE('',#2007);
#1111=SURFACE_STYLE_USAGE(.BOTH.,#2008);
#1112=FACE_OUTER_BOUND('',#2009,.T.);
#1113=FACE_OUTER_BOUND('',#2010,.T.);
#1114=CYLINDRICAL_SURFACE('',#2011,0.0014);
#1115=SURFACE_STYLE_USAGE(.BOTH.,#2012);
#1116=FACE_OUTER_BOUND('',#2013,.T.);
#1117=CYLINDRICAL_SURFACE('',#2014,0.0025);
#1118=SURFACE_STYLE_USAGE(.BOTH.,#2015);
#1119=FACE_OUTER_BOUND('',#2016,.T.);
#1120=PLANE('',#2017);
#1121=SURFACE_STYLE_USAGE(.BOTH.,#2018);
#1122=FACE_BOUND('',#2019,.T.);
#1123=FACE_OUTER_BOUND('',#2020,.T.);
#1124=PLANE('',#2021);
#1125=SURFACE_STYLE_USAGE(.BOTH.,#2022);
#1126=FACE_OUTER_BOUND('',#2023,.T.);
#1127=PLANE('',#2024);
#1128=SURFACE_STYLE_USAGE(.BOTH.,#2025);
#1129=FACE_OUTER_BOUND('',#2026,.T.);
#1130=PLANE('',#2027);
#1131=SURFACE_STYLE_USAGE(.BOTH.,#2028);
#1132=FACE_OUTER_BOUND('',#2029,.T.);
#1133=PLANE('',#2030);
#1134=SURFACE_STYLE_USAGE(.BOTH.,#2031);
#1135=FACE_OUTER_BOUND('',#2032,.T.);
#1136=CYLINDRICAL_SURFACE('',#2033,0.001);
#1137=SURFACE_STYLE_USAGE(.BOTH.,#2034);
#1138=FACE_OUTER_BOUND('',#2035,.T.);
#1139=PLANE('',#2036);
#1140=SURFACE_STYLE_USAGE(.BOTH.,#2037);
#1141=FACE_OUTER_BOUND('',#2038,.T.);
#1142=FACE_OUTER_BOUND('',#2039,.T.);
#1143=CYLINDRICAL_SURFACE('',#2040,0.0014);
#1144=SURFACE_STYLE_USAGE(.BOTH.,#2041);
#1145=FACE_OUTER_BOUND('',#2042,.T.);
#1146=CYLINDRICAL_SURFACE('',#2043,0.0025);
#1147=SURFACE_STYLE_USAGE(.BOTH.,#2044);
#1148=FACE_OUTER_BOUND('',#2045,.T.);
#1149=CYLINDRICAL_SURFACE('',#2046,0.00399999999599454);
#1150=SURFACE_STYLE_USAGE(.BOTH.,#2047);
#1151=FACE_OUTER_BOUND('',#2048,.T.);
#1152=FACE_OUTER_BOUND('',#2049,.T.);
#1153=CYLINDRICAL_SURFACE('',#2050,0.0014);
#1154=SURFACE_STYLE_USAGE(.BOTH.,#2051);
#1155=FACE_OUTER_BOUND('',#2052,.T.);
#1156=PLANE('',#2053);
#1157=SURFACE_STYLE_USAGE(.BOTH.,#2054);
#1158=FACE_OUTER_BOUND('',#2055,.T.);
#1159=PLANE('',#2056);
#1160=SURFACE_STYLE_USAGE(.BOTH.,#2057);
#1161=FACE_OUTER_BOUND('',#2058,.T.);
#1162=PLANE('',#2059);
#1163=SURFACE_STYLE_USAGE(.BOTH.,#2060);
#1164=FACE_OUTER_BOUND('',#2061,.T.);
#1165=PLANE('',#2062);
#1166=SURFACE_STYLE_USAGE(.BOTH.,#2063);
#1167=FACE_OUTER_BOUND('',#2064,.T.);
#1168=PLANE('',#2065);
#1169=SURFACE_STYLE_USAGE(.BOTH.,#2066);
#1170=FACE_OUTER_BOUND('',#2067,.T.);
#1171=PLANE('',#2068);
#1172=SURFACE_STYLE_USAGE(.BOTH.,#2069);
#1173=FACE_OUTER_BOUND('',#2070,.T.);
#1174=CYLINDRICAL_SURFACE('',#2071,0.001);
#1175=SURFACE_STYLE_USAGE(.BOTH.,#2072);
#1176=FACE_OUTER_BOUND('',#2073,.T.);
#1177=CYLINDRICAL_SURFACE('',#2074,0.001);
#1178=SURFACE_STYLE_USAGE(.BOTH.,#2075);
#1179=FACE_OUTER_BOUND('',#2076,.T.);
#1180=PLANE('',#2077);
#1181=SURFACE_STYLE_USAGE(.BOTH.,#2078);
#1182=FACE_OUTER_BOUND('',#2079,.T.);
#1183=FACE_OUTER_BOUND('',#2080,.T.);
#1184=CYLINDRICAL_SURFACE('',#2081,0.0014);
#1185=SURFACE_STYLE_USAGE(.BOTH.,#2082);
#1186=FACE_OUTER_BOUND('',#2083,.T.);
#1187=PLANE('',#2084);
#1188=SURFACE_STYLE_USAGE(.BOTH.,#2085);
#1189=FACE_OUTER_BOUND('',#2086,.T.);
#1190=FACE_OUTER_BOUND('',#2087,.T.);
#1191=CYLINDRICAL_SURFACE('',#2088,0.0014);
#1192=SURFACE_STYLE_USAGE(.BOTH.,#2089);
#1193=FACE_OUTER_BOUND('',#2090,.T.);
#1194=CYLINDRICAL_SURFACE('',#2091,0.0025);
#1195=SURFACE_STYLE_USAGE(.BOTH.,#2092);
#1196=FACE_OUTER_BOUND('',#2093,.T.);
#1197=CYLINDRICAL_SURFACE('',#2094,0.0025);
#1198=SURFACE_STYLE_USAGE(.BOTH.,#2095);
#1199=FACE_OUTER_BOUND('',#2096,.T.);
#1200=PLANE('',#2097);
#1201=SURFACE_STYLE_USAGE(.BOTH.,#2098);
#1202=FACE_OUTER_BOUND('',#2099,.T.);
#1203=CYLINDRICAL_SURFACE('',#2100,0.002);
#1204=SURFACE_STYLE_USAGE(.BOTH.,#2101);
#1205=FACE_OUTER_BOUND('',#2102,.T.);
#1206=CYLINDRICAL_SURFACE('',#2103,0.002);
#1207=SURFACE_STYLE_USAGE(.BOTH.,#2104);
#1208=FACE_OUTER_BOUND('',#2105,.T.);
#1209=FACE_OUTER_BOUND('',#2106,.T.);
#1210=CYLINDRICAL_SURFACE('',#2107,0.0023);
#1211=SURFACE_STYLE_USAGE(.BOTH.,#2108);
#1212=FACE_OUTER_BOUND('',#2109,.T.);
#1213=FACE_OUTER_BOUND('',#2110,.T.);
#1214=CYLINDRICAL_SURFACE('',#2111,0.0014);
#1215=SURFACE_STYLE_USAGE(.BOTH.,#2112);
#1216=FACE_OUTER_BOUND('',#2113,.T.);
#1217=FACE_OUTER_BOUND('',#2114,.T.);
#1218=CYLINDRICAL_SURFACE('',#2115,0.0023);
#1219=SURFACE_STYLE_USAGE(.BOTH.,#2116);
#1220=FACE_OUTER_BOUND('',#2117,.T.);
#1221=FACE_OUTER_BOUND('',#2118,.T.);
#1222=CYLINDRICAL_SURFACE('',#2119,0.0014);
#1223=SURFACE_STYLE_USAGE(.BOTH.,#2120);
#1224=FACE_OUTER_BOUND('',#2121,.T.);
#1225=FACE_BOUND('',#2122,.T.);
#1226=PLANE('',#2123);
#1227=SURFACE_STYLE_USAGE(.BOTH.,#2124);
#1228=FACE_OUTER_BOUND('',#2125,.T.);
#1229=PLANE('',#2126);
#1230=SURFACE_STYLE_USAGE(.BOTH.,#2127);
#1231=FACE_OUTER_BOUND('',#2128,.T.);
#1232=FACE_BOUND('',#2129,.T.);
#1233=PLANE('',#2130);
#1234=SURFACE_STYLE_USAGE(.BOTH.,#2131);
#1235=FACE_OUTER_BOUND('',#2132,.T.);
#1236=PLANE('',#2133);
#1237=SURFACE_STYLE_USAGE(.BOTH.,#2134);
#1238=FACE_OUTER_BOUND('',#2135,.T.);
#1239=FACE_OUTER_BOUND('',#2136,.T.);
#1240=CYLINDRICAL_SURFACE('',#2137,0.0023);
#1241=SURFACE_STYLE_USAGE(.BOTH.,#2138);
#1242=FACE_OUTER_BOUND('',#2139,.T.);
#1243=FACE_BOUND('',#2140,.T.);
#1244=PLANE('',#2141);
#1245=SURFACE_STYLE_USAGE(.BOTH.,#2142);
#1246=FACE_OUTER_BOUND('',#2143,.T.);
#1247=FACE_OUTER_BOUND('',#2144,.T.);
#1248=CYLINDRICAL_SURFACE('',#2145,0.0014);
#1249=SURFACE_STYLE_USAGE(.BOTH.,#2146);
#1250=FACE_OUTER_BOUND('',#2147,.T.);
#1251=PLANE('',#2148);
#1252=SURFACE_STYLE_USAGE(.BOTH.,#2149);
#1253=FACE_OUTER_BOUND('',#2150,.T.);
#1254=FACE_OUTER_BOUND('',#2151,.T.);
#1255=CYLINDRICAL_SURFACE('',#2152,0.0023);
#1256=SURFACE_STYLE_USAGE(.BOTH.,#2153);
#1257=FACE_OUTER_BOUND('',#2154,.T.);
#1258=FACE_BOUND('',#2155,.T.);
#1259=PLANE('',#2156);
#1260=SURFACE_STYLE_USAGE(.BOTH.,#2157);
#1261=FACE_OUTER_BOUND('',#2158,.T.);
#1262=FACE_OUTER_BOUND('',#2159,.T.);
#1263=CYLINDRICAL_SURFACE('',#2160,0.0014);
#1264=SURFACE_STYLE_USAGE(.BOTH.,#2161);
#1265=FACE_OUTER_BOUND('',#2162,.T.);
#1266=PLANE('',#2163);
#1267=SURFACE_STYLE_USAGE(.BOTH.,#2164);
#1268=FACE_OUTER_BOUND('',#2165,.T.);
#1269=PLANE('',#2166);
#1270=SURFACE_STYLE_USAGE(.BOTH.,#2167);
#1271=FACE_OUTER_BOUND('',#2168,.T.);
#1272=PLANE('',#2169);
#1273=SURFACE_STYLE_USAGE(.BOTH.,#2170);
#1274=FACE_OUTER_BOUND('',#2171,.T.);
#1275=PLANE('',#2172);
#1276=SURFACE_STYLE_USAGE(.BOTH.,#2173);
#1277=FACE_OUTER_BOUND('',#2174,.T.);
#1278=PLANE('',#2175);
#1279=SURFACE_STYLE_USAGE(.BOTH.,#2176);
#1280=FACE_OUTER_BOUND('',#2177,.T.);
#1281=PLANE('',#2178);
#1282=SURFACE_STYLE_USAGE(.BOTH.,#2179);
#1283=FACE_OUTER_BOUND('',#2180,.T.);
#1284=PLANE('',#2181);
#1285=SURFACE_STYLE_USAGE(.BOTH.,#2182);
#1286=FACE_OUTER_BOUND('',#2183,.T.);
#1287=PLANE('',#2184);
#1288=SURFACE_STYLE_USAGE(.BOTH.,#2185);
#1289=FACE_OUTER_BOUND('',#2186,.T.);
#1290=PLANE('',#2187);
#1291=SURFACE_STYLE_USAGE(.BOTH.,#2188);
#1292=FACE_OUTER_BOUND('',#2189,.T.);
#1293=PLANE('',#2190);
#1294=SURFACE_STYLE_USAGE(.BOTH.,#2191);
#1295=FACE_OUTER_BOUND('',#2192,.T.);
#1296=CYLINDRICAL_SURFACE('',#2193,0.002);
#1297=SURFACE_STYLE_USAGE(.BOTH.,#2194);
#1298=FACE_OUTER_BOUND('',#2195,.T.);
#1299=CYLINDRICAL_SURFACE('',#2196,0.005);
#1300=SURFACE_STYLE_USAGE(.BOTH.,#2197);
#1301=FACE_OUTER_BOUND('',#2198,.T.);
#1302=PLANE('',#2199);
#1303=SURFACE_STYLE_USAGE(.BOTH.,#2200);
#1304=FACE_OUTER_BOUND('',#2201,.T.);
#1305=FACE_BOUND('',#2202,.T.);
#1306=PLANE('',#2203);
#1307=SURFACE_STYLE_USAGE(.BOTH.,#2204);
#1308=FACE_OUTER_BOUND('',#2205,.T.);
#1309=FACE_OUTER_BOUND('',#2206,.T.);
#1310=CYLINDRICAL_SURFACE('',#2207,0.0014);
#1311=SURFACE_STYLE_USAGE(.BOTH.,#2208);
#1312=FACE_OUTER_BOUND('',#2209,.T.);
#1313=PLANE('',#2210);
#1314=SURFACE_STYLE_USAGE(.BOTH.,#2211);
#1315=FACE_OUTER_BOUND('',#2212,.T.);
#1316=CYLINDRICAL_SURFACE('',#2213,0.005);
#1317=SURFACE_STYLE_USAGE(.BOTH.,#2214);
#1318=FACE_BOUND('',#2215,.T.);
#1319=FACE_OUTER_BOUND('',#2216,.T.);
#1320=PLANE('',#2217);
#1321=SURFACE_STYLE_USAGE(.BOTH.,#2218);
#1322=FACE_OUTER_BOUND('',#2219,.T.);
#1323=FACE_OUTER_BOUND('',#2220,.T.);
#1324=CYLINDRICAL_SURFACE('',#2221,0.0014);
#1325=SURFACE_STYLE_USAGE(.BOTH.,#2222);
#1326=FACE_OUTER_BOUND('',#2223,.T.);
#1327=PLANE('',#2224);
#1328=SURFACE_STYLE_USAGE(.BOTH.,#2225);
#1329=FACE_OUTER_BOUND('',#2226,.T.);
#1330=PLANE('',#2227);
#1331=SURFACE_STYLE_USAGE(.BOTH.,#2228);
#1332=FACE_OUTER_BOUND('',#2229,.T.);
#1333=PLANE('',#2230);
#1334=SURFACE_STYLE_USAGE(.BOTH.,#2231);
#1335=FACE_OUTER_BOUND('',#2232,.T.);
#1336=PLANE('',#2233);
#1337=SURFACE_STYLE_USAGE(.BOTH.,#2234);
#1338=FACE_OUTER_BOUND('',#2235,.T.);
#1339=CYLINDRICAL_SURFACE('',#2236,0.00399999999599683);
#1340=SURFACE_STYLE_USAGE(.BOTH.,#2237);
#1341=FACE_OUTER_BOUND('',#2238,.T.);
#1342=PLANE('',#2239);
#1343=SURFACE_STYLE_USAGE(.BOTH.,#2240);
#1344=FACE_OUTER_BOUND('',#2241,.T.);
#1345=FACE_OUTER_BOUND('',#2242,.T.);
#1346=CYLINDRICAL_SURFACE('',#2243,0.0014);
#1347=SURFACE_STYLE_USAGE(.BOTH.,#2244);
#1348=FACE_OUTER_BOUND('',#2245,.T.);
#1349=CYLINDRICAL_SURFACE('',#2246,0.00399999999599683);
#1350=SURFACE_STYLE_USAGE(.BOTH.,#2247);
#1351=FACE_OUTER_BOUND('',#2248,.T.);
#1352=PLANE('',#2249);
#1353=SURFACE_STYLE_USAGE(.BOTH.,#2250);
#1354=FACE_OUTER_BOUND('',#2251,.T.);
#1355=FACE_OUTER_BOUND('',#2252,.T.);
#1356=CYLINDRICAL_SURFACE('',#2253,0.0014);
#1357=SURFACE_STYLE_USAGE(.BOTH.,#2254);
#1358=FACE_OUTER_BOUND('',#2255,.T.);
#1359=PLANE('',#2256);
#1360=SURFACE_STYLE_USAGE(.BOTH.,#2257);
#1361=FACE_OUTER_BOUND('',#2258,.T.);
#1362=PLANE('',#2259);
#1363=SURFACE_STYLE_USAGE(.BOTH.,#2260);
#1364=FACE_OUTER_BOUND('',#2261,.T.);
#1365=CONICAL_SURFACE('',#2262,0.00399999999599683,0.785398163397449);
#1366=SURFACE_STYLE_USAGE(.BOTH.,#2263);
#1367=FACE_OUTER_BOUND('',#2264,.T.);
#1368=PLANE('',#2265);
#1369=SURFACE_STYLE_USAGE(.BOTH.,#2266);
#1370=FACE_OUTER_BOUND('',#2267,.T.);
#1371=PLANE('',#2268);
#1372=SURFACE_STYLE_USAGE(.BOTH.,#2269);
#1373=FACE_OUTER_BOUND('',#2270,.T.);
#1374=CONICAL_SURFACE('',#2271,0.00399999999599454,0.785398163397448);
#1375=SURFACE_STYLE_USAGE(.BOTH.,#2272);
#1376=FACE_OUTER_BOUND('',#2273,.T.);
#1377=PLANE('',#2274);
#1378=SURFACE_STYLE_USAGE(.BOTH.,#2275);
#1379=FACE_OUTER_BOUND('',#2276,.T.);
#1380=PLANE('',#2277);
#1381=SURFACE_STYLE_USAGE(.BOTH.,#2278);
#1382=FACE_OUTER_BOUND('',#2279,.T.);
#1383=CONICAL_SURFACE('',#2280,0.005,0.785398163397451);
#1384=SURFACE_STYLE_USAGE(.BOTH.,#2281);
#1385=FACE_OUTER_BOUND('',#2282,.T.);
#1386=PLANE('',#2283);
#1387=SURFACE_STYLE_USAGE(.BOTH.,#2284);
#1388=FACE_OUTER_BOUND('',#2285,.T.);
#1389=PLANE('',#2286);
#1390=SURFACE_STYLE_USAGE(.BOTH.,#2287);
#1391=FACE_OUTER_BOUND('',#2288,.T.);
#1392=PLANE('',#2289);
#1393=SURFACE_STYLE_USAGE(.BOTH.,#2290);
#1394=FACE_OUTER_BOUND('',#2291,.T.);
#1395=CONICAL_SURFACE('',#2292,0.0025,0.785398163397446);
#1396=SURFACE_STYLE_USAGE(.BOTH.,#2293);
#1397=FACE_OUTER_BOUND('',#2294,.T.);
#1398=PLANE('',#2295);
#1399=SURFACE_STYLE_USAGE(.BOTH.,#2296);
#1400=FACE_OUTER_BOUND('',#2297,.T.);
#1401=PLANE('',#2298);
#1402=SURFACE_STYLE_USAGE(.BOTH.,#2299);
#1403=FACE_OUTER_BOUND('',#2300,.T.);
#1404=PLANE('',#2301);
#1405=SURFACE_STYLE_USAGE(.BOTH.,#2302);
#1406=FACE_OUTER_BOUND('',#2303,.T.);
#1407=CONICAL_SURFACE('',#2304,0.0025,0.78539816339745);
#1408=SURFACE_STYLE_USAGE(.BOTH.,#2305);
#1409=FACE_OUTER_BOUND('',#2306,.T.);
#1410=PLANE('',#2307);
#1411=SURFACE_STYLE_USAGE(.BOTH.,#2308);
#1412=FACE_OUTER_BOUND('',#2309,.T.);
#1413=PLANE('',#2310);
#1414=SURFACE_STYLE_USAGE(.BOTH.,#2311);
#1415=FACE_OUTER_BOUND('',#2312,.T.);
#1416=PLANE('',#2313);
#1417=SURFACE_STYLE_USAGE(.BOTH.,#2314);
#1418=FACE_OUTER_BOUND('',#2315,.T.);
#1419=CONICAL_SURFACE('',#2316,0.0025,0.785398163397448);
#1420=SURFACE_STYLE_USAGE(.BOTH.,#2317);
#1421=FACE_OUTER_BOUND('',#2318,.T.);
#1422=PLANE('',#2319);
#1423=SURFACE_STYLE_USAGE(.BOTH.,#2320);
#1424=FACE_OUTER_BOUND('',#2321,.T.);
#1425=PLANE('',#2322);
#1426=SURFACE_STYLE_USAGE(.BOTH.,#2323);
#1427=FACE_OUTER_BOUND('',#2324,.T.);
#1428=CONICAL_SURFACE('',#2325,0.0035,0.78539816339745);
#1429=SURFACE_STYLE_USAGE(.BOTH.,#2326);
#1430=FACE_OUTER_BOUND('',#2327,.T.);
#1431=PLANE('',#2328);
#1432=SURFACE_STYLE_USAGE(.BOTH.,#2329);
#1433=FACE_OUTER_BOUND('',#2330,.T.);
#1434=PLANE('',#2331);
#1435=SURFACE_STYLE_USAGE(.BOTH.,#2332);
#1436=FACE_OUTER_BOUND('',#2333,.T.);
#1437=PLANE('',#2334);
#1438=SURFACE_STYLE_USAGE(.BOTH.,#2335);
#1439=FACE_OUTER_BOUND('',#2336,.T.);
#1440=CONICAL_SURFACE('',#2337,0.005,0.785398163397448);
#1441=SURFACE_STYLE_USAGE(.BOTH.,#2338);
#1442=FACE_OUTER_BOUND('',#2339,.T.);
#1443=PLANE('',#2340);
#1444=SURFACE_STYLE_USAGE(.BOTH.,#2341);
#1445=FACE_OUTER_BOUND('',#2342,.T.);
#1446=PLANE('',#2343);
#1447=SURFACE_STYLE_USAGE(.BOTH.,#2344);
#1448=FACE_OUTER_BOUND('',#2345,.T.);
#1449=PLANE('',#2346);
#1450=SURFACE_STYLE_USAGE(.BOTH.,#2347);
#1451=FACE_OUTER_BOUND('',#2348,.T.);
#1452=CONICAL_SURFACE('',#2349,0.00399999999599683,0.785398163397449);
#1453=SURFACE_STYLE_USAGE(.BOTH.,#2350);
#1454=FACE_OUTER_BOUND('',#2351,.T.);
#1455=PLANE('',#2352);
#1456=SURFACE_STYLE_USAGE(.BOTH.,#2353);
#1457=FACE_OUTER_BOUND('',#2354,.T.);
#1458=PLANE('',#2355);
#1459=SURFACE_STYLE_USAGE(.BOTH.,#2356);
#1460=FACE_OUTER_BOUND('',#2357,.T.);
#1461=PLANE('',#2358);
#1462=SURFACE_STYLE_USAGE(.BOTH.,#2359);
#1463=FACE_OUTER_BOUND('',#2360,.T.);
#1464=PLANE('',#2361);
#1465=SURFACE_STYLE_USAGE(.BOTH.,#2362);
#1466=FACE_OUTER_BOUND('',#2363,.T.);
#1467=CONICAL_SURFACE('',#2364,0.00399999999599454,0.785398163397448);
#1468=SURFACE_STYLE_USAGE(.BOTH.,#2365);
#1469=FACE_OUTER_BOUND('',#2366,.T.);
#1470=PLANE('',#2367);
#1471=SURFACE_STYLE_USAGE(.BOTH.,#2368);
#1472=FACE_BOUND('',#2369,.T.);
#1473=FACE_BOUND('',#2370,.T.);
#1474=FACE_OUTER_BOUND('',#2371,.T.);
#1475=FACE_BOUND('',#2372,.T.);
#1476=PLANE('',#2373);
#1477=SURFACE_STYLE_USAGE(.BOTH.,#2374);
#1478=FACE_OUTER_BOUND('',#2375,.T.);
#1479=PLANE('',#2376);
#1480=SURFACE_STYLE_USAGE(.BOTH.,#2377);
#1481=FACE_OUTER_BOUND('',#2378,.T.);
#1482=PLANE('',#2379);
#1483=SURFACE_STYLE_USAGE(.BOTH.,#2380);
#1484=FACE_OUTER_BOUND('',#2381,.T.);
#1485=FACE_BOUND('',#2382,.T.);
#1486=PLANE('',#2383);
#1487=SURFACE_STYLE_USAGE(.BOTH.,#2384);
#1488=FACE_OUTER_BOUND('',#2385,.T.);
#1489=PLANE('',#2386);
#1490=SURFACE_STYLE_USAGE(.BOTH.,#2387);
#1491=FACE_OUTER_BOUND('',#2388,.T.);
#1492=PLANE('',#2389);
#1493=SURFACE_STYLE_USAGE(.BOTH.,#2390);
#1494=FACE_OUTER_BOUND('',#2391,.T.);
#1495=PLANE('',#2392);
#1496=SURFACE_STYLE_USAGE(.BOTH.,#2393);
#1497=FACE_OUTER_BOUND('',#2394,.T.);
#1498=PLANE('',#2395);
#1499=SURFACE_STYLE_USAGE(.BOTH.,#2396);
#1500=FACE_OUTER_BOUND('',#2397,.T.);
#1501=PLANE('',#2398);
#1502=SURFACE_STYLE_USAGE(.BOTH.,#2399);
#1503=FACE_OUTER_BOUND('',#2400,.T.);
#1504=PLANE('',#2401);
#1505=SURFACE_STYLE_USAGE(.BOTH.,#2402);
#1506=FACE_OUTER_BOUND('',#2403,.T.);
#1507=FACE_OUTER_BOUND('',#2404,.T.);
#1508=CYLINDRICAL_SURFACE('',#2405,0.006);
#1509=SURFACE_STYLE_USAGE(.BOTH.,#2406);
#1510=FACE_BOUND('',#2407,.T.);
#1511=FACE_OUTER_BOUND('',#2408,.T.);
#1512=PLANE('',#2409);
#1513=SURFACE_STYLE_USAGE(.BOTH.,#2410);
#1514=FACE_BOUND('',#2411,.T.);
#1515=FACE_OUTER_BOUND('',#2412,.T.);
#1516=PLANE('',#2413);
#1517=SURFACE_STYLE_USAGE(.BOTH.,#2414);
#1518=FACE_BOUND('',#2415,.T.);
#1519=FACE_OUTER_BOUND('',#2416,.T.);
#1520=PLANE('',#2417);
#1521=SURFACE_STYLE_USAGE(.BOTH.,#2418);
#1522=FACE_OUTER_BOUND('',#2419,.T.);
#1523=PLANE('',#2420);
#1524=SURFACE_STYLE_USAGE(.BOTH.,#2421);
#1525=FACE_OUTER_BOUND('',#2422,.T.);
#1526=PLANE('',#2423);
#1527=SURFACE_STYLE_USAGE(.BOTH.,#2424);
#1528=FACE_OUTER_BOUND('',#2425,.T.);
#1529=PLANE('',#2426);
#1530=SURFACE_STYLE_USAGE(.BOTH.,#2427);
#1531=FACE_OUTER_BOUND('',#2428,.T.);
#1532=PLANE('',#2429);
#1533=SURFACE_STYLE_USAGE(.BOTH.,#2430);
#1534=FACE_OUTER_BOUND('',#2431,.T.);
#1535=PLANE('',#2432);
#1536=SURFACE_STYLE_USAGE(.BOTH.,#2433);
#1537=FACE_OUTER_BOUND('',#2434,.T.);
#1538=PLANE('',#2435);
#1539=SURFACE_STYLE_USAGE(.BOTH.,#2436);
#1540=FACE_OUTER_BOUND('',#2437,.T.);
#1541=PLANE('',#2438);
#1542=SURFACE_STYLE_USAGE(.BOTH.,#2439);
#1543=FACE_OUTER_BOUND('',#2440,.T.);
#1544=PLANE('',#2441);
#1545=SURFACE_STYLE_USAGE(.BOTH.,#2442);
#1546=FACE_OUTER_BOUND('',#2443,.T.);
#1547=PLANE('',#2444);
#1548=SURFACE_STYLE_USAGE(.BOTH.,#2445);
#1549=FACE_OUTER_BOUND('',#2446,.T.);
#1550=PLANE('',#2447);
#1551=SURFACE_STYLE_USAGE(.BOTH.,#2448);
#1552=FACE_OUTER_BOUND('',#2449,.T.);
#1553=PLANE('',#2450);
#1554=SURFACE_STYLE_USAGE(.BOTH.,#2451);
#1555=FACE_OUTER_BOUND('',#2452,.T.);
#1556=FACE_BOUND('',#2453,.T.);
#1557=FACE_BOUND('',#2454,.T.);
#1558=FACE_BOUND('',#2455,.T.);
#1559=FACE_BOUND('',#2456,.T.);
#1560=FACE_BOUND('',#2457,.T.);
#1561=FACE_BOUND('',#2458,.T.);
#1562=FACE_BOUND('',#2459,.T.);
#1563=FACE_BOUND('',#2460,.T.);
#1564=PLANE('',#2461);
#1565=SURFACE_STYLE_USAGE(.BOTH.,#2462);
#1566=FACE_OUTER_BOUND('',#2463,.T.);
#1567=CYLINDRICAL_SURFACE('',#2464,0.001);
#1568=SURFACE_STYLE_USAGE(.BOTH.,#2465);
#1569=FACE_OUTER_BOUND('',#2466,.T.);
#1570=CYLINDRICAL_SURFACE('',#2467,0.018);
#1571=SURFACE_STYLE_USAGE(.BOTH.,#2468);
#1572=FACE_OUTER_BOUND('',#2469,.T.);
#1573=CYLINDRICAL_SURFACE('',#2470,0.014);
#1574=SURFACE_STYLE_USAGE(.BOTH.,#2471);
#1575=FACE_OUTER_BOUND('',#2472,.T.);
#1576=CYLINDRICAL_SURFACE('',#2473,0.001);
#1577=SURFACE_STYLE_USAGE(.BOTH.,#2474);
#1578=FACE_OUTER_BOUND('',#2475,.T.);
#1579=CYLINDRICAL_SURFACE('',#2476,0.001);
#1580=SURFACE_STYLE_USAGE(.BOTH.,#2477);
#1581=FACE_OUTER_BOUND('',#2478,.T.);
#1582=CYLINDRICAL_SURFACE('',#2479,0.012);
#1583=SURFACE_STYLE_USAGE(.BOTH.,#2480);
#1584=FACE_OUTER_BOUND('',#2481,.T.);
#1585=CYLINDRICAL_SURFACE('',#2482,0.009);
#1586=SURFACE_STYLE_USAGE(.BOTH.,#2483);
#1587=FACE_OUTER_BOUND('',#2484,.T.);
#1588=CYLINDRICAL_SURFACE('',#2485,0.001);
#1589=SURFACE_STYLE_USAGE(.BOTH.,#2486);
#1590=FACE_OUTER_BOUND('',#2487,.T.);
#1591=CYLINDRICAL_SURFACE('',#2488,0.001);
#1592=SURFACE_STYLE_USAGE(.BOTH.,#2489);
#1593=FACE_OUTER_BOUND('',#2490,.T.);
#1594=CYLINDRICAL_SURFACE('',#2491,0.007);
#1595=SURFACE_STYLE_USAGE(.BOTH.,#2492);
#1596=FACE_OUTER_BOUND('',#2493,.T.);
#1597=FACE_OUTER_BOUND('',#2494,.T.);
#1598=CYLINDRICAL_SURFACE('',#2495,0.003);
#1599=SURFACE_STYLE_USAGE(.BOTH.,#2496);
#1600=FACE_OUTER_BOUND('',#2497,.T.);
#1601=CYLINDRICAL_SURFACE('',#2498,0.007);
#1602=SURFACE_STYLE_USAGE(.BOTH.,#2499);
#1603=FACE_OUTER_BOUND('',#2500,.T.);
#1604=CYLINDRICAL_SURFACE('',#2501,0.001);
#1605=SURFACE_STYLE_USAGE(.BOTH.,#2502);
#1606=FACE_OUTER_BOUND('',#2503,.T.);
#1607=CYLINDRICAL_SURFACE('',#2504,0.000999999999999999);
#1608=SURFACE_STYLE_USAGE(.BOTH.,#2505);
#1609=FACE_OUTER_BOUND('',#2506,.T.);
#1610=CYLINDRICAL_SURFACE('',#2507,0.009);
#1611=SURFACE_STYLE_USAGE(.BOTH.,#2508);
#1612=FACE_OUTER_BOUND('',#2509,.T.);
#1613=CYLINDRICAL_SURFACE('',#2510,0.012);
#1614=SURFACE_STYLE_USAGE(.BOTH.,#2511);
#1615=FACE_OUTER_BOUND('',#2512,.T.);
#1616=CYLINDRICAL_SURFACE('',#2513,0.00100000000000001);
#1617=SURFACE_STYLE_USAGE(.BOTH.,#2514);
#1618=FACE_OUTER_BOUND('',#2515,.T.);
#1619=CYLINDRICAL_SURFACE('',#2516,0.000999999999999995);
#1620=SURFACE_STYLE_USAGE(.BOTH.,#2517);
#1621=FACE_OUTER_BOUND('',#2518,.T.);
#1622=CYLINDRICAL_SURFACE('',#2519,0.014);
#1623=SURFACE_STYLE_USAGE(.BOTH.,#2520);
#1624=FACE_OUTER_BOUND('',#2521,.T.);
#1625=CYLINDRICAL_SURFACE('',#2522,0.018);
#1626=SURFACE_STYLE_USAGE(.BOTH.,#2523);
#1627=FACE_OUTER_BOUND('',#2524,.T.);
#1628=CYLINDRICAL_SURFACE('',#2525,0.001);
#1629=SURFACE_STYLE_USAGE(.BOTH.,#2526);
#1630=FACE_OUTER_BOUND('',#2527,.T.);
#1631=CYLINDRICAL_SURFACE('',#2528,0.000999999999999994);
#1632=SURFACE_STYLE_USAGE(.BOTH.,#2529);
#1633=FACE_OUTER_BOUND('',#2530,.T.);
#1634=CYLINDRICAL_SURFACE('',#2531,0.02);
#1635=SURFACE_STYLE_USAGE(.BOTH.,#2532);
#1636=FACE_OUTER_BOUND('',#2533,.T.);
#1637=CYLINDRICAL_SURFACE('',#2534,0.001);
#1638=SURFACE_STYLE_USAGE(.BOTH.,#2535);
#1639=FACE_OUTER_BOUND('',#2536,.T.);
#1640=CYLINDRICAL_SURFACE('',#2537,0.02);
#1641=SURFACE_STYLE_USAGE(.BOTH.,#2538);
#1642=FACE_BOUND('',#2539,.T.);
#1643=FACE_OUTER_BOUND('',#2540,.T.);
#1644=PLANE('',#2541);
#1645=SURFACE_STYLE_USAGE(.BOTH.,#2542);
#1646=FACE_BOUND('',#2543,.T.);
#1647=FACE_OUTER_BOUND('',#2544,.T.);
#1648=PLANE('',#2545);
#1649=SURFACE_STYLE_USAGE(.BOTH.,#2546);
#1650=FACE_BOUND('',#2547,.T.);
#1651=FACE_OUTER_BOUND('',#2548,.T.);
#1652=PLANE('',#2549);
#1653=SURFACE_STYLE_USAGE(.BOTH.,#2550);
#1654=FACE_OUTER_BOUND('',#2551,.T.);
#1655=PLANE('',#2552);
#1656=SURFACE_STYLE_USAGE(.BOTH.,#2553);
#1657=FACE_OUTER_BOUND('',#2554,.T.);
#1658=PLANE('',#2555);
#1659=SURFACE_STYLE_USAGE(.BOTH.,#2556);
#1660=FACE_OUTER_BOUND('',#2557,.T.);
#1661=PLANE('',#2558);
#1662=SURFACE_STYLE_USAGE(.BOTH.,#2559);
#1663=FACE_BOUND('',#2560,.T.);
#1664=FACE_BOUND('',#2561,.T.);
#1665=FACE_BOUND('',#2562,.T.);
#1666=FACE_BOUND('',#2563,.T.);
#1667=FACE_BOUND('',#2564,.T.);
#1668=FACE_OUTER_BOUND('',#2565,.T.);
#1669=PLANE('',#2566);
#1670=SURFACE_STYLE_USAGE(.BOTH.,#2567);
#1671=FACE_OUTER_BOUND('',#2568,.T.);
#1672=FACE_BOUND('',#2569,.T.);
#1673=FACE_BOUND('',#2570,.T.);
#1674=FACE_BOUND('',#2571,.T.);
#1675=FACE_BOUND('',#2572,.T.);
#1676=FACE_BOUND('',#2573,.T.);
#1677=FACE_BOUND('',#2574,.T.);
#1678=FACE_BOUND('',#2575,.T.);
#1679=PLANE('',#2576);
#1680=SURFACE_STYLE_USAGE(.BOTH.,#2577);
#1681=FACE_OUTER_BOUND('',#2578,.T.);
#1682=PLANE('',#2579);
#1683=SURFACE_STYLE_USAGE(.BOTH.,#2580);
#1684=FACE_OUTER_BOUND('',#2581,.T.);
#1685=PLANE('',#2582);
#1686=SURFACE_STYLE_USAGE(.BOTH.,#2583);
#1687=FACE_OUTER_BOUND('',#2584,.T.);
#1688=PLANE('',#2585);
#1689=SURFACE_STYLE_USAGE(.BOTH.,#2586);
#1690=FACE_OUTER_BOUND('',#2587,.T.);
#1691=FACE_BOUND('',#2588,.T.);
#1692=PLANE('',#2589);
#1693=SURFACE_STYLE_USAGE(.BOTH.,#2590);
#1694=FACE_OUTER_BOUND('',#2591,.T.);
#1695=PLANE('',#2592);
#1696=SURFACE_STYLE_USAGE(.BOTH.,#2593);
#1697=FACE_OUTER_BOUND('',#2594,.T.);
#1698=PLANE('',#2595);
#1699=SURFACE_STYLE_USAGE(.BOTH.,#2596);
#1700=FACE_OUTER_BOUND('',#2597,.T.);
#1701=PLANE('',#2598);
#1702=SURFACE_STYLE_USAGE(.BOTH.,#2599);
#1703=FACE_OUTER_BOUND('',#2600,.T.);
#1704=PLANE('',#2601);
#1705=SURFACE_STYLE_USAGE(.BOTH.,#2602);
#1706=FACE_OUTER_BOUND('',#2603,.T.);
#1707=PLANE('',#2604);
#1708=SURFACE_STYLE_USAGE(.BOTH.,#2605);
#1709=FACE_OUTER_BOUND('',#2606,.T.);
#1710=PLANE('',#2607);
#1711=SURFACE_STYLE_USAGE(.BOTH.,#2608);
#1712=FACE_OUTER_BOUND('',#2609,.T.);
#1713=PLANE('',#2610);
#1714=SURFACE_STYLE_USAGE(.BOTH.,#2611);
#1715=FACE_OUTER_BOUND('',#2612,.T.);
#1716=PLANE('',#2613);
#1717=SURFACE_STYLE_USAGE(.BOTH.,#2614);
#1718=FACE_OUTER_BOUND('',#2615,.T.);
#1719=B_SPLINE_SURFACE_WITH_KNOTS('',3,1,((#2616,#2617,#2618),(#2619,#2620,#2621),(#2622,#2623,#2624),(#2625,#2626,#2627),(#2628,#2629,#2630),(#2631,#2632,#2633),(#2634,#2635,#2636),(#2637,#2638,#2639),(#2640,#2641,#2642),(#2643,#2644,#2645)),.UNSPECIFIED.,.F.,.F.,.F.,(4,2,2,2,4),(2,1,2),(0.0,0.25,0.5,0.75,1.0),(-2.33333333333293,0.0,1.0),.UNSPECIFIED.);
#1720=SURFACE_STYLE_USAGE(.BOTH.,#2646);
#1721=FACE_OUTER_BOUND('',#2647,.T.);
#1722=B_SPLINE_SURFACE_WITH_KNOTS('',3,1,((#2648,#2649,#2650),(#2651,#2652,#2653),(#2654,#2655,#2656),(#2657,#2658,#2659),(#2660,#2661,#2662),(#2663,#2664,#2665),(#2666,#2667,#2668),(#2669,#2670,#2671),(#2672,#2673,#2674),(#2675,#2676,#2677)),.UNSPECIFIED.,.F.,.F.,.F.,(4,2,2,2,4),(2,1,2),(0.0,0.25,0.5,0.75,1.0),(-2.33333333333292,0.0,1.0),.UNSPECIFIED.);
#1723=SURFACE_STYLE_USAGE(.BOTH.,#2678);
#1724=FACE_OUTER_BOUND('',#2679,.T.);
#1725=B_SPLINE_SURFACE_WITH_KNOTS('',3,1,((#2680,#2681,#2682),(#2683,#2684,#2685),(#2686,#2687,#2688),(#2689,#2690,#2691),(#2692,#2693,#2694),(#2695,#2696,#2697),(#2698,#2699,#2700),(#2701,#2702,#2703),(#2704,#2705,#2706),(#2707,#2708,#2709)),.UNSPECIFIED.,.F.,.F.,.F.,(4,2,2,2,4),(2,1,2),(0.0,0.25,0.5,0.75,1.0),(-2.33333333333292,0.0,1.0),.UNSPECIFIED.);
#1726=SURFACE_STYLE_USAGE(.BOTH.,#2710);
#1727=FACE_OUTER_BOUND('',#2711,.T.);
#1728=B_SPLINE_SURFACE_WITH_KNOTS('',3,1,((#2712,#2713,#2714),(#2715,#2716,#2717),(#2718,#2719,#2720),(#2721,#2722,#2723),(#2724,#2725,#2726),(#2727,#2728,#2729),(#2730,#2731,#2732),(#2733,#2734,#2735),(#2736,#2737,#2738),(#2739,#2740,#2741)),.UNSPECIFIED.,.F.,.F.,.F.,(4,2,2,2,4),(2,1,2),(0.0,0.25,0.5,0.75,1.0),(-2.33333333333293,0.0,1.0),.UNSPECIFIED.);
#1729=SURFACE_STYLE_USAGE(.BOTH.,#2742);
#1730=FACE_OUTER_BOUND('',#2743,.T.);
#1731=PLANE('',#2744);
#1732=SURFACE_STYLE_USAGE(.BOTH.,#2745);
#1733=FACE_OUTER_BOUND('',#2746,.T.);
#1734=B_SPLINE_SURFACE_WITH_KNOTS('',3,1,((#2747,#2748,#2749),(#2750,#2751,#2752),(#2753,#2754,#2755),(#2756,#2757,#2758),(#2759,#2760,#2761),(#2762,#2763,#2764),(#2765,#2766,#2767),(#2768,#2769,#2770),(#2771,#2772,#2773),(#2774,#2775,#2776)),.UNSPECIFIED.,.F.,.F.,.F.,(4,2,2,2,4),(2,1,2),(0.0,0.25,0.5,0.75,1.0),(-2.33333333333293,0.0,1.0),.UNSPECIFIED.);
#1735=SURFACE_STYLE_USAGE(.BOTH.,#2777);
#1736=FACE_OUTER_BOUND('',#2778,.T.);
#1737=B_SPLINE_SURFACE_WITH_KNOTS('',3,1,((#2779,#2780,#2781),(#2782,#2783,#2784),(#2785,#2786,#2787),(#2788,#2789,#2790),(#2791,#2792,#2793),(#2794,#2795,#2796),(#2797,#2798,#2799),(#2800,#2801,#2802),(#2803,#2804,#2805),(#2806,#2807,#2808)),.UNSPECIFIED.,.F.,.F.,.F.,(4,2,2,2,4),(2,1,2),(0.0,0.25,0.5,0.75,1.0),(-2.33333333333293,0.0,1.0),.UNSPECIFIED.);
#1738=SURFACE_STYLE_USAGE(.BOTH.,#2809);
#1739=FACE_OUTER_BOUND('',#2810,.T.);
#1740=PLANE('',#2811);
#1741=SURFACE_STYLE_USAGE(.BOTH.,#2812);
#1742=FACE_OUTER_BOUND('',#2813,.T.);
#1743=B_SPLINE_SURFACE_WITH_KNOTS('',3,1,((#2814,#2815,#2816),(#2817,#2818,#2819),(#2820,#2821,#2822),(#2823,#2824,#2825),(#2826,#2827,#2828),(#2829,#2830,#2831),(#2832,#2833,#2834),(#2835,#2836,#2837),(#2838,#2839,#2840),(#2841,#2842,#2843),(#2844,#2845,#2846),(#2847,#2848,#2849),(#2850,#2851,#2852)),.UNSPECIFIED.,.F.,.F.,.F.,(4,2,2,2,3,4),(2,1,2),(0.0,0.25,0.5,0.75,1.0,1.01),(-2.33333333333293,0.0,1.0),.UNSPECIFIED.);
#1744=SURFACE_STYLE_USAGE(.BOTH.,#2853);
#1745=FACE_OUTER_BOUND('',#2854,.T.);
#1746=PLANE('',#2855);
#1747=SURFACE_STYLE_USAGE(.BOTH.,#2856);
#1748=FACE_OUTER_BOUND('',#2857,.T.);
#1749=B_SPLINE_SURFACE_WITH_KNOTS('',3,1,((#2858,#2859,#2860),(#2861,#2862,#2863),(#2864,#2865,#2866),(#2867,#2868,#2869),(#2870,#2871,#2872),(#2873,#2874,#2875),(#2876,#2877,#2878),(#2879,#2880,#2881),(#2882,#2883,#2884),(#2885,#2886,#2887)),.UNSPECIFIED.,.F.,.F.,.F.,(4,2,2,2,4),(2,1,2),(0.0,0.25,0.5,0.75,1.0),(-2.33333333333293,0.0,1.0),.UNSPECIFIED.);
#1750=SURFACE_STYLE_USAGE(.BOTH.,#2888);
#1751=FACE_OUTER_BOUND('',#2889,.T.);
#1752=B_SPLINE_SURFACE_WITH_KNOTS('',3,1,((#2890,#2891,#2892),(#2893,#2894,#2895),(#2896,#2897,#2898),(#2899,#2900,#2901),(#2902,#2903,#2904),(#2905,#2906,#2907),(#2908,#2909,#2910),(#2911,#2912,#2913),(#2914,#2915,#2916),(#2917,#2918,#2919)),.UNSPECIFIED.,.F.,.F.,.F.,(4,2,2,2,4),(2,1,2),(0.0,0.25,0.5,0.75,1.0),(-2.33333333333293,0.0,1.0),.UNSPECIFIED.);
#1753=SURFACE_STYLE_USAGE(.BOTH.,#2920);
#1754=FACE_OUTER_BOUND('',#2921,.T.);
#1755=B_SPLINE_SURFACE_WITH_KNOTS('',3,1,((#2922,#2923,#2924),(#2925,#2926,#2927),(#2928,#2929,#2930),(#2931,#2932,#2933),(#2934,#2935,#2936),(#2937,#2938,#2939),(#2940,#2941,#2942),(#2943,#2944,#2945),(#2946,#2947,#2948),(#2949,#2950,#2951)),.UNSPECIFIED.,.F.,.F.,.F.,(4,2,2,2,4),(2,1,2),(0.0,0.25,0.5,0.75,1.0),(-2.33333333333293,0.0,1.0),.UNSPECIFIED.);
#1756=SURFACE_STYLE_USAGE(.BOTH.,#2952);
#1757=FACE_OUTER_BOUND('',#2953,.T.);
#1758=PLANE('',#2954);
#1759=SURFACE_STYLE_USAGE(.BOTH.,#2955);
#1760=FACE_OUTER_BOUND('',#2956,.T.);
#1761=B_SPLINE_SURFACE_WITH_KNOTS('',3,1,((#2957,#2958,#2959),(#2960,#2961,#2962),(#2963,#2964,#2965),(#2966,#2967,#2968),(#2969,#2970,#2971),(#2972,#2973,#2974),(#2975,#2976,#2977),(#2978,#2979,#2980),(#2981,#2982,#2983),(#2984,#2985,#2986),(#2987,#2988,#2989),(#2990,#2991,#2992),(#2993,#2994,#2995)),.UNSPECIFIED.,.F.,.F.,.F.,(4,2,2,2,3,4),(2,1,2),(0.0,0.25,0.5,0.75,1.0,1.01),(-2.33333333333293,0.0,1.0),.UNSPECIFIED.);
#1762=SURFACE_STYLE_USAGE(.BOTH.,#2996);
#1763=FACE_OUTER_BOUND('',#2997,.T.);
#1764=PLANE('',#2998);
#1765=SURFACE_STYLE_USAGE(.BOTH.,#2999);
#1766=FACE_OUTER_BOUND('',#3000,.T.);
#1767=B_SPLINE_SURFACE_WITH_KNOTS('',3,1,((#3001,#3002,#3003),(#3004,#3005,#3006),(#3007,#3008,#3009),(#3010,#3011,#3012),(#3013,#3014,#3015),(#3016,#3017,#3018),(#3019,#3020,#3021),(#3022,#3023,#3024),(#3025,#3026,#3027),(#3028,#3029,#3030)),.UNSPECIFIED.,.F.,.F.,.F.,(4,2,2,2,4),(2,1,2),(0.0,0.25,0.5,0.75,1.0),(-2.33333333333293,0.0,1.0),.UNSPECIFIED.);
#1768=SURFACE_STYLE_USAGE(.BOTH.,#3031);
#1769=FACE_OUTER_BOUND('',#3032,.T.);
#1770=B_SPLINE_SURFACE_WITH_KNOTS('',3,1,((#3033,#3034,#3035),(#3036,#3037,#3038),(#3039,#3040,#3041),(#3042,#3043,#3044),(#3045,#3046,#3047),(#3048,#3049,#3050),(#3051,#3052,#3053),(#3054,#3055,#3056),(#3057,#3058,#3059),(#3060,#3061,#3062)),.UNSPECIFIED.,.F.,.F.,.F.,(4,2,2,2,4),(2,1,2),(0.0,0.25,0.5,0.75,1.0),(-2.33333333333293,0.0,1.0),.UNSPECIFIED.);
#1771=SURFACE_STYLE_USAGE(.BOTH.,#3063);
#1772=FACE_OUTER_BOUND('',#3064,.T.);
#1773=B_SPLINE_SURFACE_WITH_KNOTS('',3,1,((#3065,#3066,#3067),(#3068,#3069,#3070),(#3071,#3072,#3073),(#3074,#3075,#3076),(#3077,#3078,#3079),(#3080,#3081,#3082),(#3083,#3084,#3085),(#3086,#3087,#3088),(#3089,#3090,#3091),(#3092,#3093,#3094)),.UNSPECIFIED.,.F.,.F.,.F.,(4,2,2,2,4),(2,1,2),(0.0,0.25,0.5,0.75,1.0),(-2.33333333333293,0.0,1.0),.UNSPECIFIED.);
#1774=SURFACE_STYLE_USAGE(.BOTH.,#3095);
#1775=FACE_OUTER_BOUND('',#3096,.T.);
#1776=PLANE('',#3097);
#1777=SURFACE_STYLE_USAGE(.BOTH.,#3098);
#1778=FACE_OUTER_BOUND('',#3099,.T.);
#1779=B_SPLINE_SURFACE_WITH_KNOTS('',3,1,((#3100,#3101,#3102),(#3103,#3104,#3105),(#3106,#3107,#3108),(#3109,#3110,#3111),(#3112,#3113,#3114),(#3115,#3116,#3117),(#3118,#3119,#3120),(#3121,#3122,#3123),(#3124,#3125,#3126),(#3127,#3128,#3129),(#3130,#3131,#3132),(#3133,#3134,#3135),(#3136,#3137,#3138)),.UNSPECIFIED.,.F.,.F.,.F.,(4,2,2,2,3,4),(2,1,2),(0.0,0.25,0.5,0.75,1.0,1.01),(-2.33333333333293,0.0,1.0),.UNSPECIFIED.);
#1780=SURFACE_STYLE_USAGE(.BOTH.,#3139);
#1781=FACE_OUTER_BOUND('',#3140,.T.);
#1782=PLANE('',#3141);
#1783=SURFACE_STYLE_USAGE(.BOTH.,#3142);
#1784=FACE_OUTER_BOUND('',#3143,.T.);
#1785=B_SPLINE_SURFACE_WITH_KNOTS('',3,1,((#3144,#3145,#3146),(#3147,#3148,#3149),(#3150,#3151,#3152),(#3153,#3154,#3155),(#3156,#3157,#3158),(#3159,#3160,#3161),(#3162,#3163,#3164),(#3165,#3166,#3167),(#3168,#3169,#3170),(#3171,#3172,#3173)),.UNSPECIFIED.,.F.,.F.,.F.,(4,2,2,2,4),(2,1,2),(0.0,0.25,0.5,0.75,1.0),(-2.33333333333293,0.0,1.0),.UNSPECIFIED.);
#1786=SURFACE_STYLE_USAGE(.BOTH.,#3174);
#1787=FACE_OUTER_BOUND('',#3175,.T.);
#1788=PLANE('',#3176);
#1789=SURFACE_STYLE_USAGE(.BOTH.,#3177);
#1790=FACE_OUTER_BOUND('',#3178,.T.);
#1791=FACE_OUTER_BOUND('',#3179,.T.);
#1792=CYLINDRICAL_SURFACE('',#3180,0.003);
#1793=SURFACE_STYLE_USAGE(.BOTH.,#3181);
#1794=FACE_OUTER_BOUND('',#3182,.T.);
#1795=PLANE('',#3183);
#1796=SURFACE_STYLE_USAGE(.BOTH.,#3184);
#1797=FACE_OUTER_BOUND('',#3185,.T.);
#1798=PLANE('',#3186);
#1799=SURFACE_STYLE_USAGE(.BOTH.,#3187);
#1800=FACE_OUTER_BOUND('',#3188,.T.);
#1801=B_SPLINE_SURFACE_WITH_KNOTS('',3,1,((#3189,#3190,#3191),(#3192,#3193,#3194),(#3195,#3196,#3197),(#3198,#3199,#3200),(#3201,#3202,#3203),(#3204,#3205,#3206),(#3207,#3208,#3209),(#3210,#3211,#3212),(#3213,#3214,#3215),(#3216,#3217,#3218)),.UNSPECIFIED.,.F.,.F.,.F.,(4,2,2,2,4),(2,1,2),(0.0,0.25,0.5,0.75,1.0),(-2.33333333333293,0.0,1.0),.UNSPECIFIED.);
#1802=SURFACE_STYLE_USAGE(.BOTH.,#3219);
#1803=FACE_OUTER_BOUND('',#3220,.T.);
#1804=B_SPLINE_SURFACE_WITH_KNOTS('',3,1,((#3221,#3222,#3223),(#3224,#3225,#3226),(#3227,#3228,#3229),(#3230,#3231,#3232),(#3233,#3234,#3235),(#3236,#3237,#3238),(#3239,#3240,#3241),(#3242,#3243,#3244),(#3245,#3246,#3247),(#3248,#3249,#3250)),.UNSPECIFIED.,.F.,.F.,.F.,(4,2,2,2,4),(2,1,2),(0.0,0.25,0.5,0.75,1.0),(-2.33333333333293,0.0,1.0),.UNSPECIFIED.);
#1805=SURFACE_STYLE_USAGE(.BOTH.,#3251);
#1806=FACE_OUTER_BOUND('',#3252,.T.);
#1807=B_SPLINE_SURFACE_WITH_KNOTS('',3,1,((#3253,#3254,#3255),(#3256,#3257,#3258),(#3259,#3260,#3261),(#3262,#3263,#3264),(#3265,#3266,#3267),(#3268,#3269,#3270),(#3271,#3272,#3273),(#3274,#3275,#3276),(#3277,#3278,#3279),(#3280,#3281,#3282)),.UNSPECIFIED.,.F.,.F.,.F.,(4,2,2,2,4),(2,1,2),(0.0,0.25,0.5,0.75,1.0),(-2.33333333333293,0.0,1.0),.UNSPECIFIED.);
#1808=SURFACE_STYLE_USAGE(.BOTH.,#3283);
#1809=FACE_OUTER_BOUND('',#3284,.T.);
#1810=B_SPLINE_SURFACE_WITH_KNOTS('',3,1,((#3285,#3286,#3287),(#3288,#3289,#3290),(#3291,#3292,#3293),(#3294,#3295,#3296),(#3297,#3298,#3299),(#3300,#3301,#3302),(#3303,#3304,#3305),(#3306,#3307,#3308),(#3309,#3310,#3311),(#3312,#3313,#3314)),.UNSPECIFIED.,.F.,.F.,.F.,(4,2,2,2,4),(2,1,2),(0.0,0.25,0.5,0.75,1.0),(-2.33333333333293,0.0,1.0),.UNSPECIFIED.);
#1811=SURFACE_STYLE_USAGE(.BOTH.,#3315);
#1812=FACE_OUTER_BOUND('',#3316,.T.);
#1813=PLANE('',#3317);
#1814=SURFACE_STYLE_USAGE(.BOTH.,#3318);
#1815=FACE_OUTER_BOUND('',#3319,.T.);
#1816=PLANE('',#3320);
#1817=SURFACE_STYLE_USAGE(.BOTH.,#3321);
#1818=FACE_OUTER_BOUND('',#3322,.T.);
#1819=B_SPLINE_SURFACE_WITH_KNOTS('',3,1,((#3323,#3324,#3325),(#3326,#3327,#3328),(#3329,#3330,#3331),(#3332,#3333,#3334),(#3335,#3336,#3337),(#3338,#3339,#3340),(#3341,#3342,#3343),(#3344,#3345,#3346),(#3347,#3348,#3349),(#3350,#3351,#3352)),.UNSPECIFIED.,.F.,.F.,.F.,(4,2,2,2,4),(2,1,2),(0.0,0.25,0.5,0.75,1.0),(-2.33333333333293,0.0,1.0),.UNSPECIFIED.);
#1820=SURFACE_STYLE_USAGE(.BOTH.,#3353);
#1821=FACE_OUTER_BOUND('',#3354,.T.);
#1822=B_SPLINE_SURFACE_WITH_KNOTS('',3,1,((#3355,#3356,#3357),(#3358,#3359,#3360),(#3361,#3362,#3363),(#3364,#3365,#3366),(#3367,#3368,#3369),(#3370,#3371,#3372),(#3373,#3374,#3375),(#3376,#3377,#3378),(#3379,#3380,#3381),(#3382,#3383,#3384)),.UNSPECIFIED.,.F.,.F.,.F.,(4,2,2,2,4),(2,1,2),(0.0,0.25,0.5,0.75,1.0),(-2.33333333333293,0.0,1.0),.UNSPECIFIED.);
#1823=SURFACE_STYLE_USAGE(.BOTH.,#3385);
#1824=FACE_OUTER_BOUND('',#3386,.T.);
#1825=B_SPLINE_SURFACE_WITH_KNOTS('',3,1,((#3387,#3388,#3389),(#3390,#3391,#3392),(#3393,#3394,#3395),(#3396,#3397,#3398),(#3399,#3400,#3401),(#3402,#3403,#3404),(#3405,#3406,#3407),(#3408,#3409,#3410),(#3411,#3412,#3413),(#3414,#3415,#3416)),.UNSPECIFIED.,.F.,.F.,.F.,(4,2,2,2,4),(2,1,2),(0.0,0.25,0.5,0.75,1.0),(-2.33333333333293,0.0,1.0),.UNSPECIFIED.);
#1826=SURFACE_STYLE_USAGE(.BOTH.,#3417);
#1827=FACE_OUTER_BOUND('',#3418,.T.);
#1828=B_SPLINE_SURFACE_WITH_KNOTS('',3,1,((#3419,#3420,#3421),(#3422,#3423,#3424),(#3425,#3426,#3427),(#3428,#3429,#3430),(#3431,#3432,#3433),(#3434,#3435,#3436),(#3437,#3438,#3439),(#3440,#3441,#3442),(#3443,#3444,#3445),(#3446,#3447,#3448)),.UNSPECIFIED.,.F.,.F.,.F.,(4,2,2,2,4),(2,1,2),(0.0,0.25,0.5,0.75,1.0),(-2.33333333333293,0.0,1.0),.UNSPECIFIED.);
#1829=SURFACE_STYLE_USAGE(.BOTH.,#3449);
#1830=FACE_OUTER_BOUND('',#3450,.T.);
#1831=PLANE('',#3451);
#1832= (NAMED_UNIT(#907)LENGTH_UNIT()SI_UNIT($,.METRE.));
#1835=LENGTH_MEASURE_WITH_UNIT(LENGTH_MEASURE(1.0),#3453);
#1838=DIMENSIONAL_EXPONENTS(1.0,0.0,0.0,0.0,0.0,0.0,0.0);
#1840=DIMENSIONAL_EXPONENTS(0.0,0.0,0.0,0.0,0.0,0.0,0.0);
#1848=LENGTH_MEASURE_WITH_UNIT(LENGTH_MEASURE(1.0),#3454);
#1851=DIMENSIONAL_EXPONENTS(1.0,0.0,0.0,0.0,0.0,0.0,0.0);
#1853=DIMENSIONAL_EXPONENTS(0.0,0.0,0.0,0.0,0.0,0.0,0.0);
#1859=SURFACE_SIDE_STYLE('',(#3455));
#1860=EDGE_LOOP('',(#3456,#3457,#3458,#3459));
#1861=AXIS2_PLACEMENT_3D('',#3460,#3461,#3462);
#1862=SURFACE_SIDE_STYLE('',(#3463));
#1863=EDGE_LOOP('',(#3464));
#1864=EDGE_LOOP('',(#3465));
#1865=AXIS2_PLACEMENT_3D('',#3466,#3467,#3468);
#1866=SURFACE_SIDE_STYLE('',(#3469));
#1867=EDGE_LOOP('',(#3470,#3471,#3472,#3473));
#1868=AXIS2_PLACEMENT_3D('',#3474,#3475,#3476);
#1869=SURFACE_SIDE_STYLE('',(#3477));
#1870=EDGE_LOOP('',(#3478));
#1871=EDGE_LOOP('',(#3479));
#1872=EDGE_LOOP('',(#3480,#3481,#3482,#3483,#3484,#3485,#3486,#3487));
#1873=EDGE_LOOP('',(#3488,#3489,#3490,#3491));
#1874=AXIS2_PLACEMENT_3D('',#3492,#3493,#3494);
#1875=SURFACE_SIDE_STYLE('',(#3495));
#1876=EDGE_LOOP('',(#3496,#3497,#3498,#3499));
#1877=AXIS2_PLACEMENT_3D('',#3500,#3501,#3502);
#1878=SURFACE_SIDE_STYLE('',(#3503));
#1879=EDGE_LOOP('',(#3504));
#1880=EDGE_LOOP('',(#3505));
#1881=AXIS2_PLACEMENT_3D('',#3506,#3507,#3508);
#1882=SURFACE_SIDE_STYLE('',(#3509));
#1883=EDGE_LOOP('',(#3510,#3511,#3512,#3513));
#1884=AXIS2_PLACEMENT_3D('',#3514,#3515,#3516);
#1885=SURFACE_SIDE_STYLE('',(#3517));
#1886=EDGE_LOOP('',(#3518,#3519,#3520,#3521));
#1887=AXIS2_PLACEMENT_3D('',#3522,#3523,#3524);
#1888=SURFACE_SIDE_STYLE('',(#3525));
#1889=EDGE_LOOP('',(#3526,#3527,#3528,#3529));
#1890=AXIS2_PLACEMENT_3D('',#3530,#3531,#3532);
#1891=SURFACE_SIDE_STYLE('',(#3533));
#1892=EDGE_LOOP('',(#3534,#3535,#3536,#3537));
#1893=AXIS2_PLACEMENT_3D('',#3538,#3539,#3540);
#1894=SURFACE_SIDE_STYLE('',(#3541));
#1895=EDGE_LOOP('',(#3542,#3543,#3544,#3545));
#1896=AXIS2_PLACEMENT_3D('',#3546,#3547,#3548);
#1897=SURFACE_SIDE_STYLE('',(#3549));
#1898=EDGE_LOOP('',(#3550,#3551,#3552,#3553));
#1899=AXIS2_PLACEMENT_3D('',#3554,#3555,#3556);
#1900=SURFACE_SIDE_STYLE('',(#3557));
#1901=EDGE_LOOP('',(#3558,#3559,#3560,#3561));
#1902=AXIS2_PLACEMENT_3D('',#3562,#3563,#3564);
#1903=SURFACE_SIDE_STYLE('',(#3565));
#1904=EDGE_LOOP('',(#3566,#3567,#3568,#3569));
#1905=AXIS2_PLACEMENT_3D('',#3570,#3571,#3572);
#1906=SURFACE_SIDE_STYLE('',(#3573));
#1907=EDGE_LOOP('',(#3574,#3575,#3576,#3577));
#1908=AXIS2_PLACEMENT_3D('',#3578,#3579,#3580);
#1909=SURFACE_SIDE_STYLE('',(#3581));
#1910=EDGE_LOOP('',(#3582,#3583,#3584,#3585));
#1911=AXIS2_PLACEMENT_3D('',#3586,#3587,#3588);
#1912=SURFACE_SIDE_STYLE('',(#3589));
#1913=EDGE_LOOP('',(#3590,#3591,#3592,#3593));
#1914=AXIS2_PLACEMENT_3D('',#3594,#3595,#3596);
#1915=SURFACE_SIDE_STYLE('',(#3597));
#1916=EDGE_LOOP('',(#3598,#3599,#3600,#3601));
#1917=AXIS2_PLACEMENT_3D('',#3602,#3603,#3604);
#1918=SURFACE_SIDE_STYLE('',(#3605));
#1919=EDGE_LOOP('',(#3606,#3607,#3608,#3609));
#1920=EDGE_LOOP('',(#3610));
#1921=AXIS2_PLACEMENT_3D('',#3611,#3612,#3613);
#1922=SURFACE_SIDE_STYLE('',(#3614));
#1923=EDGE_LOOP('',(#3615,#3616,#3617,#3618));
#1924=AXIS2_PLACEMENT_3D('',#3619,#3620,#3621);
#1925=SURFACE_SIDE_STYLE('',(#3622));
#1926=EDGE_LOOP('',(#3623));
#1927=EDGE_LOOP('',(#3624,#3625,#3626,#3627));
#1928=AXIS2_PLACEMENT_3D('',#3628,#3629,#3630);
#1929=SURFACE_SIDE_STYLE('',(#3631));
#1930=EDGE_LOOP('',(#3632,#3633,#3634,#3635));
#1931=AXIS2_PLACEMENT_3D('',#3636,#3637,#3638);
#1932=SURFACE_SIDE_STYLE('',(#3639));
#1933=EDGE_LOOP('',(#3640,#3641,#3642,#3643));
#1934=AXIS2_PLACEMENT_3D('',#3644,#3645,#3646);
#1935=SURFACE_SIDE_STYLE('',(#3647));
#1936=EDGE_LOOP('',(#3648,#3649,#3650,#3651));
#1937=AXIS2_PLACEMENT_3D('',#3652,#3653,#3654);
#1938=SURFACE_SIDE_STYLE('',(#3655));
#1939=EDGE_LOOP('',(#3656,#3657,#3658,#3659));
#1940=AXIS2_PLACEMENT_3D('',#3660,#3661,#3662);
#1941=SURFACE_SIDE_STYLE('',(#3663));
#1942=EDGE_LOOP('',(#3664,#3665,#3666,#3667));
#1943=AXIS2_PLACEMENT_3D('',#3668,#3669,#3670);
#1944=SURFACE_SIDE_STYLE('',(#3671));
#1945=EDGE_LOOP('',(#3672,#3673,#3674,#3675,#3676));
#1946=AXIS2_PLACEMENT_3D('',#3677,#3678,#3679);
#1947=SURFACE_SIDE_STYLE('',(#3680));
#1948=EDGE_LOOP('',(#3681,#3682,#3683,#3684));
#1949=AXIS2_PLACEMENT_3D('',#3685,#3686,#3687);
#1950=SURFACE_SIDE_STYLE('',(#3688));
#1951=EDGE_LOOP('',(#3689,#3690,#3691,#3692,#3693));
#1952=AXIS2_PLACEMENT_3D('',#3694,#3695,#3696);
#1953=SURFACE_SIDE_STYLE('',(#3697));
#1954=EDGE_LOOP('',(#3698,#3699,#3700,#3701));
#1955=AXIS2_PLACEMENT_3D('',#3702,#3703,#3704);
#1956=SURFACE_SIDE_STYLE('',(#3705));
#1957=EDGE_LOOP('',(#3706,#3707,#3708,#3709));
#1958=AXIS2_PLACEMENT_3D('',#3710,#3711,#3712);
#1959=SURFACE_SIDE_STYLE('',(#3713));
#1960=EDGE_LOOP('',(#3714,#3715,#3716,#3717));
#1961=AXIS2_PLACEMENT_3D('',#3718,#3719,#3720);
#1962=SURFACE_SIDE_STYLE('',(#3721));
#1963=EDGE_LOOP('',(#3722,#3723,#3724,#3725));
#1964=AXIS2_PLACEMENT_3D('',#3726,#3727,#3728);
#1965=SURFACE_SIDE_STYLE('',(#3729));
#1966=EDGE_LOOP('',(#3730,#3731,#3732,#3733,#3734,#3735,#3736,#3737));
#1967=EDGE_LOOP('',(#3738,#3739,#3740,#3741,#3742,#3743,#3744,#3745));
#1968=AXIS2_PLACEMENT_3D('',#3746,#3747,#3748);
#1969=SURFACE_SIDE_STYLE('',(#3749));
#1970=EDGE_LOOP('',(#3750,#3751,#3752,#3753,#3754,#3755));
#1971=AXIS2_PLACEMENT_3D('',#3756,#3757,#3758);
#1972=SURFACE_SIDE_STYLE('',(#3759));
#1973=EDGE_LOOP('',(#3760,#3761,#3762,#3763));
#1974=EDGE_LOOP('',(#3764));
#1975=AXIS2_PLACEMENT_3D('',#3765,#3766,#3767);
#1976=SURFACE_SIDE_STYLE('',(#3768));
#1977=EDGE_LOOP('',(#3769,#3770,#3771,#3772,#3773));
#1978=AXIS2_PLACEMENT_3D('',#3774,#3775,#3776);
#1979=SURFACE_SIDE_STYLE('',(#3777));
#1980=EDGE_LOOP('',(#3778,#3779,#3780,#3781,#3782,#3783));
#1981=AXIS2_PLACEMENT_3D('',#3784,#3785,#3786);
#1982=SURFACE_SIDE_STYLE('',(#3787));
#1983=EDGE_LOOP('',(#3788));
#1984=EDGE_LOOP('',(#3789,#3790,#3791,#3792,#3793,#3794,#3795,#3796,#3797,#3798,#3799,#3800,#3801,#3802,#3803,#3804,#3805,#3806,#3807,#3808));
#1985=AXIS2_PLACEMENT_3D('',#3809,#3810,#3811);
#1986=SURFACE_SIDE_STYLE('',(#3812));
#1987=EDGE_LOOP('',(#3813,#3814,#3815,#3816));
#1988=AXIS2_PLACEMENT_3D('',#3817,#3818,#3819);
#1989=SURFACE_SIDE_STYLE('',(#3820));
#1990=EDGE_LOOP('',(#3821,#3822,#3823,#3824));
#1991=AXIS2_PLACEMENT_3D('',#3825,#3826,#3827);
#1992=SURFACE_SIDE_STYLE('',(#3828));
#1993=EDGE_LOOP('',(#3829,#3830,#3831,#3832));
#1994=AXIS2_PLACEMENT_3D('',#3833,#3834,#3835);
#1995=SURFACE_SIDE_STYLE('',(#3836));
#1996=EDGE_LOOP('',(#3837,#3838,#3839,#3840));
#1997=AXIS2_PLACEMENT_3D('',#3841,#3842,#3843);
#1998=SURFACE_SIDE_STYLE('',(#3844));
#1999=EDGE_LOOP('',(#3845,#3846,#3847,#3848));
#2000=AXIS2_PLACEMENT_3D('',#3849,#3850,#3851);
#2001=SURFACE_SIDE_STYLE('',(#3852));
#2002=EDGE_LOOP('',(#3853));
#2003=EDGE_LOOP('',(#3854));
#2004=AXIS2_PLACEMENT_3D('',#3855,#3856,#3857);
#2005=SURFACE_SIDE_STYLE('',(#3858));
#2006=EDGE_LOOP('',(#3859,#3860,#3861,#3862));
#2007=AXIS2_PLACEMENT_3D('',#3863,#3864,#3865);
#2008=SURFACE_SIDE_STYLE('',(#3866));
#2009=EDGE_LOOP('',(#3867));
#2010=EDGE_LOOP('',(#3868));
#2011=AXIS2_PLACEMENT_3D('',#3869,#3870,#3871);
#2012=SURFACE_SIDE_STYLE('',(#3872));
#2013=EDGE_LOOP('',(#3873,#3874,#3875,#3876));
#2014=AXIS2_PLACEMENT_3D('',#3877,#3878,#3879);
#2015=SURFACE_SIDE_STYLE('',(#3880));
#2016=EDGE_LOOP('',(#3881,#3882,#3883,#3884));
#2017=AXIS2_PLACEMENT_3D('',#3885,#3886,#3887);
#2018=SURFACE_SIDE_STYLE('',(#3888));
#2019=EDGE_LOOP('',(#3889,#3890,#3891,#3892,#3893,#3894,#3895,#3896));
#2020=EDGE_LOOP('',(#3897,#3898,#3899,#3900));
#2021=AXIS2_PLACEMENT_3D('',#3901,#3902,#3903);
#2022=SURFACE_SIDE_STYLE('',(#3904));
#2023=EDGE_LOOP('',(#3905,#3906,#3907,#3908,#3909,#3910));
#2024=AXIS2_PLACEMENT_3D('',#3911,#3912,#3913);
#2025=SURFACE_SIDE_STYLE('',(#3914));
#2026=EDGE_LOOP('',(#3915,#3916,#3917,#3918,#3919,#3920));
#2027=AXIS2_PLACEMENT_3D('',#3921,#3922,#3923);
#2028=SURFACE_SIDE_STYLE('',(#3924));
#2029=EDGE_LOOP('',(#3925,#3926,#3927,#3928,#3929,#3930,#3931,#3932,#3933,#3934,#3935,#3936,#3937,#3938,#3939,#3940,#3941,#3942,#3943,#3944));
#2030=AXIS2_PLACEMENT_3D('',#3945,#3946,#3947);
#2031=SURFACE_SIDE_STYLE('',(#3948));
#2032=EDGE_LOOP('',(#3949,#3950,#3951,#3952));
#2033=AXIS2_PLACEMENT_3D('',#3953,#3954,#3955);
#2034=SURFACE_SIDE_STYLE('',(#3956));
#2035=EDGE_LOOP('',(#3957,#3958,#3959,#3960));
#2036=AXIS2_PLACEMENT_3D('',#3961,#3962,#3963);
#2037=SURFACE_SIDE_STYLE('',(#3964));
#2038=EDGE_LOOP('',(#3965));
#2039=EDGE_LOOP('',(#3966));
#2040=AXIS2_PLACEMENT_3D('',#3967,#3968,#3969);
#2041=SURFACE_SIDE_STYLE('',(#3970));
#2042=EDGE_LOOP('',(#3971,#3972,#3973,#3974));
#2043=AXIS2_PLACEMENT_3D('',#3975,#3976,#3977);
#2044=SURFACE_SIDE_STYLE('',(#3978));
#2045=EDGE_LOOP('',(#3979,#3980,#3981,#3982));
#2046=AXIS2_PLACEMENT_3D('',#3983,#3984,#3985);
#2047=SURFACE_SIDE_STYLE('',(#3986));
#2048=EDGE_LOOP('',(#3987));
#2049=EDGE_LOOP('',(#3988));
#2050=AXIS2_PLACEMENT_3D('',#3989,#3990,#3991);
#2051=SURFACE_SIDE_STYLE('',(#3992));
#2052=EDGE_LOOP('',(#3993,#3994,#3995,#3996));
#2053=AXIS2_PLACEMENT_3D('',#3997,#3998,#3999);
#2054=SURFACE_SIDE_STYLE('',(#4000));
#2055=EDGE_LOOP('',(#4001,#4002,#4003,#4004));
#2056=AXIS2_PLACEMENT_3D('',#4005,#4006,#4007);
#2057=SURFACE_SIDE_STYLE('',(#4008));
#2058=EDGE_LOOP('',(#4009,#4010,#4011,#4012,#4013,#4014));
#2059=AXIS2_PLACEMENT_3D('',#4015,#4016,#4017);
#2060=SURFACE_SIDE_STYLE('',(#4018));
#2061=EDGE_LOOP('',(#4019,#4020,#4021,#4022,#4023));
#2062=AXIS2_PLACEMENT_3D('',#4024,#4025,#4026);
#2063=SURFACE_SIDE_STYLE('',(#4027));
#2064=EDGE_LOOP('',(#4028,#4029,#4030,#4031,#4032,#4033));
#2065=AXIS2_PLACEMENT_3D('',#4034,#4035,#4036);
#2066=SURFACE_SIDE_STYLE('',(#4037));
#2067=EDGE_LOOP('',(#4038,#4039,#4040,#4041,#4042,#4043,#4044,#4045));
#2068=AXIS2_PLACEMENT_3D('',#4046,#4047,#4048);
#2069=SURFACE_SIDE_STYLE('',(#4049));
#2070=EDGE_LOOP('',(#4050,#4051,#4052,#4053));
#2071=AXIS2_PLACEMENT_3D('',#4054,#4055,#4056);
#2072=SURFACE_SIDE_STYLE('',(#4057));
#2073=EDGE_LOOP('',(#4058,#4059,#4060,#4061));
#2074=AXIS2_PLACEMENT_3D('',#4062,#4063,#4064);
#2075=SURFACE_SIDE_STYLE('',(#4065));
#2076=EDGE_LOOP('',(#4066,#4067,#4068,#4069));
#2077=AXIS2_PLACEMENT_3D('',#4070,#4071,#4072);
#2078=SURFACE_SIDE_STYLE('',(#4073));
#2079=EDGE_LOOP('',(#4074));
#2080=EDGE_LOOP('',(#4075));
#2081=AXIS2_PLACEMENT_3D('',#4076,#4077,#4078);
#2082=SURFACE_SIDE_STYLE('',(#4079));
#2083=EDGE_LOOP('',(#4080,#4081,#4082,#4083));
#2084=AXIS2_PLACEMENT_3D('',#4084,#4085,#4086);
#2085=SURFACE_SIDE_STYLE('',(#4087));
#2086=EDGE_LOOP('',(#4088));
#2087=EDGE_LOOP('',(#4089));
#2088=AXIS2_PLACEMENT_3D('',#4090,#4091,#4092);
#2089=SURFACE_SIDE_STYLE('',(#4093));
#2090=EDGE_LOOP('',(#4094,#4095,#4096,#4097));
#2091=AXIS2_PLACEMENT_3D('',#4098,#4099,#4100);
#2092=SURFACE_SIDE_STYLE('',(#4101));
#2093=EDGE_LOOP('',(#4102,#4103,#4104,#4105));
#2094=AXIS2_PLACEMENT_3D('',#4106,#4107,#4108);
#2095=SURFACE_SIDE_STYLE('',(#4109));
#2096=EDGE_LOOP('',(#4110,#4111,#4112,#4113));
#2097=AXIS2_PLACEMENT_3D('',#4114,#4115,#4116);
#2098=SURFACE_SIDE_STYLE('',(#4117));
#2099=EDGE_LOOP('',(#4118,#4119,#4120,#4121));
#2100=AXIS2_PLACEMENT_3D('',#4122,#4123,#4124);
#2101=SURFACE_SIDE_STYLE('',(#4125));
#2102=EDGE_LOOP('',(#4126,#4127,#4128,#4129));
#2103=AXIS2_PLACEMENT_3D('',#4130,#4131,#4132);
#2104=SURFACE_SIDE_STYLE('',(#4133));
#2105=EDGE_LOOP('',(#4134));
#2106=EDGE_LOOP('',(#4135));
#2107=AXIS2_PLACEMENT_3D('',#4136,#4137,#4138);
#2108=SURFACE_SIDE_STYLE('',(#4139));
#2109=EDGE_LOOP('',(#4140));
#2110=EDGE_LOOP('',(#4141));
#2111=AXIS2_PLACEMENT_3D('',#4142,#4143,#4144);
#2112=SURFACE_SIDE_STYLE('',(#4145));
#2113=EDGE_LOOP('',(#4146));
#2114=EDGE_LOOP('',(#4147));
#2115=AXIS2_PLACEMENT_3D('',#4148,#4149,#4150);
#2116=SURFACE_SIDE_STYLE('',(#4151));
#2117=EDGE_LOOP('',(#4152));
#2118=EDGE_LOOP('',(#4153));
#2119=AXIS2_PLACEMENT_3D('',#4154,#4155,#4156);
#2120=SURFACE_SIDE_STYLE('',(#4157));
#2121=EDGE_LOOP('',(#4158));
#2122=EDGE_LOOP('',(#4159));
#2123=AXIS2_PLACEMENT_3D('',#4160,#4161,#4162);
#2124=SURFACE_SIDE_STYLE('',(#4163));
#2125=EDGE_LOOP('',(#4164));
#2126=AXIS2_PLACEMENT_3D('',#4165,#4166,#4167);
#2127=SURFACE_SIDE_STYLE('',(#4168));
#2128=EDGE_LOOP('',(#4169));
#2129=EDGE_LOOP('',(#4170));
#2130=AXIS2_PLACEMENT_3D('',#4171,#4172,#4173);
#2131=SURFACE_SIDE_STYLE('',(#4174));
#2132=EDGE_LOOP('',(#4175));
#2133=AXIS2_PLACEMENT_3D('',#4176,#4177,#4178);
#2134=SURFACE_SIDE_STYLE('',(#4179));
#2135=EDGE_LOOP('',(#4180));
#2136=EDGE_LOOP('',(#4181));
#2137=AXIS2_PLACEMENT_3D('',#4182,#4183,#4184);
#2138=SURFACE_SIDE_STYLE('',(#4185));
#2139=EDGE_LOOP('',(#4186));
#2140=EDGE_LOOP('',(#4187));
#2141=AXIS2_PLACEMENT_3D('',#4188,#4189,#4190);
#2142=SURFACE_SIDE_STYLE('',(#4191));
#2143=EDGE_LOOP('',(#4192));
#2144=EDGE_LOOP('',(#4193));
#2145=AXIS2_PLACEMENT_3D('',#4194,#4195,#4196);
#2146=SURFACE_SIDE_STYLE('',(#4197));
#2147=EDGE_LOOP('',(#4198));
#2148=AXIS2_PLACEMENT_3D('',#4199,#4200,#4201);
#2149=SURFACE_SIDE_STYLE('',(#4202));
#2150=EDGE_LOOP('',(#4203));
#2151=EDGE_LOOP('',(#4204));
#2152=AXIS2_PLACEMENT_3D('',#4205,#4206,#4207);
#2153=SURFACE_SIDE_STYLE('',(#4208));
#2154=EDGE_LOOP('',(#4209));
#2155=EDGE_LOOP('',(#4210));
#2156=AXIS2_PLACEMENT_3D('',#4211,#4212,#4213);
#2157=SURFACE_SIDE_STYLE('',(#4214));
#2158=EDGE_LOOP('',(#4215));
#2159=EDGE_LOOP('',(#4216));
#2160=AXIS2_PLACEMENT_3D('',#4217,#4218,#4219);
#2161=SURFACE_SIDE_STYLE('',(#4220));
#2162=EDGE_LOOP('',(#4221));
#2163=AXIS2_PLACEMENT_3D('',#4222,#4223,#4224);
#2164=SURFACE_SIDE_STYLE('',(#4225));
#2165=EDGE_LOOP('',(#4226,#4227,#4228,#4229));
#2166=AXIS2_PLACEMENT_3D('',#4230,#4231,#4232);
#2167=SURFACE_SIDE_STYLE('',(#4233));
#2168=EDGE_LOOP('',(#4234,#4235,#4236,#4237,#4238));
#2169=AXIS2_PLACEMENT_3D('',#4239,#4240,#4241);
#2170=SURFACE_SIDE_STYLE('',(#4242));
#2171=EDGE_LOOP('',(#4243,#4244,#4245,#4246,#4247));
#2172=AXIS2_PLACEMENT_3D('',#4248,#4249,#4250);
#2173=SURFACE_SIDE_STYLE('',(#4251));
#2174=EDGE_LOOP('',(#4252,#4253,#4254,#4255,#4256,#4257));
#2175=AXIS2_PLACEMENT_3D('',#4258,#4259,#4260);
#2176=SURFACE_SIDE_STYLE('',(#4261));
#2177=EDGE_LOOP('',(#4262,#4263,#4264,#4265));
#2178=AXIS2_PLACEMENT_3D('',#4266,#4267,#4268);
#2179=SURFACE_SIDE_STYLE('',(#4269));
#2180=EDGE_LOOP('',(#4270,#4271,#4272,#4273,#4274));
#2181=AXIS2_PLACEMENT_3D('',#4275,#4276,#4277);
#2182=SURFACE_SIDE_STYLE('',(#4278));
#2183=EDGE_LOOP('',(#4279,#4280,#4281,#4282,#4283));
#2184=AXIS2_PLACEMENT_3D('',#4284,#4285,#4286);
#2185=SURFACE_SIDE_STYLE('',(#4287));
#2186=EDGE_LOOP('',(#4288,#4289,#4290,#4291,#4292,#4293));
#2187=AXIS2_PLACEMENT_3D('',#4294,#4295,#4296);
#2188=SURFACE_SIDE_STYLE('',(#4297));
#2189=EDGE_LOOP('',(#4298,#4299,#4300,#4301));
#2190=AXIS2_PLACEMENT_3D('',#4302,#4303,#4304);
#2191=SURFACE_SIDE_STYLE('',(#4305));
#2192=EDGE_LOOP('',(#4306,#4307,#4308,#4309));
#2193=AXIS2_PLACEMENT_3D('',#4310,#4311,#4312);
#2194=SURFACE_SIDE_STYLE('',(#4313));
#2195=EDGE_LOOP('',(#4314,#4315,#4316,#4317));
#2196=AXIS2_PLACEMENT_3D('',#4318,#4319,#4320);
#2197=SURFACE_SIDE_STYLE('',(#4321));
#2198=EDGE_LOOP('',(#4322,#4323,#4324,#4325));
#2199=AXIS2_PLACEMENT_3D('',#4326,#4327,#4328);
#2200=SURFACE_SIDE_STYLE('',(#4329));
#2201=EDGE_LOOP('',(#4330,#4331,#4332,#4333));
#2202=EDGE_LOOP('',(#4334));
#2203=AXIS2_PLACEMENT_3D('',#4335,#4336,#4337);
#2204=SURFACE_SIDE_STYLE('',(#4338));
#2205=EDGE_LOOP('',(#4339));
#2206=EDGE_LOOP('',(#4340));
#2207=AXIS2_PLACEMENT_3D('',#4341,#4342,#4343);
#2208=SURFACE_SIDE_STYLE('',(#4344));
#2209=EDGE_LOOP('',(#4345,#4346,#4347,#4348));
#2210=AXIS2_PLACEMENT_3D('',#4349,#4350,#4351);
#2211=SURFACE_SIDE_STYLE('',(#4352));
#2212=EDGE_LOOP('',(#4353,#4354,#4355,#4356));
#2213=AXIS2_PLACEMENT_3D('',#4357,#4358,#4359);
#2214=SURFACE_SIDE_STYLE('',(#4360));
#2215=EDGE_LOOP('',(#4361));
#2216=EDGE_LOOP('',(#4362,#4363,#4364,#4365));
#2217=AXIS2_PLACEMENT_3D('',#4366,#4367,#4368);
#2218=SURFACE_SIDE_STYLE('',(#4369));
#2219=EDGE_LOOP('',(#4370));
#2220=EDGE_LOOP('',(#4371));
#2221=AXIS2_PLACEMENT_3D('',#4372,#4373,#4374);
#2222=SURFACE_SIDE_STYLE('',(#4375));
#2223=EDGE_LOOP('',(#4376));
#2224=AXIS2_PLACEMENT_3D('',#4377,#4378,#4379);
#2225=SURFACE_SIDE_STYLE('',(#4380));
#2226=EDGE_LOOP('',(#4381,#4382,#4383,#4384));
#2227=AXIS2_PLACEMENT_3D('',#4385,#4386,#4387);
#2228=SURFACE_SIDE_STYLE('',(#4388));
#2229=EDGE_LOOP('',(#4389));
#2230=AXIS2_PLACEMENT_3D('',#4390,#4391,#4392);
#2231=SURFACE_SIDE_STYLE('',(#4393));
#2232=EDGE_LOOP('',(#4394,#4395,#4396,#4397));
#2233=AXIS2_PLACEMENT_3D('',#4398,#4399,#4400);
#2234=SURFACE_SIDE_STYLE('',(#4401));
#2235=EDGE_LOOP('',(#4402,#4403,#4404,#4405));
#2236=AXIS2_PLACEMENT_3D('',#4406,#4407,#4408);
#2237=SURFACE_SIDE_STYLE('',(#4409));
#2238=EDGE_LOOP('',(#4410,#4411,#4412,#4413));
#2239=AXIS2_PLACEMENT_3D('',#4414,#4415,#4416);
#2240=SURFACE_SIDE_STYLE('',(#4417));
#2241=EDGE_LOOP('',(#4418));
#2242=EDGE_LOOP('',(#4419));
#2243=AXIS2_PLACEMENT_3D('',#4420,#4421,#4422);
#2244=SURFACE_SIDE_STYLE('',(#4423));
#2245=EDGE_LOOP('',(#4424,#4425,#4426,#4427));
#2246=AXIS2_PLACEMENT_3D('',#4428,#4429,#4430);
#2247=SURFACE_SIDE_STYLE('',(#4431));
#2248=EDGE_LOOP('',(#4432,#4433,#4434,#4435));
#2249=AXIS2_PLACEMENT_3D('',#4436,#4437,#4438);
#2250=SURFACE_SIDE_STYLE('',(#4439));
#2251=EDGE_LOOP('',(#4440));
#2252=EDGE_LOOP('',(#4441));
#2253=AXIS2_PLACEMENT_3D('',#4442,#4443,#4444);
#2254=SURFACE_SIDE_STYLE('',(#4445));
#2255=EDGE_LOOP('',(#4446,#4447,#4448,#4449));
#2256=AXIS2_PLACEMENT_3D('',#4450,#4451,#4452);
#2257=SURFACE_SIDE_STYLE('',(#4453));
#2258=EDGE_LOOP('',(#4454,#4455,#4456,#4457));
#2259=AXIS2_PLACEMENT_3D('',#4458,#4459,#4460);
#2260=SURFACE_SIDE_STYLE('',(#4461));
#2261=EDGE_LOOP('',(#4462,#4463,#4464,#4465));
#2262=AXIS2_PLACEMENT_3D('',#4466,#4467,#4468);
#2263=SURFACE_SIDE_STYLE('',(#4469));
#2264=EDGE_LOOP('',(#4470,#4471,#4472,#4473));
#2265=AXIS2_PLACEMENT_3D('',#4474,#4475,#4476);
#2266=SURFACE_SIDE_STYLE('',(#4477));
#2267=EDGE_LOOP('',(#4478,#4479,#4480,#4481));
#2268=AXIS2_PLACEMENT_3D('',#4482,#4483,#4484);
#2269=SURFACE_SIDE_STYLE('',(#4485));
#2270=EDGE_LOOP('',(#4486,#4487,#4488,#4489));
#2271=AXIS2_PLACEMENT_3D('',#4490,#4491,#4492);
#2272=SURFACE_SIDE_STYLE('',(#4493));
#2273=EDGE_LOOP('',(#4494,#4495,#4496,#4497));
#2274=AXIS2_PLACEMENT_3D('',#4498,#4499,#4500);
#2275=SURFACE_SIDE_STYLE('',(#4501));
#2276=EDGE_LOOP('',(#4502,#4503,#4504,#4505));
#2277=AXIS2_PLACEMENT_3D('',#4506,#4507,#4508);
#2278=SURFACE_SIDE_STYLE('',(#4509));
#2279=EDGE_LOOP('',(#4510,#4511,#4512,#4513));
#2280=AXIS2_PLACEMENT_3D('',#4514,#4515,#4516);
#2281=SURFACE_SIDE_STYLE('',(#4517));
#2282=EDGE_LOOP('',(#4518,#4519,#4520,#4521));
#2283=AXIS2_PLACEMENT_3D('',#4522,#4523,#4524);
#2284=SURFACE_SIDE_STYLE('',(#4525));
#2285=EDGE_LOOP('',(#4526,#4527,#4528,#4529));
#2286=AXIS2_PLACEMENT_3D('',#4530,#4531,#4532);
#2287=SURFACE_SIDE_STYLE('',(#4533));
#2288=EDGE_LOOP('',(#4534,#4535,#4536,#4537));
#2289=AXIS2_PLACEMENT_3D('',#4538,#4539,#4540);
#2290=SURFACE_SIDE_STYLE('',(#4541));
#2291=EDGE_LOOP('',(#4542,#4543,#4544,#4545));
#2292=AXIS2_PLACEMENT_3D('',#4546,#4547,#4548);
#2293=SURFACE_SIDE_STYLE('',(#4549));
#2294=EDGE_LOOP('',(#4550,#4551,#4552,#4553));
#2295=AXIS2_PLACEMENT_3D('',#4554,#4555,#4556);
#2296=SURFACE_SIDE_STYLE('',(#4557));
#2297=EDGE_LOOP('',(#4558,#4559,#4560,#4561));
#2298=AXIS2_PLACEMENT_3D('',#4562,#4563,#4564);
#2299=SURFACE_SIDE_STYLE('',(#4565));
#2300=EDGE_LOOP('',(#4566,#4567,#4568,#4569));
#2301=AXIS2_PLACEMENT_3D('',#4570,#4571,#4572);
#2302=SURFACE_SIDE_STYLE('',(#4573));
#2303=EDGE_LOOP('',(#4574,#4575,#4576,#4577));
#2304=AXIS2_PLACEMENT_3D('',#4578,#4579,#4580);
#2305=SURFACE_SIDE_STYLE('',(#4581));
#2306=EDGE_LOOP('',(#4582,#4583,#4584,#4585));
#2307=AXIS2_PLACEMENT_3D('',#4586,#4587,#4588);
#2308=SURFACE_SIDE_STYLE('',(#4589));
#2309=EDGE_LOOP('',(#4590,#4591,#4592,#4593,#4594,#4595,#4596,#4597));
#2310=AXIS2_PLACEMENT_3D('',#4598,#4599,#4600);
#2311=SURFACE_SIDE_STYLE('',(#4601));
#2312=EDGE_LOOP('',(#4602,#4603,#4604,#4605));
#2313=AXIS2_PLACEMENT_3D('',#4606,#4607,#4608);
#2314=SURFACE_SIDE_STYLE('',(#4609));
#2315=EDGE_LOOP('',(#4610,#4611,#4612,#4613));
#2316=AXIS2_PLACEMENT_3D('',#4614,#4615,#4616);
#2317=SURFACE_SIDE_STYLE('',(#4617));
#2318=EDGE_LOOP('',(#4618,#4619,#4620,#4621));
#2319=AXIS2_PLACEMENT_3D('',#4622,#4623,#4624);
#2320=SURFACE_SIDE_STYLE('',(#4625));
#2321=EDGE_LOOP('',(#4626,#4627,#4628,#4629));
#2322=AXIS2_PLACEMENT_3D('',#4630,#4631,#4632);
#2323=SURFACE_SIDE_STYLE('',(#4633));
#2324=EDGE_LOOP('',(#4634,#4635,#4636,#4637));
#2325=AXIS2_PLACEMENT_3D('',#4638,#4639,#4640);
#2326=SURFACE_SIDE_STYLE('',(#4641));
#2327=EDGE_LOOP('',(#4642,#4643,#4644,#4645));
#2328=AXIS2_PLACEMENT_3D('',#4646,#4647,#4648);
#2329=SURFACE_SIDE_STYLE('',(#4649));
#2330=EDGE_LOOP('',(#4650,#4651,#4652,#4653));
#2331=AXIS2_PLACEMENT_3D('',#4654,#4655,#4656);
#2332=SURFACE_SIDE_STYLE('',(#4657));
#2333=EDGE_LOOP('',(#4658,#4659,#4660,#4661));
#2334=AXIS2_PLACEMENT_3D('',#4662,#4663,#4664);
#2335=SURFACE_SIDE_STYLE('',(#4665));
#2336=EDGE_LOOP('',(#4666,#4667,#4668,#4669));
#2337=AXIS2_PLACEMENT_3D('',#4670,#4671,#4672);
#2338=SURFACE_SIDE_STYLE('',(#4673));
#2339=EDGE_LOOP('',(#4674,#4675,#4676,#4677));
#2340=AXIS2_PLACEMENT_3D('',#4678,#4679,#4680);
#2341=SURFACE_SIDE_STYLE('',(#4681));
#2342=EDGE_LOOP('',(#4682,#4683,#4684,#4685));
#2343=AXIS2_PLACEMENT_3D('',#4686,#4687,#4688);
#2344=SURFACE_SIDE_STYLE('',(#4689));
#2345=EDGE_LOOP('',(#4690,#4691,#4692,#4693));
#2346=AXIS2_PLACEMENT_3D('',#4694,#4695,#4696);
#2347=SURFACE_SIDE_STYLE('',(#4697));
#2348=EDGE_LOOP('',(#4698,#4699,#4700,#4701));
#2349=AXIS2_PLACEMENT_3D('',#4702,#4703,#4704);
#2350=SURFACE_SIDE_STYLE('',(#4705));
#2351=EDGE_LOOP('',(#4706,#4707,#4708,#4709));
#2352=AXIS2_PLACEMENT_3D('',#4710,#4711,#4712);
#2353=SURFACE_SIDE_STYLE('',(#4713));
#2354=EDGE_LOOP('',(#4714,#4715,#4716,#4717));
#2355=AXIS2_PLACEMENT_3D('',#4718,#4719,#4720);
#2356=SURFACE_SIDE_STYLE('',(#4721));
#2357=EDGE_LOOP('',(#4722,#4723,#4724,#4725));
#2358=AXIS2_PLACEMENT_3D('',#4726,#4727,#4728);
#2359=SURFACE_SIDE_STYLE('',(#4729));
#2360=EDGE_LOOP('',(#4730,#4731,#4732,#4733));
#2361=AXIS2_PLACEMENT_3D('',#4734,#4735,#4736);
#2362=SURFACE_SIDE_STYLE('',(#4737));
#2363=EDGE_LOOP('',(#4738,#4739,#4740,#4741));
#2364=AXIS2_PLACEMENT_3D('',#4742,#4743,#4744);
#2365=SURFACE_SIDE_STYLE('',(#4745));
#2366=EDGE_LOOP('',(#4746,#4747,#4748,#4749));
#2367=AXIS2_PLACEMENT_3D('',#4750,#4751,#4752);
#2368=SURFACE_SIDE_STYLE('',(#4753));
#2369=EDGE_LOOP('',(#4754,#4755,#4756,#4757));
#2370=EDGE_LOOP('',(#4758));
#2371=EDGE_LOOP('',(#4759,#4760,#4761,#4762,#4763,#4764,#4765,#4766));
#2372=EDGE_LOOP('',(#4767));
#2373=AXIS2_PLACEMENT_3D('',#4768,#4769,#4770);
#2374=SURFACE_SIDE_STYLE('',(#4771));
#2375=EDGE_LOOP('',(#4772,#4773,#4774,#4775));
#2376=AXIS2_PLACEMENT_3D('',#4776,#4777,#4778);
#2377=SURFACE_SIDE_STYLE('',(#4779));
#2378=EDGE_LOOP('',(#4780,#4781,#4782,#4783));
#2379=AXIS2_PLACEMENT_3D('',#4784,#4785,#4786);
#2380=SURFACE_SIDE_STYLE('',(#4787));
#2381=EDGE_LOOP('',(#4788,#4789,#4790,#4791,#4792,#4793));
#2382=EDGE_LOOP('',(#4794,#4795,#4796,#4797,#4798,#4799,#4800,#4801));
#2383=AXIS2_PLACEMENT_3D('',#4802,#4803,#4804);
#2384=SURFACE_SIDE_STYLE('',(#4805));
#2385=EDGE_LOOP('',(#4806,#4807,#4808,#4809,#4810));
#2386=AXIS2_PLACEMENT_3D('',#4811,#4812,#4813);
#2387=SURFACE_SIDE_STYLE('',(#4814));
#2388=EDGE_LOOP('',(#4815,#4816,#4817,#4818));
#2389=AXIS2_PLACEMENT_3D('',#4819,#4820,#4821);
#2390=SURFACE_SIDE_STYLE('',(#4822));
#2391=EDGE_LOOP('',(#4823,#4824,#4825,#4826,#4827));
#2392=AXIS2_PLACEMENT_3D('',#4828,#4829,#4830);
#2393=SURFACE_SIDE_STYLE('',(#4831));
#2394=EDGE_LOOP('',(#4832,#4833,#4834,#4835,#4836));
#2395=AXIS2_PLACEMENT_3D('',#4837,#4838,#4839);
#2396=SURFACE_SIDE_STYLE('',(#4840));
#2397=EDGE_LOOP('',(#4841,#4842,#4843,#4844));
#2398=AXIS2_PLACEMENT_3D('',#4845,#4846,#4847);
#2399=SURFACE_SIDE_STYLE('',(#4848));
#2400=EDGE_LOOP('',(#4849,#4850,#4851,#4852,#4853));
#2401=AXIS2_PLACEMENT_3D('',#4854,#4855,#4856);
#2402=SURFACE_SIDE_STYLE('',(#4857));
#2403=EDGE_LOOP('',(#4858));
#2404=EDGE_LOOP('',(#4859));
#2405=AXIS2_PLACEMENT_3D('',#4860,#4861,#4862);
#2406=SURFACE_SIDE_STYLE('',(#4863));
#2407=EDGE_LOOP('',(#4864));
#2408=EDGE_LOOP('',(#4865,#4866,#4867,#4868,#4869,#4870));
#2409=AXIS2_PLACEMENT_3D('',#4871,#4872,#4873);
#2410=SURFACE_SIDE_STYLE('',(#4874));
#2411=EDGE_LOOP('',(#4875));
#2412=EDGE_LOOP('',(#4876,#4877,#4878,#4879));
#2413=AXIS2_PLACEMENT_3D('',#4880,#4881,#4882);
#2414=SURFACE_SIDE_STYLE('',(#4883));
#2415=EDGE_LOOP('',(#4884));
#2416=EDGE_LOOP('',(#4885,#4886,#4887,#4888,#4889,#4890));
#2417=AXIS2_PLACEMENT_3D('',#4891,#4892,#4893);
#2418=SURFACE_SIDE_STYLE('',(#4894));
#2419=EDGE_LOOP('',(#4895,#4896,#4897,#4898));
#2420=AXIS2_PLACEMENT_3D('',#4899,#4900,#4901);
#2421=SURFACE_SIDE_STYLE('',(#4902));
#2422=EDGE_LOOP('',(#4903));
#2423=AXIS2_PLACEMENT_3D('',#4904,#4905,#4906);
#2424=SURFACE_SIDE_STYLE('',(#4907));
#2425=EDGE_LOOP('',(#4908));
#2426=AXIS2_PLACEMENT_3D('',#4909,#4910,#4911);
#2427=SURFACE_SIDE_STYLE('',(#4912));
#2428=EDGE_LOOP('',(#4913));
#2429=AXIS2_PLACEMENT_3D('',#4914,#4915,#4916);
#2430=SURFACE_SIDE_STYLE('',(#4917));
#2431=EDGE_LOOP('',(#4918,#4919,#4920,#4921));
#2432=AXIS2_PLACEMENT_3D('',#4922,#4923,#4924);
#2433=SURFACE_SIDE_STYLE('',(#4925));
#2434=EDGE_LOOP('',(#4926,#4927,#4928,#4929));
#2435=AXIS2_PLACEMENT_3D('',#4930,#4931,#4932);
#2436=SURFACE_SIDE_STYLE('',(#4933));
#2437=EDGE_LOOP('',(#4934,#4935,#4936,#4937));
#2438=AXIS2_PLACEMENT_3D('',#4938,#4939,#4940);
#2439=SURFACE_SIDE_STYLE('',(#4941));
#2440=EDGE_LOOP('',(#4942,#4943,#4944,#4945));
#2441=AXIS2_PLACEMENT_3D('',#4946,#4947,#4948);
#2442=SURFACE_SIDE_STYLE('',(#4949));
#2443=EDGE_LOOP('',(#4950,#4951,#4952,#4953));
#2444=AXIS2_PLACEMENT_3D('',#4954,#4955,#4956);
#2445=SURFACE_SIDE_STYLE('',(#4957));
#2446=EDGE_LOOP('',(#4958,#4959,#4960,#4961));
#2447=AXIS2_PLACEMENT_3D('',#4962,#4963,#4964);
#2448=SURFACE_SIDE_STYLE('',(#4965));
#2449=EDGE_LOOP('',(#4966,#4967,#4968,#4969));
#2450=AXIS2_PLACEMENT_3D('',#4970,#4971,#4972);
#2451=SURFACE_SIDE_STYLE('',(#4973));
#2452=EDGE_LOOP('',(#4974,#4975,#4976,#4977));
#2453=EDGE_LOOP('',(#4978,#4979,#4980,#4981));
#2454=EDGE_LOOP('',(#4982));
#2455=EDGE_LOOP('',(#4983,#4984,#4985,#4986));
#2456=EDGE_LOOP('',(#4987,#4988,#4989,#4990));
#2457=EDGE_LOOP('',(#4991,#4992,#4993,#4994));
#2458=EDGE_LOOP('',(#4995,#4996,#4997,#4998));
#2459=EDGE_LOOP('',(#4999,#5000,#5001,#5002));
#2460=EDGE_LOOP('',(#5003,#5004,#5005,#5006));
#2461=AXIS2_PLACEMENT_3D('',#5007,#5008,#5009);
#2462=SURFACE_SIDE_STYLE('',(#5010));
#2463=EDGE_LOOP('',(#5011,#5012,#5013,#5014));
#2464=AXIS2_PLACEMENT_3D('',#5015,#5016,#5017);
#2465=SURFACE_SIDE_STYLE('',(#5018));
#2466=EDGE_LOOP('',(#5019,#5020,#5021,#5022));
#2467=AXIS2_PLACEMENT_3D('',#5023,#5024,#5025);
#2468=SURFACE_SIDE_STYLE('',(#5026));
#2469=EDGE_LOOP('',(#5027,#5028,#5029,#5030));
#2470=AXIS2_PLACEMENT_3D('',#5031,#5032,#5033);
#2471=SURFACE_SIDE_STYLE('',(#5034));
#2472=EDGE_LOOP('',(#5035,#5036,#5037,#5038));
#2473=AXIS2_PLACEMENT_3D('',#5039,#5040,#5041);
#2474=SURFACE_SIDE_STYLE('',(#5042));
#2475=EDGE_LOOP('',(#5043,#5044,#5045,#5046));
#2476=AXIS2_PLACEMENT_3D('',#5047,#5048,#5049);
#2477=SURFACE_SIDE_STYLE('',(#5050));
#2478=EDGE_LOOP('',(#5051,#5052,#5053,#5054));
#2479=AXIS2_PLACEMENT_3D('',#5055,#5056,#5057);
#2480=SURFACE_SIDE_STYLE('',(#5058));
#2481=EDGE_LOOP('',(#5059,#5060,#5061,#5062));
#2482=AXIS2_PLACEMENT_3D('',#5063,#5064,#5065);
#2483=SURFACE_SIDE_STYLE('',(#5066));
#2484=EDGE_LOOP('',(#5067,#5068,#5069,#5070));
#2485=AXIS2_PLACEMENT_3D('',#5071,#5072,#5073);
#2486=SURFACE_SIDE_STYLE('',(#5074));
#2487=EDGE_LOOP('',(#5075,#5076,#5077,#5078));
#2488=AXIS2_PLACEMENT_3D('',#5079,#5080,#5081);
#2489=SURFACE_SIDE_STYLE('',(#5082));
#2490=EDGE_LOOP('',(#5083,#5084,#5085,#5086));
#2491=AXIS2_PLACEMENT_3D('',#5087,#5088,#5089);
#2492=SURFACE_SIDE_STYLE('',(#5090));
#2493=EDGE_LOOP('',(#5091));
#2494=EDGE_LOOP('',(#5092));
#2495=AXIS2_PLACEMENT_3D('',#5093,#5094,#5095);
#2496=SURFACE_SIDE_STYLE('',(#5096));
#2497=EDGE_LOOP('',(#5097,#5098,#5099,#5100));
#2498=AXIS2_PLACEMENT_3D('',#5101,#5102,#5103);
#2499=SURFACE_SIDE_STYLE('',(#5104));
#2500=EDGE_LOOP('',(#5105,#5106,#5107,#5108));
#2501=AXIS2_PLACEMENT_3D('',#5109,#5110,#5111);
#2502=SURFACE_SIDE_STYLE('',(#5112));
#2503=EDGE_LOOP('',(#5113,#5114,#5115,#5116));
#2504=AXIS2_PLACEMENT_3D('',#5117,#5118,#5119);
#2505=SURFACE_SIDE_STYLE('',(#5120));
#2506=EDGE_LOOP('',(#5121,#5122,#5123,#5124));
#2507=AXIS2_PLACEMENT_3D('',#5125,#5126,#5127);
#2508=SURFACE_SIDE_STYLE('',(#5128));
#2509=EDGE_LOOP('',(#5129,#5130,#5131,#5132));
#2510=AXIS2_PLACEMENT_3D('',#5133,#5134,#5135);
#2511=SURFACE_SIDE_STYLE('',(#5136));
#2512=EDGE_LOOP('',(#5137,#5138,#5139,#5140));
#2513=AXIS2_PLACEMENT_3D('',#5141,#5142,#5143);
#2514=SURFACE_SIDE_STYLE('',(#5144));
#2515=EDGE_LOOP('',(#5145,#5146,#5147,#5148));
#2516=AXIS2_PLACEMENT_3D('',#5149,#5150,#5151);
#2517=SURFACE_SIDE_STYLE('',(#5152));
#2518=EDGE_LOOP('',(#5153,#5154,#5155,#5156));
#2519=AXIS2_PLACEMENT_3D('',#5157,#5158,#5159);
#2520=SURFACE_SIDE_STYLE('',(#5160));
#2521=EDGE_LOOP('',(#5161,#5162,#5163,#5164));
#2522=AXIS2_PLACEMENT_3D('',#5165,#5166,#5167);
#2523=SURFACE_SIDE_STYLE('',(#5168));
#2524=EDGE_LOOP('',(#5169,#5170,#5171,#5172));
#2525=AXIS2_PLACEMENT_3D('',#5173,#5174,#5175);
#2526=SURFACE_SIDE_STYLE('',(#5176));
#2527=EDGE_LOOP('',(#5177,#5178,#5179,#5180));
#2528=AXIS2_PLACEMENT_3D('',#5181,#5182,#5183);
#2529=SURFACE_SIDE_STYLE('',(#5184));
#2530=EDGE_LOOP('',(#5185,#5186,#5187,#5188));
#2531=AXIS2_PLACEMENT_3D('',#5189,#5190,#5191);
#2532=SURFACE_SIDE_STYLE('',(#5192));
#2533=EDGE_LOOP('',(#5193,#5194,#5195,#5196));
#2534=AXIS2_PLACEMENT_3D('',#5197,#5198,#5199);
#2535=SURFACE_SIDE_STYLE('',(#5200));
#2536=EDGE_LOOP('',(#5201,#5202,#5203,#5204));
#2537=AXIS2_PLACEMENT_3D('',#5205,#5206,#5207);
#2538=SURFACE_SIDE_STYLE('',(#5208));
#2539=EDGE_LOOP('',(#5209));
#2540=EDGE_LOOP('',(#5210,#5211,#5212,#5213));
#2541=AXIS2_PLACEMENT_3D('',#5214,#5215,#5216);
#2542=SURFACE_SIDE_STYLE('',(#5217));
#2543=EDGE_LOOP('',(#5218));
#2544=EDGE_LOOP('',(#5219,#5220,#5221,#5222,#5223,#5224));
#2545=AXIS2_PLACEMENT_3D('',#5225,#5226,#5227);
#2546=SURFACE_SIDE_STYLE('',(#5228));
#2547=EDGE_LOOP('',(#5229));
#2548=EDGE_LOOP('',(#5230,#5231,#5232,#5233,#5234,#5235));
#2549=AXIS2_PLACEMENT_3D('',#5236,#5237,#5238);
#2550=SURFACE_SIDE_STYLE('',(#5239));
#2551=EDGE_LOOP('',(#5240,#5241,#5242,#5243));
#2552=AXIS2_PLACEMENT_3D('',#5244,#5245,#5246);
#2553=SURFACE_SIDE_STYLE('',(#5247));
#2554=EDGE_LOOP('',(#5248,#5249,#5250,#5251,#5252,#5253,#5254,#5255));
#2555=AXIS2_PLACEMENT_3D('',#5256,#5257,#5258);
#2556=SURFACE_SIDE_STYLE('',(#5259));
#2557=EDGE_LOOP('',(#5260,#5261,#5262,#5263));
#2558=AXIS2_PLACEMENT_3D('',#5264,#5265,#5266);
#2559=SURFACE_SIDE_STYLE('',(#5267));
#2560=EDGE_LOOP('',(#5268));
#2561=EDGE_LOOP('',(#5269));
#2562=EDGE_LOOP('',(#5270));
#2563=EDGE_LOOP('',(#5271));
#2564=EDGE_LOOP('',(#5272,#5273,#5274,#5275));
#2565=EDGE_LOOP('',(#5276,#5277,#5278,#5279,#5280,#5281,#5282));
#2566=AXIS2_PLACEMENT_3D('',#5283,#5284,#5285);
#2567=SURFACE_SIDE_STYLE('',(#5286));
#2568=EDGE_LOOP('',(#5287,#5288,#5289,#5290,#5291,#5292,#5293,#5294));
#2569=EDGE_LOOP('',(#5295));
#2570=EDGE_LOOP('',(#5296,#5297,#5298,#5299));
#2571=EDGE_LOOP('',(#5300,#5301,#5302,#5303));
#2572=EDGE_LOOP('',(#5304,#5305,#5306,#5307));
#2573=EDGE_LOOP('',(#5308,#5309,#5310,#5311));
#2574=EDGE_LOOP('',(#5312,#5313,#5314,#5315));
#2575=EDGE_LOOP('',(#5316,#5317,#5318,#5319));
#2576=AXIS2_PLACEMENT_3D('',#5320,#5321,#5322);
#2577=SURFACE_SIDE_STYLE('',(#5323));
#2578=EDGE_LOOP('',(#5324,#5325,#5326,#5327));
#2579=AXIS2_PLACEMENT_3D('',#5328,#5329,#5330);
#2580=SURFACE_SIDE_STYLE('',(#5331));
#2581=EDGE_LOOP('',(#5332));
#2582=AXIS2_PLACEMENT_3D('',#5333,#5334,#5335);
#2583=SURFACE_SIDE_STYLE('',(#5336));
#2584=EDGE_LOOP('',(#5337));
#2585=AXIS2_PLACEMENT_3D('',#5338,#5339,#5340);
#2586=SURFACE_SIDE_STYLE('',(#5341));
#2587=EDGE_LOOP('',(#5342,#5343,#5344,#5345,#5346,#5347,#5348,#5349,#5350,#5351,#5352,#5353,#5354,#5355,#5356,#5357,#5358,#5359,#5360,#5361,#5362,#5363,#5364,#5365,#5366,#5367,#5368,#5369,#5370,#5371,#5372,#5373,#5374,#5375,#5376,#5377,#5378,#5379,#5380,#5381,#5382,#5383,#5384,#5385,#5386,#5387,#5388,#5389,#5390,#5391,#5392,#5393));
#2588=EDGE_LOOP('',(#5394,#5395,#5396,#5397,#5398,#5399,#5400));
#2589=AXIS2_PLACEMENT_3D('',#5401,#5402,#5403);
#2590=SURFACE_SIDE_STYLE('',(#5404));
#2591=EDGE_LOOP('',(#5405,#5406,#5407,#5408));
#2592=AXIS2_PLACEMENT_3D('',#5409,#5410,#5411);
#2593=SURFACE_SIDE_STYLE('',(#5412));
#2594=EDGE_LOOP('',(#5413,#5414,#5415,#5416));
#2595=AXIS2_PLACEMENT_3D('',#5417,#5418,#5419);
#2596=SURFACE_SIDE_STYLE('',(#5420));
#2597=EDGE_LOOP('',(#5421,#5422,#5423,#5424));
#2598=AXIS2_PLACEMENT_3D('',#5425,#5426,#5427);
#2599=SURFACE_SIDE_STYLE('',(#5428));
#2600=EDGE_LOOP('',(#5429,#5430,#5431,#5432));
#2601=AXIS2_PLACEMENT_3D('',#5433,#5434,#5435);
#2602=SURFACE_SIDE_STYLE('',(#5436));
#2603=EDGE_LOOP('',(#5437));
#2604=AXIS2_PLACEMENT_3D('',#5438,#5439,#5440);
#2605=SURFACE_SIDE_STYLE('',(#5441));
#2606=EDGE_LOOP('',(#5442));
#2607=AXIS2_PLACEMENT_3D('',#5443,#5444,#5445);
#2608=SURFACE_SIDE_STYLE('',(#5446));
#2609=EDGE_LOOP('',(#5447));
#2610=AXIS2_PLACEMENT_3D('',#5448,#5449,#5450);
#2611=SURFACE_SIDE_STYLE('',(#5451));
#2612=EDGE_LOOP('',(#5452,#5453,#5454,#5455));
#2613=AXIS2_PLACEMENT_3D('',#5456,#5457,#5458);
#2614=SURFACE_SIDE_STYLE('',(#5459));
#2615=EDGE_LOOP('',(#5460,#5461,#5462,#5463));
#2616=CARTESIAN_POINT('',(-0.0125279059492836,-0.0143566954970287,-0.0490742392359506));
#2617=CARTESIAN_POINT('',(-0.0125279059492836,-0.0143566954970287,-0.0476742392359506));
#2618=CARTESIAN_POINT('',(-0.0125279059492836,-0.0143566954970287,-0.0470742392359505));
#2619=CARTESIAN_POINT('',(-0.0141945038263104,-0.0126900976200019,-0.0490742392359506));
#2620=CARTESIAN_POINT('',(-0.0141945038263104,-0.0126900976200019,-0.0476742392359506));
#2621=CARTESIAN_POINT('',(-0.0141945038263104,-0.0126900976200019,-0.0470742392359504));
#2622=CARTESIAN_POINT('',(-0.0155280250195931,-0.010694378160827,-0.0490742392359505));
#2623=CARTESIAN_POINT('',(-0.0155280250195931,-0.010694378160827,-0.0476742392359505));
#2624=CARTESIAN_POINT('',(-0.0155280250195931,-0.010694378160827,-0.0470742392359504));
#2625=CARTESIAN_POINT('',(-0.0173316059941812,-0.00633977211264468,-0.0490742392359505));
#2626=CARTESIAN_POINT('',(-0.0173316059941812,-0.00633977211264468,-0.0476742392359505));
#2627=CARTESIAN_POINT('',(-0.0173316059941812,-0.00633977211264468,-0.0470742392359504));
#2628=CARTESIAN_POINT('',(-0.0178000559250114,-0.00398543916032594,-0.0490742392359505));
#2629=CARTESIAN_POINT('',(-0.0178000559250114,-0.00398543916032594,-0.0476742392359505));
#2630=CARTESIAN_POINT('',(-0.0178000559250114,-0.00398543916032595,-0.0470742392359504));
#2631=CARTESIAN_POINT('',(-0.017799911850827,0.000727892716365905,-0.0490742392359505));
#2632=CARTESIAN_POINT('',(-0.017799911850827,0.0007278927163659,-0.0476742392359505));
#2633=CARTESIAN_POINT('',(-0.017799911850827,0.000727892716365898,-0.0470742392359504));
#2634=CARTESIAN_POINT('',(-0.0173317389644553,0.00308228071740842,-0.0490742392359505));
#2635=CARTESIAN_POINT('',(-0.0173317389644553,0.00308228071740842,-0.0476742392359505));
#2636=CARTESIAN_POINT('',(-0.0173317389644553,0.00308228071740842,-0.0470742392359504));
#2637=CARTESIAN_POINT('',(-0.0155278916980155,0.00743677666145617,-0.0490742392359505));
#2638=CARTESIAN_POINT('',(-0.0155278916980155,0.00743677666145617,-0.0476742392359505));
#2639=CARTESIAN_POINT('',(-0.0155278916980155,0.00743677666145617,-0.0470742392359504));
#2640=CARTESIAN_POINT('',(-0.0141945633236889,0.00943249125128174,-0.0490742392359505));
#2641=CARTESIAN_POINT('',(-0.0141945633236889,0.00943249125128174,-0.0476742392359505));
#2642=CARTESIAN_POINT('',(-0.0141945633236889,0.00943249125128173,-0.0470742392359504));
#2643=CARTESIAN_POINT('',(-0.0125279059492835,0.0110991486256871,-0.0490742392359505));
#2644=CARTESIAN_POINT('',(-0.0125279059492835,0.0110991486256871,-0.0476742392359505));
#2645=CARTESIAN_POINT('',(-0.0125279059492835,0.0110991486256871,-0.0470742392359504));
#2646=SURFACE_SIDE_STYLE('',(#5464));
#2647=EDGE_LOOP('',(#5465,#5466,#5467,#5468));
#2648=CARTESIAN_POINT('',(-0.0125279059492835,0.0110991486256871,-0.0490742392359505));
#2649=CARTESIAN_POINT('',(-0.0125279059492835,0.0110991486256871,-0.0476742392359505));
#2650=CARTESIAN_POINT('',(-0.0125279059492835,0.0110991486256871,-0.0470742392359504));
#2651=CARTESIAN_POINT('',(-0.0123422472394716,0.011284807335499,-0.0490742392359505));
#2652=CARTESIAN_POINT('',(-0.0123422472394716,0.011284807335499,-0.0476742392359505));
#2653=CARTESIAN_POINT('',(-0.0123422472394716,0.011284807335499,-0.0470742392359504));
#2654=CARTESIAN_POINT('',(-0.0122348686825887,0.0115442618978307,-0.0490742392359505));
#2655=CARTESIAN_POINT('',(-0.0122348686825887,0.0115442618978307,-0.0476742392359505));
#2656=CARTESIAN_POINT('',(-0.0122348686825887,0.0115442618978307,-0.0470742392359504));
#2657=CARTESIAN_POINT('',(-0.0122351567781539,0.0120682485565989,-0.0490742392359505));
#2658=CARTESIAN_POINT('',(-0.0122351567781539,0.0120682485565989,-0.0476742392359505));
#2659=CARTESIAN_POINT('',(-0.0122351567781539,0.0120682485565989,-0.0470742392359504));
#2660=CARTESIAN_POINT('',(-0.0123425465722299,0.0123282064659005,-0.0490742392359505));
#2661=CARTESIAN_POINT('',(-0.0123425465722299,0.0123282064659005,-0.0476742392359505));
#2662=CARTESIAN_POINT('',(-0.0123425465722299,0.0123282064659005,-0.0470742392359504));
#2663=CARTESIAN_POINT('',(-0.0127132648509457,0.0126985174353509,-0.0490742392359505));
#2664=CARTESIAN_POINT('',(-0.0127132648509457,0.0126985174353509,-0.0476742392359505));
#2665=CARTESIAN_POINT('',(-0.0127132648509457,0.0126985174353509,-0.0470742392359504));
#2666=CARTESIAN_POINT('',(-0.0129730189403155,0.0128063993745576,-0.0490742392359505));
#2667=CARTESIAN_POINT('',(-0.0129730189403155,0.0128063993745576,-0.0476742392359505));
#2668=CARTESIAN_POINT('',(-0.0129730189403155,0.0128063993745576,-0.0470742392359504));
#2669=CARTESIAN_POINT('',(-0.0134970055667842,0.012806111439714,-0.0490742392359505));
#2670=CARTESIAN_POINT('',(-0.0134970055667842,0.012806111439714,-0.0476742392359505));
#2671=CARTESIAN_POINT('',(-0.0134970055667842,0.012806111439714,-0.0470742392359504));
#2672=CARTESIAN_POINT('',(-0.0137563335523881,0.0126991481473287,-0.0490742392359505));
#2673=CARTESIAN_POINT('',(-0.0137563335523881,0.0126991481473287,-0.0476742392359505));
#2674=CARTESIAN_POINT('',(-0.0137563335523881,0.0126991481473287,-0.0470742392359504));
#2675=CARTESIAN_POINT('',(-0.0139421195116566,0.0125133621880602,-0.0490742392359505));
#2676=CARTESIAN_POINT('',(-0.0139421195116566,0.0125133621880602,-0.0476742392359505));
#2677=CARTESIAN_POINT('',(-0.0139421195116566,0.0125133621880602,-0.0470742392359504));
#2678=SURFACE_SIDE_STYLE('',(#5469));
#2679=EDGE_LOOP('',(#5470,#5471,#5472,#5473));
#2680=CARTESIAN_POINT('',(-0.0139421195116566,0.0125133621880602,-0.0490742392359505));
#2681=CARTESIAN_POINT('',(-0.0139421195116566,0.0125133621880602,-0.0476742392359505));
#2682=CARTESIAN_POINT('',(-0.0139421195116566,0.0125133621880602,-0.0470742392359504));
#2683=CARTESIAN_POINT('',(-0.0157938967461991,0.0106615849535177,-0.0490742392359505));
#2684=CARTESIAN_POINT('',(-0.0157938967461991,0.0106615849535177,-0.0476742392359505));
#2685=CARTESIAN_POINT('',(-0.0157938967461991,0.0106615849535177,-0.0470742392359504));
#2686=CARTESIAN_POINT('',(-0.0172755775859371,0.00844411802704985,-0.0490742392359505));
#2687=CARTESIAN_POINT('',(-0.0172755775859371,0.00844411802704985,-0.0476742392359505));
#2688=CARTESIAN_POINT('',(-0.0172755775859371,0.00844411802704985,-0.0470742392359504));
#2689=CARTESIAN_POINT('',(-0.0192795715233765,0.00360567231651109,-0.0490742392359505));
#2690=CARTESIAN_POINT('',(-0.0192795715233765,0.00360567231651108,-0.0476742392359505));
#2691=CARTESIAN_POINT('',(-0.0192795715233765,0.00360567231651108,-0.0470742392359504));
#2692=CARTESIAN_POINT('',(-0.0198000559132019,0.000989744521752722,-0.0490742392359505));
#2693=CARTESIAN_POINT('',(-0.0198000559132019,0.000989744521752717,-0.0476742392359505));
#2694=CARTESIAN_POINT('',(-0.0198000559132019,0.000989744521752715,-0.0470742392359504));
#2695=CARTESIAN_POINT('',(-0.0197999118626428,-0.00424729163895759,-0.0490742392359505));
#2696=CARTESIAN_POINT('',(-0.0197999118626428,-0.00424729163895759,-0.0476742392359505));
#2697=CARTESIAN_POINT('',(-0.0197999118626428,-0.0042472916389576,-0.0470742392359504));
#2698=CARTESIAN_POINT('',(-0.0192797045414618,-0.00686327448457133,-0.0490742392359505));
#2699=CARTESIAN_POINT('',(-0.0192797045414618,-0.00686327448457134,-0.0476742392359505));
#2700=CARTESIAN_POINT('',(-0.0192797045414618,-0.00686327448457134,-0.0470742392359504));
#2701=CARTESIAN_POINT('',(-0.0172754443604546,-0.0117016101023475,-0.0490742392359505));
#2702=CARTESIAN_POINT('',(-0.0172754443604546,-0.0117016101023475,-0.0476742392359505));
#2703=CARTESIAN_POINT('',(-0.0172754443604546,-0.0117016101023475,-0.0470742392359504));
#2704=CARTESIAN_POINT('',(-0.0157939362932889,-0.0139190922777695,-0.0490742392359506));
#2705=CARTESIAN_POINT('',(-0.0157939362932889,-0.0139190922777696,-0.0476742392359506));
#2706=CARTESIAN_POINT('',(-0.0157939362932889,-0.0139190922777696,-0.0470742392359504));
#2707=CARTESIAN_POINT('',(-0.0139421195116567,-0.0157709090594018,-0.0490742392359506));
#2708=CARTESIAN_POINT('',(-0.0139421195116567,-0.0157709090594018,-0.0476742392359506));
#2709=CARTESIAN_POINT('',(-0.0139421195116567,-0.0157709090594018,-0.0470742392359505));
#2710=SURFACE_SIDE_STYLE('',(#5474));
#2711=EDGE_LOOP('',(#5475,#5476,#5477,#5478));
#2712=CARTESIAN_POINT('',(-0.0139421195116567,-0.0157709090594018,-0.0490742392359506));
#2713=CARTESIAN_POINT('',(-0.0139421195116567,-0.0157709090594018,-0.0476742392359506));
#2714=CARTESIAN_POINT('',(-0.0139421195116567,-0.0157709090594018,-0.0470742392359505));
#2715=CARTESIAN_POINT('',(-0.0137564608018459,-0.0159565677692125,-0.0490742392359506));
#2716=CARTESIAN_POINT('',(-0.0137564608018459,-0.0159565677692125,-0.0476742392359506));
#2717=CARTESIAN_POINT('',(-0.0137564608018459,-0.0159565677692125,-0.0470742392359505));
#2718=CARTESIAN_POINT('',(-0.0134970062395099,-0.0160639463260966,-0.0490742392359506));
#2719=CARTESIAN_POINT('',(-0.0134970062395099,-0.0160639463260966,-0.0476742392359506));
#2720=CARTESIAN_POINT('',(-0.0134970062395099,-0.0160639463260966,-0.0470742392359505));
#2721=CARTESIAN_POINT('',(-0.0129730195807481,-0.0160636582305314,-0.0490742392359506));
#2722=CARTESIAN_POINT('',(-0.012973019580748,-0.0160636582305314,-0.0476742392359506));
#2723=CARTESIAN_POINT('',(-0.012973019580748,-0.0160636582305314,-0.0470742392359505));
#2724=CARTESIAN_POINT('',(-0.0127130616714448,-0.0159562684364569,-0.0490742392359506));
#2725=CARTESIAN_POINT('',(-0.0127130616714448,-0.0159562684364569,-0.0476742392359506));
#2726=CARTESIAN_POINT('',(-0.0127130616714448,-0.0159562684364569,-0.0470742392359505));
#2727=CARTESIAN_POINT('',(-0.0123427507019913,-0.015585550157738,-0.0490742392359506));
#2728=CARTESIAN_POINT('',(-0.0123427507019913,-0.015585550157738,-0.0476742392359506));
#2729=CARTESIAN_POINT('',(-0.0123427507019913,-0.015585550157738,-0.0470742392359505));
#2730=CARTESIAN_POINT('',(-0.0122348687627862,-0.0153257960683692,-0.0490742392359506));
#2731=CARTESIAN_POINT('',(-0.0122348687627862,-0.0153257960683692,-0.0476742392359506));
#2732=CARTESIAN_POINT('',(-0.0122348687627862,-0.0153257960683692,-0.0470742392359505));
#2733=CARTESIAN_POINT('',(-0.0122351566976298,-0.0148018094419016,-0.0490742392359506));
#2734=CARTESIAN_POINT('',(-0.0122351566976298,-0.0148018094419016,-0.0476742392359506));
#2735=CARTESIAN_POINT('',(-0.0122351566976298,-0.0148018094419017,-0.0470742392359505));
#2736=CARTESIAN_POINT('',(-0.0123421199900153,-0.014542481456297,-0.0490742392359506));
#2737=CARTESIAN_POINT('',(-0.0123421199900153,-0.014542481456297,-0.0476742392359506));
#2738=CARTESIAN_POINT('',(-0.0123421199900153,-0.014542481456297,-0.0470742392359505));
#2739=CARTESIAN_POINT('',(-0.0125279059492836,-0.0143566954970287,-0.0490742392359506));
#2740=CARTESIAN_POINT('',(-0.0125279059492836,-0.0143566954970287,-0.0476742392359506));
#2741=CARTESIAN_POINT('',(-0.0125279059492836,-0.0143566954970287,-0.0470742392359505));
#2742=SURFACE_SIDE_STYLE('',(#5479));
#2743=EDGE_LOOP('',(#5480,#5481,#5482,#5483));
#2744=AXIS2_PLACEMENT_3D('',#5484,#5485,#5486);
#2745=SURFACE_SIDE_STYLE('',(#5487));
#2746=EDGE_LOOP('',(#5488,#5489,#5490,#5491));
#2747=CARTESIAN_POINT('',(0.0143421517358052,0.0125133621880601,-0.0490742392359506));
#2748=CARTESIAN_POINT('',(0.0143421517358052,0.0125133621880601,-0.0476742392359506));
#2749=CARTESIAN_POINT('',(0.0143421517358052,0.0125133621880601,-0.0470742392359504));
#2750=CARTESIAN_POINT('',(0.0141564930259937,0.0126990208978717,-0.0490742392359506));
#2751=CARTESIAN_POINT('',(0.0141564930259937,0.0126990208978717,-0.0476742392359506));
#2752=CARTESIAN_POINT('',(0.0141564930259937,0.0126990208978717,-0.0470742392359504));
#2753=CARTESIAN_POINT('',(0.0138970384636606,0.012806399454755,-0.0490742392359506));
#2754=CARTESIAN_POINT('',(0.0138970384636606,0.012806399454755,-0.0476742392359506));
#2755=CARTESIAN_POINT('',(0.0138970384636606,0.012806399454755,-0.0470742392359504));
#2756=CARTESIAN_POINT('',(0.0133730518048944,0.0128061113591898,-0.0490742392359506));
#2757=CARTESIAN_POINT('',(0.0133730518048944,0.0128061113591898,-0.0476742392359505));
#2758=CARTESIAN_POINT('',(0.0133730518048944,0.0128061113591898,-0.0470742392359504));
#2759=CARTESIAN_POINT('',(0.0131130938955938,0.0126987215651157,-0.0490742392359506));
#2760=CARTESIAN_POINT('',(0.0131130938955938,0.0126987215651157,-0.0476742392359505));
#2761=CARTESIAN_POINT('',(0.0131130938955938,0.0126987215651157,-0.0470742392359504));
#2762=CARTESIAN_POINT('',(0.0127427829261394,0.012328003286396,-0.0490742392359506));
#2763=CARTESIAN_POINT('',(0.0127427829261394,0.012328003286396,-0.0476742392359505));
#2764=CARTESIAN_POINT('',(0.0127427829261394,0.012328003286396,-0.0470742392359504));
#2765=CARTESIAN_POINT('',(0.0126349009869347,0.0120682491970265,-0.0490742392359506));
#2766=CARTESIAN_POINT('',(0.0126349009869347,0.0120682491970265,-0.0476742392359505));
#2767=CARTESIAN_POINT('',(0.0126349009869347,0.0120682491970265,-0.0470742392359504));
#2768=CARTESIAN_POINT('',(0.0126351889217783,0.011544262570561,-0.0490742392359506));
#2769=CARTESIAN_POINT('',(0.0126351889217783,0.011544262570561,-0.0476742392359506));
#2770=CARTESIAN_POINT('',(0.0126351889217783,0.011544262570561,-0.0470742392359504));
#2771=CARTESIAN_POINT('',(0.0127421522141642,0.011284934584955,-0.0490742392359506));
#2772=CARTESIAN_POINT('',(0.0127421522141642,0.011284934584955,-0.0476742392359506));
#2773=CARTESIAN_POINT('',(0.0127421522141642,0.011284934584955,-0.0470742392359504));
#2774=CARTESIAN_POINT('',(0.0129279381734321,0.011099148625687,-0.0490742392359506));
#2775=CARTESIAN_POINT('',(0.0129279381734321,0.011099148625687,-0.0476742392359506));
#2776=CARTESIAN_POINT('',(0.0129279381734321,0.011099148625687,-0.0470742392359504));
#2777=SURFACE_SIDE_STYLE('',(#5492));
#2778=EDGE_LOOP('',(#5493,#5494,#5495,#5496));
#2779=CARTESIAN_POINT('',(0.0129279381734321,-0.0143566954970287,-0.0490742392359506));
#2780=CARTESIAN_POINT('',(0.0129279381734321,-0.0143566954970287,-0.0476742392359506));
#2781=CARTESIAN_POINT('',(0.0129279381734321,-0.0143566954970287,-0.0470742392359505));
#2782=CARTESIAN_POINT('',(0.0127422794636205,-0.0145423542068403,-0.0490742392359506));
#2783=CARTESIAN_POINT('',(0.0127422794636205,-0.0145423542068403,-0.0476742392359506));
#2784=CARTESIAN_POINT('',(0.0127422794636205,-0.0145423542068403,-0.0470742392359505));
#2785=CARTESIAN_POINT('',(0.0126349009067373,-0.0148018087691734,-0.0490742392359506));
#2786=CARTESIAN_POINT('',(0.0126349009067373,-0.0148018087691734,-0.0476742392359506));
#2787=CARTESIAN_POINT('',(0.0126349009067373,-0.0148018087691734,-0.0470742392359505));
#2788=CARTESIAN_POINT('',(0.0126351890023025,-0.0153257954279395,-0.0490742392359507));
#2789=CARTESIAN_POINT('',(0.0126351890023025,-0.0153257954279395,-0.0476742392359506));
#2790=CARTESIAN_POINT('',(0.0126351890023025,-0.0153257954279395,-0.0470742392359505));
#2791=CARTESIAN_POINT('',(0.0127425787963779,-0.0155857533372411,-0.0490742392359507));
#2792=CARTESIAN_POINT('',(0.0127425787963779,-0.0155857533372411,-0.0476742392359506));
#2793=CARTESIAN_POINT('',(0.0127425787963779,-0.0155857533372411,-0.0470742392359505));
#2794=CARTESIAN_POINT('',(0.0131132970750949,-0.0159560643066936,-0.0490742392359507));
#2795=CARTESIAN_POINT('',(0.0131132970750949,-0.0159560643066936,-0.0476742392359507));
#2796=CARTESIAN_POINT('',(0.0131132970750949,-0.0159560643066936,-0.0470742392359505));
#2797=CARTESIAN_POINT('',(0.0133730511644655,-0.0160639462458992,-0.0490742392359507));
#2798=CARTESIAN_POINT('',(0.0133730511644655,-0.0160639462458993,-0.0476742392359507));
#2799=CARTESIAN_POINT('',(0.0133730511644655,-0.0160639462458993,-0.0470742392359505));
#2800=CARTESIAN_POINT('',(0.0138970377909315,-0.0160636583110557,-0.0490742392359507));
#2801=CARTESIAN_POINT('',(0.0138970377909315,-0.0160636583110557,-0.0476742392359507));
#2802=CARTESIAN_POINT('',(0.0138970377909315,-0.0160636583110557,-0.0470742392359506));
#2803=CARTESIAN_POINT('',(0.0141563657765372,-0.0159566950186699,-0.0490742392359507));
#2804=CARTESIAN_POINT('',(0.0141563657765372,-0.0159566950186699,-0.0476742392359507));
#2805=CARTESIAN_POINT('',(0.0141563657765372,-0.0159566950186699,-0.0470742392359506));
#2806=CARTESIAN_POINT('',(0.0143421517358052,-0.0157709090594018,-0.0490742392359507));
#2807=CARTESIAN_POINT('',(0.0143421517358052,-0.0157709090594018,-0.0476742392359507));
#2808=CARTESIAN_POINT('',(0.0143421517358052,-0.0157709090594018,-0.0470742392359506));
#2809=SURFACE_SIDE_STYLE('',(#5497));
#2810=EDGE_LOOP('',(#5498,#5499,#5500,#5501));
#2811=AXIS2_PLACEMENT_3D('',#5502,#5503,#5504);
#2812=SURFACE_SIDE_STYLE('',(#5505));
#2813=EDGE_LOOP('',(#5506,#5507,#5508,#5509));
#2814=CARTESIAN_POINT('',(0.0129279381734321,0.011099148625687,-0.0490742392359506));
#2815=CARTESIAN_POINT('',(0.0129279381734321,0.011099148625687,-0.0476742392359506));
#2816=CARTESIAN_POINT('',(0.0129279381734321,0.011099148625687,-0.0470742392359504));
#2817=CARTESIAN_POINT('',(0.0145945360209288,0.00943255077819038,-0.0490742392359506));
#2818=CARTESIAN_POINT('',(0.0145945360209288,0.00943255077819038,-0.0476742392359506));
#2819=CARTESIAN_POINT('',(0.0145945360209288,0.00943255077819037,-0.0470742392359505));
#2820=CARTESIAN_POINT('',(0.0159280571966336,0.00743683136045871,-0.0490742392359506));
#2821=CARTESIAN_POINT('',(0.0159280571966336,0.0074368313604587,-0.0476742392359506));
#2822=CARTESIAN_POINT('',(0.0159280571966336,0.0074368313604587,-0.0470742392359505));
#2823=CARTESIAN_POINT('',(0.0177316381695537,0.003082225401834,-0.0490742392359506));
#2824=CARTESIAN_POINT('',(0.0177316381695537,0.003082225401834,-0.0476742392359506));
#2825=CARTESIAN_POINT('',(0.0177316381695537,0.003082225401834,-0.0470742392359505));
#2826=CARTESIAN_POINT('',(0.0182000881164654,0.000727892498324556,-0.0490742392359506));
#2827=CARTESIAN_POINT('',(0.0182000881164655,0.000727892498324551,-0.0476742392359506));
#2828=CARTESIAN_POINT('',(0.0182000881164655,0.000727892498324549,-0.0470742392359505));
#2829=CARTESIAN_POINT('',(0.0181999441076853,-0.00398543929589713,-0.0490742392359506));
#2830=CARTESIAN_POINT('',(0.0181999441076854,-0.00398543929589714,-0.0476742392359506));
#2831=CARTESIAN_POINT('',(0.0181999441076854,-0.00398543929589714,-0.0470742392359505));
#2832=CARTESIAN_POINT('',(0.0177317712716601,-0.00633982726021525,-0.0490742392359506));
#2833=CARTESIAN_POINT('',(0.0177317712716601,-0.00633982726021525,-0.0476742392359506));
#2834=CARTESIAN_POINT('',(0.0177317712716601,-0.00633982726021526,-0.0470742392359505));
#2835=CARTESIAN_POINT('',(0.0159279241268022,-0.0106943231668371,-0.0490742392359506));
#2836=CARTESIAN_POINT('',(0.0159279241268022,-0.0106943231668371,-0.0476742392359506));
#2837=CARTESIAN_POINT('',(0.0159279241268022,-0.0106943231668371,-0.0470742392359505));
#2838=CARTESIAN_POINT('',(0.0145945958268776,-0.0126900377509623,-0.0490742392359506));
#2839=CARTESIAN_POINT('',(0.0145945958268776,-0.0126900377509623,-0.0476742392359506));
#2840=CARTESIAN_POINT('',(0.0145945958268776,-0.0126900377509623,-0.0470742392359505));
#2841=CARTESIAN_POINT('',(0.0129279385277283,-0.0143566951427325,-0.0490742392359506));
#2842=CARTESIAN_POINT('',(0.0129279385277283,-0.0143566951427326,-0.0476742392359506));
#2843=CARTESIAN_POINT('',(0.0129279385277283,-0.0143566951427326,-0.0470742392359505));
#2844=CARTESIAN_POINT('',(0.0128612722357623,-0.0144233614384034,-0.0490742392359506));
#2845=CARTESIAN_POINT('',(0.0128612722357623,-0.0144233614384034,-0.0476742392359506));
#2846=CARTESIAN_POINT('',(0.0128612722357623,-0.0144233614384034,-0.0470742392359505));
#2847=CARTESIAN_POINT('',(0.0127946059437963,-0.0144900277340742,-0.0490742392359506));
#2848=CARTESIAN_POINT('',(0.0127946059437963,-0.0144900277340742,-0.0476742392359506));
#2849=CARTESIAN_POINT('',(0.0127946059437963,-0.0144900277340742,-0.0470742392359505));
#2850=CARTESIAN_POINT('',(0.0127279396518304,-0.014556694029745,-0.0490742392359506));
#2851=CARTESIAN_POINT('',(0.0127279396518304,-0.014556694029745,-0.0476742392359506));
#2852=CARTESIAN_POINT('',(0.0127279396518304,-0.014556694029745,-0.0470742392359505));
#2853=SURFACE_SIDE_STYLE('',(#5510));
#2854=EDGE_LOOP('',(#5511,#5512,#5513,#5514));
#2855=AXIS2_PLACEMENT_3D('',#5515,#5516,#5517);
#2856=SURFACE_SIDE_STYLE('',(#5518));
#2857=EDGE_LOOP('',(#5519,#5520,#5521,#5522));
#2858=CARTESIAN_POINT('',(0.0143421517358052,-0.0157709090594018,-0.0490742392359507));
#2859=CARTESIAN_POINT('',(0.0143421517358052,-0.0157709090594018,-0.0476742392359507));
#2860=CARTESIAN_POINT('',(0.0143421517358052,-0.0157709090594018,-0.0470742392359506));
#2861=CARTESIAN_POINT('',(0.0161939289703354,-0.0139191318248716,-0.0490742392359507));
#2862=CARTESIAN_POINT('',(0.0161939289703354,-0.0139191318248716,-0.0476742392359507));
#2863=CARTESIAN_POINT('',(0.0161939289703354,-0.0139191318248716,-0.0470742392359505));
#2864=CARTESIAN_POINT('',(0.0176756098100952,-0.0117016648983683,-0.0490742392359507));
#2865=CARTESIAN_POINT('',(0.0176756098100952,-0.0117016648983683,-0.0476742392359507));
#2866=CARTESIAN_POINT('',(0.0176756098100952,-0.0117016648983683,-0.0470742392359505));
#2867=CARTESIAN_POINT('',(0.0196796037475155,-0.00686321918787591,-0.0490742392359506));
#2868=CARTESIAN_POINT('',(0.0196796037475155,-0.00686321918787591,-0.0476742392359506));
#2869=CARTESIAN_POINT('',(0.0196796037475155,-0.00686321918787591,-0.0470742392359505));
#2870=CARTESIAN_POINT('',(0.0202000881373504,-0.00424729139300978,-0.0490742392359506));
#2871=CARTESIAN_POINT('',(0.0202000881373504,-0.00424729139300978,-0.0476742392359506));
#2872=CARTESIAN_POINT('',(0.0202000881373504,-0.00424729139300978,-0.0470742392359505));
#2873=CARTESIAN_POINT('',(0.0201999440867914,0.000989744767531356,-0.0490742392359506));
#2874=CARTESIAN_POINT('',(0.0201999440867914,0.000989744767531351,-0.0476742392359506));
#2875=CARTESIAN_POINT('',(0.0201999440867914,0.000989744767531349,-0.0470742392359505));
#2876=CARTESIAN_POINT('',(0.0196797367656145,0.00360572761321959,-0.0490742392359506));
#2877=CARTESIAN_POINT('',(0.0196797367656145,0.00360572761321958,-0.0476742392359506));
#2878=CARTESIAN_POINT('',(0.0196797367656145,0.00360572761321958,-0.0470742392359505));
#2879=CARTESIAN_POINT('',(0.017675476584599,0.00844406323101588,-0.0490742392359506));
#2880=CARTESIAN_POINT('',(0.017675476584599,0.00844406323101588,-0.0476742392359506));
#2881=CARTESIAN_POINT('',(0.017675476584599,0.00844406323101587,-0.0470742392359505));
#2882=CARTESIAN_POINT('',(0.0161939685174422,0.0106615454064231,-0.0490742392359506));
#2883=CARTESIAN_POINT('',(0.0161939685174422,0.0106615454064231,-0.0476742392359506));
#2884=CARTESIAN_POINT('',(0.0161939685174422,0.0106615454064231,-0.0470742392359505));
#2885=CARTESIAN_POINT('',(0.0143421517358052,0.0125133621880601,-0.0490742392359506));
#2886=CARTESIAN_POINT('',(0.0143421517358052,0.0125133621880601,-0.0476742392359506));
#2887=CARTESIAN_POINT('',(0.0143421517358052,0.0125133621880601,-0.0470742392359504));
#2888=SURFACE_SIDE_STYLE('',(#5523));
#2889=EDGE_LOOP('',(#5524,#5525,#5526,#5527));
#2890=CARTESIAN_POINT('',(0.0100995110486859,0.00827072150094083,-0.0490742392359506));
#2891=CARTESIAN_POINT('',(0.0100995110486859,0.00827072150094083,-0.0476742392359506));
#2892=CARTESIAN_POINT('',(0.010099511048686,0.00827072150094082,-0.0470742392359505));
#2893=CARTESIAN_POINT('',(0.00991385233887437,0.00845638021075241,-0.0490742392359506));
#2894=CARTESIAN_POINT('',(0.00991385233887437,0.0084563802107524,-0.0476742392359506));
#2895=CARTESIAN_POINT('',(0.00991385233887437,0.0084563802107524,-0.0470742392359504));
#2896=CARTESIAN_POINT('',(0.00965439777654129,0.00856375876763568,-0.0490742392359506));
#2897=CARTESIAN_POINT('',(0.00965439777654129,0.00856375876763567,-0.0476742392359506));
#2898=CARTESIAN_POINT('',(0.00965439777654129,0.00856375876763567,-0.0470742392359504));
#2899=CARTESIAN_POINT('',(0.00913041111777511,0.00856347067207048,-0.0490742392359506));
#2900=CARTESIAN_POINT('',(0.00913041111777512,0.00856347067207047,-0.0476742392359506));
#2901=CARTESIAN_POINT('',(0.00913041111777512,0.00856347067207047,-0.0470742392359504));
#2902=CARTESIAN_POINT('',(0.00887045320847447,0.00845608087799637,-0.0490742392359506));
#2903=CARTESIAN_POINT('',(0.00887045320847448,0.00845608087799636,-0.0476742392359505));
#2904=CARTESIAN_POINT('',(0.00887045320847448,0.00845608087799636,-0.0470742392359504));
#2905=CARTESIAN_POINT('',(0.00850014223902015,0.00808536259927669,-0.0490742392359506));
#2906=CARTESIAN_POINT('',(0.00850014223902015,0.00808536259927669,-0.0476742392359505));
#2907=CARTESIAN_POINT('',(0.00850014223902015,0.00808536259927669,-0.0470742392359504));
#2908=CARTESIAN_POINT('',(0.00839226029981541,0.00782560850990725,-0.0490742392359506));
#2909=CARTESIAN_POINT('',(0.00839226029981541,0.00782560850990725,-0.0476742392359506));
#2910=CARTESIAN_POINT('',(0.00839226029981541,0.00782560850990724,-0.0470742392359504));
#2911=CARTESIAN_POINT('',(0.00839254823465901,0.00730162188344171,-0.0490742392359506));
#2912=CARTESIAN_POINT('',(0.00839254823465901,0.00730162188344171,-0.0476742392359506));
#2913=CARTESIAN_POINT('',(0.00839254823465901,0.0073016218834417,-0.0470742392359504));
#2914=CARTESIAN_POINT('',(0.00849951152704489,0.00704229389783569,-0.0490742392359506));
#2915=CARTESIAN_POINT('',(0.00849951152704489,0.00704229389783569,-0.0476742392359506));
#2916=CARTESIAN_POINT('',(0.0084995115270449,0.00704229389783568,-0.0470742392359504));
#2917=CARTESIAN_POINT('',(0.00868529748631285,0.00685650793856773,-0.0490742392359506));
#2918=CARTESIAN_POINT('',(0.00868529748631285,0.00685650793856773,-0.0476742392359506));
#2919=CARTESIAN_POINT('',(0.00868529748631285,0.00685650793856772,-0.0470742392359505));
#2920=SURFACE_SIDE_STYLE('',(#5528));
#2921=EDGE_LOOP('',(#5529,#5530,#5531,#5532));
#2922=CARTESIAN_POINT('',(0.00868529748631283,-0.0101140548099094,-0.0490742392359506));
#2923=CARTESIAN_POINT('',(0.00868529748631284,-0.0101140548099094,-0.0476742392359506));
#2924=CARTESIAN_POINT('',(0.00868529748631284,-0.0101140548099094,-0.0470742392359505));
#2925=CARTESIAN_POINT('',(0.00849963877650127,-0.010299713519721,-0.0490742392359506));
#2926=CARTESIAN_POINT('',(0.00849963877650127,-0.010299713519721,-0.0476742392359506));
#2927=CARTESIAN_POINT('',(0.00849963877650127,-0.010299713519721,-0.0470742392359505));
#2928=CARTESIAN_POINT('',(0.00839226021961797,-0.0105591680820541,-0.0490742392359506));
#2929=CARTESIAN_POINT('',(0.00839226021961797,-0.0105591680820541,-0.0476742392359506));
#2930=CARTESIAN_POINT('',(0.00839226021961797,-0.0105591680820541,-0.0470742392359505));
#2931=CARTESIAN_POINT('',(0.0083925483151832,-0.0110831547408202,-0.0490742392359506));
#2932=CARTESIAN_POINT('',(0.00839254831518321,-0.0110831547408202,-0.0476742392359506));
#2933=CARTESIAN_POINT('',(0.00839254831518321,-0.0110831547408203,-0.0470742392359505));
#2934=CARTESIAN_POINT('',(0.00849993810925938,-0.011343112650123,-0.0490742392359506));
#2935=CARTESIAN_POINT('',(0.00849993810925938,-0.011343112650123,-0.0476742392359506));
#2936=CARTESIAN_POINT('',(0.00849993810925938,-0.011343112650123,-0.0470742392359505));
#2937=CARTESIAN_POINT('',(0.00887065638797488,-0.0117134236195731,-0.0490742392359506));
#2938=CARTESIAN_POINT('',(0.00887065638797489,-0.0117134236195731,-0.0476742392359506));
#2939=CARTESIAN_POINT('',(0.00887065638797489,-0.0117134236195731,-0.0470742392359505));
#2940=CARTESIAN_POINT('',(0.00913041047734642,-0.01182130555878,-0.0490742392359506));
#2941=CARTESIAN_POINT('',(0.00913041047734643,-0.01182130555878,-0.0476742392359506));
#2942=CARTESIAN_POINT('',(0.00913041047734643,-0.01182130555878,-0.0470742392359505));
#2943=CARTESIAN_POINT('',(0.00965439710381195,-0.0118210176239364,-0.0490742392359506));
#2944=CARTESIAN_POINT('',(0.00965439710381195,-0.0118210176239364,-0.0476742392359506));
#2945=CARTESIAN_POINT('',(0.00965439710381195,-0.0118210176239364,-0.0470742392359505));
#2946=CARTESIAN_POINT('',(0.00991372508941795,-0.0117140543315505,-0.0490742392359506));
#2947=CARTESIAN_POINT('',(0.00991372508941796,-0.0117140543315505,-0.0476742392359506));
#2948=CARTESIAN_POINT('',(0.00991372508941796,-0.0117140543315505,-0.0470742392359505));
#2949=CARTESIAN_POINT('',(0.0100995110486859,-0.0115282683722825,-0.0490742392359506));
#2950=CARTESIAN_POINT('',(0.0100995110486859,-0.0115282683722825,-0.0476742392359506));
#2951=CARTESIAN_POINT('',(0.0100995110486859,-0.0115282683722825,-0.0470742392359505));
#2952=SURFACE_SIDE_STYLE('',(#5533));
#2953=EDGE_LOOP('',(#5534,#5535,#5536,#5537));
#2954=AXIS2_PLACEMENT_3D('',#5538,#5539,#5540);
#2955=SURFACE_SIDE_STYLE('',(#5541));
#2956=EDGE_LOOP('',(#5542,#5543,#5544,#5545));
#2957=CARTESIAN_POINT('',(0.00868529748631285,0.00685650793856773,-0.0490742392359506));
#2958=CARTESIAN_POINT('',(0.00868529748631285,0.00685650793856773,-0.0476742392359506));
#2959=CARTESIAN_POINT('',(0.00868529748631286,0.00685650793856772,-0.0470742392359505));
#2960=CARTESIAN_POINT('',(0.00979635703540339,0.00574544838947719,-0.0490742392359506));
#2961=CARTESIAN_POINT('',(0.0097963570354034,0.00574544838947719,-0.0476742392359506));
#2962=CARTESIAN_POINT('',(0.0097963570354034,0.00574544838947718,-0.0470742392359505));
#2963=CARTESIAN_POINT('',(0.0106853995627944,0.00441497092243438,-0.0490742392359506));
#2964=CARTESIAN_POINT('',(0.0106853995627944,0.00441497092243438,-0.0476742392359506));
#2965=CARTESIAN_POINT('',(0.0106853995627944,0.00441497092243438,-0.0470742392359505));
#2966=CARTESIAN_POINT('',(0.011887741364731,0.00151188476864876,-0.0490742392359506));
#2967=CARTESIAN_POINT('',(0.011887741364731,0.00151188476864875,-0.0476742392359506));
#2968=CARTESIAN_POINT('',(0.011887741364731,0.00151188476864875,-0.0470742392359505));
#2969=CARTESIAN_POINT('',(0.0122000881000911,-5.76642343290625E-05,-0.0490742392359506));
#2970=CARTESIAN_POINT('',(0.0122000881000911,-5.76642343290677E-05,-0.0476742392359506));
#2971=CARTESIAN_POINT('',(0.0122000881000911,-5.76642343290698E-05,-0.0470742392359505));
#2972=CARTESIAN_POINT('',(0.0121999441240722,-0.00319988231544858,-0.0490742392359506));
#2973=CARTESIAN_POINT('',(0.0121999441240722,-0.00319988231544859,-0.0476742392359506));
#2974=CARTESIAN_POINT('',(0.0121999441240722,-0.00319988231544859,-0.0470742392359505));
#2975=CARTESIAN_POINT('',(0.0118878745318831,-0.00476948639103038,-0.0490742392359506));
#2976=CARTESIAN_POINT('',(0.0118878745318831,-0.00476948639103039,-0.0476742392359506));
#2977=CARTESIAN_POINT('',(0.0118878745318831,-0.00476948639103039,-0.0470742392359505));
#2978=CARTESIAN_POINT('',(0.0106852666028291,-0.00767246254255983,-0.0490742392359506));
#2979=CARTESIAN_POINT('',(0.0106852666028291,-0.00767246254255983,-0.0476742392359506));
#2980=CARTESIAN_POINT('',(0.0106852666028291,-0.00767246254255983,-0.0470742392359505));
#2981=CARTESIAN_POINT('',(0.00979641038630604,-0.00900294181728015,-0.0490742392359506));
#2982=CARTESIAN_POINT('',(0.00979641038630604,-0.00900294181728015,-0.0476742392359506));
#2983=CARTESIAN_POINT('',(0.00979641038630604,-0.00900294181728016,-0.0470742392359505));
#2984=CARTESIAN_POINT('',(0.0086852978405537,-0.0101140544556685,-0.0490742392359506));
#2985=CARTESIAN_POINT('',(0.0086852978405537,-0.0101140544556685,-0.0476742392359506));
#2986=CARTESIAN_POINT('',(0.0086852978405537,-0.0101140544556685,-0.0470742392359505));
#2987=CARTESIAN_POINT('',(0.00864085333872361,-0.0101584989612041,-0.0490742392359506));
#2988=CARTESIAN_POINT('',(0.00864085333872361,-0.0101584989612041,-0.0476742392359506));
#2989=CARTESIAN_POINT('',(0.00864085333872361,-0.0101584989612041,-0.0470742392359505));
#2990=CARTESIAN_POINT('',(0.00859640883689351,-0.0102029434667396,-0.0490742392359506));
#2991=CARTESIAN_POINT('',(0.00859640883689351,-0.0102029434667396,-0.0476742392359506));
#2992=CARTESIAN_POINT('',(0.00859640883689352,-0.0102029434667396,-0.0470742392359505));
#2993=CARTESIAN_POINT('',(0.00855196433506342,-0.0102473879722751,-0.0490742392359506));
#2994=CARTESIAN_POINT('',(0.00855196433506342,-0.0102473879722751,-0.0476742392359506));
#2995=CARTESIAN_POINT('',(0.00855196433506342,-0.0102473879722751,-0.0470742392359505));
#2996=SURFACE_SIDE_STYLE('',(#5546));
#2997=EDGE_LOOP('',(#5547,#5548,#5549,#5550));
#2998=AXIS2_PLACEMENT_3D('',#5551,#5552,#5553);
#2999=SURFACE_SIDE_STYLE('',(#5554));
#3000=EDGE_LOOP('',(#5555,#5556,#5557,#5558));
#3001=CARTESIAN_POINT('',(0.0100995110486859,-0.0115282683722825,-0.0490742392359506));
#3002=CARTESIAN_POINT('',(0.0100995110486859,-0.0115282683722825,-0.0476742392359506));
#3003=CARTESIAN_POINT('',(0.0100995110486859,-0.0115282683722825,-0.0470742392359505));
#3004=CARTESIAN_POINT('',(0.0113957501028246,-0.0102320293181438,-0.0490742392359506));
#3005=CARTESIAN_POINT('',(0.0113957501028246,-0.0102320293181438,-0.0476742392359506));
#3006=CARTESIAN_POINT('',(0.0113957501028246,-0.0102320293181438,-0.0470742392359505));
#3007=CARTESIAN_POINT('',(0.0124329521212243,-0.00867980461604377,-0.0490742392359506));
#3008=CARTESIAN_POINT('',(0.0124329521212243,-0.00867980461604377,-0.0476742392359506));
#3009=CARTESIAN_POINT('',(0.0124329521212243,-0.00867980461604378,-0.0470742392359505));
#3010=CARTESIAN_POINT('',(0.0138357070484686,-0.0052928782764622,-0.0490742392359506));
#3011=CARTESIAN_POINT('',(0.0138357070484686,-0.00529287827646221,-0.0476742392359506));
#3012=CARTESIAN_POINT('',(0.0138357070484686,-0.00529287827646221,-0.0470742392359505));
#3013=CARTESIAN_POINT('',(0.0142000881383242,-0.00346173475930117,-0.0490742392359506));
#3014=CARTESIAN_POINT('',(0.0142000881383242,-0.00346173475930117,-0.0476742392359506));
#3015=CARTESIAN_POINT('',(0.0142000881383242,-0.00346173475930118,-0.0470742392359505));
#3016=CARTESIAN_POINT('',(0.0141999440858141,0.000204188149927894,-0.0490742392359506));
#3017=CARTESIAN_POINT('',(0.0141999440858141,0.000204188149927889,-0.0476742392359506));
#3018=CARTESIAN_POINT('',(0.0141999440858141,0.000204188149927887,-0.0470742392359505));
#3019=CARTESIAN_POINT('',(0.0138358400624129,0.00203538672354541,-0.0490742392359506));
#3020=CARTESIAN_POINT('',(0.0138358400624129,0.0020353867235454,-0.0476742392359506));
#3021=CARTESIAN_POINT('',(0.0138358400624129,0.0020353867235454,-0.0470742392359505));
#3022=CARTESIAN_POINT('',(0.012432818872706,0.0054222029925449,-0.0490742392359506));
#3023=CARTESIAN_POINT('',(0.012432818872706,0.0054222029925449,-0.0476742392359506));
#3024=CARTESIAN_POINT('',(0.012432818872706,0.0054222029925449,-0.0470742392359505));
#3025=CARTESIAN_POINT('',(0.0113958052973732,0.00697442725225355,-0.0490742392359506));
#3026=CARTESIAN_POINT('',(0.0113958052973732,0.00697442725225354,-0.0476742392359506));
#3027=CARTESIAN_POINT('',(0.0113958052973732,0.00697442725225354,-0.0470742392359505));
#3028=CARTESIAN_POINT('',(0.0100995110486859,0.00827072150094083,-0.0490742392359506));
#3029=CARTESIAN_POINT('',(0.0100995110486859,0.00827072150094082,-0.0476742392359506));
#3030=CARTESIAN_POINT('',(0.010099511048686,0.00827072150094082,-0.0470742392359505));
#3031=SURFACE_SIDE_STYLE('',(#5559));
#3032=EDGE_LOOP('',(#5560,#5561,#5562,#5563));
#3033=CARTESIAN_POINT('',(0.0065639771427532,0.00473518759500809,-0.0490742392359506));
#3034=CARTESIAN_POINT('',(0.00656397714275321,0.00473518759500809,-0.0476742392359506));
#3035=CARTESIAN_POINT('',(0.00656397714275321,0.00473518759500809,-0.0470742392359505));
#3036=CARTESIAN_POINT('',(0.006378318432942,0.00492084630481929,-0.0490742392359506));
#3037=CARTESIAN_POINT('',(0.00637831843294201,0.00492084630481929,-0.0476742392359506));
#3038=CARTESIAN_POINT('',(0.00637831843294201,0.00492084630481929,-0.0470742392359505));
#3039=CARTESIAN_POINT('',(0.00611886387060758,0.00502822486170295,-0.0490742392359506));
#3040=CARTESIAN_POINT('',(0.00611886387060758,0.00502822486170294,-0.0476742392359506));
#3041=CARTESIAN_POINT('',(0.00611886387060758,0.00502822486170294,-0.0470742392359504));
#3042=CARTESIAN_POINT('',(0.00559487721184335,0.00502793676613773,-0.0490742392359506));
#3043=CARTESIAN_POINT('',(0.00559487721184335,0.00502793676613773,-0.0476742392359506));
#3044=CARTESIAN_POINT('',(0.00559487721184335,0.00502793676613772,-0.0470742392359504));
#3045=CARTESIAN_POINT('',(0.00533491930254079,0.00492054697206248,-0.0490742392359506));
#3046=CARTESIAN_POINT('',(0.0053349193025408,0.00492054697206248,-0.0476742392359506));
#3047=CARTESIAN_POINT('',(0.0053349193025408,0.00492054697206247,-0.0470742392359504));
#3048=CARTESIAN_POINT('',(0.00496460833308835,0.00454982869334511,-0.0490742392359506));
#3049=CARTESIAN_POINT('',(0.00496460833308835,0.0045498286933451,-0.0476742392359506));
#3050=CARTESIAN_POINT('',(0.00496460833308836,0.0045498286933451,-0.0470742392359504));
#3051=CARTESIAN_POINT('',(0.00485672639388267,0.00429007460397353,-0.0490742392359506));
#3052=CARTESIAN_POINT('',(0.00485672639388267,0.00429007460397353,-0.0476742392359506));
#3053=CARTESIAN_POINT('',(0.00485672639388268,0.00429007460397353,-0.0470742392359504));
#3054=CARTESIAN_POINT('',(0.00485701432872627,0.00376608797750995,-0.0490742392359506));
#3055=CARTESIAN_POINT('',(0.00485701432872627,0.00376608797750994,-0.0476742392359506));
#3056=CARTESIAN_POINT('',(0.00485701432872627,0.00376608797750994,-0.0470742392359504));
#3057=CARTESIAN_POINT('',(0.00496397762111255,0.00350675999190256,-0.0490742392359506));
#3058=CARTESIAN_POINT('',(0.00496397762111255,0.00350675999190255,-0.0476742392359506));
#3059=CARTESIAN_POINT('',(0.00496397762111256,0.00350675999190255,-0.0470742392359505));
#3060=CARTESIAN_POINT('',(0.00514976358038011,0.003320974032635,-0.0490742392359506));
#3061=CARTESIAN_POINT('',(0.00514976358038011,0.00332097403263499,-0.0476742392359506));
#3062=CARTESIAN_POINT('',(0.00514976358038011,0.00332097403263499,-0.0470742392359505));
#3063=SURFACE_SIDE_STYLE('',(#5564));
#3064=EDGE_LOOP('',(#5565,#5566,#5567,#5568));
#3065=CARTESIAN_POINT('',(0.0051497635803801,-0.00657852090397668,-0.0490742392359506));
#3066=CARTESIAN_POINT('',(0.0051497635803801,-0.00657852090397668,-0.0476742392359506));
#3067=CARTESIAN_POINT('',(0.0051497635803801,-0.00657852090397668,-0.0470742392359505));
#3068=CARTESIAN_POINT('',(0.00496410487056845,-0.00676417961378832,-0.0490742392359506));
#3069=CARTESIAN_POINT('',(0.00496410487056846,-0.00676417961378832,-0.0476742392359506));
#3070=CARTESIAN_POINT('',(0.00496410487056846,-0.00676417961378833,-0.0470742392359505));
#3071=CARTESIAN_POINT('',(0.00485672631368524,-0.00702363417612114,-0.0490742392359506));
#3072=CARTESIAN_POINT('',(0.00485672631368525,-0.00702363417612114,-0.0476742392359506));
#3073=CARTESIAN_POINT('',(0.00485672631368525,-0.00702363417612114,-0.0470742392359505));
#3074=CARTESIAN_POINT('',(0.00485701440925046,-0.0075476208348877,-0.0490742392359506));
#3075=CARTESIAN_POINT('',(0.00485701440925046,-0.00754762083488771,-0.0476742392359506));
#3076=CARTESIAN_POINT('',(0.00485701440925046,-0.00754762083488771,-0.0470742392359505));
#3077=CARTESIAN_POINT('',(0.00496440420332568,-0.00780757874418907,-0.0490742392359506));
#3078=CARTESIAN_POINT('',(0.00496440420332568,-0.00780757874418908,-0.0476742392359506));
#3079=CARTESIAN_POINT('',(0.00496440420332568,-0.00780757874418908,-0.0470742392359505));
#3080=CARTESIAN_POINT('',(0.00533512248204311,-0.00817788971364154,-0.0490742392359506));
#3081=CARTESIAN_POINT('',(0.00533512248204312,-0.00817788971364155,-0.0476742392359506));
#3082=CARTESIAN_POINT('',(0.00533512248204312,-0.00817788971364155,-0.0470742392359505));
#3083=CARTESIAN_POINT('',(0.0055948765714147,-0.00828577165284721,-0.0490742392359506));
#3084=CARTESIAN_POINT('',(0.0055948765714147,-0.00828577165284722,-0.0476742392359506));
#3085=CARTESIAN_POINT('',(0.0055948765714147,-0.00828577165284722,-0.0470742392359505));
#3086=CARTESIAN_POINT('',(0.0061188631978782,-0.00828548371800362,-0.0490742392359506));
#3087=CARTESIAN_POINT('',(0.00611886319787821,-0.00828548371800362,-0.0476742392359506));
#3088=CARTESIAN_POINT('',(0.00611886319787821,-0.00828548371800362,-0.0470742392359505));
#3089=CARTESIAN_POINT('',(0.00637819118348563,-0.00817852042561734,-0.0490742392359506));
#3090=CARTESIAN_POINT('',(0.00637819118348564,-0.00817852042561734,-0.0476742392359506));
#3091=CARTESIAN_POINT('',(0.00637819118348564,-0.00817852042561734,-0.0470742392359505));
#3092=CARTESIAN_POINT('',(0.00656397714275319,-0.00799273446634977,-0.0490742392359506));
#3093=CARTESIAN_POINT('',(0.0065639771427532,-0.00799273446634978,-0.0476742392359506));
#3094=CARTESIAN_POINT('',(0.0065639771427532,-0.00799273446634978,-0.0470742392359505));
#3095=SURFACE_SIDE_STYLE('',(#5569));
#3096=EDGE_LOOP('',(#5570,#5571,#5572,#5573));
#3097=AXIS2_PLACEMENT_3D('',#5574,#5575,#5576);
#3098=SURFACE_SIDE_STYLE('',(#5577));
#3099=EDGE_LOOP('',(#5578,#5579,#5580,#5581));
#3100=CARTESIAN_POINT('',(0.00514976358038011,0.003320974032635,-0.0490742392359506));
#3101=CARTESIAN_POINT('',(0.00514976358038011,0.00332097403263499,-0.0476742392359506));
#3102=CARTESIAN_POINT('',(0.00514976358038011,0.00332097403263499,-0.0470742392359505));
#3103=CARTESIAN_POINT('',(0.00579807508944255,0.00267266252357255,-0.0490742392359506));
#3104=CARTESIAN_POINT('',(0.00579807508944255,0.00267266252357255,-0.0476742392359506));
#3105=CARTESIAN_POINT('',(0.00579807508944256,0.00267266252357255,-0.0470742392359505));
#3106=CARTESIAN_POINT('',(0.00631635355194304,0.00189715147013647,-0.0490742392359506));
#3107=CARTESIAN_POINT('',(0.00631635355194304,0.00189715147013646,-0.0476742392359506));
#3108=CARTESIAN_POINT('',(0.00631635355194304,0.00189715147013646,-0.0470742392359505));
#3109=CARTESIAN_POINT('',(0.00701799199404674,0.000202870033559837,-0.0490742392359506));
#3110=CARTESIAN_POINT('',(0.00701799199404675,0.000202870033559832,-0.0476742392359506));
#3111=CARTESIAN_POINT('',(0.00701799199404675,0.00020287003355983,-0.0470742392359505));
#3112=CARTESIAN_POINT('',(0.00720008811700978,-0.00071186447403094,-0.0490742392359506));
#3113=CARTESIAN_POINT('',(0.00720008811700978,-0.000711864474030945,-0.0476742392359506));
#3114=CARTESIAN_POINT('',(0.00720008811700978,-0.000711864474030947,-0.0470742392359505));
#3115=CARTESIAN_POINT('',(0.0071999441071839,-0.00254568182283636,-0.0490742392359506));
#3116=CARTESIAN_POINT('',(0.0071999441071839,-0.00254568182283636,-0.0476742392359506));
#3117=CARTESIAN_POINT('',(0.0071999441071839,-0.00254568182283636,-0.0470742392359505));
#3118=CARTESIAN_POINT('',(0.00701812530743781,-0.00346047142234721,-0.0490742392359506));
#3119=CARTESIAN_POINT('',(0.00701812530743781,-0.00346047142234721,-0.0476742392359506));
#3120=CARTESIAN_POINT('',(0.00701812530743782,-0.00346047142234722,-0.0470742392359505));
#3121=CARTESIAN_POINT('',(0.0063162205704561,-0.00515464302277995,-0.0490742392359506));
#3122=CARTESIAN_POINT('',(0.0063162205704561,-0.00515464302277996,-0.0476742392359506));
#3123=CARTESIAN_POINT('',(0.0063162205704561,-0.00515464302277996,-0.0470742392359505));
#3124=CARTESIAN_POINT('',(0.00579813493485418,-0.00593014945680376,-0.0490742392359506));
#3125=CARTESIAN_POINT('',(0.00579813493485419,-0.00593014945680377,-0.0476742392359506));
#3126=CARTESIAN_POINT('',(0.00579813493485419,-0.00593014945680377,-0.0470742392359505));
#3127=CARTESIAN_POINT('',(0.00514976393450244,-0.00657852054985431,-0.0490742392359506));
#3128=CARTESIAN_POINT('',(0.00514976393450244,-0.00657852054985432,-0.0476742392359506));
#3129=CARTESIAN_POINT('',(0.00514976393450244,-0.00657852054985432,-0.0470742392359505));
#3130=CARTESIAN_POINT('',(0.00512382909448837,-0.00660445539357634,-0.0490742392359506));
#3131=CARTESIAN_POINT('',(0.00512382909448837,-0.00660445539357634,-0.0476742392359506));
#3132=CARTESIAN_POINT('',(0.00512382909448837,-0.00660445539357634,-0.0470742392359505));
#3133=CARTESIAN_POINT('',(0.0050978942544743,-0.00663039023729836,-0.0490742392359506));
#3134=CARTESIAN_POINT('',(0.0050978942544743,-0.00663039023729836,-0.0476742392359506));
#3135=CARTESIAN_POINT('',(0.0050978942544743,-0.00663039023729836,-0.0470742392359505));
#3136=CARTESIAN_POINT('',(0.00507195941446023,-0.00665632508102038,-0.0490742392359506));
#3137=CARTESIAN_POINT('',(0.00507195941446023,-0.00665632508102038,-0.0476742392359506));
#3138=CARTESIAN_POINT('',(0.00507195941446023,-0.00665632508102039,-0.0470742392359505));
#3139=SURFACE_SIDE_STYLE('',(#5582));
#3140=EDGE_LOOP('',(#5583,#5584,#5585,#5586));
#3141=AXIS2_PLACEMENT_3D('',#5587,#5588,#5589);
#3142=SURFACE_SIDE_STYLE('',(#5590));
#3143=EDGE_LOOP('',(#5591,#5592,#5593,#5594));
#3144=CARTESIAN_POINT('',(0.00656397714275319,-0.00799273446634977,-0.0490742392359506));
#3145=CARTESIAN_POINT('',(0.0065639771427532,-0.00799273446634977,-0.0476742392359506));
#3146=CARTESIAN_POINT('',(0.0065639771427532,-0.00799273446634978,-0.0470742392359505));
#3147=CARTESIAN_POINT('',(0.00739747047760556,-0.00715924113149741,-0.0490742392359506));
#3148=CARTESIAN_POINT('',(0.00739747047760557,-0.00715924113149741,-0.0476742392359506));
#3149=CARTESIAN_POINT('',(0.00739747047760557,-0.00715924113149741,-0.0470742392359505));
#3150=CARTESIAN_POINT('',(0.00806390542931259,-0.00616198678965509,-0.0490742392359506));
#3151=CARTESIAN_POINT('',(0.00806390542931259,-0.00616198678965509,-0.0476742392359506));
#3152=CARTESIAN_POINT('',(0.00806390542931259,-0.00616198678965509,-0.0470742392359505));
#3153=CARTESIAN_POINT('',(0.00896595836010063,-0.0039838619124023,-0.0490742392359506));
#3154=CARTESIAN_POINT('',(0.00896595836010063,-0.00398386191240231,-0.0476742392359506));
#3155=CARTESIAN_POINT('',(0.00896595836010063,-0.00398386191240231,-0.0470742392359505));
#3156=CARTESIAN_POINT('',(0.00920008814837082,-0.00280753628298244,-0.0490742392359506));
#3157=CARTESIAN_POINT('',(0.00920008814837082,-0.00280753628298244,-0.0476742392359506));
#3158=CARTESIAN_POINT('',(0.00920008814837082,-0.00280753628298244,-0.0470742392359505));
#3159=CARTESIAN_POINT('',(0.00919994407577699,-0.000450010576205762,-0.0490742392359506));
#3160=CARTESIAN_POINT('',(0.00919994407577699,-0.000450010576205767,-0.0476742392359506));
#3161=CARTESIAN_POINT('',(0.00919994407577699,-0.000450010576205769,-0.0470742392359505));
#3162=CARTESIAN_POINT('',(0.00896609151026902,0.000726370110668971,-0.0490742392359506));
#3163=CARTESIAN_POINT('',(0.00896609151026902,0.000726370110668966,-0.0476742392359506));
#3164=CARTESIAN_POINT('',(0.00896609151026902,0.000726370110668964,-0.0470742392359505));
#3165=CARTESIAN_POINT('',(0.00806377217310121,0.0029043851046546,-0.0490742392359506));
#3166=CARTESIAN_POINT('',(0.00806377217310121,0.0029043851046546,-0.0476742392359506));
#3167=CARTESIAN_POINT('',(0.00806377217310122,0.0029043851046546,-0.0470742392359505));
#3168=CARTESIAN_POINT('',(0.00739752926492482,0.00390163547283647,-0.0490742392359506));
#3169=CARTESIAN_POINT('',(0.00739752926492483,0.00390163547283647,-0.0476742392359506));
#3170=CARTESIAN_POINT('',(0.00739752926492483,0.00390163547283647,-0.0470742392359505));
#3171=CARTESIAN_POINT('',(0.0065639771427532,0.00473518759500809,-0.0490742392359506));
#3172=CARTESIAN_POINT('',(0.00656397714275321,0.00473518759500809,-0.0476742392359506));
#3173=CARTESIAN_POINT('',(0.00656397714275321,0.00473518759500809,-0.0470742392359505));
#3174=SURFACE_SIDE_STYLE('',(#5595));
#3175=EDGE_LOOP('',(#5596));
#3176=AXIS2_PLACEMENT_3D('',#5597,#5598,#5599);
#3177=SURFACE_SIDE_STYLE('',(#5600));
#3178=EDGE_LOOP('',(#5601));
#3179=EDGE_LOOP('',(#5602));
#3180=AXIS2_PLACEMENT_3D('',#5603,#5604,#5605);
#3181=SURFACE_SIDE_STYLE('',(#5606));
#3182=EDGE_LOOP('',(#5607));
#3183=AXIS2_PLACEMENT_3D('',#5608,#5609,#5610);
#3184=SURFACE_SIDE_STYLE('',(#5611));
#3185=EDGE_LOOP('',(#5612,#5613,#5614,#5615));
#3186=AXIS2_PLACEMENT_3D('',#5616,#5617,#5618);
#3187=SURFACE_SIDE_STYLE('',(#5619));
#3188=EDGE_LOOP('',(#5620,#5621,#5622,#5623));
#3189=CARTESIAN_POINT('',(-0.00616394491860463,0.00473518759500812,-0.0490742392359505));
#3190=CARTESIAN_POINT('',(-0.00616394491860463,0.00473518759500811,-0.0476742392359505));
#3191=CARTESIAN_POINT('',(-0.00616394491860463,0.00473518759500811,-0.0470742392359504));
#3192=CARTESIAN_POINT('',(-0.00699743825344152,0.00390169426017124,-0.0490742392359505));
#3193=CARTESIAN_POINT('',(-0.00699743825344151,0.00390169426017124,-0.0476742392359505));
#3194=CARTESIAN_POINT('',(-0.00699743825344151,0.00390169426017124,-0.0470742392359504));
#3195=CARTESIAN_POINT('',(-0.00766387320517624,0.00290443991828441,-0.0490742392359505));
#3196=CARTESIAN_POINT('',(-0.00766387320517623,0.00290443991828441,-0.0476742392359505));
#3197=CARTESIAN_POINT('',(-0.00766387320517623,0.00290443991828441,-0.0470742392359504));
#3198=CARTESIAN_POINT('',(-0.00856592613593987,0.000726315041089665,-0.0490742392359505));
#3199=CARTESIAN_POINT('',(-0.00856592613593987,0.00072631504108966,-0.0476742392359505));
#3200=CARTESIAN_POINT('',(-0.00856592613593987,0.000726315041089658,-0.0470742392359504));
#3201=CARTESIAN_POINT('',(-0.00880005592422227,-0.000450010588359039,-0.0490742392359505));
#3202=CARTESIAN_POINT('',(-0.00880005592422227,-0.000450010588359044,-0.0476742392359505));
#3203=CARTESIAN_POINT('',(-0.00880005592422227,-0.000450010588359046,-0.0470742392359504));
#3204=CARTESIAN_POINT('',(-0.00879991185162844,-0.00280753629513608,-0.0490742392359505));
#3205=CARTESIAN_POINT('',(-0.00879991185162844,-0.00280753629513608,-0.0476742392359505));
#3206=CARTESIAN_POINT('',(-0.00879991185162843,-0.00280753629513608,-0.0470742392359504));
#3207=CARTESIAN_POINT('',(-0.00856605928611085,-0.00398391698203835,-0.0490742392359505));
#3208=CARTESIAN_POINT('',(-0.00856605928611084,-0.00398391698203836,-0.0476742392359505));
#3209=CARTESIAN_POINT('',(-0.00856605928611084,-0.00398391698203836,-0.0470742392359504));
#3210=CARTESIAN_POINT('',(-0.00766373994896229,-0.00616193197596854,-0.0490742392359505));
#3211=CARTESIAN_POINT('',(-0.00766373994896229,-0.00616193197596855,-0.0476742392359505));
#3212=CARTESIAN_POINT('',(-0.00766373994896228,-0.00616193197596855,-0.0470742392359504));
#3213=CARTESIAN_POINT('',(-0.00699749704076192,-0.0071591823441925,-0.0490742392359506));
#3214=CARTESIAN_POINT('',(-0.00699749704076191,-0.0071591823441925,-0.0476742392359506));
#3215=CARTESIAN_POINT('',(-0.00699749704076191,-0.0071591823441925,-0.0470742392359505));
#3216=CARTESIAN_POINT('',(-0.00616394491860466,-0.00799273446634976,-0.0490742392359506));
#3217=CARTESIAN_POINT('',(-0.00616394491860466,-0.00799273446634976,-0.0476742392359506));
#3218=CARTESIAN_POINT('',(-0.00616394491860465,-0.00799273446634976,-0.0470742392359505));
#3219=SURFACE_SIDE_STYLE('',(#5624));
#3220=EDGE_LOOP('',(#5625,#5626,#5627,#5628));
#3221=CARTESIAN_POINT('',(-0.00474973135623156,-0.00657852090397666,-0.0490742392359506));
#3222=CARTESIAN_POINT('',(-0.00474973135623156,-0.00657852090397667,-0.0476742392359506));
#3223=CARTESIAN_POINT('',(-0.00474973135623156,-0.00657852090397667,-0.0470742392359505));
#3224=CARTESIAN_POINT('',(-0.00539804289508349,-0.00593020936512473,-0.0490742392359506));
#3225=CARTESIAN_POINT('',(-0.00539804289508349,-0.00593020936512474,-0.0476742392359506));
#3226=CARTESIAN_POINT('',(-0.00539804289508349,-0.00593020936512474,-0.0470742392359505));
#3227=CARTESIAN_POINT('',(-0.00591632137479058,-0.00515469827121163,-0.0490742392359506));
#3228=CARTESIAN_POINT('',(-0.00591632137479057,-0.00515469827121163,-0.0476742392359506));
#3229=CARTESIAN_POINT('',(-0.00591632137479057,-0.00515469827121163,-0.0470742392359504));
#3230=CARTESIAN_POINT('',(-0.00661795981877263,-0.00346041674366467,-0.0490742392359505));
#3231=CARTESIAN_POINT('',(-0.00661795981877262,-0.00346041674366468,-0.0476742392359505));
#3232=CARTESIAN_POINT('',(-0.00661795981877262,-0.00346041674366468,-0.0470742392359504));
#3233=CARTESIAN_POINT('',(-0.00680005592591723,-0.00254568218975973,-0.0490742392359505));
#3234=CARTESIAN_POINT('',(-0.00680005592591722,-0.00254568218975973,-0.0476742392359505));
#3235=CARTESIAN_POINT('',(-0.00680005592591722,-0.00254568218975974,-0.0470742392359504));
#3236=CARTESIAN_POINT('',(-0.00679991184993999,-0.000711864754917806,-0.0490742392359505));
#3237=CARTESIAN_POINT('',(-0.00679991184993999,-0.000711864754917811,-0.0476742392359505));
#3238=CARTESIAN_POINT('',(-0.00679991184993998,-0.000711864754917814,-0.0470742392359504));
#3239=CARTESIAN_POINT('',(-0.00661809300117983,0.000202924878037705,-0.0490742392359505));
#3240=CARTESIAN_POINT('',(-0.00661809300117982,0.0002029248780377,-0.0476742392359505));
#3241=CARTESIAN_POINT('',(-0.00661809300117982,0.000202924878037697,-0.0470742392359504));
#3242=CARTESIAN_POINT('',(-0.00591618814069626,0.00189709651887108,-0.0490742392359505));
#3243=CARTESIAN_POINT('',(-0.00591618814069626,0.00189709651887108,-0.0476742392359505));
#3244=CARTESIAN_POINT('',(-0.00591618814069625,0.00189709651887107,-0.0470742392359504));
#3245=CARTESIAN_POINT('',(-0.00539810243300093,0.00267260295586563,-0.0490742392359505));
#3246=CARTESIAN_POINT('',(-0.00539810243300093,0.00267260295586562,-0.0476742392359505));
#3247=CARTESIAN_POINT('',(-0.00539810243300093,0.00267260295586562,-0.0470742392359504));
#3248=CARTESIAN_POINT('',(-0.00474973135623154,0.00332097403263502,-0.0490742392359505));
#3249=CARTESIAN_POINT('',(-0.00474973135623154,0.00332097403263501,-0.0476742392359505));
#3250=CARTESIAN_POINT('',(-0.00474973135623153,0.00332097403263501,-0.0470742392359504));
#3251=SURFACE_SIDE_STYLE('',(#5629));
#3252=EDGE_LOOP('',(#5630,#5631,#5632,#5633));
#3253=CARTESIAN_POINT('',(-0.00474973135623154,0.00332097403263501,-0.0490742392359505));
#3254=CARTESIAN_POINT('',(-0.00474973135623154,0.00332097403263501,-0.0476742392359505));
#3255=CARTESIAN_POINT('',(-0.00474973135623153,0.00332097403263501,-0.0470742392359504));
#3256=CARTESIAN_POINT('',(-0.00456407264641959,0.00350663274244696,-0.0490742392359505));
#3257=CARTESIAN_POINT('',(-0.00456407264641959,0.00350663274244696,-0.0476742392359505));
#3258=CARTESIAN_POINT('',(-0.00456407264641958,0.00350663274244696,-0.0470742392359504));
#3259=CARTESIAN_POINT('',(-0.00445669408953669,0.00376608730477867,-0.0490742392359505));
#3260=CARTESIAN_POINT('',(-0.00445669408953669,0.00376608730477867,-0.0476742392359505));
#3261=CARTESIAN_POINT('',(-0.00445669408953669,0.00376608730477866,-0.0470742392359504));
#3262=CARTESIAN_POINT('',(-0.00445698218510188,0.00429007396354684,-0.0490742392359505));
#3263=CARTESIAN_POINT('',(-0.00445698218510188,0.00429007396354684,-0.0476742392359505));
#3264=CARTESIAN_POINT('',(-0.00445698218510188,0.00429007396354684,-0.0470742392359504));
#3265=CARTESIAN_POINT('',(-0.00456437197917703,0.00455003187284731,-0.0490742392359505));
#3266=CARTESIAN_POINT('',(-0.00456437197917702,0.0045500318728473,-0.0476742392359505));
#3267=CARTESIAN_POINT('',(-0.00456437197917702,0.0045500318728473,-0.0470742392359504));
#3268=CARTESIAN_POINT('',(-0.00493509025789464,0.0049203428423,-0.0490742392359505));
#3269=CARTESIAN_POINT('',(-0.00493509025789463,0.00492034284229999,-0.0476742392359505));
#3270=CARTESIAN_POINT('',(-0.00493509025789463,0.00492034284229999,-0.0470742392359504));
#3271=CARTESIAN_POINT('',(-0.00519484434726349,0.00502822478150555,-0.0490742392359505));
#3272=CARTESIAN_POINT('',(-0.00519484434726348,0.00502822478150555,-0.0476742392359505));
#3273=CARTESIAN_POINT('',(-0.00519484434726348,0.00502822478150555,-0.0470742392359504));
#3274=CARTESIAN_POINT('',(-0.00571883097373229,0.00502793684666196,-0.0490742392359505));
#3275=CARTESIAN_POINT('',(-0.00571883097373229,0.00502793684666196,-0.0476742392359505));
#3276=CARTESIAN_POINT('',(-0.00571883097373228,0.00502793684666196,-0.0470742392359504));
#3277=CARTESIAN_POINT('',(-0.00597815895933607,0.00492097355427668,-0.0490742392359505));
#3278=CARTESIAN_POINT('',(-0.00597815895933607,0.00492097355427667,-0.0476742392359505));
#3279=CARTESIAN_POINT('',(-0.00597815895933606,0.00492097355427667,-0.0470742392359504));
#3280=CARTESIAN_POINT('',(-0.00616394491860463,0.00473518759500812,-0.0490742392359505));
#3281=CARTESIAN_POINT('',(-0.00616394491860463,0.00473518759500811,-0.0476742392359505));
#3282=CARTESIAN_POINT('',(-0.00616394491860463,0.00473518759500811,-0.0470742392359504));
#3283=SURFACE_SIDE_STYLE('',(#5634));
#3284=EDGE_LOOP('',(#5635,#5636,#5637,#5638));
#3285=CARTESIAN_POINT('',(-0.00616394491860466,-0.00799273446634976,-0.0490742392359506));
#3286=CARTESIAN_POINT('',(-0.00616394491860466,-0.00799273446634976,-0.0476742392359506));
#3287=CARTESIAN_POINT('',(-0.00616394491860466,-0.00799273446634976,-0.0470742392359505));
#3288=CARTESIAN_POINT('',(-0.00597828620879345,-0.00817839317616097,-0.0490742392359506));
#3289=CARTESIAN_POINT('',(-0.00597828620879345,-0.00817839317616097,-0.0476742392359506));
#3290=CARTESIAN_POINT('',(-0.00597828620879345,-0.00817839317616097,-0.0470742392359505));
#3291=CARTESIAN_POINT('',(-0.00571883164645902,-0.00828577173304461,-0.0490742392359506));
#3292=CARTESIAN_POINT('',(-0.00571883164645902,-0.00828577173304462,-0.0476742392359506));
#3293=CARTESIAN_POINT('',(-0.00571883164645902,-0.00828577173304462,-0.0470742392359505));
#3294=CARTESIAN_POINT('',(-0.0051948449876948,-0.00828548363747939,-0.0490742392359506));
#3295=CARTESIAN_POINT('',(-0.0051948449876948,-0.0082854836374794,-0.0476742392359506));
#3296=CARTESIAN_POINT('',(-0.0051948449876948,-0.0082854836374794,-0.0470742392359505));
#3297=CARTESIAN_POINT('',(-0.00493488707839233,-0.00817809384340422,-0.0490742392359506));
#3298=CARTESIAN_POINT('',(-0.00493488707839232,-0.00817809384340422,-0.0476742392359506));
#3299=CARTESIAN_POINT('',(-0.00493488707839232,-0.00817809384340423,-0.0470742392359505));
#3300=CARTESIAN_POINT('',(-0.00456457610893973,-0.00780737556468669,-0.0490742392359506));
#3301=CARTESIAN_POINT('',(-0.00456457610893973,-0.0078073755646867,-0.0476742392359506));
#3302=CARTESIAN_POINT('',(-0.00456457610893973,-0.0078073755646867,-0.0470742392359505));
#3303=CARTESIAN_POINT('',(-0.00445669416973413,-0.00754762147531616,-0.0490742392359506));
#3304=CARTESIAN_POINT('',(-0.00445669416973412,-0.00754762147531616,-0.0476742392359506));
#3305=CARTESIAN_POINT('',(-0.00445669416973412,-0.00754762147531616,-0.0470742392359505));
#3306=CARTESIAN_POINT('',(-0.00445698210457773,-0.00702363484885066,-0.0490742392359506));
#3307=CARTESIAN_POINT('',(-0.00445698210457772,-0.00702363484885066,-0.0476742392359506));
#3308=CARTESIAN_POINT('',(-0.00445698210457772,-0.00702363484885066,-0.0470742392359505));
#3309=CARTESIAN_POINT('',(-0.00456394539696362,-0.0067643068632446,-0.0490742392359506));
#3310=CARTESIAN_POINT('',(-0.00456394539696362,-0.00676430686324461,-0.0476742392359506));
#3311=CARTESIAN_POINT('',(-0.00456394539696362,-0.00676430686324461,-0.0470742392359505));
#3312=CARTESIAN_POINT('',(-0.00474973135623157,-0.00657852090397666,-0.0490742392359506));
#3313=CARTESIAN_POINT('',(-0.00474973135623156,-0.00657852090397667,-0.0476742392359506));
#3314=CARTESIAN_POINT('',(-0.00474973135623156,-0.00657852090397667,-0.0470742392359505));
#3315=SURFACE_SIDE_STYLE('',(#5639));
#3316=EDGE_LOOP('',(#5640,#5641,#5642,#5643));
#3317=AXIS2_PLACEMENT_3D('',#5644,#5645,#5646);
#3318=SURFACE_SIDE_STYLE('',(#5647));
#3319=EDGE_LOOP('',(#5648,#5649,#5650,#5651));
#3320=AXIS2_PLACEMENT_3D('',#5652,#5653,#5654);
#3321=SURFACE_SIDE_STYLE('',(#5655));
#3322=EDGE_LOOP('',(#5656,#5657,#5658,#5659));
#3323=CARTESIAN_POINT('',(-0.00969947882453735,0.00827072150094087,-0.0490742392359505));
#3324=CARTESIAN_POINT('',(-0.00969947882453735,0.00827072150094086,-0.0476742392359505));
#3325=CARTESIAN_POINT('',(-0.00969947882453735,0.00827072150094086,-0.0470742392359504));
#3326=CARTESIAN_POINT('',(-0.0109957178786945,0.00697448244678374,-0.0490742392359505));
#3327=CARTESIAN_POINT('',(-0.0109957178786945,0.00697448244678373,-0.0476742392359505));
#3328=CARTESIAN_POINT('',(-0.0109957178786945,0.00697448244678373,-0.0470742392359504));
#3329=CARTESIAN_POINT('',(-0.0120329198970653,0.00542225774474073,-0.0490742392359505));
#3330=CARTESIAN_POINT('',(-0.0120329198970653,0.00542225774474072,-0.0476742392359505));
#3331=CARTESIAN_POINT('',(-0.0120329198970653,0.00542225774474072,-0.0470742392359504));
#3332=CARTESIAN_POINT('',(-0.0134356748243305,0.00203533140508197,-0.0490742392359505));
#3333=CARTESIAN_POINT('',(-0.0134356748243305,0.00203533140508196,-0.0476742392359505));
#3334=CARTESIAN_POINT('',(-0.0134356748243305,0.00203533140508196,-0.0470742392359504));
#3335=CARTESIAN_POINT('',(-0.0138000559141756,0.000204187887992352,-0.0490742392359505));
#3336=CARTESIAN_POINT('',(-0.0138000559141756,0.000204187887992347,-0.0476742392359505));
#3337=CARTESIAN_POINT('',(-0.0138000559141756,0.000204187887992344,-0.0470742392359504));
#3338=CARTESIAN_POINT('',(-0.0137999118616656,-0.00346173502130237,-0.0490742392359505));
#3339=CARTESIAN_POINT('',(-0.0137999118616656,-0.00346173502130237,-0.0476742392359505));
#3340=CARTESIAN_POINT('',(-0.0137999118616656,-0.00346173502130237,-0.0470742392359504));
#3341=CARTESIAN_POINT('',(-0.0134358078382528,-0.00529293359490714,-0.0490742392359505));
#3342=CARTESIAN_POINT('',(-0.0134358078382528,-0.00529293359490715,-0.0476742392359505));
#3343=CARTESIAN_POINT('',(-0.0134358078382528,-0.00529293359490715,-0.0470742392359504));
#3344=CARTESIAN_POINT('',(-0.012032786648569,-0.00867974986386648,-0.0490742392359505));
#3345=CARTESIAN_POINT('',(-0.012032786648569,-0.00867974986386649,-0.0476742392359505));
#3346=CARTESIAN_POINT('',(-0.012032786648569,-0.00867974986386649,-0.0470742392359504));
#3347=CARTESIAN_POINT('',(-0.010995773073212,-0.0102319741236078,-0.0490742392359506));
#3348=CARTESIAN_POINT('',(-0.010995773073212,-0.0102319741236078,-0.0476742392359506));
#3349=CARTESIAN_POINT('',(-0.010995773073212,-0.0102319741236078,-0.0470742392359504));
#3350=CARTESIAN_POINT('',(-0.0096994788245374,-0.0115282683722825,-0.0490742392359506));
#3351=CARTESIAN_POINT('',(-0.00969947882453739,-0.0115282683722825,-0.0476742392359506));
#3352=CARTESIAN_POINT('',(-0.00969947882453739,-0.0115282683722825,-0.0470742392359505));
#3353=SURFACE_SIDE_STYLE('',(#5660));
#3354=EDGE_LOOP('',(#5661,#5662,#5663,#5664));
#3355=CARTESIAN_POINT('',(-0.0082852652621643,-0.0101140548099094,-0.0490742392359506));
#3356=CARTESIAN_POINT('',(-0.0082852652621643,-0.0101140548099094,-0.0476742392359506));
#3357=CARTESIAN_POINT('',(-0.0082852652621643,-0.0101140548099094,-0.0470742392359505));
#3358=CARTESIAN_POINT('',(-0.00939632484091918,-0.00900299523115452,-0.0490742392359506));
#3359=CARTESIAN_POINT('',(-0.00939632484091917,-0.00900299523115453,-0.0476742392359506));
#3360=CARTESIAN_POINT('',(-0.00939632484091917,-0.00900299523115453,-0.0470742392359504));
#3361=CARTESIAN_POINT('',(-0.0102853673857028,-0.00767251772313816,-0.0490742392359505));
#3362=CARTESIAN_POINT('',(-0.0102853673857028,-0.00767251772313817,-0.0476742392359505));
#3363=CARTESIAN_POINT('',(-0.0102853673857028,-0.00767251772313817,-0.0470742392359504));
#3364=CARTESIAN_POINT('',(-0.0114877091893909,-0.00476943147915883,-0.0490742392359505));
#3365=CARTESIAN_POINT('',(-0.0114877091893909,-0.00476943147915883,-0.0476742392359505));
#3366=CARTESIAN_POINT('',(-0.0114877091893909,-0.00476943147915883,-0.0470742392359504));
#3367=CARTESIAN_POINT('',(-0.0118000559087674,-0.00319988242842844,-0.0490742392359505));
#3368=CARTESIAN_POINT('',(-0.0118000559087674,-0.00319988242842845,-0.0476742392359505));
#3369=CARTESIAN_POINT('',(-0.0118000559087674,-0.00319988242842845,-0.0470742392359504));
#3370=CARTESIAN_POINT('',(-0.0117999118670758,-5.76642634052549E-05,-0.0490742392359505));
#3371=CARTESIAN_POINT('',(-0.0117999118670758,-5.76642634052601E-05,-0.0476742392359505));
#3372=CARTESIAN_POINT('',(-0.0117999118670758,-5.76642634052623E-05,-0.0470742392359504));
#3373=CARTESIAN_POINT('',(-0.0114878422252518,0.00151193984721557,-0.0490742392359505));
#3374=CARTESIAN_POINT('',(-0.0114878422252518,0.00151193984721557,-0.0476742392359505));
#3375=CARTESIAN_POINT('',(-0.0114878422252518,0.00151193984721557,-0.0470742392359504));
#3376=CARTESIAN_POINT('',(-0.0102852341735034,0.00441491603807342,-0.0490742392359505));
#3377=CARTESIAN_POINT('',(-0.0102852341735034,0.00441491603807341,-0.0476742392359505));
#3378=CARTESIAN_POINT('',(-0.0102852341735034,0.00441491603807341,-0.0470742392359504));
#3379=CARTESIAN_POINT('',(-0.00939637788378581,0.00574539531694623,-0.0490742392359505));
#3380=CARTESIAN_POINT('',(-0.0093963778837858,0.00574539531694622,-0.0476742392359505));
#3381=CARTESIAN_POINT('',(-0.0093963778837858,0.00574539531694622,-0.0470742392359504));
#3382=CARTESIAN_POINT('',(-0.00828526526216426,0.00685650793856776,-0.0490742392359505));
#3383=CARTESIAN_POINT('',(-0.00828526526216426,0.00685650793856776,-0.0476742392359505));
#3384=CARTESIAN_POINT('',(-0.00828526526216426,0.00685650793856776,-0.0470742392359504));
#3385=SURFACE_SIDE_STYLE('',(#5665));
#3386=EDGE_LOOP('',(#5666,#5667,#5668,#5669));
#3387=CARTESIAN_POINT('',(-0.00828526526216426,0.00685650793856776,-0.0490742392359505));
#3388=CARTESIAN_POINT('',(-0.00828526526216425,0.00685650793856776,-0.0476742392359505));
#3389=CARTESIAN_POINT('',(-0.00828526526216425,0.00685650793856776,-0.0470742392359504));
#3390=CARTESIAN_POINT('',(-0.00809960655235228,0.00704216664837973,-0.0490742392359505));
#3391=CARTESIAN_POINT('',(-0.00809960655235228,0.00704216664837973,-0.0476742392359505));
#3392=CARTESIAN_POINT('',(-0.00809960655235228,0.00704216664837973,-0.0470742392359504));
#3393=CARTESIAN_POINT('',(-0.00799222799546941,0.00730162121071136,-0.0490742392359505));
#3394=CARTESIAN_POINT('',(-0.0079922279954694,0.00730162121071136,-0.0476742392359505));
#3395=CARTESIAN_POINT('',(-0.0079922279954694,0.00730162121071136,-0.0470742392359504));
#3396=CARTESIAN_POINT('',(-0.00799251609103461,0.00782560786947966,-0.0490742392359505));
#3397=CARTESIAN_POINT('',(-0.0079925160910346,0.00782560786947966,-0.0476742392359505));
#3398=CARTESIAN_POINT('',(-0.0079925160910346,0.00782560786947965,-0.0470742392359504));
#3399=CARTESIAN_POINT('',(-0.00809990588510978,0.00808556577877988,-0.0490742392359505));
#3400=CARTESIAN_POINT('',(-0.00809990588510978,0.00808556577877988,-0.0476742392359505));
#3401=CARTESIAN_POINT('',(-0.00809990588510977,0.00808556577877988,-0.0470742392359504));
#3402=CARTESIAN_POINT('',(-0.00847062416382733,0.00845587674823293,-0.0490742392359505));
#3403=CARTESIAN_POINT('',(-0.00847062416382732,0.00845587674823292,-0.0476742392359505));
#3404=CARTESIAN_POINT('',(-0.00847062416382732,0.00845587674823292,-0.0470742392359504));
#3405=CARTESIAN_POINT('',(-0.00873037825319617,0.0085637586874383,-0.0490742392359505));
#3406=CARTESIAN_POINT('',(-0.00873037825319617,0.00856375868743829,-0.0476742392359505));
#3407=CARTESIAN_POINT('',(-0.00873037825319617,0.00856375868743829,-0.0470742392359504));
#3408=CARTESIAN_POINT('',(-0.00925436487966504,0.00856347075259472,-0.0490742392359505));
#3409=CARTESIAN_POINT('',(-0.00925436487966504,0.00856347075259472,-0.0476742392359505));
#3410=CARTESIAN_POINT('',(-0.00925436487966504,0.00856347075259471,-0.0470742392359504));
#3411=CARTESIAN_POINT('',(-0.00951369286526877,0.00845650746020945,-0.0490742392359505));
#3412=CARTESIAN_POINT('',(-0.00951369286526877,0.00845650746020945,-0.0476742392359505));
#3413=CARTESIAN_POINT('',(-0.00951369286526876,0.00845650746020945,-0.0470742392359504));
#3414=CARTESIAN_POINT('',(-0.00969947882453736,0.00827072150094087,-0.0490742392359505));
#3415=CARTESIAN_POINT('',(-0.00969947882453735,0.00827072150094087,-0.0476742392359505));
#3416=CARTESIAN_POINT('',(-0.00969947882453735,0.00827072150094086,-0.0470742392359504));
#3417=SURFACE_SIDE_STYLE('',(#5670));
#3418=EDGE_LOOP('',(#5671,#5672,#5673,#5674));
#3419=CARTESIAN_POINT('',(-0.0096994788245374,-0.0115282683722825,-0.0490742392359506));
#3420=CARTESIAN_POINT('',(-0.0096994788245374,-0.0115282683722825,-0.0476742392359506));
#3421=CARTESIAN_POINT('',(-0.0096994788245374,-0.0115282683722825,-0.0470742392359505));
#3422=CARTESIAN_POINT('',(-0.00951382011472655,-0.0117139270820933,-0.0490742392359506));
#3423=CARTESIAN_POINT('',(-0.00951382011472655,-0.0117139270820933,-0.0476742392359506));
#3424=CARTESIAN_POINT('',(-0.00951382011472655,-0.0117139270820933,-0.0470742392359505));
#3425=CARTESIAN_POINT('',(-0.00925436555239079,-0.0118213056389773,-0.0490742392359506));
#3426=CARTESIAN_POINT('',(-0.00925436555239079,-0.0118213056389773,-0.0476742392359506));
#3427=CARTESIAN_POINT('',(-0.00925436555239078,-0.0118213056389773,-0.0470742392359505));
#3428=CARTESIAN_POINT('',(-0.00873037889362852,-0.0118210175434121,-0.0490742392359506));
#3429=CARTESIAN_POINT('',(-0.00873037889362852,-0.0118210175434121,-0.0476742392359506));
#3430=CARTESIAN_POINT('',(-0.00873037889362851,-0.0118210175434121,-0.0470742392359505));
#3431=CARTESIAN_POINT('',(-0.00847042098432459,-0.0117136277493363,-0.0490742392359506));
#3432=CARTESIAN_POINT('',(-0.00847042098432459,-0.0117136277493363,-0.0476742392359506));
#3433=CARTESIAN_POINT('',(-0.00847042098432459,-0.0117136277493363,-0.0470742392359505));
#3434=CARTESIAN_POINT('',(-0.00810011001487295,-0.0113429094706201,-0.0490742392359506));
#3435=CARTESIAN_POINT('',(-0.00810011001487295,-0.0113429094706201,-0.0476742392359506));
#3436=CARTESIAN_POINT('',(-0.00810011001487294,-0.0113429094706201,-0.0470742392359505));
#3437=CARTESIAN_POINT('',(-0.00799222807566686,-0.011083155381248,-0.0490742392359506));
#3438=CARTESIAN_POINT('',(-0.00799222807566686,-0.011083155381248,-0.0476742392359506));
#3439=CARTESIAN_POINT('',(-0.00799222807566686,-0.011083155381248,-0.0470742392359505));
#3440=CARTESIAN_POINT('',(-0.00799251601051048,-0.0105591687547843,-0.0490742392359506));
#3441=CARTESIAN_POINT('',(-0.00799251601051048,-0.0105591687547843,-0.0476742392359506));
#3442=CARTESIAN_POINT('',(-0.00799251601051048,-0.0105591687547843,-0.0470742392359505));
#3443=CARTESIAN_POINT('',(-0.00809947930289668,-0.010299840769177,-0.0490742392359506));
#3444=CARTESIAN_POINT('',(-0.00809947930289668,-0.010299840769177,-0.0476742392359506));
#3445=CARTESIAN_POINT('',(-0.00809947930289668,-0.010299840769177,-0.0470742392359505));
#3446=CARTESIAN_POINT('',(-0.00828526526216431,-0.0101140548099094,-0.0490742392359506));
#3447=CARTESIAN_POINT('',(-0.00828526526216431,-0.0101140548099094,-0.0476742392359506));
#3448=CARTESIAN_POINT('',(-0.00828526526216431,-0.0101140548099094,-0.0470742392359505));
#3449=SURFACE_SIDE_STYLE('',(#5675));
#3450=EDGE_LOOP('',(#5676,#5677,#5678,#5679));
#3451=AXIS2_PLACEMENT_3D('',#5680,#5681,#5682);
#3453= (NAMED_UNIT(#1838)LENGTH_UNIT()SI_UNIT($,.METRE.));
#3454= (NAMED_UNIT(#1851)LENGTH_UNIT()SI_UNIT($,.METRE.));
#3455=SURFACE_STYLE_FILL_AREA(#5685);
#3456=ORIENTED_EDGE('',*,*,#5686,.F.);
#3457=ORIENTED_EDGE('',*,*,#5687,.F.);
#3458=ORIENTED_EDGE('',*,*,#5688,.F.);
#3459=ORIENTED_EDGE('',*,*,#5689,.F.);
#3460=CARTESIAN_POINT('',(0.0259027938683829,-0.0226743392359505,0.00192576076404928));
#3461=DIRECTION('',(-3.1641356201817E-15,3.52495810318487E-15,-1.0));
#3462=DIRECTION('',(0.0,1.0,3.52495810318487E-15));
#3463=SURFACE_STYLE_FILL_AREA(#5690);
#3464=ORIENTED_EDGE('',*,*,#5691,.F.);
#3465=ORIENTED_EDGE('',*,*,#5692,.T.);
#3466=CARTESIAN_POINT('',(0.039,0.0619154313793919,-0.0120742392359501));
#3467=DIRECTION('',(-1.0,-1.11596205068196E-29,3.1641356201817E-15));
#3468=DIRECTION('',(3.1641356201817E-15,0.0,1.0));
#3469=SURFACE_STYLE_FILL_AREA(#5693);
#3470=ORIENTED_EDGE('',*,*,#5694,.F.);
#3471=ORIENTED_EDGE('',*,*,#5695,.F.);
#3472=ORIENTED_EDGE('',*,*,#5696,.F.);
#3473=ORIENTED_EDGE('',*,*,#5697,.F.);
#3474=CARTESIAN_POINT('',(-0.0259027938683825,-0.0226743392359505,0.000925760764049444));
#3475=DIRECTION('',(-3.1641356201817E-15,3.52495810318487E-15,-1.0));
#3476=DIRECTION('',(0.0,1.0,3.52495810318487E-15));
#3477=SURFACE_STYLE_FILL_AREA(#5698);
#3478=ORIENTED_EDGE('',*,*,#5699,.F.);
#3479=ORIENTED_EDGE('',*,*,#5692,.F.);
#3480=ORIENTED_EDGE('',*,*,#5700,.F.);
#3481=ORIENTED_EDGE('',*,*,#5701,.T.);
#3482=ORIENTED_EDGE('',*,*,#5702,.F.);
#3483=ORIENTED_EDGE('',*,*,#5703,.T.);
#3484=ORIENTED_EDGE('',*,*,#5704,.F.);
#3485=ORIENTED_EDGE('',*,*,#5705,.T.);
#3486=ORIENTED_EDGE('',*,*,#5706,.F.);
#3487=ORIENTED_EDGE('',*,*,#5707,.T.);
#3488=ORIENTED_EDGE('',*,*,#5708,.T.);
#3489=ORIENTED_EDGE('',*,*,#5709,.T.);
#3490=ORIENTED_EDGE('',*,*,#5710,.T.);
#3491=ORIENTED_EDGE('',*,*,#5711,.T.);
#3492=CARTESIAN_POINT('',(0.043,-0.0311743392359505,-0.00319231478557297));
#3493=DIRECTION('',(1.0,1.11596205068196E-29,-3.1641356201817E-15));
#3494=DIRECTION('',(-3.1641356201817E-15,0.0,-1.0));
#3495=SURFACE_STYLE_FILL_AREA(#5712);
#3496=ORIENTED_EDGE('',*,*,#5713,.T.);
#3497=ORIENTED_EDGE('',*,*,#5714,.F.);
#3498=ORIENTED_EDGE('',*,*,#5715,.F.);
#3499=ORIENTED_EDGE('',*,*,#5711,.F.);
#3500=CARTESIAN_POINT('',(0.0376,0.0462756607640495,-0.00757423923595013));
#3501=DIRECTION('',(1.11596205068196E-29,-1.0,-3.31866097305807E-44));
#3502=DIRECTION('',(-2.9738116731031E-15,0.0,-1.0));
#3503=SURFACE_STYLE_FILL_AREA(#5716);
#3504=ORIENTED_EDGE('',*,*,#5717,.F.);
#3505=ORIENTED_EDGE('',*,*,#5699,.T.);
#3506=CARTESIAN_POINT('',(0.039,0.0426154313793919,-0.0120742392359501));
#3507=DIRECTION('',(-1.0,-1.11596205068196E-29,3.1641356201817E-15));
#3508=DIRECTION('',(3.1641356201817E-15,0.0,1.0));
#3509=SURFACE_STYLE_FILL_AREA(#5718);
#3510=ORIENTED_EDGE('',*,*,#5710,.F.);
#3511=ORIENTED_EDGE('',*,*,#5719,.T.);
#3512=ORIENTED_EDGE('',*,*,#5720,.T.);
#3513=ORIENTED_EDGE('',*,*,#5713,.F.);
#3514=CARTESIAN_POINT('',(0.0376,0.0462654313793919,-0.0157742392359501));
#3515=DIRECTION('',(-3.1641356201817E-15,-1.82963344716787E-30,-1.0));
#3516=DIRECTION('',(-5.78241158658936E-16,1.0,0.0));
#3517=SURFACE_STYLE_FILL_AREA(#5721);
#3518=ORIENTED_EDGE('',*,*,#5708,.F.);
#3519=ORIENTED_EDGE('',*,*,#5715,.T.);
#3520=ORIENTED_EDGE('',*,*,#5722,.T.);
#3521=ORIENTED_EDGE('',*,*,#5723,.T.);
#3522=CARTESIAN_POINT('',(0.0376,0.0582654313793919,-0.00857423923595013));
#3523=DIRECTION('',(3.1641356201817E-15,0.0,1.0));
#3524=DIRECTION('',(0.0,-1.0,0.0));
#3525=SURFACE_STYLE_FILL_AREA(#5724);
#3526=ORIENTED_EDGE('',*,*,#5725,.F.);
#3527=ORIENTED_EDGE('',*,*,#5719,.F.);
#3528=ORIENTED_EDGE('',*,*,#5709,.F.);
#3529=ORIENTED_EDGE('',*,*,#5723,.F.);
#3530=CARTESIAN_POINT('',(0.0376,0.0582756607640495,-0.0145742392359501));
#3531=DIRECTION('',(-1.11596205068196E-29,1.0,4.42488129741076E-44));
#3532=DIRECTION('',(3.96508223080413E-15,0.0,1.0));
#3533=SURFACE_STYLE_FILL_AREA(#5726);
#3534=ORIENTED_EDGE('',*,*,#5727,.T.);
#3535=ORIENTED_EDGE('',*,*,#5728,.T.);
#3536=ORIENTED_EDGE('',*,*,#5729,.F.);
#3537=ORIENTED_EDGE('',*,*,#5730,.T.);
#3538=CARTESIAN_POINT('',(0.0426,0.0372654313793919,-0.014776163686328));
#3539=DIRECTION('',(-1.11596205068196E-29,1.0,3.87177113523442E-44));
#3540=DIRECTION('',(3.46944695195361E-15,0.0,1.0));
#3541=SURFACE_STYLE_FILL_AREA(#5731);
#3542=ORIENTED_EDGE('',*,*,#5732,.F.);
#3543=ORIENTED_EDGE('',*,*,#5728,.F.);
#3544=ORIENTED_EDGE('',*,*,#5733,.F.);
#3545=ORIENTED_EDGE('',*,*,#5734,.F.);
#3546=CARTESIAN_POINT('',(-4.55101557728972E-19,0.0362654313793919,0.00092576076404957));
#3547=DIRECTION('',(-2.23738175362438E-15,-0.707106781186546,-0.707106781186549));
#3548=DIRECTION('',(-1.0,-1.11596205068196E-29,3.1641356201817E-15));
#3549=SURFACE_STYLE_FILL_AREA(#5735);
#3550=ORIENTED_EDGE('',*,*,#5736,.F.);
#3551=ORIENTED_EDGE('',*,*,#5737,.T.);
#3552=ORIENTED_EDGE('',*,*,#5738,.T.);
#3553=ORIENTED_EDGE('',*,*,#5739,.F.);
#3554=CARTESIAN_POINT('',(0.0426,0.0672654313793919,-0.004776163686328));
#3555=DIRECTION('',(1.11596205068196E-29,-1.0,-3.87177113523442E-44));
#3556=DIRECTION('',(-3.46944695195361E-15,0.0,-1.0));
#3557=SURFACE_STYLE_FILL_AREA(#5740);
#3558=ORIENTED_EDGE('',*,*,#5741,.F.);
#3559=ORIENTED_EDGE('',*,*,#5742,.F.);
#3560=ORIENTED_EDGE('',*,*,#5743,.F.);
#3561=ORIENTED_EDGE('',*,*,#5737,.F.);
#3562=CARTESIAN_POINT('',(0.0426,0.0672654313793919,-7.42392359504556E-05));
#3563=DIRECTION('',(-2.23738175362438E-15,0.707106781186549,-0.707106781186546));
#3564=DIRECTION('',(-1.0,-1.11596205068196E-29,3.1641356201817E-15));
#3565=SURFACE_STYLE_FILL_AREA(#5744);
#3566=ORIENTED_EDGE('',*,*,#5745,.T.);
#3567=ORIENTED_EDGE('',*,*,#5746,.T.);
#3568=ORIENTED_EDGE('',*,*,#5747,.F.);
#3569=ORIENTED_EDGE('',*,*,#5748,.T.);
#3570=CARTESIAN_POINT('',(0.0258027938683829,0.0310784546324322,0.00092576076404947));
#3571=DIRECTION('',(1.11530198684086E-29,1.0,3.52495810318487E-15));
#3572=DIRECTION('',(-1.0,-4.25625526746622E-34,3.1641356201817E-15));
#3573=SURFACE_STYLE_FILL_AREA(#5749);
#3574=ORIENTED_EDGE('',*,*,#5750,.F.);
#3575=ORIENTED_EDGE('',*,*,#5751,.F.);
#3576=ORIENTED_EDGE('',*,*,#5752,.F.);
#3577=ORIENTED_EDGE('',*,*,#5746,.F.);
#3578=CARTESIAN_POINT('',(-0.025902794533327,0.0291284552973767,0.000925760764049627));
#3579=DIRECTION('',(3.1641356201817E-15,-3.52495810318487E-15,1.0));
#3580=DIRECTION('',(0.0,-1.0,-3.52495810318487E-15));
#3581=SURFACE_STYLE_FILL_AREA(#5753);
#3582=ORIENTED_EDGE('',*,*,#5754,.F.);
#3583=ORIENTED_EDGE('',*,*,#5748,.F.);
#3584=ORIENTED_EDGE('',*,*,#5755,.F.);
#3585=ORIENTED_EDGE('',*,*,#5756,.F.);
#3586=CARTESIAN_POINT('',(0.0259027945333274,0.0291284552973767,0.000925760764049463));
#3587=DIRECTION('',(3.1641356201817E-15,-3.52495810318487E-15,1.0));
#3588=DIRECTION('',(0.0,-1.0,-3.52495810318487E-15));
#3589=SURFACE_STYLE_FILL_AREA(#5757);
#3590=ORIENTED_EDGE('',*,*,#5758,.T.);
#3591=ORIENTED_EDGE('',*,*,#5697,.T.);
#3592=ORIENTED_EDGE('',*,*,#5759,.F.);
#3593=ORIENTED_EDGE('',*,*,#5751,.T.);
#3594=CARTESIAN_POINT('',(-0.0278527938683825,0.0269284546324322,0.000925760764049626));
#3595=DIRECTION('',(-1.0,-1.11487251738968E-29,3.1641356201817E-15));
#3596=DIRECTION('',(-4.72032003854824E-33,-1.0,-3.52495810318487E-15));
#3597=SURFACE_STYLE_FILL_AREA(#5760);
#3598=ORIENTED_EDGE('',*,*,#5761,.F.);
#3599=ORIENTED_EDGE('',*,*,#5687,.T.);
#3600=ORIENTED_EDGE('',*,*,#5762,.T.);
#3601=ORIENTED_EDGE('',*,*,#5756,.T.);
#3602=CARTESIAN_POINT('',(0.0278527938683829,-0.0246743392359507,0.000925760764049267));
#3603=DIRECTION('',(1.0,1.11487251738968E-29,-3.1641356201817E-15));
#3604=DIRECTION('',(4.72032003854824E-33,1.0,3.52495810318487E-15));
#3605=SURFACE_STYLE_FILL_AREA(#5763);
#3606=ORIENTED_EDGE('',*,*,#5764,.F.);
#3607=ORIENTED_EDGE('',*,*,#5765,.T.);
#3608=ORIENTED_EDGE('',*,*,#5766,.T.);
#3609=ORIENTED_EDGE('',*,*,#5767,.T.);
#3610=ORIENTED_EDGE('',*,*,#5768,.F.);
#3611=CARTESIAN_POINT('',(-3.46277662556908E-17,0.000925660764049541,-0.00987423923595041));
#3612=DIRECTION('',(3.1641356201817E-15,-3.52495810318487E-15,1.0));
#3613=DIRECTION('',(1.0,1.13768533674843E-29,-3.1641356201817E-15));
#3614=SURFACE_STYLE_FILL_AREA(#5769);
#3615=ORIENTED_EDGE('',*,*,#5770,.T.);
#3616=ORIENTED_EDGE('',*,*,#5771,.F.);
#3617=ORIENTED_EDGE('',*,*,#5772,.T.);
#3618=ORIENTED_EDGE('',*,*,#5773,.F.);
#3619=CARTESIAN_POINT('',(0.032,0.0472756607640495,0.000925760764049494));
#3620=DIRECTION('',(-1.1124072482913E-29,-1.0,-3.52495810318487E-15));
#3621=DIRECTION('',(1.0,0.0,-3.15580275205602E-15));
#3622=SURFACE_STYLE_FILL_AREA(#5774);
#3623=ORIENTED_EDGE('',*,*,#5775,.F.);
#3624=ORIENTED_EDGE('',*,*,#5776,.F.);
#3625=ORIENTED_EDGE('',*,*,#5777,.T.);
#3626=ORIENTED_EDGE('',*,*,#5778,.T.);
#3627=ORIENTED_EDGE('',*,*,#5779,.F.);
#3628=CARTESIAN_POINT('',(-3.46277662556908E-17,0.000925660764049541,-0.00987423923595041));
#3629=DIRECTION('',(3.1641356201817E-15,-3.52495810318487E-15,1.0));
#3630=DIRECTION('',(1.0,1.13768533674843E-29,-3.1641356201817E-15));
#3631=SURFACE_STYLE_FILL_AREA(#5780);
#3632=ORIENTED_EDGE('',*,*,#5781,.T.);
#3633=ORIENTED_EDGE('',*,*,#5782,.T.);
#3634=ORIENTED_EDGE('',*,*,#5783,.T.);
#3635=ORIENTED_EDGE('',*,*,#5764,.T.);
#3636=CARTESIAN_POINT('',(0.0337999999959968,-0.000772941965283721,0.000925760764049334));
#3637=DIRECTION('',(-1.11635832223318E-29,-1.0,-3.52495810318487E-15));
#3638=DIRECTION('',(1.0,0.0,-3.16701160568272E-15));
#3639=SURFACE_STYLE_FILL_AREA(#5784);
#3640=ORIENTED_EDGE('',*,*,#5785,.T.);
#3641=ORIENTED_EDGE('',*,*,#5786,.T.);
#3642=ORIENTED_EDGE('',*,*,#5787,.F.);
#3643=ORIENTED_EDGE('',*,*,#5778,.F.);
#3644=CARTESIAN_POINT('',(-0.0337999999959968,-0.000772941965283721,0.000925760764049547));
#3645=DIRECTION('',(1.11635832223318E-29,1.0,3.52495810318487E-15));
#3646=DIRECTION('',(-1.0,0.0,3.1670116056827E-15));
#3647=SURFACE_STYLE_FILL_AREA(#5788);
#3648=ORIENTED_EDGE('',*,*,#5789,.T.);
#3649=ORIENTED_EDGE('',*,*,#5790,.T.);
#3650=ORIENTED_EDGE('',*,*,#5791,.F.);
#3651=ORIENTED_EDGE('',*,*,#5766,.F.);
#3652=CARTESIAN_POINT('',(0.0337999932300748,0.00722705802670535,0.000925760764049361));
#3653=DIRECTION('',(-1.12641359882951E-29,-1.0,-3.52495810318487E-15));
#3654=DIRECTION('',(1.0,0.0,-3.19553755209678E-15));
#3655=SURFACE_STYLE_FILL_AREA(#5792);
#3656=ORIENTED_EDGE('',*,*,#5793,.T.);
#3657=ORIENTED_EDGE('',*,*,#5794,.T.);
#3658=ORIENTED_EDGE('',*,*,#5795,.T.);
#3659=ORIENTED_EDGE('',*,*,#5776,.T.);
#3660=CARTESIAN_POINT('',(-0.0337999932300747,0.00722705802670535,0.000925760764049575));
#3661=DIRECTION('',(1.10629907027898E-29,1.0,3.52495810318487E-15));
#3662=DIRECTION('',(-1.0,0.0,3.13847438152361E-15));
#3663=SURFACE_STYLE_FILL_AREA(#5796);
#3664=ORIENTED_EDGE('',*,*,#5797,.F.);
#3665=ORIENTED_EDGE('',*,*,#5798,.F.);
#3666=ORIENTED_EDGE('',*,*,#5799,.T.);
#3667=ORIENTED_EDGE('',*,*,#5800,.T.);
#3668=CARTESIAN_POINT('',(-0.0291027938683825,0.0269284546324322,0.00092576076404963));
#3669=DIRECTION('',(-1.0,-1.11487251738968E-29,3.1641356201817E-15));
#3670=DIRECTION('',(-4.72032003854846E-33,-1.0,-3.52495810318487E-15));
#3671=SURFACE_STYLE_FILL_AREA(#5801);
#3672=ORIENTED_EDGE('',*,*,#5802,.T.);
#3673=ORIENTED_EDGE('',*,*,#5803,.T.);
#3674=ORIENTED_EDGE('',*,*,#5804,.F.);
#3675=ORIENTED_EDGE('',*,*,#5800,.F.);
#3676=ORIENTED_EDGE('',*,*,#5805,.T.);
#3677=CARTESIAN_POINT('',(-0.0259027938683825,-0.0226743392359505,0.000925760764049445));
#3678=DIRECTION('',(3.1641356201817E-15,-3.52495810318487E-15,1.0));
#3679=DIRECTION('',(0.0,-1.0,-3.52495810318487E-15));
#3680=SURFACE_STYLE_FILL_AREA(#5806);
#3681=ORIENTED_EDGE('',*,*,#5807,.T.);
#3682=ORIENTED_EDGE('',*,*,#5808,.T.);
#3683=ORIENTED_EDGE('',*,*,#5802,.F.);
#3684=ORIENTED_EDGE('',*,*,#5809,.F.);
#3685=CARTESIAN_POINT('',(-0.0279027938683825,-0.0258743392359505,0.00092576076404944));
#3686=DIRECTION('',(1.11491291612461E-29,1.0,3.52495810318487E-15));
#3687=DIRECTION('',(-1.0,-4.31633268927286E-33,3.1641356201817E-15));
#3688=SURFACE_STYLE_FILL_AREA(#5810);
#3689=ORIENTED_EDGE('',*,*,#5811,.F.);
#3690=ORIENTED_EDGE('',*,*,#5812,.T.);
#3691=ORIENTED_EDGE('',*,*,#5807,.F.);
#3692=ORIENTED_EDGE('',*,*,#5813,.T.);
#3693=ORIENTED_EDGE('',*,*,#5814,.T.);
#3694=CARTESIAN_POINT('',(0.0259027938683829,-0.0226743392359505,0.000925760764049281));
#3695=DIRECTION('',(3.1641356201817E-15,-3.52495810318487E-15,1.0));
#3696=DIRECTION('',(0.0,-1.0,-3.52495810318487E-15));
#3697=SURFACE_STYLE_FILL_AREA(#5815);
#3698=ORIENTED_EDGE('',*,*,#5816,.F.);
#3699=ORIENTED_EDGE('',*,*,#5814,.F.);
#3700=ORIENTED_EDGE('',*,*,#5817,.T.);
#3701=ORIENTED_EDGE('',*,*,#5818,.T.);
#3702=CARTESIAN_POINT('',(0.0291027938683829,-0.0246743392359507,0.000925760764049263));
#3703=DIRECTION('',(1.0,1.11487251738968E-29,-3.1641356201817E-15));
#3704=DIRECTION('',(4.72032003854846E-33,1.0,3.52495810318487E-15));
#3705=SURFACE_STYLE_FILL_AREA(#5819);
#3706=ORIENTED_EDGE('',*,*,#5820,.F.);
#3707=ORIENTED_EDGE('',*,*,#5818,.F.);
#3708=ORIENTED_EDGE('',*,*,#5821,.T.);
#3709=ORIENTED_EDGE('',*,*,#5822,.T.);
#3710=CARTESIAN_POINT('',(0.0259027945333274,0.0291284552973767,0.000925760764049463));
#3711=DIRECTION('',(3.1641356201817E-15,-3.52495810318487E-15,1.0));
#3712=DIRECTION('',(0.0,-1.0,-3.52495810318487E-15));
#3713=SURFACE_STYLE_FILL_AREA(#5823);
#3714=ORIENTED_EDGE('',*,*,#5824,.T.);
#3715=ORIENTED_EDGE('',*,*,#5825,.T.);
#3716=ORIENTED_EDGE('',*,*,#5826,.F.);
#3717=ORIENTED_EDGE('',*,*,#5822,.F.);
#3718=CARTESIAN_POINT('',(0.0258027938683829,0.0323284546324322,0.000925760764049475));
#3719=DIRECTION('',(1.11530198684086E-29,1.0,3.52495810318487E-15));
#3720=DIRECTION('',(-1.0,-4.2562552674671E-34,3.1641356201817E-15));
#3721=SURFACE_STYLE_FILL_AREA(#5827);
#3722=ORIENTED_EDGE('',*,*,#5828,.F.);
#3723=ORIENTED_EDGE('',*,*,#5825,.F.);
#3724=ORIENTED_EDGE('',*,*,#5829,.T.);
#3725=ORIENTED_EDGE('',*,*,#5798,.T.);
#3726=CARTESIAN_POINT('',(-0.025902794533327,0.0291284552973767,0.000925760764049627));
#3727=DIRECTION('',(3.1641356201817E-15,-3.52495810318487E-15,1.0));
#3728=DIRECTION('',(0.0,-1.0,-3.52495810318487E-15));
#3729=SURFACE_STYLE_FILL_AREA(#5830);
#3730=ORIENTED_EDGE('',*,*,#5829,.F.);
#3731=ORIENTED_EDGE('',*,*,#5824,.F.);
#3732=ORIENTED_EDGE('',*,*,#5821,.F.);
#3733=ORIENTED_EDGE('',*,*,#5817,.F.);
#3734=ORIENTED_EDGE('',*,*,#5813,.F.);
#3735=ORIENTED_EDGE('',*,*,#5809,.T.);
#3736=ORIENTED_EDGE('',*,*,#5805,.F.);
#3737=ORIENTED_EDGE('',*,*,#5799,.F.);
#3738=ORIENTED_EDGE('',*,*,#5759,.T.);
#3739=ORIENTED_EDGE('',*,*,#5696,.T.);
#3740=ORIENTED_EDGE('',*,*,#5831,.T.);
#3741=ORIENTED_EDGE('',*,*,#5688,.T.);
#3742=ORIENTED_EDGE('',*,*,#5761,.T.);
#3743=ORIENTED_EDGE('',*,*,#5755,.T.);
#3744=ORIENTED_EDGE('',*,*,#5747,.T.);
#3745=ORIENTED_EDGE('',*,*,#5752,.T.);
#3746=CARTESIAN_POINT('',(-3.61923717791067E-18,0.000925660764049506,-7.42392359505543E-05));
#3747=DIRECTION('',(3.1641356201817E-15,-3.52495810318487E-15,1.0));
#3748=DIRECTION('',(1.0,1.13768533674843E-29,-3.1641356201817E-15));
#3749=SURFACE_STYLE_FILL_AREA(#5832);
#3750=ORIENTED_EDGE('',*,*,#5833,.F.);
#3751=ORIENTED_EDGE('',*,*,#5834,.F.);
#3752=ORIENTED_EDGE('',*,*,#5835,.F.);
#3753=ORIENTED_EDGE('',*,*,#5836,.F.);
#3754=ORIENTED_EDGE('',*,*,#5837,.F.);
#3755=ORIENTED_EDGE('',*,*,#5838,.F.);
#3756=CARTESIAN_POINT('',(-0.04,-0.0290743392359505,0.00152576076404935));
#3757=DIRECTION('',(-7.88762278149062E-30,-0.707106781186551,0.707106781186544));
#3758=DIRECTION('',(1.0,-1.1154783112467E-29,-7.87710195758967E-44));
#3759=SURFACE_STYLE_FILL_AREA(#5839);
#3760=ORIENTED_EDGE('',*,*,#5840,.T.);
#3761=ORIENTED_EDGE('',*,*,#5841,.T.);
#3762=ORIENTED_EDGE('',*,*,#5842,.T.);
#3763=ORIENTED_EDGE('',*,*,#5843,.T.);
#3764=ORIENTED_EDGE('',*,*,#5844,.F.);
#3765=CARTESIAN_POINT('',(-0.045,0.0629256607640495,0.00092576076404979));
#3766=DIRECTION('',(-1.0,-1.11527593813927E-29,3.1641356201817E-15));
#3767=DIRECTION('',(3.1641356201817E-15,0.0,1.0));
#3768=SURFACE_STYLE_FILL_AREA(#5845);
#3769=ORIENTED_EDGE('',*,*,#5842,.F.);
#3770=ORIENTED_EDGE('',*,*,#5846,.T.);
#3771=ORIENTED_EDGE('',*,*,#5847,.F.);
#3772=ORIENTED_EDGE('',*,*,#5836,.T.);
#3773=ORIENTED_EDGE('',*,*,#5848,.F.);
#3774=CARTESIAN_POINT('',(-0.045,-0.0276743392359505,0.000925760764049443));
#3775=DIRECTION('',(0.707106781186548,0.707106781186548,2.55140024536113E-16));
#3776=DIRECTION('',(3.1641356201817E-15,-3.52495810318487E-15,1.0));
#3777=SURFACE_STYLE_FILL_AREA(#5849);
#3778=ORIENTED_EDGE('',*,*,#5848,.T.);
#3779=ORIENTED_EDGE('',*,*,#5835,.T.);
#3780=ORIENTED_EDGE('',*,*,#5850,.F.);
#3781=ORIENTED_EDGE('',*,*,#5851,.T.);
#3782=ORIENTED_EDGE('',*,*,#5852,.F.);
#3783=ORIENTED_EDGE('',*,*,#5843,.F.);
#3784=CARTESIAN_POINT('',(-0.0436,-0.0370743392359505,0.00292576076404929));
#3785=DIRECTION('',(-0.707106781186549,-4.96173749638738E-15,0.707106781186547));
#3786=DIRECTION('',(1.10498424999895E-29,1.0,7.01695646032619E-15));
#3787=SURFACE_STYLE_FILL_AREA(#5853);
#3788=ORIENTED_EDGE('',*,*,#5854,.F.);
#3789=ORIENTED_EDGE('',*,*,#5855,.F.);
#3790=ORIENTED_EDGE('',*,*,#5856,.T.);
#3791=ORIENTED_EDGE('',*,*,#5857,.T.);
#3792=ORIENTED_EDGE('',*,*,#5858,.F.);
#3793=ORIENTED_EDGE('',*,*,#5859,.F.);
#3794=ORIENTED_EDGE('',*,*,#5860,.T.);
#3795=ORIENTED_EDGE('',*,*,#5861,.T.);
#3796=ORIENTED_EDGE('',*,*,#5862,.T.);
#3797=ORIENTED_EDGE('',*,*,#5863,.F.);
#3798=ORIENTED_EDGE('',*,*,#5864,.T.);
#3799=ORIENTED_EDGE('',*,*,#5793,.F.);
#3800=ORIENTED_EDGE('',*,*,#5779,.T.);
#3801=ORIENTED_EDGE('',*,*,#5787,.T.);
#3802=ORIENTED_EDGE('',*,*,#5865,.T.);
#3803=ORIENTED_EDGE('',*,*,#5866,.T.);
#3804=ORIENTED_EDGE('',*,*,#5867,.T.);
#3805=ORIENTED_EDGE('',*,*,#5868,.T.);
#3806=ORIENTED_EDGE('',*,*,#5869,.F.);
#3807=ORIENTED_EDGE('',*,*,#5870,.T.);
#3808=ORIENTED_EDGE('',*,*,#5871,.F.);
#3809=CARTESIAN_POINT('',(-0.0426,0.000925660764049478,0.00792576076404968));
#3810=DIRECTION('',(-1.0,-1.11527593813927E-29,3.1641356201817E-15));
#3811=DIRECTION('',(3.1641356201817E-15,0.0,1.0));
#3812=SURFACE_STYLE_FILL_AREA(#5872);
#3813=ORIENTED_EDGE('',*,*,#5873,.F.);
#3814=ORIENTED_EDGE('',*,*,#5874,.T.);
#3815=ORIENTED_EDGE('',*,*,#5865,.F.);
#3816=ORIENTED_EDGE('',*,*,#5875,.T.);
#3817=CARTESIAN_POINT('',(-0.0426,0.000925660764049506,-7.42392359504192E-05));
#3818=DIRECTION('',(0.707106781186546,2.4925217781605E-15,-0.707106781186549));
#3819=DIRECTION('',(6.86112542686551E-34,1.0,3.52495810318487E-15));
#3820=SURFACE_STYLE_FILL_AREA(#5876);
#3821=ORIENTED_EDGE('',*,*,#5877,.F.);
#3822=ORIENTED_EDGE('',*,*,#5878,.T.);
#3823=ORIENTED_EDGE('',*,*,#5864,.F.);
#3824=ORIENTED_EDGE('',*,*,#5879,.T.);
#3825=CARTESIAN_POINT('',(-0.0426,0.000925660764049506,-7.42392359504192E-05));
#3826=DIRECTION('',(0.707106781186546,2.4925217781605E-15,-0.707106781186549));
#3827=DIRECTION('',(6.86112542686551E-34,1.0,3.52495810318487E-15));
#3828=SURFACE_STYLE_FILL_AREA(#5880);
#3829=ORIENTED_EDGE('',*,*,#5881,.F.);
#3830=ORIENTED_EDGE('',*,*,#5868,.F.);
#3831=ORIENTED_EDGE('',*,*,#5882,.F.);
#3832=ORIENTED_EDGE('',*,*,#5883,.F.);
#3833=CARTESIAN_POINT('',(-0.0416,-0.0256743392359505,0.00792576076404956));
#3834=DIRECTION('',(-3.1641356201817E-15,3.52495810318487E-15,-1.0));
#3835=DIRECTION('',(0.0,1.0,3.52495810318487E-15));
#3836=SURFACE_STYLE_FILL_AREA(#5884);
#3837=ORIENTED_EDGE('',*,*,#5860,.F.);
#3838=ORIENTED_EDGE('',*,*,#5885,.T.);
#3839=ORIENTED_EDGE('',*,*,#5886,.F.);
#3840=ORIENTED_EDGE('',*,*,#5887,.T.);
#3841=CARTESIAN_POINT('',(-0.0416,0.000925660764049506,-7.42392359504226E-05));
#3842=DIRECTION('',(6.86112542686552E-34,1.0,3.52495810318487E-15));
#3843=DIRECTION('',(0.0,-3.52495810318487E-15,1.0));
#3844=SURFACE_STYLE_FILL_AREA(#5888);
#3845=ORIENTED_EDGE('',*,*,#5795,.F.);
#3846=ORIENTED_EDGE('',*,*,#5889,.T.);
#3847=ORIENTED_EDGE('',*,*,#5785,.F.);
#3848=ORIENTED_EDGE('',*,*,#5777,.F.);
#3849=CARTESIAN_POINT('',(-0.0387999999959946,0.00322705803071085,-0.00987423923595028));
#3850=DIRECTION('',(3.21245088143857E-15,-3.49354033356445E-15,1.0));
#3851=DIRECTION('',(0.0,-1.0,-3.49354033356445E-15));
#3852=SURFACE_STYLE_FILL_AREA(#5890);
#3853=ORIENTED_EDGE('',*,*,#5891,.F.);
#3854=ORIENTED_EDGE('',*,*,#5775,.T.);
#3855=CARTESIAN_POINT('',(-0.0387999999959968,0.0032270580307131,0.000925760764049575));
#3856=DIRECTION('',(3.1641356201817E-15,-3.52495810318487E-15,1.0));
#3857=DIRECTION('',(0.0,-1.0,-3.52495810318487E-15));
#3858=SURFACE_STYLE_FILL_AREA(#5892);
#3859=ORIENTED_EDGE('',*,*,#5893,.T.);
#3860=ORIENTED_EDGE('',*,*,#5894,.T.);
#3861=ORIENTED_EDGE('',*,*,#5895,.T.);
#3862=ORIENTED_EDGE('',*,*,#5896,.T.);
#3863=CARTESIAN_POINT('',(-0.0358,-0.0290743392359505,0.000925760764049409));
#3864=DIRECTION('',(1.0,1.11493288186792E-29,-3.1641356201817E-15));
#3865=DIRECTION('',(-3.1641356201817E-15,0.0,-1.0));
#3866=SURFACE_STYLE_FILL_AREA(#5897);
#3867=ORIENTED_EDGE('',*,*,#5898,.F.);
#3868=ORIENTED_EDGE('',*,*,#5899,.T.);
#3869=CARTESIAN_POINT('',(-0.0388,-0.0228743392359505,-0.00207423923595046));
#3870=DIRECTION('',(3.1641356201817E-15,-3.52495810318487E-15,1.0));
#3871=DIRECTION('',(0.0,-1.0,-3.52495810318487E-15));
#3872=SURFACE_STYLE_FILL_AREA(#5900);
#3873=ORIENTED_EDGE('',*,*,#5901,.F.);
#3874=ORIENTED_EDGE('',*,*,#5902,.T.);
#3875=ORIENTED_EDGE('',*,*,#5893,.F.);
#3876=ORIENTED_EDGE('',*,*,#5903,.F.);
#3877=CARTESIAN_POINT('',(-0.0383,-0.0223743392359505,0.00092576076404944));
#3878=DIRECTION('',(3.1641356201817E-15,-3.52495810318487E-15,1.0));
#3879=DIRECTION('',(0.0,-1.0,-3.52495810318487E-15));
#3880=SURFACE_STYLE_FILL_AREA(#5904);
#3881=ORIENTED_EDGE('',*,*,#5905,.F.);
#3882=ORIENTED_EDGE('',*,*,#5906,.T.);
#3883=ORIENTED_EDGE('',*,*,#5907,.T.);
#3884=ORIENTED_EDGE('',*,*,#5908,.F.);
#3885=CARTESIAN_POINT('',(-0.0358,0.0629256607640495,0.000925760764049762));
#3886=DIRECTION('',(1.0,1.11493288186792E-29,-3.1641356201817E-15));
#3887=DIRECTION('',(-3.1641356201817E-15,0.0,-1.0));
#3888=SURFACE_STYLE_FILL_AREA(#5909);
#3889=ORIENTED_EDGE('',*,*,#5910,.T.);
#3890=ORIENTED_EDGE('',*,*,#5911,.T.);
#3891=ORIENTED_EDGE('',*,*,#5912,.T.);
#3892=ORIENTED_EDGE('',*,*,#5913,.T.);
#3893=ORIENTED_EDGE('',*,*,#5914,.T.);
#3894=ORIENTED_EDGE('',*,*,#5915,.T.);
#3895=ORIENTED_EDGE('',*,*,#5916,.T.);
#3896=ORIENTED_EDGE('',*,*,#5917,.T.);
#3897=ORIENTED_EDGE('',*,*,#5918,.T.);
#3898=ORIENTED_EDGE('',*,*,#5919,.T.);
#3899=ORIENTED_EDGE('',*,*,#5920,.T.);
#3900=ORIENTED_EDGE('',*,*,#5921,.T.);
#3901=CARTESIAN_POINT('',(0.045,-0.0370743392359505,0.000925760764049185));
#3902=DIRECTION('',(1.0,1.11596205068196E-29,-3.1641356201817E-15));
#3903=DIRECTION('',(-3.1641356201817E-15,0.0,-1.0));
#3904=SURFACE_STYLE_FILL_AREA(#5922);
#3905=ORIENTED_EDGE('',*,*,#5923,.F.);
#3906=ORIENTED_EDGE('',*,*,#5833,.T.);
#3907=ORIENTED_EDGE('',*,*,#5924,.F.);
#3908=ORIENTED_EDGE('',*,*,#5921,.F.);
#3909=ORIENTED_EDGE('',*,*,#5925,.T.);
#3910=ORIENTED_EDGE('',*,*,#5926,.T.);
#3911=CARTESIAN_POINT('',(0.0436,-0.0370743392359505,0.00292576076404929));
#3912=DIRECTION('',(0.707106781186549,-4.9617374963874E-15,0.707106781186546));
#3913=DIRECTION('',(-1.10429813745626E-29,-1.0,-7.01695646032619E-15));
#3914=SURFACE_STYLE_FILL_AREA(#5927);
#3915=ORIENTED_EDGE('',*,*,#5928,.F.);
#3916=ORIENTED_EDGE('',*,*,#5929,.T.);
#3917=ORIENTED_EDGE('',*,*,#5930,.T.);
#3918=ORIENTED_EDGE('',*,*,#5918,.F.);
#3919=ORIENTED_EDGE('',*,*,#5924,.T.);
#3920=ORIENTED_EDGE('',*,*,#5838,.T.);
#3921=CARTESIAN_POINT('',(0.0436,-0.0290743392359505,0.000925760764049189));
#3922=DIRECTION('',(-0.707106781186548,0.707106781186548,4.72990353178487E-15));
#3923=DIRECTION('',(3.1641356201817E-15,-3.52495810318487E-15,1.0));
#3924=SURFACE_STYLE_FILL_AREA(#5931);
#3925=ORIENTED_EDGE('',*,*,#5738,.F.);
#3926=ORIENTED_EDGE('',*,*,#5932,.T.);
#3927=ORIENTED_EDGE('',*,*,#5933,.F.);
#3928=ORIENTED_EDGE('',*,*,#5934,.T.);
#3929=ORIENTED_EDGE('',*,*,#5935,.T.);
#3930=ORIENTED_EDGE('',*,*,#5936,.F.);
#3931=ORIENTED_EDGE('',*,*,#5937,.T.);
#3932=ORIENTED_EDGE('',*,*,#5938,.F.);
#3933=ORIENTED_EDGE('',*,*,#5939,.F.);
#3934=ORIENTED_EDGE('',*,*,#5940,.T.);
#3935=ORIENTED_EDGE('',*,*,#5781,.F.);
#3936=ORIENTED_EDGE('',*,*,#5767,.F.);
#3937=ORIENTED_EDGE('',*,*,#5791,.T.);
#3938=ORIENTED_EDGE('',*,*,#5941,.T.);
#3939=ORIENTED_EDGE('',*,*,#5942,.T.);
#3940=ORIENTED_EDGE('',*,*,#5943,.F.);
#3941=ORIENTED_EDGE('',*,*,#5944,.F.);
#3942=ORIENTED_EDGE('',*,*,#5945,.T.);
#3943=ORIENTED_EDGE('',*,*,#5727,.F.);
#3944=ORIENTED_EDGE('',*,*,#5946,.F.);
#3945=CARTESIAN_POINT('',(0.0426,0.000925660764049478,0.00792576076404942));
#3946=DIRECTION('',(1.0,1.11596205068196E-29,-3.1641356201817E-15));
#3947=DIRECTION('',(-3.1641356201817E-15,0.0,-1.0));
#3948=SURFACE_STYLE_FILL_AREA(#5947);
#3949=ORIENTED_EDGE('',*,*,#5948,.F.);
#3950=ORIENTED_EDGE('',*,*,#5949,.F.);
#3951=ORIENTED_EDGE('',*,*,#5950,.F.);
#3952=ORIENTED_EDGE('',*,*,#5937,.F.);
#3953=CARTESIAN_POINT('',(0.0416,-0.0256743392359505,0.00792576076404933));
#3954=DIRECTION('',(-3.1641356201817E-15,3.52495810318487E-15,-1.0));
#3955=DIRECTION('',(0.0,1.0,3.52495810318487E-15));
#3956=SURFACE_STYLE_FILL_AREA(#5951);
#3957=ORIENTED_EDGE('',*,*,#5952,.F.);
#3958=ORIENTED_EDGE('',*,*,#5953,.T.);
#3959=ORIENTED_EDGE('',*,*,#5954,.T.);
#3960=ORIENTED_EDGE('',*,*,#5955,.F.);
#3961=CARTESIAN_POINT('',(0.0358,-0.0290743392359505,0.000925760764049214));
#3962=DIRECTION('',(-1.0,-1.11922108525973E-29,3.1641356201817E-15));
#3963=DIRECTION('',(3.1641356201817E-15,0.0,1.0));
#3964=SURFACE_STYLE_FILL_AREA(#5956);
#3965=ORIENTED_EDGE('',*,*,#5957,.F.);
#3966=ORIENTED_EDGE('',*,*,#5958,.T.);
#3967=CARTESIAN_POINT('',(0.0388,-0.0228743392359505,-0.00207423923595067));
#3968=DIRECTION('',(3.1641356201817E-15,-3.52495810318487E-15,1.0));
#3969=DIRECTION('',(0.0,-1.0,-3.52495810318487E-15));
#3970=SURFACE_STYLE_FILL_AREA(#5959);
#3971=ORIENTED_EDGE('',*,*,#5954,.F.);
#3972=ORIENTED_EDGE('',*,*,#5960,.T.);
#3973=ORIENTED_EDGE('',*,*,#5961,.F.);
#3974=ORIENTED_EDGE('',*,*,#5962,.F.);
#3975=CARTESIAN_POINT('',(0.0383,-0.0223743392359505,0.000925760764049214));
#3976=DIRECTION('',(3.1641356201817E-15,-3.52495810318487E-15,1.0));
#3977=DIRECTION('',(0.0,-1.0,-3.52495810318487E-15));
#3978=SURFACE_STYLE_FILL_AREA(#5963);
#3979=ORIENTED_EDGE('',*,*,#5783,.F.);
#3980=ORIENTED_EDGE('',*,*,#5964,.T.);
#3981=ORIENTED_EDGE('',*,*,#5789,.F.);
#3982=ORIENTED_EDGE('',*,*,#5765,.F.);
#3983=CARTESIAN_POINT('',(0.0387999999959945,0.00322705803071085,-0.00987423923595052));
#3984=DIRECTION('',(3.21245088143857E-15,-3.57385160560041E-15,1.0));
#3985=DIRECTION('',(0.0,-1.0,-3.57385160560041E-15));
#3986=SURFACE_STYLE_FILL_AREA(#5965);
#3987=ORIENTED_EDGE('',*,*,#5966,.F.);
#3988=ORIENTED_EDGE('',*,*,#5768,.T.);
#3989=CARTESIAN_POINT('',(0.0387999999959968,0.0032270580307131,0.000925760764049333));
#3990=DIRECTION('',(3.1641356201817E-15,-3.52495810318487E-15,1.0));
#3991=DIRECTION('',(0.0,-1.0,-3.52495810318487E-15));
#3992=SURFACE_STYLE_FILL_AREA(#5967);
#3993=ORIENTED_EDGE('',*,*,#5968,.T.);
#3994=ORIENTED_EDGE('',*,*,#5969,.T.);
#3995=ORIENTED_EDGE('',*,*,#5970,.F.);
#3996=ORIENTED_EDGE('',*,*,#5971,.T.);
#3997=CARTESIAN_POINT('',(0.0358,0.0629256607640495,0.000925760764049567));
#3998=DIRECTION('',(-1.0,-1.11493288186792E-29,3.1641356201817E-15));
#3999=DIRECTION('',(0.0,-1.0,-3.52365706057789E-15));
#4000=SURFACE_STYLE_FILL_AREA(#5972);
#4001=ORIENTED_EDGE('',*,*,#5973,.T.);
#4002=ORIENTED_EDGE('',*,*,#5974,.T.);
#4003=ORIENTED_EDGE('',*,*,#5975,.T.);
#4004=ORIENTED_EDGE('',*,*,#5976,.T.);
#4005=CARTESIAN_POINT('',(0.04,0.0809256607640495,0.000925760764049565));
#4006=DIRECTION('',(1.11452286943836E-29,1.0,3.52495810318487E-15));
#4007=DIRECTION('',(0.0,-3.52495810318487E-15,1.0));
#4008=SURFACE_STYLE_FILL_AREA(#5977);
#4009=ORIENTED_EDGE('',*,*,#5978,.T.);
#4010=ORIENTED_EDGE('',*,*,#5979,.T.);
#4011=ORIENTED_EDGE('',*,*,#5840,.F.);
#4012=ORIENTED_EDGE('',*,*,#5852,.T.);
#4013=ORIENTED_EDGE('',*,*,#5980,.T.);
#4014=ORIENTED_EDGE('',*,*,#5975,.F.);
#4015=CARTESIAN_POINT('',(-0.0436,0.0809256607640495,0.000925760764049814));
#4016=DIRECTION('',(0.707106781186548,-0.707106781186548,-4.72990353178487E-15));
#4017=DIRECTION('',(3.1641356201817E-15,-3.52495810318487E-15,1.0));
#4018=SURFACE_STYLE_FILL_AREA(#5981);
#4019=ORIENTED_EDGE('',*,*,#5920,.F.);
#4020=ORIENTED_EDGE('',*,*,#5982,.T.);
#4021=ORIENTED_EDGE('',*,*,#5973,.F.);
#4022=ORIENTED_EDGE('',*,*,#5983,.T.);
#4023=ORIENTED_EDGE('',*,*,#5925,.F.);
#4024=CARTESIAN_POINT('',(0.045,0.0795256607640495,0.000925760764049561));
#4025=DIRECTION('',(-0.707106781186546,-0.707106781186549,-2.55140024536125E-16));
#4026=DIRECTION('',(3.1641356201817E-15,-3.52495810318487E-15,1.0));
#4027=SURFACE_STYLE_FILL_AREA(#5984);
#4028=ORIENTED_EDGE('',*,*,#5983,.F.);
#4029=ORIENTED_EDGE('',*,*,#5976,.F.);
#4030=ORIENTED_EDGE('',*,*,#5980,.F.);
#4031=ORIENTED_EDGE('',*,*,#5851,.F.);
#4032=ORIENTED_EDGE('',*,*,#5985,.F.);
#4033=ORIENTED_EDGE('',*,*,#5926,.F.);
#4034=CARTESIAN_POINT('',(0.04,0.0795256607640495,0.00292576076405004));
#4035=DIRECTION('',(7.88086678767349E-30,0.707106781186541,0.707106781186554));
#4036=DIRECTION('',(1.0,-1.11452286943836E-29,-7.7746630461458E-44));
#4037=SURFACE_STYLE_FILL_AREA(#5986);
#4038=ORIENTED_EDGE('',*,*,#5970,.T.);
#4039=ORIENTED_EDGE('',*,*,#5987,.T.);
#4040=ORIENTED_EDGE('',*,*,#5905,.T.);
#4041=ORIENTED_EDGE('',*,*,#5988,.F.);
#4042=ORIENTED_EDGE('',*,*,#5989,.T.);
#4043=ORIENTED_EDGE('',*,*,#5990,.F.);
#4044=ORIENTED_EDGE('',*,*,#5991,.T.);
#4045=ORIENTED_EDGE('',*,*,#5992,.T.);
#4046=CARTESIAN_POINT('',(2.16938477835441E-17,0.0785256607640495,0.00792576076404983));
#4047=DIRECTION('',(1.11452286943836E-29,1.0,3.52495810318487E-15));
#4048=DIRECTION('',(0.0,-3.52495810318487E-15,1.0));
#4049=SURFACE_STYLE_FILL_AREA(#5993);
#4050=ORIENTED_EDGE('',*,*,#5994,.F.);
#4051=ORIENTED_EDGE('',*,*,#5935,.F.);
#4052=ORIENTED_EDGE('',*,*,#5995,.F.);
#4053=ORIENTED_EDGE('',*,*,#5991,.F.);
#4054=CARTESIAN_POINT('',(0.0416,0.0775256607640495,0.00792576076404969));
#4055=DIRECTION('',(-3.1641356201817E-15,3.52495810318487E-15,-1.0));
#4056=DIRECTION('',(0.0,1.0,3.52495810318487E-15));
#4057=SURFACE_STYLE_FILL_AREA(#5996);
#4058=ORIENTED_EDGE('',*,*,#5997,.F.);
#4059=ORIENTED_EDGE('',*,*,#5989,.F.);
#4060=ORIENTED_EDGE('',*,*,#5998,.F.);
#4061=ORIENTED_EDGE('',*,*,#5870,.F.);
#4062=CARTESIAN_POINT('',(-0.0416,0.0775256607640495,0.00792576076404995));
#4063=DIRECTION('',(-3.1641356201817E-15,3.52495810318487E-15,-1.0));
#4064=DIRECTION('',(0.0,1.0,3.52495810318487E-15));
#4065=SURFACE_STYLE_FILL_AREA(#5999);
#4066=ORIENTED_EDGE('',*,*,#5933,.T.);
#4067=ORIENTED_EDGE('',*,*,#6000,.T.);
#4068=ORIENTED_EDGE('',*,*,#6001,.T.);
#4069=ORIENTED_EDGE('',*,*,#6002,.T.);
#4070=CARTESIAN_POINT('',(0.032,0.0717256607640495,0.000925760764049542));
#4071=DIRECTION('',(-1.11308970672583E-29,-1.0,-3.52495810318487E-15));
#4072=DIRECTION('',(1.0,0.0,-3.15773882736403E-15));
#4073=SURFACE_STYLE_FILL_AREA(#6003);
#4074=ORIENTED_EDGE('',*,*,#6004,.F.);
#4075=ORIENTED_EDGE('',*,*,#6005,.T.);
#4076=CARTESIAN_POINT('',(0.0388,0.0747256607640495,-0.00207423923595035));
#4077=DIRECTION('',(3.1641356201817E-15,-3.52495810318487E-15,1.0));
#4078=DIRECTION('',(0.0,-1.0,-3.52495810318487E-15));
#4079=SURFACE_STYLE_FILL_AREA(#6006);
#4080=ORIENTED_EDGE('',*,*,#6007,.T.);
#4081=ORIENTED_EDGE('',*,*,#6008,.T.);
#4082=ORIENTED_EDGE('',*,*,#5855,.T.);
#4083=ORIENTED_EDGE('',*,*,#6009,.F.);
#4084=CARTESIAN_POINT('',(-0.032,0.0717256607640495,0.000925760764049744));
#4085=DIRECTION('',(-1.11308970672583E-29,-1.0,-3.52495810318487E-15));
#4086=DIRECTION('',(0.0,3.52495810318487E-15,-1.0));
#4087=SURFACE_STYLE_FILL_AREA(#6010);
#4088=ORIENTED_EDGE('',*,*,#6011,.F.);
#4089=ORIENTED_EDGE('',*,*,#6012,.T.);
#4090=CARTESIAN_POINT('',(-0.0388,0.0747256607640495,-0.00207423923595014));
#4091=DIRECTION('',(3.1641356201817E-15,-3.52495810318487E-15,1.0));
#4092=DIRECTION('',(0.0,-1.0,-3.52495810318487E-15));
#4093=SURFACE_STYLE_FILL_AREA(#6013);
#4094=ORIENTED_EDGE('',*,*,#5907,.F.);
#4095=ORIENTED_EDGE('',*,*,#6014,.T.);
#4096=ORIENTED_EDGE('',*,*,#6007,.F.);
#4097=ORIENTED_EDGE('',*,*,#6015,.F.);
#4098=CARTESIAN_POINT('',(-0.0383,0.0742256607640495,0.000925760764049773));
#4099=DIRECTION('',(3.1641356201817E-15,-3.52495810318487E-15,1.0));
#4100=DIRECTION('',(0.0,-1.0,-3.52495810318487E-15));
#4101=SURFACE_STYLE_FILL_AREA(#6016);
#4102=ORIENTED_EDGE('',*,*,#6001,.F.);
#4103=ORIENTED_EDGE('',*,*,#6017,.T.);
#4104=ORIENTED_EDGE('',*,*,#5968,.F.);
#4105=ORIENTED_EDGE('',*,*,#6018,.F.);
#4106=CARTESIAN_POINT('',(0.0383,0.0742256607640495,0.000925760764049598));
#4107=DIRECTION('',(3.1641356201817E-15,-3.52495810318487E-15,1.0));
#4108=DIRECTION('',(0.0,-1.0,-3.52495810318487E-15));
#4109=SURFACE_STYLE_FILL_AREA(#6019);
#4110=ORIENTED_EDGE('',*,*,#6020,.T.);
#4111=ORIENTED_EDGE('',*,*,#6021,.T.);
#4112=ORIENTED_EDGE('',*,*,#6022,.F.);
#4113=ORIENTED_EDGE('',*,*,#6023,.T.);
#4114=CARTESIAN_POINT('',(0.0185,0.0698256607640495,0.000925760764049606));
#4115=DIRECTION('',(0.0,-1.0,-0.0));
#4116=DIRECTION('',(0.0,0.0,-1.0));
#4117=SURFACE_STYLE_FILL_AREA(#6024);
#4118=ORIENTED_EDGE('',*,*,#6025,.F.);
#4119=ORIENTED_EDGE('',*,*,#6026,.F.);
#4120=ORIENTED_EDGE('',*,*,#6027,.F.);
#4121=ORIENTED_EDGE('',*,*,#6021,.F.);
#4122=CARTESIAN_POINT('',(0.0165,0.0678256607640495,0.000925760764049606));
#4123=DIRECTION('',(0.0,0.0,-1.0));
#4124=DIRECTION('',(-1.0,0.0,0.0));
#4125=SURFACE_STYLE_FILL_AREA(#6028);
#4126=ORIENTED_EDGE('',*,*,#6029,.F.);
#4127=ORIENTED_EDGE('',*,*,#6023,.F.);
#4128=ORIENTED_EDGE('',*,*,#6030,.F.);
#4129=ORIENTED_EDGE('',*,*,#6031,.F.);
#4130=CARTESIAN_POINT('',(-0.0165,0.0678256607640495,0.000925760764049606));
#4131=DIRECTION('',(0.0,0.0,-1.0));
#4132=DIRECTION('',(-1.0,0.0,0.0));
#4133=SURFACE_STYLE_FILL_AREA(#6032);
#4134=ORIENTED_EDGE('',*,*,#6033,.T.);
#4135=ORIENTED_EDGE('',*,*,#6034,.T.);
#4136=CARTESIAN_POINT('',(0.0152,0.0665256607640495,0.000925760764049622));
#4137=DIRECTION('',(3.1641356201817E-15,-3.52495810318487E-15,1.0));
#4138=DIRECTION('',(0.0,-1.0,-3.52495810318487E-15));
#4139=SURFACE_STYLE_FILL_AREA(#6035);
#4140=ORIENTED_EDGE('',*,*,#6036,.F.);
#4141=ORIENTED_EDGE('',*,*,#6037,.T.);
#4142=CARTESIAN_POINT('',(0.0152,0.0665256607640495,0.0023247607640496));
#4143=DIRECTION('',(0.0,0.0,-1.0));
#4144=DIRECTION('',(-1.0,0.0,0.0));
#4145=SURFACE_STYLE_FILL_AREA(#6038);
#4146=ORIENTED_EDGE('',*,*,#6039,.T.);
#4147=ORIENTED_EDGE('',*,*,#6040,.T.);
#4148=CARTESIAN_POINT('',(-0.0152,0.0665256607640495,0.000925760764049718));
#4149=DIRECTION('',(3.1641356201817E-15,-3.52495810318487E-15,1.0));
#4150=DIRECTION('',(0.0,-1.0,-3.52495810318487E-15));
#4151=SURFACE_STYLE_FILL_AREA(#6041);
#4152=ORIENTED_EDGE('',*,*,#6042,.F.);
#4153=ORIENTED_EDGE('',*,*,#6043,.T.);
#4154=CARTESIAN_POINT('',(-0.0152,0.0665256607640495,0.0023247607640496));
#4155=DIRECTION('',(0.0,0.0,-1.0));
#4156=DIRECTION('',(-1.0,0.0,0.0));
#4157=SURFACE_STYLE_FILL_AREA(#6044);
#4158=ORIENTED_EDGE('',*,*,#6040,.F.);
#4159=ORIENTED_EDGE('',*,*,#6043,.F.);
#4160=CARTESIAN_POINT('',(-2.04033350344002E-18,0.00682566076404951,0.000424760764049455));
#4161=DIRECTION('',(3.1641356201817E-15,-3.52495810318487E-15,1.0));
#4162=DIRECTION('',(1.0,1.13768533674843E-29,-3.1641356201817E-15));
#4163=SURFACE_STYLE_FILL_AREA(#6045);
#4164=ORIENTED_EDGE('',*,*,#6042,.T.);
#4165=CARTESIAN_POINT('',(4.16412371545315E-33,0.0502756607640495,-0.0053752392359504));
#4166=DIRECTION('',(0.0,0.0,-1.0));
#4167=DIRECTION('',(-1.0,0.0,0.0));
#4168=SURFACE_STYLE_FILL_AREA(#6046);
#4169=ORIENTED_EDGE('',*,*,#6034,.F.);
#4170=ORIENTED_EDGE('',*,*,#6037,.F.);
#4171=CARTESIAN_POINT('',(-2.04033350344002E-18,0.00682566076404951,0.000424760764049455));
#4172=DIRECTION('',(3.1641356201817E-15,-3.52495810318487E-15,1.0));
#4173=DIRECTION('',(1.0,1.13768533674843E-29,-3.1641356201817E-15));
#4174=SURFACE_STYLE_FILL_AREA(#6047);
#4175=ORIENTED_EDGE('',*,*,#6036,.T.);
#4176=CARTESIAN_POINT('',(4.16412371545315E-33,0.0502756607640495,-0.0053752392359504));
#4177=DIRECTION('',(0.0,0.0,-1.0));
#4178=DIRECTION('',(-1.0,0.0,0.0));
#4179=SURFACE_STYLE_FILL_AREA(#6048);
#4180=ORIENTED_EDGE('',*,*,#6049,.T.);
#4181=ORIENTED_EDGE('',*,*,#6050,.T.);
#4182=CARTESIAN_POINT('',(0.0152,0.0378997007966495,0.000925760764049521));
#4183=DIRECTION('',(3.1641356201817E-15,-3.52495810318487E-15,1.0));
#4184=DIRECTION('',(0.0,-1.0,-3.52495810318487E-15));
#4185=SURFACE_STYLE_FILL_AREA(#6051);
#4186=ORIENTED_EDGE('',*,*,#6050,.F.);
#4187=ORIENTED_EDGE('',*,*,#6052,.F.);
#4188=CARTESIAN_POINT('',(-2.04033350344002E-18,0.00682566076404951,0.000424760764049455));
#4189=DIRECTION('',(3.1641356201817E-15,-3.52495810318487E-15,1.0));
#4190=DIRECTION('',(1.0,1.13768533674843E-29,-3.1641356201817E-15));
#4191=SURFACE_STYLE_FILL_AREA(#6053);
#4192=ORIENTED_EDGE('',*,*,#6054,.F.);
#4193=ORIENTED_EDGE('',*,*,#6052,.T.);
#4194=CARTESIAN_POINT('',(0.0152,0.0378997007966495,0.0023247607640496));
#4195=DIRECTION('',(0.0,0.0,-1.0));
#4196=DIRECTION('',(-1.0,0.0,0.0));
#4197=SURFACE_STYLE_FILL_AREA(#6055);
#4198=ORIENTED_EDGE('',*,*,#6054,.T.);
#4199=CARTESIAN_POINT('',(4.16412371545315E-33,0.0502756607640495,-0.0053752392359504));
#4200=DIRECTION('',(0.0,0.0,-1.0));
#4201=DIRECTION('',(-1.0,0.0,0.0));
#4202=SURFACE_STYLE_FILL_AREA(#6056);
#4203=ORIENTED_EDGE('',*,*,#6057,.T.);
#4204=ORIENTED_EDGE('',*,*,#6058,.T.);
#4205=CARTESIAN_POINT('',(-0.0152,0.0378997007966495,0.000925760764049617));
#4206=DIRECTION('',(3.1641356201817E-15,-3.52495810318487E-15,1.0));
#4207=DIRECTION('',(0.0,-1.0,-3.52495810318487E-15));
#4208=SURFACE_STYLE_FILL_AREA(#6059);
#4209=ORIENTED_EDGE('',*,*,#6058,.F.);
#4210=ORIENTED_EDGE('',*,*,#6060,.F.);
#4211=CARTESIAN_POINT('',(-2.04033350344002E-18,0.00682566076404951,0.000424760764049455));
#4212=DIRECTION('',(3.1641356201817E-15,-3.52495810318487E-15,1.0));
#4213=DIRECTION('',(1.0,1.13768533674843E-29,-3.1641356201817E-15));
#4214=SURFACE_STYLE_FILL_AREA(#6061);
#4215=ORIENTED_EDGE('',*,*,#6062,.F.);
#4216=ORIENTED_EDGE('',*,*,#6060,.T.);
#4217=CARTESIAN_POINT('',(-0.0152,0.0378997007966495,0.0023247607640496));
#4218=DIRECTION('',(0.0,0.0,-1.0));
#4219=DIRECTION('',(-1.0,0.0,0.0));
#4220=SURFACE_STYLE_FILL_AREA(#6063);
#4221=ORIENTED_EDGE('',*,*,#6062,.T.);
#4222=CARTESIAN_POINT('',(4.16412371545315E-33,0.0502756607640495,-0.0053752392359504));
#4223=DIRECTION('',(0.0,0.0,-1.0));
#4224=DIRECTION('',(-1.0,0.0,0.0));
#4225=SURFACE_STYLE_FILL_AREA(#6064);
#4226=ORIENTED_EDGE('',*,*,#6065,.F.);
#4227=ORIENTED_EDGE('',*,*,#6066,.F.);
#4228=ORIENTED_EDGE('',*,*,#6067,.F.);
#4229=ORIENTED_EDGE('',*,*,#6068,.T.);
#4230=CARTESIAN_POINT('',(0.04,0.0462270140461909,0.00292576076404983));
#4231=DIRECTION('',(4.12719246706891E-18,0.706454764287108,0.707758197420593));
#4232=DIRECTION('',(1.0,-5.84211852719782E-18,-4.11781026046813E-32));
#4233=SURFACE_STYLE_FILL_AREA(#6069);
#4234=ORIENTED_EDGE('',*,*,#6070,.F.);
#4235=ORIENTED_EDGE('',*,*,#6071,.F.);
#4236=ORIENTED_EDGE('',*,*,#6072,.T.);
#4237=ORIENTED_EDGE('',*,*,#6073,.F.);
#4238=ORIENTED_EDGE('',*,*,#6066,.T.);
#4239=CARTESIAN_POINT('',(-0.0156,-0.0311743392359505,0.00292576076404929));
#4240=DIRECTION('',(0.707106781186548,-4.95759646087478E-15,0.707106781186547));
#4241=DIRECTION('',(5.85630858420004E-18,-1.0,-7.01695646032619E-15));
#4242=SURFACE_STYLE_FILL_AREA(#6074);
#4243=ORIENTED_EDGE('',*,*,#6075,.F.);
#4244=ORIENTED_EDGE('',*,*,#6076,.T.);
#4245=ORIENTED_EDGE('',*,*,#6071,.T.);
#4246=ORIENTED_EDGE('',*,*,#6077,.T.);
#4247=ORIENTED_EDGE('',*,*,#6078,.T.);
#4248=CARTESIAN_POINT('',(-0.015,0.0404756607640495,0.00305783572853422));
#4249=DIRECTION('',(1.0,5.85630858422233E-18,-3.17701777696088E-15));
#4250=DIRECTION('',(-3.17701777696088E-15,0.0,-1.0));
#4251=SURFACE_STYLE_FILL_AREA(#6079);
#4252=ORIENTED_EDGE('',*,*,#6080,.T.);
#4253=ORIENTED_EDGE('',*,*,#6081,.F.);
#4254=ORIENTED_EDGE('',*,*,#6072,.F.);
#4255=ORIENTED_EDGE('',*,*,#6076,.F.);
#4256=ORIENTED_EDGE('',*,*,#6082,.F.);
#4257=ORIENTED_EDGE('',*,*,#6083,.F.);
#4258=CARTESIAN_POINT('',(0.04,0.0624270665435038,0.00292576076404995));
#4259=DIRECTION('',(-4.15403893968475E-18,-0.707758197420594,0.706454764287107));
#4260=DIRECTION('',(-1.0,5.86929117151036E-18,4.13110208631085E-32));
#4261=SURFACE_STYLE_FILL_AREA(#6084);
#4262=ORIENTED_EDGE('',*,*,#6085,.F.);
#4263=ORIENTED_EDGE('',*,*,#6082,.T.);
#4264=ORIENTED_EDGE('',*,*,#6075,.T.);
#4265=ORIENTED_EDGE('',*,*,#6086,.T.);
#4266=CARTESIAN_POINT('',(-0.01471,0.0618256554123942,0.00309073925134277));
#4267=DIRECTION('',(-5.86928119994895E-18,-0.999998301062067,-0.00184333203206677));
#4268=DIRECTION('',(0.0,0.00184333203206677,-0.999998301062067));
#4269=SURFACE_STYLE_FILL_AREA(#6087);
#4270=ORIENTED_EDGE('',*,*,#6088,.F.);
#4271=ORIENTED_EDGE('',*,*,#6089,.F.);
#4272=ORIENTED_EDGE('',*,*,#6068,.F.);
#4273=ORIENTED_EDGE('',*,*,#6090,.F.);
#4274=ORIENTED_EDGE('',*,*,#6080,.F.);
#4275=CARTESIAN_POINT('',(0.0156,-0.0311743392359505,0.00292576076404929));
#4276=DIRECTION('',(-0.707106781186547,-4.96587853190001E-15,0.707106781186548));
#4277=DIRECTION('',(-5.85630858419995E-18,1.0,7.01695646032619E-15));
#4278=SURFACE_STYLE_FILL_AREA(#6091);
#4279=ORIENTED_EDGE('',*,*,#6092,.F.);
#4280=ORIENTED_EDGE('',*,*,#6088,.T.);
#4281=ORIENTED_EDGE('',*,*,#6083,.T.);
#4282=ORIENTED_EDGE('',*,*,#6085,.T.);
#4283=ORIENTED_EDGE('',*,*,#6093,.T.);
#4284=CARTESIAN_POINT('',(0.015,0.0551756607640486,0.00308493275544167));
#4285=DIRECTION('',(-1.0,-5.85630858422224E-18,3.17701777696088E-15));
#4286=DIRECTION('',(3.17701777696088E-15,0.0,1.0));
#4287=SURFACE_STYLE_FILL_AREA(#6094);
#4288=ORIENTED_EDGE('',*,*,#6070,.T.);
#4289=ORIENTED_EDGE('',*,*,#6065,.T.);
#4290=ORIENTED_EDGE('',*,*,#6089,.T.);
#4291=ORIENTED_EDGE('',*,*,#6092,.T.);
#4292=ORIENTED_EDGE('',*,*,#6095,.T.);
#4293=ORIENTED_EDGE('',*,*,#6077,.F.);
#4294=CARTESIAN_POINT('',(0.01471,0.0468256559220764,0.00306308922482551));
#4295=DIRECTION('',(5.84210860180104E-18,0.999998301062067,0.00184333203206677));
#4296=DIRECTION('',(0.0,-0.00184333203206677,0.999998301062067));
#4297=SURFACE_STYLE_FILL_AREA(#6096);
#4298=ORIENTED_EDGE('',*,*,#6097,.F.);
#4299=ORIENTED_EDGE('',*,*,#6098,.T.);
#4300=ORIENTED_EDGE('',*,*,#6099,.F.);
#4301=ORIENTED_EDGE('',*,*,#6100,.T.);
#4302=CARTESIAN_POINT('',(-0.0185,0.0348256607640495,0.000925760764049606));
#4303=DIRECTION('',(-0.0,1.0,0.0));
#4304=DIRECTION('',(0.0,0.0,1.0));
#4305=SURFACE_STYLE_FILL_AREA(#6101);
#4306=ORIENTED_EDGE('',*,*,#6102,.F.);
#4307=ORIENTED_EDGE('',*,*,#6100,.F.);
#4308=ORIENTED_EDGE('',*,*,#6103,.F.);
#4309=ORIENTED_EDGE('',*,*,#6104,.F.);
#4310=CARTESIAN_POINT('',(0.0165,0.0368256607640495,0.000925760764049606));
#4311=DIRECTION('',(0.0,0.0,-1.0));
#4312=DIRECTION('',(-1.0,0.0,0.0));
#4313=SURFACE_STYLE_FILL_AREA(#6105);
#4314=ORIENTED_EDGE('',*,*,#5773,.T.);
#4315=ORIENTED_EDGE('',*,*,#6106,.T.);
#4316=ORIENTED_EDGE('',*,*,#6107,.F.);
#4317=ORIENTED_EDGE('',*,*,#6108,.F.);
#4318=CARTESIAN_POINT('',(0.032,0.0522756607640495,-0.00557523923595041));
#4319=DIRECTION('',(0.0,-0.0,1.0));
#4320=DIRECTION('',(1.0,0.0,0.0));
#4321=SURFACE_STYLE_FILL_AREA(#6109);
#4322=ORIENTED_EDGE('',*,*,#6110,.T.);
#4323=ORIENTED_EDGE('',*,*,#6111,.F.);
#4324=ORIENTED_EDGE('',*,*,#6112,.F.);
#4325=ORIENTED_EDGE('',*,*,#6107,.T.);
#4326=CARTESIAN_POINT('',(0.032,0.0572756607640495,0.000925760764049529));
#4327=DIRECTION('',(-1.11923183263664E-29,-1.0,-3.52495810318487E-15));
#4328=DIRECTION('',(1.0,0.0,-3.17516350513612E-15));
#4329=SURFACE_STYLE_FILL_AREA(#6113);
#4330=ORIENTED_EDGE('',*,*,#6114,.F.);
#4331=ORIENTED_EDGE('',*,*,#5770,.F.);
#4332=ORIENTED_EDGE('',*,*,#6108,.T.);
#4333=ORIENTED_EDGE('',*,*,#6112,.T.);
#4334=ORIENTED_EDGE('',*,*,#6115,.F.);
#4335=CARTESIAN_POINT('',(-1.05834996779304E-17,0.00482566076404952,-0.00227523923595049));
#4336=DIRECTION('',(3.1641356201817E-15,-3.52495810318487E-15,1.0));
#4337=DIRECTION('',(1.0,1.13768533674843E-29,-3.1641356201817E-15));
#4338=SURFACE_STYLE_FILL_AREA(#6116);
#4339=ORIENTED_EDGE('',*,*,#6117,.F.);
#4340=ORIENTED_EDGE('',*,*,#6115,.T.);
#4341=CARTESIAN_POINT('',(0.032,0.0522756607640495,-0.00557523923595041));
#4342=DIRECTION('',(0.0,-0.0,1.0));
#4343=DIRECTION('',(1.0,0.0,0.0));
#4344=SURFACE_STYLE_FILL_AREA(#6118);
#4345=ORIENTED_EDGE('',*,*,#6119,.F.);
#4346=ORIENTED_EDGE('',*,*,#6120,.T.);
#4347=ORIENTED_EDGE('',*,*,#5859,.T.);
#4348=ORIENTED_EDGE('',*,*,#6121,.F.);
#4349=CARTESIAN_POINT('',(-0.032,0.0472756607640495,0.000925760764049696));
#4350=DIRECTION('',(-1.13970558567268E-29,-1.0,-3.52495810318487E-15));
#4351=DIRECTION('',(0.0,3.52495810318487E-15,-1.0));
#4352=SURFACE_STYLE_FILL_AREA(#6122);
#4353=ORIENTED_EDGE('',*,*,#6123,.F.);
#4354=ORIENTED_EDGE('',*,*,#6124,.T.);
#4355=ORIENTED_EDGE('',*,*,#6119,.T.);
#4356=ORIENTED_EDGE('',*,*,#6125,.F.);
#4357=CARTESIAN_POINT('',(-0.032,0.0522756607640495,-0.00557523923595041));
#4358=DIRECTION('',(0.0,-0.0,1.0));
#4359=DIRECTION('',(1.0,0.0,0.0));
#4360=SURFACE_STYLE_FILL_AREA(#6126);
#4361=ORIENTED_EDGE('',*,*,#6127,.F.);
#4362=ORIENTED_EDGE('',*,*,#6125,.T.);
#4363=ORIENTED_EDGE('',*,*,#6121,.T.);
#4364=ORIENTED_EDGE('',*,*,#5858,.T.);
#4365=ORIENTED_EDGE('',*,*,#6128,.T.);
#4366=CARTESIAN_POINT('',(-0.005,0.0522756607640495,-0.00227523923595041));
#4367=DIRECTION('',(0.0,0.0,-1.0));
#4368=DIRECTION('',(-1.0,0.0,0.0));
#4369=SURFACE_STYLE_FILL_AREA(#6129);
#4370=ORIENTED_EDGE('',*,*,#6130,.F.);
#4371=ORIENTED_EDGE('',*,*,#6127,.T.);
#4372=CARTESIAN_POINT('',(-0.032,0.0522756607640495,-0.00557523923595041));
#4373=DIRECTION('',(0.0,-0.0,1.0));
#4374=DIRECTION('',(1.0,0.0,0.0));
#4375=SURFACE_STYLE_FILL_AREA(#6131);
#4376=ORIENTED_EDGE('',*,*,#6130,.T.);
#4377=CARTESIAN_POINT('',(0.0,0.0502756607640495,0.00192576076404965));
#4378=DIRECTION('',(0.0,0.0,-1.0));
#4379=DIRECTION('',(-1.0,0.0,0.0));
#4380=SURFACE_STYLE_FILL_AREA(#6132);
#4381=ORIENTED_EDGE('',*,*,#5857,.F.);
#4382=ORIENTED_EDGE('',*,*,#6133,.T.);
#4383=ORIENTED_EDGE('',*,*,#6123,.T.);
#4384=ORIENTED_EDGE('',*,*,#6128,.F.);
#4385=CARTESIAN_POINT('',(-0.032,0.0572756607640495,0.000925760764049731));
#4386=DIRECTION('',(1.13288100132734E-29,1.0,3.52495810318487E-15));
#4387=DIRECTION('',(0.0,-3.52495810318487E-15,1.0));
#4388=SURFACE_STYLE_FILL_AREA(#6134);
#4389=ORIENTED_EDGE('',*,*,#6117,.T.);
#4390=CARTESIAN_POINT('',(0.0,0.0502756607640495,0.00192576076404965));
#4391=DIRECTION('',(0.0,0.0,-1.0));
#4392=DIRECTION('',(-1.0,0.0,0.0));
#4393=SURFACE_STYLE_FILL_AREA(#6135);
#4394=ORIENTED_EDGE('',*,*,#5942,.F.);
#4395=ORIENTED_EDGE('',*,*,#6136,.T.);
#4396=ORIENTED_EDGE('',*,*,#6137,.T.);
#4397=ORIENTED_EDGE('',*,*,#6138,.F.);
#4398=CARTESIAN_POINT('',(0.04,0.0219256607640495,0.000925760764049347));
#4399=DIRECTION('',(-1.11308970672584E-29,-1.0,-3.52495810318487E-15));
#4400=DIRECTION('',(0.0,3.52495810318487E-15,-1.0));
#4401=SURFACE_STYLE_FILL_AREA(#6139);
#4402=ORIENTED_EDGE('',*,*,#6137,.F.);
#4403=ORIENTED_EDGE('',*,*,#6140,.T.);
#4404=ORIENTED_EDGE('',*,*,#6141,.F.);
#4405=ORIENTED_EDGE('',*,*,#6142,.F.);
#4406=CARTESIAN_POINT('',(0.0387999999959968,0.0259256607600463,0.000925760764049367));
#4407=DIRECTION('',(-3.1641356201817E-15,3.52495810318487E-15,-1.0));
#4408=DIRECTION('',(0.0,1.0,3.52495810318487E-15));
#4409=SURFACE_STYLE_FILL_AREA(#6143);
#4410=ORIENTED_EDGE('',*,*,#6141,.T.);
#4411=ORIENTED_EDGE('',*,*,#6144,.T.);
#4412=ORIENTED_EDGE('',*,*,#5944,.T.);
#4413=ORIENTED_EDGE('',*,*,#6145,.F.);
#4414=CARTESIAN_POINT('',(0.032,0.0299256607640495,0.000925760764049401));
#4415=DIRECTION('',(1.11308970672584E-29,1.0,3.52495810318487E-15));
#4416=DIRECTION('',(0.0,-3.52495810318487E-15,1.0));
#4417=SURFACE_STYLE_FILL_AREA(#6146);
#4418=ORIENTED_EDGE('',*,*,#6147,.F.);
#4419=ORIENTED_EDGE('',*,*,#6148,.T.);
#4420=CARTESIAN_POINT('',(0.0388,0.0259256607640495,-0.00207423923595053));
#4421=DIRECTION('',(3.1641356201817E-15,-3.52495810318487E-15,1.0));
#4422=DIRECTION('',(0.0,-1.0,-3.52495810318487E-15));
#4423=SURFACE_STYLE_FILL_AREA(#6149);
#4424=ORIENTED_EDGE('',*,*,#6150,.F.);
#4425=ORIENTED_EDGE('',*,*,#6151,.T.);
#4426=ORIENTED_EDGE('',*,*,#6152,.F.);
#4427=ORIENTED_EDGE('',*,*,#6153,.F.);
#4428=CARTESIAN_POINT('',(-0.0387999999959968,0.0259256607600463,0.000925760764049608));
#4429=DIRECTION('',(-3.1641356201817E-15,3.52495810318487E-15,-1.0));
#4430=DIRECTION('',(0.0,1.0,3.52495810318487E-15));
#4431=SURFACE_STYLE_FILL_AREA(#6154);
#4432=ORIENTED_EDGE('',*,*,#6152,.T.);
#4433=ORIENTED_EDGE('',*,*,#6155,.T.);
#4434=ORIENTED_EDGE('',*,*,#5863,.T.);
#4435=ORIENTED_EDGE('',*,*,#6156,.T.);
#4436=CARTESIAN_POINT('',(-0.04,0.0219256607640495,0.0009257607640496));
#4437=DIRECTION('',(-1.11308970672583E-29,-1.0,-3.52495810318487E-15));
#4438=DIRECTION('',(0.0,3.52495810318487E-15,-1.0));
#4439=SURFACE_STYLE_FILL_AREA(#6157);
#4440=ORIENTED_EDGE('',*,*,#6158,.F.);
#4441=ORIENTED_EDGE('',*,*,#6159,.T.);
#4442=CARTESIAN_POINT('',(-0.0388,0.0259256607640495,-0.00207423923595029));
#4443=DIRECTION('',(3.1641356201817E-15,-3.52495810318487E-15,1.0));
#4444=DIRECTION('',(0.0,-1.0,-3.52495810318487E-15));
#4445=SURFACE_STYLE_FILL_AREA(#6160);
#4446=ORIENTED_EDGE('',*,*,#5861,.F.);
#4447=ORIENTED_EDGE('',*,*,#6161,.T.);
#4448=ORIENTED_EDGE('',*,*,#6150,.T.);
#4449=ORIENTED_EDGE('',*,*,#6162,.T.);
#4450=CARTESIAN_POINT('',(-0.032,0.0299256607640495,0.000925760764049603));
#4451=DIRECTION('',(1.11308970672583E-29,1.0,3.52495810318487E-15));
#4452=DIRECTION('',(0.0,-3.52495810318487E-15,1.0));
#4453=SURFACE_STYLE_FILL_AREA(#6163);
#4454=ORIENTED_EDGE('',*,*,#6164,.T.);
#4455=ORIENTED_EDGE('',*,*,#6165,.F.);
#4456=ORIENTED_EDGE('',*,*,#5879,.F.);
#4457=ORIENTED_EDGE('',*,*,#6155,.F.);
#4458=CARTESIAN_POINT('',(-0.04,0.0219256607640495,-7.42392359503535E-05));
#4459=DIRECTION('',(2.23738175362439E-15,0.707106781186545,0.70710678118655));
#4460=DIRECTION('',(-1.0,-3.01452874424399E-31,3.1641356201817E-15));
#4461=SURFACE_STYLE_FILL_AREA(#6166);
#4462=ORIENTED_EDGE('',*,*,#6167,.T.);
#4463=ORIENTED_EDGE('',*,*,#6168,.F.);
#4464=ORIENTED_EDGE('',*,*,#6164,.F.);
#4465=ORIENTED_EDGE('',*,*,#6151,.F.);
#4466=CARTESIAN_POINT('',(-0.0387999999959968,0.0259256607600463,-7.4239235950343E-05));
#4467=DIRECTION('',(-0.0,-3.46944695195362E-15,1.0));
#4468=DIRECTION('',(0.0,-1.0,-3.46944695195362E-15));
#4469=SURFACE_STYLE_FILL_AREA(#6169);
#4470=ORIENTED_EDGE('',*,*,#5887,.F.);
#4471=ORIENTED_EDGE('',*,*,#6170,.F.);
#4472=ORIENTED_EDGE('',*,*,#6167,.F.);
#4473=ORIENTED_EDGE('',*,*,#6161,.F.);
#4474=CARTESIAN_POINT('',(-0.032,0.0299256607640495,-7.42392359503505E-05));
#4475=DIRECTION('',(2.23738175362437E-15,-0.70710678118655,0.707106781186545));
#4476=DIRECTION('',(1.0,2.25484266770324E-32,-3.1641356201817E-15));
#4477=SURFACE_STYLE_FILL_AREA(#6171);
#4478=ORIENTED_EDGE('',*,*,#5875,.F.);
#4479=ORIENTED_EDGE('',*,*,#5786,.F.);
#4480=ORIENTED_EDGE('',*,*,#6172,.T.);
#4481=ORIENTED_EDGE('',*,*,#6173,.F.);
#4482=CARTESIAN_POINT('',(-4.55101557729002E-19,-0.00177294196528372,0.000925760764049436));
#4483=DIRECTION('',(-2.23738175362439E-15,-0.707106781186545,-0.70710678118655));
#4484=DIRECTION('',(-1.0,2.89042176143788E-31,3.1641356201817E-15));
#4485=SURFACE_STYLE_FILL_AREA(#6174);
#4486=ORIENTED_EDGE('',*,*,#6175,.T.);
#4487=ORIENTED_EDGE('',*,*,#6176,.F.);
#4488=ORIENTED_EDGE('',*,*,#6172,.F.);
#4489=ORIENTED_EDGE('',*,*,#5889,.F.);
#4490=CARTESIAN_POINT('',(-0.0387999999959945,0.00322705803071082,-7.42392359504244E-05));
#4491=DIRECTION('',(-0.0,-3.46944695195361E-15,1.0));
#4492=DIRECTION('',(0.0,-1.0,-3.46944695195361E-15));
#4493=SURFACE_STYLE_FILL_AREA(#6177);
#4494=ORIENTED_EDGE('',*,*,#5878,.F.);
#4495=ORIENTED_EDGE('',*,*,#6178,.F.);
#4496=ORIENTED_EDGE('',*,*,#6175,.F.);
#4497=ORIENTED_EDGE('',*,*,#5794,.F.);
#4498=CARTESIAN_POINT('',(-0.0337999932300747,0.00722705802670535,-7.42392359504248E-05));
#4499=DIRECTION('',(2.23738175362437E-15,-0.70710678118655,0.707106781186545));
#4500=DIRECTION('',(1.0,-1.88449656601777E-31,-3.1641356201817E-15));
#4501=SURFACE_STYLE_FILL_AREA(#6179);
#4502=ORIENTED_EDGE('',*,*,#6180,.T.);
#4503=ORIENTED_EDGE('',*,*,#6181,.F.);
#4504=ORIENTED_EDGE('',*,*,#5885,.F.);
#4505=ORIENTED_EDGE('',*,*,#6120,.F.);
#4506=CARTESIAN_POINT('',(-0.032,0.0472756607640495,-7.42392359502894E-05));
#4507=DIRECTION('',(2.23738175362439E-15,0.707106781186543,0.707106781186552));
#4508=DIRECTION('',(-1.0,5.22514810538814E-31,3.1641356201817E-15));
#4509=SURFACE_STYLE_FILL_AREA(#6182);
#4510=ORIENTED_EDGE('',*,*,#6183,.T.);
#4511=ORIENTED_EDGE('',*,*,#6184,.F.);
#4512=ORIENTED_EDGE('',*,*,#6180,.F.);
#4513=ORIENTED_EDGE('',*,*,#6124,.F.);
#4514=CARTESIAN_POINT('',(-0.032,0.0522756607640495,-7.42392359502726E-05));
#4515=DIRECTION('',(0.0,-0.0,1.0));
#4516=DIRECTION('',(1.0,0.0,-0.0));
#4517=SURFACE_STYLE_FILL_AREA(#6185);
#4518=ORIENTED_EDGE('',*,*,#6133,.F.);
#4519=ORIENTED_EDGE('',*,*,#6186,.T.);
#4520=ORIENTED_EDGE('',*,*,#6187,.F.);
#4521=ORIENTED_EDGE('',*,*,#6183,.F.);
#4522=CARTESIAN_POINT('',(-0.032,0.0572756607640495,-7.42392359502543E-05));
#4523=DIRECTION('',(2.23738175362437E-15,-0.707106781186551,0.707106781186544));
#4524=DIRECTION('',(1.0,-1.75364519337993E-31,-3.1641356201817E-15));
#4525=SURFACE_STYLE_FILL_AREA(#6188);
#4526=ORIENTED_EDGE('',*,*,#5856,.F.);
#4527=ORIENTED_EDGE('',*,*,#6189,.T.);
#4528=ORIENTED_EDGE('',*,*,#6190,.F.);
#4529=ORIENTED_EDGE('',*,*,#6186,.F.);
#4530=CARTESIAN_POINT('',(-0.0426,0.000925660764049506,-7.42392359504192E-05));
#4531=DIRECTION('',(0.707106781186546,2.4925217781605E-15,-0.707106781186549));
#4532=DIRECTION('',(6.86112542686551E-34,1.0,3.52495810318487E-15));
#4533=SURFACE_STYLE_FILL_AREA(#6191);
#4534=ORIENTED_EDGE('',*,*,#6192,.T.);
#4535=ORIENTED_EDGE('',*,*,#6193,.F.);
#4536=ORIENTED_EDGE('',*,*,#6189,.F.);
#4537=ORIENTED_EDGE('',*,*,#6008,.F.);
#4538=CARTESIAN_POINT('',(-0.032,0.0717256607640495,-7.42392359502033E-05));
#4539=DIRECTION('',(2.23738175362438E-15,0.707106781186546,0.707106781186549));
#4540=DIRECTION('',(-1.0,-2.25484266770506E-32,3.1641356201817E-15));
#4541=SURFACE_STYLE_FILL_AREA(#6194);
#4542=ORIENTED_EDGE('',*,*,#6195,.T.);
#4543=ORIENTED_EDGE('',*,*,#6196,.F.);
#4544=ORIENTED_EDGE('',*,*,#6192,.F.);
#4545=ORIENTED_EDGE('',*,*,#6014,.F.);
#4546=CARTESIAN_POINT('',(-0.0383,0.0742256607640495,-7.42392359501746E-05));
#4547=DIRECTION('',(0.0,-0.0,1.0));
#4548=DIRECTION('',(1.0,0.0,-0.0));
#4549=SURFACE_STYLE_FILL_AREA(#6197);
#4550=ORIENTED_EDGE('',*,*,#5906,.F.);
#4551=ORIENTED_EDGE('',*,*,#6198,.T.);
#4552=ORIENTED_EDGE('',*,*,#6199,.F.);
#4553=ORIENTED_EDGE('',*,*,#6195,.F.);
#4554=CARTESIAN_POINT('',(-0.0348,0.000925660764049503,0.000925760764049556));
#4555=DIRECTION('',(-0.707106781186546,-2.4925217781605E-15,0.707106781186549));
#4556=DIRECTION('',(4.11667525615855E-33,1.0,3.52495810318487E-15));
#4557=SURFACE_STYLE_FILL_AREA(#6200);
#4558=ORIENTED_EDGE('',*,*,#5987,.F.);
#4559=ORIENTED_EDGE('',*,*,#6201,.T.);
#4560=ORIENTED_EDGE('',*,*,#6202,.F.);
#4561=ORIENTED_EDGE('',*,*,#6198,.F.);
#4562=CARTESIAN_POINT('',(-4.55101557728118E-19,0.0775256607640495,0.000925760764049716));
#4563=DIRECTION('',(-2.23738175362438E-15,-0.707106781186546,-0.707106781186549));
#4564=DIRECTION('',(-1.0,-8.21679955179586E-33,3.1641356201817E-15));
#4565=SURFACE_STYLE_FILL_AREA(#6203);
#4566=ORIENTED_EDGE('',*,*,#6204,.F.);
#4567=ORIENTED_EDGE('',*,*,#6205,.T.);
#4568=ORIENTED_EDGE('',*,*,#6206,.F.);
#4569=ORIENTED_EDGE('',*,*,#6207,.T.);
#4570=CARTESIAN_POINT('',(0.032,-0.0198743392359505,-7.42392359507285E-05));
#4571=DIRECTION('',(2.23738175362437E-15,-0.70710678118655,0.707106781186545));
#4572=DIRECTION('',(1.0,-2.52236637404344E-32,-3.1641356201817E-15));
#4573=SURFACE_STYLE_FILL_AREA(#6208);
#4574=ORIENTED_EDGE('',*,*,#6209,.T.);
#4575=ORIENTED_EDGE('',*,*,#6210,.F.);
#4576=ORIENTED_EDGE('',*,*,#6207,.F.);
#4577=ORIENTED_EDGE('',*,*,#5960,.F.);
#4578=CARTESIAN_POINT('',(0.0383,-0.0223743392359505,-7.42392359507574E-05));
#4579=DIRECTION('',(-0.0,-3.46944695195361E-15,1.0));
#4580=DIRECTION('',(0.0,-1.0,-3.46944695195361E-15));
#4581=SURFACE_STYLE_FILL_AREA(#6211);
#4582=ORIENTED_EDGE('',*,*,#5953,.F.);
#4583=ORIENTED_EDGE('',*,*,#6212,.T.);
#4584=ORIENTED_EDGE('',*,*,#6213,.F.);
#4585=ORIENTED_EDGE('',*,*,#6209,.F.);
#4586=CARTESIAN_POINT('',(0.0358,-0.0290743392359505,-7.42392359507731E-05));
#4587=DIRECTION('',(0.707106781186548,-2.49252177816049E-15,0.707106781186547));
#4588=DIRECTION('',(2.40139089085457E-31,1.0,3.52495810318487E-15));
#4589=SURFACE_STYLE_FILL_AREA(#6214);
#4590=ORIENTED_EDGE('',*,*,#6215,.F.);
#4591=ORIENTED_EDGE('',*,*,#6216,.T.);
#4592=ORIENTED_EDGE('',*,*,#6217,.F.);
#4593=ORIENTED_EDGE('',*,*,#5803,.F.);
#4594=ORIENTED_EDGE('',*,*,#5808,.F.);
#4595=ORIENTED_EDGE('',*,*,#5812,.F.);
#4596=ORIENTED_EDGE('',*,*,#6218,.F.);
#4597=ORIENTED_EDGE('',*,*,#6212,.F.);
#4598=CARTESIAN_POINT('',(-4.55101557729269E-19,-0.0256743392359505,0.000925760764049352));
#4599=DIRECTION('',(-2.23738175362437E-15,0.70710678118655,-0.707106781186545));
#4600=DIRECTION('',(1.0,-1.3376185316877E-33,-3.1641356201817E-15));
#4601=SURFACE_STYLE_FILL_AREA(#6219);
#4602=ORIENTED_EDGE('',*,*,#5874,.F.);
#4603=ORIENTED_EDGE('',*,*,#6220,.F.);
#4604=ORIENTED_EDGE('',*,*,#6221,.T.);
#4605=ORIENTED_EDGE('',*,*,#6222,.F.);
#4606=CARTESIAN_POINT('',(-0.032,-0.0198743392359505,-7.42392359505261E-05));
#4607=DIRECTION('',(2.23738175362437E-15,-0.70710678118655,0.707106781186545));
#4608=DIRECTION('',(1.0,2.25484266770212E-32,-3.1641356201817E-15));
#4609=SURFACE_STYLE_FILL_AREA(#6223);
#4610=ORIENTED_EDGE('',*,*,#6224,.T.);
#4611=ORIENTED_EDGE('',*,*,#5902,.F.);
#4612=ORIENTED_EDGE('',*,*,#6221,.F.);
#4613=ORIENTED_EDGE('',*,*,#6225,.F.);
#4614=CARTESIAN_POINT('',(-0.0383,-0.0223743392359505,-7.42392359505149E-05));
#4615=DIRECTION('',(-0.0,-3.46944695195362E-15,1.0));
#4616=DIRECTION('',(0.0,-1.0,-3.46944695195362E-15));
#4617=SURFACE_STYLE_FILL_AREA(#6226);
#4618=ORIENTED_EDGE('',*,*,#6216,.F.);
#4619=ORIENTED_EDGE('',*,*,#5894,.F.);
#4620=ORIENTED_EDGE('',*,*,#6224,.F.);
#4621=ORIENTED_EDGE('',*,*,#6227,.F.);
#4622=CARTESIAN_POINT('',(-0.0358,-0.0290743392359505,-7.42392359505465E-05));
#4623=DIRECTION('',(-0.707106781186546,-2.4925217781605E-15,0.707106781186549));
#4624=DIRECTION('',(-4.11667525612351E-33,-1.0,-3.52495810318487E-15));
#4625=SURFACE_STYLE_FILL_AREA(#6228);
#4626=ORIENTED_EDGE('',*,*,#6000,.F.);
#4627=ORIENTED_EDGE('',*,*,#6229,.T.);
#4628=ORIENTED_EDGE('',*,*,#6230,.F.);
#4629=ORIENTED_EDGE('',*,*,#6231,.T.);
#4630=CARTESIAN_POINT('',(-4.55101557728195E-19,0.0707256607640495,0.000925760764049692));
#4631=DIRECTION('',(2.23738175362438E-15,0.707106781186546,0.707106781186549));
#4632=DIRECTION('',(1.0,2.25484266770212E-32,-3.1641356201817E-15));
#4633=SURFACE_STYLE_FILL_AREA(#6232);
#4634=ORIENTED_EDGE('',*,*,#6233,.T.);
#4635=ORIENTED_EDGE('',*,*,#6017,.F.);
#4636=ORIENTED_EDGE('',*,*,#6231,.F.);
#4637=ORIENTED_EDGE('',*,*,#6234,.F.);
#4638=CARTESIAN_POINT('',(0.0383,0.0742256607640495,0.000925760764049583));
#4639=DIRECTION('',(-0.0,-0.0,1.0));
#4640=DIRECTION('',(1.0,0.0,0.0));
#4641=SURFACE_STYLE_FILL_AREA(#6235);
#4642=ORIENTED_EDGE('',*,*,#6201,.F.);
#4643=ORIENTED_EDGE('',*,*,#5969,.F.);
#4644=ORIENTED_EDGE('',*,*,#6233,.F.);
#4645=ORIENTED_EDGE('',*,*,#6236,.F.);
#4646=CARTESIAN_POINT('',(0.0358,0.0629256607640495,-7.42392359504489E-05));
#4647=DIRECTION('',(0.707106781186548,-2.49252177816049E-15,0.707106781186547));
#4648=DIRECTION('',(2.83021123003506E-31,1.0,3.52495810318487E-15));
#4649=SURFACE_STYLE_FILL_AREA(#6237);
#4650=ORIENTED_EDGE('',*,*,#5932,.F.);
#4651=ORIENTED_EDGE('',*,*,#5743,.T.);
#4652=ORIENTED_EDGE('',*,*,#6238,.F.);
#4653=ORIENTED_EDGE('',*,*,#6229,.F.);
#4654=CARTESIAN_POINT('',(0.0426,0.000925660764049506,-7.42392359506898E-05));
#4655=DIRECTION('',(-0.707106781186549,2.49252177816049E-15,-0.707106781186546));
#4656=DIRECTION('',(-2.72729434863175E-31,-1.0,-3.52495810318487E-15));
#4657=SURFACE_STYLE_FILL_AREA(#6239);
#4658=ORIENTED_EDGE('',*,*,#5772,.F.);
#4659=ORIENTED_EDGE('',*,*,#6240,.T.);
#4660=ORIENTED_EDGE('',*,*,#6241,.F.);
#4661=ORIENTED_EDGE('',*,*,#6242,.T.);
#4662=CARTESIAN_POINT('',(0.032,0.0472756607640495,-7.42392359504917E-05));
#4663=DIRECTION('',(2.23738175362439E-15,0.707106781186543,0.707106781186552));
#4664=DIRECTION('',(-1.0,-2.93730110223684E-32,3.1641356201817E-15));
#4665=SURFACE_STYLE_FILL_AREA(#6243);
#4666=ORIENTED_EDGE('',*,*,#6244,.T.);
#4667=ORIENTED_EDGE('',*,*,#6106,.F.);
#4668=ORIENTED_EDGE('',*,*,#6242,.F.);
#4669=ORIENTED_EDGE('',*,*,#6245,.F.);
#4670=CARTESIAN_POINT('',(0.032,0.0522756607640495,-7.42392359504738E-05));
#4671=DIRECTION('',(0.0,-0.0,1.0));
#4672=DIRECTION('',(1.0,0.0,-0.0));
#4673=SURFACE_STYLE_FILL_AREA(#6246);
#4674=ORIENTED_EDGE('',*,*,#6247,.F.);
#4675=ORIENTED_EDGE('',*,*,#6248,.T.);
#4676=ORIENTED_EDGE('',*,*,#6110,.F.);
#4677=ORIENTED_EDGE('',*,*,#6244,.F.);
#4678=CARTESIAN_POINT('',(0.032,0.0572756607640495,-7.42392359504568E-05));
#4679=DIRECTION('',(-2.23738175362437E-15,0.707106781186551,-0.707106781186544));
#4680=DIRECTION('',(-1.0,3.88728324310868E-32,3.1641356201817E-15));
#4681=SURFACE_STYLE_FILL_AREA(#6249);
#4682=ORIENTED_EDGE('',*,*,#6250,.F.);
#4683=ORIENTED_EDGE('',*,*,#5733,.T.);
#4684=ORIENTED_EDGE('',*,*,#5945,.F.);
#4685=ORIENTED_EDGE('',*,*,#6251,.T.);
#4686=CARTESIAN_POINT('',(0.0426,0.000925660764049506,-7.42392359506898E-05));
#4687=DIRECTION('',(-0.707106781186549,2.49252177816049E-15,-0.707106781186546));
#4688=DIRECTION('',(-2.72729434863175E-31,-1.0,-3.52495810318487E-15));
#4689=SURFACE_STYLE_FILL_AREA(#6252);
#4690=ORIENTED_EDGE('',*,*,#6253,.T.);
#4691=ORIENTED_EDGE('',*,*,#6254,.F.);
#4692=ORIENTED_EDGE('',*,*,#6251,.F.);
#4693=ORIENTED_EDGE('',*,*,#6144,.F.);
#4694=CARTESIAN_POINT('',(0.032,0.0299256607640495,-7.42392359505531E-05));
#4695=DIRECTION('',(2.23738175362437E-15,-0.70710678118655,0.707106781186545));
#4696=DIRECTION('',(1.0,2.25484266770114E-32,-3.1641356201817E-15));
#4697=SURFACE_STYLE_FILL_AREA(#6255);
#4698=ORIENTED_EDGE('',*,*,#6256,.T.);
#4699=ORIENTED_EDGE('',*,*,#6257,.F.);
#4700=ORIENTED_EDGE('',*,*,#6253,.F.);
#4701=ORIENTED_EDGE('',*,*,#6140,.F.);
#4702=CARTESIAN_POINT('',(0.0387999999959968,0.0259256607600463,-7.42392359505887E-05));
#4703=DIRECTION('',(-0.0,-3.46944695195361E-15,1.0));
#4704=DIRECTION('',(0.0,-1.0,-3.46944695195361E-15));
#4705=SURFACE_STYLE_FILL_AREA(#6258);
#4706=ORIENTED_EDGE('',*,*,#6136,.F.);
#4707=ORIENTED_EDGE('',*,*,#6259,.T.);
#4708=ORIENTED_EDGE('',*,*,#6260,.F.);
#4709=ORIENTED_EDGE('',*,*,#6256,.F.);
#4710=CARTESIAN_POINT('',(0.04,0.0219256607640495,-7.42392359506065E-05));
#4711=DIRECTION('',(2.23738175362439E-15,0.707106781186545,0.70710678118655));
#4712=DIRECTION('',(-1.0,-3.01452874424378E-31,3.1641356201817E-15));
#4713=SURFACE_STYLE_FILL_AREA(#6261);
#4714=ORIENTED_EDGE('',*,*,#5941,.F.);
#4715=ORIENTED_EDGE('',*,*,#6262,.T.);
#4716=ORIENTED_EDGE('',*,*,#6263,.F.);
#4717=ORIENTED_EDGE('',*,*,#6259,.F.);
#4718=CARTESIAN_POINT('',(0.0426,0.000925660764049506,-7.42392359506898E-05));
#4719=DIRECTION('',(-0.707106781186549,2.49252177816049E-15,-0.707106781186546));
#4720=DIRECTION('',(-2.72729434863175E-31,-1.0,-3.52495810318487E-15));
#4721=SURFACE_STYLE_FILL_AREA(#6264);
#4722=ORIENTED_EDGE('',*,*,#6265,.F.);
#4723=ORIENTED_EDGE('',*,*,#6266,.T.);
#4724=ORIENTED_EDGE('',*,*,#5940,.F.);
#4725=ORIENTED_EDGE('',*,*,#6205,.F.);
#4726=CARTESIAN_POINT('',(0.0416,0.000925660764049503,0.000925760764049314));
#4727=DIRECTION('',(-0.707106781186549,2.49252177816049E-15,-0.707106781186546));
#4728=DIRECTION('',(2.72729434863175E-31,1.0,3.52495810318487E-15));
#4729=SURFACE_STYLE_FILL_AREA(#6267);
#4730=ORIENTED_EDGE('',*,*,#6266,.F.);
#4731=ORIENTED_EDGE('',*,*,#6268,.F.);
#4732=ORIENTED_EDGE('',*,*,#6269,.T.);
#4733=ORIENTED_EDGE('',*,*,#5782,.F.);
#4734=CARTESIAN_POINT('',(0.0337999999959968,-0.000772941965283718,-7.4239235950667E-05));
#4735=DIRECTION('',(2.23738175362439E-15,0.707106781186545,0.70710678118655));
#4736=DIRECTION('',(-1.0,2.8904217614383E-31,3.1641356201817E-15));
#4737=SURFACE_STYLE_FILL_AREA(#6270);
#4738=ORIENTED_EDGE('',*,*,#6271,.T.);
#4739=ORIENTED_EDGE('',*,*,#5964,.F.);
#4740=ORIENTED_EDGE('',*,*,#6269,.F.);
#4741=ORIENTED_EDGE('',*,*,#6272,.F.);
#4742=CARTESIAN_POINT('',(0.0387999999959946,0.00322705803071082,-7.4239235950669E-05));
#4743=DIRECTION('',(-0.0,-3.46944695195361E-15,1.0));
#4744=DIRECTION('',(0.0,-1.0,-3.46944695195361E-15));
#4745=SURFACE_STYLE_FILL_AREA(#6273);
#4746=ORIENTED_EDGE('',*,*,#6262,.F.);
#4747=ORIENTED_EDGE('',*,*,#5790,.F.);
#4748=ORIENTED_EDGE('',*,*,#6271,.F.);
#4749=ORIENTED_EDGE('',*,*,#6274,.F.);
#4750=CARTESIAN_POINT('',(0.0337999932300748,0.00722705802670535,-7.42392359506388E-05));
#4751=DIRECTION('',(-2.23738175362437E-15,0.70710678118655,-0.707106781186545));
#4752=DIRECTION('',(-1.0,3.89594942107087E-31,3.1641356201817E-15));
#4753=SURFACE_STYLE_FILL_AREA(#6275);
#4754=ORIENTED_EDGE('',*,*,#5720,.F.);
#4755=ORIENTED_EDGE('',*,*,#5725,.T.);
#4756=ORIENTED_EDGE('',*,*,#5722,.F.);
#4757=ORIENTED_EDGE('',*,*,#5714,.T.);
#4758=ORIENTED_EDGE('',*,*,#5717,.T.);
#4759=ORIENTED_EDGE('',*,*,#5729,.T.);
#4760=ORIENTED_EDGE('',*,*,#6276,.T.);
#4761=ORIENTED_EDGE('',*,*,#5771,.T.);
#4762=ORIENTED_EDGE('',*,*,#6114,.T.);
#4763=ORIENTED_EDGE('',*,*,#6111,.T.);
#4764=ORIENTED_EDGE('',*,*,#6277,.T.);
#4765=ORIENTED_EDGE('',*,*,#5736,.T.);
#4766=ORIENTED_EDGE('',*,*,#6278,.T.);
#4767=ORIENTED_EDGE('',*,*,#5691,.T.);
#4768=CARTESIAN_POINT('',(0.04,0.000925660764049478,0.00792576076404942));
#4769=DIRECTION('',(1.0,1.11596205068196E-29,-3.1641356201817E-15));
#4770=DIRECTION('',(-3.1641356201817E-15,0.0,-1.0));
#4771=SURFACE_STYLE_FILL_AREA(#6279);
#4772=ORIENTED_EDGE('',*,*,#6276,.F.);
#4773=ORIENTED_EDGE('',*,*,#5732,.T.);
#4774=ORIENTED_EDGE('',*,*,#6280,.F.);
#4775=ORIENTED_EDGE('',*,*,#6240,.F.);
#4776=CARTESIAN_POINT('',(0.04,0.000925660764049506,-7.42392359506811E-05));
#4777=DIRECTION('',(-0.707106781186549,2.49252177816049E-15,-0.707106781186547));
#4778=DIRECTION('',(-2.72729434863175E-31,-1.0,-3.52495810318487E-15));
#4779=SURFACE_STYLE_FILL_AREA(#6281);
#4780=ORIENTED_EDGE('',*,*,#6248,.F.);
#4781=ORIENTED_EDGE('',*,*,#6282,.F.);
#4782=ORIENTED_EDGE('',*,*,#5741,.T.);
#4783=ORIENTED_EDGE('',*,*,#6277,.F.);
#4784=CARTESIAN_POINT('',(0.04,0.000925660764049506,-7.42392359506811E-05));
#4785=DIRECTION('',(-0.707106781186549,2.49252177816049E-15,-0.707106781186547));
#4786=DIRECTION('',(-2.72729434863175E-31,-1.0,-3.52495810318487E-15));
#4787=SURFACE_STYLE_FILL_AREA(#6283);
#4788=ORIENTED_EDGE('',*,*,#6284,.T.);
#4789=ORIENTED_EDGE('',*,*,#6285,.T.);
#4790=ORIENTED_EDGE('',*,*,#6286,.T.);
#4791=ORIENTED_EDGE('',*,*,#6287,.T.);
#4792=ORIENTED_EDGE('',*,*,#6288,.T.);
#4793=ORIENTED_EDGE('',*,*,#6289,.T.);
#4794=ORIENTED_EDGE('',*,*,#6290,.T.);
#4795=ORIENTED_EDGE('',*,*,#5948,.T.);
#4796=ORIENTED_EDGE('',*,*,#5936,.T.);
#4797=ORIENTED_EDGE('',*,*,#5994,.T.);
#4798=ORIENTED_EDGE('',*,*,#5990,.T.);
#4799=ORIENTED_EDGE('',*,*,#5997,.T.);
#4800=ORIENTED_EDGE('',*,*,#5869,.T.);
#4801=ORIENTED_EDGE('',*,*,#5881,.T.);
#4802=CARTESIAN_POINT('',(-8.90508989228161E-17,0.000925660764049601,-0.0270742392359505));
#4803=DIRECTION('',(3.1641356201817E-15,-3.52495810318487E-15,1.0));
#4804=DIRECTION('',(1.0,1.13768533674843E-29,-3.1641356201817E-15));
#4805=SURFACE_STYLE_FILL_AREA(#6291);
#4806=ORIENTED_EDGE('',*,*,#6286,.F.);
#4807=ORIENTED_EDGE('',*,*,#6292,.T.);
#4808=ORIENTED_EDGE('',*,*,#5978,.F.);
#4809=ORIENTED_EDGE('',*,*,#5974,.F.);
#4810=ORIENTED_EDGE('',*,*,#6293,.T.);
#4811=CARTESIAN_POINT('',(-8.90508989228153E-17,0.0795256607640496,-0.0270742392359502));
#4812=DIRECTION('',(-2.23738175362437E-15,0.70710678118655,-0.707106781186545));
#4813=DIRECTION('',(-1.0,-8.21679955179586E-33,3.1641356201817E-15));
#4814=SURFACE_STYLE_FILL_AREA(#6294);
#4815=ORIENTED_EDGE('',*,*,#6295,.T.);
#4816=ORIENTED_EDGE('',*,*,#6287,.F.);
#4817=ORIENTED_EDGE('',*,*,#6293,.F.);
#4818=ORIENTED_EDGE('',*,*,#5982,.F.);
#4819=CARTESIAN_POINT('',(0.0608100505063387,0.0617357112703887,-0.0270742392359504));
#4820=DIRECTION('',(-0.500000000000001,-0.500000000000008,0.707106781186541));
#4821=DIRECTION('',(0.707106781186549,-0.707106781186546,-4.72009045391812E-15));
#4822=SURFACE_STYLE_FILL_AREA(#6296);
#4823=ORIENTED_EDGE('',*,*,#5930,.F.);
#4824=ORIENTED_EDGE('',*,*,#6297,.T.);
#4825=ORIENTED_EDGE('',*,*,#6288,.F.);
#4826=ORIENTED_EDGE('',*,*,#6295,.F.);
#4827=ORIENTED_EDGE('',*,*,#5919,.F.);
#4828=CARTESIAN_POINT('',(0.0435999999999999,0.000925660764049601,-0.0270742392359506));
#4829=DIRECTION('',(0.707106781186546,2.4925217781605E-15,-0.707106781186549));
#4830=DIRECTION('',(-6.17501288419298E-33,1.0,3.52495810318487E-15));
#4831=SURFACE_STYLE_FILL_AREA(#6298);
#4832=ORIENTED_EDGE('',*,*,#6292,.F.);
#4833=ORIENTED_EDGE('',*,*,#6285,.F.);
#4834=ORIENTED_EDGE('',*,*,#6299,.T.);
#4835=ORIENTED_EDGE('',*,*,#5841,.F.);
#4836=ORIENTED_EDGE('',*,*,#5979,.F.);
#4837=CARTESIAN_POINT('',(-0.0450000000000001,0.0629256607640496,-0.0256742392359501));
#4838=DIRECTION('',(-0.707106781186551,2.49252177816048E-15,-0.707106781186544));
#4839=DIRECTION('',(6.86112542686551E-34,1.0,3.52495810318487E-15));
#4840=SURFACE_STYLE_FILL_AREA(#6300);
#4841=ORIENTED_EDGE('',*,*,#6301,.T.);
#4842=ORIENTED_EDGE('',*,*,#5846,.F.);
#4843=ORIENTED_EDGE('',*,*,#6299,.F.);
#4844=ORIENTED_EDGE('',*,*,#6284,.F.);
#4845=CARTESIAN_POINT('',(-0.0450000000000001,-0.0276743392359504,-0.0256742392359504));
#4846=DIRECTION('',(0.500000000000004,0.499999999999999,0.707106781186546));
#4847=DIRECTION('',(0.707106781186548,-0.707106781186548,-4.72009045391811E-15));
#4848=SURFACE_STYLE_FILL_AREA(#6302);
#4849=ORIENTED_EDGE('',*,*,#5929,.F.);
#4850=ORIENTED_EDGE('',*,*,#6303,.F.);
#4851=ORIENTED_EDGE('',*,*,#6301,.F.);
#4852=ORIENTED_EDGE('',*,*,#6289,.F.);
#4853=ORIENTED_EDGE('',*,*,#6297,.F.);
#4854=CARTESIAN_POINT('',(-0.0400000000000001,-0.0290743392359504,-0.0256742392359504));
#4855=DIRECTION('',(-2.23738175362438E-15,-0.707106781186546,-0.707106781186549));
#4856=DIRECTION('',(-1.0,1.3376185316877E-33,3.1641356201817E-15));
#4857=SURFACE_STYLE_FILL_AREA(#6304);
#4858=ORIENTED_EDGE('',*,*,#5854,.T.);
#4859=ORIENTED_EDGE('',*,*,#5844,.T.);
#4860=CARTESIAN_POINT('',(-0.045,0.0543277776289129,-0.0120742392359501));
#4861=DIRECTION('',(1.0,1.11527593813927E-29,-3.1641356201817E-15));
#4862=DIRECTION('',(-3.1641356201817E-15,0.0,-1.0));
#4863=SURFACE_STYLE_FILL_AREA(#6305);
#4864=ORIENTED_EDGE('',*,*,#5899,.F.);
#4865=ORIENTED_EDGE('',*,*,#6306,.F.);
#4866=ORIENTED_EDGE('',*,*,#5903,.T.);
#4867=ORIENTED_EDGE('',*,*,#5896,.F.);
#4868=ORIENTED_EDGE('',*,*,#6307,.F.);
#4869=ORIENTED_EDGE('',*,*,#5882,.T.);
#4870=ORIENTED_EDGE('',*,*,#5867,.F.);
#4871=CARTESIAN_POINT('',(-8.27226276824527E-17,0.0089256607640496,-0.0250742392359505));
#4872=DIRECTION('',(3.1641356201817E-15,-3.52495810318487E-15,1.0));
#4873=DIRECTION('',(1.0,1.13768533674843E-29,-3.1641356201817E-15));
#4874=SURFACE_STYLE_FILL_AREA(#6308);
#4875=ORIENTED_EDGE('',*,*,#6159,.F.);
#4876=ORIENTED_EDGE('',*,*,#6162,.F.);
#4877=ORIENTED_EDGE('',*,*,#6153,.T.);
#4878=ORIENTED_EDGE('',*,*,#6156,.F.);
#4879=ORIENTED_EDGE('',*,*,#5862,.F.);
#4880=CARTESIAN_POINT('',(-8.27226276824527E-17,0.0139256607640496,-0.0250742392359505));
#4881=DIRECTION('',(3.1641356201817E-15,-3.52495810318487E-15,1.0));
#4882=DIRECTION('',(1.0,1.13768533674843E-29,-3.1641356201817E-15));
#4883=SURFACE_STYLE_FILL_AREA(#6309);
#4884=ORIENTED_EDGE('',*,*,#6012,.F.);
#4885=ORIENTED_EDGE('',*,*,#5908,.T.);
#4886=ORIENTED_EDGE('',*,*,#6015,.T.);
#4887=ORIENTED_EDGE('',*,*,#6009,.T.);
#4888=ORIENTED_EDGE('',*,*,#5871,.T.);
#4889=ORIENTED_EDGE('',*,*,#5998,.T.);
#4890=ORIENTED_EDGE('',*,*,#5988,.T.);
#4891=CARTESIAN_POINT('',(-8.27226276824527E-17,0.000925660764049594,-0.0250742392359505));
#4892=DIRECTION('',(3.1641356201817E-15,-3.52495810318487E-15,1.0));
#4893=DIRECTION('',(1.0,1.13768533674843E-29,-3.1641356201817E-15));
#4894=SURFACE_STYLE_FILL_AREA(#6310);
#4895=ORIENTED_EDGE('',*,*,#5730,.F.);
#4896=ORIENTED_EDGE('',*,*,#6278,.F.);
#4897=ORIENTED_EDGE('',*,*,#5739,.T.);
#4898=ORIENTED_EDGE('',*,*,#5946,.T.);
#4899=CARTESIAN_POINT('',(0.0425999999999999,0.0462654313793919,-0.0230742392359505));
#4900=DIRECTION('',(3.1641356201817E-15,0.0,1.0));
#4901=DIRECTION('',(0.0,-1.0,0.0));
#4902=SURFACE_STYLE_FILL_AREA(#6311);
#4903=ORIENTED_EDGE('',*,*,#5957,.T.);
#4904=CARTESIAN_POINT('',(-5.10812714806358E-17,0.00892566076404956,-0.0150742392359505));
#4905=DIRECTION('',(3.1641356201817E-15,-3.52495810318487E-15,1.0));
#4906=DIRECTION('',(1.0,1.13768533674843E-29,-3.1641356201817E-15));
#4907=SURFACE_STYLE_FILL_AREA(#6312);
#4908=ORIENTED_EDGE('',*,*,#6147,.T.);
#4909=CARTESIAN_POINT('',(-5.10812714806358E-17,0.00592566076404956,-0.0150742392359505));
#4910=DIRECTION('',(3.1641356201817E-15,-3.52495810318487E-15,1.0));
#4911=DIRECTION('',(1.0,1.13768533674843E-29,-3.1641356201817E-15));
#4912=SURFACE_STYLE_FILL_AREA(#6313);
#4913=ORIENTED_EDGE('',*,*,#6004,.T.);
#4914=CARTESIAN_POINT('',(-5.10812714806358E-17,0.000925660764049559,-0.0150742392359505));
#4915=DIRECTION('',(3.1641356201817E-15,-3.52495810318487E-15,1.0));
#4916=DIRECTION('',(1.0,1.13768533674843E-29,-3.1641356201817E-15));
#4917=SURFACE_STYLE_FILL_AREA(#6314);
#4918=ORIENTED_EDGE('',*,*,#5704,.T.);
#4919=ORIENTED_EDGE('',*,*,#6315,.T.);
#4920=ORIENTED_EDGE('',*,*,#5910,.F.);
#4921=ORIENTED_EDGE('',*,*,#6316,.T.);
#4922=CARTESIAN_POINT('',(0.04,-0.0311743392359505,-0.0176742392359501));
#4923=DIRECTION('',(3.1641356201817E-15,1.82963344716787E-30,1.0));
#4924=DIRECTION('',(1.11596205068196E-29,-1.0,1.82963344716784E-30));
#4925=SURFACE_STYLE_FILL_AREA(#6317);
#4926=ORIENTED_EDGE('',*,*,#5917,.F.);
#4927=ORIENTED_EDGE('',*,*,#6318,.F.);
#4928=ORIENTED_EDGE('',*,*,#5705,.F.);
#4929=ORIENTED_EDGE('',*,*,#6316,.F.);
#4930=CARTESIAN_POINT('',(0.04,0.0642068527356292,-0.0176742392359501));
#4931=DIRECTION('',(2.23738175362439E-15,-0.707106781186548,0.707106781186548));
#4932=DIRECTION('',(1.0,1.14385249545669E-29,-3.1641356201817E-15));
#4933=SURFACE_STYLE_FILL_AREA(#6319);
#4934=ORIENTED_EDGE('',*,*,#5916,.F.);
#4935=ORIENTED_EDGE('',*,*,#6320,.T.);
#4936=ORIENTED_EDGE('',*,*,#5706,.T.);
#4937=ORIENTED_EDGE('',*,*,#6318,.T.);
#4938=CARTESIAN_POINT('',(0.04,0.0662654313793919,-0.00319231478557297));
#4939=DIRECTION('',(1.11596205068196E-29,-1.0,-4.42488129741076E-44));
#4940=DIRECTION('',(-3.1641356201817E-15,8.93826022076973E-45,-1.0));
#4941=SURFACE_STYLE_FILL_AREA(#6321);
#4942=ORIENTED_EDGE('',*,*,#5915,.F.);
#4943=ORIENTED_EDGE('',*,*,#6322,.F.);
#4944=ORIENTED_EDGE('',*,*,#5707,.F.);
#4945=ORIENTED_EDGE('',*,*,#6320,.F.);
#4946=CARTESIAN_POINT('',(0.04,0.0662654313793919,-0.00853281787971284));
#4947=DIRECTION('',(-2.23738175362438E-15,-0.707106781186546,-0.707106781186549));
#4948=DIRECTION('',(1.0,1.11596205068196E-29,-3.1641356201817E-15));
#4949=SURFACE_STYLE_FILL_AREA(#6323);
#4950=ORIENTED_EDGE('',*,*,#5914,.F.);
#4951=ORIENTED_EDGE('',*,*,#6324,.T.);
#4952=ORIENTED_EDGE('',*,*,#5700,.T.);
#4953=ORIENTED_EDGE('',*,*,#6322,.T.);
#4954=CARTESIAN_POINT('',(0.04,-0.0311743392359505,-0.00647423923595014));
#4955=DIRECTION('',(-3.1641356201817E-15,4.97841222228891E-60,-1.0));
#4956=DIRECTION('',(-1.11596205068196E-29,1.0,3.53105527533379E-44));
#4957=SURFACE_STYLE_FILL_AREA(#6325);
#4958=ORIENTED_EDGE('',*,*,#5913,.F.);
#4959=ORIENTED_EDGE('',*,*,#6326,.F.);
#4960=ORIENTED_EDGE('',*,*,#5701,.F.);
#4961=ORIENTED_EDGE('',*,*,#6324,.F.);
#4962=CARTESIAN_POINT('',(0.04,0.0403240100231546,-0.00647423923595014));
#4963=DIRECTION('',(-2.23738175362439E-15,0.707106781186548,-0.707106781186548));
#4964=DIRECTION('',(1.0,1.14385249545669E-29,-3.1641356201817E-15));
#4965=SURFACE_STYLE_FILL_AREA(#6327);
#4966=ORIENTED_EDGE('',*,*,#5702,.T.);
#4967=ORIENTED_EDGE('',*,*,#6326,.T.);
#4968=ORIENTED_EDGE('',*,*,#5912,.F.);
#4969=ORIENTED_EDGE('',*,*,#6328,.T.);
#4970=CARTESIAN_POINT('',(0.04,0.0382654313793919,-0.00319231478557297));
#4971=DIRECTION('',(-1.11596205068196E-29,1.0,3.31866097305807E-44));
#4972=DIRECTION('',(3.1641356201817E-15,2.12394302275717E-45,1.0));
#4973=SURFACE_STYLE_FILL_AREA(#6329);
#4974=ORIENTED_EDGE('',*,*,#5850,.T.);
#4975=ORIENTED_EDGE('',*,*,#5834,.T.);
#4976=ORIENTED_EDGE('',*,*,#5923,.T.);
#4977=ORIENTED_EDGE('',*,*,#5985,.T.);
#4978=ORIENTED_EDGE('',*,*,#6067,.T.);
#4979=ORIENTED_EDGE('',*,*,#6073,.T.);
#4980=ORIENTED_EDGE('',*,*,#6081,.T.);
#4981=ORIENTED_EDGE('',*,*,#6090,.T.);
#4982=ORIENTED_EDGE('',*,*,#6330,.T.);
#4983=ORIENTED_EDGE('',*,*,#6331,.T.);
#4984=ORIENTED_EDGE('',*,*,#6332,.T.);
#4985=ORIENTED_EDGE('',*,*,#6333,.T.);
#4986=ORIENTED_EDGE('',*,*,#6334,.T.);
#4987=ORIENTED_EDGE('',*,*,#6335,.T.);
#4988=ORIENTED_EDGE('',*,*,#6336,.T.);
#4989=ORIENTED_EDGE('',*,*,#6337,.T.);
#4990=ORIENTED_EDGE('',*,*,#6338,.T.);
#4991=ORIENTED_EDGE('',*,*,#6339,.T.);
#4992=ORIENTED_EDGE('',*,*,#6340,.T.);
#4993=ORIENTED_EDGE('',*,*,#6341,.T.);
#4994=ORIENTED_EDGE('',*,*,#6342,.T.);
#4995=ORIENTED_EDGE('',*,*,#6343,.T.);
#4996=ORIENTED_EDGE('',*,*,#6344,.T.);
#4997=ORIENTED_EDGE('',*,*,#6345,.T.);
#4998=ORIENTED_EDGE('',*,*,#6346,.T.);
#4999=ORIENTED_EDGE('',*,*,#6347,.T.);
#5000=ORIENTED_EDGE('',*,*,#6348,.T.);
#5001=ORIENTED_EDGE('',*,*,#6349,.T.);
#5002=ORIENTED_EDGE('',*,*,#6350,.T.);
#5003=ORIENTED_EDGE('',*,*,#6351,.T.);
#5004=ORIENTED_EDGE('',*,*,#6352,.T.);
#5005=ORIENTED_EDGE('',*,*,#6353,.T.);
#5006=ORIENTED_EDGE('',*,*,#6354,.T.);
#5007=CARTESIAN_POINT('',(0.04,-0.0370743392359505,0.00292576076404929));
#5008=DIRECTION('',(-0.0,7.01695646032619E-15,-1.0));
#5009=DIRECTION('',(0.0,1.0,7.01695646032619E-15));
#5010=SURFACE_STYLE_FILL_AREA(#6355);
#5011=ORIENTED_EDGE('',*,*,#6356,.T.);
#5012=ORIENTED_EDGE('',*,*,#6357,.T.);
#5013=ORIENTED_EDGE('',*,*,#6358,.F.);
#5014=ORIENTED_EDGE('',*,*,#6334,.F.);
#5015=CARTESIAN_POINT('',(0.0136350449546185,-0.0105638022782151,0.000925760764049368));
#5016=DIRECTION('',(3.1641356201817E-15,-3.52495810318487E-15,1.0));
#5017=DIRECTION('',(0.0,-1.0,-3.52495810318487E-15));
#5018=SURFACE_STYLE_FILL_AREA(#6359);
#5019=ORIENTED_EDGE('',*,*,#6358,.T.);
#5020=ORIENTED_EDGE('',*,*,#6360,.T.);
#5021=ORIENTED_EDGE('',*,*,#6361,.F.);
#5022=ORIENTED_EDGE('',*,*,#6331,.F.);
#5023=CARTESIAN_POINT('',(0.000200016112074116,0.00287122656432934,0.000925760764049458));
#5024=DIRECTION('',(3.1641356201817E-15,-3.52495810318487E-15,1.0));
#5025=DIRECTION('',(0.0,-1.0,-3.52495810318487E-15));
#5026=SURFACE_STYLE_FILL_AREA(#6362);
#5027=ORIENTED_EDGE('',*,*,#6363,.T.);
#5028=ORIENTED_EDGE('',*,*,#6364,.T.);
#5029=ORIENTED_EDGE('',*,*,#6365,.F.);
#5030=ORIENTED_EDGE('',*,*,#6337,.F.);
#5031=CARTESIAN_POINT('',(0.000200016112074116,0.00287122656432934,0.000925760764049458));
#5032=DIRECTION('',(3.1641356201817E-15,-3.52495810318487E-15,1.0));
#5033=DIRECTION('',(0.0,-1.0,-3.52495810318487E-15));
#5034=SURFACE_STYLE_FILL_AREA(#6366);
#5035=ORIENTED_EDGE('',*,*,#6367,.T.);
#5036=ORIENTED_EDGE('',*,*,#6368,.T.);
#5037=ORIENTED_EDGE('',*,*,#6363,.F.);
#5038=ORIENTED_EDGE('',*,*,#6336,.F.);
#5039=CARTESIAN_POINT('',(0.00939240426749924,0.0120636147197545,0.000925760764049461));
#5040=DIRECTION('',(3.1641356201817E-15,-3.52495810318487E-15,1.0));
#5041=DIRECTION('',(0.0,-1.0,-3.52495810318487E-15));
#5042=SURFACE_STYLE_FILL_AREA(#6369);
#5043=ORIENTED_EDGE('',*,*,#6365,.T.);
#5044=ORIENTED_EDGE('',*,*,#6370,.T.);
#5045=ORIENTED_EDGE('',*,*,#6371,.F.);
#5046=ORIENTED_EDGE('',*,*,#6338,.F.);
#5047=CARTESIAN_POINT('',(0.00939240426749922,-0.00632116159109579,0.000925760764049396));
#5048=DIRECTION('',(3.1641356201817E-15,-3.52495810318487E-15,1.0));
#5049=DIRECTION('',(0.0,-1.0,-3.52495810318487E-15));
#5050=SURFACE_STYLE_FILL_AREA(#6372);
#5051=ORIENTED_EDGE('',*,*,#6371,.T.);
#5052=ORIENTED_EDGE('',*,*,#6373,.T.);
#5053=ORIENTED_EDGE('',*,*,#6367,.F.);
#5054=ORIENTED_EDGE('',*,*,#6335,.F.);
#5055=CARTESIAN_POINT('',(0.000200016112074116,0.00287122656432934,0.000925760764049458));
#5056=DIRECTION('',(3.1641356201817E-15,-3.52495810318487E-15,1.0));
#5057=DIRECTION('',(0.0,-1.0,-3.52495810318487E-15));
#5058=SURFACE_STYLE_FILL_AREA(#6374);
#5059=ORIENTED_EDGE('',*,*,#6375,.T.);
#5060=ORIENTED_EDGE('',*,*,#6376,.T.);
#5061=ORIENTED_EDGE('',*,*,#6377,.F.);
#5062=ORIENTED_EDGE('',*,*,#6341,.F.);
#5063=CARTESIAN_POINT('',(0.000200016112074116,0.00287122656432934,0.000925760764049458));
#5064=DIRECTION('',(3.1641356201817E-15,-3.52495810318487E-15,1.0));
#5065=DIRECTION('',(0.0,-1.0,-3.52495810318487E-15));
#5066=SURFACE_STYLE_FILL_AREA(#6378);
#5067=ORIENTED_EDGE('',*,*,#6379,.T.);
#5068=ORIENTED_EDGE('',*,*,#6380,.T.);
#5069=ORIENTED_EDGE('',*,*,#6375,.F.);
#5070=ORIENTED_EDGE('',*,*,#6340,.F.);
#5071=CARTESIAN_POINT('',(0.0058568703615665,0.00852808081382172,0.00092576076404946));
#5072=DIRECTION('',(3.1641356201817E-15,-3.52495810318487E-15,1.0));
#5073=DIRECTION('',(0.0,-1.0,-3.52495810318487E-15));
#5074=SURFACE_STYLE_FILL_AREA(#6381);
#5075=ORIENTED_EDGE('',*,*,#6377,.T.);
#5076=ORIENTED_EDGE('',*,*,#6382,.T.);
#5077=ORIENTED_EDGE('',*,*,#6383,.F.);
#5078=ORIENTED_EDGE('',*,*,#6342,.F.);
#5079=CARTESIAN_POINT('',(0.00585687036156649,-0.00278562768516305,0.00092576076404942));
#5080=DIRECTION('',(3.1641356201817E-15,-3.52495810318487E-15,1.0));
#5081=DIRECTION('',(0.0,-1.0,-3.52495810318487E-15));
#5082=SURFACE_STYLE_FILL_AREA(#6384);
#5083=ORIENTED_EDGE('',*,*,#6383,.T.);
#5084=ORIENTED_EDGE('',*,*,#6385,.T.);
#5085=ORIENTED_EDGE('',*,*,#6379,.F.);
#5086=ORIENTED_EDGE('',*,*,#6339,.F.);
#5087=CARTESIAN_POINT('',(0.000200016112074116,0.00287122656432934,0.000925760764049458));
#5088=DIRECTION('',(3.1641356201817E-15,-3.52495810318487E-15,1.0));
#5089=DIRECTION('',(0.0,-1.0,-3.52495810318487E-15));
#5090=SURFACE_STYLE_FILL_AREA(#6386);
#5091=ORIENTED_EDGE('',*,*,#6330,.F.);
#5092=ORIENTED_EDGE('',*,*,#6387,.T.);
#5093=CARTESIAN_POINT('',(0.000200016112074116,0.00287122656432934,0.000925760764049458));
#5094=DIRECTION('',(3.1641356201817E-15,-3.52495810318487E-15,1.0));
#5095=DIRECTION('',(0.0,-1.0,-3.52495810318487E-15));
#5096=SURFACE_STYLE_FILL_AREA(#6388);
#5097=ORIENTED_EDGE('',*,*,#6389,.T.);
#5098=ORIENTED_EDGE('',*,*,#6390,.T.);
#5099=ORIENTED_EDGE('',*,*,#6391,.F.);
#5100=ORIENTED_EDGE('',*,*,#6346,.F.);
#5101=CARTESIAN_POINT('',(0.000200016112074116,0.00287122656432934,0.000925760764049458));
#5102=DIRECTION('',(3.1641356201817E-15,-3.52495810318487E-15,1.0));
#5103=DIRECTION('',(0.0,-1.0,-3.52495810318487E-15));
#5104=SURFACE_STYLE_FILL_AREA(#6392);
#5105=ORIENTED_EDGE('',*,*,#6393,.T.);
#5106=ORIENTED_EDGE('',*,*,#6394,.T.);
#5107=ORIENTED_EDGE('',*,*,#6389,.F.);
#5108=ORIENTED_EDGE('',*,*,#6345,.F.);
#5109=CARTESIAN_POINT('',(-0.00545683813741824,0.00852808081382174,0.000925760764049496));
#5110=DIRECTION('',(3.1641356201817E-15,-3.52495810318487E-15,1.0));
#5111=DIRECTION('',(0.0,-1.0,-3.52495810318487E-15));
#5112=SURFACE_STYLE_FILL_AREA(#6395);
#5113=ORIENTED_EDGE('',*,*,#6391,.T.);
#5114=ORIENTED_EDGE('',*,*,#6396,.T.);
#5115=ORIENTED_EDGE('',*,*,#6397,.F.);
#5116=ORIENTED_EDGE('',*,*,#6343,.F.);
#5117=CARTESIAN_POINT('',(-0.00545683813741827,-0.00278562768516303,0.000925760764049456));
#5118=DIRECTION('',(3.1641356201817E-15,-3.52495810318487E-15,1.0));
#5119=DIRECTION('',(0.0,-1.0,-3.52495810318487E-15));
#5120=SURFACE_STYLE_FILL_AREA(#6398);
#5121=ORIENTED_EDGE('',*,*,#6397,.T.);
#5122=ORIENTED_EDGE('',*,*,#6399,.T.);
#5123=ORIENTED_EDGE('',*,*,#6393,.F.);
#5124=ORIENTED_EDGE('',*,*,#6344,.F.);
#5125=CARTESIAN_POINT('',(0.000200016112074116,0.00287122656432934,0.000925760764049458));
#5126=DIRECTION('',(3.1641356201817E-15,-3.52495810318487E-15,1.0));
#5127=DIRECTION('',(0.0,-1.0,-3.52495810318487E-15));
#5128=SURFACE_STYLE_FILL_AREA(#6400);
#5129=ORIENTED_EDGE('',*,*,#6401,.T.);
#5130=ORIENTED_EDGE('',*,*,#6402,.T.);
#5131=ORIENTED_EDGE('',*,*,#6403,.F.);
#5132=ORIENTED_EDGE('',*,*,#6350,.F.);
#5133=CARTESIAN_POINT('',(0.000200016112074116,0.00287122656432934,0.000925760764049458));
#5134=DIRECTION('',(3.1641356201817E-15,-3.52495810318487E-15,1.0));
#5135=DIRECTION('',(0.0,-1.0,-3.52495810318487E-15));
#5136=SURFACE_STYLE_FILL_AREA(#6404);
#5137=ORIENTED_EDGE('',*,*,#6405,.T.);
#5138=ORIENTED_EDGE('',*,*,#6406,.T.);
#5139=ORIENTED_EDGE('',*,*,#6401,.F.);
#5140=ORIENTED_EDGE('',*,*,#6349,.F.);
#5141=CARTESIAN_POINT('',(-0.00899237204335097,0.0120636147197545,0.000925760764049519));
#5142=DIRECTION('',(3.1641356201817E-15,-3.52495810318487E-15,1.0));
#5143=DIRECTION('',(0.0,-1.0,-3.52495810318487E-15));
#5144=SURFACE_STYLE_FILL_AREA(#6407);
#5145=ORIENTED_EDGE('',*,*,#6403,.T.);
#5146=ORIENTED_EDGE('',*,*,#6408,.T.);
#5147=ORIENTED_EDGE('',*,*,#6409,.F.);
#5148=ORIENTED_EDGE('',*,*,#6347,.F.);
#5149=CARTESIAN_POINT('',(-0.00899237204335102,-0.00632116159109577,0.000925760764049454));
#5150=DIRECTION('',(3.1641356201817E-15,-3.52495810318487E-15,1.0));
#5151=DIRECTION('',(0.0,-1.0,-3.52495810318487E-15));
#5152=SURFACE_STYLE_FILL_AREA(#6410);
#5153=ORIENTED_EDGE('',*,*,#6409,.T.);
#5154=ORIENTED_EDGE('',*,*,#6411,.T.);
#5155=ORIENTED_EDGE('',*,*,#6405,.F.);
#5156=ORIENTED_EDGE('',*,*,#6348,.F.);
#5157=CARTESIAN_POINT('',(0.000200016112074116,0.00287122656432934,0.000925760764049458));
#5158=DIRECTION('',(3.1641356201817E-15,-3.52495810318487E-15,1.0));
#5159=DIRECTION('',(0.0,-1.0,-3.52495810318487E-15));
#5160=SURFACE_STYLE_FILL_AREA(#6412);
#5161=ORIENTED_EDGE('',*,*,#6413,.T.);
#5162=ORIENTED_EDGE('',*,*,#6414,.T.);
#5163=ORIENTED_EDGE('',*,*,#6415,.F.);
#5164=ORIENTED_EDGE('',*,*,#6354,.F.);
#5165=CARTESIAN_POINT('',(0.000200016112074116,0.00287122656432934,0.000925760764049458));
#5166=DIRECTION('',(3.1641356201817E-15,-3.52495810318487E-15,1.0));
#5167=DIRECTION('',(0.0,-1.0,-3.52495810318487E-15));
#5168=SURFACE_STYLE_FILL_AREA(#6416);
#5169=ORIENTED_EDGE('',*,*,#6417,.T.);
#5170=ORIENTED_EDGE('',*,*,#6418,.T.);
#5171=ORIENTED_EDGE('',*,*,#6413,.F.);
#5172=ORIENTED_EDGE('',*,*,#6353,.F.);
#5173=CARTESIAN_POINT('',(-0.0132350127304702,0.0163062554068738,0.000925760764049548));
#5174=DIRECTION('',(3.1641356201817E-15,-3.52495810318487E-15,1.0));
#5175=DIRECTION('',(0.0,-1.0,-3.52495810318487E-15));
#5176=SURFACE_STYLE_FILL_AREA(#6419);
#5177=ORIENTED_EDGE('',*,*,#6415,.T.);
#5178=ORIENTED_EDGE('',*,*,#6420,.T.);
#5179=ORIENTED_EDGE('',*,*,#6421,.F.);
#5180=ORIENTED_EDGE('',*,*,#6351,.F.);
#5181=CARTESIAN_POINT('',(-0.0132350127304703,-0.010563802278215,0.000925760764049453));
#5182=DIRECTION('',(3.1641356201817E-15,-3.52495810318487E-15,1.0));
#5183=DIRECTION('',(0.0,-1.0,-3.52495810318487E-15));
#5184=SURFACE_STYLE_FILL_AREA(#6422);
#5185=ORIENTED_EDGE('',*,*,#6421,.T.);
#5186=ORIENTED_EDGE('',*,*,#6423,.T.);
#5187=ORIENTED_EDGE('',*,*,#6417,.F.);
#5188=ORIENTED_EDGE('',*,*,#6352,.F.);
#5189=CARTESIAN_POINT('',(0.000200016112074116,0.00287122656432934,0.000925760764049458));
#5190=DIRECTION('',(3.1641356201817E-15,-3.52495810318487E-15,1.0));
#5191=DIRECTION('',(0.0,-1.0,-3.52495810318487E-15));
#5192=SURFACE_STYLE_FILL_AREA(#6424);
#5193=ORIENTED_EDGE('',*,*,#6361,.T.);
#5194=ORIENTED_EDGE('',*,*,#6425,.T.);
#5195=ORIENTED_EDGE('',*,*,#6426,.F.);
#5196=ORIENTED_EDGE('',*,*,#6332,.F.);
#5197=CARTESIAN_POINT('',(0.0136350449546185,0.0163062554068737,0.000925760764049463));
#5198=DIRECTION('',(3.1641356201817E-15,-3.52495810318487E-15,1.0));
#5199=DIRECTION('',(0.0,-1.0,-3.52495810318487E-15));
#5200=SURFACE_STYLE_FILL_AREA(#6427);
#5201=ORIENTED_EDGE('',*,*,#6426,.T.);
#5202=ORIENTED_EDGE('',*,*,#6428,.T.);
#5203=ORIENTED_EDGE('',*,*,#6356,.F.);
#5204=ORIENTED_EDGE('',*,*,#6333,.F.);
#5205=CARTESIAN_POINT('',(0.000200016112074116,0.00287122656432934,0.000925760764049458));
#5206=DIRECTION('',(3.1641356201817E-15,-3.52495810318487E-15,1.0));
#5207=DIRECTION('',(0.0,-1.0,-3.52495810318487E-15));
#5208=SURFACE_STYLE_FILL_AREA(#6429);
#5209=ORIENTED_EDGE('',*,*,#6148,.F.);
#5210=ORIENTED_EDGE('',*,*,#6142,.T.);
#5211=ORIENTED_EDGE('',*,*,#6145,.T.);
#5212=ORIENTED_EDGE('',*,*,#5943,.T.);
#5213=ORIENTED_EDGE('',*,*,#6138,.T.);
#5214=CARTESIAN_POINT('',(-8.27226276824527E-17,0.0139256607640496,-0.0250742392359505));
#5215=DIRECTION('',(3.1641356201817E-15,-3.52495810318487E-15,1.0));
#5216=DIRECTION('',(1.0,1.13768533674843E-29,-3.1641356201817E-15));
#5217=SURFACE_STYLE_FILL_AREA(#6430);
#5218=ORIENTED_EDGE('',*,*,#5958,.F.);
#5219=ORIENTED_EDGE('',*,*,#5955,.T.);
#5220=ORIENTED_EDGE('',*,*,#5962,.T.);
#5221=ORIENTED_EDGE('',*,*,#6431,.T.);
#5222=ORIENTED_EDGE('',*,*,#5938,.T.);
#5223=ORIENTED_EDGE('',*,*,#5950,.T.);
#5224=ORIENTED_EDGE('',*,*,#6432,.T.);
#5225=CARTESIAN_POINT('',(-8.27226276824527E-17,0.0089256607640496,-0.0250742392359505));
#5226=DIRECTION('',(3.1641356201817E-15,-3.52495810318487E-15,1.0));
#5227=DIRECTION('',(1.0,1.13768533674843E-29,-3.1641356201817E-15));
#5228=SURFACE_STYLE_FILL_AREA(#6433);
#5229=ORIENTED_EDGE('',*,*,#6005,.F.);
#5230=ORIENTED_EDGE('',*,*,#6002,.F.);
#5231=ORIENTED_EDGE('',*,*,#6018,.T.);
#5232=ORIENTED_EDGE('',*,*,#5971,.F.);
#5233=ORIENTED_EDGE('',*,*,#5992,.F.);
#5234=ORIENTED_EDGE('',*,*,#5995,.T.);
#5235=ORIENTED_EDGE('',*,*,#5934,.F.);
#5236=CARTESIAN_POINT('',(-8.27226276824527E-17,0.000925660764049594,-0.0250742392359505));
#5237=DIRECTION('',(3.1641356201817E-15,-3.52495810318487E-15,1.0));
#5238=DIRECTION('',(1.0,1.13768533674843E-29,-3.1641356201817E-15));
#5239=SURFACE_STYLE_FILL_AREA(#6434);
#5240=ORIENTED_EDGE('',*,*,#5866,.F.);
#5241=ORIENTED_EDGE('',*,*,#6222,.T.);
#5242=ORIENTED_EDGE('',*,*,#5901,.T.);
#5243=ORIENTED_EDGE('',*,*,#6306,.T.);
#5244=CARTESIAN_POINT('',(-0.032,-0.0198743392359505,0.000925760764049445));
#5245=DIRECTION('',(1.11308970672583E-29,1.0,3.52495810318487E-15));
#5246=DIRECTION('',(0.0,-3.52495810318487E-15,1.0));
#5247=SURFACE_STYLE_FILL_AREA(#6435);
#5248=ORIENTED_EDGE('',*,*,#5895,.F.);
#5249=ORIENTED_EDGE('',*,*,#6215,.T.);
#5250=ORIENTED_EDGE('',*,*,#5952,.T.);
#5251=ORIENTED_EDGE('',*,*,#6432,.F.);
#5252=ORIENTED_EDGE('',*,*,#5949,.T.);
#5253=ORIENTED_EDGE('',*,*,#6290,.F.);
#5254=ORIENTED_EDGE('',*,*,#5883,.T.);
#5255=ORIENTED_EDGE('',*,*,#6307,.T.);
#5256=CARTESIAN_POINT('',(2.16938477835428E-17,-0.0266743392359505,0.00792576076404942));
#5257=DIRECTION('',(-1.1154783112467E-29,-1.0,-3.52495810318487E-15));
#5258=DIRECTION('',(0.0,3.52495810318487E-15,-1.0));
#5259=SURFACE_STYLE_FILL_AREA(#6436);
#5260=ORIENTED_EDGE('',*,*,#5961,.T.);
#5261=ORIENTED_EDGE('',*,*,#6206,.T.);
#5262=ORIENTED_EDGE('',*,*,#5939,.T.);
#5263=ORIENTED_EDGE('',*,*,#6431,.F.);
#5264=CARTESIAN_POINT('',(0.032,-0.0198743392359505,0.000925760764049243));
#5265=DIRECTION('',(1.11786691576758E-29,1.0,3.52495810318487E-15));
#5266=DIRECTION('',(0.0,-3.52495810318487E-15,1.0));
#5267=SURFACE_STYLE_FILL_AREA(#6437);
#5268=ORIENTED_EDGE('',*,*,#6039,.F.);
#5269=ORIENTED_EDGE('',*,*,#6033,.F.);
#5270=ORIENTED_EDGE('',*,*,#6057,.F.);
#5271=ORIENTED_EDGE('',*,*,#6049,.F.);
#5272=ORIENTED_EDGE('',*,*,#6078,.F.);
#5273=ORIENTED_EDGE('',*,*,#6095,.F.);
#5274=ORIENTED_EDGE('',*,*,#6093,.F.);
#5275=ORIENTED_EDGE('',*,*,#6086,.F.);
#5276=ORIENTED_EDGE('',*,*,#6438,.T.);
#5277=ORIENTED_EDGE('',*,*,#6103,.T.);
#5278=ORIENTED_EDGE('',*,*,#6099,.T.);
#5279=ORIENTED_EDGE('',*,*,#6439,.T.);
#5280=ORIENTED_EDGE('',*,*,#6030,.T.);
#5281=ORIENTED_EDGE('',*,*,#6022,.T.);
#5282=ORIENTED_EDGE('',*,*,#6027,.T.);
#5283=CARTESIAN_POINT('',(9.17915743414715E-18,0.0483756607640495,0.00192576076404961));
#5284=DIRECTION('',(-0.0,0.0,-1.0));
#5285=DIRECTION('',(-1.0,-0.0,0.0));
#5286=SURFACE_STYLE_FILL_AREA(#6440);
#5287=ORIENTED_EDGE('',*,*,#6441,.F.);
#5288=ORIENTED_EDGE('',*,*,#5694,.T.);
#5289=ORIENTED_EDGE('',*,*,#5758,.F.);
#5290=ORIENTED_EDGE('',*,*,#5750,.T.);
#5291=ORIENTED_EDGE('',*,*,#5745,.F.);
#5292=ORIENTED_EDGE('',*,*,#5754,.T.);
#5293=ORIENTED_EDGE('',*,*,#5762,.F.);
#5294=ORIENTED_EDGE('',*,*,#5686,.T.);
#5295=ORIENTED_EDGE('',*,*,#6387,.F.);
#5296=ORIENTED_EDGE('',*,*,#6428,.F.);
#5297=ORIENTED_EDGE('',*,*,#6425,.F.);
#5298=ORIENTED_EDGE('',*,*,#6360,.F.);
#5299=ORIENTED_EDGE('',*,*,#6357,.F.);
#5300=ORIENTED_EDGE('',*,*,#6364,.F.);
#5301=ORIENTED_EDGE('',*,*,#6368,.F.);
#5302=ORIENTED_EDGE('',*,*,#6373,.F.);
#5303=ORIENTED_EDGE('',*,*,#6370,.F.);
#5304=ORIENTED_EDGE('',*,*,#6376,.F.);
#5305=ORIENTED_EDGE('',*,*,#6380,.F.);
#5306=ORIENTED_EDGE('',*,*,#6385,.F.);
#5307=ORIENTED_EDGE('',*,*,#6382,.F.);
#5308=ORIENTED_EDGE('',*,*,#6394,.F.);
#5309=ORIENTED_EDGE('',*,*,#6399,.F.);
#5310=ORIENTED_EDGE('',*,*,#6396,.F.);
#5311=ORIENTED_EDGE('',*,*,#6390,.F.);
#5312=ORIENTED_EDGE('',*,*,#6406,.F.);
#5313=ORIENTED_EDGE('',*,*,#6411,.F.);
#5314=ORIENTED_EDGE('',*,*,#6408,.F.);
#5315=ORIENTED_EDGE('',*,*,#6402,.F.);
#5316=ORIENTED_EDGE('',*,*,#6418,.F.);
#5317=ORIENTED_EDGE('',*,*,#6423,.F.);
#5318=ORIENTED_EDGE('',*,*,#6420,.F.);
#5319=ORIENTED_EDGE('',*,*,#6414,.F.);
#5320=CARTESIAN_POINT('',(2.70903406245272E-18,0.000925660764049499,0.00192576076404945));
#5321=DIRECTION('',(3.1641356201817E-15,-3.52495810318487E-15,1.0));
#5322=DIRECTION('',(1.0,1.13768533674843E-29,-3.1641356201817E-15));
#5323=SURFACE_STYLE_FILL_AREA(#6442);
#5324=ORIENTED_EDGE('',*,*,#5831,.F.);
#5325=ORIENTED_EDGE('',*,*,#5695,.T.);
#5326=ORIENTED_EDGE('',*,*,#6441,.T.);
#5327=ORIENTED_EDGE('',*,*,#5689,.T.);
#5328=CARTESIAN_POINT('',(-0.0279027938683825,-0.0246243392359505,0.00192576076404944));
#5329=DIRECTION('',(1.11491291612461E-29,1.0,3.52495810318487E-15));
#5330=DIRECTION('',(0.0,-3.52495810318487E-15,1.0));
#5331=SURFACE_STYLE_FILL_AREA(#6443);
#5332=ORIENTED_EDGE('',*,*,#5966,.T.);
#5333=CARTESIAN_POINT('',(-4.55101557728972E-19,0.000925660764049503,0.000925760764049446));
#5334=DIRECTION('',(3.1641356201817E-15,-3.52495810318487E-15,1.0));
#5335=DIRECTION('',(1.0,1.13768533674843E-29,-3.1641356201817E-15));
#5336=SURFACE_STYLE_FILL_AREA(#6444);
#5337=ORIENTED_EDGE('',*,*,#5891,.T.);
#5338=CARTESIAN_POINT('',(-4.55101557728972E-19,0.000925660764049503,0.000925760764049446));
#5339=DIRECTION('',(3.1641356201817E-15,-3.52495810318487E-15,1.0));
#5340=DIRECTION('',(1.0,1.13768533674843E-29,-3.1641356201817E-15));
#5341=SURFACE_STYLE_FILL_AREA(#6445);
#5342=ORIENTED_EDGE('',*,*,#6238,.T.);
#5343=ORIENTED_EDGE('',*,*,#5742,.T.);
#5344=ORIENTED_EDGE('',*,*,#6282,.T.);
#5345=ORIENTED_EDGE('',*,*,#6247,.T.);
#5346=ORIENTED_EDGE('',*,*,#6245,.T.);
#5347=ORIENTED_EDGE('',*,*,#6241,.T.);
#5348=ORIENTED_EDGE('',*,*,#6280,.T.);
#5349=ORIENTED_EDGE('',*,*,#5734,.T.);
#5350=ORIENTED_EDGE('',*,*,#6250,.T.);
#5351=ORIENTED_EDGE('',*,*,#6254,.T.);
#5352=ORIENTED_EDGE('',*,*,#6257,.T.);
#5353=ORIENTED_EDGE('',*,*,#6260,.T.);
#5354=ORIENTED_EDGE('',*,*,#6263,.T.);
#5355=ORIENTED_EDGE('',*,*,#6274,.T.);
#5356=ORIENTED_EDGE('',*,*,#6272,.T.);
#5357=ORIENTED_EDGE('',*,*,#6268,.T.);
#5358=ORIENTED_EDGE('',*,*,#6265,.T.);
#5359=ORIENTED_EDGE('',*,*,#6204,.T.);
#5360=ORIENTED_EDGE('',*,*,#6210,.T.);
#5361=ORIENTED_EDGE('',*,*,#6213,.T.);
#5362=ORIENTED_EDGE('',*,*,#6218,.T.);
#5363=ORIENTED_EDGE('',*,*,#5811,.T.);
#5364=ORIENTED_EDGE('',*,*,#5816,.T.);
#5365=ORIENTED_EDGE('',*,*,#5820,.T.);
#5366=ORIENTED_EDGE('',*,*,#5826,.T.);
#5367=ORIENTED_EDGE('',*,*,#5828,.T.);
#5368=ORIENTED_EDGE('',*,*,#5797,.T.);
#5369=ORIENTED_EDGE('',*,*,#5804,.T.);
#5370=ORIENTED_EDGE('',*,*,#6217,.T.);
#5371=ORIENTED_EDGE('',*,*,#6227,.T.);
#5372=ORIENTED_EDGE('',*,*,#6225,.T.);
#5373=ORIENTED_EDGE('',*,*,#6220,.T.);
#5374=ORIENTED_EDGE('',*,*,#5873,.T.);
#5375=ORIENTED_EDGE('',*,*,#6173,.T.);
#5376=ORIENTED_EDGE('',*,*,#6176,.T.);
#5377=ORIENTED_EDGE('',*,*,#6178,.T.);
#5378=ORIENTED_EDGE('',*,*,#5877,.T.);
#5379=ORIENTED_EDGE('',*,*,#6165,.T.);
#5380=ORIENTED_EDGE('',*,*,#6168,.T.);
#5381=ORIENTED_EDGE('',*,*,#6170,.T.);
#5382=ORIENTED_EDGE('',*,*,#5886,.T.);
#5383=ORIENTED_EDGE('',*,*,#6181,.T.);
#5384=ORIENTED_EDGE('',*,*,#6184,.T.);
#5385=ORIENTED_EDGE('',*,*,#6187,.T.);
#5386=ORIENTED_EDGE('',*,*,#6190,.T.);
#5387=ORIENTED_EDGE('',*,*,#6193,.T.);
#5388=ORIENTED_EDGE('',*,*,#6196,.T.);
#5389=ORIENTED_EDGE('',*,*,#6199,.T.);
#5390=ORIENTED_EDGE('',*,*,#6202,.T.);
#5391=ORIENTED_EDGE('',*,*,#6236,.T.);
#5392=ORIENTED_EDGE('',*,*,#6234,.T.);
#5393=ORIENTED_EDGE('',*,*,#6230,.T.);
#5394=ORIENTED_EDGE('',*,*,#6446,.F.);
#5395=ORIENTED_EDGE('',*,*,#6097,.T.);
#5396=ORIENTED_EDGE('',*,*,#6102,.T.);
#5397=ORIENTED_EDGE('',*,*,#6447,.F.);
#5398=ORIENTED_EDGE('',*,*,#6025,.T.);
#5399=ORIENTED_EDGE('',*,*,#6020,.F.);
#5400=ORIENTED_EDGE('',*,*,#6029,.T.);
#5401=CARTESIAN_POINT('',(-4.55101557728972E-19,0.000925660764049503,0.000925760764049446));
#5402=DIRECTION('',(3.1641356201817E-15,-3.52495810318487E-15,1.0));
#5403=DIRECTION('',(1.0,1.13768533674843E-29,-3.1641356201817E-15));
#5404=SURFACE_STYLE_FILL_AREA(#6448);
#5405=ORIENTED_EDGE('',*,*,#5911,.F.);
#5406=ORIENTED_EDGE('',*,*,#6315,.F.);
#5407=ORIENTED_EDGE('',*,*,#5703,.F.);
#5408=ORIENTED_EDGE('',*,*,#6328,.F.);
#5409=CARTESIAN_POINT('',(0.04,0.0382654313793919,-0.0156156605921874));
#5410=DIRECTION('',(2.23738175362438E-15,0.707106781186546,0.707106781186549));
#5411=DIRECTION('',(1.0,1.11596205068196E-29,-3.1641356201817E-15));
#5412=SURFACE_STYLE_FILL_AREA(#6449);
#5413=ORIENTED_EDGE('',*,*,#6447,.T.);
#5414=ORIENTED_EDGE('',*,*,#6104,.T.);
#5415=ORIENTED_EDGE('',*,*,#6438,.F.);
#5416=ORIENTED_EDGE('',*,*,#6026,.T.);
#5417=CARTESIAN_POINT('',(0.0185,0.0338256607640495,0.000925760764049606));
#5418=DIRECTION('',(-1.0,0.0,0.0));
#5419=DIRECTION('',(0.0,0.0,1.0));
#5420=SURFACE_STYLE_FILL_AREA(#6450);
#5421=ORIENTED_EDGE('',*,*,#6098,.F.);
#5422=ORIENTED_EDGE('',*,*,#6446,.T.);
#5423=ORIENTED_EDGE('',*,*,#6031,.T.);
#5424=ORIENTED_EDGE('',*,*,#6439,.F.);
#5425=CARTESIAN_POINT('',(-0.0185,0.0673256607640495,0.000925760764049606));
#5426=DIRECTION('',(1.0,0.0,0.0));
#5427=DIRECTION('',(0.0,0.0,-1.0));
#5428=SURFACE_STYLE_FILL_AREA(#6451);
#5429=ORIENTED_EDGE('',*,*,#5847,.T.);
#5430=ORIENTED_EDGE('',*,*,#6303,.T.);
#5431=ORIENTED_EDGE('',*,*,#5928,.T.);
#5432=ORIENTED_EDGE('',*,*,#5837,.T.);
#5433=CARTESIAN_POINT('',(-0.04,-0.0290743392359505,0.000925760764049438));
#5434=DIRECTION('',(-1.1154783112467E-29,-1.0,-3.52495810318487E-15));
#5435=DIRECTION('',(0.0,3.52495810318487E-15,-1.0));
#5436=SURFACE_STYLE_FILL_AREA(#6452);
#5437=ORIENTED_EDGE('',*,*,#6011,.T.);
#5438=CARTESIAN_POINT('',(-5.10812714806358E-17,0.000925660764049559,-0.0150742392359505));
#5439=DIRECTION('',(3.1641356201817E-15,-3.52495810318487E-15,1.0));
#5440=DIRECTION('',(1.0,1.13768533674843E-29,-3.1641356201817E-15));
#5441=SURFACE_STYLE_FILL_AREA(#6453);
#5442=ORIENTED_EDGE('',*,*,#5898,.T.);
#5443=CARTESIAN_POINT('',(-5.10812714806358E-17,0.00892566076404956,-0.0150742392359505));
#5444=DIRECTION('',(3.1641356201817E-15,-3.52495810318487E-15,1.0));
#5445=DIRECTION('',(1.0,1.13768533674843E-29,-3.1641356201817E-15));
#5446=SURFACE_STYLE_FILL_AREA(#6454);
#5447=ORIENTED_EDGE('',*,*,#6158,.T.);
#5448=CARTESIAN_POINT('',(-5.10812714806358E-17,0.00592566076404956,-0.0150742392359505));
#5449=DIRECTION('',(3.1641356201817E-15,-3.52495810318487E-15,1.0));
#5450=DIRECTION('',(1.0,1.13768533674843E-29,-3.1641356201817E-15));
#5451=SURFACE_STYLE_FILL_AREA(#6455);
#5452=ORIENTED_EDGE('',*,*,#6456,.T.);
#5453=ORIENTED_EDGE('',*,*,#6457,.T.);
#5454=ORIENTED_EDGE('',*,*,#6458,.T.);
#5455=ORIENTED_EDGE('',*,*,#6459,.T.);
#5456=CARTESIAN_POINT('',(5.0000000000164E-05,-0.00132433923595068,-0.0470742392359505));
#5457=DIRECTION('',(3.1641356201817E-15,-3.52495810318487E-15,1.0));
#5458=DIRECTION('',(1.0,1.13768533674843E-29,-3.1641356201817E-15));
#5459=SURFACE_STYLE_FILL_AREA(#6460);
#5460=ORIENTED_EDGE('',*,*,#6461,.F.);
#5461=ORIENTED_EDGE('',*,*,#6462,.T.);
#5462=ORIENTED_EDGE('',*,*,#6463,.T.);
#5463=ORIENTED_EDGE('',*,*,#6459,.F.);
#5464=SURFACE_STYLE_FILL_AREA(#6464);
#5465=ORIENTED_EDGE('',*,*,#6463,.F.);
#5466=ORIENTED_EDGE('',*,*,#6465,.T.);
#5467=ORIENTED_EDGE('',*,*,#6466,.T.);
#5468=ORIENTED_EDGE('',*,*,#6456,.F.);
#5469=SURFACE_STYLE_FILL_AREA(#6467);
#5470=ORIENTED_EDGE('',*,*,#6466,.F.);
#5471=ORIENTED_EDGE('',*,*,#6468,.T.);
#5472=ORIENTED_EDGE('',*,*,#6469,.T.);
#5473=ORIENTED_EDGE('',*,*,#6457,.F.);
#5474=SURFACE_STYLE_FILL_AREA(#6470);
#5475=ORIENTED_EDGE('',*,*,#6469,.F.);
#5476=ORIENTED_EDGE('',*,*,#6471,.T.);
#5477=ORIENTED_EDGE('',*,*,#6461,.T.);
#5478=ORIENTED_EDGE('',*,*,#6458,.F.);
#5479=SURFACE_STYLE_FILL_AREA(#6472);
#5480=ORIENTED_EDGE('',*,*,#6465,.F.);
#5481=ORIENTED_EDGE('',*,*,#6462,.F.);
#5482=ORIENTED_EDGE('',*,*,#6471,.F.);
#5483=ORIENTED_EDGE('',*,*,#6468,.F.);
#5484=CARTESIAN_POINT('',(0.000200018223882047,-0.00162877010266303,-0.0480742392359506));
#5485=DIRECTION('',(-3.1641356201817E-15,3.52495810318487E-15,-1.0));
#5486=DIRECTION('',(-1.0,0.0,3.1641356201817E-15));
#5487=SURFACE_STYLE_FILL_AREA(#6473);
#5488=ORIENTED_EDGE('',*,*,#6474,.F.);
#5489=ORIENTED_EDGE('',*,*,#6475,.T.);
#5490=ORIENTED_EDGE('',*,*,#6476,.T.);
#5491=ORIENTED_EDGE('',*,*,#6477,.F.);
#5492=SURFACE_STYLE_FILL_AREA(#6478);
#5493=ORIENTED_EDGE('',*,*,#6479,.F.);
#5494=ORIENTED_EDGE('',*,*,#6480,.T.);
#5495=ORIENTED_EDGE('',*,*,#6481,.T.);
#5496=ORIENTED_EDGE('',*,*,#6482,.F.);
#5497=SURFACE_STYLE_FILL_AREA(#6483);
#5498=ORIENTED_EDGE('',*,*,#6477,.T.);
#5499=ORIENTED_EDGE('',*,*,#6484,.T.);
#5500=ORIENTED_EDGE('',*,*,#6482,.T.);
#5501=ORIENTED_EDGE('',*,*,#6485,.T.);
#5502=CARTESIAN_POINT('',(5.0000000000164E-05,-0.00132433923595068,-0.0470742392359505));
#5503=DIRECTION('',(3.1641356201817E-15,-3.52495810318487E-15,1.0));
#5504=DIRECTION('',(1.0,1.13768533674843E-29,-3.1641356201817E-15));
#5505=SURFACE_STYLE_FILL_AREA(#6486);
#5506=ORIENTED_EDGE('',*,*,#6476,.F.);
#5507=ORIENTED_EDGE('',*,*,#6487,.T.);
#5508=ORIENTED_EDGE('',*,*,#6479,.T.);
#5509=ORIENTED_EDGE('',*,*,#6484,.F.);
#5510=SURFACE_STYLE_FILL_AREA(#6488);
#5511=ORIENTED_EDGE('',*,*,#6475,.F.);
#5512=ORIENTED_EDGE('',*,*,#6489,.F.);
#5513=ORIENTED_EDGE('',*,*,#6480,.F.);
#5514=ORIENTED_EDGE('',*,*,#6487,.F.);
#5515=CARTESIAN_POINT('',(0.000200018223882047,-0.00162877010266303,-0.0480742392359506));
#5516=DIRECTION('',(-3.1641356201817E-15,3.52495810318487E-15,-1.0));
#5517=DIRECTION('',(-1.0,0.0,3.1641356201817E-15));
#5518=SURFACE_STYLE_FILL_AREA(#6490);
#5519=ORIENTED_EDGE('',*,*,#6481,.F.);
#5520=ORIENTED_EDGE('',*,*,#6489,.T.);
#5521=ORIENTED_EDGE('',*,*,#6474,.T.);
#5522=ORIENTED_EDGE('',*,*,#6485,.F.);
#5523=SURFACE_STYLE_FILL_AREA(#6491);
#5524=ORIENTED_EDGE('',*,*,#6492,.F.);
#5525=ORIENTED_EDGE('',*,*,#6493,.T.);
#5526=ORIENTED_EDGE('',*,*,#6494,.T.);
#5527=ORIENTED_EDGE('',*,*,#6495,.F.);
#5528=SURFACE_STYLE_FILL_AREA(#6496);
#5529=ORIENTED_EDGE('',*,*,#6497,.F.);
#5530=ORIENTED_EDGE('',*,*,#6498,.T.);
#5531=ORIENTED_EDGE('',*,*,#6499,.T.);
#5532=ORIENTED_EDGE('',*,*,#6500,.F.);
#5533=SURFACE_STYLE_FILL_AREA(#6501);
#5534=ORIENTED_EDGE('',*,*,#6495,.T.);
#5535=ORIENTED_EDGE('',*,*,#6502,.T.);
#5536=ORIENTED_EDGE('',*,*,#6500,.T.);
#5537=ORIENTED_EDGE('',*,*,#6503,.T.);
#5538=CARTESIAN_POINT('',(5.0000000000164E-05,-0.00132433923595068,-0.0470742392359505));
#5539=DIRECTION('',(3.1641356201817E-15,-3.52495810318487E-15,1.0));
#5540=DIRECTION('',(1.0,1.13768533674843E-29,-3.1641356201817E-15));
#5541=SURFACE_STYLE_FILL_AREA(#6504);
#5542=ORIENTED_EDGE('',*,*,#6494,.F.);
#5543=ORIENTED_EDGE('',*,*,#6505,.T.);
#5544=ORIENTED_EDGE('',*,*,#6497,.T.);
#5545=ORIENTED_EDGE('',*,*,#6502,.F.);
#5546=SURFACE_STYLE_FILL_AREA(#6506);
#5547=ORIENTED_EDGE('',*,*,#6493,.F.);
#5548=ORIENTED_EDGE('',*,*,#6507,.F.);
#5549=ORIENTED_EDGE('',*,*,#6498,.F.);
#5550=ORIENTED_EDGE('',*,*,#6505,.F.);
#5551=CARTESIAN_POINT('',(0.000200018223882047,-0.00162877010266303,-0.0480742392359506));
#5552=DIRECTION('',(-3.1641356201817E-15,3.52495810318487E-15,-1.0));
#5553=DIRECTION('',(-1.0,0.0,3.1641356201817E-15));
#5554=SURFACE_STYLE_FILL_AREA(#6508);
#5555=ORIENTED_EDGE('',*,*,#6499,.F.);
#5556=ORIENTED_EDGE('',*,*,#6507,.T.);
#5557=ORIENTED_EDGE('',*,*,#6492,.T.);
#5558=ORIENTED_EDGE('',*,*,#6503,.F.);
#5559=SURFACE_STYLE_FILL_AREA(#6509);
#5560=ORIENTED_EDGE('',*,*,#6510,.F.);
#5561=ORIENTED_EDGE('',*,*,#6511,.T.);
#5562=ORIENTED_EDGE('',*,*,#6512,.T.);
#5563=ORIENTED_EDGE('',*,*,#6513,.F.);
#5564=SURFACE_STYLE_FILL_AREA(#6514);
#5565=ORIENTED_EDGE('',*,*,#6515,.F.);
#5566=ORIENTED_EDGE('',*,*,#6516,.T.);
#5567=ORIENTED_EDGE('',*,*,#6517,.T.);
#5568=ORIENTED_EDGE('',*,*,#6518,.F.);
#5569=SURFACE_STYLE_FILL_AREA(#6519);
#5570=ORIENTED_EDGE('',*,*,#6513,.T.);
#5571=ORIENTED_EDGE('',*,*,#6520,.T.);
#5572=ORIENTED_EDGE('',*,*,#6518,.T.);
#5573=ORIENTED_EDGE('',*,*,#6521,.T.);
#5574=CARTESIAN_POINT('',(5.00000000001632E-05,-0.00132433923595068,-0.0470742392359505));
#5575=DIRECTION('',(3.1641356201817E-15,-3.52495810318487E-15,1.0));
#5576=DIRECTION('',(1.0,1.13768533674843E-29,-3.1641356201817E-15));
#5577=SURFACE_STYLE_FILL_AREA(#6522);
#5578=ORIENTED_EDGE('',*,*,#6512,.F.);
#5579=ORIENTED_EDGE('',*,*,#6523,.T.);
#5580=ORIENTED_EDGE('',*,*,#6515,.T.);
#5581=ORIENTED_EDGE('',*,*,#6520,.F.);
#5582=SURFACE_STYLE_FILL_AREA(#6524);
#5583=ORIENTED_EDGE('',*,*,#6511,.F.);
#5584=ORIENTED_EDGE('',*,*,#6525,.F.);
#5585=ORIENTED_EDGE('',*,*,#6516,.F.);
#5586=ORIENTED_EDGE('',*,*,#6523,.F.);
#5587=CARTESIAN_POINT('',(0.000200018223882047,-0.00162877010266303,-0.0480742392359506));
#5588=DIRECTION('',(-3.1641356201817E-15,3.52495810318487E-15,-1.0));
#5589=DIRECTION('',(-1.0,0.0,3.1641356201817E-15));
#5590=SURFACE_STYLE_FILL_AREA(#6526);
#5591=ORIENTED_EDGE('',*,*,#6517,.F.);
#5592=ORIENTED_EDGE('',*,*,#6525,.T.);
#5593=ORIENTED_EDGE('',*,*,#6510,.T.);
#5594=ORIENTED_EDGE('',*,*,#6521,.F.);
#5595=SURFACE_STYLE_FILL_AREA(#6527);
#5596=ORIENTED_EDGE('',*,*,#6528,.F.);
#5597=CARTESIAN_POINT('',(0.000200018223882047,-0.00162877010266303,-0.0480742392359506));
#5598=DIRECTION('',(-3.1641356201817E-15,3.52495810318487E-15,-1.0));
#5599=DIRECTION('',(0.0,1.0,3.52495810318487E-15));
#5600=SURFACE_STYLE_FILL_AREA(#6529);
#5601=ORIENTED_EDGE('',*,*,#6530,.F.);
#5602=ORIENTED_EDGE('',*,*,#6528,.T.);
#5603=CARTESIAN_POINT('',(0.000200018223882044,-0.00162877010266303,-0.0490742392359506));
#5604=DIRECTION('',(-3.1641356201817E-15,3.52495810318487E-15,-1.0));
#5605=DIRECTION('',(-1.0,0.0,3.1641356201817E-15));
#5606=SURFACE_STYLE_FILL_AREA(#6531);
#5607=ORIENTED_EDGE('',*,*,#6530,.T.);
#5608=CARTESIAN_POINT('',(0.00020001611207428,-0.00162877343567084,-0.0470742392359505));
#5609=DIRECTION('',(-3.1641356201817E-15,3.52495810318487E-15,-1.0));
#5610=DIRECTION('',(-1.0,0.0,3.1641356201817E-15));
#5611=SURFACE_STYLE_FILL_AREA(#6532);
#5612=ORIENTED_EDGE('',*,*,#6533,.T.);
#5613=ORIENTED_EDGE('',*,*,#6534,.T.);
#5614=ORIENTED_EDGE('',*,*,#6535,.T.);
#5615=ORIENTED_EDGE('',*,*,#6536,.T.);
#5616=CARTESIAN_POINT('',(5.00000000001632E-05,-0.00132433923595068,-0.0470742392359505));
#5617=DIRECTION('',(3.1641356201817E-15,-3.52495810318487E-15,1.0));
#5618=DIRECTION('',(1.0,1.13768533674843E-29,-3.1641356201817E-15));
#5619=SURFACE_STYLE_FILL_AREA(#6537);
#5620=ORIENTED_EDGE('',*,*,#6538,.F.);
#5621=ORIENTED_EDGE('',*,*,#6539,.T.);
#5622=ORIENTED_EDGE('',*,*,#6540,.T.);
#5623=ORIENTED_EDGE('',*,*,#6534,.F.);
#5624=SURFACE_STYLE_FILL_AREA(#6541);
#5625=ORIENTED_EDGE('',*,*,#6542,.F.);
#5626=ORIENTED_EDGE('',*,*,#6543,.T.);
#5627=ORIENTED_EDGE('',*,*,#6544,.T.);
#5628=ORIENTED_EDGE('',*,*,#6536,.F.);
#5629=SURFACE_STYLE_FILL_AREA(#6545);
#5630=ORIENTED_EDGE('',*,*,#6544,.F.);
#5631=ORIENTED_EDGE('',*,*,#6546,.T.);
#5632=ORIENTED_EDGE('',*,*,#6538,.T.);
#5633=ORIENTED_EDGE('',*,*,#6533,.F.);
#5634=SURFACE_STYLE_FILL_AREA(#6547);
#5635=ORIENTED_EDGE('',*,*,#6540,.F.);
#5636=ORIENTED_EDGE('',*,*,#6548,.T.);
#5637=ORIENTED_EDGE('',*,*,#6542,.T.);
#5638=ORIENTED_EDGE('',*,*,#6535,.F.);
#5639=SURFACE_STYLE_FILL_AREA(#6549);
#5640=ORIENTED_EDGE('',*,*,#6546,.F.);
#5641=ORIENTED_EDGE('',*,*,#6543,.F.);
#5642=ORIENTED_EDGE('',*,*,#6548,.F.);
#5643=ORIENTED_EDGE('',*,*,#6539,.F.);
#5644=CARTESIAN_POINT('',(0.000200018223882047,-0.00162877010266303,-0.0480742392359506));
#5645=DIRECTION('',(-3.1641356201817E-15,3.52495810318487E-15,-1.0));
#5646=DIRECTION('',(-1.0,0.0,3.1641356201817E-15));
#5647=SURFACE_STYLE_FILL_AREA(#6550);
#5648=ORIENTED_EDGE('',*,*,#6551,.T.);
#5649=ORIENTED_EDGE('',*,*,#6552,.T.);
#5650=ORIENTED_EDGE('',*,*,#6553,.T.);
#5651=ORIENTED_EDGE('',*,*,#6554,.T.);
#5652=CARTESIAN_POINT('',(5.0000000000164E-05,-0.00132433923595068,-0.0470742392359505));
#5653=DIRECTION('',(3.1641356201817E-15,-3.52495810318487E-15,1.0));
#5654=DIRECTION('',(1.0,1.13768533674843E-29,-3.1641356201817E-15));
#5655=SURFACE_STYLE_FILL_AREA(#6555);
#5656=ORIENTED_EDGE('',*,*,#6556,.F.);
#5657=ORIENTED_EDGE('',*,*,#6557,.T.);
#5658=ORIENTED_EDGE('',*,*,#6558,.T.);
#5659=ORIENTED_EDGE('',*,*,#6552,.F.);
#5660=SURFACE_STYLE_FILL_AREA(#6559);
#5661=ORIENTED_EDGE('',*,*,#6560,.F.);
#5662=ORIENTED_EDGE('',*,*,#6561,.T.);
#5663=ORIENTED_EDGE('',*,*,#6562,.T.);
#5664=ORIENTED_EDGE('',*,*,#6554,.F.);
#5665=SURFACE_STYLE_FILL_AREA(#6563);
#5666=ORIENTED_EDGE('',*,*,#6562,.F.);
#5667=ORIENTED_EDGE('',*,*,#6564,.T.);
#5668=ORIENTED_EDGE('',*,*,#6556,.T.);
#5669=ORIENTED_EDGE('',*,*,#6551,.F.);
#5670=SURFACE_STYLE_FILL_AREA(#6565);
#5671=ORIENTED_EDGE('',*,*,#6558,.F.);
#5672=ORIENTED_EDGE('',*,*,#6566,.T.);
#5673=ORIENTED_EDGE('',*,*,#6560,.T.);
#5674=ORIENTED_EDGE('',*,*,#6553,.F.);
#5675=SURFACE_STYLE_FILL_AREA(#6567);
#5676=ORIENTED_EDGE('',*,*,#6564,.F.);
#5677=ORIENTED_EDGE('',*,*,#6561,.F.);
#5678=ORIENTED_EDGE('',*,*,#6566,.F.);
#5679=ORIENTED_EDGE('',*,*,#6557,.F.);
#5680=CARTESIAN_POINT('',(0.000200018223882047,-0.00162877010266303,-0.0480742392359506));
#5681=DIRECTION('',(-3.1641356201817E-15,3.52495810318487E-15,-1.0));
#5682=DIRECTION('',(-1.0,0.0,3.1641356201817E-15));
#5685=FILL_AREA_STYLE('',(#6568));
#5686=EDGE_CURVE('174:1015',#6569,#6570,#6571,.F.);
#5687=EDGE_CURVE('171:11678',#6572,#6569,#6573,.T.);
#5688=EDGE_CURVE('174:1027',#6574,#6572,#6575,.T.);
#5689=EDGE_CURVE('171:11666',#6570,#6574,#6576,.F.);
#5690=FILL_AREA_STYLE('',(#6577));
#5691=EDGE_CURVE('414:16511',#6578,#6578,#6579,.T.);
#5692=EDGE_CURVE('414:16514',#6580,#6580,#6581,.T.);
#5693=FILL_AREA_STYLE('',(#6582));
#5694=EDGE_CURVE('174:1018',#6583,#6584,#6585,.F.);
#5695=EDGE_CURVE('171:11669',#6586,#6583,#6587,.T.);
#5696=EDGE_CURVE('174:1024',#6588,#6586,#6589,.T.);
#5697=EDGE_CURVE('171:11663',#6584,#6588,#6590,.F.);
#5698=FILL_AREA_STYLE('',(#6591));
#5699=EDGE_CURVE('414:16619',#6592,#6592,#6593,.T.);
#5700=EDGE_CURVE('147:2428',#6594,#6595,#6596,.T.);
#5701=EDGE_CURVE('120:11168',#6594,#6597,#6598,.F.);
#5702=EDGE_CURVE('120:11204',#6599,#6597,#6600,.T.);
#5703=EDGE_CURVE('120:11192',#6599,#6601,#6602,.F.);
#5704=EDGE_CURVE('120:11207',#6603,#6601,#6604,.T.);
#5705=EDGE_CURVE('120:11180',#6603,#6605,#6606,.F.);
#5706=EDGE_CURVE('120:11210',#6607,#6605,#6608,.T.);
#5707=EDGE_CURVE('120:11156',#6607,#6595,#6609,.F.);
#5708=EDGE_CURVE('120:11225',#6610,#6611,#6612,.F.);
#5709=EDGE_CURVE('120:11228',#6611,#6613,#6614,.F.);
#5710=EDGE_CURVE('120:11231',#6613,#6615,#6616,.F.);
#5711=EDGE_CURVE('120:11234',#6615,#6610,#6617,.F.);
#5712=FILL_AREA_STYLE('',(#6618));
#5713=EDGE_CURVE('120:11150',#6615,#6619,#6620,.T.);
#5714=EDGE_CURVE('423:645',#6621,#6619,#6622,.F.);
#5715=EDGE_CURVE('419:20626',#6610,#6621,#6623,.T.);
#5716=FILL_AREA_STYLE('',(#6624));
#5717=EDGE_CURVE('414:16616',#6625,#6625,#6626,.T.);
#5718=FILL_AREA_STYLE('',(#6627));
#5719=EDGE_CURVE('120:11138',#6613,#6628,#6629,.T.);
#5720=EDGE_CURVE('423:2230',#6628,#6619,#6630,.T.);
#5721=FILL_AREA_STYLE('',(#6631));
#5722=EDGE_CURVE('420:1252',#6621,#6632,#6633,.T.);
#5723=EDGE_CURVE('419:21349',#6632,#6611,#6634,.T.);
#5724=FILL_AREA_STYLE('',(#6635));
#5725=EDGE_CURVE('419:21336',#6628,#6632,#6636,.F.);
#5726=FILL_AREA_STYLE('',(#6637));
#5727=EDGE_CURVE('419:7275',#6638,#6639,#6640,.T.);
#5728=EDGE_CURVE('420:59',#6639,#6641,#6642,.T.);
#5729=EDGE_CURVE('419:7278',#6643,#6641,#6644,.T.);
#5730=EDGE_CURVE('419:7239',#6643,#6638,#6645,.T.);
#5731=FILL_AREA_STYLE('',(#6646));
#5732=EDGE_CURVE('420:32',#6641,#6647,#6648,.T.);
#5733=EDGE_CURVE('420:62',#6649,#6639,#6650,.T.);
#5734=EDGE_CURVE('420:53',#6647,#6649,#6651,.T.);
#5735=FILL_AREA_STYLE('',(#6652));
#5736=EDGE_CURVE('419:7308',#6653,#6654,#6655,.T.);
#5737=EDGE_CURVE('420:788',#6653,#6656,#6657,.T.);
#5738=EDGE_CURVE('419:7305',#6656,#6658,#6659,.T.);
#5739=EDGE_CURVE('419:7251',#6654,#6658,#6660,.T.);
#5740=FILL_AREA_STYLE('',(#6661));
#5741=EDGE_CURVE('420:773',#6662,#6653,#6663,.T.);
#5742=EDGE_CURVE('420:797',#6664,#6662,#6665,.T.);
#5743=EDGE_CURVE('420:791',#6656,#6664,#6666,.T.);
#5744=FILL_AREA_STYLE('',(#6667));
#5745=EDGE_CURVE('169:1039',#6668,#6669,#6670,.F.);
#5746=EDGE_CURVE('169:993',#6669,#6671,#6672,.F.);
#5747=EDGE_CURVE('169:1036',#6673,#6671,#6674,.F.);
#5748=EDGE_CURVE('169:990',#6673,#6668,#6675,.T.);
#5749=FILL_AREA_STYLE('',(#6676));
#5750=EDGE_CURVE('171:11068',#6677,#6669,#6678,.F.);
#5751=EDGE_CURVE('169:996',#6679,#6677,#6680,.T.);
#5752=EDGE_CURVE('171:11074',#6671,#6679,#6681,.T.);
#5753=FILL_AREA_STYLE('',(#6682));
#5754=EDGE_CURVE('171:11065',#6668,#6683,#6684,.F.);
#5755=EDGE_CURVE('171:11077',#6685,#6673,#6686,.T.);
#5756=EDGE_CURVE('169:987',#6683,#6685,#6687,.F.);
#5757=FILL_AREA_STYLE('',(#6688));
#5758=EDGE_CURVE('171:11233',#6677,#6584,#6689,.F.);
#5759=EDGE_CURVE('184:1028',#6679,#6588,#6690,.F.);
#5760=FILL_AREA_STYLE('',(#6691));
#5761=EDGE_CURVE('184:698',#6572,#6685,#6692,.F.);
#5762=EDGE_CURVE('171:11266',#6569,#6683,#6693,.F.);
#5763=FILL_AREA_STYLE('',(#6694));
#5764=EDGE_CURVE('183:3805',#6695,#6696,#6697,.F.);
#5765=EDGE_CURVE('412:46403',#6695,#6698,#6699,.F.);
#5766=EDGE_CURVE('183:3785',#6698,#6700,#6701,.T.);
#5767=EDGE_CURVE('183:538',#6700,#6696,#6702,.T.);
#5768=EDGE_CURVE('183:3815',#6703,#6703,#6704,.F.);
#5769=FILL_AREA_STYLE('',(#6705));
#5770=EDGE_CURVE('419:20623',#6706,#6707,#6708,.F.);
#5771=EDGE_CURVE('419:20613',#6709,#6707,#6710,.F.);
#5772=EDGE_CURVE('419:447',#6709,#6711,#6712,.F.);
#5773=EDGE_CURVE('164:7401',#6706,#6711,#6713,.T.);
#5774=FILL_AREA_STYLE('',(#6714));
#5775=EDGE_CURVE('183:3825',#6715,#6715,#6716,.F.);
#5776=EDGE_CURVE('183:3775',#6717,#6718,#6719,.F.);
#5777=EDGE_CURVE('412:47538',#6717,#6720,#6721,.F.);
#5778=EDGE_CURVE('183:3755',#6720,#6722,#6723,.T.);
#5779=EDGE_CURVE('183:586',#6718,#6722,#6724,.T.);
#5780=FILL_AREA_STYLE('',(#6725));
#5781=EDGE_CURVE('183:3745',#6696,#6726,#6727,.F.);
#5782=EDGE_CURVE('419:160',#6726,#6728,#6729,.F.);
#5783=EDGE_CURVE('183:3748',#6728,#6695,#6730,.F.);
#5784=FILL_AREA_STYLE('',(#6731));
#5785=EDGE_CURVE('183:3730',#6720,#6732,#6733,.F.);
#5786=EDGE_CURVE('419:1018',#6732,#6734,#6735,.T.);
#5787=EDGE_CURVE('183:3727',#6722,#6734,#6736,.T.);
#5788=FILL_AREA_STYLE('',(#6737));
#5789=EDGE_CURVE('183:3742',#6698,#6738,#6739,.F.);
#5790=EDGE_CURVE('419:151',#6738,#6740,#6741,.T.);
#5791=EDGE_CURVE('183:3739',#6700,#6740,#6742,.T.);
#5792=FILL_AREA_STYLE('',(#6743));
#5793=EDGE_CURVE('183:3733',#6718,#6744,#6745,.F.);
#5794=EDGE_CURVE('419:1027',#6744,#6746,#6747,.F.);
#5795=EDGE_CURVE('183:3736',#6746,#6717,#6748,.F.);
#5796=FILL_AREA_STYLE('',(#6749));
#5797=EDGE_CURVE('412:55303',#6750,#6751,#6752,.T.);
#5798=EDGE_CURVE('412:55272',#6753,#6750,#6754,.F.);
#5799=EDGE_CURVE('412:55306',#6753,#6755,#6756,.F.);
#5800=EDGE_CURVE('412:55275',#6755,#6751,#6757,.F.);
#5801=FILL_AREA_STYLE('',(#6758));
#5802=EDGE_CURVE('412:55278',#6759,#6760,#6761,.F.);
#5803=EDGE_CURVE('412:57155',#6760,#6762,#6763,.T.);
#5804=EDGE_CURVE('412:55313',#6751,#6762,#6764,.T.);
#5805=EDGE_CURVE('412:55316',#6755,#6759,#6765,.T.);
#5806=FILL_AREA_STYLE('',(#6766));
#5807=EDGE_CURVE('412:55281',#6767,#6768,#6769,.F.);
#5808=EDGE_CURVE('412:57152',#6768,#6760,#6770,.F.);
#5809=EDGE_CURVE('412:55326',#6767,#6759,#6771,.T.);
#5810=FILL_AREA_STYLE('',(#6772));
#5811=EDGE_CURVE('412:55333',#6773,#6774,#6775,.T.);
#5812=EDGE_CURVE('412:57149',#6773,#6768,#6776,.T.);
#5813=EDGE_CURVE('412:55336',#6767,#6777,#6778,.T.);
#5814=EDGE_CURVE('412:55284',#6777,#6774,#6779,.F.);
#5815=FILL_AREA_STYLE('',(#6780));
#5816=EDGE_CURVE('412:55343',#6774,#6781,#6782,.T.);
#5817=EDGE_CURVE('412:55346',#6777,#6783,#6784,.F.);
#5818=EDGE_CURVE('412:55287',#6783,#6781,#6785,.F.);
#5819=FILL_AREA_STYLE('',(#6786));
#5820=EDGE_CURVE('412:55353',#6781,#6787,#6788,.T.);
#5821=EDGE_CURVE('412:55356',#6783,#6789,#6790,.T.);
#5822=EDGE_CURVE('412:55293',#6789,#6787,#6791,.F.);
#5823=FILL_AREA_STYLE('',(#6792));
#5824=EDGE_CURVE('412:55366',#6789,#6793,#6794,.F.);
#5825=EDGE_CURVE('412:55299',#6793,#6795,#6796,.F.);
#5826=EDGE_CURVE('412:55363',#6787,#6795,#6797,.T.);
#5827=FILL_AREA_STYLE('',(#6798));
#5828=EDGE_CURVE('412:55383',#6795,#6750,#6799,.T.);
#5829=EDGE_CURVE('412:55386',#6793,#6753,#6800,.T.);
#5830=FILL_AREA_STYLE('',(#6801));
#5831=EDGE_CURVE('171:11514',#6586,#6574,#6802,.T.);
#5832=FILL_AREA_STYLE('',(#6803));
#5833=EDGE_CURVE('120:11510',#6804,#6805,#6806,.T.);
#5834=EDGE_CURVE('120:12104',#6807,#6804,#6808,.T.);
#5835=EDGE_CURVE('120:11501',#6809,#6807,#6810,.T.);
#5836=EDGE_CURVE('415:64984',#6811,#6809,#6812,.F.);
#5837=EDGE_CURVE('415:64981',#6813,#6811,#6814,.T.);
#5838=EDGE_CURVE('120:12125',#6805,#6813,#6815,.F.);
#5839=FILL_AREA_STYLE('',(#6816));
#5840=EDGE_CURVE('120:12083',#6817,#6818,#6819,.T.);
#5841=EDGE_CURVE('410:1295',#6818,#6820,#6821,.T.);
#5842=EDGE_CURVE('120:11705',#6820,#6822,#6823,.T.);
#5843=EDGE_CURVE('120:12122',#6822,#6817,#6824,.T.);
#5844=EDGE_CURVE('431:804',#6825,#6825,#6826,.T.);
#5845=FILL_AREA_STYLE('',(#6827));
#5846=EDGE_CURVE('410:1298',#6820,#6828,#6829,.F.);
#5847=EDGE_CURVE('120:11663',#6811,#6828,#6830,.T.);
#5848=EDGE_CURVE('415:64526',#6822,#6809,#6831,.T.);
#5849=FILL_AREA_STYLE('',(#6832));
#5850=EDGE_CURVE('120:12107',#6833,#6807,#6834,.T.);
#5851=EDGE_CURVE('415:64843',#6833,#6835,#6836,.T.);
#5852=EDGE_CURVE('415:64640',#6817,#6835,#6837,.T.);
#5853=FILL_AREA_STYLE('',(#6838));
#5854=EDGE_CURVE('431:842',#6839,#6839,#6840,.F.);
#5855=EDGE_CURVE('120:11759',#6841,#6842,#6843,.T.);
#5856=EDGE_CURVE('172:608',#6841,#6844,#6845,.T.);
#5857=EDGE_CURVE('164:7234',#6844,#6846,#6847,.T.);
#5858=EDGE_CURVE('164:7005',#6848,#6846,#6849,.T.);
#5859=EDGE_CURVE('164:7231',#6850,#6848,#6851,.T.);
#5860=EDGE_CURVE('172:605',#6850,#6852,#6853,.T.);
#5861=EDGE_CURVE('120:11744',#6852,#6854,#6855,.T.);
#5862=EDGE_CURVE('120:11954',#6854,#6856,#6857,.T.);
#5863=EDGE_CURVE('120:11741',#6858,#6856,#6859,.T.);
#5864=EDGE_CURVE('184:977',#6858,#6744,#6860,.T.);
#5865=EDGE_CURVE('184:980',#6734,#6861,#6862,.T.);
#5866=EDGE_CURVE('120:11720',#6861,#6863,#6864,.T.);
#5867=EDGE_CURVE('120:11717',#6863,#6865,#6866,.T.);
#5868=EDGE_CURVE('120:11330',#6865,#6867,#6868,.F.);
#5869=EDGE_CURVE('120:11852',#6869,#6867,#6870,.T.);
#5870=EDGE_CURVE('120:11333',#6869,#6871,#6872,.T.);
#5871=EDGE_CURVE('120:11948',#6842,#6871,#6873,.T.);
#5872=FILL_AREA_STYLE('',(#6874));
#5873=EDGE_CURVE('184:1001',#6875,#6876,#6877,.T.);
#5874=EDGE_CURVE('419:3371',#6875,#6861,#6878,.F.);
#5875=EDGE_CURVE('419:1295',#6734,#6876,#6879,.T.);
#5876=FILL_AREA_STYLE('',(#6880));
#5877=EDGE_CURVE('184:986',#6881,#6882,#6883,.T.);
#5878=EDGE_CURVE('419:1304',#6881,#6744,#6884,.F.);
#5879=EDGE_CURVE('419:813',#6858,#6882,#6885,.F.);
#5880=FILL_AREA_STYLE('',(#6886));
#5881=EDGE_CURVE('415:76284',#6867,#6887,#6888,.T.);
#5882=EDGE_CURVE('415:76269',#6889,#6865,#6890,.F.);
#5883=EDGE_CURVE('120:11339',#6887,#6889,#6891,.T.);
#5884=FILL_AREA_STYLE('',(#6892));
#5885=EDGE_CURVE('419:1646',#6850,#6893,#6894,.T.);
#5886=EDGE_CURVE('172:482',#6895,#6893,#6896,.F.);
#5887=EDGE_CURVE('419:831',#6895,#6852,#6897,.T.);
#5888=FILL_AREA_STYLE('',(#6898));
#5889=EDGE_CURVE('419:1024',#6746,#6732,#6899,.F.);
#5890=FILL_AREA_STYLE('',(#6900));
#5891=EDGE_CURVE('183:3822',#6901,#6901,#6902,.T.);
#5892=FILL_AREA_STYLE('',(#6903));
#5893=EDGE_CURVE('120:11636',#6904,#6905,#6906,.T.);
#5894=EDGE_CURVE('172:635',#6905,#6907,#6908,.T.);
#5895=EDGE_CURVE('120:11633',#6907,#6909,#6910,.T.);
#5896=EDGE_CURVE('120:11630',#6909,#6904,#6911,.T.);
#5897=FILL_AREA_STYLE('',(#6912));
#5898=EDGE_CURVE('120:11696',#6913,#6913,#6914,.F.);
#5899=EDGE_CURVE('120:11699',#6915,#6915,#6916,.F.);
#5900=FILL_AREA_STYLE('',(#6917));
#5901=EDGE_CURVE('120:11642',#6918,#6919,#6920,.F.);
#5902=EDGE_CURVE('415:93985',#6918,#6905,#6921,.F.);
#5903=EDGE_CURVE('415:93836',#6919,#6904,#6922,.F.);
#5904=FILL_AREA_STYLE('',(#6923));
#5905=EDGE_CURVE('120:11750',#6924,#6925,#6926,.T.);
#5906=EDGE_CURVE('172:593',#6924,#6927,#6928,.T.);
#5907=EDGE_CURVE('120:12053',#6927,#6929,#6930,.F.);
#5908=EDGE_CURVE('120:11753',#6925,#6929,#6931,.T.);
#5909=FILL_AREA_STYLE('',(#6932));
#5910=EDGE_CURVE('120:11213',#6933,#6934,#6935,.T.);
#5911=EDGE_CURVE('120:11189',#6934,#6936,#6937,.F.);
#5912=EDGE_CURVE('120:11222',#6936,#6938,#6939,.T.);
#5913=EDGE_CURVE('120:11165',#6938,#6940,#6941,.F.);
#5914=EDGE_CURVE('147:2082',#6940,#6942,#6943,.T.);
#5915=EDGE_CURVE('120:11153',#6942,#6944,#6945,.F.);
#5916=EDGE_CURVE('120:11216',#6944,#6946,#6947,.T.);
#5917=EDGE_CURVE('120:11177',#6946,#6933,#6948,.F.);
#5918=EDGE_CURVE('120:11708',#6949,#6950,#6951,.T.);
#5919=EDGE_CURVE('410:1307',#6950,#6952,#6953,.T.);
#5920=EDGE_CURVE('120:12086',#6952,#6954,#6955,.T.);
#5921=EDGE_CURVE('120:12131',#6954,#6949,#6956,.T.);
#5922=FILL_AREA_STYLE('',(#6957));
#5923=EDGE_CURVE('120:12098',#6804,#6958,#6959,.T.);
#5924=EDGE_CURVE('415:64511',#6949,#6805,#6960,.T.);
#5925=EDGE_CURVE('415:64649',#6954,#6961,#6962,.T.);
#5926=EDGE_CURVE('120:11516',#6961,#6958,#6963,.T.);
#5927=FILL_AREA_STYLE('',(#6964));
#5928=EDGE_CURVE('120:11660',#6965,#6813,#6966,.T.);
#5929=EDGE_CURVE('415:65187',#6965,#6967,#6968,.F.);
#5930=EDGE_CURVE('415:64331',#6967,#6950,#6969,.F.);
#5931=FILL_AREA_STYLE('',(#6970));
#5932=EDGE_CURVE('419:8690',#6656,#6971,#6972,.T.);
#5933=EDGE_CURVE('120:11939',#6973,#6971,#6974,.F.);
#5934=EDGE_CURVE('120:11942',#6973,#6975,#6976,.T.);
#5935=EDGE_CURVE('120:11327',#6975,#6977,#6978,.F.);
#5936=EDGE_CURVE('120:11849',#6979,#6977,#6980,.T.);
#5937=EDGE_CURVE('120:11324',#6979,#6981,#6982,.T.);
#5938=EDGE_CURVE('120:11681',#6983,#6981,#6984,.T.);
#5939=EDGE_CURVE('120:11648',#6985,#6983,#6986,.T.);
#5940=EDGE_CURVE('184:668',#6985,#6726,#6987,.T.);
#5941=EDGE_CURVE('184:665',#6740,#6988,#6989,.T.);
#5942=EDGE_CURVE('120:11726',#6988,#6990,#6991,.T.);
#5943=EDGE_CURVE('120:11957',#6992,#6990,#6993,.T.);
#5944=EDGE_CURVE('120:11735',#6994,#6992,#6995,.T.);
#5945=EDGE_CURVE('419:8532',#6994,#6639,#6996,.T.);
#5946=EDGE_CURVE('419:7285',#6658,#6638,#6997,.T.);
#5947=FILL_AREA_STYLE('',(#6998));
#5948=EDGE_CURVE('415:113351',#6999,#6979,#7000,.T.);
#5949=EDGE_CURVE('120:11342',#7001,#6999,#7002,.F.);
#5950=EDGE_CURVE('415:113321',#6981,#7001,#7003,.F.);
#5951=FILL_AREA_STYLE('',(#7004));
#5952=EDGE_CURVE('120:11669',#7005,#7006,#7007,.T.);
#5953=EDGE_CURVE('172:641',#7005,#7008,#7009,.T.);
#5954=EDGE_CURVE('120:11654',#7008,#7010,#7011,.F.);
#5955=EDGE_CURVE('120:11690',#7006,#7010,#7012,.T.);
#5956=FILL_AREA_STYLE('',(#7013));
#5957=EDGE_CURVE('120:11693',#7014,#7014,#7015,.F.);
#5958=EDGE_CURVE('120:11702',#7016,#7016,#7017,.F.);
#5959=FILL_AREA_STYLE('',(#7018));
#5960=EDGE_CURVE('415:119226',#7008,#7019,#7020,.F.);
#5961=EDGE_CURVE('120:11651',#7021,#7019,#7022,.T.);
#5962=EDGE_CURVE('415:119077',#7010,#7021,#7023,.F.);
#5963=FILL_AREA_STYLE('',(#7024));
#5964=EDGE_CURVE('419:154',#6728,#6738,#7025,.F.);
#5965=FILL_AREA_STYLE('',(#7026));
#5966=EDGE_CURVE('183:3812',#7027,#7027,#7028,.T.);
#5967=FILL_AREA_STYLE('',(#7029));
#5968=EDGE_CURVE('120:12059',#7030,#7031,#7032,.F.);
#5969=EDGE_CURVE('172:587',#7031,#7033,#7034,.F.);
#5970=EDGE_CURVE('120:11936',#7035,#7033,#7036,.F.);
#5971=EDGE_CURVE('120:11930',#7035,#7030,#7037,.F.);
#5972=FILL_AREA_STYLE('',(#7038));
#5973=EDGE_CURVE('120:12089',#7039,#7040,#7041,.T.);
#5974=EDGE_CURVE('410:1265',#7040,#7042,#7043,.T.);
#5975=EDGE_CURVE('120:12080',#7042,#7044,#7045,.T.);
#5976=EDGE_CURVE('415:64849',#7044,#7039,#7046,.T.);
#5977=FILL_AREA_STYLE('',(#7047));
#5978=EDGE_CURVE('415:64322',#7042,#7048,#7049,.F.);
#5979=EDGE_CURVE('410:1292',#7048,#6818,#7050,.F.);
#5980=EDGE_CURVE('120:12128',#6835,#7044,#7051,.F.);
#5981=FILL_AREA_STYLE('',(#7052));
#5982=EDGE_CURVE('410:1310',#6952,#7040,#7053,.F.);
#5983=EDGE_CURVE('415:64852',#7039,#6961,#7054,.F.);
#5984=FILL_AREA_STYLE('',(#7055));
#5985=EDGE_CURVE('120:12092',#6958,#6833,#7056,.T.);
#5986=FILL_AREA_STYLE('',(#7057));
#5987=EDGE_CURVE('172:590',#7033,#6924,#7058,.T.);
#5988=EDGE_CURVE('120:11951',#7059,#6925,#7060,.T.);
#5989=EDGE_CURVE('120:11312',#7059,#7061,#7062,.F.);
#5990=EDGE_CURVE('120:11855',#7063,#7061,#7064,.T.);
#5991=EDGE_CURVE('120:11315',#7063,#7065,#7066,.T.);
#5992=EDGE_CURVE('120:11945',#7065,#7035,#7067,.T.);
#5993=FILL_AREA_STYLE('',(#7068));
#5994=EDGE_CURVE('415:147443',#6977,#7063,#7069,.T.);
#5995=EDGE_CURVE('415:147431',#7065,#6975,#7070,.F.);
#5996=FILL_AREA_STYLE('',(#7071));
#5997=EDGE_CURVE('415:147446',#7061,#6869,#7072,.T.);
#5998=EDGE_CURVE('415:147440',#6871,#7059,#7073,.F.);
#5999=FILL_AREA_STYLE('',(#7074));
#6000=EDGE_CURVE('172:581',#6971,#7075,#7076,.F.);
#6001=EDGE_CURVE('120:12062',#7075,#7077,#7078,.T.);
#6002=EDGE_CURVE('120:11933',#7077,#6973,#7079,.F.);
#6003=FILL_AREA_STYLE('',(#7080));
#6004=EDGE_CURVE('120:11960',#7081,#7081,#7082,.F.);
#6005=EDGE_CURVE('120:11972',#7083,#7083,#7084,.F.);
#6006=FILL_AREA_STYLE('',(#7085));
#6007=EDGE_CURVE('120:12050',#7086,#7087,#7088,.T.);
#6008=EDGE_CURVE('172:599',#7087,#6841,#7089,.T.);
#6009=EDGE_CURVE('120:11756',#7086,#6842,#7090,.T.);
#6010=FILL_AREA_STYLE('',(#7091));
#6011=EDGE_CURVE('120:11966',#7092,#7092,#7093,.F.);
#6012=EDGE_CURVE('120:11978',#7094,#7094,#7095,.F.);
#6013=FILL_AREA_STYLE('',(#7096));
#6014=EDGE_CURVE('415:155729',#6927,#7087,#7097,.F.);
#6015=EDGE_CURVE('415:155580',#6929,#7086,#7098,.F.);
#6016=FILL_AREA_STYLE('',(#7099));
#6017=EDGE_CURVE('172:584',#7075,#7031,#7100,.F.);
#6018=EDGE_CURVE('415:155936',#7077,#7030,#7101,.F.);
#6019=FILL_AREA_STYLE('',(#7102));
#6020=EDGE_CURVE('120:11444',#7103,#7104,#7105,.F.);
#6021=EDGE_CURVE('120:11414',#7104,#7106,#7107,.T.);
#6022=EDGE_CURVE('120:11456',#7108,#7106,#7109,.T.);
#6023=EDGE_CURVE('120:11432',#7108,#7103,#7110,.F.);
#6024=FILL_AREA_STYLE('',(#7111));
#6025=EDGE_CURVE('415:159499',#7112,#7104,#7113,.T.);
#6026=EDGE_CURVE('120:11408',#7114,#7112,#7115,.F.);
#6027=EDGE_CURVE('415:159490',#7106,#7114,#7116,.T.);
#6028=FILL_AREA_STYLE('',(#7117));
#6029=EDGE_CURVE('415:159502',#7103,#7118,#7119,.T.);
#6030=EDGE_CURVE('415:159487',#7120,#7108,#7121,.T.);
#6031=EDGE_CURVE('120:11438',#7118,#7120,#7122,.T.);
#6032=FILL_AREA_STYLE('',(#7123));
#6033=EDGE_CURVE('120:12215',#7124,#7124,#7125,.T.);
#6034=EDGE_CURVE('120:12224',#7126,#7126,#7127,.T.);
#6035=FILL_AREA_STYLE('',(#7128));
#6036=EDGE_CURVE('120:12218',#7129,#7129,#7130,.T.);
#6037=EDGE_CURVE('120:12221',#7131,#7131,#7132,.F.);
#6038=FILL_AREA_STYLE('',(#7133));
#6039=EDGE_CURVE('120:12227',#7134,#7134,#7135,.T.);
#6040=EDGE_CURVE('120:12236',#7136,#7136,#7137,.T.);
#6041=FILL_AREA_STYLE('',(#7138));
#6042=EDGE_CURVE('120:12230',#7139,#7139,#7140,.T.);
#6043=EDGE_CURVE('120:12233',#7141,#7141,#7142,.F.);
#6044=FILL_AREA_STYLE('',(#7143));
#6045=FILL_AREA_STYLE('',(#7144));
#6046=FILL_AREA_STYLE('',(#7145));
#6047=FILL_AREA_STYLE('',(#7146));
#6048=FILL_AREA_STYLE('',(#7147));
#6049=EDGE_CURVE('120:12191',#7148,#7148,#7149,.T.);
#6050=EDGE_CURVE('120:12200',#7150,#7150,#7151,.T.);
#6051=FILL_AREA_STYLE('',(#7152));
#6052=EDGE_CURVE('120:12197',#7153,#7153,#7154,.F.);
#6053=FILL_AREA_STYLE('',(#7155));
#6054=EDGE_CURVE('120:12194',#7156,#7156,#7157,.T.);
#6055=FILL_AREA_STYLE('',(#7158));
#6056=FILL_AREA_STYLE('',(#7159));
#6057=EDGE_CURVE('120:12212',#7160,#7160,#7161,.T.);
#6058=EDGE_CURVE('120:12203',#7162,#7162,#7163,.T.);
#6059=FILL_AREA_STYLE('',(#7164));
#6060=EDGE_CURVE('120:12206',#7165,#7165,#7166,.F.);
#6061=FILL_AREA_STYLE('',(#7167));
#6062=EDGE_CURVE('120:12209',#7168,#7168,#7169,.T.);
#6063=FILL_AREA_STYLE('',(#7170));
#6064=FILL_AREA_STYLE('',(#7171));
#6065=EDGE_CURVE('120:11363',#7172,#7173,#7174,.T.);
#6066=EDGE_CURVE('120:12245',#7175,#7172,#7176,.F.);
#6067=EDGE_CURVE('120:11372',#7177,#7175,#7178,.T.);
#6068=EDGE_CURVE('120:12239',#7177,#7173,#7179,.F.);
#6069=FILL_AREA_STYLE('',(#7180));
#6070=EDGE_CURVE('120:11354',#7181,#7172,#7182,.T.);
#6071=EDGE_CURVE('120:11366',#7183,#7181,#7184,.T.);
#6072=EDGE_CURVE('120:12248',#7183,#7185,#7186,.F.);
#6073=EDGE_CURVE('120:11369',#7175,#7185,#7187,.T.);
#6074=FILL_AREA_STYLE('',(#7188));
#6075=EDGE_CURVE('120:11837',#7189,#7190,#7191,.T.);
#6076=EDGE_CURVE('120:11345',#7189,#7183,#7192,.T.);
#6077=EDGE_CURVE('120:11840',#7181,#7193,#7194,.T.);
#6078=EDGE_CURVE('120:12188',#7193,#7190,#7195,.T.);
#6079=FILL_AREA_STYLE('',(#7196));
#6080=EDGE_CURVE('120:12242',#7197,#7198,#7199,.T.);
#6081=EDGE_CURVE('120:11378',#7185,#7198,#7200,.T.);
#6082=EDGE_CURVE('120:11357',#7201,#7189,#7202,.T.);
#6083=EDGE_CURVE('120:11348',#7197,#7201,#7203,.T.);
#6084=FILL_AREA_STYLE('',(#7204));
#6085=EDGE_CURVE('120:11846',#7201,#7205,#7206,.T.);
#6086=EDGE_CURVE('120:11471',#7190,#7205,#7207,.T.);
#6087=FILL_AREA_STYLE('',(#7208));
#6088=EDGE_CURVE('120:11360',#7209,#7197,#7210,.T.);
#6089=EDGE_CURVE('120:11351',#7173,#7209,#7211,.T.);
#6090=EDGE_CURVE('120:11375',#7198,#7177,#7212,.T.);
#6091=FILL_AREA_STYLE('',(#7213));
#6092=EDGE_CURVE('120:11843',#7209,#7214,#7215,.T.);
#6093=EDGE_CURVE('120:11468',#7205,#7214,#7216,.T.);
#6094=FILL_AREA_STYLE('',(#7217));
#6095=EDGE_CURVE('120:11465',#7214,#7193,#7218,.T.);
#6096=FILL_AREA_STYLE('',(#7219));
#6097=EDGE_CURVE('416:11163',#7220,#7221,#7222,.T.);
#6098=EDGE_CURVE('416:6729',#7220,#7223,#7224,.T.);
#6099=EDGE_CURVE('120:11462',#7225,#7223,#7226,.T.);
#6100=EDGE_CURVE('412:55677',#7225,#7221,#7227,.F.);
#6101=FILL_AREA_STYLE('',(#7228));
#6102=EDGE_CURVE('416:8490',#7221,#7229,#7230,.T.);
#6103=EDGE_CURVE('416:8484',#7231,#7225,#7232,.T.);
#6104=EDGE_CURVE('416:6882',#7229,#7231,#7233,.T.);
#6105=FILL_AREA_STYLE('',(#7234));
#6106=EDGE_CURVE('419:441',#6711,#7235,#7236,.F.);
#6107=EDGE_CURVE('164:7392',#7237,#7235,#7238,.T.);
#6108=EDGE_CURVE('120:11537',#6706,#7237,#7239,.F.);
#6109=FILL_AREA_STYLE('',(#7240));
#6110=EDGE_CURVE('419:435',#7235,#7241,#7242,.T.);
#6111=EDGE_CURVE('419:21339',#7243,#7241,#7244,.F.);
#6112=EDGE_CURVE('419:21346',#7237,#7243,#7245,.T.);
#6113=FILL_AREA_STYLE('',(#7246));
#6114=EDGE_CURVE('420:1249',#6707,#7243,#7247,.T.);
#6115=EDGE_CURVE('120:11528',#7248,#7248,#7249,.T.);
#6116=FILL_AREA_STYLE('',(#7250));
#6117=EDGE_CURVE('120:11531',#7251,#7251,#7252,.T.);
#6118=FILL_AREA_STYLE('',(#7253));
#6119=EDGE_CURVE('164:7225',#7254,#7255,#7256,.F.);
#6120=EDGE_CURVE('419:615',#7254,#6850,#7257,.T.);
#6121=EDGE_CURVE('164:7256',#7255,#6848,#7258,.T.);
#6122=FILL_AREA_STYLE('',(#7259));
#6123=EDGE_CURVE('164:7222',#7260,#7261,#7262,.F.);
#6124=EDGE_CURVE('419:630',#7260,#7254,#7263,.F.);
#6125=EDGE_CURVE('120:11534',#7261,#7255,#7264,.T.);
#6126=FILL_AREA_STYLE('',(#7265));
#6127=EDGE_CURVE('120:11522',#7266,#7266,#7267,.T.);
#6128=EDGE_CURVE('164:7241',#6846,#7261,#7268,.T.);
#6129=FILL_AREA_STYLE('',(#7269));
#6130=EDGE_CURVE('120:11525',#7270,#7270,#7271,.T.);
#6131=FILL_AREA_STYLE('',(#7272));
#6132=FILL_AREA_STYLE('',(#7273));
#6133=EDGE_CURVE('419:633',#6844,#7260,#7274,.T.);
#6134=FILL_AREA_STYLE('',(#7275));
#6135=FILL_AREA_STYLE('',(#7276));
#6136=EDGE_CURVE('419:148',#6988,#7277,#7278,.T.);
#6137=EDGE_CURVE('120:11990',#7277,#7279,#7280,.T.);
#6138=EDGE_CURVE('120:11729',#6990,#7279,#7281,.T.);
#6139=FILL_AREA_STYLE('',(#7282));
#6140=EDGE_CURVE('419:139',#7277,#7283,#7284,.F.);
#6141=EDGE_CURVE('120:11987',#7285,#7283,#7286,.F.);
#6142=EDGE_CURVE('120:11984',#7279,#7285,#7287,.F.);
#6143=FILL_AREA_STYLE('',(#7288));
#6144=EDGE_CURVE('419:133',#7283,#6994,#7289,.T.);
#6145=EDGE_CURVE('120:11732',#7285,#6992,#7290,.T.);
#6146=FILL_AREA_STYLE('',(#7291));
#6147=EDGE_CURVE('120:11963',#7292,#7292,#7293,.F.);
#6148=EDGE_CURVE('120:11975',#7294,#7294,#7295,.F.);
#6149=FILL_AREA_STYLE('',(#7296));
#6150=EDGE_CURVE('120:11993',#7297,#7298,#7299,.T.);
#6151=EDGE_CURVE('419:825',#7297,#7300,#7301,.F.);
#6152=EDGE_CURVE('120:11999',#7302,#7300,#7303,.F.);
#6153=EDGE_CURVE('120:11996',#7298,#7302,#7304,.F.);
#6154=FILL_AREA_STYLE('',(#7305));
#6155=EDGE_CURVE('419:810',#7300,#6858,#7306,.T.);
#6156=EDGE_CURVE('120:11738',#6856,#7302,#7307,.T.);
#6157=FILL_AREA_STYLE('',(#7308));
#6158=EDGE_CURVE('120:11969',#7309,#7309,#7310,.F.);
#6159=EDGE_CURVE('120:11981',#7311,#7311,#7312,.F.);
#6160=FILL_AREA_STYLE('',(#7313));
#6161=EDGE_CURVE('419:828',#6852,#7297,#7314,.T.);
#6162=EDGE_CURVE('120:11747',#7298,#6854,#7315,.T.);
#6163=FILL_AREA_STYLE('',(#7316));
#6164=EDGE_CURVE('419:786',#7300,#7317,#7318,.T.);
#6165=EDGE_CURVE('419:822',#6882,#7317,#7319,.T.);
#6166=FILL_AREA_STYLE('',(#7320));
#6167=EDGE_CURVE('419:795',#7297,#7321,#7322,.T.);
#6168=EDGE_CURVE('419:819',#7317,#7321,#7323,.T.);
#6169=FILL_AREA_STYLE('',(#7324));
#6170=EDGE_CURVE('419:816',#7321,#6895,#7325,.T.);
#6171=FILL_AREA_STYLE('',(#7326));
#6172=EDGE_CURVE('419:979',#6732,#7327,#7328,.T.);
#6173=EDGE_CURVE('419:1015',#6876,#7327,#7329,.T.);
#6174=FILL_AREA_STYLE('',(#7330));
#6175=EDGE_CURVE('419:994',#6746,#7331,#7332,.T.);
#6176=EDGE_CURVE('419:1012',#7327,#7331,#7333,.T.);
#6177=FILL_AREA_STYLE('',(#7334));
#6178=EDGE_CURVE('419:1009',#7331,#6881,#7335,.T.);
#6179=FILL_AREA_STYLE('',(#7336));
#6180=EDGE_CURVE('419:591',#7254,#7337,#7338,.T.);
#6181=EDGE_CURVE('419:627',#6893,#7337,#7339,.T.);
#6182=FILL_AREA_STYLE('',(#7340));
#6183=EDGE_CURVE('419:600',#7260,#7341,#7342,.T.);
#6184=EDGE_CURVE('419:624',#7337,#7341,#7343,.T.);
#6185=FILL_AREA_STYLE('',(#7344));
#6186=EDGE_CURVE('419:2071',#6844,#7345,#7346,.F.);
#6187=EDGE_CURVE('419:621',#7341,#7345,#7347,.T.);
#6188=FILL_AREA_STYLE('',(#7348));
#6189=EDGE_CURVE('419:2215',#6841,#7349,#7350,.F.);
#6190=EDGE_CURVE('172:494',#7345,#7349,#7351,.T.);
#6191=FILL_AREA_STYLE('',(#7352));
#6192=EDGE_CURVE('415:97551',#7087,#7353,#7354,.T.);
#6193=EDGE_CURVE('172:497',#7349,#7353,#7355,.T.);
#6194=FILL_AREA_STYLE('',(#7356));
#6195=EDGE_CURVE('415:97560',#6927,#7357,#7358,.T.);
#6196=EDGE_CURVE('415:154630',#7353,#7357,#7359,.T.);
#6197=FILL_AREA_STYLE('',(#7360));
#6198=EDGE_CURVE('419:2461',#6924,#7361,#7362,.F.);
#6199=EDGE_CURVE('172:503',#7357,#7361,#7363,.T.);
#6200=FILL_AREA_STYLE('',(#7364));
#6201=EDGE_CURVE('419:3746',#7033,#7365,#7366,.F.);
#6202=EDGE_CURVE('172:506',#7361,#7365,#7367,.T.);
#6203=FILL_AREA_STYLE('',(#7368));
#6204=EDGE_CURVE('172:545',#7369,#7370,#7371,.T.);
#6205=EDGE_CURVE('419:5329',#7369,#6985,#7372,.F.);
#6206=EDGE_CURVE('172:551',#7019,#6985,#7373,.T.);
#6207=EDGE_CURVE('415:118667',#7019,#7370,#7374,.T.);
#6208=FILL_AREA_STYLE('',(#7375));
#6209=EDGE_CURVE('415:118676',#7008,#7376,#7377,.T.);
#6210=EDGE_CURVE('415:118697',#7370,#7376,#7378,.T.);
#6211=FILL_AREA_STYLE('',(#7379));
#6212=EDGE_CURVE('419:3065',#7005,#7380,#7381,.F.);
#6213=EDGE_CURVE('172:455',#7376,#7380,#7382,.T.);
#6214=FILL_AREA_STYLE('',(#7383));
#6215=EDGE_CURVE('412:57137',#6907,#7005,#7384,.T.);
#6216=EDGE_CURVE('419:3380',#6907,#7385,#7386,.F.);
#6217=EDGE_CURVE('419:3044',#6762,#7385,#7387,.T.);
#6218=EDGE_CURVE('412:57146',#7380,#6773,#7388,.T.);
#6219=FILL_AREA_STYLE('',(#7389));
#6220=EDGE_CURVE('172:467',#7390,#6875,#7391,.T.);
#6221=EDGE_CURVE('415:93442',#7390,#6918,#7392,.T.);
#6222=EDGE_CURVE('172:629',#6861,#6918,#7393,.T.);
#6223=FILL_AREA_STYLE('',(#7394));
#6224=EDGE_CURVE('415:93433',#7395,#6905,#7396,.T.);
#6225=EDGE_CURVE('415:93463',#7395,#7390,#7397,.T.);
#6226=FILL_AREA_STYLE('',(#7398));
#6227=EDGE_CURVE('172:461',#7385,#7395,#7399,.T.);
#6228=FILL_AREA_STYLE('',(#7400));
#6229=EDGE_CURVE('419:4023',#6971,#7401,#7402,.F.);
#6230=EDGE_CURVE('172:515',#7403,#7401,#7404,.T.);
#6231=EDGE_CURVE('415:124185',#7403,#7075,#7405,.T.);
#6232=FILL_AREA_STYLE('',(#7406));
#6233=EDGE_CURVE('172:377',#7407,#7031,#7408,.T.);
#6234=EDGE_CURVE('415:156062',#7407,#7403,#7409,.T.);
#6235=FILL_AREA_STYLE('',(#7410));
#6236=EDGE_CURVE('172:509',#7365,#7407,#7411,.T.);
#6237=FILL_AREA_STYLE('',(#7412));
#6238=EDGE_CURVE('172:518',#7401,#6664,#7413,.T.);
#6239=FILL_AREA_STYLE('',(#7414));
#6240=EDGE_CURVE('420:50',#6709,#7415,#7416,.F.);
#6241=EDGE_CURVE('419:426',#7417,#7415,#7418,.T.);
#6242=EDGE_CURVE('419:411',#7417,#6711,#7419,.T.);
#6243=FILL_AREA_STYLE('',(#7420));
#6244=EDGE_CURVE('419:396',#7421,#7235,#7422,.T.);
#6245=EDGE_CURVE('419:429',#7421,#7417,#7423,.T.);
#6246=FILL_AREA_STYLE('',(#7424));
#6247=EDGE_CURVE('419:432',#7425,#7421,#7426,.T.);
#6248=EDGE_CURVE('420:803',#7425,#7241,#7427,.T.);
#6249=FILL_AREA_STYLE('',(#7428));
#6250=EDGE_CURVE('419:8545',#6649,#7429,#7430,.T.);
#6251=EDGE_CURVE('419:4787',#6994,#7429,#7431,.F.);
#6252=FILL_AREA_STYLE('',(#7432));
#6253=EDGE_CURVE('419:55',#7283,#7433,#7434,.T.);
#6254=EDGE_CURVE('419:130',#7429,#7433,#7435,.T.);
#6255=FILL_AREA_STYLE('',(#7436));
#6256=EDGE_CURVE('419:70',#7277,#7437,#7438,.T.);
#6257=EDGE_CURVE('419:127',#7433,#7437,#7439,.T.);
#6258=FILL_AREA_STYLE('',(#7440));
#6259=EDGE_CURVE('419:5080',#6988,#7441,#7442,.F.);
#6260=EDGE_CURVE('419:124',#7437,#7441,#7443,.T.);
#6261=FILL_AREA_STYLE('',(#7444));
#6262=EDGE_CURVE('419:5493',#6740,#7445,#7446,.T.);
#6263=EDGE_CURVE('184:644',#7441,#7445,#7447,.T.);
#6264=FILL_AREA_STYLE('',(#7448));
#6265=EDGE_CURVE('184:659',#7449,#7369,#7450,.T.);
#6266=EDGE_CURVE('419:5484',#7449,#6726,#7451,.F.);
#6267=FILL_AREA_STYLE('',(#7452));
#6268=EDGE_CURVE('419:115',#7453,#7449,#7454,.T.);
#6269=EDGE_CURVE('419:100',#7453,#6728,#7455,.T.);
#6270=FILL_AREA_STYLE('',(#7456));
#6271=EDGE_CURVE('419:85',#7457,#6738,#7458,.T.);
#6272=EDGE_CURVE('419:118',#7457,#7453,#7459,.T.);
#6273=FILL_AREA_STYLE('',(#7460));
#6274=EDGE_CURVE('419:121',#7445,#7457,#7461,.T.);
#6275=FILL_AREA_STYLE('',(#7462));
#6276=EDGE_CURVE('420:47',#6641,#6709,#7463,.T.);
#6277=EDGE_CURVE('420:800',#7241,#6653,#7464,.T.);
#6278=EDGE_CURVE('419:7288',#6654,#6643,#7465,.T.);
#6279=FILL_AREA_STYLE('',(#7466));
#6280=EDGE_CURVE('420:56',#7415,#6647,#7467,.T.);
#6281=FILL_AREA_STYLE('',(#7468));
#6282=EDGE_CURVE('420:794',#6662,#7425,#7469,.T.);
#6283=FILL_AREA_STYLE('',(#7470));
#6284=EDGE_CURVE('410:1280',#7471,#7472,#7473,.T.);
#6285=EDGE_CURVE('410:1283',#7472,#7474,#7475,.T.);
#6286=EDGE_CURVE('410:1289',#7474,#7476,#7477,.T.);
#6287=EDGE_CURVE('410:1268',#7476,#7478,#7479,.T.);
#6288=EDGE_CURVE('410:1271',#7478,#7480,#7481,.T.);
#6289=EDGE_CURVE('410:1277',#7480,#7471,#7482,.T.);
#6290=EDGE_CURVE('120:11723',#6887,#6999,#7483,.T.);
#6291=FILL_AREA_STYLE('',(#7484));
#6292=EDGE_CURVE('410:1208',#7474,#7048,#7485,.T.);
#6293=EDGE_CURVE('410:1199',#7040,#7476,#7486,.T.);
#6294=FILL_AREA_STYLE('',(#7487));
#6295=EDGE_CURVE('410:1217',#6952,#7478,#7488,.T.);
#6296=FILL_AREA_STYLE('',(#7489));
#6297=EDGE_CURVE('410:1235',#6967,#7480,#7490,.T.);
#6298=FILL_AREA_STYLE('',(#7491));
#6299=EDGE_CURVE('410:1226',#7472,#6820,#7492,.T.);
#6300=FILL_AREA_STYLE('',(#7493));
#6301=EDGE_CURVE('410:1244',#7471,#6828,#7494,.T.);
#6302=FILL_AREA_STYLE('',(#7495));
#6303=EDGE_CURVE('410:1301',#6828,#6965,#7496,.T.);
#6304=FILL_AREA_STYLE('',(#7497));
#6305=FILL_AREA_STYLE('',(#7498));
#6306=EDGE_CURVE('120:11639',#6919,#6863,#7499,.T.);
#6307=EDGE_CURVE('120:11666',#6889,#6909,#7500,.T.);
#6308=FILL_AREA_STYLE('',(#7501));
#6309=FILL_AREA_STYLE('',(#7502));
#6310=FILL_AREA_STYLE('',(#7503));
#6311=FILL_AREA_STYLE('',(#7504));
#6312=FILL_AREA_STYLE('',(#7505));
#6313=FILL_AREA_STYLE('',(#7506));
#6314=FILL_AREA_STYLE('',(#7507));
#6315=EDGE_CURVE('120:11198',#6601,#6934,#7508,.T.);
#6316=EDGE_CURVE('120:11183',#6933,#6603,#7509,.T.);
#6317=FILL_AREA_STYLE('',(#7510));
#6318=EDGE_CURVE('120:11186',#6605,#6946,#7511,.T.);
#6319=FILL_AREA_STYLE('',(#7512));
#6320=EDGE_CURVE('120:11159',#6944,#6607,#7513,.T.);
#6321=FILL_AREA_STYLE('',(#7514));
#6322=EDGE_CURVE('120:11162',#6595,#6942,#7515,.T.);
#6323=FILL_AREA_STYLE('',(#7516));
#6324=EDGE_CURVE('120:11171',#6940,#6594,#7517,.T.);
#6325=FILL_AREA_STYLE('',(#7518));
#6326=EDGE_CURVE('120:11174',#6597,#6938,#7519,.T.);
#6327=FILL_AREA_STYLE('',(#7520));
#6328=EDGE_CURVE('120:11195',#6936,#6599,#7521,.T.);
#6329=FILL_AREA_STYLE('',(#7522));
#6330=EDGE_CURVE('120:11762',#7523,#7523,#7524,.T.);
#6331=EDGE_CURVE('120:11774',#7525,#7526,#7527,.F.);
#6332=EDGE_CURVE('120:11765',#7526,#7528,#7529,.T.);
#6333=EDGE_CURVE('120:11768',#7528,#7530,#7531,.T.);
#6334=EDGE_CURVE('120:11771',#7530,#7525,#7532,.T.);
#6335=EDGE_CURVE('120:11786',#7533,#7534,#7535,.F.);
#6336=EDGE_CURVE('120:11777',#7534,#7536,#7537,.T.);
#6337=EDGE_CURVE('120:11780',#7536,#7538,#7539,.T.);
#6338=EDGE_CURVE('120:11783',#7538,#7533,#7540,.T.);
#6339=EDGE_CURVE('120:11798',#7541,#7542,#7543,.F.);
#6340=EDGE_CURVE('120:11789',#7542,#7544,#7545,.T.);
#6341=EDGE_CURVE('120:11792',#7544,#7546,#7547,.T.);
#6342=EDGE_CURVE('120:11795',#7546,#7541,#7548,.T.);
#6343=EDGE_CURVE('120:11810',#7549,#7550,#7551,.T.);
#6344=EDGE_CURVE('120:11801',#7550,#7552,#7553,.T.);
#6345=EDGE_CURVE('120:11804',#7552,#7554,#7555,.T.);
#6346=EDGE_CURVE('120:11807',#7554,#7549,#7556,.F.);
#6347=EDGE_CURVE('120:11822',#7557,#7558,#7559,.T.);
#6348=EDGE_CURVE('120:11813',#7558,#7560,#7561,.T.);
#6349=EDGE_CURVE('120:11816',#7560,#7562,#7563,.T.);
#6350=EDGE_CURVE('120:11819',#7562,#7557,#7564,.F.);
#6351=EDGE_CURVE('120:11834',#7565,#7566,#7567,.T.);
#6352=EDGE_CURVE('120:11825',#7566,#7568,#7569,.T.);
#6353=EDGE_CURVE('120:11828',#7568,#7570,#7571,.T.);
#6354=EDGE_CURVE('120:11831',#7570,#7565,#7572,.F.);
#6355=FILL_AREA_STYLE('',(#7573));
#6356=EDGE_CURVE('120:11924',#7530,#7574,#7575,.F.);
#6357=EDGE_CURVE('120:11618',#7574,#7576,#7577,.F.);
#6358=EDGE_CURVE('120:11921',#7525,#7576,#7578,.F.);
#6359=FILL_AREA_STYLE('',(#7579));
#6360=EDGE_CURVE('120:11609',#7576,#7580,#7581,.T.);
#6361=EDGE_CURVE('120:11918',#7526,#7580,#7582,.F.);
#6362=FILL_AREA_STYLE('',(#7583));
#6363=EDGE_CURVE('120:11915',#7536,#7584,#7585,.F.);
#6364=EDGE_CURVE('120:11603',#7584,#7586,#7587,.F.);
#6365=EDGE_CURVE('120:11912',#7538,#7586,#7588,.F.);
#6366=FILL_AREA_STYLE('',(#7589));
#6367=EDGE_CURVE('120:11906',#7534,#7590,#7591,.F.);
#6368=EDGE_CURVE('120:11600',#7590,#7584,#7592,.F.);
#6369=FILL_AREA_STYLE('',(#7593));
#6370=EDGE_CURVE('120:11606',#7586,#7594,#7595,.F.);
#6371=EDGE_CURVE('120:11909',#7533,#7594,#7596,.F.);
#6372=FILL_AREA_STYLE('',(#7597));
#6373=EDGE_CURVE('120:11597',#7594,#7590,#7598,.T.);
#6374=FILL_AREA_STYLE('',(#7599));
#6375=EDGE_CURVE('120:11903',#7544,#7600,#7601,.F.);
#6376=EDGE_CURVE('120:11591',#7600,#7602,#7603,.F.);
#6377=EDGE_CURVE('120:11900',#7546,#7602,#7604,.F.);
#6378=FILL_AREA_STYLE('',(#7605));
#6379=EDGE_CURVE('120:11894',#7542,#7606,#7607,.F.);
#6380=EDGE_CURVE('120:11588',#7606,#7600,#7608,.F.);
#6381=FILL_AREA_STYLE('',(#7609));
#6382=EDGE_CURVE('120:11594',#7602,#7610,#7611,.F.);
#6383=EDGE_CURVE('120:11897',#7541,#7610,#7612,.F.);
#6384=FILL_AREA_STYLE('',(#7613));
#6385=EDGE_CURVE('120:11585',#7610,#7606,#7614,.T.);
#6386=FILL_AREA_STYLE('',(#7615));
#6387=EDGE_CURVE('120:11621',#7616,#7616,#7617,.F.);
#6388=FILL_AREA_STYLE('',(#7618));
#6389=EDGE_CURVE('120:11888',#7554,#7619,#7620,.F.);
#6390=EDGE_CURVE('120:11582',#7619,#7621,#7622,.T.);
#6391=EDGE_CURVE('120:11885',#7549,#7621,#7623,.F.);
#6392=FILL_AREA_STYLE('',(#7624));
#6393=EDGE_CURVE('120:11891',#7552,#7625,#7626,.F.);
#6394=EDGE_CURVE('120:11579',#7625,#7619,#7627,.F.);
#6395=FILL_AREA_STYLE('',(#7628));
#6396=EDGE_CURVE('120:11573',#7621,#7629,#7630,.F.);
#6397=EDGE_CURVE('120:11882',#7550,#7629,#7631,.F.);
#6398=FILL_AREA_STYLE('',(#7632));
#6399=EDGE_CURVE('120:11576',#7629,#7625,#7633,.F.);
#6400=FILL_AREA_STYLE('',(#7634));
#6401=EDGE_CURVE('120:11876',#7562,#7635,#7636,.F.);
#6402=EDGE_CURVE('120:11570',#7635,#7637,#7638,.T.);
#6403=EDGE_CURVE('120:11873',#7557,#7637,#7639,.F.);
#6404=FILL_AREA_STYLE('',(#7640));
#6405=EDGE_CURVE('120:11879',#7560,#7641,#7642,.F.);
#6406=EDGE_CURVE('120:11567',#7641,#7635,#7643,.F.);
#6407=FILL_AREA_STYLE('',(#7644));
#6408=EDGE_CURVE('120:11561',#7637,#7645,#7646,.F.);
#6409=EDGE_CURVE('120:11870',#7558,#7645,#7647,.F.);
#6410=FILL_AREA_STYLE('',(#7648));
#6411=EDGE_CURVE('120:11564',#7645,#7641,#7649,.F.);
#6412=FILL_AREA_STYLE('',(#7650));
#6413=EDGE_CURVE('120:11864',#7570,#7651,#7652,.F.);
#6414=EDGE_CURVE('120:11558',#7651,#7653,#7654,.T.);
#6415=EDGE_CURVE('120:11861',#7565,#7653,#7655,.F.);
#6416=FILL_AREA_STYLE('',(#7656));
#6417=EDGE_CURVE('120:11867',#7568,#7657,#7658,.F.);
#6418=EDGE_CURVE('120:11555',#7657,#7651,#7659,.F.);
#6419=FILL_AREA_STYLE('',(#7660));
#6420=EDGE_CURVE('120:12047',#7653,#7661,#7662,.F.);
#6421=EDGE_CURVE('120:11858',#7566,#7661,#7663,.F.);
#6422=FILL_AREA_STYLE('',(#7664));
#6423=EDGE_CURVE('120:11552',#7661,#7657,#7665,.F.);
#6424=FILL_AREA_STYLE('',(#7666));
#6425=EDGE_CURVE('120:11612',#7580,#7667,#7668,.F.);
#6426=EDGE_CURVE('120:11927',#7528,#7667,#7669,.F.);
#6427=FILL_AREA_STYLE('',(#7670));
#6428=EDGE_CURVE('120:11615',#7667,#7574,#7671,.F.);
#6429=FILL_AREA_STYLE('',(#7672));
#6430=FILL_AREA_STYLE('',(#7673));
#6431=EDGE_CURVE('120:11684',#7021,#6983,#7674,.T.);
#6432=EDGE_CURVE('120:11678',#7001,#7006,#7675,.T.);
#6433=FILL_AREA_STYLE('',(#7676));
#6434=FILL_AREA_STYLE('',(#7677));
#6435=FILL_AREA_STYLE('',(#7678));
#6436=FILL_AREA_STYLE('',(#7679));
#6437=FILL_AREA_STYLE('',(#7680));
#6438=EDGE_CURVE('120:11459',#7114,#7231,#7681,.T.);
#6439=EDGE_CURVE('120:11453',#7223,#7120,#7682,.T.);
#6440=FILL_AREA_STYLE('',(#7683));
#6441=EDGE_CURVE('171:11511',#6583,#6570,#7684,.T.);
#6442=FILL_AREA_STYLE('',(#7685));
#6443=FILL_AREA_STYLE('',(#7686));
#6444=FILL_AREA_STYLE('',(#7687));
#6445=FILL_AREA_STYLE('',(#7688));
#6446=EDGE_CURVE('416:6742',#7220,#7118,#7689,.F.);
#6447=EDGE_CURVE('416:6709',#7112,#7229,#7690,.F.);
#6448=FILL_AREA_STYLE('',(#7691));
#6449=FILL_AREA_STYLE('',(#7692));
#6450=FILL_AREA_STYLE('',(#7693));
#6451=FILL_AREA_STYLE('',(#7694));
#6452=FILL_AREA_STYLE('',(#7695));
#6453=FILL_AREA_STYLE('',(#7696));
#6454=FILL_AREA_STYLE('',(#7697));
#6455=FILL_AREA_STYLE('',(#7698));
#6456=EDGE_CURVE('8:40147',#7699,#7700,#7701,.F.);
#6457=EDGE_CURVE('8:40141',#7700,#7702,#7703,.F.);
#6458=EDGE_CURVE('8:40135',#7702,#7704,#7705,.F.);
#6459=EDGE_CURVE('8:40153',#7704,#7699,#7706,.F.);
#6460=FILL_AREA_STYLE('',(#7707));
#6461=EDGE_CURVE('8:40156',#7708,#7704,#7709,.T.);
#6462=EDGE_CURVE('157:22584',#7708,#7710,#7711,.T.);
#6463=EDGE_CURVE('8:40150',#7710,#7699,#7712,.T.);
#6464=FILL_AREA_STYLE('',(#7713));
#6465=EDGE_CURVE('157:22587',#7710,#7714,#7715,.T.);
#6466=EDGE_CURVE('8:40144',#7714,#7700,#7716,.T.);
#6467=FILL_AREA_STYLE('',(#7717));
#6468=EDGE_CURVE('23:8320',#7714,#7718,#7719,.T.);
#6469=EDGE_CURVE('8:40138',#7718,#7702,#7720,.T.);
#6470=FILL_AREA_STYLE('',(#7721));
#6471=EDGE_CURVE('157:22581',#7718,#7708,#7722,.T.);
#6472=FILL_AREA_STYLE('',(#7723));
#6473=FILL_AREA_STYLE('',(#7724));
#6474=EDGE_CURVE('8:40495',#7725,#7726,#7727,.T.);
#6475=EDGE_CURVE('157:22524',#7725,#7728,#7729,.T.);
#6476=EDGE_CURVE('8:40489',#7728,#7730,#7731,.T.);
#6477=EDGE_CURVE('8:40492',#7726,#7730,#7732,.F.);
#6478=FILL_AREA_STYLE('',(#7733));
#6479=EDGE_CURVE('8:40507',#7734,#7735,#7736,.T.);
#6480=EDGE_CURVE('157:22518',#7734,#7737,#7738,.T.);
#6481=EDGE_CURVE('8:40501',#7737,#7739,#7740,.T.);
#6482=EDGE_CURVE('8:40504',#7735,#7739,#7741,.F.);
#6483=FILL_AREA_STYLE('',(#7742));
#6484=EDGE_CURVE('8:40486',#7730,#7735,#7743,.F.);
#6485=EDGE_CURVE('8:40498',#7739,#7726,#7744,.F.);
#6486=FILL_AREA_STYLE('',(#7745));
#6487=EDGE_CURVE('23:8257',#7728,#7734,#7746,.T.);
#6488=FILL_AREA_STYLE('',(#7747));
#6489=EDGE_CURVE('157:22521',#7737,#7725,#7748,.T.);
#6490=FILL_AREA_STYLE('',(#7749));
#6491=FILL_AREA_STYLE('',(#7750));
#6492=EDGE_CURVE('8:40430',#7751,#7752,#7753,.T.);
#6493=EDGE_CURVE('157:22536',#7751,#7754,#7755,.T.);
#6494=EDGE_CURVE('8:40424',#7754,#7756,#7757,.T.);
#6495=EDGE_CURVE('8:40427',#7752,#7756,#7758,.F.);
#6496=FILL_AREA_STYLE('',(#7759));
#6497=EDGE_CURVE('8:40442',#7760,#7761,#7762,.T.);
#6498=EDGE_CURVE('157:22530',#7760,#7763,#7764,.T.);
#6499=EDGE_CURVE('8:40436',#7763,#7765,#7766,.T.);
#6500=EDGE_CURVE('8:40439',#7761,#7765,#7767,.F.);
#6501=FILL_AREA_STYLE('',(#7768));
#6502=EDGE_CURVE('8:40421',#7756,#7761,#7769,.F.);
#6503=EDGE_CURVE('8:40433',#7765,#7752,#7770,.F.);
#6504=FILL_AREA_STYLE('',(#7771));
#6505=EDGE_CURVE('23:8269',#7754,#7760,#7772,.T.);
#6506=FILL_AREA_STYLE('',(#7773));
#6507=EDGE_CURVE('157:22533',#7763,#7751,#7774,.T.);
#6508=FILL_AREA_STYLE('',(#7775));
#6509=FILL_AREA_STYLE('',(#7776));
#6510=EDGE_CURVE('8:40365',#7777,#7778,#7779,.T.);
#6511=EDGE_CURVE('157:22548',#7777,#7780,#7781,.T.);
#6512=EDGE_CURVE('8:40359',#7780,#7782,#7783,.T.);
#6513=EDGE_CURVE('8:40362',#7778,#7782,#7784,.F.);
#6514=FILL_AREA_STYLE('',(#7785));
#6515=EDGE_CURVE('8:40377',#7786,#7787,#7788,.T.);
#6516=EDGE_CURVE('157:22542',#7786,#7789,#7790,.T.);
#6517=EDGE_CURVE('8:40371',#7789,#7791,#7792,.T.);
#6518=EDGE_CURVE('8:40374',#7787,#7791,#7793,.F.);
#6519=FILL_AREA_STYLE('',(#7794));
#6520=EDGE_CURVE('8:40356',#7782,#7787,#7795,.F.);
#6521=EDGE_CURVE('8:40368',#7791,#7778,#7796,.F.);
#6522=FILL_AREA_STYLE('',(#7797));
#6523=EDGE_CURVE('23:8281',#7780,#7786,#7798,.T.);
#6524=FILL_AREA_STYLE('',(#7799));
#6525=EDGE_CURVE('157:22545',#7789,#7777,#7800,.T.);
#6526=FILL_AREA_STYLE('',(#7801));
#6527=FILL_AREA_STYLE('',(#7802));
#6528=EDGE_CURVE('157:22551',#7803,#7803,#7804,.F.);
#6529=FILL_AREA_STYLE('',(#7805));
#6530=EDGE_CURVE('8:40321',#7806,#7806,#7807,.F.);
#6531=FILL_AREA_STYLE('',(#7808));
#6532=FILL_AREA_STYLE('',(#7809));
#6533=EDGE_CURVE('8:40277',#7810,#7811,#7812,.F.);
#6534=EDGE_CURVE('8:40271',#7811,#7813,#7814,.F.);
#6535=EDGE_CURVE('8:40265',#7813,#7815,#7816,.F.);
#6536=EDGE_CURVE('8:40283',#7815,#7810,#7817,.F.);
#6537=FILL_AREA_STYLE('',(#7818));
#6538=EDGE_CURVE('8:40274',#7819,#7811,#7820,.T.);
#6539=EDGE_CURVE('23:8296',#7819,#7821,#7822,.T.);
#6540=EDGE_CURVE('8:40268',#7821,#7813,#7823,.T.);
#6541=FILL_AREA_STYLE('',(#7824));
#6542=EDGE_CURVE('8:40286',#7825,#7815,#7826,.T.);
#6543=EDGE_CURVE('157:22560',#7825,#7827,#7828,.T.);
#6544=EDGE_CURVE('8:40280',#7827,#7810,#7829,.T.);
#6545=FILL_AREA_STYLE('',(#7830));
#6546=EDGE_CURVE('157:22563',#7827,#7819,#7831,.T.);
#6547=FILL_AREA_STYLE('',(#7832));
#6548=EDGE_CURVE('157:22557',#7821,#7825,#7833,.T.);
#6549=FILL_AREA_STYLE('',(#7834));
#6550=FILL_AREA_STYLE('',(#7835));
#6551=EDGE_CURVE('8:40212',#7836,#7837,#7838,.F.);
#6552=EDGE_CURVE('8:40206',#7837,#7839,#7840,.F.);
#6553=EDGE_CURVE('8:40200',#7839,#7841,#7842,.F.);
#6554=EDGE_CURVE('8:40218',#7841,#7836,#7843,.F.);
#6555=FILL_AREA_STYLE('',(#7844));
#6556=EDGE_CURVE('8:40209',#7845,#7837,#7846,.T.);
#6557=EDGE_CURVE('23:8308',#7845,#7847,#7848,.T.);
#6558=EDGE_CURVE('8:40203',#7847,#7839,#7849,.T.);
#6559=FILL_AREA_STYLE('',(#7850));
#6560=EDGE_CURVE('8:40221',#7851,#7841,#7852,.T.);
#6561=EDGE_CURVE('157:22572',#7851,#7853,#7854,.T.);
#6562=EDGE_CURVE('8:40215',#7853,#7836,#7855,.T.);
#6563=FILL_AREA_STYLE('',(#7856));
#6564=EDGE_CURVE('157:22575',#7853,#7845,#7857,.T.);
#6565=FILL_AREA_STYLE('',(#7858));
#6566=EDGE_CURVE('157:22569',#7847,#7851,#7859,.T.);
#6567=FILL_AREA_STYLE('',(#7860));
#6568=FILL_AREA_STYLE_COLOUR('',#7861);
#6569=VERTEX_POINT('',#7862);
#6570=VERTEX_POINT('',#7863);
#6571=CIRCLE('',#7864,0.00195);
#6572=VERTEX_POINT('',#7865);
#6573=LINE('',#7866,#7867);
#6574=VERTEX_POINT('',#7868);
#6575=CIRCLE('',#7869,0.00195);
#6576=LINE('',#7870,#7871);
#6577=FILL_AREA_STYLE_COLOUR('',#7872);
#6578=VERTEX_POINT('',#7873);
#6579=CIRCLE('',#7874,0.0014);
#6580=VERTEX_POINT('',#7875);
#6581=CIRCLE('',#7876,0.0014);
#6582=FILL_AREA_STYLE_COLOUR('',#7877);
#6583=VERTEX_POINT('',#7878);
#6584=VERTEX_POINT('',#7879);
#6585=CIRCLE('',#7880,0.00195);
#6586=VERTEX_POINT('',#7881);
#6587=LINE('',#7882,#7883);
#6588=VERTEX_POINT('',#7884);
#6589=CIRCLE('',#7885,0.00195);
#6590=LINE('',#7886,#7887);
#6591=FILL_AREA_STYLE_COLOUR('',#7888);
#6592=VERTEX_POINT('',#7889);
#6593=CIRCLE('',#7890,0.0014);
#6594=VERTEX_POINT('',#7891);
#6595=VERTEX_POINT('',#7892);
#6596=LINE('',#7893,#7894);
#6597=VERTEX_POINT('',#7895);
#6598=LINE('',#7896,#7897);
#6599=VERTEX_POINT('',#7898);
#6600=LINE('',#7899,#7900);
#6601=VERTEX_POINT('',#7901);
#6602=LINE('',#7902,#7903);
#6603=VERTEX_POINT('',#7904);
#6604=LINE('',#7905,#7906);
#6605=VERTEX_POINT('',#7907);
#6606=LINE('',#7908,#7909);
#6607=VERTEX_POINT('',#7910);
#6608=LINE('',#7911,#7912);
#6609=LINE('',#7913,#7914);
#6610=VERTEX_POINT('',#7915);
#6611=VERTEX_POINT('',#7916);
#6612=LINE('',#7917,#7918);
#6613=VERTEX_POINT('',#7919);
#6614=LINE('',#7920,#7921);
#6615=VERTEX_POINT('',#7922);
#6616=LINE('',#7923,#7924);
#6617=LINE('',#7925,#7926);
#6618=FILL_AREA_STYLE_COLOUR('',#7927);
#6619=VERTEX_POINT('',#7928);
#6620=LINE('',#7929,#7930);
#6621=VERTEX_POINT('',#7931);
#6622=LINE('',#7932,#7933);
#6623=LINE('',#7934,#7935);
#6624=FILL_AREA_STYLE_COLOUR('',#7936);
#6625=VERTEX_POINT('',#7937);
#6626=CIRCLE('',#7938,0.0014);
#6627=FILL_AREA_STYLE_COLOUR('',#7939);
#6628=VERTEX_POINT('',#7940);
#6629=LINE('',#7941,#7942);
#6630=LINE('',#7943,#7944);
#6631=FILL_AREA_STYLE_COLOUR('',#7945);
#6632=VERTEX_POINT('',#7946);
#6633=LINE('',#7947,#7948);
#6634=LINE('',#7949,#7950);
#6635=FILL_AREA_STYLE_COLOUR('',#7951);
#6636=LINE('',#7952,#7953);
#6637=FILL_AREA_STYLE_COLOUR('',#7954);
#6638=VERTEX_POINT('',#7955);
#6639=VERTEX_POINT('',#7956);
#6640=LINE('',#7957,#7958);
#6641=VERTEX_POINT('',#7959);
#6642=LINE('',#7960,#7961);
#6643=VERTEX_POINT('',#7962);
#6644=LINE('',#7963,#7964);
#6645=LINE('',#7965,#7966);
#6646=FILL_AREA_STYLE_COLOUR('',#7967);
#6647=VERTEX_POINT('',#7968);
#6648=LINE('',#7969,#7970);
#6649=VERTEX_POINT('',#7971);
#6650=LINE('',#7972,#7973);
#6651=LINE('',#7974,#7975);
#6652=FILL_AREA_STYLE_COLOUR('',#7976);
#6653=VERTEX_POINT('',#7977);
#6654=VERTEX_POINT('',#7978);
#6655=LINE('',#7979,#7980);
#6656=VERTEX_POINT('',#7981);
#6657=LINE('',#7982,#7983);
#6658=VERTEX_POINT('',#7984);
#6659=LINE('',#7985,#7986);
#6660=LINE('',#7987,#7988);
#6661=FILL_AREA_STYLE_COLOUR('',#7989);
#6662=VERTEX_POINT('',#7990);
#6663=LINE('',#7991,#7992);
#6664=VERTEX_POINT('',#7993);
#6665=LINE('',#7994,#7995);
#6666=LINE('',#7996,#7997);
#6667=FILL_AREA_STYLE_COLOUR('',#7998);
#6668=VERTEX_POINT('',#7999);
#6669=VERTEX_POINT('',#8000);
#6670=LINE('',#8001,#8002);
#6671=VERTEX_POINT('',#8003);
#6672=LINE('',#8004,#8005);
#6673=VERTEX_POINT('',#8006);
#6674=LINE('',#8007,#8008);
#6675=LINE('',#8009,#8010);
#6676=FILL_AREA_STYLE_COLOUR('',#8011);
#6677=VERTEX_POINT('',#8012);
#6678=CIRCLE('',#8013,0.00194999933505552);
#6679=VERTEX_POINT('',#8014);
#6680=LINE('',#8015,#8016);
#6681=CIRCLE('',#8017,0.00194999933505552);
#6682=FILL_AREA_STYLE_COLOUR('',#8018);
#6683=VERTEX_POINT('',#8019);
#6684=CIRCLE('',#8020,0.00194999933505552);
#6685=VERTEX_POINT('',#8021);
#6686=CIRCLE('',#8022,0.00194999933505552);
#6687=LINE('',#8023,#8024);
#6688=FILL_AREA_STYLE_COLOUR('',#8025);
#6689=LINE('',#8026,#8027);
#6690=LINE('',#8028,#8029);
#6691=FILL_AREA_STYLE_COLOUR('',#8030);
#6692=LINE('',#8031,#8032);
#6693=LINE('',#8033,#8034);
#6694=FILL_AREA_STYLE_COLOUR('',#8035);
#6695=VERTEX_POINT('',#8036);
#6696=VERTEX_POINT('',#8037);
#6697=LINE('',#8038,#8039);
#6698=VERTEX_POINT('',#8040);
#6699=CIRCLE('',#8041,0.00399999999599454);
#6700=VERTEX_POINT('',#8042);
#6701=LINE('',#8043,#8044);
#6702=LINE('',#8045,#8046);
#6703=VERTEX_POINT('',#8047);
#6704=CIRCLE('',#8048,0.0014);
#6705=FILL_AREA_STYLE_COLOUR('',#8049);
#6706=VERTEX_POINT('',#8050);
#6707=VERTEX_POINT('',#8051);
#6708=LINE('',#8052,#8053);
#6709=VERTEX_POINT('',#8054);
#6710=LINE('',#8055,#8056);
#6711=VERTEX_POINT('',#8057);
#6712=LINE('',#8058,#8059);
#6713=LINE('',#8060,#8061);
#6714=FILL_AREA_STYLE_COLOUR('',#8062);
#6715=VERTEX_POINT('',#8063);
#6716=CIRCLE('',#8064,0.0014);
#6717=VERTEX_POINT('',#8065);
#6718=VERTEX_POINT('',#8066);
#6719=LINE('',#8067,#8068);
#6720=VERTEX_POINT('',#8069);
#6721=CIRCLE('',#8070,0.00399999999599454);
#6722=VERTEX_POINT('',#8071);
#6723=LINE('',#8072,#8073);
#6724=LINE('',#8074,#8075);
#6725=FILL_AREA_STYLE_COLOUR('',#8076);
#6726=VERTEX_POINT('',#8077);
#6727=LINE('',#8078,#8079);
#6728=VERTEX_POINT('',#8080);
#6729=LINE('',#8081,#8082);
#6730=LINE('',#8083,#8084);
#6731=FILL_AREA_STYLE_COLOUR('',#8085);
#6732=VERTEX_POINT('',#8086);
#6733=LINE('',#8087,#8088);
#6734=VERTEX_POINT('',#8089);
#6735=LINE('',#8090,#8091);
#6736=LINE('',#8092,#8093);
#6737=FILL_AREA_STYLE_COLOUR('',#8094);
#6738=VERTEX_POINT('',#8095);
#6739=LINE('',#8096,#8097);
#6740=VERTEX_POINT('',#8098);
#6741=LINE('',#8099,#8100);
#6742=LINE('',#8101,#8102);
#6743=FILL_AREA_STYLE_COLOUR('',#8103);
#6744=VERTEX_POINT('',#8104);
#6745=LINE('',#8105,#8106);
#6746=VERTEX_POINT('',#8107);
#6747=LINE('',#8108,#8109);
#6748=LINE('',#8110,#8111);
#6749=FILL_AREA_STYLE_COLOUR('',#8112);
#6750=VERTEX_POINT('',#8113);
#6751=VERTEX_POINT('',#8114);
#6752=LINE('',#8115,#8116);
#6753=VERTEX_POINT('',#8117);
#6754=LINE('',#8118,#8119);
#6755=VERTEX_POINT('',#8120);
#6756=LINE('',#8121,#8122);
#6757=LINE('',#8123,#8124);
#6758=FILL_AREA_STYLE_COLOUR('',#8125);
#6759=VERTEX_POINT('',#8126);
#6760=VERTEX_POINT('',#8127);
#6761=LINE('',#8128,#8129);
#6762=VERTEX_POINT('',#8130);
#6763=ELLIPSE('',#8131,0.0045254833995939,0.0032);
#6764=CIRCLE('',#8132,0.0032);
#6765=CIRCLE('',#8133,0.0032);
#6766=FILL_AREA_STYLE_COLOUR('',#8134);
#6767=VERTEX_POINT('',#8135);
#6768=VERTEX_POINT('',#8136);
#6769=LINE('',#8137,#8138);
#6770=LINE('',#8139,#8140);
#6771=LINE('',#8141,#8142);
#6772=FILL_AREA_STYLE_COLOUR('',#8143);
#6773=VERTEX_POINT('',#8144);
#6774=VERTEX_POINT('',#8145);
#6775=CIRCLE('',#8146,0.0032);
#6776=ELLIPSE('',#8147,0.0045254833995939,0.0032);
#6777=VERTEX_POINT('',#8148);
#6778=CIRCLE('',#8149,0.0032);
#6779=LINE('',#8150,#8151);
#6780=FILL_AREA_STYLE_COLOUR('',#8152);
#6781=VERTEX_POINT('',#8153);
#6782=LINE('',#8154,#8155);
#6783=VERTEX_POINT('',#8156);
#6784=LINE('',#8157,#8158);
#6785=LINE('',#8159,#8160);
#6786=FILL_AREA_STYLE_COLOUR('',#8161);
#6787=VERTEX_POINT('',#8162);
#6788=CIRCLE('',#8163,0.00319999933505552);
#6789=VERTEX_POINT('',#8164);
#6790=CIRCLE('',#8165,0.00319999933505552);
#6791=LINE('',#8166,#8167);
#6792=FILL_AREA_STYLE_COLOUR('',#8168);
#6793=VERTEX_POINT('',#8169);
#6794=LINE('',#8170,#8171);
#6795=VERTEX_POINT('',#8172);
#6796=LINE('',#8173,#8174);
#6797=LINE('',#8175,#8176);
#6798=FILL_AREA_STYLE_COLOUR('',#8177);
#6799=CIRCLE('',#8178,0.00319999933505552);
#6800=CIRCLE('',#8179,0.00319999933505552);
#6801=FILL_AREA_STYLE_COLOUR('',#8180);
#6802=LINE('',#8181,#8182);
#6803=FILL_AREA_STYLE_COLOUR('',#8183);
#6804=VERTEX_POINT('',#8184);
#6805=VERTEX_POINT('',#8185);
#6806=LINE('',#8186,#8187);
#6807=VERTEX_POINT('',#8188);
#6808=LINE('',#8189,#8190);
#6809=VERTEX_POINT('',#8191);
#6810=LINE('',#8192,#8193);
#6811=VERTEX_POINT('',#8194);
#6812=LINE('',#8195,#8196);
#6813=VERTEX_POINT('',#8197);
#6814=LINE('',#8198,#8199);
#6815=LINE('',#8200,#8201);
#6816=FILL_AREA_STYLE_COLOUR('',#8202);
#6817=VERTEX_POINT('',#8203);
#6818=VERTEX_POINT('',#8204);
#6819=LINE('',#8205,#8206);
#6820=VERTEX_POINT('',#8207);
#6821=LINE('',#8208,#8209);
#6822=VERTEX_POINT('',#8210);
#6823=LINE('',#8211,#8212);
#6824=LINE('',#8213,#8214);
#6825=VERTEX_POINT('',#8215);
#6826=CIRCLE('',#8216,0.006);
#6827=FILL_AREA_STYLE_COLOUR('',#8217);
#6828=VERTEX_POINT('',#8218);
#6829=LINE('',#8219,#8220);
#6830=LINE('',#8221,#8222);
#6831=LINE('',#8223,#8224);
#6832=FILL_AREA_STYLE_COLOUR('',#8225);
#6833=VERTEX_POINT('',#8226);
#6834=LINE('',#8227,#8228);
#6835=VERTEX_POINT('',#8229);
#6836=LINE('',#8230,#8231);
#6837=LINE('',#8232,#8233);
#6838=FILL_AREA_STYLE_COLOUR('',#8234);
#6839=VERTEX_POINT('',#8235);
#6840=CIRCLE('',#8236,0.006);
#6841=VERTEX_POINT('',#8237);
#6842=VERTEX_POINT('',#8238);
#6843=LINE('',#8239,#8240);
#6844=VERTEX_POINT('',#8241);
#6845=LINE('',#8242,#8243);
#6846=VERTEX_POINT('',#8244);
#6847=LINE('',#8245,#8246);
#6848=VERTEX_POINT('',#8247);
#6849=LINE('',#8248,#8249);
#6850=VERTEX_POINT('',#8250);
#6851=LINE('',#8251,#8252);
#6852=VERTEX_POINT('',#8253);
#6853=LINE('',#8254,#8255);
#6854=VERTEX_POINT('',#8256);
#6855=LINE('',#8257,#8258);
#6856=VERTEX_POINT('',#8259);
#6857=LINE('',#8260,#8261);
#6858=VERTEX_POINT('',#8262);
#6859=LINE('',#8263,#8264);
#6860=LINE('',#8265,#8266);
#6861=VERTEX_POINT('',#8267);
#6862=LINE('',#8268,#8269);
#6863=VERTEX_POINT('',#8270);
#6864=LINE('',#8271,#8272);
#6865=VERTEX_POINT('',#8273);
#6866=LINE('',#8274,#8275);
#6867=VERTEX_POINT('',#8276);
#6868=LINE('',#8277,#8278);
#6869=VERTEX_POINT('',#8279);
#6870=LINE('',#8280,#8281);
#6871=VERTEX_POINT('',#8282);
#6872=LINE('',#8283,#8284);
#6873=LINE('',#8285,#8286);
#6874=FILL_AREA_STYLE_COLOUR('',#8287);
#6875=VERTEX_POINT('',#8288);
#6876=VERTEX_POINT('',#8289);
#6877=LINE('',#8290,#8291);
#6878=LINE('',#8292,#8293);
#6879=LINE('',#8294,#8295);
#6880=FILL_AREA_STYLE_COLOUR('',#8296);
#6881=VERTEX_POINT('',#8297);
#6882=VERTEX_POINT('',#8298);
#6883=LINE('',#8299,#8300);
#6884=LINE('',#8301,#8302);
#6885=LINE('',#8303,#8304);
#6886=FILL_AREA_STYLE_COLOUR('',#8305);
#6887=VERTEX_POINT('',#8306);
#6888=CIRCLE('',#8307,0.001);
#6889=VERTEX_POINT('',#8308);
#6890=CIRCLE('',#8309,0.001);
#6891=LINE('',#8310,#8311);
#6892=FILL_AREA_STYLE_COLOUR('',#8312);
#6893=VERTEX_POINT('',#8313);
#6894=ELLIPSE('',#8314,0.0014142135623731,0.001);
#6895=VERTEX_POINT('',#8315);
#6896=LINE('',#8316,#8317);
#6897=ELLIPSE('',#8318,0.0014142135623731,0.001);
#6898=FILL_AREA_STYLE_COLOUR('',#8319);
#6899=CIRCLE('',#8320,0.00399999999599454);
#6900=FILL_AREA_STYLE_COLOUR('',#8321);
#6901=VERTEX_POINT('',#8322);
#6902=CIRCLE('',#8323,0.0014);
#6903=FILL_AREA_STYLE_COLOUR('',#8324);
#6904=VERTEX_POINT('',#8325);
#6905=VERTEX_POINT('',#8326);
#6906=LINE('',#8327,#8328);
#6907=VERTEX_POINT('',#8329);
#6908=LINE('',#8330,#8331);
#6909=VERTEX_POINT('',#8332);
#6910=LINE('',#8333,#8334);
#6911=LINE('',#8335,#8336);
#6912=FILL_AREA_STYLE_COLOUR('',#8337);
#6913=VERTEX_POINT('',#8338);
#6914=CIRCLE('',#8339,0.0014);
#6915=VERTEX_POINT('',#8340);
#6916=CIRCLE('',#8341,0.0014);
#6917=FILL_AREA_STYLE_COLOUR('',#8342);
#6918=VERTEX_POINT('',#8343);
#6919=VERTEX_POINT('',#8344);
#6920=LINE('',#8345,#8346);
#6921=CIRCLE('',#8347,0.0025);
#6922=CIRCLE('',#8348,0.0025);
#6923=FILL_AREA_STYLE_COLOUR('',#8349);
#6924=VERTEX_POINT('',#8350);
#6925=VERTEX_POINT('',#8351);
#6926=LINE('',#8352,#8353);
#6927=VERTEX_POINT('',#8354);
#6928=LINE('',#8355,#8356);
#6929=VERTEX_POINT('',#8357);
#6930=LINE('',#8358,#8359);
#6931=LINE('',#8360,#8361);
#6932=FILL_AREA_STYLE_COLOUR('',#8362);
#6933=VERTEX_POINT('',#8363);
#6934=VERTEX_POINT('',#8364);
#6935=LINE('',#8365,#8366);
#6936=VERTEX_POINT('',#8367);
#6937=LINE('',#8368,#8369);
#6938=VERTEX_POINT('',#8370);
#6939=LINE('',#8371,#8372);
#6940=VERTEX_POINT('',#8373);
#6941=LINE('',#8374,#8375);
#6942=VERTEX_POINT('',#8376);
#6943=LINE('',#8377,#8378);
#6944=VERTEX_POINT('',#8379);
#6945=LINE('',#8380,#8381);
#6946=VERTEX_POINT('',#8382);
#6947=LINE('',#8383,#8384);
#6948=LINE('',#8385,#8386);
#6949=VERTEX_POINT('',#8387);
#6950=VERTEX_POINT('',#8388);
#6951=LINE('',#8389,#8390);
#6952=VERTEX_POINT('',#8391);
#6953=LINE('',#8392,#8393);
#6954=VERTEX_POINT('',#8394);
#6955=LINE('',#8395,#8396);
#6956=LINE('',#8397,#8398);
#6957=FILL_AREA_STYLE_COLOUR('',#8399);
#6958=VERTEX_POINT('',#8400);
#6959=LINE('',#8401,#8402);
#6960=LINE('',#8403,#8404);
#6961=VERTEX_POINT('',#8405);
#6962=LINE('',#8406,#8407);
#6963=LINE('',#8408,#8409);
#6964=FILL_AREA_STYLE_COLOUR('',#8410);
#6965=VERTEX_POINT('',#8411);
#6966=LINE('',#8412,#8413);
#6967=VERTEX_POINT('',#8414);
#6968=LINE('',#8415,#8416);
#6969=LINE('',#8417,#8418);
#6970=FILL_AREA_STYLE_COLOUR('',#8419);
#6971=VERTEX_POINT('',#8420);
#6972=LINE('',#8421,#8422);
#6973=VERTEX_POINT('',#8423);
#6974=LINE('',#8424,#8425);
#6975=VERTEX_POINT('',#8426);
#6976=LINE('',#8427,#8428);
#6977=VERTEX_POINT('',#8429);
#6978=LINE('',#8430,#8431);
#6979=VERTEX_POINT('',#8432);
#6980=LINE('',#8433,#8434);
#6981=VERTEX_POINT('',#8435);
#6982=LINE('',#8436,#8437);
#6983=VERTEX_POINT('',#8438);
#6984=LINE('',#8439,#8440);
#6985=VERTEX_POINT('',#8441);
#6986=LINE('',#8442,#8443);
#6987=LINE('',#8444,#8445);
#6988=VERTEX_POINT('',#8446);
#6989=LINE('',#8447,#8448);
#6990=VERTEX_POINT('',#8449);
#6991=LINE('',#8450,#8451);
#6992=VERTEX_POINT('',#8452);
#6993=LINE('',#8453,#8454);
#6994=VERTEX_POINT('',#8455);
#6995=LINE('',#8456,#8457);
#6996=LINE('',#8458,#8459);
#6997=LINE('',#8460,#8461);
#6998=FILL_AREA_STYLE_COLOUR('',#8462);
#6999=VERTEX_POINT('',#8463);
#7000=CIRCLE('',#8464,0.001);
#7001=VERTEX_POINT('',#8465);
#7002=LINE('',#8466,#8467);
#7003=CIRCLE('',#8468,0.001);
#7004=FILL_AREA_STYLE_COLOUR('',#8469);
#7005=VERTEX_POINT('',#8470);
#7006=VERTEX_POINT('',#8471);
#7007=LINE('',#8472,#8473);
#7008=VERTEX_POINT('',#8474);
#7009=LINE('',#8475,#8476);
#7010=VERTEX_POINT('',#8477);
#7011=LINE('',#8478,#8479);
#7012=LINE('',#8480,#8481);
#7013=FILL_AREA_STYLE_COLOUR('',#8482);
#7014=VERTEX_POINT('',#8483);
#7015=CIRCLE('',#8484,0.0014);
#7016=VERTEX_POINT('',#8485);
#7017=CIRCLE('',#8486,0.0014);
#7018=FILL_AREA_STYLE_COLOUR('',#8487);
#7019=VERTEX_POINT('',#8488);
#7020=CIRCLE('',#8489,0.0025);
#7021=VERTEX_POINT('',#8490);
#7022=LINE('',#8491,#8492);
#7023=CIRCLE('',#8493,0.0025);
#7024=FILL_AREA_STYLE_COLOUR('',#8494);
#7025=CIRCLE('',#8495,0.00399999999599454);
#7026=FILL_AREA_STYLE_COLOUR('',#8496);
#7027=VERTEX_POINT('',#8497);
#7028=CIRCLE('',#8498,0.0014);
#7029=FILL_AREA_STYLE_COLOUR('',#8499);
#7030=VERTEX_POINT('',#8500);
#7031=VERTEX_POINT('',#8501);
#7032=LINE('',#8502,#8503);
#7033=VERTEX_POINT('',#8504);
#7034=LINE('',#8505,#8506);
#7035=VERTEX_POINT('',#8507);
#7036=LINE('',#8508,#8509);
#7037=LINE('',#8510,#8511);
#7038=FILL_AREA_STYLE_COLOUR('',#8512);
#7039=VERTEX_POINT('',#8513);
#7040=VERTEX_POINT('',#8514);
#7041=LINE('',#8515,#8516);
#7042=VERTEX_POINT('',#8517);
#7043=LINE('',#8518,#8519);
#7044=VERTEX_POINT('',#8520);
#7045=LINE('',#8521,#8522);
#7046=LINE('',#8523,#8524);
#7047=FILL_AREA_STYLE_COLOUR('',#8525);
#7048=VERTEX_POINT('',#8526);
#7049=LINE('',#8527,#8528);
#7050=LINE('',#8529,#8530);
#7051=LINE('',#8531,#8532);
#7052=FILL_AREA_STYLE_COLOUR('',#8533);
#7053=LINE('',#8534,#8535);
#7054=LINE('',#8536,#8537);
#7055=FILL_AREA_STYLE_COLOUR('',#8538);
#7056=LINE('',#8539,#8540);
#7057=FILL_AREA_STYLE_COLOUR('',#8541);
#7058=LINE('',#8542,#8543);
#7059=VERTEX_POINT('',#8544);
#7060=LINE('',#8545,#8546);
#7061=VERTEX_POINT('',#8547);
#7062=LINE('',#8548,#8549);
#7063=VERTEX_POINT('',#8550);
#7064=LINE('',#8551,#8552);
#7065=VERTEX_POINT('',#8553);
#7066=LINE('',#8554,#8555);
#7067=LINE('',#8556,#8557);
#7068=FILL_AREA_STYLE_COLOUR('',#8558);
#7069=CIRCLE('',#8559,0.001);
#7070=CIRCLE('',#8560,0.001);
#7071=FILL_AREA_STYLE_COLOUR('',#8561);
#7072=CIRCLE('',#8562,0.001);
#7073=CIRCLE('',#8563,0.001);
#7074=FILL_AREA_STYLE_COLOUR('',#8564);
#7075=VERTEX_POINT('',#8565);
#7076=LINE('',#8566,#8567);
#7077=VERTEX_POINT('',#8568);
#7078=LINE('',#8569,#8570);
#7079=LINE('',#8571,#8572);
#7080=FILL_AREA_STYLE_COLOUR('',#8573);
#7081=VERTEX_POINT('',#8574);
#7082=CIRCLE('',#8575,0.0014);
#7083=VERTEX_POINT('',#8576);
#7084=CIRCLE('',#8577,0.0014);
#7085=FILL_AREA_STYLE_COLOUR('',#8578);
#7086=VERTEX_POINT('',#8579);
#7087=VERTEX_POINT('',#8580);
#7088=LINE('',#8581,#8582);
#7089=LINE('',#8583,#8584);
#7090=LINE('',#8585,#8586);
#7091=FILL_AREA_STYLE_COLOUR('',#8587);
#7092=VERTEX_POINT('',#8588);
#7093=CIRCLE('',#8589,0.0014);
#7094=VERTEX_POINT('',#8590);
#7095=CIRCLE('',#8591,0.0014);
#7096=FILL_AREA_STYLE_COLOUR('',#8592);
#7097=CIRCLE('',#8593,0.0025);
#7098=CIRCLE('',#8594,0.0025);
#7099=FILL_AREA_STYLE_COLOUR('',#8595);
#7100=CIRCLE('',#8596,0.0025);
#7101=CIRCLE('',#8597,0.0025);
#7102=FILL_AREA_STYLE_COLOUR('',#8598);
#7103=VERTEX_POINT('',#8599);
#7104=VERTEX_POINT('',#8600);
#7105=LINE('',#8601,#8602);
#7106=VERTEX_POINT('',#8603);
#7107=LINE('',#8604,#8605);
#7108=VERTEX_POINT('',#8606);
#7109=LINE('',#8607,#8608);
#7110=LINE('',#8609,#8610);
#7111=FILL_AREA_STYLE_COLOUR('',#8611);
#7112=VERTEX_POINT('',#8612);
#7113=CIRCLE('',#8613,0.002);
#7114=VERTEX_POINT('',#8614);
#7115=LINE('',#8615,#8616);
#7116=CIRCLE('',#8617,0.002);
#7117=FILL_AREA_STYLE_COLOUR('',#8618);
#7118=VERTEX_POINT('',#8619);
#7119=CIRCLE('',#8620,0.002);
#7120=VERTEX_POINT('',#8621);
#7121=CIRCLE('',#8622,0.002);
#7122=LINE('',#8623,#8624);
#7123=FILL_AREA_STYLE_COLOUR('',#8625);
#7124=VERTEX_POINT('',#8626);
#7125=CIRCLE('',#8627,0.0023);
#7126=VERTEX_POINT('',#8628);
#7127=CIRCLE('',#8629,0.0023);
#7128=FILL_AREA_STYLE_COLOUR('',#8630);
#7129=VERTEX_POINT('',#8631);
#7130=CIRCLE('',#8632,0.0014);
#7131=VERTEX_POINT('',#8633);
#7132=CIRCLE('',#8634,0.0014);
#7133=FILL_AREA_STYLE_COLOUR('',#8635);
#7134=VERTEX_POINT('',#8636);
#7135=CIRCLE('',#8637,0.0023);
#7136=VERTEX_POINT('',#8638);
#7137=CIRCLE('',#8639,0.0023);
#7138=FILL_AREA_STYLE_COLOUR('',#8640);
#7139=VERTEX_POINT('',#8641);
#7140=CIRCLE('',#8642,0.0014);
#7141=VERTEX_POINT('',#8643);
#7142=CIRCLE('',#8644,0.0014);
#7143=FILL_AREA_STYLE_COLOUR('',#8645);
#7144=FILL_AREA_STYLE_COLOUR('',#8646);
#7145=FILL_AREA_STYLE_COLOUR('',#8647);
#7146=FILL_AREA_STYLE_COLOUR('',#8648);
#7147=FILL_AREA_STYLE_COLOUR('',#8649);
#7148=VERTEX_POINT('',#8650);
#7149=CIRCLE('',#8651,0.0023);
#7150=VERTEX_POINT('',#8652);
#7151=CIRCLE('',#8653,0.0023);
#7152=FILL_AREA_STYLE_COLOUR('',#8654);
#7153=VERTEX_POINT('',#8655);
#7154=CIRCLE('',#8656,0.0014);
#7155=FILL_AREA_STYLE_COLOUR('',#8657);
#7156=VERTEX_POINT('',#8658);
#7157=CIRCLE('',#8659,0.0014);
#7158=FILL_AREA_STYLE_COLOUR('',#8660);
#7159=FILL_AREA_STYLE_COLOUR('',#8661);
#7160=VERTEX_POINT('',#8662);
#7161=CIRCLE('',#8663,0.0023);
#7162=VERTEX_POINT('',#8664);
#7163=CIRCLE('',#8665,0.0023);
#7164=FILL_AREA_STYLE_COLOUR('',#8666);
#7165=VERTEX_POINT('',#8667);
#7166=CIRCLE('',#8668,0.0014);
#7167=FILL_AREA_STYLE_COLOUR('',#8669);
#7168=VERTEX_POINT('',#8670);
#7169=CIRCLE('',#8671,0.0014);
#7170=FILL_AREA_STYLE_COLOUR('',#8672);
#7171=FILL_AREA_STYLE_COLOUR('',#8673);
#7172=VERTEX_POINT('',#8674);
#7173=VERTEX_POINT('',#8675);
#7174=LINE('',#8676,#8677);
#7175=VERTEX_POINT('',#8678);
#7176=LINE('',#8679,#8680);
#7177=VERTEX_POINT('',#8681);
#7178=LINE('',#8682,#8683);
#7179=LINE('',#8684,#8685);
#7180=FILL_AREA_STYLE_COLOUR('',#8686);
#7181=VERTEX_POINT('',#8687);
#7182=LINE('',#8688,#8689);
#7183=VERTEX_POINT('',#8690);
#7184=LINE('',#8691,#8692);
#7185=VERTEX_POINT('',#8693);
#7186=LINE('',#8694,#8695);
#7187=LINE('',#8696,#8697);
#7188=FILL_AREA_STYLE_COLOUR('',#8698);
#7189=VERTEX_POINT('',#8699);
#7190=VERTEX_POINT('',#8700);
#7191=LINE('',#8701,#8702);
#7192=LINE('',#8703,#8704);
#7193=VERTEX_POINT('',#8705);
#7194=LINE('',#8706,#8707);
#7195=LINE('',#8708,#8709);
#7196=FILL_AREA_STYLE_COLOUR('',#8710);
#7197=VERTEX_POINT('',#8711);
#7198=VERTEX_POINT('',#8712);
#7199=LINE('',#8713,#8714);
#7200=LINE('',#8715,#8716);
#7201=VERTEX_POINT('',#8717);
#7202=LINE('',#8718,#8719);
#7203=LINE('',#8720,#8721);
#7204=FILL_AREA_STYLE_COLOUR('',#8722);
#7205=VERTEX_POINT('',#8723);
#7206=LINE('',#8724,#8725);
#7207=LINE('',#8726,#8727);
#7208=FILL_AREA_STYLE_COLOUR('',#8728);
#7209=VERTEX_POINT('',#8729);
#7210=LINE('',#8730,#8731);
#7211=LINE('',#8732,#8733);
#7212=LINE('',#8734,#8735);
#7213=FILL_AREA_STYLE_COLOUR('',#8736);
#7214=VERTEX_POINT('',#8737);
#7215=LINE('',#8738,#8739);
#7216=LINE('',#8740,#8741);
#7217=FILL_AREA_STYLE_COLOUR('',#8742);
#7218=LINE('',#8743,#8744);
#7219=FILL_AREA_STYLE_COLOUR('',#8745);
#7220=VERTEX_POINT('',#8746);
#7221=VERTEX_POINT('',#8747);
#7222=LINE('',#8748,#8749);
#7223=VERTEX_POINT('',#8750);
#7224=LINE('',#8751,#8752);
#7225=VERTEX_POINT('',#8753);
#7226=LINE('',#8754,#8755);
#7227=LINE('',#8756,#8757);
#7228=FILL_AREA_STYLE_COLOUR('',#8758);
#7229=VERTEX_POINT('',#8759);
#7230=CIRCLE('',#8760,0.002);
#7231=VERTEX_POINT('',#8761);
#7232=CIRCLE('',#8762,0.002);
#7233=LINE('',#8763,#8764);
#7234=FILL_AREA_STYLE_COLOUR('',#8765);
#7235=VERTEX_POINT('',#8766);
#7236=CIRCLE('',#8767,0.005);
#7237=VERTEX_POINT('',#8768);
#7238=LINE('',#8769,#8770);
#7239=CIRCLE('',#8771,0.005);
#7240=FILL_AREA_STYLE_COLOUR('',#8772);
#7241=VERTEX_POINT('',#8773);
#7242=LINE('',#8774,#8775);
#7243=VERTEX_POINT('',#8776);
#7244=LINE('',#8777,#8778);
#7245=LINE('',#8779,#8780);
#7246=FILL_AREA_STYLE_COLOUR('',#8781);
#7247=LINE('',#8782,#8783);
#7248=VERTEX_POINT('',#8784);
#7249=CIRCLE('',#8785,0.0014);
#7250=FILL_AREA_STYLE_COLOUR('',#8786);
#7251=VERTEX_POINT('',#8787);
#7252=CIRCLE('',#8788,0.0014);
#7253=FILL_AREA_STYLE_COLOUR('',#8789);
#7254=VERTEX_POINT('',#8790);
#7255=VERTEX_POINT('',#8791);
#7256=LINE('',#8792,#8793);
#7257=LINE('',#8794,#8795);
#7258=LINE('',#8796,#8797);
#7259=FILL_AREA_STYLE_COLOUR('',#8798);
#7260=VERTEX_POINT('',#8799);
#7261=VERTEX_POINT('',#8800);
#7262=LINE('',#8801,#8802);
#7263=CIRCLE('',#8803,0.005);
#7264=CIRCLE('',#8804,0.005);
#7265=FILL_AREA_STYLE_COLOUR('',#8805);
#7266=VERTEX_POINT('',#8806);
#7267=CIRCLE('',#8807,0.0014);
#7268=LINE('',#8808,#8809);
#7269=FILL_AREA_STYLE_COLOUR('',#8810);
#7270=VERTEX_POINT('',#8811);
#7271=CIRCLE('',#8812,0.0014);
#7272=FILL_AREA_STYLE_COLOUR('',#8813);
#7273=FILL_AREA_STYLE_COLOUR('',#8814);
#7274=LINE('',#8815,#8816);
#7275=FILL_AREA_STYLE_COLOUR('',#8817);
#7276=FILL_AREA_STYLE_COLOUR('',#8818);
#7277=VERTEX_POINT('',#8819);
#7278=LINE('',#8820,#8821);
#7279=VERTEX_POINT('',#8822);
#7280=LINE('',#8823,#8824);
#7281=LINE('',#8825,#8826);
#7282=FILL_AREA_STYLE_COLOUR('',#8827);
#7283=VERTEX_POINT('',#8828);
#7284=CIRCLE('',#8829,0.00399999999599683);
#7285=VERTEX_POINT('',#8830);
#7286=LINE('',#8831,#8832);
#7287=CIRCLE('',#8833,0.00399999999599683);
#7288=FILL_AREA_STYLE_COLOUR('',#8834);
#7289=LINE('',#8835,#8836);
#7290=LINE('',#8837,#8838);
#7291=FILL_AREA_STYLE_COLOUR('',#8839);
#7292=VERTEX_POINT('',#8840);
#7293=CIRCLE('',#8841,0.0014);
#7294=VERTEX_POINT('',#8842);
#7295=CIRCLE('',#8843,0.0014);
#7296=FILL_AREA_STYLE_COLOUR('',#8844);
#7297=VERTEX_POINT('',#8845);
#7298=VERTEX_POINT('',#8846);
#7299=LINE('',#8847,#8848);
#7300=VERTEX_POINT('',#8849);
#7301=CIRCLE('',#8850,0.00399999999599683);
#7302=VERTEX_POINT('',#8851);
#7303=LINE('',#8852,#8853);
#7304=CIRCLE('',#8854,0.00399999999599683);
#7305=FILL_AREA_STYLE_COLOUR('',#8855);
#7306=LINE('',#8856,#8857);
#7307=LINE('',#8858,#8859);
#7308=FILL_AREA_STYLE_COLOUR('',#8860);
#7309=VERTEX_POINT('',#8861);
#7310=CIRCLE('',#8862,0.0014);
#7311=VERTEX_POINT('',#8863);
#7312=CIRCLE('',#8864,0.0014);
#7313=FILL_AREA_STYLE_COLOUR('',#8865);
#7314=LINE('',#8866,#8867);
#7315=LINE('',#8868,#8869);
#7316=FILL_AREA_STYLE_COLOUR('',#8870);
#7317=VERTEX_POINT('',#8871);
#7318=LINE('',#8872,#8873);
#7319=LINE('',#8874,#8875);
#7320=FILL_AREA_STYLE_COLOUR('',#8876);
#7321=VERTEX_POINT('',#8877);
#7322=LINE('',#8878,#8879);
#7323=CIRCLE('',#8880,0.00499999999599683);
#7324=FILL_AREA_STYLE_COLOUR('',#8881);
#7325=LINE('',#8882,#8883);
#7326=FILL_AREA_STYLE_COLOUR('',#8884);
#7327=VERTEX_POINT('',#8885);
#7328=LINE('',#8886,#8887);
#7329=LINE('',#8888,#8889);
#7330=FILL_AREA_STYLE_COLOUR('',#8890);
#7331=VERTEX_POINT('',#8891);
#7332=LINE('',#8892,#8893);
#7333=CIRCLE('',#8894,0.00499999999599454);
#7334=FILL_AREA_STYLE_COLOUR('',#8895);
#7335=LINE('',#8896,#8897);
#7336=FILL_AREA_STYLE_COLOUR('',#8898);
#7337=VERTEX_POINT('',#8899);
#7338=LINE('',#8900,#8901);
#7339=LINE('',#8902,#8903);
#7340=FILL_AREA_STYLE_COLOUR('',#8904);
#7341=VERTEX_POINT('',#8905);
#7342=LINE('',#8906,#8907);
#7343=CIRCLE('',#8908,0.00600000000000003);
#7344=FILL_AREA_STYLE_COLOUR('',#8909);
#7345=VERTEX_POINT('',#8910);
#7346=LINE('',#8911,#8912);
#7347=LINE('',#8913,#8914);
#7348=FILL_AREA_STYLE_COLOUR('',#8915);
#7349=VERTEX_POINT('',#8916);
#7350=LINE('',#8917,#8918);
#7351=LINE('',#8919,#8920);
#7352=FILL_AREA_STYLE_COLOUR('',#8921);
#7353=VERTEX_POINT('',#8922);
#7354=LINE('',#8923,#8924);
#7355=LINE('',#8925,#8926);
#7356=FILL_AREA_STYLE_COLOUR('',#8927);
#7357=VERTEX_POINT('',#8928);
#7358=LINE('',#8929,#8930);
#7359=CIRCLE('',#8931,0.00349999999999998);
#7360=FILL_AREA_STYLE_COLOUR('',#8932);
#7361=VERTEX_POINT('',#8933);
#7362=LINE('',#8934,#8935);
#7363=LINE('',#8936,#8937);
#7364=FILL_AREA_STYLE_COLOUR('',#8938);
#7365=VERTEX_POINT('',#8939);
#7366=LINE('',#8940,#8941);
#7367=LINE('',#8942,#8943);
#7368=FILL_AREA_STYLE_COLOUR('',#8944);
#7369=VERTEX_POINT('',#8945);
#7370=VERTEX_POINT('',#8946);
#7371=LINE('',#8947,#8948);
#7372=LINE('',#8949,#8950);
#7373=LINE('',#8951,#8952);
#7374=LINE('',#8953,#8954);
#7375=FILL_AREA_STYLE_COLOUR('',#8955);
#7376=VERTEX_POINT('',#8956);
#7377=LINE('',#8957,#8958);
#7378=CIRCLE('',#8959,0.00350000000000002);
#7379=FILL_AREA_STYLE_COLOUR('',#8960);
#7380=VERTEX_POINT('',#8961);
#7381=LINE('',#8962,#8963);
#7382=LINE('',#8964,#8965);
#7383=FILL_AREA_STYLE_COLOUR('',#8966);
#7384=LINE('',#8967,#8968);
#7385=VERTEX_POINT('',#8969);
#7386=LINE('',#8970,#8971);
#7387=LINE('',#8972,#8973);
#7388=LINE('',#8974,#8975);
#7389=FILL_AREA_STYLE_COLOUR('',#8976);
#7390=VERTEX_POINT('',#8977);
#7391=LINE('',#8978,#8979);
#7392=LINE('',#8980,#8981);
#7393=LINE('',#8982,#8983);
#7394=FILL_AREA_STYLE_COLOUR('',#8984);
#7395=VERTEX_POINT('',#8985);
#7396=LINE('',#8986,#8987);
#7397=CIRCLE('',#8988,0.0035);
#7398=FILL_AREA_STYLE_COLOUR('',#8989);
#7399=LINE('',#8990,#8991);
#7400=FILL_AREA_STYLE_COLOUR('',#8992);
#7401=VERTEX_POINT('',#8993);
#7402=LINE('',#8994,#8995);
#7403=VERTEX_POINT('',#8996);
#7404=LINE('',#8997,#8998);
#7405=LINE('',#8999,#9000);
#7406=FILL_AREA_STYLE_COLOUR('',#9001);
#7407=VERTEX_POINT('',#9002);
#7408=LINE('',#9003,#9004);
#7409=CIRCLE('',#9005,0.00349999999999999);
#7410=FILL_AREA_STYLE_COLOUR('',#9006);
#7411=LINE('',#9007,#9008);
#7412=FILL_AREA_STYLE_COLOUR('',#9009);
#7413=LINE('',#9010,#9011);
#7414=FILL_AREA_STYLE_COLOUR('',#9012);
#7415=VERTEX_POINT('',#9013);
#7416=LINE('',#9014,#9015);
#7417=VERTEX_POINT('',#9016);
#7418=LINE('',#9017,#9018);
#7419=LINE('',#9019,#9020);
#7420=FILL_AREA_STYLE_COLOUR('',#9021);
#7421=VERTEX_POINT('',#9022);
#7422=LINE('',#9023,#9024);
#7423=CIRCLE('',#9025,0.00599999999999998);
#7424=FILL_AREA_STYLE_COLOUR('',#9026);
#7425=VERTEX_POINT('',#9027);
#7426=LINE('',#9028,#9029);
#7427=LINE('',#9030,#9031);
#7428=FILL_AREA_STYLE_COLOUR('',#9032);
#7429=VERTEX_POINT('',#9033);
#7430=LINE('',#9034,#9035);
#7431=LINE('',#9036,#9037);
#7432=FILL_AREA_STYLE_COLOUR('',#9038);
#7433=VERTEX_POINT('',#9039);
#7434=LINE('',#9040,#9041);
#7435=LINE('',#9042,#9043);
#7436=FILL_AREA_STYLE_COLOUR('',#9044);
#7437=VERTEX_POINT('',#9045);
#7438=LINE('',#9046,#9047);
#7439=CIRCLE('',#9048,0.00499999999599683);
#7440=FILL_AREA_STYLE_COLOUR('',#9049);
#7441=VERTEX_POINT('',#9050);
#7442=LINE('',#9051,#9052);
#7443=LINE('',#9053,#9054);
#7444=FILL_AREA_STYLE_COLOUR('',#9055);
#7445=VERTEX_POINT('',#9056);
#7446=LINE('',#9057,#9058);
#7447=LINE('',#9059,#9060);
#7448=FILL_AREA_STYLE_COLOUR('',#9061);
#7449=VERTEX_POINT('',#9062);
#7450=LINE('',#9063,#9064);
#7451=LINE('',#9065,#9066);
#7452=FILL_AREA_STYLE_COLOUR('',#9067);
#7453=VERTEX_POINT('',#9068);
#7454=LINE('',#9069,#9070);
#7455=LINE('',#9071,#9072);
#7456=FILL_AREA_STYLE_COLOUR('',#9073);
#7457=VERTEX_POINT('',#9074);
#7458=LINE('',#9075,#9076);
#7459=CIRCLE('',#9077,0.00499999999599454);
#7460=FILL_AREA_STYLE_COLOUR('',#9078);
#7461=LINE('',#9079,#9080);
#7462=FILL_AREA_STYLE_COLOUR('',#9081);
#7463=LINE('',#9082,#9083);
#7464=LINE('',#9084,#9085);
#7465=LINE('',#9086,#9087);
#7466=FILL_AREA_STYLE_COLOUR('',#9088);
#7467=LINE('',#9089,#9090);
#7468=FILL_AREA_STYLE_COLOUR('',#9091);
#7469=LINE('',#9092,#9093);
#7470=FILL_AREA_STYLE_COLOUR('',#9094);
#7471=VERTEX_POINT('',#9095);
#7472=VERTEX_POINT('',#9096);
#7473=LINE('',#9097,#9098);
#7474=VERTEX_POINT('',#9099);
#7475=LINE('',#9100,#9101);
#7476=VERTEX_POINT('',#9102);
#7477=LINE('',#9103,#9104);
#7478=VERTEX_POINT('',#9105);
#7479=LINE('',#9106,#9107);
#7480=VERTEX_POINT('',#9108);
#7481=LINE('',#9109,#9110);
#7482=LINE('',#9111,#9112);
#7483=LINE('',#9113,#9114);
#7484=FILL_AREA_STYLE_COLOUR('',#9115);
#7485=LINE('',#9116,#9117);
#7486=LINE('',#9118,#9119);
#7487=FILL_AREA_STYLE_COLOUR('',#9120);
#7488=LINE('',#9121,#9122);
#7489=FILL_AREA_STYLE_COLOUR('',#9123);
#7490=LINE('',#9124,#9125);
#7491=FILL_AREA_STYLE_COLOUR('',#9126);
#7492=LINE('',#9127,#9128);
#7493=FILL_AREA_STYLE_COLOUR('',#9129);
#7494=LINE('',#9130,#9131);
#7495=FILL_AREA_STYLE_COLOUR('',#9132);
#7496=LINE('',#9133,#9134);
#7497=FILL_AREA_STYLE_COLOUR('',#9135);
#7498=FILL_AREA_STYLE_COLOUR('',#9136);
#7499=LINE('',#9137,#9138);
#7500=LINE('',#9139,#9140);
#7501=FILL_AREA_STYLE_COLOUR('',#9141);
#7502=FILL_AREA_STYLE_COLOUR('',#9142);
#7503=FILL_AREA_STYLE_COLOUR('',#9143);
#7504=FILL_AREA_STYLE_COLOUR('',#9144);
#7505=FILL_AREA_STYLE_COLOUR('',#9145);
#7506=FILL_AREA_STYLE_COLOUR('',#9146);
#7507=FILL_AREA_STYLE_COLOUR('',#9147);
#7508=LINE('',#9148,#9149);
#7509=LINE('',#9150,#9151);
#7510=FILL_AREA_STYLE_COLOUR('',#9152);
#7511=LINE('',#9153,#9154);
#7512=FILL_AREA_STYLE_COLOUR('',#9155);
#7513=LINE('',#9156,#9157);
#7514=FILL_AREA_STYLE_COLOUR('',#9158);
#7515=LINE('',#9159,#9160);
#7516=FILL_AREA_STYLE_COLOUR('',#9161);
#7517=LINE('',#9162,#9163);
#7518=FILL_AREA_STYLE_COLOUR('',#9164);
#7519=LINE('',#9165,#9166);
#7520=FILL_AREA_STYLE_COLOUR('',#9167);
#7521=LINE('',#9168,#9169);
#7522=FILL_AREA_STYLE_COLOUR('',#9170);
#7523=VERTEX_POINT('',#9171);
#7524=CIRCLE('',#9172,0.003);
#7525=VERTEX_POINT('',#9173);
#7526=VERTEX_POINT('',#9174);
#7527=CIRCLE('',#9175,0.018);
#7528=VERTEX_POINT('',#9176);
#7529=CIRCLE('',#9177,0.001);
#7530=VERTEX_POINT('',#9178);
#7531=CIRCLE('',#9179,0.02);
#7532=CIRCLE('',#9180,0.001);
#7533=VERTEX_POINT('',#9181);
#7534=VERTEX_POINT('',#9182);
#7535=CIRCLE('',#9183,0.012);
#7536=VERTEX_POINT('',#9184);
#7537=CIRCLE('',#9185,0.001);
#7538=VERTEX_POINT('',#9186);
#7539=CIRCLE('',#9187,0.014);
#7540=CIRCLE('',#9188,0.001);
#7541=VERTEX_POINT('',#9189);
#7542=VERTEX_POINT('',#9190);
#7543=CIRCLE('',#9191,0.007);
#7544=VERTEX_POINT('',#9192);
#7545=CIRCLE('',#9193,0.001);
#7546=VERTEX_POINT('',#9194);
#7547=CIRCLE('',#9195,0.009);
#7548=CIRCLE('',#9196,0.001);
#7549=VERTEX_POINT('',#9197);
#7550=VERTEX_POINT('',#9198);
#7551=CIRCLE('',#9199,0.000999999999999999);
#7552=VERTEX_POINT('',#9200);
#7553=CIRCLE('',#9201,0.009);
#7554=VERTEX_POINT('',#9202);
#7555=CIRCLE('',#9203,0.001);
#7556=CIRCLE('',#9204,0.007);
#7557=VERTEX_POINT('',#9205);
#7558=VERTEX_POINT('',#9206);
#7559=CIRCLE('',#9207,0.000999999999999995);
#7560=VERTEX_POINT('',#9208);
#7561=CIRCLE('',#9209,0.014);
#7562=VERTEX_POINT('',#9210);
#7563=CIRCLE('',#9211,0.00100000000000001);
#7564=CIRCLE('',#9212,0.012);
#7565=VERTEX_POINT('',#9213);
#7566=VERTEX_POINT('',#9214);
#7567=CIRCLE('',#9215,0.000999999999999994);
#7568=VERTEX_POINT('',#9216);
#7569=CIRCLE('',#9217,0.02);
#7570=VERTEX_POINT('',#9218);
#7571=CIRCLE('',#9219,0.001);
#7572=CIRCLE('',#9220,0.018);
#7573=FILL_AREA_STYLE_COLOUR('',#9221);
#7574=VERTEX_POINT('',#9222);
#7575=LINE('',#9223,#9224);
#7576=VERTEX_POINT('',#9225);
#7577=CIRCLE('',#9226,0.001);
#7578=LINE('',#9227,#9228);
#7579=FILL_AREA_STYLE_COLOUR('',#9229);
#7580=VERTEX_POINT('',#9230);
#7581=CIRCLE('',#9231,0.018);
#7582=LINE('',#9232,#9233);
#7583=FILL_AREA_STYLE_COLOUR('',#9234);
#7584=VERTEX_POINT('',#9235);
#7585=LINE('',#9236,#9237);
#7586=VERTEX_POINT('',#9238);
#7587=CIRCLE('',#9239,0.014);
#7588=LINE('',#9240,#9241);
#7589=FILL_AREA_STYLE_COLOUR('',#9242);
#7590=VERTEX_POINT('',#9243);
#7591=LINE('',#9244,#9245);
#7592=CIRCLE('',#9246,0.001);
#7593=FILL_AREA_STYLE_COLOUR('',#9247);
#7594=VERTEX_POINT('',#9248);
#7595=CIRCLE('',#9249,0.001);
#7596=LINE('',#9250,#9251);
#7597=FILL_AREA_STYLE_COLOUR('',#9252);
#7598=CIRCLE('',#9253,0.012);
#7599=FILL_AREA_STYLE_COLOUR('',#9254);
#7600=VERTEX_POINT('',#9255);
#7601=LINE('',#9256,#9257);
#7602=VERTEX_POINT('',#9258);
#7603=CIRCLE('',#9259,0.009);
#7604=LINE('',#9260,#9261);
#7605=FILL_AREA_STYLE_COLOUR('',#9262);
#7606=VERTEX_POINT('',#9263);
#7607=LINE('',#9264,#9265);
#7608=CIRCLE('',#9266,0.001);
#7609=FILL_AREA_STYLE_COLOUR('',#9267);
#7610=VERTEX_POINT('',#9268);
#7611=CIRCLE('',#9269,0.001);
#7612=LINE('',#9270,#9271);
#7613=FILL_AREA_STYLE_COLOUR('',#9272);
#7614=CIRCLE('',#9273,0.007);
#7615=FILL_AREA_STYLE_COLOUR('',#9274);
#7616=VERTEX_POINT('',#9275);
#7617=CIRCLE('',#9276,0.003);
#7618=FILL_AREA_STYLE_COLOUR('',#9277);
#7619=VERTEX_POINT('',#9278);
#7620=LINE('',#9279,#9280);
#7621=VERTEX_POINT('',#9281);
#7622=CIRCLE('',#9282,0.007);
#7623=LINE('',#9283,#9284);
#7624=FILL_AREA_STYLE_COLOUR('',#9285);
#7625=VERTEX_POINT('',#9286);
#7626=LINE('',#9287,#9288);
#7627=CIRCLE('',#9289,0.001);
#7628=FILL_AREA_STYLE_COLOUR('',#9290);
#7629=VERTEX_POINT('',#9291);
#7630=CIRCLE('',#9292,0.000999999999999999);
#7631=LINE('',#9293,#9294);
#7632=FILL_AREA_STYLE_COLOUR('',#9295);
#7633=CIRCLE('',#9296,0.009);
#7634=FILL_AREA_STYLE_COLOUR('',#9297);
#7635=VERTEX_POINT('',#9298);
#7636=LINE('',#9299,#9300);
#7637=VERTEX_POINT('',#9301);
#7638=CIRCLE('',#9302,0.012);
#7639=LINE('',#9303,#9304);
#7640=FILL_AREA_STYLE_COLOUR('',#9305);
#7641=VERTEX_POINT('',#9306);
#7642=LINE('',#9307,#9308);
#7643=CIRCLE('',#9309,0.00100000000000001);
#7644=FILL_AREA_STYLE_COLOUR('',#9310);
#7645=VERTEX_POINT('',#9311);
#7646=CIRCLE('',#9312,0.000999999999999995);
#7647=LINE('',#9313,#9314);
#7648=FILL_AREA_STYLE_COLOUR('',#9315);
#7649=CIRCLE('',#9316,0.014);
#7650=FILL_AREA_STYLE_COLOUR('',#9317);
#7651=VERTEX_POINT('',#9318);
#7652=LINE('',#9319,#9320);
#7653=VERTEX_POINT('',#9321);
#7654=CIRCLE('',#9322,0.018);
#7655=LINE('',#9323,#9324);
#7656=FILL_AREA_STYLE_COLOUR('',#9325);
#7657=VERTEX_POINT('',#9326);
#7658=LINE('',#9327,#9328);
#7659=CIRCLE('',#9329,0.001);
#7660=FILL_AREA_STYLE_COLOUR('',#9330);
#7661=VERTEX_POINT('',#9331);
#7662=CIRCLE('',#9332,0.000999999999999994);
#7663=LINE('',#9333,#9334);
#7664=FILL_AREA_STYLE_COLOUR('',#9335);
#7665=CIRCLE('',#9336,0.02);
#7666=FILL_AREA_STYLE_COLOUR('',#9337);
#7667=VERTEX_POINT('',#9338);
#7668=CIRCLE('',#9339,0.001);
#7669=LINE('',#9340,#9341);
#7670=FILL_AREA_STYLE_COLOUR('',#9342);
#7671=CIRCLE('',#9343,0.02);
#7672=FILL_AREA_STYLE_COLOUR('',#9344);
#7673=FILL_AREA_STYLE_COLOUR('',#9345);
#7674=LINE('',#9346,#9347);
#7675=LINE('',#9348,#9349);
#7676=FILL_AREA_STYLE_COLOUR('',#9350);
#7677=FILL_AREA_STYLE_COLOUR('',#9351);
#7678=FILL_AREA_STYLE_COLOUR('',#9352);
#7679=FILL_AREA_STYLE_COLOUR('',#9353);
#7680=FILL_AREA_STYLE_COLOUR('',#9354);
#7681=LINE('',#9355,#9356);
#7682=LINE('',#9357,#9358);
#7683=FILL_AREA_STYLE_COLOUR('',#9359);
#7684=LINE('',#9360,#9361);
#7685=FILL_AREA_STYLE_COLOUR('',#9362);
#7686=FILL_AREA_STYLE_COLOUR('',#9363);
#7687=FILL_AREA_STYLE_COLOUR('',#9364);
#7688=FILL_AREA_STYLE_COLOUR('',#9365);
#7689=LINE('',#9366,#9367);
#7690=LINE('',#9368,#9369);
#7691=FILL_AREA_STYLE_COLOUR('',#9370);
#7692=FILL_AREA_STYLE_COLOUR('',#9371);
#7693=FILL_AREA_STYLE_COLOUR('',#9372);
#7694=FILL_AREA_STYLE_COLOUR('',#9373);
#7695=FILL_AREA_STYLE_COLOUR('',#9374);
#7696=FILL_AREA_STYLE_COLOUR('',#9375);
#7697=FILL_AREA_STYLE_COLOUR('',#9376);
#7698=FILL_AREA_STYLE_COLOUR('',#9377);
#7699=VERTEX_POINT('',#9378);
#7700=VERTEX_POINT('',#9379);
#7701=B_SPLINE_CURVE_WITH_KNOTS('',2,(#9380,#9381,#9382,#9383,#9384,#9385,#9386,#9387,#9388,#9389,#9390,#9391,#9392,#9393,#9394,#9395,#9396,#9397,#9398,#9399,#9400,#9401,#9402,#9403,#9404,#9405,#9406,#9407,#9408,#9409,#9410,#9411,#9412,#9413,#9414,#9415,#9416,#9417,#9418,#9419,#9420,#9421,#9422,#9423,#9424,#9425,#9426,#9427,#9428,#9429,#9430,#9431,#9432,#9433,#9434,#9435,#9436,#9437,#9438,#9439,#9440,#9441,#9442,#9443,#9444),.UNSPECIFIED.,.F.,.F.,(3,2,2,2,2,2,2,2,2,2,2,2,2,2,2,2,2,2,2,2,2,2,2,2,2,2,2,2,2,2,2,2,3),(0.0,0.0625,0.09375,0.125,0.15625,0.1875,0.21875,0.25,0.28125,0.3125,0.34375,0.375,0.40625,0.4375,0.46875,0.5,0.53125,0.5625,0.59375,0.625,0.65625,0.6875,0.71875,0.75,0.78125,0.8125,0.84375,0.875,0.90625,0.9375,0.96875,0.986607142857143,1.0),.UNSPECIFIED.);
#7702=VERTEX_POINT('',#9445);
#7703=B_SPLINE_CURVE_WITH_KNOTS('',2,(#9446,#9447,#9448,#9449,#9450,#9451,#9452,#9453,#9454,#9455,#9456,#9457,#9458,#9459,#9460,#9461,#9462,#9463,#9464,#9465,#9466,#9467,#9468,#9469,#9470,#9471,#9472,#9473,#9474,#9475,#9476,#9477,#9478,#9479,#9480,#9481,#9482,#9483,#9484,#9485,#9486,#9487,#9488,#9489,#9490,#9491,#9492,#9493,#9494,#9495,#9496,#9497,#9498,#9499,#9500,#9501,#9502,#9503,#9504,#9505,#9506,#9507,#9508,#9509,#9510),.UNSPECIFIED.,.F.,.F.,(3,2,2,2,2,2,2,2,2,2,2,2,2,2,2,2,2,2,2,2,2,2,2,2,2,2,2,2,2,2,2,2,3),(0.0,0.0208333333333333,0.0625,0.09375,0.125,0.15625,0.1875,0.21875,0.25,0.28125,0.3125,0.34375,0.375,0.40625,0.4375,0.46875,0.5,0.53125,0.5625,0.59375,0.625,0.65625,0.6875,0.71875,0.75,0.78125,0.8125,0.84375,0.875,0.90625,0.9375,0.96875,1.0),.UNSPECIFIED.);
#7704=VERTEX_POINT('',#9511);
#7705=B_SPLINE_CURVE_WITH_KNOTS('',2,(#9512,#9513,#9514,#9515,#9516,#9517,#9518,#9519,#9520,#9521,#9522,#9523,#9524,#9525,#9526,#9527,#9528,#9529,#9530,#9531,#9532,#9533,#9534,#9535,#9536,#9537,#9538,#9539,#9540,#9541,#9542,#9543,#9544,#9545,#9546,#9547,#9548,#9549,#9550,#9551,#9552,#9553,#9554,#9555,#9556,#9557,#9558,#9559,#9560,#9561,#9562,#9563,#9564,#9565,#9566,#9567,#9568,#9569,#9570,#9571,#9572,#9573,#9574,#9575,#9576),.UNSPECIFIED.,.F.,.F.,(3,2,2,2,2,2,2,2,2,2,2,2,2,2,2,2,2,2,2,2,2,2,2,2,2,2,2,2,2,2,2,2,3),(0.0,0.0625,0.09375,0.125,0.15625,0.1875,0.21875,0.25,0.28125,0.3125,0.34375,0.375,0.40625,0.4375,0.46875,0.5,0.53125,0.5625,0.59375,0.625,0.65625,0.6875,0.71875,0.75,0.78125,0.8125,0.84375,0.875,0.90625,0.9375,0.96875,0.986607142857143,1.0),.UNSPECIFIED.);
#7706=B_SPLINE_CURVE_WITH_KNOTS('',2,(#9577,#9578,#9579,#9580,#9581,#9582,#9583,#9584,#9585,#9586,#9587,#9588,#9589,#9590,#9591,#9592,#9593,#9594,#9595,#9596,#9597,#9598,#9599,#9600,#9601,#9602,#9603,#9604,#9605,#9606,#9607,#9608,#9609,#9610,#9611,#9612,#9613,#9614,#9615,#9616,#9617,#9618,#9619,#9620,#9621,#9622,#9623,#9624,#9625,#9626,#9627,#9628,#9629,#9630,#9631,#9632,#9633,#9634,#9635,#9636,#9637,#9638,#9639),.UNSPECIFIED.,.F.,.F.,(3,2,2,2,2,2,2,2,2,2,2,2,2,2,2,2,2,2,2,2,2,2,2,2,2,2,2,2,2,2,2,3),(0.0,0.0625,0.09375,0.125,0.15625,0.1875,0.21875,0.25,0.28125,0.3125,0.34375,0.375,0.40625,0.4375,0.46875,0.5,0.53125,0.5625,0.59375,0.625,0.65625,0.6875,0.71875,0.75,0.78125,0.8125,0.84375,0.875,0.90625,0.9375,0.96875,1.0),.UNSPECIFIED.);
#7707=FILL_AREA_STYLE_COLOUR('',#9640);
#7708=VERTEX_POINT('',#9641);
#7709=LINE('',#9642,#9643);
#7710=VERTEX_POINT('',#9644);
#7711=B_SPLINE_CURVE_WITH_KNOTS('',3,(#9645,#9646,#9647,#9648,#9649,#9650,#9651,#9652,#9653,#9654),.UNSPECIFIED.,.F.,.F.,(4,2,2,2,4),(0.0,0.00708522807924092,0.0141704561584818,0.0212556842377228,0.0283409123169637),.UNSPECIFIED.);
#7712=LINE('',#9655,#9656);
#7713=FILL_AREA_STYLE_COLOUR('',#9657);
#7714=VERTEX_POINT('',#9658);
#7715=B_SPLINE_CURVE_WITH_KNOTS('',3,(#9659,#9660,#9661,#9662,#9663,#9664,#9665,#9666,#9667,#9668),.UNSPECIFIED.,.F.,.F.,(4,2,2,2,4),(0.00686496947497055,0.00764142139189261,0.00841787330881467,0.00919432522573672,0.00997077714265878),.UNSPECIFIED.);
#7716=LINE('',#9669,#9670);
#7717=FILL_AREA_STYLE_COLOUR('',#9671);
#7718=VERTEX_POINT('',#9672);
#7719=B_SPLINE_CURVE_WITH_KNOTS('',3,(#9673,#9674,#9675,#9676,#9677,#9678,#9679,#9680,#9681,#9682),.UNSPECIFIED.,.F.,.F.,(4,2,2,2,4),(0.0495200070216094,0.0573914641711526,0.0652629213206958,0.073134378470239,0.0810058356197821),.UNSPECIFIED.);
#7720=LINE('',#9683,#9684);
#7721=FILL_AREA_STYLE_COLOUR('',#9685);
#7722=B_SPLINE_CURVE_WITH_KNOTS('',3,(#9686,#9687,#9688,#9689,#9690,#9691,#9692,#9693,#9694,#9695),.UNSPECIFIED.,.F.,.F.,(4,2,2,2,4),(0.00667021959068418,0.00744510912523961,0.00821999865979503,0.00899488819435046,0.00976977772890588),.UNSPECIFIED.);
#7723=FILL_AREA_STYLE_COLOUR('',#9696);
#7724=FILL_AREA_STYLE_COLOUR('',#9697);
#7725=VERTEX_POINT('',#9698);
#7726=VERTEX_POINT('',#9699);
#7727=LINE('',#9700,#9701);
#7728=VERTEX_POINT('',#9702);
#7729=B_SPLINE_CURVE_WITH_KNOTS('',3,(#9703,#9704,#9705,#9706,#9707,#9708,#9709,#9710,#9711,#9712),.UNSPECIFIED.,.F.,.F.,(4,2,2,2,4),(0.00686496947512159,0.00764142139204332,0.00841787330896505,0.00919432522588678,0.00997077714280851),.UNSPECIFIED.);
#7730=VERTEX_POINT('',#9713);
#7731=LINE('',#9714,#9715);
#7732=B_SPLINE_CURVE_WITH_KNOTS('',2,(#9716,#9717,#9718,#9719,#9720,#9721,#9722,#9723,#9724,#9725,#9726,#9727,#9728,#9729,#9730,#9731,#9732,#9733,#9734,#9735,#9736,#9737,#9738,#9739,#9740,#9741,#9742,#9743,#9744,#9745,#9746,#9747,#9748,#9749,#9750,#9751,#9752,#9753,#9754,#9755,#9756,#9757,#9758,#9759,#9760,#9761,#9762,#9763,#9764,#9765,#9766,#9767,#9768,#9769,#9770,#9771,#9772,#9773,#9774,#9775,#9776,#9777,#9778,#9779,#9780),.UNSPECIFIED.,.F.,.F.,(3,2,2,2,2,2,2,2,2,2,2,2,2,2,2,2,2,2,2,2,2,2,2,2,2,2,2,2,2,2,2,2,3),(0.0,0.0625,0.09375,0.125,0.15625,0.1875,0.21875,0.25,0.28125,0.3125,0.34375,0.375,0.40625,0.4375,0.46875,0.5,0.53125,0.5625,0.59375,0.625,0.65625,0.6875,0.71875,0.75,0.78125,0.8125,0.84375,0.875,0.90625,0.9375,0.96875,0.986607142857143,1.0),.UNSPECIFIED.);
#7733=FILL_AREA_STYLE_COLOUR('',#9781);
#7734=VERTEX_POINT('',#9782);
#7735=VERTEX_POINT('',#9783);
#7736=LINE('',#9784,#9785);
#7737=VERTEX_POINT('',#9786);
#7738=B_SPLINE_CURVE_WITH_KNOTS('',3,(#9787,#9788,#9789,#9790,#9791,#9792,#9793,#9794,#9795,#9796),.UNSPECIFIED.,.F.,.F.,(4,2,2,2,4),(0.00667021958987994,0.00744510912442735,0.00821999865897476,0.00899488819352217,0.00976977772806958),.UNSPECIFIED.);
#7739=VERTEX_POINT('',#9797);
#7740=LINE('',#9798,#9799);
#7741=B_SPLINE_CURVE_WITH_KNOTS('',2,(#9800,#9801,#9802,#9803,#9804,#9805,#9806,#9807,#9808,#9809,#9810,#9811,#9812,#9813,#9814,#9815,#9816,#9817,#9818,#9819,#9820,#9821,#9822,#9823,#9824,#9825,#9826,#9827,#9828,#9829,#9830,#9831,#9832,#9833,#9834,#9835,#9836,#9837,#9838,#9839,#9840,#9841,#9842,#9843,#9844,#9845,#9846,#9847,#9848,#9849,#9850,#9851,#9852,#9853,#9854,#9855,#9856,#9857,#9858,#9859,#9860,#9861,#9862,#9863,#9864),.UNSPECIFIED.,.F.,.F.,(3,2,2,2,2,2,2,2,2,2,2,2,2,2,2,2,2,2,2,2,2,2,2,2,2,2,2,2,2,2,2,2,3),(0.0,0.0625,0.09375,0.125,0.15625,0.1875,0.21875,0.25,0.28125,0.3125,0.34375,0.375,0.40625,0.4375,0.46875,0.5,0.53125,0.5625,0.59375,0.625,0.65625,0.6875,0.71875,0.75,0.78125,0.8125,0.84375,0.875,0.90625,0.9375,0.96875,0.986607142857143,1.0),.UNSPECIFIED.);
#7742=FILL_AREA_STYLE_COLOUR('',#9865);
#7743=B_SPLINE_CURVE_WITH_KNOTS('',2,(#9866,#9867,#9868,#9869,#9870,#9871,#9872,#9873,#9874,#9875,#9876,#9877,#9878,#9879,#9880,#9881,#9882,#9883,#9884,#9885,#9886,#9887,#9888,#9889,#9890,#9891,#9892,#9893,#9894,#9895,#9896,#9897,#9898,#9899,#9900,#9901,#9902,#9903,#9904,#9905,#9906,#9907,#9908,#9909,#9910,#9911,#9912,#9913,#9914,#9915,#9916,#9917,#9918,#9919,#9920,#9921,#9922,#9923,#9924,#9925,#9926,#9927,#9928),.UNSPECIFIED.,.F.,.F.,(3,2,2,2,2,2,2,2,2,2,2,2,2,2,2,2,2,2,2,2,2,2,2,2,2,2,2,2,2,2,2,3),(1.77123216093853E-08,0.0625000166053015,0.0937500160517915,0.125000015498281,0.156250014944771,0.187500014391261,0.218750013837751,0.250000013284241,0.281250012730731,0.312500012177221,0.343750011623711,0.375000011070201,0.406250010516691,0.437500009963181,0.468750009409671,0.500000008856161,0.531250008302651,0.562500007749141,0.593750007195631,0.625000006642121,0.656250006088611,0.6875000055351,0.71875000498159,0.75000000442808,0.78125000387457,0.81250000332106,0.84375000276755,0.87500000221404,0.90625000166053,0.93750000110702,0.96875000055351,1.0),.UNSPECIFIED.);
#7744=B_SPLINE_CURVE_WITH_KNOTS('',2,(#9929,#9930,#9931,#9932,#9933,#9934,#9935,#9936,#9937,#9938,#9939,#9940,#9941,#9942,#9943,#9944,#9945,#9946,#9947,#9948,#9949,#9950,#9951,#9952,#9953,#9954,#9955,#9956,#9957,#9958,#9959,#9960,#9961,#9962,#9963,#9964,#9965,#9966,#9967,#9968,#9969,#9970,#9971,#9972,#9973,#9974,#9975,#9976,#9977,#9978,#9979,#9980,#9981,#9982,#9983,#9984,#9985,#9986,#9987,#9988,#9989,#9990,#9991,#9992,#9993),.UNSPECIFIED.,.F.,.F.,(3,2,2,2,2,2,2,2,2,2,2,2,2,2,2,2,2,2,2,2,2,2,2,2,2,2,2,2,2,2,2,2,3),(0.0,0.0208333333333333,0.0625,0.09375,0.125,0.15625,0.1875,0.21875,0.25,0.28125,0.3125,0.34375,0.375,0.40625,0.4375,0.46875,0.5,0.53125,0.5625,0.59375,0.625,0.65625,0.6875,0.71875,0.75,0.78125,0.8125,0.84375,0.875,0.90625,0.9375,0.96875,1.0),.UNSPECIFIED.);
#7745=FILL_AREA_STYLE_COLOUR('',#9994);
#7746=B_SPLINE_CURVE_WITH_KNOTS('',3,(#9995,#9996,#9997,#9998,#9999,#10000,#10001,#10002,#10003,#10004),.UNSPECIFIED.,.F.,.F.,(4,2,2,2,4),(0.0450133760303127,0.0520967080859989,0.0591800401416852,0.0662633721973715,0.07334670475498),.UNSPECIFIED.);
#7747=FILL_AREA_STYLE_COLOUR('',#10005);
#7748=B_SPLINE_CURVE_WITH_KNOTS('',3,(#10006,#10007,#10008,#10009,#10010,#10011,#10012,#10013,#10014,#10015),.UNSPECIFIED.,.F.,.F.,(4,2,2,2,4),(0.0,0.0078837078691298,0.0157674157382596,0.0236511236073894,0.0315348314765192),.UNSPECIFIED.);
#7749=FILL_AREA_STYLE_COLOUR('',#10016);
#7750=FILL_AREA_STYLE_COLOUR('',#10017);
#7751=VERTEX_POINT('',#10018);
#7752=VERTEX_POINT('',#10019);
#7753=LINE('',#10020,#10021);
#7754=VERTEX_POINT('',#10022);
#7755=B_SPLINE_CURVE_WITH_KNOTS('',3,(#10023,#10024,#10025,#10026,#10027,#10028,#10029,#10030,#10031,#10032),.UNSPECIFIED.,.F.,.F.,(4,2,2,2,4),(0.00686496947511316,0.00764142139203491,0.00841787330895666,0.0091943252258784,0.00997077714280015),.UNSPECIFIED.);
#7756=VERTEX_POINT('',#10033);
#7757=LINE('',#10034,#10035);
#7758=B_SPLINE_CURVE_WITH_KNOTS('',2,(#10036,#10037,#10038,#10039,#10040,#10041,#10042,#10043,#10044,#10045,#10046,#10047,#10048,#10049,#10050,#10051,#10052,#10053,#10054,#10055,#10056,#10057,#10058,#10059,#10060,#10061,#10062,#10063,#10064,#10065,#10066,#10067,#10068,#10069,#10070,#10071,#10072,#10073,#10074,#10075,#10076,#10077,#10078,#10079,#10080,#10081,#10082,#10083,#10084,#10085,#10086,#10087,#10088,#10089,#10090,#10091,#10092,#10093,#10094,#10095,#10096,#10097,#10098,#10099,#10100),.UNSPECIFIED.,.F.,.F.,(3,2,2,2,2,2,2,2,2,2,2,2,2,2,2,2,2,2,2,2,2,2,2,2,2,2,2,2,2,2,2,2,3),(0.0,0.0625,0.09375,0.125,0.15625,0.1875,0.21875,0.25,0.28125,0.3125,0.34375,0.375,0.40625,0.4375,0.46875,0.5,0.53125,0.5625,0.59375,0.625,0.65625,0.6875,0.71875,0.75,0.78125,0.8125,0.84375,0.875,0.90625,0.9375,0.96875,0.986607142857143,1.0),.UNSPECIFIED.);
#7759=FILL_AREA_STYLE_COLOUR('',#10101);
#7760=VERTEX_POINT('',#10102);
#7761=VERTEX_POINT('',#10103);
#7762=LINE('',#10104,#10105);
#7763=VERTEX_POINT('',#10106);
#7764=B_SPLINE_CURVE_WITH_KNOTS('',3,(#10107,#10108,#10109,#10110,#10111,#10112,#10113,#10114,#10115,#10116),.UNSPECIFIED.,.F.,.F.,(4,2,2,2,4),(0.00667021958989761,0.00744510912444509,0.00821999865899256,0.00899488819354004,0.00976977772808752),.UNSPECIFIED.);
#7765=VERTEX_POINT('',#10117);
#7766=LINE('',#10118,#10119);
#7767=B_SPLINE_CURVE_WITH_KNOTS('',2,(#10120,#10121,#10122,#10123,#10124,#10125,#10126,#10127,#10128,#10129,#10130,#10131,#10132,#10133,#10134,#10135,#10136,#10137,#10138,#10139,#10140,#10141,#10142,#10143,#10144,#10145,#10146,#10147,#10148,#10149,#10150,#10151,#10152,#10153,#10154,#10155,#10156,#10157,#10158,#10159,#10160,#10161,#10162,#10163,#10164,#10165,#10166,#10167,#10168,#10169,#10170,#10171,#10172,#10173,#10174,#10175,#10176,#10177,#10178,#10179,#10180,#10181,#10182,#10183,#10184),.UNSPECIFIED.,.F.,.F.,(3,2,2,2,2,2,2,2,2,2,2,2,2,2,2,2,2,2,2,2,2,2,2,2,2,2,2,2,2,2,2,2,3),(0.0,0.0625,0.09375,0.125,0.15625,0.1875,0.21875,0.25,0.28125,0.3125,0.34375,0.375,0.40625,0.4375,0.46875,0.5,0.53125,0.5625,0.59375,0.625,0.65625,0.6875,0.71875,0.75,0.78125,0.8125,0.84375,0.875,0.90625,0.9375,0.96875,0.986607142857143,1.0),.UNSPECIFIED.);
#7768=FILL_AREA_STYLE_COLOUR('',#10185);
#7769=B_SPLINE_CURVE_WITH_KNOTS('',2,(#10186,#10187,#10188,#10189,#10190,#10191,#10192,#10193,#10194,#10195,#10196,#10197,#10198,#10199,#10200,#10201,#10202,#10203,#10204,#10205,#10206,#10207,#10208,#10209,#10210,#10211,#10212,#10213,#10214,#10215,#10216,#10217,#10218,#10219,#10220,#10221,#10222,#10223,#10224,#10225,#10226,#10227,#10228,#10229,#10230,#10231,#10232,#10233,#10234,#10235,#10236,#10237,#10238,#10239,#10240,#10241,#10242,#10243,#10244,#10245,#10246,#10247,#10248),.UNSPECIFIED.,.F.,.F.,(3,2,2,2,2,2,2,2,2,2,2,2,2,2,2,2,2,2,2,2,2,2,2,2,2,2,2,2,2,2,2,3),(2.65684823319169E-08,0.0625000249079522,0.0937500240776871,0.125000023247422,0.156250022417157,0.187500021586892,0.218750020756627,0.250000019926362,0.281250019096097,0.312500018265832,0.343750017435567,0.375000016605302,0.406250015775036,0.437500014944771,0.468750014114506,0.500000013284241,0.531250012453976,0.562500011623711,0.593750010793446,0.625000009963181,0.656250009132916,0.687500008302651,0.718750007472386,0.750000006642121,0.781250005811856,0.81250000498159,0.843750004151325,0.87500000332106,0.906250002490795,0.93750000166053,0.968750000830265,1.0),.UNSPECIFIED.);
#7770=B_SPLINE_CURVE_WITH_KNOTS('',2,(#10249,#10250,#10251,#10252,#10253,#10254,#10255,#10256,#10257,#10258,#10259,#10260,#10261,#10262,#10263,#10264,#10265,#10266,#10267,#10268,#10269,#10270,#10271,#10272,#10273,#10274,#10275,#10276,#10277,#10278,#10279,#10280,#10281,#10282,#10283,#10284,#10285,#10286,#10287,#10288,#10289,#10290,#10291,#10292,#10293,#10294,#10295,#10296,#10297,#10298,#10299,#10300,#10301,#10302,#10303,#10304,#10305,#10306,#10307,#10308,#10309,#10310,#10311),.UNSPECIFIED.,.F.,.F.,(3,2,2,2,2,2,2,2,2,2,2,2,2,2,2,2,2,2,2,2,2,2,2,2,2,2,2,2,2,2,2,3),(0.0,0.0625,0.09375,0.125,0.15625,0.1875,0.21875,0.25,0.28125,0.3125,0.34375,0.375,0.40625,0.4375,0.46875,0.5,0.53125,0.5625,0.59375,0.625,0.65625,0.6875,0.71875,0.75,0.78125,0.8125,0.84375,0.875,0.90625,0.9375,0.96875,1.0),.UNSPECIFIED.);
#7771=FILL_AREA_STYLE_COLOUR('',#10312);
#7772=B_SPLINE_CURVE_WITH_KNOTS('',3,(#10313,#10314,#10315,#10316,#10317,#10318,#10319,#10320,#10321,#10322),.UNSPECIFIED.,.F.,.F.,(4,2,2,2,4),(0.0384177693897328,0.0431311952969745,0.0478446212042162,0.0525580471114579,0.0572714735196053),.UNSPECIFIED.);
#7773=FILL_AREA_STYLE_COLOUR('',#10323);
#7774=B_SPLINE_CURVE_WITH_KNOTS('',3,(#10324,#10325,#10326,#10327,#10328,#10329,#10330,#10331,#10332,#10333),.UNSPECIFIED.,.F.,.F.,(4,2,2,2,4),(0.0,0.00548599856464225,0.0109719971292845,0.0164579956939268,0.021943994258569),.UNSPECIFIED.);
#7775=FILL_AREA_STYLE_COLOUR('',#10334);
#7776=FILL_AREA_STYLE_COLOUR('',#10335);
#7777=VERTEX_POINT('',#10336);
#7778=VERTEX_POINT('',#10337);
#7779=LINE('',#10338,#10339);
#7780=VERTEX_POINT('',#10340);
#7781=B_SPLINE_CURVE_WITH_KNOTS('',3,(#10341,#10342,#10343,#10344,#10345,#10346,#10347,#10348,#10349,#10350),.UNSPECIFIED.,.F.,.F.,(4,2,2,2,4),(0.00686496947490984,0.00764142139183219,0.00841787330875455,0.0091943252256769,0.00997077714259925),.UNSPECIFIED.);
#7782=VERTEX_POINT('',#10351);
#7783=LINE('',#10352,#10353);
#7784=B_SPLINE_CURVE_WITH_KNOTS('',2,(#10354,#10355,#10356,#10357,#10358,#10359,#10360,#10361,#10362,#10363,#10364,#10365,#10366,#10367,#10368,#10369,#10370,#10371,#10372,#10373,#10374,#10375,#10376,#10377,#10378,#10379,#10380,#10381,#10382,#10383,#10384,#10385,#10386,#10387,#10388,#10389,#10390,#10391,#10392,#10393,#10394,#10395,#10396,#10397,#10398,#10399,#10400,#10401,#10402,#10403,#10404,#10405,#10406,#10407,#10408,#10409,#10410,#10411,#10412,#10413,#10414,#10415,#10416,#10417,#10418),.UNSPECIFIED.,.F.,.F.,(3,2,2,2,2,2,2,2,2,2,2,2,2,2,2,2,2,2,2,2,2,2,2,2,2,2,2,2,2,2,2,2,3),(0.0,0.0625,0.09375,0.125,0.15625,0.1875,0.21875,0.25,0.28125,0.3125,0.34375,0.375,0.40625,0.4375,0.46875,0.5,0.53125,0.5625,0.59375,0.625,0.65625,0.6875,0.71875,0.75,0.78125,0.8125,0.84375,0.875,0.90625,0.9375,0.96875,0.986607142857143,1.0),.UNSPECIFIED.);
#7785=FILL_AREA_STYLE_COLOUR('',#10419);
#7786=VERTEX_POINT('',#10420);
#7787=VERTEX_POINT('',#10421);
#7788=LINE('',#10422,#10423);
#7789=VERTEX_POINT('',#10424);
#7790=B_SPLINE_CURVE_WITH_KNOTS('',3,(#10425,#10426,#10427,#10428,#10429,#10430,#10431,#10432,#10433,#10434),.UNSPECIFIED.,.F.,.F.,(4,2,2,2,4),(0.00667021958979511,0.00744510912434164,0.00821999865888818,0.00899488819343471,0.00976977772798124),.UNSPECIFIED.);
#7791=VERTEX_POINT('',#10435);
#7792=LINE('',#10436,#10437);
#7793=B_SPLINE_CURVE_WITH_KNOTS('',2,(#10438,#10439,#10440,#10441,#10442,#10443,#10444,#10445,#10446,#10447,#10448,#10449,#10450,#10451,#10452,#10453,#10454,#10455,#10456,#10457,#10458,#10459,#10460,#10461,#10462,#10463,#10464,#10465,#10466,#10467,#10468,#10469,#10470,#10471,#10472,#10473,#10474,#10475,#10476,#10477,#10478,#10479,#10480,#10481,#10482,#10483,#10484,#10485,#10486,#10487,#10488,#10489,#10490,#10491,#10492,#10493,#10494,#10495,#10496,#10497,#10498,#10499,#10500,#10501,#10502),.UNSPECIFIED.,.F.,.F.,(3,2,2,2,2,2,2,2,2,2,2,2,2,2,2,2,2,2,2,2,2,2,2,2,2,2,2,2,2,2,2,2,3),(0.0,0.0625,0.09375,0.125,0.15625,0.1875,0.21875,0.25,0.28125,0.3125,0.34375,0.375,0.40625,0.4375,0.46875,0.5,0.53125,0.5625,0.59375,0.625,0.65625,0.6875,0.71875,0.75,0.78125,0.8125,0.84375,0.875,0.90625,0.9375,0.96875,0.986607142857143,1.0),.UNSPECIFIED.);
#7794=FILL_AREA_STYLE_COLOUR('',#10503);
#7795=B_SPLINE_CURVE_WITH_KNOTS('',2,(#10504,#10505,#10506,#10507,#10508,#10509,#10510,#10511,#10512,#10513,#10514,#10515,#10516,#10517,#10518,#10519,#10520,#10521,#10522,#10523,#10524,#10525,#10526,#10527,#10528,#10529,#10530,#10531,#10532,#10533,#10534,#10535,#10536,#10537,#10538,#10539,#10540,#10541,#10542,#10543,#10544,#10545,#10546,#10547,#10548,#10549,#10550,#10551,#10552,#10553,#10554,#10555,#10556,#10557,#10558,#10559,#10560,#10561,#10562,#10563,#10564,#10565,#10566),.UNSPECIFIED.,.F.,.F.,(3,2,2,2,2,2,2,2,2,2,2,2,2,2,2,2,2,2,2,2,2,2,2,2,2,2,2,2,2,2,2,3),(4.55459698824193E-08,0.0625000426993468,0.0982143267869907,0.125000039852724,0.160714323940368,0.187500037006101,0.223214321093744,0.250000034159477,0.285714318247121,0.312500031312854,0.348214315400498,0.375000028466231,0.410714312553875,0.437500025619608,0.473214309707252,0.500000022772985,0.535714306860629,0.562500019926362,0.598214304014006,0.625000017079739,0.660714301167383,0.687500014233116,0.723214298320759,0.750000011386492,0.785714295474136,0.812500008539869,0.848214292627513,0.875000005693246,0.91071428978089,0.937500002846623,0.968750001423312,1.0),.UNSPECIFIED.);
#7796=B_SPLINE_CURVE_WITH_KNOTS('',2,(#10567,#10568,#10569,#10570,#10571,#10572,#10573,#10574,#10575,#10576,#10577,#10578,#10579,#10580,#10581,#10582,#10583,#10584,#10585,#10586,#10587,#10588,#10589,#10590,#10591,#10592,#10593,#10594,#10595,#10596,#10597,#10598,#10599,#10600,#10601,#10602,#10603,#10604,#10605,#10606,#10607,#10608,#10609,#10610,#10611,#10612,#10613,#10614,#10615,#10616,#10617,#10618,#10619,#10620,#10621,#10622,#10623,#10624,#10625,#10626,#10627,#10628,#10629),.UNSPECIFIED.,.F.,.F.,(3,2,2,2,2,2,2,2,2,2,2,2,2,2,2,2,2,2,2,2,2,2,2,2,2,2,2,2,2,2,2,3),(0.0,0.0625,0.0982142857142857,0.125,0.160714285714286,0.1875,0.223214285714286,0.25,0.285714285714286,0.3125,0.348214285714286,0.375,0.410714285714286,0.4375,0.473214285714286,0.5,0.535714285714286,0.5625,0.598214285714286,0.625,0.660714285714286,0.6875,0.723214285714286,0.75,0.785714285714286,0.8125,0.848214285714286,0.875,0.910714285714286,0.9375,0.96875,1.0),.UNSPECIFIED.);
#7797=FILL_AREA_STYLE_COLOUR('',#10630);
#7798=B_SPLINE_CURVE_WITH_KNOTS('',3,(#10631,#10632,#10633,#10634,#10635,#10636,#10637,#10638,#10639,#10640),.UNSPECIFIED.,.F.,.F.,(4,2,2,2,4),(0.0220992584574007,0.0248360160886473,0.0275727737198939,0.0303095313511405,0.0330462894806342),.UNSPECIFIED.);
#7799=FILL_AREA_STYLE_COLOUR('',#10641);
#7800=B_SPLINE_CURVE_WITH_KNOTS('',3,(#10642,#10643,#10644,#10645,#10646,#10647,#10648,#10649,#10650,#10651),.UNSPECIFIED.,.F.,.F.,(4,2,2,2,4),(0.0,0.00351542618794529,0.00703085237589059,0.0105462785638359,0.0140617047517812),.UNSPECIFIED.);
#7801=FILL_AREA_STYLE_COLOUR('',#10652);
#7802=FILL_AREA_STYLE_COLOUR('',#10653);
#7803=VERTEX_POINT('',#10654);
#7804=CIRCLE('',#10655,0.003);
#7805=FILL_AREA_STYLE_COLOUR('',#10656);
#7806=VERTEX_POINT('',#10657);
#7807=CIRCLE('',#10658,0.003);
#7808=FILL_AREA_STYLE_COLOUR('',#10659);
#7809=FILL_AREA_STYLE_COLOUR('',#10660);
#7810=VERTEX_POINT('',#10661);
#7811=VERTEX_POINT('',#10662);
#7812=B_SPLINE_CURVE_WITH_KNOTS('',2,(#10663,#10664,#10665,#10666,#10667,#10668,#10669,#10670,#10671,#10672,#10673,#10674,#10675,#10676,#10677,#10678,#10679,#10680,#10681,#10682,#10683,#10684,#10685,#10686,#10687,#10688,#10689,#10690,#10691,#10692,#10693,#10694,#10695,#10696,#10697,#10698,#10699,#10700,#10701,#10702,#10703,#10704,#10705,#10706,#10707,#10708,#10709,#10710,#10711,#10712,#10713,#10714,#10715,#10716,#10717,#10718,#10719,#10720,#10721,#10722,#10723,#10724,#10725,#10726,#10727),.UNSPECIFIED.,.F.,.F.,(3,2,2,2,2,2,2,2,2,2,2,2,2,2,2,2,2,2,2,2,2,2,2,2,2,2,2,2,2,2,2,2,3),(0.0,0.0625,0.09375,0.125,0.15625,0.1875,0.21875,0.25,0.28125,0.3125,0.34375,0.375,0.40625,0.4375,0.46875,0.5,0.53125,0.5625,0.59375,0.625,0.65625,0.6875,0.71875,0.75,0.78125,0.8125,0.84375,0.875,0.90625,0.9375,0.96875,0.986607142857143,1.0),.UNSPECIFIED.);
#7813=VERTEX_POINT('',#10728);
#7814=B_SPLINE_CURVE_WITH_KNOTS('',2,(#10729,#10730,#10731,#10732,#10733,#10734,#10735,#10736,#10737,#10738,#10739,#10740,#10741,#10742,#10743,#10744,#10745,#10746,#10747,#10748,#10749,#10750,#10751,#10752,#10753,#10754,#10755,#10756,#10757,#10758,#10759,#10760,#10761,#10762,#10763,#10764,#10765,#10766,#10767,#10768,#10769,#10770,#10771,#10772,#10773,#10774,#10775,#10776,#10777,#10778,#10779,#10780,#10781,#10782,#10783,#10784,#10785,#10786,#10787,#10788,#10789,#10790,#10791),.UNSPECIFIED.,.F.,.F.,(3,2,2,2,2,2,2,2,2,2,2,2,2,2,2,2,2,2,2,2,2,2,2,2,2,2,2,2,2,2,2,3),(0.0,0.0625,0.0982142857142857,0.125,0.160714285714286,0.1875,0.223214285714286,0.25,0.285714285714286,0.3125,0.348214285714286,0.375,0.410714285714286,0.4375,0.473214285714286,0.5,0.535714285714286,0.5625,0.598214285714286,0.625,0.660714285714286,0.6875,0.723214285714286,0.75,0.785714285714286,0.8125,0.848214285714286,0.875,0.910714285714286,0.9375,0.96875,1.0),.UNSPECIFIED.);
#7815=VERTEX_POINT('',#10792);
#7816=B_SPLINE_CURVE_WITH_KNOTS('',2,(#10793,#10794,#10795,#10796,#10797,#10798,#10799,#10800,#10801,#10802,#10803,#10804,#10805,#10806,#10807,#10808,#10809,#10810,#10811,#10812,#10813,#10814,#10815,#10816,#10817,#10818,#10819,#10820,#10821,#10822,#10823,#10824,#10825,#10826,#10827,#10828,#10829,#10830,#10831,#10832,#10833,#10834,#10835,#10836,#10837,#10838,#10839,#10840,#10841,#10842,#10843,#10844,#10845,#10846,#10847,#10848,#10849,#10850,#10851,#10852,#10853,#10854,#10855,#10856,#10857),.UNSPECIFIED.,.F.,.F.,(3,2,2,2,2,2,2,2,2,2,2,2,2,2,2,2,2,2,2,2,2,2,2,2,2,2,2,2,2,2,2,2,3),(0.0,0.0625,0.09375,0.125,0.15625,0.1875,0.21875,0.25,0.28125,0.3125,0.34375,0.375,0.40625,0.4375,0.46875,0.5,0.53125,0.5625,0.59375,0.625,0.65625,0.6875,0.71875,0.75,0.78125,0.8125,0.84375,0.875,0.90625,0.9375,0.96875,0.986607142857143,1.0),.UNSPECIFIED.);
#7817=B_SPLINE_CURVE_WITH_KNOTS('',2,(#10858,#10859,#10860,#10861,#10862,#10863,#10864,#10865,#10866,#10867,#10868,#10869,#10870,#10871,#10872,#10873,#10874,#10875,#10876,#10877,#10878,#10879,#10880,#10881,#10882,#10883,#10884,#10885,#10886,#10887,#10888,#10889,#10890,#10891,#10892,#10893,#10894,#10895,#10896,#10897,#10898,#10899,#10900,#10901,#10902,#10903,#10904,#10905,#10906,#10907,#10908,#10909,#10910,#10911,#10912,#10913,#10914,#10915,#10916,#10917,#10918,#10919,#10920),.UNSPECIFIED.,.F.,.F.,(3,2,2,2,2,2,2,2,2,2,2,2,2,2,2,2,2,2,2,2,2,2,2,2,2,2,2,2,2,2,2,3),(0.0,0.0625,0.0982142857142857,0.125,0.160714285714286,0.1875,0.223214285714286,0.25,0.285714285714286,0.3125,0.348214285714286,0.375,0.410714285714286,0.4375,0.473214285714286,0.5,0.535714285714286,0.5625,0.598214285714286,0.625,0.660714285714286,0.6875,0.723214285714286,0.75,0.785714285714286,0.8125,0.848214285714286,0.875,0.910714285714286,0.9375,0.96875,1.0),.UNSPECIFIED.);
#7818=FILL_AREA_STYLE_COLOUR('',#10921);
#7819=VERTEX_POINT('',#10922);
#7820=LINE('',#10923,#10924);
#7821=VERTEX_POINT('',#10925);
#7822=B_SPLINE_CURVE_WITH_KNOTS('',3,(#10926,#10927,#10928,#10929,#10930,#10931,#10932,#10933,#10934,#10935),.UNSPECIFIED.,.F.,.F.,(4,2,2,2,4),(0.0143034807156085,0.0178416484069258,0.0213798160982431,0.0249179837895604,0.0284561514808776),.UNSPECIFIED.);
#7823=LINE('',#10936,#10937);
#7824=FILL_AREA_STYLE_COLOUR('',#10938);
#7825=VERTEX_POINT('',#10939);
#7826=LINE('',#10940,#10941);
#7827=VERTEX_POINT('',#10942);
#7828=B_SPLINE_CURVE_WITH_KNOTS('',3,(#10943,#10944,#10945,#10946,#10947,#10948,#10949,#10950,#10951,#10952),.UNSPECIFIED.,.F.,.F.,(4,2,2,2,4),(0.0,0.00274356171345368,0.00548712342690736,0.00823068514036104,0.0109742468538147),.UNSPECIFIED.);
#7829=LINE('',#10953,#10954);
#7830=FILL_AREA_STYLE_COLOUR('',#10955);
#7831=B_SPLINE_CURVE_WITH_KNOTS('',3,(#10956,#10957,#10958,#10959,#10960,#10961,#10962,#10963,#10964,#10965),.UNSPECIFIED.,.F.,.F.,(4,2,2,2,4),(0.00686496947497185,0.00764142139189395,0.00841787330881605,0.00919432522573816,0.00997077714266026),.UNSPECIFIED.);
#7832=FILL_AREA_STYLE_COLOUR('',#10966);
#7833=B_SPLINE_CURVE_WITH_KNOTS('',3,(#10967,#10968,#10969,#10970,#10971,#10972,#10973,#10974,#10975,#10976),.UNSPECIFIED.,.F.,.F.,(4,2,2,2,4),(0.00667021959024284,0.00744510912479382,0.00821999865934479,0.00899488819389577,0.00976977772844675),.UNSPECIFIED.);
#7834=FILL_AREA_STYLE_COLOUR('',#10977);
#7835=FILL_AREA_STYLE_COLOUR('',#10978);
#7836=VERTEX_POINT('',#10979);
#7837=VERTEX_POINT('',#10980);
#7838=B_SPLINE_CURVE_WITH_KNOTS('',2,(#10981,#10982,#10983,#10984,#10985,#10986,#10987,#10988,#10989,#10990,#10991,#10992,#10993,#10994,#10995,#10996,#10997,#10998,#10999,#11000,#11001,#11002,#11003,#11004,#11005,#11006,#11007,#11008,#11009,#11010,#11011,#11012,#11013,#11014,#11015,#11016,#11017,#11018,#11019,#11020,#11021,#11022,#11023,#11024,#11025,#11026,#11027,#11028,#11029,#11030,#11031,#11032,#11033,#11034,#11035,#11036,#11037,#11038,#11039,#11040,#11041,#11042,#11043,#11044,#11045),.UNSPECIFIED.,.F.,.F.,(3,2,2,2,2,2,2,2,2,2,2,2,2,2,2,2,2,2,2,2,2,2,2,2,2,2,2,2,2,2,2,2,3),(0.0,0.0625,0.09375,0.125,0.15625,0.1875,0.21875,0.25,0.28125,0.3125,0.34375,0.375,0.40625,0.4375,0.46875,0.5,0.53125,0.5625,0.59375,0.625,0.65625,0.6875,0.71875,0.75,0.78125,0.8125,0.84375,0.875,0.90625,0.9375,0.96875,0.986607142857143,1.0),.UNSPECIFIED.);
#7839=VERTEX_POINT('',#11046);
#7840=B_SPLINE_CURVE_WITH_KNOTS('',2,(#11047,#11048,#11049,#11050,#11051,#11052,#11053,#11054,#11055,#11056,#11057,#11058,#11059,#11060,#11061,#11062,#11063,#11064,#11065,#11066,#11067,#11068,#11069,#11070,#11071,#11072,#11073,#11074,#11075,#11076,#11077,#11078,#11079,#11080,#11081,#11082,#11083,#11084,#11085,#11086,#11087,#11088,#11089,#11090,#11091,#11092,#11093,#11094,#11095,#11096,#11097,#11098,#11099,#11100,#11101,#11102,#11103,#11104,#11105,#11106,#11107,#11108,#11109),.UNSPECIFIED.,.F.,.F.,(3,2,2,2,2,2,2,2,2,2,2,2,2,2,2,2,2,2,2,2,2,2,2,2,2,2,2,2,2,2,2,3),(0.0,0.0625,0.09375,0.125,0.15625,0.1875,0.21875,0.25,0.28125,0.3125,0.34375,0.375,0.40625,0.4375,0.46875,0.5,0.53125,0.5625,0.59375,0.625,0.65625,0.6875,0.71875,0.75,0.78125,0.8125,0.84375,0.875,0.90625,0.9375,0.96875,1.0),.UNSPECIFIED.);
#7841=VERTEX_POINT('',#11110);
#7842=B_SPLINE_CURVE_WITH_KNOTS('',2,(#11111,#11112,#11113,#11114,#11115,#11116,#11117,#11118,#11119,#11120,#11121,#11122,#11123,#11124,#11125,#11126,#11127,#11128,#11129,#11130,#11131,#11132,#11133,#11134,#11135,#11136,#11137,#11138,#11139,#11140,#11141,#11142,#11143,#11144,#11145,#11146,#11147,#11148,#11149,#11150,#11151,#11152,#11153,#11154,#11155,#11156,#11157,#11158,#11159,#11160,#11161,#11162,#11163,#11164,#11165,#11166,#11167,#11168,#11169,#11170,#11171,#11172,#11173,#11174,#11175),.UNSPECIFIED.,.F.,.F.,(3,2,2,2,2,2,2,2,2,2,2,2,2,2,2,2,2,2,2,2,2,2,2,2,2,2,2,2,2,2,2,2,3),(0.0,0.0625,0.09375,0.125,0.15625,0.1875,0.21875,0.25,0.28125,0.3125,0.34375,0.375,0.40625,0.4375,0.46875,0.5,0.53125,0.5625,0.59375,0.625,0.65625,0.6875,0.71875,0.75,0.78125,0.8125,0.84375,0.875,0.90625,0.9375,0.96875,0.986607142857143,1.0),.UNSPECIFIED.);
#7843=B_SPLINE_CURVE_WITH_KNOTS('',2,(#11176,#11177,#11178,#11179,#11180,#11181,#11182,#11183,#11184,#11185,#11186,#11187,#11188,#11189,#11190,#11191,#11192,#11193,#11194,#11195,#11196,#11197,#11198,#11199,#11200,#11201,#11202,#11203,#11204,#11205,#11206,#11207,#11208,#11209,#11210,#11211,#11212,#11213,#11214,#11215,#11216,#11217,#11218,#11219,#11220,#11221,#11222,#11223,#11224,#11225,#11226,#11227,#11228,#11229,#11230,#11231,#11232,#11233,#11234,#11235,#11236,#11237,#11238),.UNSPECIFIED.,.F.,.F.,(3,2,2,2,2,2,2,2,2,2,2,2,2,2,2,2,2,2,2,2,2,2,2,2,2,2,2,2,2,2,2,3),(0.0,0.0625,0.09375,0.125,0.15625,0.1875,0.21875,0.25,0.28125,0.3125,0.34375,0.375,0.40625,0.4375,0.46875,0.5,0.53125,0.5625,0.59375,0.625,0.65625,0.6875,0.71875,0.75,0.78125,0.8125,0.84375,0.875,0.90625,0.9375,0.96875,1.0),.UNSPECIFIED.);
#7844=FILL_AREA_STYLE_COLOUR('',#11239);
#7845=VERTEX_POINT('',#11240);
#7846=LINE('',#11241,#11242);
#7847=VERTEX_POINT('',#11243);
#7848=B_SPLINE_CURVE_WITH_KNOTS('',3,(#11244,#11245,#11246,#11247,#11248,#11249,#11250,#11251,#11252,#11253),.UNSPECIFIED.,.F.,.F.,(4,2,2,2,4),(0.0275553874547082,0.0330826064877552,0.0386098255208023,0.0441370445538493,0.0496642635868964),.UNSPECIFIED.);
#7849=LINE('',#11254,#11255);
#7850=FILL_AREA_STYLE_COLOUR('',#11256);
#7851=VERTEX_POINT('',#11257);
#7852=LINE('',#11258,#11259);
#7853=VERTEX_POINT('',#11260);
#7854=B_SPLINE_CURVE_WITH_KNOTS('',3,(#11261,#11262,#11263,#11264,#11265,#11266,#11267,#11268,#11269,#11270),.UNSPECIFIED.,.F.,.F.,(4,2,2,2,4),(0.0,0.0046874950276131,0.00937499005522621,0.0140624850828393,0.0187499801104524),.UNSPECIFIED.);
#7855=LINE('',#11271,#11272);
#7856=FILL_AREA_STYLE_COLOUR('',#11273);
#7857=B_SPLINE_CURVE_WITH_KNOTS('',3,(#11274,#11275,#11276,#11277,#11278,#11279,#11280,#11281,#11282,#11283),.UNSPECIFIED.,.F.,.F.,(4,2,2,2,4),(0.006864969474893,0.00764142139181533,0.00841787330873766,0.00919432522565998,0.00997077714258231),.UNSPECIFIED.);
#7858=FILL_AREA_STYLE_COLOUR('',#11284);
#7859=B_SPLINE_CURVE_WITH_KNOTS('',3,(#11285,#11286,#11287,#11288,#11289,#11290,#11291,#11292,#11293,#11294),.UNSPECIFIED.,.F.,.F.,(4,2,2,2,4),(0.00667021959063206,0.00744510912518672,0.00821999865974139,0.00899488819429605,0.00976977772885072),.UNSPECIFIED.);
#7860=FILL_AREA_STYLE_COLOUR('',#11295);
#7861=COLOUR_RGB('',0.501960813999176,1.0,1.0);
#7862=CARTESIAN_POINT('',(0.0278527938683829,-0.0226743392359505,0.00192576076404927));
#7863=CARTESIAN_POINT('',(0.0259027938683829,-0.0246243392359505,0.00192576076404927));
#7864=AXIS2_PLACEMENT_3D('',#11296,#11297,#11298);
#7865=CARTESIAN_POINT('',(0.0278527938683829,-0.0226743392359505,-7.42392359507255E-05));
#7866=CARTESIAN_POINT('',(0.0278527938683829,-0.0226743392359505,0.000925760764049274));
#7867=VECTOR('',#11299,1.0);
#7868=CARTESIAN_POINT('',(0.0259027938683829,-0.0246243392359505,-7.42392359507264E-05));
#7869=AXIS2_PLACEMENT_3D('',#11300,#11301,#11302);
#7870=CARTESIAN_POINT('',(0.0259027938683829,-0.0246243392359505,0.00192576076404944));
#7871=VECTOR('',#11303,1.0);
#7872=COLOUR_RGB('',0.501960813999176,1.0,1.0);
#7873=CARTESIAN_POINT('',(0.04,0.0619154313793919,-0.0134742392359501));
#7874=AXIS2_PLACEMENT_3D('',#11304,#11305,#11306);
#7875=CARTESIAN_POINT('',(0.043,0.0619154313793919,-0.0134742392359502));
#7876=AXIS2_PLACEMENT_3D('',#11307,#11308,#11309);
#7877=COLOUR_RGB('',0.501960813999176,1.0,1.0);
#7878=CARTESIAN_POINT('',(-0.0259027938683825,-0.0246243392359505,0.00192576076404944));
#7879=CARTESIAN_POINT('',(-0.0278527938683825,-0.0226743392359505,0.00192576076404945));
#7880=AXIS2_PLACEMENT_3D('',#11310,#11311,#11312);
#7881=CARTESIAN_POINT('',(-0.0259027938683826,-0.0246243392359505,-7.42392359505627E-05));
#7882=CARTESIAN_POINT('',(-0.0259027938683826,-0.0246243392359505,0.00192576076404944));
#7883=VECTOR('',#11313,1.0);
#7884=CARTESIAN_POINT('',(-0.0278527938683826,-0.0226743392359505,-7.42392359505492E-05));
#7885=AXIS2_PLACEMENT_3D('',#11314,#11315,#11316);
#7886=CARTESIAN_POINT('',(-0.0278527938683825,-0.0226743392359505,0.000925760764049451));
#7887=VECTOR('',#11317,1.0);
#7888=COLOUR_RGB('',0.501960813999176,1.0,1.0);
#7889=CARTESIAN_POINT('',(0.043,0.0426154313793919,-0.0134742392359502));
#7890=AXIS2_PLACEMENT_3D('',#11318,#11319,#11320);
#7891=CARTESIAN_POINT('',(0.043,0.0403240100231546,-0.00647423923595015));
#7892=CARTESIAN_POINT('',(0.043,0.0642068527356292,-0.00647423923595015));
#7893=CARTESIAN_POINT('',(0.043,-0.0311743392359505,-0.00647423923595015));
#7894=VECTOR('',#11321,1.0);
#7895=CARTESIAN_POINT('',(0.043,0.0382654313793919,-0.00853281787971285));
#7896=CARTESIAN_POINT('',(0.0429999999999999,0.00621579761879062,-0.0405824516403141));
#7897=VECTOR('',#11322,1.0);
#7898=CARTESIAN_POINT('',(0.043,0.0382654313793919,-0.0156156605921875));
#7899=CARTESIAN_POINT('',(0.043,0.0382654313793919,-0.00319231478557297));
#7900=VECTOR('',#11323,1.0);
#7901=CARTESIAN_POINT('',(0.0429999999999999,0.0403240100231546,-0.0176742392359501));
#7902=CARTESIAN_POINT('',(0.0430000000000001,-0.00266612683158667,0.0253158976187909));
#7903=VECTOR('',#11324,1.0);
#7904=CARTESIAN_POINT('',(0.0429999999999999,0.0642068527356292,-0.0176742392359501));
#7905=CARTESIAN_POINT('',(0.0429999999999999,-0.0311743392359505,-0.0176742392359501));
#7906=VECTOR('',#11325,1.0);
#7907=CARTESIAN_POINT('',(0.043,0.0662654313793919,-0.0156156605921874));
#7908=CARTESIAN_POINT('',(0.0429999999999998,0.0237572189750279,-0.0581238729965514));
#7909=VECTOR('',#11326,1.0);
#7910=CARTESIAN_POINT('',(0.043,0.0662654313793919,-0.00853281787971285));
#7911=CARTESIAN_POINT('',(0.043,0.0662654313793919,-0.00319231478557297));
#7912=VECTOR('',#11327,1.0);
#7913=CARTESIAN_POINT('',(0.0430000000000001,0.0148752945246506,0.0428573189750283));
#7914=VECTOR('',#11328,1.0);
#7915=CARTESIAN_POINT('',(0.043,0.0462756607640495,-0.00857423923595015));
#7916=CARTESIAN_POINT('',(0.043,0.0582756607640495,-0.00857423923595015));
#7917=CARTESIAN_POINT('',(0.043,-0.0311743392359505,-0.00857423923595015));
#7918=VECTOR('',#11329,1.0);
#7919=CARTESIAN_POINT('',(0.043,0.0582756607640495,-0.0157742392359502));
#7920=CARTESIAN_POINT('',(0.043,0.0582756607640495,-0.00319231478557297));
#7921=VECTOR('',#11330,1.0);
#7922=CARTESIAN_POINT('',(0.043,0.0462756607640495,-0.0157742392359502));
#7923=CARTESIAN_POINT('',(0.043,-0.0311743392359505,-0.0157742392359502));
#7924=VECTOR('',#11331,1.0);
#7925=CARTESIAN_POINT('',(0.043,0.0462756607640495,-0.00319231478557297));
#7926=VECTOR('',#11332,1.0);
#7927=COLOUR_RGB('',0.501960813999176,1.0,1.0);
#7928=CARTESIAN_POINT('',(0.04,0.0462756607640495,-0.0157742392359501));
#7929=CARTESIAN_POINT('',(0.0376,0.0462756607640495,-0.0157742392359501));
#7930=VECTOR('',#11333,1.0);
#7931=CARTESIAN_POINT('',(0.04,0.0462756607640495,-0.00857423923595015));
#7932=CARTESIAN_POINT('',(0.04,0.0462756607640495,-0.00757423923595014));
#7933=VECTOR('',#11334,1.0);
#7934=CARTESIAN_POINT('',(0.0376,0.0462756607640495,-0.00857423923595013));
#7935=VECTOR('',#11335,1.0);
#7936=COLOUR_RGB('',0.501960813999176,1.0,1.0);
#7937=CARTESIAN_POINT('',(0.04,0.0426154313793919,-0.0134742392359501));
#7938=AXIS2_PLACEMENT_3D('',#11336,#11337,#11338);
#7939=COLOUR_RGB('',0.501960813999176,1.0,1.0);
#7940=CARTESIAN_POINT('',(0.04,0.0582756607640495,-0.0157742392359501));
#7941=CARTESIAN_POINT('',(0.0376,0.0582756607640495,-0.0157742392359501));
#7942=VECTOR('',#11339,1.0);
#7943=CARTESIAN_POINT('',(0.04,0.0462756607640495,-0.0157742392359501));
#7944=VECTOR('',#11340,1.0);
#7945=COLOUR_RGB('',0.501960813999176,1.0,1.0);
#7946=CARTESIAN_POINT('',(0.04,0.0582756607640495,-0.00857423923595011));
#7947=CARTESIAN_POINT('',(0.04,0.0472756607640495,-0.00857423923595015));
#7948=VECTOR('',#11341,1.0);
#7949=CARTESIAN_POINT('',(0.0376,0.0582756607640495,-0.00857423923595013));
#7950=VECTOR('',#11342,1.0);
#7951=COLOUR_RGB('',0.501960813999176,1.0,1.0);
#7952=CARTESIAN_POINT('',(0.04,0.0582756607640495,-0.0145742392359501));
#7953=VECTOR('',#11343,1.0);
#7954=COLOUR_RGB('',0.501960813999176,1.0,1.0);
#7955=CARTESIAN_POINT('',(0.0425999999999999,0.0372654313793919,-0.0230742392359505));
#7956=CARTESIAN_POINT('',(0.0426,0.0372654313793919,-7.42392359505639E-05));
#7957=CARTESIAN_POINT('',(0.0426,0.0372654313793919,0.00792576076404942));
#7958=VECTOR('',#11344,1.0);
#7959=CARTESIAN_POINT('',(0.04,0.0372654313793919,-7.4239235950555E-05));
#7960=CARTESIAN_POINT('',(0.039,0.0372654313793919,-7.42392359505501E-05));
#7961=VECTOR('',#11345,1.0);
#7962=CARTESIAN_POINT('',(0.0399999999999999,0.0372654313793919,-0.0230742392359505));
#7963=CARTESIAN_POINT('',(0.04,0.0372654313793919,0.00792576076404942));
#7964=VECTOR('',#11346,1.0);
#7965=CARTESIAN_POINT('',(0.0425999999999999,0.0372654313793919,-0.0230742392359505));
#7966=VECTOR('',#11347,1.0);
#7967=COLOUR_RGB('',0.501960813999176,1.0,1.0);
#7968=CARTESIAN_POINT('',(0.039,0.0362654313793919,0.000925760764049447));
#7969=CARTESIAN_POINT('',(0.0278867431282192,0.0251521745076111,0.0120390176358302));
#7970=VECTOR('',#11348,1.0);
#7971=CARTESIAN_POINT('',(0.0416,0.0362654313793919,0.000925760764049439));
#7972=CARTESIAN_POINT('',(0.0277333333333333,0.0223987647127251,0.0147924274307161));
#7973=VECTOR('',#11349,1.0);
#7974=CARTESIAN_POINT('',(0.0416,0.0362654313793919,0.000925760764049439));
#7975=VECTOR('',#11350,1.0);
#7976=COLOUR_RGB('',0.501960813999176,1.0,1.0);
#7977=CARTESIAN_POINT('',(0.04,0.0672654313793919,-7.42392359504495E-05));
#7978=CARTESIAN_POINT('',(0.0399999999999999,0.0672654313793919,-0.0230742392359505));
#7979=CARTESIAN_POINT('',(0.04,0.0672654313793919,0.00792576076404942));
#7980=VECTOR('',#11351,1.0);
#7981=CARTESIAN_POINT('',(0.0426,0.0672654313793919,-7.42392359504581E-05));
#7982=CARTESIAN_POINT('',(0.0416,0.0672654313793919,-7.42392359504524E-05));
#7983=VECTOR('',#11352,1.0);
#7984=CARTESIAN_POINT('',(0.0425999999999999,0.0672654313793919,-0.0230742392359505));
#7985=CARTESIAN_POINT('',(0.0426,0.0672654313793919,0.00792576076404942));
#7986=VECTOR('',#11353,1.0);
#7987=CARTESIAN_POINT('',(0.0425999999999999,0.0672654313793919,-0.0230742392359505));
#7988=VECTOR('',#11354,1.0);
#7989=COLOUR_RGB('',0.501960813999176,1.0,1.0);
#7990=CARTESIAN_POINT('',(0.039,0.0682654313793919,0.00092576076404956));
#7991=CARTESIAN_POINT('',(0.0621132568717808,0.0451521745076111,-0.0221874961077314));
#7992=VECTOR('',#11355,1.0);
#7993=CARTESIAN_POINT('',(0.0416,0.0682654313793919,0.000925760764049552));
#7994=CARTESIAN_POINT('',(0.039,0.0682654313793919,0.00092576076404956));
#7995=VECTOR('',#11356,1.0);
#7996=CARTESIAN_POINT('',(0.0426,0.0672654313793919,-7.42392359504557E-05));
#7997=VECTOR('',#11357,1.0);
#7998=COLOUR_RGB('',0.501960813999176,1.0,1.0);
#7999=CARTESIAN_POINT('',(0.0259027945333274,0.0310784546324322,0.00192576076404947));
#8000=CARTESIAN_POINT('',(-0.025902794533327,0.0310784546324322,0.00192576076404963));
#8001=CARTESIAN_POINT('',(0.0258027938683829,0.0310784546324322,0.00192576076404947));
#8002=VECTOR('',#11358,1.0);
#8003=CARTESIAN_POINT('',(-0.025902794533327,0.0310784546324322,-7.42392359503661E-05));
#8004=CARTESIAN_POINT('',(-0.025902794533327,0.0310784546324322,0.000925760764049633));
#8005=VECTOR('',#11359,1.0);
#8006=CARTESIAN_POINT('',(0.0259027945333274,0.0310784546324322,-7.42392359505299E-05));
#8007=CARTESIAN_POINT('',(0.0258027938683829,0.0310784546324322,-7.42392359505295E-05));
#8008=VECTOR('',#11360,1.0);
#8009=CARTESIAN_POINT('',(0.0259027945333274,0.0310784546324322,0.000925760764049469));
#8010=VECTOR('',#11361,1.0);
#8011=COLOUR_RGB('',0.501960813999176,1.0,1.0);
#8012=CARTESIAN_POINT('',(-0.0278527938683825,0.0291284552973767,0.00192576076404963));
#8013=AXIS2_PLACEMENT_3D('',#11362,#11363,#11364);
#8014=CARTESIAN_POINT('',(-0.0278527938683826,0.0291284552973767,-7.42392359503667E-05));
#8015=CARTESIAN_POINT('',(-0.0278527938683825,0.0291284552973767,0.000925760764049633));
#8016=VECTOR('',#11365,1.0);
#8017=AXIS2_PLACEMENT_3D('',#11366,#11367,#11368);
#8018=COLOUR_RGB('',0.501960813999176,1.0,1.0);
#8019=CARTESIAN_POINT('',(0.0278527938683829,0.0291284552973767,0.00192576076404946));
#8020=AXIS2_PLACEMENT_3D('',#11369,#11370,#11371);
#8021=CARTESIAN_POINT('',(0.0278527938683829,0.0291284552973767,-7.42392359505431E-05));
#8022=AXIS2_PLACEMENT_3D('',#11372,#11373,#11374);
#8023=CARTESIAN_POINT('',(0.0278527938683829,0.0291284552973767,0.000925760764049457));
#8024=VECTOR('',#11375,1.0);
#8025=COLOUR_RGB('',0.501960813999176,1.0,1.0);
#8026=CARTESIAN_POINT('',(-0.0278527938683825,0.0269284546324322,0.00192576076404963));
#8027=VECTOR('',#11376,1.0);
#8028=CARTESIAN_POINT('',(-0.0278527938683826,0.0269284546324322,-7.42392359503745E-05));
#8029=VECTOR('',#11377,1.0);
#8030=COLOUR_RGB('',0.501960813999176,1.0,1.0);
#8031=CARTESIAN_POINT('',(0.0278527938683829,-0.0246743392359507,-7.42392359507327E-05));
#8032=VECTOR('',#11378,1.0);
#8033=CARTESIAN_POINT('',(0.0278527938683829,-0.0246743392359507,0.00192576076404927));
#8034=VECTOR('',#11379,1.0);
#8035=COLOUR_RGB('',0.501960813999176,1.0,1.0);
#8036=CARTESIAN_POINT('',(0.0387999999959945,-0.000772941965283683,-0.00987423923595054));
#8037=CARTESIAN_POINT('',(0.0426,-0.000772941965283683,-0.00987423923595055));
#8038=CARTESIAN_POINT('',(0.0337999999959968,-0.000772941965283683,-0.00987423923595052));
#8039=VECTOR('',#11380,1.0);
#8040=CARTESIAN_POINT('',(0.0387999999959945,0.00722705802670539,-0.00987423923595051));
#8041=AXIS2_PLACEMENT_3D('',#11381,#11382,#11383);
#8042=CARTESIAN_POINT('',(0.0426,0.00722705802670539,-0.00987423923595052));
#8043=CARTESIAN_POINT('',(-3.46277662556908E-17,0.00722705802670539,-0.00987423923595039));
#8044=VECTOR('',#11384,1.0);
#8045=CARTESIAN_POINT('',(0.0426,0.000925660764049541,-0.00987423923595055));
#8046=VECTOR('',#11385,1.0);
#8047=CARTESIAN_POINT('',(0.0387999999959968,0.00182705803071314,-0.00987423923595053));
#8048=AXIS2_PLACEMENT_3D('',#11386,#11387,#11388);
#8049=COLOUR_RGB('',0.501960813999176,1.0,1.0);
#8050=CARTESIAN_POINT('',(0.032,0.0472756607640495,-0.00227523923595043));
#8051=CARTESIAN_POINT('',(0.04,0.0472756607640495,-0.00227523923595047));
#8052=CARTESIAN_POINT('',(0.032,0.0472756607640495,-0.00227523923595044));
#8053=VECTOR('',#11389,1.0);
#8054=CARTESIAN_POINT('',(0.04,0.0472756607640495,-7.42392359505298E-05));
#8055=CARTESIAN_POINT('',(0.04,0.0472756607640495,-0.00527616368632798));
#8056=VECTOR('',#11390,1.0);
#8057=CARTESIAN_POINT('',(0.032,0.0472756607640495,-7.42392359504738E-05));
#8058=CARTESIAN_POINT('',(0.032,0.0472756607640495,-7.42392359504883E-05));
#8059=VECTOR('',#11391,1.0);
#8060=CARTESIAN_POINT('',(0.032,0.0472756607640495,-0.000674739235950465));
#8061=VECTOR('',#11392,1.0);
#8062=COLOUR_RGB('',0.501960813999176,1.0,1.0);
#8063=CARTESIAN_POINT('',(-0.0387999999959968,0.00182705803071314,-0.00987423923595029));
#8064=AXIS2_PLACEMENT_3D('',#11393,#11394,#11395);
#8065=CARTESIAN_POINT('',(-0.0387999999959946,0.00722705802670539,-0.00987423923595027));
#8066=CARTESIAN_POINT('',(-0.0426,0.00722705802670539,-0.00987423923595026));
#8067=CARTESIAN_POINT('',(-0.0337999932300748,0.00722705802670539,-0.00987423923595029));
#8068=VECTOR('',#11396,1.0);
#8069=CARTESIAN_POINT('',(-0.0387999999959946,-0.000772941965283683,-0.0098742392359503));
#8070=AXIS2_PLACEMENT_3D('',#11397,#11398,#11399);
#8071=CARTESIAN_POINT('',(-0.0426,-0.000772941965283683,-0.00987423923595028));
#8072=CARTESIAN_POINT('',(-3.46277662556909E-17,-0.000772941965283683,-0.00987423923595042));
#8073=VECTOR('',#11400,1.0);
#8074=CARTESIAN_POINT('',(-0.0426,0.000925660764049541,-0.00987423923595028));
#8075=VECTOR('',#11401,1.0);
#8076=COLOUR_RGB('',0.501960813999176,1.0,1.0);
#8077=CARTESIAN_POINT('',(0.0426,-0.000772941965283718,-7.42392359506985E-05));
#8078=CARTESIAN_POINT('',(0.0426,-0.000772941965283746,0.00792576076404941));
#8079=VECTOR('',#11402,1.0);
#8080=CARTESIAN_POINT('',(0.0387999999959946,-0.000772941965283718,-7.42392359506811E-05));
#8081=CARTESIAN_POINT('',(0.0387999999959946,-0.000772941965283718,-7.42392359506828E-05));
#8082=VECTOR('',#11403,1.0);
#8083=CARTESIAN_POINT('',(0.0387999999959945,-0.000772941965283683,-0.00987423923595054));
#8084=VECTOR('',#11404,1.0);
#8085=COLOUR_RGB('',0.501960813999176,1.0,1.0);
#8086=CARTESIAN_POINT('',(-0.0387999999959945,-0.000772941965283718,-7.423923595044E-05));
#8087=CARTESIAN_POINT('',(-0.0387999999959946,-0.000772941965283683,-0.0098742392359503));
#8088=VECTOR('',#11405,1.0);
#8089=CARTESIAN_POINT('',(-0.0426,-0.000772941965283717,-7.42392359504228E-05));
#8090=CARTESIAN_POINT('',(-0.0416,-0.000772941965283718,-7.42392359504284E-05));
#8091=VECTOR('',#11406,1.0);
#8092=CARTESIAN_POINT('',(-0.0426,-0.000772941965283721,0.000925760764049573));
#8093=VECTOR('',#11407,1.0);
#8094=COLOUR_RGB('',0.501960813999176,1.0,1.0);
#8095=CARTESIAN_POINT('',(0.0387999999959946,0.00722705802670535,-7.42392359506551E-05));
#8096=CARTESIAN_POINT('',(0.0387999999959945,0.00722705802670539,-0.00987423923595051));
#8097=VECTOR('',#11408,1.0);
#8098=CARTESIAN_POINT('',(0.0426,0.00722705802670535,-7.42392359506698E-05));
#8099=CARTESIAN_POINT('',(0.0416,0.00722705802670535,-7.42392359506635E-05));
#8100=VECTOR('',#11409,1.0);
#8101=CARTESIAN_POINT('',(0.0426,0.00722705802670535,0.000925760764049335));
#8102=VECTOR('',#11410,1.0);
#8103=COLOUR_RGB('',0.501960813999176,1.0,1.0);
#8104=CARTESIAN_POINT('',(-0.0426,0.00722705802670535,-7.42392359503949E-05));
#8105=CARTESIAN_POINT('',(-0.0426,0.00722705802670533,0.00792576076404971));
#8106=VECTOR('',#11411,1.0);
#8107=CARTESIAN_POINT('',(-0.0387999999959945,0.00722705802670535,-7.42392359504088E-05));
#8108=CARTESIAN_POINT('',(-0.0387999999959945,0.00722705802670535,-7.4239235950409E-05));
#8109=VECTOR('',#11412,1.0);
#8110=CARTESIAN_POINT('',(-0.0387999999959946,0.00722705802670539,-0.00987423923595027));
#8111=VECTOR('',#11413,1.0);
#8112=COLOUR_RGB('',0.501960813999176,1.0,1.0);
#8113=CARTESIAN_POINT('',(-0.0291027938683826,0.0291284552973767,0.000925760764049637));
#8114=CARTESIAN_POINT('',(-0.0291027938683825,-0.0226743392359505,0.000925760764049455));
#8115=CARTESIAN_POINT('',(-0.0291027938683825,0.0269284546324322,0.00092576076404963));
#8116=VECTOR('',#11414,1.0);
#8117=CARTESIAN_POINT('',(-0.0291027938683826,0.0291284552973767,-7.42392359503628E-05));
#8118=CARTESIAN_POINT('',(-0.0291027938683826,0.0291284552973767,0.000925760764049637));
#8119=VECTOR('',#11415,1.0);
#8120=CARTESIAN_POINT('',(-0.0291027938683826,-0.0226743392359505,-7.42392359505454E-05));
#8121=CARTESIAN_POINT('',(-0.0291027938683826,0.0269284546324322,-7.42392359503707E-05));
#8122=VECTOR('',#11416,1.0);
#8123=CARTESIAN_POINT('',(-0.0291027938683825,-0.0226743392359505,0.000925760764049455));
#8124=VECTOR('',#11417,1.0);
#8125=COLOUR_RGB('',0.501960813999176,1.0,1.0);
#8126=CARTESIAN_POINT('',(-0.0259027938683826,-0.0258743392359505,-7.42392359505667E-05));
#8127=CARTESIAN_POINT('',(-0.0259027938683825,-0.0258743392359505,0.000725760764049435));
#8128=CARTESIAN_POINT('',(-0.0259027938683825,-0.0258743392359505,0.000925760764049433));
#8129=VECTOR('',#11418,1.0);
#8130=CARTESIAN_POINT('',(-0.0270163467409485,-0.0256743392359505,0.000925760764049437));
#8131=AXIS2_PLACEMENT_3D('',#11419,#11420,#11421);
#8132=AXIS2_PLACEMENT_3D('',#11422,#11423,#11424);
#8133=AXIS2_PLACEMENT_3D('',#11425,#11426,#11427);
#8134=COLOUR_RGB('',0.501960813999176,1.0,1.0);
#8135=CARTESIAN_POINT('',(0.0259027938683829,-0.0258743392359505,-7.42392359507307E-05));
#8136=CARTESIAN_POINT('',(0.0259027938683829,-0.0258743392359505,0.000725760764049271));
#8137=CARTESIAN_POINT('',(0.0259027938683829,-0.0258743392359505,0.000925760764049269));
#8138=VECTOR('',#11428,1.0);
#8139=CARTESIAN_POINT('',(-1.08792868176561E-18,-0.0258743392359505,0.000725760764049353));
#8140=VECTOR('',#11429,1.0);
#8141=CARTESIAN_POINT('',(-3.61923717791097E-18,-0.0258743392359505,-7.42392359506487E-05));
#8142=VECTOR('',#11430,1.0);
#8143=COLOUR_RGB('',0.501960813999176,1.0,1.0);
#8144=CARTESIAN_POINT('',(0.0270163467409489,-0.0256743392359505,0.000925760764049267));
#8145=CARTESIAN_POINT('',(0.0291027938683829,-0.0226743392359505,0.000925760764049271));
#8146=AXIS2_PLACEMENT_3D('',#11431,#11432,#11433);
#8147=AXIS2_PLACEMENT_3D('',#11434,#11435,#11436);
#8148=CARTESIAN_POINT('',(0.0291027938683829,-0.0226743392359505,-7.42392359507295E-05));
#8149=AXIS2_PLACEMENT_3D('',#11437,#11438,#11439);
#8150=CARTESIAN_POINT('',(0.0291027938683829,-0.0226743392359505,0.000925760764049271));
#8151=VECTOR('',#11440,1.0);
#8152=COLOUR_RGB('',0.501960813999176,1.0,1.0);
#8153=CARTESIAN_POINT('',(0.0291027938683829,0.0291284552973767,0.000925760764049453));
#8154=CARTESIAN_POINT('',(0.0291027938683829,-0.0246743392359507,0.000925760764049263));
#8155=VECTOR('',#11441,1.0);
#8156=CARTESIAN_POINT('',(0.0291027938683829,0.0291284552973767,-7.4239235950547E-05));
#8157=CARTESIAN_POINT('',(0.0291027938683829,-0.0246743392359507,-7.42392359507366E-05));
#8158=VECTOR('',#11442,1.0);
#8159=CARTESIAN_POINT('',(0.0291027938683829,0.0291284552973767,0.000925760764049453));
#8160=VECTOR('',#11443,1.0);
#8161=COLOUR_RGB('',0.501960813999176,1.0,1.0);
#8162=CARTESIAN_POINT('',(0.0259027945333274,0.0323284546324322,0.000925760764049474));
#8163=AXIS2_PLACEMENT_3D('',#11444,#11445,#11446);
#8164=CARTESIAN_POINT('',(0.0259027945333274,0.0323284546324322,-7.42392359505253E-05));
#8165=AXIS2_PLACEMENT_3D('',#11447,#11448,#11449);
#8166=CARTESIAN_POINT('',(0.0259027945333274,0.0323284546324322,0.000925760764049474));
#8167=VECTOR('',#11450,1.0);
#8168=COLOUR_RGB('',0.501960813999176,1.0,1.0);
#8169=CARTESIAN_POINT('',(-0.025902794533327,0.0323284546324322,-7.42392359503616E-05));
#8170=CARTESIAN_POINT('',(0.0258027938683829,0.0323284546324322,-7.42392359505252E-05));
#8171=VECTOR('',#11451,1.0);
#8172=CARTESIAN_POINT('',(-0.025902794533327,0.0323284546324322,0.000925760764049638));
#8173=CARTESIAN_POINT('',(-0.025902794533327,0.0323284546324322,0.000925760764049638));
#8174=VECTOR('',#11452,1.0);
#8175=CARTESIAN_POINT('',(0.0258027938683829,0.0323284546324322,0.000925760764049475));
#8176=VECTOR('',#11453,1.0);
#8177=COLOUR_RGB('',0.501960813999176,1.0,1.0);
#8178=AXIS2_PLACEMENT_3D('',#11454,#11455,#11456);
#8179=AXIS2_PLACEMENT_3D('',#11457,#11458,#11459);
#8180=COLOUR_RGB('',0.501960813999176,1.0,1.0);
#8181=CARTESIAN_POINT('',(-0.0279027938683826,-0.0246243392359505,-7.42392359505558E-05));
#8182=VECTOR('',#11460,1.0);
#8183=COLOUR_RGB('',0.501960813999176,1.0,1.0);
#8184=CARTESIAN_POINT('',(0.0436,-0.0276743392359505,0.00292576076404936));
#8185=CARTESIAN_POINT('',(0.0443,-0.0283743392359505,0.00222576076404934));
#8186=CARTESIAN_POINT('',(0.0467333333333333,-0.0308076725692838,-0.000207572569284011));
#8187=VECTOR('',#11461,1.0);
#8188=CARTESIAN_POINT('',(-0.0436,-0.0276743392359505,0.00292576076404936));
#8189=CARTESIAN_POINT('',(0.0386,-0.0276743392359505,0.00292576076404936));
#8190=VECTOR('',#11462,1.0);
#8191=CARTESIAN_POINT('',(-0.0443,-0.0283743392359505,0.00222576076404935));
#8192=CARTESIAN_POINT('',(-0.0467333333333333,-0.0308076725692838,-0.000207572569284009));
#8193=VECTOR('',#11463,1.0);
#8194=CARTESIAN_POINT('',(-0.0436,-0.0290743392359505,0.00152576076404935));
#8195=CARTESIAN_POINT('',(-0.0443333333333334,-0.0283410059026171,0.00225909409738271));
#8196=VECTOR('',#11464,1.0);
#8197=CARTESIAN_POINT('',(0.0436,-0.0290743392359505,0.00152576076404935));
#8198=CARTESIAN_POINT('',(-0.04527,-0.0290743392359505,0.00152576076404935));
#8199=VECTOR('',#11465,1.0);
#8200=CARTESIAN_POINT('',(0.0433999999999999,-0.0292743392359505,0.00132576076404929));
#8201=VECTOR('',#11466,1.0);
#8202=COLOUR_RGB('',0.501960813999176,1.0,1.0);
#8203=CARTESIAN_POINT('',(-0.045,0.0795256607640495,0.00152576076405003));
#8204=CARTESIAN_POINT('',(-0.0450000000000001,0.0795256607640496,-0.02567423923595));
#8205=CARTESIAN_POINT('',(-0.045,0.0795256607640495,0.000925760764049814));
#8206=VECTOR('',#11467,1.0);
#8207=CARTESIAN_POINT('',(-0.0450000000000001,-0.0276743392359504,-0.0256742392359504));
#8208=CARTESIAN_POINT('',(-0.0450000000000001,-0.0276743392359504,-0.0256742392359504));
#8209=VECTOR('',#11468,1.0);
#8210=CARTESIAN_POINT('',(-0.045,-0.0276743392359505,0.00152576076404935));
#8211=CARTESIAN_POINT('',(-0.045,-0.0276743392359505,0.000925760764049443));
#8212=VECTOR('',#11469,1.0);
#8213=CARTESIAN_POINT('',(-0.045,0.0695256607640495,0.00152576076405003));
#8214=VECTOR('',#11470,1.0);
#8215=CARTESIAN_POINT('',(-0.045,0.0543277776289129,-0.00607423923595008));
#8216=AXIS2_PLACEMENT_3D('',#11471,#11472,#11473);
#8217=COLOUR_RGB('',0.501960813999176,1.0,1.0);
#8218=CARTESIAN_POINT('',(-0.0436000000000001,-0.0290743392359504,-0.0256742392359504));
#8219=CARTESIAN_POINT('',(-0.0436000000000001,-0.0290743392359504,-0.0256742392359504));
#8220=VECTOR('',#11474,1.0);
#8221=CARTESIAN_POINT('',(-0.0436,-0.0290743392359505,0.000925760764049434));
#8222=VECTOR('',#11475,1.0);
#8223=CARTESIAN_POINT('',(-0.0452,-0.0274743392359505,0.00132576076404938));
#8224=VECTOR('',#11476,1.0);
#8225=COLOUR_RGB('',0.501960813999176,1.0,1.0);
#8226=CARTESIAN_POINT('',(-0.0436,0.0795256607640495,0.00292576076405004));
#8227=CARTESIAN_POINT('',(-0.0436,-0.0276743392359505,0.00292576076404936));
#8228=VECTOR('',#11477,1.0);
#8229=CARTESIAN_POINT('',(-0.0443,0.0802256607640495,0.00222576076405003));
#8230=CARTESIAN_POINT('',(-0.00806666666666665,0.0439923274307156,0.0384590940973832));
#8231=VECTOR('',#11478,1.0);
#8232=CARTESIAN_POINT('',(-0.0795999999999999,0.0449256607640498,-0.0330742392359502));
#8233=VECTOR('',#11479,1.0);
#8234=COLOUR_RGB('',0.501960813999176,1.0,1.0);
#8235=CARTESIAN_POINT('',(-0.0426,0.0543277776289129,-0.00607423923595009));
#8236=AXIS2_PLACEMENT_3D('',#11480,#11481,#11482);
#8237=CARTESIAN_POINT('',(-0.0426,0.0717256607640495,-7.42392359501672E-05));
#8238=CARTESIAN_POINT('',(-0.0426000000000001,0.0717256607640496,-0.0250742392359501));
#8239=CARTESIAN_POINT('',(-0.0426,0.0717256607640495,0.000925760764049776));
#8240=VECTOR('',#11483,1.0);
#8241=CARTESIAN_POINT('',(-0.0426,0.0572756607640495,-7.4239235950224E-05));
#8242=CARTESIAN_POINT('',(-0.0426,0.0582756607640495,-7.42392359502146E-05));
#8243=VECTOR('',#11484,1.0);
#8244=CARTESIAN_POINT('',(-0.0426,0.0572756607640495,-0.00227523923595017));
#8245=CARTESIAN_POINT('',(-0.0426,0.0572756607640495,0.00792576076404987));
#8246=VECTOR('',#11485,1.0);
#8247=CARTESIAN_POINT('',(-0.0426,0.0472756607640495,-0.00227523923595021));
#8248=CARTESIAN_POINT('',(-0.0426,0.00482566076404952,-0.00227523923595036));
#8249=VECTOR('',#11486,1.0);
#8250=CARTESIAN_POINT('',(-0.0426,0.0472756607640495,-7.42392359502561E-05));
#8251=CARTESIAN_POINT('',(-0.0426,0.0472756607640495,0.000925760764049727));
#8252=VECTOR('',#11487,1.0);
#8253=CARTESIAN_POINT('',(-0.0426,0.0299256607640495,-7.42392359503348E-05));
#8254=CARTESIAN_POINT('',(-0.0426,0.0249256607640495,-7.42392359503349E-05));
#8255=VECTOR('',#11488,1.0);
#8256=CARTESIAN_POINT('',(-0.0426000000000001,0.0299256607640496,-0.0250742392359503));
#8257=CARTESIAN_POINT('',(-0.0426,0.0299256607640495,0.000925760764049635));
#8258=VECTOR('',#11489,1.0);
#8259=CARTESIAN_POINT('',(-0.0426000000000001,0.0219256607640496,-0.0250742392359503));
#8260=CARTESIAN_POINT('',(-0.0426000000000001,0.0139256607640496,-0.0250742392359503));
#8261=VECTOR('',#11490,1.0);
#8262=CARTESIAN_POINT('',(-0.0426,0.0219256607640495,-7.42392359503604E-05));
#8263=CARTESIAN_POINT('',(-0.0426,0.0219256607640495,0.000925760764049606));
#8264=VECTOR('',#11491,1.0);
#8265=CARTESIAN_POINT('',(-0.0426,0.00722705802670535,-7.42392359503946E-05));
#8266=VECTOR('',#11492,1.0);
#8267=CARTESIAN_POINT('',(-0.0426,-0.0198743392359505,-7.42392359504949E-05));
#8268=CARTESIAN_POINT('',(-0.0426,-0.0188743392359505,-7.42392359504866E-05));
#8269=VECTOR('',#11493,1.0);
#8270=CARTESIAN_POINT('',(-0.0426000000000001,-0.0198743392359504,-0.0250742392359504));
#8271=CARTESIAN_POINT('',(-0.0426,-0.0198743392359505,0.00792576076404958));
#8272=VECTOR('',#11494,1.0);
#8273=CARTESIAN_POINT('',(-0.0426000000000001,-0.0256743392359504,-0.0250742392359504));
#8274=CARTESIAN_POINT('',(-0.0426000000000001,0.0089256607640496,-0.0250742392359503));
#8275=VECTOR('',#11495,1.0);
#8276=CARTESIAN_POINT('',(-0.0426000000000001,-0.0256743392359504,-0.0270742392359504));
#8277=CARTESIAN_POINT('',(-0.0426000000000001,-0.0256743392359504,-0.0220742392359504));
#8278=VECTOR('',#11496,1.0);
#8279=CARTESIAN_POINT('',(-0.0426000000000001,0.0775256607640496,-0.02707423923595));
#8280=CARTESIAN_POINT('',(-0.0426000000000001,0.000925660764049601,-0.0270742392359503));
#8281=VECTOR('',#11497,1.0);
#8282=CARTESIAN_POINT('',(-0.0426000000000001,0.0775256607640496,-0.02507423923595));
#8283=CARTESIAN_POINT('',(-0.0426000000000001,0.0775256607640496,-0.02007423923595));
#8284=VECTOR('',#11498,1.0);
#8285=CARTESIAN_POINT('',(-0.0426000000000001,0.000925660764049595,-0.0250742392359503));
#8286=VECTOR('',#11499,1.0);
#8287=COLOUR_RGB('',0.501960813999176,1.0,1.0);
#8288=CARTESIAN_POINT('',(-0.0416,-0.0188743392359505,0.000925760764049508));
#8289=CARTESIAN_POINT('',(-0.0416,-0.00177294196528372,0.000925760764049568));
#8290=CARTESIAN_POINT('',(-0.0416,-0.000772941965283721,0.000925760764049571));
#8291=VECTOR('',#11500,1.0);
#8292=CARTESIAN_POINT('',(-0.0390666666666667,-0.0163410059026172,0.00345909409738284));
#8293=VECTOR('',#11501,1.0);
#8294=CARTESIAN_POINT('',(-0.0277333333333333,-0.0156396086319504,0.0147924274307161));
#8295=VECTOR('',#11502,1.0);
#8296=COLOUR_RGB('',0.501960813999176,1.0,1.0);
#8297=CARTESIAN_POINT('',(-0.0416,0.00822705802670535,0.000925760764049603));
#8298=CARTESIAN_POINT('',(-0.0416,0.0209256607640495,0.000925760764049648));
#8299=CARTESIAN_POINT('',(-0.0416,0.0169256607640495,0.000925760764049634));
#8300=VECTOR('',#11503,1.0);
#8301=CARTESIAN_POINT('',(-0.0396666644100249,0.0101603936166804,0.00285909635402469));
#8302=VECTOR('',#11504,1.0);
#8303=CARTESIAN_POINT('',(-0.0417333333333333,0.0210589940973828,0.000792427430716316));
#8304=VECTOR('',#11505,1.0);
#8305=COLOUR_RGB('',0.501960813999176,1.0,1.0);
#8306=CARTESIAN_POINT('',(-0.0416000000000001,-0.0266743392359504,-0.0270742392359504));
#8307=AXIS2_PLACEMENT_3D('',#11506,#11507,#11508);
#8308=CARTESIAN_POINT('',(-0.0416000000000001,-0.0266743392359504,-0.0250742392359504));
#8309=AXIS2_PLACEMENT_3D('',#11509,#11510,#11511);
#8310=CARTESIAN_POINT('',(-0.0416000000000001,-0.0266743392359504,-0.0200742392359504));
#8311=VECTOR('',#11512,1.0);
#8312=COLOUR_RGB('',0.501960813999176,1.0,1.0);
#8313=CARTESIAN_POINT('',(-0.0416,0.0462756607640495,0.000925760764049737));
#8314=AXIS2_PLACEMENT_3D('',#11513,#11514,#11515);
#8315=CARTESIAN_POINT('',(-0.0416,0.0309256607640495,0.000925760764049683));
#8316=CARTESIAN_POINT('',(-0.0416,0.0447756607640495,0.000925760764049732));
#8317=VECTOR('',#11516,1.0);
#8318=AXIS2_PLACEMENT_3D('',#11517,#11518,#11519);
#8319=COLOUR_RGB('',0.501960813999176,1.0,1.0);
#8320=AXIS2_PLACEMENT_3D('',#11520,#11521,#11522);
#8321=COLOUR_RGB('',0.501960813999176,1.0,1.0);
#8322=CARTESIAN_POINT('',(-0.0401999999959968,0.0032270580307131,0.000925760764049579));
#8323=AXIS2_PLACEMENT_3D('',#11523,#11524,#11525);
#8324=COLOUR_RGB('',0.501960813999176,1.0,1.0);
#8325=CARTESIAN_POINT('',(-0.0358000000000001,-0.0223743392359504,-0.0250742392359504));
#8326=CARTESIAN_POINT('',(-0.0358,-0.0223743392359505,-7.42392359505261E-05));
#8327=CARTESIAN_POINT('',(-0.0358,-0.0223743392359505,0.000925760764049433));
#8328=VECTOR('',#11526,1.0);
#8329=CARTESIAN_POINT('',(-0.0358,-0.0266743392359505,-7.42392359505378E-05));
#8330=CARTESIAN_POINT('',(-0.0358,-0.0290743392359505,-7.42392359505495E-05));
#8331=VECTOR('',#11527,1.0);
#8332=CARTESIAN_POINT('',(-0.0358000000000001,-0.0266743392359504,-0.0250742392359505));
#8333=CARTESIAN_POINT('',(-0.0358,-0.0266743392359505,0.000925760764049417));
#8334=VECTOR('',#11528,1.0);
#8335=CARTESIAN_POINT('',(-0.0358000000000001,0.0089256607640496,-0.0250742392359503));
#8336=VECTOR('',#11529,1.0);
#8337=COLOUR_RGB('',0.501960813999176,1.0,1.0);
#8338=CARTESIAN_POINT('',(-0.0388,-0.0242743392359505,-0.0150742392359504));
#8339=AXIS2_PLACEMENT_3D('',#11530,#11531,#11532);
#8340=CARTESIAN_POINT('',(-0.0388000000000001,-0.0242743392359504,-0.0250742392359504));
#8341=AXIS2_PLACEMENT_3D('',#11533,#11534,#11535);
#8342=COLOUR_RGB('',0.501960813999176,1.0,1.0);
#8343=CARTESIAN_POINT('',(-0.0383,-0.0198743392359505,-7.42392359505094E-05));
#8344=CARTESIAN_POINT('',(-0.0383000000000001,-0.0198743392359504,-0.0250742392359504));
#8345=CARTESIAN_POINT('',(-0.0383,-0.0198743392359505,0.000925760764049465));
#8346=VECTOR('',#11536,1.0);
#8347=AXIS2_PLACEMENT_3D('',#11537,#11538,#11539);
#8348=AXIS2_PLACEMENT_3D('',#11540,#11541,#11542);
#8349=COLOUR_RGB('',0.501960813999176,1.0,1.0);
#8350=CARTESIAN_POINT('',(-0.0358,0.0785256607640495,-7.42392359501711E-05));
#8351=CARTESIAN_POINT('',(-0.0358000000000001,0.0785256607640496,-0.0250742392359501));
#8352=CARTESIAN_POINT('',(-0.0357999999999999,0.0785256607640495,0.00792576076404993));
#8353=VECTOR('',#11543,1.0);
#8354=CARTESIAN_POINT('',(-0.0358,0.0742256607640495,-7.42392359501859E-05));
#8355=CARTESIAN_POINT('',(-0.0358,0.0629256607640495,-7.42392359502256E-05));
#8356=VECTOR('',#11544,1.0);
#8357=CARTESIAN_POINT('',(-0.0358000000000001,0.0742256607640496,-0.0250742392359501));
#8358=CARTESIAN_POINT('',(-0.0358,0.0742256607640495,0.000925760764049801));
#8359=VECTOR('',#11545,1.0);
#8360=CARTESIAN_POINT('',(-0.0358000000000001,0.0629256607640496,-0.0250742392359501));
#8361=VECTOR('',#11546,1.0);
#8362=COLOUR_RGB('',0.501960813999176,1.0,1.0);
#8363=CARTESIAN_POINT('',(0.0449999999999999,0.0642068527356292,-0.0176742392359501));
#8364=CARTESIAN_POINT('',(0.0449999999999999,0.0403240100231546,-0.0176742392359502));
#8365=CARTESIAN_POINT('',(0.0449999999999999,-0.0311743392359505,-0.0176742392359501));
#8366=VECTOR('',#11547,1.0);
#8367=CARTESIAN_POINT('',(0.045,0.0382654313793919,-0.0156156605921874));
#8368=CARTESIAN_POINT('',(0.045,0.0382654313793919,-0.0156156605921874));
#8369=VECTOR('',#11548,1.0);
#8370=CARTESIAN_POINT('',(0.045,0.0382654313793919,-0.00853281787971286));
#8371=CARTESIAN_POINT('',(0.045,0.0382654313793919,-0.00137231478557297));
#8372=VECTOR('',#11549,1.0);
#8373=CARTESIAN_POINT('',(0.045,0.0403240100231546,-0.00647423923595014));
#8374=CARTESIAN_POINT('',(0.045,0.0403240100231546,-0.00647423923595014));
#8375=VECTOR('',#11550,1.0);
#8376=CARTESIAN_POINT('',(0.045,0.0642068527356292,-0.00647423923595014));
#8377=CARTESIAN_POINT('',(0.045,-0.0311743392359505,-0.00647423923595014));
#8378=VECTOR('',#11551,1.0);
#8379=CARTESIAN_POINT('',(0.045,0.0662654313793919,-0.00853281787971284));
#8380=CARTESIAN_POINT('',(0.045,0.0662654313793919,-0.00853281787971284));
#8381=VECTOR('',#11552,1.0);
#8382=CARTESIAN_POINT('',(0.045,0.0662654313793919,-0.0156156605921874));
#8383=CARTESIAN_POINT('',(0.045,0.0662654313793919,-0.00137231478557297));
#8384=VECTOR('',#11553,1.0);
#8385=CARTESIAN_POINT('',(0.0449999999999999,0.0642068527356292,-0.0176742392359501));
#8386=VECTOR('',#11554,1.0);
#8387=CARTESIAN_POINT('',(0.045,-0.0276743392359505,0.00152576076404934));
#8388=CARTESIAN_POINT('',(0.0449999999999999,-0.0276743392359504,-0.0256742392359507));
#8389=CARTESIAN_POINT('',(0.045,-0.0276743392359505,0.00092576076404919));
#8390=VECTOR('',#11555,1.0);
#8391=CARTESIAN_POINT('',(0.0449999999999999,0.0795256607640496,-0.0256742392359503));
#8392=CARTESIAN_POINT('',(0.0449999999999999,0.0795256607640496,-0.0256742392359503));
#8393=VECTOR('',#11556,1.0);
#8394=CARTESIAN_POINT('',(0.045,0.0795256607640495,0.00152576076405001));
#8395=CARTESIAN_POINT('',(0.045,0.0795256607640495,0.000925760764049561));
#8396=VECTOR('',#11557,1.0);
#8397=CARTESIAN_POINT('',(0.045,-0.0276743392359505,0.00152576076404934));
#8398=VECTOR('',#11558,1.0);
#8399=COLOUR_RGB('',0.501960813999176,1.0,1.0);
#8400=CARTESIAN_POINT('',(0.0436,0.0795256607640494,0.00292576076405011));
#8401=CARTESIAN_POINT('',(0.0436,0.0695256607640495,0.00292576076405004));
#8402=VECTOR('',#11559,1.0);
#8403=CARTESIAN_POINT('',(0.0409333333333333,-0.0317410059026172,0.00559242743071599));
#8404=VECTOR('',#11560,1.0);
#8405=CARTESIAN_POINT('',(0.0443,0.0802256607640495,0.00222576076405003));
#8406=CARTESIAN_POINT('',(0.0452000000000001,0.0793256607640494,0.00132576076404986));
#8407=VECTOR('',#11561,1.0);
#8408=CARTESIAN_POINT('',(0.00806666666666667,0.0439923274307156,0.0384590940973833));
#8409=VECTOR('',#11562,1.0);
#8410=COLOUR_RGB('',0.501960813999176,1.0,1.0);
#8411=CARTESIAN_POINT('',(0.0435999999999999,-0.0290743392359504,-0.0256742392359507));
#8412=CARTESIAN_POINT('',(0.0436,-0.0290743392359505,0.000925760764049189));
#8413=VECTOR('',#11563,1.0);
#8414=CARTESIAN_POINT('',(0.0442999999999999,-0.0283743392359504,-0.0263742392359507));
#8415=CARTESIAN_POINT('',(0.0347333333333333,-0.0379410059026171,-0.016807572569284));
#8416=VECTOR('',#11564,1.0);
#8417=CARTESIAN_POINT('',(0.0529333333333332,-0.0197410059026171,-0.0177409059026174));
#8418=VECTOR('',#11565,1.0);
#8419=COLOUR_RGB('',0.501960813999176,1.0,1.0);
#8420=CARTESIAN_POINT('',(0.0426,0.0717256607640495,-7.42392359504428E-05));
#8421=CARTESIAN_POINT('',(0.0426,0.0707256607640495,-7.42392359504459E-05));
#8422=VECTOR('',#11566,1.0);
#8423=CARTESIAN_POINT('',(0.0425999999999999,0.0717256607640496,-0.0250742392359503));
#8424=CARTESIAN_POINT('',(0.0426,0.0717256607640494,0.00792576076404961));
#8425=VECTOR('',#11567,1.0);
#8426=CARTESIAN_POINT('',(0.0425999999999999,0.0775256607640496,-0.0250742392359503));
#8427=CARTESIAN_POINT('',(0.0425999999999999,0.000925660764049594,-0.0250742392359506));
#8428=VECTOR('',#11568,1.0);
#8429=CARTESIAN_POINT('',(0.0425999999999999,0.0775256607640496,-0.0270742392359503));
#8430=CARTESIAN_POINT('',(0.0425999999999999,0.0775256607640496,-0.0220742392359503));
#8431=VECTOR('',#11569,1.0);
#8432=CARTESIAN_POINT('',(0.0425999999999999,-0.0256743392359504,-0.0270742392359507));
#8433=CARTESIAN_POINT('',(0.0425999999999999,0.000925660764049601,-0.0270742392359506));
#8434=VECTOR('',#11570,1.0);
#8435=CARTESIAN_POINT('',(0.0425999999999999,-0.0256743392359504,-0.0250742392359507));
#8436=CARTESIAN_POINT('',(0.0425999999999999,-0.0256743392359504,-0.0200742392359507));
#8437=VECTOR('',#11571,1.0);
#8438=CARTESIAN_POINT('',(0.0425999999999999,-0.0198743392359504,-0.0250742392359507));
#8439=CARTESIAN_POINT('',(0.0425999999999999,0.000925660764049595,-0.0250742392359506));
#8440=VECTOR('',#11572,1.0);
#8441=CARTESIAN_POINT('',(0.0426,-0.0198743392359505,-7.4239235950762E-05));
#8442=CARTESIAN_POINT('',(0.0426,-0.0198743392359505,0.000925760764049211));
#8443=VECTOR('',#11573,1.0);
#8444=CARTESIAN_POINT('',(0.0426,-0.000772941965283718,-7.4239235950698E-05));
#8445=VECTOR('',#11574,1.0);
#8446=CARTESIAN_POINT('',(0.0426,0.0219256607640495,-7.4239235950615E-05));
#8447=CARTESIAN_POINT('',(0.0426,0.0209256607640495,-7.42392359506215E-05));
#8448=VECTOR('',#11575,1.0);
#8449=CARTESIAN_POINT('',(0.0425999999999999,0.0219256607640496,-0.0250742392359506));
#8450=CARTESIAN_POINT('',(0.0426,0.0219256607640495,0.000925760764049341));
#8451=VECTOR('',#11576,1.0);
#8452=CARTESIAN_POINT('',(0.0425999999999999,0.0299256607640496,-0.0250742392359505));
#8453=CARTESIAN_POINT('',(0.0425999999999999,0.000925660764049595,-0.0250742392359506));
#8454=VECTOR('',#11577,1.0);
#8455=CARTESIAN_POINT('',(0.0426,0.0299256607640495,-7.42392359505897E-05));
#8456=CARTESIAN_POINT('',(0.0426,0.0299256607640495,0.000925760764049369));
#8457=VECTOR('',#11578,1.0);
#8458=CARTESIAN_POINT('',(0.0426,0.0462756607640495,-7.42392359505321E-05));
#8459=VECTOR('',#11579,1.0);
#8460=CARTESIAN_POINT('',(0.0425999999999999,0.000925660764049478,-0.0230742392359505));
#8461=VECTOR('',#11580,1.0);
#8462=COLOUR_RGB('',0.501960813999176,1.0,1.0);
#8463=CARTESIAN_POINT('',(0.0415999999999999,-0.0266743392359504,-0.0270742392359507));
#8464=AXIS2_PLACEMENT_3D('',#11581,#11582,#11583);
#8465=CARTESIAN_POINT('',(0.0415999999999999,-0.0266743392359504,-0.0250742392359507));
#8466=CARTESIAN_POINT('',(0.0415999999999999,-0.0266743392359504,-0.0220742392359507));
#8467=VECTOR('',#11584,1.0);
#8468=AXIS2_PLACEMENT_3D('',#11585,#11586,#11587);
#8469=COLOUR_RGB('',0.501960813999176,1.0,1.0);
#8470=CARTESIAN_POINT('',(0.0358,-0.0266743392359505,-7.42392359507616E-05));
#8471=CARTESIAN_POINT('',(0.0357999999999999,-0.0266743392359504,-0.0250742392359507));
#8472=CARTESIAN_POINT('',(0.0358,-0.0266743392359505,0.00792576076404933));
#8473=VECTOR('',#11588,1.0);
#8474=CARTESIAN_POINT('',(0.0358,-0.0223743392359505,-7.42392359507574E-05));
#8475=CARTESIAN_POINT('',(0.0358,-0.0290743392359505,-7.423923595077E-05));
#8476=VECTOR('',#11589,1.0);
#8477=CARTESIAN_POINT('',(0.0357999999999999,-0.0223743392359504,-0.0250742392359507));
#8478=CARTESIAN_POINT('',(0.0358,-0.0223743392359505,0.000925760764049238));
#8479=VECTOR('',#11590,1.0);
#8480=CARTESIAN_POINT('',(0.0357999999999999,-0.0290743392359504,-0.0250742392359507));
#8481=VECTOR('',#11591,1.0);
#8482=COLOUR_RGB('',0.501960813999176,1.0,1.0);
#8483=CARTESIAN_POINT('',(0.0388,-0.0242743392359505,-0.0150742392359507));
#8484=AXIS2_PLACEMENT_3D('',#11592,#11593,#11594);
#8485=CARTESIAN_POINT('',(0.0387999999999999,-0.0242743392359504,-0.0250742392359507));
#8486=AXIS2_PLACEMENT_3D('',#11595,#11596,#11597);
#8487=COLOUR_RGB('',0.501960813999176,1.0,1.0);
#8488=CARTESIAN_POINT('',(0.0383,-0.0198743392359505,-7.42392359507487E-05));
#8489=AXIS2_PLACEMENT_3D('',#11598,#11599,#11600);
#8490=CARTESIAN_POINT('',(0.0382999999999999,-0.0198743392359504,-0.0250742392359507));
#8491=CARTESIAN_POINT('',(0.0383,-0.0198743392359505,0.000925760764049223));
#8492=VECTOR('',#11601,1.0);
#8493=AXIS2_PLACEMENT_3D('',#11602,#11603,#11604);
#8494=COLOUR_RGB('',0.501960813999176,1.0,1.0);
#8495=AXIS2_PLACEMENT_3D('',#11605,#11606,#11607);
#8496=COLOUR_RGB('',0.501960813999176,1.0,1.0);
#8497=CARTESIAN_POINT('',(0.0373999999959968,0.0032270580307131,0.000925760764049338));
#8498=AXIS2_PLACEMENT_3D('',#11608,#11609,#11610);
#8499=COLOUR_RGB('',0.501960813999176,1.0,1.0);
#8500=CARTESIAN_POINT('',(0.0357999999999999,0.0742256607640496,-0.0250742392359503));
#8501=CARTESIAN_POINT('',(0.0358,0.0742256607640495,-7.42392359504058E-05));
#8502=CARTESIAN_POINT('',(0.0358,0.0742256607640495,0.000925760764049606));
#8503=VECTOR('',#11611,1.0);
#8504=CARTESIAN_POINT('',(0.0358,0.0785256607640495,-7.42392359503941E-05));
#8505=CARTESIAN_POINT('',(0.0358,0.0775256607640495,-7.42392359503943E-05));
#8506=VECTOR('',#11612,1.0);
#8507=CARTESIAN_POINT('',(0.0357999999999999,0.0785256607640496,-0.0250742392359503));
#8508=CARTESIAN_POINT('',(0.0358,0.0785256607640495,0.000925760764049627));
#8509=VECTOR('',#11613,1.0);
#8510=CARTESIAN_POINT('',(0.0357999999999999,0.0629256607640496,-0.0250742392359503));
#8511=VECTOR('',#11614,1.0);
#8512=COLOUR_RGB('',0.501960813999176,1.0,1.0);
#8513=CARTESIAN_POINT('',(0.0436,0.0809256607640495,0.00152576076405004));
#8514=CARTESIAN_POINT('',(0.0435999999999999,0.0809256607640496,-0.0256742392359503));
#8515=CARTESIAN_POINT('',(0.0436,0.0809256607640495,0.00092576076404957));
#8516=VECTOR('',#11615,1.0);
#8517=CARTESIAN_POINT('',(-0.0436000000000001,0.0809256607640496,-0.02567423923595));
#8518=CARTESIAN_POINT('',(-0.0436000000000001,0.0809256607640496,-0.02567423923595));
#8519=VECTOR('',#11616,1.0);
#8520=CARTESIAN_POINT('',(-0.0436,0.0809256607640495,0.00152576076405004));
#8521=CARTESIAN_POINT('',(-0.0436,0.0809256607640495,0.000925760764049814));
#8522=VECTOR('',#11617,1.0);
#8523=CARTESIAN_POINT('',(0.0386,0.0809256607640495,0.00152576076405004));
#8524=VECTOR('',#11618,1.0);
#8525=COLOUR_RGB('',0.501960813999176,1.0,1.0);
#8526=CARTESIAN_POINT('',(-0.0443000000000001,0.0802256607640496,-0.02637423923595));
#8527=CARTESIAN_POINT('',(-0.0347333333333334,0.0897923274307162,-0.0168075725692834));
#8528=VECTOR('',#11619,1.0);
#8529=CARTESIAN_POINT('',(-0.0529333333333334,0.0715923274307163,-0.0177409059026167));
#8530=VECTOR('',#11620,1.0);
#8531=CARTESIAN_POINT('',(-0.0433999999999999,0.0811256607640496,0.00132576076404997));
#8532=VECTOR('',#11621,1.0);
#8533=COLOUR_RGB('',0.501960813999176,1.0,1.0);
#8534=CARTESIAN_POINT('',(0.0435999999999999,0.0809256607640496,-0.0256742392359503));
#8535=VECTOR('',#11622,1.0);
#8536=CARTESIAN_POINT('',(0.0443333333333332,0.0801923274307163,0.00225909409738321));
#8537=VECTOR('',#11623,1.0);
#8538=COLOUR_RGB('',0.501960813999176,1.0,1.0);
#8539=CARTESIAN_POINT('',(-0.04527,0.0795256607640495,0.00292576076405004));
#8540=VECTOR('',#11624,1.0);
#8541=COLOUR_RGB('',0.501960813999176,1.0,1.0);
#8542=CARTESIAN_POINT('',(-0.0348,0.0785256607640495,-7.42392359501707E-05));
#8543=VECTOR('',#11625,1.0);
#8544=CARTESIAN_POINT('',(-0.0416000000000001,0.0785256607640496,-0.02507423923595));
#8545=CARTESIAN_POINT('',(-8.27226276824519E-17,0.0785256607640496,-0.0250742392359502));
#8546=VECTOR('',#11626,1.0);
#8547=CARTESIAN_POINT('',(-0.0416000000000001,0.0785256607640496,-0.02707423923595));
#8548=CARTESIAN_POINT('',(-0.0416000000000001,0.0785256607640496,-0.02207423923595));
#8549=VECTOR('',#11627,1.0);
#8550=CARTESIAN_POINT('',(0.0415999999999999,0.0785256607640496,-0.0270742392359503));
#8551=CARTESIAN_POINT('',(-8.90508989228153E-17,0.0785256607640496,-0.0270742392359502));
#8552=VECTOR('',#11628,1.0);
#8553=CARTESIAN_POINT('',(0.0415999999999999,0.0785256607640496,-0.0250742392359503));
#8554=CARTESIAN_POINT('',(0.0415999999999999,0.0785256607640496,-0.0200742392359503));
#8555=VECTOR('',#11629,1.0);
#8556=CARTESIAN_POINT('',(-8.27226276824519E-17,0.0785256607640496,-0.0250742392359502));
#8557=VECTOR('',#11630,1.0);
#8558=COLOUR_RGB('',0.501960813999176,1.0,1.0);
#8559=AXIS2_PLACEMENT_3D('',#11631,#11632,#11633);
#8560=AXIS2_PLACEMENT_3D('',#11634,#11635,#11636);
#8561=COLOUR_RGB('',0.501960813999176,1.0,1.0);
#8562=AXIS2_PLACEMENT_3D('',#11637,#11638,#11639);
#8563=AXIS2_PLACEMENT_3D('',#11640,#11641,#11642);
#8564=COLOUR_RGB('',0.501960813999176,1.0,1.0);
#8565=CARTESIAN_POINT('',(0.0383,0.0717256607640495,-7.42392359504135E-05));
#8566=CARTESIAN_POINT('',(0.0383,0.0717256607640495,-7.42392359504292E-05));
#8567=VECTOR('',#11643,1.0);
#8568=CARTESIAN_POINT('',(0.0382999999999999,0.0717256607640496,-0.0250742392359503));
#8569=CARTESIAN_POINT('',(0.0383,0.0717256607640495,0.000925760764049522));
#8570=VECTOR('',#11644,1.0);
#8571=CARTESIAN_POINT('',(0.0319999999999999,0.0717256607640496,-0.0250742392359503));
#8572=VECTOR('',#11645,1.0);
#8573=COLOUR_RGB('',0.501960813999176,1.0,1.0);
#8574=CARTESIAN_POINT('',(0.0388,0.0733256607640495,-0.0150742392359503));
#8575=AXIS2_PLACEMENT_3D('',#11646,#11647,#11648);
#8576=CARTESIAN_POINT('',(0.0387999999999999,0.0733256607640496,-0.0250742392359503));
#8577=AXIS2_PLACEMENT_3D('',#11649,#11650,#11651);
#8578=COLOUR_RGB('',0.501960813999176,1.0,1.0);
#8579=CARTESIAN_POINT('',(-0.0383000000000001,0.0717256607640496,-0.0250742392359501));
#8580=CARTESIAN_POINT('',(-0.0383,0.0717256607640495,-7.42392359501777E-05));
#8581=CARTESIAN_POINT('',(-0.0383,0.0717256607640495,0.000925760764049764));
#8582=VECTOR('',#11652,1.0);
#8583=CARTESIAN_POINT('',(-0.032,0.0717256607640495,-7.42392359502068E-05));
#8584=VECTOR('',#11653,1.0);
#8585=CARTESIAN_POINT('',(-0.0320000000000001,0.0717256607640496,-0.0250742392359501));
#8586=VECTOR('',#11654,1.0);
#8587=COLOUR_RGB('',0.501960813999176,1.0,1.0);
#8588=CARTESIAN_POINT('',(-0.0388,0.0733256607640495,-0.0150742392359501));
#8589=AXIS2_PLACEMENT_3D('',#11655,#11656,#11657);
#8590=CARTESIAN_POINT('',(-0.0388000000000001,0.0733256607640496,-0.0250742392359501));
#8591=AXIS2_PLACEMENT_3D('',#11658,#11659,#11660);
#8592=COLOUR_RGB('',0.501960813999176,1.0,1.0);
#8593=AXIS2_PLACEMENT_3D('',#11661,#11662,#11663);
#8594=AXIS2_PLACEMENT_3D('',#11664,#11665,#11666);
#8595=COLOUR_RGB('',0.501960813999176,1.0,1.0);
#8596=AXIS2_PLACEMENT_3D('',#11667,#11668,#11669);
#8597=AXIS2_PLACEMENT_3D('',#11670,#11671,#11672);
#8598=COLOUR_RGB('',0.501960813999176,1.0,1.0);
#8599=CARTESIAN_POINT('',(-0.0165,0.0698256607640495,0.000925760764049606));
#8600=CARTESIAN_POINT('',(0.0165,0.0698256607640495,0.000925760764049606));
#8601=CARTESIAN_POINT('',(0.0185,0.0698256607640495,0.000925760764049606));
#8602=VECTOR('',#11673,1.0);
#8603=CARTESIAN_POINT('',(0.0165,0.0698256607640495,0.00192576076404961));
#8604=CARTESIAN_POINT('',(0.0165,0.0698256607640495,0.00192576076404961));
#8605=VECTOR('',#11674,1.0);
#8606=CARTESIAN_POINT('',(-0.0165,0.0698256607640495,0.00192576076404961));
#8607=CARTESIAN_POINT('',(0.0185,0.0698256607640495,0.00192576076404961));
#8608=VECTOR('',#11675,1.0);
#8609=CARTESIAN_POINT('',(-0.0165,0.0698256607640495,0.000925760764049745));
#8610=VECTOR('',#11676,1.0);
#8611=COLOUR_RGB('',0.501960813999176,1.0,1.0);
#8612=CARTESIAN_POINT('',(0.0185,0.0678256607640495,0.000925760764049606));
#8613=AXIS2_PLACEMENT_3D('',#11677,#11678,#11679);
#8614=CARTESIAN_POINT('',(0.0185,0.0678256607640495,0.00192576076404961));
#8615=CARTESIAN_POINT('',(0.0185,0.0678256607640495,0.000925760764049606));
#8616=VECTOR('',#11680,1.0);
#8617=AXIS2_PLACEMENT_3D('',#11681,#11682,#11683);
#8618=COLOUR_RGB('',0.501960813999176,1.0,1.0);
#8619=CARTESIAN_POINT('',(-0.0185,0.0678256607640495,0.000925760764049606));
#8620=AXIS2_PLACEMENT_3D('',#11684,#11685,#11686);
#8621=CARTESIAN_POINT('',(-0.0185,0.0678256607640495,0.00192576076404961));
#8622=AXIS2_PLACEMENT_3D('',#11687,#11688,#11689);
#8623=CARTESIAN_POINT('',(-0.0185,0.0678256607640495,0.00192576076404961));
#8624=VECTOR('',#11690,1.0);
#8625=COLOUR_RGB('',0.501960813999176,1.0,1.0);
#8626=CARTESIAN_POINT('',(0.0129,0.0665256607640495,0.00192576076404962));
#8627=AXIS2_PLACEMENT_3D('',#11691,#11692,#11693);
#8628=CARTESIAN_POINT('',(0.0152,0.0642256607640495,0.000424760764049609));
#8629=AXIS2_PLACEMENT_3D('',#11694,#11695,#11696);
#8630=COLOUR_RGB('',0.501960813999176,1.0,1.0);
#8631=CARTESIAN_POINT('',(0.0138,0.0665256607640495,-0.0053752392359504));
#8632=AXIS2_PLACEMENT_3D('',#11697,#11698,#11699);
#8633=CARTESIAN_POINT('',(0.0152,0.0651256607640495,0.000424760764049612));
#8634=AXIS2_PLACEMENT_3D('',#11700,#11701,#11702);
#8635=COLOUR_RGB('',0.501960813999176,1.0,1.0);
#8636=CARTESIAN_POINT('',(-0.0175,0.0665256607640495,0.00192576076404962));
#8637=AXIS2_PLACEMENT_3D('',#11703,#11704,#11705);
#8638=CARTESIAN_POINT('',(-0.0152,0.0642256607640495,0.000424760764049705));
#8639=AXIS2_PLACEMENT_3D('',#11706,#11707,#11708);
#8640=COLOUR_RGB('',0.501960813999176,1.0,1.0);
#8641=CARTESIAN_POINT('',(-0.0166,0.0665256607640495,-0.0053752392359504));
#8642=AXIS2_PLACEMENT_3D('',#11709,#11710,#11711);
#8643=CARTESIAN_POINT('',(-0.0152,0.0651256607640495,0.000424760764049708));
#8644=AXIS2_PLACEMENT_3D('',#11712,#11713,#11714);
#8645=COLOUR_RGB('',0.501960813999176,1.0,1.0);
#8646=COLOUR_RGB('',0.501960813999176,1.0,1.0);
#8647=COLOUR_RGB('',0.501960813999176,1.0,1.0);
#8648=COLOUR_RGB('',0.501960813999176,1.0,1.0);
#8649=COLOUR_RGB('',0.501960813999176,1.0,1.0);
#8650=CARTESIAN_POINT('',(0.0129,0.0378997007966495,0.00192576076404962));
#8651=AXIS2_PLACEMENT_3D('',#11715,#11716,#11717);
#8652=CARTESIAN_POINT('',(0.0152,0.0355997007966495,0.000424760764049508));
#8653=AXIS2_PLACEMENT_3D('',#11718,#11719,#11720);
#8654=COLOUR_RGB('',0.501960813999176,1.0,1.0);
#8655=CARTESIAN_POINT('',(0.0152,0.0364997007966495,0.000424760764049511));
#8656=AXIS2_PLACEMENT_3D('',#11721,#11722,#11723);
#8657=COLOUR_RGB('',0.501960813999176,1.0,1.0);
#8658=CARTESIAN_POINT('',(0.0138,0.0378997007966495,-0.0053752392359504));
#8659=AXIS2_PLACEMENT_3D('',#11724,#11725,#11726);
#8660=COLOUR_RGB('',0.501960813999176,1.0,1.0);
#8661=COLOUR_RGB('',0.501960813999176,1.0,1.0);
#8662=CARTESIAN_POINT('',(-0.0175,0.0378997007966495,0.00192576076404962));
#8663=AXIS2_PLACEMENT_3D('',#11727,#11728,#11729);
#8664=CARTESIAN_POINT('',(-0.0152,0.0355997007966495,0.000424760764049604));
#8665=AXIS2_PLACEMENT_3D('',#11730,#11731,#11732);
#8666=COLOUR_RGB('',0.501960813999176,1.0,1.0);
#8667=CARTESIAN_POINT('',(-0.0152,0.0364997007966495,0.000424760764049608));
#8668=AXIS2_PLACEMENT_3D('',#11733,#11734,#11735);
#8669=COLOUR_RGB('',0.501960813999176,1.0,1.0);
#8670=CARTESIAN_POINT('',(-0.0166,0.0378997007966495,-0.0053752392359504));
#8671=AXIS2_PLACEMENT_3D('',#11736,#11737,#11738);
#8672=COLOUR_RGB('',0.501960813999176,1.0,1.0);
#8673=COLOUR_RGB('',0.501960813999176,1.0,1.0);
#8674=CARTESIAN_POINT('',(-0.0150011059992192,0.0468270130268281,0.00232686676326907));
#8675=CARTESIAN_POINT('',(0.0150011059992192,0.0468270130268281,0.00232686676326907));
#8676=CARTESIAN_POINT('',(0.015,0.0468270130268281,0.00232686676326907));
#8677=VECTOR('',#11739,1.0);
#8678=CARTESIAN_POINT('',(-0.0156,0.0462270140461909,0.00292576076404983));
#8679=CARTESIAN_POINT('',(-0.0414162699131086,0.0203631122346385,0.0287420306771583));
#8680=VECTOR('',#11740,1.0);
#8681=CARTESIAN_POINT('',(0.0156,0.0462270140461909,0.00292576076404983));
#8682=CARTESIAN_POINT('',(-0.015,0.0462270140461909,0.00292576076404983));
#8683=VECTOR('',#11741,1.0);
#8684=CARTESIAN_POINT('',(0.0237233322323094,0.0380886939888697,0.0110490929963592));
#8685=VECTOR('',#11742,1.0);
#8686=COLOUR_RGB('',0.501960813999176,1.0,1.0);
#8687=CARTESIAN_POINT('',(-0.015,0.0468270150655554,0.00232576076404984));
#8688=CARTESIAN_POINT('',(-0.0156718901781003,0.0468257765467639,0.00299765094215011));
#8689=VECTOR('',#11743,1.0);
#8690=CARTESIAN_POINT('',(-0.015,0.0618281715252376,0.00232576076404994));
#8691=CARTESIAN_POINT('',(-0.015,0.0468259090644571,0.00232576076404984));
#8692=VECTOR('',#11744,1.0);
#8693=CARTESIAN_POINT('',(-0.0156,0.0624270665435038,0.00292576076404995));
#8694=CARTESIAN_POINT('',(0.0155812564492206,0.0313032346256381,-0.028255495685171));
#8695=VECTOR('',#11745,1.0);
#8696=CARTESIAN_POINT('',(-0.0156,0.061825959523041,0.00292576076404994));
#8697=VECTOR('',#11746,1.0);
#8698=COLOUR_RGB('',0.501960813999176,1.0,1.0);
#8699=CARTESIAN_POINT('',(-0.015,0.0618270675628666,0.00232465476483071));
#8700=CARTESIAN_POINT('',(-0.015,0.0618278028582048,0.00192576076404961));
#8701=CARTESIAN_POINT('',(-0.015,0.0618256554123942,0.00309073925134277));
#8702=VECTOR('',#11747,1.0);
#8703=CARTESIAN_POINT('',(-0.015,0.0624270665435039,0.00292576076405003));
#8704=VECTOR('',#11748,1.0);
#8705=CARTESIAN_POINT('',(-0.015,0.0468277523996209,0.00192576076404961));
#8706=CARTESIAN_POINT('',(-0.015,0.0468256559220764,0.00306308922482561));
#8707=VECTOR('',#11749,1.0);
#8708=CARTESIAN_POINT('',(-0.015,0.0404756607640495,0.00192576076404961));
#8709=VECTOR('',#11750,1.0);
#8710=COLOUR_RGB('',0.501960813999176,1.0,1.0);
#8711=CARTESIAN_POINT('',(0.015,0.0618281715252376,0.00232576076404994));
#8712=CARTESIAN_POINT('',(0.0156,0.0624270665435038,0.00292576076404995));
#8713=CARTESIAN_POINT('',(-0.0155812564492207,0.0313032346256382,-0.0282554956851709));
#8714=VECTOR('',#11751,1.0);
#8715=CARTESIAN_POINT('',(0.015,0.0624270665435038,0.00292576076404995));
#8716=VECTOR('',#11752,1.0);
#8717=CARTESIAN_POINT('',(0.015,0.0618270675628666,0.00232465476483071));
#8718=CARTESIAN_POINT('',(-0.015,0.0618270675628666,0.00232465476483071));
#8719=VECTOR('',#11753,1.0);
#8720=CARTESIAN_POINT('',(0.015,0.0624270665435038,0.00292576076404999));
#8721=VECTOR('',#11754,1.0);
#8722=COLOUR_RGB('',0.501960813999176,1.0,1.0);
#8723=CARTESIAN_POINT('',(0.015,0.0618278028582048,0.00192576076404961));
#8724=CARTESIAN_POINT('',(0.015,0.0618256554123942,0.00309073925134268));
#8725=VECTOR('',#11755,1.0);
#8726=CARTESIAN_POINT('',(-0.01471,0.0618278028582048,0.00192576076404961));
#8727=VECTOR('',#11756,1.0);
#8728=COLOUR_RGB('',0.501960813999176,1.0,1.0);
#8729=CARTESIAN_POINT('',(0.015,0.0468270150655554,0.00232576076404984));
#8730=CARTESIAN_POINT('',(0.015,0.0618259595230411,0.00232576076404994));
#8731=VECTOR('',#11757,1.0);
#8732=CARTESIAN_POINT('',(0.0156718901781003,0.0468257765467639,0.00299765094215011));
#8733=VECTOR('',#11758,1.0);
#8734=CARTESIAN_POINT('',(0.0156,0.0468259090644571,0.00292576076404984));
#8735=VECTOR('',#11759,1.0);
#8736=COLOUR_RGB('',0.501960813999176,1.0,1.0);
#8737=CARTESIAN_POINT('',(0.015,0.0468277523996209,0.00192576076404961));
#8738=CARTESIAN_POINT('',(0.015,0.0468256559220764,0.00306308922482551));
#8739=VECTOR('',#11760,1.0);
#8740=CARTESIAN_POINT('',(0.015,0.0551756607640486,0.00192576076404961));
#8741=VECTOR('',#11761,1.0);
#8742=COLOUR_RGB('',0.501960813999176,1.0,1.0);
#8743=CARTESIAN_POINT('',(0.01471,0.0468277523996209,0.00192576076404961));
#8744=VECTOR('',#11762,1.0);
#8745=COLOUR_RGB('',0.501960813999176,1.0,1.0);
#8746=CARTESIAN_POINT('',(-0.0185,0.0348256607640495,0.000925760764049624));
#8747=CARTESIAN_POINT('',(0.0165,0.0348256607640495,0.000925760764049513));
#8748=CARTESIAN_POINT('',(-0.0185,0.0348256607640495,0.000925760764049624));
#8749=VECTOR('',#11763,1.0);
#8750=CARTESIAN_POINT('',(-0.0185,0.0348256607640495,0.00192576076404961));
#8751=CARTESIAN_POINT('',(-0.0185,0.0348256607640495,0.000925760764049606));
#8752=VECTOR('',#11764,1.0);
#8753=CARTESIAN_POINT('',(0.0165,0.0348256607640495,0.00192576076404961));
#8754=CARTESIAN_POINT('',(-0.0185,0.0348256607640495,0.00192576076404961));
#8755=VECTOR('',#11765,1.0);
#8756=CARTESIAN_POINT('',(0.0165,0.0348256607640495,0.000925760764049554));
#8757=VECTOR('',#11766,1.0);
#8758=COLOUR_RGB('',0.501960813999176,1.0,1.0);
#8759=CARTESIAN_POINT('',(0.0185,0.0368256607640495,0.000925760764049606));
#8760=AXIS2_PLACEMENT_3D('',#11767,#11768,#11769);
#8761=CARTESIAN_POINT('',(0.0185,0.0368256607640495,0.00192576076404961));
#8762=AXIS2_PLACEMENT_3D('',#11770,#11771,#11772);
#8763=CARTESIAN_POINT('',(0.0185,0.0368256607640495,0.00192576076404961));
#8764=VECTOR('',#11773,1.0);
#8765=COLOUR_RGB('',0.501960813999176,1.0,1.0);
#8766=CARTESIAN_POINT('',(0.032,0.0572756607640495,-7.423923595046E-05));
#8767=AXIS2_PLACEMENT_3D('',#11774,#11775,#11776);
#8768=CARTESIAN_POINT('',(0.032,0.0572756607640495,-0.00227523923595041));
#8769=CARTESIAN_POINT('',(0.032,0.0572756607640495,-0.000674739235950439));
#8770=VECTOR('',#11777,1.0);
#8771=AXIS2_PLACEMENT_3D('',#11778,#11779,#11780);
#8772=COLOUR_RGB('',0.501960813999176,1.0,1.0);
#8773=CARTESIAN_POINT('',(0.04,0.0572756607640495,-7.42392359504838E-05));
#8774=CARTESIAN_POINT('',(0.0416,0.0572756607640495,-7.42392359504905E-05));
#8775=VECTOR('',#11781,1.0);
#8776=CARTESIAN_POINT('',(0.04,0.0572756607640495,-0.00227523923595044));
#8777=CARTESIAN_POINT('',(0.04,0.0572756607640495,-0.012276163686328));
#8778=VECTOR('',#11782,1.0);
#8779=CARTESIAN_POINT('',(-1.05834996779298E-17,0.0572756607640495,-0.0022752392359503));
#8780=VECTOR('',#11783,1.0);
#8781=COLOUR_RGB('',0.501960813999176,1.0,1.0);
#8782=CARTESIAN_POINT('',(0.04,0.0472756607640495,-0.00227523923595047));
#8783=VECTOR('',#11784,1.0);
#8784=CARTESIAN_POINT('',(0.0306,0.0522756607640495,-0.00227523923595041));
#8785=AXIS2_PLACEMENT_3D('',#11785,#11786,#11787);
#8786=COLOUR_RGB('',0.501960813999176,1.0,1.0);
#8787=CARTESIAN_POINT('',(0.0306,0.0522756607640495,0.00192576076404965));
#8788=AXIS2_PLACEMENT_3D('',#11788,#11789,#11790);
#8789=COLOUR_RGB('',0.501960813999176,1.0,1.0);
#8790=CARTESIAN_POINT('',(-0.032,0.0472756607640495,-7.42392359502726E-05));
#8791=CARTESIAN_POINT('',(-0.032,0.0472756607640495,-0.00227523923595041));
#8792=CARTESIAN_POINT('',(-0.032,0.0472756607640495,-0.000674739235950371));
#8793=VECTOR('',#11791,1.0);
#8794=CARTESIAN_POINT('',(-0.032,0.0472756607640495,-7.42392359502859E-05));
#8795=VECTOR('',#11792,1.0);
#8796=CARTESIAN_POINT('',(-0.005,0.0472756607640495,-0.00227523923595041));
#8797=VECTOR('',#11793,1.0);
#8798=COLOUR_RGB('',0.501960813999176,1.0,1.0);
#8799=CARTESIAN_POINT('',(-0.032,0.0572756607640495,-7.42392359502575E-05));
#8800=CARTESIAN_POINT('',(-0.032,0.0572756607640495,-0.00227523923595041));
#8801=CARTESIAN_POINT('',(-0.032,0.0572756607640495,-0.000674739235950353));
#8802=VECTOR('',#11794,1.0);
#8803=AXIS2_PLACEMENT_3D('',#11795,#11796,#11797);
#8804=AXIS2_PLACEMENT_3D('',#11798,#11799,#11800);
#8805=COLOUR_RGB('',0.501960813999176,1.0,1.0);
#8806=CARTESIAN_POINT('',(-0.0334,0.0522756607640495,-0.00227523923595041));
#8807=AXIS2_PLACEMENT_3D('',#11801,#11802,#11803);
#8808=CARTESIAN_POINT('',(-0.005,0.0572756607640495,-0.00227523923595041));
#8809=VECTOR('',#11804,1.0);
#8810=COLOUR_RGB('',0.501960813999176,1.0,1.0);
#8811=CARTESIAN_POINT('',(-0.0334,0.0522756607640495,0.00192576076404965));
#8812=AXIS2_PLACEMENT_3D('',#11805,#11806,#11807);
#8813=COLOUR_RGB('',0.501960813999176,1.0,1.0);
#8814=COLOUR_RGB('',0.501960813999176,1.0,1.0);
#8815=CARTESIAN_POINT('',(-0.032,0.0572756607640495,-7.42392359502575E-05));
#8816=VECTOR('',#11808,1.0);
#8817=COLOUR_RGB('',0.501960813999176,1.0,1.0);
#8818=COLOUR_RGB('',0.501960813999176,1.0,1.0);
#8819=CARTESIAN_POINT('',(0.0387999999959968,0.0219256607640495,-7.42392359506022E-05));
#8820=CARTESIAN_POINT('',(0.04,0.0219256607640495,-7.42392359506067E-05));
#8821=VECTOR('',#11809,1.0);
#8822=CARTESIAN_POINT('',(0.0387999999959967,0.0219256607640496,-0.0250742392359505));
#8823=CARTESIAN_POINT('',(0.0387999999959968,0.0219256607640495,0.000925760764049353));
#8824=VECTOR('',#11810,1.0);
#8825=CARTESIAN_POINT('',(0.0399999999999999,0.0219256607640496,-0.0250742392359505));
#8826=VECTOR('',#11811,1.0);
#8827=COLOUR_RGB('',0.501960813999176,1.0,1.0);
#8828=CARTESIAN_POINT('',(0.0387999999959968,0.0299256607640495,-7.42392359505745E-05));
#8829=AXIS2_PLACEMENT_3D('',#11812,#11813,#11814);
#8830=CARTESIAN_POINT('',(0.0387999999959967,0.0299256607640496,-0.0250742392359505));
#8831=CARTESIAN_POINT('',(0.0387999999959968,0.0299256607640495,0.000925760764049381));
#8832=VECTOR('',#11815,1.0);
#8833=AXIS2_PLACEMENT_3D('',#11816,#11817,#11818);
#8834=COLOUR_RGB('',0.501960813999176,1.0,1.0);
#8835=CARTESIAN_POINT('',(0.032,0.0299256607640495,-7.42392359505531E-05));
#8836=VECTOR('',#11819,1.0);
#8837=CARTESIAN_POINT('',(0.0319999999999999,0.0299256607640496,-0.0250742392359505));
#8838=VECTOR('',#11820,1.0);
#8839=COLOUR_RGB('',0.501960813999176,1.0,1.0);
#8840=CARTESIAN_POINT('',(0.0388,0.0245256607640495,-0.0150742392359505));
#8841=AXIS2_PLACEMENT_3D('',#11821,#11822,#11823);
#8842=CARTESIAN_POINT('',(0.0387999999999999,0.0245256607640496,-0.0250742392359505));
#8843=AXIS2_PLACEMENT_3D('',#11824,#11825,#11826);
#8844=COLOUR_RGB('',0.501960813999176,1.0,1.0);
#8845=CARTESIAN_POINT('',(-0.0387999999959968,0.0299256607640495,-7.42392359503291E-05));
#8846=CARTESIAN_POINT('',(-0.0387999999959969,0.0299256607640496,-0.0250742392359503));
#8847=CARTESIAN_POINT('',(-0.0387999999959968,0.0299256607640495,0.000925760764049622));
#8848=VECTOR('',#11827,1.0);
#8849=CARTESIAN_POINT('',(-0.0387999999959968,0.0219256607640495,-7.42392359503569E-05));
#8850=AXIS2_PLACEMENT_3D('',#11828,#11829,#11830);
#8851=CARTESIAN_POINT('',(-0.0387999999959969,0.0219256607640496,-0.0250742392359503));
#8852=CARTESIAN_POINT('',(-0.0387999999959968,0.0219256607640495,0.000925760764049594));
#8853=VECTOR('',#11831,1.0);
#8854=AXIS2_PLACEMENT_3D('',#11832,#11833,#11834);
#8855=COLOUR_RGB('',0.501960813999176,1.0,1.0);
#8856=CARTESIAN_POINT('',(-0.04,0.0219256607640495,-7.42392359503535E-05));
#8857=VECTOR('',#11835,1.0);
#8858=CARTESIAN_POINT('',(-8.27226276824527E-17,0.0219256607640496,-0.0250742392359504));
#8859=VECTOR('',#11836,1.0);
#8860=COLOUR_RGB('',0.501960813999176,1.0,1.0);
#8861=CARTESIAN_POINT('',(-0.0388,0.0245256607640495,-0.0150742392359503));
#8862=AXIS2_PLACEMENT_3D('',#11837,#11838,#11839);
#8863=CARTESIAN_POINT('',(-0.0388000000000001,0.0245256607640496,-0.0250742392359503));
#8864=AXIS2_PLACEMENT_3D('',#11840,#11841,#11842);
#8865=COLOUR_RGB('',0.501960813999176,1.0,1.0);
#8866=CARTESIAN_POINT('',(-0.032,0.0299256607640495,-7.42392359503505E-05));
#8867=VECTOR('',#11843,1.0);
#8868=CARTESIAN_POINT('',(-8.27226276824526E-17,0.0299256607640496,-0.0250742392359504));
#8869=VECTOR('',#11844,1.0);
#8870=COLOUR_RGB('',0.501960813999176,1.0,1.0);
#8871=CARTESIAN_POINT('',(-0.0387999999959968,0.0209256607640495,0.000925760764049639));
#8872=CARTESIAN_POINT('',(-0.0387999999959968,0.0219256607640495,-7.42392359503568E-05));
#8873=VECTOR('',#11845,1.0);
#8874=CARTESIAN_POINT('',(-4.55101557728749E-19,0.0209256607640495,0.000925760764049516));
#8875=VECTOR('',#11846,1.0);
#8876=COLOUR_RGB('',0.501960813999176,1.0,1.0);
#8877=CARTESIAN_POINT('',(-0.0387999999959968,0.0309256607640495,0.000925760764049674));
#8878=CARTESIAN_POINT('',(-0.0387999999959968,0.0299256607640495,-7.4239235950329E-05));
#8879=VECTOR('',#11847,1.0);
#8880=AXIS2_PLACEMENT_3D('',#11848,#11849,#11850);
#8881=COLOUR_RGB('',0.501960813999176,1.0,1.0);
#8882=CARTESIAN_POINT('',(-4.55101557728638E-19,0.0309256607640495,0.000925760764049551));
#8883=VECTOR('',#11851,1.0);
#8884=COLOUR_RGB('',0.501960813999176,1.0,1.0);
#8885=CARTESIAN_POINT('',(-0.0387999999959945,-0.00177294196528373,0.000925760764049559));
#8886=CARTESIAN_POINT('',(-0.0387999999959945,-0.000772941965283719,-7.42392359504391E-05));
#8887=VECTOR('',#11852,1.0);
#8888=CARTESIAN_POINT('',(-0.0387999999959945,-0.00177294196528372,0.000925760764049559));
#8889=VECTOR('',#11853,1.0);
#8890=COLOUR_RGB('',0.501960813999176,1.0,1.0);
#8891=CARTESIAN_POINT('',(-0.0387999999959945,0.00822705802670535,0.000925760764049594));
#8892=CARTESIAN_POINT('',(-0.0387999999959945,0.00722705802670535,-7.4239235950409E-05));
#8893=VECTOR('',#11854,1.0);
#8894=AXIS2_PLACEMENT_3D('',#11855,#11856,#11857);
#8895=COLOUR_RGB('',0.501960813999176,1.0,1.0);
#8896=CARTESIAN_POINT('',(-0.0416,0.00822705802670535,0.000925760764049603));
#8897=VECTOR('',#11858,1.0);
#8898=COLOUR_RGB('',0.501960813999176,1.0,1.0);
#8899=CARTESIAN_POINT('',(-0.032,0.0462756607640495,0.000925760764049707));
#8900=CARTESIAN_POINT('',(-0.032,0.0472756607640495,-7.42392359502726E-05));
#8901=VECTOR('',#11859,1.0);
#8902=CARTESIAN_POINT('',(-4.55101557728455E-19,0.0462756607640495,0.000925760764049606));
#8903=VECTOR('',#11860,1.0);
#8904=COLOUR_RGB('',0.501960813999176,1.0,1.0);
#8905=CARTESIAN_POINT('',(-0.032,0.0582756607640495,0.000925760764049749));
#8906=CARTESIAN_POINT('',(-0.032,0.0572756607640495,-7.42392359502576E-05));
#8907=VECTOR('',#11861,1.0);
#8908=AXIS2_PLACEMENT_3D('',#11862,#11863,#11864);
#8909=COLOUR_RGB('',0.501960813999176,1.0,1.0);
#8910=CARTESIAN_POINT('',(-0.0416,0.0582756607640495,0.00092576076404978));
#8911=CARTESIAN_POINT('',(-0.0613833333333334,0.0384923274307163,-0.0188575725692836));
#8912=VECTOR('',#11865,1.0);
#8913=CARTESIAN_POINT('',(-4.55101557728322E-19,0.0582756607640495,0.000925760764049648));
#8914=VECTOR('',#11866,1.0);
#8915=COLOUR_RGB('',0.501960813999176,1.0,1.0);
#8916=CARTESIAN_POINT('',(-0.0416,0.0707256607640495,0.000925760764049823));
#8917=CARTESIAN_POINT('',(-0.0390666666666667,0.0681923274307161,0.00345909409738316));
#8918=VECTOR('',#11867,1.0);
#8919=CARTESIAN_POINT('',(-0.0416,0.0717256607640495,0.000925760764049827));
#8920=VECTOR('',#11868,1.0);
#8921=COLOUR_RGB('',0.501960813999176,1.0,1.0);
#8922=CARTESIAN_POINT('',(-0.0383,0.0707256607640495,0.000925760764049813));
#8923=CARTESIAN_POINT('',(-0.0383,0.0717256607640495,-7.42392359501777E-05));
#8924=VECTOR('',#11869,1.0);
#8925=CARTESIAN_POINT('',(-4.55101557728195E-19,0.0707256607640495,0.000925760764049692));
#8926=VECTOR('',#11870,1.0);
#8927=COLOUR_RGB('',0.501960813999176,1.0,1.0);
#8928=CARTESIAN_POINT('',(-0.0348,0.0742256607640495,0.000925760764049814));
#8929=CARTESIAN_POINT('',(-0.0358,0.0742256607640495,-7.42392359501858E-05));
#8930=VECTOR('',#11871,1.0);
#8931=AXIS2_PLACEMENT_3D('',#11872,#11873,#11874);
#8932=COLOUR_RGB('',0.501960813999176,1.0,1.0);
#8933=CARTESIAN_POINT('',(-0.0348,0.0775256607640495,0.000925760764049826));
#8934=CARTESIAN_POINT('',(-0.0232,0.0659256607640495,0.0125257607640497));
#8935=VECTOR('',#11875,1.0);
#8936=CARTESIAN_POINT('',(-0.0348,0.000925660764049503,0.000925760764049556));
#8937=VECTOR('',#11876,1.0);
#8938=COLOUR_RGB('',0.501960813999176,1.0,1.0);
#8939=CARTESIAN_POINT('',(0.0348,0.0775256607640495,0.000925760764049606));
#8940=CARTESIAN_POINT('',(0.0306,0.0733256607640495,0.0051257607640496));
#8941=VECTOR('',#11877,1.0);
#8942=CARTESIAN_POINT('',(0.0348,0.0775256607640495,0.000925760764049606));
#8943=VECTOR('',#11878,1.0);
#8944=COLOUR_RGB('',0.501960813999176,1.0,1.0);
#8945=CARTESIAN_POINT('',(0.0416,-0.0188743392359505,0.000925760764049244));
#8946=CARTESIAN_POINT('',(0.0383,-0.0188743392359505,0.000925760764049255));
#8947=CARTESIAN_POINT('',(-4.55101557729193E-19,-0.0188743392359505,0.000925760764049376));
#8948=VECTOR('',#11879,1.0);
#8949=CARTESIAN_POINT('',(0.035,-0.0122743392359505,0.00752576076404929));
#8950=VECTOR('',#11880,1.0);
#8951=CARTESIAN_POINT('',(0.032,-0.0198743392359505,-7.42392359507285E-05));
#8952=VECTOR('',#11881,1.0);
#8953=CARTESIAN_POINT('',(0.0383,-0.0198743392359505,-7.42392359507488E-05));
#8954=VECTOR('',#11882,1.0);
#8955=COLOUR_RGB('',0.501960813999176,1.0,1.0);
#8956=CARTESIAN_POINT('',(0.0348,-0.0223743392359505,0.000925760764049254));
#8957=CARTESIAN_POINT('',(0.0358,-0.0223743392359505,-7.42392359507463E-05));
#8958=VECTOR('',#11883,1.0);
#8959=AXIS2_PLACEMENT_3D('',#11884,#11885,#11886);
#8960=COLOUR_RGB('',0.501960813999176,1.0,1.0);
#8961=CARTESIAN_POINT('',(0.0348,-0.0256743392359505,0.000925760764049242));
#8962=CARTESIAN_POINT('',(0.0232,-0.0140743392359505,0.0125257607640493));
#8963=VECTOR('',#11887,1.0);
#8964=CARTESIAN_POINT('',(0.0348,0.000925660764049503,0.000925760764049336));
#8965=VECTOR('',#11888,1.0);
#8966=COLOUR_RGB('',0.501960813999176,1.0,1.0);
#8967=CARTESIAN_POINT('',(0.0348,-0.0266743392359505,-7.42392359507612E-05));
#8968=VECTOR('',#11889,1.0);
#8969=CARTESIAN_POINT('',(-0.0348,-0.0256743392359505,0.000925760764049462));
#8970=CARTESIAN_POINT('',(-0.0366,-0.0274743392359505,-0.000874239235950548));
#8971=VECTOR('',#11890,1.0);
#8972=CARTESIAN_POINT('',(-0.0348,-0.0256743392359505,0.000925760764049462));
#8973=VECTOR('',#11891,1.0);
#8974=CARTESIAN_POINT('',(-0.0348,-0.0256743392359505,0.000925760764049462));
#8975=VECTOR('',#11892,1.0);
#8976=COLOUR_RGB('',0.501960813999176,1.0,1.0);
#8977=CARTESIAN_POINT('',(-0.0383,-0.0188743392359505,0.000925760764049497));
#8978=CARTESIAN_POINT('',(-4.55101557729192E-19,-0.0188743392359505,0.000925760764049376));
#8979=VECTOR('',#11893,1.0);
#8980=CARTESIAN_POINT('',(-0.0383,-0.0188743392359505,0.000925760764049497));
#8981=VECTOR('',#11894,1.0);
#8982=CARTESIAN_POINT('',(-0.032,-0.0198743392359505,-7.42392359505261E-05));
#8983=VECTOR('',#11895,1.0);
#8984=COLOUR_RGB('',0.501960813999176,1.0,1.0);
#8985=CARTESIAN_POINT('',(-0.0348,-0.0223743392359505,0.000925760764049474));
#8986=CARTESIAN_POINT('',(-0.0348,-0.0223743392359505,0.000925760764049474));
#8987=VECTOR('',#11896,1.0);
#8988=AXIS2_PLACEMENT_3D('',#11897,#11898,#11899);
#8989=COLOUR_RGB('',0.501960813999176,1.0,1.0);
#8990=CARTESIAN_POINT('',(-0.0348,0.000925660764049503,0.000925760764049556));
#8991=VECTOR('',#11900,1.0);
#8992=COLOUR_RGB('',0.501960813999176,1.0,1.0);
#8993=CARTESIAN_POINT('',(0.0416,0.0707256607640495,0.00092576076404956));
#8994=CARTESIAN_POINT('',(0.0190000000000001,0.0481256607640495,0.0235257607640495));
#8995=VECTOR('',#11901,1.0);
#8996=CARTESIAN_POINT('',(0.0383,0.0707256607640495,0.000925760764049571));
#8997=CARTESIAN_POINT('',(0.0416,0.0707256607640495,0.00092576076404956));
#8998=VECTOR('',#11902,1.0);
#8999=CARTESIAN_POINT('',(0.0383,0.0707256607640495,0.000925760764049571));
#9000=VECTOR('',#11903,1.0);
#9001=COLOUR_RGB('',0.501960813999176,1.0,1.0);
#9002=CARTESIAN_POINT('',(0.0348,0.0742256607640495,0.000925760764049594));
#9003=CARTESIAN_POINT('',(0.0348,0.0742256607640495,0.000925760764049594));
#9004=VECTOR('',#11904,1.0);
#9005=AXIS2_PLACEMENT_3D('',#11905,#11906,#11907);
#9006=COLOUR_RGB('',0.501960813999176,1.0,1.0);
#9007=CARTESIAN_POINT('',(0.0348,0.0742256607640495,0.000925760764049594));
#9008=VECTOR('',#11908,1.0);
#9009=COLOUR_RGB('',0.501960813999176,1.0,1.0);
#9010=CARTESIAN_POINT('',(0.0416,0.0582756607640495,0.000925760764049516));
#9011=VECTOR('',#11909,1.0);
#9012=COLOUR_RGB('',0.501960813999176,1.0,1.0);
#9013=CARTESIAN_POINT('',(0.039,0.0462756607640495,0.000925760764049482));
#9014=CARTESIAN_POINT('',(0.02455,0.0318256607640494,0.0153757607640495));
#9015=VECTOR('',#11910,1.0);
#9016=CARTESIAN_POINT('',(0.032,0.0462756607640495,0.000925760764049504));
#9017=CARTESIAN_POINT('',(0.0416,0.0462756607640495,0.000925760764049474));
#9018=VECTOR('',#11911,1.0);
#9019=CARTESIAN_POINT('',(0.032,0.0462756607640495,0.000925760764049504));
#9020=VECTOR('',#11912,1.0);
#9021=COLOUR_RGB('',0.501960813999176,1.0,1.0);
#9022=CARTESIAN_POINT('',(0.032,0.0582756607640495,0.000925760764049547));
#9023=CARTESIAN_POINT('',(0.032,0.0582756607640495,0.000925760764049547));
#9024=VECTOR('',#11913,1.0);
#9025=AXIS2_PLACEMENT_3D('',#11914,#11915,#11916);
#9026=COLOUR_RGB('',0.501960813999176,1.0,1.0);
#9027=CARTESIAN_POINT('',(0.039,0.0582756607640495,0.000925760764049525));
#9028=CARTESIAN_POINT('',(0.032,0.0582756607640495,0.000925760764049547));
#9029=VECTOR('',#11917,1.0);
#9030=CARTESIAN_POINT('',(0.0587833333333333,0.0384923274307163,-0.0188575725692839));
#9031=VECTOR('',#11918,1.0);
#9032=COLOUR_RGB('',0.501960813999176,1.0,1.0);
#9033=CARTESIAN_POINT('',(0.0416,0.0309256607640495,0.00092576076404942));
#9034=CARTESIAN_POINT('',(0.0416,0.0309256607640495,0.00092576076404942));
#9035=VECTOR('',#11919,1.0);
#9036=CARTESIAN_POINT('',(0.0390666666666667,0.0334589940973828,0.00345909409738277));
#9037=VECTOR('',#11920,1.0);
#9038=COLOUR_RGB('',0.501960813999176,1.0,1.0);
#9039=CARTESIAN_POINT('',(0.0387999999959968,0.0309256607560431,0.000925760764049429));
#9040=CARTESIAN_POINT('',(0.0387999999959968,0.0299256607560431,-7.42392359505745E-05));
#9041=VECTOR('',#11921,1.0);
#9042=CARTESIAN_POINT('',(-4.55101557728638E-19,0.0309256607640495,0.000925760764049551));
#9043=VECTOR('',#11922,1.0);
#9044=COLOUR_RGB('',0.501960813999176,1.0,1.0);
#9045=CARTESIAN_POINT('',(0.0387999999959968,0.0209256607640495,0.000925760764049393));
#9046=CARTESIAN_POINT('',(0.0387999999959968,0.0219256607640495,-7.42392359506028E-05));
#9047=VECTOR('',#11923,1.0);
#9048=AXIS2_PLACEMENT_3D('',#11924,#11925,#11926);
#9049=COLOUR_RGB('',0.501960813999176,1.0,1.0);
#9050=CARTESIAN_POINT('',(0.0416,0.0209256607640495,0.000925760764049385));
#9051=CARTESIAN_POINT('',(0.0356,0.0149256607640495,0.00692576076404936));
#9052=VECTOR('',#11927,1.0);
#9053=CARTESIAN_POINT('',(-4.55101557728749E-19,0.0209256607640495,0.000925760764049516));
#9054=VECTOR('',#11928,1.0);
#9055=COLOUR_RGB('',0.501960813999176,1.0,1.0);
#9056=CARTESIAN_POINT('',(0.0416,0.00822705802670535,0.00092576076404934));
#9057=CARTESIAN_POINT('',(0.0396666644100249,0.0101603936166804,0.00285909635402443));
#9058=VECTOR('',#11929,1.0);
#9059=CARTESIAN_POINT('',(0.0416,0.00822705802670535,0.00092576076404934));
#9060=VECTOR('',#11930,1.0);
#9061=COLOUR_RGB('',0.501960813999176,1.0,1.0);
#9062=CARTESIAN_POINT('',(0.0416,-0.00177294196528372,0.000925760764049305));
#9063=CARTESIAN_POINT('',(0.0416,-0.0188743392359505,0.000925760764049244));
#9064=VECTOR('',#11931,1.0);
#9065=CARTESIAN_POINT('',(0.0396666666653323,-0.00370627529995145,0.00285909409871703));
#9066=VECTOR('',#11932,1.0);
#9067=COLOUR_RGB('',0.501960813999176,1.0,1.0);
#9068=CARTESIAN_POINT('',(0.0387999999959946,-0.00177294196528372,0.000925760764049313));
#9069=CARTESIAN_POINT('',(0.0416,-0.00177294196528372,0.000925760764049305));
#9070=VECTOR('',#11933,1.0);
#9071=CARTESIAN_POINT('',(0.0387999999959946,-0.00177294196528372,0.000925760764049313));
#9072=VECTOR('',#11934,1.0);
#9073=COLOUR_RGB('',0.501960813999176,1.0,1.0);
#9074=CARTESIAN_POINT('',(0.0387999999959946,0.00822705802670535,0.000925760764049349));
#9075=CARTESIAN_POINT('',(0.0387999999959946,0.00822705802670535,0.000925760764049349));
#9076=VECTOR('',#11935,1.0);
#9077=AXIS2_PLACEMENT_3D('',#11936,#11937,#11938);
#9078=COLOUR_RGB('',0.501960813999176,1.0,1.0);
#9079=CARTESIAN_POINT('',(0.0387999999959946,0.00822705802670535,0.000925760764049349));
#9080=VECTOR('',#11939,1.0);
#9081=COLOUR_RGB('',0.501960813999176,1.0,1.0);
#9082=CARTESIAN_POINT('',(0.04,0.0462756607640495,-7.42392359505232E-05));
#9083=VECTOR('',#11940,1.0);
#9084=CARTESIAN_POINT('',(0.04,0.0655654313793919,-7.42392359504555E-05));
#9085=VECTOR('',#11941,1.0);
#9086=CARTESIAN_POINT('',(0.0399999999999999,0.000925660764049478,-0.0230742392359505));
#9087=VECTOR('',#11942,1.0);
#9088=COLOUR_RGB('',0.501960813999176,1.0,1.0);
#9089=CARTESIAN_POINT('',(0.039,0.0389654313793919,0.000925760764049456));
#9090=VECTOR('',#11943,1.0);
#9091=COLOUR_RGB('',0.501960813999176,1.0,1.0);
#9092=CARTESIAN_POINT('',(0.039,0.0582756607640495,0.000925760764049524));
#9093=VECTOR('',#11944,1.0);
#9094=COLOUR_RGB('',0.501960813999176,1.0,1.0);
#9095=CARTESIAN_POINT('',(-0.0430201010126778,-0.0276743392359504,-0.0270742392359504));
#9096=CARTESIAN_POINT('',(-0.0436000000000001,-0.0270944402486281,-0.0270742392359504));
#9097=CARTESIAN_POINT('',(-0.0440100505063389,-0.0266843897422892,-0.0270742392359504));
#9098=VECTOR('',#11945,1.0);
#9099=CARTESIAN_POINT('',(-0.0436000000000001,0.0795256607640496,-0.02707423923595));
#9100=CARTESIAN_POINT('',(-0.0436000000000001,0.0795256607640496,-0.02707423923595));
#9101=VECTOR('',#11946,1.0);
#9102=CARTESIAN_POINT('',(0.0430201010126776,0.0795256607640496,-0.0270742392359503));
#9103=CARTESIAN_POINT('',(0.0435999999999999,0.0795256607640496,-0.0270742392359503));
#9104=VECTOR('',#11947,1.0);
#9105=CARTESIAN_POINT('',(0.0435999999999999,0.0789457617767273,-0.0270742392359503));
#9106=CARTESIAN_POINT('',(0.0440100505063388,0.0785357112703885,-0.0270742392359503));
#9107=VECTOR('',#11948,1.0);
#9108=CARTESIAN_POINT('',(0.0435999999999999,-0.0276743392359504,-0.0270742392359507));
#9109=CARTESIAN_POINT('',(0.0435999999999999,-0.0276743392359504,-0.0270742392359507));
#9110=VECTOR('',#11949,1.0);
#9111=CARTESIAN_POINT('',(-0.0436000000000001,-0.0276743392359504,-0.0270742392359504));
#9112=VECTOR('',#11950,1.0);
#9113=CARTESIAN_POINT('',(-8.90508989228164E-17,-0.0266743392359504,-0.0270742392359505));
#9114=VECTOR('',#11951,1.0);
#9115=COLOUR_RGB('',0.501960813999176,1.0,1.0);
#9116=CARTESIAN_POINT('',(-0.0290666666666669,0.0649923274307163,-0.0416075725692834));
#9117=VECTOR('',#11952,1.0);
#9118=CARTESIAN_POINT('',(0.0410323410723373,0.0747267837573377,-0.0318731162426622));
#9119=VECTOR('',#11953,1.0);
#9120=COLOUR_RGB('',0.501960813999176,1.0,1.0);
#9121=CARTESIAN_POINT('',(0.0287181674143026,0.072781504886766,-0.0419560718216476));
#9122=VECTOR('',#11954,1.0);
#9123=COLOUR_RGB('',0.501960813999176,1.0,1.0);
#9124=CARTESIAN_POINT('',(0.0340666666666666,-0.0181410059026171,-0.036607572569284));
#9125=VECTOR('',#11955,1.0);
#9126=COLOUR_RGB('',0.501960813999176,1.0,1.0);
#9127=CARTESIAN_POINT('',(-0.0450000000000001,-0.0276743392359504,-0.0256742392359504));
#9128=VECTOR('',#11956,1.0);
#9129=COLOUR_RGB('',0.501960813999176,1.0,1.0);
#9130=CARTESIAN_POINT('',(-0.0433155691351867,-0.0283876623845604,-0.0263609160873404));
#9131=VECTOR('',#11957,1.0);
#9132=COLOUR_RGB('',0.501960813999176,1.0,1.0);
#9133=CARTESIAN_POINT('',(0.0435999999999999,-0.0290743392359504,-0.0256742392359507));
#9134=VECTOR('',#11958,1.0);
#9135=COLOUR_RGB('',0.501960813999176,1.0,1.0);
#9136=COLOUR_RGB('',0.501960813999176,1.0,1.0);
#9137=CARTESIAN_POINT('',(-8.27226276824531E-17,-0.0198743392359504,-0.0250742392359506));
#9138=VECTOR('',#11959,1.0);
#9139=CARTESIAN_POINT('',(-8.27226276824531E-17,-0.0266743392359504,-0.0250742392359506));
#9140=VECTOR('',#11960,1.0);
#9141=COLOUR_RGB('',0.501960813999176,1.0,1.0);
#9142=COLOUR_RGB('',0.501960813999176,1.0,1.0);
#9143=COLOUR_RGB('',0.501960813999176,1.0,1.0);
#9144=COLOUR_RGB('',0.501960813999176,1.0,1.0);
#9145=COLOUR_RGB('',0.501960813999176,1.0,1.0);
#9146=COLOUR_RGB('',0.501960813999176,1.0,1.0);
#9147=COLOUR_RGB('',0.501960813999176,1.0,1.0);
#9148=CARTESIAN_POINT('',(0.0399999999999999,0.0403240100231546,-0.0176742392359501));
#9149=VECTOR('',#11961,1.0);
#9150=CARTESIAN_POINT('',(0.0389999999999999,0.0642068527356292,-0.0176742392359501));
#9151=VECTOR('',#11962,1.0);
#9152=COLOUR_RGB('',0.501960813999176,1.0,1.0);
#9153=CARTESIAN_POINT('',(0.04,0.0662654313793919,-0.0156156605921874));
#9154=VECTOR('',#11963,1.0);
#9155=COLOUR_RGB('',0.501960813999176,1.0,1.0);
#9156=CARTESIAN_POINT('',(0.039,0.0662654313793919,-0.00853281787971283));
#9157=VECTOR('',#11964,1.0);
#9158=COLOUR_RGB('',0.501960813999176,1.0,1.0);
#9159=CARTESIAN_POINT('',(0.04,0.0642068527356292,-0.00647423923595014));
#9160=VECTOR('',#11965,1.0);
#9161=COLOUR_RGB('',0.501960813999176,1.0,1.0);
#9162=CARTESIAN_POINT('',(0.039,0.0403240100231546,-0.00647423923595014));
#9163=VECTOR('',#11966,1.0);
#9164=COLOUR_RGB('',0.501960813999176,1.0,1.0);
#9165=CARTESIAN_POINT('',(0.04,0.0382654313793919,-0.00853281787971284));
#9166=VECTOR('',#11967,1.0);
#9167=COLOUR_RGB('',0.501960813999176,1.0,1.0);
#9168=CARTESIAN_POINT('',(0.039,0.0382654313793919,-0.0156156605921874));
#9169=VECTOR('',#11968,1.0);
#9170=COLOUR_RGB('',0.501960813999176,1.0,1.0);
#9171=CARTESIAN_POINT('',(0.000200016112074122,0.00587122656432933,0.00292576076404959));
#9172=AXIS2_PLACEMENT_3D('',#11969,#11970,#11971);
#9173=CARTESIAN_POINT('',(0.012927938173432,-0.00985669549702855,0.00292576076404948));
#9174=CARTESIAN_POINT('',(0.012927938173432,0.0155991486256872,0.00292576076404966));
#9175=AXIS2_PLACEMENT_3D('',#11972,#11973,#11974);
#9176=CARTESIAN_POINT('',(0.0143421517358051,0.0170133621880603,0.00292576076404967));
#9177=AXIS2_PLACEMENT_3D('',#11975,#11976,#11977);
#9178=CARTESIAN_POINT('',(0.0143421517358051,-0.0112709090594016,0.00292576076404947));
#9179=AXIS2_PLACEMENT_3D('',#11978,#11979,#11980);
#9180=AXIS2_PLACEMENT_3D('',#11981,#11982,#11983);
#9181=CARTESIAN_POINT('',(0.00868529748631268,-0.00561405480990925,0.00292576076404951));
#9182=CARTESIAN_POINT('',(0.0086852974863127,0.0113565079385679,0.00292576076404963));
#9183=AXIS2_PLACEMENT_3D('',#11984,#11985,#11986);
#9184=CARTESIAN_POINT('',(0.0100995110486858,0.012770721500941,0.00292576076404964));
#9185=AXIS2_PLACEMENT_3D('',#11987,#11988,#11989);
#9186=CARTESIAN_POINT('',(0.0100995110486858,-0.00702826837228235,0.0029257607640495));
#9187=AXIS2_PLACEMENT_3D('',#11990,#11991,#11992);
#9188=AXIS2_PLACEMENT_3D('',#11993,#11994,#11995);
#9189=CARTESIAN_POINT('',(0.00514976358037995,-0.00207852090397651,0.00292576076404953));
#9190=CARTESIAN_POINT('',(0.00514976358037996,0.00782097403263516,0.0029257607640496));
#9191=AXIS2_PLACEMENT_3D('',#11996,#11997,#11998);
#9192=CARTESIAN_POINT('',(0.00656397714275305,0.00923518759500826,0.00292576076404961));
#9193=AXIS2_PLACEMENT_3D('',#11999,#12000,#12001);
#9194=CARTESIAN_POINT('',(0.00656397714275304,-0.00349273446634961,0.00292576076404952));
#9195=AXIS2_PLACEMENT_3D('',#12002,#12003,#12004);
#9196=AXIS2_PLACEMENT_3D('',#12005,#12006,#12007);
#9197=CARTESIAN_POINT('',(-0.00474973135623172,-0.0020785209039765,0.00292576076404953));
#9198=CARTESIAN_POINT('',(-0.00616394491860482,-0.00349273446634959,0.00292576076404952));
#9199=AXIS2_PLACEMENT_3D('',#12008,#12009,#12010);
#9200=CARTESIAN_POINT('',(-0.00616394491860478,0.00923518759500828,0.00292576076404961));
#9201=AXIS2_PLACEMENT_3D('',#12011,#12012,#12013);
#9202=CARTESIAN_POINT('',(-0.00474973135623169,0.00782097403263518,0.0029257607640496));
#9203=AXIS2_PLACEMENT_3D('',#12014,#12015,#12016);
#9204=AXIS2_PLACEMENT_3D('',#12017,#12018,#12019);
#9205=CARTESIAN_POINT('',(-0.00828526526216446,-0.00561405480990923,0.00292576076404951));
#9206=CARTESIAN_POINT('',(-0.00969947882453756,-0.00702826837228232,0.0029257607640495));
#9207=AXIS2_PLACEMENT_3D('',#12020,#12021,#12022);
#9208=CARTESIAN_POINT('',(-0.00969947882453751,0.012770721500941,0.00292576076404964));
#9209=AXIS2_PLACEMENT_3D('',#12023,#12024,#12025);
#9210=CARTESIAN_POINT('',(-0.00828526526216442,0.0113565079385679,0.00292576076404963));
#9211=AXIS2_PLACEMENT_3D('',#12026,#12027,#12028);
#9212=AXIS2_PLACEMENT_3D('',#12029,#12030,#12031);
#9213=CARTESIAN_POINT('',(-0.0125279059492838,-0.00985669549702851,0.00292576076404948));
#9214=CARTESIAN_POINT('',(-0.0139421195116568,-0.0112709090594016,0.00292576076404947));
#9215=AXIS2_PLACEMENT_3D('',#12032,#12033,#12034);
#9216=CARTESIAN_POINT('',(-0.0139421195116568,0.0170133621880603,0.00292576076404967));
#9217=AXIS2_PLACEMENT_3D('',#12035,#12036,#12037);
#9218=CARTESIAN_POINT('',(-0.0125279059492837,0.0155991486256872,0.00292576076404966));
#9219=AXIS2_PLACEMENT_3D('',#12038,#12039,#12040);
#9220=AXIS2_PLACEMENT_3D('',#12041,#12042,#12043);
#9221=COLOUR_RGB('',0.501960813999176,1.0,1.0);
#9222=CARTESIAN_POINT('',(0.014342151735805,-0.0112709090594016,0.00192576076404936));
#9223=CARTESIAN_POINT('',(0.014342151735805,-0.0112709090594016,0.000925760764049363));
#9224=VECTOR('',#12044,1.0);
#9225=CARTESIAN_POINT('',(0.012927938173432,-0.00985669549702854,0.00192576076404937));
#9226=AXIS2_PLACEMENT_3D('',#12045,#12046,#12047);
#9227=CARTESIAN_POINT('',(0.012927938173432,-0.00985669549702854,0.000925760764049373));
#9228=VECTOR('',#12048,1.0);
#9229=COLOUR_RGB('',0.501960813999176,1.0,1.0);
#9230=CARTESIAN_POINT('',(0.012927938173432,0.0155991486256872,0.00192576076404946));
#9231=AXIS2_PLACEMENT_3D('',#12049,#12050,#12051);
#9232=CARTESIAN_POINT('',(0.012927938173432,0.0155991486256872,0.000925760764049462));
#9233=VECTOR('',#12052,1.0);
#9234=COLOUR_RGB('',0.501960813999176,1.0,1.0);
#9235=CARTESIAN_POINT('',(0.0100995110486858,0.012770721500941,0.00192576076404946));
#9236=CARTESIAN_POINT('',(0.0100995110486858,0.012770721500941,0.000925760764049461));
#9237=VECTOR('',#12053,1.0);
#9238=CARTESIAN_POINT('',(0.0100995110486858,-0.00702826837228234,0.00192576076404939));
#9239=AXIS2_PLACEMENT_3D('',#12054,#12055,#12056);
#9240=CARTESIAN_POINT('',(0.0100995110486858,-0.00702826837228234,0.000925760764049392));
#9241=VECTOR('',#12057,1.0);
#9242=COLOUR_RGB('',0.501960813999176,1.0,1.0);
#9243=CARTESIAN_POINT('',(0.00868529748631269,0.0113565079385679,0.00192576076404945));
#9244=CARTESIAN_POINT('',(0.00868529748631269,0.0113565079385679,0.000925760764049461));
#9245=VECTOR('',#12058,1.0);
#9246=AXIS2_PLACEMENT_3D('',#12059,#12060,#12061);
#9247=COLOUR_RGB('',0.501960813999176,1.0,1.0);
#9248=CARTESIAN_POINT('',(0.00868529748631268,-0.00561405480990925,0.00192576076404939));
#9249=AXIS2_PLACEMENT_3D('',#12062,#12063,#12064);
#9250=CARTESIAN_POINT('',(0.00868529748631267,-0.00561405480990924,0.000925760764049401));
#9251=VECTOR('',#12065,1.0);
#9252=COLOUR_RGB('',0.501960813999176,1.0,1.0);
#9253=AXIS2_PLACEMENT_3D('',#12066,#12067,#12068);
#9254=COLOUR_RGB('',0.501960813999176,1.0,1.0);
#9255=CARTESIAN_POINT('',(0.00656397714275305,0.00923518759500826,0.00192576076404945));
#9256=CARTESIAN_POINT('',(0.00656397714275305,0.00923518759500827,0.00092576076404946));
#9257=VECTOR('',#12069,1.0);
#9258=CARTESIAN_POINT('',(0.00656397714275304,-0.0034927344663496,0.00192576076404941));
#9259=AXIS2_PLACEMENT_3D('',#12070,#12071,#12072);
#9260=CARTESIAN_POINT('',(0.00656397714275303,-0.0034927344663496,0.000925760764049415));
#9261=VECTOR('',#12073,1.0);
#9262=COLOUR_RGB('',0.501960813999176,1.0,1.0);
#9263=CARTESIAN_POINT('',(0.00514976358037995,0.00782097403263517,0.00192576076404945));
#9264=CARTESIAN_POINT('',(0.00514976358037995,0.00782097403263517,0.00092576076404946));
#9265=VECTOR('',#12074,1.0);
#9266=AXIS2_PLACEMENT_3D('',#12075,#12076,#12077);
#9267=COLOUR_RGB('',0.501960813999176,1.0,1.0);
#9268=CARTESIAN_POINT('',(0.00514976358037994,-0.00207852090397651,0.00192576076404942));
#9269=AXIS2_PLACEMENT_3D('',#12078,#12079,#12080);
#9270=CARTESIAN_POINT('',(0.00514976358037994,-0.0020785209039765,0.000925760764049425));
#9271=VECTOR('',#12081,1.0);
#9272=COLOUR_RGB('',0.501960813999176,1.0,1.0);
#9273=AXIS2_PLACEMENT_3D('',#12082,#12083,#12084);
#9274=COLOUR_RGB('',0.501960813999176,1.0,1.0);
#9275=CARTESIAN_POINT('',(0.000200016112074118,-0.000128773435670664,0.00192576076404944));
#9276=AXIS2_PLACEMENT_3D('',#12085,#12086,#12087);
#9277=COLOUR_RGB('',0.501960813999176,1.0,1.0);
#9278=CARTESIAN_POINT('',(-0.0047497313562317,0.00782097403263519,0.00192576076404948));
#9279=CARTESIAN_POINT('',(-0.0047497313562317,0.00782097403263519,0.000925760764049491));
#9280=VECTOR('',#12088,1.0);
#9281=CARTESIAN_POINT('',(-0.00474973135623172,-0.00207852090397649,0.00192576076404945));
#9282=AXIS2_PLACEMENT_3D('',#12089,#12090,#12091);
#9283=CARTESIAN_POINT('',(-0.00474973135623172,-0.00207852090397649,0.000925760764049456));
#9284=VECTOR('',#12092,1.0);
#9285=COLOUR_RGB('',0.501960813999176,1.0,1.0);
#9286=CARTESIAN_POINT('',(-0.00616394491860479,0.00923518759500829,0.00192576076404949));
#9287=CARTESIAN_POINT('',(-0.00616394491860479,0.00923518759500829,0.0009257607640495));
#9288=VECTOR('',#12093,1.0);
#9289=AXIS2_PLACEMENT_3D('',#12094,#12095,#12096);
#9290=COLOUR_RGB('',0.501960813999176,1.0,1.0);
#9291=CARTESIAN_POINT('',(-0.00616394491860482,-0.00349273446634959,0.00192576076404945));
#9292=AXIS2_PLACEMENT_3D('',#12097,#12098,#12099);
#9293=CARTESIAN_POINT('',(-0.00616394491860482,-0.00349273446634958,0.000925760764049456));
#9294=VECTOR('',#12100,1.0);
#9295=COLOUR_RGB('',0.501960813999176,1.0,1.0);
#9296=AXIS2_PLACEMENT_3D('',#12101,#12102,#12103);
#9297=COLOUR_RGB('',0.501960813999176,1.0,1.0);
#9298=CARTESIAN_POINT('',(-0.00828526526216442,0.0113565079385679,0.00192576076404951));
#9299=CARTESIAN_POINT('',(-0.00828526526216442,0.0113565079385679,0.000925760764049515));
#9300=VECTOR('',#12104,1.0);
#9301=CARTESIAN_POINT('',(-0.00828526526216446,-0.00561405480990923,0.00192576076404945));
#9302=AXIS2_PLACEMENT_3D('',#12105,#12106,#12107);
#9303=CARTESIAN_POINT('',(-0.00828526526216447,-0.00561405480990922,0.000925760764049455));
#9304=VECTOR('',#12108,1.0);
#9305=COLOUR_RGB('',0.501960813999176,1.0,1.0);
#9306=CARTESIAN_POINT('',(-0.00969947882453751,0.012770721500941,0.00192576076404952));
#9307=CARTESIAN_POINT('',(-0.00969947882453751,0.012770721500941,0.000925760764049524));
#9308=VECTOR('',#12109,1.0);
#9309=AXIS2_PLACEMENT_3D('',#12110,#12111,#12112);
#9310=COLOUR_RGB('',0.501960813999176,1.0,1.0);
#9311=CARTESIAN_POINT('',(-0.00969947882453756,-0.00702826837228232,0.00192576076404945));
#9312=AXIS2_PLACEMENT_3D('',#12113,#12114,#12115);
#9313=CARTESIAN_POINT('',(-0.00969947882453756,-0.00702826837228231,0.000925760764049454));
#9314=VECTOR('',#12116,1.0);
#9315=COLOUR_RGB('',0.501960813999176,1.0,1.0);
#9316=AXIS2_PLACEMENT_3D('',#12117,#12118,#12119);
#9317=COLOUR_RGB('',0.501960813999176,1.0,1.0);
#9318=CARTESIAN_POINT('',(-0.0125279059492837,0.0155991486256872,0.00192576076404954));
#9319=CARTESIAN_POINT('',(-0.0125279059492837,0.0155991486256872,0.000925760764049543));
#9320=VECTOR('',#12120,1.0);
#9321=CARTESIAN_POINT('',(-0.0125279059492838,-0.0098566954970285,0.00192576076404945));
#9322=AXIS2_PLACEMENT_3D('',#12121,#12122,#12123);
#9323=CARTESIAN_POINT('',(-0.0125279059492838,-0.0098566954970285,0.000925760764049453));
#9324=VECTOR('',#12124,1.0);
#9325=COLOUR_RGB('',0.501960813999176,1.0,1.0);
#9326=CARTESIAN_POINT('',(-0.0139421195116568,0.0170133621880603,0.00192576076404955));
#9327=CARTESIAN_POINT('',(-0.0139421195116568,0.0170133621880603,0.000925760764049552));
#9328=VECTOR('',#12125,1.0);
#9329=AXIS2_PLACEMENT_3D('',#12126,#12127,#12128);
#9330=COLOUR_RGB('',0.501960813999176,1.0,1.0);
#9331=CARTESIAN_POINT('',(-0.0139421195116568,-0.0112709090594016,0.00192576076404945));
#9332=AXIS2_PLACEMENT_3D('',#12129,#12130,#12131);
#9333=CARTESIAN_POINT('',(-0.0139421195116569,-0.0112709090594016,0.000925760764049453));
#9334=VECTOR('',#12132,1.0);
#9335=COLOUR_RGB('',0.501960813999176,1.0,1.0);
#9336=AXIS2_PLACEMENT_3D('',#12133,#12134,#12135);
#9337=COLOUR_RGB('',0.501960813999176,1.0,1.0);
#9338=CARTESIAN_POINT('',(0.0143421517358051,0.0170133621880603,0.00192576076404946));
#9339=AXIS2_PLACEMENT_3D('',#12136,#12137,#12138);
#9340=CARTESIAN_POINT('',(0.0143421517358051,0.0170133621880603,0.000925760764049463));
#9341=VECTOR('',#12139,1.0);
#9342=COLOUR_RGB('',0.501960813999176,1.0,1.0);
#9343=AXIS2_PLACEMENT_3D('',#12140,#12141,#12142);
#9344=COLOUR_RGB('',0.501960813999176,1.0,1.0);
#9345=COLOUR_RGB('',0.501960813999176,1.0,1.0);
#9346=CARTESIAN_POINT('',(0.0319999999999999,-0.0198743392359504,-0.0250742392359507));
#9347=VECTOR('',#12143,1.0);
#9348=CARTESIAN_POINT('',(-8.27226276824531E-17,-0.0266743392359504,-0.0250742392359506));
#9349=VECTOR('',#12144,1.0);
#9350=COLOUR_RGB('',0.501960813999176,1.0,1.0);
#9351=COLOUR_RGB('',0.501960813999176,1.0,1.0);
#9352=COLOUR_RGB('',0.501960813999176,1.0,1.0);
#9353=COLOUR_RGB('',0.501960813999176,1.0,1.0);
#9354=COLOUR_RGB('',0.501960813999176,1.0,1.0);
#9355=CARTESIAN_POINT('',(0.0185,0.0338256607640495,0.00192576076404961));
#9356=VECTOR('',#12145,1.0);
#9357=CARTESIAN_POINT('',(-0.0185,0.0673256607640495,0.00192576076404961));
#9358=VECTOR('',#12146,1.0);
#9359=COLOUR_RGB('',0.501960813999176,1.0,1.0);
#9360=CARTESIAN_POINT('',(-0.0279027938683825,-0.0246243392359505,0.00192576076404944));
#9361=VECTOR('',#12147,1.0);
#9362=COLOUR_RGB('',0.501960813999176,1.0,1.0);
#9363=COLOUR_RGB('',0.501960813999176,1.0,1.0);
#9364=COLOUR_RGB('',0.501960813999176,1.0,1.0);
#9365=COLOUR_RGB('',0.501960813999176,1.0,1.0);
#9366=CARTESIAN_POINT('',(-0.0185,0.0673256607640495,0.000925760764049606));
#9367=VECTOR('',#12148,1.0);
#9368=CARTESIAN_POINT('',(0.0185,0.0338256607640495,0.000925760764049606));
#9369=VECTOR('',#12149,1.0);
#9370=COLOUR_RGB('',0.501960813999176,1.0,1.0);
#9371=COLOUR_RGB('',0.501960813999176,1.0,1.0);
#9372=COLOUR_RGB('',0.501960813999176,1.0,1.0);
#9373=COLOUR_RGB('',0.501960813999176,1.0,1.0);
#9374=COLOUR_RGB('',0.501960813999176,1.0,1.0);
#9375=COLOUR_RGB('',0.501960813999176,1.0,1.0);
#9376=COLOUR_RGB('',0.501960813999176,1.0,1.0);
#9377=COLOUR_RGB('',1.0,1.0,1.0);
#9378=CARTESIAN_POINT('',(-0.0125279059492835,0.0110991486256871,-0.0470742392359504));
#9379=CARTESIAN_POINT('',(-0.0139421195116566,0.0125133621880602,-0.0470742392359504));
#9380=CARTESIAN_POINT('',(-0.0139421195116566,0.0125133621880602,-0.0470742392359504));
#9381=CARTESIAN_POINT('',(-0.0138726724575494,0.0125828092421674,-0.0470742392359504));
#9382=CARTESIAN_POINT('',(-0.0137905829634897,0.0126377250191762,-0.0470742392359504));
#9383=CARTESIAN_POINT('',(-0.013750207644625,0.0126647350773185,-0.0470742392359504));
#9384=CARTESIAN_POINT('',(-0.0137064094672961,0.012688176671222,-0.0470742392359504));
#9385=CARTESIAN_POINT('',(-0.0136635811179676,0.012711099195257,-0.0470742392359504));
#9386=CARTESIAN_POINT('',(-0.0136176961628352,0.0127301349393849,-0.0470742392359504));
#9387=CARTESIAN_POINT('',(-0.0135728272434599,0.0127487491728751,-0.0470742392359504));
#9388=CARTESIAN_POINT('',(-0.0135252974077245,0.0127631957426058,-0.0470742392359504));
#9389=CARTESIAN_POINT('',(-0.0134788200305237,0.0127773224203072,-0.0470742392359504));
#9390=CARTESIAN_POINT('',(-0.0134301030524862,0.0127870406872768,-0.0470742392359504));
#9391=CARTESIAN_POINT('',(-0.0133824648200099,0.0127965437615605,-0.0470742392359504));
#9392=CARTESIAN_POINT('',(-0.0133330298707996,0.0128014401335458,-0.0470742392359504));
#9393=CARTESIAN_POINT('',(-0.0132846895652682,0.0128062280846117,-0.0470742392359504));
#9394=CARTESIAN_POINT('',(-0.0132350127304701,0.0128062554068736,-0.0470742392359504));
#9395=CARTESIAN_POINT('',(-0.0131864358954503,0.0128062821241356,-0.0470742392359504));
#9396=CARTESIAN_POINT('',(-0.0131369955901405,0.0128014401335458,-0.0470742392359504));
#9397=CARTESIAN_POINT('',(-0.0130886500471086,0.0127967053597019,-0.0470742392359504));
#9398=CARTESIAN_POINT('',(-0.0130399224084539,0.0127870406872768,-0.0470742392359504));
#9399=CARTESIAN_POINT('',(-0.0129922737514182,0.0127775900207874,-0.0470742392359504));
#9400=CARTESIAN_POINT('',(-0.0129447280532156,0.0127631957426058,-0.0470742392359504));
#9401=CARTESIAN_POINT('',(-0.0128982351647916,0.0127491201985558,-0.0470742392359504));
#9402=CARTESIAN_POINT('',(-0.012852329298105,0.0127301349393849,-0.0470742392359504));
#9403=CARTESIAN_POINT('',(-0.0128074399302226,0.0127115700729577,-0.0470742392359504));
#9404=CARTESIAN_POINT('',(-0.0127636159936441,0.012688176671222,-0.0470742392359504));
#9405=CARTESIAN_POINT('',(-0.0127207624554552,0.0126653012722296,-0.0470742392359504));
#9406=CARTESIAN_POINT('',(-0.0126794424974505,0.0126377250191762,-0.0470742392359504));
#9407=CARTESIAN_POINT('',(-0.0126390374919539,0.0126107593902161,-0.0470742392359504));
#9408=CARTESIAN_POINT('',(-0.0126006194463064,0.0125792658602363,-0.0470742392359504));
#9409=CARTESIAN_POINT('',(-0.012563052095793,0.0125484696950563,-0.0470742392359504));
#9410=CARTESIAN_POINT('',(-0.0125279059492835,0.0125133621880602,-0.0470742392359504));
#9411=CARTESIAN_POINT('',(-0.0124935380478755,0.0124790320705664,-0.0470742392359504));
#9412=CARTESIAN_POINT('',(-0.0124620022771073,0.0124406486910373,-0.0470742392359504));
#9413=CARTESIAN_POINT('',(-0.0124311648064822,0.0124031152390274,-0.0470742392359504));
#9414=CARTESIAN_POINT('',(-0.0124035431181675,0.0123618256398932,-0.0470742392359504));
#9415=CARTESIAN_POINT('',(-0.0123765330600249,0.0123214503210281,-0.0470742392359504));
#9416=CARTESIAN_POINT('',(-0.0123530914661217,0.0122776521436996,-0.0470742392359504));
#9417=CARTESIAN_POINT('',(-0.0123301689420865,0.0122348237943708,-0.0470742392359504));
#9418=CARTESIAN_POINT('',(-0.0123111331979588,0.0121889388392387,-0.0470742392359504));
#9419=CARTESIAN_POINT('',(-0.0122925189644683,0.0121440699198628,-0.0470742392359504));
#9420=CARTESIAN_POINT('',(-0.0122780723947379,0.0120965400841281,-0.0470742392359504));
#9421=CARTESIAN_POINT('',(-0.0122639457170365,0.0120500627069272,-0.0470742392359504));
#9422=CARTESIAN_POINT('',(-0.0122542274500668,0.0120013457288897,-0.0470742392359504));
#9423=CARTESIAN_POINT('',(-0.0122447243757832,0.0119537074964138,-0.0470742392359504));
#9424=CARTESIAN_POINT('',(-0.0122398280037979,0.0119042725472032,-0.0470742392359504));
#9425=CARTESIAN_POINT('',(-0.012235040052732,0.0118559322416716,-0.0470742392359504));
#9426=CARTESIAN_POINT('',(-0.0122350127304701,0.0118062554068736,-0.0470742392359504));
#9427=CARTESIAN_POINT('',(-0.0122349860132081,0.0117576785718539,-0.0470742392359504));
#9428=CARTESIAN_POINT('',(-0.0122398280037979,0.011708238266544,-0.0470742392359504));
#9429=CARTESIAN_POINT('',(-0.0122445627776418,0.0116598927235125,-0.0470742392359504));
#9430=CARTESIAN_POINT('',(-0.0122542274500668,0.0116111650848575,-0.0470742392359504));
#9431=CARTESIAN_POINT('',(-0.0122636781165562,0.0115635164278217,-0.0470742392359504));
#9432=CARTESIAN_POINT('',(-0.0122780723947379,0.0115159707296191,-0.0470742392359504));
#9433=CARTESIAN_POINT('',(-0.0122921479387881,0.0114694778411948,-0.0470742392359504));
#9434=CARTESIAN_POINT('',(-0.0123111331979588,0.0114235719745085,-0.0470742392359504));
#9435=CARTESIAN_POINT('',(-0.0123296980643861,0.0113786826066261,-0.0470742392359504));
#9436=CARTESIAN_POINT('',(-0.0123530914661217,0.0113348586700476,-0.0470742392359504));
#9437=CARTESIAN_POINT('',(-0.012375966865114,0.0112920051318587,-0.0470742392359504));
#9438=CARTESIAN_POINT('',(-0.0124035431181675,0.011250685173854,-0.0470742392359504));
#9439=CARTESIAN_POINT('',(-0.0124305087471276,0.0112102801683574,-0.0470742392359504));
#9440=CARTESIAN_POINT('',(-0.0124620022771073,0.01117186212271,-0.0470742392359504));
#9441=CARTESIAN_POINT('',(-0.0124794410190315,0.0111505891061981,-0.0470742392359504));
#9442=CARTESIAN_POINT('',(-0.012498789080711,0.0111295170988583,-0.0470742392359504));
#9443=CARTESIAN_POINT('',(-0.0125128359985067,0.0111142185764639,-0.0470742392359504));
#9444=CARTESIAN_POINT('',(-0.0125279059492835,0.0110991486256871,-0.0470742392359504));
#9445=CARTESIAN_POINT('',(-0.0139421195116567,-0.0157709090594018,-0.0470742392359505));
#9446=CARTESIAN_POINT('',(-0.0139421195116567,-0.0157709090594018,-0.0470742392359505));
#9447=CARTESIAN_POINT('',(-0.0141733456478578,-0.0155396829232007,-0.0470742392359505));
#9448=CARTESIAN_POINT('',(-0.0143972653418824,-0.0153006194761283,-0.0470742392359505));
#9449=CARTESIAN_POINT('',(-0.0148444723934857,-0.0148231676835245,-0.0470742392359505));
#9450=CARTESIAN_POINT('',(-0.0152601929551805,-0.0143166391189437,-0.0470742392359505));
#9451=CARTESIAN_POINT('',(-0.0155713240839451,-0.0139375460007033,-0.0470742392359505));
#9452=CARTESIAN_POINT('',(-0.0158641345175386,-0.0135427595255195,-0.0470742392359505));
#9453=CARTESIAN_POINT('',(-0.0161562896575534,-0.0131488565606634,-0.0470742392359505));
#9454=CARTESIAN_POINT('',(-0.0164293761339766,-0.0127401780960629,-0.0470742392359504));
#9455=CARTESIAN_POINT('',(-0.0167018514579313,-0.01233241423132,-0.0470742392359504));
#9456=CARTESIAN_POINT('',(-0.0169545560879312,-0.0119108283195352,-0.0470742392359504));
#9457=CARTESIAN_POINT('',(-0.0172066951789133,-0.0114901858937581,-0.0470742392359504));
#9458=CARTESIAN_POINT('',(-0.0174384091748928,-0.0110567081721908,-0.0470742392359504));
#9459=CARTESIAN_POINT('',(-0.0176696046077512,-0.0106242005498155,-0.0470742392359504));
#9460=CARTESIAN_POINT('',(-0.0178797697503946,-0.0101798753042765,-0.0470742392359504));
#9461=CARTESIAN_POINT('',(-0.0180894645550834,-0.00973654443403945,-0.0470742392359504));
#9462=CARTESIAN_POINT('',(-0.0182775745381515,-0.00928244208297262,-0.0470742392359504));
#9463=CARTESIAN_POINT('',(-0.0184652635415065,-0.00882935598779147,-0.0470742392359504));
#9464=CARTESIAN_POINT('',(-0.0186308651915861,-0.00836657050351522,-0.0470742392359504));
#9465=CARTESIAN_POINT('',(-0.0187960962343504,-0.00790482070750561,-0.0470742392359504));
#9466=CARTESIAN_POINT('',(-0.0189387906025699,-0.00743446698076007,-0.0470742392359504));
#9467=CARTESIAN_POINT('',(-0.0190811656286916,-0.00696516587962038,-0.0470742392359504));
#9468=CARTESIAN_POINT('',(-0.0192006089518166,-0.00648837703373611,-0.0470742392359504));
#9469=CARTESIAN_POINT('',(-0.0193197849673996,-0.00601265521488284,-0.0470742392359504));
#9470=CARTESIAN_POINT('',(-0.0194156894959903,-0.00553057987599338,-0.0470742392359504));
#9471=CARTESIAN_POINT('',(-0.0195113793955702,-0.00504958339494996,-0.0470742392359504));
#9472=CARTESIAN_POINT('',(-0.0195835140872213,-0.00456338292477804,-0.0470742392359504));
#9473=CARTESIAN_POINT('',(-0.0196554873454381,-0.00407827054426001,-0.0470742392359504));
#9474=CARTESIAN_POINT('',(-0.0197036784213697,-0.00358911624226202,-0.0470742392359504));
#9475=CARTESIAN_POINT('',(-0.019751761648345,-0.00310105664047312,-0.0470742392359504));
#9476=CARTESIAN_POINT('',(-0.0197758930120292,-0.00261012692221917,-0.0470742392359504));
#9477=CARTESIAN_POINT('',(-0.0197999703710584,-0.00212029587747608,-0.0470742392359504));
#9478=CARTESIAN_POINT('',(-0.0197999838879257,-0.00162877343567081,-0.0470742392359504));
#9479=CARTESIAN_POINT('',(-0.0197999973745431,-0.00113835099387285,-0.0470742392359504));
#9480=CARTESIAN_POINT('',(-0.0197758930120292,-0.000647419949122449,-0.0470742392359504));
#9481=CARTESIAN_POINT('',(-0.0197518425937437,-0.000157587580861964,-0.0470742392359504));
#9482=CARTESIAN_POINT('',(-0.0197036784213697,0.0003315693709204,-0.0470742392359504));
#9483=CARTESIAN_POINT('',(-0.0196556220377449,0.000819631616546582,-0.0470742392359504));
#9484=CARTESIAN_POINT('',(-0.0195835140872213,0.00130583605343642,-0.0470742392359504));
#9485=CARTESIAN_POINT('',(-0.0195115675102989,0.00179095239171482,-0.0470742392359504));
#9486=CARTESIAN_POINT('',(-0.0194156894959903,0.00227303300465176,-0.0470742392359504));
#9487=CARTESIAN_POINT('',(-0.0193200260513715,0.00275403474785754,-0.0470742392359504));
#9488=CARTESIAN_POINT('',(-0.0192006089518166,0.00323083016239449,-0.0470742392359504));
#9489=CARTESIAN_POINT('',(-0.0190814591011235,0.0037065585351733,-0.0470742392359504));
#9490=CARTESIAN_POINT('',(-0.0189387906025699,0.00417692010941845,-0.0470742392359504));
#9491=CARTESIAN_POINT('',(-0.0187964413882291,0.00464622904046262,-0.0470742392359504));
#9492=CARTESIAN_POINT('',(-0.0186308651915861,0.0051090236321736,-0.0470742392359504));
#9493=CARTESIAN_POINT('',(-0.0184656595453104,0.00557078251519337,-0.0470742392359504));
#9494=CARTESIAN_POINT('',(-0.0182775745381514,0.006024895211631,-0.0470742392359504));
#9495=CARTESIAN_POINT('',(-0.0180899104548237,0.00647799162899946,-0.0470742392359504));
#9496=CARTESIAN_POINT('',(-0.0178797697503946,0.00692232843293484,-0.0470742392359504));
#9497=CARTESIAN_POINT('',(-0.0176700993292195,0.00736567083572057,-0.0470742392359504));
#9498=CARTESIAN_POINT('',(-0.0174384091748928,0.00779916130084916,-0.0470742392359504));
#9499=CARTESIAN_POINT('',(-0.017207237530263,0.00823168163839365,-0.0470742392359504));
#9500=CARTESIAN_POINT('',(-0.0169545560879311,0.00865328144819365,-0.0470742392359504));
#9501=CARTESIAN_POINT('',(-0.0167024401326333,0.00907393774103499,-0.0470742392359504));
#9502=CARTESIAN_POINT('',(-0.0164293761339766,0.00948263122472126,-0.0470742392359504));
#9503=CARTESIAN_POINT('',(-0.0161569232374371,0.00989041007500879,-0.0470742392359504));
#9504=CARTESIAN_POINT('',(-0.0158641345175386,0.0102852126541779,-0.0470742392359504));
#9505=CARTESIAN_POINT('',(-0.015572001042623,0.0106791316869818,-0.0470742392359504));
#9506=CARTESIAN_POINT('',(-0.0152601929551804,0.0110590922476021,-0.0470742392359504));
#9507=CARTESIAN_POINT('',(-0.0149490826770058,0.011438202477486,-0.0470742392359504));
#9508=CARTESIAN_POINT('',(-0.0146190063950249,0.0118024056612696,-0.0470742392359504));
#9509=CARTESIAN_POINT('',(-0.0142894839175881,0.0121659977821287,-0.0470742392359504));
#9510=CARTESIAN_POINT('',(-0.0139421195116566,0.0125133621880602,-0.0470742392359504));
#9511=CARTESIAN_POINT('',(-0.0125279059492836,-0.0143566954970287,-0.0470742392359505));
#9512=CARTESIAN_POINT('',(-0.0125279059492836,-0.0143566954970287,-0.0470742392359505));
#9513=CARTESIAN_POINT('',(-0.0124584588951757,-0.0144261425511366,-0.0470742392359505));
#9514=CARTESIAN_POINT('',(-0.0124035431181676,-0.0145082320451956,-0.0470742392359505));
#9515=CARTESIAN_POINT('',(-0.0123765330600248,-0.0145486073640611,-0.0470742392359505));
#9516=CARTESIAN_POINT('',(-0.0123530914661218,-0.0145924055413892,-0.0470742392359505));
#9517=CARTESIAN_POINT('',(-0.0123301689420869,-0.0146352338907174,-0.0470742392359505));
#9518=CARTESIAN_POINT('',(-0.0123111331979589,-0.0146811188458501,-0.0470742392359505));
#9519=CARTESIAN_POINT('',(-0.0122925189644689,-0.0147259877652247,-0.0470742392359505));
#9520=CARTESIAN_POINT('',(-0.0122780723947379,-0.0147735176009608,-0.0470742392359505));
#9521=CARTESIAN_POINT('',(-0.0122639457170365,-0.0148199949781616,-0.0470742392359505));
#9522=CARTESIAN_POINT('',(-0.0122542274500669,-0.0148687119561991,-0.0470742392359505));
#9523=CARTESIAN_POINT('',(-0.0122447243757832,-0.0149163501886758,-0.0470742392359505));
#9524=CARTESIAN_POINT('',(-0.012239828003798,-0.0149657851378857,-0.0470742392359505));
#9525=CARTESIAN_POINT('',(-0.012235040052732,-0.0150141254434172,-0.0470742392359505));
#9526=CARTESIAN_POINT('',(-0.0122350127304701,-0.0150638022782152,-0.0470742392359505));
#9527=CARTESIAN_POINT('',(-0.0122349860132082,-0.0151123791132349,-0.0470742392359505));
#9528=CARTESIAN_POINT('',(-0.012239828003798,-0.0151618194185448,-0.0470742392359505));
#9529=CARTESIAN_POINT('',(-0.0122445627776418,-0.0152101649615756,-0.0470742392359505));
#9530=CARTESIAN_POINT('',(-0.0122542274500669,-0.0152588926002314,-0.0470742392359505));
#9531=CARTESIAN_POINT('',(-0.0122636781165561,-0.0153065412572665,-0.0470742392359505));
#9532=CARTESIAN_POINT('',(-0.0122780723947379,-0.0153540869554697,-0.0470742392359505));
#9533=CARTESIAN_POINT('',(-0.0122921479387882,-0.0154005798438944,-0.0470742392359505));
#9534=CARTESIAN_POINT('',(-0.0123111331979589,-0.0154464857105803,-0.0470742392359505));
#9535=CARTESIAN_POINT('',(-0.012329698064386,-0.0154913750784624,-0.0470742392359505));
#9536=CARTESIAN_POINT('',(-0.0123530914661218,-0.0155351990150412,-0.0470742392359505));
#9537=CARTESIAN_POINT('',(-0.0123759668651139,-0.0155780525532299,-0.0470742392359505));
#9538=CARTESIAN_POINT('',(-0.0124035431181676,-0.0156193725112348,-0.0470742392359505));
#9539=CARTESIAN_POINT('',(-0.0124305087471273,-0.0156597775167308,-0.0470742392359505));
#9540=CARTESIAN_POINT('',(-0.0124620022771074,-0.0156981955623789,-0.0470742392359505));
#9541=CARTESIAN_POINT('',(-0.0124927984422867,-0.0157357629128915,-0.0470742392359505));
#9542=CARTESIAN_POINT('',(-0.0125279059492836,-0.0157709090594018,-0.0470742392359505));
#9543=CARTESIAN_POINT('',(-0.0125622360667772,-0.0158052769608096,-0.0470742392359505));
#9544=CARTESIAN_POINT('',(-0.0126006194463065,-0.015836812731578,-0.0470742392359505));
#9545=CARTESIAN_POINT('',(-0.0126381528983164,-0.0158676502022032,-0.0470742392359505));
#9546=CARTESIAN_POINT('',(-0.0126794424974505,-0.0158952718905178,-0.0470742392359505));
#9547=CARTESIAN_POINT('',(-0.0127198178163163,-0.0159222819486607,-0.0470742392359505));
#9548=CARTESIAN_POINT('',(-0.0127636159936442,-0.0159457235425636,-0.0470742392359505));
#9549=CARTESIAN_POINT('',(-0.0128064443429727,-0.0159686460665986,-0.0470742392359505));
#9550=CARTESIAN_POINT('',(-0.0128523292981051,-0.0159876818107265,-0.0470742392359505));
#9551=CARTESIAN_POINT('',(-0.0128971982174798,-0.0160062960442165,-0.0470742392359505));
#9552=CARTESIAN_POINT('',(-0.0129447280532157,-0.0160207426139474,-0.0470742392359505));
#9553=CARTESIAN_POINT('',(-0.0129912054304161,-0.0160348692916487,-0.0470742392359505));
#9554=CARTESIAN_POINT('',(-0.013039922408454,-0.0160445875586185,-0.0470742392359505));
#9555=CARTESIAN_POINT('',(-0.0130875606409308,-0.0160540906329023,-0.0470742392359505));
#9556=CARTESIAN_POINT('',(-0.0131369955901406,-0.0160589870048874,-0.0470742392359505));
#9557=CARTESIAN_POINT('',(-0.0131853358956727,-0.0160637749559533,-0.0470742392359505));
#9558=CARTESIAN_POINT('',(-0.0132350127304701,-0.0160638022782152,-0.0470742392359505));
#9559=CARTESIAN_POINT('',(-0.0132835895654892,-0.0160638289954772,-0.0470742392359505));
#9560=CARTESIAN_POINT('',(-0.0133330298707997,-0.0160589870048874,-0.0470742392359505));
#9561=CARTESIAN_POINT('',(-0.0133813754138304,-0.0160542522310437,-0.0470742392359505));
#9562=CARTESIAN_POINT('',(-0.0134301030524863,-0.0160445875586185,-0.0470742392359505));
#9563=CARTESIAN_POINT('',(-0.0134777517095218,-0.0160351368921291,-0.0470742392359505));
#9564=CARTESIAN_POINT('',(-0.0135252974077246,-0.0160207426139474,-0.0470742392359505));
#9565=CARTESIAN_POINT('',(-0.0135717902961491,-0.0160066670698972,-0.0470742392359505));
#9566=CARTESIAN_POINT('',(-0.0136176961628352,-0.0159876818107265,-0.0470742392359505));
#9567=CARTESIAN_POINT('',(-0.0136625855307172,-0.0159691169442994,-0.0470742392359505));
#9568=CARTESIAN_POINT('',(-0.0137064094672961,-0.0159457235425636,-0.0470742392359505));
#9569=CARTESIAN_POINT('',(-0.0137492630054845,-0.0159228481435716,-0.0470742392359505));
#9570=CARTESIAN_POINT('',(-0.0137905829634897,-0.0158952718905178,-0.0470742392359505));
#9571=CARTESIAN_POINT('',(-0.0138309879689852,-0.0158683062615584,-0.0470742392359505));
#9572=CARTESIAN_POINT('',(-0.0138694060146338,-0.015836812731578,-0.0470742392359505));
#9573=CARTESIAN_POINT('',(-0.0138906790311446,-0.0158193739896547,-0.0470742392359505));
#9574=CARTESIAN_POINT('',(-0.0139117510384854,-0.0158000259279743,-0.0470742392359505));
#9575=CARTESIAN_POINT('',(-0.0139270495608798,-0.0157859790101787,-0.0470742392359505));
#9576=CARTESIAN_POINT('',(-0.0139421195116567,-0.0157709090594018,-0.0470742392359505));
#9577=CARTESIAN_POINT('',(-0.0125279059492835,0.0110991486256871,-0.0470742392359504));
#9578=CARTESIAN_POINT('',(-0.0131529936801122,0.0104740608948584,-0.0470742392359504));
#9579=CARTESIAN_POINT('',(-0.0137141720484549,0.00979030567927482,-0.0470742392359504));
#9580=CARTESIAN_POINT('',(-0.0139941562139274,0.00944916524296767,-0.0470742392359504));
#9581=CARTESIAN_POINT('',(-0.0142577194545773,0.00909381404519301,-0.0470742392359504));
#9582=CARTESIAN_POINT('',(-0.0145206273990271,0.00873934635563832,-0.0470742392359504));
#9583=CARTESIAN_POINT('',(-0.0147664369093715,0.00837149075868205,-0.0470742392359504));
#9584=CARTESIAN_POINT('',(-0.0150116352645249,0.00800454975960815,-0.0470742392359504));
#9585=CARTESIAN_POINT('',(-0.0152390988679306,0.00762507595980721,-0.0470742392359504));
#9586=CARTESIAN_POINT('',(-0.015465996929486,0.00724654564420184,-0.0470742392359504));
#9587=CARTESIAN_POINT('',(-0.0156745666461961,0.00685636782719717,-0.0470742392359504));
#9588=CARTESIAN_POINT('',(-0.0158826177968536,0.00646716010773862,-0.0470742392359504));
#9589=CARTESIAN_POINT('',(-0.0160717911641477,0.00606721824607427,-0.0470742392359504));
#9590=CARTESIAN_POINT('',(-0.0162604941904541,0.00566827075826365,-0.0470742392359504));
#9591=CARTESIAN_POINT('',(-0.0164298154731289,0.00525952834690082,-0.0470742392359504));
#9592=CARTESIAN_POINT('',(-0.0165987157729612,0.00485180219019576,-0.0470742392359504));
#9593=CARTESIAN_POINT('',(-0.0167477770612201,0.00443524392538916,-0.0470742392359504));
#9594=CARTESIAN_POINT('',(-0.016896467738985,0.00401972134775587,-0.0470742392359504));
#9595=CARTESIAN_POINT('',(-0.0170249099311055,0.00359635075490953,-0.0470742392359504));
#9596=CARTESIAN_POINT('',(-0.0171530327779184,0.00317403278667161,-0.0470742392359504));
#9597=CARTESIAN_POINT('',(-0.0172605464454275,0.00274486980258796,-0.0470742392359504));
#9598=CARTESIAN_POINT('',(-0.0173677928021284,0.00231677384474205,-0.0470742392359504));
#9599=CARTESIAN_POINT('',(-0.0174541189351839,0.00188285236061951,-0.0470742392359504));
#9600=CARTESIAN_POINT('',(-0.0175402304359165,0.00145000973376509,-0.0470742392359504));
#9601=CARTESIAN_POINT('',(-0.0176051610672918,0.0010123751045257,-0.0470742392359504));
#9602=CARTESIAN_POINT('',(-0.0176699302619031,0.000575828564480142,-0.0470742392359504));
#9603=CARTESIAN_POINT('',(-0.0177133089680253,0.00013553509026128,-0.0470742392359504));
#9604=CARTESIAN_POINT('',(-0.0177565798218458,-0.00030366368407291,-0.0470742392359504));
#9605=CARTESIAN_POINT('',(-0.0177783020996188,-0.000745555297777283,-0.0470742392359504));
#9606=CARTESIAN_POINT('',(-0.0177999703693783,-0.0011863482381051,-0.0470742392359504));
#9607=CARTESIAN_POINT('',(-0.0177999838879257,-0.00162877343567081,-0.0470742392359504));
#9608=CARTESIAN_POINT('',(-0.017799997372862,-0.00207009863321344,-0.0470742392359504));
#9609=CARTESIAN_POINT('',(-0.0177783020996188,-0.00251199157356433,-0.0470742392359504));
#9610=CARTESIAN_POINT('',(-0.0177566607672482,-0.00295278583723466,-0.0470742392359504));
#9611=CARTESIAN_POINT('',(-0.0177133089680253,-0.00339308196160289,-0.0470742392359504));
#9612=CARTESIAN_POINT('',(-0.0176700649542092,-0.00383228337945948,-0.0470742392359504));
#9613=CARTESIAN_POINT('',(-0.0176051610672918,-0.00426992197586731,-0.0470742392359504));
#9614=CARTESIAN_POINT('',(-0.0175404185506459,-0.00470647247320306,-0.0470742392359504));
#9615=CARTESIAN_POINT('',(-0.0174541189351839,-0.00514039923196112,-0.0470742392359504));
#9616=CARTESIAN_POINT('',(-0.0173680338861074,-0.00557324712037076,-0.0470742392359504));
#9617=CARTESIAN_POINT('',(-0.0172605464454275,-0.00600241667392958,-0.0470742392359504));
#9618=CARTESIAN_POINT('',(-0.0171533262503421,-0.00643051918494144,-0.0470742392359504));
#9619=CARTESIAN_POINT('',(-0.0170249099311055,-0.00685389762625115,-0.0470742392359504));
#9620=CARTESIAN_POINT('',(-0.0168968128928548,-0.00727622342341887,-0.0470742392359504));
#9621=CARTESIAN_POINT('',(-0.0167477770612201,-0.00769279079673078,-0.0470742392359504));
#9622=CARTESIAN_POINT('',(-0.0165991117767757,-0.00810832246025358,-0.0470742392359504));
#9623=CARTESIAN_POINT('',(-0.0164298154731289,-0.00851707521824244,-0.0470742392359504));
#9624=CARTESIAN_POINT('',(-0.0162609400901812,-0.00892481169594077,-0.0470742392359504));
#9625=CARTESIAN_POINT('',(-0.0160717911641477,-0.0093247651174159,-0.0470742392359504));
#9626=CARTESIAN_POINT('',(-0.0158831125183078,-0.00972372413635111,-0.0470742392359504));
#9627=CARTESIAN_POINT('',(-0.0156745666461961,-0.0101139146985388,-0.0470742392359504));
#9628=CARTESIAN_POINT('',(-0.0154665392808539,-0.010503135131489,-0.0470742392359504));
#9629=CARTESIAN_POINT('',(-0.0152390988679306,-0.0108826228311488,-0.0470742392359504));
#9630=CARTESIAN_POINT('',(-0.0150122239392133,-0.0112611670120304,-0.0470742392359504));
#9631=CARTESIAN_POINT('',(-0.0147664369093715,-0.0116290376300237,-0.0470742392359504));
#9632=CARTESIAN_POINT('',(-0.0145212609788436,-0.011995993612764,-0.0470742392359504));
#9633=CARTESIAN_POINT('',(-0.0142577194545773,-0.0123513609165346,-0.0470742392359505));
#9634=CARTESIAN_POINT('',(-0.0139948331725337,-0.0127058446720197,-0.0470742392359505));
#9635=CARTESIAN_POINT('',(-0.013714172048455,-0.0130478525506165,-0.0470742392359505));
#9636=CARTESIAN_POINT('',(-0.013434208731,-0.0133890100964005,-0.0470742392359505));
#9637=CARTESIAN_POINT('',(-0.013137104144315,-0.0137168346229172,-0.0470742392359505));
#9638=CARTESIAN_POINT('',(-0.0128405533488156,-0.0140440480974967,-0.0470742392359505));
#9639=CARTESIAN_POINT('',(-0.0125279059492836,-0.0143566954970287,-0.0470742392359505));
#9640=COLOUR_RGB('',1.0,1.0,1.0);
#9641=CARTESIAN_POINT('',(-0.0125279059492836,-0.0143566954970287,-0.0480742392359506));
#9642=CARTESIAN_POINT('',(-0.0125279059492836,-0.0143566954970287,-0.0476742392359506));
#9643=VECTOR('',#12150,1.0);
#9644=CARTESIAN_POINT('',(-0.0125279059492835,0.0110991486256871,-0.0480742392359505));
#9645=CARTESIAN_POINT('',(-0.0125279059492836,-0.0143566954970287,-0.0480742392359506));
#9646=CARTESIAN_POINT('',(-0.0141945038263104,-0.0126900976200019,-0.0480742392359506));
#9647=CARTESIAN_POINT('',(-0.0155280250195931,-0.010694378160827,-0.0480742392359505));
#9648=CARTESIAN_POINT('',(-0.0173316059941812,-0.00633977211264468,-0.0480742392359505));
#9649=CARTESIAN_POINT('',(-0.0178000559250114,-0.00398543916032594,-0.0480742392359505));
#9650=CARTESIAN_POINT('',(-0.017799911850827,0.000727892716365901,-0.0480742392359505));
#9651=CARTESIAN_POINT('',(-0.0173317389644553,0.00308228071740842,-0.0480742392359505));
#9652=CARTESIAN_POINT('',(-0.0155278916980155,0.00743677666145617,-0.0480742392359505));
#9653=CARTESIAN_POINT('',(-0.0141945633236889,0.00943249125128174,-0.0480742392359505));
#9654=CARTESIAN_POINT('',(-0.0125279059492835,0.0110991486256871,-0.0480742392359505));
#9655=CARTESIAN_POINT('',(-0.0125279059492835,0.0110991486256871,-0.0476742392359505));
#9656=VECTOR('',#12151,1.0);
#9657=COLOUR_RGB('',1.0,1.0,1.0);
#9658=CARTESIAN_POINT('',(-0.0139421195116566,0.0125133621880602,-0.0480742392359505));
#9659=CARTESIAN_POINT('',(-0.0125279059492835,0.0110991486256871,-0.0480742392359505));
#9660=CARTESIAN_POINT('',(-0.0123422472394716,0.011284807335499,-0.0480742392359505));
#9661=CARTESIAN_POINT('',(-0.0122348686825887,0.0115442618978307,-0.0480742392359505));
#9662=CARTESIAN_POINT('',(-0.0122351567781539,0.0120682485565989,-0.0480742392359505));
#9663=CARTESIAN_POINT('',(-0.0123425465722299,0.0123282064659005,-0.0480742392359505));
#9664=CARTESIAN_POINT('',(-0.0127132648509457,0.0126985174353509,-0.0480742392359505));
#9665=CARTESIAN_POINT('',(-0.0129730189403155,0.0128063993745576,-0.0480742392359505));
#9666=CARTESIAN_POINT('',(-0.0134970055667842,0.012806111439714,-0.0480742392359505));
#9667=CARTESIAN_POINT('',(-0.0137563335523881,0.0126991481473287,-0.0480742392359505));
#9668=CARTESIAN_POINT('',(-0.0139421195116566,0.0125133621880602,-0.0480742392359505));
#9669=CARTESIAN_POINT('',(-0.0139421195116566,0.0125133621880602,-0.0476742392359505));
#9670=VECTOR('',#12152,1.0);
#9671=COLOUR_RGB('',1.0,1.0,1.0);
#9672=CARTESIAN_POINT('',(-0.0139421195116567,-0.0157709090594018,-0.0480742392359506));
#9673=CARTESIAN_POINT('',(-0.0139421195116566,0.0125133621880602,-0.0480742392359505));
#9674=CARTESIAN_POINT('',(-0.0157938967461991,0.0106615849535177,-0.0480742392359505));
#9675=CARTESIAN_POINT('',(-0.0172755775859371,0.00844411802704985,-0.0480742392359505));
#9676=CARTESIAN_POINT('',(-0.0192795715233765,0.00360567231651108,-0.0480742392359505));
#9677=CARTESIAN_POINT('',(-0.0198000559132019,0.000989744521752719,-0.0480742392359505));
#9678=CARTESIAN_POINT('',(-0.0197999118626428,-0.00424729163895759,-0.0480742392359505));
#9679=CARTESIAN_POINT('',(-0.0192797045414618,-0.00686327448457134,-0.0480742392359505));
#9680=CARTESIAN_POINT('',(-0.0172754443604546,-0.0117016101023475,-0.0480742392359505));
#9681=CARTESIAN_POINT('',(-0.0157939362932889,-0.0139190922777696,-0.0480742392359506));
#9682=CARTESIAN_POINT('',(-0.0139421195116567,-0.0157709090594018,-0.0480742392359506));
#9683=CARTESIAN_POINT('',(-0.0139421195116567,-0.0157709090594018,-0.0476742392359506));
#9684=VECTOR('',#12153,1.0);
#9685=COLOUR_RGB('',1.0,1.0,1.0);
#9686=CARTESIAN_POINT('',(-0.0139421195116567,-0.0157709090594018,-0.0480742392359506));
#9687=CARTESIAN_POINT('',(-0.0137564608018459,-0.0159565677692125,-0.0480742392359506));
#9688=CARTESIAN_POINT('',(-0.0134970062395099,-0.0160639463260966,-0.0480742392359506));
#9689=CARTESIAN_POINT('',(-0.012973019580748,-0.0160636582305314,-0.0480742392359506));
#9690=CARTESIAN_POINT('',(-0.0127130616714448,-0.0159562684364569,-0.0480742392359506));
#9691=CARTESIAN_POINT('',(-0.0123427507019913,-0.015585550157738,-0.0480742392359506));
#9692=CARTESIAN_POINT('',(-0.0122348687627862,-0.0153257960683692,-0.0480742392359506));
#9693=CARTESIAN_POINT('',(-0.0122351566976298,-0.0148018094419016,-0.0480742392359506));
#9694=CARTESIAN_POINT('',(-0.0123421199900153,-0.014542481456297,-0.0480742392359506));
#9695=CARTESIAN_POINT('',(-0.0125279059492836,-0.0143566954970287,-0.0480742392359506));
#9696=COLOUR_RGB('',1.0,1.0,1.0);
#9697=COLOUR_RGB('',1.0,1.0,1.0);
#9698=CARTESIAN_POINT('',(0.0143421517358052,0.0125133621880601,-0.0480742392359506));
#9699=CARTESIAN_POINT('',(0.0143421517358052,0.0125133621880601,-0.0470742392359504));
#9700=CARTESIAN_POINT('',(0.0143421517358052,0.0125133621880601,-0.0476742392359506));
#9701=VECTOR('',#12154,1.0);
#9702=CARTESIAN_POINT('',(0.0129279381734321,0.011099148625687,-0.0480742392359506));
#9703=CARTESIAN_POINT('',(0.0143421517358052,0.0125133621880601,-0.0480742392359506));
#9704=CARTESIAN_POINT('',(0.0141564930259937,0.0126990208978717,-0.0480742392359506));
#9705=CARTESIAN_POINT('',(0.0138970384636606,0.012806399454755,-0.0480742392359506));
#9706=CARTESIAN_POINT('',(0.0133730518048944,0.0128061113591898,-0.0480742392359505));
#9707=CARTESIAN_POINT('',(0.0131130938955938,0.0126987215651157,-0.0480742392359505));
#9708=CARTESIAN_POINT('',(0.0127427829261394,0.012328003286396,-0.0480742392359505));
#9709=CARTESIAN_POINT('',(0.0126349009869347,0.0120682491970265,-0.0480742392359505));
#9710=CARTESIAN_POINT('',(0.0126351889217783,0.011544262570561,-0.0480742392359506));
#9711=CARTESIAN_POINT('',(0.0127421522141642,0.011284934584955,-0.0480742392359506));
#9712=CARTESIAN_POINT('',(0.0129279381734321,0.011099148625687,-0.0480742392359506));
#9713=CARTESIAN_POINT('',(0.0129279381734321,0.011099148625687,-0.0470742392359504));
#9714=CARTESIAN_POINT('',(0.0129279381734321,0.011099148625687,-0.0476742392359506));
#9715=VECTOR('',#12155,1.0);
#9716=CARTESIAN_POINT('',(0.0129279381734321,0.011099148625687,-0.0470742392359505));
#9717=CARTESIAN_POINT('',(0.0128584911193247,0.0111685956797944,-0.0470742392359505));
#9718=CARTESIAN_POINT('',(0.0128035753423161,0.011250685173854,-0.0470742392359505));
#9719=CARTESIAN_POINT('',(0.0127765652841739,0.0112910604927185,-0.0470742392359505));
#9720=CARTESIAN_POINT('',(0.0127531236902703,0.0113348586700476,-0.0470742392359505));
#9721=CARTESIAN_POINT('',(0.0127302011662354,0.0113776870193758,-0.0470742392359505));
#9722=CARTESIAN_POINT('',(0.0127111654221074,0.0114235719745085,-0.0470742392359505));
#9723=CARTESIAN_POINT('',(0.0126925511886171,0.0114684408938841,-0.0470742392359505));
#9724=CARTESIAN_POINT('',(0.0126781046188865,0.0115159707296191,-0.0470742392359505));
#9725=CARTESIAN_POINT('',(0.0126639779411851,0.0115624481068201,-0.0470742392359505));
#9726=CARTESIAN_POINT('',(0.0126542596742155,0.0116111650848574,-0.0470742392359505));
#9727=CARTESIAN_POINT('',(0.0126447565999317,0.0116588033173342,-0.0470742392359505));
#9728=CARTESIAN_POINT('',(0.0126398602279465,0.011708238266544,-0.0470742392359505));
#9729=CARTESIAN_POINT('',(0.0126350722768806,0.0117565785720761,-0.0470742392359505));
#9730=CARTESIAN_POINT('',(0.0126350449546187,0.0118062554068736,-0.0470742392359505));
#9731=CARTESIAN_POINT('',(0.0126350182373567,0.0118548322418934,-0.0470742392359505));
#9732=CARTESIAN_POINT('',(0.0126398602279465,0.0119042725472031,-0.0470742392359505));
#9733=CARTESIAN_POINT('',(0.0126445950017904,0.0119526180902345,-0.0470742392359505));
#9734=CARTESIAN_POINT('',(0.0126542596742155,0.0120013457288897,-0.0470742392359505));
#9735=CARTESIAN_POINT('',(0.0126637103407046,0.0120489943859241,-0.0470742392359505));
#9736=CARTESIAN_POINT('',(0.0126781046188865,0.012096540084128,-0.0470742392359505));
#9737=CARTESIAN_POINT('',(0.0126921801629363,0.0121430329725516,-0.0470742392359505));
#9738=CARTESIAN_POINT('',(0.0127111654221074,0.0121889388392386,-0.0470742392359505));
#9739=CARTESIAN_POINT('',(0.0127297302885345,0.0122338282071207,-0.0470742392359505));
#9740=CARTESIAN_POINT('',(0.0127531236902703,0.0122776521436996,-0.0470742392359505));
#9741=CARTESIAN_POINT('',(0.0127759990892623,0.0123205056818879,-0.0470742392359505));
#9742=CARTESIAN_POINT('',(0.0128035753423161,0.0123618256398932,-0.0470742392359505));
#9743=CARTESIAN_POINT('',(0.0128305409712755,0.0124022306453886,-0.0470742392359505));
#9744=CARTESIAN_POINT('',(0.012862034501256,0.0124406486910372,-0.0470742392359505));
#9745=CARTESIAN_POINT('',(0.0128928306664351,0.0124782160415497,-0.0470742392359505));
#9746=CARTESIAN_POINT('',(0.0129279381734321,0.0125133621880601,-0.0470742392359505));
#9747=CARTESIAN_POINT('',(0.0129622682909257,0.0125477300894679,-0.0470742392359505));
#9748=CARTESIAN_POINT('',(0.013000651670455,0.0125792658602363,-0.0470742392359505));
#9749=CARTESIAN_POINT('',(0.0130381851224645,0.0126101033308611,-0.0470742392359505));
#9750=CARTESIAN_POINT('',(0.0130794747215991,0.0126377250191761,-0.0470742392359505));
#9751=CARTESIAN_POINT('',(0.0131198500404637,0.0126647350773184,-0.0470742392359505));
#9752=CARTESIAN_POINT('',(0.0131636482177927,0.0126881766712219,-0.0470742392359505));
#9753=CARTESIAN_POINT('',(0.0132064765671212,0.012711099195257,-0.0470742392359505));
#9754=CARTESIAN_POINT('',(0.0132523615222536,0.0127301349393848,-0.0470742392359505));
#9755=CARTESIAN_POINT('',(0.0132972304416295,0.0127487491728753,-0.0470742392359505));
#9756=CARTESIAN_POINT('',(0.0133447602773642,0.0127631957426058,-0.0470742392359505));
#9757=CARTESIAN_POINT('',(0.0133912376545652,0.0127773224203072,-0.0470742392359505));
#9758=CARTESIAN_POINT('',(0.0134399546326026,0.0127870406872768,-0.0470742392359505));
#9759=CARTESIAN_POINT('',(0.0134875928650794,0.0127965437615606,-0.0470742392359505));
#9760=CARTESIAN_POINT('',(0.0135370278142891,0.0128014401335458,-0.0470742392359505));
#9761=CARTESIAN_POINT('',(0.0135853681198213,0.0128062280846117,-0.0470742392359505));
#9762=CARTESIAN_POINT('',(0.0136350449546187,0.0128062554068736,-0.0470742392359505));
#9763=CARTESIAN_POINT('',(0.0136836217896386,0.0128062821241355,-0.0470742392359505));
#9764=CARTESIAN_POINT('',(0.0137330620949483,0.0128014401335458,-0.0470742392359505));
#9765=CARTESIAN_POINT('',(0.0137814076379796,0.0127967053597019,-0.0470742392359505));
#9766=CARTESIAN_POINT('',(0.0138301352766348,0.0127870406872768,-0.0470742392359505));
#9767=CARTESIAN_POINT('',(0.0138777839336692,0.0127775900207877,-0.0470742392359505));
#9768=CARTESIAN_POINT('',(0.0139253296318732,0.0127631957426058,-0.0470742392359505));
#9769=CARTESIAN_POINT('',(0.013971822520297,0.0127491201985558,-0.0470742392359505));
#9770=CARTESIAN_POINT('',(0.0140177283869838,0.0127301349393848,-0.0470742392359505));
#9771=CARTESIAN_POINT('',(0.0140626177548661,0.0127115700729576,-0.0470742392359505));
#9772=CARTESIAN_POINT('',(0.0141064416914447,0.0126881766712219,-0.0470742392359505));
#9773=CARTESIAN_POINT('',(0.014149295229633,0.0126653012722299,-0.0470742392359505));
#9774=CARTESIAN_POINT('',(0.0141906151876383,0.0126377250191761,-0.0470742392359505));
#9775=CARTESIAN_POINT('',(0.0142310201931338,0.0126107593902168,-0.0470742392359505));
#9776=CARTESIAN_POINT('',(0.0142694382387823,0.0125792658602363,-0.0470742392359505));
#9777=CARTESIAN_POINT('',(0.0142907112552936,0.0125618271183127,-0.0470742392359505));
#9778=CARTESIAN_POINT('',(0.014311783262634,0.0125424790566327,-0.0470742392359505));
#9779=CARTESIAN_POINT('',(0.0143270817850287,0.0125284321388366,-0.0470742392359505));
#9780=CARTESIAN_POINT('',(0.0143421517358052,0.0125133621880601,-0.0470742392359505));
#9781=COLOUR_RGB('',1.0,1.0,1.0);
#9782=CARTESIAN_POINT('',(0.0129279381734321,-0.0143566954970287,-0.0480742392359506));
#9783=CARTESIAN_POINT('',(0.0129279383093662,-0.0143566953610947,-0.0470742392359505));
#9784=CARTESIAN_POINT('',(0.0129279381734321,-0.0143566954970287,-0.0476742392359506));
#9785=VECTOR('',#12156,1.0);
#9786=CARTESIAN_POINT('',(0.0143421517358052,-0.0157709090594018,-0.0480742392359507));
#9787=CARTESIAN_POINT('',(0.0129279381734321,-0.0143566954970287,-0.0480742392359506));
#9788=CARTESIAN_POINT('',(0.0127422794636205,-0.0145423542068403,-0.0480742392359506));
#9789=CARTESIAN_POINT('',(0.0126349009067373,-0.0148018087691734,-0.0480742392359506));
#9790=CARTESIAN_POINT('',(0.0126351890023025,-0.0153257954279395,-0.0480742392359506));
#9791=CARTESIAN_POINT('',(0.0127425787963779,-0.0155857533372411,-0.0480742392359506));
#9792=CARTESIAN_POINT('',(0.0131132970750949,-0.0159560643066936,-0.0480742392359507));
#9793=CARTESIAN_POINT('',(0.0133730511644655,-0.0160639462458993,-0.0480742392359507));
#9794=CARTESIAN_POINT('',(0.0138970377909315,-0.0160636583110557,-0.0480742392359507));
#9795=CARTESIAN_POINT('',(0.0141563657765372,-0.0159566950186699,-0.0480742392359507));
#9796=CARTESIAN_POINT('',(0.0143421517358052,-0.0157709090594018,-0.0480742392359507));
#9797=CARTESIAN_POINT('',(0.0143421517358052,-0.0157709090594018,-0.0470742392359506));
#9798=CARTESIAN_POINT('',(0.0143421517358052,-0.0157709090594018,-0.0476742392359507));
#9799=VECTOR('',#12157,1.0);
#9800=CARTESIAN_POINT('',(0.0143421517358052,-0.0157709090594018,-0.0470742392359506));
#9801=CARTESIAN_POINT('',(0.0142727046816973,-0.0158403561135097,-0.0470742392359505));
#9802=CARTESIAN_POINT('',(0.0141906151876383,-0.0158952718905178,-0.0470742392359505));
#9803=CARTESIAN_POINT('',(0.0141502398687731,-0.0159222819486604,-0.0470742392359505));
#9804=CARTESIAN_POINT('',(0.0141064416914447,-0.0159457235425636,-0.0470742392359505));
#9805=CARTESIAN_POINT('',(0.0140636133421168,-0.0159686460665984,-0.0470742392359505));
#9806=CARTESIAN_POINT('',(0.0140177283869838,-0.0159876818107266,-0.0470742392359505));
#9807=CARTESIAN_POINT('',(0.013972859467609,-0.0160062960442166,-0.0470742392359505));
#9808=CARTESIAN_POINT('',(0.0139253296318731,-0.0160207426139475,-0.0470742392359505));
#9809=CARTESIAN_POINT('',(0.0138788522546734,-0.0160348692916485,-0.0470742392359505));
#9810=CARTESIAN_POINT('',(0.0138301352766348,-0.0160445875586185,-0.0470742392359505));
#9811=CARTESIAN_POINT('',(0.0137824970441588,-0.0160540906329022,-0.0470742392359505));
#9812=CARTESIAN_POINT('',(0.0137330620949482,-0.0160589870048875,-0.0470742392359505));
#9813=CARTESIAN_POINT('',(0.0136847217894161,-0.0160637749559534,-0.0470742392359505));
#9814=CARTESIAN_POINT('',(0.0136350449546187,-0.0160638022782153,-0.0470742392359505));
#9815=CARTESIAN_POINT('',(0.0135864681195987,-0.0160638289954772,-0.0470742392359505));
#9816=CARTESIAN_POINT('',(0.0135370278142891,-0.0160589870048875,-0.0470742392359505));
#9817=CARTESIAN_POINT('',(0.0134886822712577,-0.0160542522310436,-0.0470742392359505));
#9818=CARTESIAN_POINT('',(0.0134399546326025,-0.0160445875586185,-0.0470742392359505));
#9819=CARTESIAN_POINT('',(0.0133923059755679,-0.0160351368921293,-0.0470742392359505));
#9820=CARTESIAN_POINT('',(0.0133447602773642,-0.0160207426139475,-0.0470742392359505));
#9821=CARTESIAN_POINT('',(0.0132982673889397,-0.0160066670698973,-0.0470742392359505));
#9822=CARTESIAN_POINT('',(0.0132523615222536,-0.0159876818107266,-0.0470742392359505));
#9823=CARTESIAN_POINT('',(0.0132074721543709,-0.0159691169442991,-0.0470742392359505));
#9824=CARTESIAN_POINT('',(0.0131636482177927,-0.0159457235425636,-0.0470742392359505));
#9825=CARTESIAN_POINT('',(0.0131207946796043,-0.0159228481435716,-0.0470742392359505));
#9826=CARTESIAN_POINT('',(0.0130794747215991,-0.0158952718905178,-0.0470742392359505));
#9827=CARTESIAN_POINT('',(0.0130390697161031,-0.0158683062615581,-0.0470742392359505));
#9828=CARTESIAN_POINT('',(0.013000651670455,-0.015836812731578,-0.0470742392359505));
#9829=CARTESIAN_POINT('',(0.0129630843199416,-0.0158060165663981,-0.0470742392359505));
#9830=CARTESIAN_POINT('',(0.0129279381734321,-0.0157709090594018,-0.0470742392359505));
#9831=CARTESIAN_POINT('',(0.0128935702720239,-0.0157365789419078,-0.0470742392359505));
#9832=CARTESIAN_POINT('',(0.0128620345012559,-0.0156981955623789,-0.0470742392359505));
#9833=CARTESIAN_POINT('',(0.0128311970306307,-0.015660662110369,-0.0470742392359505));
#9834=CARTESIAN_POINT('',(0.0128035753423161,-0.0156193725112349,-0.0470742392359505));
#9835=CARTESIAN_POINT('',(0.0127765652841735,-0.0155789971923697,-0.0470742392359505));
#9836=CARTESIAN_POINT('',(0.0127531236902703,-0.0155351990150413,-0.0470742392359505));
#9837=CARTESIAN_POINT('',(0.0127302011662356,-0.0154923706657134,-0.0470742392359505));
#9838=CARTESIAN_POINT('',(0.0127111654221074,-0.0154464857105804,-0.0470742392359505));
#9839=CARTESIAN_POINT('',(0.0126925511886174,-0.0154016167912056,-0.0470742392359505));
#9840=CARTESIAN_POINT('',(0.0126781046188865,-0.0153540869554697,-0.0470742392359505));
#9841=CARTESIAN_POINT('',(0.0126639779411854,-0.01530760957827,-0.0470742392359505));
#9842=CARTESIAN_POINT('',(0.0126542596742154,-0.0152588926002314,-0.0470742392359505));
#9843=CARTESIAN_POINT('',(0.0126447565999317,-0.0152112543677554,-0.0470742392359505));
#9844=CARTESIAN_POINT('',(0.0126398602279465,-0.0151618194185448,-0.0470742392359505));
#9845=CARTESIAN_POINT('',(0.0126350722768806,-0.0151134791130127,-0.0470742392359505));
#9846=CARTESIAN_POINT('',(0.0126350449546187,-0.0150638022782153,-0.0470742392359505));
#9847=CARTESIAN_POINT('',(0.0126350182373567,-0.0150152254431954,-0.0470742392359505));
#9848=CARTESIAN_POINT('',(0.0126398602279465,-0.0149657851378857,-0.0470742392359505));
#9849=CARTESIAN_POINT('',(0.0126445950017904,-0.0149174395948544,-0.0470742392359505));
#9850=CARTESIAN_POINT('',(0.0126542596742154,-0.0148687119561991,-0.0470742392359505));
#9851=CARTESIAN_POINT('',(0.0126637103407046,-0.0148210632991645,-0.0470742392359505));
#9852=CARTESIAN_POINT('',(0.0126781046188865,-0.0147735176009608,-0.0470742392359505));
#9853=CARTESIAN_POINT('',(0.0126921801629366,-0.0147270247125363,-0.0470742392359505));
#9854=CARTESIAN_POINT('',(0.0127111654221074,-0.0146811188458502,-0.0470742392359505));
#9855=CARTESIAN_POINT('',(0.0127297302885347,-0.0146362294779679,-0.0470742392359505));
#9856=CARTESIAN_POINT('',(0.0127531236902703,-0.0145924055413893,-0.0470742392359505));
#9857=CARTESIAN_POINT('',(0.0127759990892619,-0.0145495520032016,-0.0470742392359505));
#9858=CARTESIAN_POINT('',(0.0128035753423161,-0.0145082320451957,-0.0470742392359505));
#9859=CARTESIAN_POINT('',(0.0128305409712755,-0.0144678270397,-0.0470742392359505));
#9860=CARTESIAN_POINT('',(0.0128620345012559,-0.0144294089940516,-0.0470742392359505));
#9861=CARTESIAN_POINT('',(0.0128794732431796,-0.0144081359775403,-0.0470742392359505));
#9862=CARTESIAN_POINT('',(0.0128988213048596,-0.0143870639702,-0.0470742392359505));
#9863=CARTESIAN_POINT('',(0.0129128682226552,-0.0143717654478056,-0.0470742392359505));
#9864=CARTESIAN_POINT('',(0.0129279381734321,-0.0143566954970287,-0.0470742392359505));
#9865=COLOUR_RGB('',1.0,1.0,1.0);
#9866=CARTESIAN_POINT('',(0.0129279381734321,-0.0143566954970287,-0.0470742392359505));
#9867=CARTESIAN_POINT('',(0.0135530259042531,-0.0137316077662078,-0.0470742392359505));
#9868=CARTESIAN_POINT('',(0.0141142042726035,-0.0130478525506165,-0.0470742392359505));
#9869=CARTESIAN_POINT('',(0.0143941884380526,-0.0127067121143386,-0.0470742392359505));
#9870=CARTESIAN_POINT('',(0.0146577516787259,-0.0123513609165347,-0.0470742392359505));
#9871=CARTESIAN_POINT('',(0.0149206596231543,-0.011996893227011,-0.0470742392359505));
#9872=CARTESIAN_POINT('',(0.0151664691335201,-0.0116290376300237,-0.0470742392359505));
#9873=CARTESIAN_POINT('',(0.0154116674886662,-0.0112620966309616,-0.0470742392359505));
#9874=CARTESIAN_POINT('',(0.0156391310920792,-0.0108826228311489,-0.0470742392359505));
#9875=CARTESIAN_POINT('',(0.0158660291536336,-0.0105040925155454,-0.0470742392359505));
#9876=CARTESIAN_POINT('',(0.0160745988703447,-0.0101139146985388,-0.0470742392359505));
#9877=CARTESIAN_POINT('',(0.016282650021001,-0.00972470697908241,-0.0470742392359505));
#9878=CARTESIAN_POINT('',(0.0164718233882963,-0.00932476511741594,-0.0470742392359505));
#9879=CARTESIAN_POINT('',(0.0166605264145996,-0.00892581762961203,-0.0470742392359505));
#9880=CARTESIAN_POINT('',(0.0168298476972774,-0.00851707521824248,-0.0470742392359505));
#9881=CARTESIAN_POINT('',(0.0169987479971134,-0.00810934906152907,-0.0470742392359505));
#9882=CARTESIAN_POINT('',(0.0171478092853686,-0.00769279079673083,-0.0470742392359505));
#9883=CARTESIAN_POINT('',(0.0172964999631217,-0.00727726821912881,-0.0470742392359505));
#9884=CARTESIAN_POINT('',(0.017424942155254,-0.00685389762625119,-0.0470742392359505));
#9885=CARTESIAN_POINT('',(0.0175530650020567,-0.006431579658055,-0.0470742392359505));
#9886=CARTESIAN_POINT('',(0.0176605786695761,-0.00600241667392961,-0.0470742392359505));
#9887=CARTESIAN_POINT('',(0.0177678250262773,-0.00557432071608138,-0.0470742392359505));
#9888=CARTESIAN_POINT('',(0.0178541511593324,-0.00514039923196117,-0.0470742392359505));
#9889=CARTESIAN_POINT('',(0.0179402626600632,-0.00470755660511622,-0.0470742392359505));
#9890=CARTESIAN_POINT('',(0.0180051932914403,-0.00426992197586738,-0.0470742392359505));
#9891=CARTESIAN_POINT('',(0.0180699624860446,-0.00383337543587223,-0.0470742392359505));
#9892=CARTESIAN_POINT('',(0.0181133411921738,-0.00339308196160295,-0.0470742392359505));
#9893=CARTESIAN_POINT('',(0.0181566120459957,-0.00295388318727631,-0.0470742392359505));
#9894=CARTESIAN_POINT('',(0.0181783343237674,-0.00251199157356438,-0.0470742392359505));
#9895=CARTESIAN_POINT('',(0.0182000025935268,-0.00207119863320128,-0.0470742392359505));
#9896=CARTESIAN_POINT('',(0.0182000161120743,-0.00162877343567086,-0.0470742392359505));
#9897=CARTESIAN_POINT('',(0.0182000295970106,-0.00118744823810668,-0.0470742392359505));
#9898=CARTESIAN_POINT('',(0.0181783343237674,-0.000745555297777338,-0.0470742392359505));
#9899=CARTESIAN_POINT('',(0.0181566929913925,-0.000304761034042759,-0.0470742392359505));
#9900=CARTESIAN_POINT('',(0.0181133411921738,0.000135535090261234,-0.0470742392359505));
#9901=CARTESIAN_POINT('',(0.0180700971783507,0.000574736508167721,-0.0470742392359505));
#9902=CARTESIAN_POINT('',(0.0180051932914403,0.00101237510452566,-0.0470742392359505));
#9903=CARTESIAN_POINT('',(0.0179404507747927,0.00144892560187041,-0.0470742392359505));
#9904=CARTESIAN_POINT('',(0.0178541511593324,0.00188285236061945,-0.0470742392359505));
#9905=CARTESIAN_POINT('',(0.0177680661102566,0.00231570024902513,-0.0470742392359505));
#9906=CARTESIAN_POINT('',(0.0176605786695761,0.00274486980258789,-0.0470742392359505));
#9907=CARTESIAN_POINT('',(0.017553358474488,0.00317297231361152,-0.0470742392359505));
#9908=CARTESIAN_POINT('',(0.017424942155254,0.00359635075490947,-0.0470742392359505));
#9909=CARTESIAN_POINT('',(0.0172968451169942,0.00401867655210431,-0.0470742392359505));
#9910=CARTESIAN_POINT('',(0.0171478092853687,0.00443524392538911,-0.0470742392359505));
#9911=CARTESIAN_POINT('',(0.0169991440009256,0.00485077558890654,-0.0470742392359505));
#9912=CARTESIAN_POINT('',(0.0168298476972774,0.00525952834690077,-0.0470742392359505));
#9913=CARTESIAN_POINT('',(0.0166609723143454,0.00566726482456335,-0.0470742392359505));
#9914=CARTESIAN_POINT('',(0.0164718233882963,0.00606721824607423,-0.0470742392359505));
#9915=CARTESIAN_POINT('',(0.0162831447424565,0.00646617726501162,-0.0470742392359505));
#9916=CARTESIAN_POINT('',(0.0160745988703447,0.00685636782719711,-0.0470742392359505));
#9917=CARTESIAN_POINT('',(0.0158665715049806,0.00724558826018576,-0.0470742392359505));
#9918=CARTESIAN_POINT('',(0.0156391310920792,0.00762507595980715,-0.0470742392359505));
#9919=CARTESIAN_POINT('',(0.0154122561633492,0.00800362014070798,-0.0470742392359505));
#9920=CARTESIAN_POINT('',(0.0151664691335201,0.00837149075868199,-0.0470742392359505));
#9921=CARTESIAN_POINT('',(0.0149212932029912,0.00873844674142344,-0.0470742392359505));
#9922=CARTESIAN_POINT('',(0.0146577516787259,0.00909381404519295,-0.0470742392359505));
#9923=CARTESIAN_POINT('',(0.0143948653966898,0.00944829780066788,-0.0470742392359505));
#9924=CARTESIAN_POINT('',(0.0141142042726036,0.00979030567927477,-0.0470742392359505));
#9925=CARTESIAN_POINT('',(0.0138342409551529,0.0101314632250545,-0.0470742392359505));
#9926=CARTESIAN_POINT('',(0.0135371363684636,0.0104592877515755,-0.0470742392359505));
#9927=CARTESIAN_POINT('',(0.0132405855729607,0.0107865012261585,-0.0470742392359505));
#9928=CARTESIAN_POINT('',(0.0129279381734321,0.011099148625687,-0.0470742392359505));
#9929=CARTESIAN_POINT('',(0.0143421517358052,0.0125133621880601,-0.0470742392359505));
#9930=CARTESIAN_POINT('',(0.0145733778720139,0.0122821360518514,-0.0470742392359505));
#9931=CARTESIAN_POINT('',(0.014797297566031,0.0120430726047866,-0.0470742392359505));
#9932=CARTESIAN_POINT('',(0.0152445046176411,0.0115656208121745,-0.0470742392359505));
#9933=CARTESIAN_POINT('',(0.015660225179329,0.0110590922476021,-0.0470742392359505));
#9934=CARTESIAN_POINT('',(0.0159713563081038,0.0106799991293493,-0.0470742392359505));
#9935=CARTESIAN_POINT('',(0.0162641667416872,0.0102852126541778,-0.0470742392359505));
#9936=CARTESIAN_POINT('',(0.0165563218817161,0.00989130968930143,-0.0470742392359505));
#9937=CARTESIAN_POINT('',(0.0168294083581252,0.0094826312247212,-0.0470742392359505));
#9938=CARTESIAN_POINT('',(0.0171018836821039,0.00907486735994163,-0.0470742392359505));
#9939=CARTESIAN_POINT('',(0.0173545883120797,0.00865328144819359,-0.0470742392359505));
#9940=CARTESIAN_POINT('',(0.0176067274030927,0.00823263902236147,-0.0470742392359505));
#9941=CARTESIAN_POINT('',(0.0178384413990414,0.00779916130084911,-0.0470742392359505));
#9942=CARTESIAN_POINT('',(0.0180696368319085,0.00736665367845456,-0.0470742392359505));
#9943=CARTESIAN_POINT('',(0.0182798019745432,0.00692232843293479,-0.0470742392359505));
#9944=CARTESIAN_POINT('',(0.0184894967792293,0.00647899756270402,-0.0470742392359505));
#9945=CARTESIAN_POINT('',(0.0186776067623,0.00602489521163095,-0.0470742392359505));
#9946=CARTESIAN_POINT('',(0.018865295765654,0.00557180911645226,-0.0470742392359505));
#9947=CARTESIAN_POINT('',(0.0190308974157347,0.00510902363217356,-0.0470742392359505));
#9948=CARTESIAN_POINT('',(0.0191961284584975,0.00464727383616856,-0.0470742392359505));
#9949=CARTESIAN_POINT('',(0.0193388228267185,0.0041769201094184,-0.0470742392359505));
#9950=CARTESIAN_POINT('',(0.0194811978528396,0.00370761900828096,-0.0470742392359505));
#9951=CARTESIAN_POINT('',(0.0196006411759652,0.00323083016239442,-0.0470742392359505));
#9952=CARTESIAN_POINT('',(0.019719817191541,0.00275510834356973,-0.0470742392359505));
#9953=CARTESIAN_POINT('',(0.0198157217201389,0.00227303300465171,-0.0470742392359505));
#9954=CARTESIAN_POINT('',(0.0199114116197084,0.00179203652366796,-0.0470742392359505));
#9955=CARTESIAN_POINT('',(0.0199835463113699,0.00130583605343639,-0.0470742392359505));
#9956=CARTESIAN_POINT('',(0.0200555195695882,0.00082072367291831,-0.0470742392359505));
#9957=CARTESIAN_POINT('',(0.0201037106455182,0.000331569370920358,-0.0470742392359505));
#9958=CARTESIAN_POINT('',(0.0201517938724951,-0.000156490230899934,-0.0470742392359505));
#9959=CARTESIAN_POINT('',(0.0201759252361777,-0.000647419949122499,-0.0470742392359505));
#9960=CARTESIAN_POINT('',(0.0202000025952069,-0.00113725099386559,-0.0470742392359505));
#9961=CARTESIAN_POINT('',(0.0202000161120743,-0.00162877343567086,-0.0470742392359505));
#9962=CARTESIAN_POINT('',(0.0202000295986916,-0.00211919587743714,-0.0470742392359505));
#9963=CARTESIAN_POINT('',(0.0201759252361777,-0.00261012692221921,-0.0470742392359505));
#9964=CARTESIAN_POINT('',(0.0201518748178969,-0.00309995929041678,-0.0470742392359505));
#9965=CARTESIAN_POINT('',(0.0201037106455182,-0.00358911624226207,-0.0470742392359505));
#9966=CARTESIAN_POINT('',(0.0200556542618981,-0.00407717848785718,-0.0470742392359505));
#9967=CARTESIAN_POINT('',(0.0199835463113699,-0.0045633829247781,-0.0470742392359505));
#9968=CARTESIAN_POINT('',(0.0199115997344474,-0.0050484992630565,-0.0470742392359505));
#9969=CARTESIAN_POINT('',(0.0198157217201389,-0.00553057987599343,-0.0470742392359505));
#9970=CARTESIAN_POINT('',(0.01972005827552,-0.00601158161919926,-0.0470742392359505));
#9971=CARTESIAN_POINT('',(0.0196006411759652,-0.00648837703373614,-0.0470742392359505));
#9972=CARTESIAN_POINT('',(0.0194814913252648,-0.00696410540654426,-0.0470742392359505));
#9973=CARTESIAN_POINT('',(0.0193388228267185,-0.00743446698076011,-0.0470742392359505));
#9974=CARTESIAN_POINT('',(0.0191964736123667,-0.00790377591183529,-0.0470742392359505));
#9975=CARTESIAN_POINT('',(0.0190308974157347,-0.00836657050351527,-0.0470742392359505));
#9976=CARTESIAN_POINT('',(0.0188656917694579,-0.00882832938653749,-0.0470742392359505));
#9977=CARTESIAN_POINT('',(0.0186776067623,-0.00928244208297266,-0.0470742392359505));
#9978=CARTESIAN_POINT('',(0.0184899426789749,-0.0097355385003349,-0.0470742392359505));
#9979=CARTESIAN_POINT('',(0.0182798019745431,-0.0101798753042765,-0.0470742392359505));
#9980=CARTESIAN_POINT('',(0.0180701315533832,-0.0106232177070311,-0.0470742392359505));
#9981=CARTESIAN_POINT('',(0.0178384413990414,-0.0110567081721908,-0.0470742392359505));
#9982=CARTESIAN_POINT('',(0.0176072697544462,-0.0114892285096733,-0.0470742392359505));
#9983=CARTESIAN_POINT('',(0.0173545883120797,-0.0119108283195353,-0.0470742392359505));
#9984=CARTESIAN_POINT('',(0.0171024723567789,-0.0123314846123857,-0.0470742392359506));
#9985=CARTESIAN_POINT('',(0.0168294083581252,-0.0127401780960629,-0.0470742392359506));
#9986=CARTESIAN_POINT('',(0.0165569554615299,-0.0131479569464293,-0.0470742392359506));
#9987=CARTESIAN_POINT('',(0.0162641667416872,-0.0135427595255195,-0.0470742392359505));
#9988=CARTESIAN_POINT('',(0.0159720332667375,-0.0139366785583656,-0.0470742392359505));
#9989=CARTESIAN_POINT('',(0.015660225179329,-0.0143166391189438,-0.0470742392359506));
#9990=CARTESIAN_POINT('',(0.0153491149011611,-0.0146957493488187,-0.0470742392359506));
#9991=CARTESIAN_POINT('',(0.0150190386191735,-0.0150599525326112,-0.0470742392359506));
#9992=CARTESIAN_POINT('',(0.0146895161417516,-0.0154235446534554,-0.0470742392359506));
#9993=CARTESIAN_POINT('',(0.0143421517358052,-0.0157709090594018,-0.0470742392359506));
#9994=COLOUR_RGB('',1.0,1.0,1.0);
#9995=CARTESIAN_POINT('',(0.0129279381734321,0.011099148625687,-0.0480742392359505));
#9996=CARTESIAN_POINT('',(0.0145945360209288,0.00943255077819038,-0.0480742392359505));
#9997=CARTESIAN_POINT('',(0.0159280571966336,0.0074368313604587,-0.0480742392359505));
#9998=CARTESIAN_POINT('',(0.0177316381695537,0.003082225401834,-0.0480742392359506));
#9999=CARTESIAN_POINT('',(0.0182000881164655,0.000727892498324553,-0.0480742392359506));
#10000=CARTESIAN_POINT('',(0.0181999441076854,-0.00398543929589714,-0.0480742392359506));
#10001=CARTESIAN_POINT('',(0.0177317712716601,-0.00633982726021525,-0.0480742392359506));
#10002=CARTESIAN_POINT('',(0.0159279241268022,-0.0106943231668371,-0.0480742392359506));
#10003=CARTESIAN_POINT('',(0.0145945958268776,-0.0126900377509623,-0.0480742392359506));
#10004=CARTESIAN_POINT('',(0.0129279385277283,-0.0143566951427326,-0.0480742392359506));
#10005=COLOUR_RGB('',1.0,1.0,1.0);
#10006=CARTESIAN_POINT('',(0.0143421517358052,-0.0157709090594018,-0.0480742392359507));
#10007=CARTESIAN_POINT('',(0.0161939289703354,-0.0139191318248716,-0.0480742392359507));
#10008=CARTESIAN_POINT('',(0.0176756098100952,-0.0117016648983683,-0.0480742392359507));
#10009=CARTESIAN_POINT('',(0.0196796037475155,-0.00686321918787591,-0.0480742392359506));
#10010=CARTESIAN_POINT('',(0.0202000881373504,-0.00424729139300978,-0.0480742392359506));
#10011=CARTESIAN_POINT('',(0.0201999440867914,0.000989744767531353,-0.0480742392359506));
#10012=CARTESIAN_POINT('',(0.0196797367656145,0.00360572761321958,-0.0480742392359506));
#10013=CARTESIAN_POINT('',(0.017675476584599,0.00844406323101588,-0.0480742392359506));
#10014=CARTESIAN_POINT('',(0.0161939685174422,0.0106615454064231,-0.0480742392359506));
#10015=CARTESIAN_POINT('',(0.0143421517358052,0.0125133621880601,-0.0480742392359506));
#10016=COLOUR_RGB('',1.0,1.0,1.0);
#10017=COLOUR_RGB('',1.0,1.0,1.0);
#10018=CARTESIAN_POINT('',(0.0100995110486859,0.00827072150094083,-0.0480742392359506));
#10019=CARTESIAN_POINT('',(0.010099511048686,0.00827072150094082,-0.0470742392359505));
#10020=CARTESIAN_POINT('',(0.0100995110486859,0.00827072150094082,-0.0476742392359506));
#10021=VECTOR('',#12158,1.0);
#10022=CARTESIAN_POINT('',(0.00868529748631285,0.00685650793856773,-0.0480742392359506));
#10023=CARTESIAN_POINT('',(0.0100995110486859,0.00827072150094083,-0.0480742392359506));
#10024=CARTESIAN_POINT('',(0.00991385233887437,0.0084563802107524,-0.0480742392359506));
#10025=CARTESIAN_POINT('',(0.00965439777654129,0.00856375876763567,-0.0480742392359506));
#10026=CARTESIAN_POINT('',(0.00913041111777511,0.00856347067207048,-0.0480742392359506));
#10027=CARTESIAN_POINT('',(0.00887045320847448,0.00845608087799636,-0.0480742392359505));
#10028=CARTESIAN_POINT('',(0.00850014223902015,0.00808536259927669,-0.0480742392359505));
#10029=CARTESIAN_POINT('',(0.00839226029981541,0.00782560850990725,-0.0480742392359506));
#10030=CARTESIAN_POINT('',(0.00839254823465901,0.00730162188344171,-0.0480742392359506));
#10031=CARTESIAN_POINT('',(0.00849951152704489,0.00704229389783569,-0.0480742392359506));
#10032=CARTESIAN_POINT('',(0.00868529748631285,0.00685650793856773,-0.0480742392359506));
#10033=CARTESIAN_POINT('',(0.00868529748631285,0.00685650793856772,-0.0470742392359505));
#10034=CARTESIAN_POINT('',(0.00868529748631285,0.00685650793856773,-0.0476742392359506));
#10035=VECTOR('',#12159,1.0);
#10036=CARTESIAN_POINT('',(0.00868529748631285,0.00685650793856772,-0.0470742392359505));
#10037=CARTESIAN_POINT('',(0.00861585043220543,0.00692595499267515,-0.0470742392359505));
#10038=CARTESIAN_POINT('',(0.00856093465519686,0.00700804448673467,-0.0470742392359505));
#10039=CARTESIAN_POINT('',(0.00853392459705458,0.00704841980559925,-0.0470742392359505));
#10040=CARTESIAN_POINT('',(0.00851048300315105,0.00709221798292827,-0.0470742392359505));
#10041=CARTESIAN_POINT('',(0.00848756047911609,0.00713504633225653,-0.0470742392359505));
#10042=CARTESIAN_POINT('',(0.00846852473498812,0.00718093128738918,-0.0470742392359505));
#10043=CARTESIAN_POINT('',(0.00844991050149777,0.00722580020676481,-0.0470742392359505));
#10044=CARTESIAN_POINT('',(0.00843546393176719,0.00727333004249981,-0.0470742392359505));
#10045=CARTESIAN_POINT('',(0.0084213372540658,0.0073198074197008,-0.0470742392359505));
#10046=CARTESIAN_POINT('',(0.00841161898709617,0.00736852439773814,-0.0470742392359505));
#10047=CARTESIAN_POINT('',(0.00840211591281237,0.00741616263021496,-0.0470742392359505));
#10048=CARTESIAN_POINT('',(0.00839721954082721,0.00746559757942471,-0.0470742392359505));
#10049=CARTESIAN_POINT('',(0.0083924315897613,0.00751393788495684,-0.0470742392359505));
#10050=CARTESIAN_POINT('',(0.0083924042674994,0.00756361471975427,-0.0470742392359505));
#10051=CARTESIAN_POINT('',(0.00839237755023745,0.00761219155477414,-0.0470742392359505));
#10052=CARTESIAN_POINT('',(0.00839721954082721,0.00766163186008383,-0.0470742392359505));
#10053=CARTESIAN_POINT('',(0.0084019543146711,0.00770997740311517,-0.0470742392359505));
#10054=CARTESIAN_POINT('',(0.00841161898709617,0.0077587050417704,-0.0470742392359505));
#10055=CARTESIAN_POINT('',(0.00842106965358542,0.00780635369880556,-0.0470742392359505));
#10056=CARTESIAN_POINT('',(0.00843546393176719,0.00785389939700874,-0.0470742392359505));
#10057=CARTESIAN_POINT('',(0.00844953947581741,0.00790039228543329,-0.0470742392359505));
#10058=CARTESIAN_POINT('',(0.00846852473498812,0.00794629815211936,-0.0470742392359505));
#10059=CARTESIAN_POINT('',(0.00848708960141537,0.00799118752000165,-0.0470742392359505));
#10060=CARTESIAN_POINT('',(0.00851048300315105,0.00803501145658027,-0.0470742392359505));
#10061=CARTESIAN_POINT('',(0.00853335840214333,0.00807786499476919,-0.0470742392359505));
#10062=CARTESIAN_POINT('',(0.00856093465519686,0.00811918495277388,-0.0470742392359505));
#10063=CARTESIAN_POINT('',(0.0085879002841566,0.00815958995826986,-0.0470742392359505));
#10064=CARTESIAN_POINT('',(0.00861939381413667,0.00819800800391792,-0.0470742392359505));
#10065=CARTESIAN_POINT('',(0.0086501899793158,0.00823557535443043,-0.0470742392359505));
#10066=CARTESIAN_POINT('',(0.00868529748631285,0.00827072150094082,-0.0470742392359505));
#10067=CARTESIAN_POINT('',(0.00871962760380646,0.00830508940234864,-0.0470742392359505));
#10068=CARTESIAN_POINT('',(0.00875801098333576,0.00833662517311701,-0.0470742392359505));
#10069=CARTESIAN_POINT('',(0.00879554443534552,0.00836746264374207,-0.0470742392359505));
#10070=CARTESIAN_POINT('',(0.0088368340344798,0.00839508433205682,-0.0470742392359505));
#10071=CARTESIAN_POINT('',(0.00887720935334535,0.00842209439019969,-0.0470742392359505));
#10072=CARTESIAN_POINT('',(0.00892100753067341,0.00844553598410263,-0.0470742392359505));
#10073=CARTESIAN_POINT('',(0.00896383588000166,0.00846845850813751,-0.0470742392359505));
#10074=CARTESIAN_POINT('',(0.00900972083513431,0.00848749425226556,-0.0470742392359505));
#10075=CARTESIAN_POINT('',(0.00905458975450854,0.0085061084857554,-0.0470742392359505));
#10076=CARTESIAN_POINT('',(0.00910211959024494,0.00852055505548648,-0.0470742392359505));
#10077=CARTESIAN_POINT('',(0.00914859696744518,0.00853468173318772,-0.0470742392359505));
#10078=CARTESIAN_POINT('',(0.00919731394548328,0.0085444000001575,-0.0470742392359505));
#10079=CARTESIAN_POINT('',(0.00924495217796009,0.0085539030744413,-0.0470742392359505));
#10080=CARTESIAN_POINT('',(0.00929438712716984,0.00855879944642647,-0.0470742392359505));
#10081=CARTESIAN_POINT('',(0.00934272743270196,0.00856358739749238,-0.0470742392359505));
#10082=CARTESIAN_POINT('',(0.0093924042674994,0.00856361471975427,-0.0470742392359505));
#10083=CARTESIAN_POINT('',(0.00944098110251928,0.00856364143701623,-0.0470742392359505));
#10084=CARTESIAN_POINT('',(0.00949042140782897,0.00855879944642647,-0.0470742392359505));
#10085=CARTESIAN_POINT('',(0.0095387669508603,0.00855406467258257,-0.0470742392359505));
#10086=CARTESIAN_POINT('',(0.00958749458951553,0.0085444000001575,-0.0470742392359505));
#10087=CARTESIAN_POINT('',(0.00963514324655091,0.00853494933366821,-0.0470742392359505));
#10088=CARTESIAN_POINT('',(0.00968268894475387,0.00852055505548648,-0.0470742392359505));
#10089=CARTESIAN_POINT('',(0.00972918183317864,0.00850647951143618,-0.0470742392359505));
#10090=CARTESIAN_POINT('',(0.00977508769986449,0.00848749425226556,-0.0470742392359505));
#10091=CARTESIAN_POINT('',(0.00981997706774678,0.0084689293858383,-0.0470742392359505));
#10092=CARTESIAN_POINT('',(0.0098638010043254,0.00844553598410263,-0.0470742392359505));
#10093=CARTESIAN_POINT('',(0.00990665454251374,0.00842266058511066,-0.0470742392359505));
#10094=CARTESIAN_POINT('',(0.009947974500519,0.00839508433205682,-0.0470742392359505));
#10095=CARTESIAN_POINT('',(0.00998837950601449,0.00836811870309749,-0.0470742392359505));
#10096=CARTESIAN_POINT('',(0.010026797551663,0.00833662517311701,-0.0470742392359505));
#10097=CARTESIAN_POINT('',(0.0100480705681739,0.00831918643119379,-0.0470742392359505));
#10098=CARTESIAN_POINT('',(0.0100691425755147,0.00829983836951338,-0.0470742392359505));
#10099=CARTESIAN_POINT('',(0.010084441097909,0.00828579145171775,-0.0470742392359505));
#10100=CARTESIAN_POINT('',(0.010099511048686,0.00827072150094082,-0.0470742392359505));
#10101=COLOUR_RGB('',1.0,1.0,1.0);
#10102=CARTESIAN_POINT('',(0.00868529748631284,-0.0101140548099094,-0.0480742392359506));
#10103=CARTESIAN_POINT('',(0.00868529762222566,-0.0101140546739966,-0.0470742392359505));
#10104=CARTESIAN_POINT('',(0.00868529748631284,-0.0101140548099094,-0.0476742392359506));
#10105=VECTOR('',#12160,1.0);
#10106=CARTESIAN_POINT('',(0.0100995110486859,-0.0115282683722825,-0.0480742392359506));
#10107=CARTESIAN_POINT('',(0.00868529748631284,-0.0101140548099094,-0.0480742392359506));
#10108=CARTESIAN_POINT('',(0.00849963877650127,-0.010299713519721,-0.0480742392359506));
#10109=CARTESIAN_POINT('',(0.00839226021961797,-0.0105591680820541,-0.0480742392359506));
#10110=CARTESIAN_POINT('',(0.00839254831518321,-0.0110831547408202,-0.0480742392359506));
#10111=CARTESIAN_POINT('',(0.00849993810925938,-0.011343112650123,-0.0480742392359506));
#10112=CARTESIAN_POINT('',(0.00887065638797489,-0.0117134236195731,-0.0480742392359506));
#10113=CARTESIAN_POINT('',(0.00913041047734642,-0.01182130555878,-0.0480742392359506));
#10114=CARTESIAN_POINT('',(0.00965439710381195,-0.0118210176239364,-0.0480742392359506));
#10115=CARTESIAN_POINT('',(0.00991372508941796,-0.0117140543315505,-0.0480742392359506));
#10116=CARTESIAN_POINT('',(0.0100995110486859,-0.0115282683722825,-0.0480742392359506));
#10117=CARTESIAN_POINT('',(0.0100995110486859,-0.0115282683722825,-0.0470742392359505));
#10118=CARTESIAN_POINT('',(0.0100995110486859,-0.0115282683722825,-0.0476742392359506));
#10119=VECTOR('',#12161,1.0);
#10120=CARTESIAN_POINT('',(0.0100995110486859,-0.0115282683722825,-0.0470742392359505));
#10121=CARTESIAN_POINT('',(0.0100300639945782,-0.0115977154263903,-0.0470742392359505));
#10122=CARTESIAN_POINT('',(0.00994797450051899,-0.0116526312033985,-0.0470742392359505));
#10123=CARTESIAN_POINT('',(0.00990759918165402,-0.011679641261541,-0.0470742392359505));
#10124=CARTESIAN_POINT('',(0.00986380100432538,-0.0117030828554443,-0.0470742392359505));
#10125=CARTESIAN_POINT('',(0.00982097265499713,-0.0117260053794793,-0.0470742392359505));
#10126=CARTESIAN_POINT('',(0.00977508769986448,-0.0117450411236073,-0.0470742392359505));
#10127=CARTESIAN_POINT('',(0.00973021878048954,-0.0117636553570973,-0.0470742392359505));
#10128=CARTESIAN_POINT('',(0.00968268894475385,-0.0117781019268282,-0.0470742392359505));
#10129=CARTESIAN_POINT('',(0.00963621156755361,-0.0117922286045294,-0.0470742392359505));
#10130=CARTESIAN_POINT('',(0.00958749458951551,-0.0118019468714992,-0.0470742392359505));
#10131=CARTESIAN_POINT('',(0.0095398563570387,-0.011811449945783,-0.0470742392359505));
#10132=CARTESIAN_POINT('',(0.00949042140782894,-0.0118163463177682,-0.0470742392359505));
#10133=CARTESIAN_POINT('',(0.00944208110229682,-0.0118211342688341,-0.0470742392359505));
#10134=CARTESIAN_POINT('',(0.00939240426749938,-0.011821161591096,-0.0470742392359505));
#10135=CARTESIAN_POINT('',(0.00934382743247951,-0.0118211883083579,-0.0470742392359505));
#10136=CARTESIAN_POINT('',(0.00929438712716982,-0.0118163463177682,-0.0470742392359505));
#10137=CARTESIAN_POINT('',(0.00924604158413849,-0.0118116115439243,-0.0470742392359505));
#10138=CARTESIAN_POINT('',(0.00919731394548325,-0.0118019468714992,-0.0470742392359505));
#10139=CARTESIAN_POINT('',(0.00914966528844787,-0.0117924962050099,-0.0470742392359505));
#10140=CARTESIAN_POINT('',(0.00910211959024492,-0.0117781019268282,-0.0470742392359505));
#10141=CARTESIAN_POINT('',(0.00905562670182015,-0.0117640263827779,-0.0470742392359505));
#10142=CARTESIAN_POINT('',(0.00900972083513429,-0.0117450411236073,-0.0470742392359505));
#10143=CARTESIAN_POINT('',(0.00896483146725237,-0.0117264762571802,-0.0470742392359505));
#10144=CARTESIAN_POINT('',(0.00892100753067339,-0.0117030828554443,-0.0470742392359505));
#10145=CARTESIAN_POINT('',(0.00887815399248477,-0.0116802074564523,-0.0470742392359505));
#10146=CARTESIAN_POINT('',(0.00883683403447978,-0.0116526312033985,-0.0470742392359505));
#10147=CARTESIAN_POINT('',(0.00879642902898287,-0.0116256655744382,-0.0470742392359505));
#10148=CARTESIAN_POINT('',(0.00875801098333574,-0.0115941720444587,-0.0470742392359505));
#10149=CARTESIAN_POINT('',(0.00872044363282245,-0.0115633758792788,-0.0470742392359505));
#10150=CARTESIAN_POINT('',(0.00868529748631284,-0.0115282683722825,-0.0470742392359505));
#10151=CARTESIAN_POINT('',(0.00865092958490502,-0.0114939382547889,-0.0470742392359505));
#10152=CARTESIAN_POINT('',(0.00861939381413665,-0.0114555548752596,-0.0470742392359505));
#10153=CARTESIAN_POINT('',(0.00858855634351144,-0.0114180214232497,-0.0470742392359505));
#10154=CARTESIAN_POINT('',(0.00856093465519684,-0.0113767318241156,-0.0470742392359505));
#10155=CARTESIAN_POINT('',(0.00853392459705387,-0.0113363565052498,-0.0470742392359505));
#10156=CARTESIAN_POINT('',(0.00851048300315103,-0.011292558327922,-0.0470742392359505));
#10157=CARTESIAN_POINT('',(0.00848756047911615,-0.0112497299785937,-0.0470742392359505));
#10158=CARTESIAN_POINT('',(0.0084685247349881,-0.0112038450234611,-0.0470742392359505));
#10159=CARTESIAN_POINT('',(0.00844991050149825,-0.0111589761040868,-0.0470742392359505));
#10160=CARTESIAN_POINT('',(0.00843546393176717,-0.0111114462683504,-0.0470742392359505));
#10161=CARTESIAN_POINT('',(0.00842133725406594,-0.0110649688911502,-0.0470742392359505));
#10162=CARTESIAN_POINT('',(0.00841161898709615,-0.0110162519131121,-0.0470742392359505));
#10163=CARTESIAN_POINT('',(0.00840211591281236,-0.0109686136806353,-0.0470742392359505));
#10164=CARTESIAN_POINT('',(0.00839721954082719,-0.0109191787314255,-0.0470742392359505));
#10165=CARTESIAN_POINT('',(0.00839243158976128,-0.0108708384258934,-0.0470742392359505));
#10166=CARTESIAN_POINT('',(0.00839240426749938,-0.010821161591096,-0.0470742392359505));
#10167=CARTESIAN_POINT('',(0.00839237755023743,-0.0107725847560761,-0.0470742392359505));
#10168=CARTESIAN_POINT('',(0.00839721954082719,-0.0107231444507664,-0.0470742392359505));
#10169=CARTESIAN_POINT('',(0.00840195431467108,-0.0106747989077351,-0.0470742392359505));
#10170=CARTESIAN_POINT('',(0.00841161898709615,-0.0106260712690798,-0.0470742392359505));
#10171=CARTESIAN_POINT('',(0.0084210696535853,-0.0105784226120452,-0.0470742392359505));
#10172=CARTESIAN_POINT('',(0.00843546393176718,-0.0105308769138415,-0.0470742392359505));
#10173=CARTESIAN_POINT('',(0.0084495394758172,-0.0104843840254174,-0.0470742392359505));
#10174=CARTESIAN_POINT('',(0.0084685247349881,-0.0104384781587309,-0.0470742392359505));
#10175=CARTESIAN_POINT('',(0.00848708960141562,-0.010393588790848,-0.0470742392359505));
#10176=CARTESIAN_POINT('',(0.00851048300315103,-0.01034976485427,-0.0470742392359505));
#10177=CARTESIAN_POINT('',(0.00853335840214339,-0.0103069113160811,-0.0470742392359505));
#10178=CARTESIAN_POINT('',(0.00856093465519684,-0.0102655913580764,-0.0470742392359505));
#10179=CARTESIAN_POINT('',(0.00858790028415678,-0.01022518635258,-0.0470742392359505));
#10180=CARTESIAN_POINT('',(0.00861939381413665,-0.0101867683069323,-0.0470742392359505));
#10181=CARTESIAN_POINT('',(0.00863683255606061,-0.0101654952904207,-0.0470742392359505));
#10182=CARTESIAN_POINT('',(0.00865618061774028,-0.0101444232830807,-0.0470742392359505));
#10183=CARTESIAN_POINT('',(0.00867022753553593,-0.0101291247606863,-0.0470742392359505));
#10184=CARTESIAN_POINT('',(0.00868529748631284,-0.0101140548099094,-0.0470742392359505));
#10185=COLOUR_RGB('',1.0,1.0,1.0);
#10186=CARTESIAN_POINT('',(0.00868529748631284,-0.0101140548099094,-0.0470742392359505));
#10187=CARTESIAN_POINT('',(0.00910195761522152,-0.00969739468100075,-0.0470742392359505));
#10188=CARTESIAN_POINT('',(0.00947614155242711,-0.0092414928456346,-0.0470742392359505));
#10189=CARTESIAN_POINT('',(0.00966268482524916,-0.00901421045321044,-0.0470742392359505));
#10190=CARTESIAN_POINT('',(0.00983850648984201,-0.00877716508958006,-0.0470742392359505));
#10191=CARTESIAN_POINT('',(0.0100136728447041,-0.00854100322420221,-0.0470742392359505));
#10192=CARTESIAN_POINT('',(0.0101776514597048,-0.00829561623190609,-0.0470742392359505));
#10193=CARTESIAN_POINT('',(0.0103410189055237,-0.00805114382818193,-0.0470742392359505));
#10194=CARTESIAN_POINT('',(0.0104927594320775,-0.00779800636598952,-0.0470742392359505));
#10195=CARTESIAN_POINT('',(0.0106439344023672,-0.00754581237935179,-0.0470742392359505));
#10196=CARTESIAN_POINT('',(0.0107830712842545,-0.00728553427758283,-0.0470742392359505));
#10197=CARTESIAN_POINT('',(0.0109216895852686,-0.00702622626543698,-0.0470742392359505));
#10198=CARTESIAN_POINT('',(0.0110478876295556,-0.00675943455683424,-0.0470742392359505));
#10199=CARTESIAN_POINT('',(0.0111736153176648,-0.00649363721489561,-0.0470742392359505));
#10200=CARTESIAN_POINT('',(0.0112865705022097,-0.00622097462405193,-0.0470742392359505));
#10201=CARTESIAN_POINT('',(0.0113991046884004,-0.00594932828139978,-0.0470742392359505));
#10202=CARTESIAN_POINT('',(0.0114985448942705,-0.0056714516763775,-0.0470742392359505));
#10203=CARTESIAN_POINT('',(0.0115976144738307,-0.0053946107528468,-0.0470742392359505));
#10204=CARTESIAN_POINT('',(0.0116833001408608,-0.0051121895627244,-0.0470742392359505));
#10205=CARTESIAN_POINT('',(0.0117686664464982,-0.00483082099234228,-0.0470742392359505));
#10206=CARTESIAN_POINT('',(0.0118403911504088,-0.00454453559451002,-0.0470742392359505));
#10207=CARTESIAN_POINT('',(0.0119118485272162,-0.00425931721880419,-0.0470742392359505));
#10208=CARTESIAN_POINT('',(0.011969439476913,-0.00396985729986439,-0.0470742392359505));
#10209=CARTESIAN_POINT('',(0.0120268157778095,-0.00368147623488843,-0.0470742392359505));
#10210=CARTESIAN_POINT('',(0.0120701342316517,-0.0033895391291352,-0.0470742392359505));
#10211=CARTESIAN_POINT('',(0.0121132912321011,-0.00309869011014441,-0.0470742392359505));
#10212=CARTESIAN_POINT('',(0.0121422328321406,-0.00280497911962558,-0.0470742392359505));
#10213=CARTESIAN_POINT('',(0.0121710665631506,-0.0025123628273784,-0.0470742392359505));
#10214=CARTESIAN_POINT('',(0.0121855615865364,-0.00221758552759987,-0.0470742392359505));
#10215=CARTESIAN_POINT('',(0.0122000025851236,-0.00192390690036558,-0.0470742392359505));
#10216=CARTESIAN_POINT('',(0.0122000161120743,-0.00162877343567085,-0.0470742392359505));
#10217=CARTESIAN_POINT('',(0.0122000295886083,-0.00133473997097992,-0.0470742392359505));
#10218=CARTESIAN_POINT('',(0.0121855615865364,-0.00103996134374184,-0.0470742392359505));
#10219=CARTESIAN_POINT('',(0.0121711475085497,-0.000746281393968473,-0.0470742392359505));
#10220=CARTESIAN_POINT('',(0.0121422328321406,-0.000452567751716125,-0.0470742392359505));
#10221=CARTESIAN_POINT('',(0.0121134259244112,-0.000159948817596558,-0.0470742392359505));
#10222=CARTESIAN_POINT('',(0.0120701342316517,0.000131992257793493,-0.0470742392359505));
#10223=CARTESIAN_POINT('',(0.0120270038925428,0.000422845231625973,-0.0470742392359505));
#10224=CARTESIAN_POINT('',(0.011969439476913,0.000712310428522689,-0.0470742392359505));
#10225=CARTESIAN_POINT('',(0.011912089611189,0.00100069675177818,-0.0470742392359505));
#10226=CARTESIAN_POINT('',(0.0118403911504088,0.00128698872316831,-0.0470742392359505));
#10227=CARTESIAN_POINT('',(0.0117689599189213,0.00157221364792788,-0.0470742392359505));
#10228=CARTESIAN_POINT('',(0.0116833001408608,0.0018546426913827,-0.0470742392359505));
#10229=CARTESIAN_POINT('',(0.0115979596277016,0.00213601908582634,-0.0470742392359505));
#10230=CARTESIAN_POINT('',(0.0114985448942705,0.00241390480503579,-0.0470742392359505));
#10231=CARTESIAN_POINT('',(0.0113995006922096,0.00269075480878623,-0.0470742392359505));
#10232=CARTESIAN_POINT('',(0.0112865705022097,0.00296342775271023,-0.0470742392359505));
#10233=CARTESIAN_POINT('',(0.0111740612174074,0.00323508440985273,-0.0470742392359505));
#10234=CARTESIAN_POINT('',(0.0110478876295556,0.00350188768549254,-0.0470742392359505));
#10235=CARTESIAN_POINT('',(0.0109221843067362,0.00376769655134192,-0.0470742392359505));
#10236=CARTESIAN_POINT('',(0.0107830712842545,0.00402798740624113,-0.0470742392359505));
#10237=CARTESIAN_POINT('',(0.0106444767537256,0.0042873081239727,-0.0470742392359505));
#10238=CARTESIAN_POINT('',(0.0104927594320775,0.00454045949464782,-0.0470742392359505));
#10239=CARTESIAN_POINT('',(0.0103416075802039,0.0047926673379332,-0.0470742392359505));
#10240=CARTESIAN_POINT('',(0.0101776514597048,0.00503806936056438,-0.0470742392359505));
#10241=CARTESIAN_POINT('',(0.010014306424541,0.00528255673861372,-0.0470742392359505));
#10242=CARTESIAN_POINT('',(0.00983850648984202,0.00551961821823835,-0.0470742392359505));
#10243=CARTESIAN_POINT('',(0.00966336178388229,0.00575579613954609,-0.0470742392359505));
#10244=CARTESIAN_POINT('',(0.00947614155242713,0.0059839459742929,-0.0470742392359505));
#10245=CARTESIAN_POINT('',(0.00928961911461347,0.00621124546555515,-0.0470742392359505));
#10246=CARTESIAN_POINT('',(0.0090914296163338,0.00642993402249337,-0.0470742392359505));
#10247=CARTESIAN_POINT('',(0.00889379384245031,0.00664801158243027,-0.0470742392359505));
#10248=CARTESIAN_POINT('',(0.00868529748631286,0.00685650793856772,-0.0470742392359505));
#10249=CARTESIAN_POINT('',(0.010099511048686,0.00827072150094082,-0.0470742392359505));
#10250=CARTESIAN_POINT('',(0.010585647047785,0.00778458550184176,-0.0470742392359505));
#10251=CARTESIAN_POINT('',(0.0110221624591526,0.00725273254262019,-0.0470742392359505));
#10252=CARTESIAN_POINT('',(0.0112398526968202,0.0069874974693969,-0.0470742392359505));
#10253=CARTESIAN_POINT('',(0.0114449215528033,0.00671101682722322,-0.0470742392359505));
#10254=CARTESIAN_POINT('',(0.0116493351048403,0.00643541968759292,-0.0470742392359505));
#10255=CARTESIAN_POINT('',(0.0118405906843099,0.00614920982660359,-0.0470742392359505));
#10256=CARTESIAN_POINT('',(0.0120312351005771,0.00586391455820126,-0.0470742392359505));
#10257=CARTESIAN_POINT('',(0.0122082166520781,0.00556866498303426,-0.0470742392359505));
#10258=CARTESIAN_POINT('',(0.0123846326534875,0.0052743588871331,-0.0470742392359505));
#10259=CARTESIAN_POINT('',(0.0125469138129513,0.00497078087989312,-0.0470742392359505));
#10260=CARTESIAN_POINT('',(0.0127086763978978,0.00466817296566362,-0.0470742392359505));
#10261=CARTESIAN_POINT('',(0.0128558662158025,0.0043569978723531,-0.0470742392359505));
#10262=CARTESIAN_POINT('',(0.0130025856840449,0.00404681714877621,-0.0470742392359505));
#10263=CARTESIAN_POINT('',(0.0131343295672323,0.00372879461744041,-0.0470742392359505));
#10264=CARTESIAN_POINT('',(0.0132656524587246,0.00341178833703996,-0.0470742392359505));
#10265=CARTESIAN_POINT('',(0.0133816330246366,0.00308768451182024,-0.0470742392359505));
#10266=CARTESIAN_POINT('',(0.0134972429710303,0.00276461637048937,-0.0470742392359505));
#10267=CARTESIAN_POINT('',(0.0135971808123252,0.00243521204589163,-0.0470742392359505));
#10268=CARTESIAN_POINT('',(0.0136967992991256,0.00210686034310555,-0.0470742392359505));
#10269=CARTESIAN_POINT('',(0.0137804536567979,0.00177294908297484,-0.0470742392359505));
#10270=CARTESIAN_POINT('',(0.0138638406943518,0.00144010484672772,-0.0470742392359505));
#10271=CARTESIAN_POINT('',(0.0139310100377195,0.00110249107255495,-0.0470742392359505));
#10272=CARTESIAN_POINT('',(0.0139979647393499,0.00076595615375595,-0.0470742392359505));
#10273=CARTESIAN_POINT('',(0.0140484872515812,0.000425453206704218,-0.0470742392359505));
#10274=CARTESIAN_POINT('',(0.0140988483175472,8.60383474514219E-05,-0.0470742392359505));
#10275=CARTESIAN_POINT('',(0.014132602285485,-0.000256533471057002,-0.0470742392359505));
#10276=CARTESIAN_POINT('',(0.0141662483915653,-0.000598010590632486,-0.0470742392359505));
#10277=CARTESIAN_POINT('',(0.0141831524989467,-0.000941825995087002,-0.0470742392359505));
#10278=CARTESIAN_POINT('',(0.0142000025887253,-0.00128454272668551,-0.0470742392359505));
#10279=CARTESIAN_POINT('',(0.0142000161120743,-0.00162877343567085,-0.0470742392359505));
#10280=CARTESIAN_POINT('',(0.0142000295922089,-0.00197190414466796,-0.0470742392359505));
#10281=CARTESIAN_POINT('',(0.0141831524989467,-0.0023157208762547,-0.0470742392359505));
#10282=CARTESIAN_POINT('',(0.0141663293369645,-0.00265843893070833,-0.0470742392359505));
#10283=CARTESIAN_POINT('',(0.014132602285485,-0.0030010134002847,-0.0470742392359505));
#10284=CARTESIAN_POINT('',(0.0140989830098558,-0.00334249316240451,-0.0470742392359505));
#10285=CARTESIAN_POINT('',(0.0140484872515812,-0.00368300007804592,-0.0470742392359505));
#10286=CARTESIAN_POINT('',(0.0139981528540832,-0.00402241889317722,-0.0470742392359505));
#10287=CARTESIAN_POINT('',(0.0139310100377195,-0.00436003794389665,-0.0470742392359505));
#10288=CARTESIAN_POINT('',(0.0138640817783244,-0.0046965781223859,-0.0470742392359505));
#10289=CARTESIAN_POINT('',(0.0137804536567979,-0.00503049595431655,-0.0470742392359505));
#10290=CARTESIAN_POINT('',(0.013697092771548,-0.00536334674137705,-0.0470742392359505));
#10291=CARTESIAN_POINT('',(0.0135971808123252,-0.00569275891723333,-0.0470742392359505));
#10292=CARTESIAN_POINT('',(0.0134975881248968,-0.00602111844616631,-0.0470742392359505));
#10293=CARTESIAN_POINT('',(0.0133816330246366,-0.00634523138316194,-0.0470742392359505));
#10294=CARTESIAN_POINT('',(0.0132660484625272,-0.00666830860712659,-0.0470742392359505));
#10295=CARTESIAN_POINT('',(0.0131343295672323,-0.00698634148878211,-0.0470742392359505));
#10296=CARTESIAN_POINT('',(0.0130030315837819,-0.00730335808642966,-0.0470742392359505));
#10297=CARTESIAN_POINT('',(0.0128558662158025,-0.0076145447436948,-0.0470742392359505));
#10298=CARTESIAN_POINT('',(0.0127091711193542,-0.00792473699427458,-0.0470742392359505));
#10299=CARTESIAN_POINT('',(0.0125469138129512,-0.00822832775123482,-0.0470742392359505));
#10300=CARTESIAN_POINT('',(0.0123851750048385,-0.00853094837444963,-0.0470742392359505));
#10301=CARTESIAN_POINT('',(0.0122082166520781,-0.00882621185437596,-0.0470742392359505));
#10302=CARTESIAN_POINT('',(0.0120318237752573,-0.00912053181063628,-0.0470742392359505));
#10303=CARTESIAN_POINT('',(0.0118405906843099,-0.00940675669794529,-0.0470742392359505));
#10304=CARTESIAN_POINT('',(0.0116499686846714,-0.00969206694469631,-0.0470742392359505));
#10305=CARTESIAN_POINT('',(0.0114449215528033,-0.00996856369856492,-0.0470742392359505));
#10306=CARTESIAN_POINT('',(0.0112405296554511,-0.0102441768984183,-0.0470742392359505));
#10307=CARTESIAN_POINT('',(0.0110221624591526,-0.0105102794139619,-0.0470742392359505));
#10308=CARTESIAN_POINT('',(0.0108044930620593,-0.0107755315905946,-0.0470742392359505));
#10309=CARTESIAN_POINT('',(0.0105733318670437,-0.0110305988035291,-0.0470742392359505));
#10310=CARTESIAN_POINT('',(0.0103427244250264,-0.0112850549959421,-0.0470742392359505));
#10311=CARTESIAN_POINT('',(0.0100995110486859,-0.0115282683722825,-0.0470742392359505));
#10312=COLOUR_RGB('',1.0,1.0,1.0);
#10313=CARTESIAN_POINT('',(0.00868529748631285,0.00685650793856773,-0.0480742392359505));
#10314=CARTESIAN_POINT('',(0.00979635703540339,0.00574544838947719,-0.0480742392359506));
#10315=CARTESIAN_POINT('',(0.0106853995627944,0.00441497092243438,-0.0480742392359506));
#10316=CARTESIAN_POINT('',(0.011887741364731,0.00151188476864875,-0.0480742392359506));
#10317=CARTESIAN_POINT('',(0.0122000881000911,-5.76642343290662E-05,-0.0480742392359506));
#10318=CARTESIAN_POINT('',(0.0121999441240722,-0.00319988231544858,-0.0480742392359506));
#10319=CARTESIAN_POINT('',(0.0118878745318831,-0.00476948639103038,-0.0480742392359506));
#10320=CARTESIAN_POINT('',(0.0106852666028291,-0.00767246254255983,-0.0480742392359506));
#10321=CARTESIAN_POINT('',(0.00979641038630604,-0.00900294181728015,-0.0480742392359506));
#10322=CARTESIAN_POINT('',(0.0086852978405537,-0.0101140544556685,-0.0480742392359506));
#10323=COLOUR_RGB('',1.0,1.0,1.0);
#10324=CARTESIAN_POINT('',(0.0100995110486859,-0.0115282683722825,-0.0480742392359506));
#10325=CARTESIAN_POINT('',(0.0113957501028246,-0.0102320293181438,-0.0480742392359506));
#10326=CARTESIAN_POINT('',(0.0124329521212243,-0.00867980461604377,-0.0480742392359506));
#10327=CARTESIAN_POINT('',(0.0138357070484686,-0.00529287827646221,-0.0480742392359506));
#10328=CARTESIAN_POINT('',(0.0142000881383242,-0.00346173475930117,-0.0480742392359506));
#10329=CARTESIAN_POINT('',(0.0141999440858141,0.000204188149927891,-0.0480742392359506));
#10330=CARTESIAN_POINT('',(0.0138358400624129,0.0020353867235454,-0.0480742392359506));
#10331=CARTESIAN_POINT('',(0.012432818872706,0.0054222029925449,-0.0480742392359506));
#10332=CARTESIAN_POINT('',(0.0113958052973732,0.00697442725225354,-0.0480742392359506));
#10333=CARTESIAN_POINT('',(0.0100995110486859,0.00827072150094083,-0.0480742392359506));
#10334=COLOUR_RGB('',1.0,1.0,1.0);
#10335=COLOUR_RGB('',1.0,1.0,1.0);
#10336=CARTESIAN_POINT('',(0.00656397714275321,0.00473518759500809,-0.0480742392359506));
#10337=CARTESIAN_POINT('',(0.00656397714275321,0.00473518759500808,-0.0470742392359505));
#10338=CARTESIAN_POINT('',(0.00656397714275321,0.00473518759500809,-0.0476742392359506));
#10339=VECTOR('',#12162,1.0);
#10340=CARTESIAN_POINT('',(0.00514976358038011,0.00332097403263499,-0.0480742392359506));
#10341=CARTESIAN_POINT('',(0.00656397714275321,0.00473518759500809,-0.0480742392359506));
#10342=CARTESIAN_POINT('',(0.00637831843294201,0.00492084630481929,-0.0480742392359506));
#10343=CARTESIAN_POINT('',(0.00611886387060758,0.00502822486170295,-0.0480742392359506));
#10344=CARTESIAN_POINT('',(0.00559487721184335,0.00502793676613773,-0.0480742392359506));
#10345=CARTESIAN_POINT('',(0.00533491930254079,0.00492054697206248,-0.0480742392359506));
#10346=CARTESIAN_POINT('',(0.00496460833308835,0.0045498286933451,-0.0480742392359506));
#10347=CARTESIAN_POINT('',(0.00485672639388267,0.00429007460397353,-0.0480742392359506));
#10348=CARTESIAN_POINT('',(0.00485701432872627,0.00376608797750994,-0.0480742392359506));
#10349=CARTESIAN_POINT('',(0.00496397762111255,0.00350675999190255,-0.0480742392359506));
#10350=CARTESIAN_POINT('',(0.00514976358038011,0.00332097403263499,-0.0480742392359506));
#10351=CARTESIAN_POINT('',(0.00514976358038011,0.00332097403263499,-0.0470742392359505));
#10352=CARTESIAN_POINT('',(0.00514976358038011,0.00332097403263499,-0.0476742392359506));
#10353=VECTOR('',#12163,1.0);
#10354=CARTESIAN_POINT('',(0.00514976358038011,0.00332097403263499,-0.0470742392359505));
#10355=CARTESIAN_POINT('',(0.00508031652627246,0.00339042108674265,-0.0470742392359505));
#10356=CARTESIAN_POINT('',(0.00502540074926412,0.00347251058080193,-0.0470742392359505));
#10357=CARTESIAN_POINT('',(0.00499839069112139,0.00351288589966725,-0.0470742392359505));
#10358=CARTESIAN_POINT('',(0.00497494909721831,0.00355668407699554,-0.0470742392359505));
#10359=CARTESIAN_POINT('',(0.00495202657318325,0.0035995124263241,-0.0470742392359505));
#10360=CARTESIAN_POINT('',(0.00493299082905538,0.00364539738145645,-0.0470742392359505));
#10361=CARTESIAN_POINT('',(0.00491437659556519,0.00369026630083162,-0.0470742392359505));
#10362=CARTESIAN_POINT('',(0.00489993002583445,0.00373779613656707,-0.0470742392359505));
#10363=CARTESIAN_POINT('',(0.00488580334813312,0.00378427351376781,-0.0470742392359505));
#10364=CARTESIAN_POINT('',(0.00487608508116343,0.00383299049180541,-0.0470742392359505));
#10365=CARTESIAN_POINT('',(0.00486658200687963,0.00388062872428222,-0.0470742392359505));
#10366=CARTESIAN_POINT('',(0.00486168563489447,0.00393006367349198,-0.0470742392359505));
#10367=CARTESIAN_POINT('',(0.00485689768382856,0.0039784039790241,-0.0470742392359505));
#10368=CARTESIAN_POINT('',(0.00485687036156666,0.00402808081382154,-0.0470742392359505));
#10369=CARTESIAN_POINT('',(0.00485684364430471,0.00407665764884105,-0.0470742392359505));
#10370=CARTESIAN_POINT('',(0.00486168563489447,0.0041260979541511,-0.0470742392359505));
#10371=CARTESIAN_POINT('',(0.0048664204087383,0.00417444349718216,-0.0470742392359505));
#10372=CARTESIAN_POINT('',(0.00487608508116343,0.00422317113583767,-0.0470742392359505));
#10373=CARTESIAN_POINT('',(0.00488553574765265,0.00427081979287263,-0.0470742392359505));
#10374=CARTESIAN_POINT('',(0.00489993002583445,0.004318365491076,-0.0470742392359505));
#10375=CARTESIAN_POINT('',(0.00491400556988453,0.00436485837950017,-0.0470742392359505));
#10376=CARTESIAN_POINT('',(0.00493299082905538,0.00441076424618663,-0.0470742392359505));
#10377=CARTESIAN_POINT('',(0.00495155569548256,0.00445565361406878,-0.0470742392359505));
#10378=CARTESIAN_POINT('',(0.00497494909721831,0.00449947755064753,-0.0470742392359505));
#10379=CARTESIAN_POINT('',(0.00499782449621044,0.00454233108883617,-0.0470742392359505));
#10380=CARTESIAN_POINT('',(0.00502540074926412,0.00458365104684114,-0.0470742392359505));
#10381=CARTESIAN_POINT('',(0.00505236637822396,0.00462405605233733,-0.0470742392359505));
#10382=CARTESIAN_POINT('',(0.00508385990820393,0.00466247409798518,-0.0470742392359505));
#10383=CARTESIAN_POINT('',(0.00511465607338363,0.0047000414484983,-0.0470742392359505));
#10384=CARTESIAN_POINT('',(0.00514976358038012,0.00473518759500809,-0.0470742392359505));
#10385=CARTESIAN_POINT('',(0.00518409369787392,0.00476955549641608,-0.0470742392359505));
#10386=CARTESIAN_POINT('',(0.00522247707740302,0.00480109126718428,-0.0470742392359505));
#10387=CARTESIAN_POINT('',(0.00526001052941279,0.00483192873780934,-0.0470742392359505));
#10388=CARTESIAN_POINT('',(0.00530130012854706,0.00485955042612408,-0.0470742392359505));
#10389=CARTESIAN_POINT('',(0.00534167544741232,0.00488656048426676,-0.0470742392359505));
#10390=CARTESIAN_POINT('',(0.00538547362474067,0.00491000207816989,-0.0470742392359505));
#10391=CARTESIAN_POINT('',(0.00542830197406905,0.00493292460220488,-0.0470742392359505));
#10392=CARTESIAN_POINT('',(0.00547418692920157,0.00495196034633283,-0.0470742392359505));
#10393=CARTESIAN_POINT('',(0.00551905584857675,0.00497057457982301,-0.0470742392359505));
#10394=CARTESIAN_POINT('',(0.0055665856843122,0.00498502114955375,-0.0470742392359505));
#10395=CARTESIAN_POINT('',(0.00561306306151293,0.00499914782725508,-0.0470742392359505));
#10396=CARTESIAN_POINT('',(0.00566178003955053,0.00500886609422477,-0.0470742392359505));
#10397=CARTESIAN_POINT('',(0.00570941827202735,0.00501836916850857,-0.0470742392359505));
#10398=CARTESIAN_POINT('',(0.0057588532212371,0.00502326554049373,-0.0470742392359505));
#10399=CARTESIAN_POINT('',(0.00580719352676923,0.00502805349155964,-0.0470742392359505));
#10400=CARTESIAN_POINT('',(0.00585687036156666,0.00502808081382154,-0.0470742392359505));
#10401=CARTESIAN_POINT('',(0.00590544719658617,0.00502810753108349,-0.0470742392359505));
#10402=CARTESIAN_POINT('',(0.00595488750189622,0.00502326554049373,-0.0470742392359505));
#10403=CARTESIAN_POINT('',(0.00600323304492729,0.0050185307666499,-0.0470742392359505));
#10404=CARTESIAN_POINT('',(0.00605196068358279,0.00500886609422477,-0.0470742392359505));
#10405=CARTESIAN_POINT('',(0.00609960934061739,0.00499941542773562,-0.0470742392359505));
#10406=CARTESIAN_POINT('',(0.00614715503882113,0.00498502114955375,-0.0470742392359505));
#10407=CARTESIAN_POINT('',(0.0061936479272453,0.00497094560550371,-0.0470742392359505));
#10408=CARTESIAN_POINT('',(0.00623955379393175,0.00495196034633282,-0.0470742392359505));
#10409=CARTESIAN_POINT('',(0.00628444316181422,0.00493339547990547,-0.0470742392359505));
#10410=CARTESIAN_POINT('',(0.00632826709839266,0.00491000207816989,-0.0470742392359505));
#10411=CARTESIAN_POINT('',(0.006371120636581,0.00488712667917792,-0.0470742392359505));
#10412=CARTESIAN_POINT('',(0.00641244059458626,0.00485955042612408,-0.0470742392359505));
#10413=CARTESIAN_POINT('',(0.00645284560008199,0.00483258479716459,-0.0470742392359505));
#10414=CARTESIAN_POINT('',(0.00649126364573031,0.00480109126718428,-0.0470742392359505));
#10415=CARTESIAN_POINT('',(0.00651253666224161,0.00478365252526066,-0.0470742392359505));
#10416=CARTESIAN_POINT('',(0.00653360866958194,0.00476430446358065,-0.0470742392359505));
#10417=CARTESIAN_POINT('',(0.00654890719197651,0.00475025754578479,-0.0470742392359505));
#10418=CARTESIAN_POINT('',(0.00656397714275321,0.00473518759500808,-0.0470742392359505));
#10419=COLOUR_RGB('',1.0,1.0,1.0);
#10420=CARTESIAN_POINT('',(0.0051497635803801,-0.00657852090397668,-0.0480742392359506));
#10421=CARTESIAN_POINT('',(0.00514976371624745,-0.00657852076810933,-0.0470742392359505));
#10422=CARTESIAN_POINT('',(0.0051497635803801,-0.00657852090397668,-0.0476742392359506));
#10423=VECTOR('',#12164,1.0);
#10424=CARTESIAN_POINT('',(0.0065639771427532,-0.00799273446634978,-0.0480742392359506));
#10425=CARTESIAN_POINT('',(0.0051497635803801,-0.00657852090397668,-0.0480742392359506));
#10426=CARTESIAN_POINT('',(0.00496410487056846,-0.00676417961378832,-0.0480742392359506));
#10427=CARTESIAN_POINT('',(0.00485672631368524,-0.00702363417612114,-0.0480742392359506));
#10428=CARTESIAN_POINT('',(0.00485701440925046,-0.0075476208348877,-0.0480742392359506));
#10429=CARTESIAN_POINT('',(0.00496440420332568,-0.00780757874418907,-0.0480742392359506));
#10430=CARTESIAN_POINT('',(0.00533512248204312,-0.00817788971364155,-0.0480742392359506));
#10431=CARTESIAN_POINT('',(0.0055948765714147,-0.00828577165284722,-0.0480742392359506));
#10432=CARTESIAN_POINT('',(0.00611886319787821,-0.00828548371800362,-0.0480742392359506));
#10433=CARTESIAN_POINT('',(0.00637819118348564,-0.00817852042561734,-0.0480742392359506));
#10434=CARTESIAN_POINT('',(0.0065639771427532,-0.00799273446634978,-0.0480742392359506));
#10435=CARTESIAN_POINT('',(0.0065639771427532,-0.00799273446634978,-0.0470742392359505));
#10436=CARTESIAN_POINT('',(0.0065639771427532,-0.00799273446634978,-0.0476742392359506));
#10437=VECTOR('',#12165,1.0);
#10438=CARTESIAN_POINT('',(0.0065639771427532,-0.00799273446634978,-0.0470742392359505));
#10439=CARTESIAN_POINT('',(0.00649453008864578,-0.0080621815204572,-0.0470742392359505));
#10440=CARTESIAN_POINT('',(0.00641244059458625,-0.00811709729746578,-0.0470742392359505));
#10441=CARTESIAN_POINT('',(0.00637206527572152,-0.00814410735560816,-0.0470742392359505));
#10442=CARTESIAN_POINT('',(0.00632826709839265,-0.00816754894951159,-0.0470742392359505));
#10443=CARTESIAN_POINT('',(0.00628543874906428,-0.00819047147354658,-0.0470742392359505));
#10444=CARTESIAN_POINT('',(0.00623955379393174,-0.00820950721767452,-0.0470742392359505));
#10445=CARTESIAN_POINT('',(0.00619468487455642,-0.00822812145116475,-0.0470742392359505));
#10446=CARTESIAN_POINT('',(0.00614715503882111,-0.00824256802089544,-0.0470742392359505));
#10447=CARTESIAN_POINT('',(0.00610067766162046,-0.00825669469859676,-0.0470742392359505));
#10448=CARTESIAN_POINT('',(0.00605196068358278,-0.00826641296556646,-0.0470742392359505));
#10449=CARTESIAN_POINT('',(0.00600432245110643,-0.00827591603985018,-0.0470742392359505));
#10450=CARTESIAN_POINT('',(0.00595488750189621,-0.00828081241183543,-0.0470742392359505));
#10451=CARTESIAN_POINT('',(0.00590654719636448,-0.00828560036290134,-0.0470742392359505));
#10452=CARTESIAN_POINT('',(0.00585687036156665,-0.00828562768516323,-0.0470742392359505));
#10453=CARTESIAN_POINT('',(0.00580829352654754,-0.00828565440242519,-0.0470742392359505));
#10454=CARTESIAN_POINT('',(0.00575885322123709,-0.00828081241183543,-0.0470742392359505));
#10455=CARTESIAN_POINT('',(0.00571050767820642,-0.00827607763799167,-0.0470742392359505));
#10456=CARTESIAN_POINT('',(0.00566178003955052,-0.00826641296556646,-0.0470742392359505));
#10457=CARTESIAN_POINT('',(0.00561413138251592,-0.00825696229907732,-0.0470742392359505));
#10458=CARTESIAN_POINT('',(0.00556658568431219,-0.00824256802089544,-0.0470742392359505));
#10459=CARTESIAN_POINT('',(0.00552009279588851,-0.00822849247684555,-0.0470742392359505));
#10460=CARTESIAN_POINT('',(0.00547418692920156,-0.00820950721767452,-0.0470742392359505));
#10461=CARTESIAN_POINT('',(0.00542929756131972,-0.00819094235124748,-0.0470742392359505));
#10462=CARTESIAN_POINT('',(0.00538547362474065,-0.00816754894951159,-0.0470742392359505));
#10463=CARTESIAN_POINT('',(0.00534262008655247,-0.00814467355051972,-0.0470742392359505));
#10464=CARTESIAN_POINT('',(0.00530130012854705,-0.00811709729746578,-0.0470742392359505));
#10465=CARTESIAN_POINT('',(0.00526089512305111,-0.00809013166850614,-0.0470742392359505));
#10466=CARTESIAN_POINT('',(0.00522247707740301,-0.00805863813852597,-0.0470742392359505));
#10467=CARTESIAN_POINT('',(0.00518490972688989,-0.00802784197334626,-0.0470742392359505));
#10468=CARTESIAN_POINT('',(0.0051497635803801,-0.00799273446634978,-0.0470742392359505));
#10469=CARTESIAN_POINT('',(0.00511539567897211,-0.00795840434885597,-0.0470742392359505));
#10470=CARTESIAN_POINT('',(0.00508385990820391,-0.00792002096932688,-0.0470742392359505));
#10471=CARTESIAN_POINT('',(0.00505302243757899,-0.00788248751731728,-0.0470742392359505));
#10472=CARTESIAN_POINT('',(0.00502540074926411,-0.00784119791818283,-0.0470742392359505));
#10473=CARTESIAN_POINT('',(0.00499839069112143,-0.00780082259931761,-0.0470742392359505));
#10474=CARTESIAN_POINT('',(0.0049749490972183,-0.00775702442198923,-0.0470742392359505));
#10475=CARTESIAN_POINT('',(0.00495202657318317,-0.00771419607266054,-0.0470742392359505));
#10476=CARTESIAN_POINT('',(0.00493299082905536,-0.00766831111752832,-0.0470742392359505));
#10477=CARTESIAN_POINT('',(0.00491437659556514,-0.007623442198153,-0.0470742392359505));
#10478=CARTESIAN_POINT('',(0.00489993002583444,-0.00757591236241769,-0.0470742392359505));
#10479=CARTESIAN_POINT('',(0.00488580334813313,-0.00752943498521704,-0.0470742392359505));
#10480=CARTESIAN_POINT('',(0.00487608508116342,-0.00748071800717936,-0.0470742392359505));
#10481=CARTESIAN_POINT('',(0.00486658200687964,-0.00743307977470266,-0.0470742392359505));
#10482=CARTESIAN_POINT('',(0.00486168563489445,-0.00738364482549279,-0.0470742392359505));
#10483=CARTESIAN_POINT('',(0.00485689768382855,-0.00733530451996071,-0.0470742392359505));
#10484=CARTESIAN_POINT('',(0.00485687036156665,-0.00728562768516323,-0.0470742392359505));
#10485=CARTESIAN_POINT('',(0.0048568436443047,-0.00723705085014332,-0.0470742392359505));
#10486=CARTESIAN_POINT('',(0.00486168563489445,-0.00718761054483367,-0.0470742392359505));
#10487=CARTESIAN_POINT('',(0.00486642040873837,-0.00713926500180222,-0.0470742392359505));
#10488=CARTESIAN_POINT('',(0.00487608508116342,-0.0070905373631471,-0.0470742392359505));
#10489=CARTESIAN_POINT('',(0.00488553574765264,-0.00704288870611213,-0.0470742392359505));
#10490=CARTESIAN_POINT('',(0.00489993002583444,-0.00699534300790877,-0.0470742392359505));
#10491=CARTESIAN_POINT('',(0.00491400556988458,-0.00694885011948439,-0.0470742392359505));
#10492=CARTESIAN_POINT('',(0.00493299082905537,-0.00690294425279814,-0.0470742392359505));
#10493=CARTESIAN_POINT('',(0.00495155569548258,-0.00685805488491598,-0.0470742392359505));
#10494=CARTESIAN_POINT('',(0.0049749490972183,-0.00681423094833723,-0.0470742392359505));
#10495=CARTESIAN_POINT('',(0.00499782449621022,-0.00677137741014895,-0.0470742392359505));
#10496=CARTESIAN_POINT('',(0.00502540074926411,-0.00673005745214363,-0.0470742392359505));
#10497=CARTESIAN_POINT('',(0.00505236637822381,-0.00668965244664761,-0.0470742392359505));
#10498=CARTESIAN_POINT('',(0.00508385990820392,-0.00665123440099958,-0.0470742392359505));
#10499=CARTESIAN_POINT('',(0.00510129865012769,-0.00662996138448811,-0.0470742392359505));
#10500=CARTESIAN_POINT('',(0.00512064671180754,-0.00660888937714796,-0.0470742392359505));
#10501=CARTESIAN_POINT('',(0.0051346936296034,-0.00659359085475339,-0.0470742392359505));
#10502=CARTESIAN_POINT('',(0.0051497635803801,-0.00657852090397668,-0.0470742392359505));
#10503=COLOUR_RGB('',1.0,1.0,1.0);
#10504=CARTESIAN_POINT('',(0.0051497635803801,-0.00657852090397668,-0.0470742392359505));
#10505=CARTESIAN_POINT('',(0.00539273400135569,-0.00633555048300109,-0.0470742392359505));
#10506=CARTESIAN_POINT('',(0.00561108928561343,-0.00606952642481637,-0.0470742392359505));
#10507=CARTESIAN_POINT('',(0.00573534777282786,-0.00591814127677636,-0.0470742392359505));
#10508=CARTESIAN_POINT('',(0.00585157167273061,-0.00575913900603075,-0.0470742392359505));
#10509=CARTESIAN_POINT('',(0.00593816163519713,-0.00564067799527931,-0.0470742392359505));
#10510=CARTESIAN_POINT('',(0.00602030339819209,-0.00551776506680807,-0.0470742392359505));
#10511=CARTESIAN_POINT('',(0.00612912520753252,-0.00535492941804809,-0.0470742392359505));
#10512=CARTESIAN_POINT('',(0.00622920450970114,-0.00518530085239656,-0.0470742392359505));
#10513=CARTESIAN_POINT('',(0.00630376630831809,-0.00505892296328535,-0.0470742392359505));
#10514=CARTESIAN_POINT('',(0.00637346496251276,-0.00492855059345283,-0.0470742392359505));
#10515=CARTESIAN_POINT('',(0.00646580208046105,-0.00475583264029409,-0.0470742392359505));
#10516=CARTESIAN_POINT('',(0.00654877296651288,-0.00457721139554365,-0.0470742392359505));
#10517=CARTESIAN_POINT('',(0.0066105885303989,-0.00444413371623125,-0.0470742392359505));
#10518=CARTESIAN_POINT('',(0.00666717283965328,-0.00430755746222648,-0.0470742392359505));
#10519=CARTESIAN_POINT('',(0.00674213600928901,-0.00412662057297076,-0.0470742392359505));
#10520=CARTESIAN_POINT('',(0.00680719942423285,-0.00394072686935702,-0.0470742392359505));
#10521=CARTESIAN_POINT('',(0.00685567343571331,-0.00380223101064908,-0.0470742392359505));
#10522=CARTESIAN_POINT('',(0.00689859846219974,-0.00366076617645209,-0.0470742392359505));
#10523=CARTESIAN_POINT('',(0.00695546574721794,-0.00347335287226051,-0.0470742392359505));
#10524=CARTESIAN_POINT('',(0.00700199509480293,-0.00328197696776169,-0.0470742392359505));
#10525=CARTESIAN_POINT('',(0.00703666072265076,-0.00313939672048271,-0.0470742392359505));
#10526=CARTESIAN_POINT('',(0.00706551307489689,-0.00299440568978375,-0.0470742392359505));
#10527=CARTESIAN_POINT('',(0.00710373681225795,-0.00280232086322026,-0.0470742392359505));
#10528=CARTESIAN_POINT('',(0.0071312839894294,-0.00260730581241935,-0.0470742392359505));
#10529=CARTESIAN_POINT('',(0.00715180738469863,-0.00246201430229015,-0.0470742392359505));
#10530=CARTESIAN_POINT('',(0.00716630919877966,-0.00231489341797777,-0.0470742392359505));
#10531=CARTESIAN_POINT('',(0.00718552127299717,-0.00211998695092738,-0.0470742392359505));
#10532=CARTESIAN_POINT('',(0.00719382098538049,-0.0019232108553687,-0.0470742392359505));
#10533=CARTESIAN_POINT('',(0.00720000449655478,-0.00177660731906237,-0.0470742392359505));
#10534=CARTESIAN_POINT('',(0.00720001611207428,-0.00162877343567085,-0.0470742392359505));
#10535=CARTESIAN_POINT('',(0.00720003150037132,-0.00143292238396075,-0.0470742392359505));
#10536=CARTESIAN_POINT('',(0.007189003817199,-0.0012362803050105,-0.0470742392359505));
#10537=CARTESIAN_POINT('',(0.00718078789368583,-0.00108977661471774,-0.0470742392359505));
#10538=CARTESIAN_POINT('',(0.00716630919877966,-0.000942653453363923,-0.0470742392359505));
#10539=CARTESIAN_POINT('',(0.00714712775295813,-0.000747743969678508,-0.0470742392359505));
#10540=CARTESIAN_POINT('',(0.00711687887684784,-0.000553129678059136,-0.0470742392359505));
#10541=CARTESIAN_POINT('',(0.00709434264248174,-0.000408136744406403,-0.0470742392359505));
#10542=CARTESIAN_POINT('',(0.00706551307489689,-0.000263141181557949,-0.0470742392359505));
#10543=CARTESIAN_POINT('',(0.00702731952276641,-7.1050350779988E-05,-0.0470742392359505));
#10544=CARTESIAN_POINT('',(0.00697814076693011,0.000119661911499742,-0.0470742392359505));
#10545=CARTESIAN_POINT('',(0.00694150125796816,0.00026174772729816,-0.0470742392359505));
#10546=CARTESIAN_POINT('',(0.00689859846219974,0.000403219305110391,-0.0470742392359505));
#10547=CARTESIAN_POINT('',(0.00684176062854491,0.000590641543278311,-0.0470742392359505));
#10548=CARTESIAN_POINT('',(0.00677412561128628,0.000775615112873382,-0.0470742392359505));
#10549=CARTESIAN_POINT('',(0.00672373568622744,0.000913425446744064,-0.0470742392359505));
#10550=CARTESIAN_POINT('',(0.00666717283965329,0.00105001059088478,-0.0470742392359505));
#10551=CARTESIAN_POINT('',(0.00659223810388312,0.00123095925783171,-0.0470742392359505));
#10552=CARTESIAN_POINT('',(0.00650679818739121,0.00140841273815206,-0.0470742392359505));
#10553=CARTESIAN_POINT('',(0.00644314312875966,0.00154062040124401,-0.0470742392359505));
#10554=CARTESIAN_POINT('',(0.00637346496251277,0.00167100372211114,-0.0470742392359505));
#10555=CARTESIAN_POINT('',(0.00628115498709719,0.00184373618325541,-0.0470742392359505));
#10556=CARTESIAN_POINT('',(0.00617873300447307,0.00201196060028198,-0.0470742392359505));
#10557=CARTESIAN_POINT('',(0.00610242584528549,0.00213729236051937,-0.0470742392359505));
#10558=CARTESIAN_POINT('',(0.0060203033981921,0.00226021819546637,-0.0470742392359505));
#10559=CARTESIAN_POINT('',(0.00591150717865729,0.00242307094278142,-0.0470742392359505));
#10560=CARTESIAN_POINT('',(0.00579308950958203,0.00258044620341799,-0.0470742392359505));
#10561=CARTESIAN_POINT('',(0.00570486512948932,0.0026976950474462,-0.0470742392359505));
#10562=CARTESIAN_POINT('',(0.00561108928561344,0.00281197955347467,-0.0470742392359505));
#10563=CARTESIAN_POINT('',(0.00550243423916569,0.00294439732544607,-0.0470742392359505));
#10564=CARTESIAN_POINT('',(0.005386673989559,0.00307213924825828,-0.0470742392359505));
#10565=CARTESIAN_POINT('',(0.00527146732137282,0.00319927029164228,-0.0470742392359505));
#10566=CARTESIAN_POINT('',(0.00514976358038011,0.00332097403263499,-0.0470742392359505));
#10567=CARTESIAN_POINT('',(0.00656397714275321,0.00473518759500808,-0.0470742392359505));
#10568=CARTESIAN_POINT('',(0.00687642345555653,0.00442274128220477,-0.0470742392359505));
#10569=CARTESIAN_POINT('',(0.00715711019233892,0.00408076612180197,-0.0470742392359505));
#10570=CARTESIAN_POINT('',(0.00731696740400114,0.00388600381765321,-0.0470742392359505));
#10571=CARTESIAN_POINT('',(0.00746630183291814,0.00368169658336331,-0.0470742392359505));
#10572=CARTESIAN_POINT('',(0.00757772185569473,0.00352926075953427,-0.0470742392359505));
#10573=CARTESIAN_POINT('',(0.00768324262279719,0.00337135866150558,-0.0470742392359505));
#10574=CARTESIAN_POINT('',(0.00782324003419222,0.00316186544434201,-0.0470742392359505));
#10575=CARTESIAN_POINT('',(0.00795182976616596,0.00294390467154792,-0.0470742392359505));
#10576=CARTESIAN_POINT('',(0.00804777194754508,0.00278128179586441,-0.0470742392359505));
#10577=CARTESIAN_POINT('',(0.00813730749120948,0.00261379719576314,-0.0470742392359505));
#10578=CARTESIAN_POINT('',(0.00825609685074,0.002391590599779,-0.0470742392359505));
#10579=CARTESIAN_POINT('',(0.00836270349635249,0.00216207536987989,-0.0470742392359505));
#10580=CARTESIAN_POINT('',(0.00844224386067954,0.00199083158953302,-0.0470742392359505));
#10581=CARTESIAN_POINT('',(0.00851493190467586,0.00181537745561496,-0.0470742392359505));
#10582=CARTESIAN_POINT('',(0.00861136920587434,0.00158259745179438,-0.0470742392359505));
#10583=CARTESIAN_POINT('',(0.00869496608484959,0.00134373812192566,-0.0470742392359505));
#10584=CARTESIAN_POINT('',(0.00875733861493327,0.00116552260813337,-0.0470742392359505));
#10585=CARTESIAN_POINT('',(0.00881247913366416,0.000983788659619317,-0.0470742392359505));
#10586=CARTESIAN_POINT('',(0.00888563563259585,0.000742677046665419,-0.0470742392359505));
#10587=CARTESIAN_POINT('',(0.00894541766129684,0.000496773962731664,-0.0470742392359505));
#10588=CARTESIAN_POINT('',(0.00899002167557549,0.000313303028317505,-0.0470742392359505));
#10589=CARTESIAN_POINT('',(0.00902708363570335,0.000127039462474309,-0.0470742392359505));
#10590=CARTESIAN_POINT('',(0.00907625479529655,-0.000120081722991192,-0.0470742392359505));
#10591=CARTESIAN_POINT('',(0.00911164624010229,-0.000370660379851354,-0.0470742392359505));
#10592=CARTESIAN_POINT('',(0.0091380521775359,-0.000557619809497815,-0.0470742392359505));
#10593=CARTESIAN_POINT('',(0.00915667865212405,-0.000746619172704801,-0.0470742392359505));
#10594=CARTESIAN_POINT('',(0.00918139092722867,-0.000997370018554,-0.0470742392359505));
#10595=CARTESIAN_POINT('',(0.00919205094918226,-0.00125021103891646,-0.0470742392359505));
#10596=CARTESIAN_POINT('',(0.00920000450615793,-0.00143885844227001,-0.0470742392359505));
#10597=CARTESIAN_POINT('',(0.00920001611207428,-0.00162877343567085,-0.0470742392359505));
#10598=CARTESIAN_POINT('',(0.00920003150997453,-0.00188073907420494,-0.0470742392359505));
#10599=CARTESIAN_POINT('',(0.00918585744723463,-0.00213340746080557,-0.0470742392359505));
#10600=CARTESIAN_POINT('',(0.00917528202665092,-0.00232192606027432,-0.0470742392359505));
#10601=CARTESIAN_POINT('',(0.00915667865212405,-0.00251092769863689,-0.0470742392359505));
#10602=CARTESIAN_POINT('',(0.00913199702452872,-0.00276168156300902,-0.0470742392359505));
#10603=CARTESIAN_POINT('',(0.00909312538106886,-0.00301174398117162,-0.0470742392359505));
#10604=CARTESIAN_POINT('',(0.00906412283000851,-0.00319831823956452,-0.0470742392359505));
#10605=CARTESIAN_POINT('',(0.00902708363570335,-0.003384586333816,-0.0470742392359505));
#10606=CARTESIAN_POINT('',(0.00897794268017884,-0.00363171352723808,-0.0470742392359505));
#10607=CARTESIAN_POINT('',(0.00891474781117463,-0.0038767617391759,-0.0470742392359505));
#10608=CARTESIAN_POINT('',(0.00886759744005721,-0.00405959484440407,-0.0470742392359505));
#10609=CARTESIAN_POINT('',(0.00881247913366416,-0.00424133553096101,-0.0470742392359505));
#10610=CARTESIAN_POINT('',(0.00873935210447712,-0.00448245608346037,-0.0470742392359505));
#10611=CARTESIAN_POINT('',(0.00865244261106113,-0.004720130140942,-0.0470742392359505));
#10612=CARTESIAN_POINT('',(0.00858759850373596,-0.00489746131025372,-0.0470742392359505));
#10613=CARTESIAN_POINT('',(0.00851493190467586,-0.00507292432695666,-0.0470742392359505));
#10614=CARTESIAN_POINT('',(0.0084185230550866,-0.00530571611581966,-0.0470742392359505));
#10615=CARTESIAN_POINT('',(0.00830873592319605,-0.00553372708772888,-0.0470742392359505));
#10616=CARTESIAN_POINT('',(0.00822682256386346,-0.00570384852502438,-0.0470742392359505));
#10617=CARTESIAN_POINT('',(0.00813730749120947,-0.00587134406710483,-0.0470742392359505));
#10618=CARTESIAN_POINT('',(0.00801854529115109,-0.00609356518012716,-0.0470742392359505));
#10619=CARTESIAN_POINT('',(0.00788693783087272,-0.00630971719618162,-0.0470742392359505));
#10620=CARTESIAN_POINT('',(0.0077887440899645,-0.00647099053901756,-0.0470742392359505));
#10621=CARTESIAN_POINT('',(0.00768324262279718,-0.00662890553284727,-0.0470742392359505));
#10622=CARTESIAN_POINT('',(0.00754327081717264,-0.00683841585924375,-0.0470742392359505));
#10623=CARTESIAN_POINT('',(0.00739111048029852,-0.0070406272573565,-0.0470742392359505));
#10624=CARTESIAN_POINT('',(0.0072775820172179,-0.00719149935528117,-0.0470742392359505));
#10625=CARTESIAN_POINT('',(0.00715711019233891,-0.00733831299314366,-0.0470742392359505));
#10626=CARTESIAN_POINT('',(0.00701730819116465,-0.00750868345439852,-0.0470742392359505));
#10627=CARTESIAN_POINT('',(0.00686857624026891,-0.00767280402929401,-0.0470742392359505));
#10628=CARTESIAN_POINT('',(0.00672039794702612,-0.00783631366207686,-0.0470742392359505));
#10629=CARTESIAN_POINT('',(0.0065639771427532,-0.00799273446634978,-0.0470742392359505));
#10630=COLOUR_RGB('',1.0,1.0,1.0);
#10631=CARTESIAN_POINT('',(0.00514976358038011,0.00332097403263499,-0.0480742392359506));
#10632=CARTESIAN_POINT('',(0.00579807508944255,0.00267266252357255,-0.0480742392359506));
#10633=CARTESIAN_POINT('',(0.00631635355194304,0.00189715147013646,-0.0480742392359506));
#10634=CARTESIAN_POINT('',(0.00701799199404674,0.000202870033559833,-0.0480742392359506));
#10635=CARTESIAN_POINT('',(0.00720008811700978,-0.000711864474030943,-0.0480742392359506));
#10636=CARTESIAN_POINT('',(0.0071999441071839,-0.00254568182283636,-0.0480742392359506));
#10637=CARTESIAN_POINT('',(0.00701812530743781,-0.00346047142234721,-0.0480742392359506));
#10638=CARTESIAN_POINT('',(0.0063162205704561,-0.00515464302277996,-0.0480742392359506));
#10639=CARTESIAN_POINT('',(0.00579813493485419,-0.00593014945680377,-0.0480742392359506));
#10640=CARTESIAN_POINT('',(0.00514976393450244,-0.00657852054985432,-0.0480742392359506));
#10641=COLOUR_RGB('',1.0,1.0,1.0);
#10642=CARTESIAN_POINT('',(0.0065639771427532,-0.00799273446634977,-0.0480742392359506));
#10643=CARTESIAN_POINT('',(0.00739747047760557,-0.00715924113149741,-0.0480742392359506));
#10644=CARTESIAN_POINT('',(0.00806390542931259,-0.00616198678965509,-0.0480742392359506));
#10645=CARTESIAN_POINT('',(0.00896595836010063,-0.00398386191240231,-0.0480742392359506));
#10646=CARTESIAN_POINT('',(0.00920008814837082,-0.00280753628298244,-0.0480742392359506));
#10647=CARTESIAN_POINT('',(0.00919994407577699,-0.000450010576205765,-0.0480742392359506));
#10648=CARTESIAN_POINT('',(0.00896609151026902,0.000726370110668968,-0.0480742392359506));
#10649=CARTESIAN_POINT('',(0.00806377217310121,0.0029043851046546,-0.0480742392359506));
#10650=CARTESIAN_POINT('',(0.00739752926492482,0.00390163547283647,-0.0480742392359506));
#10651=CARTESIAN_POINT('',(0.00656397714275321,0.00473518759500809,-0.0480742392359506));
#10652=COLOUR_RGB('',1.0,1.0,1.0);
#10653=COLOUR_RGB('',1.0,1.0,1.0);
#10654=CARTESIAN_POINT('',(0.000200018223882046,0.00137122989733697,-0.0480742392359505));
#10655=AXIS2_PLACEMENT_3D('',#12166,#12167,#12168);
#10656=COLOUR_RGB('',1.0,1.0,1.0);
#10657=CARTESIAN_POINT('',(0.000200018223882049,0.00137122989733697,-0.0470742392359504));
#10658=AXIS2_PLACEMENT_3D('',#12169,#12170,#12171);
#10659=COLOUR_RGB('',1.0,1.0,1.0);
#10660=COLOUR_RGB('',1.0,1.0,1.0);
#10661=CARTESIAN_POINT('',(-0.00474973135623153,0.00332097403263501,-0.0470742392359504));
#10662=CARTESIAN_POINT('',(-0.00616394491860463,0.00473518759500811,-0.0470742392359504));
#10663=CARTESIAN_POINT('',(-0.00616394491860463,0.00473518759500811,-0.0470742392359504));
#10664=CARTESIAN_POINT('',(-0.00609449786449697,0.00480463464911577,-0.0470742392359504));
#10665=CARTESIAN_POINT('',(-0.00601240837043768,0.00485955042612411,-0.0470742392359504));
#10666=CARTESIAN_POINT('',(-0.00597203305157264,0.00488656048426665,-0.0470742392359504));
#10667=CARTESIAN_POINT('',(-0.00592823487424408,0.00491000207816992,-0.0470742392359504));
#10668=CARTESIAN_POINT('',(-0.00588540652491575,0.00493292460220489,-0.0470742392359504));
#10669=CARTESIAN_POINT('',(-0.00583952156978317,0.00495196034633285,-0.0470742392359504));
#10670=CARTESIAN_POINT('',(-0.00579465265040804,0.004970574579823,-0.0470742392359504));
#10671=CARTESIAN_POINT('',(-0.00574712281467254,0.00498502114955377,-0.0470742392359504));
#10672=CARTESIAN_POINT('',(-0.00570064543747219,0.00499914782725501,-0.0470742392359504));
#10673=CARTESIAN_POINT('',(-0.00565192845943421,0.00500886609422479,-0.0470742392359504));
#10674=CARTESIAN_POINT('',(-0.00560429022695832,0.00501836916850843,-0.0470742392359504));
#10675=CARTESIAN_POINT('',(-0.00555485527774764,0.00502326554049376,-0.0470742392359504));
#10676=CARTESIAN_POINT('',(-0.00550651497221622,0.00502805349155967,-0.0470742392359504));
#10677=CARTESIAN_POINT('',(-0.00545683813741808,0.00502808081382156,-0.0470742392359504));
#10678=CARTESIAN_POINT('',(-0.00540826130239829,0.00502810753108352,-0.0470742392359504));
#10679=CARTESIAN_POINT('',(-0.00535882099708852,0.00502326554049376,-0.0470742392359504));
#10680=CARTESIAN_POINT('',(-0.00531047545405702,0.00501853076664985,-0.0470742392359504));
#10681=CARTESIAN_POINT('',(-0.00526174781540195,0.00500886609422479,-0.0470742392359504));
#10682=CARTESIAN_POINT('',(-0.00521409915836669,0.0049994154277355,-0.0470742392359504));
#10683=CARTESIAN_POINT('',(-0.00516655346016361,0.00498502114955377,-0.0470742392359504));
#10684=CARTESIAN_POINT('',(-0.00512006057173904,0.00497094560550356,-0.0470742392359504));
#10685=CARTESIAN_POINT('',(-0.00507415470505299,0.00495196034633285,-0.0470742392359504));
#10686=CARTESIAN_POINT('',(-0.00502926533717049,0.00493339547990549,-0.0470742392359504));
#10687=CARTESIAN_POINT('',(-0.00498544140059208,0.00491000207816992,-0.0470742392359504));
#10688=CARTESIAN_POINT('',(-0.00494258786240345,0.00488712667917778,-0.0470742392359504));
#10689=CARTESIAN_POINT('',(-0.00490126790439847,0.00485955042612411,-0.0470742392359504));
#10690=CARTESIAN_POINT('',(-0.0048608628989024,0.00483258479716435,-0.0470742392359504));
#10691=CARTESIAN_POINT('',(-0.00482244485325443,0.0048010912671843,-0.0470742392359504));
#10692=CARTESIAN_POINT('',(-0.00478487750274133,0.00477029510200461,-0.0470742392359504));
#10693=CARTESIAN_POINT('',(-0.00474973135623153,0.00473518759500811,-0.0470742392359504));
#10694=CARTESIAN_POINT('',(-0.00471536345482351,0.00470085747751427,-0.0470742392359504));
#10695=CARTESIAN_POINT('',(-0.00468382768405534,0.0046624740979852,-0.0470742392359504));
#10696=CARTESIAN_POINT('',(-0.00465299021343047,0.00462494064597567,-0.0470742392359504));
#10697=CARTESIAN_POINT('',(-0.00462536852511553,0.00458365104684116,-0.0470742392359504));
#10698=CARTESIAN_POINT('',(-0.00459835846697307,0.00454327572797628,-0.0470742392359504));
#10699=CARTESIAN_POINT('',(-0.00457491687306972,0.00449947755064756,-0.0470742392359504));
#10700=CARTESIAN_POINT('',(-0.0045519943490347,0.00445664920131912,-0.0470742392359504));
#10701=CARTESIAN_POINT('',(-0.00453295860490679,0.00441076424618665,-0.0470742392359504));
#10702=CARTESIAN_POINT('',(-0.00451434437141662,0.00436589532681146,-0.0470742392359504));
#10703=CARTESIAN_POINT('',(-0.00449989780168587,0.00431836549107602,-0.0470742392359504));
#10704=CARTESIAN_POINT('',(-0.00448577112398468,0.00427188811387585,-0.0470742392359504));
#10705=CARTESIAN_POINT('',(-0.00447605285701485,0.00422317113583769,-0.0470742392359504));
#10706=CARTESIAN_POINT('',(-0.0044665497827312,0.00417553290336184,-0.0470742392359504));
#10707=CARTESIAN_POINT('',(-0.00446165341074588,0.00412609795415112,-0.0470742392359504));
#10708=CARTESIAN_POINT('',(-0.00445686545967997,0.00407775764861959,-0.0470742392359504));
#10709=CARTESIAN_POINT('',(-0.00445683813741808,0.00402808081382156,-0.0470742392359504));
#10710=CARTESIAN_POINT('',(-0.00445681142015612,0.00397950397880189,-0.0470742392359504));
#10711=CARTESIAN_POINT('',(-0.00446165341074588,0.003930063673492,-0.0470742392359504));
#10712=CARTESIAN_POINT('',(-0.00446638818458974,0.00388171813046085,-0.0470742392359504));
#10713=CARTESIAN_POINT('',(-0.00447605285701485,0.00383299049180543,-0.0470742392359504));
#10714=CARTESIAN_POINT('',(-0.00448550352350408,0.00378534183477035,-0.0470742392359504));
#10715=CARTESIAN_POINT('',(-0.00449989780168587,0.00373779613656709,-0.0470742392359504));
#10716=CARTESIAN_POINT('',(-0.00451397334573607,0.00369130324814257,-0.0470742392359504));
#10717=CARTESIAN_POINT('',(-0.00453295860490679,0.00364539738145647,-0.0470742392359504));
#10718=CARTESIAN_POINT('',(-0.00455152347133411,0.00360050801357405,-0.0470742392359504));
#10719=CARTESIAN_POINT('',(-0.00457491687306973,0.00355668407699556,-0.0470742392359504));
#10720=CARTESIAN_POINT('',(-0.00459779227206187,0.00351383053880693,-0.0470742392359504));
#10721=CARTESIAN_POINT('',(-0.00462536852511553,0.00347251058080195,-0.0470742392359504));
#10722=CARTESIAN_POINT('',(-0.00465233415407529,0.00343210557530588,-0.0470742392359504));
#10723=CARTESIAN_POINT('',(-0.00468382768405534,0.00339368752965791,-0.0470742392359504));
#10724=CARTESIAN_POINT('',(-0.00470126642597899,0.00337241451314658,-0.0470742392359504));
#10725=CARTESIAN_POINT('',(-0.00472061448765897,0.00335134250580628,-0.0470742392359504));
#10726=CARTESIAN_POINT('',(-0.0047346614054547,0.00333604398341184,-0.0470742392359504));
#10727=CARTESIAN_POINT('',(-0.00474973135623153,0.00332097403263501,-0.0470742392359504));
#10728=CARTESIAN_POINT('',(-0.00616394491860465,-0.00799273446634976,-0.0470742392359505));
#10729=CARTESIAN_POINT('',(-0.00616394491860465,-0.00799273446634977,-0.0470742392359505));
#10730=CARTESIAN_POINT('',(-0.00647639123140603,-0.00768028815354839,-0.0470742392359505));
#10731=CARTESIAN_POINT('',(-0.00675707796819036,-0.00733831299314365,-0.0470742392359505));
#10732=CARTESIAN_POINT('',(-0.00691693517985278,-0.00714355068899489,-0.0470742392359505));
#10733=CARTESIAN_POINT('',(-0.00706626960876959,-0.00693924345470499,-0.0470742392359505));
#10734=CARTESIAN_POINT('',(-0.0071776896315495,-0.00678680763087121,-0.0470742392359505));
#10735=CARTESIAN_POINT('',(-0.00728321039864863,-0.00662890553284726,-0.0470742392359505));
#10736=CARTESIAN_POINT('',(-0.00742320781004316,-0.00641941231568413,-0.0470742392359505));
#10737=CARTESIAN_POINT('',(-0.00755179754201741,-0.0062014515428896,-0.0470742392359505));
#10738=CARTESIAN_POINT('',(-0.00764773972339162,-0.00603882866721469,-0.0470742392359504));
#10739=CARTESIAN_POINT('',(-0.00773727526706092,-0.00587134406710481,-0.0470742392359504));
#10740=CARTESIAN_POINT('',(-0.00785606462659184,-0.00564913747112068,-0.0470742392359504));
#10741=CARTESIAN_POINT('',(-0.00796267127220393,-0.00541962224122157,-0.0470742392359504));
#10742=CARTESIAN_POINT('',(-0.00804221163653069,-0.00524837846087469,-0.0470742392359504));
#10743=CARTESIAN_POINT('',(-0.00811489968052731,-0.00507292432695664,-0.0470742392359504));
#10744=CARTESIAN_POINT('',(-0.00821133698172128,-0.00484014432314791,-0.0470742392359504));
#10745=CARTESIAN_POINT('',(-0.00829493386070103,-0.00460128499326734,-0.0470742392359504));
#10746=CARTESIAN_POINT('',(-0.00835730639078535,-0.00442306947947401,-0.0470742392359504));
#10747=CARTESIAN_POINT('',(-0.0084124469095156,-0.004241335530961,-0.0470742392359504));
#10748=CARTESIAN_POINT('',(-0.00848560340845089,-0.00400022391799381,-0.0470742392359504));
#10749=CARTESIAN_POINT('',(-0.00854538543714828,-0.00375432083407334,-0.0470742392359504));
#10750=CARTESIAN_POINT('',(-0.0085899894514282,-0.0035708498996528,-0.0470742392359504));
#10751=CARTESIAN_POINT('',(-0.0086270514115548,-0.00338458633381598,-0.0470742392359504));
#10752=CARTESIAN_POINT('',(-0.00867622257114656,-0.00313746514835764,-0.0470742392359504));
#10753=CARTESIAN_POINT('',(-0.00871161401595373,-0.00288688649149032,-0.0470742392359504));
#10754=CARTESIAN_POINT('',(-0.00873801995338665,-0.00269992706185092,-0.0470742392359504));
#10755=CARTESIAN_POINT('',(-0.0087566464279755,-0.00251092769863687,-0.0470742392359504));
#10756=CARTESIAN_POINT('',(-0.00878135870308011,-0.00226017685278754,-0.0470742392359504));
#10757=CARTESIAN_POINT('',(-0.00879201872503371,-0.00200733583242521,-0.0470742392359504));
#10758=CARTESIAN_POINT('',(-0.00879997228200937,-0.00181868842907169,-0.0470742392359504));
#10759=CARTESIAN_POINT('',(-0.00879998388792572,-0.00162877343567082,-0.0470742392359504));
#10760=CARTESIAN_POINT('',(-0.00879999928582598,-0.00137680779713669,-0.0470742392359504));
#10761=CARTESIAN_POINT('',(-0.00878582522308607,-0.0011241394105361,-0.0470742392359504));
#10762=CARTESIAN_POINT('',(-0.00877524980250236,-0.000935620811067431,-0.0470742392359504));
#10763=CARTESIAN_POINT('',(-0.00875664642797549,-0.000746619172704783,-0.0470742392359504));
#10764=CARTESIAN_POINT('',(-0.00873196480038015,-0.000495865308332596,-0.0470742392359504));
#10765=CARTESIAN_POINT('',(-0.0086930931569203,-0.000245802890170053,-0.0470742392359504));
#10766=CARTESIAN_POINT('',(-0.00866409060585997,-5.92286317773628E-05,-0.0470742392359504));
#10767=CARTESIAN_POINT('',(-0.00862705141155479,0.000127039462474331,-0.0470742392359504));
#10768=CARTESIAN_POINT('',(-0.00857791045603037,0.000374166655896074,-0.0470742392359504));
#10769=CARTESIAN_POINT('',(-0.00851471558702607,0.000619214867834222,-0.0470742392359504));
#10770=CARTESIAN_POINT('',(-0.00846756521590866,0.00080204797306238,-0.0470742392359504));
#10771=CARTESIAN_POINT('',(-0.0084124469095156,0.000983788659619342,-0.0470742392359504));
#10772=CARTESIAN_POINT('',(-0.00833931988032662,0.00122490921212507,-0.0470742392359504));
#10773=CARTESIAN_POINT('',(-0.00825241038691256,0.00146258326960033,-0.0470742392359504));
#10774=CARTESIAN_POINT('',(-0.00818756627958509,0.00163991443891755,-0.0470742392359504));
#10775=CARTESIAN_POINT('',(-0.00811489968052729,0.00181537745561499,-0.0470742392359504));
#10776=CARTESIAN_POINT('',(-0.00801849083094019,0.00204816924447287,-0.0470742392359504));
#10777=CARTESIAN_POINT('',(-0.00790870369904748,0.0022761802163872,-0.0470742392359504));
#10778=CARTESIAN_POINT('',(-0.0078267903397172,0.0024463016536784,-0.0470742392359504));
#10779=CARTESIAN_POINT('',(-0.0077372752670609,0.00261379719576316,-0.0470742392359504));
#10780=CARTESIAN_POINT('',(-0.00761851306700197,0.00283601830878654,-0.0470742392359504));
#10781=CARTESIAN_POINT('',(-0.00748690560672415,0.00305217032483996,-0.0470742392359504));
#10782=CARTESIAN_POINT('',(-0.00738871186581529,0.00321344366767685,-0.0470742392359504));
#10783=CARTESIAN_POINT('',(-0.00728321039864861,0.0033713586615056,-0.0470742392359504));
#10784=CARTESIAN_POINT('',(-0.00714323859302447,0.00358086898790149,-0.0470742392359504));
#10785=CARTESIAN_POINT('',(-0.00699107825614995,0.00378308038601483,-0.0470742392359504));
#10786=CARTESIAN_POINT('',(-0.0068775497930698,0.00393395248393893,-0.0470742392359504));
#10787=CARTESIAN_POINT('',(-0.00675707796819034,0.00408076612180199,-0.0470742392359504));
#10788=CARTESIAN_POINT('',(-0.00661727596701623,0.00425113658305666,-0.0470742392359504));
#10789=CARTESIAN_POINT('',(-0.00646854401612034,0.00441525715795234,-0.0470742392359504));
#10790=CARTESIAN_POINT('',(-0.00632036572287772,0.00457876679073501,-0.0470742392359504));
#10791=CARTESIAN_POINT('',(-0.00616394491860463,0.00473518759500811,-0.0470742392359504));
#10792=CARTESIAN_POINT('',(-0.00474973135623156,-0.00657852090397667,-0.0470742392359505));
#10793=CARTESIAN_POINT('',(-0.00474973135623156,-0.00657852090397667,-0.0470742392359505));
#10794=CARTESIAN_POINT('',(-0.0046802843021239,-0.00664796795808433,-0.0470742392359505));
#10795=CARTESIAN_POINT('',(-0.00462536852511556,-0.00673005745214362,-0.0470742392359505));
#10796=CARTESIAN_POINT('',(-0.00459835846697301,-0.00677043277100868,-0.0470742392359505));
#10797=CARTESIAN_POINT('',(-0.00457491687306975,-0.00681423094833722,-0.0470742392359505));
#10798=CARTESIAN_POINT('',(-0.0045519943490348,-0.00685705929766552,-0.0470742392359505));
#10799=CARTESIAN_POINT('',(-0.00453295860490682,-0.00690294425279813,-0.0470742392359505));
#10800=CARTESIAN_POINT('',(-0.00451434437141656,-0.00694781317217351,-0.0470742392359505));
#10801=CARTESIAN_POINT('',(-0.0044998978016859,-0.00699534300790875,-0.0470742392359505));
#10802=CARTESIAN_POINT('',(-0.00448577112398453,-0.00704182038510967,-0.0470742392359505));
#10803=CARTESIAN_POINT('',(-0.00447605285701488,-0.00709053736314709,-0.0470742392359505));
#10804=CARTESIAN_POINT('',(-0.00446654978273112,-0.00713817559562371,-0.0470742392359505));
#10805=CARTESIAN_POINT('',(-0.00446165341074591,-0.00718761054483366,-0.0470742392359505));
#10806=CARTESIAN_POINT('',(-0.00445686545968001,-0.00723595085036558,-0.0470742392359505));
#10807=CARTESIAN_POINT('',(-0.00445683813741811,-0.00728562768516322,-0.0470742392359505));
#10808=CARTESIAN_POINT('',(-0.00445681142015615,-0.00733420452018289,-0.0470742392359505));
#10809=CARTESIAN_POINT('',(-0.00446165341074591,-0.00738364482549278,-0.0470742392359505));
#10810=CARTESIAN_POINT('',(-0.00446638818458977,-0.00743199036852392,-0.0470742392359505));
#10811=CARTESIAN_POINT('',(-0.00447605285701488,-0.00748071800717934,-0.0470742392359505));
#10812=CARTESIAN_POINT('',(-0.00448550352350411,-0.00752836666421442,-0.0470742392359505));
#10813=CARTESIAN_POINT('',(-0.0044998978016859,-0.00757591236241768,-0.0470742392359505));
#10814=CARTESIAN_POINT('',(-0.00451397334573599,-0.00762240525084185,-0.0470742392359505));
#10815=CARTESIAN_POINT('',(-0.00453295860490682,-0.00766831111752831,-0.0470742392359505));
#10816=CARTESIAN_POINT('',(-0.00455152347133397,-0.0077132004854104,-0.0470742392359505));
#10817=CARTESIAN_POINT('',(-0.00457491687306976,-0.00775702442198921,-0.0470742392359505));
#10818=CARTESIAN_POINT('',(-0.0045977922720619,-0.00779987796017784,-0.0470742392359505));
#10819=CARTESIAN_POINT('',(-0.00462536852511557,-0.00784119791818282,-0.0470742392359505));
#10820=CARTESIAN_POINT('',(-0.00465233415407532,-0.0078816029236789,-0.0470742392359505));
#10821=CARTESIAN_POINT('',(-0.00468382768405537,-0.00792002096932686,-0.0470742392359505));
#10822=CARTESIAN_POINT('',(-0.00471462384923506,-0.00795758831983995,-0.0470742392359505));
#10823=CARTESIAN_POINT('',(-0.00474973135623156,-0.00799273446634976,-0.0470742392359505));
#10824=CARTESIAN_POINT('',(-0.00478406147372538,-0.00802710236775776,-0.0470742392359505));
#10825=CARTESIAN_POINT('',(-0.00482244485325446,-0.00805863813852595,-0.0470742392359505));
#10826=CARTESIAN_POINT('',(-0.00485997830526406,-0.00808947560915088,-0.0470742392359505));
#10827=CARTESIAN_POINT('',(-0.00490126790439851,-0.00811709729746576,-0.0470742392359505));
#10828=CARTESIAN_POINT('',(-0.00494164322326373,-0.00814410735560843,-0.0470742392359505));
#10829=CARTESIAN_POINT('',(-0.00498544140059211,-0.00816754894951157,-0.0470742392359505));
#10830=CARTESIAN_POINT('',(-0.0050282697499208,-0.0081904714735467,-0.0470742392359505));
#10831=CARTESIAN_POINT('',(-0.00507415470505302,-0.0082095072176745,-0.0470742392359505));
#10832=CARTESIAN_POINT('',(-0.00511902362442834,-0.00822812145116473,-0.0470742392359505));
#10833=CARTESIAN_POINT('',(-0.00516655346016365,-0.00824256802089542,-0.0470742392359505));
#10834=CARTESIAN_POINT('',(-0.00521303083736437,-0.00825669469859676,-0.0470742392359505));
#10835=CARTESIAN_POINT('',(-0.00526174781540198,-0.00826641296556645,-0.0470742392359505));
#10836=CARTESIAN_POINT('',(-0.0053093860478788,-0.00827591603985024,-0.0470742392359505));
#10837=CARTESIAN_POINT('',(-0.00535882099708855,-0.00828081241183541,-0.0470742392359505));
#10838=CARTESIAN_POINT('',(-0.00540716130262067,-0.00828560036290132,-0.0470742392359505));
#10839=CARTESIAN_POINT('',(-0.00545683813741811,-0.00828562768516321,-0.0470742392359505));
#10840=CARTESIAN_POINT('',(-0.00550541497243762,-0.00828565440242517,-0.0470742392359505));
#10841=CARTESIAN_POINT('',(-0.00555485527774767,-0.00828081241183541,-0.0470742392359505));
#10842=CARTESIAN_POINT('',(-0.00560320082077866,-0.00827607763799158,-0.0470742392359505));
#10843=CARTESIAN_POINT('',(-0.00565192845943424,-0.00826641296556645,-0.0470742392359505));
#10844=CARTESIAN_POINT('',(-0.00569957711646876,-0.00825696229907732,-0.0470742392359505));
#10845=CARTESIAN_POINT('',(-0.00574712281467257,-0.00824256802089542,-0.0470742392359505));
#10846=CARTESIAN_POINT('',(-0.0057936157030966,-0.00822849247684543,-0.0470742392359505));
#10847=CARTESIAN_POINT('',(-0.0058395215697832,-0.0082095072176745,-0.0470742392359505));
#10848=CARTESIAN_POINT('',(-0.00588441093766536,-0.00819094235124729,-0.0470742392359505));
#10849=CARTESIAN_POINT('',(-0.00592823487424411,-0.00816754894951157,-0.0470742392359505));
#10850=CARTESIAN_POINT('',(-0.00597108841243258,-0.00814467355051955,-0.0470742392359505));
#10851=CARTESIAN_POINT('',(-0.00601240837043771,-0.00811709729746576,-0.0470742392359505));
#10852=CARTESIAN_POINT('',(-0.0060528133759337,-0.00809013166850606,-0.0470742392359505));
#10853=CARTESIAN_POINT('',(-0.00609123142158176,-0.00805863813852595,-0.0470742392359505));
#10854=CARTESIAN_POINT('',(-0.00611250443809283,-0.00804119939660253,-0.0470742392359505));
#10855=CARTESIAN_POINT('',(-0.00613357644543338,-0.00802185133492232,-0.0470742392359505));
#10856=CARTESIAN_POINT('',(-0.00614887496782774,-0.00800780441712668,-0.0470742392359505));
#10857=CARTESIAN_POINT('',(-0.00616394491860466,-0.00799273446634976,-0.0470742392359505));
#10858=CARTESIAN_POINT('',(-0.00474973135623153,0.00332097403263501,-0.0470742392359504));
#10859=CARTESIAN_POINT('',(-0.00499270177720922,0.00307800361165733,-0.0470742392359504));
#10860=CARTESIAN_POINT('',(-0.00521105706146487,0.00281197955347469,-0.0470742392359504));
#10861=CARTESIAN_POINT('',(-0.00533531554868151,0.00266059440543172,-0.0470742392359504));
#10862=CARTESIAN_POINT('',(-0.00545153944858204,0.00250159213468908,-0.0470742392359504));
#10863=CARTESIAN_POINT('',(-0.00553812941104892,0.0023831311239371,-0.0470742392359504));
#10864=CARTESIAN_POINT('',(-0.00562027117404352,0.0022602181954664,-0.0470742392359504));
#10865=CARTESIAN_POINT('',(-0.00572909298338329,0.00209738254670744,-0.0470742392359504));
#10866=CARTESIAN_POINT('',(-0.00582917228555257,0.00192775398105488,-0.0470742392359504));
#10867=CARTESIAN_POINT('',(-0.00590373408416878,0.00180137609194503,-0.0470742392359504));
#10868=CARTESIAN_POINT('',(-0.0059734327383642,0.00167100372211116,-0.0470742392359504));
#10869=CARTESIAN_POINT('',(-0.006065769856312,0.00149828576895337,-0.0470742392359504));
#10870=CARTESIAN_POINT('',(-0.00614874074236432,0.00131966452420197,-0.0470742392359504));
#10871=CARTESIAN_POINT('',(-0.00621055630624781,0.00118658684489507,-0.0470742392359504));
#10872=CARTESIAN_POINT('',(-0.00626714061550472,0.0010500105908848,-0.0470742392359504));
#10873=CARTESIAN_POINT('',(-0.00634210378513872,0.000869073701634075,-0.0470742392359504));
#10874=CARTESIAN_POINT('',(-0.00640716720008429,0.000683179998015348,-0.0470742392359504));
#10875=CARTESIAN_POINT('',(-0.0064556412115652,0.000544684139306103,-0.0470742392359504));
#10876=CARTESIAN_POINT('',(-0.00649856623805118,0.000403219305110415,-0.0470742392359504));
#10877=CARTESIAN_POINT('',(-0.00655543352307018,0.000215806000915974,-0.0470742392359504));
#10878=CARTESIAN_POINT('',(-0.00660196287065437,2.44300964200145E-05,-0.0470742392359504));
#10879=CARTESIAN_POINT('',(-0.00663662849850269,-0.000118150150861275,-0.0470742392359504));
#10880=CARTESIAN_POINT('',(-0.00666548085074833,-0.000263141181557928,-0.0470742392359504));
#10881=CARTESIAN_POINT('',(-0.00670370458810976,-0.000455226008123481,-0.0470742392359504));
#10882=CARTESIAN_POINT('',(-0.00673125176528084,-0.000650241058922332,-0.0470742392359504));
#10883=CARTESIAN_POINT('',(-0.00675177516054986,-0.000795532569050519,-0.0470742392359504));
#10884=CARTESIAN_POINT('',(-0.0067662769746311,-0.000942653453363905,-0.0470742392359504));
#10885=CARTESIAN_POINT('',(-0.00678548904884859,-0.00113755992041277,-0.0470742392359504));
#10886=CARTESIAN_POINT('',(-0.00679378876123193,-0.00133433601597297,-0.0470742392359504));
#10887=CARTESIAN_POINT('',(-0.00679997227240622,-0.0014809395522802,-0.0470742392359504));
#10888=CARTESIAN_POINT('',(-0.00679998388792572,-0.00162877343567083,-0.0470742392359504));
#10889=CARTESIAN_POINT('',(-0.00679999927622276,-0.00182462448738427,-0.0470742392359504));
#10890=CARTESIAN_POINT('',(-0.00678897159305044,-0.00202126656633117,-0.0470742392359504));
#10891=CARTESIAN_POINT('',(-0.00678075566953696,-0.00216777025662697,-0.0470742392359504));
#10892=CARTESIAN_POINT('',(-0.0067662769746311,-0.00231489341797775,-0.0470742392359504));
#10893=CARTESIAN_POINT('',(-0.00674709552880986,-0.00250980290166042,-0.0470742392359504));
#10894=CARTESIAN_POINT('',(-0.00671684665269928,-0.00270441719328254,-0.0470742392359504));
#10895=CARTESIAN_POINT('',(-0.0066943104183338,-0.00284941012693195,-0.0470742392359504));
#10896=CARTESIAN_POINT('',(-0.00666548085074834,-0.00299440568978373,-0.0470742392359504));
#10897=CARTESIAN_POINT('',(-0.0066272872986176,-0.00318649652056323,-0.0470742392359504));
#10898=CARTESIAN_POINT('',(-0.00657810854278155,-0.00337720878284142,-0.0470742392359504));
#10899=CARTESIAN_POINT('',(-0.0065414690338192,-0.003519294598641,-0.0470742392359504));
#10900=CARTESIAN_POINT('',(-0.00649856623805118,-0.00366076617645207,-0.0470742392359504));
#10901=CARTESIAN_POINT('',(-0.006441728404397,-0.00384818841461809,-0.0470742392359504));
#10902=CARTESIAN_POINT('',(-0.00637409338713772,-0.00403316198421506,-0.0470742392359504));
#10903=CARTESIAN_POINT('',(-0.00632370346207818,-0.00417097231808774,-0.0470742392359504));
#10904=CARTESIAN_POINT('',(-0.00626714061550473,-0.00430755746222646,-0.0470742392359505));
#10905=CARTESIAN_POINT('',(-0.00619220587973419,-0.00448850612917387,-0.0470742392359505));
#10906=CARTESIAN_POINT('',(-0.00610676596324266,-0.00466595960949374,-0.0470742392359505));
#10907=CARTESIAN_POINT('',(-0.00604311090461354,-0.00479816727258084,-0.0470742392359505));
#10908=CARTESIAN_POINT('',(-0.00597343273836421,-0.00492855059345281,-0.0470742392359505));
#10909=CARTESIAN_POINT('',(-0.0058811227629506,-0.00510128305459378,-0.0470742392359505));
#10910=CARTESIAN_POINT('',(-0.00577870078032452,-0.00526950747162366,-0.0470742392359505));
#10911=CARTESIAN_POINT('',(-0.00570239362113727,-0.00539483923186056,-0.0470742392359505));
#10912=CARTESIAN_POINT('',(-0.00562027117404354,-0.00551776506680805,-0.0470742392359505));
#10913=CARTESIAN_POINT('',(-0.00551147495450949,-0.00568061781412195,-0.0470742392359505));
#10914=CARTESIAN_POINT('',(-0.00539305728543347,-0.00583799307475968,-0.0470742392359505));
#10915=CARTESIAN_POINT('',(-0.00530483290533987,-0.00595524191878918,-0.0470742392359505));
#10916=CARTESIAN_POINT('',(-0.00521105706146488,-0.00606952642481636,-0.0470742392359505));
#10917=CARTESIAN_POINT('',(-0.00510240201501483,-0.00620194419679032,-0.0470742392359505));
#10918=CARTESIAN_POINT('',(-0.00498664176541044,-0.00632968611959997,-0.0470742392359505));
#10919=CARTESIAN_POINT('',(-0.00487143509722398,-0.00645681716298424,-0.0470742392359505));
#10920=CARTESIAN_POINT('',(-0.00474973135623156,-0.00657852090397667,-0.0470742392359505));
#10921=COLOUR_RGB('',1.0,1.0,1.0);
#10922=CARTESIAN_POINT('',(-0.00616394491860463,0.00473518759500811,-0.0480742392359505));
#10923=CARTESIAN_POINT('',(-0.00616394491860463,0.00473518759500811,-0.0476742392359505));
#10924=VECTOR('',#12172,1.0);
#10925=CARTESIAN_POINT('',(-0.00616394491860466,-0.00799273446634976,-0.0480742392359506));
#10926=CARTESIAN_POINT('',(-0.00616394491860463,0.00473518759500811,-0.0480742392359505));
#10927=CARTESIAN_POINT('',(-0.00699743825344151,0.00390169426017124,-0.0480742392359505));
#10928=CARTESIAN_POINT('',(-0.00766387320517623,0.00290443991828441,-0.0480742392359505));
#10929=CARTESIAN_POINT('',(-0.00856592613593987,0.000726315041089662,-0.0480742392359505));
#10930=CARTESIAN_POINT('',(-0.00880005592422227,-0.000450010588359042,-0.0480742392359505));
#10931=CARTESIAN_POINT('',(-0.00879991185162844,-0.00280753629513608,-0.0480742392359505));
#10932=CARTESIAN_POINT('',(-0.00856605928611085,-0.00398391698203836,-0.0480742392359506));
#10933=CARTESIAN_POINT('',(-0.00766373994896229,-0.00616193197596855,-0.0480742392359506));
#10934=CARTESIAN_POINT('',(-0.00699749704076192,-0.0071591823441925,-0.0480742392359506));
#10935=CARTESIAN_POINT('',(-0.00616394491860466,-0.00799273446634976,-0.0480742392359506));
#10936=CARTESIAN_POINT('',(-0.00616394491860466,-0.00799273446634976,-0.0476742392359506));
#10937=VECTOR('',#12173,1.0);
#10938=COLOUR_RGB('',1.0,1.0,1.0);
#10939=CARTESIAN_POINT('',(-0.00474973135623156,-0.00657852090397667,-0.0480742392359506));
#10940=CARTESIAN_POINT('',(-0.00474973135623156,-0.00657852090397667,-0.0476742392359506));
#10941=VECTOR('',#12174,1.0);
#10942=CARTESIAN_POINT('',(-0.00474973135623154,0.00332097403263501,-0.0480742392359505));
#10943=CARTESIAN_POINT('',(-0.00474973135623156,-0.00657852090397667,-0.0480742392359506));
#10944=CARTESIAN_POINT('',(-0.00539804289508349,-0.00593020936512473,-0.0480742392359506));
#10945=CARTESIAN_POINT('',(-0.00591632137479057,-0.00515469827121163,-0.0480742392359506));
#10946=CARTESIAN_POINT('',(-0.00661795981877262,-0.00346041674366468,-0.0480742392359505));
#10947=CARTESIAN_POINT('',(-0.00680005592591722,-0.00254568218975973,-0.0480742392359505));
#10948=CARTESIAN_POINT('',(-0.00679991184993999,-0.00071186475491781,-0.0480742392359505));
#10949=CARTESIAN_POINT('',(-0.00661809300117982,0.000202924878037701,-0.0480742392359505));
#10950=CARTESIAN_POINT('',(-0.00591618814069626,0.00189709651887108,-0.0480742392359505));
#10951=CARTESIAN_POINT('',(-0.00539810243300093,0.00267260295586562,-0.0480742392359505));
#10952=CARTESIAN_POINT('',(-0.00474973135623154,0.00332097403263501,-0.0480742392359505));
#10953=CARTESIAN_POINT('',(-0.00474973135623154,0.00332097403263501,-0.0476742392359505));
#10954=VECTOR('',#12175,1.0);
#10955=COLOUR_RGB('',1.0,1.0,1.0);
#10956=CARTESIAN_POINT('',(-0.00474973135623154,0.00332097403263501,-0.0480742392359505));
#10957=CARTESIAN_POINT('',(-0.00456407264641959,0.00350663274244696,-0.0480742392359505));
#10958=CARTESIAN_POINT('',(-0.00445669408953669,0.00376608730477867,-0.0480742392359505));
#10959=CARTESIAN_POINT('',(-0.00445698218510188,0.00429007396354684,-0.0480742392359505));
#10960=CARTESIAN_POINT('',(-0.00456437197917703,0.00455003187284731,-0.0480742392359505));
#10961=CARTESIAN_POINT('',(-0.00493509025789464,0.00492034284229999,-0.0480742392359505));
#10962=CARTESIAN_POINT('',(-0.00519484434726348,0.00502822478150555,-0.0480742392359505));
#10963=CARTESIAN_POINT('',(-0.00571883097373229,0.00502793684666196,-0.0480742392359505));
#10964=CARTESIAN_POINT('',(-0.00597815895933607,0.00492097355427668,-0.0480742392359505));
#10965=CARTESIAN_POINT('',(-0.00616394491860463,0.00473518759500811,-0.0480742392359505));
#10966=COLOUR_RGB('',1.0,1.0,1.0);
#10967=CARTESIAN_POINT('',(-0.00616394491860466,-0.00799273446634976,-0.0480742392359506));
#10968=CARTESIAN_POINT('',(-0.00597828620879345,-0.00817839317616097,-0.0480742392359506));
#10969=CARTESIAN_POINT('',(-0.00571883164645902,-0.00828577173304462,-0.0480742392359506));
#10970=CARTESIAN_POINT('',(-0.0051948449876948,-0.0082854836374794,-0.0480742392359506));
#10971=CARTESIAN_POINT('',(-0.00493488707839232,-0.00817809384340422,-0.0480742392359506));
#10972=CARTESIAN_POINT('',(-0.00456457610893973,-0.0078073755646867,-0.0480742392359506));
#10973=CARTESIAN_POINT('',(-0.00445669416973413,-0.00754762147531616,-0.0480742392359506));
#10974=CARTESIAN_POINT('',(-0.00445698210457772,-0.00702363484885066,-0.0480742392359506));
#10975=CARTESIAN_POINT('',(-0.00456394539696362,-0.00676430686324461,-0.0480742392359506));
#10976=CARTESIAN_POINT('',(-0.00474973135623156,-0.00657852090397667,-0.0480742392359506));
#10977=COLOUR_RGB('',1.0,1.0,1.0);
#10978=COLOUR_RGB('',1.0,1.0,1.0);
#10979=CARTESIAN_POINT('',(-0.00828526526216426,0.00685650793856776,-0.0470742392359504));
#10980=CARTESIAN_POINT('',(-0.00969947882453735,0.00827072150094086,-0.0470742392359504));
#10981=CARTESIAN_POINT('',(-0.00969947882453735,0.00827072150094086,-0.0470742392359504));
#10982=CARTESIAN_POINT('',(-0.00963003177042977,0.00834016855504844,-0.0470742392359504));
#10983=CARTESIAN_POINT('',(-0.0095479422763704,0.00839508433205686,-0.0470742392359504));
#10984=CARTESIAN_POINT('',(-0.00950756695750559,0.00842209439019926,-0.0470742392359504));
#10985=CARTESIAN_POINT('',(-0.0094637687801768,0.00844553598410267,-0.0470742392359504));
#10986=CARTESIAN_POINT('',(-0.00942094043084862,0.00846845850813758,-0.0470742392359504));
#10987=CARTESIAN_POINT('',(-0.00937505547571589,0.0084874942522656,-0.0470742392359504));
#10988=CARTESIAN_POINT('',(-0.00933018655634066,0.0085061084857558,-0.0470742392359504));
#10989=CARTESIAN_POINT('',(-0.00928265672060526,0.00852055505548652,-0.0470742392359504));
#10990=CARTESIAN_POINT('',(-0.00923617934340516,0.00853468173318767,-0.0470742392359504));
#10991=CARTESIAN_POINT('',(-0.00918746236536693,0.00854440000015754,-0.0470742392359504));
#10992=CARTESIAN_POINT('',(-0.00913982413289143,0.00855390307444114,-0.0470742392359504));
#10993=CARTESIAN_POINT('',(-0.00909038918368036,0.00855879944642651,-0.0470742392359504));
#10994=CARTESIAN_POINT('',(-0.00904204887814895,0.00856358739749242,-0.0470742392359504));
#10995=CARTESIAN_POINT('',(-0.0089923720433508,0.00856361471975431,-0.0470742392359504));
#10996=CARTESIAN_POINT('',(-0.00894379520833101,0.00856364143701627,-0.0470742392359504));
#10997=CARTESIAN_POINT('',(-0.00889435490302124,0.00855879944642651,-0.0470742392359504));
#10998=CARTESIAN_POINT('',(-0.00884600935999013,0.00855406467258264,-0.0470742392359504));
#10999=CARTESIAN_POINT('',(-0.00879728172133467,0.00854440000015754,-0.0470742392359504));
#11000=CARTESIAN_POINT('',(-0.00874963306429966,0.00853494933366834,-0.0470742392359504));
#11001=CARTESIAN_POINT('',(-0.00870208736609634,0.00852055505548652,-0.0470742392359504));
#11002=CARTESIAN_POINT('',(-0.00865559447767235,0.00850647951143648,-0.0470742392359504));
#11003=CARTESIAN_POINT('',(-0.00860968861098571,0.0084874942522656,-0.0470742392359504));
#11004=CARTESIAN_POINT('',(-0.00856479924310435,0.00846892938583879,-0.0470742392359504));
#11005=CARTESIAN_POINT('',(-0.0085209753065248,0.00844553598410267,-0.0470742392359504));
#11006=CARTESIAN_POINT('',(-0.00847812176833643,0.00842266058511072,-0.0470742392359504));
#11007=CARTESIAN_POINT('',(-0.0084368018103312,0.00839508433205685,-0.0470742392359504));
#11008=CARTESIAN_POINT('',(-0.00839639680483519,0.00836811870309713,-0.0470742392359504));
#11009=CARTESIAN_POINT('',(-0.00835797875918715,0.00833662517311705,-0.0470742392359504));
#11010=CARTESIAN_POINT('',(-0.00832041140867405,0.0083058290079374,-0.0470742392359504));
#11011=CARTESIAN_POINT('',(-0.00828526526216425,0.00827072150094086,-0.0470742392359504));
#11012=CARTESIAN_POINT('',(-0.00825089736075624,0.00823639138344699,-0.0470742392359504));
#11013=CARTESIAN_POINT('',(-0.00821936158998806,0.00819800800391795,-0.0470742392359504));
#11014=CARTESIAN_POINT('',(-0.00818852411936325,0.00816047455190853,-0.0470742392359504));
#11015=CARTESIAN_POINT('',(-0.00816090243104825,0.00811918495277391,-0.0470742392359504));
#11016=CARTESIAN_POINT('',(-0.00813389237290603,0.00807880963390936,-0.0470742392359504));
#11017=CARTESIAN_POINT('',(-0.00811045077900244,0.0080350114565803,-0.0470742392359504));
#11018=CARTESIAN_POINT('',(-0.00808752825496771,0.00799218310725253,-0.0470742392359504));
#11019=CARTESIAN_POINT('',(-0.00806849251083951,0.0079462981521194,-0.0470742392359504));
#11020=CARTESIAN_POINT('',(-0.00804987827734926,0.00790142923274407,-0.0470742392359504));
#11021=CARTESIAN_POINT('',(-0.00803543170761859,0.00785389939700877,-0.0470742392359504));
#11022=CARTESIAN_POINT('',(-0.00802130502991708,0.00780742201980741,-0.0470742392359504));
#11023=CARTESIAN_POINT('',(-0.00801158676294757,0.00775870504177043,-0.0470742392359504));
#11024=CARTESIAN_POINT('',(-0.00800208368866383,0.00771106680929369,-0.0470742392359504));
#11025=CARTESIAN_POINT('',(-0.0079971873166786,0.00766163186008387,-0.0470742392359504));
#11026=CARTESIAN_POINT('',(-0.00799239936561269,0.0076132915545523,-0.0470742392359504));
#11027=CARTESIAN_POINT('',(-0.0079923720433508,0.00756361471975431,-0.0470742392359504));
#11028=CARTESIAN_POINT('',(-0.00799234532608884,0.00751503788473459,-0.0470742392359504));
#11029=CARTESIAN_POINT('',(-0.0079971873166786,0.00746559757942475,-0.0470742392359504));
#11030=CARTESIAN_POINT('',(-0.00800192209052251,0.00741725203639309,-0.0470742392359504));
#11031=CARTESIAN_POINT('',(-0.00801158676294757,0.00736852439773818,-0.0470742392359504));
#11032=CARTESIAN_POINT('',(-0.00802103742943686,0.00732087574070303,-0.0470742392359504));
#11033=CARTESIAN_POINT('',(-0.00803543170761859,0.00727333004249984,-0.0470742392359504));
#11034=CARTESIAN_POINT('',(-0.00804950725166858,0.00722683715407587,-0.0470742392359504));
#11035=CARTESIAN_POINT('',(-0.00806849251083951,0.00718093128738921,-0.0470742392359504));
#11036=CARTESIAN_POINT('',(-0.00808705737726679,0.00713604191950684,-0.0470742392359504));
#11037=CARTESIAN_POINT('',(-0.00811045077900244,0.00709221798292831,-0.0470742392359504));
#11038=CARTESIAN_POINT('',(-0.00813332617799457,0.00704936444473974,-0.0470742392359504));
#11039=CARTESIAN_POINT('',(-0.00816090243104825,0.0070080444867347,-0.0470742392359504));
#11040=CARTESIAN_POINT('',(-0.00818786806000804,0.00696763948123854,-0.0470742392359504));
#11041=CARTESIAN_POINT('',(-0.00821936158998806,0.00692922143559066,-0.0470742392359504));
#11042=CARTESIAN_POINT('',(-0.00823680033191191,0.00690794841907911,-0.0470742392359504));
#11043=CARTESIAN_POINT('',(-0.00825614839359169,0.00688687641173903,-0.0470742392359504));
#11044=CARTESIAN_POINT('',(-0.00827019531138739,0.00687157788934461,-0.0470742392359504));
#11045=CARTESIAN_POINT('',(-0.00828526526216425,0.00685650793856776,-0.0470742392359504));
#11046=CARTESIAN_POINT('',(-0.00969947882453739,-0.0115282683722825,-0.0470742392359505));
#11047=CARTESIAN_POINT('',(-0.00969947882453739,-0.0115282683722825,-0.0470742392359505));
#11048=CARTESIAN_POINT('',(-0.0101856148236281,-0.0110421323731918,-0.0470742392359505));
#11049=CARTESIAN_POINT('',(-0.010622130235004,-0.0105102794139619,-0.0470742392359505));
#11050=CARTESIAN_POINT('',(-0.0108398204726674,-0.0102450443407447,-0.0470742392359505));
#11051=CARTESIAN_POINT('',(-0.0110448893286547,-0.00996856369856491,-0.0470742392359505));
#11052=CARTESIAN_POINT('',(-0.0112493028807035,-0.00969296655891843,-0.0470742392359505));
#11053=CARTESIAN_POINT('',(-0.0114405584601614,-0.00940675669794526,-0.0470742392359505));
#11054=CARTESIAN_POINT('',(-0.0116312028764387,-0.00912146142952639,-0.0470742392359505));
#11055=CARTESIAN_POINT('',(-0.0118081844279295,-0.00882621185437593,-0.0470742392359505));
#11056=CARTESIAN_POINT('',(-0.0119846004293392,-0.00853190575847402,-0.0470742392359505));
#11057=CARTESIAN_POINT('',(-0.0121468815888027,-0.00822832775123479,-0.0470742392359504));
#11058=CARTESIAN_POINT('',(-0.0123086441737435,-0.00792571983701643,-0.0470742392359504));
#11059=CARTESIAN_POINT('',(-0.0124558339916539,-0.00761454474369477,-0.0470742392359504));
#11060=CARTESIAN_POINT('',(-0.0126025534598976,-0.0073043640201165,-0.0470742392359504));
#11061=CARTESIAN_POINT('',(-0.0127342973430837,-0.00698634148878208,-0.0470742392359504));
#11062=CARTESIAN_POINT('',(-0.0128656202345729,-0.00666933520838778,-0.0470742392359504));
#11063=CARTESIAN_POINT('',(-0.012981600800488,-0.00634523138316191,-0.0470742392359504));
#11064=CARTESIAN_POINT('',(-0.0130972107468778,-0.00602216324184483,-0.0470742392359504));
#11065=CARTESIAN_POINT('',(-0.0131971485881766,-0.0056927589172333,-0.0470742392359504));
#11066=CARTESIAN_POINT('',(-0.0132967670749827,-0.00536440721442776,-0.0470742392359504));
#11067=CARTESIAN_POINT('',(-0.0133804214326493,-0.00503049595431653,-0.0470742392359504));
#11068=CARTESIAN_POINT('',(-0.0134638084702056,-0.00469765171805649,-0.0470742392359504));
#11069=CARTESIAN_POINT('',(-0.0135309778135709,-0.00436003794389662,-0.0470742392359504));
#11070=CARTESIAN_POINT('',(-0.0135979325152003,-0.00402350302510342,-0.0470742392359504));
#11071=CARTESIAN_POINT('',(-0.0136484550274327,-0.00368300007804588,-0.0470742392359504));
#11072=CARTESIAN_POINT('',(-0.0136988160933982,-0.003343585218797,-0.0470742392359504));
#11073=CARTESIAN_POINT('',(-0.0137325700613365,-0.00300101340028466,-0.0470742392359504));
#11074=CARTESIAN_POINT('',(-0.0137662161674155,-0.00265953628072199,-0.0470742392359504));
#11075=CARTESIAN_POINT('',(-0.0137831202747981,-0.00231572087625467,-0.0470742392359504));
#11076=CARTESIAN_POINT('',(-0.0137999703645768,-0.00197300414466783,-0.0470742392359504));
#11077=CARTESIAN_POINT('',(-0.0137999838879257,-0.00162877343567082,-0.0470742392359504));
#11078=CARTESIAN_POINT('',(-0.0137999973680604,-0.00128564272667305,-0.0470742392359504));
#11079=CARTESIAN_POINT('',(-0.0137831202747981,-0.000941825995086966,-0.0470742392359504));
#11080=CARTESIAN_POINT('',(-0.0137662971128153,-0.000599107940620193,-0.0470742392359504));
#11081=CARTESIAN_POINT('',(-0.0137325700613365,-0.000256533471056973,-0.0470742392359504));
#11082=CARTESIAN_POINT('',(-0.0136989507857052,8.49462910775386E-05,-0.0470742392359504));
#11083=CARTESIAN_POINT('',(-0.0136484550274327,0.000425453206704241,-0.0470742392359504));
#11084=CARTESIAN_POINT('',(-0.0135981206299353,0.00076487202183029,-0.0470742392359504));
#11085=CARTESIAN_POINT('',(-0.0135309778135709,0.00110249107255498,-0.0470742392359504));
#11086=CARTESIAN_POINT('',(-0.0134640495541787,0.00143903125103137,-0.0470742392359504));
#11087=CARTESIAN_POINT('',(-0.0133804214326493,0.00177294908297489,-0.0470742392359504));
#11088=CARTESIAN_POINT('',(-0.0132970605473968,0.00210579987004673,-0.0470742392359504));
#11089=CARTESIAN_POINT('',(-0.0131971485881766,0.00243521204589167,-0.0470742392359504));
#11090=CARTESIAN_POINT('',(-0.0130975559007462,0.0027635715748285,-0.0470742392359504));
#11091=CARTESIAN_POINT('',(-0.012981600800488,0.00308768451182027,-0.0470742392359504));
#11092=CARTESIAN_POINT('',(-0.0128660162383901,0.00341076173575467,-0.0470742392359504));
#11093=CARTESIAN_POINT('',(-0.0127342973430837,0.00372879461744044,-0.0470742392359504));
#11094=CARTESIAN_POINT('',(-0.0126029993596409,0.0040458112150723,-0.0470742392359504));
#11095=CARTESIAN_POINT('',(-0.0124558339916539,0.00435699787235313,-0.0470742392359504));
#11096=CARTESIAN_POINT('',(-0.0123091388952106,0.00466719012292209,-0.0470742392359504));
#11097=CARTESIAN_POINT('',(-0.0121468815888027,0.00497078087989316,-0.0470742392359504));
#11098=CARTESIAN_POINT('',(-0.0119851427806948,0.00527340150310028,-0.0470742392359504));
#11099=CARTESIAN_POINT('',(-0.0118081844279295,0.0055686649830343,-0.0470742392359504));
#11100=CARTESIAN_POINT('',(-0.0116317915511062,0.00586298493929835,-0.0470742392359504));
#11101=CARTESIAN_POINT('',(-0.0114405584601613,0.00614920982660363,-0.0470742392359504));
#11102=CARTESIAN_POINT('',(-0.0112499364605304,0.00643452007334339,-0.0470742392359504));
#11103=CARTESIAN_POINT('',(-0.0110448893286547,0.00671101682722326,-0.0470742392359504));
#11104=CARTESIAN_POINT('',(-0.0108404974313038,0.00698663002707602,-0.0470742392359504));
#11105=CARTESIAN_POINT('',(-0.010622130235004,0.00725273254262023,-0.0470742392359504));
#11106=CARTESIAN_POINT('',(-0.0104044608379043,0.00751798471925991,-0.0470742392359504));
#11107=CARTESIAN_POINT('',(-0.0101732996428951,0.00777305193218744,-0.0470742392359504));
#11108=CARTESIAN_POINT('',(-0.00994269220087947,0.00802750812459874,-0.0470742392359504));
#11109=CARTESIAN_POINT('',(-0.00969947882453735,0.00827072150094086,-0.0470742392359504));
#11110=CARTESIAN_POINT('',(-0.0082852652621643,-0.0101140548099094,-0.0470742392359505));
#11111=CARTESIAN_POINT('',(-0.00828526526216431,-0.0101140548099094,-0.0470742392359505));
#11112=CARTESIAN_POINT('',(-0.00821581820805641,-0.0101835018640173,-0.0470742392359505));
#11113=CARTESIAN_POINT('',(-0.00816090243104831,-0.0102655913580764,-0.0470742392359505));
#11114=CARTESIAN_POINT('',(-0.0081338923729057,-0.0103059666769416,-0.0470742392359505));
#11115=CARTESIAN_POINT('',(-0.0081104507790025,-0.01034976485427,-0.0470742392359505));
#11116=CARTESIAN_POINT('',(-0.0080875282549673,-0.0103925932035987,-0.0470742392359505));
#11117=CARTESIAN_POINT('',(-0.00806849251083957,-0.0104384781587309,-0.0470742392359505));
#11118=CARTESIAN_POINT('',(-0.00804987827734911,-0.0104833470781069,-0.0470742392359505));
#11119=CARTESIAN_POINT('',(-0.00803543170761865,-0.0105308769138415,-0.0470742392359505));
#11120=CARTESIAN_POINT('',(-0.00802130502991736,-0.0105773542910421,-0.0470742392359505));
#11121=CARTESIAN_POINT('',(-0.00801158676294762,-0.0106260712690798,-0.0470742392359505));
#11122=CARTESIAN_POINT('',(-0.00800208368866398,-0.0106737095015557,-0.0470742392359505));
#11123=CARTESIAN_POINT('',(-0.00799718731667866,-0.0107231444507664,-0.0470742392359505));
#11124=CARTESIAN_POINT('',(-0.00799239936561275,-0.0107714847562979,-0.0470742392359505));
#11125=CARTESIAN_POINT('',(-0.00799237204335086,-0.010821161591096,-0.0470742392359505));
#11126=CARTESIAN_POINT('',(-0.0079923453260889,-0.0108697384261149,-0.0470742392359505));
#11127=CARTESIAN_POINT('',(-0.00799718731667866,-0.0109191787314255,-0.0470742392359505));
#11128=CARTESIAN_POINT('',(-0.00800192209052242,-0.0109675242744564,-0.0470742392359505));
#11129=CARTESIAN_POINT('',(-0.00801158676294763,-0.0110162519131121,-0.0470742392359505));
#11130=CARTESIAN_POINT('',(-0.00802103742943692,-0.0110639005701472,-0.0470742392359505));
#11131=CARTESIAN_POINT('',(-0.00803543170761865,-0.0111114462683504,-0.0470742392359505));
#11132=CARTESIAN_POINT('',(-0.00804950725166864,-0.0111579391567744,-0.0470742392359505));
#11133=CARTESIAN_POINT('',(-0.00806849251083957,-0.011203845023461,-0.0470742392359505));
#11134=CARTESIAN_POINT('',(-0.00808705737726658,-0.0112487343913428,-0.0470742392359505));
#11135=CARTESIAN_POINT('',(-0.0081104507790025,-0.0112925583279219,-0.0470742392359505));
#11136=CARTESIAN_POINT('',(-0.00813332617799424,-0.0113354118661099,-0.0470742392359505));
#11137=CARTESIAN_POINT('',(-0.00816090243104831,-0.0113767318241156,-0.0470742392359505));
#11138=CARTESIAN_POINT('',(-0.00818786806000809,-0.0114171368296117,-0.0470742392359505));
#11139=CARTESIAN_POINT('',(-0.00821936158998812,-0.0114555548752596,-0.0470742392359505));
#11140=CARTESIAN_POINT('',(-0.0082501577551682,-0.0114931222257731,-0.0470742392359505));
#11141=CARTESIAN_POINT('',(-0.00828526526216431,-0.0115282683722825,-0.0470742392359505));
#11142=CARTESIAN_POINT('',(-0.00831959537965834,-0.0115626362736907,-0.0470742392359505));
#11143=CARTESIAN_POINT('',(-0.00835797875918721,-0.0115941720444587,-0.0470742392359505));
#11144=CARTESIAN_POINT('',(-0.00839551221119697,-0.0116250095150837,-0.0470742392359505));
#11145=CARTESIAN_POINT('',(-0.00843680181033125,-0.0116526312033985,-0.0470742392359505));
#11146=CARTESIAN_POINT('',(-0.00847717712919653,-0.0116796412615412,-0.0470742392359505));
#11147=CARTESIAN_POINT('',(-0.00852097530652486,-0.0117030828554443,-0.0470742392359505));
#11148=CARTESIAN_POINT('',(-0.00856380365585372,-0.0117260053794795,-0.0470742392359505));
#11149=CARTESIAN_POINT('',(-0.00860968861098576,-0.0117450411236072,-0.0470742392359505));
#11150=CARTESIAN_POINT('',(-0.00865455753036168,-0.0117636553570977,-0.0470742392359505));
#11151=CARTESIAN_POINT('',(-0.00870208736609639,-0.0117781019268282,-0.0470742392359505));
#11152=CARTESIAN_POINT('',(-0.00874856474329723,-0.0117922286045295,-0.0470742392359505));
#11153=CARTESIAN_POINT('',(-0.00879728172133472,-0.0118019468714992,-0.0470742392359505));
#11154=CARTESIAN_POINT('',(-0.00884491995381139,-0.011811449945783,-0.0470742392359505));
#11155=CARTESIAN_POINT('',(-0.00889435490302129,-0.0118163463177681,-0.0470742392359505));
#11156=CARTESIAN_POINT('',(-0.00894269520855341,-0.0118211342688341,-0.0470742392359505));
#11157=CARTESIAN_POINT('',(-0.00899237204335085,-0.0118211615910959,-0.0470742392359505));
#11158=CARTESIAN_POINT('',(-0.00904094887837,-0.0118211883083579,-0.0470742392359505));
#11159=CARTESIAN_POINT('',(-0.00909038918368041,-0.0118163463177681,-0.0470742392359505));
#11160=CARTESIAN_POINT('',(-0.00913873472671121,-0.0118116115439244,-0.0470742392359505));
#11161=CARTESIAN_POINT('',(-0.00918746236536698,-0.0118019468714992,-0.0470742392359505));
#11162=CARTESIAN_POINT('',(-0.00923511102240175,-0.01179249620501,-0.0470742392359505));
#11163=CARTESIAN_POINT('',(-0.00928265672060531,-0.0117781019268282,-0.0470742392359505));
#11164=CARTESIAN_POINT('',(-0.0093291496090291,-0.0117640263827782,-0.0470742392359505));
#11165=CARTESIAN_POINT('',(-0.00937505547571594,-0.0117450411236072,-0.0470742392359505));
#11166=CARTESIAN_POINT('',(-0.00941994484359795,-0.0117264762571801,-0.0470742392359505));
#11167=CARTESIAN_POINT('',(-0.00946376878017685,-0.0117030828554443,-0.0470742392359505));
#11168=CARTESIAN_POINT('',(-0.00950662231836519,-0.0116802074564523,-0.0470742392359505));
#11169=CARTESIAN_POINT('',(-0.00954794227637045,-0.0116526312033985,-0.0470742392359505));
#11170=CARTESIAN_POINT('',(-0.00958834728186685,-0.0116256655744386,-0.0470742392359505));
#11171=CARTESIAN_POINT('',(-0.00962676532751449,-0.0115941720444587,-0.0470742392359505));
#11172=CARTESIAN_POINT('',(-0.00964803834402661,-0.0115767333025343,-0.0470742392359505));
#11173=CARTESIAN_POINT('',(-0.00966911035136612,-0.0115573852408551,-0.0470742392359505));
#11174=CARTESIAN_POINT('',(-0.00968440887376089,-0.011543338323059,-0.0470742392359505));
#11175=CARTESIAN_POINT('',(-0.0096994788245374,-0.0115282683722825,-0.0470742392359505));
#11176=CARTESIAN_POINT('',(-0.00828526526216426,0.00685650793856776,-0.0470742392359504));
#11177=CARTESIAN_POINT('',(-0.00870192539107472,0.0064398478096573,-0.0470742392359504));
#11178=CARTESIAN_POINT('',(-0.00907610932827854,0.00598394597429293,-0.0470742392359504));
#11179=CARTESIAN_POINT('',(-0.00926265260110758,0.00575666358186006,-0.0470742392359504));
#11180=CARTESIAN_POINT('',(-0.00943847426569343,0.00551961821823839,-0.0470742392359504));
#11181=CARTESIAN_POINT('',(-0.00961364062056208,0.00528345635285095,-0.0470742392359504));
#11182=CARTESIAN_POINT('',(-0.00977761923555624,0.00503806936056442,-0.0470742392359504));
#11183=CARTESIAN_POINT('',(-0.00994098668137974,0.00479359695683306,-0.0470742392359504));
#11184=CARTESIAN_POINT('',(-0.010092727207929,0.00454045949464786,-0.0470742392359504));
#11185=CARTESIAN_POINT('',(-0.0102439021782202,0.00428826550800687,-0.0470742392359504));
#11186=CARTESIAN_POINT('',(-0.010383039060106,0.00402798740624116,-0.0470742392359504));
#11187=CARTESIAN_POINT('',(-0.0105216573611219,0.00376867939409202,-0.0470742392359504));
#11188=CARTESIAN_POINT('',(-0.010647855405407,0.00350188768549257,-0.0470742392359504));
#11189=CARTESIAN_POINT('',(-0.0107735830935141,0.00323609034355783,-0.0470742392359504));
#11190=CARTESIAN_POINT('',(-0.0108865382780611,0.00296342775271026,-0.0470742392359504));
#11191=CARTESIAN_POINT('',(-0.0109990724642499,0.00269178141006393,-0.0470742392359504));
#11192=CARTESIAN_POINT('',(-0.011098512670122,0.00241390480503583,-0.0470742392359504));
#11193=CARTESIAN_POINT('',(-0.0111975822496832,0.0021370638815018,-0.0470742392359504));
#11194=CARTESIAN_POINT('',(-0.0112832679167122,0.00185464269138274,-0.0470742392359504));
#11195=CARTESIAN_POINT('',(-0.0113686342223502,0.0015732741209988,-0.0470742392359504));
#11196=CARTESIAN_POINT('',(-0.0114403589262602,0.00128698872316836,-0.0470742392359504));
#11197=CARTESIAN_POINT('',(-0.0115118163030695,0.00100177034745457,-0.0470742392359504));
#11198=CARTESIAN_POINT('',(-0.0115694072527645,0.000712310428522725,-0.0470742392359504));
#11199=CARTESIAN_POINT('',(-0.0116267835536617,0.000423929363541349,-0.0470742392359504));
#11200=CARTESIAN_POINT('',(-0.0116701020075031,0.000131992257793518,-0.0470742392359504));
#11201=CARTESIAN_POINT('',(-0.0117132590079542,-0.000158856761208897,-0.0470742392359504));
#11202=CARTESIAN_POINT('',(-0.0117422006079921,-0.000452567751716093,-0.0470742392359504));
#11203=CARTESIAN_POINT('',(-0.0117710343390032,-0.000745184043981485,-0.0470742392359504));
#11204=CARTESIAN_POINT('',(-0.0117855293623878,-0.0010399613437418,-0.0470742392359504));
#11205=CARTESIAN_POINT('',(-0.011799970360975,-0.00133363997098236,-0.0470742392359504));
#11206=CARTESIAN_POINT('',(-0.0117999838879257,-0.00162877343567082,-0.0470742392359504));
#11207=CARTESIAN_POINT('',(-0.0117999973644597,-0.00192280690035555,-0.0470742392359504));
#11208=CARTESIAN_POINT('',(-0.0117855293623878,-0.00221758552759983,-0.0470742392359504));
#11209=CARTESIAN_POINT('',(-0.0117711152844014,-0.00251126547737361,-0.0470742392359504));
#11210=CARTESIAN_POINT('',(-0.0117422006079921,-0.00280497911962554,-0.0470742392359504));
#11211=CARTESIAN_POINT('',(-0.0117133937002616,-0.00309759805375231,-0.0470742392359504));
#11212=CARTESIAN_POINT('',(-0.0116701020075031,-0.00338953912913516,-0.0470742392359504));
#11213=CARTESIAN_POINT('',(-0.0116269716683949,-0.0036803921029631,-0.0470742392359504));
#11214=CARTESIAN_POINT('',(-0.0115694072527645,-0.00396985729986436,-0.0470742392359504));
#11215=CARTESIAN_POINT('',(-0.011512057387042,-0.00425824362311299,-0.0470742392359504));
#11216=CARTESIAN_POINT('',(-0.0114403589262603,-0.00454453559451,-0.0470742392359504));
#11217=CARTESIAN_POINT('',(-0.0113689276947726,-0.00482976051927036,-0.0470742392359504));
#11218=CARTESIAN_POINT('',(-0.0112832679167122,-0.00511218956272438,-0.0470742392359504));
#11219=CARTESIAN_POINT('',(-0.0111979274035533,-0.00539356595716673,-0.0470742392359504));
#11220=CARTESIAN_POINT('',(-0.011098512670122,-0.00567145167637747,-0.0470742392359504));
#11221=CARTESIAN_POINT('',(-0.0109994684680627,-0.00594830168012386,-0.0470742392359504));
#11222=CARTESIAN_POINT('',(-0.0108865382780612,-0.0062209746240519,-0.0470742392359504));
#11223=CARTESIAN_POINT('',(-0.0107740289932604,-0.00649263128119068,-0.0470742392359504));
#11224=CARTESIAN_POINT('',(-0.010647855405407,-0.00675943455683421,-0.0470742392359504));
#11225=CARTESIAN_POINT('',(-0.0105221520825875,-0.00702524342268417,-0.0470742392359504));
#11226=CARTESIAN_POINT('',(-0.010383039060106,-0.0072855342775828,-0.0470742392359504));
#11227=CARTESIAN_POINT('',(-0.0102444445295752,-0.0075448549953174,-0.0470742392359504));
#11228=CARTESIAN_POINT('',(-0.010092727207929,-0.00779800636598948,-0.0470742392359504));
#11229=CARTESIAN_POINT('',(-0.00994157535605591,-0.00805021420927406,-0.0470742392359504));
#11230=CARTESIAN_POINT('',(-0.00977761923555627,-0.00829561623190606,-0.0470742392359505));
#11231=CARTESIAN_POINT('',(-0.00961427420039113,-0.00854010360995735,-0.0470742392359505));
#11232=CARTESIAN_POINT('',(-0.00943847426569346,-0.00877716508958004,-0.0470742392359505));
#11233=CARTESIAN_POINT('',(-0.00926332955972917,-0.0090133430108937,-0.0470742392359505));
#11234=CARTESIAN_POINT('',(-0.00907610932827857,-0.00924149284563458,-0.0470742392359505));
#11235=CARTESIAN_POINT('',(-0.00888958689046858,-0.00946879233689197,-0.0470742392359505));
#11236=CARTESIAN_POINT('',(-0.00869139739218524,-0.00968748089383506,-0.0470742392359505));
#11237=CARTESIAN_POINT('',(-0.00849376161830951,-0.00990555845376419,-0.0470742392359505));
#11238=CARTESIAN_POINT('',(-0.0082852652621643,-0.0101140548099094,-0.0470742392359505));
#11239=COLOUR_RGB('',1.0,1.0,1.0);
#11240=CARTESIAN_POINT('',(-0.00969947882453735,0.00827072150094087,-0.0480742392359505));
#11241=CARTESIAN_POINT('',(-0.00969947882453735,0.00827072150094087,-0.0476742392359505));
#11242=VECTOR('',#12176,1.0);
#11243=CARTESIAN_POINT('',(-0.00969947882453739,-0.0115282683722825,-0.0480742392359506));
#11244=CARTESIAN_POINT('',(-0.00969947882453735,0.00827072150094086,-0.0480742392359505));
#11245=CARTESIAN_POINT('',(-0.0109957178786945,0.00697448244678373,-0.0480742392359505));
#11246=CARTESIAN_POINT('',(-0.0120329198970653,0.00542225774474072,-0.0480742392359505));
#11247=CARTESIAN_POINT('',(-0.0134356748243305,0.00203533140508197,-0.0480742392359505));
#11248=CARTESIAN_POINT('',(-0.0138000559141756,0.000204187887992348,-0.0480742392359505));
#11249=CARTESIAN_POINT('',(-0.0137999118616656,-0.00346173502130237,-0.0480742392359505));
#11250=CARTESIAN_POINT('',(-0.0134358078382528,-0.00529293359490715,-0.0480742392359505));
#11251=CARTESIAN_POINT('',(-0.012032786648569,-0.00867974986386648,-0.0480742392359505));
#11252=CARTESIAN_POINT('',(-0.010995773073212,-0.0102319741236078,-0.0480742392359506));
#11253=CARTESIAN_POINT('',(-0.00969947882453739,-0.0115282683722825,-0.0480742392359506));
#11254=CARTESIAN_POINT('',(-0.00969947882453739,-0.0115282683722825,-0.0476742392359506));
#11255=VECTOR('',#12177,1.0);
#11256=COLOUR_RGB('',1.0,1.0,1.0);
#11257=CARTESIAN_POINT('',(-0.0082852652621643,-0.0101140548099094,-0.0480742392359506));
#11258=CARTESIAN_POINT('',(-0.0082852652621643,-0.0101140548099094,-0.0476742392359506));
#11259=VECTOR('',#12178,1.0);
#11260=CARTESIAN_POINT('',(-0.00828526526216426,0.00685650793856776,-0.0480742392359505));
#11261=CARTESIAN_POINT('',(-0.0082852652621643,-0.0101140548099094,-0.0480742392359506));
#11262=CARTESIAN_POINT('',(-0.00939632484091918,-0.00900299523115453,-0.0480742392359506));
#11263=CARTESIAN_POINT('',(-0.0102853673857028,-0.00767251772313817,-0.0480742392359505));
#11264=CARTESIAN_POINT('',(-0.0114877091893909,-0.00476943147915883,-0.0480742392359505));
#11265=CARTESIAN_POINT('',(-0.0118000559087674,-0.00319988242842845,-0.0480742392359505));
#11266=CARTESIAN_POINT('',(-0.0117999118670758,-5.76642634052586E-05,-0.0480742392359505));
#11267=CARTESIAN_POINT('',(-0.0114878422252518,0.00151193984721557,-0.0480742392359505));
#11268=CARTESIAN_POINT('',(-0.0102852341735034,0.00441491603807341,-0.0480742392359505));
#11269=CARTESIAN_POINT('',(-0.0093963778837858,0.00574539531694623,-0.0480742392359505));
#11270=CARTESIAN_POINT('',(-0.00828526526216426,0.00685650793856776,-0.0480742392359505));
#11271=CARTESIAN_POINT('',(-0.00828526526216426,0.00685650793856776,-0.0476742392359505));
#11272=VECTOR('',#12179,1.0);
#11273=COLOUR_RGB('',1.0,1.0,1.0);
#11274=CARTESIAN_POINT('',(-0.00828526526216426,0.00685650793856776,-0.0480742392359505));
#11275=CARTESIAN_POINT('',(-0.00809960655235228,0.00704216664837973,-0.0480742392359505));
#11276=CARTESIAN_POINT('',(-0.0079922279954694,0.00730162121071136,-0.0480742392359505));
#11277=CARTESIAN_POINT('',(-0.00799251609103461,0.00782560786947966,-0.0480742392359505));
#11278=CARTESIAN_POINT('',(-0.00809990588510978,0.00808556577877988,-0.0480742392359505));
#11279=CARTESIAN_POINT('',(-0.00847062416382733,0.00845587674823293,-0.0480742392359505));
#11280=CARTESIAN_POINT('',(-0.00873037825319617,0.0085637586874383,-0.0480742392359505));
#11281=CARTESIAN_POINT('',(-0.00925436487966504,0.00856347075259472,-0.0480742392359505));
#11282=CARTESIAN_POINT('',(-0.00951369286526877,0.00845650746020945,-0.0480742392359505));
#11283=CARTESIAN_POINT('',(-0.00969947882453735,0.00827072150094087,-0.0480742392359505));
#11284=COLOUR_RGB('',1.0,1.0,1.0);
#11285=CARTESIAN_POINT('',(-0.0096994788245374,-0.0115282683722825,-0.0480742392359506));
#11286=CARTESIAN_POINT('',(-0.00951382011472655,-0.0117139270820933,-0.0480742392359506));
#11287=CARTESIAN_POINT('',(-0.00925436555239079,-0.0118213056389773,-0.0480742392359506));
#11288=CARTESIAN_POINT('',(-0.00873037889362852,-0.0118210175434121,-0.0480742392359506));
#11289=CARTESIAN_POINT('',(-0.00847042098432459,-0.0117136277493363,-0.0480742392359506));
#11290=CARTESIAN_POINT('',(-0.00810011001487295,-0.0113429094706201,-0.0480742392359506));
#11291=CARTESIAN_POINT('',(-0.00799222807566686,-0.011083155381248,-0.0480742392359506));
#11292=CARTESIAN_POINT('',(-0.00799251601051048,-0.0105591687547843,-0.0480742392359506));
#11293=CARTESIAN_POINT('',(-0.00809947930289668,-0.010299840769177,-0.0480742392359506));
#11294=CARTESIAN_POINT('',(-0.00828526526216431,-0.0101140548099094,-0.0480742392359506));
#11295=COLOUR_RGB('',1.0,1.0,1.0);
#11296=CARTESIAN_POINT('',(0.0259027938683829,-0.0226743392359505,0.00192576076404928));
#11297=DIRECTION('',(3.1641356201817E-15,-3.52495810318487E-15,1.0));
#11298=DIRECTION('',(0.0,-1.0,-3.52495810318487E-15));
#11299=DIRECTION('',(3.1641356201817E-15,-3.52495810318487E-15,1.0));
#11300=CARTESIAN_POINT('',(0.0259027938683829,-0.0226743392359505,-7.42392359507195E-05));
#11301=DIRECTION('',(3.1641356201817E-15,-3.52495810318487E-15,1.0));
#11302=DIRECTION('',(0.0,-1.0,-3.52495810318487E-15));
#11303=DIRECTION('',(0.0,-3.52495810318487E-15,1.0));
#11304=CARTESIAN_POINT('',(0.04,0.0619154313793919,-0.0120742392359501));
#11305=DIRECTION('',(1.0,1.11596205068196E-29,-3.1641356201817E-15));
#11306=DIRECTION('',(-3.1641356201817E-15,0.0,-1.0));
#11307=CARTESIAN_POINT('',(0.043,0.0619154313793919,-0.0120742392359502));
#11308=DIRECTION('',(1.0,1.11596205068196E-29,-3.1641356201817E-15));
#11309=DIRECTION('',(-3.1641356201817E-15,0.0,-1.0));
#11310=CARTESIAN_POINT('',(-0.0259027938683825,-0.0226743392359505,0.00192576076404944));
#11311=DIRECTION('',(3.1641356201817E-15,-3.52495810318487E-15,1.0));
#11312=DIRECTION('',(0.0,-1.0,-3.52495810318487E-15));
#11313=DIRECTION('',(0.0,-3.52495810318487E-15,1.0));
#11314=CARTESIAN_POINT('',(-0.0259027938683826,-0.0226743392359505,-7.42392359505556E-05));
#11315=DIRECTION('',(3.1641356201817E-15,-3.52495810318487E-15,1.0));
#11316=DIRECTION('',(0.0,-1.0,-3.52495810318487E-15));
#11317=DIRECTION('',(3.1641356201817E-15,-3.52495810318487E-15,1.0));
#11318=CARTESIAN_POINT('',(0.043,0.0426154313793919,-0.0120742392359502));
#11319=DIRECTION('',(1.0,1.11596205068196E-29,-3.1641356201817E-15));
#11320=DIRECTION('',(-3.1641356201817E-15,0.0,-1.0));
#11321=DIRECTION('',(-1.11596205068196E-29,1.0,3.53105527533379E-44));
#11322=DIRECTION('',(2.23738175362437E-15,0.707106781186548,0.707106781186548));
#11323=DIRECTION('',(3.1641356201817E-15,2.12394302275717E-45,1.0));
#11324=DIRECTION('',(2.23738175362438E-15,-0.707106781186549,0.707106781186546));
#11325=DIRECTION('',(1.11596205068196E-29,-1.0,1.82963344716784E-30));
#11326=DIRECTION('',(-2.23738175362437E-15,-0.707106781186548,-0.707106781186548));
#11327=DIRECTION('',(-3.1641356201817E-15,8.93826022076973E-45,-1.0));
#11328=DIRECTION('',(-2.23738175362438E-15,0.707106781186549,-0.707106781186546));
#11329=DIRECTION('',(1.11596205068196E-29,-1.0,-3.53105527533379E-44));
#11330=DIRECTION('',(3.1641356201817E-15,-8.93826022076973E-45,1.0));
#11331=DIRECTION('',(-1.11596205068196E-29,1.0,-1.82963344716784E-30));
#11332=DIRECTION('',(-3.1641356201817E-15,-2.12394302275717E-45,-1.0));
#11333=DIRECTION('',(-1.0,-1.11596205068196E-29,3.1641356201817E-15));
#11334=DIRECTION('',(3.1641356201817E-15,2.12394302275717E-45,1.0));
#11335=DIRECTION('',(-1.0,-1.11596205068196E-29,3.1641356201817E-15));
#11336=CARTESIAN_POINT('',(0.04,0.0426154313793919,-0.0120742392359501));
#11337=DIRECTION('',(1.0,1.11596205068196E-29,-3.1641356201817E-15));
#11338=DIRECTION('',(-3.1641356201817E-15,0.0,-1.0));
#11339=DIRECTION('',(-1.0,-1.11596205068196E-29,3.1641356201817E-15));
#11340=DIRECTION('',(1.11596205068196E-29,-1.0,-3.31866097305807E-44));
#11341=DIRECTION('',(0.0,1.0,3.55618312575245E-15));
#11342=DIRECTION('',(1.0,1.11596205068196E-29,-3.1641356201817E-15));
#11343=DIRECTION('',(-3.1641356201817E-15,8.93826022076973E-45,-1.0));
#11344=DIRECTION('',(3.1641356201817E-15,-3.40715859900628E-45,1.0));
#11345=DIRECTION('',(-1.0,-1.11596205068196E-29,3.1641356201817E-15));
#11346=DIRECTION('',(3.1641356201817E-15,-3.40715859900628E-45,1.0));
#11347=DIRECTION('',(1.0,1.11596205068196E-29,-3.1641356201817E-15));
#11348=DIRECTION('',(-0.577350269189626,-0.577350269189626,0.577350269189626));
#11349=DIRECTION('',(0.577350269189626,0.577350269189626,-0.577350269189626));
#11350=DIRECTION('',(1.0,1.11596205068196E-29,-3.1641356201817E-15));
#11351=DIRECTION('',(-3.1641356201817E-15,3.40715859900628E-45,-1.0));
#11352=DIRECTION('',(1.0,1.11596205068196E-29,-3.1641356201817E-15));
#11353=DIRECTION('',(-3.1641356201817E-15,3.40715859900628E-45,-1.0));
#11354=DIRECTION('',(1.0,1.11596205068196E-29,-3.1641356201817E-15));
#11355=DIRECTION('',(0.577350269189625,-0.577350269189625,-0.577350269189628));
#11356=DIRECTION('',(-1.0,-1.11596205068196E-29,3.1641356201817E-15));
#11357=DIRECTION('',(-0.577350269189625,0.577350269189625,0.577350269189628));
#11358=DIRECTION('',(1.0,4.2562552674671E-34,-3.1641356201817E-15));
#11359=DIRECTION('',(3.1641356201817E-15,-3.52495810318487E-15,1.0));
#11360=DIRECTION('',(1.0,4.2562552674671E-34,-3.1641356201817E-15));
#11361=DIRECTION('',(3.1641356201817E-15,-3.52495810318487E-15,1.0));
#11362=CARTESIAN_POINT('',(-0.025902794533327,0.0291284552973767,0.00192576076404963));
#11363=DIRECTION('',(3.1641356201817E-15,-3.52495810318487E-15,1.0));
#11364=DIRECTION('',(0.0,-1.0,-3.52495810318487E-15));
#11365=DIRECTION('',(3.1641356201817E-15,-3.52495810318487E-15,1.0));
#11366=CARTESIAN_POINT('',(-0.025902794533327,0.0291284552973767,-7.4239235950373E-05));
#11367=DIRECTION('',(3.1641356201817E-15,-3.52495810318487E-15,1.0));
#11368=DIRECTION('',(0.0,-1.0,-3.52495810318487E-15));
#11369=CARTESIAN_POINT('',(0.0259027945333274,0.0291284552973767,0.00192576076404946));
#11370=DIRECTION('',(3.1641356201817E-15,-3.52495810318487E-15,1.0));
#11371=DIRECTION('',(0.0,-1.0,-3.52495810318487E-15));
#11372=CARTESIAN_POINT('',(0.0259027945333274,0.0291284552973767,-7.42392359505369E-05));
#11373=DIRECTION('',(3.1641356201817E-15,-3.52495810318487E-15,1.0));
#11374=DIRECTION('',(0.0,-1.0,-3.52495810318487E-15));
#11375=DIRECTION('',(3.1641356201817E-15,-3.52495810318487E-15,1.0));
#11376=DIRECTION('',(4.72032003854846E-33,1.0,3.52495810318487E-15));
#11377=DIRECTION('',(4.72032003854846E-33,1.0,3.52495810318487E-15));
#11378=DIRECTION('',(-4.72032003854846E-33,-1.0,-3.52495810318487E-15));
#11379=DIRECTION('',(-4.72032003854846E-33,-1.0,-3.52495810318487E-15));
#11380=DIRECTION('',(-1.0,1.01377283964633E-32,3.1641356201817E-15));
#11381=CARTESIAN_POINT('',(0.0387999999959945,0.00322705803071085,-0.00987423923595052));
#11382=DIRECTION('',(3.1641356201817E-15,-3.52495810318487E-15,1.0));
#11383=DIRECTION('',(0.0,-1.0,-3.52495810318487E-15));
#11384=DIRECTION('',(1.0,-1.10690494359718E-31,-3.1641356201817E-15));
#11385=DIRECTION('',(6.17501288419298E-33,-1.0,-3.52495810318487E-15));
#11386=CARTESIAN_POINT('',(0.0387999999959968,0.00322705803071314,-0.00987423923595052));
#11387=DIRECTION('',(3.1641356201817E-15,-3.52495810318487E-15,1.0));
#11388=DIRECTION('',(0.0,-1.0,-3.52495810318487E-15));
#11389=DIRECTION('',(-1.0,-2.93730110223684E-32,3.1641356201817E-15));
#11390=DIRECTION('',(3.1641356201817E-15,2.12394302275717E-45,1.0));
#11391=DIRECTION('',(1.0,2.93730110223684E-32,-3.1641356201817E-15));
#11392=DIRECTION('',(0.0,-0.0,1.0));
#11393=CARTESIAN_POINT('',(-0.0387999999959968,0.00322705803071314,-0.00987423923595029));
#11394=DIRECTION('',(3.1641356201817E-15,-3.52495810318487E-15,1.0));
#11395=DIRECTION('',(0.0,-1.0,-3.52495810318487E-15));
#11396=DIRECTION('',(1.0,9.04547911455922E-32,-3.1641356201817E-15));
#11397=CARTESIAN_POINT('',(-0.0387999999959946,0.00322705803071085,-0.00987423923595029));
#11398=DIRECTION('',(3.1641356201817E-15,-3.52495810318487E-15,1.0));
#11399=DIRECTION('',(0.0,-1.0,-3.52495810318487E-15));
#11400=DIRECTION('',(-1.0,1.01377283964213E-32,3.1641356201817E-15));
#11401=DIRECTION('',(-6.86112542686551E-34,-1.0,-3.52495810318487E-15));
#11402=DIRECTION('',(-3.1641356201817E-15,3.52495810318487E-15,-1.0));
#11403=DIRECTION('',(1.0,-1.01377283964633E-32,-3.1641356201817E-15));
#11404=DIRECTION('',(3.21245088143857E-15,-3.52495810318487E-15,1.0));
#11405=DIRECTION('',(-3.21245088143857E-15,3.52495810318487E-15,-1.0));
#11406=DIRECTION('',(-1.0,1.01377283964213E-32,3.1641356201817E-15));
#11407=DIRECTION('',(3.1641356201817E-15,-3.52495810318487E-15,1.0));
#11408=DIRECTION('',(-3.21245088143857E-15,3.52495810318487E-15,-1.0));
#11409=DIRECTION('',(1.0,-1.10690494359718E-31,-3.1641356201817E-15));
#11410=DIRECTION('',(3.1641356201817E-15,-3.52495810318487E-15,1.0));
#11411=DIRECTION('',(-3.1641356201817E-15,3.52495810318487E-15,-1.0));
#11412=DIRECTION('',(-1.0,-9.04547911455922E-32,3.1641356201817E-15));
#11413=DIRECTION('',(3.21245088143857E-15,-3.52495810318487E-15,1.0));
#11414=DIRECTION('',(-4.72032003854846E-33,-1.0,-3.52495810318487E-15));
#11415=DIRECTION('',(-3.1641356201817E-15,3.52495810318487E-15,-1.0));
#11416=DIRECTION('',(4.72032003854846E-33,1.0,3.52495810318487E-15));
#11417=DIRECTION('',(-3.1641356201817E-15,3.52495810318487E-15,-1.0));
#11418=DIRECTION('',(-3.1641356201817E-15,3.52495810318487E-15,-1.0));
#11419=CARTESIAN_POINT('',(-0.0259027938683825,-0.0226743392359505,0.00392576076404945));
#11420=DIRECTION('',(-2.23738175362437E-15,0.70710678118655,-0.707106781186545));
#11421=DIRECTION('',(2.23738175362439E-15,0.707106781186545,0.70710678118655));
#11422=CARTESIAN_POINT('',(-0.0259027938683825,-0.0226743392359505,0.000925760764049445));
#11423=DIRECTION('',(3.1641356201817E-15,-3.52495810318487E-15,1.0));
#11424=DIRECTION('',(0.0,-1.0,-3.52495810318487E-15));
#11425=CARTESIAN_POINT('',(-0.0259027938683826,-0.0226743392359505,-7.42392359505555E-05));
#11426=DIRECTION('',(3.1641356201817E-15,-3.52495810318487E-15,1.0));
#11427=DIRECTION('',(0.0,-1.0,-3.52495810318487E-15));
#11428=DIRECTION('',(-3.1641356201817E-15,3.52495810318487E-15,-1.0));
#11429=DIRECTION('',(1.0,4.31633268927237E-33,-3.1641356201817E-15));
#11430=DIRECTION('',(-1.0,-4.31633268927286E-33,3.1641356201817E-15));
#11431=CARTESIAN_POINT('',(0.0259027938683829,-0.0226743392359505,0.000925760764049281));
#11432=DIRECTION('',(3.1641356201817E-15,-3.52495810318487E-15,1.0));
#11433=DIRECTION('',(0.0,-1.0,-3.52495810318487E-15));
#11434=CARTESIAN_POINT('',(0.0259027938683829,-0.0226743392359505,0.00392576076404928));
#11435=DIRECTION('',(-2.23738175362437E-15,0.70710678118655,-0.707106781186545));
#11436=DIRECTION('',(2.23738175362439E-15,0.707106781186545,0.70710678118655));
#11437=CARTESIAN_POINT('',(0.0259027938683829,-0.0226743392359505,-7.42392359507194E-05));
#11438=DIRECTION('',(3.1641356201817E-15,-3.52495810318487E-15,1.0));
#11439=DIRECTION('',(0.0,-1.0,-3.52495810318487E-15));
#11440=DIRECTION('',(-3.1641356201817E-15,3.52495810318487E-15,-1.0));
#11441=DIRECTION('',(4.72032003854846E-33,1.0,3.52495810318487E-15));
#11442=DIRECTION('',(-4.72032003854846E-33,-1.0,-3.52495810318487E-15));
#11443=DIRECTION('',(-3.1641356201817E-15,3.52495810318487E-15,-1.0));
#11444=CARTESIAN_POINT('',(0.0259027945333274,0.0291284552973767,0.000925760764049463));
#11445=DIRECTION('',(3.1641356201817E-15,-3.52495810318487E-15,1.0));
#11446=DIRECTION('',(0.0,-1.0,-3.52495810318487E-15));
#11447=CARTESIAN_POINT('',(0.0259027945333274,0.0291284552973767,-7.42392359505368E-05));
#11448=DIRECTION('',(3.1641356201817E-15,-3.52495810318487E-15,1.0));
#11449=DIRECTION('',(0.0,-1.0,-3.52495810318487E-15));
#11450=DIRECTION('',(-3.1641356201817E-15,3.52495810318487E-15,-1.0));
#11451=DIRECTION('',(1.0,4.2562552674671E-34,-3.1641356201817E-15));
#11452=DIRECTION('',(-3.1641356201817E-15,3.52495810318487E-15,-1.0));
#11453=DIRECTION('',(-1.0,-4.2562552674671E-34,3.1641356201817E-15));
#11454=CARTESIAN_POINT('',(-0.025902794533327,0.0291284552973767,0.000925760764049627));
#11455=DIRECTION('',(3.1641356201817E-15,-3.52495810318487E-15,1.0));
#11456=DIRECTION('',(0.0,-1.0,-3.52495810318487E-15));
#11457=CARTESIAN_POINT('',(-0.025902794533327,0.0291284552973767,-7.42392359503729E-05));
#11458=DIRECTION('',(3.1641356201817E-15,-3.52495810318487E-15,1.0));
#11459=DIRECTION('',(0.0,-1.0,-3.52495810318487E-15));
#11460=DIRECTION('',(1.0,4.31633268927286E-33,-3.1641356201817E-15));
#11461=DIRECTION('',(0.577350269189624,-0.577350269189624,-0.57735026918963));
#11462=DIRECTION('',(1.0,-1.1154783112467E-29,-7.82726274245631E-44));
#11463=DIRECTION('',(0.577350269189624,0.577350269189624,0.57735026918963));
#11464=DIRECTION('',(0.577350269189624,-0.577350269189624,-0.57735026918963));
#11465=DIRECTION('',(-1.0,1.1154783112467E-29,7.82726274245631E-44));
#11466=DIRECTION('',(0.577350269189626,0.577350269189623,0.577350269189629));
#11467=DIRECTION('',(-3.1641356201817E-15,3.52495810318487E-15,-1.0));
#11468=DIRECTION('',(-6.86112542686551E-34,-1.0,-3.52495810318487E-15));
#11469=DIRECTION('',(3.1641356201817E-15,-3.52495810318487E-15,1.0));
#11470=DIRECTION('',(1.10498424999895E-29,1.0,7.01695646032619E-15));
#11471=CARTESIAN_POINT('',(-0.045,0.0543277776289129,-0.0120742392359501));
#11472=DIRECTION('',(-1.0,-1.11527593813927E-29,3.1641356201817E-15));
#11473=DIRECTION('',(3.1641356201817E-15,0.0,1.0));
#11474=DIRECTION('',(-0.707106781186548,0.707106781186548,4.72990353178487E-15));
#11475=DIRECTION('',(-3.1641356201817E-15,3.52495810318487E-15,-1.0));
#11476=DIRECTION('',(0.577350269189627,-0.577350269189627,0.577350269189624));
#11477=DIRECTION('',(-1.10498424999895E-29,-1.0,-7.01695646032619E-15));
#11478=DIRECTION('',(-0.577350269189624,0.577350269189632,-0.577350269189621));
#11479=DIRECTION('',(0.577350269189625,0.577350269189621,0.577350269189631));
#11480=CARTESIAN_POINT('',(-0.0426,0.0543277776289129,-0.0120742392359501));
#11481=DIRECTION('',(-1.0,-1.11527593813927E-29,3.1641356201817E-15));
#11482=DIRECTION('',(3.1641356201817E-15,0.0,1.0));
#11483=DIRECTION('',(-3.1641356201817E-15,3.52495810318487E-15,-1.0));
#11484=DIRECTION('',(-6.86112542686551E-34,-1.0,-3.52495810318487E-15));
#11485=DIRECTION('',(-3.1641356201817E-15,3.52495810318487E-15,-1.0));
#11486=DIRECTION('',(6.86112542686551E-34,1.0,3.52495810318487E-15));
#11487=DIRECTION('',(-3.1641356201817E-15,3.52495810318487E-15,-1.0));
#11488=DIRECTION('',(-6.86112542686551E-34,-1.0,-3.52495810318487E-15));
#11489=DIRECTION('',(-3.1641356201817E-15,3.52495810318487E-15,-1.0));
#11490=DIRECTION('',(-6.86112542686551E-34,-1.0,-3.52495810318487E-15));
#11491=DIRECTION('',(-3.1641356201817E-15,3.52495810318487E-15,-1.0));
#11492=DIRECTION('',(-6.86112542686551E-34,-1.0,-3.52495810318487E-15));
#11493=DIRECTION('',(-6.86112542686551E-34,-1.0,-3.52495810318487E-15));
#11494=DIRECTION('',(-3.1641356201817E-15,3.52495810318487E-15,-1.0));
#11495=DIRECTION('',(-6.86112542686551E-34,-1.0,-3.52495810318487E-15));
#11496=DIRECTION('',(3.1641356201817E-15,-3.52495810318487E-15,1.0));
#11497=DIRECTION('',(-6.86112542686551E-34,-1.0,-3.52495810318487E-15));
#11498=DIRECTION('',(3.1641356201817E-15,-3.52495810318487E-15,1.0));
#11499=DIRECTION('',(6.86112542686551E-34,1.0,3.52495810318487E-15));
#11500=DIRECTION('',(6.86112542686551E-34,1.0,3.52495810318487E-15));
#11501=DIRECTION('',(0.577350269189627,0.577350269189625,0.577350269189626));
#11502=DIRECTION('',(0.577350269189627,-0.577350269189628,0.577350269189622));
#11503=DIRECTION('',(6.86112542686551E-34,1.0,3.52495810318487E-15));
#11504=DIRECTION('',(0.577350269189627,0.577350269189624,0.577350269189626));
#11505=DIRECTION('',(-0.577350269189627,0.577350269189629,-0.577350269189622));
#11506=CARTESIAN_POINT('',(-0.0416000000000001,-0.0256743392359504,-0.0270742392359504));
#11507=DIRECTION('',(3.1641356201817E-15,-3.52495810318487E-15,1.0));
#11508=DIRECTION('',(0.0,-1.0,-3.52495810318487E-15));
#11509=CARTESIAN_POINT('',(-0.0416000000000001,-0.0256743392359504,-0.0250742392359504));
#11510=DIRECTION('',(3.1641356201817E-15,-3.52495810318487E-15,1.0));
#11511=DIRECTION('',(0.0,-1.0,-3.52495810318487E-15));
#11512=DIRECTION('',(3.1641356201817E-15,-3.52495810318487E-15,1.0));
#11513=CARTESIAN_POINT('',(-0.0416,0.0472756607640495,-7.42392359502593E-05));
#11514=DIRECTION('',(2.23738175362439E-15,0.707106781186543,0.707106781186552));
#11515=DIRECTION('',(-2.23738175362438E-15,0.707106781186552,-0.707106781186543));
#11516=DIRECTION('',(-6.86112542686551E-34,-1.0,-3.52495810318487E-15));
#11517=CARTESIAN_POINT('',(-0.0416,0.0299256607640495,-7.42392359503204E-05));
#11518=DIRECTION('',(2.23738175362437E-15,-0.70710678118655,0.707106781186545));
#11519=DIRECTION('',(2.23738175362437E-15,0.707106781186546,0.70710678118655));
#11520=CARTESIAN_POINT('',(-0.0387999999959945,0.00322705803071082,-7.42392359504261E-05));
#11521=DIRECTION('',(0.0,-3.46944695195361E-15,1.0));
#11522=DIRECTION('',(0.0,-1.0,-3.46944695195361E-15));
#11523=CARTESIAN_POINT('',(-0.0387999999959968,0.0032270580307131,0.000925760764049575));
#11524=DIRECTION('',(-3.1641356201817E-15,3.52495810318487E-15,-1.0));
#11525=DIRECTION('',(-1.0,0.0,3.1641356201817E-15));
#11526=DIRECTION('',(3.1641356201817E-15,-3.52495810318487E-15,1.0));
#11527=DIRECTION('',(-4.11667525612351E-33,-1.0,-3.52495810318487E-15));
#11528=DIRECTION('',(-3.1641356201817E-15,3.52495810318487E-15,-1.0));
#11529=DIRECTION('',(4.11667525612351E-33,1.0,3.52495810318487E-15));
#11530=CARTESIAN_POINT('',(-0.0388,-0.0228743392359505,-0.0150742392359504));
#11531=DIRECTION('',(3.1641356201817E-15,-3.52495810318487E-15,1.0));
#11532=DIRECTION('',(0.0,-1.0,-3.52495810318487E-15));
#11533=CARTESIAN_POINT('',(-0.0388000000000001,-0.0228743392359504,-0.0250742392359504));
#11534=DIRECTION('',(3.1641356201817E-15,-3.52495810318487E-15,1.0));
#11535=DIRECTION('',(0.0,-1.0,-3.52495810318487E-15));
#11536=DIRECTION('',(3.1641356201817E-15,-3.52495810318487E-15,1.0));
#11537=CARTESIAN_POINT('',(-0.0383,-0.0223743392359505,-7.42392359505179E-05));
#11538=DIRECTION('',(0.0,-3.46944695195362E-15,1.0));
#11539=DIRECTION('',(0.0,-1.0,-3.46944695195362E-15));
#11540=CARTESIAN_POINT('',(-0.0383000000000001,-0.0223743392359504,-0.0250742392359504));
#11541=DIRECTION('',(3.1641356201817E-15,-3.52495810318487E-15,1.0));
#11542=DIRECTION('',(0.0,-1.0,-3.52495810318487E-15));
#11543=DIRECTION('',(-3.1641356201817E-15,3.52495810318487E-15,-1.0));
#11544=DIRECTION('',(-4.11667525615855E-33,-1.0,-3.52495810318487E-15));
#11545=DIRECTION('',(3.1641356201817E-15,-3.52495810318487E-15,1.0));
#11546=DIRECTION('',(-4.11667525615855E-33,-1.0,-3.52495810318487E-15));
#11547=DIRECTION('',(1.11596205068196E-29,-1.0,1.82963344716784E-30));
#11548=DIRECTION('',(-2.23738175362438E-15,0.707106781186549,-0.707106781186546));
#11549=DIRECTION('',(3.1641356201817E-15,2.12394302275717E-45,1.0));
#11550=DIRECTION('',(-2.23738175362437E-15,-0.707106781186548,-0.707106781186548));
#11551=DIRECTION('',(-1.11596205068196E-29,1.0,3.53105527533379E-44));
#11552=DIRECTION('',(2.23738175362438E-15,-0.707106781186549,0.707106781186546));
#11553=DIRECTION('',(-3.1641356201817E-15,8.93826022076973E-45,-1.0));
#11554=DIRECTION('',(2.23738175362437E-15,0.707106781186548,0.707106781186548));
#11555=DIRECTION('',(-3.1641356201817E-15,3.52495810318487E-15,-1.0));
#11556=DIRECTION('',(-6.17501288419298E-33,1.0,3.52495810318487E-15));
#11557=DIRECTION('',(3.1641356201817E-15,-3.52495810318487E-15,1.0));
#11558=DIRECTION('',(-1.10429813745626E-29,-1.0,-7.01695646032619E-15));
#11559=DIRECTION('',(1.10429813745626E-29,1.0,7.01695646032619E-15));
#11560=DIRECTION('',(-0.577350269189625,-0.577350269189629,0.577350269189623));
#11561=DIRECTION('',(-0.577350269189625,0.577350269189622,0.577350269189631));
#11562=DIRECTION('',(-0.577350269189623,-0.577350269189632,0.577350269189622));
#11563=DIRECTION('',(3.1641356201817E-15,-3.52495810318487E-15,1.0));
#11564=DIRECTION('',(-0.577350269189623,-0.577350269189627,0.577350269189627));
#11565=DIRECTION('',(-0.577350269189627,-0.577350269189623,-0.577350269189627));
#11566=DIRECTION('',(-6.17501288419298E-33,1.0,3.52495810318487E-15));
#11567=DIRECTION('',(-3.1641356201817E-15,3.52495810318487E-15,-1.0));
#11568=DIRECTION('',(-6.17501288419298E-33,1.0,3.52495810318487E-15));
#11569=DIRECTION('',(3.1641356201817E-15,-3.52495810318487E-15,1.0));
#11570=DIRECTION('',(-6.17501288419298E-33,1.0,3.52495810318487E-15));
#11571=DIRECTION('',(3.1641356201817E-15,-3.52495810318487E-15,1.0));
#11572=DIRECTION('',(6.17501288419298E-33,-1.0,-3.52495810318487E-15));
#11573=DIRECTION('',(-3.1641356201817E-15,3.52495810318487E-15,-1.0));
#11574=DIRECTION('',(-6.17501288419298E-33,1.0,3.52495810318487E-15));
#11575=DIRECTION('',(-6.17501288419298E-33,1.0,3.52495810318487E-15));
#11576=DIRECTION('',(-3.1641356201817E-15,3.52495810318487E-15,-1.0));
#11577=DIRECTION('',(6.17501288419298E-33,-1.0,-3.52495810318487E-15));
#11578=DIRECTION('',(-3.1641356201817E-15,3.52495810318487E-15,-1.0));
#11579=DIRECTION('',(-6.17501288419298E-33,1.0,3.52495810318487E-15));
#11580=DIRECTION('',(1.11596205068196E-29,-1.0,-3.53105527533379E-44));
#11581=CARTESIAN_POINT('',(0.0415999999999999,-0.0256743392359504,-0.0270742392359507));
#11582=DIRECTION('',(3.1641356201817E-15,-3.52495810318487E-15,1.0));
#11583=DIRECTION('',(0.0,-1.0,-3.52495810318487E-15));
#11584=DIRECTION('',(3.1641356201817E-15,-3.52495810318487E-15,1.0));
#11585=CARTESIAN_POINT('',(0.0415999999999999,-0.0256743392359504,-0.0250742392359507));
#11586=DIRECTION('',(3.1641356201817E-15,-3.52495810318487E-15,1.0));
#11587=DIRECTION('',(0.0,-1.0,-3.52495810318487E-15));
#11588=DIRECTION('',(-3.1641356201817E-15,3.52495810318487E-15,-1.0));
#11589=DIRECTION('',(-3.87653586619114E-32,1.0,3.52495810318487E-15));
#11590=DIRECTION('',(3.1641356201817E-15,-3.52495810318487E-15,1.0));
#11591=DIRECTION('',(-3.87653586619114E-32,1.0,3.52495810318487E-15));
#11592=CARTESIAN_POINT('',(0.0388,-0.0228743392359505,-0.0150742392359507));
#11593=DIRECTION('',(3.1641356201817E-15,-3.52495810318487E-15,1.0));
#11594=DIRECTION('',(0.0,-1.0,-3.52495810318487E-15));
#11595=CARTESIAN_POINT('',(0.0387999999999999,-0.0228743392359504,-0.0250742392359507));
#11596=DIRECTION('',(3.1641356201817E-15,-3.52495810318487E-15,1.0));
#11597=DIRECTION('',(0.0,-1.0,-3.52495810318487E-15));
#11598=CARTESIAN_POINT('',(0.0383,-0.0223743392359505,-7.42392359507574E-05));
#11599=DIRECTION('',(0.0,-3.46944695195361E-15,1.0));
#11600=DIRECTION('',(0.0,-1.0,-3.46944695195361E-15));
#11601=DIRECTION('',(3.1641356201817E-15,-3.52495810318487E-15,1.0));
#11602=CARTESIAN_POINT('',(0.0382999999999999,-0.0223743392359504,-0.0250742392359507));
#11603=DIRECTION('',(3.1641356201817E-15,-3.52495810318487E-15,1.0));
#11604=DIRECTION('',(0.0,-1.0,-3.52495810318487E-15));
#11605=CARTESIAN_POINT('',(0.0387999999959946,0.00322705803071082,-7.42392359506672E-05));
#11606=DIRECTION('',(0.0,-3.46944695195361E-15,1.0));
#11607=DIRECTION('',(0.0,-1.0,-3.46944695195361E-15));
#11608=CARTESIAN_POINT('',(0.0387999999959968,0.0032270580307131,0.000925760764049333));
#11609=DIRECTION('',(-3.1641356201817E-15,3.52495810318487E-15,-1.0));
#11610=DIRECTION('',(-1.0,0.0,3.1641356201817E-15));
#11611=DIRECTION('',(-3.1641356201817E-15,3.52495810318487E-15,-1.0));
#11612=DIRECTION('',(-4.11667525613753E-33,-1.0,-3.52495810318487E-15));
#11613=DIRECTION('',(-3.1641356201817E-15,3.52495810318487E-15,-1.0));
#11614=DIRECTION('',(4.11667525613753E-33,1.0,3.52495810318487E-15));
#11615=DIRECTION('',(-3.1641356201817E-15,3.52495810318487E-15,-1.0));
#11616=DIRECTION('',(-1.0,-8.21679955179586E-33,3.1641356201817E-15));
#11617=DIRECTION('',(3.1641356201817E-15,-3.52495810318487E-15,1.0));
#11618=DIRECTION('',(1.0,-1.11452286943836E-29,-7.82055844888675E-44));
#11619=DIRECTION('',(0.577350269189628,0.577350269189624,0.577350269189626));
#11620=DIRECTION('',(0.577350269189623,0.577350269189627,-0.577350269189627));
#11621=DIRECTION('',(-0.577350269189627,-0.577350269189631,0.57735026918962));
#11622=DIRECTION('',(0.707106781186549,-0.707106781186546,-4.72990353178487E-15));
#11623=DIRECTION('',(-0.577350269189631,0.577350269189629,-0.577350269189618));
#11624=DIRECTION('',(-1.0,1.11452286943836E-29,7.82055844888675E-44));
#11625=DIRECTION('',(-1.0,-8.21679955179586E-33,3.1641356201817E-15));
#11626=DIRECTION('',(1.0,8.21679955179586E-33,-3.1641356201817E-15));
#11627=DIRECTION('',(3.1641356201817E-15,-3.52495810318487E-15,1.0));
#11628=DIRECTION('',(-1.0,-8.21679955179586E-33,3.1641356201817E-15));
#11629=DIRECTION('',(3.1641356201817E-15,-3.52495810318487E-15,1.0));
#11630=DIRECTION('',(-1.0,-8.21679955179586E-33,3.1641356201817E-15));
#11631=CARTESIAN_POINT('',(0.0415999999999999,0.0775256607640496,-0.0270742392359503));
#11632=DIRECTION('',(3.1641356201817E-15,-3.52495810318487E-15,1.0));
#11633=DIRECTION('',(0.0,-1.0,-3.52495810318487E-15));
#11634=CARTESIAN_POINT('',(0.0415999999999999,0.0775256607640496,-0.0250742392359503));
#11635=DIRECTION('',(3.1641356201817E-15,-3.52495810318487E-15,1.0));
#11636=DIRECTION('',(0.0,-1.0,-3.52495810318487E-15));
#11637=CARTESIAN_POINT('',(-0.0416000000000001,0.0775256607640496,-0.02707423923595));
#11638=DIRECTION('',(3.1641356201817E-15,-3.52495810318487E-15,1.0));
#11639=DIRECTION('',(0.0,-1.0,-3.52495810318487E-15));
#11640=CARTESIAN_POINT('',(-0.0416000000000001,0.0775256607640496,-0.02507423923595));
#11641=DIRECTION('',(3.1641356201817E-15,-3.52495810318487E-15,1.0));
#11642=DIRECTION('',(0.0,-1.0,-3.52495810318487E-15));
#11643=DIRECTION('',(1.0,2.25484266770212E-32,-3.1641356201817E-15));
#11644=DIRECTION('',(-3.1641356201817E-15,3.52495810318487E-15,-1.0));
#11645=DIRECTION('',(-1.0,-2.25484266770212E-32,3.1641356201817E-15));
#11646=CARTESIAN_POINT('',(0.0388,0.0747256607640495,-0.0150742392359503));
#11647=DIRECTION('',(3.1641356201817E-15,-3.52495810318487E-15,1.0));
#11648=DIRECTION('',(0.0,-1.0,-3.52495810318487E-15));
#11649=CARTESIAN_POINT('',(0.0387999999999999,0.0747256607640496,-0.0250742392359503));
#11650=DIRECTION('',(3.1641356201817E-15,-3.52495810318487E-15,1.0));
#11651=DIRECTION('',(0.0,-1.0,-3.52495810318487E-15));
#11652=DIRECTION('',(3.1641356201817E-15,-3.52495810318487E-15,1.0));
#11653=DIRECTION('',(-1.0,-2.25484266770506E-32,3.1641356201817E-15));
#11654=DIRECTION('',(-1.0,-2.25484266770506E-32,3.1641356201817E-15));
#11655=CARTESIAN_POINT('',(-0.0388,0.0747256607640495,-0.0150742392359501));
#11656=DIRECTION('',(3.1641356201817E-15,-3.52495810318487E-15,1.0));
#11657=DIRECTION('',(0.0,-1.0,-3.52495810318487E-15));
#11658=CARTESIAN_POINT('',(-0.0388000000000001,0.0747256607640496,-0.0250742392359501));
#11659=DIRECTION('',(3.1641356201817E-15,-3.52495810318487E-15,1.0));
#11660=DIRECTION('',(0.0,-1.0,-3.52495810318487E-15));
#11661=CARTESIAN_POINT('',(-0.0383,0.0742256607640495,-7.42392359501776E-05));
#11662=DIRECTION('',(0.0,0.0,1.0));
#11663=DIRECTION('',(1.0,0.0,-0.0));
#11664=CARTESIAN_POINT('',(-0.0383000000000001,0.0742256607640496,-0.0250742392359501));
#11665=DIRECTION('',(3.1641356201817E-15,-3.52495810318487E-15,1.0));
#11666=DIRECTION('',(0.0,-1.0,-3.52495810318487E-15));
#11667=CARTESIAN_POINT('',(0.0383,0.0742256607640495,-7.42392359504135E-05));
#11668=DIRECTION('',(0.0,-0.0,1.0));
#11669=DIRECTION('',(1.0,0.0,0.0));
#11670=CARTESIAN_POINT('',(0.0382999999999999,0.0742256607640496,-0.0250742392359503));
#11671=DIRECTION('',(3.1641356201817E-15,-3.52495810318487E-15,1.0));
#11672=DIRECTION('',(0.0,-1.0,-3.52495810318487E-15));
#11673=DIRECTION('',(-1.0,0.0,0.0));
#11674=DIRECTION('',(0.0,0.0,1.0));
#11675=DIRECTION('',(1.0,0.0,0.0));
#11676=DIRECTION('',(0.0,0.0,1.0));
#11677=CARTESIAN_POINT('',(0.0165,0.0678256607640495,0.000925760764049629));
#11678=DIRECTION('',(3.1641356201817E-15,-3.52495810318487E-15,1.0));
#11679=DIRECTION('',(0.0,-1.0,-3.52495810318487E-15));
#11680=DIRECTION('',(0.0,0.0,1.0));
#11681=CARTESIAN_POINT('',(0.0165,0.0678256607640495,0.00192576076404961));
#11682=DIRECTION('',(0.0,0.0,-1.0));
#11683=DIRECTION('',(-1.0,0.0,0.0));
#11684=CARTESIAN_POINT('',(-0.0165,0.0678256607640495,0.000925760764049734));
#11685=DIRECTION('',(3.1641356201817E-15,-3.52495810318487E-15,1.0));
#11686=DIRECTION('',(0.0,-1.0,-3.52495810318487E-15));
#11687=CARTESIAN_POINT('',(-0.0165,0.0678256607640495,0.00192576076404961));
#11688=DIRECTION('',(0.0,0.0,-1.0));
#11689=DIRECTION('',(-1.0,0.0,0.0));
#11690=DIRECTION('',(-0.0,0.0,1.0));
#11691=CARTESIAN_POINT('',(0.0152,0.0665256607640495,0.00192576076404962));
#11692=DIRECTION('',(0.0,0.0,-1.0));
#11693=DIRECTION('',(-1.0,0.0,0.0));
#11694=CARTESIAN_POINT('',(0.0152,0.0665256607640495,0.000424760764049617));
#11695=DIRECTION('',(3.1641356201817E-15,-3.52495810318487E-15,1.0));
#11696=DIRECTION('',(0.0,-1.0,-3.52495810318487E-15));
#11697=CARTESIAN_POINT('',(0.0152,0.0665256607640495,-0.0053752392359504));
#11698=DIRECTION('',(0.0,0.0,-1.0));
#11699=DIRECTION('',(-1.0,0.0,0.0));
#11700=CARTESIAN_POINT('',(0.0152,0.0665256607640495,0.000424760764049617));
#11701=DIRECTION('',(3.1641356201817E-15,-3.52495810318487E-15,1.0));
#11702=DIRECTION('',(0.0,-1.0,-3.52495810318487E-15));
#11703=CARTESIAN_POINT('',(-0.0152,0.0665256607640495,0.00192576076404962));
#11704=DIRECTION('',(0.0,0.0,-1.0));
#11705=DIRECTION('',(-1.0,0.0,0.0));
#11706=CARTESIAN_POINT('',(-0.0152,0.0665256607640495,0.000424760764049713));
#11707=DIRECTION('',(3.1641356201817E-15,-3.52495810318487E-15,1.0));
#11708=DIRECTION('',(0.0,-1.0,-3.52495810318487E-15));
#11709=CARTESIAN_POINT('',(-0.0152,0.0665256607640495,-0.0053752392359504));
#11710=DIRECTION('',(0.0,0.0,-1.0));
#11711=DIRECTION('',(-1.0,0.0,0.0));
#11712=CARTESIAN_POINT('',(-0.0152,0.0665256607640495,0.000424760764049713));
#11713=DIRECTION('',(3.1641356201817E-15,-3.52495810318487E-15,1.0));
#11714=DIRECTION('',(0.0,-1.0,-3.52495810318487E-15));
#11715=CARTESIAN_POINT('',(0.0152,0.0378997007966495,0.00192576076404962));
#11716=DIRECTION('',(0.0,0.0,-1.0));
#11717=DIRECTION('',(-1.0,0.0,0.0));
#11718=CARTESIAN_POINT('',(0.0152,0.0378997007966495,0.000424760764049516));
#11719=DIRECTION('',(3.1641356201817E-15,-3.52495810318487E-15,1.0));
#11720=DIRECTION('',(0.0,-1.0,-3.52495810318487E-15));
#11721=CARTESIAN_POINT('',(0.0152,0.0378997007966495,0.000424760764049516));
#11722=DIRECTION('',(3.1641356201817E-15,-3.52495810318487E-15,1.0));
#11723=DIRECTION('',(0.0,-1.0,-3.52495810318487E-15));
#11724=CARTESIAN_POINT('',(0.0152,0.0378997007966495,-0.0053752392359504));
#11725=DIRECTION('',(0.0,0.0,-1.0));
#11726=DIRECTION('',(-1.0,0.0,0.0));
#11727=CARTESIAN_POINT('',(-0.0152,0.0378997007966495,0.00192576076404962));
#11728=DIRECTION('',(0.0,0.0,-1.0));
#11729=DIRECTION('',(-1.0,0.0,0.0));
#11730=CARTESIAN_POINT('',(-0.0152,0.0378997007966495,0.000424760764049612));
#11731=DIRECTION('',(3.1641356201817E-15,-3.52495810318487E-15,1.0));
#11732=DIRECTION('',(0.0,-1.0,-3.52495810318487E-15));
#11733=CARTESIAN_POINT('',(-0.0152,0.0378997007966495,0.000424760764049613));
#11734=DIRECTION('',(3.1641356201817E-15,-3.52495810318487E-15,1.0));
#11735=DIRECTION('',(0.0,-1.0,-3.52495810318487E-15));
#11736=CARTESIAN_POINT('',(-0.0152,0.0378997007966495,-0.0053752392359504));
#11737=DIRECTION('',(0.0,0.0,-1.0));
#11738=DIRECTION('',(-1.0,0.0,0.0));
#11739=DIRECTION('',(1.0,-5.84211852719782E-18,-4.09936501468139E-32));
#11740=DIRECTION('',(-0.576995192478956,-0.578059768287283,0.576995192478954));
#11741=DIRECTION('',(-1.0,5.84211852719782E-18,4.0993891341412E-32));
#11742=DIRECTION('',(0.576995192478958,-0.578059768287282,0.576995192478953));
#11743=DIRECTION('',(-0.707106180520515,-0.00130343368707879,0.707106180520516));
#11744=DIRECTION('',(5.85630858420004E-18,-1.0,-7.01695646032619E-15));
#11745=DIRECTION('',(0.577704691978572,-0.576640770091639,-0.577704691978578));
#11746=DIRECTION('',(-5.85630858420004E-18,1.0,7.01695646032619E-15));
#11747=DIRECTION('',(-3.17702317452607E-15,0.00184333203206677,-0.999998301062067));
#11748=DIRECTION('',(2.24442315789456E-15,0.706454764287107,0.707758197420594));
#11749=DIRECTION('',(-3.17702317452607E-15,0.00184333203206677,-0.999998301062067));
#11750=DIRECTION('',(-5.85630858422233E-18,1.0,0.0));
#11751=DIRECTION('',(0.577704691978574,0.576640770091639,0.577704691978577));
#11752=DIRECTION('',(1.0,-5.86929117151036E-18,-4.11845606034651E-32));
#11753=DIRECTION('',(-1.0,5.86929117151037E-18,4.11862428089354E-32));
#11754=DIRECTION('',(-2.24442315789456E-15,-0.706454764287107,-0.707758197420594));
#11755=DIRECTION('',(-3.17702317452607E-15,0.00184333203206677,-0.999998301062067));
#11756=DIRECTION('',(1.0,-5.86929117151036E-18,0.0));
#11757=DIRECTION('',(-5.85630858419995E-18,1.0,7.01695646032619E-15));
#11758=DIRECTION('',(-0.707106180520516,0.00130343368707879,-0.707106180520515));
#11759=DIRECTION('',(5.85630858419995E-18,-1.0,-7.01695646032619E-15));
#11760=DIRECTION('',(-3.17702317452607E-15,0.00184333203206677,-0.999998301062067));
#11761=DIRECTION('',(5.85630858422224E-18,-1.0,0.0));
#11762=DIRECTION('',(-1.0,5.84211852719782E-18,0.0));
#11763=DIRECTION('',(1.0,-1.11530198684086E-29,-3.93139277601288E-44));
#11764=DIRECTION('',(0.0,0.0,1.0));
#11765=DIRECTION('',(-1.0,0.0,0.0));
#11766=DIRECTION('',(0.0,0.0,1.0));
#11767=CARTESIAN_POINT('',(0.0165,0.0368256607640495,0.00092576076404952));
#11768=DIRECTION('',(3.1641356201817E-15,-3.52495810318487E-15,1.0));
#11769=DIRECTION('',(0.0,-1.0,-3.52495810318487E-15));
#11770=CARTESIAN_POINT('',(0.0165,0.0368256607640495,0.00192576076404961));
#11771=DIRECTION('',(0.0,0.0,-1.0));
#11772=DIRECTION('',(-1.0,0.0,0.0));
#11773=DIRECTION('',(0.0,0.0,1.0));
#11774=CARTESIAN_POINT('',(0.032,0.0522756607640495,-7.42392359504738E-05));
#11775=DIRECTION('',(0.0,0.0,1.0));
#11776=DIRECTION('',(1.0,0.0,-0.0));
#11777=DIRECTION('',(0.0,-0.0,1.0));
#11778=CARTESIAN_POINT('',(0.032,0.0522756607640495,-0.00227523923595042));
#11779=DIRECTION('',(3.1641356201817E-15,-3.52495810318487E-15,1.0));
#11780=DIRECTION('',(0.0,-1.0,-3.52495810318487E-15));
#11781=DIRECTION('',(1.0,-3.88728324310868E-32,-3.1641356201817E-15));
#11782=DIRECTION('',(-3.1641356201817E-15,8.93826022076973E-45,-1.0));
#11783=DIRECTION('',(1.0,-3.88728324310868E-32,-3.1641356201817E-15));
#11784=DIRECTION('',(0.0,1.0,3.55618312575245E-15));
#11785=CARTESIAN_POINT('',(0.032,0.0522756607640495,-0.00227523923595041));
#11786=DIRECTION('',(0.0,0.0,-1.0));
#11787=DIRECTION('',(-1.0,0.0,0.0));
#11788=CARTESIAN_POINT('',(0.032,0.0522756607640495,0.00192576076404965));
#11789=DIRECTION('',(0.0,0.0,-1.0));
#11790=DIRECTION('',(-1.0,0.0,0.0));
#11791=DIRECTION('',(0.0,-0.0,1.0));
#11792=DIRECTION('',(-1.0,2.43610362791448E-31,3.1641356201817E-15));
#11793=DIRECTION('',(-1.0,1.13970558567268E-29,0.0));
#11794=DIRECTION('',(0.0,-0.0,1.0));
#11795=CARTESIAN_POINT('',(-0.032,0.0522756607640495,-7.42392359502726E-05));
#11796=DIRECTION('',(0.0,0.0,1.0));
#11797=DIRECTION('',(1.0,0.0,-0.0));
#11798=CARTESIAN_POINT('',(-0.032,0.0522756607640495,-0.00227523923595041));
#11799=DIRECTION('',(0.0,0.0,-1.0));
#11800=DIRECTION('',(-1.0,0.0,0.0));
#11801=CARTESIAN_POINT('',(-0.032,0.0522756607640495,-0.00227523923595041));
#11802=DIRECTION('',(0.0,0.0,-1.0));
#11803=DIRECTION('',(-1.0,0.0,0.0));
#11804=DIRECTION('',(1.0,-1.13288100132734E-29,0.0));
#11805=CARTESIAN_POINT('',(-0.032,0.0522756607640495,0.00192576076404965));
#11806=DIRECTION('',(0.0,0.0,-1.0));
#11807=DIRECTION('',(-1.0,0.0,0.0));
#11808=DIRECTION('',(1.0,-1.75364519337993E-31,-3.1641356201817E-15));
#11809=DIRECTION('',(-1.0,-2.25484266770114E-32,3.1641356201817E-15));
#11810=DIRECTION('',(-3.1641356201817E-15,3.52495810318487E-15,-1.0));
#11811=DIRECTION('',(-1.0,-2.25484266770114E-32,3.1641356201817E-15));
#11812=CARTESIAN_POINT('',(0.0387999999959968,0.0259256607600463,-7.42392359505885E-05));
#11813=DIRECTION('',(0.0,-3.46944695195361E-15,1.0));
#11814=DIRECTION('',(0.0,-1.0,-3.46944695195361E-15));
#11815=DIRECTION('',(-3.1641356201817E-15,3.52495810318487E-15,-1.0));
#11816=CARTESIAN_POINT('',(0.0387999999959967,0.0259256607600464,-0.0250742392359505));
#11817=DIRECTION('',(3.1641356201817E-15,-3.52495810318487E-15,1.0));
#11818=DIRECTION('',(0.0,-1.0,-3.52495810318487E-15));
#11819=DIRECTION('',(1.0,2.25484266770114E-32,-3.1641356201817E-15));
#11820=DIRECTION('',(1.0,2.25484266770114E-32,-3.1641356201817E-15));
#11821=CARTESIAN_POINT('',(0.0388,0.0259256607640495,-0.0150742392359505));
#11822=DIRECTION('',(3.1641356201817E-15,-3.52495810318487E-15,1.0));
#11823=DIRECTION('',(0.0,-1.0,-3.52495810318487E-15));
#11824=CARTESIAN_POINT('',(0.0387999999999999,0.0259256607640496,-0.0250742392359505));
#11825=DIRECTION('',(3.1641356201817E-15,-3.52495810318487E-15,1.0));
#11826=DIRECTION('',(0.0,-1.0,-3.52495810318487E-15));
#11827=DIRECTION('',(-3.1641356201817E-15,3.52495810318487E-15,-1.0));
#11828=CARTESIAN_POINT('',(-0.0387999999959968,0.0259256607600463,-7.4239235950343E-05));
#11829=DIRECTION('',(0.0,-3.46944695195362E-15,1.0));
#11830=DIRECTION('',(0.0,-1.0,-3.46944695195362E-15));
#11831=DIRECTION('',(-3.1641356201817E-15,3.52495810318487E-15,-1.0));
#11832=CARTESIAN_POINT('',(-0.0387999999959969,0.0259256607600464,-0.0250742392359503));
#11833=DIRECTION('',(3.1641356201817E-15,-3.52495810318487E-15,1.0));
#11834=DIRECTION('',(0.0,-1.0,-3.52495810318487E-15));
#11835=DIRECTION('',(-1.0,-2.25484266770324E-32,3.1641356201817E-15));
#11836=DIRECTION('',(1.0,2.25484266770324E-32,-3.1641356201817E-15));
#11837=CARTESIAN_POINT('',(-0.0388,0.0259256607640495,-0.0150742392359503));
#11838=DIRECTION('',(3.1641356201817E-15,-3.52495810318487E-15,1.0));
#11839=DIRECTION('',(0.0,-1.0,-3.52495810318487E-15));
#11840=CARTESIAN_POINT('',(-0.0388000000000001,0.0259256607640496,-0.0250742392359503));
#11841=DIRECTION('',(3.1641356201817E-15,-3.52495810318487E-15,1.0));
#11842=DIRECTION('',(0.0,-1.0,-3.52495810318487E-15));
#11843=DIRECTION('',(1.0,2.25484266770324E-32,-3.1641356201817E-15));
#11844=DIRECTION('',(-1.0,-2.25484266770324E-32,3.1641356201817E-15));
#11845=DIRECTION('',(0.0,-0.707106781186551,0.707106781186545));
#11846=DIRECTION('',(1.0,2.25484266770324E-32,-3.1641356201817E-15));
#11847=DIRECTION('',(0.0,0.707106781186545,0.70710678118655));
#11848=CARTESIAN_POINT('',(-0.0387999999959968,0.0259256607600463,0.000925760764049657));
#11849=DIRECTION('',(3.1641356201817E-15,-3.52495810318487E-15,1.0));
#11850=DIRECTION('',(0.0,-1.0,-3.52495810318487E-15));
#11851=DIRECTION('',(-1.0,-2.25484266770324E-32,3.1641356201817E-15));
#11852=DIRECTION('',(0.0,-0.70710678118655,0.707106781186545));
#11853=DIRECTION('',(1.0,-1.01377283964213E-32,-3.1641356201817E-15));
#11854=DIRECTION('',(0.0,0.707106781186545,0.70710678118655));
#11855=CARTESIAN_POINT('',(-0.0387999999959945,0.00322705803071081,0.000925760764049577));
#11856=DIRECTION('',(3.1641356201817E-15,-3.52495810318487E-15,1.0));
#11857=DIRECTION('',(0.0,-1.0,-3.52495810318487E-15));
#11858=DIRECTION('',(-1.0,-9.04547911455922E-32,3.1641356201817E-15));
#11859=DIRECTION('',(0.0,-0.707106781186565,0.70710678118653));
#11860=DIRECTION('',(1.0,-2.43610362791448E-31,-3.1641356201817E-15));
#11861=DIRECTION('',(0.0,0.707106781186543,0.707106781186552));
#11862=CARTESIAN_POINT('',(-0.032,0.0522756607640495,0.000925760764049728));
#11863=DIRECTION('',(3.1641356201817E-15,-3.52495810318487E-15,1.0));
#11864=DIRECTION('',(0.0,-1.0,-3.52495810318487E-15));
#11865=DIRECTION('',(-0.577350269189627,-0.577350269189623,-0.577350269189627));
#11866=DIRECTION('',(-1.0,1.75364519337993E-31,3.1641356201817E-15));
#11867=DIRECTION('',(-0.577350269189627,0.577350269189627,-0.577350269189623));
#11868=DIRECTION('',(6.86112542686551E-34,1.0,3.52495810318487E-15));
#11869=DIRECTION('',(0.0,-0.707106781186546,0.707106781186549));
#11870=DIRECTION('',(1.0,2.25484266770506E-32,-3.1641356201817E-15));
#11871=DIRECTION('',(0.707106781186548,0.0,0.707106781186547));
#11872=CARTESIAN_POINT('',(-0.0383,0.0742256607640495,0.000925760764049825));
#11873=DIRECTION('',(3.1641356201817E-15,-3.52495810318487E-15,1.0));
#11874=DIRECTION('',(0.0,-1.0,-3.52495810318487E-15));
#11875=DIRECTION('',(-0.577350269189627,0.577350269189627,-0.577350269189623));
#11876=DIRECTION('',(4.11667525615855E-33,1.0,3.52495810318487E-15));
#11877=DIRECTION('',(0.577350269189626,0.577350269189626,-0.577350269189625));
#11878=DIRECTION('',(1.0,8.21679955179586E-33,-3.1641356201817E-15));
#11879=DIRECTION('',(-1.0,2.52236637404344E-32,3.1641356201817E-15));
#11880=DIRECTION('',(-0.577350269189625,0.577350269189624,0.577350269189629));
#11881=DIRECTION('',(1.0,-2.52236637404344E-32,-3.1641356201817E-15));
#11882=DIRECTION('',(0.0,0.707106781186551,0.707106781186544));
#11883=DIRECTION('',(-0.707106781186548,-2.4532694666934E-15,0.707106781186547));
#11884=CARTESIAN_POINT('',(0.0383,-0.0223743392359505,0.000925760764049242));
#11885=DIRECTION('',(3.1641356201817E-15,-3.52495810318487E-15,1.0));
#11886=DIRECTION('',(0.0,-1.0,-3.52495810318487E-15));
#11887=DIRECTION('',(0.577350269189625,-0.577350269189623,-0.577350269189629));
#11888=DIRECTION('',(3.87653586619114E-32,-1.0,-3.52495810318487E-15));
#11889=DIRECTION('',(1.0,-1.3376185316877E-33,-3.1641356201817E-15));
#11890=DIRECTION('',(-0.577350269189627,-0.577350269189625,-0.577350269189626));
#11891=DIRECTION('',(-1.0,1.3376185316877E-33,3.1641356201817E-15));
#11892=DIRECTION('',(-1.0,1.3376185316877E-33,3.1641356201817E-15));
#11893=DIRECTION('',(-1.0,-2.25484266770212E-32,3.1641356201817E-15));
#11894=DIRECTION('',(0.0,-0.707106781186544,-0.707106781186551));
#11895=DIRECTION('',(1.0,2.25484266770212E-32,-3.1641356201817E-15));
#11896=DIRECTION('',(-0.707106781186548,2.4532694666934E-15,-0.707106781186547));
#11897=CARTESIAN_POINT('',(-0.0383,-0.0223743392359505,0.000925760764049485));
#11898=DIRECTION('',(3.1641356201817E-15,-3.52495810318487E-15,1.0));
#11899=DIRECTION('',(0.0,-1.0,-3.52495810318487E-15));
#11900=DIRECTION('',(4.11667525612351E-33,1.0,3.52495810318487E-15));
#11901=DIRECTION('',(0.577350269189626,0.577350269189626,-0.577350269189626));
#11902=DIRECTION('',(1.0,2.25484266770212E-32,-3.1641356201817E-15));
#11903=DIRECTION('',(0.0,0.707106781186549,-0.707106781186547));
#11904=DIRECTION('',(0.707106781186548,0.0,-0.707106781186547));
#11905=CARTESIAN_POINT('',(0.0383,0.0742256607640495,0.000925760764049583));
#11906=DIRECTION('',(3.1641356201817E-15,-3.52495810318487E-15,1.0));
#11907=DIRECTION('',(0.0,-1.0,-3.52495810318487E-15));
#11908=DIRECTION('',(-4.11667525613753E-33,-1.0,-3.52495810318487E-15));
#11909=DIRECTION('',(6.17501288419298E-33,-1.0,-3.52495810318487E-15));
#11910=DIRECTION('',(0.577350269189624,0.577350269189629,-0.577350269189624));
#11911=DIRECTION('',(1.0,2.93730110223684E-32,-3.1641356201817E-15));
#11912=DIRECTION('',(0.0,0.707106781186548,-0.707106781186547));
#11913=DIRECTION('',(0.0,-0.707106781186543,-0.707106781186552));
#11914=CARTESIAN_POINT('',(0.032,0.0522756607640495,0.000925760764049526));
#11915=DIRECTION('',(3.1641356201817E-15,-3.52495810318487E-15,1.0));
#11916=DIRECTION('',(0.0,-1.0,-3.52495810318487E-15));
#11917=DIRECTION('',(-1.0,3.88728324310868E-32,3.1641356201817E-15));
#11918=DIRECTION('',(0.577350269189626,-0.577350269189622,-0.577350269189629));
#11919=DIRECTION('',(6.17501288419298E-33,-1.0,-3.52495810318487E-15));
#11920=DIRECTION('',(0.577350269189625,-0.577350269189624,-0.577350269189629));
#11921=DIRECTION('',(0.0,0.707106781186545,0.70710678118655));
#11922=DIRECTION('',(-1.0,-2.25484266770114E-32,3.1641356201817E-15));
#11923=DIRECTION('',(0.0,-0.70710678118655,0.707106781186545));
#11924=CARTESIAN_POINT('',(0.0387999999959968,0.0259256607600463,0.000925760764049411));
#11925=DIRECTION('',(3.1641356201817E-15,-3.52495810318487E-15,1.0));
#11926=DIRECTION('',(0.0,-1.0,-3.52495810318487E-15));
#11927=DIRECTION('',(0.577350269189625,0.577350269189628,-0.577350269189625));
#11928=DIRECTION('',(1.0,2.25484266770114E-32,-3.1641356201817E-15));
#11929=DIRECTION('',(-0.577350269189625,0.577350269189623,0.577350269189629));
#11930=DIRECTION('',(6.17501288419298E-33,-1.0,-3.52495810318487E-15));
#11931=DIRECTION('',(6.17501288419298E-33,-1.0,-3.52495810318487E-15));
#11932=DIRECTION('',(-0.577350269189625,-0.577350269189627,0.577350269189625));
#11933=DIRECTION('',(1.0,-1.01377283964633E-32,-3.1641356201817E-15));
#11934=DIRECTION('',(0.0,0.70710678118655,-0.707106781186545));
#11935=DIRECTION('',(0.0,-0.707106781186545,-0.70710678118655));
#11936=CARTESIAN_POINT('',(0.0387999999959946,0.00322705803071081,0.000925760764049331));
#11937=DIRECTION('',(3.1641356201817E-15,-3.52495810318487E-15,1.0));
#11938=DIRECTION('',(0.0,-1.0,-3.52495810318487E-15));
#11939=DIRECTION('',(-1.0,1.10690494359718E-31,3.1641356201817E-15));
#11940=DIRECTION('',(-6.17501288419298E-33,1.0,3.52495810318487E-15));
#11941=DIRECTION('',(-6.17501288419298E-33,1.0,3.52495810318487E-15));
#11942=DIRECTION('',(1.11596205068196E-29,-1.0,-3.53105527533379E-44));
#11943=DIRECTION('',(6.17501288419298E-33,-1.0,-3.52495810318487E-15));
#11944=DIRECTION('',(6.17501288419298E-33,-1.0,-3.52495810318487E-15));
#11945=DIRECTION('',(-0.707106781186548,0.707106781186548,4.72990353178487E-15));
#11946=DIRECTION('',(6.86112542686551E-34,1.0,3.52495810318487E-15));
#11947=DIRECTION('',(1.0,8.21679955179586E-33,-3.1641356201817E-15));
#11948=DIRECTION('',(0.707106781186549,-0.707106781186546,-4.72990353178487E-15));
#11949=DIRECTION('',(6.17501288419298E-33,-1.0,-3.52495810318487E-15));
#11950=DIRECTION('',(-1.0,1.3376185316877E-33,3.1641356201817E-15));
#11951=DIRECTION('',(1.0,-1.3376185316877E-33,-3.1641356201817E-15));
#11952=DIRECTION('',(-0.577350269189622,0.577350269189625,0.57735026918963));
#11953=DIRECTION('',(-0.281084637714805,-0.678598344545849,-0.678598344545852));
#11954=DIRECTION('',(-0.678598344545851,-0.281084637714805,-0.67859834454585));
#11955=DIRECTION('',(-0.577350269189627,0.577350269189627,-0.577350269189623));
#11956=DIRECTION('',(-0.678598344545844,-0.28108463771482,0.67859834454585));
#11957=DIRECTION('',(-0.281084637714815,-0.678598344545849,0.678598344545847));
#11958=DIRECTION('',(1.0,-1.3376185316877E-33,-3.1641356201817E-15));
#11959=DIRECTION('',(-1.0,-2.25484266770212E-32,3.1641356201817E-15));
#11960=DIRECTION('',(1.0,-1.3376185316877E-33,-3.1641356201817E-15));
#11961=DIRECTION('',(1.0,1.11596205068196E-29,-3.1641356201817E-15));
#11962=DIRECTION('',(-1.0,-1.11596205068196E-29,3.1641356201817E-15));
#11963=DIRECTION('',(1.0,1.11596205068196E-29,-3.1641356201817E-15));
#11964=DIRECTION('',(-1.0,-1.11596205068196E-29,3.1641356201817E-15));
#11965=DIRECTION('',(1.0,1.11596205068196E-29,-3.1641356201817E-15));
#11966=DIRECTION('',(-1.0,-1.11596205068196E-29,3.1641356201817E-15));
#11967=DIRECTION('',(1.0,1.11596205068196E-29,-3.1641356201817E-15));
#11968=DIRECTION('',(-1.0,-1.11596205068196E-29,3.1641356201817E-15));
#11969=CARTESIAN_POINT('',(0.000200016112074122,0.00287122656432933,0.00292576076404957));
#11970=DIRECTION('',(-0.0,7.01695646032619E-15,-1.0));
#11971=DIRECTION('',(0.0,1.0,7.01695646032619E-15));
#11972=CARTESIAN_POINT('',(0.000200016112074122,0.00287122656432933,0.00292576076404957));
#11973=DIRECTION('',(-0.0,7.01695646032619E-15,-1.0));
#11974=DIRECTION('',(0.0,1.0,7.01695646032619E-15));
#11975=CARTESIAN_POINT('',(0.0136350449546185,0.0163062554068737,0.00292576076404966));
#11976=DIRECTION('',(-0.0,7.01695646032619E-15,-1.0));
#11977=DIRECTION('',(0.0,1.0,7.01695646032619E-15));
#11978=CARTESIAN_POINT('',(0.000200016112074122,0.00287122656432933,0.00292576076404957));
#11979=DIRECTION('',(-0.0,7.01695646032618E-15,-1.0));
#11980=DIRECTION('',(0.0,1.0,7.01695646032618E-15));
#11981=CARTESIAN_POINT('',(0.0136350449546185,-0.0105638022782151,0.00292576076404947));
#11982=DIRECTION('',(-0.0,7.01695646032619E-15,-1.0));
#11983=DIRECTION('',(0.0,1.0,7.01695646032619E-15));
#11984=CARTESIAN_POINT('',(0.000200016112074122,0.00287122656432933,0.00292576076404957));
#11985=DIRECTION('',(-0.0,7.01695646032619E-15,-1.0));
#11986=DIRECTION('',(0.0,1.0,7.01695646032619E-15));
#11987=CARTESIAN_POINT('',(0.00939240426749925,0.0120636147197544,0.00292576076404963));
#11988=DIRECTION('',(-0.0,7.01695646032619E-15,-1.0));
#11989=DIRECTION('',(0.0,1.0,7.01695646032619E-15));
#11990=CARTESIAN_POINT('',(0.000200016112074122,0.00287122656432933,0.00292576076404957));
#11991=DIRECTION('',(-0.0,7.01695646032619E-15,-1.0));
#11992=DIRECTION('',(0.0,1.0,7.01695646032619E-15));
#11993=CARTESIAN_POINT('',(0.00939240426749923,-0.0063211615910958,0.0029257607640495));
#11994=DIRECTION('',(-0.0,7.01695646032619E-15,-1.0));
#11995=DIRECTION('',(0.0,1.0,7.01695646032619E-15));
#11996=CARTESIAN_POINT('',(0.000200016112074122,0.00287122656432933,0.00292576076404957));
#11997=DIRECTION('',(-0.0,7.01695646032619E-15,-1.0));
#11998=DIRECTION('',(0.0,1.0,7.01695646032619E-15));
#11999=CARTESIAN_POINT('',(0.0058568703615665,0.00852808081382171,0.00292576076404961));
#12000=DIRECTION('',(-0.0,7.01695646032619E-15,-1.0));
#12001=DIRECTION('',(0.0,1.0,7.01695646032619E-15));
#12002=CARTESIAN_POINT('',(0.000200016112074122,0.00287122656432933,0.00292576076404957));
#12003=DIRECTION('',(-0.0,7.01695646032619E-15,-1.0));
#12004=DIRECTION('',(0.0,1.0,7.01695646032619E-15));
#12005=CARTESIAN_POINT('',(0.00585687036156649,-0.00278562768516306,0.00292576076404953));
#12006=DIRECTION('',(-0.0,7.01695646032619E-15,-1.0));
#12007=DIRECTION('',(0.0,1.0,7.01695646032619E-15));
#12008=CARTESIAN_POINT('',(-0.00545683813741827,-0.00278562768516304,0.00292576076404953));
#12009=DIRECTION('',(-0.0,7.01695646032619E-15,-1.0));
#12010=DIRECTION('',(0.0,1.0,7.01695646032619E-15));
#12011=CARTESIAN_POINT('',(0.000200016112074122,0.00287122656432933,0.00292576076404957));
#12012=DIRECTION('',(-0.0,7.01695646032619E-15,-1.0));
#12013=DIRECTION('',(0.0,1.0,7.01695646032619E-15));
#12014=CARTESIAN_POINT('',(-0.00545683813741824,0.00852808081382173,0.00292576076404961));
#12015=DIRECTION('',(-0.0,7.01695646032619E-15,-1.0));
#12016=DIRECTION('',(0.0,1.0,7.01695646032619E-15));
#12017=CARTESIAN_POINT('',(0.000200016112074122,0.00287122656432933,0.00292576076404957));
#12018=DIRECTION('',(-0.0,7.01695646032619E-15,-1.0));
#12019=DIRECTION('',(0.0,1.0,7.01695646032619E-15));
#12020=CARTESIAN_POINT('',(-0.00899237204335101,-0.00632116159109578,0.0029257607640495));
#12021=DIRECTION('',(-0.0,7.01695646032619E-15,-1.0));
#12022=DIRECTION('',(0.0,1.0,7.01695646032619E-15));
#12023=CARTESIAN_POINT('',(0.000200016112074122,0.00287122656432933,0.00292576076404957));
#12024=DIRECTION('',(-0.0,7.01695646032619E-15,-1.0));
#12025=DIRECTION('',(0.0,1.0,7.01695646032619E-15));
#12026=CARTESIAN_POINT('',(-0.00899237204335096,0.0120636147197545,0.00292576076404963));
#12027=DIRECTION('',(-0.0,7.01695646032618E-15,-1.0));
#12028=DIRECTION('',(0.0,1.0,7.01695646032618E-15));
#12029=CARTESIAN_POINT('',(0.000200016112074122,0.00287122656432933,0.00292576076404957));
#12030=DIRECTION('',(-0.0,7.01695646032619E-15,-1.0));
#12031=DIRECTION('',(0.0,1.0,7.01695646032619E-15));
#12032=CARTESIAN_POINT('',(-0.0132350127304703,-0.0105638022782151,0.00292576076404947));
#12033=DIRECTION('',(-0.0,7.01695646032619E-15,-1.0));
#12034=DIRECTION('',(0.0,1.0,7.01695646032619E-15));
#12035=CARTESIAN_POINT('',(0.000200016112074122,0.00287122656432933,0.00292576076404957));
#12036=DIRECTION('',(-0.0,7.01695646032618E-15,-1.0));
#12037=DIRECTION('',(0.0,1.0,7.01695646032618E-15));
#12038=CARTESIAN_POINT('',(-0.0132350127304702,0.0163062554068738,0.00292576076404966));
#12039=DIRECTION('',(-0.0,7.01695646032619E-15,-1.0));
#12040=DIRECTION('',(0.0,1.0,7.01695646032618E-15));
#12041=CARTESIAN_POINT('',(0.000200016112074122,0.00287122656432933,0.00292576076404957));
#12042=DIRECTION('',(-0.0,7.01695646032619E-15,-1.0));
#12043=DIRECTION('',(0.0,1.0,7.01695646032619E-15));
#12044=DIRECTION('',(3.1641356201817E-15,-3.52495810318487E-15,1.0));
#12045=CARTESIAN_POINT('',(0.0136350449546185,-0.0105638022782151,0.00192576076404936));
#12046=DIRECTION('',(3.1641356201817E-15,-3.52495810318487E-15,1.0));
#12047=DIRECTION('',(0.0,-1.0,-3.52495810318487E-15));
#12048=DIRECTION('',(3.1641356201817E-15,-3.52495810318487E-15,1.0));
#12049=CARTESIAN_POINT('',(0.000200016112074119,0.00287122656432934,0.00192576076404945));
#12050=DIRECTION('',(3.1641356201817E-15,-3.52495810318487E-15,1.0));
#12051=DIRECTION('',(0.0,-1.0,-3.52495810318487E-15));
#12052=DIRECTION('',(3.1641356201817E-15,-3.52495810318487E-15,1.0));
#12053=DIRECTION('',(3.1641356201817E-15,-3.52495810318487E-15,1.0));
#12054=CARTESIAN_POINT('',(0.000200016112074119,0.00287122656432934,0.00192576076404945));
#12055=DIRECTION('',(3.1641356201817E-15,-3.52495810318487E-15,1.0));
#12056=DIRECTION('',(0.0,-1.0,-3.52495810318487E-15));
#12057=DIRECTION('',(3.1641356201817E-15,-3.52495810318487E-15,1.0));
#12058=DIRECTION('',(3.1641356201817E-15,-3.52495810318487E-15,1.0));
#12059=CARTESIAN_POINT('',(0.00939240426749924,0.0120636147197545,0.00192576076404945));
#12060=DIRECTION('',(3.1641356201817E-15,-3.52495810318487E-15,1.0));
#12061=DIRECTION('',(0.0,-1.0,-3.52495810318487E-15));
#12062=CARTESIAN_POINT('',(0.00939240426749922,-0.0063211615910958,0.00192576076404939));
#12063=DIRECTION('',(3.1641356201817E-15,-3.52495810318487E-15,1.0));
#12064=DIRECTION('',(0.0,-1.0,-3.52495810318487E-15));
#12065=DIRECTION('',(3.1641356201817E-15,-3.52495810318487E-15,1.0));
#12066=CARTESIAN_POINT('',(0.000200016112074119,0.00287122656432934,0.00192576076404945));
#12067=DIRECTION('',(3.1641356201817E-15,-3.52495810318487E-15,1.0));
#12068=DIRECTION('',(0.0,-1.0,-3.52495810318487E-15));
#12069=DIRECTION('',(3.1641356201817E-15,-3.52495810318487E-15,1.0));
#12070=CARTESIAN_POINT('',(0.000200016112074119,0.00287122656432934,0.00192576076404945));
#12071=DIRECTION('',(3.1641356201817E-15,-3.52495810318487E-15,1.0));
#12072=DIRECTION('',(0.0,-1.0,-3.52495810318487E-15));
#12073=DIRECTION('',(3.1641356201817E-15,-3.52495810318487E-15,1.0));
#12074=DIRECTION('',(3.1641356201817E-15,-3.52495810318487E-15,1.0));
#12075=CARTESIAN_POINT('',(0.0058568703615665,0.00852808081382172,0.00192576076404945));
#12076=DIRECTION('',(3.1641356201817E-15,-3.52495810318487E-15,1.0));
#12077=DIRECTION('',(0.0,-1.0,-3.52495810318487E-15));
#12078=CARTESIAN_POINT('',(0.00585687036156649,-0.00278562768516305,0.00192576076404941));
#12079=DIRECTION('',(3.1641356201817E-15,-3.52495810318487E-15,1.0));
#12080=DIRECTION('',(0.0,-1.0,-3.52495810318487E-15));
#12081=DIRECTION('',(3.1641356201817E-15,-3.52495810318487E-15,1.0));
#12082=CARTESIAN_POINT('',(0.000200016112074119,0.00287122656432934,0.00192576076404945));
#12083=DIRECTION('',(3.1641356201817E-15,-3.52495810318487E-15,1.0));
#12084=DIRECTION('',(0.0,-1.0,-3.52495810318487E-15));
#12085=CARTESIAN_POINT('',(0.000200016112074119,0.00287122656432934,0.00192576076404945));
#12086=DIRECTION('',(3.1641356201817E-15,-3.52495810318487E-15,1.0));
#12087=DIRECTION('',(0.0,-1.0,-3.52495810318487E-15));
#12088=DIRECTION('',(3.1641356201817E-15,-3.52495810318487E-15,1.0));
#12089=CARTESIAN_POINT('',(0.000200016112074119,0.00287122656432934,0.00192576076404945));
#12090=DIRECTION('',(3.1641356201817E-15,-3.52495810318487E-15,1.0));
#12091=DIRECTION('',(0.0,-1.0,-3.52495810318487E-15));
#12092=DIRECTION('',(3.1641356201817E-15,-3.52495810318487E-15,1.0));
#12093=DIRECTION('',(3.1641356201817E-15,-3.52495810318487E-15,1.0));
#12094=CARTESIAN_POINT('',(-0.00545683813741824,0.00852808081382174,0.00192576076404949));
#12095=DIRECTION('',(3.1641356201817E-15,-3.52495810318487E-15,1.0));
#12096=DIRECTION('',(0.0,-1.0,-3.52495810318487E-15));
#12097=CARTESIAN_POINT('',(-0.00545683813741827,-0.00278562768516304,0.00192576076404945));
#12098=DIRECTION('',(3.1641356201817E-15,-3.52495810318487E-15,1.0));
#12099=DIRECTION('',(0.0,-1.0,-3.52495810318487E-15));
#12100=DIRECTION('',(3.1641356201817E-15,-3.52495810318487E-15,1.0));
#12101=CARTESIAN_POINT('',(0.000200016112074119,0.00287122656432934,0.00192576076404945));
#12102=DIRECTION('',(3.1641356201817E-15,-3.52495810318487E-15,1.0));
#12103=DIRECTION('',(0.0,-1.0,-3.52495810318487E-15));
#12104=DIRECTION('',(3.1641356201817E-15,-3.52495810318487E-15,1.0));
#12105=CARTESIAN_POINT('',(0.000200016112074119,0.00287122656432934,0.00192576076404945));
#12106=DIRECTION('',(3.1641356201817E-15,-3.52495810318487E-15,1.0));
#12107=DIRECTION('',(0.0,-1.0,-3.52495810318487E-15));
#12108=DIRECTION('',(3.1641356201817E-15,-3.52495810318487E-15,1.0));
#12109=DIRECTION('',(3.1641356201817E-15,-3.52495810318487E-15,1.0));
#12110=CARTESIAN_POINT('',(-0.00899237204335096,0.0120636147197545,0.00192576076404951));
#12111=DIRECTION('',(3.1641356201817E-15,-3.52495810318487E-15,1.0));
#12112=DIRECTION('',(0.0,-1.0,-3.52495810318487E-15));
#12113=CARTESIAN_POINT('',(-0.00899237204335101,-0.00632116159109577,0.00192576076404945));
#12114=DIRECTION('',(3.1641356201817E-15,-3.52495810318487E-15,1.0));
#12115=DIRECTION('',(0.0,-1.0,-3.52495810318487E-15));
#12116=DIRECTION('',(3.1641356201817E-15,-3.52495810318487E-15,1.0));
#12117=CARTESIAN_POINT('',(0.000200016112074119,0.00287122656432934,0.00192576076404945));
#12118=DIRECTION('',(3.1641356201817E-15,-3.52495810318487E-15,1.0));
#12119=DIRECTION('',(0.0,-1.0,-3.52495810318487E-15));
#12120=DIRECTION('',(3.1641356201817E-15,-3.52495810318487E-15,1.0));
#12121=CARTESIAN_POINT('',(0.000200016112074119,0.00287122656432934,0.00192576076404945));
#12122=DIRECTION('',(3.1641356201817E-15,-3.52495810318487E-15,1.0));
#12123=DIRECTION('',(0.0,-1.0,-3.52495810318487E-15));
#12124=DIRECTION('',(3.1641356201817E-15,-3.52495810318487E-15,1.0));
#12125=DIRECTION('',(3.1641356201817E-15,-3.52495810318487E-15,1.0));
#12126=CARTESIAN_POINT('',(-0.0132350127304702,0.0163062554068738,0.00192576076404954));
#12127=DIRECTION('',(3.1641356201817E-15,-3.52495810318487E-15,1.0));
#12128=DIRECTION('',(0.0,-1.0,-3.52495810318487E-15));
#12129=CARTESIAN_POINT('',(-0.0132350127304703,-0.0105638022782151,0.00192576076404945));
#12130=DIRECTION('',(3.1641356201817E-15,-3.52495810318487E-15,1.0));
#12131=DIRECTION('',(0.0,-1.0,-3.52495810318487E-15));
#12132=DIRECTION('',(3.1641356201817E-15,-3.52495810318487E-15,1.0));
#12133=CARTESIAN_POINT('',(0.000200016112074119,0.00287122656432934,0.00192576076404945));
#12134=DIRECTION('',(3.1641356201817E-15,-3.52495810318487E-15,1.0));
#12135=DIRECTION('',(0.0,-1.0,-3.52495810318487E-15));
#12136=CARTESIAN_POINT('',(0.0136350449546185,0.0163062554068737,0.00192576076404946));
#12137=DIRECTION('',(3.1641356201817E-15,-3.52495810318487E-15,1.0));
#12138=DIRECTION('',(0.0,-1.0,-3.52495810318487E-15));
#12139=DIRECTION('',(3.1641356201817E-15,-3.52495810318487E-15,1.0));
#12140=CARTESIAN_POINT('',(0.000200016112074119,0.00287122656432934,0.00192576076404945));
#12141=DIRECTION('',(3.1641356201817E-15,-3.52495810318487E-15,1.0));
#12142=DIRECTION('',(0.0,-1.0,-3.52495810318487E-15));
#12143=DIRECTION('',(1.0,-2.52236637404344E-32,-3.1641356201817E-15));
#12144=DIRECTION('',(-1.0,1.3376185316877E-33,3.1641356201817E-15));
#12145=DIRECTION('',(0.0,-1.0,0.0));
#12146=DIRECTION('',(-0.0,1.0,0.0));
#12147=DIRECTION('',(1.0,4.31633268927286E-33,-3.1641356201817E-15));
#12148=DIRECTION('',(0.0,-1.0,0.0));
#12149=DIRECTION('',(0.0,1.0,0.0));
#12150=DIRECTION('',(3.1641356201817E-15,-3.52495810318487E-15,1.0));
#12151=DIRECTION('',(3.1641356201817E-15,-3.52495810318487E-15,1.0));
#12152=DIRECTION('',(3.1641356201817E-15,-3.52495810318487E-15,1.0));
#12153=DIRECTION('',(3.1641356201817E-15,-3.52495810318487E-15,1.0));
#12154=DIRECTION('',(3.1641356201817E-15,-3.52495810318487E-15,1.0));
#12155=DIRECTION('',(3.1641356201817E-15,-3.52495810318487E-15,1.0));
#12156=DIRECTION('',(3.1641356201817E-15,-3.52495810318487E-15,1.0));
#12157=DIRECTION('',(3.1641356201817E-15,-3.52495810318487E-15,1.0));
#12158=DIRECTION('',(3.1641356201817E-15,-3.52495810318487E-15,1.0));
#12159=DIRECTION('',(3.1641356201817E-15,-3.52495810318487E-15,1.0));
#12160=DIRECTION('',(3.1641356201817E-15,-3.52495810318487E-15,1.0));
#12161=DIRECTION('',(3.1641356201817E-15,-3.52495810318487E-15,1.0));
#12162=DIRECTION('',(3.1641356201817E-15,-3.52495810318487E-15,1.0));
#12163=DIRECTION('',(3.1641356201817E-15,-3.52495810318487E-15,1.0));
#12164=DIRECTION('',(3.1641356201817E-15,-3.52495810318487E-15,1.0));
#12165=DIRECTION('',(3.1641356201817E-15,-3.52495810318487E-15,1.0));
#12166=CARTESIAN_POINT('',(0.000200018223882047,-0.00162877010266303,-0.0480742392359506));
#12167=DIRECTION('',(-3.1641356201817E-15,3.52495810318487E-15,-1.0));
#12168=DIRECTION('',(0.0,1.0,3.52495810318487E-15));
#12169=CARTESIAN_POINT('',(0.00020001822388205,-0.00162877010266303,-0.0470742392359505));
#12170=DIRECTION('',(-3.1641356201817E-15,3.52495810318487E-15,-1.0));
#12171=DIRECTION('',(0.0,1.0,3.52495810318487E-15));
#12172=DIRECTION('',(3.1641356201817E-15,-3.52495810318487E-15,1.0));
#12173=DIRECTION('',(3.1641356201817E-15,-3.52495810318487E-15,1.0));
#12174=DIRECTION('',(3.1641356201817E-15,-3.52495810318487E-15,1.0));
#12175=DIRECTION('',(3.1641356201817E-15,-3.52495810318487E-15,1.0));
#12176=DIRECTION('',(3.1641356201817E-15,-3.52495810318487E-15,1.0));
#12177=DIRECTION('',(3.1641356201817E-15,-3.52495810318487E-15,1.0));
#12178=DIRECTION('',(3.1641356201817E-15,-3.52495810318487E-15,1.0));
#12179=DIRECTION('',(3.1641356201817E-15,-3.52495810318487E-15,1.0));
ENDSEC;
END-ISO-10303-21;
