ISO-10303-21;
HEADER;
FILE_DESCRIPTION(('STEP AP214'),'1');
FILE_NAME('CDU_Kolja_V3.stp','2025-12-12T14:04:02',(' '),(' '),'Spatial InterOp 3D',' ',' ');
FILE_SCHEMA(('AUTOMOTIVE_DESIGN { 1 0 10303 214 1 1 1 1 }'));
ENDSEC;
DATA;
#1=PRODUCT_DEFINITION_CONTEXT('',#39,'design');
#2=APPLICATION_PROTOCOL_DEFINITION('INTERNATIONAL STANDARD','automotive_design',1994,#39);
#3=PRODUCT_CATEGORY_RELATIONSHIP('NONE','NONE',#40,#41);
#4=SHAPE_DEFINITION_REPRESENTATION(#42,#43);
#5=PRODUCT_DEFINITION_CONTEXT('',#44,'design');
#6=APPLICATION_PROTOCOL_DEFINITION('INTERNATIONAL STANDARD','automotive_design',1994,#44);
#7=PRODUCT_CATEGORY_RELATIONSHIP('NONE','NONE',#45,#46);
#8=CONTEXT_DEPENDENT_SHAPE_REPRESENTATION(#47,#48);
#9=SHAPE_DEFINITION_REPRESENTATION(#49,#50);
#10=SHAPE_REPRESENTATION_RELATIONSHIP('NONE','NONE',#50,#51);
#11=PRODUCT_DEFINITION_CONTEXT('',#52,'design');
#12=APPLICATION_PROTOCOL_DEFINITION('INTERNATIONAL STANDARD','automotive_design',1994,#52);
#13=PRODUCT_CATEGORY_RELATIONSHIP('NONE','NONE',#53,#54);
#14=CONTEXT_DEPENDENT_SHAPE_REPRESENTATION(#55,#56);
#15=SHAPE_DEFINITION_REPRESENTATION(#57,#58);
#16=SHAPE_REPRESENTATION_RELATIONSHIP('NONE','NONE',#58,#59);
#17=PRODUCT_DEFINITION_CONTEXT('',#60,'design');
#18=APPLICATION_PROTOCOL_DEFINITION('INTERNATIONAL STANDARD','automotive_design',1994,#60);
#19=PRODUCT_CATEGORY_RELATIONSHIP('NONE','NONE',#61,#62);
#20=SHAPE_DEFINITION_REPRESENTATION(#63,#64);
#21=PRODUCT_DEFINITION_CONTEXT('',#65,'design');
#22=APPLICATION_PROTOCOL_DEFINITION('INTERNATIONAL STANDARD','automotive_design',1994,#65);
#23=PRODUCT_CATEGORY_RELATIONSHIP('NONE','NONE',#66,#67);
#24=CONTEXT_DEPENDENT_SHAPE_REPRESENTATION(#68,#69);
#25=SHAPE_DEFINITION_REPRESENTATION(#70,#71);
#26=SHAPE_REPRESENTATION_RELATIONSHIP('NONE','NONE',#71,#72);
#27=PRODUCT_DEFINITION_CONTEXT('',#73,'design');
#28=APPLICATION_PROTOCOL_DEFINITION('INTERNATIONAL STANDARD','automotive_design',1994,#73);
#29=PRODUCT_CATEGORY_RELATIONSHIP('NONE','NONE',#74,#75);
#30=CONTEXT_DEPENDENT_SHAPE_REPRESENTATION(#76,#77);
#31=SHAPE_DEFINITION_REPRESENTATION(#78,#79);
#32=SHAPE_REPRESENTATION_RELATIONSHIP('NONE','NONE',#79,#80);
#33=CONTEXT_DEPENDENT_SHAPE_REPRESENTATION(#81,#82);
#34=MECHANICAL_DESIGN_GEOMETRIC_PRESENTATION_REPRESENTATION(' ',(#83,#84,#85,#86,#87,#88,#89,#90,#91,#92,#93,#94,#95,#96,#97,#98,#99,#100,#101,#102,#103,#104,#105,#106,#107,#108,#109,#110,#111,#112,#113,#114,#115,#116,#117,#118,#119,#120,#121,#122,#123,#124,#125,#126,#127,#128,#129,#130,#131,#132,#133,#134,#135,#136,#137,#138,#139,#140,#141,#142,#143,#144,#145,#146,#147,#148,#149,#150,#151,#152,#153,#154,#155,#156,#157,#158,#159,#160,#161,#162,#163,#164,#165,#166,#167,#168,#169,#170,#171,#172,#173,#174,#175,#176,#177,#178,#179,#180,#181,#182,#183,#184,#185,#186,#187,#188,#189,#190,#191,#192,#193,#194,#195,#196,#197,#198,#199,#200,#201,#202,#203,#204,#205,#206,#207,#208,#209,#210,#211,#212,#213,#214,#215,#216,#217,#218,#219,#220,#221,#222,#223,#224,#225,#226,#227,#228,#229,#230,#231,#232,#233,#234,#235,#236,#237,#238,#239,#240,#241,#242,#243,#244,#245,#246,#247,#248,#249,#250,#251,#252,#253,#254,#255,#256,#257,#258,#259,#260,#261,#262,#263,#264,#265,#266,#267,#268,#269,#270,#271,#272,#273,#274,#275,#276,#277,#278,#279,#280,#281,#282,#283,#284,#285,#286,#287,#288,#289,#290,#291,#292,#293,#294,#295,#296,#297,#298,#299,#300,#301,#302,#303,#304,#305,#306,#307,#308,#309,#310,#311,#312,#313,#314,#315,#316,#317,#318,#319,#320,#321,#322,#323,#324,#325,#326,#327,#328,#329,#330,#331,#332,#333,#334,#335,#336,#337,#338,#339,#340,#341,#342,#343,#344,#345,#346,#347,#348,#349,#350,#351,#352,#353,#354,#355,#356,#357,#358,#359,#360,#361,#362,#363,#364,#365,#366,#367,#368,#369,#370,#371,#372,#373,#374,#375,#376,#377,#378,#379,#380,#381,#382,#383,#384,#385,#386,#387,#388,#389,#390,#391,#392,#393,#394,#395,#396,#397,#398,#399,#400,#401,#402,#403,#404,#405,#406,#407,#408,#409,#410,#411,#412,#413,#414,#415,#416,#417,#418,#419,#420,#421,#422,#423,#424,#425,#426,#427,#428,#429,#430,#431,#432,#433,#434,#435,#436),#35);
#35= (GEOMETRIC_REPRESENTATION_CONTEXT(3)GLOBAL_UNCERTAINTY_ASSIGNED_CONTEXT((#439))GLOBAL_UNIT_ASSIGNED_CONTEXT((#441,#442,#443))REPRESENTATION_CONTEXT('NONE','WORKSPACE'));
#39=APPLICATION_CONTEXT(' ');
#40=PRODUCT_CATEGORY('part','NONE');
#41=PRODUCT_RELATED_PRODUCT_CATEGORY('detail',' ',(#445));
#42=PRODUCT_DEFINITION_SHAPE('NONE','NONE',#446);
#43=SHAPE_REPRESENTATION('CDU_Kolja_V3',(#447,#448,#449,#450),#451);
#44=APPLICATION_CONTEXT(' ');
#45=PRODUCT_CATEGORY('part','NONE');
#46=PRODUCT_RELATED_PRODUCT_CATEGORY('detail',' ',(#452));
#47=(REPRESENTATION_RELATIONSHIP('','',#50,#43)REPRESENTATION_RELATIONSHIP_WITH_TRANSFORMATION(#455)SHAPE_REPRESENTATION_RELATIONSHIP());
#48=PRODUCT_DEFINITION_SHAPE('NAUO-PROD-DEF','NAUO-PROD-DEF',#457);
#49=PRODUCT_DEFINITION_SHAPE('NONE','NONE',#458);
#50=SHAPE_REPRESENTATION('USB_Cover',(#447),#451);
#51=ADVANCED_BREP_SHAPE_REPRESENTATION('Volumenk\X2\00F6\X0\rper',(#459),#35);
#52=APPLICATION_CONTEXT(' ');
#53=PRODUCT_CATEGORY('part','NONE');
#54=PRODUCT_RELATED_PRODUCT_CATEGORY('detail',' ',(#460));
#55=(REPRESENTATION_RELATIONSHIP('','',#58,#43)REPRESENTATION_RELATIONSHIP_WITH_TRANSFORMATION(#463)SHAPE_REPRESENTATION_RELATIONSHIP());
#56=PRODUCT_DEFINITION_SHAPE('NAUO-PROD-DEF','NAUO-PROD-DEF',#465);
#57=PRODUCT_DEFINITION_SHAPE('NONE','NONE',#466);
#58=SHAPE_REPRESENTATION('Frontplatte',(#447),#451);
#59=ADVANCED_BREP_SHAPE_REPRESENTATION('Volumenk\X2\00F6\X0\rper',(#467),#35);
#60=APPLICATION_CONTEXT(' ');
#61=PRODUCT_CATEGORY('part','NONE');
#62=PRODUCT_RELATED_PRODUCT_CATEGORY('detail',' ',(#468));
#63=PRODUCT_DEFINITION_SHAPE('NONE','NONE',#469);
#64=SHAPE_REPRESENTATION('NFC',(#470,#471,#472),#473);
#65=APPLICATION_CONTEXT(' ');
#66=PRODUCT_CATEGORY('part','NONE');
#67=PRODUCT_RELATED_PRODUCT_CATEGORY('detail',' ',(#474));
#68=(REPRESENTATION_RELATIONSHIP('','',#71,#64)REPRESENTATION_RELATIONSHIP_WITH_TRANSFORMATION(#477)SHAPE_REPRESENTATION_RELATIONSHIP());
#69=PRODUCT_DEFINITION_SHAPE('NAUO-PROD-DEF','NAUO-PROD-DEF',#479);
#70=PRODUCT_DEFINITION_SHAPE('NONE','NONE',#480);
#71=SHAPE_REPRESENTATION('NFC_Halter',(#470),#473);
#72=ADVANCED_BREP_SHAPE_REPRESENTATION('Volumenk\X2\00F6\X0\rper',(#481),#35);
#73=APPLICATION_CONTEXT(' ');
#74=PRODUCT_CATEGORY('part','NONE');
#75=PRODUCT_RELATED_PRODUCT_CATEGORY('detail',' ',(#482));
#76=(REPRESENTATION_RELATIONSHIP('','',#79,#64)REPRESENTATION_RELATIONSHIP_WITH_TRANSFORMATION(#485)SHAPE_REPRESENTATION_RELATIONSHIP());
#77=PRODUCT_DEFINITION_SHAPE('NAUO-PROD-DEF','NAUO-PROD-DEF',#487);
#78=PRODUCT_DEFINITION_SHAPE('NONE','NONE',#488);
#79=SHAPE_REPRESENTATION('NFC_Symbol',(#470),#473);
#80=ADVANCED_BREP_SHAPE_REPRESENTATION('',(#489,#490,#491,#492,#493,#494,#495),#35);
#81=(REPRESENTATION_RELATIONSHIP('','',#64,#43)REPRESENTATION_RELATIONSHIP_WITH_TRANSFORMATION(#498)SHAPE_REPRESENTATION_RELATIONSHIP());
#82=PRODUCT_DEFINITION_SHAPE('NAUO-PROD-DEF','NAUO-PROD-DEF',#500);
#83=STYLED_ITEM('',(#501),#502);
#84=STYLED_ITEM('',(#503),#504);
#85=STYLED_ITEM('',(#505),#506);
#86=STYLED_ITEM('',(#507),#508);
#87=STYLED_ITEM('',(#509),#510);
#88=STYLED_ITEM('',(#511),#512);
#89=STYLED_ITEM('',(#513),#514);
#90=STYLED_ITEM('',(#515),#516);
#91=STYLED_ITEM('',(#517),#518);
#92=STYLED_ITEM('',(#519),#520);
#93=STYLED_ITEM('',(#521),#522);
#94=STYLED_ITEM('',(#523),#524);
#95=STYLED_ITEM('',(#525),#526);
#96=STYLED_ITEM('',(#527),#528);
#97=STYLED_ITEM('',(#529),#530);
#98=STYLED_ITEM('',(#531),#532);
#99=STYLED_ITEM('',(#533),#534);
#100=STYLED_ITEM('',(#535),#536);
#101=STYLED_ITEM('',(#537),#538);
#102=STYLED_ITEM('',(#539),#540);
#103=STYLED_ITEM('',(#541),#542);
#104=STYLED_ITEM('',(#543),#544);
#105=STYLED_ITEM('',(#545),#546);
#106=STYLED_ITEM('',(#547),#548);
#107=STYLED_ITEM('',(#549),#550);
#108=STYLED_ITEM('',(#551),#552);
#109=STYLED_ITEM('',(#553),#554);
#110=STYLED_ITEM('',(#555),#556);
#111=STYLED_ITEM('',(#557),#558);
#112=STYLED_ITEM('',(#559),#560);
#113=STYLED_ITEM('',(#561),#562);
#114=STYLED_ITEM('',(#563),#564);
#115=STYLED_ITEM('',(#565),#566);
#116=STYLED_ITEM('',(#567),#568);
#117=STYLED_ITEM('',(#569),#570);
#118=STYLED_ITEM('',(#571),#572);
#119=STYLED_ITEM('',(#573),#574);
#120=STYLED_ITEM('',(#575),#576);
#121=STYLED_ITEM('',(#577),#578);
#122=STYLED_ITEM('',(#579),#580);
#123=STYLED_ITEM('',(#581),#582);
#124=STYLED_ITEM('',(#583),#584);
#125=STYLED_ITEM('',(#585),#586);
#126=STYLED_ITEM('',(#587),#588);
#127=STYLED_ITEM('',(#589),#590);
#128=STYLED_ITEM('',(#591),#592);
#129=STYLED_ITEM('',(#593),#594);
#130=STYLED_ITEM('',(#595),#596);
#131=STYLED_ITEM('',(#597),#598);
#132=STYLED_ITEM('',(#599),#600);
#133=STYLED_ITEM('',(#601),#602);
#134=STYLED_ITEM('',(#603),#604);
#135=STYLED_ITEM('',(#605),#606);
#136=STYLED_ITEM('',(#607),#608);
#137=STYLED_ITEM('',(#609),#610);
#138=STYLED_ITEM('',(#611),#612);
#139=STYLED_ITEM('',(#613),#614);
#140=STYLED_ITEM('',(#615),#616);
#141=STYLED_ITEM('',(#617),#618);
#142=STYLED_ITEM('',(#619),#620);
#143=STYLED_ITEM('',(#621),#622);
#144=STYLED_ITEM('',(#623),#624);
#145=STYLED_ITEM('',(#625),#626);
#146=STYLED_ITEM('',(#627),#628);
#147=STYLED_ITEM('',(#629),#630);
#148=STYLED_ITEM('',(#631),#632);
#149=STYLED_ITEM('',(#633),#634);
#150=STYLED_ITEM('',(#635),#636);
#151=STYLED_ITEM('',(#637),#638);
#152=STYLED_ITEM('',(#639),#640);
#153=STYLED_ITEM('',(#641),#642);
#154=STYLED_ITEM('',(#643),#644);
#155=STYLED_ITEM('',(#645),#646);
#156=STYLED_ITEM('',(#647),#648);
#157=STYLED_ITEM('',(#649),#650);
#158=STYLED_ITEM('',(#651),#652);
#159=STYLED_ITEM('',(#653),#654);
#160=STYLED_ITEM('',(#655),#656);
#161=STYLED_ITEM('',(#657),#658);
#162=STYLED_ITEM('',(#659),#660);
#163=STYLED_ITEM('',(#661),#662);
#164=STYLED_ITEM('',(#663),#664);
#165=STYLED_ITEM('',(#665),#666);
#166=STYLED_ITEM('',(#667),#668);
#167=STYLED_ITEM('',(#669),#670);
#168=STYLED_ITEM('',(#671),#672);
#169=STYLED_ITEM('',(#673),#674);
#170=STYLED_ITEM('',(#675),#676);
#171=STYLED_ITEM('',(#677),#678);
#172=STYLED_ITEM('',(#679),#680);
#173=STYLED_ITEM('',(#681),#682);
#174=STYLED_ITEM('',(#683),#684);
#175=STYLED_ITEM('',(#685),#686);
#176=STYLED_ITEM('',(#687),#688);
#177=STYLED_ITEM('',(#689),#690);
#178=STYLED_ITEM('',(#691),#692);
#179=STYLED_ITEM('',(#693),#694);
#180=STYLED_ITEM('',(#695),#696);
#181=STYLED_ITEM('',(#697),#698);
#182=STYLED_ITEM('',(#699),#700);
#183=STYLED_ITEM('',(#701),#702);
#184=STYLED_ITEM('',(#703),#704);
#185=STYLED_ITEM('',(#705),#706);
#186=STYLED_ITEM('',(#707),#708);
#187=STYLED_ITEM('',(#709),#710);
#188=STYLED_ITEM('',(#711),#712);
#189=STYLED_ITEM('',(#713),#714);
#190=STYLED_ITEM('',(#715),#716);
#191=STYLED_ITEM('',(#717),#718);
#192=STYLED_ITEM('',(#719),#720);
#193=STYLED_ITEM('',(#721),#722);
#194=STYLED_ITEM('',(#723),#724);
#195=STYLED_ITEM('',(#725),#726);
#196=STYLED_ITEM('',(#727),#728);
#197=STYLED_ITEM('',(#729),#730);
#198=STYLED_ITEM('',(#731),#732);
#199=STYLED_ITEM('',(#733),#734);
#200=STYLED_ITEM('',(#735),#736);
#201=STYLED_ITEM('',(#737),#738);
#202=STYLED_ITEM('',(#739),#740);
#203=STYLED_ITEM('',(#741),#742);
#204=STYLED_ITEM('',(#743),#744);
#205=STYLED_ITEM('',(#745),#746);
#206=STYLED_ITEM('',(#747),#748);
#207=STYLED_ITEM('',(#749),#750);
#208=STYLED_ITEM('',(#751),#752);
#209=STYLED_ITEM('',(#753),#754);
#210=STYLED_ITEM('',(#755),#756);
#211=STYLED_ITEM('',(#757),#758);
#212=STYLED_ITEM('',(#759),#760);
#213=STYLED_ITEM('',(#761),#762);
#214=STYLED_ITEM('',(#763),#764);
#215=STYLED_ITEM('',(#765),#766);
#216=STYLED_ITEM('',(#767),#768);
#217=STYLED_ITEM('',(#769),#770);
#218=STYLED_ITEM('',(#771),#772);
#219=STYLED_ITEM('',(#773),#774);
#220=STYLED_ITEM('',(#775),#776);
#221=STYLED_ITEM('',(#777),#778);
#222=STYLED_ITEM('',(#779),#780);
#223=STYLED_ITEM('',(#781),#782);
#224=STYLED_ITEM('',(#783),#784);
#225=STYLED_ITEM('',(#785),#786);
#226=STYLED_ITEM('',(#787),#788);
#227=STYLED_ITEM('',(#789),#790);
#228=STYLED_ITEM('',(#791),#792);
#229=STYLED_ITEM('',(#793),#794);
#230=STYLED_ITEM('',(#795),#796);
#231=STYLED_ITEM('',(#797),#798);
#232=STYLED_ITEM('',(#799),#800);
#233=STYLED_ITEM('',(#801),#802);
#234=STYLED_ITEM('',(#803),#804);
#235=STYLED_ITEM('',(#805),#806);
#236=STYLED_ITEM('',(#807),#808);
#237=STYLED_ITEM('',(#809),#810);
#238=STYLED_ITEM('',(#811),#812);
#239=STYLED_ITEM('',(#813),#814);
#240=STYLED_ITEM('',(#815),#816);
#241=STYLED_ITEM('',(#817),#818);
#242=STYLED_ITEM('',(#819),#820);
#243=STYLED_ITEM('',(#821),#822);
#244=STYLED_ITEM('',(#823),#824);
#245=STYLED_ITEM('',(#825),#826);
#246=STYLED_ITEM('',(#827),#828);
#247=STYLED_ITEM('',(#829),#830);
#248=STYLED_ITEM('',(#831),#832);
#249=STYLED_ITEM('',(#833),#834);
#250=STYLED_ITEM('',(#835),#836);
#251=STYLED_ITEM('',(#837),#838);
#252=STYLED_ITEM('',(#839),#840);
#253=STYLED_ITEM('',(#841),#842);
#254=STYLED_ITEM('',(#843),#844);
#255=STYLED_ITEM('',(#845),#846);
#256=STYLED_ITEM('',(#847),#848);
#257=STYLED_ITEM('',(#849),#850);
#258=STYLED_ITEM('',(#851),#852);
#259=STYLED_ITEM('',(#853),#854);
#260=STYLED_ITEM('',(#855),#856);
#261=STYLED_ITEM('',(#857),#858);
#262=STYLED_ITEM('',(#859),#860);
#263=STYLED_ITEM('',(#861),#862);
#264=STYLED_ITEM('',(#863),#864);
#265=STYLED_ITEM('',(#865),#866);
#266=STYLED_ITEM('',(#867),#868);
#267=STYLED_ITEM('',(#869),#870);
#268=STYLED_ITEM('',(#871),#872);
#269=STYLED_ITEM('',(#873),#874);
#270=STYLED_ITEM('',(#875),#876);
#271=STYLED_ITEM('',(#877),#878);
#272=STYLED_ITEM('',(#879),#880);
#273=STYLED_ITEM('',(#881),#882);
#274=STYLED_ITEM('',(#883),#884);
#275=STYLED_ITEM('',(#885),#886);
#276=STYLED_ITEM('',(#887),#888);
#277=STYLED_ITEM('',(#889),#890);
#278=STYLED_ITEM('',(#891),#892);
#279=STYLED_ITEM('',(#893),#894);
#280=STYLED_ITEM('',(#895),#896);
#281=STYLED_ITEM('',(#897),#898);
#282=STYLED_ITEM('',(#899),#900);
#283=STYLED_ITEM('',(#901),#902);
#284=STYLED_ITEM('',(#903),#904);
#285=STYLED_ITEM('',(#905),#906);
#286=STYLED_ITEM('',(#907),#908);
#287=STYLED_ITEM('',(#909),#910);
#288=STYLED_ITEM('',(#911),#912);
#289=STYLED_ITEM('',(#913),#914);
#290=STYLED_ITEM('',(#915),#916);
#291=STYLED_ITEM('',(#917),#918);
#292=STYLED_ITEM('',(#919),#920);
#293=STYLED_ITEM('',(#921),#922);
#294=STYLED_ITEM('',(#923),#924);
#295=STYLED_ITEM('',(#925),#926);
#296=STYLED_ITEM('',(#927),#928);
#297=STYLED_ITEM('',(#929),#930);
#298=STYLED_ITEM('',(#931),#932);
#299=STYLED_ITEM('',(#933),#934);
#300=STYLED_ITEM('',(#935),#936);
#301=STYLED_ITEM('',(#937),#938);
#302=STYLED_ITEM('',(#939),#940);
#303=STYLED_ITEM('',(#941),#942);
#304=STYLED_ITEM('',(#943),#944);
#305=STYLED_ITEM('',(#945),#946);
#306=STYLED_ITEM('',(#947),#948);
#307=STYLED_ITEM('',(#949),#950);
#308=STYLED_ITEM('',(#951),#952);
#309=STYLED_ITEM('',(#953),#954);
#310=STYLED_ITEM('',(#955),#956);
#311=STYLED_ITEM('',(#957),#958);
#312=STYLED_ITEM('',(#959),#960);
#313=STYLED_ITEM('',(#961),#962);
#314=STYLED_ITEM('',(#963),#964);
#315=STYLED_ITEM('',(#965),#966);
#316=STYLED_ITEM('',(#967),#968);
#317=STYLED_ITEM('',(#969),#970);
#318=STYLED_ITEM('',(#971),#972);
#319=STYLED_ITEM('',(#973),#974);
#320=STYLED_ITEM('',(#975),#976);
#321=STYLED_ITEM('',(#977),#978);
#322=STYLED_ITEM('',(#979),#980);
#323=STYLED_ITEM('',(#981),#982);
#324=STYLED_ITEM('',(#983),#984);
#325=STYLED_ITEM('',(#985),#986);
#326=STYLED_ITEM('',(#987),#988);
#327=STYLED_ITEM('',(#989),#990);
#328=STYLED_ITEM('',(#991),#992);
#329=STYLED_ITEM('',(#993),#994);
#330=STYLED_ITEM('',(#995),#996);
#331=STYLED_ITEM('',(#997),#998);
#332=STYLED_ITEM('',(#999),#1000);
#333=STYLED_ITEM('',(#1001),#1002);
#334=STYLED_ITEM('',(#1003),#1004);
#335=STYLED_ITEM('',(#1005),#1006);
#336=STYLED_ITEM('',(#1007),#1008);
#337=STYLED_ITEM('',(#1009),#1010);
#338=STYLED_ITEM('',(#1011),#1012);
#339=STYLED_ITEM('',(#1013),#1014);
#340=STYLED_ITEM('',(#1015),#1016);
#341=STYLED_ITEM('',(#1017),#1018);
#342=STYLED_ITEM('',(#1019),#1020);
#343=STYLED_ITEM('',(#1021),#1022);
#344=STYLED_ITEM('',(#1023),#1024);
#345=STYLED_ITEM('',(#1025),#1026);
#346=STYLED_ITEM('',(#1027),#1028);
#347=STYLED_ITEM('',(#1029),#1030);
#348=STYLED_ITEM('',(#1031),#1032);
#349=STYLED_ITEM('',(#1033),#1034);
#350=STYLED_ITEM('',(#1035),#1036);
#351=STYLED_ITEM('',(#1037),#1038);
#352=STYLED_ITEM('',(#1039),#1040);
#353=STYLED_ITEM('',(#1041),#1042);
#354=STYLED_ITEM('',(#1043),#1044);
#355=STYLED_ITEM('',(#1045),#1046);
#356=STYLED_ITEM('',(#1047),#1048);
#357=STYLED_ITEM('',(#1049),#1050);
#358=STYLED_ITEM('',(#1051),#1052);
#359=STYLED_ITEM('',(#1053),#1054);
#360=STYLED_ITEM('',(#1055),#1056);
#361=STYLED_ITEM('',(#1057),#1058);
#362=STYLED_ITEM('',(#1059),#1060);
#363=STYLED_ITEM('',(#1061),#1062);
#364=STYLED_ITEM('',(#1063),#1064);
#365=STYLED_ITEM('',(#1065),#1066);
#366=STYLED_ITEM('',(#1067),#1068);
#367=STYLED_ITEM('',(#1069),#1070);
#368=STYLED_ITEM('',(#1071),#1072);
#369=STYLED_ITEM('',(#1073),#1074);
#370=STYLED_ITEM('',(#1075),#1076);
#371=STYLED_ITEM('',(#1077),#1078);
#372=STYLED_ITEM('',(#1079),#1080);
#373=STYLED_ITEM('',(#1081),#1082);
#374=STYLED_ITEM('',(#1083),#1084);
#375=STYLED_ITEM('',(#1085),#1086);
#376=STYLED_ITEM('',(#1087),#1088);
#377=STYLED_ITEM('',(#1089),#1090);
#378=STYLED_ITEM('',(#1091),#1092);
#379=STYLED_ITEM('',(#1093),#1094);
#380=STYLED_ITEM('',(#1095),#1096);
#381=STYLED_ITEM('',(#1097),#1098);
#382=STYLED_ITEM('',(#1099),#1100);
#383=STYLED_ITEM('',(#1101),#1102);
#384=STYLED_ITEM('',(#1103),#1104);
#385=STYLED_ITEM('',(#1105),#1106);
#386=STYLED_ITEM('',(#1107),#1108);
#387=STYLED_ITEM('',(#1109),#1110);
#388=STYLED_ITEM('',(#1111),#1112);
#389=STYLED_ITEM('',(#1113),#1114);
#390=STYLED_ITEM('',(#1115),#1116);
#391=STYLED_ITEM('',(#1117),#1118);
#392=STYLED_ITEM('',(#1119),#1120);
#393=STYLED_ITEM('',(#1121),#1122);
#394=STYLED_ITEM('',(#1123),#1124);
#395=STYLED_ITEM('',(#1125),#1126);
#396=STYLED_ITEM('',(#1127),#1128);
#397=STYLED_ITEM('',(#1129),#1130);
#398=STYLED_ITEM('',(#1131),#1132);
#399=STYLED_ITEM('',(#1133),#1134);
#400=STYLED_ITEM('',(#1135),#1136);
#401=STYLED_ITEM('',(#1137),#1138);
#402=STYLED_ITEM('',(#1139),#1140);
#403=STYLED_ITEM('',(#1141),#1142);
#404=STYLED_ITEM('',(#1143),#1144);
#405=STYLED_ITEM('',(#1145),#1146);
#406=STYLED_ITEM('',(#1147),#1148);
#407=STYLED_ITEM('',(#1149),#1150);
#408=STYLED_ITEM('',(#1151),#1152);
#409=STYLED_ITEM('',(#1153),#1154);
#410=STYLED_ITEM('',(#1155),#1156);
#411=STYLED_ITEM('',(#1157),#1158);
#412=STYLED_ITEM('',(#1159),#1160);
#413=STYLED_ITEM('',(#1161),#1162);
#414=STYLED_ITEM('',(#1163),#1164);
#415=STYLED_ITEM('',(#1165),#1166);
#416=STYLED_ITEM('',(#1167),#1168);
#417=STYLED_ITEM('',(#1169),#1170);
#418=STYLED_ITEM('',(#1171),#1172);
#419=STYLED_ITEM('',(#1173),#1174);
#420=STYLED_ITEM('',(#1175),#1176);
#421=STYLED_ITEM('',(#1177),#1178);
#422=STYLED_ITEM('',(#1179),#1180);
#423=STYLED_ITEM('',(#1181),#1182);
#424=STYLED_ITEM('',(#1183),#1184);
#425=STYLED_ITEM('',(#1185),#1186);
#426=STYLED_ITEM('',(#1187),#1188);
#427=STYLED_ITEM('',(#1189),#1190);
#428=STYLED_ITEM('',(#1191),#1192);
#429=STYLED_ITEM('',(#1193),#1194);
#430=STYLED_ITEM('',(#1195),#1196);
#431=STYLED_ITEM('',(#1197),#1198);
#432=STYLED_ITEM('',(#1199),#1200);
#433=STYLED_ITEM('',(#1201),#1202);
#434=STYLED_ITEM('',(#1203),#1204);
#435=STYLED_ITEM('',(#1205),#1206);
#436=STYLED_ITEM('',(#1207),#1208);
#439=UNCERTAINTY_MEASURE_WITH_UNIT(LENGTH_MEASURE(1.0E-08),#441,'','');
#441= (CONVERSION_BASED_UNIT('METRE',#1211)LENGTH_UNIT()NAMED_UNIT(#1214));
#442= (NAMED_UNIT(#1216)PLANE_ANGLE_UNIT()SI_UNIT($,.RADIAN.));
#443= (NAMED_UNIT(#1216)SOLID_ANGLE_UNIT()SI_UNIT($,.STERADIAN.));
#445=PRODUCT('CDU_Kolja_V3','CDU_Kolja_V3','PART--DESC',(#1222));
#446=PRODUCT_DEFINITION('CDU_Kolja_V3','CDU_Kolja_V3',#1223,#1);
#447=AXIS2_PLACEMENT_3D('',#1224,#1225,#1226);
#448=AXIS2_PLACEMENT_3D('',#1227,#1228,#1229);
#449=AXIS2_PLACEMENT_3D('',#1230,#1231,#1232);
#450=AXIS2_PLACEMENT_3D('',#1233,#1234,#1235);
#451= (GEOMETRIC_REPRESENTATION_CONTEXT(3)GLOBAL_UNCERTAINTY_ASSIGNED_CONTEXT((#1238))GLOBAL_UNIT_ASSIGNED_CONTEXT((#1240,#1241,#1242))REPRESENTATION_CONTEXT('NONE','WORKSPACE'));
#452=PRODUCT('USB_Cover','USB_Cover','PART-USB_Cover-DESC',(#1244));
#455=ITEM_DEFINED_TRANSFORMATION('','',#447,#448);
#457=NEXT_ASSEMBLY_USAGE_OCCURRENCE('USB_Cover','USB_Cover','USB_Cover',#446,#458,$);
#458=PRODUCT_DEFINITION('USB_Cover','USB_Cover',#1245,#5);
#459=MANIFOLD_SOLID_BREP('Volumenk\X2\00F6\X0\rper',#1246);
#460=PRODUCT('Frontplatte','Frontplatte','PART--DESC',(#1247));
#463=ITEM_DEFINED_TRANSFORMATION('','',#447,#449);
#465=NEXT_ASSEMBLY_USAGE_OCCURRENCE('Frontplatte','Frontplatte','Frontplatte',#446,#466,$);
#466=PRODUCT_DEFINITION('Frontplatte','Frontplatte',#1248,#11);
#467=MANIFOLD_SOLID_BREP('Volumenk\X2\00F6\X0\rper',#1249);
#468=PRODUCT('NFC','NFC','PART--DESC',(#1250));
#469=PRODUCT_DEFINITION('NFC','NFC',#1251,#17);
#470=AXIS2_PLACEMENT_3D('',#1252,#1253,#1254);
#471=AXIS2_PLACEMENT_3D('',#1255,#1256,#1257);
#472=AXIS2_PLACEMENT_3D('',#1258,#1259,#1260);
#473= (GEOMETRIC_REPRESENTATION_CONTEXT(3)GLOBAL_UNCERTAINTY_ASSIGNED_CONTEXT((#1263))GLOBAL_UNIT_ASSIGNED_CONTEXT((#1265,#1266,#1267))REPRESENTATION_CONTEXT('NONE','WORKSPACE'));
#474=PRODUCT('NFC_Halter','NFC_Halter','PART-NFC_Halter-DESC',(#1269));
#477=ITEM_DEFINED_TRANSFORMATION('','',#470,#471);
#479=NEXT_ASSEMBLY_USAGE_OCCURRENCE('NFC_Halter','NFC_Halter','NFC_Halter',#469,#480,$);
#480=PRODUCT_DEFINITION('NFC_Halter','NFC_Halter',#1270,#21);
#481=MANIFOLD_SOLID_BREP('Volumenk\X2\00F6\X0\rper',#1271);
#482=PRODUCT('NFC_Symbol','NFC_Symbol','PART--DESC',(#1272));
#485=ITEM_DEFINED_TRANSFORMATION('','',#470,#472);
#487=NEXT_ASSEMBLY_USAGE_OCCURRENCE('NFC_Symbol','NFC_Symbol','NFC_Symbol',#469,#488,$);
#488=PRODUCT_DEFINITION('NFC_Symbol','NFC_Symbol',#1273,#27);
#489=MANIFOLD_SOLID_BREP('Volumenk\X2\00F6\X0\rper11',#1274);
#490=MANIFOLD_SOLID_BREP('Volumenk\X2\00F6\X0\rper112',#1275);
#491=MANIFOLD_SOLID_BREP('Volumenk\X2\00F6\X0\rper113',#1276);
#492=MANIFOLD_SOLID_BREP('Volumenk\X2\00F6\X0\rper114',#1277);
#493=MANIFOLD_SOLID_BREP('Volumenk\X2\00F6\X0\rper115',#1278);
#494=MANIFOLD_SOLID_BREP('Volumenk\X2\00F6\X0\rper116',#1279);
#495=MANIFOLD_SOLID_BREP('Volumenk\X2\00F6\X0\rper117',#1280);
#498=ITEM_DEFINED_TRANSFORMATION('','',#470,#450);
#500=NEXT_ASSEMBLY_USAGE_OCCURRENCE('NFC','NFC','NFC',#446,#469,$);
#501=PRESENTATION_STYLE_ASSIGNMENT((#1281));
#502=ADVANCED_FACE('119:127840',(#1282),#1283,.F.);
#503=PRESENTATION_STYLE_ASSIGNMENT((#1284));
#504=ADVANCED_FACE('119:127843',(#1285),#1286,.F.);
#505=PRESENTATION_STYLE_ASSIGNMENT((#1287));
#506=ADVANCED_FACE('119:127837',(#1288),#1289,.F.);
#507=PRESENTATION_STYLE_ASSIGNMENT((#1290));
#508=ADVANCED_FACE('119:127828',(#1291,#1292),#1293,.F.);
#509=PRESENTATION_STYLE_ASSIGNMENT((#1294));
#510=ADVANCED_FACE('119:130613',(#1295),#1296,.T.);
#511=PRESENTATION_STYLE_ASSIGNMENT((#1297));
#512=ADVANCED_FACE('119:130610',(#1298),#1299,.T.);
#513=PRESENTATION_STYLE_ASSIGNMENT((#1300));
#514=ADVANCED_FACE('119:130616',(#1301),#1302,.T.);
#515=PRESENTATION_STYLE_ASSIGNMENT((#1303));
#516=ADVANCED_FACE('119:130628',(#1304),#1305,.T.);
#517=PRESENTATION_STYLE_ASSIGNMENT((#1306));
#518=ADVANCED_FACE('119:130625',(#1307),#1308,.T.);
#519=PRESENTATION_STYLE_ASSIGNMENT((#1309));
#520=ADVANCED_FACE('119:130622',(#1310),#1311,.T.);
#521=PRESENTATION_STYLE_ASSIGNMENT((#1312));
#522=ADVANCED_FACE('119:180951',(#1313),#1314,.F.);
#523=PRESENTATION_STYLE_ASSIGNMENT((#1315));
#524=ADVANCED_FACE('119:180954',(#1316),#1317,.F.);
#525=PRESENTATION_STYLE_ASSIGNMENT((#1318));
#526=ADVANCED_FACE('119:180957',(#1319),#1320,.F.);
#527=PRESENTATION_STYLE_ASSIGNMENT((#1321));
#528=ADVANCED_FACE('119:180960',(#1322),#1323,.F.);
#529=PRESENTATION_STYLE_ASSIGNMENT((#1324));
#530=ADVANCED_FACE('119:180963',(#1325),#1326,.F.);
#531=PRESENTATION_STYLE_ASSIGNMENT((#1327));
#532=ADVANCED_FACE('119:180966',(#1328),#1329,.F.);
#533=PRESENTATION_STYLE_ASSIGNMENT((#1330));
#534=ADVANCED_FACE('119:180969',(#1331),#1332,.F.);
#535=PRESENTATION_STYLE_ASSIGNMENT((#1333));
#536=ADVANCED_FACE('119:180972',(#1334),#1335,.F.);
#537=PRESENTATION_STYLE_ASSIGNMENT((#1336));
#538=ADVANCED_FACE('119:130604',(#1337),#1338,.F.);
#539=PRESENTATION_STYLE_ASSIGNMENT((#1339));
#540=ADVANCED_FACE('119:179810',(#1340),#1341,.T.);
#541=PRESENTATION_STYLE_ASSIGNMENT((#1342));
#542=ADVANCED_FACE('119:179804',(#1343),#1344,.T.);
#543=PRESENTATION_STYLE_ASSIGNMENT((#1345));
#544=ADVANCED_FACE('119:179807',(#1346),#1347,.T.);
#545=PRESENTATION_STYLE_ASSIGNMENT((#1348));
#546=ADVANCED_FACE('119:179813',(#1349),#1350,.T.);
#547=PRESENTATION_STYLE_ASSIGNMENT((#1351));
#548=ADVANCED_FACE('119:179819',(#1352),#1353,.T.);
#549=PRESENTATION_STYLE_ASSIGNMENT((#1354));
#550=ADVANCED_FACE('119:179825',(#1355),#1356,.T.);
#551=PRESENTATION_STYLE_ASSIGNMENT((#1357));
#552=ADVANCED_FACE('119:179822',(#1358),#1359,.T.);
#553=PRESENTATION_STYLE_ASSIGNMENT((#1360));
#554=ADVANCED_FACE('119:179816',(#1361),#1362,.T.);
#555=PRESENTATION_STYLE_ASSIGNMENT((#1363));
#556=ADVANCED_FACE('119:130631',(#1364),#1365,.T.);
#557=PRESENTATION_STYLE_ASSIGNMENT((#1366));
#558=ADVANCED_FACE('119:130619',(#1367),#1368,.T.);
#559=PRESENTATION_STYLE_ASSIGNMENT((#1369));
#560=ADVANCED_FACE('119:127855',(#1370),#1371,.F.);
#561=PRESENTATION_STYLE_ASSIGNMENT((#1372));
#562=ADVANCED_FACE('119:127852',(#1373),#1374,.F.);
#563=PRESENTATION_STYLE_ASSIGNMENT((#1375));
#564=ADVANCED_FACE('119:127849',(#1376),#1377,.F.);
#565=PRESENTATION_STYLE_ASSIGNMENT((#1378));
#566=ADVANCED_FACE('119:127846',(#1379),#1380,.F.);
#567=PRESENTATION_STYLE_ASSIGNMENT((#1381));
#568=ADVANCED_FACE('119:127834',(#1382),#1383,.F.);
#569=PRESENTATION_STYLE_ASSIGNMENT((#1384));
#570=ADVANCED_FACE('119:127831',(#1385),#1386,.T.);
#571=PRESENTATION_STYLE_ASSIGNMENT((#1387));
#572=ADVANCED_FACE('184:549',(#1388),#1389,.F.);
#573=PRESENTATION_STYLE_ASSIGNMENT((#1390));
#574=ADVANCED_FACE('184:552',(#1391),#1392,.F.);
#575=PRESENTATION_STYLE_ASSIGNMENT((#1393));
#576=ADVANCED_FACE('184:555',(#1394),#1395,.F.);
#577=PRESENTATION_STYLE_ASSIGNMENT((#1396));
#578=ADVANCED_FACE('184:558',(#1397),#1398,.F.);
#579=PRESENTATION_STYLE_ASSIGNMENT((#1399));
#580=ADVANCED_FACE('184:881',(#1400),#1401,.T.);
#581=PRESENTATION_STYLE_ASSIGNMENT((#1402));
#582=ADVANCED_FACE('184:884',(#1403),#1404,.T.);
#583=PRESENTATION_STYLE_ASSIGNMENT((#1405));
#584=ADVANCED_FACE('184:887',(#1406),#1407,.T.);
#585=PRESENTATION_STYLE_ASSIGNMENT((#1408));
#586=ADVANCED_FACE('169:975',(#1409),#1410,.F.);
#587=PRESENTATION_STYLE_ASSIGNMENT((#1411));
#588=ADVANCED_FACE('169:963',(#1412),#1413,.F.);
#589=PRESENTATION_STYLE_ASSIGNMENT((#1414));
#590=ADVANCED_FACE('120:10985',(#1415),#1416,.T.);
#591=PRESENTATION_STYLE_ASSIGNMENT((#1417));
#592=ADVANCED_FACE('120:11048',(#1418),#1419,.F.);
#593=PRESENTATION_STYLE_ASSIGNMENT((#1420));
#594=ADVANCED_FACE('120:11042',(#1421),#1422,.F.);
#595=PRESENTATION_STYLE_ASSIGNMENT((#1423));
#596=ADVANCED_FACE('120:10982',(#1424),#1425,.T.);
#597=PRESENTATION_STYLE_ASSIGNMENT((#1426));
#598=ADVANCED_FACE('120:10988',(#1427),#1428,.T.);
#599=PRESENTATION_STYLE_ASSIGNMENT((#1429));
#600=ADVANCED_FACE('120:11051',(#1430),#1431,.F.);
#601=PRESENTATION_STYLE_ASSIGNMENT((#1432));
#602=ADVANCED_FACE('120:11045',(#1433),#1434,.F.);
#603=PRESENTATION_STYLE_ASSIGNMENT((#1435));
#604=ADVANCED_FACE('120:10979',(#1436),#1437,.T.);
#605=PRESENTATION_STYLE_ASSIGNMENT((#1438));
#606=ADVANCED_FACE('120:11027',(#1439,#1440),#1441,.T.);
#607=PRESENTATION_STYLE_ASSIGNMENT((#1442));
#608=ADVANCED_FACE('120:11024',(#1443,#1444),#1445,.F.);
#609=PRESENTATION_STYLE_ASSIGNMENT((#1446));
#610=ADVANCED_FACE('120:11021',(#1447,#1448),#1449,.T.);
#611=PRESENTATION_STYLE_ASSIGNMENT((#1450));
#612=ADVANCED_FACE('120:11039',(#1451,#1452),#1453,.T.);
#613=PRESENTATION_STYLE_ASSIGNMENT((#1454));
#614=ADVANCED_FACE('120:11036',(#1455,#1456),#1457,.F.);
#615=PRESENTATION_STYLE_ASSIGNMENT((#1458));
#616=ADVANCED_FACE('120:11033',(#1459,#1460),#1461,.T.);
#617=PRESENTATION_STYLE_ASSIGNMENT((#1462));
#618=ADVANCED_FACE('120:11000',(#1463,#1464),#1465,.F.);
#619=PRESENTATION_STYLE_ASSIGNMENT((#1466));
#620=ADVANCED_FACE('120:10997',(#1467,#1468),#1469,.T.);
#621=PRESENTATION_STYLE_ASSIGNMENT((#1470));
#622=ADVANCED_FACE('120:11003',(#1471,#1472),#1473,.T.);
#623=PRESENTATION_STYLE_ASSIGNMENT((#1474));
#624=ADVANCED_FACE('120:11009',(#1475,#1476),#1477,.T.);
#625=PRESENTATION_STYLE_ASSIGNMENT((#1478));
#626=ADVANCED_FACE('120:11012',(#1479,#1480),#1481,.F.);
#627=PRESENTATION_STYLE_ASSIGNMENT((#1482));
#628=ADVANCED_FACE('120:11015',(#1483,#1484),#1485,.T.);
#629=PRESENTATION_STYLE_ASSIGNMENT((#1486));
#630=ADVANCED_FACE('120:10676',(#1487),#1488,.T.);
#631=PRESENTATION_STYLE_ASSIGNMENT((#1489));
#632=ADVANCED_FACE('120:10667',(#1490),#1491,.T.);
#633=PRESENTATION_STYLE_ASSIGNMENT((#1492));
#634=ADVANCED_FACE('120:10670',(#1493),#1494,.T.);
#635=PRESENTATION_STYLE_ASSIGNMENT((#1495));
#636=ADVANCED_FACE('120:10673',(#1496),#1497,.T.);
#637=PRESENTATION_STYLE_ASSIGNMENT((#1498));
#638=ADVANCED_FACE('120:11060',(#1499),#1500,.T.);
#639=PRESENTATION_STYLE_ASSIGNMENT((#1501));
#640=ADVANCED_FACE('120:11057',(#1502),#1503,.T.);
#641=PRESENTATION_STYLE_ASSIGNMENT((#1504));
#642=ADVANCED_FACE('120:11063',(#1505),#1506,.T.);
#643=PRESENTATION_STYLE_ASSIGNMENT((#1507));
#644=ADVANCED_FACE('120:11066',(#1508),#1509,.T.);
#645=PRESENTATION_STYLE_ASSIGNMENT((#1510));
#646=ADVANCED_FACE('164:7381',(#1511),#1512,.T.);
#647=PRESENTATION_STYLE_ASSIGNMENT((#1513));
#648=ADVANCED_FACE('120:10910',(#1514),#1515,.T.);
#649=PRESENTATION_STYLE_ASSIGNMENT((#1516));
#650=ADVANCED_FACE('164:6915',(#1517,#1518),#1519,.F.);
#651=PRESENTATION_STYLE_ASSIGNMENT((#1520));
#652=ADVANCED_FACE('120:10916',(#1521,#1522),#1523,.F.);
#653=PRESENTATION_STYLE_ASSIGNMENT((#1524));
#654=ADVANCED_FACE('120:10913',(#1525),#1526,.T.);
#655=PRESENTATION_STYLE_ASSIGNMENT((#1527));
#656=ADVANCED_FACE('164:7378',(#1528),#1529,.F.);
#657=PRESENTATION_STYLE_ASSIGNMENT((#1530));
#658=ADVANCED_FACE('120:10901',(#1531,#1532),#1533,.T.);
#659=PRESENTATION_STYLE_ASSIGNMENT((#1534));
#660=ADVANCED_FACE('120:10904',(#1535),#1536,.T.);
#661=PRESENTATION_STYLE_ASSIGNMENT((#1537));
#662=ADVANCED_FACE('164:7118',(#1538),#1539,.T.);
#663=PRESENTATION_STYLE_ASSIGNMENT((#1540));
#664=ADVANCED_FACE('164:7124',(#1541),#1542,.T.);
#665=PRESENTATION_STYLE_ASSIGNMENT((#1543));
#666=ADVANCED_FACE('120:10922',(#1544,#1545),#1546,.F.);
#667=PRESENTATION_STYLE_ASSIGNMENT((#1547));
#668=ADVANCED_FACE('120:10919',(#1548),#1549,.T.);
#669=PRESENTATION_STYLE_ASSIGNMENT((#1550));
#670=ADVANCED_FACE('120:10790',(#1551),#1552,.F.);
#671=PRESENTATION_STYLE_ASSIGNMENT((#1553));
#672=ADVANCED_FACE('120:10787',(#1554),#1555,.F.);
#673=PRESENTATION_STYLE_ASSIGNMENT((#1556));
#674=ADVANCED_FACE('120:10781',(#1557),#1558,.F.);
#675=PRESENTATION_STYLE_ASSIGNMENT((#1559));
#676=ADVANCED_FACE('120:10784',(#1560),#1561,.T.);
#677=PRESENTATION_STYLE_ASSIGNMENT((#1562));
#678=ADVANCED_FACE('120:10778',(#1563),#1564,.F.);
#679=PRESENTATION_STYLE_ASSIGNMENT((#1565));
#680=ADVANCED_FACE('120:10775',(#1566),#1567,.F.);
#681=PRESENTATION_STYLE_ASSIGNMENT((#1568));
#682=ADVANCED_FACE('120:10769',(#1569),#1570,.F.);
#683=PRESENTATION_STYLE_ASSIGNMENT((#1571));
#684=ADVANCED_FACE('120:10772',(#1572),#1573,.T.);
#685=PRESENTATION_STYLE_ASSIGNMENT((#1574));
#686=ADVANCED_FACE('120:10766',(#1575),#1576,.F.);
#687=PRESENTATION_STYLE_ASSIGNMENT((#1577));
#688=ADVANCED_FACE('120:10763',(#1578),#1579,.F.);
#689=PRESENTATION_STYLE_ASSIGNMENT((#1580));
#690=ADVANCED_FACE('120:10757',(#1581),#1582,.F.);
#691=PRESENTATION_STYLE_ASSIGNMENT((#1583));
#692=ADVANCED_FACE('120:10760',(#1584),#1585,.T.);
#693=PRESENTATION_STYLE_ASSIGNMENT((#1586));
#694=ADVANCED_FACE('120:10793',(#1587,#1588),#1589,.F.);
#695=PRESENTATION_STYLE_ASSIGNMENT((#1590));
#696=ADVANCED_FACE('120:10745',(#1591),#1592,.T.);
#697=PRESENTATION_STYLE_ASSIGNMENT((#1593));
#698=ADVANCED_FACE('120:10754',(#1594),#1595,.F.);
#699=PRESENTATION_STYLE_ASSIGNMENT((#1596));
#700=ADVANCED_FACE('120:10748',(#1597),#1598,.F.);
#701=PRESENTATION_STYLE_ASSIGNMENT((#1599));
#702=ADVANCED_FACE('120:10751',(#1600),#1601,.F.);
#703=PRESENTATION_STYLE_ASSIGNMENT((#1602));
#704=ADVANCED_FACE('120:10733',(#1603),#1604,.T.);
#705=PRESENTATION_STYLE_ASSIGNMENT((#1605));
#706=ADVANCED_FACE('120:10742',(#1606),#1607,.F.);
#707=PRESENTATION_STYLE_ASSIGNMENT((#1608));
#708=ADVANCED_FACE('120:10736',(#1609),#1610,.F.);
#709=PRESENTATION_STYLE_ASSIGNMENT((#1611));
#710=ADVANCED_FACE('120:10739',(#1612),#1613,.F.);
#711=PRESENTATION_STYLE_ASSIGNMENT((#1614));
#712=ADVANCED_FACE('120:10721',(#1615),#1616,.T.);
#713=PRESENTATION_STYLE_ASSIGNMENT((#1617));
#714=ADVANCED_FACE('120:10730',(#1618),#1619,.F.);
#715=PRESENTATION_STYLE_ASSIGNMENT((#1620));
#716=ADVANCED_FACE('120:10724',(#1621),#1622,.F.);
#717=PRESENTATION_STYLE_ASSIGNMENT((#1623));
#718=ADVANCED_FACE('120:10727',(#1624),#1625,.F.);
#719=PRESENTATION_STYLE_ASSIGNMENT((#1626));
#720=ADVANCED_FACE('169:969',(#1627),#1628,.F.);
#721=PRESENTATION_STYLE_ASSIGNMENT((#1629));
#722=ADVANCED_FACE('169:972',(#1630),#1631,.F.);
#723=PRESENTATION_STYLE_ASSIGNMENT((#1632));
#724=ADVANCED_FACE('169:966',(#1633),#1634,.F.);
#725=PRESENTATION_STYLE_ASSIGNMENT((#1635));
#726=ADVANCED_FACE('172:7',(#1636),#1637,.F.);
#727=PRESENTATION_STYLE_ASSIGNMENT((#1638));
#728=ADVANCED_FACE('172:10',(#1639),#1640,.F.);
#729=PRESENTATION_STYLE_ASSIGNMENT((#1641));
#730=ADVANCED_FACE('172:13',(#1642),#1643,.F.);
#731=PRESENTATION_STYLE_ASSIGNMENT((#1644));
#732=ADVANCED_FACE('172:19',(#1645),#1646,.F.);
#733=PRESENTATION_STYLE_ASSIGNMENT((#1647));
#734=ADVANCED_FACE('172:22',(#1648),#1649,.F.);
#735=PRESENTATION_STYLE_ASSIGNMENT((#1650));
#736=ADVANCED_FACE('172:25',(#1651),#1652,.F.);
#737=PRESENTATION_STYLE_ASSIGNMENT((#1653));
#738=ADVANCED_FACE('172:28',(#1654),#1655,.F.);
#739=PRESENTATION_STYLE_ASSIGNMENT((#1656));
#740=ADVANCED_FACE('172:31',(#1657),#1658,.F.);
#741=PRESENTATION_STYLE_ASSIGNMENT((#1659));
#742=ADVANCED_FACE('172:34',(#1660),#1661,.F.);
#743=PRESENTATION_STYLE_ASSIGNMENT((#1662));
#744=ADVANCED_FACE('172:37',(#1663),#1664,.F.);
#745=PRESENTATION_STYLE_ASSIGNMENT((#1665));
#746=ADVANCED_FACE('172:40',(#1666),#1667,.F.);
#747=PRESENTATION_STYLE_ASSIGNMENT((#1668));
#748=ADVANCED_FACE('172:46',(#1669),#1670,.F.);
#749=PRESENTATION_STYLE_ASSIGNMENT((#1671));
#750=ADVANCED_FACE('172:49',(#1672),#1673,.F.);
#751=PRESENTATION_STYLE_ASSIGNMENT((#1674));
#752=ADVANCED_FACE('172:52',(#1675),#1676,.F.);
#753=PRESENTATION_STYLE_ASSIGNMENT((#1677));
#754=ADVANCED_FACE('172:55',(#1678),#1679,.F.);
#755=PRESENTATION_STYLE_ASSIGNMENT((#1680));
#756=ADVANCED_FACE('172:58',(#1681),#1682,.F.);
#757=PRESENTATION_STYLE_ASSIGNMENT((#1683));
#758=ADVANCED_FACE('172:61',(#1684),#1685,.F.);
#759=PRESENTATION_STYLE_ASSIGNMENT((#1686));
#760=ADVANCED_FACE('172:64',(#1687),#1688,.F.);
#761=PRESENTATION_STYLE_ASSIGNMENT((#1689));
#762=ADVANCED_FACE('172:67',(#1690),#1691,.F.);
#763=PRESENTATION_STYLE_ASSIGNMENT((#1692));
#764=ADVANCED_FACE('172:70',(#1693),#1694,.F.);
#765=PRESENTATION_STYLE_ASSIGNMENT((#1695));
#766=ADVANCED_FACE('172:73',(#1696),#1697,.F.);
#767=PRESENTATION_STYLE_ASSIGNMENT((#1698));
#768=ADVANCED_FACE('172:76',(#1699),#1700,.F.);
#769=PRESENTATION_STYLE_ASSIGNMENT((#1701));
#770=ADVANCED_FACE('172:79',(#1702),#1703,.F.);
#771=PRESENTATION_STYLE_ASSIGNMENT((#1704));
#772=ADVANCED_FACE('172:82',(#1705),#1706,.F.);
#773=PRESENTATION_STYLE_ASSIGNMENT((#1707));
#774=ADVANCED_FACE('172:85',(#1708),#1709,.F.);
#775=PRESENTATION_STYLE_ASSIGNMENT((#1710));
#776=ADVANCED_FACE('172:88',(#1711),#1712,.F.);
#777=PRESENTATION_STYLE_ASSIGNMENT((#1713));
#778=ADVANCED_FACE('172:91',(#1714),#1715,.F.);
#779=PRESENTATION_STYLE_ASSIGNMENT((#1716));
#780=ADVANCED_FACE('172:94',(#1717),#1718,.F.);
#781=PRESENTATION_STYLE_ASSIGNMENT((#1719));
#782=ADVANCED_FACE('172:97',(#1720),#1721,.F.);
#783=PRESENTATION_STYLE_ASSIGNMENT((#1722));
#784=ADVANCED_FACE('172:100',(#1723),#1724,.F.);
#785=PRESENTATION_STYLE_ASSIGNMENT((#1725));
#786=ADVANCED_FACE('171:11387',(#1726),#1727,.T.);
#787=PRESENTATION_STYLE_ASSIGNMENT((#1728));
#788=ADVANCED_FACE('171:11621',(#1729),#1730,.F.);
#789=PRESENTATION_STYLE_ASSIGNMENT((#1731));
#790=ADVANCED_FACE('171:11624',(#1732),#1733,.F.);
#791=PRESENTATION_STYLE_ASSIGNMENT((#1734));
#792=ADVANCED_FACE('120:10700',(#1735,#1736),#1737,.F.);
#793=PRESENTATION_STYLE_ASSIGNMENT((#1738));
#794=ADVANCED_FACE('120:10817',(#1739,#1740),#1741,.F.);
#795=PRESENTATION_STYLE_ASSIGNMENT((#1742));
#796=ADVANCED_FACE('120:10814',(#1743,#1744),#1745,.F.);
#797=PRESENTATION_STYLE_ASSIGNMENT((#1746));
#798=ADVANCED_FACE('120:10820',(#1747,#1748),#1749,.F.);
#799=PRESENTATION_STYLE_ASSIGNMENT((#1750));
#800=ADVANCED_FACE('178:124932',(#1751),#1752,.F.);
#801=PRESENTATION_STYLE_ASSIGNMENT((#1753));
#802=ADVANCED_FACE('178:124935',(#1754),#1755,.T.);
#803=PRESENTATION_STYLE_ASSIGNMENT((#1756));
#804=ADVANCED_FACE('178:124938',(#1757),#1758,.T.);
#805=PRESENTATION_STYLE_ASSIGNMENT((#1759));
#806=ADVANCED_FACE('178:124941',(#1760),#1761,.F.);
#807=PRESENTATION_STYLE_ASSIGNMENT((#1762));
#808=ADVANCED_FACE('178:124944',(#1763),#1764,.F.);
#809=PRESENTATION_STYLE_ASSIGNMENT((#1765));
#810=ADVANCED_FACE('178:124947',(#1766),#1767,.T.);
#811=PRESENTATION_STYLE_ASSIGNMENT((#1768));
#812=ADVANCED_FACE('178:124950',(#1769),#1770,.T.);
#813=PRESENTATION_STYLE_ASSIGNMENT((#1771));
#814=ADVANCED_FACE('178:124953',(#1772),#1773,.F.);
#815=PRESENTATION_STYLE_ASSIGNMENT((#1774));
#816=ADVANCED_FACE('148:26383',(#1775),#1776,.F.);
#817=PRESENTATION_STYLE_ASSIGNMENT((#1777));
#818=ADVANCED_FACE('148:26386',(#1778),#1779,.F.);
#819=PRESENTATION_STYLE_ASSIGNMENT((#1780));
#820=ADVANCED_FACE('148:26389',(#1781),#1782,.F.);
#821=PRESENTATION_STYLE_ASSIGNMENT((#1783));
#822=ADVANCED_FACE('148:14242',(#1784),#1785,.F.);
#823=PRESENTATION_STYLE_ASSIGNMENT((#1786));
#824=ADVANCED_FACE('147:2275',(#1787),#1788,.T.);
#825=PRESENTATION_STYLE_ASSIGNMENT((#1789));
#826=ADVANCED_FACE('148:14239',(#1790),#1791,.F.);
#827=PRESENTATION_STYLE_ASSIGNMENT((#1792));
#828=ADVANCED_FACE('147:2365',(#1793),#1794,.T.);
#829=PRESENTATION_STYLE_ASSIGNMENT((#1795));
#830=ADVANCED_FACE('120:11090',(#1796),#1797,.T.);
#831=PRESENTATION_STYLE_ASSIGNMENT((#1798));
#832=ADVANCED_FACE('120:10625',(#1799),#1800,.T.);
#833=PRESENTATION_STYLE_ASSIGNMENT((#1801));
#834=ADVANCED_FACE('120:10631',(#1802,#1803),#1804,.T.);
#835=PRESENTATION_STYLE_ASSIGNMENT((#1805));
#836=ADVANCED_FACE('120:11087',(#1806),#1807,.T.);
#837=PRESENTATION_STYLE_ASSIGNMENT((#1808));
#838=ADVANCED_FACE('120:11099',(#1809),#1810,.T.);
#839=PRESENTATION_STYLE_ASSIGNMENT((#1811));
#840=ADVANCED_FACE('120:10640',(#1812),#1813,.F.);
#841=PRESENTATION_STYLE_ASSIGNMENT((#1814));
#842=ADVANCED_FACE('120:11102',(#1815),#1816,.T.);
#843=PRESENTATION_STYLE_ASSIGNMENT((#1817));
#844=ADVANCED_FACE('120:10643',(#1818),#1819,.F.);
#845=PRESENTATION_STYLE_ASSIGNMENT((#1820));
#846=ADVANCED_FACE('120:10619',(#1821),#1822,.T.);
#847=PRESENTATION_STYLE_ASSIGNMENT((#1823));
#848=ADVANCED_FACE('120:10637',(#1824),#1825,.F.);
#849=PRESENTATION_STYLE_ASSIGNMENT((#1826));
#850=ADVANCED_FACE('120:11081',(#1827),#1828,.T.);
#851=PRESENTATION_STYLE_ASSIGNMENT((#1829));
#852=ADVANCED_FACE('120:11093',(#1830),#1831,.T.);
#853=PRESENTATION_STYLE_ASSIGNMENT((#1832));
#854=ADVANCED_FACE('120:10634',(#1833),#1834,.F.);
#855=PRESENTATION_STYLE_ASSIGNMENT((#1835));
#856=ADVANCED_FACE('120:10622',(#1836),#1837,.T.);
#857=PRESENTATION_STYLE_ASSIGNMENT((#1838));
#858=ADVANCED_FACE('120:11084',(#1839),#1840,.T.);
#859=PRESENTATION_STYLE_ASSIGNMENT((#1841));
#860=ADVANCED_FACE('120:11096',(#1842),#1843,.T.);
#861=PRESENTATION_STYLE_ASSIGNMENT((#1844));
#862=ADVANCED_FACE('120:11018',(#1845),#1846,.T.);
#863=PRESENTATION_STYLE_ASSIGNMENT((#1847));
#864=ADVANCED_FACE('120:10994',(#1848),#1849,.T.);
#865=PRESENTATION_STYLE_ASSIGNMENT((#1850));
#866=ADVANCED_FACE('120:11006',(#1851),#1852,.T.);
#867=PRESENTATION_STYLE_ASSIGNMENT((#1853));
#868=ADVANCED_FACE('120:11030',(#1854),#1855,.T.);
#869=PRESENTATION_STYLE_ASSIGNMENT((#1856));
#870=ADVANCED_FACE('183:3703',(#1857),#1858,.F.);
#871=PRESENTATION_STYLE_ASSIGNMENT((#1859));
#872=ADVANCED_FACE('183:3706',(#1860),#1861,.T.);
#873=PRESENTATION_STYLE_ASSIGNMENT((#1862));
#874=ADVANCED_FACE('183:3709',(#1863),#1864,.T.);
#875=PRESENTATION_STYLE_ASSIGNMENT((#1865));
#876=ADVANCED_FACE('183:3712',(#1866),#1867,.F.);
#877=PRESENTATION_STYLE_ASSIGNMENT((#1868));
#878=ADVANCED_FACE('183:3715',(#1869),#1870,.T.);
#879=PRESENTATION_STYLE_ASSIGNMENT((#1871));
#880=ADVANCED_FACE('184:907',(#1872),#1873,.F.);
#881=PRESENTATION_STYLE_ASSIGNMENT((#1874));
#882=ADVANCED_FACE('183:3724',(#1875,#1876),#1877,.F.);
#883=PRESENTATION_STYLE_ASSIGNMENT((#1878));
#884=ADVANCED_FACE('183:480',(#1879),#1880,.F.);
#885=PRESENTATION_STYLE_ASSIGNMENT((#1881));
#886=ADVANCED_FACE('184:904',(#1882,#1883),#1884,.F.);
#887=PRESENTATION_STYLE_ASSIGNMENT((#1885));
#888=ADVANCED_FACE('183:576',(#1886,#1887),#1888,.F.);
#889=PRESENTATION_STYLE_ASSIGNMENT((#1889));
#890=ADVANCED_FACE('183:463',(#1890),#1891,.F.);
#891=PRESENTATION_STYLE_ASSIGNMENT((#1892));
#892=ADVANCED_FACE('183:3721',(#1893,#1894),#1895,.F.);
#893=PRESENTATION_STYLE_ASSIGNMENT((#1896));
#894=ADVANCED_FACE('183:525',(#1897,#1898),#1899,.F.);
#895=PRESENTATION_STYLE_ASSIGNMENT((#1900));
#896=ADVANCED_FACE('183:3718',(#1901),#1902,.T.);
#897=PRESENTATION_STYLE_ASSIGNMENT((#1903));
#898=ADVANCED_FACE('120:10808',(#1904,#1905),#1906,.F.);
#899=PRESENTATION_STYLE_ASSIGNMENT((#1907));
#900=ADVANCED_FACE('120:10826',(#1908,#1909),#1910,.F.);
#901=PRESENTATION_STYLE_ASSIGNMENT((#1911));
#902=ADVANCED_FACE('120:10829',(#1912,#1913),#1914,.F.);
#903=PRESENTATION_STYLE_ASSIGNMENT((#1915));
#904=ADVANCED_FACE('120:10823',(#1916,#1917),#1918,.F.);
#905=PRESENTATION_STYLE_ASSIGNMENT((#1919));
#906=ADVANCED_FACE('120:10805',(#1920,#1921),#1922,.F.);
#907=PRESENTATION_STYLE_ASSIGNMENT((#1923));
#908=ADVANCED_FACE('120:10802',(#1924,#1925),#1926,.F.);
#909=PRESENTATION_STYLE_ASSIGNMENT((#1927));
#910=ADVANCED_FACE('120:10799',(#1928,#1929),#1930,.F.);
#911=PRESENTATION_STYLE_ASSIGNMENT((#1931));
#912=ADVANCED_FACE('120:10892',(#1932),#1933,.T.);
#913=PRESENTATION_STYLE_ASSIGNMENT((#1934));
#914=ADVANCED_FACE('120:10889',(#1935),#1936,.T.);
#915=PRESENTATION_STYLE_ASSIGNMENT((#1937));
#916=ADVANCED_FACE('120:10877',(#1938),#1939,.T.);
#917=PRESENTATION_STYLE_ASSIGNMENT((#1940));
#918=ADVANCED_FACE('120:10874',(#1941),#1942,.T.);
#919=PRESENTATION_STYLE_ASSIGNMENT((#1943));
#920=ADVANCED_FACE('120:10883',(#1944),#1945,.F.);
#921=PRESENTATION_STYLE_ASSIGNMENT((#1946));
#922=ADVANCED_FACE('120:10931',(#1947),#1948,.F.);
#923=PRESENTATION_STYLE_ASSIGNMENT((#1949));
#924=ADVANCED_FACE('120:10934',(#1950),#1951,.T.);
#925=PRESENTATION_STYLE_ASSIGNMENT((#1952));
#926=ADVANCED_FACE('120:10937',(#1953),#1954,.T.);
#927=PRESENTATION_STYLE_ASSIGNMENT((#1955));
#928=ADVANCED_FACE('120:10940',(#1956),#1957,.F.);
#929=PRESENTATION_STYLE_ASSIGNMENT((#1958));
#930=ADVANCED_FACE('120:10943',(#1959),#1960,.F.);
#931=PRESENTATION_STYLE_ASSIGNMENT((#1961));
#932=ADVANCED_FACE('120:10946',(#1962),#1963,.T.);
#933=PRESENTATION_STYLE_ASSIGNMENT((#1964));
#934=ADVANCED_FACE('120:10949',(#1965),#1966,.T.);
#935=PRESENTATION_STYLE_ASSIGNMENT((#1967));
#936=ADVANCED_FACE('120:10952',(#1968),#1969,.F.);
#937=PRESENTATION_STYLE_ASSIGNMENT((#1970));
#938=ADVANCED_FACE('120:10928',(#1971),#1972,.F.);
#939=PRESENTATION_STYLE_ASSIGNMENT((#1973));
#940=ADVANCED_FACE('120:10925',(#1974),#1975,.F.);
#941=PRESENTATION_STYLE_ASSIGNMENT((#1976));
#942=ADVANCED_FACE('120:10685',(#1977),#1978,.T.);
#943=PRESENTATION_STYLE_ASSIGNMENT((#1979));
#944=ADVANCED_FACE('120:10682',(#1980,#1981,#1982,#1983,#1984,#1985,#1986,#1987,#1988),#1989,.F.);
#945=PRESENTATION_STYLE_ASSIGNMENT((#1990));
#946=ADVANCED_FACE('147:2108',(#1991,#1992),#1993,.T.);
#947=PRESENTATION_STYLE_ASSIGNMENT((#1994));
#948=ADVANCED_FACE('120:10697',(#1995),#1996,.F.);
#949=PRESENTATION_STYLE_ASSIGNMENT((#1997));
#950=ADVANCED_FACE('120:10694',(#1998),#1999,.T.);
#951=PRESENTATION_STYLE_ASSIGNMENT((#2000));
#952=ADVANCED_FACE('120:10691',(#2001),#2002,.F.);
#953=PRESENTATION_STYLE_ASSIGNMENT((#2003));
#954=ADVANCED_FACE('120:10688',(#2004),#2005,.T.);
#955=PRESENTATION_STYLE_ASSIGNMENT((#2006));
#956=ADVANCED_FACE('120:10886',(#2007),#2008,.T.);
#957=PRESENTATION_STYLE_ASSIGNMENT((#2009));
#958=ADVANCED_FACE('120:10880',(#2010),#2011,.T.);
#959=PRESENTATION_STYLE_ASSIGNMENT((#2012));
#960=ADVANCED_FACE('120:10718',(#2013),#2014,.F.);
#961=PRESENTATION_STYLE_ASSIGNMENT((#2015));
#962=ADVANCED_FACE('120:10895',(#2016),#2017,.F.);
#963=PRESENTATION_STYLE_ASSIGNMENT((#2018));
#964=ADVANCED_FACE('120:10646',(#2019,#2020),#2021,.F.);
#965=PRESENTATION_STYLE_ASSIGNMENT((#2022));
#966=ADVANCED_FACE('120:10859',(#2023),#2024,.T.);
#967=PRESENTATION_STYLE_ASSIGNMENT((#2025));
#968=ADVANCED_FACE('120:10847',(#2026),#2027,.T.);
#969=PRESENTATION_STYLE_ASSIGNMENT((#2028));
#970=ADVANCED_FACE('120:10850',(#2029),#2030,.T.);
#971=PRESENTATION_STYLE_ASSIGNMENT((#2031));
#972=ADVANCED_FACE('120:10844',(#2032),#2033,.T.);
#973=PRESENTATION_STYLE_ASSIGNMENT((#2034));
#974=ADVANCED_FACE('120:10862',(#2035),#2036,.T.);
#975=PRESENTATION_STYLE_ASSIGNMENT((#2037));
#976=ADVANCED_FACE('120:10856',(#2038),#2039,.T.);
#977=PRESENTATION_STYLE_ASSIGNMENT((#2040));
#978=ADVANCED_FACE('120:10853',(#2041),#2042,.F.);
#979=PRESENTATION_STYLE_ASSIGNMENT((#2043));
#980=ADVANCED_FACE('120:10715',(#2044),#2045,.F.);
#981=PRESENTATION_STYLE_ASSIGNMENT((#2046));
#982=ADVANCED_FACE('120:11069',(#2047),#2048,.F.);
#983=PRESENTATION_STYLE_ASSIGNMENT((#2049));
#984=ADVANCED_FACE('120:11072',(#2050),#2051,.F.);
#985=PRESENTATION_STYLE_ASSIGNMENT((#2052));
#986=ADVANCED_FACE('120:11075',(#2053),#2054,.F.);
#987=PRESENTATION_STYLE_ASSIGNMENT((#2055));
#988=ADVANCED_FACE('120:11078',(#2056),#2057,.F.);
#989=PRESENTATION_STYLE_ASSIGNMENT((#2058));
#990=ADVANCED_FACE('120:10838',(#2059),#2060,.T.);
#991=PRESENTATION_STYLE_ASSIGNMENT((#2061));
#992=ADVANCED_FACE('120:10898',(#2062),#2063,.T.);
#993=PRESENTATION_STYLE_ASSIGNMENT((#2064));
#994=ADVANCED_FACE('120:10841',(#2065),#2066,.T.);
#995=PRESENTATION_STYLE_ASSIGNMENT((#2067));
#996=ADVANCED_FACE('120:10811',(#2068,#2069),#2070,.F.);
#997=PRESENTATION_STYLE_ASSIGNMENT((#2071));
#998=ADVANCED_FACE('120:10865',(#2072),#2073,.T.);
#999=PRESENTATION_STYLE_ASSIGNMENT((#2074));
#1000=ADVANCED_FACE('120:10868',(#2075),#2076,.T.);
#1001=PRESENTATION_STYLE_ASSIGNMENT((#2077));
#1002=ADVANCED_FACE('120:10871',(#2078),#2079,.T.);
#1003=PRESENTATION_STYLE_ASSIGNMENT((#2080));
#1004=ADVANCED_FACE('120:10796',(#2081,#2082),#2083,.F.);
#1005=PRESENTATION_STYLE_ASSIGNMENT((#2084));
#1006=ADVANCED_FACE('184:546',(#2085),#2086,.F.);
#1007=PRESENTATION_STYLE_ASSIGNMENT((#2087));
#1008=ADVANCED_FACE('184:543',(#2088),#2089,.F.);
#1009=PRESENTATION_STYLE_ASSIGNMENT((#2090));
#1010=ADVANCED_FACE('184:540',(#2091),#2092,.F.);
#1011=PRESENTATION_STYLE_ASSIGNMENT((#2093));
#1012=ADVANCED_FACE('184:893',(#2094),#2095,.T.);
#1013=PRESENTATION_STYLE_ASSIGNMENT((#2096));
#1014=ADVANCED_FACE('184:890',(#2097),#2098,.F.);
#1015=PRESENTATION_STYLE_ASSIGNMENT((#2099));
#1016=ADVANCED_FACE('171:11250',(#2100,#2101,#2102,#2103,#2104,#2105,#2106,#2107),#2108,.F.);
#1017=PRESENTATION_STYLE_ASSIGNMENT((#2109));
#1018=ADVANCED_FACE('147:2362',(#2110),#2111,.T.);
#1019=PRESENTATION_STYLE_ASSIGNMENT((#2112));
#1020=ADVANCED_FACE('120:10991',(#2113,#2114,#2115,#2116,#2117,#2118),#2119,.T.);
#1021=PRESENTATION_STYLE_ASSIGNMENT((#2120));
#1022=ADVANCED_FACE('120:10712',(#2121),#2122,.F.);
#1023=PRESENTATION_STYLE_ASSIGNMENT((#2123));
#1024=ADVANCED_FACE('120:10709',(#2124),#2125,.F.);
#1025=PRESENTATION_STYLE_ASSIGNMENT((#2126));
#1026=ADVANCED_FACE('120:10706',(#2127),#2128,.F.);
#1027=PRESENTATION_STYLE_ASSIGNMENT((#2129));
#1028=ADVANCED_FACE('120:10703',(#2130),#2131,.F.);
#1029=PRESENTATION_STYLE_ASSIGNMENT((#2132));
#1030=ADVANCED_FACE('177:21',(#2133,#2134),#2135,.T.);
#1031=PRESENTATION_STYLE_ASSIGNMENT((#2136));
#1032=ADVANCED_FACE('177:54',(#2137),#2138,.F.);
#1033=PRESENTATION_STYLE_ASSIGNMENT((#2139));
#1034=ADVANCED_FACE('177:30',(#2140),#2141,.T.);
#1035=PRESENTATION_STYLE_ASSIGNMENT((#2142));
#1036=ADVANCED_FACE('177:27',(#2143),#2144,.T.);
#1037=PRESENTATION_STYLE_ASSIGNMENT((#2145));
#1038=ADVANCED_FACE('177:51',(#2146),#2147,.F.);
#1039=PRESENTATION_STYLE_ASSIGNMENT((#2148));
#1040=ADVANCED_FACE('177:48',(#2149),#2150,.F.);
#1041=PRESENTATION_STYLE_ASSIGNMENT((#2151));
#1042=ADVANCED_FACE('177:162',(#2152),#2153,.T.);
#1043=PRESENTATION_STYLE_ASSIGNMENT((#2154));
#1044=ADVANCED_FACE('177:165',(#2155),#2156,.T.);
#1045=PRESENTATION_STYLE_ASSIGNMENT((#2157));
#1046=ADVANCED_FACE('177:159',(#2158),#2159,.T.);
#1047=PRESENTATION_STYLE_ASSIGNMENT((#2160));
#1048=ADVANCED_FACE('177:18',(#2161),#2162,.F.);
#1049=PRESENTATION_STYLE_ASSIGNMENT((#2163));
#1050=ADVANCED_FACE('177:123',(#2164,#2165,#2166),#2167,.F.);
#1051=PRESENTATION_STYLE_ASSIGNMENT((#2168));
#1052=ADVANCED_FACE('177:126',(#2169,#2170),#2171,.T.);
#1053=PRESENTATION_STYLE_ASSIGNMENT((#2172));
#1054=ADVANCED_FACE('177:120',(#2173),#2174,.T.);
#1055=PRESENTATION_STYLE_ASSIGNMENT((#2175));
#1056=ADVANCED_FACE('177:108',(#2176),#2177,.T.);
#1057=PRESENTATION_STYLE_ASSIGNMENT((#2178));
#1058=ADVANCED_FACE('177:111',(#2179,#2180),#2181,.T.);
#1059=PRESENTATION_STYLE_ASSIGNMENT((#2182));
#1060=ADVANCED_FACE('177:114',(#2183),#2184,.T.);
#1061=PRESENTATION_STYLE_ASSIGNMENT((#2185));
#1062=ADVANCED_FACE('177:117',(#2186,#2187),#2188,.T.);
#1063=PRESENTATION_STYLE_ASSIGNMENT((#2189));
#1064=ADVANCED_FACE('177:69',(#2190),#2191,.T.);
#1065=PRESENTATION_STYLE_ASSIGNMENT((#2192));
#1066=ADVANCED_FACE('177:66',(#2193),#2194,.T.);
#1067=PRESENTATION_STYLE_ASSIGNMENT((#2195));
#1068=ADVANCED_FACE('177:72',(#2196),#2197,.T.);
#1069=PRESENTATION_STYLE_ASSIGNMENT((#2198));
#1070=ADVANCED_FACE('177:63',(#2199),#2200,.T.);
#1071=PRESENTATION_STYLE_ASSIGNMENT((#2201));
#1072=ADVANCED_FACE('177:75',(#2202),#2203,.T.);
#1073=PRESENTATION_STYLE_ASSIGNMENT((#2204));
#1074=ADVANCED_FACE('177:60',(#2205),#2206,.T.);
#1075=PRESENTATION_STYLE_ASSIGNMENT((#2207));
#1076=ADVANCED_FACE('177:78',(#2208),#2209,.T.);
#1077=PRESENTATION_STYLE_ASSIGNMENT((#2210));
#1078=ADVANCED_FACE('177:81',(#2211),#2212,.T.);
#1079=PRESENTATION_STYLE_ASSIGNMENT((#2213));
#1080=ADVANCED_FACE('177:141',(#2214),#2215,.F.);
#1081=PRESENTATION_STYLE_ASSIGNMENT((#2216));
#1082=ADVANCED_FACE('177:138',(#2217),#2218,.F.);
#1083=PRESENTATION_STYLE_ASSIGNMENT((#2219));
#1084=ADVANCED_FACE('177:144',(#2220),#2221,.F.);
#1085=PRESENTATION_STYLE_ASSIGNMENT((#2222));
#1086=ADVANCED_FACE('177:135',(#2223),#2224,.F.);
#1087=PRESENTATION_STYLE_ASSIGNMENT((#2225));
#1088=ADVANCED_FACE('177:147',(#2226),#2227,.F.);
#1089=PRESENTATION_STYLE_ASSIGNMENT((#2228));
#1090=ADVANCED_FACE('177:132',(#2229),#2230,.F.);
#1091=PRESENTATION_STYLE_ASSIGNMENT((#2231));
#1092=ADVANCED_FACE('177:150',(#2232),#2233,.F.);
#1093=PRESENTATION_STYLE_ASSIGNMENT((#2234));
#1094=ADVANCED_FACE('177:129',(#2235),#2236,.F.);
#1095=PRESENTATION_STYLE_ASSIGNMENT((#2237));
#1096=ADVANCED_FACE('177:84',(#2238,#2239),#2240,.F.);
#1097=PRESENTATION_STYLE_ASSIGNMENT((#2241));
#1098=ADVANCED_FACE('177:87',(#2242),#2243,.F.);
#1099=PRESENTATION_STYLE_ASSIGNMENT((#2244));
#1100=ADVANCED_FACE('177:102',(#2245),#2246,.T.);
#1101=PRESENTATION_STYLE_ASSIGNMENT((#2247));
#1102=ADVANCED_FACE('177:90',(#2248),#2249,.F.);
#1103=PRESENTATION_STYLE_ASSIGNMENT((#2250));
#1104=ADVANCED_FACE('177:105',(#2251),#2252,.T.);
#1105=PRESENTATION_STYLE_ASSIGNMENT((#2253));
#1106=ADVANCED_FACE('177:93',(#2254),#2255,.F.);
#1107=PRESENTATION_STYLE_ASSIGNMENT((#2256));
#1108=ADVANCED_FACE('177:99',(#2257),#2258,.T.);
#1109=PRESENTATION_STYLE_ASSIGNMENT((#2259));
#1110=ADVANCED_FACE('177:96',(#2260),#2261,.F.);
#1111=PRESENTATION_STYLE_ASSIGNMENT((#2262));
#1112=ADVANCED_FACE('177:153',(#2263),#2264,.T.);
#1113=PRESENTATION_STYLE_ASSIGNMENT((#2265));
#1114=ADVANCED_FACE('177:156',(#2266),#2267,.T.);
#1115=PRESENTATION_STYLE_ASSIGNMENT((#2268));
#1116=ADVANCED_FACE('177:168',(#2269),#2270,.T.);
#1117=PRESENTATION_STYLE_ASSIGNMENT((#2271));
#1118=ADVANCED_FACE('177:45',(#2272),#2273,.T.);
#1119=PRESENTATION_STYLE_ASSIGNMENT((#2274));
#1120=ADVANCED_FACE('177:42',(#2275),#2276,.T.);
#1121=PRESENTATION_STYLE_ASSIGNMENT((#2277));
#1122=ADVANCED_FACE('177:36',(#2278),#2279,.T.);
#1123=PRESENTATION_STYLE_ASSIGNMENT((#2280));
#1124=ADVANCED_FACE('177:33',(#2281),#2282,.T.);
#1125=PRESENTATION_STYLE_ASSIGNMENT((#2283));
#1126=ADVANCED_FACE('177:39',(#2284),#2285,.T.);
#1127=PRESENTATION_STYLE_ASSIGNMENT((#2286));
#1128=ADVANCED_FACE('177:57',(#2287),#2288,.F.);
#1129=PRESENTATION_STYLE_ASSIGNMENT((#2289));
#1130=ADVANCED_FACE('177:24',(#2290),#2291,.T.);
#1131=PRESENTATION_STYLE_ASSIGNMENT((#2292));
#1132=ADVANCED_FACE('8:40120',(#2293),#2294,.T.);
#1133=PRESENTATION_STYLE_ASSIGNMENT((#2295));
#1134=ADVANCED_FACE('8:40123',(#2296),#2297,.T.);
#1135=PRESENTATION_STYLE_ASSIGNMENT((#2298));
#1136=ADVANCED_FACE('8:40126',(#2299),#2300,.T.);
#1137=PRESENTATION_STYLE_ASSIGNMENT((#2301));
#1138=ADVANCED_FACE('8:40129',(#2302),#2303,.T.);
#1139=PRESENTATION_STYLE_ASSIGNMENT((#2304));
#1140=ADVANCED_FACE('8:40132',(#2305),#2306,.T.);
#1141=PRESENTATION_STYLE_ASSIGNMENT((#2307));
#1142=ADVANCED_FACE('157:22475',(#2308),#2309,.T.);
#1143=PRESENTATION_STYLE_ASSIGNMENT((#2310));
#1144=ADVANCED_FACE('8:40480',(#2311),#2312,.T.);
#1145=PRESENTATION_STYLE_ASSIGNMENT((#2313));
#1146=ADVANCED_FACE('8:40474',(#2314),#2315,.T.);
#1147=PRESENTATION_STYLE_ASSIGNMENT((#2316));
#1148=ADVANCED_FACE('8:40471',(#2317),#2318,.T.);
#1149=PRESENTATION_STYLE_ASSIGNMENT((#2319));
#1150=ADVANCED_FACE('8:40483',(#2320),#2321,.T.);
#1151=PRESENTATION_STYLE_ASSIGNMENT((#2322));
#1152=ADVANCED_FACE('157:22457',(#2323),#2324,.T.);
#1153=PRESENTATION_STYLE_ASSIGNMENT((#2325));
#1154=ADVANCED_FACE('8:40477',(#2326),#2327,.T.);
#1155=PRESENTATION_STYLE_ASSIGNMENT((#2328));
#1156=ADVANCED_FACE('8:40415',(#2329),#2330,.T.);
#1157=PRESENTATION_STYLE_ASSIGNMENT((#2331));
#1158=ADVANCED_FACE('8:40409',(#2332),#2333,.T.);
#1159=PRESENTATION_STYLE_ASSIGNMENT((#2334));
#1160=ADVANCED_FACE('8:40406',(#2335),#2336,.T.);
#1161=PRESENTATION_STYLE_ASSIGNMENT((#2337));
#1162=ADVANCED_FACE('8:40418',(#2338),#2339,.T.);
#1163=PRESENTATION_STYLE_ASSIGNMENT((#2340));
#1164=ADVANCED_FACE('157:22460',(#2341),#2342,.T.);
#1165=PRESENTATION_STYLE_ASSIGNMENT((#2343));
#1166=ADVANCED_FACE('8:40412',(#2344),#2345,.T.);
#1167=PRESENTATION_STYLE_ASSIGNMENT((#2346));
#1168=ADVANCED_FACE('8:40350',(#2347),#2348,.T.);
#1169=PRESENTATION_STYLE_ASSIGNMENT((#2349));
#1170=ADVANCED_FACE('8:40344',(#2350),#2351,.T.);
#1171=PRESENTATION_STYLE_ASSIGNMENT((#2352));
#1172=ADVANCED_FACE('8:40341',(#2353),#2354,.T.);
#1173=PRESENTATION_STYLE_ASSIGNMENT((#2355));
#1174=ADVANCED_FACE('8:40353',(#2356),#2357,.T.);
#1175=PRESENTATION_STYLE_ASSIGNMENT((#2358));
#1176=ADVANCED_FACE('157:22463',(#2359),#2360,.T.);
#1177=PRESENTATION_STYLE_ASSIGNMENT((#2361));
#1178=ADVANCED_FACE('8:40347',(#2362),#2363,.T.);
#1179=PRESENTATION_STYLE_ASSIGNMENT((#2364));
#1180=ADVANCED_FACE('157:22466',(#2365),#2366,.T.);
#1181=PRESENTATION_STYLE_ASSIGNMENT((#2367));
#1182=ADVANCED_FACE('8:40318',(#2368,#2369),#2370,.T.);
#1183=PRESENTATION_STYLE_ASSIGNMENT((#2371));
#1184=ADVANCED_FACE('8:40315',(#2372),#2373,.F.);
#1185=PRESENTATION_STYLE_ASSIGNMENT((#2374));
#1186=ADVANCED_FACE('8:40250',(#2375),#2376,.T.);
#1187=PRESENTATION_STYLE_ASSIGNMENT((#2377));
#1188=ADVANCED_FACE('8:40259',(#2378),#2379,.T.);
#1189=PRESENTATION_STYLE_ASSIGNMENT((#2380));
#1190=ADVANCED_FACE('8:40253',(#2381),#2382,.T.);
#1191=PRESENTATION_STYLE_ASSIGNMENT((#2383));
#1192=ADVANCED_FACE('8:40256',(#2384),#2385,.T.);
#1193=PRESENTATION_STYLE_ASSIGNMENT((#2386));
#1194=ADVANCED_FACE('8:40262',(#2387),#2388,.T.);
#1195=PRESENTATION_STYLE_ASSIGNMENT((#2389));
#1196=ADVANCED_FACE('157:22469',(#2390),#2391,.T.);
#1197=PRESENTATION_STYLE_ASSIGNMENT((#2392));
#1198=ADVANCED_FACE('8:40185',(#2393),#2394,.T.);
#1199=PRESENTATION_STYLE_ASSIGNMENT((#2395));
#1200=ADVANCED_FACE('8:40194',(#2396),#2397,.T.);
#1201=PRESENTATION_STYLE_ASSIGNMENT((#2398));
#1202=ADVANCED_FACE('8:40188',(#2399),#2400,.T.);
#1203=PRESENTATION_STYLE_ASSIGNMENT((#2401));
#1204=ADVANCED_FACE('8:40191',(#2402),#2403,.T.);
#1205=PRESENTATION_STYLE_ASSIGNMENT((#2404));
#1206=ADVANCED_FACE('8:40197',(#2405),#2406,.T.);
#1207=PRESENTATION_STYLE_ASSIGNMENT((#2407));
#1208=ADVANCED_FACE('157:22472',(#2408),#2409,.T.);
#1211=LENGTH_MEASURE_WITH_UNIT(LENGTH_MEASURE(1.0),#2410);
#1214=DIMENSIONAL_EXPONENTS(1.0,0.0,0.0,0.0,0.0,0.0,0.0);
#1216=DIMENSIONAL_EXPONENTS(0.0,0.0,0.0,0.0,0.0,0.0,0.0);
#1222=PRODUCT_CONTEXT('',#39,'mechanical');
#1223=PRODUCT_DEFINITION_FORMATION_WITH_SPECIFIED_SOURCE(' ','NONE',#445,.NOT_KNOWN.);
#1224=CARTESIAN_POINT('',(0.0,0.0,0.0));
#1225=DIRECTION('',(0.0,0.0,1.0));
#1226=DIRECTION('',(1.0,0.0,0.0));
#1227=CARTESIAN_POINT('',(0.0,0.0961308627587839,0.0322695970777218));
#1228=DIRECTION('',(0.0,-3.23352455922077E-15,-1.0));
#1229=DIRECTION('',(1.0,0.0,0.0));
#1230=CARTESIAN_POINT('',(0.0,0.0,0.05));
#1231=DIRECTION('',(0.0,0.0,1.0));
#1232=DIRECTION('',(1.0,0.0,0.0));
#1233=CARTESIAN_POINT('',(0.0,0.0,0.0));
#1234=DIRECTION('',(0.0,0.0,1.0));
#1235=DIRECTION('',(1.0,0.0,0.0));
#1238=UNCERTAINTY_MEASURE_WITH_UNIT(LENGTH_MEASURE(1.0E-08),#1240,'','');
#1240= (CONVERSION_BASED_UNIT('METRE',#2413)LENGTH_UNIT()NAMED_UNIT(#2416));
#1241= (NAMED_UNIT(#2418)PLANE_ANGLE_UNIT()SI_UNIT($,.RADIAN.));
#1242= (NAMED_UNIT(#2418)SOLID_ANGLE_UNIT()SI_UNIT($,.STERADIAN.));
#1244=PRODUCT_CONTEXT('',#44,'mechanical');
#1245=PRODUCT_DEFINITION_FORMATION_WITH_SPECIFIED_SOURCE(' ','NONE',#452,.NOT_KNOWN.);
#1246=CLOSED_SHELL('',(#502,#504,#506,#508,#510,#512,#514,#516,#518,#520,#522,#524,#526,#528,#530,#532,#534,#536,#538,#540,#542,#544,#546,#548,#550,#552,#554,#556,#558,#560,#562,#564,#566,#568,#570));
#1247=PRODUCT_CONTEXT('',#52,'mechanical');
#1248=PRODUCT_DEFINITION_FORMATION_WITH_SPECIFIED_SOURCE(' ','NONE',#460,.NOT_KNOWN.);
#1249=CLOSED_SHELL('',(#572,#574,#576,#578,#580,#582,#584,#586,#588,#590,#592,#594,#596,#598,#600,#602,#604,#606,#608,#610,#612,#614,#616,#618,#620,#622,#624,#626,#628,#630,#632,#634,#636,#638,#640,#642,#644,#646,#648,#650,#652,#654,#656,#658,#660,#662,#664,#666,#668,#670,#672,#674,#676,#678,#680,#682,#684,#686,#688,#690,#692,#694,#696,#698,#700,#702,#704,#706,#708,#710,#712,#714,#716,#718,#720,#722,#724,#726,#728,#730,#732,#734,#736,#738,#740,#742,#744,#746,#748,#750,#752,#754,#756,#758,#760,#762,#764,#766,#768,#770,#772,#774,#776,#778,#780,#782,#784,#786,#788,#790,#792,#794,#796,#798,#800,#802,#804,#806,#808,#810,#812,#814,#816,#818,#820,#822,#824,#826,#828,#830,#832,#834,#836,#838,#840,#842,#844,#846,#848,#850,#852,#854,#856,#858,#860,#862,#864,#866,#868,#870,#872,#874,#876,#878,#880,#882,#884,#886,#888,#890,#892,#894,#896,#898,#900,#902,#904,#906,#908,#910,#912,#914,#916,#918,#920,#922,#924,#926,#928,#930,#932,#934,#936,#938,#940,#942,#944,#946,#948,#950,#952,#954,#956,#958,#960,#962,#964,#966,#968,#970,#972,#974,#976,#978,#980,#982,#984,#986,#988,#990,#992,#994,#996,#998,#1000,#1002,#1004,#1006,#1008,#1010,#1012,#1014,#1016,#1018,#1020,#1022,#1024,#1026,#1028));
#1250=PRODUCT_CONTEXT('',#60,'mechanical');
#1251=PRODUCT_DEFINITION_FORMATION_WITH_SPECIFIED_SOURCE(' ','NONE',#468,.NOT_KNOWN.);
#1252=CARTESIAN_POINT('',(0.0,0.0,0.0));
#1253=DIRECTION('',(0.0,0.0,1.0));
#1254=DIRECTION('',(1.0,0.0,0.0));
#1255=CARTESIAN_POINT('',(0.0,0.0,0.0));
#1256=DIRECTION('',(0.0,0.0,1.0));
#1257=DIRECTION('',(1.0,0.0,0.0));
#1258=CARTESIAN_POINT('',(0.0,0.0045,0.1));
#1259=DIRECTION('',(0.0,0.0,1.0));
#1260=DIRECTION('',(1.0,0.0,0.0));
#1263=UNCERTAINTY_MEASURE_WITH_UNIT(LENGTH_MEASURE(1.0E-08),#1265,'','');
#1265= (CONVERSION_BASED_UNIT('METRE',#2426)LENGTH_UNIT()NAMED_UNIT(#2429));
#1266= (NAMED_UNIT(#2431)PLANE_ANGLE_UNIT()SI_UNIT($,.RADIAN.));
#1267= (NAMED_UNIT(#2431)SOLID_ANGLE_UNIT()SI_UNIT($,.STERADIAN.));
#1269=PRODUCT_CONTEXT('',#65,'mechanical');
#1270=PRODUCT_DEFINITION_FORMATION_WITH_SPECIFIED_SOURCE(' ','NONE',#474,.NOT_KNOWN.);
#1271=CLOSED_SHELL('',(#1030,#1032,#1034,#1036,#1038,#1040,#1042,#1044,#1046,#1048,#1050,#1052,#1054,#1056,#1058,#1060,#1062,#1064,#1066,#1068,#1070,#1072,#1074,#1076,#1078,#1080,#1082,#1084,#1086,#1088,#1090,#1092,#1094,#1096,#1098,#1100,#1102,#1104,#1106,#1108,#1110,#1112,#1114,#1116,#1118,#1120,#1122,#1124,#1126,#1128,#1130));
#1272=PRODUCT_CONTEXT('',#73,'mechanical');
#1273=PRODUCT_DEFINITION_FORMATION_WITH_SPECIFIED_SOURCE(' ','NONE',#482,.NOT_KNOWN.);
#1274=CLOSED_SHELL('',(#1132,#1134,#1136,#1138,#1140,#1142));
#1275=CLOSED_SHELL('',(#1144,#1146,#1148,#1150,#1152,#1154));
#1276=CLOSED_SHELL('',(#1156,#1158,#1160,#1162,#1164,#1166));
#1277=CLOSED_SHELL('',(#1168,#1170,#1172,#1174,#1176,#1178));
#1278=CLOSED_SHELL('',(#1180,#1182,#1184));
#1279=CLOSED_SHELL('',(#1186,#1188,#1190,#1192,#1194,#1196));
#1280=CLOSED_SHELL('',(#1198,#1200,#1202,#1204,#1206,#1208));
#1281=SURFACE_STYLE_USAGE(.BOTH.,#2437);
#1282=FACE_OUTER_BOUND('',#2438,.T.);
#1283=PLANE('',#2439);
#1284=SURFACE_STYLE_USAGE(.BOTH.,#2440);
#1285=FACE_OUTER_BOUND('',#2441,.T.);
#1286=PLANE('',#2442);
#1287=SURFACE_STYLE_USAGE(.BOTH.,#2443);
#1288=FACE_OUTER_BOUND('',#2444,.T.);
#1289=PLANE('',#2445);
#1290=SURFACE_STYLE_USAGE(.BOTH.,#2446);
#1291=FACE_OUTER_BOUND('',#2447,.T.);
#1292=FACE_BOUND('',#2448,.T.);
#1293=PLANE('',#2449);
#1294=SURFACE_STYLE_USAGE(.BOTH.,#2450);
#1295=FACE_OUTER_BOUND('',#2451,.T.);
#1296=PLANE('',#2452);
#1297=SURFACE_STYLE_USAGE(.BOTH.,#2453);
#1298=FACE_OUTER_BOUND('',#2454,.T.);
#1299=PLANE('',#2455);
#1300=SURFACE_STYLE_USAGE(.BOTH.,#2456);
#1301=FACE_OUTER_BOUND('',#2457,.T.);
#1302=PLANE('',#2458);
#1303=SURFACE_STYLE_USAGE(.BOTH.,#2459);
#1304=FACE_OUTER_BOUND('',#2460,.T.);
#1305=PLANE('',#2461);
#1306=SURFACE_STYLE_USAGE(.BOTH.,#2462);
#1307=FACE_OUTER_BOUND('',#2463,.T.);
#1308=PLANE('',#2464);
#1309=SURFACE_STYLE_USAGE(.BOTH.,#2465);
#1310=FACE_OUTER_BOUND('',#2466,.T.);
#1311=PLANE('',#2467);
#1312=SURFACE_STYLE_USAGE(.BOTH.,#2468);
#1313=FACE_OUTER_BOUND('',#2469,.T.);
#1314=PLANE('',#2470);
#1315=SURFACE_STYLE_USAGE(.BOTH.,#2471);
#1316=FACE_OUTER_BOUND('',#2472,.T.);
#1317=PLANE('',#2473);
#1318=SURFACE_STYLE_USAGE(.BOTH.,#2474);
#1319=FACE_OUTER_BOUND('',#2475,.T.);
#1320=PLANE('',#2476);
#1321=SURFACE_STYLE_USAGE(.BOTH.,#2477);
#1322=FACE_OUTER_BOUND('',#2478,.T.);
#1323=PLANE('',#2479);
#1324=SURFACE_STYLE_USAGE(.BOTH.,#2480);
#1325=FACE_OUTER_BOUND('',#2481,.T.);
#1326=PLANE('',#2482);
#1327=SURFACE_STYLE_USAGE(.BOTH.,#2483);
#1328=FACE_OUTER_BOUND('',#2484,.T.);
#1329=PLANE('',#2485);
#1330=SURFACE_STYLE_USAGE(.BOTH.,#2486);
#1331=FACE_OUTER_BOUND('',#2487,.T.);
#1332=PLANE('',#2488);
#1333=SURFACE_STYLE_USAGE(.BOTH.,#2489);
#1334=FACE_OUTER_BOUND('',#2490,.T.);
#1335=PLANE('',#2491);
#1336=SURFACE_STYLE_USAGE(.BOTH.,#2492);
#1337=FACE_OUTER_BOUND('',#2493,.T.);
#1338=PLANE('',#2494);
#1339=SURFACE_STYLE_USAGE(.BOTH.,#2495);
#1340=FACE_OUTER_BOUND('',#2496,.T.);
#1341=PLANE('',#2497);
#1342=SURFACE_STYLE_USAGE(.BOTH.,#2498);
#1343=FACE_OUTER_BOUND('',#2499,.T.);
#1344=PLANE('',#2500);
#1345=SURFACE_STYLE_USAGE(.BOTH.,#2501);
#1346=FACE_OUTER_BOUND('',#2502,.T.);
#1347=PLANE('',#2503);
#1348=SURFACE_STYLE_USAGE(.BOTH.,#2504);
#1349=FACE_OUTER_BOUND('',#2505,.T.);
#1350=PLANE('',#2506);
#1351=SURFACE_STYLE_USAGE(.BOTH.,#2507);
#1352=FACE_OUTER_BOUND('',#2508,.T.);
#1353=PLANE('',#2509);
#1354=SURFACE_STYLE_USAGE(.BOTH.,#2510);
#1355=FACE_OUTER_BOUND('',#2511,.T.);
#1356=PLANE('',#2512);
#1357=SURFACE_STYLE_USAGE(.BOTH.,#2513);
#1358=FACE_OUTER_BOUND('',#2514,.T.);
#1359=PLANE('',#2515);
#1360=SURFACE_STYLE_USAGE(.BOTH.,#2516);
#1361=FACE_OUTER_BOUND('',#2517,.T.);
#1362=PLANE('',#2518);
#1363=SURFACE_STYLE_USAGE(.BOTH.,#2519);
#1364=FACE_OUTER_BOUND('',#2520,.T.);
#1365=PLANE('',#2521);
#1366=SURFACE_STYLE_USAGE(.BOTH.,#2522);
#1367=FACE_OUTER_BOUND('',#2523,.T.);
#1368=PLANE('',#2524);
#1369=SURFACE_STYLE_USAGE(.BOTH.,#2525);
#1370=FACE_OUTER_BOUND('',#2526,.T.);
#1371=PLANE('',#2527);
#1372=SURFACE_STYLE_USAGE(.BOTH.,#2528);
#1373=FACE_OUTER_BOUND('',#2529,.T.);
#1374=PLANE('',#2530);
#1375=SURFACE_STYLE_USAGE(.BOTH.,#2531);
#1376=FACE_OUTER_BOUND('',#2532,.T.);
#1377=PLANE('',#2533);
#1378=SURFACE_STYLE_USAGE(.BOTH.,#2534);
#1379=FACE_OUTER_BOUND('',#2535,.T.);
#1380=PLANE('',#2536);
#1381=SURFACE_STYLE_USAGE(.BOTH.,#2537);
#1382=FACE_OUTER_BOUND('',#2538,.T.);
#1383=PLANE('',#2539);
#1384=SURFACE_STYLE_USAGE(.BOTH.,#2540);
#1385=FACE_OUTER_BOUND('',#2541,.T.);
#1386=PLANE('',#2542);
#1387=SURFACE_STYLE_USAGE(.BOTH.,#2543);
#1388=FACE_OUTER_BOUND('',#2544,.T.);
#1389=(B_SPLINE_SURFACE(3,2,((#2546,#2547,#2548),(#2549,#2550,#2551),(#2552,#2553,#2554),(#2555,#2556,#2557),(#2558,#2559,#2560),(#2561,#2562,#2563),(#2564,#2565,#2566),(#2567,#2568,#2569),(#2570,#2571,#2572),(#2573,#2574,#2575),(#2576,#2577,#2578),(#2579,#2580,#2581),(#2582,#2583,#2584),(#2585,#2586,#2587),(#2588,#2589,#2590),(#2591,#2592,#2593),(#2594,#2595,#2596),(#2597,#2598,#2599),(#2600,#2601,#2602),(#2603,#2604,#2605),(#2606,#2607,#2608),(#2609,#2610,#2611)),.UNSPECIFIED.,.F.,.F.,.F.)B_SPLINE_SURFACE_WITH_KNOTS((4,2,2,2,2,2,2,2,2,2,4),(3,3),(0.00301774144159533,0.0032980496852426,0.00357835792888987,0.00385866617253713,0.0041389744161844,0.00441928265983167,0.00448935972074348,0.0045594367816553,0.00469959090347893,0.0049798991471262,0.00526020739077347),(0.0,1.0),.UNSPECIFIED.)RATIONAL_B_SPLINE_SURFACE(((1.0,0.707106781186548,1.0),(1.0,0.713033681868601,1.0),(1.0,0.718198040086833,1.0),(1.0,0.727040890828466,1.0),(1.0,0.730719625105096,1.0),(1.0,0.736612666653271,1.0),(1.0,0.738826926241099,1.0),(1.0,0.741793774134341,1.0),(1.0,0.742546359912411,1.0),(1.0,0.742575342331878,1.0),(1.0,0.741851779579261,1.0),(1.0,0.740004484663247,1.0),(1.0,0.739587657701337,1.0),(1.0,0.738661566781651,1.0),(1.0,0.738152104405385,1.0),(1.0,0.736484961220286,1.0),(1.0,0.735188559404781,1.0),(1.0,0.730747113853861,1.0),(1.0,0.727050399956249,1.0),(1.0,0.718186171633638,1.0),(1.0,0.713018399489043,1.0),(1.0,0.707106781186548,1.0)))BOUNDED_SURFACE()REPRESENTATION_ITEM('')GEOMETRIC_REPRESENTATION_ITEM()SURFACE());
#1390=SURFACE_STYLE_USAGE(.BOTH.,#2618);
#1391=FACE_OUTER_BOUND('',#2619,.T.);
#1392=TOROIDAL_SURFACE('',#2620,0.00599999999599682,0.001);
#1393=SURFACE_STYLE_USAGE(.BOTH.,#2621);
#1394=FACE_OUTER_BOUND('',#2622,.T.);
#1395=CYLINDRICAL_SURFACE('',#2623,0.001);
#1396=SURFACE_STYLE_USAGE(.BOTH.,#2624);
#1397=FACE_OUTER_BOUND('',#2625,.T.);
#1398=CYLINDRICAL_SURFACE('',#2626,0.001);
#1399=SURFACE_STYLE_USAGE(.BOTH.,#2627);
#1400=FACE_OUTER_BOUND('',#2628,.T.);
#1401=PLANE('',#2629);
#1402=SURFACE_STYLE_USAGE(.BOTH.,#2630);
#1403=FACE_OUTER_BOUND('',#2631,.T.);
#1404=PLANE('',#2632);
#1405=SURFACE_STYLE_USAGE(.BOTH.,#2633);
#1406=FACE_OUTER_BOUND('',#2634,.T.);
#1407=CONICAL_SURFACE('',#2635,0.00499999999599682,0.785398163397449);
#1408=SURFACE_STYLE_USAGE(.BOTH.,#2636);
#1409=FACE_OUTER_BOUND('',#2637,.T.);
#1410=PLANE('',#2638);
#1411=SURFACE_STYLE_USAGE(.BOTH.,#2639);
#1412=FACE_OUTER_BOUND('',#2640,.T.);
#1413=PLANE('',#2641);
#1414=SURFACE_STYLE_USAGE(.BOTH.,#2642);
#1415=FACE_OUTER_BOUND('',#2643,.T.);
#1416=PLANE('',#2644);
#1417=SURFACE_STYLE_USAGE(.BOTH.,#2645);
#1418=FACE_OUTER_BOUND('',#2646,.T.);
#1419=CYLINDRICAL_SURFACE('',#2647,0.002);
#1420=SURFACE_STYLE_USAGE(.BOTH.,#2648);
#1421=FACE_OUTER_BOUND('',#2649,.T.);
#1422=CYLINDRICAL_SURFACE('',#2650,0.002);
#1423=SURFACE_STYLE_USAGE(.BOTH.,#2651);
#1424=FACE_OUTER_BOUND('',#2652,.T.);
#1425=PLANE('',#2653);
#1426=SURFACE_STYLE_USAGE(.BOTH.,#2654);
#1427=FACE_OUTER_BOUND('',#2655,.T.);
#1428=PLANE('',#2656);
#1429=SURFACE_STYLE_USAGE(.BOTH.,#2657);
#1430=FACE_OUTER_BOUND('',#2658,.T.);
#1431=CYLINDRICAL_SURFACE('',#2659,0.002);
#1432=SURFACE_STYLE_USAGE(.BOTH.,#2660);
#1433=FACE_OUTER_BOUND('',#2661,.T.);
#1434=CYLINDRICAL_SURFACE('',#2662,0.002);
#1435=SURFACE_STYLE_USAGE(.BOTH.,#2663);
#1436=FACE_OUTER_BOUND('',#2664,.T.);
#1437=PLANE('',#2665);
#1438=SURFACE_STYLE_USAGE(.BOTH.,#2666);
#1439=FACE_OUTER_BOUND('',#2667,.T.);
#1440=FACE_OUTER_BOUND('',#2668,.T.);
#1441=CYLINDRICAL_SURFACE('',#2669,0.0023);
#1442=SURFACE_STYLE_USAGE(.BOTH.,#2670);
#1443=FACE_OUTER_BOUND('',#2671,.T.);
#1444=FACE_BOUND('',#2672,.T.);
#1445=PLANE('',#2673);
#1446=SURFACE_STYLE_USAGE(.BOTH.,#2674);
#1447=FACE_OUTER_BOUND('',#2675,.T.);
#1448=FACE_OUTER_BOUND('',#2676,.T.);
#1449=CYLINDRICAL_SURFACE('',#2677,0.0014);
#1450=SURFACE_STYLE_USAGE(.BOTH.,#2678);
#1451=FACE_OUTER_BOUND('',#2679,.T.);
#1452=FACE_OUTER_BOUND('',#2680,.T.);
#1453=CYLINDRICAL_SURFACE('',#2681,0.0023);
#1454=SURFACE_STYLE_USAGE(.BOTH.,#2682);
#1455=FACE_OUTER_BOUND('',#2683,.T.);
#1456=FACE_BOUND('',#2684,.T.);
#1457=PLANE('',#2685);
#1458=SURFACE_STYLE_USAGE(.BOTH.,#2686);
#1459=FACE_OUTER_BOUND('',#2687,.T.);
#1460=FACE_OUTER_BOUND('',#2688,.T.);
#1461=CYLINDRICAL_SURFACE('',#2689,0.0014);
#1462=SURFACE_STYLE_USAGE(.BOTH.,#2690);
#1463=FACE_OUTER_BOUND('',#2691,.T.);
#1464=FACE_BOUND('',#2692,.T.);
#1465=PLANE('',#2693);
#1466=SURFACE_STYLE_USAGE(.BOTH.,#2694);
#1467=FACE_OUTER_BOUND('',#2695,.T.);
#1468=FACE_OUTER_BOUND('',#2696,.T.);
#1469=CYLINDRICAL_SURFACE('',#2697,0.0014);
#1470=SURFACE_STYLE_USAGE(.BOTH.,#2698);
#1471=FACE_OUTER_BOUND('',#2699,.T.);
#1472=FACE_OUTER_BOUND('',#2700,.T.);
#1473=CYLINDRICAL_SURFACE('',#2701,0.0023);
#1474=SURFACE_STYLE_USAGE(.BOTH.,#2702);
#1475=FACE_OUTER_BOUND('',#2703,.T.);
#1476=FACE_OUTER_BOUND('',#2704,.T.);
#1477=CYLINDRICAL_SURFACE('',#2705,0.0014);
#1478=SURFACE_STYLE_USAGE(.BOTH.,#2706);
#1479=FACE_OUTER_BOUND('',#2707,.T.);
#1480=FACE_BOUND('',#2708,.T.);
#1481=PLANE('',#2709);
#1482=SURFACE_STYLE_USAGE(.BOTH.,#2710);
#1483=FACE_OUTER_BOUND('',#2711,.T.);
#1484=FACE_OUTER_BOUND('',#2712,.T.);
#1485=CYLINDRICAL_SURFACE('',#2713,0.0023);
#1486=SURFACE_STYLE_USAGE(.BOTH.,#2714);
#1487=FACE_OUTER_BOUND('',#2715,.T.);
#1488=PLANE('',#2716);
#1489=SURFACE_STYLE_USAGE(.BOTH.,#2717);
#1490=FACE_OUTER_BOUND('',#2718,.T.);
#1491=PLANE('',#2719);
#1492=SURFACE_STYLE_USAGE(.BOTH.,#2720);
#1493=FACE_OUTER_BOUND('',#2721,.T.);
#1494=PLANE('',#2722);
#1495=SURFACE_STYLE_USAGE(.BOTH.,#2723);
#1496=FACE_OUTER_BOUND('',#2724,.T.);
#1497=PLANE('',#2725);
#1498=SURFACE_STYLE_USAGE(.BOTH.,#2726);
#1499=FACE_OUTER_BOUND('',#2727,.T.);
#1500=PLANE('',#2728);
#1501=SURFACE_STYLE_USAGE(.BOTH.,#2729);
#1502=FACE_OUTER_BOUND('',#2730,.T.);
#1503=PLANE('',#2731);
#1504=SURFACE_STYLE_USAGE(.BOTH.,#2732);
#1505=FACE_OUTER_BOUND('',#2733,.T.);
#1506=PLANE('',#2734);
#1507=SURFACE_STYLE_USAGE(.BOTH.,#2735);
#1508=FACE_OUTER_BOUND('',#2736,.T.);
#1509=PLANE('',#2737);
#1510=SURFACE_STYLE_USAGE(.BOTH.,#2738);
#1511=FACE_OUTER_BOUND('',#2739,.T.);
#1512=PLANE('',#2740);
#1513=SURFACE_STYLE_USAGE(.BOTH.,#2741);
#1514=FACE_OUTER_BOUND('',#2742,.T.);
#1515=CYLINDRICAL_SURFACE('',#2743,0.005);
#1516=SURFACE_STYLE_USAGE(.BOTH.,#2744);
#1517=FACE_OUTER_BOUND('',#2745,.T.);
#1518=FACE_BOUND('',#2746,.T.);
#1519=PLANE('',#2747);
#1520=SURFACE_STYLE_USAGE(.BOTH.,#2748);
#1521=FACE_OUTER_BOUND('',#2749,.T.);
#1522=FACE_OUTER_BOUND('',#2750,.T.);
#1523=CYLINDRICAL_SURFACE('',#2751,0.0014);
#1524=SURFACE_STYLE_USAGE(.BOTH.,#2752);
#1525=FACE_OUTER_BOUND('',#2753,.T.);
#1526=PLANE('',#2754);
#1527=SURFACE_STYLE_USAGE(.BOTH.,#2755);
#1528=FACE_OUTER_BOUND('',#2756,.T.);
#1529=PLANE('',#2757);
#1530=SURFACE_STYLE_USAGE(.BOTH.,#2758);
#1531=FACE_BOUND('',#2759,.T.);
#1532=FACE_OUTER_BOUND('',#2760,.T.);
#1533=PLANE('',#2761);
#1534=SURFACE_STYLE_USAGE(.BOTH.,#2762);
#1535=FACE_OUTER_BOUND('',#2763,.T.);
#1536=CYLINDRICAL_SURFACE('',#2764,0.005);
#1537=SURFACE_STYLE_USAGE(.BOTH.,#2765);
#1538=FACE_OUTER_BOUND('',#2766,.T.);
#1539=PLANE('',#2767);
#1540=SURFACE_STYLE_USAGE(.BOTH.,#2768);
#1541=FACE_OUTER_BOUND('',#2769,.T.);
#1542=PLANE('',#2770);
#1543=SURFACE_STYLE_USAGE(.BOTH.,#2771);
#1544=FACE_OUTER_BOUND('',#2772,.T.);
#1545=FACE_OUTER_BOUND('',#2773,.T.);
#1546=CYLINDRICAL_SURFACE('',#2774,0.0014);
#1547=SURFACE_STYLE_USAGE(.BOTH.,#2775);
#1548=FACE_OUTER_BOUND('',#2776,.T.);
#1549=PLANE('',#2777);
#1550=SURFACE_STYLE_USAGE(.BOTH.,#2778);
#1551=FACE_OUTER_BOUND('',#2779,.T.);
#1552=CYLINDRICAL_SURFACE('',#2780,0.02);
#1553=SURFACE_STYLE_USAGE(.BOTH.,#2781);
#1554=FACE_OUTER_BOUND('',#2782,.T.);
#1555=CYLINDRICAL_SURFACE('',#2783,0.001);
#1556=SURFACE_STYLE_USAGE(.BOTH.,#2784);
#1557=FACE_OUTER_BOUND('',#2785,.T.);
#1558=CYLINDRICAL_SURFACE('',#2786,0.001);
#1559=SURFACE_STYLE_USAGE(.BOTH.,#2787);
#1560=FACE_OUTER_BOUND('',#2788,.T.);
#1561=CYLINDRICAL_SURFACE('',#2789,0.018);
#1562=SURFACE_STYLE_USAGE(.BOTH.,#2790);
#1563=FACE_OUTER_BOUND('',#2791,.T.);
#1564=CYLINDRICAL_SURFACE('',#2792,0.014);
#1565=SURFACE_STYLE_USAGE(.BOTH.,#2793);
#1566=FACE_OUTER_BOUND('',#2794,.T.);
#1567=CYLINDRICAL_SURFACE('',#2795,0.001);
#1568=SURFACE_STYLE_USAGE(.BOTH.,#2796);
#1569=FACE_OUTER_BOUND('',#2797,.T.);
#1570=CYLINDRICAL_SURFACE('',#2798,0.001);
#1571=SURFACE_STYLE_USAGE(.BOTH.,#2799);
#1572=FACE_OUTER_BOUND('',#2800,.T.);
#1573=CYLINDRICAL_SURFACE('',#2801,0.012);
#1574=SURFACE_STYLE_USAGE(.BOTH.,#2802);
#1575=FACE_OUTER_BOUND('',#2803,.T.);
#1576=CYLINDRICAL_SURFACE('',#2804,0.009);
#1577=SURFACE_STYLE_USAGE(.BOTH.,#2805);
#1578=FACE_OUTER_BOUND('',#2806,.T.);
#1579=CYLINDRICAL_SURFACE('',#2807,0.001);
#1580=SURFACE_STYLE_USAGE(.BOTH.,#2808);
#1581=FACE_OUTER_BOUND('',#2809,.T.);
#1582=CYLINDRICAL_SURFACE('',#2810,0.001);
#1583=SURFACE_STYLE_USAGE(.BOTH.,#2811);
#1584=FACE_OUTER_BOUND('',#2812,.T.);
#1585=CYLINDRICAL_SURFACE('',#2813,0.007);
#1586=SURFACE_STYLE_USAGE(.BOTH.,#2814);
#1587=FACE_OUTER_BOUND('',#2815,.T.);
#1588=FACE_OUTER_BOUND('',#2816,.T.);
#1589=CYLINDRICAL_SURFACE('',#2817,0.003);
#1590=SURFACE_STYLE_USAGE(.BOTH.,#2818);
#1591=FACE_OUTER_BOUND('',#2819,.T.);
#1592=CYLINDRICAL_SURFACE('',#2820,0.007);
#1593=SURFACE_STYLE_USAGE(.BOTH.,#2821);
#1594=FACE_OUTER_BOUND('',#2822,.T.);
#1595=CYLINDRICAL_SURFACE('',#2823,0.001);
#1596=SURFACE_STYLE_USAGE(.BOTH.,#2824);
#1597=FACE_OUTER_BOUND('',#2825,.T.);
#1598=CYLINDRICAL_SURFACE('',#2826,0.000999999999999999);
#1599=SURFACE_STYLE_USAGE(.BOTH.,#2827);
#1600=FACE_OUTER_BOUND('',#2828,.T.);
#1601=CYLINDRICAL_SURFACE('',#2829,0.009);
#1602=SURFACE_STYLE_USAGE(.BOTH.,#2830);
#1603=FACE_OUTER_BOUND('',#2831,.T.);
#1604=CYLINDRICAL_SURFACE('',#2832,0.012);
#1605=SURFACE_STYLE_USAGE(.BOTH.,#2833);
#1606=FACE_OUTER_BOUND('',#2834,.T.);
#1607=CYLINDRICAL_SURFACE('',#2835,0.00100000000000001);
#1608=SURFACE_STYLE_USAGE(.BOTH.,#2836);
#1609=FACE_OUTER_BOUND('',#2837,.T.);
#1610=CYLINDRICAL_SURFACE('',#2838,0.000999999999999995);
#1611=SURFACE_STYLE_USAGE(.BOTH.,#2839);
#1612=FACE_OUTER_BOUND('',#2840,.T.);
#1613=CYLINDRICAL_SURFACE('',#2841,0.014);
#1614=SURFACE_STYLE_USAGE(.BOTH.,#2842);
#1615=FACE_OUTER_BOUND('',#2843,.T.);
#1616=CYLINDRICAL_SURFACE('',#2844,0.018);
#1617=SURFACE_STYLE_USAGE(.BOTH.,#2845);
#1618=FACE_OUTER_BOUND('',#2846,.T.);
#1619=CYLINDRICAL_SURFACE('',#2847,0.001);
#1620=SURFACE_STYLE_USAGE(.BOTH.,#2848);
#1621=FACE_OUTER_BOUND('',#2849,.T.);
#1622=CYLINDRICAL_SURFACE('',#2850,0.000999999999999994);
#1623=SURFACE_STYLE_USAGE(.BOTH.,#2851);
#1624=FACE_OUTER_BOUND('',#2852,.T.);
#1625=CYLINDRICAL_SURFACE('',#2853,0.02);
#1626=SURFACE_STYLE_USAGE(.BOTH.,#2854);
#1627=FACE_OUTER_BOUND('',#2855,.T.);
#1628=PLANE('',#2856);
#1629=SURFACE_STYLE_USAGE(.BOTH.,#2857);
#1630=FACE_OUTER_BOUND('',#2858,.T.);
#1631=CYLINDRICAL_SURFACE('',#2859,0.00199999933505552);
#1632=SURFACE_STYLE_USAGE(.BOTH.,#2860);
#1633=FACE_OUTER_BOUND('',#2861,.T.);
#1634=CYLINDRICAL_SURFACE('',#2862,0.00199999933505552);
#1635=SURFACE_STYLE_USAGE(.BOTH.,#2863);
#1636=FACE_OUTER_BOUND('',#2864,.T.);
#1637=TOROIDAL_SURFACE('',#2865,0.0035,0.001);
#1638=SURFACE_STYLE_USAGE(.BOTH.,#2866);
#1639=FACE_OUTER_BOUND('',#2867,.T.);
#1640=CYLINDRICAL_SURFACE('',#2868,0.001);
#1641=SURFACE_STYLE_USAGE(.BOTH.,#2869);
#1642=FACE_OUTER_BOUND('',#2870,.T.);
#1643=CYLINDRICAL_SURFACE('',#2871,0.001);
#1644=SURFACE_STYLE_USAGE(.BOTH.,#2872);
#1645=FACE_OUTER_BOUND('',#2873,.T.);
#1646=CYLINDRICAL_SURFACE('',#2874,0.001);
#1647=SURFACE_STYLE_USAGE(.BOTH.,#2875);
#1648=FACE_OUTER_BOUND('',#2876,.T.);
#1649=CYLINDRICAL_SURFACE('',#2877,0.001);
#1650=SURFACE_STYLE_USAGE(.BOTH.,#2878);
#1651=FACE_OUTER_BOUND('',#2879,.T.);
#1652=CYLINDRICAL_SURFACE('',#2880,0.001);
#1653=SURFACE_STYLE_USAGE(.BOTH.,#2881);
#1654=FACE_OUTER_BOUND('',#2882,.T.);
#1655=TOROIDAL_SURFACE('',#2883,0.00499999999599683,0.001);
#1656=SURFACE_STYLE_USAGE(.BOTH.,#2884);
#1657=FACE_OUTER_BOUND('',#2885,.T.);
#1658=TOROIDAL_SURFACE('',#2886,0.0035,0.001);
#1659=SURFACE_STYLE_USAGE(.BOTH.,#2887);
#1660=FACE_OUTER_BOUND('',#2888,.T.);
#1661=CYLINDRICAL_SURFACE('',#2889,0.001);
#1662=SURFACE_STYLE_USAGE(.BOTH.,#2890);
#1663=FACE_OUTER_BOUND('',#2891,.T.);
#1664=CYLINDRICAL_SURFACE('',#2892,0.001);
#1665=SURFACE_STYLE_USAGE(.BOTH.,#2893);
#1666=FACE_OUTER_BOUND('',#2894,.T.);
#1667=CYLINDRICAL_SURFACE('',#2895,0.001);
#1668=SURFACE_STYLE_USAGE(.BOTH.,#2896);
#1669=FACE_OUTER_BOUND('',#2897,.T.);
#1670=CYLINDRICAL_SURFACE('',#2898,0.001);
#1671=SURFACE_STYLE_USAGE(.BOTH.,#2899);
#1672=FACE_OUTER_BOUND('',#2900,.T.);
#1673=CYLINDRICAL_SURFACE('',#2901,0.001);
#1674=SURFACE_STYLE_USAGE(.BOTH.,#2902);
#1675=FACE_OUTER_BOUND('',#2903,.T.);
#1676=TOROIDAL_SURFACE('',#2904,0.006,0.001);
#1677=SURFACE_STYLE_USAGE(.BOTH.,#2905);
#1678=FACE_OUTER_BOUND('',#2906,.T.);
#1679=TOROIDAL_SURFACE('',#2907,0.00499999999599683,0.001);
#1680=SURFACE_STYLE_USAGE(.BOTH.,#2908);
#1681=FACE_OUTER_BOUND('',#2909,.T.);
#1682=CYLINDRICAL_SURFACE('',#2910,0.001);
#1683=SURFACE_STYLE_USAGE(.BOTH.,#2911);
#1684=FACE_OUTER_BOUND('',#2912,.T.);
#1685=CYLINDRICAL_SURFACE('',#2913,0.001);
#1686=SURFACE_STYLE_USAGE(.BOTH.,#2914);
#1687=FACE_OUTER_BOUND('',#2915,.T.);
#1688=CYLINDRICAL_SURFACE('',#2916,0.001);
#1689=SURFACE_STYLE_USAGE(.BOTH.,#2917);
#1690=FACE_OUTER_BOUND('',#2918,.T.);
#1691=CYLINDRICAL_SURFACE('',#2919,0.001);
#1692=SURFACE_STYLE_USAGE(.BOTH.,#2920);
#1693=FACE_OUTER_BOUND('',#2921,.T.);
#1694=CYLINDRICAL_SURFACE('',#2922,0.001);
#1695=SURFACE_STYLE_USAGE(.BOTH.,#2923);
#1696=FACE_OUTER_BOUND('',#2924,.T.);
#1697=CYLINDRICAL_SURFACE('',#2925,0.001);
#1698=SURFACE_STYLE_USAGE(.BOTH.,#2926);
#1699=FACE_OUTER_BOUND('',#2927,.T.);
#1700=TOROIDAL_SURFACE('',#2928,0.0035,0.001);
#1701=SURFACE_STYLE_USAGE(.BOTH.,#2929);
#1702=FACE_OUTER_BOUND('',#2930,.T.);
#1703=TOROIDAL_SURFACE('',#2931,0.006,0.001);
#1704=SURFACE_STYLE_USAGE(.BOTH.,#2932);
#1705=FACE_OUTER_BOUND('',#2933,.T.);
#1706=CYLINDRICAL_SURFACE('',#2934,0.001);
#1707=SURFACE_STYLE_USAGE(.BOTH.,#2935);
#1708=FACE_OUTER_BOUND('',#2936,.T.);
#1709=CYLINDRICAL_SURFACE('',#2937,0.001);
#1710=SURFACE_STYLE_USAGE(.BOTH.,#2938);
#1711=FACE_OUTER_BOUND('',#2939,.T.);
#1712=CYLINDRICAL_SURFACE('',#2940,0.001);
#1713=SURFACE_STYLE_USAGE(.BOTH.,#2941);
#1714=FACE_OUTER_BOUND('',#2942,.T.);
#1715=CYLINDRICAL_SURFACE('',#2943,0.001);
#1716=SURFACE_STYLE_USAGE(.BOTH.,#2944);
#1717=FACE_OUTER_BOUND('',#2945,.T.);
#1718=CYLINDRICAL_SURFACE('',#2946,0.001);
#1719=SURFACE_STYLE_USAGE(.BOTH.,#2947);
#1720=FACE_OUTER_BOUND('',#2948,.T.);
#1721=CYLINDRICAL_SURFACE('',#2949,0.001);
#1722=SURFACE_STYLE_USAGE(.BOTH.,#2950);
#1723=FACE_OUTER_BOUND('',#2951,.T.);
#1724=TOROIDAL_SURFACE('',#2952,0.0035,0.001);
#1725=SURFACE_STYLE_USAGE(.BOTH.,#2953);
#1726=FACE_OUTER_BOUND('',#2954,.T.);
#1727=PLANE('',#2955);
#1728=SURFACE_STYLE_USAGE(.BOTH.,#2956);
#1729=FACE_OUTER_BOUND('',#2957,.T.);
#1730=CYLINDRICAL_SURFACE('',#2958,0.002);
#1731=SURFACE_STYLE_USAGE(.BOTH.,#2959);
#1732=FACE_OUTER_BOUND('',#2960,.T.);
#1733=CYLINDRICAL_SURFACE('',#2961,0.002);
#1734=SURFACE_STYLE_USAGE(.BOTH.,#2962);
#1735=FACE_OUTER_BOUND('',#2963,.T.);
#1736=FACE_BOUND('',#2964,.T.);
#1737=PLANE('',#2965);
#1738=SURFACE_STYLE_USAGE(.BOTH.,#2966);
#1739=FACE_BOUND('',#2967,.T.);
#1740=FACE_OUTER_BOUND('',#2968,.T.);
#1741=PLANE('',#2969);
#1742=SURFACE_STYLE_USAGE(.BOTH.,#2970);
#1743=FACE_BOUND('',#2971,.T.);
#1744=FACE_OUTER_BOUND('',#2972,.T.);
#1745=PLANE('',#2973);
#1746=SURFACE_STYLE_USAGE(.BOTH.,#2974);
#1747=FACE_BOUND('',#2975,.T.);
#1748=FACE_OUTER_BOUND('',#2976,.T.);
#1749=PLANE('',#2977);
#1750=SURFACE_STYLE_USAGE(.BOTH.,#2978);
#1751=FACE_OUTER_BOUND('',#2979,.T.);
#1752=PLANE('',#2980);
#1753=SURFACE_STYLE_USAGE(.BOTH.,#2981);
#1754=FACE_OUTER_BOUND('',#2982,.T.);
#1755=PLANE('',#2983);
#1756=SURFACE_STYLE_USAGE(.BOTH.,#2984);
#1757=FACE_OUTER_BOUND('',#2985,.T.);
#1758=PLANE('',#2986);
#1759=SURFACE_STYLE_USAGE(.BOTH.,#2987);
#1760=FACE_OUTER_BOUND('',#2988,.T.);
#1761=PLANE('',#2989);
#1762=SURFACE_STYLE_USAGE(.BOTH.,#2990);
#1763=FACE_OUTER_BOUND('',#2991,.T.);
#1764=PLANE('',#2992);
#1765=SURFACE_STYLE_USAGE(.BOTH.,#2993);
#1766=FACE_OUTER_BOUND('',#2994,.T.);
#1767=PLANE('',#2995);
#1768=SURFACE_STYLE_USAGE(.BOTH.,#2996);
#1769=FACE_OUTER_BOUND('',#2997,.T.);
#1770=PLANE('',#2998);
#1771=SURFACE_STYLE_USAGE(.BOTH.,#2999);
#1772=FACE_OUTER_BOUND('',#3000,.T.);
#1773=PLANE('',#3001);
#1774=SURFACE_STYLE_USAGE(.BOTH.,#3002);
#1775=FACE_OUTER_BOUND('',#3003,.T.);
#1776=CONICAL_SURFACE('',#3004,0.0029,0.785398163397451);
#1777=SURFACE_STYLE_USAGE(.BOTH.,#3005);
#1778=FACE_OUTER_BOUND('',#3006,.T.);
#1779=PLANE('',#3007);
#1780=SURFACE_STYLE_USAGE(.BOTH.,#3008);
#1781=FACE_OUTER_BOUND('',#3009,.T.);
#1782=CONICAL_SURFACE('',#3010,0.0029,0.785398163397451);
#1783=SURFACE_STYLE_USAGE(.BOTH.,#3011);
#1784=FACE_OUTER_BOUND('',#3012,.T.);
#1785=CYLINDRICAL_SURFACE('',#3013,0.0025);
#1786=SURFACE_STYLE_USAGE(.BOTH.,#3014);
#1787=FACE_OUTER_BOUND('',#3015,.T.);
#1788=PLANE('',#3016);
#1789=SURFACE_STYLE_USAGE(.BOTH.,#3017);
#1790=FACE_OUTER_BOUND('',#3018,.T.);
#1791=CYLINDRICAL_SURFACE('',#3019,0.0025);
#1792=SURFACE_STYLE_USAGE(.BOTH.,#3020);
#1793=FACE_OUTER_BOUND('',#3021,.T.);
#1794=PLANE('',#3022);
#1795=SURFACE_STYLE_USAGE(.BOTH.,#3023);
#1796=FACE_OUTER_BOUND('',#3024,.T.);
#1797=PLANE('',#3025);
#1798=SURFACE_STYLE_USAGE(.BOTH.,#3026);
#1799=FACE_OUTER_BOUND('',#3027,.T.);
#1800=PLANE('',#3028);
#1801=SURFACE_STYLE_USAGE(.BOTH.,#3029);
#1802=FACE_OUTER_BOUND('',#3030,.T.);
#1803=FACE_BOUND('',#3031,.T.);
#1804=PLANE('',#3032);
#1805=SURFACE_STYLE_USAGE(.BOTH.,#3033);
#1806=FACE_OUTER_BOUND('',#3034,.T.);
#1807=PLANE('',#3035);
#1808=SURFACE_STYLE_USAGE(.BOTH.,#3036);
#1809=FACE_OUTER_BOUND('',#3037,.T.);
#1810=PLANE('',#3038);
#1811=SURFACE_STYLE_USAGE(.BOTH.,#3039);
#1812=FACE_OUTER_BOUND('',#3040,.T.);
#1813=PLANE('',#3041);
#1814=SURFACE_STYLE_USAGE(.BOTH.,#3042);
#1815=FACE_OUTER_BOUND('',#3043,.T.);
#1816=PLANE('',#3044);
#1817=SURFACE_STYLE_USAGE(.BOTH.,#3045);
#1818=FACE_OUTER_BOUND('',#3046,.T.);
#1819=PLANE('',#3047);
#1820=SURFACE_STYLE_USAGE(.BOTH.,#3048);
#1821=FACE_OUTER_BOUND('',#3049,.T.);
#1822=PLANE('',#3050);
#1823=SURFACE_STYLE_USAGE(.BOTH.,#3051);
#1824=FACE_OUTER_BOUND('',#3052,.T.);
#1825=PLANE('',#3053);
#1826=SURFACE_STYLE_USAGE(.BOTH.,#3054);
#1827=FACE_OUTER_BOUND('',#3055,.T.);
#1828=PLANE('',#3056);
#1829=SURFACE_STYLE_USAGE(.BOTH.,#3057);
#1830=FACE_OUTER_BOUND('',#3058,.T.);
#1831=PLANE('',#3059);
#1832=SURFACE_STYLE_USAGE(.BOTH.,#3060);
#1833=FACE_OUTER_BOUND('',#3061,.T.);
#1834=PLANE('',#3062);
#1835=SURFACE_STYLE_USAGE(.BOTH.,#3063);
#1836=FACE_OUTER_BOUND('',#3064,.T.);
#1837=PLANE('',#3065);
#1838=SURFACE_STYLE_USAGE(.BOTH.,#3066);
#1839=FACE_OUTER_BOUND('',#3067,.T.);
#1840=PLANE('',#3068);
#1841=SURFACE_STYLE_USAGE(.BOTH.,#3069);
#1842=FACE_OUTER_BOUND('',#3070,.T.);
#1843=PLANE('',#3071);
#1844=SURFACE_STYLE_USAGE(.BOTH.,#3072);
#1845=FACE_OUTER_BOUND('',#3073,.T.);
#1846=PLANE('',#3074);
#1847=SURFACE_STYLE_USAGE(.BOTH.,#3075);
#1848=FACE_OUTER_BOUND('',#3076,.T.);
#1849=PLANE('',#3077);
#1850=SURFACE_STYLE_USAGE(.BOTH.,#3078);
#1851=FACE_OUTER_BOUND('',#3079,.T.);
#1852=PLANE('',#3080);
#1853=SURFACE_STYLE_USAGE(.BOTH.,#3081);
#1854=FACE_OUTER_BOUND('',#3082,.T.);
#1855=PLANE('',#3083);
#1856=SURFACE_STYLE_USAGE(.BOTH.,#3084);
#1857=FACE_OUTER_BOUND('',#3085,.T.);
#1858=PLANE('',#3086);
#1859=SURFACE_STYLE_USAGE(.BOTH.,#3087);
#1860=FACE_OUTER_BOUND('',#3088,.T.);
#1861=CYLINDRICAL_SURFACE('',#3089,0.00499999999599682);
#1862=SURFACE_STYLE_USAGE(.BOTH.,#3090);
#1863=FACE_OUTER_BOUND('',#3091,.T.);
#1864=PLANE('',#3092);
#1865=SURFACE_STYLE_USAGE(.BOTH.,#3093);
#1866=FACE_OUTER_BOUND('',#3094,.T.);
#1867=PLANE('',#3095);
#1868=SURFACE_STYLE_USAGE(.BOTH.,#3096);
#1869=FACE_OUTER_BOUND('',#3097,.T.);
#1870=CYLINDRICAL_SURFACE('',#3098,0.00499999999599682);
#1871=SURFACE_STYLE_USAGE(.BOTH.,#3099);
#1872=FACE_OUTER_BOUND('',#3100,.T.);
#1873=PLANE('',#3101);
#1874=SURFACE_STYLE_USAGE(.BOTH.,#3102);
#1875=FACE_OUTER_BOUND('',#3103,.T.);
#1876=FACE_OUTER_BOUND('',#3104,.T.);
#1877=CYLINDRICAL_SURFACE('',#3105,0.0014);
#1878=SURFACE_STYLE_USAGE(.BOTH.,#3106);
#1879=FACE_OUTER_BOUND('',#3107,.T.);
#1880=PLANE('',#3108);
#1881=SURFACE_STYLE_USAGE(.BOTH.,#3109);
#1882=FACE_OUTER_BOUND('',#3110,.T.);
#1883=FACE_BOUND('',#3111,.T.);
#1884=PLANE('',#3112);
#1885=SURFACE_STYLE_USAGE(.BOTH.,#3113);
#1886=FACE_BOUND('',#3114,.T.);
#1887=FACE_OUTER_BOUND('',#3115,.T.);
#1888=PLANE('',#3116);
#1889=SURFACE_STYLE_USAGE(.BOTH.,#3117);
#1890=FACE_OUTER_BOUND('',#3118,.T.);
#1891=PLANE('',#3119);
#1892=SURFACE_STYLE_USAGE(.BOTH.,#3120);
#1893=FACE_OUTER_BOUND('',#3121,.T.);
#1894=FACE_OUTER_BOUND('',#3122,.T.);
#1895=CYLINDRICAL_SURFACE('',#3123,0.0014);
#1896=SURFACE_STYLE_USAGE(.BOTH.,#3124);
#1897=FACE_OUTER_BOUND('',#3125,.T.);
#1898=FACE_BOUND('',#3126,.T.);
#1899=PLANE('',#3127);
#1900=SURFACE_STYLE_USAGE(.BOTH.,#3128);
#1901=FACE_OUTER_BOUND('',#3129,.T.);
#1902=PLANE('',#3130);
#1903=SURFACE_STYLE_USAGE(.BOTH.,#3131);
#1904=FACE_OUTER_BOUND('',#3132,.T.);
#1905=FACE_OUTER_BOUND('',#3133,.T.);
#1906=CYLINDRICAL_SURFACE('',#3134,0.0014);
#1907=SURFACE_STYLE_USAGE(.BOTH.,#3135);
#1908=FACE_BOUND('',#3136,.T.);
#1909=FACE_OUTER_BOUND('',#3137,.T.);
#1910=PLANE('',#3138);
#1911=SURFACE_STYLE_USAGE(.BOTH.,#3139);
#1912=FACE_BOUND('',#3140,.T.);
#1913=FACE_OUTER_BOUND('',#3141,.T.);
#1914=PLANE('',#3142);
#1915=SURFACE_STYLE_USAGE(.BOTH.,#3143);
#1916=FACE_BOUND('',#3144,.T.);
#1917=FACE_OUTER_BOUND('',#3145,.T.);
#1918=PLANE('',#3146);
#1919=SURFACE_STYLE_USAGE(.BOTH.,#3147);
#1920=FACE_OUTER_BOUND('',#3148,.T.);
#1921=FACE_OUTER_BOUND('',#3149,.T.);
#1922=CYLINDRICAL_SURFACE('',#3150,0.0014);
#1923=SURFACE_STYLE_USAGE(.BOTH.,#3151);
#1924=FACE_OUTER_BOUND('',#3152,.T.);
#1925=FACE_OUTER_BOUND('',#3153,.T.);
#1926=CYLINDRICAL_SURFACE('',#3154,0.0014);
#1927=SURFACE_STYLE_USAGE(.BOTH.,#3155);
#1928=FACE_OUTER_BOUND('',#3156,.T.);
#1929=FACE_OUTER_BOUND('',#3157,.T.);
#1930=CYLINDRICAL_SURFACE('',#3158,0.0014);
#1931=SURFACE_STYLE_USAGE(.BOTH.,#3159);
#1932=FACE_OUTER_BOUND('',#3160,.T.);
#1933=PLANE('',#3161);
#1934=SURFACE_STYLE_USAGE(.BOTH.,#3162);
#1935=FACE_OUTER_BOUND('',#3163,.T.);
#1936=CYLINDRICAL_SURFACE('',#3164,0.0025);
#1937=SURFACE_STYLE_USAGE(.BOTH.,#3165);
#1938=FACE_OUTER_BOUND('',#3166,.T.);
#1939=CYLINDRICAL_SURFACE('',#3167,0.0025);
#1940=SURFACE_STYLE_USAGE(.BOTH.,#3168);
#1941=FACE_OUTER_BOUND('',#3169,.T.);
#1942=PLANE('',#3170);
#1943=SURFACE_STYLE_USAGE(.BOTH.,#3171);
#1944=FACE_OUTER_BOUND('',#3172,.T.);
#1945=PLANE('',#3173);
#1946=SURFACE_STYLE_USAGE(.BOTH.,#3174);
#1947=FACE_OUTER_BOUND('',#3175,.T.);
#1948=PLANE('',#3176);
#1949=SURFACE_STYLE_USAGE(.BOTH.,#3177);
#1950=FACE_OUTER_BOUND('',#3178,.T.);
#1951=PLANE('',#3179);
#1952=SURFACE_STYLE_USAGE(.BOTH.,#3180);
#1953=FACE_OUTER_BOUND('',#3181,.T.);
#1954=PLANE('',#3182);
#1955=SURFACE_STYLE_USAGE(.BOTH.,#3183);
#1956=FACE_OUTER_BOUND('',#3184,.T.);
#1957=PLANE('',#3185);
#1958=SURFACE_STYLE_USAGE(.BOTH.,#3186);
#1959=FACE_OUTER_BOUND('',#3187,.T.);
#1960=PLANE('',#3188);
#1961=SURFACE_STYLE_USAGE(.BOTH.,#3189);
#1962=FACE_OUTER_BOUND('',#3190,.T.);
#1963=PLANE('',#3191);
#1964=SURFACE_STYLE_USAGE(.BOTH.,#3192);
#1965=FACE_OUTER_BOUND('',#3193,.T.);
#1966=PLANE('',#3194);
#1967=SURFACE_STYLE_USAGE(.BOTH.,#3195);
#1968=FACE_OUTER_BOUND('',#3196,.T.);
#1969=PLANE('',#3197);
#1970=SURFACE_STYLE_USAGE(.BOTH.,#3198);
#1971=FACE_OUTER_BOUND('',#3199,.T.);
#1972=PLANE('',#3200);
#1973=SURFACE_STYLE_USAGE(.BOTH.,#3201);
#1974=FACE_OUTER_BOUND('',#3202,.T.);
#1975=PLANE('',#3203);
#1976=SURFACE_STYLE_USAGE(.BOTH.,#3204);
#1977=FACE_OUTER_BOUND('',#3205,.T.);
#1978=PLANE('',#3206);
#1979=SURFACE_STYLE_USAGE(.BOTH.,#3207);
#1980=FACE_BOUND('',#3208,.T.);
#1981=FACE_OUTER_BOUND('',#3209,.T.);
#1982=FACE_BOUND('',#3210,.T.);
#1983=FACE_BOUND('',#3211,.T.);
#1984=FACE_BOUND('',#3212,.T.);
#1985=FACE_BOUND('',#3213,.T.);
#1986=FACE_BOUND('',#3214,.T.);
#1987=FACE_BOUND('',#3215,.T.);
#1988=FACE_BOUND('',#3216,.T.);
#1989=PLANE('',#3217);
#1990=SURFACE_STYLE_USAGE(.BOTH.,#3218);
#1991=FACE_OUTER_BOUND('',#3219,.T.);
#1992=FACE_BOUND('',#3220,.T.);
#1993=PLANE('',#3221);
#1994=SURFACE_STYLE_USAGE(.BOTH.,#3222);
#1995=FACE_OUTER_BOUND('',#3223,.T.);
#1996=PLANE('',#3224);
#1997=SURFACE_STYLE_USAGE(.BOTH.,#3225);
#1998=FACE_OUTER_BOUND('',#3226,.T.);
#1999=PLANE('',#3227);
#2000=SURFACE_STYLE_USAGE(.BOTH.,#3228);
#2001=FACE_OUTER_BOUND('',#3229,.T.);
#2002=PLANE('',#3230);
#2003=SURFACE_STYLE_USAGE(.BOTH.,#3231);
#2004=FACE_OUTER_BOUND('',#3232,.T.);
#2005=PLANE('',#3233);
#2006=SURFACE_STYLE_USAGE(.BOTH.,#3234);
#2007=FACE_OUTER_BOUND('',#3235,.T.);
#2008=PLANE('',#3236);
#2009=SURFACE_STYLE_USAGE(.BOTH.,#3237);
#2010=FACE_OUTER_BOUND('',#3238,.T.);
#2011=PLANE('',#3239);
#2012=SURFACE_STYLE_USAGE(.BOTH.,#3240);
#2013=FACE_OUTER_BOUND('',#3241,.T.);
#2014=PLANE('',#3242);
#2015=SURFACE_STYLE_USAGE(.BOTH.,#3243);
#2016=FACE_OUTER_BOUND('',#3244,.T.);
#2017=PLANE('',#3245);
#2018=SURFACE_STYLE_USAGE(.BOTH.,#3246);
#2019=FACE_OUTER_BOUND('',#3247,.T.);
#2020=FACE_BOUND('',#3248,.T.);
#2021=PLANE('',#3249);
#2022=SURFACE_STYLE_USAGE(.BOTH.,#3250);
#2023=FACE_OUTER_BOUND('',#3251,.T.);
#2024=CYLINDRICAL_SURFACE('',#3252,0.0025);
#2025=SURFACE_STYLE_USAGE(.BOTH.,#3253);
#2026=FACE_OUTER_BOUND('',#3254,.T.);
#2027=CYLINDRICAL_SURFACE('',#3255,0.0025);
#2028=SURFACE_STYLE_USAGE(.BOTH.,#3256);
#2029=FACE_OUTER_BOUND('',#3257,.T.);
#2030=PLANE('',#3258);
#2031=SURFACE_STYLE_USAGE(.BOTH.,#3259);
#2032=FACE_OUTER_BOUND('',#3260,.T.);
#2033=PLANE('',#3261);
#2034=SURFACE_STYLE_USAGE(.BOTH.,#3262);
#2035=FACE_OUTER_BOUND('',#3263,.T.);
#2036=PLANE('',#3264);
#2037=SURFACE_STYLE_USAGE(.BOTH.,#3265);
#2038=FACE_OUTER_BOUND('',#3266,.T.);
#2039=PLANE('',#3267);
#2040=SURFACE_STYLE_USAGE(.BOTH.,#3268);
#2041=FACE_OUTER_BOUND('',#3269,.T.);
#2042=PLANE('',#3270);
#2043=SURFACE_STYLE_USAGE(.BOTH.,#3271);
#2044=FACE_OUTER_BOUND('',#3272,.T.);
#2045=PLANE('',#3273);
#2046=SURFACE_STYLE_USAGE(.BOTH.,#3274);
#2047=FACE_OUTER_BOUND('',#3275,.T.);
#2048=CYLINDRICAL_SURFACE('',#3276,0.001);
#2049=SURFACE_STYLE_USAGE(.BOTH.,#3277);
#2050=FACE_OUTER_BOUND('',#3278,.T.);
#2051=CYLINDRICAL_SURFACE('',#3279,0.001);
#2052=SURFACE_STYLE_USAGE(.BOTH.,#3280);
#2053=FACE_OUTER_BOUND('',#3281,.T.);
#2054=CYLINDRICAL_SURFACE('',#3282,0.001);
#2055=SURFACE_STYLE_USAGE(.BOTH.,#3283);
#2056=FACE_OUTER_BOUND('',#3284,.T.);
#2057=CYLINDRICAL_SURFACE('',#3285,0.001);
#2058=SURFACE_STYLE_USAGE(.BOTH.,#3286);
#2059=FACE_OUTER_BOUND('',#3287,.T.);
#2060=CYLINDRICAL_SURFACE('',#3288,0.00399999999599683);
#2061=SURFACE_STYLE_USAGE(.BOTH.,#3289);
#2062=FACE_OUTER_BOUND('',#3290,.T.);
#2063=PLANE('',#3291);
#2064=SURFACE_STYLE_USAGE(.BOTH.,#3292);
#2065=FACE_OUTER_BOUND('',#3293,.T.);
#2066=PLANE('',#3294);
#2067=SURFACE_STYLE_USAGE(.BOTH.,#3295);
#2068=FACE_OUTER_BOUND('',#3296,.T.);
#2069=FACE_OUTER_BOUND('',#3297,.T.);
#2070=CYLINDRICAL_SURFACE('',#3298,0.0014);
#2071=SURFACE_STYLE_USAGE(.BOTH.,#3299);
#2072=FACE_OUTER_BOUND('',#3300,.T.);
#2073=PLANE('',#3301);
#2074=SURFACE_STYLE_USAGE(.BOTH.,#3302);
#2075=FACE_OUTER_BOUND('',#3303,.T.);
#2076=CYLINDRICAL_SURFACE('',#3304,0.00399999999599683);
#2077=SURFACE_STYLE_USAGE(.BOTH.,#3305);
#2078=FACE_OUTER_BOUND('',#3306,.T.);
#2079=PLANE('',#3307);
#2080=SURFACE_STYLE_USAGE(.BOTH.,#3308);
#2081=FACE_OUTER_BOUND('',#3309,.T.);
#2082=FACE_OUTER_BOUND('',#3310,.T.);
#2083=CYLINDRICAL_SURFACE('',#3311,0.0014);
#2084=SURFACE_STYLE_USAGE(.BOTH.,#3312);
#2085=FACE_OUTER_BOUND('',#3313,.T.);
#2086=TOROIDAL_SURFACE('',#3314,0.00599999999599682,0.001);
#2087=SURFACE_STYLE_USAGE(.BOTH.,#3315);
#2088=FACE_OUTER_BOUND('',#3316,.T.);
#2089=CYLINDRICAL_SURFACE('',#3317,0.001);
#2090=SURFACE_STYLE_USAGE(.BOTH.,#3318);
#2091=FACE_OUTER_BOUND('',#3319,.T.);
#2092=CYLINDRICAL_SURFACE('',#3320,0.001);
#2093=SURFACE_STYLE_USAGE(.BOTH.,#3321);
#2094=FACE_OUTER_BOUND('',#3322,.T.);
#2095=PLANE('',#3323);
#2096=SURFACE_STYLE_USAGE(.BOTH.,#3324);
#2097=FACE_OUTER_BOUND('',#3325,.T.);
#2098=PLANE('',#3326);
#2099=SURFACE_STYLE_USAGE(.BOTH.,#3327);
#2100=FACE_OUTER_BOUND('',#3328,.T.);
#2101=FACE_BOUND('',#3329,.T.);
#2102=FACE_BOUND('',#3330,.T.);
#2103=FACE_BOUND('',#3331,.T.);
#2104=FACE_BOUND('',#3332,.T.);
#2105=FACE_BOUND('',#3333,.T.);
#2106=FACE_BOUND('',#3334,.T.);
#2107=FACE_BOUND('',#3335,.T.);
#2108=PLANE('',#3336);
#2109=SURFACE_STYLE_USAGE(.BOTH.,#3337);
#2110=FACE_OUTER_BOUND('',#3338,.T.);
#2111=PLANE('',#3339);
#2112=SURFACE_STYLE_USAGE(.BOTH.,#3340);
#2113=FACE_BOUND('',#3341,.T.);
#2114=FACE_BOUND('',#3342,.T.);
#2115=FACE_BOUND('',#3343,.T.);
#2116=FACE_BOUND('',#3344,.T.);
#2117=FACE_BOUND('',#3345,.T.);
#2118=FACE_OUTER_BOUND('',#3346,.T.);
#2119=PLANE('',#3347);
#2120=SURFACE_STYLE_USAGE(.BOTH.,#3348);
#2121=FACE_OUTER_BOUND('',#3349,.T.);
#2122=PLANE('',#3350);
#2123=SURFACE_STYLE_USAGE(.BOTH.,#3351);
#2124=FACE_OUTER_BOUND('',#3352,.T.);
#2125=PLANE('',#3353);
#2126=SURFACE_STYLE_USAGE(.BOTH.,#3354);
#2127=FACE_OUTER_BOUND('',#3355,.T.);
#2128=PLANE('',#3356);
#2129=SURFACE_STYLE_USAGE(.BOTH.,#3357);
#2130=FACE_OUTER_BOUND('',#3358,.T.);
#2131=PLANE('',#3359);
#2132=SURFACE_STYLE_USAGE(.BOTH.,#3360);
#2133=FACE_OUTER_BOUND('',#3361,.T.);
#2134=FACE_BOUND('',#3362,.T.);
#2135=PLANE('',#3363);
#2136=SURFACE_STYLE_USAGE(.BOTH.,#3364);
#2137=FACE_OUTER_BOUND('',#3365,.T.);
#2138=CYLINDRICAL_SURFACE('',#3366,0.0004);
#2139=SURFACE_STYLE_USAGE(.BOTH.,#3367);
#2140=FACE_OUTER_BOUND('',#3368,.T.);
#2141=CYLINDRICAL_SURFACE('',#3369,0.002);
#2142=SURFACE_STYLE_USAGE(.BOTH.,#3370);
#2143=FACE_OUTER_BOUND('',#3371,.T.);
#2144=CYLINDRICAL_SURFACE('',#3372,0.002);
#2145=SURFACE_STYLE_USAGE(.BOTH.,#3373);
#2146=FACE_OUTER_BOUND('',#3374,.T.);
#2147=CYLINDRICAL_SURFACE('',#3375,0.0004);
#2148=SURFACE_STYLE_USAGE(.BOTH.,#3376);
#2149=FACE_OUTER_BOUND('',#3377,.T.);
#2150=CYLINDRICAL_SURFACE('',#3378,0.0004);
#2151=SURFACE_STYLE_USAGE(.BOTH.,#3379);
#2152=FACE_OUTER_BOUND('',#3380,.T.);
#2153=CYLINDRICAL_SURFACE('',#3381,0.002);
#2154=SURFACE_STYLE_USAGE(.BOTH.,#3382);
#2155=FACE_OUTER_BOUND('',#3383,.T.);
#2156=CYLINDRICAL_SURFACE('',#3384,0.00119999999879905);
#2157=SURFACE_STYLE_USAGE(.BOTH.,#3385);
#2158=FACE_OUTER_BOUND('',#3386,.T.);
#2159=PLANE('',#3387);
#2160=SURFACE_STYLE_USAGE(.BOTH.,#3388);
#2161=FACE_OUTER_BOUND('',#3389,.T.);
#2162=PLANE('',#3390);
#2163=SURFACE_STYLE_USAGE(.BOTH.,#3391);
#2164=FACE_BOUND('',#3392,.T.);
#2165=FACE_BOUND('',#3393,.T.);
#2166=FACE_OUTER_BOUND('',#3394,.T.);
#2167=PLANE('',#3395);
#2168=SURFACE_STYLE_USAGE(.BOTH.,#3396);
#2169=FACE_OUTER_BOUND('',#3397,.T.);
#2170=FACE_BOUND('',#3398,.T.);
#2171=PLANE('',#3399);
#2172=SURFACE_STYLE_USAGE(.BOTH.,#3400);
#2173=FACE_OUTER_BOUND('',#3401,.T.);
#2174=PLANE('',#3402);
#2175=SURFACE_STYLE_USAGE(.BOTH.,#3403);
#2176=FACE_OUTER_BOUND('',#3404,.T.);
#2177=PLANE('',#3405);
#2178=SURFACE_STYLE_USAGE(.BOTH.,#3406);
#2179=FACE_OUTER_BOUND('',#3407,.T.);
#2180=FACE_OUTER_BOUND('',#3408,.T.);
#2181=CYLINDRICAL_SURFACE('',#3409,0.00145);
#2182=SURFACE_STYLE_USAGE(.BOTH.,#3410);
#2183=FACE_OUTER_BOUND('',#3411,.T.);
#2184=PLANE('',#3412);
#2185=SURFACE_STYLE_USAGE(.BOTH.,#3413);
#2186=FACE_OUTER_BOUND('',#3414,.T.);
#2187=FACE_OUTER_BOUND('',#3415,.T.);
#2188=CYLINDRICAL_SURFACE('',#3416,0.00145);
#2189=SURFACE_STYLE_USAGE(.BOTH.,#3417);
#2190=FACE_OUTER_BOUND('',#3418,.T.);
#2191=PLANE('',#3419);
#2192=SURFACE_STYLE_USAGE(.BOTH.,#3420);
#2193=FACE_OUTER_BOUND('',#3421,.T.);
#2194=CYLINDRICAL_SURFACE('',#3422,0.00385);
#2195=SURFACE_STYLE_USAGE(.BOTH.,#3423);
#2196=FACE_OUTER_BOUND('',#3424,.T.);
#2197=CYLINDRICAL_SURFACE('',#3425,0.00385);
#2198=SURFACE_STYLE_USAGE(.BOTH.,#3426);
#2199=FACE_OUTER_BOUND('',#3427,.T.);
#2200=PLANE('',#3428);
#2201=SURFACE_STYLE_USAGE(.BOTH.,#3429);
#2202=FACE_OUTER_BOUND('',#3430,.T.);
#2203=PLANE('',#3431);
#2204=SURFACE_STYLE_USAGE(.BOTH.,#3432);
#2205=FACE_OUTER_BOUND('',#3433,.T.);
#2206=CYLINDRICAL_SURFACE('',#3434,0.00385);
#2207=SURFACE_STYLE_USAGE(.BOTH.,#3435);
#2208=FACE_OUTER_BOUND('',#3436,.T.);
#2209=CYLINDRICAL_SURFACE('',#3437,0.00385);
#2210=SURFACE_STYLE_USAGE(.BOTH.,#3438);
#2211=FACE_OUTER_BOUND('',#3439,.T.);
#2212=PLANE('',#3440);
#2213=SURFACE_STYLE_USAGE(.BOTH.,#3441);
#2214=FACE_OUTER_BOUND('',#3442,.T.);
#2215=PLANE('',#3443);
#2216=SURFACE_STYLE_USAGE(.BOTH.,#3444);
#2217=FACE_OUTER_BOUND('',#3445,.T.);
#2218=CYLINDRICAL_SURFACE('',#3446,0.00155);
#2219=SURFACE_STYLE_USAGE(.BOTH.,#3447);
#2220=FACE_OUTER_BOUND('',#3448,.T.);
#2221=CYLINDRICAL_SURFACE('',#3449,0.00155);
#2222=SURFACE_STYLE_USAGE(.BOTH.,#3450);
#2223=FACE_OUTER_BOUND('',#3451,.T.);
#2224=PLANE('',#3452);
#2225=SURFACE_STYLE_USAGE(.BOTH.,#3453);
#2226=FACE_OUTER_BOUND('',#3454,.T.);
#2227=PLANE('',#3455);
#2228=SURFACE_STYLE_USAGE(.BOTH.,#3456);
#2229=FACE_OUTER_BOUND('',#3457,.T.);
#2230=CYLINDRICAL_SURFACE('',#3458,0.00155);
#2231=SURFACE_STYLE_USAGE(.BOTH.,#3459);
#2232=FACE_OUTER_BOUND('',#3460,.T.);
#2233=CYLINDRICAL_SURFACE('',#3461,0.00155);
#2234=SURFACE_STYLE_USAGE(.BOTH.,#3462);
#2235=FACE_OUTER_BOUND('',#3463,.T.);
#2236=PLANE('',#3464);
#2237=SURFACE_STYLE_USAGE(.BOTH.,#3465);
#2238=FACE_OUTER_BOUND('',#3466,.T.);
#2239=FACE_BOUND('',#3467,.T.);
#2240=PLANE('',#3468);
#2241=SURFACE_STYLE_USAGE(.BOTH.,#3469);
#2242=FACE_OUTER_BOUND('',#3470,.T.);
#2243=CYLINDRICAL_SURFACE('',#3471,0.00325);
#2244=SURFACE_STYLE_USAGE(.BOTH.,#3472);
#2245=FACE_OUTER_BOUND('',#3473,.T.);
#2246=PLANE('',#3474);
#2247=SURFACE_STYLE_USAGE(.BOTH.,#3475);
#2248=FACE_OUTER_BOUND('',#3476,.T.);
#2249=CYLINDRICAL_SURFACE('',#3477,0.00325);
#2250=SURFACE_STYLE_USAGE(.BOTH.,#3478);
#2251=FACE_OUTER_BOUND('',#3479,.T.);
#2252=PLANE('',#3480);
#2253=SURFACE_STYLE_USAGE(.BOTH.,#3481);
#2254=FACE_OUTER_BOUND('',#3482,.T.);
#2255=CYLINDRICAL_SURFACE('',#3483,0.00325);
#2256=SURFACE_STYLE_USAGE(.BOTH.,#3484);
#2257=FACE_OUTER_BOUND('',#3485,.T.);
#2258=PLANE('',#3486);
#2259=SURFACE_STYLE_USAGE(.BOTH.,#3487);
#2260=FACE_OUTER_BOUND('',#3488,.T.);
#2261=CYLINDRICAL_SURFACE('',#3489,0.00325);
#2262=SURFACE_STYLE_USAGE(.BOTH.,#3490);
#2263=FACE_OUTER_BOUND('',#3491,.T.);
#2264=PLANE('',#3492);
#2265=SURFACE_STYLE_USAGE(.BOTH.,#3493);
#2266=FACE_OUTER_BOUND('',#3494,.T.);
#2267=PLANE('',#3495);
#2268=SURFACE_STYLE_USAGE(.BOTH.,#3496);
#2269=FACE_OUTER_BOUND('',#3497,.T.);
#2270=CYLINDRICAL_SURFACE('',#3498,0.00119999999879905);
#2271=SURFACE_STYLE_USAGE(.BOTH.,#3499);
#2272=FACE_OUTER_BOUND('',#3500,.T.);
#2273=PLANE('',#3501);
#2274=SURFACE_STYLE_USAGE(.BOTH.,#3502);
#2275=FACE_OUTER_BOUND('',#3503,.T.);
#2276=PLANE('',#3504);
#2277=SURFACE_STYLE_USAGE(.BOTH.,#3505);
#2278=FACE_OUTER_BOUND('',#3506,.T.);
#2279=PLANE('',#3507);
#2280=SURFACE_STYLE_USAGE(.BOTH.,#3508);
#2281=FACE_OUTER_BOUND('',#3509,.T.);
#2282=PLANE('',#3510);
#2283=SURFACE_STYLE_USAGE(.BOTH.,#3511);
#2284=FACE_OUTER_BOUND('',#3512,.T.);
#2285=PLANE('',#3513);
#2286=SURFACE_STYLE_USAGE(.BOTH.,#3514);
#2287=FACE_OUTER_BOUND('',#3515,.T.);
#2288=PLANE('',#3516);
#2289=SURFACE_STYLE_USAGE(.BOTH.,#3517);
#2290=FACE_OUTER_BOUND('',#3518,.T.);
#2291=CYLINDRICAL_SURFACE('',#3519,0.002);
#2292=SURFACE_STYLE_USAGE(.BOTH.,#3520);
#2293=FACE_OUTER_BOUND('',#3521,.T.);
#2294=PLANE('',#3522);
#2295=SURFACE_STYLE_USAGE(.BOTH.,#3523);
#2296=FACE_OUTER_BOUND('',#3524,.T.);
#2297=B_SPLINE_SURFACE_WITH_KNOTS('',3,1,((#3525,#3526,#3527),(#3528,#3529,#3530),(#3531,#3532,#3533),(#3534,#3535,#3536),(#3537,#3538,#3539),(#3540,#3541,#3542),(#3543,#3544,#3545),(#3546,#3547,#3548),(#3549,#3550,#3551),(#3552,#3553,#3554)),.UNSPECIFIED.,.F.,.F.,.F.,(4,2,2,2,4),(2,1,2),(0.0,0.25,0.5,0.75,1.0),(-2.33333333333293,0.0,1.0),.UNSPECIFIED.);
#2298=SURFACE_STYLE_USAGE(.BOTH.,#3555);
#2299=FACE_OUTER_BOUND('',#3556,.T.);
#2300=B_SPLINE_SURFACE_WITH_KNOTS('',3,1,((#3557,#3558,#3559),(#3560,#3561,#3562),(#3563,#3564,#3565),(#3566,#3567,#3568),(#3569,#3570,#3571),(#3572,#3573,#3574),(#3575,#3576,#3577),(#3578,#3579,#3580),(#3581,#3582,#3583),(#3584,#3585,#3586)),.UNSPECIFIED.,.F.,.F.,.F.,(4,2,2,2,4),(2,1,2),(0.0,0.25,0.5,0.75,1.0),(-2.33333333333292,0.0,1.0),.UNSPECIFIED.);
#2301=SURFACE_STYLE_USAGE(.BOTH.,#3587);
#2302=FACE_OUTER_BOUND('',#3588,.T.);
#2303=B_SPLINE_SURFACE_WITH_KNOTS('',3,1,((#3589,#3590,#3591),(#3592,#3593,#3594),(#3595,#3596,#3597),(#3598,#3599,#3600),(#3601,#3602,#3603),(#3604,#3605,#3606),(#3607,#3608,#3609),(#3610,#3611,#3612),(#3613,#3614,#3615),(#3616,#3617,#3618)),.UNSPECIFIED.,.F.,.F.,.F.,(4,2,2,2,4),(2,1,2),(0.0,0.25,0.5,0.75,1.0),(-2.33333333333292,0.0,1.0),.UNSPECIFIED.);
#2304=SURFACE_STYLE_USAGE(.BOTH.,#3619);
#2305=FACE_OUTER_BOUND('',#3620,.T.);
#2306=B_SPLINE_SURFACE_WITH_KNOTS('',3,1,((#3621,#3622,#3623),(#3624,#3625,#3626),(#3627,#3628,#3629),(#3630,#3631,#3632),(#3633,#3634,#3635),(#3636,#3637,#3638),(#3639,#3640,#3641),(#3642,#3643,#3644),(#3645,#3646,#3647),(#3648,#3649,#3650)),.UNSPECIFIED.,.F.,.F.,.F.,(4,2,2,2,4),(2,1,2),(0.0,0.25,0.5,0.75,1.0),(-2.33333333333293,0.0,1.0),.UNSPECIFIED.);
#2307=SURFACE_STYLE_USAGE(.BOTH.,#3651);
#2308=FACE_OUTER_BOUND('',#3652,.T.);
#2309=PLANE('',#3653);
#2310=SURFACE_STYLE_USAGE(.BOTH.,#3654);
#2311=FACE_OUTER_BOUND('',#3655,.T.);
#2312=B_SPLINE_SURFACE_WITH_KNOTS('',3,1,((#3656,#3657,#3658),(#3659,#3660,#3661),(#3662,#3663,#3664),(#3665,#3666,#3667),(#3668,#3669,#3670),(#3671,#3672,#3673),(#3674,#3675,#3676),(#3677,#3678,#3679),(#3680,#3681,#3682),(#3683,#3684,#3685)),.UNSPECIFIED.,.F.,.F.,.F.,(4,2,2,2,4),(2,1,2),(0.0,0.25,0.5,0.75,1.0),(-2.33333333333293,0.0,1.0),.UNSPECIFIED.);
#2313=SURFACE_STYLE_USAGE(.BOTH.,#3686);
#2314=FACE_OUTER_BOUND('',#3687,.T.);
#2315=B_SPLINE_SURFACE_WITH_KNOTS('',3,1,((#3688,#3689,#3690),(#3691,#3692,#3693),(#3694,#3695,#3696),(#3697,#3698,#3699),(#3700,#3701,#3702),(#3703,#3704,#3705),(#3706,#3707,#3708),(#3709,#3710,#3711),(#3712,#3713,#3714),(#3715,#3716,#3717)),.UNSPECIFIED.,.F.,.F.,.F.,(4,2,2,2,4),(2,1,2),(0.0,0.25,0.5,0.75,1.0),(-2.33333333333293,0.0,1.0),.UNSPECIFIED.);
#2316=SURFACE_STYLE_USAGE(.BOTH.,#3718);
#2317=FACE_OUTER_BOUND('',#3719,.T.);
#2318=PLANE('',#3720);
#2319=SURFACE_STYLE_USAGE(.BOTH.,#3721);
#2320=FACE_OUTER_BOUND('',#3722,.T.);
#2321=B_SPLINE_SURFACE_WITH_KNOTS('',3,1,((#3723,#3724,#3725),(#3726,#3727,#3728),(#3729,#3730,#3731),(#3732,#3733,#3734),(#3735,#3736,#3737),(#3738,#3739,#3740),(#3741,#3742,#3743),(#3744,#3745,#3746),(#3747,#3748,#3749),(#3750,#3751,#3752),(#3753,#3754,#3755),(#3756,#3757,#3758),(#3759,#3760,#3761)),.UNSPECIFIED.,.F.,.F.,.F.,(4,2,2,2,3,4),(2,1,2),(0.0,0.25,0.5,0.75,1.0,1.01),(-2.33333333333293,0.0,1.0),.UNSPECIFIED.);
#2322=SURFACE_STYLE_USAGE(.BOTH.,#3762);
#2323=FACE_OUTER_BOUND('',#3763,.T.);
#2324=PLANE('',#3764);
#2325=SURFACE_STYLE_USAGE(.BOTH.,#3765);
#2326=FACE_OUTER_BOUND('',#3766,.T.);
#2327=B_SPLINE_SURFACE_WITH_KNOTS('',3,1,((#3767,#3768,#3769),(#3770,#3771,#3772),(#3773,#3774,#3775),(#3776,#3777,#3778),(#3779,#3780,#3781),(#3782,#3783,#3784),(#3785,#3786,#3787),(#3788,#3789,#3790),(#3791,#3792,#3793),(#3794,#3795,#3796)),.UNSPECIFIED.,.F.,.F.,.F.,(4,2,2,2,4),(2,1,2),(0.0,0.25,0.5,0.75,1.0),(-2.33333333333293,0.0,1.0),.UNSPECIFIED.);
#2328=SURFACE_STYLE_USAGE(.BOTH.,#3797);
#2329=FACE_OUTER_BOUND('',#3798,.T.);
#2330=B_SPLINE_SURFACE_WITH_KNOTS('',3,1,((#3799,#3800,#3801),(#3802,#3803,#3804),(#3805,#3806,#3807),(#3808,#3809,#3810),(#3811,#3812,#3813),(#3814,#3815,#3816),(#3817,#3818,#3819),(#3820,#3821,#3822),(#3823,#3824,#3825),(#3826,#3827,#3828)),.UNSPECIFIED.,.F.,.F.,.F.,(4,2,2,2,4),(2,1,2),(0.0,0.25,0.5,0.75,1.0),(-2.33333333333293,0.0,1.0),.UNSPECIFIED.);
#2331=SURFACE_STYLE_USAGE(.BOTH.,#3829);
#2332=FACE_OUTER_BOUND('',#3830,.T.);
#2333=B_SPLINE_SURFACE_WITH_KNOTS('',3,1,((#3831,#3832,#3833),(#3834,#3835,#3836),(#3837,#3838,#3839),(#3840,#3841,#3842),(#3843,#3844,#3845),(#3846,#3847,#3848),(#3849,#3850,#3851),(#3852,#3853,#3854),(#3855,#3856,#3857),(#3858,#3859,#3860)),.UNSPECIFIED.,.F.,.F.,.F.,(4,2,2,2,4),(2,1,2),(0.0,0.25,0.5,0.75,1.0),(-2.33333333333293,0.0,1.0),.UNSPECIFIED.);
#2334=SURFACE_STYLE_USAGE(.BOTH.,#3861);
#2335=FACE_OUTER_BOUND('',#3862,.T.);
#2336=PLANE('',#3863);
#2337=SURFACE_STYLE_USAGE(.BOTH.,#3864);
#2338=FACE_OUTER_BOUND('',#3865,.T.);
#2339=B_SPLINE_SURFACE_WITH_KNOTS('',3,1,((#3866,#3867,#3868),(#3869,#3870,#3871),(#3872,#3873,#3874),(#3875,#3876,#3877),(#3878,#3879,#3880),(#3881,#3882,#3883),(#3884,#3885,#3886),(#3887,#3888,#3889),(#3890,#3891,#3892),(#3893,#3894,#3895),(#3896,#3897,#3898),(#3899,#3900,#3901),(#3902,#3903,#3904)),.UNSPECIFIED.,.F.,.F.,.F.,(4,2,2,2,3,4),(2,1,2),(0.0,0.25,0.5,0.75,1.0,1.01),(-2.33333333333293,0.0,1.0),.UNSPECIFIED.);
#2340=SURFACE_STYLE_USAGE(.BOTH.,#3905);
#2341=FACE_OUTER_BOUND('',#3906,.T.);
#2342=PLANE('',#3907);
#2343=SURFACE_STYLE_USAGE(.BOTH.,#3908);
#2344=FACE_OUTER_BOUND('',#3909,.T.);
#2345=B_SPLINE_SURFACE_WITH_KNOTS('',3,1,((#3910,#3911,#3912),(#3913,#3914,#3915),(#3916,#3917,#3918),(#3919,#3920,#3921),(#3922,#3923,#3924),(#3925,#3926,#3927),(#3928,#3929,#3930),(#3931,#3932,#3933),(#3934,#3935,#3936),(#3937,#3938,#3939)),.UNSPECIFIED.,.F.,.F.,.F.,(4,2,2,2,4),(2,1,2),(0.0,0.25,0.5,0.75,1.0),(-2.33333333333293,0.0,1.0),.UNSPECIFIED.);
#2346=SURFACE_STYLE_USAGE(.BOTH.,#3940);
#2347=FACE_OUTER_BOUND('',#3941,.T.);
#2348=B_SPLINE_SURFACE_WITH_KNOTS('',3,1,((#3942,#3943,#3944),(#3945,#3946,#3947),(#3948,#3949,#3950),(#3951,#3952,#3953),(#3954,#3955,#3956),(#3957,#3958,#3959),(#3960,#3961,#3962),(#3963,#3964,#3965),(#3966,#3967,#3968),(#3969,#3970,#3971)),.UNSPECIFIED.,.F.,.F.,.F.,(4,2,2,2,4),(2,1,2),(0.0,0.25,0.5,0.75,1.0),(-2.33333333333293,0.0,1.0),.UNSPECIFIED.);
#2349=SURFACE_STYLE_USAGE(.BOTH.,#3972);
#2350=FACE_OUTER_BOUND('',#3973,.T.);
#2351=B_SPLINE_SURFACE_WITH_KNOTS('',3,1,((#3974,#3975,#3976),(#3977,#3978,#3979),(#3980,#3981,#3982),(#3983,#3984,#3985),(#3986,#3987,#3988),(#3989,#3990,#3991),(#3992,#3993,#3994),(#3995,#3996,#3997),(#3998,#3999,#4000),(#4001,#4002,#4003)),.UNSPECIFIED.,.F.,.F.,.F.,(4,2,2,2,4),(2,1,2),(0.0,0.25,0.5,0.75,1.0),(-2.33333333333293,0.0,1.0),.UNSPECIFIED.);
#2352=SURFACE_STYLE_USAGE(.BOTH.,#4004);
#2353=FACE_OUTER_BOUND('',#4005,.T.);
#2354=PLANE('',#4006);
#2355=SURFACE_STYLE_USAGE(.BOTH.,#4007);
#2356=FACE_OUTER_BOUND('',#4008,.T.);
#2357=B_SPLINE_SURFACE_WITH_KNOTS('',3,1,((#4009,#4010,#4011),(#4012,#4013,#4014),(#4015,#4016,#4017),(#4018,#4019,#4020),(#4021,#4022,#4023),(#4024,#4025,#4026),(#4027,#4028,#4029),(#4030,#4031,#4032),(#4033,#4034,#4035),(#4036,#4037,#4038),(#4039,#4040,#4041),(#4042,#4043,#4044),(#4045,#4046,#4047)),.UNSPECIFIED.,.F.,.F.,.F.,(4,2,2,2,3,4),(2,1,2),(0.0,0.25,0.5,0.75,1.0,1.01),(-2.33333333333293,0.0,1.0),.UNSPECIFIED.);
#2358=SURFACE_STYLE_USAGE(.BOTH.,#4048);
#2359=FACE_OUTER_BOUND('',#4049,.T.);
#2360=PLANE('',#4050);
#2361=SURFACE_STYLE_USAGE(.BOTH.,#4051);
#2362=FACE_OUTER_BOUND('',#4052,.T.);
#2363=B_SPLINE_SURFACE_WITH_KNOTS('',3,1,((#4053,#4054,#4055),(#4056,#4057,#4058),(#4059,#4060,#4061),(#4062,#4063,#4064),(#4065,#4066,#4067),(#4068,#4069,#4070),(#4071,#4072,#4073),(#4074,#4075,#4076),(#4077,#4078,#4079),(#4080,#4081,#4082)),.UNSPECIFIED.,.F.,.F.,.F.,(4,2,2,2,4),(2,1,2),(0.0,0.25,0.5,0.75,1.0),(-2.33333333333293,0.0,1.0),.UNSPECIFIED.);
#2364=SURFACE_STYLE_USAGE(.BOTH.,#4083);
#2365=FACE_OUTER_BOUND('',#4084,.T.);
#2366=PLANE('',#4085);
#2367=SURFACE_STYLE_USAGE(.BOTH.,#4086);
#2368=FACE_OUTER_BOUND('',#4087,.T.);
#2369=FACE_OUTER_BOUND('',#4088,.T.);
#2370=CYLINDRICAL_SURFACE('',#4089,0.003);
#2371=SURFACE_STYLE_USAGE(.BOTH.,#4090);
#2372=FACE_OUTER_BOUND('',#4091,.T.);
#2373=PLANE('',#4092);
#2374=SURFACE_STYLE_USAGE(.BOTH.,#4093);
#2375=FACE_OUTER_BOUND('',#4094,.T.);
#2376=PLANE('',#4095);
#2377=SURFACE_STYLE_USAGE(.BOTH.,#4096);
#2378=FACE_OUTER_BOUND('',#4097,.T.);
#2379=B_SPLINE_SURFACE_WITH_KNOTS('',3,1,((#4098,#4099,#4100),(#4101,#4102,#4103),(#4104,#4105,#4106),(#4107,#4108,#4109),(#4110,#4111,#4112),(#4113,#4114,#4115),(#4116,#4117,#4118),(#4119,#4120,#4121),(#4122,#4123,#4124),(#4125,#4126,#4127)),.UNSPECIFIED.,.F.,.F.,.F.,(4,2,2,2,4),(2,1,2),(0.0,0.25,0.5,0.75,1.0),(-2.33333333333293,0.0,1.0),.UNSPECIFIED.);
#2380=SURFACE_STYLE_USAGE(.BOTH.,#4128);
#2381=FACE_OUTER_BOUND('',#4129,.T.);
#2382=B_SPLINE_SURFACE_WITH_KNOTS('',3,1,((#4130,#4131,#4132),(#4133,#4134,#4135),(#4136,#4137,#4138),(#4139,#4140,#4141),(#4142,#4143,#4144),(#4145,#4146,#4147),(#4148,#4149,#4150),(#4151,#4152,#4153),(#4154,#4155,#4156),(#4157,#4158,#4159)),.UNSPECIFIED.,.F.,.F.,.F.,(4,2,2,2,4),(2,1,2),(0.0,0.25,0.5,0.75,1.0),(-2.33333333333293,0.0,1.0),.UNSPECIFIED.);
#2383=SURFACE_STYLE_USAGE(.BOTH.,#4160);
#2384=FACE_OUTER_BOUND('',#4161,.T.);
#2385=B_SPLINE_SURFACE_WITH_KNOTS('',3,1,((#4162,#4163,#4164),(#4165,#4166,#4167),(#4168,#4169,#4170),(#4171,#4172,#4173),(#4174,#4175,#4176),(#4177,#4178,#4179),(#4180,#4181,#4182),(#4183,#4184,#4185),(#4186,#4187,#4188),(#4189,#4190,#4191)),.UNSPECIFIED.,.F.,.F.,.F.,(4,2,2,2,4),(2,1,2),(0.0,0.25,0.5,0.75,1.0),(-2.33333333333293,0.0,1.0),.UNSPECIFIED.);
#2386=SURFACE_STYLE_USAGE(.BOTH.,#4192);
#2387=FACE_OUTER_BOUND('',#4193,.T.);
#2388=B_SPLINE_SURFACE_WITH_KNOTS('',3,1,((#4194,#4195,#4196),(#4197,#4198,#4199),(#4200,#4201,#4202),(#4203,#4204,#4205),(#4206,#4207,#4208),(#4209,#4210,#4211),(#4212,#4213,#4214),(#4215,#4216,#4217),(#4218,#4219,#4220),(#4221,#4222,#4223)),.UNSPECIFIED.,.F.,.F.,.F.,(4,2,2,2,4),(2,1,2),(0.0,0.25,0.5,0.75,1.0),(-2.33333333333293,0.0,1.0),.UNSPECIFIED.);
#2389=SURFACE_STYLE_USAGE(.BOTH.,#4224);
#2390=FACE_OUTER_BOUND('',#4225,.T.);
#2391=PLANE('',#4226);
#2392=SURFACE_STYLE_USAGE(.BOTH.,#4227);
#2393=FACE_OUTER_BOUND('',#4228,.T.);
#2394=PLANE('',#4229);
#2395=SURFACE_STYLE_USAGE(.BOTH.,#4230);
#2396=FACE_OUTER_BOUND('',#4231,.T.);
#2397=B_SPLINE_SURFACE_WITH_KNOTS('',3,1,((#4232,#4233,#4234),(#4235,#4236,#4237),(#4238,#4239,#4240),(#4241,#4242,#4243),(#4244,#4245,#4246),(#4247,#4248,#4249),(#4250,#4251,#4252),(#4253,#4254,#4255),(#4256,#4257,#4258),(#4259,#4260,#4261)),.UNSPECIFIED.,.F.,.F.,.F.,(4,2,2,2,4),(2,1,2),(0.0,0.25,0.5,0.75,1.0),(-2.33333333333293,0.0,1.0),.UNSPECIFIED.);
#2398=SURFACE_STYLE_USAGE(.BOTH.,#4262);
#2399=FACE_OUTER_BOUND('',#4263,.T.);
#2400=B_SPLINE_SURFACE_WITH_KNOTS('',3,1,((#4264,#4265,#4266),(#4267,#4268,#4269),(#4270,#4271,#4272),(#4273,#4274,#4275),(#4276,#4277,#4278),(#4279,#4280,#4281),(#4282,#4283,#4284),(#4285,#4286,#4287),(#4288,#4289,#4290),(#4291,#4292,#4293)),.UNSPECIFIED.,.F.,.F.,.F.,(4,2,2,2,4),(2,1,2),(0.0,0.25,0.5,0.75,1.0),(-2.33333333333293,0.0,1.0),.UNSPECIFIED.);
#2401=SURFACE_STYLE_USAGE(.BOTH.,#4294);
#2402=FACE_OUTER_BOUND('',#4295,.T.);
#2403=B_SPLINE_SURFACE_WITH_KNOTS('',3,1,((#4296,#4297,#4298),(#4299,#4300,#4301),(#4302,#4303,#4304),(#4305,#4306,#4307),(#4308,#4309,#4310),(#4311,#4312,#4313),(#4314,#4315,#4316),(#4317,#4318,#4319),(#4320,#4321,#4322),(#4323,#4324,#4325)),.UNSPECIFIED.,.F.,.F.,.F.,(4,2,2,2,4),(2,1,2),(0.0,0.25,0.5,0.75,1.0),(-2.33333333333293,0.0,1.0),.UNSPECIFIED.);
#2404=SURFACE_STYLE_USAGE(.BOTH.,#4326);
#2405=FACE_OUTER_BOUND('',#4327,.T.);
#2406=B_SPLINE_SURFACE_WITH_KNOTS('',3,1,((#4328,#4329,#4330),(#4331,#4332,#4333),(#4334,#4335,#4336),(#4337,#4338,#4339),(#4340,#4341,#4342),(#4343,#4344,#4345),(#4346,#4347,#4348),(#4349,#4350,#4351),(#4352,#4353,#4354),(#4355,#4356,#4357)),.UNSPECIFIED.,.F.,.F.,.F.,(4,2,2,2,4),(2,1,2),(0.0,0.25,0.5,0.75,1.0),(-2.33333333333293,0.0,1.0),.UNSPECIFIED.);
#2407=SURFACE_STYLE_USAGE(.BOTH.,#4358);
#2408=FACE_OUTER_BOUND('',#4359,.T.);
#2409=PLANE('',#4360);
#2410= (NAMED_UNIT(#1214)LENGTH_UNIT()SI_UNIT($,.METRE.));
#2413=LENGTH_MEASURE_WITH_UNIT(LENGTH_MEASURE(1.0),#4362);
#2416=DIMENSIONAL_EXPONENTS(1.0,0.0,0.0,0.0,0.0,0.0,0.0);
#2418=DIMENSIONAL_EXPONENTS(0.0,0.0,0.0,0.0,0.0,0.0,0.0);
#2426=LENGTH_MEASURE_WITH_UNIT(LENGTH_MEASURE(1.0),#4363);
#2429=DIMENSIONAL_EXPONENTS(1.0,0.0,0.0,0.0,0.0,0.0,0.0);
#2431=DIMENSIONAL_EXPONENTS(0.0,0.0,0.0,0.0,0.0,0.0,0.0);
#2437=SURFACE_SIDE_STYLE('',(#4364));
#2438=EDGE_LOOP('',(#4365,#4366,#4367,#4368));
#2439=AXIS2_PLACEMENT_3D('',#4369,#4370,#4371);
#2440=SURFACE_SIDE_STYLE('',(#4372));
#2441=EDGE_LOOP('',(#4373,#4374,#4375,#4376));
#2442=AXIS2_PLACEMENT_3D('',#4377,#4378,#4379);
#2443=SURFACE_SIDE_STYLE('',(#4380));
#2444=EDGE_LOOP('',(#4381,#4382,#4383,#4384));
#2445=AXIS2_PLACEMENT_3D('',#4385,#4386,#4387);
#2446=SURFACE_SIDE_STYLE('',(#4388));
#2447=EDGE_LOOP('',(#4389,#4390,#4391,#4392,#4393,#4394,#4395,#4396));
#2448=EDGE_LOOP('',(#4397,#4398,#4399,#4400,#4401,#4402,#4403,#4404));
#2449=AXIS2_PLACEMENT_3D('',#4405,#4406,#4407);
#2450=SURFACE_SIDE_STYLE('',(#4408));
#2451=EDGE_LOOP('',(#4409,#4410,#4411,#4412));
#2452=AXIS2_PLACEMENT_3D('',#4413,#4414,#4415);
#2453=SURFACE_SIDE_STYLE('',(#4416));
#2454=EDGE_LOOP('',(#4417,#4418,#4419,#4420));
#2455=AXIS2_PLACEMENT_3D('',#4421,#4422,#4423);
#2456=SURFACE_SIDE_STYLE('',(#4424));
#2457=EDGE_LOOP('',(#4425,#4426,#4427,#4428));
#2458=AXIS2_PLACEMENT_3D('',#4429,#4430,#4431);
#2459=SURFACE_SIDE_STYLE('',(#4432));
#2460=EDGE_LOOP('',(#4433,#4434,#4435,#4436));
#2461=AXIS2_PLACEMENT_3D('',#4437,#4438,#4439);
#2462=SURFACE_SIDE_STYLE('',(#4440));
#2463=EDGE_LOOP('',(#4441,#4442,#4443,#4444));
#2464=AXIS2_PLACEMENT_3D('',#4445,#4446,#4447);
#2465=SURFACE_SIDE_STYLE('',(#4448));
#2466=EDGE_LOOP('',(#4449,#4450,#4451,#4452));
#2467=AXIS2_PLACEMENT_3D('',#4453,#4454,#4455);
#2468=SURFACE_SIDE_STYLE('',(#4456));
#2469=EDGE_LOOP('',(#4457,#4458,#4459,#4460));
#2470=AXIS2_PLACEMENT_3D('',#4461,#4462,#4463);
#2471=SURFACE_SIDE_STYLE('',(#4464));
#2472=EDGE_LOOP('',(#4465,#4466,#4467,#4468));
#2473=AXIS2_PLACEMENT_3D('',#4469,#4470,#4471);
#2474=SURFACE_SIDE_STYLE('',(#4472));
#2475=EDGE_LOOP('',(#4473,#4474,#4475,#4476));
#2476=AXIS2_PLACEMENT_3D('',#4477,#4478,#4479);
#2477=SURFACE_SIDE_STYLE('',(#4480));
#2478=EDGE_LOOP('',(#4481,#4482,#4483,#4484));
#2479=AXIS2_PLACEMENT_3D('',#4485,#4486,#4487);
#2480=SURFACE_SIDE_STYLE('',(#4488));
#2481=EDGE_LOOP('',(#4489,#4490,#4491,#4492));
#2482=AXIS2_PLACEMENT_3D('',#4493,#4494,#4495);
#2483=SURFACE_SIDE_STYLE('',(#4496));
#2484=EDGE_LOOP('',(#4497,#4498,#4499,#4500));
#2485=AXIS2_PLACEMENT_3D('',#4501,#4502,#4503);
#2486=SURFACE_SIDE_STYLE('',(#4504));
#2487=EDGE_LOOP('',(#4505,#4506,#4507,#4508));
#2488=AXIS2_PLACEMENT_3D('',#4509,#4510,#4511);
#2489=SURFACE_SIDE_STYLE('',(#4512));
#2490=EDGE_LOOP('',(#4513,#4514,#4515,#4516));
#2491=AXIS2_PLACEMENT_3D('',#4517,#4518,#4519);
#2492=SURFACE_SIDE_STYLE('',(#4520));
#2493=EDGE_LOOP('',(#4521,#4522,#4523,#4524,#4525,#4526,#4527,#4528));
#2494=AXIS2_PLACEMENT_3D('',#4529,#4530,#4531);
#2495=SURFACE_SIDE_STYLE('',(#4532));
#2496=EDGE_LOOP('',(#4533,#4534,#4535,#4536));
#2497=AXIS2_PLACEMENT_3D('',#4537,#4538,#4539);
#2498=SURFACE_SIDE_STYLE('',(#4540));
#2499=EDGE_LOOP('',(#4541,#4542,#4543,#4544));
#2500=AXIS2_PLACEMENT_3D('',#4545,#4546,#4547);
#2501=SURFACE_SIDE_STYLE('',(#4548));
#2502=EDGE_LOOP('',(#4549,#4550,#4551,#4552));
#2503=AXIS2_PLACEMENT_3D('',#4553,#4554,#4555);
#2504=SURFACE_SIDE_STYLE('',(#4556));
#2505=EDGE_LOOP('',(#4557,#4558,#4559,#4560));
#2506=AXIS2_PLACEMENT_3D('',#4561,#4562,#4563);
#2507=SURFACE_SIDE_STYLE('',(#4564));
#2508=EDGE_LOOP('',(#4565,#4566,#4567,#4568));
#2509=AXIS2_PLACEMENT_3D('',#4569,#4570,#4571);
#2510=SURFACE_SIDE_STYLE('',(#4572));
#2511=EDGE_LOOP('',(#4573,#4574,#4575,#4576));
#2512=AXIS2_PLACEMENT_3D('',#4577,#4578,#4579);
#2513=SURFACE_SIDE_STYLE('',(#4580));
#2514=EDGE_LOOP('',(#4581,#4582,#4583,#4584));
#2515=AXIS2_PLACEMENT_3D('',#4585,#4586,#4587);
#2516=SURFACE_SIDE_STYLE('',(#4588));
#2517=EDGE_LOOP('',(#4589,#4590,#4591,#4592));
#2518=AXIS2_PLACEMENT_3D('',#4593,#4594,#4595);
#2519=SURFACE_SIDE_STYLE('',(#4596));
#2520=EDGE_LOOP('',(#4597,#4598,#4599,#4600));
#2521=AXIS2_PLACEMENT_3D('',#4601,#4602,#4603);
#2522=SURFACE_SIDE_STYLE('',(#4604));
#2523=EDGE_LOOP('',(#4605,#4606,#4607,#4608));
#2524=AXIS2_PLACEMENT_3D('',#4609,#4610,#4611);
#2525=SURFACE_SIDE_STYLE('',(#4612));
#2526=EDGE_LOOP('',(#4613,#4614,#4615,#4616));
#2527=AXIS2_PLACEMENT_3D('',#4617,#4618,#4619);
#2528=SURFACE_SIDE_STYLE('',(#4620));
#2529=EDGE_LOOP('',(#4621,#4622,#4623,#4624));
#2530=AXIS2_PLACEMENT_3D('',#4625,#4626,#4627);
#2531=SURFACE_SIDE_STYLE('',(#4628));
#2532=EDGE_LOOP('',(#4629,#4630,#4631,#4632));
#2533=AXIS2_PLACEMENT_3D('',#4633,#4634,#4635);
#2534=SURFACE_SIDE_STYLE('',(#4636));
#2535=EDGE_LOOP('',(#4637,#4638,#4639,#4640));
#2536=AXIS2_PLACEMENT_3D('',#4641,#4642,#4643);
#2537=SURFACE_SIDE_STYLE('',(#4644));
#2538=EDGE_LOOP('',(#4645,#4646,#4647,#4648));
#2539=AXIS2_PLACEMENT_3D('',#4649,#4650,#4651);
#2540=SURFACE_SIDE_STYLE('',(#4652));
#2541=EDGE_LOOP('',(#4653,#4654,#4655,#4656,#4657,#4658,#4659,#4660));
#2542=AXIS2_PLACEMENT_3D('',#4661,#4662,#4663);
#2543=SURFACE_SIDE_STYLE('',(#4664));
#2544=EDGE_LOOP('',(#4665,#4666,#4667,#4668));
#2546=CARTESIAN_POINT('',(0.0288856615569743,0.00230549540847073,-7.42392359506409E-05));
#2547=CARTESIAN_POINT('',(0.0288856615569743,0.00230549540847073,0.000925760764049359));
#2548=CARTESIAN_POINT('',(0.0279027938683829,0.00212118288387469,0.000925760764049362));
#2549=CARTESIAN_POINT('',(0.0288714473858246,0.00238129410730457,-7.42392331210962E-05));
#2550=CARTESIAN_POINT('',(0.0288721395863122,0.00237760286100266,0.000909134631926097));
#2551=CARTESIAN_POINT('',(0.0279027938683829,0.00221214140171195,0.000925760764049362));
#2552=CARTESIAN_POINT('',(0.0288590094336564,0.00245729627376677,-7.38098913884059E-05));
#2553=CARTESIAN_POINT('',(0.0288598555401572,0.00245191957926433,0.000895082868348829));
#2554=CARTESIAN_POINT('',(0.0279027938683829,0.00230334392225882,0.000925760764049362));
#2555=CARTESIAN_POINT('',(0.0288376623730996,0.00260970382446445,-7.26613589180986E-05));
#2556=CARTESIAN_POINT('',(0.0288385967623168,0.00260237672932562,0.000871719380734697));
#2557=CARTESIAN_POINT('',(0.0279027938683829,0.00248623298311128,0.000925760764049363));
#2558=CARTESIAN_POINT('',(0.028828753271995,0.00268610923179449,-7.19418155329449E-05));
#2559=CARTESIAN_POINT('',(0.0288295378762301,0.00267880030110911,0.000862301850144868));
#2560=CARTESIAN_POINT('',(0.0279027938683829,0.00257791947192164,0.000925760764049363));
#2561=CARTESIAN_POINT('',(0.0288144628346638,0.00283932254495318,-7.06197981499247E-05));
#2562=CARTESIAN_POINT('',(0.0288149683261826,0.002832808684552,0.000847517155939162));
#2563=CARTESIAN_POINT('',(0.0279027938683829,0.00276177544774161,0.000925760764049364));
#2564=CARTESIAN_POINT('',(0.0288090814857958,0.00291613044931964,-7.00173318607095E-05));
#2565=CARTESIAN_POINT('',(0.0288093997411881,0.00291069145014177,0.000842087245616551));
#2566=CARTESIAN_POINT('',(0.0279027938683829,0.00285394493298708,0.000925760764049364));
#2567=CARTESIAN_POINT('',(0.0288018679789619,0.0030701508077149,-6.91805128802352E-05));
#2568=CARTESIAN_POINT('',(0.028801948928006,0.0030670715533031,0.000834882230953584));
#2569=CARTESIAN_POINT('',(0.0279027938683829,0.0030387693630942,0.000925760764049365));
#2570=CARTESIAN_POINT('',(0.0288000357833826,0.00314736325711418,-6.89463528957605E-05));
#2571=CARTESIAN_POINT('',(0.0288000371181328,0.00314587603819863,0.000833077625418789));
#2572=CARTESIAN_POINT('',(0.0279027938683829,0.00313142430238142,0.000925760764049365));
#2573=CARTESIAN_POINT('',(0.028799965254084,0.00330219766091297,-6.8937606679394E-05));
#2574=CARTESIAN_POINT('',(0.0287999639594431,0.00330359688334303,0.000833008031070494));
#2575=CARTESIAN_POINT('',(0.0279027938683829,0.00331722558696517,0.000925760764049366));
#2576=CARTESIAN_POINT('',(0.0288017268548528,0.0033798196072877,-6.91633126478963E-05));
#2577=CARTESIAN_POINT('',(0.0288018026471052,0.00338282890658407,0.000834742469325928));
#2578=CARTESIAN_POINT('',(0.0279027938683829,0.00341037192263668,0.000925760764049366));
#2579=CARTESIAN_POINT('',(0.0288062184252649,0.00347710800988868,-6.96853814897277E-05));
#2580=CARTESIAN_POINT('',(0.02880643559113,0.00348146911115013,0.000839220501649399));
#2581=CARTESIAN_POINT('',(0.0279027938683829,0.00352711800576143,0.000925760764049367));
#2582=CARTESIAN_POINT('',(0.0288072317188268,0.00349658358990222,-6.98014161622643E-05));
#2583=CARTESIAN_POINT('',(0.0288074816409749,0.00350123123293336,0.000840235147626212));
#2584=CARTESIAN_POINT('',(0.0279027938683829,0.00355048870178018,0.000925760764049367));
#2585=CARTESIAN_POINT('',(0.0288094823392644,0.00353546136145567,-7.00530366552887E-05));
#2586=CARTESIAN_POINT('',(0.0288098010224098,0.00354063553198906,0.000842497441630048));
#2587=CARTESIAN_POINT('',(0.0279027938683829,0.00359714202765657,0.000925760764049367));
#2588=CARTESIAN_POINT('',(0.0288107201486466,0.00355487557843794,-7.0188679945712E-05));
#2589=CARTESIAN_POINT('',(0.0288110754330308,0.00356029480012435,0.000843746149244215));
#2590=CARTESIAN_POINT('',(0.0279027938683829,0.00362043908803207,0.000925760764049367));
#2591=CARTESIAN_POINT('',(0.0288147692563143,0.0036130444958987,-7.06194548191862E-05));
#2592=CARTESIAN_POINT('',(0.0288152390509164,0.00361916156124389,0.00084785261843978));
#2593=CARTESIAN_POINT('',(0.0279027938683829,0.00369024178900426,0.000925760764049367));
#2594=CARTESIAN_POINT('',(0.0288179161879024,0.00365172547989706,-7.09387321273474E-05));
#2595=CARTESIAN_POINT('',(0.0288184669890619,0.0036581979108958,0.000851068623088918));
#2596=CARTESIAN_POINT('',(0.0279027938683829,0.00373665896979433,0.000925760764049367));
#2597=CARTESIAN_POINT('',(0.0288286867326993,0.00376747510237903,-7.19367132004575E-05));
#2598=CARTESIAN_POINT('',(0.0288294709449986,0.00377479011828094,0.000862231683691361));
#2599=CARTESIAN_POINT('',(0.0279027938683829,0.0038755585168138,0.000925760764049368));
#2600=CARTESIAN_POINT('',(0.0288376394227515,0.00384425066556071,-7.26601681167932E-05));
#2601=CARTESIAN_POINT('',(0.0288385742478363,0.00385158218092505,0.000871694538253264));
#2602=CARTESIAN_POINT('',(0.0279027938683829,0.00396768919261481,0.000925760764049368));
#2603=CARTESIAN_POINT('',(0.0288590380795265,0.00399702202168856,-7.38113886138068E-05));
#2604=CARTESIAN_POINT('',(0.028859884355882,0.004002398202184,0.000895114637171539));
#2605=CARTESIAN_POINT('',(0.0279027938683829,0.00415101482002119,0.000925760764049369));
#2606=CARTESIAN_POINT('',(0.0288714841005556,0.00407301773963773,-7.42392331854021E-05));
#2607=CARTESIAN_POINT('',(0.0288721742800168,0.00407669820972469,0.000909177289927011));
#2608=CARTESIAN_POINT('',(0.0279027938683829,0.00424220960907882,0.000925760764049369));
#2609=CARTESIAN_POINT('',(0.0288856615569743,0.00414862065295549,-7.42392359506342E-05));
#2610=CARTESIAN_POINT('',(0.0288856615569743,0.00414862065295549,0.000925760764049366));
#2611=CARTESIAN_POINT('',(0.0279027938683829,0.00433293317755153,0.00092576076404937));
#2618=SURFACE_SIDE_STYLE('',(#4669));
#2619=EDGE_LOOP('',(#4670,#4671,#4672,#4673));
#2620=AXIS2_PLACEMENT_3D('',#4674,#4675,#4676);
#2621=SURFACE_SIDE_STYLE('',(#4677));
#2622=EDGE_LOOP('',(#4678,#4679,#4680,#4681));
#2623=AXIS2_PLACEMENT_3D('',#4682,#4683,#4684);
#2624=SURFACE_SIDE_STYLE('',(#4685));
#2625=EDGE_LOOP('',(#4686,#4687,#4688,#4689));
#2626=AXIS2_PLACEMENT_3D('',#4690,#4691,#4692);
#2627=SURFACE_SIDE_STYLE('',(#4693));
#2628=EDGE_LOOP('',(#4694,#4695,#4696,#4697));
#2629=AXIS2_PLACEMENT_3D('',#4698,#4699,#4700);
#2630=SURFACE_SIDE_STYLE('',(#4701));
#2631=EDGE_LOOP('',(#4702,#4703,#4704,#4705));
#2632=AXIS2_PLACEMENT_3D('',#4706,#4707,#4708);
#2633=SURFACE_SIDE_STYLE('',(#4709));
#2634=EDGE_LOOP('',(#4710,#4711,#4712,#4713,#4714,#4715));
#2635=AXIS2_PLACEMENT_3D('',#4716,#4717,#4718);
#2636=SURFACE_SIDE_STYLE('',(#4719));
#2637=EDGE_LOOP('',(#4720,#4721,#4722,#4723,#4724,#4725));
#2638=AXIS2_PLACEMENT_3D('',#4726,#4727,#4728);
#2639=SURFACE_SIDE_STYLE('',(#4729));
#2640=EDGE_LOOP('',(#4730,#4731,#4732,#4733,#4734,#4735));
#2641=AXIS2_PLACEMENT_3D('',#4736,#4737,#4738);
#2642=SURFACE_SIDE_STYLE('',(#4739));
#2643=EDGE_LOOP('',(#4740,#4741,#4742,#4743));
#2644=AXIS2_PLACEMENT_3D('',#4744,#4745,#4746);
#2645=SURFACE_SIDE_STYLE('',(#4747));
#2646=EDGE_LOOP('',(#4748,#4749,#4750,#4751));
#2647=AXIS2_PLACEMENT_3D('',#4752,#4753,#4754);
#2648=SURFACE_SIDE_STYLE('',(#4755));
#2649=EDGE_LOOP('',(#4756,#4757,#4758,#4759));
#2650=AXIS2_PLACEMENT_3D('',#4760,#4761,#4762);
#2651=SURFACE_SIDE_STYLE('',(#4763));
#2652=EDGE_LOOP('',(#4764,#4765,#4766,#4767));
#2653=AXIS2_PLACEMENT_3D('',#4768,#4769,#4770);
#2654=SURFACE_SIDE_STYLE('',(#4771));
#2655=EDGE_LOOP('',(#4772,#4773,#4774,#4775));
#2656=AXIS2_PLACEMENT_3D('',#4776,#4777,#4778);
#2657=SURFACE_SIDE_STYLE('',(#4779));
#2658=EDGE_LOOP('',(#4780,#4781,#4782,#4783));
#2659=AXIS2_PLACEMENT_3D('',#4784,#4785,#4786);
#2660=SURFACE_SIDE_STYLE('',(#4787));
#2661=EDGE_LOOP('',(#4788,#4789,#4790,#4791));
#2662=AXIS2_PLACEMENT_3D('',#4792,#4793,#4794);
#2663=SURFACE_SIDE_STYLE('',(#4795));
#2664=EDGE_LOOP('',(#4796,#4797,#4798,#4799));
#2665=AXIS2_PLACEMENT_3D('',#4800,#4801,#4802);
#2666=SURFACE_SIDE_STYLE('',(#4803));
#2667=EDGE_LOOP('',(#4804));
#2668=EDGE_LOOP('',(#4805));
#2669=AXIS2_PLACEMENT_3D('',#4806,#4807,#4808);
#2670=SURFACE_SIDE_STYLE('',(#4809));
#2671=EDGE_LOOP('',(#4810));
#2672=EDGE_LOOP('',(#4811));
#2673=AXIS2_PLACEMENT_3D('',#4812,#4813,#4814);
#2674=SURFACE_SIDE_STYLE('',(#4815));
#2675=EDGE_LOOP('',(#4816));
#2676=EDGE_LOOP('',(#4817));
#2677=AXIS2_PLACEMENT_3D('',#4818,#4819,#4820);
#2678=SURFACE_SIDE_STYLE('',(#4821));
#2679=EDGE_LOOP('',(#4822));
#2680=EDGE_LOOP('',(#4823));
#2681=AXIS2_PLACEMENT_3D('',#4824,#4825,#4826);
#2682=SURFACE_SIDE_STYLE('',(#4827));
#2683=EDGE_LOOP('',(#4828));
#2684=EDGE_LOOP('',(#4829));
#2685=AXIS2_PLACEMENT_3D('',#4830,#4831,#4832);
#2686=SURFACE_SIDE_STYLE('',(#4833));
#2687=EDGE_LOOP('',(#4834));
#2688=EDGE_LOOP('',(#4835));
#2689=AXIS2_PLACEMENT_3D('',#4836,#4837,#4838);
#2690=SURFACE_SIDE_STYLE('',(#4839));
#2691=EDGE_LOOP('',(#4840));
#2692=EDGE_LOOP('',(#4841));
#2693=AXIS2_PLACEMENT_3D('',#4842,#4843,#4844);
#2694=SURFACE_SIDE_STYLE('',(#4845));
#2695=EDGE_LOOP('',(#4846));
#2696=EDGE_LOOP('',(#4847));
#2697=AXIS2_PLACEMENT_3D('',#4848,#4849,#4850);
#2698=SURFACE_SIDE_STYLE('',(#4851));
#2699=EDGE_LOOP('',(#4852));
#2700=EDGE_LOOP('',(#4853));
#2701=AXIS2_PLACEMENT_3D('',#4854,#4855,#4856);
#2702=SURFACE_SIDE_STYLE('',(#4857));
#2703=EDGE_LOOP('',(#4858));
#2704=EDGE_LOOP('',(#4859));
#2705=AXIS2_PLACEMENT_3D('',#4860,#4861,#4862);
#2706=SURFACE_SIDE_STYLE('',(#4863));
#2707=EDGE_LOOP('',(#4864));
#2708=EDGE_LOOP('',(#4865));
#2709=AXIS2_PLACEMENT_3D('',#4866,#4867,#4868);
#2710=SURFACE_SIDE_STYLE('',(#4869));
#2711=EDGE_LOOP('',(#4870));
#2712=EDGE_LOOP('',(#4871));
#2713=AXIS2_PLACEMENT_3D('',#4872,#4873,#4874);
#2714=SURFACE_SIDE_STYLE('',(#4875));
#2715=EDGE_LOOP('',(#4876,#4877,#4878,#4879,#4880));
#2716=AXIS2_PLACEMENT_3D('',#4881,#4882,#4883);
#2717=SURFACE_SIDE_STYLE('',(#4884));
#2718=EDGE_LOOP('',(#4885,#4886,#4887,#4888));
#2719=AXIS2_PLACEMENT_3D('',#4889,#4890,#4891);
#2720=SURFACE_SIDE_STYLE('',(#4892));
#2721=EDGE_LOOP('',(#4893,#4894,#4895,#4896,#4897));
#2722=AXIS2_PLACEMENT_3D('',#4898,#4899,#4900);
#2723=SURFACE_SIDE_STYLE('',(#4901));
#2724=EDGE_LOOP('',(#4902,#4903,#4904,#4905,#4906,#4907));
#2725=AXIS2_PLACEMENT_3D('',#4908,#4909,#4910);
#2726=SURFACE_SIDE_STYLE('',(#4911));
#2727=EDGE_LOOP('',(#4912,#4913,#4914,#4915));
#2728=AXIS2_PLACEMENT_3D('',#4916,#4917,#4918);
#2729=SURFACE_SIDE_STYLE('',(#4919));
#2730=EDGE_LOOP('',(#4920,#4921,#4922,#4923,#4924));
#2731=AXIS2_PLACEMENT_3D('',#4925,#4926,#4927);
#2732=SURFACE_SIDE_STYLE('',(#4928));
#2733=EDGE_LOOP('',(#4929,#4930,#4931,#4932,#4933,#4934));
#2734=AXIS2_PLACEMENT_3D('',#4935,#4936,#4937);
#2735=SURFACE_SIDE_STYLE('',(#4938));
#2736=EDGE_LOOP('',(#4939,#4940,#4941,#4942,#4943));
#2737=AXIS2_PLACEMENT_3D('',#4944,#4945,#4946);
#2738=SURFACE_SIDE_STYLE('',(#4947));
#2739=EDGE_LOOP('',(#4948,#4949,#4950,#4951));
#2740=AXIS2_PLACEMENT_3D('',#4952,#4953,#4954);
#2741=SURFACE_SIDE_STYLE('',(#4955));
#2742=EDGE_LOOP('',(#4956,#4957,#4958,#4959));
#2743=AXIS2_PLACEMENT_3D('',#4960,#4961,#4962);
#2744=SURFACE_SIDE_STYLE('',(#4963));
#2745=EDGE_LOOP('',(#4964,#4965,#4966,#4967));
#2746=EDGE_LOOP('',(#4968));
#2747=AXIS2_PLACEMENT_3D('',#4969,#4970,#4971);
#2748=SURFACE_SIDE_STYLE('',(#4972));
#2749=EDGE_LOOP('',(#4973));
#2750=EDGE_LOOP('',(#4974));
#2751=AXIS2_PLACEMENT_3D('',#4975,#4976,#4977);
#2752=SURFACE_SIDE_STYLE('',(#4978));
#2753=EDGE_LOOP('',(#4979));
#2754=AXIS2_PLACEMENT_3D('',#4980,#4981,#4982);
#2755=SURFACE_SIDE_STYLE('',(#4983));
#2756=EDGE_LOOP('',(#4984,#4985,#4986,#4987));
#2757=AXIS2_PLACEMENT_3D('',#4988,#4989,#4990);
#2758=SURFACE_SIDE_STYLE('',(#4991));
#2759=EDGE_LOOP('',(#4992));
#2760=EDGE_LOOP('',(#4993,#4994,#4995,#4996));
#2761=AXIS2_PLACEMENT_3D('',#4997,#4998,#4999);
#2762=SURFACE_SIDE_STYLE('',(#5000));
#2763=EDGE_LOOP('',(#5001,#5002,#5003,#5004));
#2764=AXIS2_PLACEMENT_3D('',#5005,#5006,#5007);
#2765=SURFACE_SIDE_STYLE('',(#5008));
#2766=EDGE_LOOP('',(#5009,#5010,#5011,#5012));
#2767=AXIS2_PLACEMENT_3D('',#5013,#5014,#5015);
#2768=SURFACE_SIDE_STYLE('',(#5016));
#2769=EDGE_LOOP('',(#5017,#5018,#5019,#5020));
#2770=AXIS2_PLACEMENT_3D('',#5021,#5022,#5023);
#2771=SURFACE_SIDE_STYLE('',(#5024));
#2772=EDGE_LOOP('',(#5025));
#2773=EDGE_LOOP('',(#5026));
#2774=AXIS2_PLACEMENT_3D('',#5027,#5028,#5029);
#2775=SURFACE_SIDE_STYLE('',(#5030));
#2776=EDGE_LOOP('',(#5031));
#2777=AXIS2_PLACEMENT_3D('',#5032,#5033,#5034);
#2778=SURFACE_SIDE_STYLE('',(#5035));
#2779=EDGE_LOOP('',(#5036,#5037,#5038,#5039));
#2780=AXIS2_PLACEMENT_3D('',#5040,#5041,#5042);
#2781=SURFACE_SIDE_STYLE('',(#5043));
#2782=EDGE_LOOP('',(#5044,#5045,#5046,#5047));
#2783=AXIS2_PLACEMENT_3D('',#5048,#5049,#5050);
#2784=SURFACE_SIDE_STYLE('',(#5051));
#2785=EDGE_LOOP('',(#5052,#5053,#5054,#5055));
#2786=AXIS2_PLACEMENT_3D('',#5056,#5057,#5058);
#2787=SURFACE_SIDE_STYLE('',(#5059));
#2788=EDGE_LOOP('',(#5060,#5061,#5062,#5063));
#2789=AXIS2_PLACEMENT_3D('',#5064,#5065,#5066);
#2790=SURFACE_SIDE_STYLE('',(#5067));
#2791=EDGE_LOOP('',(#5068,#5069,#5070,#5071));
#2792=AXIS2_PLACEMENT_3D('',#5072,#5073,#5074);
#2793=SURFACE_SIDE_STYLE('',(#5075));
#2794=EDGE_LOOP('',(#5076,#5077,#5078,#5079));
#2795=AXIS2_PLACEMENT_3D('',#5080,#5081,#5082);
#2796=SURFACE_SIDE_STYLE('',(#5083));
#2797=EDGE_LOOP('',(#5084,#5085,#5086,#5087));
#2798=AXIS2_PLACEMENT_3D('',#5088,#5089,#5090);
#2799=SURFACE_SIDE_STYLE('',(#5091));
#2800=EDGE_LOOP('',(#5092,#5093,#5094,#5095));
#2801=AXIS2_PLACEMENT_3D('',#5096,#5097,#5098);
#2802=SURFACE_SIDE_STYLE('',(#5099));
#2803=EDGE_LOOP('',(#5100,#5101,#5102,#5103));
#2804=AXIS2_PLACEMENT_3D('',#5104,#5105,#5106);
#2805=SURFACE_SIDE_STYLE('',(#5107));
#2806=EDGE_LOOP('',(#5108,#5109,#5110,#5111));
#2807=AXIS2_PLACEMENT_3D('',#5112,#5113,#5114);
#2808=SURFACE_SIDE_STYLE('',(#5115));
#2809=EDGE_LOOP('',(#5116,#5117,#5118,#5119));
#2810=AXIS2_PLACEMENT_3D('',#5120,#5121,#5122);
#2811=SURFACE_SIDE_STYLE('',(#5123));
#2812=EDGE_LOOP('',(#5124,#5125,#5126,#5127));
#2813=AXIS2_PLACEMENT_3D('',#5128,#5129,#5130);
#2814=SURFACE_SIDE_STYLE('',(#5131));
#2815=EDGE_LOOP('',(#5132));
#2816=EDGE_LOOP('',(#5133));
#2817=AXIS2_PLACEMENT_3D('',#5134,#5135,#5136);
#2818=SURFACE_SIDE_STYLE('',(#5137));
#2819=EDGE_LOOP('',(#5138,#5139,#5140,#5141));
#2820=AXIS2_PLACEMENT_3D('',#5142,#5143,#5144);
#2821=SURFACE_SIDE_STYLE('',(#5145));
#2822=EDGE_LOOP('',(#5146,#5147,#5148,#5149));
#2823=AXIS2_PLACEMENT_3D('',#5150,#5151,#5152);
#2824=SURFACE_SIDE_STYLE('',(#5153));
#2825=EDGE_LOOP('',(#5154,#5155,#5156,#5157));
#2826=AXIS2_PLACEMENT_3D('',#5158,#5159,#5160);
#2827=SURFACE_SIDE_STYLE('',(#5161));
#2828=EDGE_LOOP('',(#5162,#5163,#5164,#5165));
#2829=AXIS2_PLACEMENT_3D('',#5166,#5167,#5168);
#2830=SURFACE_SIDE_STYLE('',(#5169));
#2831=EDGE_LOOP('',(#5170,#5171,#5172,#5173));
#2832=AXIS2_PLACEMENT_3D('',#5174,#5175,#5176);
#2833=SURFACE_SIDE_STYLE('',(#5177));
#2834=EDGE_LOOP('',(#5178,#5179,#5180,#5181));
#2835=AXIS2_PLACEMENT_3D('',#5182,#5183,#5184);
#2836=SURFACE_SIDE_STYLE('',(#5185));
#2837=EDGE_LOOP('',(#5186,#5187,#5188,#5189));
#2838=AXIS2_PLACEMENT_3D('',#5190,#5191,#5192);
#2839=SURFACE_SIDE_STYLE('',(#5193));
#2840=EDGE_LOOP('',(#5194,#5195,#5196,#5197));
#2841=AXIS2_PLACEMENT_3D('',#5198,#5199,#5200);
#2842=SURFACE_SIDE_STYLE('',(#5201));
#2843=EDGE_LOOP('',(#5202,#5203,#5204,#5205));
#2844=AXIS2_PLACEMENT_3D('',#5206,#5207,#5208);
#2845=SURFACE_SIDE_STYLE('',(#5209));
#2846=EDGE_LOOP('',(#5210,#5211,#5212,#5213));
#2847=AXIS2_PLACEMENT_3D('',#5214,#5215,#5216);
#2848=SURFACE_SIDE_STYLE('',(#5217));
#2849=EDGE_LOOP('',(#5218,#5219,#5220,#5221));
#2850=AXIS2_PLACEMENT_3D('',#5222,#5223,#5224);
#2851=SURFACE_SIDE_STYLE('',(#5225));
#2852=EDGE_LOOP('',(#5226,#5227,#5228,#5229));
#2853=AXIS2_PLACEMENT_3D('',#5230,#5231,#5232);
#2854=SURFACE_SIDE_STYLE('',(#5233));
#2855=EDGE_LOOP('',(#5234,#5235,#5236,#5237));
#2856=AXIS2_PLACEMENT_3D('',#5238,#5239,#5240);
#2857=SURFACE_SIDE_STYLE('',(#5241));
#2858=EDGE_LOOP('',(#5242,#5243,#5244,#5245));
#2859=AXIS2_PLACEMENT_3D('',#5246,#5247,#5248);
#2860=SURFACE_SIDE_STYLE('',(#5249));
#2861=EDGE_LOOP('',(#5250,#5251,#5252,#5253));
#2862=AXIS2_PLACEMENT_3D('',#5254,#5255,#5256);
#2863=SURFACE_SIDE_STYLE('',(#5257));
#2864=EDGE_LOOP('',(#5258,#5259,#5260,#5261));
#2865=AXIS2_PLACEMENT_3D('',#5262,#5263,#5264);
#2866=SURFACE_SIDE_STYLE('',(#5265));
#2867=EDGE_LOOP('',(#5266,#5267,#5268,#5269));
#2868=AXIS2_PLACEMENT_3D('',#5270,#5271,#5272);
#2869=SURFACE_SIDE_STYLE('',(#5273));
#2870=EDGE_LOOP('',(#5274,#5275,#5276,#5277));
#2871=AXIS2_PLACEMENT_3D('',#5278,#5279,#5280);
#2872=SURFACE_SIDE_STYLE('',(#5281));
#2873=EDGE_LOOP('',(#5282,#5283,#5284,#5285));
#2874=AXIS2_PLACEMENT_3D('',#5286,#5287,#5288);
#2875=SURFACE_SIDE_STYLE('',(#5289));
#2876=EDGE_LOOP('',(#5290,#5291,#5292,#5293));
#2877=AXIS2_PLACEMENT_3D('',#5294,#5295,#5296);
#2878=SURFACE_SIDE_STYLE('',(#5297));
#2879=EDGE_LOOP('',(#5298,#5299,#5300,#5301));
#2880=AXIS2_PLACEMENT_3D('',#5302,#5303,#5304);
#2881=SURFACE_SIDE_STYLE('',(#5305));
#2882=EDGE_LOOP('',(#5306,#5307,#5308,#5309));
#2883=AXIS2_PLACEMENT_3D('',#5310,#5311,#5312);
#2884=SURFACE_SIDE_STYLE('',(#5313));
#2885=EDGE_LOOP('',(#5314,#5315,#5316,#5317));
#2886=AXIS2_PLACEMENT_3D('',#5318,#5319,#5320);
#2887=SURFACE_SIDE_STYLE('',(#5321));
#2888=EDGE_LOOP('',(#5322,#5323,#5324,#5325));
#2889=AXIS2_PLACEMENT_3D('',#5326,#5327,#5328);
#2890=SURFACE_SIDE_STYLE('',(#5329));
#2891=EDGE_LOOP('',(#5330,#5331,#5332,#5333));
#2892=AXIS2_PLACEMENT_3D('',#5334,#5335,#5336);
#2893=SURFACE_SIDE_STYLE('',(#5337));
#2894=EDGE_LOOP('',(#5338,#5339,#5340,#5341));
#2895=AXIS2_PLACEMENT_3D('',#5342,#5343,#5344);
#2896=SURFACE_SIDE_STYLE('',(#5345));
#2897=EDGE_LOOP('',(#5346,#5347,#5348,#5349));
#2898=AXIS2_PLACEMENT_3D('',#5350,#5351,#5352);
#2899=SURFACE_SIDE_STYLE('',(#5353));
#2900=EDGE_LOOP('',(#5354,#5355,#5356,#5357));
#2901=AXIS2_PLACEMENT_3D('',#5358,#5359,#5360);
#2902=SURFACE_SIDE_STYLE('',(#5361));
#2903=EDGE_LOOP('',(#5362,#5363,#5364,#5365));
#2904=AXIS2_PLACEMENT_3D('',#5366,#5367,#5368);
#2905=SURFACE_SIDE_STYLE('',(#5369));
#2906=EDGE_LOOP('',(#5370,#5371,#5372,#5373));
#2907=AXIS2_PLACEMENT_3D('',#5374,#5375,#5376);
#2908=SURFACE_SIDE_STYLE('',(#5377));
#2909=EDGE_LOOP('',(#5378,#5379,#5380,#5381));
#2910=AXIS2_PLACEMENT_3D('',#5382,#5383,#5384);
#2911=SURFACE_SIDE_STYLE('',(#5385));
#2912=EDGE_LOOP('',(#5386,#5387,#5388,#5389));
#2913=AXIS2_PLACEMENT_3D('',#5390,#5391,#5392);
#2914=SURFACE_SIDE_STYLE('',(#5393));
#2915=EDGE_LOOP('',(#5394,#5395,#5396,#5397));
#2916=AXIS2_PLACEMENT_3D('',#5398,#5399,#5400);
#2917=SURFACE_SIDE_STYLE('',(#5401));
#2918=EDGE_LOOP('',(#5402,#5403,#5404,#5405));
#2919=AXIS2_PLACEMENT_3D('',#5406,#5407,#5408);
#2920=SURFACE_SIDE_STYLE('',(#5409));
#2921=EDGE_LOOP('',(#5410,#5411,#5412,#5413));
#2922=AXIS2_PLACEMENT_3D('',#5414,#5415,#5416);
#2923=SURFACE_SIDE_STYLE('',(#5417));
#2924=EDGE_LOOP('',(#5418,#5419,#5420,#5421));
#2925=AXIS2_PLACEMENT_3D('',#5422,#5423,#5424);
#2926=SURFACE_SIDE_STYLE('',(#5425));
#2927=EDGE_LOOP('',(#5426,#5427,#5428,#5429));
#2928=AXIS2_PLACEMENT_3D('',#5430,#5431,#5432);
#2929=SURFACE_SIDE_STYLE('',(#5433));
#2930=EDGE_LOOP('',(#5434,#5435,#5436,#5437));
#2931=AXIS2_PLACEMENT_3D('',#5438,#5439,#5440);
#2932=SURFACE_SIDE_STYLE('',(#5441));
#2933=EDGE_LOOP('',(#5442,#5443,#5444,#5445));
#2934=AXIS2_PLACEMENT_3D('',#5446,#5447,#5448);
#2935=SURFACE_SIDE_STYLE('',(#5449));
#2936=EDGE_LOOP('',(#5450,#5451,#5452,#5453));
#2937=AXIS2_PLACEMENT_3D('',#5454,#5455,#5456);
#2938=SURFACE_SIDE_STYLE('',(#5457));
#2939=EDGE_LOOP('',(#5458,#5459,#5460,#5461));
#2940=AXIS2_PLACEMENT_3D('',#5462,#5463,#5464);
#2941=SURFACE_SIDE_STYLE('',(#5465));
#2942=EDGE_LOOP('',(#5466,#5467,#5468,#5469));
#2943=AXIS2_PLACEMENT_3D('',#5470,#5471,#5472);
#2944=SURFACE_SIDE_STYLE('',(#5473));
#2945=EDGE_LOOP('',(#5474,#5475,#5476,#5477));
#2946=AXIS2_PLACEMENT_3D('',#5478,#5479,#5480);
#2947=SURFACE_SIDE_STYLE('',(#5481));
#2948=EDGE_LOOP('',(#5482,#5483,#5484,#5485));
#2949=AXIS2_PLACEMENT_3D('',#5486,#5487,#5488);
#2950=SURFACE_SIDE_STYLE('',(#5489));
#2951=EDGE_LOOP('',(#5490,#5491,#5492,#5493));
#2952=AXIS2_PLACEMENT_3D('',#5494,#5495,#5496);
#2953=SURFACE_SIDE_STYLE('',(#5497));
#2954=EDGE_LOOP('',(#5498,#5499,#5500,#5501));
#2955=AXIS2_PLACEMENT_3D('',#5502,#5503,#5504);
#2956=SURFACE_SIDE_STYLE('',(#5505));
#2957=EDGE_LOOP('',(#5506,#5507,#5508,#5509));
#2958=AXIS2_PLACEMENT_3D('',#5510,#5511,#5512);
#2959=SURFACE_SIDE_STYLE('',(#5513));
#2960=EDGE_LOOP('',(#5514,#5515,#5516,#5517));
#2961=AXIS2_PLACEMENT_3D('',#5518,#5519,#5520);
#2962=SURFACE_SIDE_STYLE('',(#5521));
#2963=EDGE_LOOP('',(#5522,#5523,#5524,#5525,#5526,#5527,#5528,#5529));
#2964=EDGE_LOOP('',(#5530,#5531,#5532,#5533,#5534,#5535,#5536,#5537));
#2965=AXIS2_PLACEMENT_3D('',#5538,#5539,#5540);
#2966=SURFACE_SIDE_STYLE('',(#5541));
#2967=EDGE_LOOP('',(#5542));
#2968=EDGE_LOOP('',(#5543,#5544,#5545,#5546,#5547,#5548));
#2969=AXIS2_PLACEMENT_3D('',#5549,#5550,#5551);
#2970=SURFACE_SIDE_STYLE('',(#5552));
#2971=EDGE_LOOP('',(#5553));
#2972=EDGE_LOOP('',(#5554,#5555,#5556,#5557));
#2973=AXIS2_PLACEMENT_3D('',#5558,#5559,#5560);
#2974=SURFACE_SIDE_STYLE('',(#5561));
#2975=EDGE_LOOP('',(#5562));
#2976=EDGE_LOOP('',(#5563,#5564,#5565,#5566,#5567,#5568));
#2977=AXIS2_PLACEMENT_3D('',#5569,#5570,#5571);
#2978=SURFACE_SIDE_STYLE('',(#5572));
#2979=EDGE_LOOP('',(#5573,#5574,#5575,#5576));
#2980=AXIS2_PLACEMENT_3D('',#5577,#5578,#5579);
#2981=SURFACE_SIDE_STYLE('',(#5580));
#2982=EDGE_LOOP('',(#5581,#5582,#5583,#5584));
#2983=AXIS2_PLACEMENT_3D('',#5585,#5586,#5587);
#2984=SURFACE_SIDE_STYLE('',(#5588));
#2985=EDGE_LOOP('',(#5589,#5590,#5591,#5592));
#2986=AXIS2_PLACEMENT_3D('',#5593,#5594,#5595);
#2987=SURFACE_SIDE_STYLE('',(#5596));
#2988=EDGE_LOOP('',(#5597,#5598,#5599,#5600));
#2989=AXIS2_PLACEMENT_3D('',#5601,#5602,#5603);
#2990=SURFACE_SIDE_STYLE('',(#5604));
#2991=EDGE_LOOP('',(#5605,#5606,#5607,#5608));
#2992=AXIS2_PLACEMENT_3D('',#5609,#5610,#5611);
#2993=SURFACE_SIDE_STYLE('',(#5612));
#2994=EDGE_LOOP('',(#5613,#5614,#5615,#5616));
#2995=AXIS2_PLACEMENT_3D('',#5617,#5618,#5619);
#2996=SURFACE_SIDE_STYLE('',(#5620));
#2997=EDGE_LOOP('',(#5621,#5622,#5623,#5624));
#2998=AXIS2_PLACEMENT_3D('',#5625,#5626,#5627);
#2999=SURFACE_SIDE_STYLE('',(#5628));
#3000=EDGE_LOOP('',(#5629,#5630,#5631,#5632));
#3001=AXIS2_PLACEMENT_3D('',#5633,#5634,#5635);
#3002=SURFACE_SIDE_STYLE('',(#5636));
#3003=EDGE_LOOP('',(#5637,#5638,#5639,#5640));
#3004=AXIS2_PLACEMENT_3D('',#5641,#5642,#5643);
#3005=SURFACE_SIDE_STYLE('',(#5644));
#3006=EDGE_LOOP('',(#5645,#5646,#5647,#5648));
#3007=AXIS2_PLACEMENT_3D('',#5649,#5650,#5651);
#3008=SURFACE_SIDE_STYLE('',(#5652));
#3009=EDGE_LOOP('',(#5653,#5654,#5655,#5656));
#3010=AXIS2_PLACEMENT_3D('',#5657,#5658,#5659);
#3011=SURFACE_SIDE_STYLE('',(#5660));
#3012=EDGE_LOOP('',(#5661,#5662,#5663,#5664));
#3013=AXIS2_PLACEMENT_3D('',#5665,#5666,#5667);
#3014=SURFACE_SIDE_STYLE('',(#5668));
#3015=EDGE_LOOP('',(#5669,#5670,#5671,#5672));
#3016=AXIS2_PLACEMENT_3D('',#5673,#5674,#5675);
#3017=SURFACE_SIDE_STYLE('',(#5676));
#3018=EDGE_LOOP('',(#5677,#5678,#5679,#5680));
#3019=AXIS2_PLACEMENT_3D('',#5681,#5682,#5683);
#3020=SURFACE_SIDE_STYLE('',(#5684));
#3021=EDGE_LOOP('',(#5685,#5686,#5687,#5688,#5689));
#3022=AXIS2_PLACEMENT_3D('',#5690,#5691,#5692);
#3023=SURFACE_SIDE_STYLE('',(#5693));
#3024=EDGE_LOOP('',(#5694,#5695,#5696,#5697));
#3025=AXIS2_PLACEMENT_3D('',#5698,#5699,#5700);
#3026=SURFACE_SIDE_STYLE('',(#5701));
#3027=EDGE_LOOP('',(#5702,#5703,#5704,#5705));
#3028=AXIS2_PLACEMENT_3D('',#5706,#5707,#5708);
#3029=SURFACE_SIDE_STYLE('',(#5709));
#3030=EDGE_LOOP('',(#5710,#5711,#5712,#5713,#5714,#5715,#5716,#5717,#5718,#5719,#5720,#5721));
#3031=EDGE_LOOP('',(#5722,#5723,#5724,#5725,#5726,#5727,#5728,#5729));
#3032=AXIS2_PLACEMENT_3D('',#5730,#5731,#5732);
#3033=SURFACE_SIDE_STYLE('',(#5733));
#3034=EDGE_LOOP('',(#5734,#5735,#5736,#5737));
#3035=AXIS2_PLACEMENT_3D('',#5738,#5739,#5740);
#3036=SURFACE_SIDE_STYLE('',(#5741));
#3037=EDGE_LOOP('',(#5742,#5743,#5744,#5745));
#3038=AXIS2_PLACEMENT_3D('',#5746,#5747,#5748);
#3039=SURFACE_SIDE_STYLE('',(#5749));
#3040=EDGE_LOOP('',(#5750,#5751,#5752,#5753));
#3041=AXIS2_PLACEMENT_3D('',#5754,#5755,#5756);
#3042=SURFACE_SIDE_STYLE('',(#5757));
#3043=EDGE_LOOP('',(#5758,#5759,#5760,#5761));
#3044=AXIS2_PLACEMENT_3D('',#5762,#5763,#5764);
#3045=SURFACE_SIDE_STYLE('',(#5765));
#3046=EDGE_LOOP('',(#5766,#5767,#5768,#5769));
#3047=AXIS2_PLACEMENT_3D('',#5770,#5771,#5772);
#3048=SURFACE_SIDE_STYLE('',(#5773));
#3049=EDGE_LOOP('',(#5774,#5775,#5776,#5777));
#3050=AXIS2_PLACEMENT_3D('',#5778,#5779,#5780);
#3051=SURFACE_SIDE_STYLE('',(#5781));
#3052=EDGE_LOOP('',(#5782,#5783,#5784,#5785));
#3053=AXIS2_PLACEMENT_3D('',#5786,#5787,#5788);
#3054=SURFACE_SIDE_STYLE('',(#5789));
#3055=EDGE_LOOP('',(#5790,#5791,#5792,#5793));
#3056=AXIS2_PLACEMENT_3D('',#5794,#5795,#5796);
#3057=SURFACE_SIDE_STYLE('',(#5797));
#3058=EDGE_LOOP('',(#5798,#5799,#5800,#5801));
#3059=AXIS2_PLACEMENT_3D('',#5802,#5803,#5804);
#3060=SURFACE_SIDE_STYLE('',(#5805));
#3061=EDGE_LOOP('',(#5806,#5807,#5808,#5809));
#3062=AXIS2_PLACEMENT_3D('',#5810,#5811,#5812);
#3063=SURFACE_SIDE_STYLE('',(#5813));
#3064=EDGE_LOOP('',(#5814,#5815,#5816,#5817));
#3065=AXIS2_PLACEMENT_3D('',#5818,#5819,#5820);
#3066=SURFACE_SIDE_STYLE('',(#5821));
#3067=EDGE_LOOP('',(#5822,#5823,#5824,#5825));
#3068=AXIS2_PLACEMENT_3D('',#5826,#5827,#5828);
#3069=SURFACE_SIDE_STYLE('',(#5829));
#3070=EDGE_LOOP('',(#5830,#5831,#5832,#5833));
#3071=AXIS2_PLACEMENT_3D('',#5834,#5835,#5836);
#3072=SURFACE_SIDE_STYLE('',(#5837));
#3073=EDGE_LOOP('',(#5838));
#3074=AXIS2_PLACEMENT_3D('',#5839,#5840,#5841);
#3075=SURFACE_SIDE_STYLE('',(#5842));
#3076=EDGE_LOOP('',(#5843));
#3077=AXIS2_PLACEMENT_3D('',#5844,#5845,#5846);
#3078=SURFACE_SIDE_STYLE('',(#5847));
#3079=EDGE_LOOP('',(#5848));
#3080=AXIS2_PLACEMENT_3D('',#5849,#5850,#5851);
#3081=SURFACE_SIDE_STYLE('',(#5852));
#3082=EDGE_LOOP('',(#5853));
#3083=AXIS2_PLACEMENT_3D('',#5854,#5855,#5856);
#3084=SURFACE_SIDE_STYLE('',(#5857));
#3085=EDGE_LOOP('',(#5858,#5859,#5860,#5861));
#3086=AXIS2_PLACEMENT_3D('',#5862,#5863,#5864);
#3087=SURFACE_SIDE_STYLE('',(#5865));
#3088=EDGE_LOOP('',(#5866,#5867,#5868,#5869));
#3089=AXIS2_PLACEMENT_3D('',#5870,#5871,#5872);
#3090=SURFACE_SIDE_STYLE('',(#5873));
#3091=EDGE_LOOP('',(#5874,#5875,#5876,#5877));
#3092=AXIS2_PLACEMENT_3D('',#5878,#5879,#5880);
#3093=SURFACE_SIDE_STYLE('',(#5881));
#3094=EDGE_LOOP('',(#5882,#5883,#5884,#5885));
#3095=AXIS2_PLACEMENT_3D('',#5886,#5887,#5888);
#3096=SURFACE_SIDE_STYLE('',(#5889));
#3097=EDGE_LOOP('',(#5890,#5891,#5892,#5893,#5894,#5895));
#3098=AXIS2_PLACEMENT_3D('',#5896,#5897,#5898);
#3099=SURFACE_SIDE_STYLE('',(#5899));
#3100=EDGE_LOOP('',(#5900,#5901,#5902,#5903,#5904,#5905,#5906,#5907,#5908,#5909,#5910,#5911,#5912,#5913,#5914,#5915,#5916,#5917));
#3101=AXIS2_PLACEMENT_3D('',#5918,#5919,#5920);
#3102=SURFACE_SIDE_STYLE('',(#5921));
#3103=EDGE_LOOP('',(#5922));
#3104=EDGE_LOOP('',(#5923));
#3105=AXIS2_PLACEMENT_3D('',#5924,#5925,#5926);
#3106=SURFACE_SIDE_STYLE('',(#5927));
#3107=EDGE_LOOP('',(#5928));
#3108=AXIS2_PLACEMENT_3D('',#5929,#5930,#5931);
#3109=SURFACE_SIDE_STYLE('',(#5932));
#3110=EDGE_LOOP('',(#5933,#5934,#5935,#5936,#5937,#5938,#5939,#5940,#5941,#5942,#5943,#5944,#5945,#5946,#5947,#5948,#5949,#5950,#5951,#5952,#5953,#5954,#5955,#5956,#5957,#5958,#5959,#5960,#5961,#5962,#5963,#5964,#5965,#5966));
#3111=EDGE_LOOP('',(#5967,#5968,#5969,#5970,#5971,#5972,#5973,#5974));
#3112=AXIS2_PLACEMENT_3D('',#5975,#5976,#5977);
#3113=SURFACE_SIDE_STYLE('',(#5978));
#3114=EDGE_LOOP('',(#5979));
#3115=EDGE_LOOP('',(#5980,#5981,#5982,#5983));
#3116=AXIS2_PLACEMENT_3D('',#5984,#5985,#5986);
#3117=SURFACE_SIDE_STYLE('',(#5987));
#3118=EDGE_LOOP('',(#5988));
#3119=AXIS2_PLACEMENT_3D('',#5989,#5990,#5991);
#3120=SURFACE_SIDE_STYLE('',(#5992));
#3121=EDGE_LOOP('',(#5993));
#3122=EDGE_LOOP('',(#5994));
#3123=AXIS2_PLACEMENT_3D('',#5995,#5996,#5997);
#3124=SURFACE_SIDE_STYLE('',(#5998));
#3125=EDGE_LOOP('',(#5999,#6000,#6001,#6002));
#3126=EDGE_LOOP('',(#6003));
#3127=AXIS2_PLACEMENT_3D('',#6004,#6005,#6006);
#3128=SURFACE_SIDE_STYLE('',(#6007));
#3129=EDGE_LOOP('',(#6008,#6009,#6010,#6011));
#3130=AXIS2_PLACEMENT_3D('',#6012,#6013,#6014);
#3131=SURFACE_SIDE_STYLE('',(#6015));
#3132=EDGE_LOOP('',(#6016));
#3133=EDGE_LOOP('',(#6017));
#3134=AXIS2_PLACEMENT_3D('',#6018,#6019,#6020);
#3135=SURFACE_SIDE_STYLE('',(#6021));
#3136=EDGE_LOOP('',(#6022));
#3137=EDGE_LOOP('',(#6023,#6024,#6025,#6026,#6027,#6028));
#3138=AXIS2_PLACEMENT_3D('',#6029,#6030,#6031);
#3139=SURFACE_SIDE_STYLE('',(#6032));
#3140=EDGE_LOOP('',(#6033));
#3141=EDGE_LOOP('',(#6034,#6035,#6036,#6037));
#3142=AXIS2_PLACEMENT_3D('',#6038,#6039,#6040);
#3143=SURFACE_SIDE_STYLE('',(#6041));
#3144=EDGE_LOOP('',(#6042));
#3145=EDGE_LOOP('',(#6043,#6044,#6045,#6046,#6047,#6048));
#3146=AXIS2_PLACEMENT_3D('',#6049,#6050,#6051);
#3147=SURFACE_SIDE_STYLE('',(#6052));
#3148=EDGE_LOOP('',(#6053));
#3149=EDGE_LOOP('',(#6054));
#3150=AXIS2_PLACEMENT_3D('',#6055,#6056,#6057);
#3151=SURFACE_SIDE_STYLE('',(#6058));
#3152=EDGE_LOOP('',(#6059));
#3153=EDGE_LOOP('',(#6060));
#3154=AXIS2_PLACEMENT_3D('',#6061,#6062,#6063);
#3155=SURFACE_SIDE_STYLE('',(#6064));
#3156=EDGE_LOOP('',(#6065));
#3157=EDGE_LOOP('',(#6066));
#3158=AXIS2_PLACEMENT_3D('',#6067,#6068,#6069);
#3159=SURFACE_SIDE_STYLE('',(#6070));
#3160=EDGE_LOOP('',(#6071,#6072,#6073,#6074));
#3161=AXIS2_PLACEMENT_3D('',#6075,#6076,#6077);
#3162=SURFACE_SIDE_STYLE('',(#6078));
#3163=EDGE_LOOP('',(#6079,#6080,#6081,#6082));
#3164=AXIS2_PLACEMENT_3D('',#6083,#6084,#6085);
#3165=SURFACE_SIDE_STYLE('',(#6086));
#3166=EDGE_LOOP('',(#6087,#6088,#6089,#6090));
#3167=AXIS2_PLACEMENT_3D('',#6091,#6092,#6093);
#3168=SURFACE_SIDE_STYLE('',(#6094));
#3169=EDGE_LOOP('',(#6095,#6096,#6097,#6098));
#3170=AXIS2_PLACEMENT_3D('',#6099,#6100,#6101);
#3171=SURFACE_SIDE_STYLE('',(#6102));
#3172=EDGE_LOOP('',(#6103,#6104,#6105,#6106,#6107,#6108,#6109,#6110));
#3173=AXIS2_PLACEMENT_3D('',#6111,#6112,#6113);
#3174=SURFACE_SIDE_STYLE('',(#6114));
#3175=EDGE_LOOP('',(#6115,#6116,#6117,#6118));
#3176=AXIS2_PLACEMENT_3D('',#6119,#6120,#6121);
#3177=SURFACE_SIDE_STYLE('',(#6122));
#3178=EDGE_LOOP('',(#6123,#6124,#6125,#6126));
#3179=AXIS2_PLACEMENT_3D('',#6127,#6128,#6129);
#3180=SURFACE_SIDE_STYLE('',(#6130));
#3181=EDGE_LOOP('',(#6131,#6132,#6133,#6134));
#3182=AXIS2_PLACEMENT_3D('',#6135,#6136,#6137);
#3183=SURFACE_SIDE_STYLE('',(#6138));
#3184=EDGE_LOOP('',(#6139,#6140,#6141,#6142));
#3185=AXIS2_PLACEMENT_3D('',#6143,#6144,#6145);
#3186=SURFACE_SIDE_STYLE('',(#6146));
#3187=EDGE_LOOP('',(#6147,#6148,#6149,#6150));
#3188=AXIS2_PLACEMENT_3D('',#6151,#6152,#6153);
#3189=SURFACE_SIDE_STYLE('',(#6154));
#3190=EDGE_LOOP('',(#6155,#6156,#6157,#6158));
#3191=AXIS2_PLACEMENT_3D('',#6159,#6160,#6161);
#3192=SURFACE_SIDE_STYLE('',(#6162));
#3193=EDGE_LOOP('',(#6163,#6164,#6165,#6166));
#3194=AXIS2_PLACEMENT_3D('',#6167,#6168,#6169);
#3195=SURFACE_SIDE_STYLE('',(#6170));
#3196=EDGE_LOOP('',(#6171,#6172,#6173,#6174));
#3197=AXIS2_PLACEMENT_3D('',#6175,#6176,#6177);
#3198=SURFACE_SIDE_STYLE('',(#6178));
#3199=EDGE_LOOP('',(#6179,#6180,#6181,#6182));
#3200=AXIS2_PLACEMENT_3D('',#6183,#6184,#6185);
#3201=SURFACE_SIDE_STYLE('',(#6186));
#3202=EDGE_LOOP('',(#6187,#6188,#6189,#6190));
#3203=AXIS2_PLACEMENT_3D('',#6191,#6192,#6193);
#3204=SURFACE_SIDE_STYLE('',(#6194));
#3205=EDGE_LOOP('',(#6195,#6196,#6197,#6198));
#3206=AXIS2_PLACEMENT_3D('',#6199,#6200,#6201);
#3207=SURFACE_SIDE_STYLE('',(#6202));
#3208=EDGE_LOOP('',(#6203,#6204,#6205,#6206));
#3209=EDGE_LOOP('',(#6207,#6208,#6209,#6210,#6211,#6212,#6213,#6214));
#3210=EDGE_LOOP('',(#6215));
#3211=EDGE_LOOP('',(#6216,#6217,#6218,#6219));
#3212=EDGE_LOOP('',(#6220,#6221,#6222,#6223));
#3213=EDGE_LOOP('',(#6224,#6225,#6226,#6227));
#3214=EDGE_LOOP('',(#6228,#6229,#6230,#6231));
#3215=EDGE_LOOP('',(#6232,#6233,#6234,#6235));
#3216=EDGE_LOOP('',(#6236,#6237,#6238,#6239));
#3217=AXIS2_PLACEMENT_3D('',#6240,#6241,#6242);
#3218=SURFACE_SIDE_STYLE('',(#6243));
#3219=EDGE_LOOP('',(#6244,#6245,#6246,#6247));
#3220=EDGE_LOOP('',(#6248,#6249,#6250,#6251,#6252,#6253,#6254,#6255,#6256,#6257,#6258,#6259));
#3221=AXIS2_PLACEMENT_3D('',#6260,#6261,#6262);
#3222=SURFACE_SIDE_STYLE('',(#6263));
#3223=EDGE_LOOP('',(#6264,#6265,#6266,#6267));
#3224=AXIS2_PLACEMENT_3D('',#6268,#6269,#6270);
#3225=SURFACE_SIDE_STYLE('',(#6271));
#3226=EDGE_LOOP('',(#6272,#6273,#6274,#6275));
#3227=AXIS2_PLACEMENT_3D('',#6276,#6277,#6278);
#3228=SURFACE_SIDE_STYLE('',(#6279));
#3229=EDGE_LOOP('',(#6280,#6281,#6282,#6283));
#3230=AXIS2_PLACEMENT_3D('',#6284,#6285,#6286);
#3231=SURFACE_SIDE_STYLE('',(#6287));
#3232=EDGE_LOOP('',(#6288,#6289,#6290,#6291));
#3233=AXIS2_PLACEMENT_3D('',#6292,#6293,#6294);
#3234=SURFACE_SIDE_STYLE('',(#6295));
#3235=EDGE_LOOP('',(#6296,#6297,#6298,#6299));
#3236=AXIS2_PLACEMENT_3D('',#6300,#6301,#6302);
#3237=SURFACE_SIDE_STYLE('',(#6303));
#3238=EDGE_LOOP('',(#6304,#6305,#6306,#6307));
#3239=AXIS2_PLACEMENT_3D('',#6308,#6309,#6310);
#3240=SURFACE_SIDE_STYLE('',(#6311));
#3241=EDGE_LOOP('',(#6312));
#3242=AXIS2_PLACEMENT_3D('',#6313,#6314,#6315);
#3243=SURFACE_SIDE_STYLE('',(#6316));
#3244=EDGE_LOOP('',(#6317,#6318,#6319,#6320,#6321,#6322,#6323,#6324,#6325,#6326,#6327,#6328,#6329,#6330,#6331,#6332,#6333,#6334,#6335,#6336));
#3245=AXIS2_PLACEMENT_3D('',#6337,#6338,#6339);
#3246=SURFACE_SIDE_STYLE('',(#6340));
#3247=EDGE_LOOP('',(#6341,#6342,#6343,#6344,#6345,#6346,#6347,#6348,#6349,#6350,#6351,#6352,#6353,#6354,#6355,#6356,#6357,#6358,#6359,#6360));
#3248=EDGE_LOOP('',(#6361,#6362,#6363,#6364,#6365,#6366,#6367,#6368));
#3249=AXIS2_PLACEMENT_3D('',#6369,#6370,#6371);
#3250=SURFACE_SIDE_STYLE('',(#6372));
#3251=EDGE_LOOP('',(#6373,#6374,#6375,#6376));
#3252=AXIS2_PLACEMENT_3D('',#6377,#6378,#6379);
#3253=SURFACE_SIDE_STYLE('',(#6380));
#3254=EDGE_LOOP('',(#6381,#6382,#6383,#6384));
#3255=AXIS2_PLACEMENT_3D('',#6385,#6386,#6387);
#3256=SURFACE_SIDE_STYLE('',(#6388));
#3257=EDGE_LOOP('',(#6389,#6390,#6391,#6392));
#3258=AXIS2_PLACEMENT_3D('',#6393,#6394,#6395);
#3259=SURFACE_SIDE_STYLE('',(#6396));
#3260=EDGE_LOOP('',(#6397,#6398,#6399,#6400));
#3261=AXIS2_PLACEMENT_3D('',#6401,#6402,#6403);
#3262=SURFACE_SIDE_STYLE('',(#6404));
#3263=EDGE_LOOP('',(#6405,#6406,#6407,#6408));
#3264=AXIS2_PLACEMENT_3D('',#6409,#6410,#6411);
#3265=SURFACE_SIDE_STYLE('',(#6412));
#3266=EDGE_LOOP('',(#6413,#6414,#6415,#6416));
#3267=AXIS2_PLACEMENT_3D('',#6417,#6418,#6419);
#3268=SURFACE_SIDE_STYLE('',(#6420));
#3269=EDGE_LOOP('',(#6421,#6422,#6423,#6424,#6425,#6426,#6427,#6428));
#3270=AXIS2_PLACEMENT_3D('',#6429,#6430,#6431);
#3271=SURFACE_SIDE_STYLE('',(#6432));
#3272=EDGE_LOOP('',(#6433));
#3273=AXIS2_PLACEMENT_3D('',#6434,#6435,#6436);
#3274=SURFACE_SIDE_STYLE('',(#6437));
#3275=EDGE_LOOP('',(#6438,#6439,#6440,#6441));
#3276=AXIS2_PLACEMENT_3D('',#6442,#6443,#6444);
#3277=SURFACE_SIDE_STYLE('',(#6445));
#3278=EDGE_LOOP('',(#6446,#6447,#6448,#6449));
#3279=AXIS2_PLACEMENT_3D('',#6450,#6451,#6452);
#3280=SURFACE_SIDE_STYLE('',(#6453));
#3281=EDGE_LOOP('',(#6454,#6455,#6456,#6457));
#3282=AXIS2_PLACEMENT_3D('',#6458,#6459,#6460);
#3283=SURFACE_SIDE_STYLE('',(#6461));
#3284=EDGE_LOOP('',(#6462,#6463,#6464,#6465));
#3285=AXIS2_PLACEMENT_3D('',#6466,#6467,#6468);
#3286=SURFACE_SIDE_STYLE('',(#6469));
#3287=EDGE_LOOP('',(#6470,#6471,#6472,#6473));
#3288=AXIS2_PLACEMENT_3D('',#6474,#6475,#6476);
#3289=SURFACE_SIDE_STYLE('',(#6477));
#3290=EDGE_LOOP('',(#6478,#6479,#6480,#6481));
#3291=AXIS2_PLACEMENT_3D('',#6482,#6483,#6484);
#3292=SURFACE_SIDE_STYLE('',(#6485));
#3293=EDGE_LOOP('',(#6486,#6487,#6488,#6489));
#3294=AXIS2_PLACEMENT_3D('',#6490,#6491,#6492);
#3295=SURFACE_SIDE_STYLE('',(#6493));
#3296=EDGE_LOOP('',(#6494));
#3297=EDGE_LOOP('',(#6495));
#3298=AXIS2_PLACEMENT_3D('',#6496,#6497,#6498);
#3299=SURFACE_SIDE_STYLE('',(#6499));
#3300=EDGE_LOOP('',(#6500,#6501,#6502,#6503));
#3301=AXIS2_PLACEMENT_3D('',#6504,#6505,#6506);
#3302=SURFACE_SIDE_STYLE('',(#6507));
#3303=EDGE_LOOP('',(#6508,#6509,#6510,#6511));
#3304=AXIS2_PLACEMENT_3D('',#6512,#6513,#6514);
#3305=SURFACE_SIDE_STYLE('',(#6515));
#3306=EDGE_LOOP('',(#6516,#6517,#6518,#6519));
#3307=AXIS2_PLACEMENT_3D('',#6520,#6521,#6522);
#3308=SURFACE_SIDE_STYLE('',(#6523));
#3309=EDGE_LOOP('',(#6524));
#3310=EDGE_LOOP('',(#6525));
#3311=AXIS2_PLACEMENT_3D('',#6526,#6527,#6528);
#3312=SURFACE_SIDE_STYLE('',(#6529));
#3313=EDGE_LOOP('',(#6530,#6531,#6532,#6533));
#3314=AXIS2_PLACEMENT_3D('',#6534,#6535,#6536);
#3315=SURFACE_SIDE_STYLE('',(#6537));
#3316=EDGE_LOOP('',(#6538,#6539,#6540,#6541));
#3317=AXIS2_PLACEMENT_3D('',#6542,#6543,#6544);
#3318=SURFACE_SIDE_STYLE('',(#6545));
#3319=EDGE_LOOP('',(#6546,#6547,#6548,#6549));
#3320=AXIS2_PLACEMENT_3D('',#6550,#6551,#6552);
#3321=SURFACE_SIDE_STYLE('',(#6553));
#3322=EDGE_LOOP('',(#6554,#6555,#6556,#6557));
#3323=AXIS2_PLACEMENT_3D('',#6558,#6559,#6560);
#3324=SURFACE_SIDE_STYLE('',(#6561));
#3325=EDGE_LOOP('',(#6562,#6563,#6564,#6565));
#3326=AXIS2_PLACEMENT_3D('',#6566,#6567,#6568);
#3327=SURFACE_SIDE_STYLE('',(#6569));
#3328=EDGE_LOOP('',(#6570,#6571,#6572,#6573,#6574,#6575,#6576,#6577));
#3329=EDGE_LOOP('',(#6578));
#3330=EDGE_LOOP('',(#6579,#6580,#6581,#6582));
#3331=EDGE_LOOP('',(#6583,#6584,#6585,#6586));
#3332=EDGE_LOOP('',(#6587,#6588,#6589,#6590));
#3333=EDGE_LOOP('',(#6591,#6592,#6593,#6594));
#3334=EDGE_LOOP('',(#6595,#6596,#6597,#6598));
#3335=EDGE_LOOP('',(#6599,#6600,#6601,#6602));
#3336=AXIS2_PLACEMENT_3D('',#6603,#6604,#6605);
#3337=SURFACE_SIDE_STYLE('',(#6606));
#3338=EDGE_LOOP('',(#6607,#6608,#6609,#6610,#6611));
#3339=AXIS2_PLACEMENT_3D('',#6612,#6613,#6614);
#3340=SURFACE_SIDE_STYLE('',(#6615));
#3341=EDGE_LOOP('',(#6616));
#3342=EDGE_LOOP('',(#6617));
#3343=EDGE_LOOP('',(#6618));
#3344=EDGE_LOOP('',(#6619));
#3345=EDGE_LOOP('',(#6620,#6621,#6622,#6623));
#3346=EDGE_LOOP('',(#6624,#6625,#6626,#6627,#6628,#6629,#6630,#6631));
#3347=AXIS2_PLACEMENT_3D('',#6632,#6633,#6634);
#3348=SURFACE_SIDE_STYLE('',(#6635));
#3349=EDGE_LOOP('',(#6636));
#3350=AXIS2_PLACEMENT_3D('',#6637,#6638,#6639);
#3351=SURFACE_SIDE_STYLE('',(#6640));
#3352=EDGE_LOOP('',(#6641));
#3353=AXIS2_PLACEMENT_3D('',#6642,#6643,#6644);
#3354=SURFACE_SIDE_STYLE('',(#6645));
#3355=EDGE_LOOP('',(#6646));
#3356=AXIS2_PLACEMENT_3D('',#6647,#6648,#6649);
#3357=SURFACE_SIDE_STYLE('',(#6650));
#3358=EDGE_LOOP('',(#6651));
#3359=AXIS2_PLACEMENT_3D('',#6652,#6653,#6654);
#3360=SURFACE_SIDE_STYLE('',(#6655));
#3361=EDGE_LOOP('',(#6656,#6657,#6658,#6659,#6660,#6661,#6662,#6663,#6664,#6665,#6666,#6667));
#3362=EDGE_LOOP('',(#6668,#6669,#6670,#6671,#6672,#6673,#6674,#6675));
#3363=AXIS2_PLACEMENT_3D('',#6676,#6677,#6678);
#3364=SURFACE_SIDE_STYLE('',(#6679));
#3365=EDGE_LOOP('',(#6680,#6681,#6682,#6683));
#3366=AXIS2_PLACEMENT_3D('',#6684,#6685,#6686);
#3367=SURFACE_SIDE_STYLE('',(#6687));
#3368=EDGE_LOOP('',(#6688,#6689,#6690,#6691));
#3369=AXIS2_PLACEMENT_3D('',#6692,#6693,#6694);
#3370=SURFACE_SIDE_STYLE('',(#6695));
#3371=EDGE_LOOP('',(#6696,#6697,#6698,#6699));
#3372=AXIS2_PLACEMENT_3D('',#6700,#6701,#6702);
#3373=SURFACE_SIDE_STYLE('',(#6703));
#3374=EDGE_LOOP('',(#6704,#6705,#6706,#6707));
#3375=AXIS2_PLACEMENT_3D('',#6708,#6709,#6710);
#3376=SURFACE_SIDE_STYLE('',(#6711));
#3377=EDGE_LOOP('',(#6712,#6713,#6714,#6715));
#3378=AXIS2_PLACEMENT_3D('',#6716,#6717,#6718);
#3379=SURFACE_SIDE_STYLE('',(#6719));
#3380=EDGE_LOOP('',(#6720,#6721,#6722,#6723));
#3381=AXIS2_PLACEMENT_3D('',#6724,#6725,#6726);
#3382=SURFACE_SIDE_STYLE('',(#6727));
#3383=EDGE_LOOP('',(#6728,#6729,#6730,#6731));
#3384=AXIS2_PLACEMENT_3D('',#6732,#6733,#6734);
#3385=SURFACE_SIDE_STYLE('',(#6735));
#3386=EDGE_LOOP('',(#6736,#6737,#6738,#6739,#6740,#6741));
#3387=AXIS2_PLACEMENT_3D('',#6742,#6743,#6744);
#3388=SURFACE_SIDE_STYLE('',(#6745));
#3389=EDGE_LOOP('',(#6746,#6747,#6748,#6749,#6750,#6751,#6752,#6753));
#3390=AXIS2_PLACEMENT_3D('',#6754,#6755,#6756);
#3391=SURFACE_SIDE_STYLE('',(#6757));
#3392=EDGE_LOOP('',(#6758));
#3393=EDGE_LOOP('',(#6759));
#3394=EDGE_LOOP('',(#6760,#6761,#6762,#6763,#6764,#6765,#6766,#6767));
#3395=AXIS2_PLACEMENT_3D('',#6768,#6769,#6770);
#3396=SURFACE_SIDE_STYLE('',(#6771));
#3397=EDGE_LOOP('',(#6772,#6773,#6774,#6775,#6776,#6777,#6778,#6779));
#3398=EDGE_LOOP('',(#6780,#6781,#6782,#6783,#6784,#6785,#6786,#6787));
#3399=AXIS2_PLACEMENT_3D('',#6788,#6789,#6790);
#3400=SURFACE_SIDE_STYLE('',(#6791));
#3401=EDGE_LOOP('',(#6792));
#3402=AXIS2_PLACEMENT_3D('',#6793,#6794,#6795);
#3403=SURFACE_SIDE_STYLE('',(#6796));
#3404=EDGE_LOOP('',(#6797,#6798,#6799,#6800));
#3405=AXIS2_PLACEMENT_3D('',#6801,#6802,#6803);
#3406=SURFACE_SIDE_STYLE('',(#6804));
#3407=EDGE_LOOP('',(#6805));
#3408=EDGE_LOOP('',(#6806));
#3409=AXIS2_PLACEMENT_3D('',#6807,#6808,#6809);
#3410=SURFACE_SIDE_STYLE('',(#6810));
#3411=EDGE_LOOP('',(#6811));
#3412=AXIS2_PLACEMENT_3D('',#6812,#6813,#6814);
#3413=SURFACE_SIDE_STYLE('',(#6815));
#3414=EDGE_LOOP('',(#6816));
#3415=EDGE_LOOP('',(#6817));
#3416=AXIS2_PLACEMENT_3D('',#6818,#6819,#6820);
#3417=SURFACE_SIDE_STYLE('',(#6821));
#3418=EDGE_LOOP('',(#6822,#6823,#6824,#6825));
#3419=AXIS2_PLACEMENT_3D('',#6826,#6827,#6828);
#3420=SURFACE_SIDE_STYLE('',(#6829));
#3421=EDGE_LOOP('',(#6830,#6831,#6832,#6833));
#3422=AXIS2_PLACEMENT_3D('',#6834,#6835,#6836);
#3423=SURFACE_SIDE_STYLE('',(#6837));
#3424=EDGE_LOOP('',(#6838,#6839,#6840,#6841));
#3425=AXIS2_PLACEMENT_3D('',#6842,#6843,#6844);
#3426=SURFACE_SIDE_STYLE('',(#6845));
#3427=EDGE_LOOP('',(#6846,#6847,#6848,#6849));
#3428=AXIS2_PLACEMENT_3D('',#6850,#6851,#6852);
#3429=SURFACE_SIDE_STYLE('',(#6853));
#3430=EDGE_LOOP('',(#6854,#6855,#6856,#6857));
#3431=AXIS2_PLACEMENT_3D('',#6858,#6859,#6860);
#3432=SURFACE_SIDE_STYLE('',(#6861));
#3433=EDGE_LOOP('',(#6862,#6863,#6864,#6865));
#3434=AXIS2_PLACEMENT_3D('',#6866,#6867,#6868);
#3435=SURFACE_SIDE_STYLE('',(#6869));
#3436=EDGE_LOOP('',(#6870,#6871,#6872,#6873));
#3437=AXIS2_PLACEMENT_3D('',#6874,#6875,#6876);
#3438=SURFACE_SIDE_STYLE('',(#6877));
#3439=EDGE_LOOP('',(#6878,#6879,#6880,#6881));
#3440=AXIS2_PLACEMENT_3D('',#6882,#6883,#6884);
#3441=SURFACE_SIDE_STYLE('',(#6885));
#3442=EDGE_LOOP('',(#6886,#6887,#6888,#6889));
#3443=AXIS2_PLACEMENT_3D('',#6890,#6891,#6892);
#3444=SURFACE_SIDE_STYLE('',(#6893));
#3445=EDGE_LOOP('',(#6894,#6895,#6896,#6897));
#3446=AXIS2_PLACEMENT_3D('',#6898,#6899,#6900);
#3447=SURFACE_SIDE_STYLE('',(#6901));
#3448=EDGE_LOOP('',(#6902,#6903,#6904,#6905));
#3449=AXIS2_PLACEMENT_3D('',#6906,#6907,#6908);
#3450=SURFACE_SIDE_STYLE('',(#6909));
#3451=EDGE_LOOP('',(#6910,#6911,#6912,#6913));
#3452=AXIS2_PLACEMENT_3D('',#6914,#6915,#6916);
#3453=SURFACE_SIDE_STYLE('',(#6917));
#3454=EDGE_LOOP('',(#6918,#6919,#6920,#6921));
#3455=AXIS2_PLACEMENT_3D('',#6922,#6923,#6924);
#3456=SURFACE_SIDE_STYLE('',(#6925));
#3457=EDGE_LOOP('',(#6926,#6927,#6928,#6929));
#3458=AXIS2_PLACEMENT_3D('',#6930,#6931,#6932);
#3459=SURFACE_SIDE_STYLE('',(#6933));
#3460=EDGE_LOOP('',(#6934,#6935,#6936,#6937));
#3461=AXIS2_PLACEMENT_3D('',#6938,#6939,#6940);
#3462=SURFACE_SIDE_STYLE('',(#6941));
#3463=EDGE_LOOP('',(#6942,#6943,#6944,#6945));
#3464=AXIS2_PLACEMENT_3D('',#6946,#6947,#6948);
#3465=SURFACE_SIDE_STYLE('',(#6949));
#3466=EDGE_LOOP('',(#6950,#6951,#6952,#6953,#6954,#6955,#6956,#6957));
#3467=EDGE_LOOP('',(#6958,#6959,#6960,#6961,#6962,#6963,#6964,#6965));
#3468=AXIS2_PLACEMENT_3D('',#6966,#6967,#6968);
#3469=SURFACE_SIDE_STYLE('',(#6969));
#3470=EDGE_LOOP('',(#6970,#6971,#6972,#6973));
#3471=AXIS2_PLACEMENT_3D('',#6974,#6975,#6976);
#3472=SURFACE_SIDE_STYLE('',(#6977));
#3473=EDGE_LOOP('',(#6978,#6979,#6980,#6981));
#3474=AXIS2_PLACEMENT_3D('',#6982,#6983,#6984);
#3475=SURFACE_SIDE_STYLE('',(#6985));
#3476=EDGE_LOOP('',(#6986,#6987,#6988,#6989));
#3477=AXIS2_PLACEMENT_3D('',#6990,#6991,#6992);
#3478=SURFACE_SIDE_STYLE('',(#6993));
#3479=EDGE_LOOP('',(#6994,#6995,#6996,#6997));
#3480=AXIS2_PLACEMENT_3D('',#6998,#6999,#7000);
#3481=SURFACE_SIDE_STYLE('',(#7001));
#3482=EDGE_LOOP('',(#7002,#7003,#7004,#7005));
#3483=AXIS2_PLACEMENT_3D('',#7006,#7007,#7008);
#3484=SURFACE_SIDE_STYLE('',(#7009));
#3485=EDGE_LOOP('',(#7010,#7011,#7012,#7013));
#3486=AXIS2_PLACEMENT_3D('',#7014,#7015,#7016);
#3487=SURFACE_SIDE_STYLE('',(#7017));
#3488=EDGE_LOOP('',(#7018,#7019,#7020,#7021));
#3489=AXIS2_PLACEMENT_3D('',#7022,#7023,#7024);
#3490=SURFACE_SIDE_STYLE('',(#7025));
#3491=EDGE_LOOP('',(#7026,#7027,#7028,#7029,#7030,#7031,#7032,#7033,#7034,#7035,#7036,#7037,#7038,#7039,#7040,#7041));
#3492=AXIS2_PLACEMENT_3D('',#7042,#7043,#7044);
#3493=SURFACE_SIDE_STYLE('',(#7045));
#3494=EDGE_LOOP('',(#7046,#7047,#7048,#7049));
#3495=AXIS2_PLACEMENT_3D('',#7050,#7051,#7052);
#3496=SURFACE_SIDE_STYLE('',(#7053));
#3497=EDGE_LOOP('',(#7054,#7055,#7056,#7057));
#3498=AXIS2_PLACEMENT_3D('',#7058,#7059,#7060);
#3499=SURFACE_SIDE_STYLE('',(#7061));
#3500=EDGE_LOOP('',(#7062,#7063,#7064,#7065));
#3501=AXIS2_PLACEMENT_3D('',#7066,#7067,#7068);
#3502=SURFACE_SIDE_STYLE('',(#7069));
#3503=EDGE_LOOP('',(#7070,#7071,#7072,#7073));
#3504=AXIS2_PLACEMENT_3D('',#7074,#7075,#7076);
#3505=SURFACE_SIDE_STYLE('',(#7077));
#3506=EDGE_LOOP('',(#7078,#7079,#7080,#7081));
#3507=AXIS2_PLACEMENT_3D('',#7082,#7083,#7084);
#3508=SURFACE_SIDE_STYLE('',(#7085));
#3509=EDGE_LOOP('',(#7086,#7087,#7088,#7089,#7090,#7091));
#3510=AXIS2_PLACEMENT_3D('',#7092,#7093,#7094);
#3511=SURFACE_SIDE_STYLE('',(#7095));
#3512=EDGE_LOOP('',(#7096,#7097,#7098,#7099));
#3513=AXIS2_PLACEMENT_3D('',#7100,#7101,#7102);
#3514=SURFACE_SIDE_STYLE('',(#7103));
#3515=EDGE_LOOP('',(#7104,#7105,#7106,#7107));
#3516=AXIS2_PLACEMENT_3D('',#7108,#7109,#7110);
#3517=SURFACE_SIDE_STYLE('',(#7111));
#3518=EDGE_LOOP('',(#7112,#7113,#7114,#7115));
#3519=AXIS2_PLACEMENT_3D('',#7116,#7117,#7118);
#3520=SURFACE_SIDE_STYLE('',(#7119));
#3521=EDGE_LOOP('',(#7120,#7121,#7122,#7123));
#3522=AXIS2_PLACEMENT_3D('',#7124,#7125,#7126);
#3523=SURFACE_SIDE_STYLE('',(#7127));
#3524=EDGE_LOOP('',(#7128,#7129,#7130,#7131));
#3525=CARTESIAN_POINT('',(-0.0125279059492836,-0.0143566954970287,-0.0490742392359506));
#3526=CARTESIAN_POINT('',(-0.0125279059492836,-0.0143566954970287,-0.0476742392359506));
#3527=CARTESIAN_POINT('',(-0.0125279059492836,-0.0143566954970287,-0.0470742392359505));
#3528=CARTESIAN_POINT('',(-0.0141945038263104,-0.0126900976200019,-0.0490742392359506));
#3529=CARTESIAN_POINT('',(-0.0141945038263104,-0.0126900976200019,-0.0476742392359506));
#3530=CARTESIAN_POINT('',(-0.0141945038263104,-0.0126900976200019,-0.0470742392359504));
#3531=CARTESIAN_POINT('',(-0.0155280250195931,-0.010694378160827,-0.0490742392359505));
#3532=CARTESIAN_POINT('',(-0.0155280250195931,-0.010694378160827,-0.0476742392359505));
#3533=CARTESIAN_POINT('',(-0.0155280250195931,-0.010694378160827,-0.0470742392359504));
#3534=CARTESIAN_POINT('',(-0.0173316059941812,-0.00633977211264468,-0.0490742392359505));
#3535=CARTESIAN_POINT('',(-0.0173316059941812,-0.00633977211264468,-0.0476742392359505));
#3536=CARTESIAN_POINT('',(-0.0173316059941812,-0.00633977211264468,-0.0470742392359504));
#3537=CARTESIAN_POINT('',(-0.0178000559250114,-0.00398543916032594,-0.0490742392359505));
#3538=CARTESIAN_POINT('',(-0.0178000559250114,-0.00398543916032594,-0.0476742392359505));
#3539=CARTESIAN_POINT('',(-0.0178000559250114,-0.00398543916032595,-0.0470742392359504));
#3540=CARTESIAN_POINT('',(-0.017799911850827,0.000727892716365905,-0.0490742392359505));
#3541=CARTESIAN_POINT('',(-0.017799911850827,0.0007278927163659,-0.0476742392359505));
#3542=CARTESIAN_POINT('',(-0.017799911850827,0.000727892716365898,-0.0470742392359504));
#3543=CARTESIAN_POINT('',(-0.0173317389644553,0.00308228071740842,-0.0490742392359505));
#3544=CARTESIAN_POINT('',(-0.0173317389644553,0.00308228071740842,-0.0476742392359505));
#3545=CARTESIAN_POINT('',(-0.0173317389644553,0.00308228071740842,-0.0470742392359504));
#3546=CARTESIAN_POINT('',(-0.0155278916980155,0.00743677666145617,-0.0490742392359505));
#3547=CARTESIAN_POINT('',(-0.0155278916980155,0.00743677666145617,-0.0476742392359505));
#3548=CARTESIAN_POINT('',(-0.0155278916980155,0.00743677666145617,-0.0470742392359504));
#3549=CARTESIAN_POINT('',(-0.0141945633236889,0.00943249125128174,-0.0490742392359505));
#3550=CARTESIAN_POINT('',(-0.0141945633236889,0.00943249125128174,-0.0476742392359505));
#3551=CARTESIAN_POINT('',(-0.0141945633236889,0.00943249125128173,-0.0470742392359504));
#3552=CARTESIAN_POINT('',(-0.0125279059492835,0.0110991486256871,-0.0490742392359505));
#3553=CARTESIAN_POINT('',(-0.0125279059492835,0.0110991486256871,-0.0476742392359505));
#3554=CARTESIAN_POINT('',(-0.0125279059492835,0.0110991486256871,-0.0470742392359504));
#3555=SURFACE_SIDE_STYLE('',(#7132));
#3556=EDGE_LOOP('',(#7133,#7134,#7135,#7136));
#3557=CARTESIAN_POINT('',(-0.0125279059492835,0.0110991486256871,-0.0490742392359505));
#3558=CARTESIAN_POINT('',(-0.0125279059492835,0.0110991486256871,-0.0476742392359505));
#3559=CARTESIAN_POINT('',(-0.0125279059492835,0.0110991486256871,-0.0470742392359504));
#3560=CARTESIAN_POINT('',(-0.0123422472394716,0.011284807335499,-0.0490742392359505));
#3561=CARTESIAN_POINT('',(-0.0123422472394716,0.011284807335499,-0.0476742392359505));
#3562=CARTESIAN_POINT('',(-0.0123422472394716,0.011284807335499,-0.0470742392359504));
#3563=CARTESIAN_POINT('',(-0.0122348686825887,0.0115442618978307,-0.0490742392359505));
#3564=CARTESIAN_POINT('',(-0.0122348686825887,0.0115442618978307,-0.0476742392359505));
#3565=CARTESIAN_POINT('',(-0.0122348686825887,0.0115442618978307,-0.0470742392359504));
#3566=CARTESIAN_POINT('',(-0.0122351567781539,0.0120682485565989,-0.0490742392359505));
#3567=CARTESIAN_POINT('',(-0.0122351567781539,0.0120682485565989,-0.0476742392359505));
#3568=CARTESIAN_POINT('',(-0.0122351567781539,0.0120682485565989,-0.0470742392359504));
#3569=CARTESIAN_POINT('',(-0.0123425465722299,0.0123282064659005,-0.0490742392359505));
#3570=CARTESIAN_POINT('',(-0.0123425465722299,0.0123282064659005,-0.0476742392359505));
#3571=CARTESIAN_POINT('',(-0.0123425465722299,0.0123282064659005,-0.0470742392359504));
#3572=CARTESIAN_POINT('',(-0.0127132648509457,0.0126985174353509,-0.0490742392359505));
#3573=CARTESIAN_POINT('',(-0.0127132648509457,0.0126985174353509,-0.0476742392359505));
#3574=CARTESIAN_POINT('',(-0.0127132648509457,0.0126985174353509,-0.0470742392359504));
#3575=CARTESIAN_POINT('',(-0.0129730189403155,0.0128063993745576,-0.0490742392359505));
#3576=CARTESIAN_POINT('',(-0.0129730189403155,0.0128063993745576,-0.0476742392359505));
#3577=CARTESIAN_POINT('',(-0.0129730189403155,0.0128063993745576,-0.0470742392359504));
#3578=CARTESIAN_POINT('',(-0.0134970055667842,0.012806111439714,-0.0490742392359505));
#3579=CARTESIAN_POINT('',(-0.0134970055667842,0.012806111439714,-0.0476742392359505));
#3580=CARTESIAN_POINT('',(-0.0134970055667842,0.012806111439714,-0.0470742392359504));
#3581=CARTESIAN_POINT('',(-0.0137563335523881,0.0126991481473287,-0.0490742392359505));
#3582=CARTESIAN_POINT('',(-0.0137563335523881,0.0126991481473287,-0.0476742392359505));
#3583=CARTESIAN_POINT('',(-0.0137563335523881,0.0126991481473287,-0.0470742392359504));
#3584=CARTESIAN_POINT('',(-0.0139421195116566,0.0125133621880602,-0.0490742392359505));
#3585=CARTESIAN_POINT('',(-0.0139421195116566,0.0125133621880602,-0.0476742392359505));
#3586=CARTESIAN_POINT('',(-0.0139421195116566,0.0125133621880602,-0.0470742392359504));
#3587=SURFACE_SIDE_STYLE('',(#7137));
#3588=EDGE_LOOP('',(#7138,#7139,#7140,#7141));
#3589=CARTESIAN_POINT('',(-0.0139421195116566,0.0125133621880602,-0.0490742392359505));
#3590=CARTESIAN_POINT('',(-0.0139421195116566,0.0125133621880602,-0.0476742392359505));
#3591=CARTESIAN_POINT('',(-0.0139421195116566,0.0125133621880602,-0.0470742392359504));
#3592=CARTESIAN_POINT('',(-0.0157938967461991,0.0106615849535177,-0.0490742392359505));
#3593=CARTESIAN_POINT('',(-0.0157938967461991,0.0106615849535177,-0.0476742392359505));
#3594=CARTESIAN_POINT('',(-0.0157938967461991,0.0106615849535177,-0.0470742392359504));
#3595=CARTESIAN_POINT('',(-0.0172755775859371,0.00844411802704985,-0.0490742392359505));
#3596=CARTESIAN_POINT('',(-0.0172755775859371,0.00844411802704985,-0.0476742392359505));
#3597=CARTESIAN_POINT('',(-0.0172755775859371,0.00844411802704985,-0.0470742392359504));
#3598=CARTESIAN_POINT('',(-0.0192795715233765,0.00360567231651109,-0.0490742392359505));
#3599=CARTESIAN_POINT('',(-0.0192795715233765,0.00360567231651108,-0.0476742392359505));
#3600=CARTESIAN_POINT('',(-0.0192795715233765,0.00360567231651108,-0.0470742392359504));
#3601=CARTESIAN_POINT('',(-0.0198000559132019,0.000989744521752722,-0.0490742392359505));
#3602=CARTESIAN_POINT('',(-0.0198000559132019,0.000989744521752717,-0.0476742392359505));
#3603=CARTESIAN_POINT('',(-0.0198000559132019,0.000989744521752715,-0.0470742392359504));
#3604=CARTESIAN_POINT('',(-0.0197999118626428,-0.00424729163895759,-0.0490742392359505));
#3605=CARTESIAN_POINT('',(-0.0197999118626428,-0.00424729163895759,-0.0476742392359505));
#3606=CARTESIAN_POINT('',(-0.0197999118626428,-0.0042472916389576,-0.0470742392359504));
#3607=CARTESIAN_POINT('',(-0.0192797045414618,-0.00686327448457133,-0.0490742392359505));
#3608=CARTESIAN_POINT('',(-0.0192797045414618,-0.00686327448457134,-0.0476742392359505));
#3609=CARTESIAN_POINT('',(-0.0192797045414618,-0.00686327448457134,-0.0470742392359504));
#3610=CARTESIAN_POINT('',(-0.0172754443604546,-0.0117016101023475,-0.0490742392359505));
#3611=CARTESIAN_POINT('',(-0.0172754443604546,-0.0117016101023475,-0.0476742392359505));
#3612=CARTESIAN_POINT('',(-0.0172754443604546,-0.0117016101023475,-0.0470742392359504));
#3613=CARTESIAN_POINT('',(-0.0157939362932889,-0.0139190922777695,-0.0490742392359506));
#3614=CARTESIAN_POINT('',(-0.0157939362932889,-0.0139190922777696,-0.0476742392359506));
#3615=CARTESIAN_POINT('',(-0.0157939362932889,-0.0139190922777696,-0.0470742392359504));
#3616=CARTESIAN_POINT('',(-0.0139421195116567,-0.0157709090594018,-0.0490742392359506));
#3617=CARTESIAN_POINT('',(-0.0139421195116567,-0.0157709090594018,-0.0476742392359506));
#3618=CARTESIAN_POINT('',(-0.0139421195116567,-0.0157709090594018,-0.0470742392359505));
#3619=SURFACE_SIDE_STYLE('',(#7142));
#3620=EDGE_LOOP('',(#7143,#7144,#7145,#7146));
#3621=CARTESIAN_POINT('',(-0.0139421195116567,-0.0157709090594018,-0.0490742392359506));
#3622=CARTESIAN_POINT('',(-0.0139421195116567,-0.0157709090594018,-0.0476742392359506));
#3623=CARTESIAN_POINT('',(-0.0139421195116567,-0.0157709090594018,-0.0470742392359505));
#3624=CARTESIAN_POINT('',(-0.0137564608018459,-0.0159565677692125,-0.0490742392359506));
#3625=CARTESIAN_POINT('',(-0.0137564608018459,-0.0159565677692125,-0.0476742392359506));
#3626=CARTESIAN_POINT('',(-0.0137564608018459,-0.0159565677692125,-0.0470742392359505));
#3627=CARTESIAN_POINT('',(-0.0134970062395099,-0.0160639463260966,-0.0490742392359506));
#3628=CARTESIAN_POINT('',(-0.0134970062395099,-0.0160639463260966,-0.0476742392359506));
#3629=CARTESIAN_POINT('',(-0.0134970062395099,-0.0160639463260966,-0.0470742392359505));
#3630=CARTESIAN_POINT('',(-0.0129730195807481,-0.0160636582305314,-0.0490742392359506));
#3631=CARTESIAN_POINT('',(-0.012973019580748,-0.0160636582305314,-0.0476742392359506));
#3632=CARTESIAN_POINT('',(-0.012973019580748,-0.0160636582305314,-0.0470742392359505));
#3633=CARTESIAN_POINT('',(-0.0127130616714448,-0.0159562684364569,-0.0490742392359506));
#3634=CARTESIAN_POINT('',(-0.0127130616714448,-0.0159562684364569,-0.0476742392359506));
#3635=CARTESIAN_POINT('',(-0.0127130616714448,-0.0159562684364569,-0.0470742392359505));
#3636=CARTESIAN_POINT('',(-0.0123427507019913,-0.015585550157738,-0.0490742392359506));
#3637=CARTESIAN_POINT('',(-0.0123427507019913,-0.015585550157738,-0.0476742392359506));
#3638=CARTESIAN_POINT('',(-0.0123427507019913,-0.015585550157738,-0.0470742392359505));
#3639=CARTESIAN_POINT('',(-0.0122348687627862,-0.0153257960683692,-0.0490742392359506));
#3640=CARTESIAN_POINT('',(-0.0122348687627862,-0.0153257960683692,-0.0476742392359506));
#3641=CARTESIAN_POINT('',(-0.0122348687627862,-0.0153257960683692,-0.0470742392359505));
#3642=CARTESIAN_POINT('',(-0.0122351566976298,-0.0148018094419016,-0.0490742392359506));
#3643=CARTESIAN_POINT('',(-0.0122351566976298,-0.0148018094419016,-0.0476742392359506));
#3644=CARTESIAN_POINT('',(-0.0122351566976298,-0.0148018094419017,-0.0470742392359505));
#3645=CARTESIAN_POINT('',(-0.0123421199900153,-0.014542481456297,-0.0490742392359506));
#3646=CARTESIAN_POINT('',(-0.0123421199900153,-0.014542481456297,-0.0476742392359506));
#3647=CARTESIAN_POINT('',(-0.0123421199900153,-0.014542481456297,-0.0470742392359505));
#3648=CARTESIAN_POINT('',(-0.0125279059492836,-0.0143566954970287,-0.0490742392359506));
#3649=CARTESIAN_POINT('',(-0.0125279059492836,-0.0143566954970287,-0.0476742392359506));
#3650=CARTESIAN_POINT('',(-0.0125279059492836,-0.0143566954970287,-0.0470742392359505));
#3651=SURFACE_SIDE_STYLE('',(#7147));
#3652=EDGE_LOOP('',(#7148,#7149,#7150,#7151));
#3653=AXIS2_PLACEMENT_3D('',#7152,#7153,#7154);
#3654=SURFACE_SIDE_STYLE('',(#7155));
#3655=EDGE_LOOP('',(#7156,#7157,#7158,#7159));
#3656=CARTESIAN_POINT('',(0.0143421517358052,0.0125133621880601,-0.0490742392359506));
#3657=CARTESIAN_POINT('',(0.0143421517358052,0.0125133621880601,-0.0476742392359506));
#3658=CARTESIAN_POINT('',(0.0143421517358052,0.0125133621880601,-0.0470742392359504));
#3659=CARTESIAN_POINT('',(0.0141564930259937,0.0126990208978717,-0.0490742392359506));
#3660=CARTESIAN_POINT('',(0.0141564930259937,0.0126990208978717,-0.0476742392359506));
#3661=CARTESIAN_POINT('',(0.0141564930259937,0.0126990208978717,-0.0470742392359504));
#3662=CARTESIAN_POINT('',(0.0138970384636606,0.012806399454755,-0.0490742392359506));
#3663=CARTESIAN_POINT('',(0.0138970384636606,0.012806399454755,-0.0476742392359506));
#3664=CARTESIAN_POINT('',(0.0138970384636606,0.012806399454755,-0.0470742392359504));
#3665=CARTESIAN_POINT('',(0.0133730518048944,0.0128061113591898,-0.0490742392359506));
#3666=CARTESIAN_POINT('',(0.0133730518048944,0.0128061113591898,-0.0476742392359505));
#3667=CARTESIAN_POINT('',(0.0133730518048944,0.0128061113591898,-0.0470742392359504));
#3668=CARTESIAN_POINT('',(0.0131130938955938,0.0126987215651157,-0.0490742392359506));
#3669=CARTESIAN_POINT('',(0.0131130938955938,0.0126987215651157,-0.0476742392359505));
#3670=CARTESIAN_POINT('',(0.0131130938955938,0.0126987215651157,-0.0470742392359504));
#3671=CARTESIAN_POINT('',(0.0127427829261394,0.012328003286396,-0.0490742392359506));
#3672=CARTESIAN_POINT('',(0.0127427829261394,0.012328003286396,-0.0476742392359505));
#3673=CARTESIAN_POINT('',(0.0127427829261394,0.012328003286396,-0.0470742392359504));
#3674=CARTESIAN_POINT('',(0.0126349009869347,0.0120682491970265,-0.0490742392359506));
#3675=CARTESIAN_POINT('',(0.0126349009869347,0.0120682491970265,-0.0476742392359505));
#3676=CARTESIAN_POINT('',(0.0126349009869347,0.0120682491970265,-0.0470742392359504));
#3677=CARTESIAN_POINT('',(0.0126351889217783,0.011544262570561,-0.0490742392359506));
#3678=CARTESIAN_POINT('',(0.0126351889217783,0.011544262570561,-0.0476742392359506));
#3679=CARTESIAN_POINT('',(0.0126351889217783,0.011544262570561,-0.0470742392359504));
#3680=CARTESIAN_POINT('',(0.0127421522141642,0.011284934584955,-0.0490742392359506));
#3681=CARTESIAN_POINT('',(0.0127421522141642,0.011284934584955,-0.0476742392359506));
#3682=CARTESIAN_POINT('',(0.0127421522141642,0.011284934584955,-0.0470742392359504));
#3683=CARTESIAN_POINT('',(0.0129279381734321,0.011099148625687,-0.0490742392359506));
#3684=CARTESIAN_POINT('',(0.0129279381734321,0.011099148625687,-0.0476742392359506));
#3685=CARTESIAN_POINT('',(0.0129279381734321,0.011099148625687,-0.0470742392359504));
#3686=SURFACE_SIDE_STYLE('',(#7160));
#3687=EDGE_LOOP('',(#7161,#7162,#7163,#7164));
#3688=CARTESIAN_POINT('',(0.0129279381734321,-0.0143566954970287,-0.0490742392359506));
#3689=CARTESIAN_POINT('',(0.0129279381734321,-0.0143566954970287,-0.0476742392359506));
#3690=CARTESIAN_POINT('',(0.0129279381734321,-0.0143566954970287,-0.0470742392359505));
#3691=CARTESIAN_POINT('',(0.0127422794636205,-0.0145423542068403,-0.0490742392359506));
#3692=CARTESIAN_POINT('',(0.0127422794636205,-0.0145423542068403,-0.0476742392359506));
#3693=CARTESIAN_POINT('',(0.0127422794636205,-0.0145423542068403,-0.0470742392359505));
#3694=CARTESIAN_POINT('',(0.0126349009067373,-0.0148018087691734,-0.0490742392359506));
#3695=CARTESIAN_POINT('',(0.0126349009067373,-0.0148018087691734,-0.0476742392359506));
#3696=CARTESIAN_POINT('',(0.0126349009067373,-0.0148018087691734,-0.0470742392359505));
#3697=CARTESIAN_POINT('',(0.0126351890023025,-0.0153257954279395,-0.0490742392359507));
#3698=CARTESIAN_POINT('',(0.0126351890023025,-0.0153257954279395,-0.0476742392359506));
#3699=CARTESIAN_POINT('',(0.0126351890023025,-0.0153257954279395,-0.0470742392359505));
#3700=CARTESIAN_POINT('',(0.0127425787963779,-0.0155857533372411,-0.0490742392359507));
#3701=CARTESIAN_POINT('',(0.0127425787963779,-0.0155857533372411,-0.0476742392359506));
#3702=CARTESIAN_POINT('',(0.0127425787963779,-0.0155857533372411,-0.0470742392359505));
#3703=CARTESIAN_POINT('',(0.0131132970750949,-0.0159560643066936,-0.0490742392359507));
#3704=CARTESIAN_POINT('',(0.0131132970750949,-0.0159560643066936,-0.0476742392359507));
#3705=CARTESIAN_POINT('',(0.0131132970750949,-0.0159560643066936,-0.0470742392359505));
#3706=CARTESIAN_POINT('',(0.0133730511644655,-0.0160639462458992,-0.0490742392359507));
#3707=CARTESIAN_POINT('',(0.0133730511644655,-0.0160639462458993,-0.0476742392359507));
#3708=CARTESIAN_POINT('',(0.0133730511644655,-0.0160639462458993,-0.0470742392359505));
#3709=CARTESIAN_POINT('',(0.0138970377909315,-0.0160636583110557,-0.0490742392359507));
#3710=CARTESIAN_POINT('',(0.0138970377909315,-0.0160636583110557,-0.0476742392359507));
#3711=CARTESIAN_POINT('',(0.0138970377909315,-0.0160636583110557,-0.0470742392359506));
#3712=CARTESIAN_POINT('',(0.0141563657765372,-0.0159566950186699,-0.0490742392359507));
#3713=CARTESIAN_POINT('',(0.0141563657765372,-0.0159566950186699,-0.0476742392359507));
#3714=CARTESIAN_POINT('',(0.0141563657765372,-0.0159566950186699,-0.0470742392359506));
#3715=CARTESIAN_POINT('',(0.0143421517358052,-0.0157709090594018,-0.0490742392359507));
#3716=CARTESIAN_POINT('',(0.0143421517358052,-0.0157709090594018,-0.0476742392359507));
#3717=CARTESIAN_POINT('',(0.0143421517358052,-0.0157709090594018,-0.0470742392359506));
#3718=SURFACE_SIDE_STYLE('',(#7165));
#3719=EDGE_LOOP('',(#7166,#7167,#7168,#7169));
#3720=AXIS2_PLACEMENT_3D('',#7170,#7171,#7172);
#3721=SURFACE_SIDE_STYLE('',(#7173));
#3722=EDGE_LOOP('',(#7174,#7175,#7176,#7177));
#3723=CARTESIAN_POINT('',(0.0129279381734321,0.011099148625687,-0.0490742392359506));
#3724=CARTESIAN_POINT('',(0.0129279381734321,0.011099148625687,-0.0476742392359506));
#3725=CARTESIAN_POINT('',(0.0129279381734321,0.011099148625687,-0.0470742392359504));
#3726=CARTESIAN_POINT('',(0.0145945360209288,0.00943255077819038,-0.0490742392359506));
#3727=CARTESIAN_POINT('',(0.0145945360209288,0.00943255077819038,-0.0476742392359506));
#3728=CARTESIAN_POINT('',(0.0145945360209288,0.00943255077819037,-0.0470742392359505));
#3729=CARTESIAN_POINT('',(0.0159280571966336,0.00743683136045871,-0.0490742392359506));
#3730=CARTESIAN_POINT('',(0.0159280571966336,0.0074368313604587,-0.0476742392359506));
#3731=CARTESIAN_POINT('',(0.0159280571966336,0.0074368313604587,-0.0470742392359505));
#3732=CARTESIAN_POINT('',(0.0177316381695537,0.003082225401834,-0.0490742392359506));
#3733=CARTESIAN_POINT('',(0.0177316381695537,0.003082225401834,-0.0476742392359506));
#3734=CARTESIAN_POINT('',(0.0177316381695537,0.003082225401834,-0.0470742392359505));
#3735=CARTESIAN_POINT('',(0.0182000881164654,0.000727892498324556,-0.0490742392359506));
#3736=CARTESIAN_POINT('',(0.0182000881164655,0.000727892498324551,-0.0476742392359506));
#3737=CARTESIAN_POINT('',(0.0182000881164655,0.000727892498324549,-0.0470742392359505));
#3738=CARTESIAN_POINT('',(0.0181999441076853,-0.00398543929589713,-0.0490742392359506));
#3739=CARTESIAN_POINT('',(0.0181999441076854,-0.00398543929589714,-0.0476742392359506));
#3740=CARTESIAN_POINT('',(0.0181999441076854,-0.00398543929589714,-0.0470742392359505));
#3741=CARTESIAN_POINT('',(0.0177317712716601,-0.00633982726021525,-0.0490742392359506));
#3742=CARTESIAN_POINT('',(0.0177317712716601,-0.00633982726021525,-0.0476742392359506));
#3743=CARTESIAN_POINT('',(0.0177317712716601,-0.00633982726021526,-0.0470742392359505));
#3744=CARTESIAN_POINT('',(0.0159279241268022,-0.0106943231668371,-0.0490742392359506));
#3745=CARTESIAN_POINT('',(0.0159279241268022,-0.0106943231668371,-0.0476742392359506));
#3746=CARTESIAN_POINT('',(0.0159279241268022,-0.0106943231668371,-0.0470742392359505));
#3747=CARTESIAN_POINT('',(0.0145945958268776,-0.0126900377509623,-0.0490742392359506));
#3748=CARTESIAN_POINT('',(0.0145945958268776,-0.0126900377509623,-0.0476742392359506));
#3749=CARTESIAN_POINT('',(0.0145945958268776,-0.0126900377509623,-0.0470742392359505));
#3750=CARTESIAN_POINT('',(0.0129279385277283,-0.0143566951427325,-0.0490742392359506));
#3751=CARTESIAN_POINT('',(0.0129279385277283,-0.0143566951427326,-0.0476742392359506));
#3752=CARTESIAN_POINT('',(0.0129279385277283,-0.0143566951427326,-0.0470742392359505));
#3753=CARTESIAN_POINT('',(0.0128612722357623,-0.0144233614384034,-0.0490742392359506));
#3754=CARTESIAN_POINT('',(0.0128612722357623,-0.0144233614384034,-0.0476742392359506));
#3755=CARTESIAN_POINT('',(0.0128612722357623,-0.0144233614384034,-0.0470742392359505));
#3756=CARTESIAN_POINT('',(0.0127946059437963,-0.0144900277340742,-0.0490742392359506));
#3757=CARTESIAN_POINT('',(0.0127946059437963,-0.0144900277340742,-0.0476742392359506));
#3758=CARTESIAN_POINT('',(0.0127946059437963,-0.0144900277340742,-0.0470742392359505));
#3759=CARTESIAN_POINT('',(0.0127279396518304,-0.014556694029745,-0.0490742392359506));
#3760=CARTESIAN_POINT('',(0.0127279396518304,-0.014556694029745,-0.0476742392359506));
#3761=CARTESIAN_POINT('',(0.0127279396518304,-0.014556694029745,-0.0470742392359505));
#3762=SURFACE_SIDE_STYLE('',(#7178));
#3763=EDGE_LOOP('',(#7179,#7180,#7181,#7182));
#3764=AXIS2_PLACEMENT_3D('',#7183,#7184,#7185);
#3765=SURFACE_SIDE_STYLE('',(#7186));
#3766=EDGE_LOOP('',(#7187,#7188,#7189,#7190));
#3767=CARTESIAN_POINT('',(0.0143421517358052,-0.0157709090594018,-0.0490742392359507));
#3768=CARTESIAN_POINT('',(0.0143421517358052,-0.0157709090594018,-0.0476742392359507));
#3769=CARTESIAN_POINT('',(0.0143421517358052,-0.0157709090594018,-0.0470742392359506));
#3770=CARTESIAN_POINT('',(0.0161939289703354,-0.0139191318248716,-0.0490742392359507));
#3771=CARTESIAN_POINT('',(0.0161939289703354,-0.0139191318248716,-0.0476742392359507));
#3772=CARTESIAN_POINT('',(0.0161939289703354,-0.0139191318248716,-0.0470742392359505));
#3773=CARTESIAN_POINT('',(0.0176756098100952,-0.0117016648983683,-0.0490742392359507));
#3774=CARTESIAN_POINT('',(0.0176756098100952,-0.0117016648983683,-0.0476742392359507));
#3775=CARTESIAN_POINT('',(0.0176756098100952,-0.0117016648983683,-0.0470742392359505));
#3776=CARTESIAN_POINT('',(0.0196796037475155,-0.00686321918787591,-0.0490742392359506));
#3777=CARTESIAN_POINT('',(0.0196796037475155,-0.00686321918787591,-0.0476742392359506));
#3778=CARTESIAN_POINT('',(0.0196796037475155,-0.00686321918787591,-0.0470742392359505));
#3779=CARTESIAN_POINT('',(0.0202000881373504,-0.00424729139300978,-0.0490742392359506));
#3780=CARTESIAN_POINT('',(0.0202000881373504,-0.00424729139300978,-0.0476742392359506));
#3781=CARTESIAN_POINT('',(0.0202000881373504,-0.00424729139300978,-0.0470742392359505));
#3782=CARTESIAN_POINT('',(0.0201999440867914,0.000989744767531356,-0.0490742392359506));
#3783=CARTESIAN_POINT('',(0.0201999440867914,0.000989744767531351,-0.0476742392359506));
#3784=CARTESIAN_POINT('',(0.0201999440867914,0.000989744767531349,-0.0470742392359505));
#3785=CARTESIAN_POINT('',(0.0196797367656145,0.00360572761321959,-0.0490742392359506));
#3786=CARTESIAN_POINT('',(0.0196797367656145,0.00360572761321958,-0.0476742392359506));
#3787=CARTESIAN_POINT('',(0.0196797367656145,0.00360572761321958,-0.0470742392359505));
#3788=CARTESIAN_POINT('',(0.017675476584599,0.00844406323101588,-0.0490742392359506));
#3789=CARTESIAN_POINT('',(0.017675476584599,0.00844406323101588,-0.0476742392359506));
#3790=CARTESIAN_POINT('',(0.017675476584599,0.00844406323101587,-0.0470742392359505));
#3791=CARTESIAN_POINT('',(0.0161939685174422,0.0106615454064231,-0.0490742392359506));
#3792=CARTESIAN_POINT('',(0.0161939685174422,0.0106615454064231,-0.0476742392359506));
#3793=CARTESIAN_POINT('',(0.0161939685174422,0.0106615454064231,-0.0470742392359505));
#3794=CARTESIAN_POINT('',(0.0143421517358052,0.0125133621880601,-0.0490742392359506));
#3795=CARTESIAN_POINT('',(0.0143421517358052,0.0125133621880601,-0.0476742392359506));
#3796=CARTESIAN_POINT('',(0.0143421517358052,0.0125133621880601,-0.0470742392359504));
#3797=SURFACE_SIDE_STYLE('',(#7191));
#3798=EDGE_LOOP('',(#7192,#7193,#7194,#7195));
#3799=CARTESIAN_POINT('',(0.0100995110486859,0.00827072150094083,-0.0490742392359506));
#3800=CARTESIAN_POINT('',(0.0100995110486859,0.00827072150094083,-0.0476742392359506));
#3801=CARTESIAN_POINT('',(0.010099511048686,0.00827072150094082,-0.0470742392359505));
#3802=CARTESIAN_POINT('',(0.00991385233887437,0.00845638021075241,-0.0490742392359506));
#3803=CARTESIAN_POINT('',(0.00991385233887437,0.0084563802107524,-0.0476742392359506));
#3804=CARTESIAN_POINT('',(0.00991385233887437,0.0084563802107524,-0.0470742392359504));
#3805=CARTESIAN_POINT('',(0.00965439777654129,0.00856375876763568,-0.0490742392359506));
#3806=CARTESIAN_POINT('',(0.00965439777654129,0.00856375876763567,-0.0476742392359506));
#3807=CARTESIAN_POINT('',(0.00965439777654129,0.00856375876763567,-0.0470742392359504));
#3808=CARTESIAN_POINT('',(0.00913041111777511,0.00856347067207048,-0.0490742392359506));
#3809=CARTESIAN_POINT('',(0.00913041111777512,0.00856347067207047,-0.0476742392359506));
#3810=CARTESIAN_POINT('',(0.00913041111777512,0.00856347067207047,-0.0470742392359504));
#3811=CARTESIAN_POINT('',(0.00887045320847447,0.00845608087799637,-0.0490742392359506));
#3812=CARTESIAN_POINT('',(0.00887045320847448,0.00845608087799636,-0.0476742392359505));
#3813=CARTESIAN_POINT('',(0.00887045320847448,0.00845608087799636,-0.0470742392359504));
#3814=CARTESIAN_POINT('',(0.00850014223902015,0.00808536259927669,-0.0490742392359506));
#3815=CARTESIAN_POINT('',(0.00850014223902015,0.00808536259927669,-0.0476742392359505));
#3816=CARTESIAN_POINT('',(0.00850014223902015,0.00808536259927669,-0.0470742392359504));
#3817=CARTESIAN_POINT('',(0.00839226029981541,0.00782560850990725,-0.0490742392359506));
#3818=CARTESIAN_POINT('',(0.00839226029981541,0.00782560850990725,-0.0476742392359506));
#3819=CARTESIAN_POINT('',(0.00839226029981541,0.00782560850990724,-0.0470742392359504));
#3820=CARTESIAN_POINT('',(0.00839254823465901,0.00730162188344171,-0.0490742392359506));
#3821=CARTESIAN_POINT('',(0.00839254823465901,0.00730162188344171,-0.0476742392359506));
#3822=CARTESIAN_POINT('',(0.00839254823465901,0.0073016218834417,-0.0470742392359504));
#3823=CARTESIAN_POINT('',(0.00849951152704489,0.00704229389783569,-0.0490742392359506));
#3824=CARTESIAN_POINT('',(0.00849951152704489,0.00704229389783569,-0.0476742392359506));
#3825=CARTESIAN_POINT('',(0.0084995115270449,0.00704229389783568,-0.0470742392359504));
#3826=CARTESIAN_POINT('',(0.00868529748631285,0.00685650793856773,-0.0490742392359506));
#3827=CARTESIAN_POINT('',(0.00868529748631285,0.00685650793856773,-0.0476742392359506));
#3828=CARTESIAN_POINT('',(0.00868529748631285,0.00685650793856772,-0.0470742392359505));
#3829=SURFACE_SIDE_STYLE('',(#7196));
#3830=EDGE_LOOP('',(#7197,#7198,#7199,#7200));
#3831=CARTESIAN_POINT('',(0.00868529748631283,-0.0101140548099094,-0.0490742392359506));
#3832=CARTESIAN_POINT('',(0.00868529748631284,-0.0101140548099094,-0.0476742392359506));
#3833=CARTESIAN_POINT('',(0.00868529748631284,-0.0101140548099094,-0.0470742392359505));
#3834=CARTESIAN_POINT('',(0.00849963877650127,-0.010299713519721,-0.0490742392359506));
#3835=CARTESIAN_POINT('',(0.00849963877650127,-0.010299713519721,-0.0476742392359506));
#3836=CARTESIAN_POINT('',(0.00849963877650127,-0.010299713519721,-0.0470742392359505));
#3837=CARTESIAN_POINT('',(0.00839226021961797,-0.0105591680820541,-0.0490742392359506));
#3838=CARTESIAN_POINT('',(0.00839226021961797,-0.0105591680820541,-0.0476742392359506));
#3839=CARTESIAN_POINT('',(0.00839226021961797,-0.0105591680820541,-0.0470742392359505));
#3840=CARTESIAN_POINT('',(0.0083925483151832,-0.0110831547408202,-0.0490742392359506));
#3841=CARTESIAN_POINT('',(0.00839254831518321,-0.0110831547408202,-0.0476742392359506));
#3842=CARTESIAN_POINT('',(0.00839254831518321,-0.0110831547408203,-0.0470742392359505));
#3843=CARTESIAN_POINT('',(0.00849993810925938,-0.011343112650123,-0.0490742392359506));
#3844=CARTESIAN_POINT('',(0.00849993810925938,-0.011343112650123,-0.0476742392359506));
#3845=CARTESIAN_POINT('',(0.00849993810925938,-0.011343112650123,-0.0470742392359505));
#3846=CARTESIAN_POINT('',(0.00887065638797488,-0.0117134236195731,-0.0490742392359506));
#3847=CARTESIAN_POINT('',(0.00887065638797489,-0.0117134236195731,-0.0476742392359506));
#3848=CARTESIAN_POINT('',(0.00887065638797489,-0.0117134236195731,-0.0470742392359505));
#3849=CARTESIAN_POINT('',(0.00913041047734642,-0.01182130555878,-0.0490742392359506));
#3850=CARTESIAN_POINT('',(0.00913041047734643,-0.01182130555878,-0.0476742392359506));
#3851=CARTESIAN_POINT('',(0.00913041047734643,-0.01182130555878,-0.0470742392359505));
#3852=CARTESIAN_POINT('',(0.00965439710381195,-0.0118210176239364,-0.0490742392359506));
#3853=CARTESIAN_POINT('',(0.00965439710381195,-0.0118210176239364,-0.0476742392359506));
#3854=CARTESIAN_POINT('',(0.00965439710381195,-0.0118210176239364,-0.0470742392359505));
#3855=CARTESIAN_POINT('',(0.00991372508941795,-0.0117140543315505,-0.0490742392359506));
#3856=CARTESIAN_POINT('',(0.00991372508941796,-0.0117140543315505,-0.0476742392359506));
#3857=CARTESIAN_POINT('',(0.00991372508941796,-0.0117140543315505,-0.0470742392359505));
#3858=CARTESIAN_POINT('',(0.0100995110486859,-0.0115282683722825,-0.0490742392359506));
#3859=CARTESIAN_POINT('',(0.0100995110486859,-0.0115282683722825,-0.0476742392359506));
#3860=CARTESIAN_POINT('',(0.0100995110486859,-0.0115282683722825,-0.0470742392359505));
#3861=SURFACE_SIDE_STYLE('',(#7201));
#3862=EDGE_LOOP('',(#7202,#7203,#7204,#7205));
#3863=AXIS2_PLACEMENT_3D('',#7206,#7207,#7208);
#3864=SURFACE_SIDE_STYLE('',(#7209));
#3865=EDGE_LOOP('',(#7210,#7211,#7212,#7213));
#3866=CARTESIAN_POINT('',(0.00868529748631285,0.00685650793856773,-0.0490742392359506));
#3867=CARTESIAN_POINT('',(0.00868529748631285,0.00685650793856773,-0.0476742392359506));
#3868=CARTESIAN_POINT('',(0.00868529748631286,0.00685650793856772,-0.0470742392359505));
#3869=CARTESIAN_POINT('',(0.00979635703540339,0.00574544838947719,-0.0490742392359506));
#3870=CARTESIAN_POINT('',(0.0097963570354034,0.00574544838947719,-0.0476742392359506));
#3871=CARTESIAN_POINT('',(0.0097963570354034,0.00574544838947718,-0.0470742392359505));
#3872=CARTESIAN_POINT('',(0.0106853995627944,0.00441497092243438,-0.0490742392359506));
#3873=CARTESIAN_POINT('',(0.0106853995627944,0.00441497092243438,-0.0476742392359506));
#3874=CARTESIAN_POINT('',(0.0106853995627944,0.00441497092243438,-0.0470742392359505));
#3875=CARTESIAN_POINT('',(0.011887741364731,0.00151188476864876,-0.0490742392359506));
#3876=CARTESIAN_POINT('',(0.011887741364731,0.00151188476864875,-0.0476742392359506));
#3877=CARTESIAN_POINT('',(0.011887741364731,0.00151188476864875,-0.0470742392359505));
#3878=CARTESIAN_POINT('',(0.0122000881000911,-5.76642343290625E-05,-0.0490742392359506));
#3879=CARTESIAN_POINT('',(0.0122000881000911,-5.76642343290677E-05,-0.0476742392359506));
#3880=CARTESIAN_POINT('',(0.0122000881000911,-5.76642343290698E-05,-0.0470742392359505));
#3881=CARTESIAN_POINT('',(0.0121999441240722,-0.00319988231544858,-0.0490742392359506));
#3882=CARTESIAN_POINT('',(0.0121999441240722,-0.00319988231544859,-0.0476742392359506));
#3883=CARTESIAN_POINT('',(0.0121999441240722,-0.00319988231544859,-0.0470742392359505));
#3884=CARTESIAN_POINT('',(0.0118878745318831,-0.00476948639103038,-0.0490742392359506));
#3885=CARTESIAN_POINT('',(0.0118878745318831,-0.00476948639103039,-0.0476742392359506));
#3886=CARTESIAN_POINT('',(0.0118878745318831,-0.00476948639103039,-0.0470742392359505));
#3887=CARTESIAN_POINT('',(0.0106852666028291,-0.00767246254255983,-0.0490742392359506));
#3888=CARTESIAN_POINT('',(0.0106852666028291,-0.00767246254255983,-0.0476742392359506));
#3889=CARTESIAN_POINT('',(0.0106852666028291,-0.00767246254255983,-0.0470742392359505));
#3890=CARTESIAN_POINT('',(0.00979641038630604,-0.00900294181728015,-0.0490742392359506));
#3891=CARTESIAN_POINT('',(0.00979641038630604,-0.00900294181728015,-0.0476742392359506));
#3892=CARTESIAN_POINT('',(0.00979641038630604,-0.00900294181728016,-0.0470742392359505));
#3893=CARTESIAN_POINT('',(0.0086852978405537,-0.0101140544556685,-0.0490742392359506));
#3894=CARTESIAN_POINT('',(0.0086852978405537,-0.0101140544556685,-0.0476742392359506));
#3895=CARTESIAN_POINT('',(0.0086852978405537,-0.0101140544556685,-0.0470742392359505));
#3896=CARTESIAN_POINT('',(0.00864085333872361,-0.0101584989612041,-0.0490742392359506));
#3897=CARTESIAN_POINT('',(0.00864085333872361,-0.0101584989612041,-0.0476742392359506));
#3898=CARTESIAN_POINT('',(0.00864085333872361,-0.0101584989612041,-0.0470742392359505));
#3899=CARTESIAN_POINT('',(0.00859640883689351,-0.0102029434667396,-0.0490742392359506));
#3900=CARTESIAN_POINT('',(0.00859640883689351,-0.0102029434667396,-0.0476742392359506));
#3901=CARTESIAN_POINT('',(0.00859640883689352,-0.0102029434667396,-0.0470742392359505));
#3902=CARTESIAN_POINT('',(0.00855196433506342,-0.0102473879722751,-0.0490742392359506));
#3903=CARTESIAN_POINT('',(0.00855196433506342,-0.0102473879722751,-0.0476742392359506));
#3904=CARTESIAN_POINT('',(0.00855196433506342,-0.0102473879722751,-0.0470742392359505));
#3905=SURFACE_SIDE_STYLE('',(#7214));
#3906=EDGE_LOOP('',(#7215,#7216,#7217,#7218));
#3907=AXIS2_PLACEMENT_3D('',#7219,#7220,#7221);
#3908=SURFACE_SIDE_STYLE('',(#7222));
#3909=EDGE_LOOP('',(#7223,#7224,#7225,#7226));
#3910=CARTESIAN_POINT('',(0.0100995110486859,-0.0115282683722825,-0.0490742392359506));
#3911=CARTESIAN_POINT('',(0.0100995110486859,-0.0115282683722825,-0.0476742392359506));
#3912=CARTESIAN_POINT('',(0.0100995110486859,-0.0115282683722825,-0.0470742392359505));
#3913=CARTESIAN_POINT('',(0.0113957501028246,-0.0102320293181438,-0.0490742392359506));
#3914=CARTESIAN_POINT('',(0.0113957501028246,-0.0102320293181438,-0.0476742392359506));
#3915=CARTESIAN_POINT('',(0.0113957501028246,-0.0102320293181438,-0.0470742392359505));
#3916=CARTESIAN_POINT('',(0.0124329521212243,-0.00867980461604377,-0.0490742392359506));
#3917=CARTESIAN_POINT('',(0.0124329521212243,-0.00867980461604377,-0.0476742392359506));
#3918=CARTESIAN_POINT('',(0.0124329521212243,-0.00867980461604378,-0.0470742392359505));
#3919=CARTESIAN_POINT('',(0.0138357070484686,-0.0052928782764622,-0.0490742392359506));
#3920=CARTESIAN_POINT('',(0.0138357070484686,-0.00529287827646221,-0.0476742392359506));
#3921=CARTESIAN_POINT('',(0.0138357070484686,-0.00529287827646221,-0.0470742392359505));
#3922=CARTESIAN_POINT('',(0.0142000881383242,-0.00346173475930117,-0.0490742392359506));
#3923=CARTESIAN_POINT('',(0.0142000881383242,-0.00346173475930117,-0.0476742392359506));
#3924=CARTESIAN_POINT('',(0.0142000881383242,-0.00346173475930118,-0.0470742392359505));
#3925=CARTESIAN_POINT('',(0.0141999440858141,0.000204188149927894,-0.0490742392359506));
#3926=CARTESIAN_POINT('',(0.0141999440858141,0.000204188149927889,-0.0476742392359506));
#3927=CARTESIAN_POINT('',(0.0141999440858141,0.000204188149927887,-0.0470742392359505));
#3928=CARTESIAN_POINT('',(0.0138358400624129,0.00203538672354541,-0.0490742392359506));
#3929=CARTESIAN_POINT('',(0.0138358400624129,0.0020353867235454,-0.0476742392359506));
#3930=CARTESIAN_POINT('',(0.0138358400624129,0.0020353867235454,-0.0470742392359505));
#3931=CARTESIAN_POINT('',(0.012432818872706,0.0054222029925449,-0.0490742392359506));
#3932=CARTESIAN_POINT('',(0.012432818872706,0.0054222029925449,-0.0476742392359506));
#3933=CARTESIAN_POINT('',(0.012432818872706,0.0054222029925449,-0.0470742392359505));
#3934=CARTESIAN_POINT('',(0.0113958052973732,0.00697442725225355,-0.0490742392359506));
#3935=CARTESIAN_POINT('',(0.0113958052973732,0.00697442725225354,-0.0476742392359506));
#3936=CARTESIAN_POINT('',(0.0113958052973732,0.00697442725225354,-0.0470742392359505));
#3937=CARTESIAN_POINT('',(0.0100995110486859,0.00827072150094083,-0.0490742392359506));
#3938=CARTESIAN_POINT('',(0.0100995110486859,0.00827072150094082,-0.0476742392359506));
#3939=CARTESIAN_POINT('',(0.010099511048686,0.00827072150094082,-0.0470742392359505));
#3940=SURFACE_SIDE_STYLE('',(#7227));
#3941=EDGE_LOOP('',(#7228,#7229,#7230,#7231));
#3942=CARTESIAN_POINT('',(0.0065639771427532,0.00473518759500809,-0.0490742392359506));
#3943=CARTESIAN_POINT('',(0.00656397714275321,0.00473518759500809,-0.0476742392359506));
#3944=CARTESIAN_POINT('',(0.00656397714275321,0.00473518759500809,-0.0470742392359505));
#3945=CARTESIAN_POINT('',(0.006378318432942,0.00492084630481929,-0.0490742392359506));
#3946=CARTESIAN_POINT('',(0.00637831843294201,0.00492084630481929,-0.0476742392359506));
#3947=CARTESIAN_POINT('',(0.00637831843294201,0.00492084630481929,-0.0470742392359505));
#3948=CARTESIAN_POINT('',(0.00611886387060758,0.00502822486170295,-0.0490742392359506));
#3949=CARTESIAN_POINT('',(0.00611886387060758,0.00502822486170294,-0.0476742392359506));
#3950=CARTESIAN_POINT('',(0.00611886387060758,0.00502822486170294,-0.0470742392359504));
#3951=CARTESIAN_POINT('',(0.00559487721184335,0.00502793676613773,-0.0490742392359506));
#3952=CARTESIAN_POINT('',(0.00559487721184335,0.00502793676613773,-0.0476742392359506));
#3953=CARTESIAN_POINT('',(0.00559487721184335,0.00502793676613772,-0.0470742392359504));
#3954=CARTESIAN_POINT('',(0.00533491930254079,0.00492054697206248,-0.0490742392359506));
#3955=CARTESIAN_POINT('',(0.0053349193025408,0.00492054697206248,-0.0476742392359506));
#3956=CARTESIAN_POINT('',(0.0053349193025408,0.00492054697206247,-0.0470742392359504));
#3957=CARTESIAN_POINT('',(0.00496460833308835,0.00454982869334511,-0.0490742392359506));
#3958=CARTESIAN_POINT('',(0.00496460833308835,0.0045498286933451,-0.0476742392359506));
#3959=CARTESIAN_POINT('',(0.00496460833308836,0.0045498286933451,-0.0470742392359504));
#3960=CARTESIAN_POINT('',(0.00485672639388267,0.00429007460397353,-0.0490742392359506));
#3961=CARTESIAN_POINT('',(0.00485672639388267,0.00429007460397353,-0.0476742392359506));
#3962=CARTESIAN_POINT('',(0.00485672639388268,0.00429007460397353,-0.0470742392359504));
#3963=CARTESIAN_POINT('',(0.00485701432872627,0.00376608797750995,-0.0490742392359506));
#3964=CARTESIAN_POINT('',(0.00485701432872627,0.00376608797750994,-0.0476742392359506));
#3965=CARTESIAN_POINT('',(0.00485701432872627,0.00376608797750994,-0.0470742392359504));
#3966=CARTESIAN_POINT('',(0.00496397762111255,0.00350675999190256,-0.0490742392359506));
#3967=CARTESIAN_POINT('',(0.00496397762111255,0.00350675999190255,-0.0476742392359506));
#3968=CARTESIAN_POINT('',(0.00496397762111256,0.00350675999190255,-0.0470742392359505));
#3969=CARTESIAN_POINT('',(0.00514976358038011,0.003320974032635,-0.0490742392359506));
#3970=CARTESIAN_POINT('',(0.00514976358038011,0.00332097403263499,-0.0476742392359506));
#3971=CARTESIAN_POINT('',(0.00514976358038011,0.00332097403263499,-0.0470742392359505));
#3972=SURFACE_SIDE_STYLE('',(#7232));
#3973=EDGE_LOOP('',(#7233,#7234,#7235,#7236));
#3974=CARTESIAN_POINT('',(0.0051497635803801,-0.00657852090397668,-0.0490742392359506));
#3975=CARTESIAN_POINT('',(0.0051497635803801,-0.00657852090397668,-0.0476742392359506));
#3976=CARTESIAN_POINT('',(0.0051497635803801,-0.00657852090397668,-0.0470742392359505));
#3977=CARTESIAN_POINT('',(0.00496410487056845,-0.00676417961378832,-0.0490742392359506));
#3978=CARTESIAN_POINT('',(0.00496410487056846,-0.00676417961378832,-0.0476742392359506));
#3979=CARTESIAN_POINT('',(0.00496410487056846,-0.00676417961378833,-0.0470742392359505));
#3980=CARTESIAN_POINT('',(0.00485672631368524,-0.00702363417612114,-0.0490742392359506));
#3981=CARTESIAN_POINT('',(0.00485672631368525,-0.00702363417612114,-0.0476742392359506));
#3982=CARTESIAN_POINT('',(0.00485672631368525,-0.00702363417612114,-0.0470742392359505));
#3983=CARTESIAN_POINT('',(0.00485701440925046,-0.0075476208348877,-0.0490742392359506));
#3984=CARTESIAN_POINT('',(0.00485701440925046,-0.00754762083488771,-0.0476742392359506));
#3985=CARTESIAN_POINT('',(0.00485701440925046,-0.00754762083488771,-0.0470742392359505));
#3986=CARTESIAN_POINT('',(0.00496440420332568,-0.00780757874418907,-0.0490742392359506));
#3987=CARTESIAN_POINT('',(0.00496440420332568,-0.00780757874418908,-0.0476742392359506));
#3988=CARTESIAN_POINT('',(0.00496440420332568,-0.00780757874418908,-0.0470742392359505));
#3989=CARTESIAN_POINT('',(0.00533512248204311,-0.00817788971364154,-0.0490742392359506));
#3990=CARTESIAN_POINT('',(0.00533512248204312,-0.00817788971364155,-0.0476742392359506));
#3991=CARTESIAN_POINT('',(0.00533512248204312,-0.00817788971364155,-0.0470742392359505));
#3992=CARTESIAN_POINT('',(0.0055948765714147,-0.00828577165284721,-0.0490742392359506));
#3993=CARTESIAN_POINT('',(0.0055948765714147,-0.00828577165284722,-0.0476742392359506));
#3994=CARTESIAN_POINT('',(0.0055948765714147,-0.00828577165284722,-0.0470742392359505));
#3995=CARTESIAN_POINT('',(0.0061188631978782,-0.00828548371800362,-0.0490742392359506));
#3996=CARTESIAN_POINT('',(0.00611886319787821,-0.00828548371800362,-0.0476742392359506));
#3997=CARTESIAN_POINT('',(0.00611886319787821,-0.00828548371800362,-0.0470742392359505));
#3998=CARTESIAN_POINT('',(0.00637819118348563,-0.00817852042561734,-0.0490742392359506));
#3999=CARTESIAN_POINT('',(0.00637819118348564,-0.00817852042561734,-0.0476742392359506));
#4000=CARTESIAN_POINT('',(0.00637819118348564,-0.00817852042561734,-0.0470742392359505));
#4001=CARTESIAN_POINT('',(0.00656397714275319,-0.00799273446634977,-0.0490742392359506));
#4002=CARTESIAN_POINT('',(0.0065639771427532,-0.00799273446634978,-0.0476742392359506));
#4003=CARTESIAN_POINT('',(0.0065639771427532,-0.00799273446634978,-0.0470742392359505));
#4004=SURFACE_SIDE_STYLE('',(#7237));
#4005=EDGE_LOOP('',(#7238,#7239,#7240,#7241));
#4006=AXIS2_PLACEMENT_3D('',#7242,#7243,#7244);
#4007=SURFACE_SIDE_STYLE('',(#7245));
#4008=EDGE_LOOP('',(#7246,#7247,#7248,#7249));
#4009=CARTESIAN_POINT('',(0.00514976358038011,0.003320974032635,-0.0490742392359506));
#4010=CARTESIAN_POINT('',(0.00514976358038011,0.00332097403263499,-0.0476742392359506));
#4011=CARTESIAN_POINT('',(0.00514976358038011,0.00332097403263499,-0.0470742392359505));
#4012=CARTESIAN_POINT('',(0.00579807508944255,0.00267266252357255,-0.0490742392359506));
#4013=CARTESIAN_POINT('',(0.00579807508944255,0.00267266252357255,-0.0476742392359506));
#4014=CARTESIAN_POINT('',(0.00579807508944256,0.00267266252357255,-0.0470742392359505));
#4015=CARTESIAN_POINT('',(0.00631635355194304,0.00189715147013647,-0.0490742392359506));
#4016=CARTESIAN_POINT('',(0.00631635355194304,0.00189715147013646,-0.0476742392359506));
#4017=CARTESIAN_POINT('',(0.00631635355194304,0.00189715147013646,-0.0470742392359505));
#4018=CARTESIAN_POINT('',(0.00701799199404674,0.000202870033559837,-0.0490742392359506));
#4019=CARTESIAN_POINT('',(0.00701799199404675,0.000202870033559832,-0.0476742392359506));
#4020=CARTESIAN_POINT('',(0.00701799199404675,0.00020287003355983,-0.0470742392359505));
#4021=CARTESIAN_POINT('',(0.00720008811700978,-0.00071186447403094,-0.0490742392359506));
#4022=CARTESIAN_POINT('',(0.00720008811700978,-0.000711864474030945,-0.0476742392359506));
#4023=CARTESIAN_POINT('',(0.00720008811700978,-0.000711864474030947,-0.0470742392359505));
#4024=CARTESIAN_POINT('',(0.0071999441071839,-0.00254568182283636,-0.0490742392359506));
#4025=CARTESIAN_POINT('',(0.0071999441071839,-0.00254568182283636,-0.0476742392359506));
#4026=CARTESIAN_POINT('',(0.0071999441071839,-0.00254568182283636,-0.0470742392359505));
#4027=CARTESIAN_POINT('',(0.00701812530743781,-0.00346047142234721,-0.0490742392359506));
#4028=CARTESIAN_POINT('',(0.00701812530743781,-0.00346047142234721,-0.0476742392359506));
#4029=CARTESIAN_POINT('',(0.00701812530743782,-0.00346047142234722,-0.0470742392359505));
#4030=CARTESIAN_POINT('',(0.0063162205704561,-0.00515464302277995,-0.0490742392359506));
#4031=CARTESIAN_POINT('',(0.0063162205704561,-0.00515464302277996,-0.0476742392359506));
#4032=CARTESIAN_POINT('',(0.0063162205704561,-0.00515464302277996,-0.0470742392359505));
#4033=CARTESIAN_POINT('',(0.00579813493485418,-0.00593014945680376,-0.0490742392359506));
#4034=CARTESIAN_POINT('',(0.00579813493485419,-0.00593014945680377,-0.0476742392359506));
#4035=CARTESIAN_POINT('',(0.00579813493485419,-0.00593014945680377,-0.0470742392359505));
#4036=CARTESIAN_POINT('',(0.00514976393450244,-0.00657852054985431,-0.0490742392359506));
#4037=CARTESIAN_POINT('',(0.00514976393450244,-0.00657852054985432,-0.0476742392359506));
#4038=CARTESIAN_POINT('',(0.00514976393450244,-0.00657852054985432,-0.0470742392359505));
#4039=CARTESIAN_POINT('',(0.00512382909448837,-0.00660445539357634,-0.0490742392359506));
#4040=CARTESIAN_POINT('',(0.00512382909448837,-0.00660445539357634,-0.0476742392359506));
#4041=CARTESIAN_POINT('',(0.00512382909448837,-0.00660445539357634,-0.0470742392359505));
#4042=CARTESIAN_POINT('',(0.0050978942544743,-0.00663039023729836,-0.0490742392359506));
#4043=CARTESIAN_POINT('',(0.0050978942544743,-0.00663039023729836,-0.0476742392359506));
#4044=CARTESIAN_POINT('',(0.0050978942544743,-0.00663039023729836,-0.0470742392359505));
#4045=CARTESIAN_POINT('',(0.00507195941446023,-0.00665632508102038,-0.0490742392359506));
#4046=CARTESIAN_POINT('',(0.00507195941446023,-0.00665632508102038,-0.0476742392359506));
#4047=CARTESIAN_POINT('',(0.00507195941446023,-0.00665632508102039,-0.0470742392359505));
#4048=SURFACE_SIDE_STYLE('',(#7250));
#4049=EDGE_LOOP('',(#7251,#7252,#7253,#7254));
#4050=AXIS2_PLACEMENT_3D('',#7255,#7256,#7257);
#4051=SURFACE_SIDE_STYLE('',(#7258));
#4052=EDGE_LOOP('',(#7259,#7260,#7261,#7262));
#4053=CARTESIAN_POINT('',(0.00656397714275319,-0.00799273446634977,-0.0490742392359506));
#4054=CARTESIAN_POINT('',(0.0065639771427532,-0.00799273446634977,-0.0476742392359506));
#4055=CARTESIAN_POINT('',(0.0065639771427532,-0.00799273446634978,-0.0470742392359505));
#4056=CARTESIAN_POINT('',(0.00739747047760556,-0.00715924113149741,-0.0490742392359506));
#4057=CARTESIAN_POINT('',(0.00739747047760557,-0.00715924113149741,-0.0476742392359506));
#4058=CARTESIAN_POINT('',(0.00739747047760557,-0.00715924113149741,-0.0470742392359505));
#4059=CARTESIAN_POINT('',(0.00806390542931259,-0.00616198678965509,-0.0490742392359506));
#4060=CARTESIAN_POINT('',(0.00806390542931259,-0.00616198678965509,-0.0476742392359506));
#4061=CARTESIAN_POINT('',(0.00806390542931259,-0.00616198678965509,-0.0470742392359505));
#4062=CARTESIAN_POINT('',(0.00896595836010063,-0.0039838619124023,-0.0490742392359506));
#4063=CARTESIAN_POINT('',(0.00896595836010063,-0.00398386191240231,-0.0476742392359506));
#4064=CARTESIAN_POINT('',(0.00896595836010063,-0.00398386191240231,-0.0470742392359505));
#4065=CARTESIAN_POINT('',(0.00920008814837082,-0.00280753628298244,-0.0490742392359506));
#4066=CARTESIAN_POINT('',(0.00920008814837082,-0.00280753628298244,-0.0476742392359506));
#4067=CARTESIAN_POINT('',(0.00920008814837082,-0.00280753628298244,-0.0470742392359505));
#4068=CARTESIAN_POINT('',(0.00919994407577699,-0.000450010576205762,-0.0490742392359506));
#4069=CARTESIAN_POINT('',(0.00919994407577699,-0.000450010576205767,-0.0476742392359506));
#4070=CARTESIAN_POINT('',(0.00919994407577699,-0.000450010576205769,-0.0470742392359505));
#4071=CARTESIAN_POINT('',(0.00896609151026902,0.000726370110668971,-0.0490742392359506));
#4072=CARTESIAN_POINT('',(0.00896609151026902,0.000726370110668966,-0.0476742392359506));
#4073=CARTESIAN_POINT('',(0.00896609151026902,0.000726370110668964,-0.0470742392359505));
#4074=CARTESIAN_POINT('',(0.00806377217310121,0.0029043851046546,-0.0490742392359506));
#4075=CARTESIAN_POINT('',(0.00806377217310121,0.0029043851046546,-0.0476742392359506));
#4076=CARTESIAN_POINT('',(0.00806377217310122,0.0029043851046546,-0.0470742392359505));
#4077=CARTESIAN_POINT('',(0.00739752926492482,0.00390163547283647,-0.0490742392359506));
#4078=CARTESIAN_POINT('',(0.00739752926492483,0.00390163547283647,-0.0476742392359506));
#4079=CARTESIAN_POINT('',(0.00739752926492483,0.00390163547283647,-0.0470742392359505));
#4080=CARTESIAN_POINT('',(0.0065639771427532,0.00473518759500809,-0.0490742392359506));
#4081=CARTESIAN_POINT('',(0.00656397714275321,0.00473518759500809,-0.0476742392359506));
#4082=CARTESIAN_POINT('',(0.00656397714275321,0.00473518759500809,-0.0470742392359505));
#4083=SURFACE_SIDE_STYLE('',(#7263));
#4084=EDGE_LOOP('',(#7264));
#4085=AXIS2_PLACEMENT_3D('',#7265,#7266,#7267);
#4086=SURFACE_SIDE_STYLE('',(#7268));
#4087=EDGE_LOOP('',(#7269));
#4088=EDGE_LOOP('',(#7270));
#4089=AXIS2_PLACEMENT_3D('',#7271,#7272,#7273);
#4090=SURFACE_SIDE_STYLE('',(#7274));
#4091=EDGE_LOOP('',(#7275));
#4092=AXIS2_PLACEMENT_3D('',#7276,#7277,#7278);
#4093=SURFACE_SIDE_STYLE('',(#7279));
#4094=EDGE_LOOP('',(#7280,#7281,#7282,#7283));
#4095=AXIS2_PLACEMENT_3D('',#7284,#7285,#7286);
#4096=SURFACE_SIDE_STYLE('',(#7287));
#4097=EDGE_LOOP('',(#7288,#7289,#7290,#7291));
#4098=CARTESIAN_POINT('',(-0.00616394491860463,0.00473518759500812,-0.0490742392359505));
#4099=CARTESIAN_POINT('',(-0.00616394491860463,0.00473518759500811,-0.0476742392359505));
#4100=CARTESIAN_POINT('',(-0.00616394491860463,0.00473518759500811,-0.0470742392359504));
#4101=CARTESIAN_POINT('',(-0.00699743825344152,0.00390169426017124,-0.0490742392359505));
#4102=CARTESIAN_POINT('',(-0.00699743825344151,0.00390169426017124,-0.0476742392359505));
#4103=CARTESIAN_POINT('',(-0.00699743825344151,0.00390169426017124,-0.0470742392359504));
#4104=CARTESIAN_POINT('',(-0.00766387320517624,0.00290443991828441,-0.0490742392359505));
#4105=CARTESIAN_POINT('',(-0.00766387320517623,0.00290443991828441,-0.0476742392359505));
#4106=CARTESIAN_POINT('',(-0.00766387320517623,0.00290443991828441,-0.0470742392359504));
#4107=CARTESIAN_POINT('',(-0.00856592613593987,0.000726315041089665,-0.0490742392359505));
#4108=CARTESIAN_POINT('',(-0.00856592613593987,0.00072631504108966,-0.0476742392359505));
#4109=CARTESIAN_POINT('',(-0.00856592613593987,0.000726315041089658,-0.0470742392359504));
#4110=CARTESIAN_POINT('',(-0.00880005592422227,-0.000450010588359039,-0.0490742392359505));
#4111=CARTESIAN_POINT('',(-0.00880005592422227,-0.000450010588359044,-0.0476742392359505));
#4112=CARTESIAN_POINT('',(-0.00880005592422227,-0.000450010588359046,-0.0470742392359504));
#4113=CARTESIAN_POINT('',(-0.00879991185162844,-0.00280753629513608,-0.0490742392359505));
#4114=CARTESIAN_POINT('',(-0.00879991185162844,-0.00280753629513608,-0.0476742392359505));
#4115=CARTESIAN_POINT('',(-0.00879991185162843,-0.00280753629513608,-0.0470742392359504));
#4116=CARTESIAN_POINT('',(-0.00856605928611085,-0.00398391698203835,-0.0490742392359505));
#4117=CARTESIAN_POINT('',(-0.00856605928611084,-0.00398391698203836,-0.0476742392359505));
#4118=CARTESIAN_POINT('',(-0.00856605928611084,-0.00398391698203836,-0.0470742392359504));
#4119=CARTESIAN_POINT('',(-0.00766373994896229,-0.00616193197596854,-0.0490742392359505));
#4120=CARTESIAN_POINT('',(-0.00766373994896229,-0.00616193197596855,-0.0476742392359505));
#4121=CARTESIAN_POINT('',(-0.00766373994896228,-0.00616193197596855,-0.0470742392359504));
#4122=CARTESIAN_POINT('',(-0.00699749704076192,-0.0071591823441925,-0.0490742392359506));
#4123=CARTESIAN_POINT('',(-0.00699749704076191,-0.0071591823441925,-0.0476742392359506));
#4124=CARTESIAN_POINT('',(-0.00699749704076191,-0.0071591823441925,-0.0470742392359505));
#4125=CARTESIAN_POINT('',(-0.00616394491860466,-0.00799273446634976,-0.0490742392359506));
#4126=CARTESIAN_POINT('',(-0.00616394491860466,-0.00799273446634976,-0.0476742392359506));
#4127=CARTESIAN_POINT('',(-0.00616394491860465,-0.00799273446634976,-0.0470742392359505));
#4128=SURFACE_SIDE_STYLE('',(#7292));
#4129=EDGE_LOOP('',(#7293,#7294,#7295,#7296));
#4130=CARTESIAN_POINT('',(-0.00474973135623156,-0.00657852090397666,-0.0490742392359506));
#4131=CARTESIAN_POINT('',(-0.00474973135623156,-0.00657852090397667,-0.0476742392359506));
#4132=CARTESIAN_POINT('',(-0.00474973135623156,-0.00657852090397667,-0.0470742392359505));
#4133=CARTESIAN_POINT('',(-0.00539804289508349,-0.00593020936512473,-0.0490742392359506));
#4134=CARTESIAN_POINT('',(-0.00539804289508349,-0.00593020936512474,-0.0476742392359506));
#4135=CARTESIAN_POINT('',(-0.00539804289508349,-0.00593020936512474,-0.0470742392359505));
#4136=CARTESIAN_POINT('',(-0.00591632137479058,-0.00515469827121163,-0.0490742392359506));
#4137=CARTESIAN_POINT('',(-0.00591632137479057,-0.00515469827121163,-0.0476742392359506));
#4138=CARTESIAN_POINT('',(-0.00591632137479057,-0.00515469827121163,-0.0470742392359504));
#4139=CARTESIAN_POINT('',(-0.00661795981877263,-0.00346041674366467,-0.0490742392359505));
#4140=CARTESIAN_POINT('',(-0.00661795981877262,-0.00346041674366468,-0.0476742392359505));
#4141=CARTESIAN_POINT('',(-0.00661795981877262,-0.00346041674366468,-0.0470742392359504));
#4142=CARTESIAN_POINT('',(-0.00680005592591723,-0.00254568218975973,-0.0490742392359505));
#4143=CARTESIAN_POINT('',(-0.00680005592591722,-0.00254568218975973,-0.0476742392359505));
#4144=CARTESIAN_POINT('',(-0.00680005592591722,-0.00254568218975974,-0.0470742392359504));
#4145=CARTESIAN_POINT('',(-0.00679991184993999,-0.000711864754917806,-0.0490742392359505));
#4146=CARTESIAN_POINT('',(-0.00679991184993999,-0.000711864754917811,-0.0476742392359505));
#4147=CARTESIAN_POINT('',(-0.00679991184993998,-0.000711864754917814,-0.0470742392359504));
#4148=CARTESIAN_POINT('',(-0.00661809300117983,0.000202924878037705,-0.0490742392359505));
#4149=CARTESIAN_POINT('',(-0.00661809300117982,0.0002029248780377,-0.0476742392359505));
#4150=CARTESIAN_POINT('',(-0.00661809300117982,0.000202924878037697,-0.0470742392359504));
#4151=CARTESIAN_POINT('',(-0.00591618814069626,0.00189709651887108,-0.0490742392359505));
#4152=CARTESIAN_POINT('',(-0.00591618814069626,0.00189709651887108,-0.0476742392359505));
#4153=CARTESIAN_POINT('',(-0.00591618814069625,0.00189709651887107,-0.0470742392359504));
#4154=CARTESIAN_POINT('',(-0.00539810243300093,0.00267260295586563,-0.0490742392359505));
#4155=CARTESIAN_POINT('',(-0.00539810243300093,0.00267260295586562,-0.0476742392359505));
#4156=CARTESIAN_POINT('',(-0.00539810243300093,0.00267260295586562,-0.0470742392359504));
#4157=CARTESIAN_POINT('',(-0.00474973135623154,0.00332097403263502,-0.0490742392359505));
#4158=CARTESIAN_POINT('',(-0.00474973135623154,0.00332097403263501,-0.0476742392359505));
#4159=CARTESIAN_POINT('',(-0.00474973135623153,0.00332097403263501,-0.0470742392359504));
#4160=SURFACE_SIDE_STYLE('',(#7297));
#4161=EDGE_LOOP('',(#7298,#7299,#7300,#7301));
#4162=CARTESIAN_POINT('',(-0.00474973135623154,0.00332097403263501,-0.0490742392359505));
#4163=CARTESIAN_POINT('',(-0.00474973135623154,0.00332097403263501,-0.0476742392359505));
#4164=CARTESIAN_POINT('',(-0.00474973135623153,0.00332097403263501,-0.0470742392359504));
#4165=CARTESIAN_POINT('',(-0.00456407264641959,0.00350663274244696,-0.0490742392359505));
#4166=CARTESIAN_POINT('',(-0.00456407264641959,0.00350663274244696,-0.0476742392359505));
#4167=CARTESIAN_POINT('',(-0.00456407264641958,0.00350663274244696,-0.0470742392359504));
#4168=CARTESIAN_POINT('',(-0.00445669408953669,0.00376608730477867,-0.0490742392359505));
#4169=CARTESIAN_POINT('',(-0.00445669408953669,0.00376608730477867,-0.0476742392359505));
#4170=CARTESIAN_POINT('',(-0.00445669408953669,0.00376608730477866,-0.0470742392359504));
#4171=CARTESIAN_POINT('',(-0.00445698218510188,0.00429007396354684,-0.0490742392359505));
#4172=CARTESIAN_POINT('',(-0.00445698218510188,0.00429007396354684,-0.0476742392359505));
#4173=CARTESIAN_POINT('',(-0.00445698218510188,0.00429007396354684,-0.0470742392359504));
#4174=CARTESIAN_POINT('',(-0.00456437197917703,0.00455003187284731,-0.0490742392359505));
#4175=CARTESIAN_POINT('',(-0.00456437197917702,0.0045500318728473,-0.0476742392359505));
#4176=CARTESIAN_POINT('',(-0.00456437197917702,0.0045500318728473,-0.0470742392359504));
#4177=CARTESIAN_POINT('',(-0.00493509025789464,0.0049203428423,-0.0490742392359505));
#4178=CARTESIAN_POINT('',(-0.00493509025789463,0.00492034284229999,-0.0476742392359505));
#4179=CARTESIAN_POINT('',(-0.00493509025789463,0.00492034284229999,-0.0470742392359504));
#4180=CARTESIAN_POINT('',(-0.00519484434726349,0.00502822478150555,-0.0490742392359505));
#4181=CARTESIAN_POINT('',(-0.00519484434726348,0.00502822478150555,-0.0476742392359505));
#4182=CARTESIAN_POINT('',(-0.00519484434726348,0.00502822478150555,-0.0470742392359504));
#4183=CARTESIAN_POINT('',(-0.00571883097373229,0.00502793684666196,-0.0490742392359505));
#4184=CARTESIAN_POINT('',(-0.00571883097373229,0.00502793684666196,-0.0476742392359505));
#4185=CARTESIAN_POINT('',(-0.00571883097373228,0.00502793684666196,-0.0470742392359504));
#4186=CARTESIAN_POINT('',(-0.00597815895933607,0.00492097355427668,-0.0490742392359505));
#4187=CARTESIAN_POINT('',(-0.00597815895933607,0.00492097355427667,-0.0476742392359505));
#4188=CARTESIAN_POINT('',(-0.00597815895933606,0.00492097355427667,-0.0470742392359504));
#4189=CARTESIAN_POINT('',(-0.00616394491860463,0.00473518759500812,-0.0490742392359505));
#4190=CARTESIAN_POINT('',(-0.00616394491860463,0.00473518759500811,-0.0476742392359505));
#4191=CARTESIAN_POINT('',(-0.00616394491860463,0.00473518759500811,-0.0470742392359504));
#4192=SURFACE_SIDE_STYLE('',(#7302));
#4193=EDGE_LOOP('',(#7303,#7304,#7305,#7306));
#4194=CARTESIAN_POINT('',(-0.00616394491860466,-0.00799273446634976,-0.0490742392359506));
#4195=CARTESIAN_POINT('',(-0.00616394491860466,-0.00799273446634976,-0.0476742392359506));
#4196=CARTESIAN_POINT('',(-0.00616394491860466,-0.00799273446634976,-0.0470742392359505));
#4197=CARTESIAN_POINT('',(-0.00597828620879345,-0.00817839317616097,-0.0490742392359506));
#4198=CARTESIAN_POINT('',(-0.00597828620879345,-0.00817839317616097,-0.0476742392359506));
#4199=CARTESIAN_POINT('',(-0.00597828620879345,-0.00817839317616097,-0.0470742392359505));
#4200=CARTESIAN_POINT('',(-0.00571883164645902,-0.00828577173304461,-0.0490742392359506));
#4201=CARTESIAN_POINT('',(-0.00571883164645902,-0.00828577173304462,-0.0476742392359506));
#4202=CARTESIAN_POINT('',(-0.00571883164645902,-0.00828577173304462,-0.0470742392359505));
#4203=CARTESIAN_POINT('',(-0.0051948449876948,-0.00828548363747939,-0.0490742392359506));
#4204=CARTESIAN_POINT('',(-0.0051948449876948,-0.0082854836374794,-0.0476742392359506));
#4205=CARTESIAN_POINT('',(-0.0051948449876948,-0.0082854836374794,-0.0470742392359505));
#4206=CARTESIAN_POINT('',(-0.00493488707839233,-0.00817809384340422,-0.0490742392359506));
#4207=CARTESIAN_POINT('',(-0.00493488707839232,-0.00817809384340422,-0.0476742392359506));
#4208=CARTESIAN_POINT('',(-0.00493488707839232,-0.00817809384340423,-0.0470742392359505));
#4209=CARTESIAN_POINT('',(-0.00456457610893973,-0.00780737556468669,-0.0490742392359506));
#4210=CARTESIAN_POINT('',(-0.00456457610893973,-0.0078073755646867,-0.0476742392359506));
#4211=CARTESIAN_POINT('',(-0.00456457610893973,-0.0078073755646867,-0.0470742392359505));
#4212=CARTESIAN_POINT('',(-0.00445669416973413,-0.00754762147531616,-0.0490742392359506));
#4213=CARTESIAN_POINT('',(-0.00445669416973412,-0.00754762147531616,-0.0476742392359506));
#4214=CARTESIAN_POINT('',(-0.00445669416973412,-0.00754762147531616,-0.0470742392359505));
#4215=CARTESIAN_POINT('',(-0.00445698210457773,-0.00702363484885066,-0.0490742392359506));
#4216=CARTESIAN_POINT('',(-0.00445698210457772,-0.00702363484885066,-0.0476742392359506));
#4217=CARTESIAN_POINT('',(-0.00445698210457772,-0.00702363484885066,-0.0470742392359505));
#4218=CARTESIAN_POINT('',(-0.00456394539696362,-0.0067643068632446,-0.0490742392359506));
#4219=CARTESIAN_POINT('',(-0.00456394539696362,-0.00676430686324461,-0.0476742392359506));
#4220=CARTESIAN_POINT('',(-0.00456394539696362,-0.00676430686324461,-0.0470742392359505));
#4221=CARTESIAN_POINT('',(-0.00474973135623157,-0.00657852090397666,-0.0490742392359506));
#4222=CARTESIAN_POINT('',(-0.00474973135623156,-0.00657852090397667,-0.0476742392359506));
#4223=CARTESIAN_POINT('',(-0.00474973135623156,-0.00657852090397667,-0.0470742392359505));
#4224=SURFACE_SIDE_STYLE('',(#7307));
#4225=EDGE_LOOP('',(#7308,#7309,#7310,#7311));
#4226=AXIS2_PLACEMENT_3D('',#7312,#7313,#7314);
#4227=SURFACE_SIDE_STYLE('',(#7315));
#4228=EDGE_LOOP('',(#7316,#7317,#7318,#7319));
#4229=AXIS2_PLACEMENT_3D('',#7320,#7321,#7322);
#4230=SURFACE_SIDE_STYLE('',(#7323));
#4231=EDGE_LOOP('',(#7324,#7325,#7326,#7327));
#4232=CARTESIAN_POINT('',(-0.00969947882453735,0.00827072150094087,-0.0490742392359505));
#4233=CARTESIAN_POINT('',(-0.00969947882453735,0.00827072150094086,-0.0476742392359505));
#4234=CARTESIAN_POINT('',(-0.00969947882453735,0.00827072150094086,-0.0470742392359504));
#4235=CARTESIAN_POINT('',(-0.0109957178786945,0.00697448244678374,-0.0490742392359505));
#4236=CARTESIAN_POINT('',(-0.0109957178786945,0.00697448244678373,-0.0476742392359505));
#4237=CARTESIAN_POINT('',(-0.0109957178786945,0.00697448244678373,-0.0470742392359504));
#4238=CARTESIAN_POINT('',(-0.0120329198970653,0.00542225774474073,-0.0490742392359505));
#4239=CARTESIAN_POINT('',(-0.0120329198970653,0.00542225774474072,-0.0476742392359505));
#4240=CARTESIAN_POINT('',(-0.0120329198970653,0.00542225774474072,-0.0470742392359504));
#4241=CARTESIAN_POINT('',(-0.0134356748243305,0.00203533140508197,-0.0490742392359505));
#4242=CARTESIAN_POINT('',(-0.0134356748243305,0.00203533140508196,-0.0476742392359505));
#4243=CARTESIAN_POINT('',(-0.0134356748243305,0.00203533140508196,-0.0470742392359504));
#4244=CARTESIAN_POINT('',(-0.0138000559141756,0.000204187887992352,-0.0490742392359505));
#4245=CARTESIAN_POINT('',(-0.0138000559141756,0.000204187887992347,-0.0476742392359505));
#4246=CARTESIAN_POINT('',(-0.0138000559141756,0.000204187887992344,-0.0470742392359504));
#4247=CARTESIAN_POINT('',(-0.0137999118616656,-0.00346173502130237,-0.0490742392359505));
#4248=CARTESIAN_POINT('',(-0.0137999118616656,-0.00346173502130237,-0.0476742392359505));
#4249=CARTESIAN_POINT('',(-0.0137999118616656,-0.00346173502130237,-0.0470742392359504));
#4250=CARTESIAN_POINT('',(-0.0134358078382528,-0.00529293359490714,-0.0490742392359505));
#4251=CARTESIAN_POINT('',(-0.0134358078382528,-0.00529293359490715,-0.0476742392359505));
#4252=CARTESIAN_POINT('',(-0.0134358078382528,-0.00529293359490715,-0.0470742392359504));
#4253=CARTESIAN_POINT('',(-0.012032786648569,-0.00867974986386648,-0.0490742392359505));
#4254=CARTESIAN_POINT('',(-0.012032786648569,-0.00867974986386649,-0.0476742392359505));
#4255=CARTESIAN_POINT('',(-0.012032786648569,-0.00867974986386649,-0.0470742392359504));
#4256=CARTESIAN_POINT('',(-0.010995773073212,-0.0102319741236078,-0.0490742392359506));
#4257=CARTESIAN_POINT('',(-0.010995773073212,-0.0102319741236078,-0.0476742392359506));
#4258=CARTESIAN_POINT('',(-0.010995773073212,-0.0102319741236078,-0.0470742392359504));
#4259=CARTESIAN_POINT('',(-0.0096994788245374,-0.0115282683722825,-0.0490742392359506));
#4260=CARTESIAN_POINT('',(-0.00969947882453739,-0.0115282683722825,-0.0476742392359506));
#4261=CARTESIAN_POINT('',(-0.00969947882453739,-0.0115282683722825,-0.0470742392359505));
#4262=SURFACE_SIDE_STYLE('',(#7328));
#4263=EDGE_LOOP('',(#7329,#7330,#7331,#7332));
#4264=CARTESIAN_POINT('',(-0.0082852652621643,-0.0101140548099094,-0.0490742392359506));
#4265=CARTESIAN_POINT('',(-0.0082852652621643,-0.0101140548099094,-0.0476742392359506));
#4266=CARTESIAN_POINT('',(-0.0082852652621643,-0.0101140548099094,-0.0470742392359505));
#4267=CARTESIAN_POINT('',(-0.00939632484091918,-0.00900299523115452,-0.0490742392359506));
#4268=CARTESIAN_POINT('',(-0.00939632484091917,-0.00900299523115453,-0.0476742392359506));
#4269=CARTESIAN_POINT('',(-0.00939632484091917,-0.00900299523115453,-0.0470742392359504));
#4270=CARTESIAN_POINT('',(-0.0102853673857028,-0.00767251772313816,-0.0490742392359505));
#4271=CARTESIAN_POINT('',(-0.0102853673857028,-0.00767251772313817,-0.0476742392359505));
#4272=CARTESIAN_POINT('',(-0.0102853673857028,-0.00767251772313817,-0.0470742392359504));
#4273=CARTESIAN_POINT('',(-0.0114877091893909,-0.00476943147915883,-0.0490742392359505));
#4274=CARTESIAN_POINT('',(-0.0114877091893909,-0.00476943147915883,-0.0476742392359505));
#4275=CARTESIAN_POINT('',(-0.0114877091893909,-0.00476943147915883,-0.0470742392359504));
#4276=CARTESIAN_POINT('',(-0.0118000559087674,-0.00319988242842844,-0.0490742392359505));
#4277=CARTESIAN_POINT('',(-0.0118000559087674,-0.00319988242842845,-0.0476742392359505));
#4278=CARTESIAN_POINT('',(-0.0118000559087674,-0.00319988242842845,-0.0470742392359504));
#4279=CARTESIAN_POINT('',(-0.0117999118670758,-5.76642634052549E-05,-0.0490742392359505));
#4280=CARTESIAN_POINT('',(-0.0117999118670758,-5.76642634052601E-05,-0.0476742392359505));
#4281=CARTESIAN_POINT('',(-0.0117999118670758,-5.76642634052623E-05,-0.0470742392359504));
#4282=CARTESIAN_POINT('',(-0.0114878422252518,0.00151193984721557,-0.0490742392359505));
#4283=CARTESIAN_POINT('',(-0.0114878422252518,0.00151193984721557,-0.0476742392359505));
#4284=CARTESIAN_POINT('',(-0.0114878422252518,0.00151193984721557,-0.0470742392359504));
#4285=CARTESIAN_POINT('',(-0.0102852341735034,0.00441491603807342,-0.0490742392359505));
#4286=CARTESIAN_POINT('',(-0.0102852341735034,0.00441491603807341,-0.0476742392359505));
#4287=CARTESIAN_POINT('',(-0.0102852341735034,0.00441491603807341,-0.0470742392359504));
#4288=CARTESIAN_POINT('',(-0.00939637788378581,0.00574539531694623,-0.0490742392359505));
#4289=CARTESIAN_POINT('',(-0.0093963778837858,0.00574539531694622,-0.0476742392359505));
#4290=CARTESIAN_POINT('',(-0.0093963778837858,0.00574539531694622,-0.0470742392359504));
#4291=CARTESIAN_POINT('',(-0.00828526526216426,0.00685650793856776,-0.0490742392359505));
#4292=CARTESIAN_POINT('',(-0.00828526526216426,0.00685650793856776,-0.0476742392359505));
#4293=CARTESIAN_POINT('',(-0.00828526526216426,0.00685650793856776,-0.0470742392359504));
#4294=SURFACE_SIDE_STYLE('',(#7333));
#4295=EDGE_LOOP('',(#7334,#7335,#7336,#7337));
#4296=CARTESIAN_POINT('',(-0.00828526526216426,0.00685650793856776,-0.0490742392359505));
#4297=CARTESIAN_POINT('',(-0.00828526526216425,0.00685650793856776,-0.0476742392359505));
#4298=CARTESIAN_POINT('',(-0.00828526526216425,0.00685650793856776,-0.0470742392359504));
#4299=CARTESIAN_POINT('',(-0.00809960655235228,0.00704216664837973,-0.0490742392359505));
#4300=CARTESIAN_POINT('',(-0.00809960655235228,0.00704216664837973,-0.0476742392359505));
#4301=CARTESIAN_POINT('',(-0.00809960655235228,0.00704216664837973,-0.0470742392359504));
#4302=CARTESIAN_POINT('',(-0.00799222799546941,0.00730162121071136,-0.0490742392359505));
#4303=CARTESIAN_POINT('',(-0.0079922279954694,0.00730162121071136,-0.0476742392359505));
#4304=CARTESIAN_POINT('',(-0.0079922279954694,0.00730162121071136,-0.0470742392359504));
#4305=CARTESIAN_POINT('',(-0.00799251609103461,0.00782560786947966,-0.0490742392359505));
#4306=CARTESIAN_POINT('',(-0.0079925160910346,0.00782560786947966,-0.0476742392359505));
#4307=CARTESIAN_POINT('',(-0.0079925160910346,0.00782560786947965,-0.0470742392359504));
#4308=CARTESIAN_POINT('',(-0.00809990588510978,0.00808556577877988,-0.0490742392359505));
#4309=CARTESIAN_POINT('',(-0.00809990588510978,0.00808556577877988,-0.0476742392359505));
#4310=CARTESIAN_POINT('',(-0.00809990588510977,0.00808556577877988,-0.0470742392359504));
#4311=CARTESIAN_POINT('',(-0.00847062416382733,0.00845587674823293,-0.0490742392359505));
#4312=CARTESIAN_POINT('',(-0.00847062416382732,0.00845587674823292,-0.0476742392359505));
#4313=CARTESIAN_POINT('',(-0.00847062416382732,0.00845587674823292,-0.0470742392359504));
#4314=CARTESIAN_POINT('',(-0.00873037825319617,0.0085637586874383,-0.0490742392359505));
#4315=CARTESIAN_POINT('',(-0.00873037825319617,0.00856375868743829,-0.0476742392359505));
#4316=CARTESIAN_POINT('',(-0.00873037825319617,0.00856375868743829,-0.0470742392359504));
#4317=CARTESIAN_POINT('',(-0.00925436487966504,0.00856347075259472,-0.0490742392359505));
#4318=CARTESIAN_POINT('',(-0.00925436487966504,0.00856347075259472,-0.0476742392359505));
#4319=CARTESIAN_POINT('',(-0.00925436487966504,0.00856347075259471,-0.0470742392359504));
#4320=CARTESIAN_POINT('',(-0.00951369286526877,0.00845650746020945,-0.0490742392359505));
#4321=CARTESIAN_POINT('',(-0.00951369286526877,0.00845650746020945,-0.0476742392359505));
#4322=CARTESIAN_POINT('',(-0.00951369286526876,0.00845650746020945,-0.0470742392359504));
#4323=CARTESIAN_POINT('',(-0.00969947882453736,0.00827072150094087,-0.0490742392359505));
#4324=CARTESIAN_POINT('',(-0.00969947882453735,0.00827072150094087,-0.0476742392359505));
#4325=CARTESIAN_POINT('',(-0.00969947882453735,0.00827072150094086,-0.0470742392359504));
#4326=SURFACE_SIDE_STYLE('',(#7338));
#4327=EDGE_LOOP('',(#7339,#7340,#7341,#7342));
#4328=CARTESIAN_POINT('',(-0.0096994788245374,-0.0115282683722825,-0.0490742392359506));
#4329=CARTESIAN_POINT('',(-0.0096994788245374,-0.0115282683722825,-0.0476742392359506));
#4330=CARTESIAN_POINT('',(-0.0096994788245374,-0.0115282683722825,-0.0470742392359505));
#4331=CARTESIAN_POINT('',(-0.00951382011472655,-0.0117139270820933,-0.0490742392359506));
#4332=CARTESIAN_POINT('',(-0.00951382011472655,-0.0117139270820933,-0.0476742392359506));
#4333=CARTESIAN_POINT('',(-0.00951382011472655,-0.0117139270820933,-0.0470742392359505));
#4334=CARTESIAN_POINT('',(-0.00925436555239079,-0.0118213056389773,-0.0490742392359506));
#4335=CARTESIAN_POINT('',(-0.00925436555239079,-0.0118213056389773,-0.0476742392359506));
#4336=CARTESIAN_POINT('',(-0.00925436555239078,-0.0118213056389773,-0.0470742392359505));
#4337=CARTESIAN_POINT('',(-0.00873037889362852,-0.0118210175434121,-0.0490742392359506));
#4338=CARTESIAN_POINT('',(-0.00873037889362852,-0.0118210175434121,-0.0476742392359506));
#4339=CARTESIAN_POINT('',(-0.00873037889362851,-0.0118210175434121,-0.0470742392359505));
#4340=CARTESIAN_POINT('',(-0.00847042098432459,-0.0117136277493363,-0.0490742392359506));
#4341=CARTESIAN_POINT('',(-0.00847042098432459,-0.0117136277493363,-0.0476742392359506));
#4342=CARTESIAN_POINT('',(-0.00847042098432459,-0.0117136277493363,-0.0470742392359505));
#4343=CARTESIAN_POINT('',(-0.00810011001487295,-0.0113429094706201,-0.0490742392359506));
#4344=CARTESIAN_POINT('',(-0.00810011001487295,-0.0113429094706201,-0.0476742392359506));
#4345=CARTESIAN_POINT('',(-0.00810011001487294,-0.0113429094706201,-0.0470742392359505));
#4346=CARTESIAN_POINT('',(-0.00799222807566686,-0.011083155381248,-0.0490742392359506));
#4347=CARTESIAN_POINT('',(-0.00799222807566686,-0.011083155381248,-0.0476742392359506));
#4348=CARTESIAN_POINT('',(-0.00799222807566686,-0.011083155381248,-0.0470742392359505));
#4349=CARTESIAN_POINT('',(-0.00799251601051048,-0.0105591687547843,-0.0490742392359506));
#4350=CARTESIAN_POINT('',(-0.00799251601051048,-0.0105591687547843,-0.0476742392359506));
#4351=CARTESIAN_POINT('',(-0.00799251601051048,-0.0105591687547843,-0.0470742392359505));
#4352=CARTESIAN_POINT('',(-0.00809947930289668,-0.010299840769177,-0.0490742392359506));
#4353=CARTESIAN_POINT('',(-0.00809947930289668,-0.010299840769177,-0.0476742392359506));
#4354=CARTESIAN_POINT('',(-0.00809947930289668,-0.010299840769177,-0.0470742392359505));
#4355=CARTESIAN_POINT('',(-0.00828526526216431,-0.0101140548099094,-0.0490742392359506));
#4356=CARTESIAN_POINT('',(-0.00828526526216431,-0.0101140548099094,-0.0476742392359506));
#4357=CARTESIAN_POINT('',(-0.00828526526216431,-0.0101140548099094,-0.0470742392359505));
#4358=SURFACE_SIDE_STYLE('',(#7343));
#4359=EDGE_LOOP('',(#7344,#7345,#7346,#7347));
#4360=AXIS2_PLACEMENT_3D('',#7348,#7349,#7350);
#4362= (NAMED_UNIT(#2416)LENGTH_UNIT()SI_UNIT($,.METRE.));
#4363= (NAMED_UNIT(#2429)LENGTH_UNIT()SI_UNIT($,.METRE.));
#4364=SURFACE_STYLE_FILL_AREA(#7353);
#4365=ORIENTED_EDGE('',*,*,#7354,.T.);
#4366=ORIENTED_EDGE('',*,*,#7355,.T.);
#4367=ORIENTED_EDGE('',*,*,#7356,.F.);
#4368=ORIENTED_EDGE('',*,*,#7357,.F.);
#4369=CARTESIAN_POINT('',(0.04,0.0554007867184512,-0.0114915190253873));
#4370=DIRECTION('',(2.23738175362439E-15,-0.707106781186547,0.707106781186548));
#4371=DIRECTION('',(0.0,-0.707106781186548,-0.707106781186547));
#4372=SURFACE_STYLE_FILL_AREA(#7358);
#4373=ORIENTED_EDGE('',*,*,#7356,.T.);
#4374=ORIENTED_EDGE('',*,*,#7359,.T.);
#4375=ORIENTED_EDGE('',*,*,#7360,.F.);
#4376=ORIENTED_EDGE('',*,*,#7361,.F.);
#4377=CARTESIAN_POINT('',(0.04,0.0554154313793919,0.000925760764049185));
#4378=DIRECTION('',(1.11596205068196E-29,-1.0,-3.53105527533379E-44));
#4379=DIRECTION('',(1.0,1.11596205068196E-29,0.0));
#4380=SURFACE_STYLE_FILL_AREA(#7362);
#4381=ORIENTED_EDGE('',*,*,#7363,.T.);
#4382=ORIENTED_EDGE('',*,*,#7364,.T.);
#4383=ORIENTED_EDGE('',*,*,#7354,.F.);
#4384=ORIENTED_EDGE('',*,*,#7365,.F.);
#4385=CARTESIAN_POINT('',(0.04,-0.0370743392359505,-0.013506163686328));
#4386=DIRECTION('',(3.1641356201817E-15,0.0,1.0));
#4387=DIRECTION('',(1.0,0.0,-3.1641356201817E-15));
#4388=SURFACE_STYLE_FILL_AREA(#7366);
#4389=ORIENTED_EDGE('',*,*,#7367,.T.);
#4390=ORIENTED_EDGE('',*,*,#7368,.T.);
#4391=ORIENTED_EDGE('',*,*,#7369,.T.);
#4392=ORIENTED_EDGE('',*,*,#7370,.T.);
#4393=ORIENTED_EDGE('',*,*,#7371,.T.);
#4394=ORIENTED_EDGE('',*,*,#7372,.T.);
#4395=ORIENTED_EDGE('',*,*,#7373,.T.);
#4396=ORIENTED_EDGE('',*,*,#7374,.T.);
#4397=ORIENTED_EDGE('',*,*,#7375,.F.);
#4398=ORIENTED_EDGE('',*,*,#7376,.T.);
#4399=ORIENTED_EDGE('',*,*,#7377,.F.);
#4400=ORIENTED_EDGE('',*,*,#7378,.F.);
#4401=ORIENTED_EDGE('',*,*,#7379,.F.);
#4402=ORIENTED_EDGE('',*,*,#7380,.T.);
#4403=ORIENTED_EDGE('',*,*,#7381,.F.);
#4404=ORIENTED_EDGE('',*,*,#7382,.F.);
#4405=CARTESIAN_POINT('',(0.039,-0.0370743392359505,0.000925760764049188));
#4406=DIRECTION('',(1.0,1.11596205068196E-29,-3.1641356201817E-15));
#4407=DIRECTION('',(-3.1641356201817E-15,0.0,-1.0));
#4408=SURFACE_STYLE_FILL_AREA(#7383);
#4409=ORIENTED_EDGE('',*,*,#7384,.F.);
#4410=ORIENTED_EDGE('',*,*,#7385,.T.);
#4411=ORIENTED_EDGE('',*,*,#7386,.T.);
#4412=ORIENTED_EDGE('',*,*,#7380,.F.);
#4413=CARTESIAN_POINT('',(0.0376,0.0394154313793919,0.00792576076404943));
#4414=DIRECTION('',(1.11596205068196E-29,-1.0,-3.53105527533379E-44));
#4415=DIRECTION('',(1.0,1.11596205068196E-29,0.0));
#4416=SURFACE_STYLE_FILL_AREA(#7387);
#4417=ORIENTED_EDGE('',*,*,#7388,.F.);
#4418=ORIENTED_EDGE('',*,*,#7389,.T.);
#4419=ORIENTED_EDGE('',*,*,#7384,.T.);
#4420=ORIENTED_EDGE('',*,*,#7379,.T.);
#4421=CARTESIAN_POINT('',(0.0376,0.0404154313793919,-0.00445616368632797));
#4422=DIRECTION('',(2.23738175362439E-15,-0.707106781186548,0.707106781186548));
#4423=DIRECTION('',(0.0,-0.707106781186548,-0.707106781186548));
#4424=SURFACE_STYLE_FILL_AREA(#7390);
#4425=ORIENTED_EDGE('',*,*,#7386,.F.);
#4426=ORIENTED_EDGE('',*,*,#7391,.T.);
#4427=ORIENTED_EDGE('',*,*,#7392,.T.);
#4428=ORIENTED_EDGE('',*,*,#7381,.T.);
#4429=CARTESIAN_POINT('',(0.0376,0.0394154313793919,-0.010456163686328));
#4430=DIRECTION('',(-2.23738175362438E-15,-0.707106781186545,-0.70710678118655));
#4431=DIRECTION('',(0.0,0.70710678118655,-0.707106781186545));
#4432=SURFACE_STYLE_FILL_AREA(#7393);
#4433=ORIENTED_EDGE('',*,*,#7394,.F.);
#4434=ORIENTED_EDGE('',*,*,#7395,.T.);
#4435=ORIENTED_EDGE('',*,*,#7396,.T.);
#4436=ORIENTED_EDGE('',*,*,#7377,.T.);
#4437=CARTESIAN_POINT('',(0.0376,0.0533154313793919,-0.00545616368632797));
#4438=DIRECTION('',(2.23738175362438E-15,0.707106781186545,0.70710678118655));
#4439=DIRECTION('',(0.0,-0.70710678118655,0.707106781186545));
#4440=SURFACE_STYLE_FILL_AREA(#7397);
#4441=ORIENTED_EDGE('',*,*,#7398,.F.);
#4442=ORIENTED_EDGE('',*,*,#7399,.T.);
#4443=ORIENTED_EDGE('',*,*,#7394,.T.);
#4444=ORIENTED_EDGE('',*,*,#7376,.F.);
#4445=CARTESIAN_POINT('',(0.0376,0.0533154313793919,0.00792576076404943));
#4446=DIRECTION('',(-1.11596205068196E-29,1.0,3.53105527533379E-44));
#4447=DIRECTION('',(-1.0,-1.11596205068196E-29,0.0));
#4448=SURFACE_STYLE_FILL_AREA(#7400);
#4449=ORIENTED_EDGE('',*,*,#7401,.F.);
#4450=ORIENTED_EDGE('',*,*,#7402,.T.);
#4451=ORIENTED_EDGE('',*,*,#7398,.T.);
#4452=ORIENTED_EDGE('',*,*,#7375,.T.);
#4453=CARTESIAN_POINT('',(0.0376,0.0523154313793919,-0.011456163686328));
#4454=DIRECTION('',(-2.23738175362439E-15,0.707106781186548,-0.707106781186548));
#4455=DIRECTION('',(0.0,0.707106781186548,0.707106781186548));
#4456=SURFACE_STYLE_FILL_AREA(#7403);
#4457=ORIENTED_EDGE('',*,*,#7404,.T.);
#4458=ORIENTED_EDGE('',*,*,#7368,.F.);
#4459=ORIENTED_EDGE('',*,*,#7405,.T.);
#4460=ORIENTED_EDGE('',*,*,#7406,.F.);
#4461=CARTESIAN_POINT('',(0.0393999999999999,0.0393300760403325,-0.0134915190253873));
#4462=DIRECTION('',(0.707106781186549,0.5,0.499999999999998));
#4463=DIRECTION('',(-2.1588771306902E-15,0.707106781186548,-0.707106781186547));
#4464=SURFACE_STYLE_FILL_AREA(#7407);
#4465=ORIENTED_EDGE('',*,*,#7408,.T.);
#4466=ORIENTED_EDGE('',*,*,#7364,.F.);
#4467=ORIENTED_EDGE('',*,*,#7405,.F.);
#4468=ORIENTED_EDGE('',*,*,#7367,.F.);
#4469=CARTESIAN_POINT('',(0.0394,-0.0370743392359505,-0.013506163686328));
#4470=DIRECTION('',(0.707106781186551,7.89104333584057E-30,0.707106781186544));
#4471=DIRECTION('',(-1.11596205068196E-29,1.0,3.64817616618861E-44));
#4472=SURFACE_STYLE_FILL_AREA(#7409);
#4473=ORIENTED_EDGE('',*,*,#7410,.T.);
#4474=ORIENTED_EDGE('',*,*,#7369,.F.);
#4475=ORIENTED_EDGE('',*,*,#7404,.F.);
#4476=ORIENTED_EDGE('',*,*,#7411,.F.);
#4477=CARTESIAN_POINT('',(0.0394,0.0373154313793919,0.000925760764049187));
#4478=DIRECTION('',(0.707106781186541,0.707106781186554,-2.23738175362436E-15));
#4479=DIRECTION('',(-3.1641356201817E-15,-4.97841222228891E-60,-1.0));
#4480=SURFACE_STYLE_FILL_AREA(#7412);
#4481=ORIENTED_EDGE('',*,*,#7413,.T.);
#4482=ORIENTED_EDGE('',*,*,#7355,.F.);
#4483=ORIENTED_EDGE('',*,*,#7408,.F.);
#4484=ORIENTED_EDGE('',*,*,#7374,.F.);
#4485=CARTESIAN_POINT('',(0.0394,0.0554007867184512,-0.0114915190253873));
#4486=DIRECTION('',(0.707106781186561,-0.499999999999991,0.499999999999989));
#4487=DIRECTION('',(2.23738175362437E-15,0.707106781186548,0.707106781186547));
#4488=SURFACE_STYLE_FILL_AREA(#7414);
#4489=ORIENTED_EDGE('',*,*,#7415,.T.);
#4490=ORIENTED_EDGE('',*,*,#7370,.F.);
#4491=ORIENTED_EDGE('',*,*,#7410,.F.);
#4492=ORIENTED_EDGE('',*,*,#7416,.F.);
#4493=CARTESIAN_POINT('',(0.0394,0.0373300760403325,-0.00442080834726865));
#4494=DIRECTION('',(0.707106781186549,0.499999999999998,-0.5));
#4495=DIRECTION('',(-2.27663406509147E-15,-0.707106781186548,-0.707106781186547));
#4496=SURFACE_STYLE_FILL_AREA(#7417);
#4497=ORIENTED_EDGE('',*,*,#7418,.T.);
#4498=ORIENTED_EDGE('',*,*,#7359,.F.);
#4499=ORIENTED_EDGE('',*,*,#7413,.F.);
#4500=ORIENTED_EDGE('',*,*,#7373,.F.);
#4501=CARTESIAN_POINT('',(0.0394,0.0554154313793919,0.000925760764049187));
#4502=DIRECTION('',(0.707106781186541,-0.707106781186554,-2.23738175362436E-15));
#4503=DIRECTION('',(3.1641356201817E-15,4.97841222228891E-60,1.0));
#4504=SURFACE_STYLE_FILL_AREA(#7419);
#4505=ORIENTED_EDGE('',*,*,#7420,.T.);
#4506=ORIENTED_EDGE('',*,*,#7371,.F.);
#4507=ORIENTED_EDGE('',*,*,#7415,.F.);
#4508=ORIENTED_EDGE('',*,*,#7421,.F.);
#4509=CARTESIAN_POINT('',(0.0394,-0.0370743392359505,-0.00240616368632798));
#4510=DIRECTION('',(0.707106781186549,7.8910433358406E-30,-0.707106781186546));
#4511=DIRECTION('',(1.11596205068196E-29,-1.0,-3.64817616618861E-44));
#4512=SURFACE_STYLE_FILL_AREA(#7422);
#4513=ORIENTED_EDGE('',*,*,#7418,.F.);
#4514=ORIENTED_EDGE('',*,*,#7372,.F.);
#4515=ORIENTED_EDGE('',*,*,#7420,.F.);
#4516=ORIENTED_EDGE('',*,*,#7423,.F.);
#4517=CARTESIAN_POINT('',(0.0394,0.0534007867184512,-0.00242080834726865));
#4518=DIRECTION('',(0.707106781186551,-0.499999999999996,-0.499999999999999));
#4519=DIRECTION('',(2.23738175362439E-15,-0.707106781186548,0.707106781186547));
#4520=SURFACE_STYLE_FILL_AREA(#7424);
#4521=ORIENTED_EDGE('',*,*,#7425,.T.);
#4522=ORIENTED_EDGE('',*,*,#7426,.T.);
#4523=ORIENTED_EDGE('',*,*,#7427,.T.);
#4524=ORIENTED_EDGE('',*,*,#7428,.T.);
#4525=ORIENTED_EDGE('',*,*,#7429,.T.);
#4526=ORIENTED_EDGE('',*,*,#7430,.T.);
#4527=ORIENTED_EDGE('',*,*,#7431,.T.);
#4528=ORIENTED_EDGE('',*,*,#7432,.T.);
#4529=CARTESIAN_POINT('',(0.0372,0.000925660764049478,0.00792576076404943));
#4530=DIRECTION('',(1.0,1.11596205068196E-29,-3.1641356201817E-15));
#4531=DIRECTION('',(-3.1641356201817E-15,0.0,-1.0));
#4532=SURFACE_STYLE_FILL_AREA(#7433);
#4533=ORIENTED_EDGE('',*,*,#7389,.F.);
#4534=ORIENTED_EDGE('',*,*,#7434,.T.);
#4535=ORIENTED_EDGE('',*,*,#7425,.F.);
#4536=ORIENTED_EDGE('',*,*,#7435,.T.);
#4537=CARTESIAN_POINT('',(0.0376,0.0404154313793919,-0.00445616368632797));
#4538=DIRECTION('',(-0.707106781186552,-0.499999999999996,0.499999999999998));
#4539=DIRECTION('',(2.23738175362437E-15,0.707106781186548,0.707106781186548));
#4540=SURFACE_STYLE_FILL_AREA(#7436);
#4541=ORIENTED_EDGE('',*,*,#7432,.F.);
#4542=ORIENTED_EDGE('',*,*,#7437,.T.);
#4543=ORIENTED_EDGE('',*,*,#7385,.F.);
#4544=ORIENTED_EDGE('',*,*,#7435,.F.);
#4545=CARTESIAN_POINT('',(0.0376,0.0394154313793919,0.00792576076404943));
#4546=DIRECTION('',(-0.707106781186548,-0.707106781186548,2.23738175362438E-15));
#4547=DIRECTION('',(3.1641356201817E-15,2.78904447747368E-31,1.0));
#4548=SURFACE_STYLE_FILL_AREA(#7438);
#4549=ORIENTED_EDGE('',*,*,#7431,.F.);
#4550=ORIENTED_EDGE('',*,*,#7439,.T.);
#4551=ORIENTED_EDGE('',*,*,#7391,.F.);
#4552=ORIENTED_EDGE('',*,*,#7437,.F.);
#4553=CARTESIAN_POINT('',(0.0376,0.0394154313793919,-0.010456163686328));
#4554=DIRECTION('',(-0.707106781186551,-0.499999999999997,-0.499999999999998));
#4555=DIRECTION('',(2.23738175362438E-15,-0.70710678118655,0.707106781186545));
#4556=SURFACE_STYLE_FILL_AREA(#7440);
#4557=ORIENTED_EDGE('',*,*,#7430,.F.);
#4558=ORIENTED_EDGE('',*,*,#7441,.T.);
#4559=ORIENTED_EDGE('',*,*,#7442,.F.);
#4560=ORIENTED_EDGE('',*,*,#7439,.F.);
#4561=CARTESIAN_POINT('',(0.0372,0.000925660764049478,-0.011056163686328));
#4562=DIRECTION('',(-0.707106781186549,-7.89104333584056E-30,-0.707106781186546));
#4563=DIRECTION('',(-1.11596205068196E-29,1.0,3.45000263687053E-44));
#4564=SURFACE_STYLE_FILL_AREA(#7443);
#4565=ORIENTED_EDGE('',*,*,#7429,.F.);
#4566=ORIENTED_EDGE('',*,*,#7444,.T.);
#4567=ORIENTED_EDGE('',*,*,#7402,.F.);
#4568=ORIENTED_EDGE('',*,*,#7441,.F.);
#4569=CARTESIAN_POINT('',(0.0371999999999999,0.0360286655844348,-0.0271772440563358));
#4570=DIRECTION('',(-0.707106781186555,0.499999999999996,-0.499999999999993));
#4571=DIRECTION('',(2.19812944215728E-15,0.707106781186548,0.707106781186548));
#4572=SURFACE_STYLE_FILL_AREA(#7445);
#4573=ORIENTED_EDGE('',*,*,#7428,.F.);
#4574=ORIENTED_EDGE('',*,*,#7446,.T.);
#4575=ORIENTED_EDGE('',*,*,#7399,.F.);
#4576=ORIENTED_EDGE('',*,*,#7444,.F.);
#4577=CARTESIAN_POINT('',(0.0372,0.0529154313793919,0.00792576076404943));
#4578=DIRECTION('',(-0.707106781186548,0.707106781186548,2.23738175362438E-15));
#4579=DIRECTION('',(3.1641356201817E-15,-2.78904447747368E-31,1.0));
#4580=SURFACE_STYLE_FILL_AREA(#7447);
#4581=ORIENTED_EDGE('',*,*,#7427,.F.);
#4582=ORIENTED_EDGE('',*,*,#7448,.T.);
#4583=ORIENTED_EDGE('',*,*,#7395,.F.);
#4584=ORIENTED_EDGE('',*,*,#7446,.F.);
#4585=CARTESIAN_POINT('',(0.0372000000000001,0.0201467411340572,0.0271468411340572));
#4586=DIRECTION('',(-0.707106781186557,0.499999999999991,0.499999999999996));
#4587=DIRECTION('',(2.19812944215729E-15,-0.70710678118655,0.707106781186545));
#4588=SURFACE_STYLE_FILL_AREA(#7449);
#4589=ORIENTED_EDGE('',*,*,#7434,.F.);
#4590=ORIENTED_EDGE('',*,*,#7450,.F.);
#4591=ORIENTED_EDGE('',*,*,#7448,.F.);
#4592=ORIENTED_EDGE('',*,*,#7426,.F.);
#4593=CARTESIAN_POINT('',(0.0372,0.000925660764049478,-0.00485616368632797));
#4594=DIRECTION('',(-0.707106781186548,-7.89104333584059E-30,0.707106781186548));
#4595=DIRECTION('',(1.11596205068196E-29,-1.0,-3.54908940152957E-44));
#4596=SURFACE_STYLE_FILL_AREA(#7451);
#4597=ORIENTED_EDGE('',*,*,#7396,.F.);
#4598=ORIENTED_EDGE('',*,*,#7450,.T.);
#4599=ORIENTED_EDGE('',*,*,#7388,.T.);
#4600=ORIENTED_EDGE('',*,*,#7378,.T.);
#4601=CARTESIAN_POINT('',(0.0376,0.000925660764049478,-0.00445616368632797));
#4602=DIRECTION('',(3.1641356201817E-15,-0.0,1.0));
#4603=DIRECTION('',(1.0,0.0,-3.1641356201817E-15));
#4604=SURFACE_STYLE_FILL_AREA(#7452);
#4605=ORIENTED_EDGE('',*,*,#7392,.F.);
#4606=ORIENTED_EDGE('',*,*,#7442,.T.);
#4607=ORIENTED_EDGE('',*,*,#7401,.T.);
#4608=ORIENTED_EDGE('',*,*,#7382,.T.);
#4609=CARTESIAN_POINT('',(0.0376,0.000925660764049478,-0.011456163686328));
#4610=DIRECTION('',(-3.1641356201817E-15,0.0,-1.0));
#4611=DIRECTION('',(-1.0,0.0,3.1641356201817E-15));
#4612=SURFACE_STYLE_FILL_AREA(#7453);
#4613=ORIENTED_EDGE('',*,*,#7454,.T.);
#4614=ORIENTED_EDGE('',*,*,#7411,.T.);
#4615=ORIENTED_EDGE('',*,*,#7455,.F.);
#4616=ORIENTED_EDGE('',*,*,#7456,.F.);
#4617=CARTESIAN_POINT('',(0.04,0.0373154313793919,0.000925760764049185));
#4618=DIRECTION('',(-1.11596205068196E-29,1.0,3.53105527533379E-44));
#4619=DIRECTION('',(-1.0,-1.11596205068196E-29,0.0));
#4620=SURFACE_STYLE_FILL_AREA(#7457);
#4621=ORIENTED_EDGE('',*,*,#7458,.T.);
#4622=ORIENTED_EDGE('',*,*,#7416,.T.);
#4623=ORIENTED_EDGE('',*,*,#7454,.F.);
#4624=ORIENTED_EDGE('',*,*,#7459,.F.);
#4625=CARTESIAN_POINT('',(0.04,0.0373300760403325,-0.00442080834726865));
#4626=DIRECTION('',(-2.23738175362439E-15,0.707106781186547,-0.707106781186548));
#4627=DIRECTION('',(0.0,0.707106781186548,0.707106781186547));
#4628=SURFACE_STYLE_FILL_AREA(#7460);
#4629=ORIENTED_EDGE('',*,*,#7461,.T.);
#4630=ORIENTED_EDGE('',*,*,#7421,.T.);
#4631=ORIENTED_EDGE('',*,*,#7458,.F.);
#4632=ORIENTED_EDGE('',*,*,#7462,.F.);
#4633=CARTESIAN_POINT('',(0.04,-0.0370743392359505,-0.00240616368632798));
#4634=DIRECTION('',(-3.1641356201817E-15,0.0,-1.0));
#4635=DIRECTION('',(-1.0,0.0,3.1641356201817E-15));
#4636=SURFACE_STYLE_FILL_AREA(#7463);
#4637=ORIENTED_EDGE('',*,*,#7360,.T.);
#4638=ORIENTED_EDGE('',*,*,#7423,.T.);
#4639=ORIENTED_EDGE('',*,*,#7461,.F.);
#4640=ORIENTED_EDGE('',*,*,#7464,.F.);
#4641=CARTESIAN_POINT('',(0.04,0.0534007867184512,-0.00242080834726865));
#4642=DIRECTION('',(-2.23738175362437E-15,-0.707106781186547,-0.707106781186548));
#4643=DIRECTION('',(0.0,0.707106781186548,-0.707106781186547));
#4644=SURFACE_STYLE_FILL_AREA(#7465);
#4645=ORIENTED_EDGE('',*,*,#7455,.T.);
#4646=ORIENTED_EDGE('',*,*,#7406,.T.);
#4647=ORIENTED_EDGE('',*,*,#7363,.F.);
#4648=ORIENTED_EDGE('',*,*,#7466,.F.);
#4649=CARTESIAN_POINT('',(0.04,0.0393300760403325,-0.0134915190253873));
#4650=DIRECTION('',(2.23738175362437E-15,0.707106781186547,0.707106781186548));
#4651=DIRECTION('',(0.0,-0.707106781186548,0.707106781186547));
#4652=SURFACE_STYLE_FILL_AREA(#7467);
#4653=ORIENTED_EDGE('',*,*,#7466,.T.);
#4654=ORIENTED_EDGE('',*,*,#7365,.T.);
#4655=ORIENTED_EDGE('',*,*,#7357,.T.);
#4656=ORIENTED_EDGE('',*,*,#7361,.T.);
#4657=ORIENTED_EDGE('',*,*,#7464,.T.);
#4658=ORIENTED_EDGE('',*,*,#7462,.T.);
#4659=ORIENTED_EDGE('',*,*,#7459,.T.);
#4660=ORIENTED_EDGE('',*,*,#7456,.T.);
#4661=CARTESIAN_POINT('',(0.04,-0.0370743392359505,0.000925760764049185));
#4662=DIRECTION('',(1.0,1.11596205068196E-29,-3.1641356201817E-15));
#4663=DIRECTION('',(-3.1641356201817E-15,0.0,-1.0));
#4664=SURFACE_STYLE_FILL_AREA(#7468);
#4665=ORIENTED_EDGE('',*,*,#7469,.T.);
#4666=ORIENTED_EDGE('',*,*,#7470,.F.);
#4667=ORIENTED_EDGE('',*,*,#7471,.F.);
#4668=ORIENTED_EDGE('',*,*,#7472,.T.);
#4669=SURFACE_STYLE_FILL_AREA(#7473);
#4670=ORIENTED_EDGE('',*,*,#7474,.T.);
#4671=ORIENTED_EDGE('',*,*,#7475,.F.);
#4672=ORIENTED_EDGE('',*,*,#7469,.F.);
#4673=ORIENTED_EDGE('',*,*,#7476,.F.);
#4674=CARTESIAN_POINT('',(0.0337999999959968,0.00322705803071311,-7.4239235950653E-05));
#4675=DIRECTION('',(3.1641356201817E-15,-3.52495810318487E-15,1.0));
#4676=DIRECTION('',(0.0,-1.0,-3.52495810318487E-15));
#4677=SURFACE_STYLE_FILL_AREA(#7477);
#4678=ORIENTED_EDGE('',*,*,#7478,.T.);
#4679=ORIENTED_EDGE('',*,*,#7479,.F.);
#4680=ORIENTED_EDGE('',*,*,#7474,.F.);
#4681=ORIENTED_EDGE('',*,*,#7480,.F.);
#4682=CARTESIAN_POINT('',(0.0337999932300748,0.00922705802670535,-7.42392359506318E-05));
#4683=DIRECTION('',(-1.0,1.10690494359718E-31,3.1641356201817E-15));
#4684=DIRECTION('',(3.1641356201817E-15,0.0,1.0));
#4685=SURFACE_STYLE_FILL_AREA(#7481);
#4686=ORIENTED_EDGE('',*,*,#7482,.F.);
#4687=ORIENTED_EDGE('',*,*,#7483,.F.);
#4688=ORIENTED_EDGE('',*,*,#7478,.F.);
#4689=ORIENTED_EDGE('',*,*,#7484,.F.);
#4690=CARTESIAN_POINT('',(0.0366,0.000925660764049506,-7.42392359506701E-05));
#4691=DIRECTION('',(-6.17501288419298E-33,1.0,3.52495810318487E-15));
#4692=DIRECTION('',(0.0,-3.52495810318487E-15,1.0));
#4693=SURFACE_STYLE_FILL_AREA(#7485);
#4694=ORIENTED_EDGE('',*,*,#7486,.T.);
#4695=ORIENTED_EDGE('',*,*,#7487,.F.);
#4696=ORIENTED_EDGE('',*,*,#7488,.F.);
#4697=ORIENTED_EDGE('',*,*,#7489,.F.);
#4698=CARTESIAN_POINT('',(-0.0376,0.000925660764049506,-7.42392359504348E-05));
#4699=DIRECTION('',(0.707106781186546,2.4925217781605E-15,-0.707106781186549));
#4700=DIRECTION('',(6.86112542686551E-34,1.0,3.52495810318487E-15));
#4701=SURFACE_STYLE_FILL_AREA(#7490);
#4702=ORIENTED_EDGE('',*,*,#7491,.T.);
#4703=ORIENTED_EDGE('',*,*,#7492,.F.);
#4704=ORIENTED_EDGE('',*,*,#7486,.F.);
#4705=ORIENTED_EDGE('',*,*,#7493,.F.);
#4706=CARTESIAN_POINT('',(-0.0337999999959968,-0.00177294196528372,-7.42392359504567E-05));
#4707=DIRECTION('',(-2.23738175362439E-15,-0.707106781186545,-0.70710678118655));
#4708=DIRECTION('',(1.0,-1.01377283964213E-32,-3.1641356201817E-15));
#4709=SURFACE_STYLE_FILL_AREA(#7494);
#4710=ORIENTED_EDGE('',*,*,#7495,.F.);
#4711=ORIENTED_EDGE('',*,*,#7496,.F.);
#4712=ORIENTED_EDGE('',*,*,#7491,.F.);
#4713=ORIENTED_EDGE('',*,*,#7497,.F.);
#4714=ORIENTED_EDGE('',*,*,#7498,.T.);
#4715=ORIENTED_EDGE('',*,*,#7499,.F.);
#4716=CARTESIAN_POINT('',(-0.0337999999959968,0.00322705803071311,-7.4239235950439E-05));
#4717=DIRECTION('',(-0.0,-3.46944695195362E-15,1.0));
#4718=DIRECTION('',(0.0,-1.0,-3.46944695195362E-15));
#4719=SURFACE_STYLE_FILL_AREA(#7500);
#4720=ORIENTED_EDGE('',*,*,#7501,.T.);
#4721=ORIENTED_EDGE('',*,*,#7502,.T.);
#4722=ORIENTED_EDGE('',*,*,#7503,.F.);
#4723=ORIENTED_EDGE('',*,*,#7495,.T.);
#4724=ORIENTED_EDGE('',*,*,#7504,.F.);
#4725=ORIENTED_EDGE('',*,*,#7505,.T.);
#4726=CARTESIAN_POINT('',(-0.0279027938683825,0.0269284546324322,0.000925760764049626));
#4727=DIRECTION('',(-1.0,-1.11487251738968E-29,3.1641356201817E-15));
#4728=DIRECTION('',(-4.72032003854824E-33,-1.0,-3.52495810318487E-15));
#4729=SURFACE_STYLE_FILL_AREA(#7506);
#4730=ORIENTED_EDGE('',*,*,#7507,.F.);
#4731=ORIENTED_EDGE('',*,*,#7508,.T.);
#4732=ORIENTED_EDGE('',*,*,#7509,.T.);
#4733=ORIENTED_EDGE('',*,*,#7510,.T.);
#4734=ORIENTED_EDGE('',*,*,#7511,.F.);
#4735=ORIENTED_EDGE('',*,*,#7472,.F.);
#4736=CARTESIAN_POINT('',(0.0279027938683829,-0.0246743392359507,0.000925760764049267));
#4737=DIRECTION('',(1.0,1.11487251738968E-29,-3.1641356201817E-15));
#4738=DIRECTION('',(4.72032003854824E-33,1.0,3.52495810318487E-15));
#4739=SURFACE_STYLE_FILL_AREA(#7512);
#4740=ORIENTED_EDGE('',*,*,#7513,.T.);
#4741=ORIENTED_EDGE('',*,*,#7514,.T.);
#4742=ORIENTED_EDGE('',*,*,#7515,.F.);
#4743=ORIENTED_EDGE('',*,*,#7516,.T.);
#4744=CARTESIAN_POINT('',(0.0185,0.0673256607640495,0.000925760764049606));
#4745=DIRECTION('',(0.0,-1.0,-0.0));
#4746=DIRECTION('',(0.0,0.0,-1.0));
#4747=SURFACE_STYLE_FILL_AREA(#7517);
#4748=ORIENTED_EDGE('',*,*,#7518,.F.);
#4749=ORIENTED_EDGE('',*,*,#7519,.F.);
#4750=ORIENTED_EDGE('',*,*,#7520,.F.);
#4751=ORIENTED_EDGE('',*,*,#7514,.F.);
#4752=CARTESIAN_POINT('',(0.0165,0.0653256607640495,0.000925760764049606));
#4753=DIRECTION('',(0.0,0.0,-1.0));
#4754=DIRECTION('',(-1.0,0.0,0.0));
#4755=SURFACE_STYLE_FILL_AREA(#7521);
#4756=ORIENTED_EDGE('',*,*,#7522,.F.);
#4757=ORIENTED_EDGE('',*,*,#7516,.F.);
#4758=ORIENTED_EDGE('',*,*,#7523,.F.);
#4759=ORIENTED_EDGE('',*,*,#7524,.F.);
#4760=CARTESIAN_POINT('',(-0.0165,0.0653256607640495,0.000925760764049606));
#4761=DIRECTION('',(0.0,0.0,-1.0));
#4762=DIRECTION('',(-1.0,0.0,0.0));
#4763=SURFACE_STYLE_FILL_AREA(#7525);
#4764=ORIENTED_EDGE('',*,*,#7526,.T.);
#4765=ORIENTED_EDGE('',*,*,#7527,.T.);
#4766=ORIENTED_EDGE('',*,*,#7528,.F.);
#4767=ORIENTED_EDGE('',*,*,#7519,.T.);
#4768=CARTESIAN_POINT('',(0.0185,0.0338256607640495,0.000925760764049606));
#4769=DIRECTION('',(-1.0,0.0,0.0));
#4770=DIRECTION('',(0.0,0.0,1.0));
#4771=SURFACE_STYLE_FILL_AREA(#7529);
#4772=ORIENTED_EDGE('',*,*,#7530,.F.);
#4773=ORIENTED_EDGE('',*,*,#7531,.T.);
#4774=ORIENTED_EDGE('',*,*,#7532,.T.);
#4775=ORIENTED_EDGE('',*,*,#7524,.T.);
#4776=CARTESIAN_POINT('',(-0.0185,0.0673256607640495,0.000925760764049606));
#4777=DIRECTION('',(1.0,0.0,0.0));
#4778=DIRECTION('',(0.0,0.0,-1.0));
#4779=SURFACE_STYLE_FILL_AREA(#7533);
#4780=ORIENTED_EDGE('',*,*,#7534,.F.);
#4781=ORIENTED_EDGE('',*,*,#7535,.F.);
#4782=ORIENTED_EDGE('',*,*,#7536,.F.);
#4783=ORIENTED_EDGE('',*,*,#7527,.F.);
#4784=CARTESIAN_POINT('',(0.0165,0.0343256607640495,0.000925760764049606));
#4785=DIRECTION('',(0.0,0.0,-1.0));
#4786=DIRECTION('',(-1.0,0.0,0.0));
#4787=SURFACE_STYLE_FILL_AREA(#7537);
#4788=ORIENTED_EDGE('',*,*,#7538,.F.);
#4789=ORIENTED_EDGE('',*,*,#7531,.F.);
#4790=ORIENTED_EDGE('',*,*,#7539,.F.);
#4791=ORIENTED_EDGE('',*,*,#7540,.F.);
#4792=CARTESIAN_POINT('',(-0.0165,0.0343256607640495,0.000925760764049606));
#4793=DIRECTION('',(0.0,0.0,-1.0));
#4794=DIRECTION('',(-1.0,0.0,0.0));
#4795=SURFACE_STYLE_FILL_AREA(#7541);
#4796=ORIENTED_EDGE('',*,*,#7542,.F.);
#4797=ORIENTED_EDGE('',*,*,#7535,.T.);
#4798=ORIENTED_EDGE('',*,*,#7543,.T.);
#4799=ORIENTED_EDGE('',*,*,#7540,.T.);
#4800=CARTESIAN_POINT('',(-0.0185,0.0323256607640495,0.000925760764049606));
#4801=DIRECTION('',(-0.0,1.0,0.0));
#4802=DIRECTION('',(0.0,0.0,1.0));
#4803=SURFACE_STYLE_FILL_AREA(#7544);
#4804=ORIENTED_EDGE('',*,*,#7545,.T.);
#4805=ORIENTED_EDGE('',*,*,#7546,.T.);
#4806=CARTESIAN_POINT('',(0.0152,0.0640256607640495,0.000925760764049608));
#4807=DIRECTION('',(3.1641356201817E-15,-3.52495810318487E-15,1.0));
#4808=DIRECTION('',(0.0,-1.0,-3.52495810318487E-15));
#4809=SURFACE_STYLE_FILL_AREA(#7547);
#4810=ORIENTED_EDGE('',*,*,#7546,.F.);
#4811=ORIENTED_EDGE('',*,*,#7548,.F.);
#4812=CARTESIAN_POINT('',(-2.04033350344002E-18,0.00432566076404951,0.000424760764049441));
#4813=DIRECTION('',(3.1641356201817E-15,-3.52495810318487E-15,1.0));
#4814=DIRECTION('',(1.0,1.13768533674843E-29,-3.1641356201817E-15));
#4815=SURFACE_STYLE_FILL_AREA(#7549);
#4816=ORIENTED_EDGE('',*,*,#7550,.F.);
#4817=ORIENTED_EDGE('',*,*,#7548,.T.);
#4818=CARTESIAN_POINT('',(0.0152,0.0640256607640495,0.00232476076404959));
#4819=DIRECTION('',(0.0,0.0,-1.0));
#4820=DIRECTION('',(-1.0,0.0,0.0));
#4821=SURFACE_STYLE_FILL_AREA(#7551);
#4822=ORIENTED_EDGE('',*,*,#7552,.T.);
#4823=ORIENTED_EDGE('',*,*,#7553,.T.);
#4824=CARTESIAN_POINT('',(-0.0152,0.0640256607640495,0.000925760764049704));
#4825=DIRECTION('',(3.1641356201817E-15,-3.52495810318487E-15,1.0));
#4826=DIRECTION('',(0.0,-1.0,-3.52495810318487E-15));
#4827=SURFACE_STYLE_FILL_AREA(#7554);
#4828=ORIENTED_EDGE('',*,*,#7553,.F.);
#4829=ORIENTED_EDGE('',*,*,#7555,.F.);
#4830=CARTESIAN_POINT('',(-2.04033350344002E-18,0.00432566076404951,0.000424760764049441));
#4831=DIRECTION('',(3.1641356201817E-15,-3.52495810318487E-15,1.0));
#4832=DIRECTION('',(1.0,1.13768533674843E-29,-3.1641356201817E-15));
#4833=SURFACE_STYLE_FILL_AREA(#7556);
#4834=ORIENTED_EDGE('',*,*,#7557,.F.);
#4835=ORIENTED_EDGE('',*,*,#7555,.T.);
#4836=CARTESIAN_POINT('',(-0.0152,0.0640256607640495,0.00232476076404959));
#4837=DIRECTION('',(0.0,0.0,-1.0));
#4838=DIRECTION('',(-1.0,0.0,0.0));
#4839=SURFACE_STYLE_FILL_AREA(#7558);
#4840=ORIENTED_EDGE('',*,*,#7559,.F.);
#4841=ORIENTED_EDGE('',*,*,#7560,.F.);
#4842=CARTESIAN_POINT('',(-2.04033350344002E-18,0.00432566076404951,0.000424760764049441));
#4843=DIRECTION('',(3.1641356201817E-15,-3.52495810318487E-15,1.0));
#4844=DIRECTION('',(1.0,1.13768533674843E-29,-3.1641356201817E-15));
#4845=SURFACE_STYLE_FILL_AREA(#7561);
#4846=ORIENTED_EDGE('',*,*,#7562,.F.);
#4847=ORIENTED_EDGE('',*,*,#7560,.T.);
#4848=CARTESIAN_POINT('',(0.0152,0.0353997007966495,0.00232476076404959));
#4849=DIRECTION('',(0.0,0.0,-1.0));
#4850=DIRECTION('',(-1.0,0.0,0.0));
#4851=SURFACE_STYLE_FILL_AREA(#7563);
#4852=ORIENTED_EDGE('',*,*,#7564,.T.);
#4853=ORIENTED_EDGE('',*,*,#7559,.T.);
#4854=CARTESIAN_POINT('',(0.0152,0.0353997007966495,0.000925760764049507));
#4855=DIRECTION('',(3.1641356201817E-15,-3.52495810318487E-15,1.0));
#4856=DIRECTION('',(0.0,-1.0,-3.52495810318487E-15));
#4857=SURFACE_STYLE_FILL_AREA(#7565);
#4858=ORIENTED_EDGE('',*,*,#7566,.F.);
#4859=ORIENTED_EDGE('',*,*,#7567,.T.);
#4860=CARTESIAN_POINT('',(-0.0152,0.0353997007966495,0.00232476076404959));
#4861=DIRECTION('',(0.0,0.0,-1.0));
#4862=DIRECTION('',(-1.0,0.0,0.0));
#4863=SURFACE_STYLE_FILL_AREA(#7568);
#4864=ORIENTED_EDGE('',*,*,#7569,.F.);
#4865=ORIENTED_EDGE('',*,*,#7567,.F.);
#4866=CARTESIAN_POINT('',(-2.04033350344002E-18,0.00432566076404951,0.000424760764049441));
#4867=DIRECTION('',(3.1641356201817E-15,-3.52495810318487E-15,1.0));
#4868=DIRECTION('',(1.0,1.13768533674843E-29,-3.1641356201817E-15));
#4869=SURFACE_STYLE_FILL_AREA(#7570);
#4870=ORIENTED_EDGE('',*,*,#7571,.T.);
#4871=ORIENTED_EDGE('',*,*,#7569,.T.);
#4872=CARTESIAN_POINT('',(-0.0152,0.0353997007966495,0.000925760764049603));
#4873=DIRECTION('',(3.1641356201817E-15,-3.52495810318487E-15,1.0));
#4874=DIRECTION('',(0.0,-1.0,-3.52495810318487E-15));
#4875=SURFACE_STYLE_FILL_AREA(#7572);
#4876=ORIENTED_EDGE('',*,*,#7573,.F.);
#4877=ORIENTED_EDGE('',*,*,#7574,.T.);
#4878=ORIENTED_EDGE('',*,*,#7575,.T.);
#4879=ORIENTED_EDGE('',*,*,#7576,.T.);
#4880=ORIENTED_EDGE('',*,*,#7577,.T.);
#4881=CARTESIAN_POINT('',(-0.015,0.0379756607640495,0.00305783572853422));
#4882=DIRECTION('',(1.0,5.85630858422233E-18,-3.17701777696088E-15));
#4883=DIRECTION('',(-3.17701777696088E-15,0.0,-1.0));
#4884=SURFACE_STYLE_FILL_AREA(#7578);
#4885=ORIENTED_EDGE('',*,*,#7579,.F.);
#4886=ORIENTED_EDGE('',*,*,#7580,.T.);
#4887=ORIENTED_EDGE('',*,*,#7573,.T.);
#4888=ORIENTED_EDGE('',*,*,#7581,.T.);
#4889=CARTESIAN_POINT('',(-0.01471,0.0593256554123942,0.00309073925134277));
#4890=DIRECTION('',(-5.86928119994895E-18,-0.999998301062067,-0.00184333203206677));
#4891=DIRECTION('',(0.0,0.00184333203206677,-0.999998301062067));
#4892=SURFACE_STYLE_FILL_AREA(#7582);
#4893=ORIENTED_EDGE('',*,*,#7583,.F.);
#4894=ORIENTED_EDGE('',*,*,#7584,.T.);
#4895=ORIENTED_EDGE('',*,*,#7585,.T.);
#4896=ORIENTED_EDGE('',*,*,#7579,.T.);
#4897=ORIENTED_EDGE('',*,*,#7586,.T.);
#4898=CARTESIAN_POINT('',(0.015,0.0526756607640486,0.00308493275544167));
#4899=DIRECTION('',(-1.0,-5.85630858422224E-18,3.17701777696088E-15));
#4900=DIRECTION('',(3.17701777696088E-15,0.0,1.0));
#4901=SURFACE_STYLE_FILL_AREA(#7587);
#4902=ORIENTED_EDGE('',*,*,#7588,.T.);
#4903=ORIENTED_EDGE('',*,*,#7589,.T.);
#4904=ORIENTED_EDGE('',*,*,#7590,.T.);
#4905=ORIENTED_EDGE('',*,*,#7583,.T.);
#4906=ORIENTED_EDGE('',*,*,#7591,.T.);
#4907=ORIENTED_EDGE('',*,*,#7576,.F.);
#4908=CARTESIAN_POINT('',(0.01471,0.0443256559220764,0.00306308922482551));
#4909=DIRECTION('',(5.84210860180104E-18,0.999998301062067,0.00184333203206677));
#4910=DIRECTION('',(0.0,-0.00184333203206677,0.999998301062067));
#4911=SURFACE_STYLE_FILL_AREA(#7592);
#4912=ORIENTED_EDGE('',*,*,#7589,.F.);
#4913=ORIENTED_EDGE('',*,*,#7593,.F.);
#4914=ORIENTED_EDGE('',*,*,#7594,.F.);
#4915=ORIENTED_EDGE('',*,*,#7595,.T.);
#4916=CARTESIAN_POINT('',(0.04,0.0437270140461909,0.00292576076404983));
#4917=DIRECTION('',(4.12719246706891E-18,0.706454764287108,0.707758197420593));
#4918=DIRECTION('',(1.0,-5.84211852719782E-18,-4.11781026046813E-32));
#4919=SURFACE_STYLE_FILL_AREA(#7596);
#4920=ORIENTED_EDGE('',*,*,#7584,.F.);
#4921=ORIENTED_EDGE('',*,*,#7590,.F.);
#4922=ORIENTED_EDGE('',*,*,#7595,.F.);
#4923=ORIENTED_EDGE('',*,*,#7597,.F.);
#4924=ORIENTED_EDGE('',*,*,#7598,.F.);
#4925=CARTESIAN_POINT('',(0.0156,-0.0336743392359505,0.00292576076404929));
#4926=DIRECTION('',(-0.707106781186547,-4.96587853190001E-15,0.707106781186548));
#4927=DIRECTION('',(-5.85630858419995E-18,1.0,7.01695646032619E-15));
#4928=SURFACE_STYLE_FILL_AREA(#7599);
#4929=ORIENTED_EDGE('',*,*,#7598,.T.);
#4930=ORIENTED_EDGE('',*,*,#7600,.F.);
#4931=ORIENTED_EDGE('',*,*,#7601,.F.);
#4932=ORIENTED_EDGE('',*,*,#7574,.F.);
#4933=ORIENTED_EDGE('',*,*,#7580,.F.);
#4934=ORIENTED_EDGE('',*,*,#7585,.F.);
#4935=CARTESIAN_POINT('',(0.04,0.0599270665435038,0.00292576076404995));
#4936=DIRECTION('',(-4.15403893968475E-18,-0.707758197420594,0.706454764287107));
#4937=DIRECTION('',(-1.0,5.86929117151036E-18,4.13110208631085E-32));
#4938=SURFACE_STYLE_FILL_AREA(#7602);
#4939=ORIENTED_EDGE('',*,*,#7588,.F.);
#4940=ORIENTED_EDGE('',*,*,#7575,.F.);
#4941=ORIENTED_EDGE('',*,*,#7601,.T.);
#4942=ORIENTED_EDGE('',*,*,#7603,.F.);
#4943=ORIENTED_EDGE('',*,*,#7593,.T.);
#4944=CARTESIAN_POINT('',(-0.0156,-0.0336743392359505,0.00292576076404929));
#4945=DIRECTION('',(0.707106781186548,-4.95759646087478E-15,0.707106781186547));
#4946=DIRECTION('',(5.85630858420004E-18,-1.0,-7.01695646032619E-15));
#4947=SURFACE_STYLE_FILL_AREA(#7604);
#4948=ORIENTED_EDGE('',*,*,#7605,.T.);
#4949=ORIENTED_EDGE('',*,*,#7606,.T.);
#4950=ORIENTED_EDGE('',*,*,#7607,.F.);
#4951=ORIENTED_EDGE('',*,*,#7608,.T.);
#4952=CARTESIAN_POINT('',(0.032,0.0447756607640495,0.000925760764049494));
#4953=DIRECTION('',(-1.1124072482913E-29,-1.0,-3.52495810318487E-15));
#4954=DIRECTION('',(1.0,0.0,-3.15580275205602E-15));
#4955=SURFACE_STYLE_FILL_AREA(#7609);
#4956=ORIENTED_EDGE('',*,*,#7607,.T.);
#4957=ORIENTED_EDGE('',*,*,#7610,.T.);
#4958=ORIENTED_EDGE('',*,*,#7611,.F.);
#4959=ORIENTED_EDGE('',*,*,#7612,.F.);
#4960=CARTESIAN_POINT('',(0.032,0.0497756607640495,-0.00557523923595041));
#4961=DIRECTION('',(0.0,-0.0,1.0));
#4962=DIRECTION('',(1.0,0.0,0.0));
#4963=SURFACE_STYLE_FILL_AREA(#7613);
#4964=ORIENTED_EDGE('',*,*,#7608,.F.);
#4965=ORIENTED_EDGE('',*,*,#7612,.T.);
#4966=ORIENTED_EDGE('',*,*,#7614,.T.);
#4967=ORIENTED_EDGE('',*,*,#7615,.F.);
#4968=ORIENTED_EDGE('',*,*,#7616,.F.);
#4969=CARTESIAN_POINT('',(-1.05834996779304E-17,0.00232566076404951,-0.00227523923595049));
#4970=DIRECTION('',(3.1641356201817E-15,-3.52495810318487E-15,1.0));
#4971=DIRECTION('',(1.0,1.13768533674843E-29,-3.1641356201817E-15));
#4972=SURFACE_STYLE_FILL_AREA(#7617);
#4973=ORIENTED_EDGE('',*,*,#7618,.F.);
#4974=ORIENTED_EDGE('',*,*,#7616,.T.);
#4975=CARTESIAN_POINT('',(0.032,0.0497756607640495,-0.00557523923595041));
#4976=DIRECTION('',(0.0,-0.0,1.0));
#4977=DIRECTION('',(1.0,0.0,0.0));
#4978=SURFACE_STYLE_FILL_AREA(#7619);
#4979=ORIENTED_EDGE('',*,*,#7618,.T.);
#4980=CARTESIAN_POINT('',(0.0,0.0477756607640495,0.00192576076404965));
#4981=DIRECTION('',(0.0,0.0,-1.0));
#4982=DIRECTION('',(-1.0,0.0,0.0));
#4983=SURFACE_STYLE_FILL_AREA(#7620);
#4984=ORIENTED_EDGE('',*,*,#7611,.T.);
#4985=ORIENTED_EDGE('',*,*,#7621,.T.);
#4986=ORIENTED_EDGE('',*,*,#7622,.F.);
#4987=ORIENTED_EDGE('',*,*,#7614,.F.);
#4988=CARTESIAN_POINT('',(0.032,0.0547756607640495,0.000925760764049529));
#4989=DIRECTION('',(-1.11923183263664E-29,-1.0,-3.52495810318487E-15));
#4990=DIRECTION('',(1.0,0.0,-3.17516350513612E-15));
#4991=SURFACE_STYLE_FILL_AREA(#7623);
#4992=ORIENTED_EDGE('',*,*,#7624,.F.);
#4993=ORIENTED_EDGE('',*,*,#7625,.T.);
#4994=ORIENTED_EDGE('',*,*,#7626,.T.);
#4995=ORIENTED_EDGE('',*,*,#7627,.T.);
#4996=ORIENTED_EDGE('',*,*,#7628,.T.);
#4997=CARTESIAN_POINT('',(-0.005,0.0497756607640495,-0.00227523923595041));
#4998=DIRECTION('',(0.0,0.0,-1.0));
#4999=DIRECTION('',(-1.0,0.0,0.0));
#5000=SURFACE_STYLE_FILL_AREA(#7629);
#5001=ORIENTED_EDGE('',*,*,#7630,.F.);
#5002=ORIENTED_EDGE('',*,*,#7631,.T.);
#5003=ORIENTED_EDGE('',*,*,#7632,.T.);
#5004=ORIENTED_EDGE('',*,*,#7625,.F.);
#5005=CARTESIAN_POINT('',(-0.032,0.0497756607640495,-0.00557523923595041));
#5006=DIRECTION('',(0.0,-0.0,1.0));
#5007=DIRECTION('',(1.0,0.0,0.0));
#5008=SURFACE_STYLE_FILL_AREA(#7633);
#5009=ORIENTED_EDGE('',*,*,#7632,.F.);
#5010=ORIENTED_EDGE('',*,*,#7634,.T.);
#5011=ORIENTED_EDGE('',*,*,#7635,.T.);
#5012=ORIENTED_EDGE('',*,*,#7626,.F.);
#5013=CARTESIAN_POINT('',(-0.032,0.0447756607640495,0.000925760764049696));
#5014=DIRECTION('',(-1.13970558567268E-29,-1.0,-3.52495810318487E-15));
#5015=DIRECTION('',(0.0,3.52495810318487E-15,-1.0));
#5016=SURFACE_STYLE_FILL_AREA(#7636);
#5017=ORIENTED_EDGE('',*,*,#7637,.F.);
#5018=ORIENTED_EDGE('',*,*,#7638,.T.);
#5019=ORIENTED_EDGE('',*,*,#7630,.T.);
#5020=ORIENTED_EDGE('',*,*,#7628,.F.);
#5021=CARTESIAN_POINT('',(-0.032,0.0547756607640495,0.000925760764049731));
#5022=DIRECTION('',(1.13288100132734E-29,1.0,3.52495810318487E-15));
#5023=DIRECTION('',(0.0,-3.52495810318487E-15,1.0));
#5024=SURFACE_STYLE_FILL_AREA(#7639);
#5025=ORIENTED_EDGE('',*,*,#7640,.F.);
#5026=ORIENTED_EDGE('',*,*,#7624,.T.);
#5027=CARTESIAN_POINT('',(-0.032,0.0497756607640495,-0.00557523923595041));
#5028=DIRECTION('',(0.0,-0.0,1.0));
#5029=DIRECTION('',(1.0,0.0,0.0));
#5030=SURFACE_STYLE_FILL_AREA(#7641);
#5031=ORIENTED_EDGE('',*,*,#7640,.T.);
#5032=CARTESIAN_POINT('',(0.0,0.0477756607640495,0.00192576076404965));
#5033=DIRECTION('',(0.0,0.0,-1.0));
#5034=DIRECTION('',(-1.0,0.0,0.0));
#5035=SURFACE_STYLE_FILL_AREA(#7642);
#5036=ORIENTED_EDGE('',*,*,#7643,.T.);
#5037=ORIENTED_EDGE('',*,*,#7644,.T.);
#5038=ORIENTED_EDGE('',*,*,#7645,.F.);
#5039=ORIENTED_EDGE('',*,*,#7646,.F.);
#5040=CARTESIAN_POINT('',(0.000200016112074116,0.00287122656432934,0.000925760764049458));
#5041=DIRECTION('',(3.1641356201817E-15,-3.52495810318487E-15,1.0));
#5042=DIRECTION('',(0.0,-1.0,-3.52495810318487E-15));
#5043=SURFACE_STYLE_FILL_AREA(#7647);
#5044=ORIENTED_EDGE('',*,*,#7648,.T.);
#5045=ORIENTED_EDGE('',*,*,#7649,.T.);
#5046=ORIENTED_EDGE('',*,*,#7643,.F.);
#5047=ORIENTED_EDGE('',*,*,#7650,.F.);
#5048=CARTESIAN_POINT('',(0.0136350449546185,0.0163062554068737,0.000925760764049463));
#5049=DIRECTION('',(3.1641356201817E-15,-3.52495810318487E-15,1.0));
#5050=DIRECTION('',(0.0,-1.0,-3.52495810318487E-15));
#5051=SURFACE_STYLE_FILL_AREA(#7651);
#5052=ORIENTED_EDGE('',*,*,#7645,.T.);
#5053=ORIENTED_EDGE('',*,*,#7652,.T.);
#5054=ORIENTED_EDGE('',*,*,#7653,.F.);
#5055=ORIENTED_EDGE('',*,*,#7654,.F.);
#5056=CARTESIAN_POINT('',(0.0136350449546185,-0.0105638022782151,0.000925760764049368));
#5057=DIRECTION('',(3.1641356201817E-15,-3.52495810318487E-15,1.0));
#5058=DIRECTION('',(0.0,-1.0,-3.52495810318487E-15));
#5059=SURFACE_STYLE_FILL_AREA(#7655);
#5060=ORIENTED_EDGE('',*,*,#7653,.T.);
#5061=ORIENTED_EDGE('',*,*,#7656,.T.);
#5062=ORIENTED_EDGE('',*,*,#7648,.F.);
#5063=ORIENTED_EDGE('',*,*,#7657,.F.);
#5064=CARTESIAN_POINT('',(0.000200016112074116,0.00287122656432934,0.000925760764049458));
#5065=DIRECTION('',(3.1641356201817E-15,-3.52495810318487E-15,1.0));
#5066=DIRECTION('',(0.0,-1.0,-3.52495810318487E-15));
#5067=SURFACE_STYLE_FILL_AREA(#7658);
#5068=ORIENTED_EDGE('',*,*,#7659,.T.);
#5069=ORIENTED_EDGE('',*,*,#7660,.T.);
#5070=ORIENTED_EDGE('',*,*,#7661,.F.);
#5071=ORIENTED_EDGE('',*,*,#7662,.F.);
#5072=CARTESIAN_POINT('',(0.000200016112074116,0.00287122656432934,0.000925760764049458));
#5073=DIRECTION('',(3.1641356201817E-15,-3.52495810318487E-15,1.0));
#5074=DIRECTION('',(0.0,-1.0,-3.52495810318487E-15));
#5075=SURFACE_STYLE_FILL_AREA(#7663);
#5076=ORIENTED_EDGE('',*,*,#7664,.T.);
#5077=ORIENTED_EDGE('',*,*,#7665,.T.);
#5078=ORIENTED_EDGE('',*,*,#7659,.F.);
#5079=ORIENTED_EDGE('',*,*,#7666,.F.);
#5080=CARTESIAN_POINT('',(0.00939240426749924,0.0120636147197545,0.000925760764049461));
#5081=DIRECTION('',(3.1641356201817E-15,-3.52495810318487E-15,1.0));
#5082=DIRECTION('',(0.0,-1.0,-3.52495810318487E-15));
#5083=SURFACE_STYLE_FILL_AREA(#7667);
#5084=ORIENTED_EDGE('',*,*,#7661,.T.);
#5085=ORIENTED_EDGE('',*,*,#7668,.T.);
#5086=ORIENTED_EDGE('',*,*,#7669,.F.);
#5087=ORIENTED_EDGE('',*,*,#7670,.F.);
#5088=CARTESIAN_POINT('',(0.00939240426749922,-0.00632116159109579,0.000925760764049396));
#5089=DIRECTION('',(3.1641356201817E-15,-3.52495810318487E-15,1.0));
#5090=DIRECTION('',(0.0,-1.0,-3.52495810318487E-15));
#5091=SURFACE_STYLE_FILL_AREA(#7671);
#5092=ORIENTED_EDGE('',*,*,#7669,.T.);
#5093=ORIENTED_EDGE('',*,*,#7672,.T.);
#5094=ORIENTED_EDGE('',*,*,#7664,.F.);
#5095=ORIENTED_EDGE('',*,*,#7673,.F.);
#5096=CARTESIAN_POINT('',(0.000200016112074116,0.00287122656432934,0.000925760764049458));
#5097=DIRECTION('',(3.1641356201817E-15,-3.52495810318487E-15,1.0));
#5098=DIRECTION('',(0.0,-1.0,-3.52495810318487E-15));
#5099=SURFACE_STYLE_FILL_AREA(#7674);
#5100=ORIENTED_EDGE('',*,*,#7675,.T.);
#5101=ORIENTED_EDGE('',*,*,#7676,.T.);
#5102=ORIENTED_EDGE('',*,*,#7677,.F.);
#5103=ORIENTED_EDGE('',*,*,#7678,.F.);
#5104=CARTESIAN_POINT('',(0.000200016112074116,0.00287122656432934,0.000925760764049458));
#5105=DIRECTION('',(3.1641356201817E-15,-3.52495810318487E-15,1.0));
#5106=DIRECTION('',(0.0,-1.0,-3.52495810318487E-15));
#5107=SURFACE_STYLE_FILL_AREA(#7679);
#5108=ORIENTED_EDGE('',*,*,#7680,.T.);
#5109=ORIENTED_EDGE('',*,*,#7681,.T.);
#5110=ORIENTED_EDGE('',*,*,#7675,.F.);
#5111=ORIENTED_EDGE('',*,*,#7682,.F.);
#5112=CARTESIAN_POINT('',(0.0058568703615665,0.00852808081382172,0.00092576076404946));
#5113=DIRECTION('',(3.1641356201817E-15,-3.52495810318487E-15,1.0));
#5114=DIRECTION('',(0.0,-1.0,-3.52495810318487E-15));
#5115=SURFACE_STYLE_FILL_AREA(#7683);
#5116=ORIENTED_EDGE('',*,*,#7677,.T.);
#5117=ORIENTED_EDGE('',*,*,#7684,.T.);
#5118=ORIENTED_EDGE('',*,*,#7685,.F.);
#5119=ORIENTED_EDGE('',*,*,#7686,.F.);
#5120=CARTESIAN_POINT('',(0.00585687036156649,-0.00278562768516305,0.00092576076404942));
#5121=DIRECTION('',(3.1641356201817E-15,-3.52495810318487E-15,1.0));
#5122=DIRECTION('',(0.0,-1.0,-3.52495810318487E-15));
#5123=SURFACE_STYLE_FILL_AREA(#7687);
#5124=ORIENTED_EDGE('',*,*,#7685,.T.);
#5125=ORIENTED_EDGE('',*,*,#7688,.T.);
#5126=ORIENTED_EDGE('',*,*,#7680,.F.);
#5127=ORIENTED_EDGE('',*,*,#7689,.F.);
#5128=CARTESIAN_POINT('',(0.000200016112074116,0.00287122656432934,0.000925760764049458));
#5129=DIRECTION('',(3.1641356201817E-15,-3.52495810318487E-15,1.0));
#5130=DIRECTION('',(0.0,-1.0,-3.52495810318487E-15));
#5131=SURFACE_STYLE_FILL_AREA(#7690);
#5132=ORIENTED_EDGE('',*,*,#7691,.F.);
#5133=ORIENTED_EDGE('',*,*,#7692,.T.);
#5134=CARTESIAN_POINT('',(0.000200016112074116,0.00287122656432934,0.000925760764049458));
#5135=DIRECTION('',(3.1641356201817E-15,-3.52495810318487E-15,1.0));
#5136=DIRECTION('',(0.0,-1.0,-3.52495810318487E-15));
#5137=SURFACE_STYLE_FILL_AREA(#7693);
#5138=ORIENTED_EDGE('',*,*,#7694,.T.);
#5139=ORIENTED_EDGE('',*,*,#7695,.T.);
#5140=ORIENTED_EDGE('',*,*,#7696,.F.);
#5141=ORIENTED_EDGE('',*,*,#7697,.F.);
#5142=CARTESIAN_POINT('',(0.000200016112074116,0.00287122656432934,0.000925760764049458));
#5143=DIRECTION('',(3.1641356201817E-15,-3.52495810318487E-15,1.0));
#5144=DIRECTION('',(0.0,-1.0,-3.52495810318487E-15));
#5145=SURFACE_STYLE_FILL_AREA(#7698);
#5146=ORIENTED_EDGE('',*,*,#7699,.T.);
#5147=ORIENTED_EDGE('',*,*,#7700,.T.);
#5148=ORIENTED_EDGE('',*,*,#7694,.F.);
#5149=ORIENTED_EDGE('',*,*,#7701,.F.);
#5150=CARTESIAN_POINT('',(-0.00545683813741824,0.00852808081382174,0.000925760764049496));
#5151=DIRECTION('',(3.1641356201817E-15,-3.52495810318487E-15,1.0));
#5152=DIRECTION('',(0.0,-1.0,-3.52495810318487E-15));
#5153=SURFACE_STYLE_FILL_AREA(#7702);
#5154=ORIENTED_EDGE('',*,*,#7696,.T.);
#5155=ORIENTED_EDGE('',*,*,#7703,.T.);
#5156=ORIENTED_EDGE('',*,*,#7704,.F.);
#5157=ORIENTED_EDGE('',*,*,#7705,.F.);
#5158=CARTESIAN_POINT('',(-0.00545683813741827,-0.00278562768516303,0.000925760764049456));
#5159=DIRECTION('',(3.1641356201817E-15,-3.52495810318487E-15,1.0));
#5160=DIRECTION('',(0.0,-1.0,-3.52495810318487E-15));
#5161=SURFACE_STYLE_FILL_AREA(#7706);
#5162=ORIENTED_EDGE('',*,*,#7704,.T.);
#5163=ORIENTED_EDGE('',*,*,#7707,.T.);
#5164=ORIENTED_EDGE('',*,*,#7699,.F.);
#5165=ORIENTED_EDGE('',*,*,#7708,.F.);
#5166=CARTESIAN_POINT('',(0.000200016112074116,0.00287122656432934,0.000925760764049458));
#5167=DIRECTION('',(3.1641356201817E-15,-3.52495810318487E-15,1.0));
#5168=DIRECTION('',(0.0,-1.0,-3.52495810318487E-15));
#5169=SURFACE_STYLE_FILL_AREA(#7709);
#5170=ORIENTED_EDGE('',*,*,#7710,.T.);
#5171=ORIENTED_EDGE('',*,*,#7711,.T.);
#5172=ORIENTED_EDGE('',*,*,#7712,.F.);
#5173=ORIENTED_EDGE('',*,*,#7713,.F.);
#5174=CARTESIAN_POINT('',(0.000200016112074116,0.00287122656432934,0.000925760764049458));
#5175=DIRECTION('',(3.1641356201817E-15,-3.52495810318487E-15,1.0));
#5176=DIRECTION('',(0.0,-1.0,-3.52495810318487E-15));
#5177=SURFACE_STYLE_FILL_AREA(#7714);
#5178=ORIENTED_EDGE('',*,*,#7715,.T.);
#5179=ORIENTED_EDGE('',*,*,#7716,.T.);
#5180=ORIENTED_EDGE('',*,*,#7710,.F.);
#5181=ORIENTED_EDGE('',*,*,#7717,.F.);
#5182=CARTESIAN_POINT('',(-0.00899237204335097,0.0120636147197545,0.000925760764049519));
#5183=DIRECTION('',(3.1641356201817E-15,-3.52495810318487E-15,1.0));
#5184=DIRECTION('',(0.0,-1.0,-3.52495810318487E-15));
#5185=SURFACE_STYLE_FILL_AREA(#7718);
#5186=ORIENTED_EDGE('',*,*,#7712,.T.);
#5187=ORIENTED_EDGE('',*,*,#7719,.T.);
#5188=ORIENTED_EDGE('',*,*,#7720,.F.);
#5189=ORIENTED_EDGE('',*,*,#7721,.F.);
#5190=CARTESIAN_POINT('',(-0.00899237204335102,-0.00632116159109577,0.000925760764049454));
#5191=DIRECTION('',(3.1641356201817E-15,-3.52495810318487E-15,1.0));
#5192=DIRECTION('',(0.0,-1.0,-3.52495810318487E-15));
#5193=SURFACE_STYLE_FILL_AREA(#7722);
#5194=ORIENTED_EDGE('',*,*,#7720,.T.);
#5195=ORIENTED_EDGE('',*,*,#7723,.T.);
#5196=ORIENTED_EDGE('',*,*,#7715,.F.);
#5197=ORIENTED_EDGE('',*,*,#7724,.F.);
#5198=CARTESIAN_POINT('',(0.000200016112074116,0.00287122656432934,0.000925760764049458));
#5199=DIRECTION('',(3.1641356201817E-15,-3.52495810318487E-15,1.0));
#5200=DIRECTION('',(0.0,-1.0,-3.52495810318487E-15));
#5201=SURFACE_STYLE_FILL_AREA(#7725);
#5202=ORIENTED_EDGE('',*,*,#7726,.T.);
#5203=ORIENTED_EDGE('',*,*,#7727,.T.);
#5204=ORIENTED_EDGE('',*,*,#7728,.F.);
#5205=ORIENTED_EDGE('',*,*,#7729,.F.);
#5206=CARTESIAN_POINT('',(0.000200016112074116,0.00287122656432934,0.000925760764049458));
#5207=DIRECTION('',(3.1641356201817E-15,-3.52495810318487E-15,1.0));
#5208=DIRECTION('',(0.0,-1.0,-3.52495810318487E-15));
#5209=SURFACE_STYLE_FILL_AREA(#7730);
#5210=ORIENTED_EDGE('',*,*,#7731,.T.);
#5211=ORIENTED_EDGE('',*,*,#7732,.T.);
#5212=ORIENTED_EDGE('',*,*,#7726,.F.);
#5213=ORIENTED_EDGE('',*,*,#7733,.F.);
#5214=CARTESIAN_POINT('',(-0.0132350127304702,0.0163062554068738,0.000925760764049548));
#5215=DIRECTION('',(3.1641356201817E-15,-3.52495810318487E-15,1.0));
#5216=DIRECTION('',(0.0,-1.0,-3.52495810318487E-15));
#5217=SURFACE_STYLE_FILL_AREA(#7734);
#5218=ORIENTED_EDGE('',*,*,#7728,.T.);
#5219=ORIENTED_EDGE('',*,*,#7735,.T.);
#5220=ORIENTED_EDGE('',*,*,#7736,.F.);
#5221=ORIENTED_EDGE('',*,*,#7737,.F.);
#5222=CARTESIAN_POINT('',(-0.0132350127304703,-0.010563802278215,0.000925760764049453));
#5223=DIRECTION('',(3.1641356201817E-15,-3.52495810318487E-15,1.0));
#5224=DIRECTION('',(0.0,-1.0,-3.52495810318487E-15));
#5225=SURFACE_STYLE_FILL_AREA(#7738);
#5226=ORIENTED_EDGE('',*,*,#7736,.T.);
#5227=ORIENTED_EDGE('',*,*,#7739,.T.);
#5228=ORIENTED_EDGE('',*,*,#7731,.F.);
#5229=ORIENTED_EDGE('',*,*,#7740,.F.);
#5230=CARTESIAN_POINT('',(0.000200016112074116,0.00287122656432934,0.000925760764049458));
#5231=DIRECTION('',(3.1641356201817E-15,-3.52495810318487E-15,1.0));
#5232=DIRECTION('',(0.0,-1.0,-3.52495810318487E-15));
#5233=SURFACE_STYLE_FILL_AREA(#7741);
#5234=ORIENTED_EDGE('',*,*,#7742,.T.);
#5235=ORIENTED_EDGE('',*,*,#7743,.T.);
#5236=ORIENTED_EDGE('',*,*,#7744,.F.);
#5237=ORIENTED_EDGE('',*,*,#7745,.T.);
#5238=CARTESIAN_POINT('',(0.0258027938683829,0.0311284546324322,0.00092576076404947));
#5239=DIRECTION('',(1.11530198684086E-29,1.0,3.52495810318487E-15));
#5240=DIRECTION('',(-1.0,-4.25625526746622E-34,3.1641356201817E-15));
#5241=SURFACE_STYLE_FILL_AREA(#7746);
#5242=ORIENTED_EDGE('',*,*,#7747,.F.);
#5243=ORIENTED_EDGE('',*,*,#7505,.F.);
#5244=ORIENTED_EDGE('',*,*,#7748,.F.);
#5245=ORIENTED_EDGE('',*,*,#7743,.F.);
#5246=CARTESIAN_POINT('',(-0.025902794533327,0.0291284552973767,0.000925760764049627));
#5247=DIRECTION('',(3.1641356201817E-15,-3.52495810318487E-15,1.0));
#5248=DIRECTION('',(0.0,-1.0,-3.52495810318487E-15));
#5249=SURFACE_STYLE_FILL_AREA(#7749);
#5250=ORIENTED_EDGE('',*,*,#7750,.F.);
#5251=ORIENTED_EDGE('',*,*,#7745,.F.);
#5252=ORIENTED_EDGE('',*,*,#7751,.F.);
#5253=ORIENTED_EDGE('',*,*,#7510,.F.);
#5254=CARTESIAN_POINT('',(0.0259027945333274,0.0291284552973767,0.000925760764049463));
#5255=DIRECTION('',(3.1641356201817E-15,-3.52495810318487E-15,1.0));
#5256=DIRECTION('',(0.0,-1.0,-3.52495810318487E-15));
#5257=SURFACE_STYLE_FILL_AREA(#7752);
#5258=ORIENTED_EDGE('',*,*,#7753,.T.);
#5259=ORIENTED_EDGE('',*,*,#7754,.F.);
#5260=ORIENTED_EDGE('',*,*,#7755,.T.);
#5261=ORIENTED_EDGE('',*,*,#7756,.F.);
#5262=CARTESIAN_POINT('',(0.0333,-0.0223743392359505,-7.42392359507419E-05));
#5263=DIRECTION('',(3.1641356201817E-15,-3.52495810318487E-15,1.0));
#5264=DIRECTION('',(0.0,-1.0,-3.52495810318487E-15));
#5265=SURFACE_STYLE_FILL_AREA(#7757);
#5266=ORIENTED_EDGE('',*,*,#7758,.F.);
#5267=ORIENTED_EDGE('',*,*,#7759,.T.);
#5268=ORIENTED_EDGE('',*,*,#7760,.F.);
#5269=ORIENTED_EDGE('',*,*,#7755,.F.);
#5270=CARTESIAN_POINT('',(-3.61923717791089E-18,-0.0188743392359505,-7.42392359506241E-05));
#5271=DIRECTION('',(-1.0,2.52236637404344E-32,3.1641356201817E-15));
#5272=DIRECTION('',(3.1641356201817E-15,0.0,1.0));
#5273=SURFACE_STYLE_FILL_AREA(#7761);
#5274=ORIENTED_EDGE('',*,*,#7762,.T.);
#5275=ORIENTED_EDGE('',*,*,#7763,.F.);
#5276=ORIENTED_EDGE('',*,*,#7753,.F.);
#5277=ORIENTED_EDGE('',*,*,#7764,.F.);
#5278=CARTESIAN_POINT('',(0.0298,-0.0290743392359505,-7.42392359507545E-05));
#5279=DIRECTION('',(-3.87653586619114E-32,1.0,3.52495810318487E-15));
#5280=DIRECTION('',(0.0,-3.52495810318487E-15,1.0));
#5281=SURFACE_STYLE_FILL_AREA(#7765);
#5282=ORIENTED_EDGE('',*,*,#7766,.T.);
#5283=ORIENTED_EDGE('',*,*,#7767,.F.);
#5284=ORIENTED_EDGE('',*,*,#7762,.F.);
#5285=ORIENTED_EDGE('',*,*,#7768,.F.);
#5286=CARTESIAN_POINT('',(-3.61923717791096E-18,-0.0256743392359505,-7.42392359506482E-05));
#5287=DIRECTION('',(-1.0,1.3376185316877E-33,3.1641356201817E-15));
#5288=DIRECTION('',(3.1641356201817E-15,0.0,1.0));
#5289=SURFACE_STYLE_FILL_AREA(#7769);
#5290=ORIENTED_EDGE('',*,*,#7770,.F.);
#5291=ORIENTED_EDGE('',*,*,#7482,.T.);
#5292=ORIENTED_EDGE('',*,*,#7771,.F.);
#5293=ORIENTED_EDGE('',*,*,#7772,.T.);
#5294=CARTESIAN_POINT('',(0.04,0.0159256607640495,-7.42392359506279E-05));
#5295=DIRECTION('',(-1.0,-2.25484266770114E-32,3.1641356201817E-15));
#5296=DIRECTION('',(3.1641356201817E-15,0.0,1.0));
#5297=SURFACE_STYLE_FILL_AREA(#7773);
#5298=ORIENTED_EDGE('',*,*,#7774,.T.);
#5299=ORIENTED_EDGE('',*,*,#7775,.F.);
#5300=ORIENTED_EDGE('',*,*,#7766,.F.);
#5301=ORIENTED_EDGE('',*,*,#7776,.F.);
#5302=CARTESIAN_POINT('',(-0.0298,0.000925660764049506,-7.423923595046E-05));
#5303=DIRECTION('',(4.11667525612351E-33,1.0,3.52495810318487E-15));
#5304=DIRECTION('',(0.0,-3.52495810318487E-15,1.0));
#5305=SURFACE_STYLE_FILL_AREA(#7777);
#5306=ORIENTED_EDGE('',*,*,#7778,.T.);
#5307=ORIENTED_EDGE('',*,*,#7779,.F.);
#5308=ORIENTED_EDGE('',*,*,#7772,.F.);
#5309=ORIENTED_EDGE('',*,*,#7780,.F.);
#5310=CARTESIAN_POINT('',(0.0337999999959968,0.0209256607600463,-7.42392359505907E-05));
#5311=DIRECTION('',(3.1641356201817E-15,-3.52495810318487E-15,1.0));
#5312=DIRECTION('',(0.0,-1.0,-3.52495810318487E-15));
#5313=SURFACE_STYLE_FILL_AREA(#7781);
#5314=ORIENTED_EDGE('',*,*,#7782,.T.);
#5315=ORIENTED_EDGE('',*,*,#7783,.F.);
#5316=ORIENTED_EDGE('',*,*,#7774,.F.);
#5317=ORIENTED_EDGE('',*,*,#7784,.F.);
#5318=CARTESIAN_POINT('',(-0.0333,-0.0223743392359505,-7.42392359505312E-05));
#5319=DIRECTION('',(3.1641356201817E-15,-3.52495810318487E-15,1.0));
#5320=DIRECTION('',(0.0,-1.0,-3.52495810318487E-15));
#5321=SURFACE_STYLE_FILL_AREA(#7785);
#5322=ORIENTED_EDGE('',*,*,#7786,.T.);
#5323=ORIENTED_EDGE('',*,*,#7787,.F.);
#5324=ORIENTED_EDGE('',*,*,#7778,.F.);
#5325=ORIENTED_EDGE('',*,*,#7788,.F.);
#5326=CARTESIAN_POINT('',(-3.61923717791039E-18,0.0259256607640495,-7.42392359504661E-05));
#5327=DIRECTION('',(-1.0,-2.25484266770114E-32,3.1641356201817E-15));
#5328=DIRECTION('',(3.1641356201817E-15,0.0,1.0));
#5329=SURFACE_STYLE_FILL_AREA(#7789);
#5330=ORIENTED_EDGE('',*,*,#7790,.F.);
#5331=ORIENTED_EDGE('',*,*,#7488,.T.);
#5332=ORIENTED_EDGE('',*,*,#7791,.F.);
#5333=ORIENTED_EDGE('',*,*,#7782,.F.);
#5334=CARTESIAN_POINT('',(-0.032,-0.0188743392359505,-7.42392359505229E-05));
#5335=DIRECTION('',(1.0,2.25484266770212E-32,-3.1641356201817E-15));
#5336=DIRECTION('',(-3.1641356201817E-15,0.0,-1.0));
#5337=SURFACE_STYLE_FILL_AREA(#7792);
#5338=ORIENTED_EDGE('',*,*,#7793,.T.);
#5339=ORIENTED_EDGE('',*,*,#7794,.F.);
#5340=ORIENTED_EDGE('',*,*,#7786,.F.);
#5341=ORIENTED_EDGE('',*,*,#7795,.F.);
#5342=CARTESIAN_POINT('',(0.0366,0.000925660764049506,-7.42392359506707E-05));
#5343=DIRECTION('',(6.17501288419298E-33,-1.0,-3.52495810318487E-15));
#5344=DIRECTION('',(0.0,3.52495810318487E-15,-1.0));
#5345=SURFACE_STYLE_FILL_AREA(#7796);
#5346=ORIENTED_EDGE('',*,*,#7797,.T.);
#5347=ORIENTED_EDGE('',*,*,#7606,.F.);
#5348=ORIENTED_EDGE('',*,*,#7793,.F.);
#5349=ORIENTED_EDGE('',*,*,#7798,.F.);
#5350=CARTESIAN_POINT('',(-3.61923717791019E-18,0.0437756607640495,-7.42392359504032E-05));
#5351=DIRECTION('',(1.0,2.93730110223684E-32,-3.1641356201817E-15));
#5352=DIRECTION('',(-3.1641356201817E-15,0.0,-1.0));
#5353=SURFACE_STYLE_FILL_AREA(#7799);
#5354=ORIENTED_EDGE('',*,*,#7800,.F.);
#5355=ORIENTED_EDGE('',*,*,#7801,.T.);
#5356=ORIENTED_EDGE('',*,*,#7802,.F.);
#5357=ORIENTED_EDGE('',*,*,#7803,.T.);
#5358=CARTESIAN_POINT('',(-3.6192371779105E-18,0.0159256607640495,-7.42392359505014E-05));
#5359=DIRECTION('',(1.0,2.25484266770324E-32,-3.1641356201817E-15));
#5360=DIRECTION('',(-3.1641356201817E-15,0.0,-1.0));
#5361=SURFACE_STYLE_FILL_AREA(#7804);
#5362=ORIENTED_EDGE('',*,*,#7805,.T.);
#5363=ORIENTED_EDGE('',*,*,#7610,.F.);
#5364=ORIENTED_EDGE('',*,*,#7797,.F.);
#5365=ORIENTED_EDGE('',*,*,#7806,.F.);
#5366=CARTESIAN_POINT('',(0.032,0.0497756607640495,-7.42392359504834E-05));
#5367=DIRECTION('',(3.1641356201817E-15,-3.52495810318487E-15,1.0));
#5368=DIRECTION('',(0.0,-1.0,-3.52495810318487E-15));
#5369=SURFACE_STYLE_FILL_AREA(#7807);
#5370=ORIENTED_EDGE('',*,*,#7808,.T.);
#5371=ORIENTED_EDGE('',*,*,#7809,.F.);
#5372=ORIENTED_EDGE('',*,*,#7803,.F.);
#5373=ORIENTED_EDGE('',*,*,#7810,.F.);
#5374=CARTESIAN_POINT('',(-0.0337999999959968,0.0209256607600463,-7.4239235950377E-05));
#5375=DIRECTION('',(3.1641356201817E-15,-3.52495810318487E-15,1.0));
#5376=DIRECTION('',(0.0,-1.0,-3.52495810318487E-15));
#5377=SURFACE_STYLE_FILL_AREA(#7811);
#5378=ORIENTED_EDGE('',*,*,#7812,.T.);
#5379=ORIENTED_EDGE('',*,*,#7621,.F.);
#5380=ORIENTED_EDGE('',*,*,#7805,.F.);
#5381=ORIENTED_EDGE('',*,*,#7813,.F.);
#5382=CARTESIAN_POINT('',(0.032,0.0557756607640495,-7.42392359504621E-05));
#5383=DIRECTION('',(-1.0,3.88728324310868E-32,3.1641356201817E-15));
#5384=DIRECTION('',(3.1641356201817E-15,0.0,1.0));
#5385=SURFACE_STYLE_FILL_AREA(#7814);
#5386=ORIENTED_EDGE('',*,*,#7815,.T.);
#5387=ORIENTED_EDGE('',*,*,#7816,.F.);
#5388=ORIENTED_EDGE('',*,*,#7808,.F.);
#5389=ORIENTED_EDGE('',*,*,#7817,.F.);
#5390=CARTESIAN_POINT('',(-0.032,0.0259256607640495,-7.4239235950365E-05));
#5391=DIRECTION('',(1.0,2.25484266770324E-32,-3.1641356201817E-15));
#5392=DIRECTION('',(-3.1641356201817E-15,0.0,-1.0));
#5393=SURFACE_STYLE_FILL_AREA(#7818);
#5394=ORIENTED_EDGE('',*,*,#7819,.T.);
#5395=ORIENTED_EDGE('',*,*,#7820,.F.);
#5396=ORIENTED_EDGE('',*,*,#7812,.F.);
#5397=ORIENTED_EDGE('',*,*,#7821,.F.);
#5398=CARTESIAN_POINT('',(0.0366,0.000925660764049506,-7.42392359506707E-05));
#5399=DIRECTION('',(6.17501288419298E-33,-1.0,-3.52495810318487E-15));
#5400=DIRECTION('',(0.0,3.52495810318487E-15,-1.0));
#5401=SURFACE_STYLE_FILL_AREA(#7822);
#5402=ORIENTED_EDGE('',*,*,#7823,.T.);
#5403=ORIENTED_EDGE('',*,*,#7824,.F.);
#5404=ORIENTED_EDGE('',*,*,#7815,.F.);
#5405=ORIENTED_EDGE('',*,*,#7825,.F.);
#5406=CARTESIAN_POINT('',(-0.0366,0.000925660764049506,-7.42392359504385E-05));
#5407=DIRECTION('',(-6.86112542686552E-34,-1.0,-3.52495810318487E-15));
#5408=DIRECTION('',(0.0,3.52495810318487E-15,-1.0));
#5409=SURFACE_STYLE_FILL_AREA(#7826);
#5410=ORIENTED_EDGE('',*,*,#7827,.T.);
#5411=ORIENTED_EDGE('',*,*,#7828,.F.);
#5412=ORIENTED_EDGE('',*,*,#7819,.F.);
#5413=ORIENTED_EDGE('',*,*,#7829,.F.);
#5414=CARTESIAN_POINT('',(0.032,0.0607256607640495,-7.42392359504449E-05));
#5415=DIRECTION('',(-1.0,-2.25484266770212E-32,3.1641356201817E-15));
#5416=DIRECTION('',(3.1641356201817E-15,0.0,1.0));
#5417=SURFACE_STYLE_FILL_AREA(#7830);
#5418=ORIENTED_EDGE('',*,*,#7831,.T.);
#5419=ORIENTED_EDGE('',*,*,#7832,.F.);
#5420=ORIENTED_EDGE('',*,*,#7823,.F.);
#5421=ORIENTED_EDGE('',*,*,#7634,.F.);
#5422=CARTESIAN_POINT('',(-0.032,0.0437756607640495,-7.42392359503019E-05));
#5423=DIRECTION('',(-1.0,2.43610362791448E-31,3.1641356201817E-15));
#5424=DIRECTION('',(3.1641356201817E-15,0.0,1.0));
#5425=SURFACE_STYLE_FILL_AREA(#7833);
#5426=ORIENTED_EDGE('',*,*,#7834,.T.);
#5427=ORIENTED_EDGE('',*,*,#7835,.F.);
#5428=ORIENTED_EDGE('',*,*,#7827,.F.);
#5429=ORIENTED_EDGE('',*,*,#7836,.F.);
#5430=CARTESIAN_POINT('',(0.0333,0.0642256607640495,-7.42392359504364E-05));
#5431=DIRECTION('',(3.1641356201817E-15,-3.52495810318487E-15,1.0));
#5432=DIRECTION('',(0.0,-1.0,-3.52495810318487E-15));
#5433=SURFACE_STYLE_FILL_AREA(#7837);
#5434=ORIENTED_EDGE('',*,*,#7838,.T.);
#5435=ORIENTED_EDGE('',*,*,#7839,.F.);
#5436=ORIENTED_EDGE('',*,*,#7831,.F.);
#5437=ORIENTED_EDGE('',*,*,#7631,.F.);
#5438=CARTESIAN_POINT('',(-0.032,0.0497756607640495,-7.42392359502813E-05));
#5439=DIRECTION('',(3.1641356201817E-15,-3.52495810318487E-15,1.0));
#5440=DIRECTION('',(0.0,-1.0,-3.52495810318487E-15));
#5441=SURFACE_STYLE_FILL_AREA(#7840);
#5442=ORIENTED_EDGE('',*,*,#7841,.T.);
#5443=ORIENTED_EDGE('',*,*,#7842,.F.);
#5444=ORIENTED_EDGE('',*,*,#7834,.F.);
#5445=ORIENTED_EDGE('',*,*,#7843,.F.);
#5446=CARTESIAN_POINT('',(0.0298,0.000925660764049506,-7.42392359506486E-05));
#5447=DIRECTION('',(-4.11667525613753E-33,-1.0,-3.52495810318487E-15));
#5448=DIRECTION('',(0.0,3.52495810318487E-15,-1.0));
#5449=SURFACE_STYLE_FILL_AREA(#7844);
#5450=ORIENTED_EDGE('',*,*,#7845,.T.);
#5451=ORIENTED_EDGE('',*,*,#7846,.F.);
#5452=ORIENTED_EDGE('',*,*,#7838,.F.);
#5453=ORIENTED_EDGE('',*,*,#7638,.F.);
#5454=CARTESIAN_POINT('',(-3.61923717791005E-18,0.0557756607640495,-7.42392359503609E-05));
#5455=DIRECTION('',(-1.0,1.75364519337993E-31,3.1641356201817E-15));
#5456=DIRECTION('',(3.1641356201817E-15,0.0,1.0));
#5457=SURFACE_STYLE_FILL_AREA(#7847);
#5458=ORIENTED_EDGE('',*,*,#7848,.T.);
#5459=ORIENTED_EDGE('',*,*,#7849,.F.);
#5460=ORIENTED_EDGE('',*,*,#7841,.F.);
#5461=ORIENTED_EDGE('',*,*,#7850,.F.);
#5462=CARTESIAN_POINT('',(-3.61923717790993E-18,0.0675256607640495,-7.42392359503195E-05));
#5463=DIRECTION('',(-1.0,-8.21679955179586E-33,3.1641356201817E-15));
#5464=DIRECTION('',(3.1641356201817E-15,0.0,1.0));
#5465=SURFACE_STYLE_FILL_AREA(#7851);
#5466=ORIENTED_EDGE('',*,*,#7852,.T.);
#5467=ORIENTED_EDGE('',*,*,#7853,.F.);
#5468=ORIENTED_EDGE('',*,*,#7845,.F.);
#5469=ORIENTED_EDGE('',*,*,#7854,.F.);
#5470=CARTESIAN_POINT('',(-0.0366,0.000925660764049506,-7.42392359504385E-05));
#5471=DIRECTION('',(-6.86112542686552E-34,-1.0,-3.52495810318487E-15));
#5472=DIRECTION('',(0.0,3.52495810318487E-15,-1.0));
#5473=SURFACE_STYLE_FILL_AREA(#7855);
#5474=ORIENTED_EDGE('',*,*,#7856,.T.);
#5475=ORIENTED_EDGE('',*,*,#7857,.F.);
#5476=ORIENTED_EDGE('',*,*,#7848,.F.);
#5477=ORIENTED_EDGE('',*,*,#7858,.F.);
#5478=CARTESIAN_POINT('',(-0.0298,0.0629256607640495,-7.42392359502414E-05));
#5479=DIRECTION('',(-4.11667525615855E-33,-1.0,-3.52495810318487E-15));
#5480=DIRECTION('',(0.0,3.52495810318487E-15,-1.0));
#5481=SURFACE_STYLE_FILL_AREA(#7859);
#5482=ORIENTED_EDGE('',*,*,#7860,.T.);
#5483=ORIENTED_EDGE('',*,*,#7861,.F.);
#5484=ORIENTED_EDGE('',*,*,#7852,.F.);
#5485=ORIENTED_EDGE('',*,*,#7862,.F.);
#5486=CARTESIAN_POINT('',(-3.61923717791E-18,0.0607256607640495,-7.42392359503435E-05));
#5487=DIRECTION('',(1.0,2.25484266770506E-32,-3.1641356201817E-15));
#5488=DIRECTION('',(-3.1641356201817E-15,0.0,-1.0));
#5489=SURFACE_STYLE_FILL_AREA(#7863);
#5490=ORIENTED_EDGE('',*,*,#7856,.F.);
#5491=ORIENTED_EDGE('',*,*,#7864,.F.);
#5492=ORIENTED_EDGE('',*,*,#7860,.F.);
#5493=ORIENTED_EDGE('',*,*,#7865,.F.);
#5494=CARTESIAN_POINT('',(-0.0333,0.0642256607640495,-7.42392359502258E-05));
#5495=DIRECTION('',(3.1641356201817E-15,-3.52495810318487E-15,1.0));
#5496=DIRECTION('',(0.0,-1.0,-3.52495810318487E-15));
#5497=SURFACE_STYLE_FILL_AREA(#7866);
#5498=ORIENTED_EDGE('',*,*,#7867,.F.);
#5499=ORIENTED_EDGE('',*,*,#7868,.T.);
#5500=ORIENTED_EDGE('',*,*,#7869,.T.);
#5501=ORIENTED_EDGE('',*,*,#7870,.T.);
#5502=CARTESIAN_POINT('',(-0.0279027938683825,-0.0246743392359505,0.00192576076404944));
#5503=DIRECTION('',(1.11491291612461E-29,1.0,3.52495810318487E-15));
#5504=DIRECTION('',(0.0,-3.52495810318487E-15,1.0));
#5505=SURFACE_STYLE_FILL_AREA(#7871);
#5506=ORIENTED_EDGE('',*,*,#7872,.F.);
#5507=ORIENTED_EDGE('',*,*,#7868,.F.);
#5508=ORIENTED_EDGE('',*,*,#7873,.F.);
#5509=ORIENTED_EDGE('',*,*,#7502,.F.);
#5510=CARTESIAN_POINT('',(-0.0259027938683825,-0.0226743392359505,0.000925760764049444));
#5511=DIRECTION('',(-3.1641356201817E-15,3.52495810318487E-15,-1.0));
#5512=DIRECTION('',(0.0,1.0,3.52495810318487E-15));
#5513=SURFACE_STYLE_FILL_AREA(#7874);
#5514=ORIENTED_EDGE('',*,*,#7875,.F.);
#5515=ORIENTED_EDGE('',*,*,#7508,.F.);
#5516=ORIENTED_EDGE('',*,*,#7876,.F.);
#5517=ORIENTED_EDGE('',*,*,#7870,.F.);
#5518=CARTESIAN_POINT('',(0.0259027938683829,-0.0226743392359505,0.00192576076404928));
#5519=DIRECTION('',(-3.1641356201817E-15,3.52495810318487E-15,-1.0));
#5520=DIRECTION('',(0.0,1.0,3.52495810318487E-15));
#5521=SURFACE_STYLE_FILL_AREA(#7877);
#5522=ORIENTED_EDGE('',*,*,#7878,.T.);
#5523=ORIENTED_EDGE('',*,*,#7879,.T.);
#5524=ORIENTED_EDGE('',*,*,#7880,.T.);
#5525=ORIENTED_EDGE('',*,*,#7881,.T.);
#5526=ORIENTED_EDGE('',*,*,#7882,.T.);
#5527=ORIENTED_EDGE('',*,*,#7883,.T.);
#5528=ORIENTED_EDGE('',*,*,#7884,.T.);
#5529=ORIENTED_EDGE('',*,*,#7885,.T.);
#5530=ORIENTED_EDGE('',*,*,#7886,.T.);
#5531=ORIENTED_EDGE('',*,*,#7887,.T.);
#5532=ORIENTED_EDGE('',*,*,#7888,.T.);
#5533=ORIENTED_EDGE('',*,*,#7889,.T.);
#5534=ORIENTED_EDGE('',*,*,#7890,.T.);
#5535=ORIENTED_EDGE('',*,*,#7891,.T.);
#5536=ORIENTED_EDGE('',*,*,#7892,.T.);
#5537=ORIENTED_EDGE('',*,*,#7893,.T.);
#5538=CARTESIAN_POINT('',(-7.32302208219077E-17,0.000925660764049584,-0.0220742392359505));
#5539=DIRECTION('',(3.1641356201817E-15,-3.52495810318487E-15,1.0));
#5540=DIRECTION('',(1.0,1.13768533674843E-29,-3.1641356201817E-15));
#5541=SURFACE_STYLE_FILL_AREA(#7894);
#5542=ORIENTED_EDGE('',*,*,#7895,.F.);
#5543=ORIENTED_EDGE('',*,*,#7896,.T.);
#5544=ORIENTED_EDGE('',*,*,#7897,.T.);
#5545=ORIENTED_EDGE('',*,*,#7898,.T.);
#5546=ORIENTED_EDGE('',*,*,#7899,.T.);
#5547=ORIENTED_EDGE('',*,*,#7900,.T.);
#5548=ORIENTED_EDGE('',*,*,#7901,.T.);
#5549=CARTESIAN_POINT('',(-6.69019495815443E-17,0.00892566076404958,-0.0200742392359505));
#5550=DIRECTION('',(3.1641356201817E-15,-3.52495810318487E-15,1.0));
#5551=DIRECTION('',(1.0,1.13768533674843E-29,-3.1641356201817E-15));
#5552=SURFACE_STYLE_FILL_AREA(#7902);
#5553=ORIENTED_EDGE('',*,*,#7903,.F.);
#5554=ORIENTED_EDGE('',*,*,#7904,.T.);
#5555=ORIENTED_EDGE('',*,*,#7905,.T.);
#5556=ORIENTED_EDGE('',*,*,#7906,.T.);
#5557=ORIENTED_EDGE('',*,*,#7907,.T.);
#5558=CARTESIAN_POINT('',(-6.69019495815443E-17,0.00892566076404958,-0.0200742392359505));
#5559=DIRECTION('',(3.1641356201817E-15,-3.52495810318487E-15,1.0));
#5560=DIRECTION('',(1.0,1.13768533674843E-29,-3.1641356201817E-15));
#5561=SURFACE_STYLE_FILL_AREA(#7908);
#5562=ORIENTED_EDGE('',*,*,#7909,.F.);
#5563=ORIENTED_EDGE('',*,*,#7910,.F.);
#5564=ORIENTED_EDGE('',*,*,#7911,.T.);
#5565=ORIENTED_EDGE('',*,*,#7912,.F.);
#5566=ORIENTED_EDGE('',*,*,#7913,.F.);
#5567=ORIENTED_EDGE('',*,*,#7914,.T.);
#5568=ORIENTED_EDGE('',*,*,#7915,.F.);
#5569=CARTESIAN_POINT('',(-6.69019495815443E-17,0.000925660764049577,-0.0200742392359505));
#5570=DIRECTION('',(3.1641356201817E-15,-3.52495810318487E-15,1.0));
#5571=DIRECTION('',(1.0,1.13768533674843E-29,-3.1641356201817E-15));
#5572=SURFACE_STYLE_FILL_AREA(#7916);
#5573=ORIENTED_EDGE('',*,*,#7917,.T.);
#5574=ORIENTED_EDGE('',*,*,#7879,.F.);
#5575=ORIENTED_EDGE('',*,*,#7918,.T.);
#5576=ORIENTED_EDGE('',*,*,#7919,.F.);
#5577=CARTESIAN_POINT('',(0.0399999999999999,0.0695256607640496,-0.0210742392359503));
#5578=DIRECTION('',(-0.499999999999997,-0.500000000000004,0.707106781186547));
#5579=DIRECTION('',(-0.707106781186549,0.707106781186546,4.7200904539181E-15));
#5580=SURFACE_STYLE_FILL_AREA(#7920);
#5581=ORIENTED_EDGE('',*,*,#7921,.T.);
#5582=ORIENTED_EDGE('',*,*,#7922,.F.);
#5583=ORIENTED_EDGE('',*,*,#7918,.F.);
#5584=ORIENTED_EDGE('',*,*,#7878,.F.);
#5585=CARTESIAN_POINT('',(0.0399999999999999,0.0709256607640496,-0.0210742392359503));
#5586=DIRECTION('',(-2.23738175362437E-15,0.707106781186549,-0.707106781186546));
#5587=DIRECTION('',(1.0,8.21679955179586E-33,-3.1641356201817E-15));
#5588=SURFACE_STYLE_FILL_AREA(#7923);
#5589=ORIENTED_EDGE('',*,*,#7924,.T.);
#5590=ORIENTED_EDGE('',*,*,#7880,.F.);
#5591=ORIENTED_EDGE('',*,*,#7917,.F.);
#5592=ORIENTED_EDGE('',*,*,#7925,.F.);
#5593=CARTESIAN_POINT('',(0.0399999999999999,-0.0370743392359504,-0.0210742392359507));
#5594=DIRECTION('',(0.70710678118655,2.49252177816049E-15,-0.707106781186546));
#5595=DIRECTION('',(-2.72729434863176E-31,-1.0,-3.52495810318487E-15));
#5596=SURFACE_STYLE_FILL_AREA(#7926);
#5597=ORIENTED_EDGE('',*,*,#7927,.T.);
#5598=ORIENTED_EDGE('',*,*,#7928,.F.);
#5599=ORIENTED_EDGE('',*,*,#7921,.F.);
#5600=ORIENTED_EDGE('',*,*,#7885,.F.);
#5601=CARTESIAN_POINT('',(-0.0535928932188135,0.054518553982863,-0.0220742392359501));
#5602=DIRECTION('',(0.500000000000002,-0.500000000000002,0.707106781186545));
#5603=DIRECTION('',(0.707106781186548,0.707106781186548,2.84579258136435E-16));
#5604=SURFACE_STYLE_FILL_AREA(#7929);
#5605=ORIENTED_EDGE('',*,*,#7930,.T.);
#5606=ORIENTED_EDGE('',*,*,#7881,.F.);
#5607=ORIENTED_EDGE('',*,*,#7924,.F.);
#5608=ORIENTED_EDGE('',*,*,#7931,.F.);
#5609=CARTESIAN_POINT('',(0.0385999999999999,-0.0290743392359504,-0.0210742392359507));
#5610=DIRECTION('',(-0.499999999999998,0.499999999999998,0.70710678118655));
#5611=DIRECTION('',(0.707106781186548,0.707106781186548,2.45326946669339E-16));
#5612=SURFACE_STYLE_FILL_AREA(#7932);
#5613=ORIENTED_EDGE('',*,*,#7933,.T.);
#5614=ORIENTED_EDGE('',*,*,#7934,.F.);
#5615=ORIENTED_EDGE('',*,*,#7927,.F.);
#5616=ORIENTED_EDGE('',*,*,#7884,.F.);
#5617=CARTESIAN_POINT('',(-0.0390000000000001,0.000925660764049584,-0.0220742392359503));
#5618=DIRECTION('',(-0.707106781186545,2.4925217781605E-15,-0.70710678118655));
#5619=DIRECTION('',(-2.79590560290054E-31,-1.0,-3.52495810318487E-15));
#5620=SURFACE_STYLE_FILL_AREA(#7935);
#5621=ORIENTED_EDGE('',*,*,#7936,.T.);
#5622=ORIENTED_EDGE('',*,*,#7882,.F.);
#5623=ORIENTED_EDGE('',*,*,#7930,.F.);
#5624=ORIENTED_EDGE('',*,*,#7937,.F.);
#5625=CARTESIAN_POINT('',(-0.0400000000000001,-0.0290743392359504,-0.0210742392359504));
#5626=DIRECTION('',(-2.23738175362439E-15,-0.707106781186546,-0.707106781186549));
#5627=DIRECTION('',(-1.0,1.3376185316877E-33,3.1641356201817E-15));
#5628=SURFACE_STYLE_FILL_AREA(#7938);
#5629=ORIENTED_EDGE('',*,*,#7933,.F.);
#5630=ORIENTED_EDGE('',*,*,#7883,.F.);
#5631=ORIENTED_EDGE('',*,*,#7936,.F.);
#5632=ORIENTED_EDGE('',*,*,#7939,.F.);
#5633=CARTESIAN_POINT('',(-0.0335928932188135,-0.0326672324547639,-0.0220742392359505));
#5634=DIRECTION('',(0.5,0.499999999999996,0.707106781186551));
#5635=DIRECTION('',(-0.707106781186548,0.707106781186548,4.75934276538518E-15));
#5636=SURFACE_STYLE_FILL_AREA(#7940);
#5637=ORIENTED_EDGE('',*,*,#7941,.T.);
#5638=ORIENTED_EDGE('',*,*,#7942,.F.);
#5639=ORIENTED_EDGE('',*,*,#7943,.F.);
#5640=ORIENTED_EDGE('',*,*,#7944,.F.);
#5641=CARTESIAN_POINT('',(0.04,0.0517654313793919,-0.00417616368632798));
#5642=DIRECTION('',(1.0,-0.0,-3.25260651745653E-15));
#5643=DIRECTION('',(-3.25260651745653E-15,0.0,-1.0));
#5644=SURFACE_STYLE_FILL_AREA(#7945);
#5645=ORIENTED_EDGE('',*,*,#7946,.T.);
#5646=ORIENTED_EDGE('',*,*,#7947,.F.);
#5647=ORIENTED_EDGE('',*,*,#7941,.F.);
#5648=ORIENTED_EDGE('',*,*,#7948,.F.);
#5649=CARTESIAN_POINT('',(0.04,-0.0336743392359505,-0.00127616368632798));
#5650=DIRECTION('',(-0.707106781186548,-7.8910433358406E-30,0.707106781186547));
#5651=DIRECTION('',(-1.11596205068196E-29,1.0,3.54908940152957E-44));
#5652=SURFACE_STYLE_FILL_AREA(#7949);
#5653=ORIENTED_EDGE('',*,*,#7950,.F.);
#5654=ORIENTED_EDGE('',*,*,#7951,.F.);
#5655=ORIENTED_EDGE('',*,*,#7946,.F.);
#5656=ORIENTED_EDGE('',*,*,#7952,.F.);
#5657=CARTESIAN_POINT('',(0.04,0.0477654313793919,-0.00417616368632798));
#5658=DIRECTION('',(1.0,-0.0,-3.25260651745653E-15));
#5659=DIRECTION('',(-3.25260651745653E-15,0.0,-1.0));
#5660=SURFACE_STYLE_FILL_AREA(#7953);
#5661=ORIENTED_EDGE('',*,*,#7954,.F.);
#5662=ORIENTED_EDGE('',*,*,#7942,.T.);
#5663=ORIENTED_EDGE('',*,*,#7955,.F.);
#5664=ORIENTED_EDGE('',*,*,#7956,.F.);
#5665=CARTESIAN_POINT('',(0.04,0.0517654313793919,-0.00417616368632798));
#5666=DIRECTION('',(1.0,1.11596205068196E-29,-3.1641356201817E-15));
#5667=DIRECTION('',(-3.1641356201817E-15,0.0,-1.0));
#5668=SURFACE_STYLE_FILL_AREA(#7957);
#5669=ORIENTED_EDGE('',*,*,#7955,.T.);
#5670=ORIENTED_EDGE('',*,*,#7947,.T.);
#5671=ORIENTED_EDGE('',*,*,#7958,.T.);
#5672=ORIENTED_EDGE('',*,*,#7959,.F.);
#5673=CARTESIAN_POINT('',(0.04,0.0462654313793919,-0.00167616368632798));
#5674=DIRECTION('',(-3.1641356201817E-15,0.0,-1.0));
#5675=DIRECTION('',(-1.0,0.0,3.1641356201817E-15));
#5676=SURFACE_STYLE_FILL_AREA(#7960);
#5677=ORIENTED_EDGE('',*,*,#7958,.F.);
#5678=ORIENTED_EDGE('',*,*,#7951,.T.);
#5679=ORIENTED_EDGE('',*,*,#7961,.T.);
#5680=ORIENTED_EDGE('',*,*,#7962,.F.);
#5681=CARTESIAN_POINT('',(0.04,0.0477654313793919,-0.00417616368632798));
#5682=DIRECTION('',(1.0,1.11596205068196E-29,-3.1641356201817E-15));
#5683=DIRECTION('',(-3.1641356201817E-15,0.0,-1.0));
#5684=SURFACE_STYLE_FILL_AREA(#7963);
#5685=ORIENTED_EDGE('',*,*,#7964,.F.);
#5686=ORIENTED_EDGE('',*,*,#7943,.T.);
#5687=ORIENTED_EDGE('',*,*,#7954,.T.);
#5688=ORIENTED_EDGE('',*,*,#7965,.T.);
#5689=ORIENTED_EDGE('',*,*,#7966,.T.);
#5690=CARTESIAN_POINT('',(0.04,-0.0336743392359505,-0.00417616368632798));
#5691=DIRECTION('',(-3.1641356201817E-15,4.97841222228891E-60,-1.0));
#5692=DIRECTION('',(-1.11596205068196E-29,1.0,3.53105527533379E-44));
#5693=SURFACE_STYLE_FILL_AREA(#7967);
#5694=ORIENTED_EDGE('',*,*,#7968,.F.);
#5695=ORIENTED_EDGE('',*,*,#7969,.F.);
#5696=ORIENTED_EDGE('',*,*,#7970,.F.);
#5697=ORIENTED_EDGE('',*,*,#7966,.F.);
#5698=CARTESIAN_POINT('',(0.04,0.0568361420575105,-0.00420545300820933));
#5699=DIRECTION('',(-2.23738175362437E-15,-0.707106781186547,-0.707106781186548));
#5700=DIRECTION('',(-1.0,-1.11596205068196E-29,3.1641356201817E-15));
#5701=SURFACE_STYLE_FILL_AREA(#7971);
#5702=ORIENTED_EDGE('',*,*,#7972,.F.);
#5703=ORIENTED_EDGE('',*,*,#7969,.T.);
#5704=ORIENTED_EDGE('',*,*,#7973,.T.);
#5705=ORIENTED_EDGE('',*,*,#7974,.T.);
#5706=CARTESIAN_POINT('',(0.04,0.0588654313793919,-0.000894239235950817));
#5707=DIRECTION('',(1.11596205068196E-29,-1.0,-4.42488129741076E-44));
#5708=DIRECTION('',(-3.1641356201817E-15,8.93826022076973E-45,-1.0));
#5709=SURFACE_STYLE_FILL_AREA(#7975);
#5710=ORIENTED_EDGE('',*,*,#7959,.T.);
#5711=ORIENTED_EDGE('',*,*,#7962,.T.);
#5712=ORIENTED_EDGE('',*,*,#7976,.F.);
#5713=ORIENTED_EDGE('',*,*,#7977,.T.);
#5714=ORIENTED_EDGE('',*,*,#7978,.F.);
#5715=ORIENTED_EDGE('',*,*,#7979,.T.);
#5716=ORIENTED_EDGE('',*,*,#7980,.F.);
#5717=ORIENTED_EDGE('',*,*,#7981,.T.);
#5718=ORIENTED_EDGE('',*,*,#7973,.F.);
#5719=ORIENTED_EDGE('',*,*,#7968,.T.);
#5720=ORIENTED_EDGE('',*,*,#7965,.F.);
#5721=ORIENTED_EDGE('',*,*,#7956,.T.);
#5722=ORIENTED_EDGE('',*,*,#7982,.T.);
#5723=ORIENTED_EDGE('',*,*,#7983,.T.);
#5724=ORIENTED_EDGE('',*,*,#7984,.T.);
#5725=ORIENTED_EDGE('',*,*,#7985,.T.);
#5726=ORIENTED_EDGE('',*,*,#7986,.T.);
#5727=ORIENTED_EDGE('',*,*,#7987,.T.);
#5728=ORIENTED_EDGE('',*,*,#7988,.T.);
#5729=ORIENTED_EDGE('',*,*,#7989,.T.);
#5730=CARTESIAN_POINT('',(0.039,-0.0336743392359505,-0.000894239235950814));
#5731=DIRECTION('',(1.0,1.11596205068196E-29,-3.1641356201817E-15));
#5732=DIRECTION('',(-3.1641356201817E-15,0.0,-1.0));
#5733=SURFACE_STYLE_FILL_AREA(#7990);
#5734=ORIENTED_EDGE('',*,*,#7977,.F.);
#5735=ORIENTED_EDGE('',*,*,#7991,.F.);
#5736=ORIENTED_EDGE('',*,*,#7992,.F.);
#5737=ORIENTED_EDGE('',*,*,#7993,.F.);
#5738=CARTESIAN_POINT('',(0.04,0.0406947207012732,-0.00620545300820933));
#5739=DIRECTION('',(-2.23738175362439E-15,0.707106781186547,-0.707106781186548));
#5740=DIRECTION('',(-1.0,-1.11596205068196E-29,3.1641356201817E-15));
#5741=SURFACE_STYLE_FILL_AREA(#7994);
#5742=ORIENTED_EDGE('',*,*,#7989,.F.);
#5743=ORIENTED_EDGE('',*,*,#7995,.F.);
#5744=ORIENTED_EDGE('',*,*,#7996,.F.);
#5745=ORIENTED_EDGE('',*,*,#7997,.F.);
#5746=CARTESIAN_POINT('',(0.0376,0.0437654313793919,-0.00627616368632798));
#5747=DIRECTION('',(-2.23738175362439E-15,0.707106781186547,-0.707106781186548));
#5748=DIRECTION('',(1.0,1.11596205068196E-29,-3.1641356201817E-15));
#5749=SURFACE_STYLE_FILL_AREA(#7998);
#5750=ORIENTED_EDGE('',*,*,#7999,.F.);
#5751=ORIENTED_EDGE('',*,*,#8000,.T.);
#5752=ORIENTED_EDGE('',*,*,#7982,.F.);
#5753=ORIENTED_EDGE('',*,*,#7997,.T.);
#5754=CARTESIAN_POINT('',(0.0376,0.0557654313793919,-0.00627616368632798));
#5755=DIRECTION('',(3.1641356201817E-15,0.0,1.0));
#5756=DIRECTION('',(0.0,-1.0,0.0));
#5757=SURFACE_STYLE_FILL_AREA(#8001);
#5758=ORIENTED_EDGE('',*,*,#7983,.F.);
#5759=ORIENTED_EDGE('',*,*,#8000,.F.);
#5760=ORIENTED_EDGE('',*,*,#8002,.F.);
#5761=ORIENTED_EDGE('',*,*,#8003,.F.);
#5762=CARTESIAN_POINT('',(0.0376,0.0567654313793919,-0.00727616368632798));
#5763=DIRECTION('',(-2.23738175362437E-15,-0.707106781186547,-0.707106781186548));
#5764=DIRECTION('',(1.0,1.11596205068196E-29,-3.1641356201817E-15));
#5765=SURFACE_STYLE_FILL_AREA(#8004);
#5766=ORIENTED_EDGE('',*,*,#7984,.F.);
#5767=ORIENTED_EDGE('',*,*,#8003,.T.);
#5768=ORIENTED_EDGE('',*,*,#8005,.F.);
#5769=ORIENTED_EDGE('',*,*,#8006,.T.);
#5770=CARTESIAN_POINT('',(0.0376,0.0567654313793919,-0.012276163686328));
#5771=DIRECTION('',(-1.11596205068196E-29,1.0,4.42488129741076E-44));
#5772=DIRECTION('',(3.96508223080413E-15,0.0,1.0));
#5773=SURFACE_STYLE_FILL_AREA(#8007);
#5774=ORIENTED_EDGE('',*,*,#7978,.T.);
#5775=ORIENTED_EDGE('',*,*,#7993,.T.);
#5776=ORIENTED_EDGE('',*,*,#8008,.F.);
#5777=ORIENTED_EDGE('',*,*,#8009,.T.);
#5778=CARTESIAN_POINT('',(0.04,0.0406654313793919,-0.000894239235950817));
#5779=DIRECTION('',(-1.11596205068196E-29,1.0,3.31866097305807E-44));
#5780=DIRECTION('',(3.1641356201817E-15,2.12394302275717E-45,1.0));
#5781=SURFACE_STYLE_FILL_AREA(#8010);
#5782=ORIENTED_EDGE('',*,*,#8011,.F.);
#5783=ORIENTED_EDGE('',*,*,#7995,.T.);
#5784=ORIENTED_EDGE('',*,*,#7988,.F.);
#5785=ORIENTED_EDGE('',*,*,#8012,.T.);
#5786=CARTESIAN_POINT('',(0.0376,0.0427654313793919,-0.00527616368632798));
#5787=DIRECTION('',(1.11596205068196E-29,-1.0,-3.31866097305807E-44));
#5788=DIRECTION('',(-2.9738116731031E-15,0.0,-1.0));
#5789=SURFACE_STYLE_FILL_AREA(#8013);
#5790=ORIENTED_EDGE('',*,*,#7979,.F.);
#5791=ORIENTED_EDGE('',*,*,#8009,.F.);
#5792=ORIENTED_EDGE('',*,*,#8014,.F.);
#5793=ORIENTED_EDGE('',*,*,#8015,.F.);
#5794=CARTESIAN_POINT('',(0.04,0.0426947207012732,-0.0153468743644466));
#5795=DIRECTION('',(2.23738175362437E-15,0.707106781186547,0.707106781186548));
#5796=DIRECTION('',(-1.0,-1.11596205068196E-29,3.1641356201817E-15));
#5797=SURFACE_STYLE_FILL_AREA(#8016);
#5798=ORIENTED_EDGE('',*,*,#7987,.F.);
#5799=ORIENTED_EDGE('',*,*,#8017,.F.);
#5800=ORIENTED_EDGE('',*,*,#8018,.F.);
#5801=ORIENTED_EDGE('',*,*,#8012,.F.);
#5802=CARTESIAN_POINT('',(0.0376,0.0427654313793919,-0.012276163686328));
#5803=DIRECTION('',(2.23738175362437E-15,0.707106781186547,0.707106781186548));
#5804=DIRECTION('',(1.0,1.11596205068196E-29,-3.1641356201817E-15));
#5805=SURFACE_STYLE_FILL_AREA(#8019);
#5806=ORIENTED_EDGE('',*,*,#7986,.F.);
#5807=ORIENTED_EDGE('',*,*,#8020,.T.);
#5808=ORIENTED_EDGE('',*,*,#8021,.F.);
#5809=ORIENTED_EDGE('',*,*,#8017,.T.);
#5810=CARTESIAN_POINT('',(0.0376,0.0437654313793919,-0.013276163686328));
#5811=DIRECTION('',(-3.1641356201817E-15,-1.82963344716787E-30,-1.0));
#5812=DIRECTION('',(-5.78241158658936E-16,1.0,0.0));
#5813=SURFACE_STYLE_FILL_AREA(#8022);
#5814=ORIENTED_EDGE('',*,*,#8023,.F.);
#5815=ORIENTED_EDGE('',*,*,#8024,.T.);
#5816=ORIENTED_EDGE('',*,*,#7980,.T.);
#5817=ORIENTED_EDGE('',*,*,#8015,.T.);
#5818=CARTESIAN_POINT('',(0.04,-0.0336743392359505,-0.015376163686328));
#5819=DIRECTION('',(3.1641356201817E-15,1.82963344716787E-30,1.0));
#5820=DIRECTION('',(1.11596205068196E-29,-1.0,1.82963344716784E-30));
#5821=SURFACE_STYLE_FILL_AREA(#8025);
#5822=ORIENTED_EDGE('',*,*,#7981,.F.);
#5823=ORIENTED_EDGE('',*,*,#8024,.F.);
#5824=ORIENTED_EDGE('',*,*,#8026,.F.);
#5825=ORIENTED_EDGE('',*,*,#7974,.F.);
#5826=CARTESIAN_POINT('',(0.04,0.0588361420575105,-0.0133468743644466));
#5827=DIRECTION('',(2.23738175362439E-15,-0.707106781186547,0.707106781186548));
#5828=DIRECTION('',(-1.0,-1.11596205068196E-29,3.1641356201817E-15));
#5829=SURFACE_STYLE_FILL_AREA(#8027);
#5830=ORIENTED_EDGE('',*,*,#7985,.F.);
#5831=ORIENTED_EDGE('',*,*,#8006,.F.);
#5832=ORIENTED_EDGE('',*,*,#8028,.F.);
#5833=ORIENTED_EDGE('',*,*,#8020,.F.);
#5834=CARTESIAN_POINT('',(0.0376,0.0557654313793919,-0.013276163686328));
#5835=DIRECTION('',(2.23738175362439E-15,-0.707106781186547,0.707106781186548));
#5836=DIRECTION('',(1.0,1.11596205068196E-29,-3.1641356201817E-15));
#5837=SURFACE_STYLE_FILL_AREA(#8029);
#5838=ORIENTED_EDGE('',*,*,#7550,.T.);
#5839=CARTESIAN_POINT('',(4.16412371545315E-33,0.0477756607640495,-0.00537523923595041));
#5840=DIRECTION('',(0.0,0.0,-1.0));
#5841=DIRECTION('',(-1.0,0.0,0.0));
#5842=SURFACE_STYLE_FILL_AREA(#8030);
#5843=ORIENTED_EDGE('',*,*,#7562,.T.);
#5844=CARTESIAN_POINT('',(4.16412371545315E-33,0.0477756607640495,-0.00537523923595041));
#5845=DIRECTION('',(0.0,0.0,-1.0));
#5846=DIRECTION('',(-1.0,0.0,0.0));
#5847=SURFACE_STYLE_FILL_AREA(#8031);
#5848=ORIENTED_EDGE('',*,*,#7566,.T.);
#5849=CARTESIAN_POINT('',(4.16412371545315E-33,0.0477756607640495,-0.00537523923595041));
#5850=DIRECTION('',(0.0,0.0,-1.0));
#5851=DIRECTION('',(-1.0,0.0,0.0));
#5852=SURFACE_STYLE_FILL_AREA(#8032);
#5853=ORIENTED_EDGE('',*,*,#7557,.T.);
#5854=CARTESIAN_POINT('',(4.16412371545315E-33,0.0477756607640495,-0.00537523923595041));
#5855=DIRECTION('',(0.0,0.0,-1.0));
#5856=DIRECTION('',(-1.0,0.0,0.0));
#5857=SURFACE_STYLE_FILL_AREA(#8033);
#5858=ORIENTED_EDGE('',*,*,#8034,.T.);
#5859=ORIENTED_EDGE('',*,*,#7493,.T.);
#5860=ORIENTED_EDGE('',*,*,#8035,.F.);
#5861=ORIENTED_EDGE('',*,*,#8036,.F.);
#5862=CARTESIAN_POINT('',(-0.0337999999959968,-0.00177294196528372,0.000925760764049543));
#5863=DIRECTION('',(1.11635832223318E-29,1.0,3.52495810318487E-15));
#5864=DIRECTION('',(-1.0,0.0,3.1670116056827E-15));
#5865=SURFACE_STYLE_FILL_AREA(#8037);
#5866=ORIENTED_EDGE('',*,*,#8038,.T.);
#5867=ORIENTED_EDGE('',*,*,#7497,.T.);
#5868=ORIENTED_EDGE('',*,*,#8034,.F.);
#5869=ORIENTED_EDGE('',*,*,#8039,.F.);
#5870=CARTESIAN_POINT('',(-0.0337999999959968,0.0032270580307131,0.000925760764049561));
#5871=DIRECTION('',(3.1641356201817E-15,-3.52495810318487E-15,1.0));
#5872=DIRECTION('',(0.0,-1.0,-3.52495810318487E-15));
#5873=SURFACE_STYLE_FILL_AREA(#8040);
#5874=ORIENTED_EDGE('',*,*,#8041,.T.);
#5875=ORIENTED_EDGE('',*,*,#8042,.T.);
#5876=ORIENTED_EDGE('',*,*,#8038,.F.);
#5877=ORIENTED_EDGE('',*,*,#8043,.T.);
#5878=CARTESIAN_POINT('',(-0.0337999932300747,0.00822705802670535,0.000925760764049578));
#5879=DIRECTION('',(1.10629907027898E-29,1.0,3.52495810318487E-15));
#5880=DIRECTION('',(-1.0,0.0,3.13847438152361E-15));
#5881=SURFACE_STYLE_FILL_AREA(#8044);
#5882=ORIENTED_EDGE('',*,*,#8045,.T.);
#5883=ORIENTED_EDGE('',*,*,#7479,.T.);
#5884=ORIENTED_EDGE('',*,*,#8046,.F.);
#5885=ORIENTED_EDGE('',*,*,#8047,.F.);
#5886=CARTESIAN_POINT('',(0.0337999932300748,0.00822705802670535,0.000925760764049365));
#5887=DIRECTION('',(-1.12641359882951E-29,-1.0,-3.52495810318487E-15));
#5888=DIRECTION('',(1.0,0.0,-3.19553755209678E-15));
#5889=SURFACE_STYLE_FILL_AREA(#8048);
#5890=ORIENTED_EDGE('',*,*,#8049,.T.);
#5891=ORIENTED_EDGE('',*,*,#8050,.T.);
#5892=ORIENTED_EDGE('',*,*,#7470,.T.);
#5893=ORIENTED_EDGE('',*,*,#7475,.T.);
#5894=ORIENTED_EDGE('',*,*,#8045,.F.);
#5895=ORIENTED_EDGE('',*,*,#8051,.F.);
#5896=CARTESIAN_POINT('',(0.0337999999959968,0.0032270580307131,0.000925760764049347));
#5897=DIRECTION('',(3.1641356201817E-15,-3.52495810318487E-15,1.0));
#5898=DIRECTION('',(0.0,-1.0,-3.52495810318487E-15));
#5899=SURFACE_STYLE_FILL_AREA(#8052);
#5900=ORIENTED_EDGE('',*,*,#7791,.T.);
#5901=ORIENTED_EDGE('',*,*,#7487,.T.);
#5902=ORIENTED_EDGE('',*,*,#7492,.T.);
#5903=ORIENTED_EDGE('',*,*,#7496,.T.);
#5904=ORIENTED_EDGE('',*,*,#7503,.T.);
#5905=ORIENTED_EDGE('',*,*,#7873,.T.);
#5906=ORIENTED_EDGE('',*,*,#7867,.T.);
#5907=ORIENTED_EDGE('',*,*,#7876,.T.);
#5908=ORIENTED_EDGE('',*,*,#7507,.T.);
#5909=ORIENTED_EDGE('',*,*,#8053,.T.);
#5910=ORIENTED_EDGE('',*,*,#8054,.T.);
#5911=ORIENTED_EDGE('',*,*,#8055,.T.);
#5912=ORIENTED_EDGE('',*,*,#7758,.T.);
#5913=ORIENTED_EDGE('',*,*,#7754,.T.);
#5914=ORIENTED_EDGE('',*,*,#7763,.T.);
#5915=ORIENTED_EDGE('',*,*,#7767,.T.);
#5916=ORIENTED_EDGE('',*,*,#7775,.T.);
#5917=ORIENTED_EDGE('',*,*,#7783,.T.);
#5918=CARTESIAN_POINT('',(-4.55101557728972E-19,0.000925660764049503,0.000925760764049446));
#5919=DIRECTION('',(3.1641356201817E-15,-3.52495810318487E-15,1.0));
#5920=DIRECTION('',(1.0,1.13768533674843E-29,-3.1641356201817E-15));
#5921=SURFACE_STYLE_FILL_AREA(#8056);
#5922=ORIENTED_EDGE('',*,*,#8057,.F.);
#5923=ORIENTED_EDGE('',*,*,#8058,.T.);
#5924=CARTESIAN_POINT('',(-0.0337999999959968,0.0032270580307131,0.000925760764049561));
#5925=DIRECTION('',(3.1641356201817E-15,-3.52495810318487E-15,1.0));
#5926=DIRECTION('',(0.0,-1.0,-3.52495810318487E-15));
#5927=SURFACE_STYLE_FILL_AREA(#8059);
#5928=ORIENTED_EDGE('',*,*,#8057,.T.);
#5929=CARTESIAN_POINT('',(-4.55101557728972E-19,0.000925660764049503,0.000925760764049446));
#5930=DIRECTION('',(3.1641356201817E-15,-3.52495810318487E-15,1.0));
#5931=DIRECTION('',(1.0,1.13768533674843E-29,-3.1641356201817E-15));
#5932=SURFACE_STYLE_FILL_AREA(#8060);
#5933=ORIENTED_EDGE('',*,*,#7504,.T.);
#5934=ORIENTED_EDGE('',*,*,#7499,.T.);
#5935=ORIENTED_EDGE('',*,*,#8061,.T.);
#5936=ORIENTED_EDGE('',*,*,#8062,.T.);
#5937=ORIENTED_EDGE('',*,*,#7800,.T.);
#5938=ORIENTED_EDGE('',*,*,#7809,.T.);
#5939=ORIENTED_EDGE('',*,*,#7816,.T.);
#5940=ORIENTED_EDGE('',*,*,#7824,.T.);
#5941=ORIENTED_EDGE('',*,*,#7832,.T.);
#5942=ORIENTED_EDGE('',*,*,#7839,.T.);
#5943=ORIENTED_EDGE('',*,*,#7846,.T.);
#5944=ORIENTED_EDGE('',*,*,#7853,.T.);
#5945=ORIENTED_EDGE('',*,*,#7861,.T.);
#5946=ORIENTED_EDGE('',*,*,#7864,.T.);
#5947=ORIENTED_EDGE('',*,*,#7858,.T.);
#5948=ORIENTED_EDGE('',*,*,#7850,.T.);
#5949=ORIENTED_EDGE('',*,*,#7843,.T.);
#5950=ORIENTED_EDGE('',*,*,#7836,.T.);
#5951=ORIENTED_EDGE('',*,*,#7829,.T.);
#5952=ORIENTED_EDGE('',*,*,#7821,.T.);
#5953=ORIENTED_EDGE('',*,*,#7813,.T.);
#5954=ORIENTED_EDGE('',*,*,#7806,.T.);
#5955=ORIENTED_EDGE('',*,*,#7798,.T.);
#5956=ORIENTED_EDGE('',*,*,#7795,.T.);
#5957=ORIENTED_EDGE('',*,*,#7788,.T.);
#5958=ORIENTED_EDGE('',*,*,#7780,.T.);
#5959=ORIENTED_EDGE('',*,*,#7771,.T.);
#5960=ORIENTED_EDGE('',*,*,#7484,.T.);
#5961=ORIENTED_EDGE('',*,*,#7480,.T.);
#5962=ORIENTED_EDGE('',*,*,#7476,.T.);
#5963=ORIENTED_EDGE('',*,*,#7511,.T.);
#5964=ORIENTED_EDGE('',*,*,#7751,.T.);
#5965=ORIENTED_EDGE('',*,*,#7744,.T.);
#5966=ORIENTED_EDGE('',*,*,#7748,.T.);
#5967=ORIENTED_EDGE('',*,*,#7532,.F.);
#5968=ORIENTED_EDGE('',*,*,#7538,.T.);
#5969=ORIENTED_EDGE('',*,*,#7543,.F.);
#5970=ORIENTED_EDGE('',*,*,#7534,.T.);
#5971=ORIENTED_EDGE('',*,*,#7526,.F.);
#5972=ORIENTED_EDGE('',*,*,#7518,.T.);
#5973=ORIENTED_EDGE('',*,*,#7513,.F.);
#5974=ORIENTED_EDGE('',*,*,#7522,.T.);
#5975=CARTESIAN_POINT('',(-4.55101557728972E-19,0.000925660764049503,0.000925760764049446));
#5976=DIRECTION('',(3.1641356201817E-15,-3.52495810318487E-15,1.0));
#5977=DIRECTION('',(1.0,1.13768533674843E-29,-3.1641356201817E-15));
#5978=SURFACE_STYLE_FILL_AREA(#8063);
#5979=ORIENTED_EDGE('',*,*,#8058,.F.);
#5980=ORIENTED_EDGE('',*,*,#8039,.T.);
#5981=ORIENTED_EDGE('',*,*,#8036,.T.);
#5982=ORIENTED_EDGE('',*,*,#8064,.F.);
#5983=ORIENTED_EDGE('',*,*,#8043,.F.);
#5984=CARTESIAN_POINT('',(-3.46277662556908E-17,0.000925660764049541,-0.00987423923595041));
#5985=DIRECTION('',(3.1641356201817E-15,-3.52495810318487E-15,1.0));
#5986=DIRECTION('',(1.0,1.13768533674843E-29,-3.1641356201817E-15));
#5987=SURFACE_STYLE_FILL_AREA(#8065);
#5988=ORIENTED_EDGE('',*,*,#8066,.T.);
#5989=CARTESIAN_POINT('',(-4.55101557728972E-19,0.000925660764049503,0.000925760764049446));
#5990=DIRECTION('',(3.1641356201817E-15,-3.52495810318487E-15,1.0));
#5991=DIRECTION('',(1.0,1.13768533674843E-29,-3.1641356201817E-15));
#5992=SURFACE_STYLE_FILL_AREA(#8067);
#5993=ORIENTED_EDGE('',*,*,#8066,.F.);
#5994=ORIENTED_EDGE('',*,*,#8068,.T.);
#5995=CARTESIAN_POINT('',(0.0337999999959968,0.0032270580307131,0.000925760764049347));
#5996=DIRECTION('',(3.1641356201817E-15,-3.52495810318487E-15,1.0));
#5997=DIRECTION('',(0.0,-1.0,-3.52495810318487E-15));
#5998=SURFACE_STYLE_FILL_AREA(#8069);
#5999=ORIENTED_EDGE('',*,*,#8070,.F.);
#6000=ORIENTED_EDGE('',*,*,#8051,.T.);
#6001=ORIENTED_EDGE('',*,*,#8047,.T.);
#6002=ORIENTED_EDGE('',*,*,#8071,.T.);
#6003=ORIENTED_EDGE('',*,*,#8068,.F.);
#6004=CARTESIAN_POINT('',(-3.46277662556908E-17,0.000925660764049541,-0.00987423923595041));
#6005=DIRECTION('',(3.1641356201817E-15,-3.52495810318487E-15,1.0));
#6006=DIRECTION('',(1.0,1.13768533674843E-29,-3.1641356201817E-15));
#6007=SURFACE_STYLE_FILL_AREA(#8072);
#6008=ORIENTED_EDGE('',*,*,#8073,.T.);
#6009=ORIENTED_EDGE('',*,*,#8074,.T.);
#6010=ORIENTED_EDGE('',*,*,#8049,.F.);
#6011=ORIENTED_EDGE('',*,*,#8070,.T.);
#6012=CARTESIAN_POINT('',(0.0337999999959968,-0.00177294196528372,0.000925760764049329));
#6013=DIRECTION('',(-1.11635832223318E-29,-1.0,-3.52495810318487E-15));
#6014=DIRECTION('',(1.0,0.0,-3.16701160568272E-15));
#6015=SURFACE_STYLE_FILL_AREA(#8075);
#6016=ORIENTED_EDGE('',*,*,#8076,.F.);
#6017=ORIENTED_EDGE('',*,*,#8077,.T.);
#6018=CARTESIAN_POINT('',(-0.0338,-0.0228743392359505,-0.00207423923595046));
#6019=DIRECTION('',(3.1641356201817E-15,-3.52495810318487E-15,1.0));
#6020=DIRECTION('',(0.0,-1.0,-3.52495810318487E-15));
#6021=SURFACE_STYLE_FILL_AREA(#8078);
#6022=ORIENTED_EDGE('',*,*,#8077,.F.);
#6023=ORIENTED_EDGE('',*,*,#8079,.F.);
#6024=ORIENTED_EDGE('',*,*,#8080,.T.);
#6025=ORIENTED_EDGE('',*,*,#8081,.F.);
#6026=ORIENTED_EDGE('',*,*,#8082,.F.);
#6027=ORIENTED_EDGE('',*,*,#8083,.T.);
#6028=ORIENTED_EDGE('',*,*,#8084,.F.);
#6029=CARTESIAN_POINT('',(-6.69019495815443E-17,0.00892566076404958,-0.0200742392359505));
#6030=DIRECTION('',(3.1641356201817E-15,-3.52495810318487E-15,1.0));
#6031=DIRECTION('',(1.0,1.13768533674843E-29,-3.1641356201817E-15));
#6032=SURFACE_STYLE_FILL_AREA(#8085);
#6033=ORIENTED_EDGE('',*,*,#8086,.F.);
#6034=ORIENTED_EDGE('',*,*,#8087,.F.);
#6035=ORIENTED_EDGE('',*,*,#8088,.T.);
#6036=ORIENTED_EDGE('',*,*,#8089,.F.);
#6037=ORIENTED_EDGE('',*,*,#8090,.F.);
#6038=CARTESIAN_POINT('',(-6.69019495815443E-17,0.00892566076404958,-0.0200742392359505));
#6039=DIRECTION('',(3.1641356201817E-15,-3.52495810318487E-15,1.0));
#6040=DIRECTION('',(1.0,1.13768533674843E-29,-3.1641356201817E-15));
#6041=SURFACE_STYLE_FILL_AREA(#8091);
#6042=ORIENTED_EDGE('',*,*,#8092,.F.);
#6043=ORIENTED_EDGE('',*,*,#8093,.T.);
#6044=ORIENTED_EDGE('',*,*,#8094,.T.);
#6045=ORIENTED_EDGE('',*,*,#8095,.T.);
#6046=ORIENTED_EDGE('',*,*,#8096,.T.);
#6047=ORIENTED_EDGE('',*,*,#8097,.T.);
#6048=ORIENTED_EDGE('',*,*,#8098,.T.);
#6049=CARTESIAN_POINT('',(-6.69019495815443E-17,0.000925660764049577,-0.0200742392359505));
#6050=DIRECTION('',(3.1641356201817E-15,-3.52495810318487E-15,1.0));
#6051=DIRECTION('',(1.0,1.13768533674843E-29,-3.1641356201817E-15));
#6052=SURFACE_STYLE_FILL_AREA(#8099);
#6053=ORIENTED_EDGE('',*,*,#8100,.F.);
#6054=ORIENTED_EDGE('',*,*,#8092,.T.);
#6055=CARTESIAN_POINT('',(-0.0338,0.0647256607640495,-0.00207423923595014));
#6056=DIRECTION('',(3.1641356201817E-15,-3.52495810318487E-15,1.0));
#6057=DIRECTION('',(0.0,-1.0,-3.52495810318487E-15));
#6058=SURFACE_STYLE_FILL_AREA(#8101);
#6059=ORIENTED_EDGE('',*,*,#8102,.F.);
#6060=ORIENTED_EDGE('',*,*,#7909,.T.);
#6061=CARTESIAN_POINT('',(0.0338,0.0647256607640495,-0.00207423923595035));
#6062=DIRECTION('',(3.1641356201817E-15,-3.52495810318487E-15,1.0));
#6063=DIRECTION('',(0.0,-1.0,-3.52495810318487E-15));
#6064=SURFACE_STYLE_FILL_AREA(#8103);
#6065=ORIENTED_EDGE('',*,*,#8104,.F.);
#6066=ORIENTED_EDGE('',*,*,#7895,.T.);
#6067=CARTESIAN_POINT('',(0.0338,-0.0228743392359505,-0.00207423923595067));
#6068=DIRECTION('',(3.1641356201817E-15,-3.52495810318487E-15,1.0));
#6069=DIRECTION('',(0.0,-1.0,-3.52495810318487E-15));
#6070=SURFACE_STYLE_FILL_AREA(#8105);
#6071=ORIENTED_EDGE('',*,*,#8106,.T.);
#6072=ORIENTED_EDGE('',*,*,#7862,.T.);
#6073=ORIENTED_EDGE('',*,*,#8107,.T.);
#6074=ORIENTED_EDGE('',*,*,#8098,.F.);
#6075=CARTESIAN_POINT('',(-0.032,0.0617256607640495,0.000925760764049744));
#6076=DIRECTION('',(-1.11308970672583E-29,-1.0,-3.52495810318487E-15));
#6077=DIRECTION('',(0.0,3.52495810318487E-15,-1.0));
#6078=SURFACE_STYLE_FILL_AREA(#8108);
#6079=ORIENTED_EDGE('',*,*,#8109,.F.);
#6080=ORIENTED_EDGE('',*,*,#7865,.T.);
#6081=ORIENTED_EDGE('',*,*,#8106,.F.);
#6082=ORIENTED_EDGE('',*,*,#8097,.F.);
#6083=CARTESIAN_POINT('',(-0.0333,0.0642256607640495,0.000925760764049757));
#6084=DIRECTION('',(3.1641356201817E-15,-3.52495810318487E-15,1.0));
#6085=DIRECTION('',(0.0,-1.0,-3.52495810318487E-15));
#6086=SURFACE_STYLE_FILL_AREA(#8110);
#6087=ORIENTED_EDGE('',*,*,#8111,.F.);
#6088=ORIENTED_EDGE('',*,*,#7835,.T.);
#6089=ORIENTED_EDGE('',*,*,#8112,.F.);
#6090=ORIENTED_EDGE('',*,*,#7914,.F.);
#6091=CARTESIAN_POINT('',(0.0333,0.0642256607640495,0.000925760764049546));
#6092=DIRECTION('',(3.1641356201817E-15,-3.52495810318487E-15,1.0));
#6093=DIRECTION('',(0.0,-1.0,-3.52495810318487E-15));
#6094=SURFACE_STYLE_FILL_AREA(#8113);
#6095=ORIENTED_EDGE('',*,*,#8114,.T.);
#6096=ORIENTED_EDGE('',*,*,#7828,.T.);
#6097=ORIENTED_EDGE('',*,*,#8111,.T.);
#6098=ORIENTED_EDGE('',*,*,#7913,.T.);
#6099=CARTESIAN_POINT('',(0.032,0.0617256607640495,0.000925760764049542));
#6100=DIRECTION('',(-1.11308970672583E-29,-1.0,-3.52495810318487E-15));
#6101=DIRECTION('',(1.0,0.0,-3.15773882736403E-15));
#6102=SURFACE_STYLE_FILL_AREA(#8115);
#6103=ORIENTED_EDGE('',*,*,#8116,.T.);
#6104=ORIENTED_EDGE('',*,*,#7849,.T.);
#6105=ORIENTED_EDGE('',*,*,#8117,.T.);
#6106=ORIENTED_EDGE('',*,*,#8095,.F.);
#6107=ORIENTED_EDGE('',*,*,#8118,.T.);
#6108=ORIENTED_EDGE('',*,*,#7886,.F.);
#6109=ORIENTED_EDGE('',*,*,#8119,.T.);
#6110=ORIENTED_EDGE('',*,*,#7910,.T.);
#6111=CARTESIAN_POINT('',(2.1693847783544E-17,0.0685256607640495,0.00792576076404979));
#6112=DIRECTION('',(1.11452286943836E-29,1.0,3.52495810318487E-15));
#6113=DIRECTION('',(0.0,-3.52495810318487E-15,1.0));
#6114=SURFACE_STYLE_FILL_AREA(#8120);
#6115=ORIENTED_EDGE('',*,*,#8121,.F.);
#6116=ORIENTED_EDGE('',*,*,#8122,.F.);
#6117=ORIENTED_EDGE('',*,*,#8123,.F.);
#6118=ORIENTED_EDGE('',*,*,#8124,.F.);
#6119=CARTESIAN_POINT('',(0.0923100505063388,0.0152357112703886,0.00292576076404966));
#6120=DIRECTION('',(-0.499999999999999,-0.499999999999997,-0.707106781186551));
#6121=DIRECTION('',(-0.707106781186549,0.707106781186546,4.95376437062063E-15));
#6122=SURFACE_STYLE_FILL_AREA(#8125);
#6123=ORIENTED_EDGE('',*,*,#8123,.T.);
#6124=ORIENTED_EDGE('',*,*,#8126,.F.);
#6125=ORIENTED_EDGE('',*,*,#8127,.F.);
#6126=ORIENTED_EDGE('',*,*,#8128,.F.);
#6127=CARTESIAN_POINT('',(0.04,0.0695256607640495,0.00292576076405004));
#6128=DIRECTION('',(7.88086678767351E-30,0.707106781186543,0.707106781186552));
#6129=DIRECTION('',(1.0,-1.11452286943836E-29,-7.77466304614581E-44));
#6130=SURFACE_STYLE_FILL_AREA(#8129);
#6131=ORIENTED_EDGE('',*,*,#8121,.T.);
#6132=ORIENTED_EDGE('',*,*,#8130,.F.);
#6133=ORIENTED_EDGE('',*,*,#8131,.F.);
#6134=ORIENTED_EDGE('',*,*,#8132,.F.);
#6135=CARTESIAN_POINT('',(0.0386,-0.0370743392359505,0.00292576076404929));
#6136=DIRECTION('',(0.707106781186549,-4.9617374963874E-15,0.707106781186546));
#6137=DIRECTION('',(-1.10429813745626E-29,-1.0,-7.01695646032619E-15));
#6138=SURFACE_STYLE_FILL_AREA(#8133);
#6139=ORIENTED_EDGE('',*,*,#8127,.T.);
#6140=ORIENTED_EDGE('',*,*,#8134,.F.);
#6141=ORIENTED_EDGE('',*,*,#8135,.F.);
#6142=ORIENTED_EDGE('',*,*,#8136,.F.);
#6143=CARTESIAN_POINT('',(-0.0523100505063388,0.0552357112703883,0.00292576076404994));
#6144=DIRECTION('',(0.499999999999999,-0.499999999999994,-0.707106781186552));
#6145=DIRECTION('',(-0.707106781186548,-0.707106781186548,-4.95376437062063E-15));
#6146=SURFACE_STYLE_FILL_AREA(#8137);
#6147=ORIENTED_EDGE('',*,*,#8131,.T.);
#6148=ORIENTED_EDGE('',*,*,#8138,.F.);
#6149=ORIENTED_EDGE('',*,*,#8139,.F.);
#6150=ORIENTED_EDGE('',*,*,#8140,.F.);
#6151=CARTESIAN_POINT('',(0.0343100505063388,-0.0313843897422893,0.00292576076404933));
#6152=DIRECTION('',(-0.500000000000001,0.500000000000005,-0.707106781186543));
#6153=DIRECTION('',(0.707106781186548,0.707106781186548,4.95376437062066E-15));
#6154=SURFACE_STYLE_FILL_AREA(#8141);
#6155=ORIENTED_EDGE('',*,*,#8135,.T.);
#6156=ORIENTED_EDGE('',*,*,#8142,.F.);
#6157=ORIENTED_EDGE('',*,*,#8143,.F.);
#6158=ORIENTED_EDGE('',*,*,#8144,.F.);
#6159=CARTESIAN_POINT('',(-0.0386,-0.0370743392359505,0.00292576076404929));
#6160=DIRECTION('',(-0.707106781186549,-4.96173749638738E-15,0.707106781186547));
#6161=DIRECTION('',(1.10498424999895E-29,1.0,7.01695646032619E-15));
#6162=SURFACE_STYLE_FILL_AREA(#8145);
#6163=ORIENTED_EDGE('',*,*,#8139,.T.);
#6164=ORIENTED_EDGE('',*,*,#8146,.F.);
#6165=ORIENTED_EDGE('',*,*,#8147,.F.);
#6166=ORIENTED_EDGE('',*,*,#8148,.F.);
#6167=CARTESIAN_POINT('',(0.04,-0.0276743392359505,0.00292576076404936));
#6168=DIRECTION('',(-7.88762278149062E-30,-0.707106781186552,0.707106781186543));
#6169=DIRECTION('',(-1.0,1.1154783112467E-29,7.77801519293064E-44));
#6170=SURFACE_STYLE_FILL_AREA(#8149);
#6171=ORIENTED_EDGE('',*,*,#8143,.T.);
#6172=ORIENTED_EDGE('',*,*,#8150,.F.);
#6173=ORIENTED_EDGE('',*,*,#8147,.T.);
#6174=ORIENTED_EDGE('',*,*,#8151,.F.);
#6175=CARTESIAN_POINT('',(0.00568994949366118,-0.0713843897422893,0.00292576076404905));
#6176=DIRECTION('',(0.499999999999997,0.500000000000002,-0.707106781186548));
#6177=DIRECTION('',(0.707106781186548,-0.707106781186548,-4.95376437062064E-15));
#6178=SURFACE_STYLE_FILL_AREA(#8152);
#6179=ORIENTED_EDGE('',*,*,#8153,.F.);
#6180=ORIENTED_EDGE('',*,*,#7919,.T.);
#6181=ORIENTED_EDGE('',*,*,#8154,.F.);
#6182=ORIENTED_EDGE('',*,*,#8122,.T.);
#6183=CARTESIAN_POINT('',(0.04,0.0695256607640495,0.000925760764049561));
#6184=DIRECTION('',(-0.707106781186546,-0.707106781186549,-2.55140024536125E-16));
#6185=DIRECTION('',(3.1641356201817E-15,-3.52495810318487E-15,1.0));
#6186=SURFACE_STYLE_FILL_AREA(#8155);
#6187=ORIENTED_EDGE('',*,*,#8156,.F.);
#6188=ORIENTED_EDGE('',*,*,#7928,.T.);
#6189=ORIENTED_EDGE('',*,*,#8157,.F.);
#6190=ORIENTED_EDGE('',*,*,#8134,.T.);
#6191=CARTESIAN_POINT('',(-0.0386,0.0709256607640495,0.000925760764049814));
#6192=DIRECTION('',(0.707106781186548,-0.707106781186548,-4.72990353178487E-15));
#6193=DIRECTION('',(3.1641356201817E-15,-3.52495810318487E-15,1.0));
#6194=SURFACE_STYLE_FILL_AREA(#8158);
#6195=ORIENTED_EDGE('',*,*,#8154,.T.);
#6196=ORIENTED_EDGE('',*,*,#7922,.T.);
#6197=ORIENTED_EDGE('',*,*,#8156,.T.);
#6198=ORIENTED_EDGE('',*,*,#8126,.T.);
#6199=CARTESIAN_POINT('',(0.04,0.0709256607640495,0.000925760764049565));
#6200=DIRECTION('',(1.11452286943836E-29,1.0,3.52495810318487E-15));
#6201=DIRECTION('',(0.0,-3.52495810318487E-15,1.0));
#6202=SURFACE_STYLE_FILL_AREA(#8159);
#6203=ORIENTED_EDGE('',*,*,#7594,.T.);
#6204=ORIENTED_EDGE('',*,*,#7603,.T.);
#6205=ORIENTED_EDGE('',*,*,#7600,.T.);
#6206=ORIENTED_EDGE('',*,*,#7597,.T.);
#6207=ORIENTED_EDGE('',*,*,#8144,.T.);
#6208=ORIENTED_EDGE('',*,*,#8151,.T.);
#6209=ORIENTED_EDGE('',*,*,#8146,.T.);
#6210=ORIENTED_EDGE('',*,*,#8138,.T.);
#6211=ORIENTED_EDGE('',*,*,#8130,.T.);
#6212=ORIENTED_EDGE('',*,*,#8124,.T.);
#6213=ORIENTED_EDGE('',*,*,#8128,.T.);
#6214=ORIENTED_EDGE('',*,*,#8136,.T.);
#6215=ORIENTED_EDGE('',*,*,#7691,.T.);
#6216=ORIENTED_EDGE('',*,*,#7657,.T.);
#6217=ORIENTED_EDGE('',*,*,#7650,.T.);
#6218=ORIENTED_EDGE('',*,*,#7646,.T.);
#6219=ORIENTED_EDGE('',*,*,#7654,.T.);
#6220=ORIENTED_EDGE('',*,*,#7673,.T.);
#6221=ORIENTED_EDGE('',*,*,#7666,.T.);
#6222=ORIENTED_EDGE('',*,*,#7662,.T.);
#6223=ORIENTED_EDGE('',*,*,#7670,.T.);
#6224=ORIENTED_EDGE('',*,*,#7689,.T.);
#6225=ORIENTED_EDGE('',*,*,#7682,.T.);
#6226=ORIENTED_EDGE('',*,*,#7678,.T.);
#6227=ORIENTED_EDGE('',*,*,#7686,.T.);
#6228=ORIENTED_EDGE('',*,*,#7705,.T.);
#6229=ORIENTED_EDGE('',*,*,#7708,.T.);
#6230=ORIENTED_EDGE('',*,*,#7701,.T.);
#6231=ORIENTED_EDGE('',*,*,#7697,.T.);
#6232=ORIENTED_EDGE('',*,*,#7721,.T.);
#6233=ORIENTED_EDGE('',*,*,#7724,.T.);
#6234=ORIENTED_EDGE('',*,*,#7717,.T.);
#6235=ORIENTED_EDGE('',*,*,#7713,.T.);
#6236=ORIENTED_EDGE('',*,*,#7737,.T.);
#6237=ORIENTED_EDGE('',*,*,#7740,.T.);
#6238=ORIENTED_EDGE('',*,*,#7733,.T.);
#6239=ORIENTED_EDGE('',*,*,#7729,.T.);
#6240=CARTESIAN_POINT('',(0.04,-0.0370743392359505,0.00292576076404929));
#6241=DIRECTION('',(-0.0,7.01695646032619E-15,-1.0));
#6242=DIRECTION('',(0.0,1.0,7.01695646032619E-15));
#6243=SURFACE_STYLE_FILL_AREA(#8160);
#6244=ORIENTED_EDGE('',*,*,#8161,.T.);
#6245=ORIENTED_EDGE('',*,*,#7925,.T.);
#6246=ORIENTED_EDGE('',*,*,#8153,.T.);
#6247=ORIENTED_EDGE('',*,*,#8132,.T.);
#6248=ORIENTED_EDGE('',*,*,#7948,.T.);
#6249=ORIENTED_EDGE('',*,*,#7944,.T.);
#6250=ORIENTED_EDGE('',*,*,#7964,.T.);
#6251=ORIENTED_EDGE('',*,*,#7970,.T.);
#6252=ORIENTED_EDGE('',*,*,#7972,.T.);
#6253=ORIENTED_EDGE('',*,*,#8026,.T.);
#6254=ORIENTED_EDGE('',*,*,#8023,.T.);
#6255=ORIENTED_EDGE('',*,*,#8014,.T.);
#6256=ORIENTED_EDGE('',*,*,#8008,.T.);
#6257=ORIENTED_EDGE('',*,*,#7992,.T.);
#6258=ORIENTED_EDGE('',*,*,#8162,.T.);
#6259=ORIENTED_EDGE('',*,*,#7952,.T.);
#6260=CARTESIAN_POINT('',(0.04,-0.0370743392359505,0.000925760764049185));
#6261=DIRECTION('',(1.0,1.11596205068196E-29,-3.1641356201817E-15));
#6262=DIRECTION('',(-3.1641356201817E-15,0.0,-1.0));
#6263=SURFACE_STYLE_FILL_AREA(#8163);
#6264=ORIENTED_EDGE('',*,*,#8164,.F.);
#6265=ORIENTED_EDGE('',*,*,#7931,.T.);
#6266=ORIENTED_EDGE('',*,*,#8161,.F.);
#6267=ORIENTED_EDGE('',*,*,#8140,.T.);
#6268=CARTESIAN_POINT('',(0.0386,-0.0290743392359505,0.000925760764049189));
#6269=DIRECTION('',(-0.707106781186548,0.707106781186548,4.72990353178487E-15));
#6270=DIRECTION('',(3.1641356201817E-15,-3.52495810318487E-15,1.0));
#6271=SURFACE_STYLE_FILL_AREA(#8165);
#6272=ORIENTED_EDGE('',*,*,#8166,.T.);
#6273=ORIENTED_EDGE('',*,*,#7937,.T.);
#6274=ORIENTED_EDGE('',*,*,#8164,.T.);
#6275=ORIENTED_EDGE('',*,*,#8148,.T.);
#6276=CARTESIAN_POINT('',(-0.04,-0.0290743392359505,0.000925760764049438));
#6277=DIRECTION('',(-1.1154783112467E-29,-1.0,-3.52495810318487E-15));
#6278=DIRECTION('',(0.0,3.52495810318487E-15,-1.0));
#6279=SURFACE_STYLE_FILL_AREA(#8167);
#6280=ORIENTED_EDGE('',*,*,#8168,.F.);
#6281=ORIENTED_EDGE('',*,*,#7939,.T.);
#6282=ORIENTED_EDGE('',*,*,#8166,.F.);
#6283=ORIENTED_EDGE('',*,*,#8150,.T.);
#6284=CARTESIAN_POINT('',(-0.04,-0.0276743392359505,0.000925760764049443));
#6285=DIRECTION('',(0.707106781186548,0.707106781186548,2.55140024536113E-16));
#6286=DIRECTION('',(3.1641356201817E-15,-3.52495810318487E-15,1.0));
#6287=SURFACE_STYLE_FILL_AREA(#8169);
#6288=ORIENTED_EDGE('',*,*,#8157,.T.);
#6289=ORIENTED_EDGE('',*,*,#7934,.T.);
#6290=ORIENTED_EDGE('',*,*,#8168,.T.);
#6291=ORIENTED_EDGE('',*,*,#8142,.T.);
#6292=CARTESIAN_POINT('',(-0.04,0.0629256607640495,0.00092576076404979));
#6293=DIRECTION('',(-1.0,-1.11527593813927E-29,3.1641356201817E-15));
#6294=DIRECTION('',(3.1641356201817E-15,0.0,1.0));
#6295=SURFACE_STYLE_FILL_AREA(#8170);
#6296=ORIENTED_EDGE('',*,*,#8117,.F.);
#6297=ORIENTED_EDGE('',*,*,#7857,.T.);
#6298=ORIENTED_EDGE('',*,*,#8109,.T.);
#6299=ORIENTED_EDGE('',*,*,#8096,.F.);
#6300=CARTESIAN_POINT('',(-0.0308,0.0629256607640495,0.000925760764049762));
#6301=DIRECTION('',(1.0,1.11493288186792E-29,-3.1641356201817E-15));
#6302=DIRECTION('',(-3.1641356201817E-15,0.0,-1.0));
#6303=SURFACE_STYLE_FILL_AREA(#8171);
#6304=ORIENTED_EDGE('',*,*,#8112,.T.);
#6305=ORIENTED_EDGE('',*,*,#7842,.T.);
#6306=ORIENTED_EDGE('',*,*,#8116,.F.);
#6307=ORIENTED_EDGE('',*,*,#7915,.T.);
#6308=CARTESIAN_POINT('',(0.0308,0.0629256607640495,0.000925760764049567));
#6309=DIRECTION('',(-1.0,-1.11493288186792E-29,3.1641356201817E-15));
#6310=DIRECTION('',(0.0,-1.0,-3.52365706057789E-15));
#6311=SURFACE_STYLE_FILL_AREA(#8172);
#6312=ORIENTED_EDGE('',*,*,#8173,.T.);
#6313=CARTESIAN_POINT('',(-9.94750841827373E-18,0.000925660764049513,-0.00207423923595045));
#6314=DIRECTION('',(3.1641356201817E-15,-3.52495810318487E-15,1.0));
#6315=DIRECTION('',(1.0,1.13768533674843E-29,-3.1641356201817E-15));
#6316=SURFACE_STYLE_FILL_AREA(#8174);
#6317=ORIENTED_EDGE('',*,*,#8035,.T.);
#6318=ORIENTED_EDGE('',*,*,#7489,.T.);
#6319=ORIENTED_EDGE('',*,*,#8175,.T.);
#6320=ORIENTED_EDGE('',*,*,#8081,.T.);
#6321=ORIENTED_EDGE('',*,*,#8176,.T.);
#6322=ORIENTED_EDGE('',*,*,#7888,.F.);
#6323=ORIENTED_EDGE('',*,*,#8177,.T.);
#6324=ORIENTED_EDGE('',*,*,#8093,.F.);
#6325=ORIENTED_EDGE('',*,*,#8107,.F.);
#6326=ORIENTED_EDGE('',*,*,#7854,.T.);
#6327=ORIENTED_EDGE('',*,*,#7637,.T.);
#6328=ORIENTED_EDGE('',*,*,#7627,.F.);
#6329=ORIENTED_EDGE('',*,*,#7635,.F.);
#6330=ORIENTED_EDGE('',*,*,#7825,.T.);
#6331=ORIENTED_EDGE('',*,*,#8178,.T.);
#6332=ORIENTED_EDGE('',*,*,#8090,.T.);
#6333=ORIENTED_EDGE('',*,*,#8179,.F.);
#6334=ORIENTED_EDGE('',*,*,#8180,.T.);
#6335=ORIENTED_EDGE('',*,*,#8041,.F.);
#6336=ORIENTED_EDGE('',*,*,#8064,.T.);
#6337=CARTESIAN_POINT('',(-0.0376,0.000925660764049478,0.00792576076404967));
#6338=DIRECTION('',(-1.0,-1.11527593813927E-29,3.1641356201817E-15));
#6339=DIRECTION('',(3.1641356201817E-15,0.0,1.0));
#6340=SURFACE_STYLE_FILL_AREA(#8181);
#6341=ORIENTED_EDGE('',*,*,#8182,.F.);
#6342=ORIENTED_EDGE('',*,*,#8183,.T.);
#6343=ORIENTED_EDGE('',*,*,#8073,.F.);
#6344=ORIENTED_EDGE('',*,*,#8071,.F.);
#6345=ORIENTED_EDGE('',*,*,#8046,.T.);
#6346=ORIENTED_EDGE('',*,*,#7483,.T.);
#6347=ORIENTED_EDGE('',*,*,#8184,.T.);
#6348=ORIENTED_EDGE('',*,*,#7906,.F.);
#6349=ORIENTED_EDGE('',*,*,#8185,.F.);
#6350=ORIENTED_EDGE('',*,*,#7794,.T.);
#6351=ORIENTED_EDGE('',*,*,#7605,.F.);
#6352=ORIENTED_EDGE('',*,*,#7615,.T.);
#6353=ORIENTED_EDGE('',*,*,#7622,.T.);
#6354=ORIENTED_EDGE('',*,*,#7820,.T.);
#6355=ORIENTED_EDGE('',*,*,#8114,.F.);
#6356=ORIENTED_EDGE('',*,*,#7912,.T.);
#6357=ORIENTED_EDGE('',*,*,#8186,.T.);
#6358=ORIENTED_EDGE('',*,*,#7892,.F.);
#6359=ORIENTED_EDGE('',*,*,#8187,.T.);
#6360=ORIENTED_EDGE('',*,*,#7896,.F.);
#6361=ORIENTED_EDGE('',*,*,#8021,.T.);
#6362=ORIENTED_EDGE('',*,*,#8028,.T.);
#6363=ORIENTED_EDGE('',*,*,#8005,.T.);
#6364=ORIENTED_EDGE('',*,*,#8002,.T.);
#6365=ORIENTED_EDGE('',*,*,#7999,.T.);
#6366=ORIENTED_EDGE('',*,*,#7996,.T.);
#6367=ORIENTED_EDGE('',*,*,#8011,.T.);
#6368=ORIENTED_EDGE('',*,*,#8018,.T.);
#6369=CARTESIAN_POINT('',(0.0376,0.000925660764049478,0.00792576076404943));
#6370=DIRECTION('',(1.0,1.11596205068196E-29,-3.1641356201817E-15));
#6371=DIRECTION('',(-3.1641356201817E-15,0.0,-1.0));
#6372=SURFACE_STYLE_FILL_AREA(#8188);
#6373=ORIENTED_EDGE('',*,*,#8189,.F.);
#6374=ORIENTED_EDGE('',*,*,#7756,.T.);
#6375=ORIENTED_EDGE('',*,*,#8190,.F.);
#6376=ORIENTED_EDGE('',*,*,#7900,.F.);
#6377=CARTESIAN_POINT('',(0.0333,-0.0223743392359505,0.00092576076404923));
#6378=DIRECTION('',(-3.1641356201817E-15,3.52495810318487E-15,-1.0));
#6379=DIRECTION('',(0.0,1.0,3.52495810318487E-15));
#6380=SURFACE_STYLE_FILL_AREA(#8191);
#6381=ORIENTED_EDGE('',*,*,#8192,.F.);
#6382=ORIENTED_EDGE('',*,*,#7784,.T.);
#6383=ORIENTED_EDGE('',*,*,#8193,.F.);
#6384=ORIENTED_EDGE('',*,*,#8083,.F.);
#6385=CARTESIAN_POINT('',(-0.0333,-0.0223743392359505,0.00092576076404944));
#6386=DIRECTION('',(-3.1641356201817E-15,3.52495810318487E-15,-1.0));
#6387=DIRECTION('',(0.0,1.0,3.52495810318487E-15));
#6388=SURFACE_STYLE_FILL_AREA(#8194);
#6389=ORIENTED_EDGE('',*,*,#8193,.T.);
#6390=ORIENTED_EDGE('',*,*,#7776,.T.);
#6391=ORIENTED_EDGE('',*,*,#8195,.T.);
#6392=ORIENTED_EDGE('',*,*,#8084,.T.);
#6393=CARTESIAN_POINT('',(-0.0308,-0.0290743392359505,0.000925760764049409));
#6394=DIRECTION('',(1.0,1.11493288186792E-29,-3.1641356201817E-15));
#6395=DIRECTION('',(-3.1641356201817E-15,0.0,-1.0));
#6396=SURFACE_STYLE_FILL_AREA(#8196);
#6397=ORIENTED_EDGE('',*,*,#8175,.F.);
#6398=ORIENTED_EDGE('',*,*,#7790,.T.);
#6399=ORIENTED_EDGE('',*,*,#8192,.T.);
#6400=ORIENTED_EDGE('',*,*,#8082,.T.);
#6401=CARTESIAN_POINT('',(-0.032,-0.0198743392359505,0.000925760764049445));
#6402=DIRECTION('',(1.11308970672583E-29,1.0,3.52495810318487E-15));
#6403=DIRECTION('',(0.0,-3.52495810318487E-15,1.0));
#6404=SURFACE_STYLE_FILL_AREA(#8197);
#6405=ORIENTED_EDGE('',*,*,#8190,.T.);
#6406=ORIENTED_EDGE('',*,*,#7760,.T.);
#6407=ORIENTED_EDGE('',*,*,#8182,.T.);
#6408=ORIENTED_EDGE('',*,*,#7901,.F.);
#6409=CARTESIAN_POINT('',(0.032,-0.0198743392359505,0.000925760764049243));
#6410=DIRECTION('',(1.11786691576758E-29,1.0,3.52495810318487E-15));
#6411=DIRECTION('',(0.0,-3.52495810318487E-15,1.0));
#6412=SURFACE_STYLE_FILL_AREA(#8198);
#6413=ORIENTED_EDGE('',*,*,#8199,.F.);
#6414=ORIENTED_EDGE('',*,*,#7764,.T.);
#6415=ORIENTED_EDGE('',*,*,#8189,.T.);
#6416=ORIENTED_EDGE('',*,*,#7899,.F.);
#6417=CARTESIAN_POINT('',(0.0308,-0.0290743392359505,0.000925760764049214));
#6418=DIRECTION('',(-1.0,-1.11922108525973E-29,3.1641356201817E-15));
#6419=DIRECTION('',(3.1641356201817E-15,0.0,1.0));
#6420=SURFACE_STYLE_FILL_AREA(#8200);
#6421=ORIENTED_EDGE('',*,*,#8195,.F.);
#6422=ORIENTED_EDGE('',*,*,#7768,.T.);
#6423=ORIENTED_EDGE('',*,*,#8199,.T.);
#6424=ORIENTED_EDGE('',*,*,#7898,.F.);
#6425=ORIENTED_EDGE('',*,*,#8201,.T.);
#6426=ORIENTED_EDGE('',*,*,#7890,.F.);
#6427=ORIENTED_EDGE('',*,*,#8202,.T.);
#6428=ORIENTED_EDGE('',*,*,#8079,.T.);
#6429=CARTESIAN_POINT('',(2.16938477835428E-17,-0.0266743392359505,0.00792576076404942));
#6430=DIRECTION('',(-1.1154783112467E-29,-1.0,-3.52495810318487E-15));
#6431=DIRECTION('',(0.0,3.52495810318487E-15,-1.0));
#6432=SURFACE_STYLE_FILL_AREA(#8203);
#6433=ORIENTED_EDGE('',*,*,#8076,.T.);
#6434=CARTESIAN_POINT('',(-9.94750841827373E-18,0.00892566076404951,-0.00207423923595045));
#6435=DIRECTION('',(3.1641356201817E-15,-3.52495810318487E-15,1.0));
#6436=DIRECTION('',(1.0,1.13768533674843E-29,-3.1641356201817E-15));
#6437=SURFACE_STYLE_FILL_AREA(#8204);
#6438=ORIENTED_EDGE('',*,*,#7889,.F.);
#6439=ORIENTED_EDGE('',*,*,#8176,.F.);
#6440=ORIENTED_EDGE('',*,*,#8080,.F.);
#6441=ORIENTED_EDGE('',*,*,#8202,.F.);
#6442=CARTESIAN_POINT('',(-0.0366,-0.0256743392359505,0.00792576076404954));
#6443=DIRECTION('',(-3.1641356201817E-15,3.52495810318487E-15,-1.0));
#6444=DIRECTION('',(0.0,1.0,3.52495810318487E-15));
#6445=SURFACE_STYLE_FILL_AREA(#8205);
#6446=ORIENTED_EDGE('',*,*,#7891,.F.);
#6447=ORIENTED_EDGE('',*,*,#8201,.F.);
#6448=ORIENTED_EDGE('',*,*,#7897,.F.);
#6449=ORIENTED_EDGE('',*,*,#8187,.F.);
#6450=CARTESIAN_POINT('',(0.0366,-0.0256743392359505,0.00792576076404934));
#6451=DIRECTION('',(-3.1641356201817E-15,3.52495810318487E-15,-1.0));
#6452=DIRECTION('',(0.0,1.0,3.52495810318487E-15));
#6453=SURFACE_STYLE_FILL_AREA(#8206);
#6454=ORIENTED_EDGE('',*,*,#7887,.F.);
#6455=ORIENTED_EDGE('',*,*,#8118,.F.);
#6456=ORIENTED_EDGE('',*,*,#8094,.F.);
#6457=ORIENTED_EDGE('',*,*,#8177,.F.);
#6458=CARTESIAN_POINT('',(-0.0366,0.0675256607640495,0.0079257607640499));
#6459=DIRECTION('',(-3.1641356201817E-15,3.52495810318487E-15,-1.0));
#6460=DIRECTION('',(0.0,1.0,3.52495810318487E-15));
#6461=SURFACE_STYLE_FILL_AREA(#8207);
#6462=ORIENTED_EDGE('',*,*,#7893,.F.);
#6463=ORIENTED_EDGE('',*,*,#8186,.F.);
#6464=ORIENTED_EDGE('',*,*,#7911,.F.);
#6465=ORIENTED_EDGE('',*,*,#8119,.F.);
#6466=CARTESIAN_POINT('',(0.0366,0.0675256607640495,0.00792576076404967));
#6467=DIRECTION('',(-3.1641356201817E-15,3.52495810318487E-15,-1.0));
#6468=DIRECTION('',(0.0,1.0,3.52495810318487E-15));
#6469=SURFACE_STYLE_FILL_AREA(#8208);
#6470=ORIENTED_EDGE('',*,*,#8209,.F.);
#6471=ORIENTED_EDGE('',*,*,#7810,.T.);
#6472=ORIENTED_EDGE('',*,*,#8210,.F.);
#6473=ORIENTED_EDGE('',*,*,#8088,.F.);
#6474=CARTESIAN_POINT('',(-0.0337999999959968,0.0209256607600463,0.000925760764049594));
#6475=DIRECTION('',(-3.1641356201817E-15,3.52495810318487E-15,-1.0));
#6476=DIRECTION('',(0.0,1.0,3.52495810318487E-15));
#6477=SURFACE_STYLE_FILL_AREA(#8211);
#6478=ORIENTED_EDGE('',*,*,#8178,.F.);
#6479=ORIENTED_EDGE('',*,*,#7817,.T.);
#6480=ORIENTED_EDGE('',*,*,#8209,.T.);
#6481=ORIENTED_EDGE('',*,*,#8087,.T.);
#6482=CARTESIAN_POINT('',(-0.032,0.0249256607640495,0.000925760764049603));
#6483=DIRECTION('',(1.11308970672583E-29,1.0,3.52495810318487E-15));
#6484=DIRECTION('',(0.0,-3.52495810318487E-15,1.0));
#6485=SURFACE_STYLE_FILL_AREA(#8212);
#6486=ORIENTED_EDGE('',*,*,#8210,.T.);
#6487=ORIENTED_EDGE('',*,*,#7802,.T.);
#6488=ORIENTED_EDGE('',*,*,#8179,.T.);
#6489=ORIENTED_EDGE('',*,*,#8089,.T.);
#6490=CARTESIAN_POINT('',(-0.04,0.0169256607640495,0.0009257607640496));
#6491=DIRECTION('',(-1.11308970672583E-29,-1.0,-3.52495810318487E-15));
#6492=DIRECTION('',(0.0,3.52495810318487E-15,-1.0));
#6493=SURFACE_STYLE_FILL_AREA(#8213);
#6494=ORIENTED_EDGE('',*,*,#8173,.F.);
#6495=ORIENTED_EDGE('',*,*,#8086,.T.);
#6496=CARTESIAN_POINT('',(-0.0338,0.0209256607640495,-0.0020742392359503));
#6497=DIRECTION('',(3.1641356201817E-15,-3.52495810318487E-15,1.0));
#6498=DIRECTION('',(0.0,-1.0,-3.52495810318487E-15));
#6499=SURFACE_STYLE_FILL_AREA(#8214);
#6500=ORIENTED_EDGE('',*,*,#8184,.F.);
#6501=ORIENTED_EDGE('',*,*,#7770,.T.);
#6502=ORIENTED_EDGE('',*,*,#8215,.T.);
#6503=ORIENTED_EDGE('',*,*,#7907,.F.);
#6504=CARTESIAN_POINT('',(0.04,0.0169256607640495,0.000925760764049347));
#6505=DIRECTION('',(-1.11308970672584E-29,-1.0,-3.52495810318487E-15));
#6506=DIRECTION('',(0.0,3.52495810318487E-15,-1.0));
#6507=SURFACE_STYLE_FILL_AREA(#8216);
#6508=ORIENTED_EDGE('',*,*,#8215,.F.);
#6509=ORIENTED_EDGE('',*,*,#7779,.T.);
#6510=ORIENTED_EDGE('',*,*,#8217,.F.);
#6511=ORIENTED_EDGE('',*,*,#7904,.F.);
#6512=CARTESIAN_POINT('',(0.0337999999959968,0.0209256607600463,0.000925760764049381));
#6513=DIRECTION('',(-3.1641356201817E-15,3.52495810318487E-15,-1.0));
#6514=DIRECTION('',(0.0,1.0,3.52495810318487E-15));
#6515=SURFACE_STYLE_FILL_AREA(#8218);
#6516=ORIENTED_EDGE('',*,*,#8217,.T.);
#6517=ORIENTED_EDGE('',*,*,#7787,.T.);
#6518=ORIENTED_EDGE('',*,*,#8185,.T.);
#6519=ORIENTED_EDGE('',*,*,#7905,.F.);
#6520=CARTESIAN_POINT('',(0.032,0.0249256607640495,0.000925760764049401));
#6521=DIRECTION('',(1.11308970672584E-29,1.0,3.52495810318487E-15));
#6522=DIRECTION('',(0.0,-3.52495810318487E-15,1.0));
#6523=SURFACE_STYLE_FILL_AREA(#8219);
#6524=ORIENTED_EDGE('',*,*,#8220,.F.);
#6525=ORIENTED_EDGE('',*,*,#7903,.T.);
#6526=CARTESIAN_POINT('',(0.0338,0.0209256607640495,-0.00207423923595051));
#6527=DIRECTION('',(3.1641356201817E-15,-3.52495810318487E-15,1.0));
#6528=DIRECTION('',(0.0,-1.0,-3.52495810318487E-15));
#6529=SURFACE_STYLE_FILL_AREA(#8221);
#6530=ORIENTED_EDGE('',*,*,#7471,.T.);
#6531=ORIENTED_EDGE('',*,*,#8050,.F.);
#6532=ORIENTED_EDGE('',*,*,#8222,.F.);
#6533=ORIENTED_EDGE('',*,*,#8053,.F.);
#6534=CARTESIAN_POINT('',(0.0337999999959968,0.00322705803071311,-7.4239235950653E-05));
#6535=DIRECTION('',(3.1641356201817E-15,-3.52495810318487E-15,1.0));
#6536=DIRECTION('',(0.0,-1.0,-3.52495810318487E-15));
#6537=SURFACE_STYLE_FILL_AREA(#8223);
#6538=ORIENTED_EDGE('',*,*,#8222,.T.);
#6539=ORIENTED_EDGE('',*,*,#8074,.F.);
#6540=ORIENTED_EDGE('',*,*,#8224,.F.);
#6541=ORIENTED_EDGE('',*,*,#8054,.F.);
#6542=CARTESIAN_POINT('',(-3.61923717791071E-18,-0.00277294196528372,-7.42392359505673E-05));
#6543=DIRECTION('',(1.0,-1.01377283964633E-32,-3.1641356201817E-15));
#6544=DIRECTION('',(-3.1641356201817E-15,0.0,-1.0));
#6545=SURFACE_STYLE_FILL_AREA(#8225);
#6546=ORIENTED_EDGE('',*,*,#8224,.T.);
#6547=ORIENTED_EDGE('',*,*,#8183,.F.);
#6548=ORIENTED_EDGE('',*,*,#7759,.F.);
#6549=ORIENTED_EDGE('',*,*,#8055,.F.);
#6550=CARTESIAN_POINT('',(0.0366,0.000925660764049506,-7.42392359506701E-05));
#6551=DIRECTION('',(-6.17501288419298E-33,1.0,3.52495810318487E-15));
#6552=DIRECTION('',(0.0,-3.52495810318487E-15,1.0));
#6553=SURFACE_STYLE_FILL_AREA(#8226);
#6554=ORIENTED_EDGE('',*,*,#7801,.F.);
#6555=ORIENTED_EDGE('',*,*,#8062,.F.);
#6556=ORIENTED_EDGE('',*,*,#8227,.F.);
#6557=ORIENTED_EDGE('',*,*,#8180,.F.);
#6558=CARTESIAN_POINT('',(-0.0376,0.000925660764049506,-7.42392359504348E-05));
#6559=DIRECTION('',(0.707106781186546,2.4925217781605E-15,-0.707106781186549));
#6560=DIRECTION('',(6.86112542686551E-34,1.0,3.52495810318487E-15));
#6561=SURFACE_STYLE_FILL_AREA(#8228);
#6562=ORIENTED_EDGE('',*,*,#8227,.T.);
#6563=ORIENTED_EDGE('',*,*,#8061,.F.);
#6564=ORIENTED_EDGE('',*,*,#7498,.F.);
#6565=ORIENTED_EDGE('',*,*,#8042,.F.);
#6566=CARTESIAN_POINT('',(-4.5510155772888E-19,0.00922705802670535,0.000925760764049475));
#6567=DIRECTION('',(2.23738175362437E-15,-0.70710678118655,0.707106781186545));
#6568=DIRECTION('',(-1.0,-9.04547911455922E-32,3.1641356201817E-15));
#6569=SURFACE_STYLE_FILL_AREA(#8229);
#6570=ORIENTED_EDGE('',*,*,#7869,.F.);
#6571=ORIENTED_EDGE('',*,*,#7872,.T.);
#6572=ORIENTED_EDGE('',*,*,#7501,.F.);
#6573=ORIENTED_EDGE('',*,*,#7747,.T.);
#6574=ORIENTED_EDGE('',*,*,#7742,.F.);
#6575=ORIENTED_EDGE('',*,*,#7750,.T.);
#6576=ORIENTED_EDGE('',*,*,#7509,.F.);
#6577=ORIENTED_EDGE('',*,*,#7875,.T.);
#6578=ORIENTED_EDGE('',*,*,#7692,.F.);
#6579=ORIENTED_EDGE('',*,*,#7644,.F.);
#6580=ORIENTED_EDGE('',*,*,#7649,.F.);
#6581=ORIENTED_EDGE('',*,*,#7656,.F.);
#6582=ORIENTED_EDGE('',*,*,#7652,.F.);
#6583=ORIENTED_EDGE('',*,*,#7660,.F.);
#6584=ORIENTED_EDGE('',*,*,#7665,.F.);
#6585=ORIENTED_EDGE('',*,*,#7672,.F.);
#6586=ORIENTED_EDGE('',*,*,#7668,.F.);
#6587=ORIENTED_EDGE('',*,*,#7676,.F.);
#6588=ORIENTED_EDGE('',*,*,#7681,.F.);
#6589=ORIENTED_EDGE('',*,*,#7688,.F.);
#6590=ORIENTED_EDGE('',*,*,#7684,.F.);
#6591=ORIENTED_EDGE('',*,*,#7700,.F.);
#6592=ORIENTED_EDGE('',*,*,#7707,.F.);
#6593=ORIENTED_EDGE('',*,*,#7703,.F.);
#6594=ORIENTED_EDGE('',*,*,#7695,.F.);
#6595=ORIENTED_EDGE('',*,*,#7716,.F.);
#6596=ORIENTED_EDGE('',*,*,#7723,.F.);
#6597=ORIENTED_EDGE('',*,*,#7719,.F.);
#6598=ORIENTED_EDGE('',*,*,#7711,.F.);
#6599=ORIENTED_EDGE('',*,*,#7732,.F.);
#6600=ORIENTED_EDGE('',*,*,#7739,.F.);
#6601=ORIENTED_EDGE('',*,*,#7735,.F.);
#6602=ORIENTED_EDGE('',*,*,#7727,.F.);
#6603=CARTESIAN_POINT('',(2.70903406245272E-18,0.000925660764049499,0.00192576076404945));
#6604=DIRECTION('',(3.1641356201817E-15,-3.52495810318487E-15,1.0));
#6605=DIRECTION('',(1.0,1.13768533674843E-29,-3.1641356201817E-15));
#6606=SURFACE_STYLE_FILL_AREA(#8230);
#6607=ORIENTED_EDGE('',*,*,#7961,.F.);
#6608=ORIENTED_EDGE('',*,*,#7950,.T.);
#6609=ORIENTED_EDGE('',*,*,#8162,.F.);
#6610=ORIENTED_EDGE('',*,*,#7991,.T.);
#6611=ORIENTED_EDGE('',*,*,#7976,.T.);
#6612=CARTESIAN_POINT('',(0.04,-0.0336743392359505,-0.00417616368632798));
#6613=DIRECTION('',(-3.1641356201817E-15,4.97841222228891E-60,-1.0));
#6614=DIRECTION('',(-1.11596205068196E-29,1.0,3.53105527533379E-44));
#6615=SURFACE_STYLE_FILL_AREA(#8231);
#6616=ORIENTED_EDGE('',*,*,#7552,.F.);
#6617=ORIENTED_EDGE('',*,*,#7545,.F.);
#6618=ORIENTED_EDGE('',*,*,#7571,.F.);
#6619=ORIENTED_EDGE('',*,*,#7564,.F.);
#6620=ORIENTED_EDGE('',*,*,#7577,.F.);
#6621=ORIENTED_EDGE('',*,*,#7591,.F.);
#6622=ORIENTED_EDGE('',*,*,#7586,.F.);
#6623=ORIENTED_EDGE('',*,*,#7581,.F.);
#6624=ORIENTED_EDGE('',*,*,#7528,.T.);
#6625=ORIENTED_EDGE('',*,*,#7536,.T.);
#6626=ORIENTED_EDGE('',*,*,#7542,.T.);
#6627=ORIENTED_EDGE('',*,*,#7539,.T.);
#6628=ORIENTED_EDGE('',*,*,#7530,.T.);
#6629=ORIENTED_EDGE('',*,*,#7523,.T.);
#6630=ORIENTED_EDGE('',*,*,#7515,.T.);
#6631=ORIENTED_EDGE('',*,*,#7520,.T.);
#6632=CARTESIAN_POINT('',(9.17915743414715E-18,0.0483756607640495,0.00192576076404961));
#6633=DIRECTION('',(-0.0,0.0,-1.0));
#6634=DIRECTION('',(-1.0,-0.0,0.0));
#6635=SURFACE_STYLE_FILL_AREA(#8232);
#6636=ORIENTED_EDGE('',*,*,#8100,.T.);
#6637=CARTESIAN_POINT('',(-9.94750841827373E-18,0.000925660764049513,-0.00207423923595045));
#6638=DIRECTION('',(3.1641356201817E-15,-3.52495810318487E-15,1.0));
#6639=DIRECTION('',(1.0,1.13768533674843E-29,-3.1641356201817E-15));
#6640=SURFACE_STYLE_FILL_AREA(#8233);
#6641=ORIENTED_EDGE('',*,*,#8102,.T.);
#6642=CARTESIAN_POINT('',(-9.94750841827373E-18,0.000925660764049513,-0.00207423923595045));
#6643=DIRECTION('',(3.1641356201817E-15,-3.52495810318487E-15,1.0));
#6644=DIRECTION('',(1.0,1.13768533674843E-29,-3.1641356201817E-15));
#6645=SURFACE_STYLE_FILL_AREA(#8234);
#6646=ORIENTED_EDGE('',*,*,#8104,.T.);
#6647=CARTESIAN_POINT('',(-9.94750841827373E-18,0.00892566076404951,-0.00207423923595045));
#6648=DIRECTION('',(3.1641356201817E-15,-3.52495810318487E-15,1.0));
#6649=DIRECTION('',(1.0,1.13768533674843E-29,-3.1641356201817E-15));
#6650=SURFACE_STYLE_FILL_AREA(#8235);
#6651=ORIENTED_EDGE('',*,*,#8220,.T.);
#6652=CARTESIAN_POINT('',(-9.94750841827373E-18,0.000925660764049513,-0.00207423923595045));
#6653=DIRECTION('',(3.1641356201817E-15,-3.52495810318487E-15,1.0));
#6654=DIRECTION('',(1.0,1.13768533674843E-29,-3.1641356201817E-15));
#6655=SURFACE_STYLE_FILL_AREA(#8236);
#6656=ORIENTED_EDGE('',*,*,#8237,.F.);
#6657=ORIENTED_EDGE('',*,*,#8238,.T.);
#6658=ORIENTED_EDGE('',*,*,#8239,.F.);
#6659=ORIENTED_EDGE('',*,*,#8240,.T.);
#6660=ORIENTED_EDGE('',*,*,#8241,.T.);
#6661=ORIENTED_EDGE('',*,*,#8242,.T.);
#6662=ORIENTED_EDGE('',*,*,#8243,.T.);
#6663=ORIENTED_EDGE('',*,*,#8244,.T.);
#6664=ORIENTED_EDGE('',*,*,#8245,.T.);
#6665=ORIENTED_EDGE('',*,*,#8246,.T.);
#6666=ORIENTED_EDGE('',*,*,#8247,.T.);
#6667=ORIENTED_EDGE('',*,*,#8248,.T.);
#6668=ORIENTED_EDGE('',*,*,#8249,.T.);
#6669=ORIENTED_EDGE('',*,*,#8250,.T.);
#6670=ORIENTED_EDGE('',*,*,#8251,.T.);
#6671=ORIENTED_EDGE('',*,*,#8252,.T.);
#6672=ORIENTED_EDGE('',*,*,#8253,.T.);
#6673=ORIENTED_EDGE('',*,*,#8254,.T.);
#6674=ORIENTED_EDGE('',*,*,#8255,.T.);
#6675=ORIENTED_EDGE('',*,*,#8256,.T.);
#6676=CARTESIAN_POINT('',(-4.55101557728974E-19,0.0254256607640495,0.0509257607640495));
#6677=DIRECTION('',(-3.1641356201817E-15,3.52495810318487E-15,-1.0));
#6678=DIRECTION('',(-1.0,-1.13768533674843E-29,3.1641356201817E-15));
#6679=SURFACE_STYLE_FILL_AREA(#8257);
#6680=ORIENTED_EDGE('',*,*,#8242,.F.);
#6681=ORIENTED_EDGE('',*,*,#8258,.F.);
#6682=ORIENTED_EDGE('',*,*,#8259,.F.);
#6683=ORIENTED_EDGE('',*,*,#8260,.F.);
#6684=CARTESIAN_POINT('',(0.0250027938683828,-0.0217743392359505,0.0509257607640493));
#6685=DIRECTION('',(3.1641356201817E-15,-3.52495810318487E-15,1.0));
#6686=DIRECTION('',(0.0,-1.0,-3.52495810318487E-15));
#6687=SURFACE_STYLE_FILL_AREA(#8261);
#6688=ORIENTED_EDGE('',*,*,#8262,.F.);
#6689=ORIENTED_EDGE('',*,*,#8263,.F.);
#6690=ORIENTED_EDGE('',*,*,#8264,.F.);
#6691=ORIENTED_EDGE('',*,*,#8265,.F.);
#6692=CARTESIAN_POINT('',(0.0258027938683828,-0.0225743392359505,0.0509257607640493));
#6693=DIRECTION('',(3.1641356201817E-15,-3.52495810318487E-15,1.0));
#6694=DIRECTION('',(0.0,-1.0,-3.52495810318487E-15));
#6695=SURFACE_STYLE_FILL_AREA(#8266);
#6696=ORIENTED_EDGE('',*,*,#8267,.F.);
#6697=ORIENTED_EDGE('',*,*,#8268,.F.);
#6698=ORIENTED_EDGE('',*,*,#8269,.F.);
#6699=ORIENTED_EDGE('',*,*,#8270,.F.);
#6700=CARTESIAN_POINT('',(-0.0258027938683827,-0.0225743392359505,0.0509257607640494));
#6701=DIRECTION('',(-3.1641356201817E-15,3.52495810318487E-15,-1.0));
#6702=DIRECTION('',(0.0,1.0,3.52495810318487E-15));
#6703=SURFACE_STYLE_FILL_AREA(#8271);
#6704=ORIENTED_EDGE('',*,*,#8244,.F.);
#6705=ORIENTED_EDGE('',*,*,#8272,.F.);
#6706=ORIENTED_EDGE('',*,*,#8273,.F.);
#6707=ORIENTED_EDGE('',*,*,#8274,.F.);
#6708=CARTESIAN_POINT('',(-0.0250027938683827,-0.0217743392359505,0.0509257607640494));
#6709=DIRECTION('',(-3.1641356201817E-15,3.52495810318487E-15,-1.0));
#6710=DIRECTION('',(0.0,1.0,3.52495810318487E-15));
#6711=SURFACE_STYLE_FILL_AREA(#8275);
#6712=ORIENTED_EDGE('',*,*,#8246,.F.);
#6713=ORIENTED_EDGE('',*,*,#8276,.F.);
#6714=ORIENTED_EDGE('',*,*,#8277,.F.);
#6715=ORIENTED_EDGE('',*,*,#8278,.F.);
#6716=CARTESIAN_POINT('',(-0.0250027938683827,0.0282284546324324,0.0509257607640496));
#6717=DIRECTION('',(3.1641356201817E-15,-3.52495810318487E-15,1.0));
#6718=DIRECTION('',(0.0,-1.0,-3.52495810318487E-15));
#6719=SURFACE_STYLE_FILL_AREA(#8279);
#6720=ORIENTED_EDGE('',*,*,#8238,.F.);
#6721=ORIENTED_EDGE('',*,*,#8280,.F.);
#6722=ORIENTED_EDGE('',*,*,#8281,.F.);
#6723=ORIENTED_EDGE('',*,*,#8282,.F.);
#6724=CARTESIAN_POINT('',(0.0258027938683828,0.0290284546324324,0.0509257607640495));
#6725=DIRECTION('',(3.1641356201817E-15,-3.52495810318487E-15,1.0));
#6726=DIRECTION('',(0.0,-1.0,-3.52495810318487E-15));
#6727=SURFACE_STYLE_FILL_AREA(#8283);
#6728=ORIENTED_EDGE('',*,*,#8284,.F.);
#6729=ORIENTED_EDGE('',*,*,#8248,.F.);
#6730=ORIENTED_EDGE('',*,*,#8285,.F.);
#6731=ORIENTED_EDGE('',*,*,#8286,.F.);
#6732=CARTESIAN_POINT('',(0.0206027938695837,0.0298284546336334,0.0509257607640495));
#6733=DIRECTION('',(-3.2526065207117E-15,3.52495810318487E-15,-1.0));
#6734=DIRECTION('',(0.0,1.0,3.52495810318487E-15));
#6735=SURFACE_STYLE_FILL_AREA(#8287);
#6736=ORIENTED_EDGE('',*,*,#8288,.F.);
#6737=ORIENTED_EDGE('',*,*,#8289,.T.);
#6738=ORIENTED_EDGE('',*,*,#8239,.T.);
#6739=ORIENTED_EDGE('',*,*,#8282,.T.);
#6740=ORIENTED_EDGE('',*,*,#8290,.T.);
#6741=ORIENTED_EDGE('',*,*,#8263,.T.);
#6742=CARTESIAN_POINT('',(0.0278027938683828,-0.0221743392359505,0.0509257607640493));
#6743=DIRECTION('',(1.0,1.12699854920607E-29,-3.1641356201817E-15));
#6744=DIRECTION('',(-3.1641356201817E-15,0.0,-1.0));
#6745=SURFACE_STYLE_FILL_AREA(#8291);
#6746=ORIENTED_EDGE('',*,*,#8290,.F.);
#6747=ORIENTED_EDGE('',*,*,#8281,.T.);
#6748=ORIENTED_EDGE('',*,*,#8292,.F.);
#6749=ORIENTED_EDGE('',*,*,#8293,.T.);
#6750=ORIENTED_EDGE('',*,*,#8294,.F.);
#6751=ORIENTED_EDGE('',*,*,#8267,.T.);
#6752=ORIENTED_EDGE('',*,*,#8295,.F.);
#6753=ORIENTED_EDGE('',*,*,#8264,.T.);
#6754=CARTESIAN_POINT('',(0.000200018223882047,0.00287122989733697,0.0519257607640495));
#6755=DIRECTION('',(-3.1641356201817E-15,3.52495810318487E-15,-1.0));
#6756=DIRECTION('',(-1.0,0.0,3.1641356201817E-15));
#6757=SURFACE_STYLE_FILL_AREA(#8296);
#6758=ORIENTED_EDGE('',*,*,#8297,.F.);
#6759=ORIENTED_EDGE('',*,*,#8298,.F.);
#6760=ORIENTED_EDGE('',*,*,#8299,.T.);
#6761=ORIENTED_EDGE('',*,*,#8300,.T.);
#6762=ORIENTED_EDGE('',*,*,#8301,.T.);
#6763=ORIENTED_EDGE('',*,*,#8302,.T.);
#6764=ORIENTED_EDGE('',*,*,#8303,.T.);
#6765=ORIENTED_EDGE('',*,*,#8304,.T.);
#6766=ORIENTED_EDGE('',*,*,#8305,.T.);
#6767=ORIENTED_EDGE('',*,*,#8306,.T.);
#6768=CARTESIAN_POINT('',(0.0214000000000001,-0.0170243392359506,0.0433257607640495));
#6769=DIRECTION('',(0.0,-3.52495810318487E-15,1.0));
#6770=DIRECTION('',(-1.0,0.0,0.0));
#6771=SURFACE_STYLE_FILL_AREA(#8307);
#6772=ORIENTED_EDGE('',*,*,#8308,.T.);
#6773=ORIENTED_EDGE('',*,*,#8309,.T.);
#6774=ORIENTED_EDGE('',*,*,#8310,.T.);
#6775=ORIENTED_EDGE('',*,*,#8311,.T.);
#6776=ORIENTED_EDGE('',*,*,#8312,.T.);
#6777=ORIENTED_EDGE('',*,*,#8313,.T.);
#6778=ORIENTED_EDGE('',*,*,#8314,.T.);
#6779=ORIENTED_EDGE('',*,*,#8315,.T.);
#6780=ORIENTED_EDGE('',*,*,#8316,.F.);
#6781=ORIENTED_EDGE('',*,*,#8317,.T.);
#6782=ORIENTED_EDGE('',*,*,#8318,.F.);
#6783=ORIENTED_EDGE('',*,*,#8319,.T.);
#6784=ORIENTED_EDGE('',*,*,#8320,.F.);
#6785=ORIENTED_EDGE('',*,*,#8321,.T.);
#6786=ORIENTED_EDGE('',*,*,#8322,.F.);
#6787=ORIENTED_EDGE('',*,*,#8323,.T.);
#6788=CARTESIAN_POINT('',(0.000150018223881941,0.00292122989733714,0.0421257607640495));
#6789=DIRECTION('',(-3.1641356201817E-15,3.52495810318487E-15,-1.0));
#6790=DIRECTION('',(-1.0,0.0,3.1641356201817E-15));
#6791=SURFACE_STYLE_FILL_AREA(#8324);
#6792=ORIENTED_EDGE('',*,*,#8325,.T.);
#6793=CARTESIAN_POINT('',(0.0139500003799999,0.0158256615440495,0.0401256607640495));
#6794=DIRECTION('',(-3.1641356201817E-15,3.52495810318487E-15,-1.0));
#6795=DIRECTION('',(-1.0,-1.13768533674843E-29,3.1641356201817E-15));
#6796=SURFACE_STYLE_FILL_AREA(#8326);
#6797=ORIENTED_EDGE('',*,*,#8312,.F.);
#6798=ORIENTED_EDGE('',*,*,#8327,.T.);
#6799=ORIENTED_EDGE('',*,*,#8328,.F.);
#6800=ORIENTED_EDGE('',*,*,#8329,.F.);
#6801=CARTESIAN_POINT('',(0.0215000000000001,-0.0170243392359506,0.0431257607640495));
#6802=DIRECTION('',(-1.0,-5.30593699678697E-32,-1.87032056118127E-46));
#6803=DIRECTION('',(5.30593699678697E-32,-1.0,0.0));
#6804=SURFACE_STYLE_FILL_AREA(#8330);
#6805=ORIENTED_EDGE('',*,*,#8297,.T.);
#6806=ORIENTED_EDGE('',*,*,#8331,.F.);
#6807=CARTESIAN_POINT('',(-0.0138499999,-0.00937433885595045,0.0362256607640495));
#6808=DIRECTION('',(3.1641356201817E-15,-3.52495810318487E-15,1.0));
#6809=DIRECTION('',(0.0,-1.0,-3.52495810318487E-15));
#6810=SURFACE_STYLE_FILL_AREA(#8332);
#6811=ORIENTED_EDGE('',*,*,#8331,.T.);
#6812=CARTESIAN_POINT('',(0.0139500003799999,0.0158256615440495,0.0401256607640495));
#6813=DIRECTION('',(-3.1641356201817E-15,3.52495810318487E-15,-1.0));
#6814=DIRECTION('',(-1.0,-1.13768533674843E-29,3.1641356201817E-15));
#6815=SURFACE_STYLE_FILL_AREA(#8333);
#6816=ORIENTED_EDGE('',*,*,#8298,.T.);
#6817=ORIENTED_EDGE('',*,*,#8325,.F.);
#6818=CARTESIAN_POINT('',(0.0139500003799999,0.0158256615440496,0.0362256607640495));
#6819=DIRECTION('',(3.1641356201817E-15,-3.52495810318487E-15,1.0));
#6820=DIRECTION('',(0.0,-1.0,-3.52495810318487E-15));
#6821=SURFACE_STYLE_FILL_AREA(#8334);
#6822=ORIENTED_EDGE('',*,*,#8254,.F.);
#6823=ORIENTED_EDGE('',*,*,#8335,.T.);
#6824=ORIENTED_EDGE('',*,*,#8336,.F.);
#6825=ORIENTED_EDGE('',*,*,#8337,.T.);
#6826=CARTESIAN_POINT('',(0.0207000161120743,-0.0201243392359506,0.0523257607640493));
#6827=DIRECTION('',(-1.11861040272646E-29,-1.0,-3.52495810318487E-15));
#6828=DIRECTION('',(0.0,3.52495810318487E-15,-1.0));
#6829=SURFACE_STYLE_FILL_AREA(#8338);
#6830=ORIENTED_EDGE('',*,*,#8253,.F.);
#6831=ORIENTED_EDGE('',*,*,#8339,.F.);
#6832=ORIENTED_EDGE('',*,*,#8340,.F.);
#6833=ORIENTED_EDGE('',*,*,#8335,.F.);
#6834=CARTESIAN_POINT('',(-0.0194999999999998,-0.0162743392359506,0.0523257607640494));
#6835=DIRECTION('',(3.1641356201817E-15,-3.52495810318487E-15,1.0));
#6836=DIRECTION('',(0.0,-1.0,-3.52495810318487E-15));
#6837=SURFACE_STYLE_FILL_AREA(#8341);
#6838=ORIENTED_EDGE('',*,*,#8255,.F.);
#6839=ORIENTED_EDGE('',*,*,#8337,.F.);
#6840=ORIENTED_EDGE('',*,*,#8342,.F.);
#6841=ORIENTED_EDGE('',*,*,#8343,.F.);
#6842=CARTESIAN_POINT('',(0.0195000000000001,-0.0162743392359506,0.0523257607640493));
#6843=DIRECTION('',(-3.1641356201817E-15,3.52495810318487E-15,-1.0));
#6844=DIRECTION('',(0.0,1.0,3.52495810318487E-15));
#6845=SURFACE_STYLE_FILL_AREA(#8344);
#6846=ORIENTED_EDGE('',*,*,#8252,.F.);
#6847=ORIENTED_EDGE('',*,*,#8345,.T.);
#6848=ORIENTED_EDGE('',*,*,#8346,.F.);
#6849=ORIENTED_EDGE('',*,*,#8339,.T.);
#6850=CARTESIAN_POINT('',(-0.0233499999999998,-0.0121287734356708,0.0523257607640495));
#6851=DIRECTION('',(-1.0,-1.1160764027724E-29,3.1641356201817E-15));
#6852=DIRECTION('',(3.1641356201817E-15,0.0,1.0));
#6853=SURFACE_STYLE_FILL_AREA(#8347);
#6854=ORIENTED_EDGE('',*,*,#8256,.F.);
#6855=ORIENTED_EDGE('',*,*,#8343,.T.);
#6856=ORIENTED_EDGE('',*,*,#8348,.T.);
#6857=ORIENTED_EDGE('',*,*,#8349,.T.);
#6858=CARTESIAN_POINT('',(0.0233500000000001,0.0178712265643292,0.0523257607640494));
#6859=DIRECTION('',(1.0,1.12065048639032E-29,-3.1641356201817E-15));
#6860=DIRECTION('',(-3.1641356201817E-15,0.0,-1.0));
#6861=SURFACE_STYLE_FILL_AREA(#8350);
#6862=ORIENTED_EDGE('',*,*,#8251,.F.);
#6863=ORIENTED_EDGE('',*,*,#8351,.F.);
#6864=ORIENTED_EDGE('',*,*,#8352,.F.);
#6865=ORIENTED_EDGE('',*,*,#8345,.F.);
#6866=CARTESIAN_POINT('',(-0.0194999999999998,0.0227256607640494,0.0523257607640496));
#6867=DIRECTION('',(-3.1641356201817E-15,3.52495810318487E-15,-1.0));
#6868=DIRECTION('',(0.0,1.0,3.52495810318487E-15));
#6869=SURFACE_STYLE_FILL_AREA(#8353);
#6870=ORIENTED_EDGE('',*,*,#8249,.F.);
#6871=ORIENTED_EDGE('',*,*,#8349,.F.);
#6872=ORIENTED_EDGE('',*,*,#8354,.F.);
#6873=ORIENTED_EDGE('',*,*,#8355,.F.);
#6874=CARTESIAN_POINT('',(0.0195000000000001,0.0227256607640494,0.0523257607640495));
#6875=DIRECTION('',(3.1641356201817E-15,-3.52495810318487E-15,1.0));
#6876=DIRECTION('',(0.0,-1.0,-3.52495810318487E-15));
#6877=SURFACE_STYLE_FILL_AREA(#8356);
#6878=ORIENTED_EDGE('',*,*,#8250,.F.);
#6879=ORIENTED_EDGE('',*,*,#8355,.T.);
#6880=ORIENTED_EDGE('',*,*,#8357,.F.);
#6881=ORIENTED_EDGE('',*,*,#8351,.T.);
#6882=CARTESIAN_POINT('',(-0.0202983571275635,0.0265756607640494,0.0523257607640496));
#6883=DIRECTION('',(1.11488170138404E-29,1.0,3.52495810318487E-15));
#6884=DIRECTION('',(0.0,-3.52495810318487E-15,1.0));
#6885=SURFACE_STYLE_FILL_AREA(#8358);
#6886=ORIENTED_EDGE('',*,*,#8304,.F.);
#6887=ORIENTED_EDGE('',*,*,#8359,.T.);
#6888=ORIENTED_EDGE('',*,*,#8320,.T.);
#6889=ORIENTED_EDGE('',*,*,#8360,.T.);
#6890=CARTESIAN_POINT('',(-0.019,0.0220756607640496,0.0399257607640496));
#6891=DIRECTION('',(1.11836977987723E-29,1.0,3.52495810318487E-15));
#6892=DIRECTION('',(1.0,-3.02523048369674E-32,-3.1641356201817E-15));
#6893=SURFACE_STYLE_FILL_AREA(#8361);
#6894=ORIENTED_EDGE('',*,*,#8321,.F.);
#6895=ORIENTED_EDGE('',*,*,#8359,.F.);
#6896=ORIENTED_EDGE('',*,*,#8303,.F.);
#6897=ORIENTED_EDGE('',*,*,#8362,.F.);
#6898=CARTESIAN_POINT('',(-0.01845,0.0205256607640496,0.0399257607640496));
#6899=DIRECTION('',(-3.1641356201817E-15,3.52495810318487E-15,-1.0));
#6900=DIRECTION('',(0.0,1.0,3.52495810318487E-15));
#6901=SURFACE_STYLE_FILL_AREA(#8363);
#6902=ORIENTED_EDGE('',*,*,#8319,.F.);
#6903=ORIENTED_EDGE('',*,*,#8364,.F.);
#6904=ORIENTED_EDGE('',*,*,#8305,.F.);
#6905=ORIENTED_EDGE('',*,*,#8360,.F.);
#6906=CARTESIAN_POINT('',(0.01845,0.0205256607640496,0.0399257607640495));
#6907=DIRECTION('',(-3.1641356201817E-15,3.52495810318487E-15,-1.0));
#6908=DIRECTION('',(0.0,1.0,3.52495810318487E-15));
#6909=SURFACE_STYLE_FILL_AREA(#8365);
#6910=ORIENTED_EDGE('',*,*,#8302,.F.);
#6911=ORIENTED_EDGE('',*,*,#8366,.T.);
#6912=ORIENTED_EDGE('',*,*,#8322,.T.);
#6913=ORIENTED_EDGE('',*,*,#8362,.T.);
#6914=CARTESIAN_POINT('',(-0.02,-0.0157743392359504,0.0399257607640495));
#6915=DIRECTION('',(-1.0,-1.11583566152935E-29,3.1641356201817E-15));
#6916=DIRECTION('',(-4.91112135818712E-33,1.0,3.52495810318487E-15));
#6917=SURFACE_STYLE_FILL_AREA(#8367);
#6918=ORIENTED_EDGE('',*,*,#8306,.F.);
#6919=ORIENTED_EDGE('',*,*,#8364,.T.);
#6920=ORIENTED_EDGE('',*,*,#8318,.T.);
#6921=ORIENTED_EDGE('',*,*,#8368,.T.);
#6922=CARTESIAN_POINT('',(0.02,0.0222256607640496,0.0399257607640495));
#6923=DIRECTION('',(1.0,1.11583566152935E-29,-3.1641356201817E-15));
#6924=DIRECTION('',(4.91112135818712E-33,-1.0,-3.52495810318487E-15));
#6925=SURFACE_STYLE_FILL_AREA(#8369);
#6926=ORIENTED_EDGE('',*,*,#8323,.F.);
#6927=ORIENTED_EDGE('',*,*,#8366,.F.);
#6928=ORIENTED_EDGE('',*,*,#8301,.F.);
#6929=ORIENTED_EDGE('',*,*,#8370,.F.);
#6930=CARTESIAN_POINT('',(-0.01845,-0.0140743392359504,0.0399257607640495));
#6931=DIRECTION('',(-3.1641356201817E-15,3.52495810318487E-15,-1.0));
#6932=DIRECTION('',(0.0,1.0,3.52495810318487E-15));
#6933=SURFACE_STYLE_FILL_AREA(#8371);
#6934=ORIENTED_EDGE('',*,*,#8317,.F.);
#6935=ORIENTED_EDGE('',*,*,#8372,.F.);
#6936=ORIENTED_EDGE('',*,*,#8299,.F.);
#6937=ORIENTED_EDGE('',*,*,#8368,.F.);
#6938=CARTESIAN_POINT('',(0.01845,-0.0140743392359504,0.0399257607640494));
#6939=DIRECTION('',(-3.1641356201817E-15,3.52495810318487E-15,-1.0));
#6940=DIRECTION('',(0.0,1.0,3.52495810318487E-15));
#6941=SURFACE_STYLE_FILL_AREA(#8373);
#6942=ORIENTED_EDGE('',*,*,#8316,.T.);
#6943=ORIENTED_EDGE('',*,*,#8370,.T.);
#6944=ORIENTED_EDGE('',*,*,#8300,.F.);
#6945=ORIENTED_EDGE('',*,*,#8372,.T.);
#6946=CARTESIAN_POINT('',(0.019,-0.0156243392359504,0.0399257607640494));
#6947=DIRECTION('',(-1.11836977987723E-29,-1.0,-3.52495810318487E-15));
#6948=DIRECTION('',(-1.0,3.02523048369674E-32,3.1641356201817E-15));
#6949=SURFACE_STYLE_FILL_AREA(#8374);
#6950=ORIENTED_EDGE('',*,*,#8357,.T.);
#6951=ORIENTED_EDGE('',*,*,#8354,.T.);
#6952=ORIENTED_EDGE('',*,*,#8348,.F.);
#6953=ORIENTED_EDGE('',*,*,#8342,.T.);
#6954=ORIENTED_EDGE('',*,*,#8336,.T.);
#6955=ORIENTED_EDGE('',*,*,#8340,.T.);
#6956=ORIENTED_EDGE('',*,*,#8346,.T.);
#6957=ORIENTED_EDGE('',*,*,#8352,.T.);
#6958=ORIENTED_EDGE('',*,*,#8375,.T.);
#6959=ORIENTED_EDGE('',*,*,#8376,.T.);
#6960=ORIENTED_EDGE('',*,*,#8377,.T.);
#6961=ORIENTED_EDGE('',*,*,#8378,.T.);
#6962=ORIENTED_EDGE('',*,*,#8379,.T.);
#6963=ORIENTED_EDGE('',*,*,#8380,.T.);
#6964=ORIENTED_EDGE('',*,*,#8328,.T.);
#6965=ORIENTED_EDGE('',*,*,#8381,.T.);
#6966=CARTESIAN_POINT('',(0.0214000000000001,-0.0170243392359506,0.0401257607640495));
#6967=DIRECTION('',(0.0,-3.52495810318487E-15,1.0));
#6968=DIRECTION('',(-1.0,0.0,0.0));
#6969=SURFACE_STYLE_FILL_AREA(#8382);
#6970=ORIENTED_EDGE('',*,*,#8313,.F.);
#6971=ORIENTED_EDGE('',*,*,#8329,.T.);
#6972=ORIENTED_EDGE('',*,*,#8380,.F.);
#6973=ORIENTED_EDGE('',*,*,#8383,.F.);
#6974=CARTESIAN_POINT('',(0.0182500000000002,-0.0138743392359504,0.0431257607640495));
#6975=DIRECTION('',(-0.0,3.52495810318487E-15,-1.0));
#6976=DIRECTION('',(0.0,1.0,3.52495810318487E-15));
#6977=SURFACE_STYLE_FILL_AREA(#8384);
#6978=ORIENTED_EDGE('',*,*,#8314,.F.);
#6979=ORIENTED_EDGE('',*,*,#8383,.T.);
#6980=ORIENTED_EDGE('',*,*,#8379,.F.);
#6981=ORIENTED_EDGE('',*,*,#8385,.F.);
#6982=CARTESIAN_POINT('',(0.0214000000000001,-0.0171243392359504,0.0431257607640495));
#6983=DIRECTION('',(1.11861040272646E-29,1.0,3.52495810318487E-15));
#6984=DIRECTION('',(0.0,-3.52495810318487E-15,1.0));
#6985=SURFACE_STYLE_FILL_AREA(#8386);
#6986=ORIENTED_EDGE('',*,*,#8315,.F.);
#6987=ORIENTED_EDGE('',*,*,#8385,.T.);
#6988=ORIENTED_EDGE('',*,*,#8378,.F.);
#6989=ORIENTED_EDGE('',*,*,#8387,.F.);
#6990=CARTESIAN_POINT('',(-0.0182499999999999,-0.0138743392359504,0.0431257607640495));
#6991=DIRECTION('',(-0.0,3.52495810318487E-15,-1.0));
#6992=DIRECTION('',(0.0,1.0,3.52495810318487E-15));
#6993=SURFACE_STYLE_FILL_AREA(#8388);
#6994=ORIENTED_EDGE('',*,*,#8308,.F.);
#6995=ORIENTED_EDGE('',*,*,#8387,.T.);
#6996=ORIENTED_EDGE('',*,*,#8377,.F.);
#6997=ORIENTED_EDGE('',*,*,#8389,.F.);
#6998=CARTESIAN_POINT('',(-0.0214999999999999,-0.0170243392359506,0.0431257607640495));
#6999=DIRECTION('',(1.0,7.3185337886715E-33,2.57975249818099E-47));
#7000=DIRECTION('',(-7.3185337886715E-33,1.0,0.0));
#7001=SURFACE_STYLE_FILL_AREA(#8390);
#7002=ORIENTED_EDGE('',*,*,#8309,.F.);
#7003=ORIENTED_EDGE('',*,*,#8389,.T.);
#7004=ORIENTED_EDGE('',*,*,#8376,.F.);
#7005=ORIENTED_EDGE('',*,*,#8391,.F.);
#7006=CARTESIAN_POINT('',(-0.0182499999999999,0.0203256607640496,0.0431257607640496));
#7007=DIRECTION('',(-0.0,3.52495810318487E-15,-1.0));
#7008=DIRECTION('',(0.0,1.0,3.52495810318487E-15));
#7009=SURFACE_STYLE_FILL_AREA(#8392);
#7010=ORIENTED_EDGE('',*,*,#8310,.F.);
#7011=ORIENTED_EDGE('',*,*,#8391,.T.);
#7012=ORIENTED_EDGE('',*,*,#8375,.F.);
#7013=ORIENTED_EDGE('',*,*,#8393,.F.);
#7014=CARTESIAN_POINT('',(0.0214000000000001,0.0235756607640496,0.0431257607640496));
#7015=DIRECTION('',(-1.11488170138404E-29,-1.0,-3.52495810318487E-15));
#7016=DIRECTION('',(0.0,3.52495810318487E-15,-1.0));
#7017=SURFACE_STYLE_FILL_AREA(#8394);
#7018=ORIENTED_EDGE('',*,*,#8311,.F.);
#7019=ORIENTED_EDGE('',*,*,#8393,.T.);
#7020=ORIENTED_EDGE('',*,*,#8381,.F.);
#7021=ORIENTED_EDGE('',*,*,#8327,.F.);
#7022=CARTESIAN_POINT('',(0.01825,0.0203256607640495,0.0431257607640496));
#7023=DIRECTION('',(-0.0,3.52495810318487E-15,-1.0));
#7024=DIRECTION('',(0.0,1.0,3.52495810318487E-15));
#7025=SURFACE_STYLE_FILL_AREA(#8395);
#7026=ORIENTED_EDGE('',*,*,#8396,.T.);
#7027=ORIENTED_EDGE('',*,*,#8288,.T.);
#7028=ORIENTED_EDGE('',*,*,#8262,.T.);
#7029=ORIENTED_EDGE('',*,*,#8397,.F.);
#7030=ORIENTED_EDGE('',*,*,#8269,.T.);
#7031=ORIENTED_EDGE('',*,*,#8398,.T.);
#7032=ORIENTED_EDGE('',*,*,#8399,.T.);
#7033=ORIENTED_EDGE('',*,*,#8400,.T.);
#7034=ORIENTED_EDGE('',*,*,#8286,.T.);
#7035=ORIENTED_EDGE('',*,*,#8401,.T.);
#7036=ORIENTED_EDGE('',*,*,#8277,.T.);
#7037=ORIENTED_EDGE('',*,*,#8402,.T.);
#7038=ORIENTED_EDGE('',*,*,#8273,.T.);
#7039=ORIENTED_EDGE('',*,*,#8403,.T.);
#7040=ORIENTED_EDGE('',*,*,#8259,.T.);
#7041=ORIENTED_EDGE('',*,*,#8404,.T.);
#7042=CARTESIAN_POINT('',(-3.46277662556908E-17,0.0254256607640495,0.0401257607640497));
#7043=DIRECTION('',(-3.1641356201817E-15,3.52495810318487E-15,-1.0));
#7044=DIRECTION('',(-1.0,-1.13768533674843E-29,3.1641356201817E-15));
#7045=SURFACE_STYLE_FILL_AREA(#8405);
#7046=ORIENTED_EDGE('',*,*,#8401,.F.);
#7047=ORIENTED_EDGE('',*,*,#8285,.T.);
#7048=ORIENTED_EDGE('',*,*,#8247,.F.);
#7049=ORIENTED_EDGE('',*,*,#8278,.T.);
#7050=CARTESIAN_POINT('',(0.0278027938683828,0.0286284546324324,0.0509257607640494));
#7051=DIRECTION('',(-1.0996786154616E-29,-1.0,-3.52495810318487E-15));
#7052=DIRECTION('',(0.0,3.52495810318487E-15,-1.0));
#7053=SURFACE_STYLE_FILL_AREA(#8406);
#7054=ORIENTED_EDGE('',*,*,#8407,.F.);
#7055=ORIENTED_EDGE('',*,*,#8240,.F.);
#7056=ORIENTED_EDGE('',*,*,#8289,.F.);
#7057=ORIENTED_EDGE('',*,*,#8396,.F.);
#7058=CARTESIAN_POINT('',(0.0266027938671818,0.0263084546336334,0.0509257607640494));
#7059=DIRECTION('',(-3.1641356201817E-15,3.52495810318487E-15,-1.0));
#7060=DIRECTION('',(0.0,1.0,3.52495810318487E-15));
#7061=SURFACE_STYLE_FILL_AREA(#8408);
#7062=ORIENTED_EDGE('',*,*,#8245,.F.);
#7063=ORIENTED_EDGE('',*,*,#8274,.T.);
#7064=ORIENTED_EDGE('',*,*,#8402,.F.);
#7065=ORIENTED_EDGE('',*,*,#8276,.T.);
#7066=CARTESIAN_POINT('',(-0.0254027938683827,0.0324256607640495,0.0509257607640496));
#7067=DIRECTION('',(1.0,1.12592827518023E-29,-3.1641356201817E-15));
#7068=DIRECTION('',(-3.1641356201817E-15,0.0,-1.0));
#7069=SURFACE_STYLE_FILL_AREA(#8409);
#7070=ORIENTED_EDGE('',*,*,#8241,.F.);
#7071=ORIENTED_EDGE('',*,*,#8407,.T.);
#7072=ORIENTED_EDGE('',*,*,#8404,.F.);
#7073=ORIENTED_EDGE('',*,*,#8258,.T.);
#7074=CARTESIAN_POINT('',(0.0254027938683828,0.0304256607640495,0.0509257607640495));
#7075=DIRECTION('',(-1.0,-1.12699854920607E-29,3.1641356201817E-15));
#7076=DIRECTION('',(3.1641356201817E-15,0.0,1.0));
#7077=SURFACE_STYLE_FILL_AREA(#8410);
#7078=ORIENTED_EDGE('',*,*,#8294,.T.);
#7079=ORIENTED_EDGE('',*,*,#8411,.T.);
#7080=ORIENTED_EDGE('',*,*,#8398,.F.);
#7081=ORIENTED_EDGE('',*,*,#8268,.T.);
#7082=CARTESIAN_POINT('',(-0.0278027938683827,-0.0221743392359505,0.0509257607640494));
#7083=DIRECTION('',(-1.0,-1.12592827518023E-29,3.1641356201817E-15));
#7084=DIRECTION('',(3.1641356201817E-15,0.0,1.0));
#7085=SURFACE_STYLE_FILL_AREA(#8412);
#7086=ORIENTED_EDGE('',*,*,#8237,.T.);
#7087=ORIENTED_EDGE('',*,*,#8284,.T.);
#7088=ORIENTED_EDGE('',*,*,#8400,.F.);
#7089=ORIENTED_EDGE('',*,*,#8413,.T.);
#7090=ORIENTED_EDGE('',*,*,#8292,.T.);
#7091=ORIENTED_EDGE('',*,*,#8280,.T.);
#7092=CARTESIAN_POINT('',(-0.0278027938683827,0.0310284546324324,0.0509257607640496));
#7093=DIRECTION('',(1.0996786154616E-29,1.0,3.52495810318487E-15));
#7094=DIRECTION('',(0.0,-3.52495810318487E-15,1.0));
#7095=SURFACE_STYLE_FILL_AREA(#8414);
#7096=ORIENTED_EDGE('',*,*,#8295,.T.);
#7097=ORIENTED_EDGE('',*,*,#8270,.T.);
#7098=ORIENTED_EDGE('',*,*,#8397,.T.);
#7099=ORIENTED_EDGE('',*,*,#8265,.T.);
#7100=CARTESIAN_POINT('',(-0.0254027938683827,-0.0245743392359505,0.0509257607640494));
#7101=DIRECTION('',(-1.01913792890491E-29,-1.0,-3.52495810318487E-15));
#7102=DIRECTION('',(0.0,3.52495810318487E-15,-1.0));
#7103=SURFACE_STYLE_FILL_AREA(#8415);
#7104=ORIENTED_EDGE('',*,*,#8243,.F.);
#7105=ORIENTED_EDGE('',*,*,#8260,.T.);
#7106=ORIENTED_EDGE('',*,*,#8403,.F.);
#7107=ORIENTED_EDGE('',*,*,#8272,.T.);
#7108=CARTESIAN_POINT('',(0.0266027938683828,-0.0221743392359505,0.0469257607640493));
#7109=DIRECTION('',(-1.01913792890491E-29,-1.0,-3.52495810318487E-15));
#7110=DIRECTION('',(0.0,3.52495810318487E-15,-1.0));
#7111=SURFACE_STYLE_FILL_AREA(#8416);
#7112=ORIENTED_EDGE('',*,*,#8293,.F.);
#7113=ORIENTED_EDGE('',*,*,#8413,.F.);
#7114=ORIENTED_EDGE('',*,*,#8399,.F.);
#7115=ORIENTED_EDGE('',*,*,#8411,.F.);
#7116=CARTESIAN_POINT('',(-0.0258027938683827,0.0290284546324324,0.0509257607640496));
#7117=DIRECTION('',(-3.1641356201817E-15,3.52495810318487E-15,-1.0));
#7118=DIRECTION('',(0.0,1.0,3.52495810318487E-15));
#7119=SURFACE_STYLE_FILL_AREA(#8417);
#7120=ORIENTED_EDGE('',*,*,#8418,.T.);
#7121=ORIENTED_EDGE('',*,*,#8419,.T.);
#7122=ORIENTED_EDGE('',*,*,#8420,.T.);
#7123=ORIENTED_EDGE('',*,*,#8421,.T.);
#7124=CARTESIAN_POINT('',(5.0000000000164E-05,-0.00132433923595068,-0.0470742392359505));
#7125=DIRECTION('',(3.1641356201817E-15,-3.52495810318487E-15,1.0));
#7126=DIRECTION('',(1.0,1.13768533674843E-29,-3.1641356201817E-15));
#7127=SURFACE_STYLE_FILL_AREA(#8422);
#7128=ORIENTED_EDGE('',*,*,#8423,.F.);
#7129=ORIENTED_EDGE('',*,*,#8424,.T.);
#7130=ORIENTED_EDGE('',*,*,#8425,.T.);
#7131=ORIENTED_EDGE('',*,*,#8421,.F.);
#7132=SURFACE_STYLE_FILL_AREA(#8426);
#7133=ORIENTED_EDGE('',*,*,#8425,.F.);
#7134=ORIENTED_EDGE('',*,*,#8427,.T.);
#7135=ORIENTED_EDGE('',*,*,#8428,.T.);
#7136=ORIENTED_EDGE('',*,*,#8418,.F.);
#7137=SURFACE_STYLE_FILL_AREA(#8429);
#7138=ORIENTED_EDGE('',*,*,#8428,.F.);
#7139=ORIENTED_EDGE('',*,*,#8430,.T.);
#7140=ORIENTED_EDGE('',*,*,#8431,.T.);
#7141=ORIENTED_EDGE('',*,*,#8419,.F.);
#7142=SURFACE_STYLE_FILL_AREA(#8432);
#7143=ORIENTED_EDGE('',*,*,#8431,.F.);
#7144=ORIENTED_EDGE('',*,*,#8433,.T.);
#7145=ORIENTED_EDGE('',*,*,#8423,.T.);
#7146=ORIENTED_EDGE('',*,*,#8420,.F.);
#7147=SURFACE_STYLE_FILL_AREA(#8434);
#7148=ORIENTED_EDGE('',*,*,#8427,.F.);
#7149=ORIENTED_EDGE('',*,*,#8424,.F.);
#7150=ORIENTED_EDGE('',*,*,#8433,.F.);
#7151=ORIENTED_EDGE('',*,*,#8430,.F.);
#7152=CARTESIAN_POINT('',(0.000200018223882047,-0.00162877010266303,-0.0480742392359506));
#7153=DIRECTION('',(-3.1641356201817E-15,3.52495810318487E-15,-1.0));
#7154=DIRECTION('',(-1.0,0.0,3.1641356201817E-15));
#7155=SURFACE_STYLE_FILL_AREA(#8435);
#7156=ORIENTED_EDGE('',*,*,#8436,.F.);
#7157=ORIENTED_EDGE('',*,*,#8437,.T.);
#7158=ORIENTED_EDGE('',*,*,#8438,.T.);
#7159=ORIENTED_EDGE('',*,*,#8439,.F.);
#7160=SURFACE_STYLE_FILL_AREA(#8440);
#7161=ORIENTED_EDGE('',*,*,#8441,.F.);
#7162=ORIENTED_EDGE('',*,*,#8442,.T.);
#7163=ORIENTED_EDGE('',*,*,#8443,.T.);
#7164=ORIENTED_EDGE('',*,*,#8444,.F.);
#7165=SURFACE_STYLE_FILL_AREA(#8445);
#7166=ORIENTED_EDGE('',*,*,#8439,.T.);
#7167=ORIENTED_EDGE('',*,*,#8446,.T.);
#7168=ORIENTED_EDGE('',*,*,#8444,.T.);
#7169=ORIENTED_EDGE('',*,*,#8447,.T.);
#7170=CARTESIAN_POINT('',(5.0000000000164E-05,-0.00132433923595068,-0.0470742392359505));
#7171=DIRECTION('',(3.1641356201817E-15,-3.52495810318487E-15,1.0));
#7172=DIRECTION('',(1.0,1.13768533674843E-29,-3.1641356201817E-15));
#7173=SURFACE_STYLE_FILL_AREA(#8448);
#7174=ORIENTED_EDGE('',*,*,#8438,.F.);
#7175=ORIENTED_EDGE('',*,*,#8449,.T.);
#7176=ORIENTED_EDGE('',*,*,#8441,.T.);
#7177=ORIENTED_EDGE('',*,*,#8446,.F.);
#7178=SURFACE_STYLE_FILL_AREA(#8450);
#7179=ORIENTED_EDGE('',*,*,#8437,.F.);
#7180=ORIENTED_EDGE('',*,*,#8451,.F.);
#7181=ORIENTED_EDGE('',*,*,#8442,.F.);
#7182=ORIENTED_EDGE('',*,*,#8449,.F.);
#7183=CARTESIAN_POINT('',(0.000200018223882047,-0.00162877010266303,-0.0480742392359506));
#7184=DIRECTION('',(-3.1641356201817E-15,3.52495810318487E-15,-1.0));
#7185=DIRECTION('',(-1.0,0.0,3.1641356201817E-15));
#7186=SURFACE_STYLE_FILL_AREA(#8452);
#7187=ORIENTED_EDGE('',*,*,#8443,.F.);
#7188=ORIENTED_EDGE('',*,*,#8451,.T.);
#7189=ORIENTED_EDGE('',*,*,#8436,.T.);
#7190=ORIENTED_EDGE('',*,*,#8447,.F.);
#7191=SURFACE_STYLE_FILL_AREA(#8453);
#7192=ORIENTED_EDGE('',*,*,#8454,.F.);
#7193=ORIENTED_EDGE('',*,*,#8455,.T.);
#7194=ORIENTED_EDGE('',*,*,#8456,.T.);
#7195=ORIENTED_EDGE('',*,*,#8457,.F.);
#7196=SURFACE_STYLE_FILL_AREA(#8458);
#7197=ORIENTED_EDGE('',*,*,#8459,.F.);
#7198=ORIENTED_EDGE('',*,*,#8460,.T.);
#7199=ORIENTED_EDGE('',*,*,#8461,.T.);
#7200=ORIENTED_EDGE('',*,*,#8462,.F.);
#7201=SURFACE_STYLE_FILL_AREA(#8463);
#7202=ORIENTED_EDGE('',*,*,#8457,.T.);
#7203=ORIENTED_EDGE('',*,*,#8464,.T.);
#7204=ORIENTED_EDGE('',*,*,#8462,.T.);
#7205=ORIENTED_EDGE('',*,*,#8465,.T.);
#7206=CARTESIAN_POINT('',(5.0000000000164E-05,-0.00132433923595068,-0.0470742392359505));
#7207=DIRECTION('',(3.1641356201817E-15,-3.52495810318487E-15,1.0));
#7208=DIRECTION('',(1.0,1.13768533674843E-29,-3.1641356201817E-15));
#7209=SURFACE_STYLE_FILL_AREA(#8466);
#7210=ORIENTED_EDGE('',*,*,#8456,.F.);
#7211=ORIENTED_EDGE('',*,*,#8467,.T.);
#7212=ORIENTED_EDGE('',*,*,#8459,.T.);
#7213=ORIENTED_EDGE('',*,*,#8464,.F.);
#7214=SURFACE_STYLE_FILL_AREA(#8468);
#7215=ORIENTED_EDGE('',*,*,#8455,.F.);
#7216=ORIENTED_EDGE('',*,*,#8469,.F.);
#7217=ORIENTED_EDGE('',*,*,#8460,.F.);
#7218=ORIENTED_EDGE('',*,*,#8467,.F.);
#7219=CARTESIAN_POINT('',(0.000200018223882047,-0.00162877010266303,-0.0480742392359506));
#7220=DIRECTION('',(-3.1641356201817E-15,3.52495810318487E-15,-1.0));
#7221=DIRECTION('',(-1.0,0.0,3.1641356201817E-15));
#7222=SURFACE_STYLE_FILL_AREA(#8470);
#7223=ORIENTED_EDGE('',*,*,#8461,.F.);
#7224=ORIENTED_EDGE('',*,*,#8469,.T.);
#7225=ORIENTED_EDGE('',*,*,#8454,.T.);
#7226=ORIENTED_EDGE('',*,*,#8465,.F.);
#7227=SURFACE_STYLE_FILL_AREA(#8471);
#7228=ORIENTED_EDGE('',*,*,#8472,.F.);
#7229=ORIENTED_EDGE('',*,*,#8473,.T.);
#7230=ORIENTED_EDGE('',*,*,#8474,.T.);
#7231=ORIENTED_EDGE('',*,*,#8475,.F.);
#7232=SURFACE_STYLE_FILL_AREA(#8476);
#7233=ORIENTED_EDGE('',*,*,#8477,.F.);
#7234=ORIENTED_EDGE('',*,*,#8478,.T.);
#7235=ORIENTED_EDGE('',*,*,#8479,.T.);
#7236=ORIENTED_EDGE('',*,*,#8480,.F.);
#7237=SURFACE_STYLE_FILL_AREA(#8481);
#7238=ORIENTED_EDGE('',*,*,#8475,.T.);
#7239=ORIENTED_EDGE('',*,*,#8482,.T.);
#7240=ORIENTED_EDGE('',*,*,#8480,.T.);
#7241=ORIENTED_EDGE('',*,*,#8483,.T.);
#7242=CARTESIAN_POINT('',(5.00000000001632E-05,-0.00132433923595068,-0.0470742392359505));
#7243=DIRECTION('',(3.1641356201817E-15,-3.52495810318487E-15,1.0));
#7244=DIRECTION('',(1.0,1.13768533674843E-29,-3.1641356201817E-15));
#7245=SURFACE_STYLE_FILL_AREA(#8484);
#7246=ORIENTED_EDGE('',*,*,#8474,.F.);
#7247=ORIENTED_EDGE('',*,*,#8485,.T.);
#7248=ORIENTED_EDGE('',*,*,#8477,.T.);
#7249=ORIENTED_EDGE('',*,*,#8482,.F.);
#7250=SURFACE_STYLE_FILL_AREA(#8486);
#7251=ORIENTED_EDGE('',*,*,#8473,.F.);
#7252=ORIENTED_EDGE('',*,*,#8487,.F.);
#7253=ORIENTED_EDGE('',*,*,#8478,.F.);
#7254=ORIENTED_EDGE('',*,*,#8485,.F.);
#7255=CARTESIAN_POINT('',(0.000200018223882047,-0.00162877010266303,-0.0480742392359506));
#7256=DIRECTION('',(-3.1641356201817E-15,3.52495810318487E-15,-1.0));
#7257=DIRECTION('',(-1.0,0.0,3.1641356201817E-15));
#7258=SURFACE_STYLE_FILL_AREA(#8488);
#7259=ORIENTED_EDGE('',*,*,#8479,.F.);
#7260=ORIENTED_EDGE('',*,*,#8487,.T.);
#7261=ORIENTED_EDGE('',*,*,#8472,.T.);
#7262=ORIENTED_EDGE('',*,*,#8483,.F.);
#7263=SURFACE_STYLE_FILL_AREA(#8489);
#7264=ORIENTED_EDGE('',*,*,#8490,.F.);
#7265=CARTESIAN_POINT('',(0.000200018223882047,-0.00162877010266303,-0.0480742392359506));
#7266=DIRECTION('',(-3.1641356201817E-15,3.52495810318487E-15,-1.0));
#7267=DIRECTION('',(0.0,1.0,3.52495810318487E-15));
#7268=SURFACE_STYLE_FILL_AREA(#8491);
#7269=ORIENTED_EDGE('',*,*,#8492,.F.);
#7270=ORIENTED_EDGE('',*,*,#8490,.T.);
#7271=CARTESIAN_POINT('',(0.000200018223882044,-0.00162877010266303,-0.0490742392359506));
#7272=DIRECTION('',(-3.1641356201817E-15,3.52495810318487E-15,-1.0));
#7273=DIRECTION('',(-1.0,0.0,3.1641356201817E-15));
#7274=SURFACE_STYLE_FILL_AREA(#8493);
#7275=ORIENTED_EDGE('',*,*,#8492,.T.);
#7276=CARTESIAN_POINT('',(0.00020001611207428,-0.00162877343567084,-0.0470742392359505));
#7277=DIRECTION('',(-3.1641356201817E-15,3.52495810318487E-15,-1.0));
#7278=DIRECTION('',(-1.0,0.0,3.1641356201817E-15));
#7279=SURFACE_STYLE_FILL_AREA(#8494);
#7280=ORIENTED_EDGE('',*,*,#8495,.T.);
#7281=ORIENTED_EDGE('',*,*,#8496,.T.);
#7282=ORIENTED_EDGE('',*,*,#8497,.T.);
#7283=ORIENTED_EDGE('',*,*,#8498,.T.);
#7284=CARTESIAN_POINT('',(5.00000000001632E-05,-0.00132433923595068,-0.0470742392359505));
#7285=DIRECTION('',(3.1641356201817E-15,-3.52495810318487E-15,1.0));
#7286=DIRECTION('',(1.0,1.13768533674843E-29,-3.1641356201817E-15));
#7287=SURFACE_STYLE_FILL_AREA(#8499);
#7288=ORIENTED_EDGE('',*,*,#8500,.F.);
#7289=ORIENTED_EDGE('',*,*,#8501,.T.);
#7290=ORIENTED_EDGE('',*,*,#8502,.T.);
#7291=ORIENTED_EDGE('',*,*,#8496,.F.);
#7292=SURFACE_STYLE_FILL_AREA(#8503);
#7293=ORIENTED_EDGE('',*,*,#8504,.F.);
#7294=ORIENTED_EDGE('',*,*,#8505,.T.);
#7295=ORIENTED_EDGE('',*,*,#8506,.T.);
#7296=ORIENTED_EDGE('',*,*,#8498,.F.);
#7297=SURFACE_STYLE_FILL_AREA(#8507);
#7298=ORIENTED_EDGE('',*,*,#8506,.F.);
#7299=ORIENTED_EDGE('',*,*,#8508,.T.);
#7300=ORIENTED_EDGE('',*,*,#8500,.T.);
#7301=ORIENTED_EDGE('',*,*,#8495,.F.);
#7302=SURFACE_STYLE_FILL_AREA(#8509);
#7303=ORIENTED_EDGE('',*,*,#8502,.F.);
#7304=ORIENTED_EDGE('',*,*,#8510,.T.);
#7305=ORIENTED_EDGE('',*,*,#8504,.T.);
#7306=ORIENTED_EDGE('',*,*,#8497,.F.);
#7307=SURFACE_STYLE_FILL_AREA(#8511);
#7308=ORIENTED_EDGE('',*,*,#8508,.F.);
#7309=ORIENTED_EDGE('',*,*,#8505,.F.);
#7310=ORIENTED_EDGE('',*,*,#8510,.F.);
#7311=ORIENTED_EDGE('',*,*,#8501,.F.);
#7312=CARTESIAN_POINT('',(0.000200018223882047,-0.00162877010266303,-0.0480742392359506));
#7313=DIRECTION('',(-3.1641356201817E-15,3.52495810318487E-15,-1.0));
#7314=DIRECTION('',(-1.0,0.0,3.1641356201817E-15));
#7315=SURFACE_STYLE_FILL_AREA(#8512);
#7316=ORIENTED_EDGE('',*,*,#8513,.T.);
#7317=ORIENTED_EDGE('',*,*,#8514,.T.);
#7318=ORIENTED_EDGE('',*,*,#8515,.T.);
#7319=ORIENTED_EDGE('',*,*,#8516,.T.);
#7320=CARTESIAN_POINT('',(5.0000000000164E-05,-0.00132433923595068,-0.0470742392359505));
#7321=DIRECTION('',(3.1641356201817E-15,-3.52495810318487E-15,1.0));
#7322=DIRECTION('',(1.0,1.13768533674843E-29,-3.1641356201817E-15));
#7323=SURFACE_STYLE_FILL_AREA(#8517);
#7324=ORIENTED_EDGE('',*,*,#8518,.F.);
#7325=ORIENTED_EDGE('',*,*,#8519,.T.);
#7326=ORIENTED_EDGE('',*,*,#8520,.T.);
#7327=ORIENTED_EDGE('',*,*,#8514,.F.);
#7328=SURFACE_STYLE_FILL_AREA(#8521);
#7329=ORIENTED_EDGE('',*,*,#8522,.F.);
#7330=ORIENTED_EDGE('',*,*,#8523,.T.);
#7331=ORIENTED_EDGE('',*,*,#8524,.T.);
#7332=ORIENTED_EDGE('',*,*,#8516,.F.);
#7333=SURFACE_STYLE_FILL_AREA(#8525);
#7334=ORIENTED_EDGE('',*,*,#8524,.F.);
#7335=ORIENTED_EDGE('',*,*,#8526,.T.);
#7336=ORIENTED_EDGE('',*,*,#8518,.T.);
#7337=ORIENTED_EDGE('',*,*,#8513,.F.);
#7338=SURFACE_STYLE_FILL_AREA(#8527);
#7339=ORIENTED_EDGE('',*,*,#8520,.F.);
#7340=ORIENTED_EDGE('',*,*,#8528,.T.);
#7341=ORIENTED_EDGE('',*,*,#8522,.T.);
#7342=ORIENTED_EDGE('',*,*,#8515,.F.);
#7343=SURFACE_STYLE_FILL_AREA(#8529);
#7344=ORIENTED_EDGE('',*,*,#8526,.F.);
#7345=ORIENTED_EDGE('',*,*,#8523,.F.);
#7346=ORIENTED_EDGE('',*,*,#8528,.F.);
#7347=ORIENTED_EDGE('',*,*,#8519,.F.);
#7348=CARTESIAN_POINT('',(0.000200018223882047,-0.00162877010266303,-0.0480742392359506));
#7349=DIRECTION('',(-3.1641356201817E-15,3.52495810318487E-15,-1.0));
#7350=DIRECTION('',(-1.0,0.0,3.1641356201817E-15));
#7353=FILL_AREA_STYLE('',(#8530));
#7354=EDGE_CURVE('119:128542',#8531,#8532,#8533,.T.);
#7355=EDGE_CURVE('119:181110',#8532,#8534,#8535,.T.);
#7356=EDGE_CURVE('119:128548',#8536,#8534,#8537,.T.);
#7357=EDGE_CURVE('119:128512',#8531,#8536,#8538,.T.);
#7358=FILL_AREA_STYLE('',(#8539));
#7359=EDGE_CURVE('119:181107',#8534,#8540,#8541,.T.);
#7360=EDGE_CURVE('119:128554',#8542,#8540,#8543,.T.);
#7361=EDGE_CURVE('119:128515',#8536,#8542,#8544,.T.);
#7362=FILL_AREA_STYLE('',(#8545));
#7363=EDGE_CURVE('119:128536',#8546,#8547,#8548,.T.);
#7364=EDGE_CURVE('119:181113',#8547,#8532,#8549,.T.);
#7365=EDGE_CURVE('119:128509',#8546,#8531,#8550,.T.);
#7366=FILL_AREA_STYLE('',(#8551));
#7367=EDGE_CURVE('119:181071',#8552,#8553,#8554,.T.);
#7368=EDGE_CURVE('119:181092',#8553,#8555,#8556,.T.);
#7369=EDGE_CURVE('119:181089',#8555,#8557,#8558,.T.);
#7370=EDGE_CURVE('119:181086',#8557,#8559,#8560,.T.);
#7371=EDGE_CURVE('119:181083',#8559,#8561,#8562,.T.);
#7372=EDGE_CURVE('119:181080',#8561,#8563,#8564,.T.);
#7373=EDGE_CURVE('119:181077',#8563,#8565,#8566,.T.);
#7374=EDGE_CURVE('119:181074',#8565,#8552,#8567,.T.);
#7375=EDGE_CURVE('119:167537',#8568,#8569,#8570,.T.);
#7376=EDGE_CURVE('119:167486',#8568,#8571,#8572,.F.);
#7377=EDGE_CURVE('119:167546',#8573,#8571,#8574,.T.);
#7378=EDGE_CURVE('119:167540',#8575,#8573,#8576,.T.);
#7379=EDGE_CURVE('119:167543',#8577,#8575,#8578,.T.);
#7380=EDGE_CURVE('119:167477',#8577,#8579,#8580,.T.);
#7381=EDGE_CURVE('119:167549',#8581,#8579,#8582,.T.);
#7382=EDGE_CURVE('119:167534',#8569,#8581,#8583,.T.);
#7383=FILL_AREA_STYLE('',(#8584));
#7384=EDGE_CURVE('119:130673',#8585,#8577,#8586,.T.);
#7385=EDGE_CURVE('119:179921',#8585,#8587,#8588,.T.);
#7386=EDGE_CURVE('119:130667',#8587,#8579,#8589,.T.);
#7387=FILL_AREA_STYLE('',(#8590));
#7388=EDGE_CURVE('119:130679',#8591,#8575,#8592,.T.);
#7389=EDGE_CURVE('119:179966',#8591,#8585,#8593,.T.);
#7390=FILL_AREA_STYLE('',(#8594));
#7391=EDGE_CURVE('119:179948',#8587,#8595,#8596,.T.);
#7392=EDGE_CURVE('119:130661',#8595,#8581,#8597,.T.);
#7393=FILL_AREA_STYLE('',(#8598));
#7394=EDGE_CURVE('119:130643',#8599,#8571,#8600,.T.);
#7395=EDGE_CURVE('119:179960',#8599,#8601,#8602,.T.);
#7396=EDGE_CURVE('119:130637',#8601,#8573,#8603,.T.);
#7397=FILL_AREA_STYLE('',(#8604));
#7398=EDGE_CURVE('119:130649',#8605,#8568,#8606,.T.);
#7399=EDGE_CURVE('119:179957',#8605,#8599,#8607,.T.);
#7400=FILL_AREA_STYLE('',(#8608));
#7401=EDGE_CURVE('119:130655',#8609,#8569,#8610,.T.);
#7402=EDGE_CURVE('119:179954',#8609,#8605,#8611,.T.);
#7403=FILL_AREA_STYLE('',(#8612));
#7404=EDGE_CURVE('119:181002',#8613,#8555,#8614,.F.);
#7405=EDGE_CURVE('119:180996',#8553,#8547,#8615,.F.);
#7406=EDGE_CURVE('119:181068',#8613,#8547,#8616,.T.);
#7407=FILL_AREA_STYLE('',(#8617));
#7408=EDGE_CURVE('119:181011',#8552,#8532,#8618,.T.);
#7409=FILL_AREA_STYLE('',(#8619));
#7410=EDGE_CURVE('119:181020',#8620,#8557,#8621,.F.);
#7411=EDGE_CURVE('119:181095',#8620,#8613,#8622,.T.);
#7412=FILL_AREA_STYLE('',(#8623));
#7413=EDGE_CURVE('119:181029',#8565,#8534,#8624,.T.);
#7414=FILL_AREA_STYLE('',(#8625));
#7415=EDGE_CURVE('119:181038',#8626,#8559,#8627,.F.);
#7416=EDGE_CURVE('119:181098',#8626,#8620,#8628,.T.);
#7417=FILL_AREA_STYLE('',(#8629));
#7418=EDGE_CURVE('119:181047',#8563,#8540,#8630,.T.);
#7419=FILL_AREA_STYLE('',(#8631));
#7420=EDGE_CURVE('119:181056',#8632,#8561,#8633,.F.);
#7421=EDGE_CURVE('119:181101',#8632,#8626,#8634,.T.);
#7422=FILL_AREA_STYLE('',(#8635));
#7423=EDGE_CURVE('119:181104',#8540,#8632,#8636,.T.);
#7424=FILL_AREA_STYLE('',(#8637));
#7425=EDGE_CURVE('119:179924',#8638,#8639,#8640,.T.);
#7426=EDGE_CURVE('119:179927',#8639,#8641,#8642,.T.);
#7427=EDGE_CURVE('119:179930',#8641,#8643,#8644,.T.);
#7428=EDGE_CURVE('119:179933',#8643,#8645,#8646,.T.);
#7429=EDGE_CURVE('119:179936',#8645,#8647,#8648,.T.);
#7430=EDGE_CURVE('119:179939',#8647,#8649,#8650,.T.);
#7431=EDGE_CURVE('119:179942',#8649,#8651,#8652,.T.);
#7432=EDGE_CURVE('147:23681',#8651,#8638,#8653,.T.);
#7433=FILL_AREA_STYLE('',(#8654));
#7434=EDGE_CURVE('119:179873',#8591,#8639,#8655,.T.);
#7435=EDGE_CURVE('119:179855',#8638,#8585,#8656,.T.);
#7436=FILL_AREA_STYLE('',(#8657));
#7437=EDGE_CURVE('119:179849',#8651,#8587,#8658,.T.);
#7438=FILL_AREA_STYLE('',(#8659));
#7439=EDGE_CURVE('119:179864',#8649,#8595,#8660,.T.);
#7440=FILL_AREA_STYLE('',(#8661));
#7441=EDGE_CURVE('119:179882',#8647,#8609,#8662,.T.);
#7442=EDGE_CURVE('119:179951',#8595,#8609,#8663,.T.);
#7443=FILL_AREA_STYLE('',(#8664));
#7444=EDGE_CURVE('119:179900',#8645,#8605,#8665,.T.);
#7445=FILL_AREA_STYLE('',(#8666));
#7446=EDGE_CURVE('119:179909',#8643,#8599,#8667,.T.);
#7447=FILL_AREA_STYLE('',(#8668));
#7448=EDGE_CURVE('119:179891',#8641,#8601,#8669,.T.);
#7449=FILL_AREA_STYLE('',(#8670));
#7450=EDGE_CURVE('119:179963',#8601,#8591,#8671,.T.);
#7451=FILL_AREA_STYLE('',(#8672));
#7452=FILL_AREA_STYLE('',(#8673));
#7453=FILL_AREA_STYLE('',(#8674));
#7454=EDGE_CURVE('119:128572',#8675,#8620,#8676,.T.);
#7455=EDGE_CURVE('119:128530',#8677,#8613,#8678,.T.);
#7456=EDGE_CURVE('119:128527',#8675,#8677,#8679,.T.);
#7457=FILL_AREA_STYLE('',(#8680));
#7458=EDGE_CURVE('119:128566',#8681,#8626,#8682,.T.);
#7459=EDGE_CURVE('119:128524',#8681,#8675,#8683,.T.);
#7460=FILL_AREA_STYLE('',(#8684));
#7461=EDGE_CURVE('119:128560',#8685,#8632,#8686,.T.);
#7462=EDGE_CURVE('119:128521',#8685,#8681,#8687,.T.);
#7463=FILL_AREA_STYLE('',(#8688));
#7464=EDGE_CURVE('119:128518',#8542,#8685,#8689,.T.);
#7465=FILL_AREA_STYLE('',(#8690));
#7466=EDGE_CURVE('119:128506',#8677,#8546,#8691,.T.);
#7467=FILL_AREA_STYLE('',(#8692));
#7468=FILL_AREA_STYLE('',(#8693));
#7469=EDGE_CURVE('184:611',#8694,#8695,#8696,.T.);
#7470=EDGE_CURVE('184:677',#8697,#8695,#8698,.T.);
#7471=EDGE_CURVE('184:602',#8699,#8697,#8700,.F.);
#7472=EDGE_CURVE('184:701',#8699,#8694,#8701,.F.);
#7473=FILL_AREA_STYLE('',(#8702));
#7474=EDGE_CURVE('184:620',#8703,#8704,#8705,.T.);
#7475=EDGE_CURVE('184:674',#8695,#8704,#8706,.F.);
#7476=EDGE_CURVE('184:650',#8703,#8694,#8707,.T.);
#7477=FILL_AREA_STYLE('',(#8708));
#7478=EDGE_CURVE('184:629',#8709,#8710,#8711,.F.);
#7479=EDGE_CURVE('184:683',#8704,#8710,#8712,.T.);
#7480=EDGE_CURVE('184:647',#8709,#8703,#8713,.F.);
#7481=FILL_AREA_STYLE('',(#8714));
#7482=EDGE_CURVE('184:686',#8715,#8716,#8717,.F.);
#7483=EDGE_CURVE('184:665',#8710,#8715,#8718,.F.);
#7484=EDGE_CURVE('184:644',#8716,#8709,#8719,.T.);
#7485=FILL_AREA_STYLE('',(#8720));
#7486=EDGE_CURVE('184:929',#8721,#8722,#8723,.F.);
#7487=EDGE_CURVE('184:1001',#8724,#8722,#8725,.T.);
#7488=EDGE_CURVE('184:983',#8726,#8724,#8727,.F.);
#7489=EDGE_CURVE('184:980',#8721,#8726,#8728,.T.);
#7490=FILL_AREA_STYLE('',(#8729));
#7491=EDGE_CURVE('184:938',#8730,#8731,#8732,.T.);
#7492=EDGE_CURVE('184:998',#8722,#8731,#8733,.T.);
#7493=EDGE_CURVE('184:1004',#8730,#8721,#8734,.T.);
#7494=FILL_AREA_STYLE('',(#8735));
#7495=EDGE_CURVE('184:1016',#8736,#8737,#8738,.T.);
#7496=EDGE_CURVE('184:995',#8731,#8736,#8739,.T.);
#7497=EDGE_CURVE('184:1007',#8740,#8730,#8741,.F.);
#7498=EDGE_CURVE('184:947',#8740,#8742,#8743,.T.);
#7499=EDGE_CURVE('184:992',#8737,#8742,#8744,.T.);
#7500=FILL_AREA_STYLE('',(#8745));
#7501=EDGE_CURVE('171:11233',#8746,#8747,#8748,.F.);
#7502=EDGE_CURVE('171:11663',#8747,#8749,#8750,.T.);
#7503=EDGE_CURVE('184:1031',#8736,#8749,#8751,.F.);
#7504=EDGE_CURVE('184:1028',#8752,#8737,#8753,.F.);
#7505=EDGE_CURVE('169:996',#8752,#8746,#8754,.T.);
#7506=FILL_AREA_STYLE('',(#8755));
#7507=EDGE_CURVE('184:698',#8756,#8699,#8757,.F.);
#7508=EDGE_CURVE('171:11678',#8756,#8758,#8759,.F.);
#7509=EDGE_CURVE('171:11266',#8758,#8760,#8761,.F.);
#7510=EDGE_CURVE('169:987',#8760,#8762,#8763,.F.);
#7511=EDGE_CURVE('184:704',#8694,#8762,#8764,.F.);
#7512=FILL_AREA_STYLE('',(#8765));
#7513=EDGE_CURVE('120:11444',#8766,#8767,#8768,.F.);
#7514=EDGE_CURVE('120:11414',#8767,#8769,#8770,.T.);
#7515=EDGE_CURVE('120:11456',#8771,#8769,#8772,.T.);
#7516=EDGE_CURVE('120:11432',#8771,#8766,#8773,.F.);
#7517=FILL_AREA_STYLE('',(#8774));
#7518=EDGE_CURVE('120:11405',#8775,#8767,#8776,.T.);
#7519=EDGE_CURVE('120:11408',#8777,#8775,#8778,.F.);
#7520=EDGE_CURVE('120:11411',#8769,#8777,#8779,.T.);
#7521=FILL_AREA_STYLE('',(#8780));
#7522=EDGE_CURVE('120:11429',#8766,#8781,#8782,.T.);
#7523=EDGE_CURVE('120:11435',#8783,#8771,#8784,.T.);
#7524=EDGE_CURVE('120:11438',#8781,#8783,#8785,.T.);
#7525=FILL_AREA_STYLE('',(#8786));
#7526=EDGE_CURVE('120:11447',#8775,#8787,#8788,.F.);
#7527=EDGE_CURVE('120:11402',#8787,#8789,#8790,.T.);
#7528=EDGE_CURVE('120:11459',#8777,#8789,#8791,.T.);
#7529=FILL_AREA_STYLE('',(#8792));
#7530=EDGE_CURVE('120:11453',#8793,#8783,#8794,.T.);
#7531=EDGE_CURVE('120:11420',#8793,#8795,#8796,.F.);
#7532=EDGE_CURVE('120:11441',#8795,#8781,#8797,.F.);
#7533=FILL_AREA_STYLE('',(#8798));
#7534=EDGE_CURVE('120:11393',#8799,#8787,#8800,.T.);
#7535=EDGE_CURVE('120:11396',#8801,#8799,#8802,.F.);
#7536=EDGE_CURVE('120:11399',#8789,#8801,#8803,.T.);
#7537=FILL_AREA_STYLE('',(#8804));
#7538=EDGE_CURVE('120:11417',#8795,#8805,#8806,.T.);
#7539=EDGE_CURVE('120:11423',#8807,#8793,#8808,.T.);
#7540=EDGE_CURVE('120:11426',#8805,#8807,#8809,.T.);
#7541=FILL_AREA_STYLE('',(#8810));
#7542=EDGE_CURVE('120:11462',#8801,#8807,#8811,.T.);
#7543=EDGE_CURVE('120:11450',#8799,#8805,#8812,.F.);
#7544=FILL_AREA_STYLE('',(#8813));
#7545=EDGE_CURVE('120:12215',#8814,#8814,#8815,.T.);
#7546=EDGE_CURVE('120:12224',#8816,#8816,#8817,.T.);
#7547=FILL_AREA_STYLE('',(#8818));
#7548=EDGE_CURVE('120:12221',#8819,#8819,#8820,.F.);
#7549=FILL_AREA_STYLE('',(#8821));
#7550=EDGE_CURVE('120:12218',#8822,#8822,#8823,.T.);
#7551=FILL_AREA_STYLE('',(#8824));
#7552=EDGE_CURVE('120:12227',#8825,#8825,#8826,.T.);
#7553=EDGE_CURVE('120:12236',#8827,#8827,#8828,.T.);
#7554=FILL_AREA_STYLE('',(#8829));
#7555=EDGE_CURVE('120:12233',#8830,#8830,#8831,.F.);
#7556=FILL_AREA_STYLE('',(#8832));
#7557=EDGE_CURVE('120:12230',#8833,#8833,#8834,.T.);
#7558=FILL_AREA_STYLE('',(#8835));
#7559=EDGE_CURVE('120:12200',#8836,#8836,#8837,.T.);
#7560=EDGE_CURVE('120:12197',#8838,#8838,#8839,.F.);
#7561=FILL_AREA_STYLE('',(#8840));
#7562=EDGE_CURVE('120:12194',#8841,#8841,#8842,.T.);
#7563=FILL_AREA_STYLE('',(#8843));
#7564=EDGE_CURVE('120:12191',#8844,#8844,#8845,.T.);
#7565=FILL_AREA_STYLE('',(#8846));
#7566=EDGE_CURVE('120:12209',#8847,#8847,#8848,.T.);
#7567=EDGE_CURVE('120:12206',#8849,#8849,#8850,.F.);
#7568=FILL_AREA_STYLE('',(#8851));
#7569=EDGE_CURVE('120:12203',#8852,#8852,#8853,.T.);
#7570=FILL_AREA_STYLE('',(#8854));
#7571=EDGE_CURVE('120:12212',#8855,#8855,#8856,.T.);
#7572=FILL_AREA_STYLE('',(#8857));
#7573=EDGE_CURVE('120:11837',#8858,#8859,#8860,.T.);
#7574=EDGE_CURVE('120:11345',#8858,#8861,#8862,.T.);
#7575=EDGE_CURVE('120:11366',#8861,#8863,#8864,.T.);
#7576=EDGE_CURVE('120:11840',#8863,#8865,#8866,.T.);
#7577=EDGE_CURVE('120:12188',#8865,#8859,#8867,.T.);
#7578=FILL_AREA_STYLE('',(#8868));
#7579=EDGE_CURVE('120:11846',#8869,#8870,#8871,.T.);
#7580=EDGE_CURVE('120:11357',#8869,#8858,#8872,.T.);
#7581=EDGE_CURVE('120:11471',#8859,#8870,#8873,.T.);
#7582=FILL_AREA_STYLE('',(#8874));
#7583=EDGE_CURVE('120:11843',#8875,#8876,#8877,.T.);
#7584=EDGE_CURVE('120:11360',#8875,#8878,#8879,.T.);
#7585=EDGE_CURVE('120:11348',#8878,#8869,#8880,.T.);
#7586=EDGE_CURVE('120:11468',#8870,#8876,#8881,.T.);
#7587=FILL_AREA_STYLE('',(#8882));
#7588=EDGE_CURVE('120:11354',#8863,#8883,#8884,.T.);
#7589=EDGE_CURVE('120:11363',#8883,#8885,#8886,.T.);
#7590=EDGE_CURVE('120:11351',#8885,#8875,#8887,.T.);
#7591=EDGE_CURVE('120:11465',#8876,#8865,#8888,.T.);
#7592=FILL_AREA_STYLE('',(#8889));
#7593=EDGE_CURVE('120:12245',#8890,#8883,#8891,.F.);
#7594=EDGE_CURVE('120:11372',#8892,#8890,#8893,.T.);
#7595=EDGE_CURVE('120:12239',#8892,#8885,#8894,.F.);
#7596=FILL_AREA_STYLE('',(#8895));
#7597=EDGE_CURVE('120:11375',#8896,#8892,#8897,.T.);
#7598=EDGE_CURVE('120:12242',#8878,#8896,#8898,.T.);
#7599=FILL_AREA_STYLE('',(#8899));
#7600=EDGE_CURVE('120:11378',#8900,#8896,#8901,.T.);
#7601=EDGE_CURVE('120:12248',#8861,#8900,#8902,.F.);
#7602=FILL_AREA_STYLE('',(#8903));
#7603=EDGE_CURVE('120:11369',#8890,#8900,#8904,.T.);
#7604=FILL_AREA_STYLE('',(#8905));
#7605=EDGE_CURVE('164:7398',#8906,#8907,#8908,.F.);
#7606=EDGE_CURVE('172:572',#8907,#8909,#8910,.F.);
#7607=EDGE_CURVE('164:7401',#8911,#8909,#8912,.T.);
#7608=EDGE_CURVE('164:7418',#8911,#8906,#8913,.F.);
#7609=FILL_AREA_STYLE('',(#8914));
#7610=EDGE_CURVE('172:575',#8909,#8915,#8916,.F.);
#7611=EDGE_CURVE('164:7392',#8917,#8915,#8918,.T.);
#7612=EDGE_CURVE('120:11537',#8911,#8917,#8919,.F.);
#7613=FILL_AREA_STYLE('',(#8920));
#7614=EDGE_CURVE('164:7408',#8917,#8921,#8922,.T.);
#7615=EDGE_CURVE('164:6941',#8906,#8921,#8923,.T.);
#7616=EDGE_CURVE('120:11528',#8924,#8924,#8925,.T.);
#7617=FILL_AREA_STYLE('',(#8926));
#7618=EDGE_CURVE('120:11531',#8927,#8927,#8928,.T.);
#7619=FILL_AREA_STYLE('',(#8929));
#7620=FILL_AREA_STYLE('',(#8930));
#7621=EDGE_CURVE('172:578',#8915,#8931,#8932,.T.);
#7622=EDGE_CURVE('164:7395',#8921,#8931,#8933,.T.);
#7623=FILL_AREA_STYLE('',(#8934));
#7624=EDGE_CURVE('120:11522',#8935,#8935,#8936,.T.);
#7625=EDGE_CURVE('120:11534',#8937,#8938,#8939,.T.);
#7626=EDGE_CURVE('164:7256',#8938,#8940,#8941,.T.);
#7627=EDGE_CURVE('164:7005',#8940,#8942,#8943,.T.);
#7628=EDGE_CURVE('164:7241',#8942,#8937,#8944,.T.);
#7629=FILL_AREA_STYLE('',(#8945));
#7630=EDGE_CURVE('164:7222',#8946,#8937,#8947,.F.);
#7631=EDGE_CURVE('172:614',#8946,#8948,#8949,.F.);
#7632=EDGE_CURVE('164:7225',#8948,#8938,#8950,.F.);
#7633=FILL_AREA_STYLE('',(#8951));
#7634=EDGE_CURVE('172:617',#8948,#8952,#8953,.T.);
#7635=EDGE_CURVE('164:7231',#8952,#8940,#8954,.T.);
#7636=FILL_AREA_STYLE('',(#8955));
#7637=EDGE_CURVE('164:7234',#8956,#8942,#8957,.T.);
#7638=EDGE_CURVE('172:611',#8956,#8946,#8958,.F.);
#7639=FILL_AREA_STYLE('',(#8959));
#7640=EDGE_CURVE('120:11525',#8960,#8960,#8961,.T.);
#7641=FILL_AREA_STYLE('',(#8962));
#7642=FILL_AREA_STYLE('',(#8963));
#7643=EDGE_CURVE('120:11927',#8964,#8965,#8966,.F.);
#7644=EDGE_CURVE('120:11615',#8965,#8967,#8968,.F.);
#7645=EDGE_CURVE('120:11924',#8969,#8967,#8970,.F.);
#7646=EDGE_CURVE('120:11768',#8964,#8969,#8971,.T.);
#7647=FILL_AREA_STYLE('',(#8972));
#7648=EDGE_CURVE('120:11918',#8973,#8974,#8975,.F.);
#7649=EDGE_CURVE('120:11612',#8974,#8965,#8976,.F.);
#7650=EDGE_CURVE('120:11765',#8973,#8964,#8977,.T.);
#7651=FILL_AREA_STYLE('',(#8978));
#7652=EDGE_CURVE('120:11618',#8967,#8979,#8980,.F.);
#7653=EDGE_CURVE('120:11921',#8981,#8979,#8982,.F.);
#7654=EDGE_CURVE('120:11771',#8969,#8981,#8983,.T.);
#7655=FILL_AREA_STYLE('',(#8984));
#7656=EDGE_CURVE('120:11609',#8979,#8974,#8985,.T.);
#7657=EDGE_CURVE('120:11774',#8981,#8973,#8986,.F.);
#7658=FILL_AREA_STYLE('',(#8987));
#7659=EDGE_CURVE('120:11915',#8988,#8989,#8990,.F.);
#7660=EDGE_CURVE('120:11603',#8989,#8991,#8992,.F.);
#7661=EDGE_CURVE('120:11912',#8993,#8991,#8994,.F.);
#7662=EDGE_CURVE('120:11780',#8988,#8993,#8995,.T.);
#7663=FILL_AREA_STYLE('',(#8996));
#7664=EDGE_CURVE('120:11906',#8997,#8998,#8999,.F.);
#7665=EDGE_CURVE('120:11600',#8998,#8989,#9000,.F.);
#7666=EDGE_CURVE('120:11777',#8997,#8988,#9001,.T.);
#7667=FILL_AREA_STYLE('',(#9002));
#7668=EDGE_CURVE('120:11606',#8991,#9003,#9004,.F.);
#7669=EDGE_CURVE('120:11909',#9005,#9003,#9006,.F.);
#7670=EDGE_CURVE('120:11783',#8993,#9005,#9007,.T.);
#7671=FILL_AREA_STYLE('',(#9008));
#7672=EDGE_CURVE('120:11597',#9003,#8998,#9009,.T.);
#7673=EDGE_CURVE('120:11786',#9005,#8997,#9010,.F.);
#7674=FILL_AREA_STYLE('',(#9011));
#7675=EDGE_CURVE('120:11903',#9012,#9013,#9014,.F.);
#7676=EDGE_CURVE('120:11591',#9013,#9015,#9016,.F.);
#7677=EDGE_CURVE('120:11900',#9017,#9015,#9018,.F.);
#7678=EDGE_CURVE('120:11792',#9012,#9017,#9019,.T.);
#7679=FILL_AREA_STYLE('',(#9020));
#7680=EDGE_CURVE('120:11894',#9021,#9022,#9023,.F.);
#7681=EDGE_CURVE('120:11588',#9022,#9013,#9024,.F.);
#7682=EDGE_CURVE('120:11789',#9021,#9012,#9025,.T.);
#7683=FILL_AREA_STYLE('',(#9026));
#7684=EDGE_CURVE('120:11594',#9015,#9027,#9028,.F.);
#7685=EDGE_CURVE('120:11897',#9029,#9027,#9030,.F.);
#7686=EDGE_CURVE('120:11795',#9017,#9029,#9031,.T.);
#7687=FILL_AREA_STYLE('',(#9032));
#7688=EDGE_CURVE('120:11585',#9027,#9022,#9033,.T.);
#7689=EDGE_CURVE('120:11798',#9029,#9021,#9034,.F.);
#7690=FILL_AREA_STYLE('',(#9035));
#7691=EDGE_CURVE('120:11762',#9036,#9036,#9037,.T.);
#7692=EDGE_CURVE('120:11621',#9038,#9038,#9039,.F.);
#7693=FILL_AREA_STYLE('',(#9040));
#7694=EDGE_CURVE('120:11888',#9041,#9042,#9043,.F.);
#7695=EDGE_CURVE('120:11582',#9042,#9044,#9045,.T.);
#7696=EDGE_CURVE('120:11885',#9046,#9044,#9047,.F.);
#7697=EDGE_CURVE('120:11807',#9041,#9046,#9048,.F.);
#7698=FILL_AREA_STYLE('',(#9049));
#7699=EDGE_CURVE('120:11891',#9050,#9051,#9052,.F.);
#7700=EDGE_CURVE('120:11579',#9051,#9042,#9053,.F.);
#7701=EDGE_CURVE('120:11804',#9050,#9041,#9054,.T.);
#7702=FILL_AREA_STYLE('',(#9055));
#7703=EDGE_CURVE('120:11573',#9044,#9056,#9057,.F.);
#7704=EDGE_CURVE('120:11882',#9058,#9056,#9059,.F.);
#7705=EDGE_CURVE('120:11810',#9046,#9058,#9060,.T.);
#7706=FILL_AREA_STYLE('',(#9061));
#7707=EDGE_CURVE('120:11576',#9056,#9051,#9062,.F.);
#7708=EDGE_CURVE('120:11801',#9058,#9050,#9063,.T.);
#7709=FILL_AREA_STYLE('',(#9064));
#7710=EDGE_CURVE('120:11876',#9065,#9066,#9067,.F.);
#7711=EDGE_CURVE('120:11570',#9066,#9068,#9069,.T.);
#7712=EDGE_CURVE('120:11873',#9070,#9068,#9071,.F.);
#7713=EDGE_CURVE('120:11819',#9065,#9070,#9072,.F.);
#7714=FILL_AREA_STYLE('',(#9073));
#7715=EDGE_CURVE('120:11879',#9074,#9075,#9076,.F.);
#7716=EDGE_CURVE('120:11567',#9075,#9066,#9077,.F.);
#7717=EDGE_CURVE('120:11816',#9074,#9065,#9078,.T.);
#7718=FILL_AREA_STYLE('',(#9079));
#7719=EDGE_CURVE('120:11561',#9068,#9080,#9081,.F.);
#7720=EDGE_CURVE('120:11870',#9082,#9080,#9083,.F.);
#7721=EDGE_CURVE('120:11822',#9070,#9082,#9084,.T.);
#7722=FILL_AREA_STYLE('',(#9085));
#7723=EDGE_CURVE('120:11564',#9080,#9075,#9086,.F.);
#7724=EDGE_CURVE('120:11813',#9082,#9074,#9087,.T.);
#7725=FILL_AREA_STYLE('',(#9088));
#7726=EDGE_CURVE('120:11864',#9089,#9090,#9091,.F.);
#7727=EDGE_CURVE('120:11558',#9090,#9092,#9093,.T.);
#7728=EDGE_CURVE('120:11861',#9094,#9092,#9095,.F.);
#7729=EDGE_CURVE('120:11831',#9089,#9094,#9096,.F.);
#7730=FILL_AREA_STYLE('',(#9097));
#7731=EDGE_CURVE('120:11867',#9098,#9099,#9100,.F.);
#7732=EDGE_CURVE('120:11555',#9099,#9090,#9101,.F.);
#7733=EDGE_CURVE('120:11828',#9098,#9089,#9102,.T.);
#7734=FILL_AREA_STYLE('',(#9103));
#7735=EDGE_CURVE('120:12047',#9092,#9104,#9105,.F.);
#7736=EDGE_CURVE('120:11858',#9106,#9104,#9107,.F.);
#7737=EDGE_CURVE('120:11834',#9094,#9106,#9108,.T.);
#7738=FILL_AREA_STYLE('',(#9109));
#7739=EDGE_CURVE('120:11552',#9104,#9099,#9110,.F.);
#7740=EDGE_CURVE('120:11825',#9106,#9098,#9111,.T.);
#7741=FILL_AREA_STYLE('',(#9112));
#7742=EDGE_CURVE('169:1039',#9113,#9114,#9115,.F.);
#7743=EDGE_CURVE('169:993',#9114,#9116,#9117,.F.);
#7744=EDGE_CURVE('169:1036',#9118,#9116,#9119,.F.);
#7745=EDGE_CURVE('169:990',#9118,#9113,#9120,.T.);
#7746=FILL_AREA_STYLE('',(#9121));
#7747=EDGE_CURVE('171:11068',#8746,#9114,#9122,.F.);
#7748=EDGE_CURVE('171:11074',#9116,#8752,#9123,.T.);
#7749=FILL_AREA_STYLE('',(#9124));
#7750=EDGE_CURVE('171:11065',#9113,#8760,#9125,.F.);
#7751=EDGE_CURVE('171:11077',#8762,#9118,#9126,.T.);
#7752=FILL_AREA_STYLE('',(#9127));
#7753=EDGE_CURVE('172:170',#9128,#9129,#9130,.T.);
#7754=EDGE_CURVE('172:548',#9131,#9129,#9132,.T.);
#7755=EDGE_CURVE('172:164',#9131,#9133,#9134,.T.);
#7756=EDGE_CURVE('172:452',#9128,#9133,#9135,.F.);
#7757=FILL_AREA_STYLE('',(#9136));
#7758=EDGE_CURVE('172:545',#9137,#9131,#9138,.T.);
#7759=EDGE_CURVE('184:662',#9137,#9139,#9140,.T.);
#7760=EDGE_CURVE('172:551',#9133,#9139,#9141,.F.);
#7761=FILL_AREA_STYLE('',(#9142));
#7762=EDGE_CURVE('172:188',#9143,#9144,#9145,.T.);
#7763=EDGE_CURVE('172:455',#9129,#9144,#9146,.F.);
#7764=EDGE_CURVE('172:641',#9143,#9128,#9147,.T.);
#7765=FILL_AREA_STYLE('',(#9148));
#7766=EDGE_CURVE('172:206',#9149,#9150,#9151,.T.);
#7767=EDGE_CURVE('172:458',#9144,#9150,#9152,.F.);
#7768=EDGE_CURVE('172:638',#9149,#9143,#9153,.T.);
#7769=FILL_AREA_STYLE('',(#9154));
#7770=EDGE_CURVE('172:563',#8715,#9155,#9156,.T.);
#7771=EDGE_CURVE('172:539',#9157,#8716,#9158,.F.);
#7772=EDGE_CURVE('172:215',#9157,#9155,#9159,.T.);
#7773=FILL_AREA_STYLE('',(#9160));
#7774=EDGE_CURVE('172:224',#9161,#9162,#9163,.T.);
#7775=EDGE_CURVE('172:461',#9150,#9162,#9164,.T.);
#7776=EDGE_CURVE('172:635',#9161,#9149,#9165,.F.);
#7777=FILL_AREA_STYLE('',(#9166));
#7778=EDGE_CURVE('172:233',#9167,#9168,#9169,.T.);
#7779=EDGE_CURVE('172:566',#9155,#9168,#9170,.F.);
#7780=EDGE_CURVE('172:536',#9167,#9157,#9171,.T.);
#7781=FILL_AREA_STYLE('',(#9172));
#7782=EDGE_CURVE('172:242',#9173,#9174,#9175,.T.);
#7783=EDGE_CURVE('172:464',#9162,#9174,#9176,.T.);
#7784=EDGE_CURVE('172:632',#9173,#9161,#9177,.F.);
#7785=FILL_AREA_STYLE('',(#9178));
#7786=EDGE_CURVE('172:251',#9179,#9180,#9181,.F.);
#7787=EDGE_CURVE('172:569',#9168,#9180,#9182,.F.);
#7788=EDGE_CURVE('172:533',#9179,#9167,#9183,.T.);
#7789=FILL_AREA_STYLE('',(#9184));
#7790=EDGE_CURVE('172:629',#8726,#9173,#9185,.T.);
#7791=EDGE_CURVE('172:467',#9174,#8724,#9186,.F.);
#7792=FILL_AREA_STYLE('',(#9187));
#7793=EDGE_CURVE('172:269',#9188,#8907,#9189,.F.);
#7794=EDGE_CURVE('172:557',#9180,#8907,#9190,.T.);
#7795=EDGE_CURVE('172:530',#9188,#9179,#9191,.F.);
#7796=FILL_AREA_STYLE('',(#9192));
#7797=EDGE_CURVE('172:287',#9193,#8909,#9194,.T.);
#7798=EDGE_CURVE('172:527',#9193,#9188,#9195,.F.);
#7799=FILL_AREA_STYLE('',(#9196));
#7800=EDGE_CURVE('172:473',#9197,#9198,#9199,.T.);
#7801=EDGE_CURVE('184:1013',#9197,#9200,#9201,.F.);
#7802=EDGE_CURVE('172:626',#9202,#9200,#9203,.F.);
#7803=EDGE_CURVE('172:296',#9202,#9198,#9204,.T.);
#7804=FILL_AREA_STYLE('',(#9205));
#7805=EDGE_CURVE('172:305',#9206,#8915,#9207,.T.);
#7806=EDGE_CURVE('172:524',#9206,#9193,#9208,.T.);
#7807=FILL_AREA_STYLE('',(#9209));
#7808=EDGE_CURVE('172:314',#9210,#9211,#9212,.T.);
#7809=EDGE_CURVE('172:476',#9198,#9211,#9213,.T.);
#7810=EDGE_CURVE('172:623',#9210,#9202,#9214,.F.);
#7811=FILL_AREA_STYLE('',(#9215));
#7812=EDGE_CURVE('172:323',#9216,#8931,#9217,.F.);
#7813=EDGE_CURVE('172:521',#9216,#9206,#9218,.F.);
#7814=FILL_AREA_STYLE('',(#9219));
#7815=EDGE_CURVE('172:332',#9220,#9221,#9222,.F.);
#7816=EDGE_CURVE('172:479',#9211,#9221,#9223,.F.);
#7817=EDGE_CURVE('172:620',#9220,#9210,#9224,.T.);
#7818=FILL_AREA_STYLE('',(#9225));
#7819=EDGE_CURVE('172:341',#9226,#9227,#9228,.F.);
#7820=EDGE_CURVE('172:554',#8931,#9227,#9229,.T.);
#7821=EDGE_CURVE('172:518',#9226,#9216,#9230,.F.);
#7822=FILL_AREA_STYLE('',(#9231));
#7823=EDGE_CURVE('172:350',#8952,#9232,#9233,.F.);
#7824=EDGE_CURVE('172:482',#9221,#9232,#9234,.T.);
#7825=EDGE_CURVE('172:605',#8952,#9220,#9235,.F.);
#7826=FILL_AREA_STYLE('',(#9236));
#7827=EDGE_CURVE('172:359',#9237,#9238,#9239,.T.);
#7828=EDGE_CURVE('172:581',#9227,#9238,#9240,.T.);
#7829=EDGE_CURVE('172:515',#9237,#9226,#9241,.T.);
#7830=FILL_AREA_STYLE('',(#9242));
#7831=EDGE_CURVE('172:368',#8948,#9243,#9244,.T.);
#7832=EDGE_CURVE('172:485',#9232,#9243,#9245,.F.);
#7833=FILL_AREA_STYLE('',(#9246));
#7834=EDGE_CURVE('172:377',#9247,#9248,#9249,.T.);
#7835=EDGE_CURVE('172:584',#9238,#9248,#9250,.F.);
#7836=EDGE_CURVE('172:512',#9247,#9237,#9251,.T.);
#7837=FILL_AREA_STYLE('',(#9252));
#7838=EDGE_CURVE('172:386',#8946,#9253,#9254,.T.);
#7839=EDGE_CURVE('172:488',#9243,#9253,#9255,.T.);
#7840=FILL_AREA_STYLE('',(#9256));
#7841=EDGE_CURVE('172:395',#9257,#9258,#9259,.F.);
#7842=EDGE_CURVE('172:587',#9248,#9258,#9260,.F.);
#7843=EDGE_CURVE('172:509',#9257,#9247,#9261,.F.);
#7844=FILL_AREA_STYLE('',(#9262));
#7845=EDGE_CURVE('172:404',#8956,#9263,#9264,.F.);
#7846=EDGE_CURVE('172:491',#9253,#9263,#9265,.T.);
#7847=FILL_AREA_STYLE('',(#9266));
#7848=EDGE_CURVE('172:413',#9267,#9268,#9269,.T.);
#7849=EDGE_CURVE('172:590',#9258,#9268,#9270,.F.);
#7850=EDGE_CURVE('172:506',#9267,#9257,#9271,.T.);
#7851=FILL_AREA_STYLE('',(#9272));
#7852=EDGE_CURVE('172:422',#9273,#9274,#9275,.T.);
#7853=EDGE_CURVE('172:494',#9263,#9274,#9276,.T.);
#7854=EDGE_CURVE('172:608',#9273,#8956,#9277,.F.);
#7855=FILL_AREA_STYLE('',(#9278));
#7856=EDGE_CURVE('172:431',#9279,#9280,#9281,.T.);
#7857=EDGE_CURVE('172:593',#9268,#9280,#9282,.T.);
#7858=EDGE_CURVE('172:503',#9279,#9267,#9283,.F.);
#7859=FILL_AREA_STYLE('',(#9284));
#7860=EDGE_CURVE('172:440',#9285,#9286,#9287,.T.);
#7861=EDGE_CURVE('172:497',#9274,#9286,#9288,.T.);
#7862=EDGE_CURVE('172:599',#9285,#9273,#9289,.F.);
#7863=FILL_AREA_STYLE('',(#9290));
#7864=EDGE_CURVE('172:500',#9286,#9279,#9291,.T.);
#7865=EDGE_CURVE('172:596',#9280,#9285,#9292,.F.);
#7866=FILL_AREA_STYLE('',(#9293));
#7867=EDGE_CURVE('171:11514',#9294,#9295,#9296,.T.);
#7868=EDGE_CURVE('171:11669',#9294,#9297,#9298,.T.);
#7869=EDGE_CURVE('171:11511',#9297,#9299,#9300,.T.);
#7870=EDGE_CURVE('171:11666',#9299,#9295,#9301,.F.);
#7871=FILL_AREA_STYLE('',(#9302));
#7872=EDGE_CURVE('174:1018',#9297,#8747,#9303,.F.);
#7873=EDGE_CURVE('174:1024',#8749,#9294,#9304,.T.);
#7874=FILL_AREA_STYLE('',(#9305));
#7875=EDGE_CURVE('174:1015',#8758,#9299,#9306,.F.);
#7876=EDGE_CURVE('174:1027',#9295,#8756,#9307,.T.);
#7877=FILL_AREA_STYLE('',(#9308));
#7878=EDGE_CURVE('178:125052',#9309,#9310,#9311,.T.);
#7879=EDGE_CURVE('178:125073',#9310,#9312,#9313,.T.);
#7880=EDGE_CURVE('178:125070',#9312,#9314,#9315,.T.);
#7881=EDGE_CURVE('178:125067',#9314,#9316,#9317,.T.);
#7882=EDGE_CURVE('178:125064',#9316,#9318,#9319,.T.);
#7883=EDGE_CURVE('178:125061',#9318,#9320,#9321,.T.);
#7884=EDGE_CURVE('178:125058',#9320,#9322,#9323,.T.);
#7885=EDGE_CURVE('178:125055',#9322,#9309,#9324,.T.);
#7886=EDGE_CURVE('120:11855',#9325,#9326,#9327,.T.);
#7887=EDGE_CURVE('120:11300',#9326,#9328,#9329,.T.);
#7888=EDGE_CURVE('120:11852',#9328,#9330,#9331,.T.);
#7889=EDGE_CURVE('120:11306',#9330,#9332,#9333,.T.);
#7890=EDGE_CURVE('120:11723',#9332,#9334,#9335,.T.);
#7891=EDGE_CURVE('120:11303',#9334,#9336,#9337,.T.);
#7892=EDGE_CURVE('120:11849',#9336,#9338,#9339,.T.);
#7893=EDGE_CURVE('120:11297',#9338,#9325,#9340,.T.);
#7894=FILL_AREA_STYLE('',(#9341));
#7895=EDGE_CURVE('120:11702',#9342,#9342,#9343,.F.);
#7896=EDGE_CURVE('120:11681',#9344,#9345,#9346,.T.);
#7897=EDGE_CURVE('120:11321',#9345,#9347,#9348,.F.);
#7898=EDGE_CURVE('120:11678',#9347,#9349,#9350,.T.);
#7899=EDGE_CURVE('120:11690',#9349,#9351,#9352,.T.);
#7900=EDGE_CURVE('120:11687',#9351,#9353,#9354,.F.);
#7901=EDGE_CURVE('120:11684',#9353,#9344,#9355,.T.);
#7902=FILL_AREA_STYLE('',(#9356));
#7903=EDGE_CURVE('120:11975',#9357,#9357,#9358,.F.);
#7904=EDGE_CURVE('120:11984',#9359,#9360,#9361,.F.);
#7905=EDGE_CURVE('120:11732',#9360,#9362,#9363,.T.);
#7906=EDGE_CURVE('120:11957',#9362,#9364,#9365,.T.);
#7907=EDGE_CURVE('120:11729',#9364,#9359,#9366,.T.);
#7908=FILL_AREA_STYLE('',(#9367));
#7909=EDGE_CURVE('120:11972',#9368,#9368,#9369,.F.);
#7910=EDGE_CURVE('120:11945',#9370,#9371,#9372,.T.);
#7911=EDGE_CURVE('120:11309',#9370,#9373,#9374,.F.);
#7912=EDGE_CURVE('120:11942',#9375,#9373,#9376,.T.);
#7913=EDGE_CURVE('120:11933',#9377,#9375,#9378,.F.);
#7914=EDGE_CURVE('120:12065',#9377,#9379,#9380,.F.);
#7915=EDGE_CURVE('120:11930',#9371,#9379,#9381,.F.);
#7916=FILL_AREA_STYLE('',(#9382));
#7917=EDGE_CURVE('178:124983',#9383,#9312,#9384,.T.);
#7918=EDGE_CURVE('178:124977',#9310,#9385,#9386,.T.);
#7919=EDGE_CURVE('178:125049',#9383,#9385,#9387,.F.);
#7920=FILL_AREA_STYLE('',(#9388));
#7921=EDGE_CURVE('178:124992',#9309,#9389,#9390,.F.);
#7922=EDGE_CURVE('178:125094',#9385,#9389,#9391,.T.);
#7923=FILL_AREA_STYLE('',(#9392));
#7924=EDGE_CURVE('178:125001',#9393,#9314,#9394,.T.);
#7925=EDGE_CURVE('178:125076',#9393,#9383,#9395,.T.);
#7926=FILL_AREA_STYLE('',(#9396));
#7927=EDGE_CURVE('178:125010',#9322,#9397,#9398,.F.);
#7928=EDGE_CURVE('178:125091',#9389,#9397,#9399,.F.);
#7929=FILL_AREA_STYLE('',(#9400));
#7930=EDGE_CURVE('178:125019',#9401,#9316,#9402,.T.);
#7931=EDGE_CURVE('178:125079',#9401,#9393,#9403,.F.);
#7932=FILL_AREA_STYLE('',(#9404));
#7933=EDGE_CURVE('178:125028',#9320,#9405,#9406,.F.);
#7934=EDGE_CURVE('178:125088',#9397,#9405,#9407,.T.);
#7935=FILL_AREA_STYLE('',(#9408));
#7936=EDGE_CURVE('178:125037',#9409,#9318,#9410,.T.);
#7937=EDGE_CURVE('178:125082',#9409,#9401,#9411,.T.);
#7938=FILL_AREA_STYLE('',(#9412));
#7939=EDGE_CURVE('178:125085',#9405,#9409,#9413,.F.);
#7940=FILL_AREA_STYLE('',(#9414));
#7941=EDGE_CURVE('148:26413',#9415,#9416,#9417,.T.);
#7942=EDGE_CURVE('148:26449',#9418,#9416,#9419,.T.);
#7943=EDGE_CURVE('148:26446',#9420,#9418,#9421,.F.);
#7944=EDGE_CURVE('148:26443',#9415,#9420,#9422,.F.);
#7945=FILL_AREA_STYLE('',(#9423));
#7946=EDGE_CURVE('148:26422',#9424,#9425,#9426,.T.);
#7947=EDGE_CURVE('148:26452',#9416,#9425,#9427,.T.);
#7948=EDGE_CURVE('148:26440',#9424,#9415,#9428,.T.);
#7949=FILL_AREA_STYLE('',(#9429));
#7950=EDGE_CURVE('148:26458',#9430,#9431,#9432,.F.);
#7951=EDGE_CURVE('148:26455',#9425,#9430,#9433,.T.);
#7952=EDGE_CURVE('148:26437',#9431,#9424,#9434,.F.);
#7953=FILL_AREA_STYLE('',(#9435));
#7954=EDGE_CURVE('147:2388',#9418,#9436,#9437,.T.);
#7955=EDGE_CURVE('148:14281',#9438,#9416,#9439,.F.);
#7956=EDGE_CURVE('148:14512',#9436,#9438,#9440,.T.);
#7957=FILL_AREA_STYLE('',(#9441));
#7958=EDGE_CURVE('148:14284',#9425,#9442,#9443,.T.);
#7959=EDGE_CURVE('147:2410',#9438,#9442,#9444,.T.);
#7960=FILL_AREA_STYLE('',(#9445));
#7961=EDGE_CURVE('147:2385',#9430,#9446,#9447,.T.);
#7962=EDGE_CURVE('148:14515',#9442,#9446,#9448,.T.);
#7963=FILL_AREA_STYLE('',(#9449));
#7964=EDGE_CURVE('147:2121',#9420,#9450,#9451,.T.);
#7965=EDGE_CURVE('147:2431',#9436,#9452,#9453,.T.);
#7966=EDGE_CURVE('120:11162',#9452,#9450,#9454,.F.);
#7967=FILL_AREA_STYLE('',(#9455));
#7968=EDGE_CURVE('120:11156',#9456,#9452,#9457,.F.);
#7969=EDGE_CURVE('120:11159',#9458,#9456,#9459,.F.);
#7970=EDGE_CURVE('120:11153',#9450,#9458,#9460,.F.);
#7971=FILL_AREA_STYLE('',(#9461));
#7972=EDGE_CURVE('120:11216',#9458,#9462,#9463,.T.);
#7973=EDGE_CURVE('120:11210',#9456,#9464,#9465,.T.);
#7974=EDGE_CURVE('120:11186',#9464,#9462,#9466,.F.);
#7975=FILL_AREA_STYLE('',(#9467));
#7976=EDGE_CURVE('147:2428',#9468,#9446,#9469,.T.);
#7977=EDGE_CURVE('120:11168',#9468,#9470,#9471,.F.);
#7978=EDGE_CURVE('120:11204',#9472,#9470,#9473,.T.);
#7979=EDGE_CURVE('120:11192',#9472,#9474,#9475,.F.);
#7980=EDGE_CURVE('120:11207',#9476,#9474,#9477,.T.);
#7981=EDGE_CURVE('120:11180',#9476,#9464,#9478,.F.);
#7982=EDGE_CURVE('120:11225',#9479,#9480,#9481,.F.);
#7983=EDGE_CURVE('120:11105',#9480,#9482,#9483,.F.);
#7984=EDGE_CURVE('120:11228',#9482,#9484,#9485,.F.);
#7985=EDGE_CURVE('120:11129',#9484,#9486,#9487,.F.);
#7986=EDGE_CURVE('120:11231',#9486,#9488,#9489,.F.);
#7987=EDGE_CURVE('120:11141',#9488,#9490,#9491,.F.);
#7988=EDGE_CURVE('120:11234',#9490,#9492,#9493,.F.);
#7989=EDGE_CURVE('120:11117',#9492,#9479,#9494,.F.);
#7990=FILL_AREA_STYLE('',(#9495));
#7991=EDGE_CURVE('120:11171',#9496,#9468,#9497,.F.);
#7992=EDGE_CURVE('120:11165',#9498,#9496,#9499,.F.);
#7993=EDGE_CURVE('120:11174',#9470,#9498,#9500,.F.);
#7994=FILL_AREA_STYLE('',(#9501));
#7995=EDGE_CURVE('120:11123',#9502,#9492,#9503,.F.);
#7996=EDGE_CURVE('120:11120',#9504,#9502,#9505,.F.);
#7997=EDGE_CURVE('120:11126',#9479,#9504,#9506,.F.);
#7998=FILL_AREA_STYLE('',(#9507));
#7999=EDGE_CURVE('120:11237',#9508,#9504,#9509,.F.);
#8000=EDGE_CURVE('120:11111',#9508,#9480,#9510,.F.);
#8001=FILL_AREA_STYLE('',(#9511));
#8002=EDGE_CURVE('120:11108',#9512,#9508,#9513,.F.);
#8003=EDGE_CURVE('120:11114',#9482,#9512,#9514,.F.);
#8004=FILL_AREA_STYLE('',(#9515));
#8005=EDGE_CURVE('120:11240',#9516,#9512,#9517,.F.);
#8006=EDGE_CURVE('120:11135',#9516,#9484,#9518,.F.);
#8007=FILL_AREA_STYLE('',(#9519));
#8008=EDGE_CURVE('120:11222',#9520,#9498,#9521,.T.);
#8009=EDGE_CURVE('120:11195',#9520,#9472,#9522,.F.);
#8010=FILL_AREA_STYLE('',(#9523));
#8011=EDGE_CURVE('120:11246',#9502,#9524,#9525,.F.);
#8012=EDGE_CURVE('120:11150',#9490,#9524,#9526,.F.);
#8013=FILL_AREA_STYLE('',(#9527));
#8014=EDGE_CURVE('120:11189',#9528,#9520,#9529,.F.);
#8015=EDGE_CURVE('120:11198',#9474,#9528,#9530,.F.);
#8016=FILL_AREA_STYLE('',(#9531));
#8017=EDGE_CURVE('120:11147',#9532,#9488,#9533,.F.);
#8018=EDGE_CURVE('120:11144',#9524,#9532,#9534,.F.);
#8019=FILL_AREA_STYLE('',(#9535));
#8020=EDGE_CURVE('120:11138',#9486,#9536,#9537,.F.);
#8021=EDGE_CURVE('120:11243',#9532,#9536,#9538,.F.);
#8022=FILL_AREA_STYLE('',(#9539));
#8023=EDGE_CURVE('120:11213',#9540,#9528,#9541,.T.);
#8024=EDGE_CURVE('120:11183',#9540,#9476,#9542,.F.);
#8025=FILL_AREA_STYLE('',(#9543));
#8026=EDGE_CURVE('120:11177',#9462,#9540,#9544,.F.);
#8027=FILL_AREA_STYLE('',(#9545));
#8028=EDGE_CURVE('120:11132',#9536,#9516,#9546,.F.);
#8029=FILL_AREA_STYLE('',(#9547));
#8030=FILL_AREA_STYLE('',(#9548));
#8031=FILL_AREA_STYLE('',(#9549));
#8032=FILL_AREA_STYLE('',(#9550));
#8033=FILL_AREA_STYLE('',(#9551));
#8034=EDGE_CURVE('183:3730',#9552,#8730,#9553,.F.);
#8035=EDGE_CURVE('183:3727',#9554,#8721,#9555,.T.);
#8036=EDGE_CURVE('183:3755',#9552,#9554,#9556,.T.);
#8037=FILL_AREA_STYLE('',(#9557));
#8038=EDGE_CURVE('183:3736',#9558,#8740,#9559,.F.);
#8039=EDGE_CURVE('183:3765',#9558,#9552,#9560,.F.);
#8040=FILL_AREA_STYLE('',(#9561));
#8041=EDGE_CURVE('183:3733',#9562,#9563,#9564,.T.);
#8042=EDGE_CURVE('184:1010',#9563,#8740,#9565,.F.);
#8043=EDGE_CURVE('183:3775',#9558,#9562,#9566,.F.);
#8044=FILL_AREA_STYLE('',(#9567));
#8045=EDGE_CURVE('183:3742',#9568,#8704,#9569,.F.);
#8046=EDGE_CURVE('183:3739',#9570,#8710,#9571,.T.);
#8047=EDGE_CURVE('183:3785',#9568,#9570,#9572,.T.);
#8048=FILL_AREA_STYLE('',(#9573));
#8049=EDGE_CURVE('183:3748',#9574,#9575,#9576,.F.);
#8050=EDGE_CURVE('184:680',#9575,#8697,#9577,.F.);
#8051=EDGE_CURVE('183:3795',#9574,#9568,#9578,.F.);
#8052=FILL_AREA_STYLE('',(#9579));
#8053=EDGE_CURVE('184:653',#8699,#9580,#9581,.T.);
#8054=EDGE_CURVE('184:656',#9580,#9582,#9583,.F.);
#8055=EDGE_CURVE('184:659',#9582,#9137,#9584,.T.);
#8056=FILL_AREA_STYLE('',(#9585));
#8057=EDGE_CURVE('183:3822',#9586,#9586,#9587,.T.);
#8058=EDGE_CURVE('183:3825',#9588,#9588,#9589,.F.);
#8059=FILL_AREA_STYLE('',(#9590));
#8060=FILL_AREA_STYLE('',(#9591));
#8061=EDGE_CURVE('184:989',#8742,#9592,#9593,.T.);
#8062=EDGE_CURVE('184:986',#9592,#9197,#9594,.T.);
#8063=FILL_AREA_STYLE('',(#9595));
#8064=EDGE_CURVE('183:586',#9562,#9554,#9596,.T.);
#8065=FILL_AREA_STYLE('',(#9597));
#8066=EDGE_CURVE('183:3812',#9598,#9598,#9599,.T.);
#8067=FILL_AREA_STYLE('',(#9600));
#8068=EDGE_CURVE('183:3815',#9601,#9601,#9602,.F.);
#8069=FILL_AREA_STYLE('',(#9603));
#8070=EDGE_CURVE('183:3805',#9574,#9604,#9605,.F.);
#8071=EDGE_CURVE('183:538',#9570,#9604,#9606,.T.);
#8072=FILL_AREA_STYLE('',(#9607));
#8073=EDGE_CURVE('183:3745',#9604,#9608,#9609,.T.);
#8074=EDGE_CURVE('184:671',#9608,#9575,#9610,.F.);
#8075=FILL_AREA_STYLE('',(#9611));
#8076=EDGE_CURVE('120:11696',#9612,#9612,#9613,.F.);
#8077=EDGE_CURVE('120:11699',#9614,#9614,#9615,.F.);
#8078=FILL_AREA_STYLE('',(#9616));
#8079=EDGE_CURVE('120:11666',#9617,#9618,#9619,.T.);
#8080=EDGE_CURVE('120:11336',#9617,#9620,#9621,.F.);
#8081=EDGE_CURVE('120:11717',#9622,#9620,#9623,.T.);
#8082=EDGE_CURVE('120:11639',#9624,#9622,#9625,.T.);
#8083=EDGE_CURVE('120:11675',#9624,#9626,#9627,.F.);
#8084=EDGE_CURVE('120:11630',#9618,#9626,#9628,.T.);
#8085=FILL_AREA_STYLE('',(#9629));
#8086=EDGE_CURVE('120:11981',#9630,#9630,#9631,.F.);
#8087=EDGE_CURVE('120:11747',#9632,#9633,#9634,.T.);
#8088=EDGE_CURVE('120:11996',#9632,#9635,#9636,.F.);
#8089=EDGE_CURVE('120:11738',#9637,#9635,#9638,.T.);
#8090=EDGE_CURVE('120:11954',#9633,#9637,#9639,.T.);
#8091=FILL_AREA_STYLE('',(#9640));
#8092=EDGE_CURVE('120:11978',#9641,#9641,#9642,.F.);
#8093=EDGE_CURVE('120:11948',#9643,#9644,#9645,.T.);
#8094=EDGE_CURVE('120:11318',#9644,#9646,#9647,.F.);
#8095=EDGE_CURVE('120:11951',#9646,#9648,#9649,.T.);
#8096=EDGE_CURVE('120:11753',#9648,#9650,#9651,.T.);
#8097=EDGE_CURVE('120:12056',#9650,#9652,#9653,.F.);
#8098=EDGE_CURVE('120:11756',#9652,#9643,#9654,.T.);
#8099=FILL_AREA_STYLE('',(#9655));
#8100=EDGE_CURVE('120:11966',#9656,#9656,#9657,.F.);
#8101=FILL_AREA_STYLE('',(#9658));
#8102=EDGE_CURVE('120:11960',#9659,#9659,#9660,.F.);
#8103=FILL_AREA_STYLE('',(#9661));
#8104=EDGE_CURVE('120:11693',#9662,#9662,#9663,.F.);
#8105=FILL_AREA_STYLE('',(#9664));
#8106=EDGE_CURVE('120:12050',#9652,#9285,#9665,.T.);
#8107=EDGE_CURVE('120:11759',#9273,#9643,#9666,.T.);
#8108=FILL_AREA_STYLE('',(#9667));
#8109=EDGE_CURVE('120:12053',#9280,#9650,#9668,.F.);
#8110=FILL_AREA_STYLE('',(#9669));
#8111=EDGE_CURVE('120:12062',#9238,#9377,#9670,.T.);
#8112=EDGE_CURVE('120:12059',#9379,#9248,#9671,.F.);
#8113=FILL_AREA_STYLE('',(#9672));
#8114=EDGE_CURVE('120:11939',#9375,#9227,#9673,.F.);
#8115=FILL_AREA_STYLE('',(#9674));
#8116=EDGE_CURVE('120:11936',#9371,#9258,#9675,.F.);
#8117=EDGE_CURVE('120:11750',#9268,#9648,#9676,.T.);
#8118=EDGE_CURVE('120:11312',#9646,#9326,#9677,.F.);
#8119=EDGE_CURVE('120:11315',#9325,#9370,#9678,.T.);
#8120=FILL_AREA_STYLE('',(#9679));
#8121=EDGE_CURVE('120:11516',#9680,#9681,#9682,.T.);
#8122=EDGE_CURVE('120:12137',#9683,#9680,#9684,.F.);
#8123=EDGE_CURVE('120:11519',#9685,#9683,#9686,.T.);
#8124=EDGE_CURVE('120:12092',#9681,#9685,#9687,.T.);
#8125=FILL_AREA_STYLE('',(#9688));
#8126=EDGE_CURVE('120:12134',#9689,#9683,#9690,.T.);
#8127=EDGE_CURVE('120:11513',#9691,#9689,#9692,.T.);
#8128=EDGE_CURVE('120:12095',#9685,#9691,#9693,.T.);
#8129=FILL_AREA_STYLE('',(#9694));
#8130=EDGE_CURVE('120:12098',#9695,#9681,#9696,.T.);
#8131=EDGE_CURVE('120:11510',#9697,#9695,#9698,.T.);
#8132=EDGE_CURVE('120:12131',#9680,#9697,#9699,.T.);
#8133=FILL_AREA_STYLE('',(#9700));
#8134=EDGE_CURVE('120:12128',#9701,#9689,#9702,.F.);
#8135=EDGE_CURVE('120:11507',#9703,#9701,#9704,.T.);
#8136=EDGE_CURVE('120:12101',#9691,#9703,#9705,.T.);
#8137=FILL_AREA_STYLE('',(#9706));
#8138=EDGE_CURVE('120:12104',#9707,#9695,#9708,.T.);
#8139=EDGE_CURVE('120:11504',#9709,#9707,#9710,.T.);
#8140=EDGE_CURVE('120:12125',#9697,#9709,#9711,.F.);
#8141=FILL_AREA_STYLE('',(#9712));
#8142=EDGE_CURVE('120:12122',#9713,#9701,#9714,.T.);
#8143=EDGE_CURVE('120:11501',#9715,#9713,#9716,.T.);
#8144=EDGE_CURVE('120:12107',#9703,#9715,#9717,.T.);
#8145=FILL_AREA_STYLE('',(#9718));
#8146=EDGE_CURVE('120:12110',#9719,#9707,#9720,.T.);
#8147=EDGE_CURVE('120:11498',#9721,#9719,#9722,.T.);
#8148=EDGE_CURVE('120:12119',#9709,#9721,#9723,.T.);
#8149=FILL_AREA_STYLE('',(#9724));
#8150=EDGE_CURVE('120:12116',#9721,#9713,#9725,.F.);
#8151=EDGE_CURVE('120:12113',#9715,#9719,#9726,.T.);
#8152=FILL_AREA_STYLE('',(#9727));
#8153=EDGE_CURVE('120:12086',#9383,#9680,#9728,.T.);
#8154=EDGE_CURVE('120:12089',#9683,#9385,#9729,.T.);
#8155=FILL_AREA_STYLE('',(#9730));
#8156=EDGE_CURVE('120:12080',#9389,#9689,#9731,.T.);
#8157=EDGE_CURVE('120:12083',#9701,#9397,#9732,.T.);
#8158=FILL_AREA_STYLE('',(#9733));
#8159=FILL_AREA_STYLE('',(#9734));
#8160=FILL_AREA_STYLE('',(#9735));
#8161=EDGE_CURVE('120:11708',#9697,#9393,#9736,.T.);
#8162=EDGE_CURVE('147:2082',#9496,#9431,#9737,.T.);
#8163=FILL_AREA_STYLE('',(#9738));
#8164=EDGE_CURVE('120:11660',#9401,#9709,#9739,.T.);
#8165=FILL_AREA_STYLE('',(#9740));
#8166=EDGE_CURVE('120:11663',#9721,#9409,#9741,.T.);
#8167=FILL_AREA_STYLE('',(#9742));
#8168=EDGE_CURVE('120:11705',#9405,#9713,#9743,.T.);
#8169=FILL_AREA_STYLE('',(#9744));
#8170=FILL_AREA_STYLE('',(#9745));
#8171=FILL_AREA_STYLE('',(#9746));
#8172=FILL_AREA_STYLE('',(#9747));
#8173=EDGE_CURVE('120:11969',#9748,#9748,#9749,.F.);
#8174=FILL_AREA_STYLE('',(#9750));
#8175=EDGE_CURVE('120:11720',#8726,#9622,#9751,.T.);
#8176=EDGE_CURVE('120:11330',#9620,#9330,#9752,.F.);
#8177=EDGE_CURVE('120:11333',#9328,#9644,#9753,.T.);
#8178=EDGE_CURVE('120:11744',#9220,#9633,#9754,.T.);
#8179=EDGE_CURVE('120:11741',#9200,#9637,#9755,.T.);
#8180=EDGE_CURVE('184:977',#9200,#9563,#9756,.T.);
#8181=FILL_AREA_STYLE('',(#9757));
#8182=EDGE_CURVE('120:11648',#9139,#9344,#9758,.T.);
#8183=EDGE_CURVE('184:668',#9139,#9608,#9759,.F.);
#8184=EDGE_CURVE('120:11726',#8715,#9364,#9760,.T.);
#8185=EDGE_CURVE('120:11735',#9180,#9362,#9761,.T.);
#8186=EDGE_CURVE('120:11327',#9373,#9338,#9762,.F.);
#8187=EDGE_CURVE('120:11324',#9336,#9345,#9763,.T.);
#8188=FILL_AREA_STYLE('',(#9764));
#8189=EDGE_CURVE('120:11654',#9128,#9351,#9765,.T.);
#8190=EDGE_CURVE('120:11651',#9353,#9133,#9766,.F.);
#8191=FILL_AREA_STYLE('',(#9767));
#8192=EDGE_CURVE('120:11642',#9173,#9624,#9768,.T.);
#8193=EDGE_CURVE('120:11636',#9626,#9161,#9769,.F.);
#8194=FILL_AREA_STYLE('',(#9770));
#8195=EDGE_CURVE('120:11633',#9149,#9618,#9771,.T.);
#8196=FILL_AREA_STYLE('',(#9772));
#8197=FILL_AREA_STYLE('',(#9773));
#8198=FILL_AREA_STYLE('',(#9774));
#8199=EDGE_CURVE('120:11669',#9143,#9349,#9775,.T.);
#8200=FILL_AREA_STYLE('',(#9776));
#8201=EDGE_CURVE('120:11342',#9347,#9334,#9777,.F.);
#8202=EDGE_CURVE('120:11339',#9332,#9617,#9778,.T.);
#8203=FILL_AREA_STYLE('',(#9779));
#8204=FILL_AREA_STYLE('',(#9780));
#8205=FILL_AREA_STYLE('',(#9781));
#8206=FILL_AREA_STYLE('',(#9782));
#8207=FILL_AREA_STYLE('',(#9783));
#8208=FILL_AREA_STYLE('',(#9784));
#8209=EDGE_CURVE('120:11993',#9210,#9632,#9785,.T.);
#8210=EDGE_CURVE('120:11999',#9635,#9202,#9786,.F.);
#8211=FILL_AREA_STYLE('',(#9787));
#8212=FILL_AREA_STYLE('',(#9788));
#8213=FILL_AREA_STYLE('',(#9789));
#8214=FILL_AREA_STYLE('',(#9790));
#8215=EDGE_CURVE('120:11990',#9155,#9359,#9791,.T.);
#8216=FILL_AREA_STYLE('',(#9792));
#8217=EDGE_CURVE('120:11987',#9360,#9168,#9793,.F.);
#8218=FILL_AREA_STYLE('',(#9794));
#8219=FILL_AREA_STYLE('',(#9795));
#8220=EDGE_CURVE('120:11963',#9796,#9796,#9797,.F.);
#8221=FILL_AREA_STYLE('',(#9798));
#8222=EDGE_CURVE('184:593',#9580,#9575,#9799,.T.);
#8223=FILL_AREA_STYLE('',(#9800));
#8224=EDGE_CURVE('184:584',#9582,#9608,#9801,.T.);
#8225=FILL_AREA_STYLE('',(#9802));
#8226=FILL_AREA_STYLE('',(#9803));
#8227=EDGE_CURVE('184:962',#9563,#9592,#9804,.T.);
#8228=FILL_AREA_STYLE('',(#9805));
#8229=FILL_AREA_STYLE('',(#9806));
#8230=FILL_AREA_STYLE('',(#9807));
#8231=FILL_AREA_STYLE('',(#9808));
#8232=FILL_AREA_STYLE('',(#9809));
#8233=FILL_AREA_STYLE('',(#9810));
#8234=FILL_AREA_STYLE('',(#9811));
#8235=FILL_AREA_STYLE('',(#9812));
#8236=FILL_AREA_STYLE('',(#9813));
#8237=EDGE_CURVE('177:555',#9814,#9815,#9816,.T.);
#8238=EDGE_CURVE('177:195',#9814,#9817,#9818,.T.);
#8239=EDGE_CURVE('177:558',#9819,#9817,#9820,.T.);
#8240=EDGE_CURVE('177:171',#9819,#9821,#9822,.F.);
#8241=EDGE_CURVE('177:552',#9821,#9823,#9824,.F.);
#8242=EDGE_CURVE('177:549',#9823,#9825,#9826,.T.);
#8243=EDGE_CURVE('177:546',#9825,#9827,#9828,.T.);
#8244=EDGE_CURVE('177:543',#9827,#9829,#9830,.T.);
#8245=EDGE_CURVE('177:540',#9829,#9831,#9832,.T.);
#8246=EDGE_CURVE('177:537',#9831,#9833,#9834,.T.);
#8247=EDGE_CURVE('177:534',#9833,#9835,#9836,.F.);
#8248=EDGE_CURVE('177:183',#9835,#9815,#9837,.F.);
#8249=EDGE_CURVE('177:417',#9838,#9839,#9840,.F.);
#8250=EDGE_CURVE('177:414',#9839,#9841,#9842,.T.);
#8251=EDGE_CURVE('177:207',#9841,#9843,#9844,.F.);
#8252=EDGE_CURVE('177:432',#9843,#9845,#9846,.T.);
#8253=EDGE_CURVE('177:429',#9845,#9847,#9848,.F.);
#8254=EDGE_CURVE('177:426',#9847,#9849,#9850,.T.);
#8255=EDGE_CURVE('177:423',#9849,#9851,#9852,.F.);
#8256=EDGE_CURVE('177:420',#9851,#9838,#9853,.T.);
#8257=FILL_AREA_STYLE('',(#9854));
#8258=EDGE_CURVE('177:495',#9855,#9823,#9856,.T.);
#8259=EDGE_CURVE('177:489',#9857,#9855,#9858,.F.);
#8260=EDGE_CURVE('177:492',#9825,#9857,#9859,.F.);
#8261=FILL_AREA_STYLE('',(#9860));
#8262=EDGE_CURVE('177:477',#9861,#9862,#9863,.T.);
#8263=EDGE_CURVE('177:480',#9864,#9861,#9865,.F.);
#8264=EDGE_CURVE('177:483',#9866,#9864,#9867,.F.);
#8265=EDGE_CURVE('177:486',#9862,#9866,#9868,.T.);
#8266=FILL_AREA_STYLE('',(#9869));
#8267=EDGE_CURVE('177:465',#9870,#9871,#9872,.F.);
#8268=EDGE_CURVE('177:468',#9873,#9870,#9874,.F.);
#8269=EDGE_CURVE('177:471',#9875,#9873,#9876,.T.);
#8270=EDGE_CURVE('177:474',#9871,#9875,#9877,.T.);
#8271=FILL_AREA_STYLE('',(#9878));
#8272=EDGE_CURVE('177:459',#9879,#9827,#9880,.F.);
#8273=EDGE_CURVE('177:456',#9881,#9879,#9882,.F.);
#8274=EDGE_CURVE('177:462',#9829,#9881,#9883,.T.);
#8275=FILL_AREA_STYLE('',(#9884));
#8276=EDGE_CURVE('177:450',#9885,#9831,#9886,.F.);
#8277=EDGE_CURVE('177:447',#9887,#9885,#9888,.F.);
#8278=EDGE_CURVE('177:453',#9833,#9887,#9889,.T.);
#8279=FILL_AREA_STYLE('',(#9890));
#8280=EDGE_CURVE('177:198',#9891,#9814,#9892,.F.);
#8281=EDGE_CURVE('177:201',#9893,#9891,#9894,.F.);
#8282=EDGE_CURVE('177:204',#9817,#9893,#9895,.T.);
#8283=FILL_AREA_STYLE('',(#9896));
#8284=EDGE_CURVE('177:186',#9815,#9897,#9898,.T.);
#8285=EDGE_CURVE('177:192',#9899,#9835,#9900,.T.);
#8286=EDGE_CURVE('177:189',#9897,#9899,#9901,.T.);
#8287=FILL_AREA_STYLE('',(#9902));
#8288=EDGE_CURVE('177:501',#9903,#9861,#9904,.T.);
#8289=EDGE_CURVE('177:180',#9903,#9819,#9905,.T.);
#8290=EDGE_CURVE('177:519',#9893,#9864,#9906,.T.);
#8291=FILL_AREA_STYLE('',(#9907));
#8292=EDGE_CURVE('177:522',#9908,#9891,#9909,.T.);
#8293=EDGE_CURVE('177:435',#9908,#9910,#9911,.F.);
#8294=EDGE_CURVE('177:525',#9870,#9910,#9912,.T.);
#8295=EDGE_CURVE('177:528',#9866,#9871,#9913,.T.);
#8296=FILL_AREA_STYLE('',(#9914));
#8297=EDGE_CURVE('177:309',#9915,#9915,#9916,.F.);
#8298=EDGE_CURVE('177:306',#9917,#9917,#9918,.F.);
#8299=EDGE_CURVE('177:246',#9919,#9920,#9921,.F.);
#8300=EDGE_CURVE('177:267',#9920,#9922,#9923,.T.);
#8301=EDGE_CURVE('177:264',#9922,#9924,#9925,.F.);
#8302=EDGE_CURVE('177:261',#9924,#9926,#9927,.T.);
#8303=EDGE_CURVE('177:258',#9926,#9928,#9929,.F.);
#8304=EDGE_CURVE('177:255',#9928,#9930,#9931,.T.);
#8305=EDGE_CURVE('177:252',#9930,#9932,#9933,.F.);
#8306=EDGE_CURVE('177:249',#9932,#9919,#9934,.T.);
#8307=FILL_AREA_STYLE('',(#9935));
#8308=EDGE_CURVE('177:303',#9936,#9937,#9938,.T.);
#8309=EDGE_CURVE('177:300',#9937,#9939,#9940,.T.);
#8310=EDGE_CURVE('177:297',#9939,#9941,#9942,.T.);
#8311=EDGE_CURVE('177:294',#9941,#9943,#9944,.T.);
#8312=EDGE_CURVE('177:291',#9943,#9945,#9946,.T.);
#8313=EDGE_CURVE('177:288',#9945,#9947,#9948,.T.);
#8314=EDGE_CURVE('177:285',#9947,#9949,#9950,.T.);
#8315=EDGE_CURVE('177:282',#9949,#9936,#9951,.T.);
#8316=EDGE_CURVE('177:234',#9952,#9953,#9954,.T.);
#8317=EDGE_CURVE('177:279',#9952,#9955,#9956,.F.);
#8318=EDGE_CURVE('177:240',#9957,#9955,#9958,.T.);
#8319=EDGE_CURVE('177:276',#9957,#9959,#9960,.F.);
#8320=EDGE_CURVE('177:213',#9961,#9959,#9962,.T.);
#8321=EDGE_CURVE('177:273',#9961,#9963,#9964,.F.);
#8322=EDGE_CURVE('177:222',#9965,#9963,#9966,.T.);
#8323=EDGE_CURVE('177:270',#9965,#9953,#9967,.F.);
#8324=FILL_AREA_STYLE('',(#9968));
#8325=EDGE_CURVE('177:336',#9969,#9969,#9970,.T.);
#8326=FILL_AREA_STYLE('',(#9971));
#8327=EDGE_CURVE('177:387',#9943,#9972,#9973,.T.);
#8328=EDGE_CURVE('177:342',#9974,#9972,#9975,.T.);
#8329=EDGE_CURVE('177:345',#9945,#9974,#9976,.T.);
#8330=FILL_AREA_STYLE('',(#9977));
#8331=EDGE_CURVE('177:339',#9978,#9978,#9979,.T.);
#8332=FILL_AREA_STYLE('',(#9980));
#8333=FILL_AREA_STYLE('',(#9981));
#8334=FILL_AREA_STYLE('',(#9982));
#8335=EDGE_CURVE('177:327',#9847,#9983,#9984,.T.);
#8336=EDGE_CURVE('177:399',#9985,#9983,#9986,.T.);
#8337=EDGE_CURVE('177:324',#9985,#9849,#9987,.F.);
#8338=FILL_AREA_STYLE('',(#9988));
#8339=EDGE_CURVE('177:315',#9989,#9845,#9990,.T.);
#8340=EDGE_CURVE('177:396',#9983,#9989,#9991,.F.);
#8341=FILL_AREA_STYLE('',(#9992));
#8342=EDGE_CURVE('177:402',#9993,#9985,#9994,.F.);
#8343=EDGE_CURVE('177:333',#9851,#9993,#9995,.T.);
#8344=FILL_AREA_STYLE('',(#9996));
#8345=EDGE_CURVE('177:312',#9843,#9997,#9998,.F.);
#8346=EDGE_CURVE('177:393',#9989,#9997,#9999,.T.);
#8347=FILL_AREA_STYLE('',(#10000));
#8348=EDGE_CURVE('177:405',#9993,#10001,#10002,.T.);
#8349=EDGE_CURVE('177:330',#10001,#9838,#10003,.F.);
#8350=FILL_AREA_STYLE('',(#10004));
#8351=EDGE_CURVE('177:321',#10005,#9841,#10006,.T.);
#8352=EDGE_CURVE('177:390',#9997,#10005,#10007,.F.);
#8353=FILL_AREA_STYLE('',(#10008));
#8354=EDGE_CURVE('177:408',#10009,#10001,#10010,.F.);
#8355=EDGE_CURVE('177:318',#9839,#10009,#10011,.F.);
#8356=FILL_AREA_STYLE('',(#10012));
#8357=EDGE_CURVE('177:411',#10005,#10009,#10013,.T.);
#8358=FILL_AREA_STYLE('',(#10014));
#8359=EDGE_CURVE('177:216',#9928,#9961,#10015,.T.);
#8360=EDGE_CURVE('177:210',#9959,#9930,#10016,.F.);
#8361=FILL_AREA_STYLE('',(#10017));
#8362=EDGE_CURVE('177:219',#9963,#9926,#10018,.F.);
#8363=FILL_AREA_STYLE('',(#10019));
#8364=EDGE_CURVE('177:243',#9932,#9957,#10020,.T.);
#8365=FILL_AREA_STYLE('',(#10021));
#8366=EDGE_CURVE('177:225',#9924,#9965,#10022,.T.);
#8367=FILL_AREA_STYLE('',(#10023));
#8368=EDGE_CURVE('177:237',#9955,#9919,#10024,.F.);
#8369=FILL_AREA_STYLE('',(#10025));
#8370=EDGE_CURVE('177:231',#9953,#9922,#10026,.F.);
#8371=FILL_AREA_STYLE('',(#10027));
#8372=EDGE_CURVE('177:228',#9920,#9952,#10028,.T.);
#8373=FILL_AREA_STYLE('',(#10029));
#8374=FILL_AREA_STYLE('',(#10030));
#8375=EDGE_CURVE('177:378',#10031,#10032,#10033,.T.);
#8376=EDGE_CURVE('177:372',#10032,#10034,#10035,.T.);
#8377=EDGE_CURVE('177:366',#10034,#10036,#10037,.T.);
#8378=EDGE_CURVE('177:360',#10036,#10038,#10039,.T.);
#8379=EDGE_CURVE('177:354',#10038,#10040,#10041,.T.);
#8380=EDGE_CURVE('177:348',#10040,#9974,#10042,.T.);
#8381=EDGE_CURVE('177:384',#9972,#10031,#10043,.T.);
#8382=FILL_AREA_STYLE('',(#10044));
#8383=EDGE_CURVE('177:351',#9947,#10040,#10045,.T.);
#8384=FILL_AREA_STYLE('',(#10046));
#8385=EDGE_CURVE('177:357',#9949,#10038,#10047,.T.);
#8386=FILL_AREA_STYLE('',(#10048));
#8387=EDGE_CURVE('177:363',#9936,#10036,#10049,.T.);
#8388=FILL_AREA_STYLE('',(#10050));
#8389=EDGE_CURVE('177:369',#9937,#10034,#10051,.T.);
#8390=FILL_AREA_STYLE('',(#10052));
#8391=EDGE_CURVE('177:375',#9939,#10032,#10053,.T.);
#8392=FILL_AREA_STYLE('',(#10054));
#8393=EDGE_CURVE('177:381',#9941,#10031,#10055,.T.);
#8394=FILL_AREA_STYLE('',(#10056));
#8395=FILL_AREA_STYLE('',(#10057));
#8396=EDGE_CURVE('177:177',#10058,#9903,#10059,.T.);
#8397=EDGE_CURVE('177:510',#9875,#9862,#10060,.T.);
#8398=EDGE_CURVE('177:507',#9873,#10061,#10062,.T.);
#8399=EDGE_CURVE('177:441',#10061,#10063,#10064,.T.);
#8400=EDGE_CURVE('177:504',#10063,#9897,#10065,.T.);
#8401=EDGE_CURVE('177:516',#9899,#9887,#10066,.T.);
#8402=EDGE_CURVE('177:513',#9885,#9881,#10067,.T.);
#8403=EDGE_CURVE('177:531',#9879,#9857,#10068,.T.);
#8404=EDGE_CURVE('177:498',#9855,#10058,#10069,.T.);
#8405=FILL_AREA_STYLE('',(#10070));
#8406=FILL_AREA_STYLE('',(#10071));
#8407=EDGE_CURVE('177:174',#9821,#10058,#10072,.T.);
#8408=FILL_AREA_STYLE('',(#10073));
#8409=FILL_AREA_STYLE('',(#10074));
#8410=FILL_AREA_STYLE('',(#10075));
#8411=EDGE_CURVE('177:444',#9910,#10061,#10076,.T.);
#8412=FILL_AREA_STYLE('',(#10077));
#8413=EDGE_CURVE('177:438',#10063,#9908,#10078,.F.);
#8414=FILL_AREA_STYLE('',(#10079));
#8415=FILL_AREA_STYLE('',(#10080));
#8416=FILL_AREA_STYLE('',(#10081));
#8417=FILL_AREA_STYLE('',(#10082));
#8418=EDGE_CURVE('8:40147',#10083,#10084,#10085,.F.);
#8419=EDGE_CURVE('8:40141',#10084,#10086,#10087,.F.);
#8420=EDGE_CURVE('8:40135',#10086,#10088,#10089,.F.);
#8421=EDGE_CURVE('8:40153',#10088,#10083,#10090,.F.);
#8422=FILL_AREA_STYLE('',(#10091));
#8423=EDGE_CURVE('8:40156',#10092,#10088,#10093,.T.);
#8424=EDGE_CURVE('157:22584',#10092,#10094,#10095,.T.);
#8425=EDGE_CURVE('8:40150',#10094,#10083,#10096,.T.);
#8426=FILL_AREA_STYLE('',(#10097));
#8427=EDGE_CURVE('157:22587',#10094,#10098,#10099,.T.);
#8428=EDGE_CURVE('8:40144',#10098,#10084,#10100,.T.);
#8429=FILL_AREA_STYLE('',(#10101));
#8430=EDGE_CURVE('23:8320',#10098,#10102,#10103,.T.);
#8431=EDGE_CURVE('8:40138',#10102,#10086,#10104,.T.);
#8432=FILL_AREA_STYLE('',(#10105));
#8433=EDGE_CURVE('157:22581',#10102,#10092,#10106,.T.);
#8434=FILL_AREA_STYLE('',(#10107));
#8435=FILL_AREA_STYLE('',(#10108));
#8436=EDGE_CURVE('8:40495',#10109,#10110,#10111,.T.);
#8437=EDGE_CURVE('157:22524',#10109,#10112,#10113,.T.);
#8438=EDGE_CURVE('8:40489',#10112,#10114,#10115,.T.);
#8439=EDGE_CURVE('8:40492',#10110,#10114,#10116,.F.);
#8440=FILL_AREA_STYLE('',(#10117));
#8441=EDGE_CURVE('8:40507',#10118,#10119,#10120,.T.);
#8442=EDGE_CURVE('157:22518',#10118,#10121,#10122,.T.);
#8443=EDGE_CURVE('8:40501',#10121,#10123,#10124,.T.);
#8444=EDGE_CURVE('8:40504',#10119,#10123,#10125,.F.);
#8445=FILL_AREA_STYLE('',(#10126));
#8446=EDGE_CURVE('8:40486',#10114,#10119,#10127,.F.);
#8447=EDGE_CURVE('8:40498',#10123,#10110,#10128,.F.);
#8448=FILL_AREA_STYLE('',(#10129));
#8449=EDGE_CURVE('23:8257',#10112,#10118,#10130,.T.);
#8450=FILL_AREA_STYLE('',(#10131));
#8451=EDGE_CURVE('157:22521',#10121,#10109,#10132,.T.);
#8452=FILL_AREA_STYLE('',(#10133));
#8453=FILL_AREA_STYLE('',(#10134));
#8454=EDGE_CURVE('8:40430',#10135,#10136,#10137,.T.);
#8455=EDGE_CURVE('157:22536',#10135,#10138,#10139,.T.);
#8456=EDGE_CURVE('8:40424',#10138,#10140,#10141,.T.);
#8457=EDGE_CURVE('8:40427',#10136,#10140,#10142,.F.);
#8458=FILL_AREA_STYLE('',(#10143));
#8459=EDGE_CURVE('8:40442',#10144,#10145,#10146,.T.);
#8460=EDGE_CURVE('157:22530',#10144,#10147,#10148,.T.);
#8461=EDGE_CURVE('8:40436',#10147,#10149,#10150,.T.);
#8462=EDGE_CURVE('8:40439',#10145,#10149,#10151,.F.);
#8463=FILL_AREA_STYLE('',(#10152));
#8464=EDGE_CURVE('8:40421',#10140,#10145,#10153,.F.);
#8465=EDGE_CURVE('8:40433',#10149,#10136,#10154,.F.);
#8466=FILL_AREA_STYLE('',(#10155));
#8467=EDGE_CURVE('23:8269',#10138,#10144,#10156,.T.);
#8468=FILL_AREA_STYLE('',(#10157));
#8469=EDGE_CURVE('157:22533',#10147,#10135,#10158,.T.);
#8470=FILL_AREA_STYLE('',(#10159));
#8471=FILL_AREA_STYLE('',(#10160));
#8472=EDGE_CURVE('8:40365',#10161,#10162,#10163,.T.);
#8473=EDGE_CURVE('157:22548',#10161,#10164,#10165,.T.);
#8474=EDGE_CURVE('8:40359',#10164,#10166,#10167,.T.);
#8475=EDGE_CURVE('8:40362',#10162,#10166,#10168,.F.);
#8476=FILL_AREA_STYLE('',(#10169));
#8477=EDGE_CURVE('8:40377',#10170,#10171,#10172,.T.);
#8478=EDGE_CURVE('157:22542',#10170,#10173,#10174,.T.);
#8479=EDGE_CURVE('8:40371',#10173,#10175,#10176,.T.);
#8480=EDGE_CURVE('8:40374',#10171,#10175,#10177,.F.);
#8481=FILL_AREA_STYLE('',(#10178));
#8482=EDGE_CURVE('8:40356',#10166,#10171,#10179,.F.);
#8483=EDGE_CURVE('8:40368',#10175,#10162,#10180,.F.);
#8484=FILL_AREA_STYLE('',(#10181));
#8485=EDGE_CURVE('23:8281',#10164,#10170,#10182,.T.);
#8486=FILL_AREA_STYLE('',(#10183));
#8487=EDGE_CURVE('157:22545',#10173,#10161,#10184,.T.);
#8488=FILL_AREA_STYLE('',(#10185));
#8489=FILL_AREA_STYLE('',(#10186));
#8490=EDGE_CURVE('157:22551',#10187,#10187,#10188,.F.);
#8491=FILL_AREA_STYLE('',(#10189));
#8492=EDGE_CURVE('8:40321',#10190,#10190,#10191,.F.);
#8493=FILL_AREA_STYLE('',(#10192));
#8494=FILL_AREA_STYLE('',(#10193));
#8495=EDGE_CURVE('8:40277',#10194,#10195,#10196,.F.);
#8496=EDGE_CURVE('8:40271',#10195,#10197,#10198,.F.);
#8497=EDGE_CURVE('8:40265',#10197,#10199,#10200,.F.);
#8498=EDGE_CURVE('8:40283',#10199,#10194,#10201,.F.);
#8499=FILL_AREA_STYLE('',(#10202));
#8500=EDGE_CURVE('8:40274',#10203,#10195,#10204,.T.);
#8501=EDGE_CURVE('23:8296',#10203,#10205,#10206,.T.);
#8502=EDGE_CURVE('8:40268',#10205,#10197,#10207,.T.);
#8503=FILL_AREA_STYLE('',(#10208));
#8504=EDGE_CURVE('8:40286',#10209,#10199,#10210,.T.);
#8505=EDGE_CURVE('157:22560',#10209,#10211,#10212,.T.);
#8506=EDGE_CURVE('8:40280',#10211,#10194,#10213,.T.);
#8507=FILL_AREA_STYLE('',(#10214));
#8508=EDGE_CURVE('157:22563',#10211,#10203,#10215,.T.);
#8509=FILL_AREA_STYLE('',(#10216));
#8510=EDGE_CURVE('157:22557',#10205,#10209,#10217,.T.);
#8511=FILL_AREA_STYLE('',(#10218));
#8512=FILL_AREA_STYLE('',(#10219));
#8513=EDGE_CURVE('8:40212',#10220,#10221,#10222,.F.);
#8514=EDGE_CURVE('8:40206',#10221,#10223,#10224,.F.);
#8515=EDGE_CURVE('8:40200',#10223,#10225,#10226,.F.);
#8516=EDGE_CURVE('8:40218',#10225,#10220,#10227,.F.);
#8517=FILL_AREA_STYLE('',(#10228));
#8518=EDGE_CURVE('8:40209',#10229,#10221,#10230,.T.);
#8519=EDGE_CURVE('23:8308',#10229,#10231,#10232,.T.);
#8520=EDGE_CURVE('8:40203',#10231,#10223,#10233,.T.);
#8521=FILL_AREA_STYLE('',(#10234));
#8522=EDGE_CURVE('8:40221',#10235,#10225,#10236,.T.);
#8523=EDGE_CURVE('157:22572',#10235,#10237,#10238,.T.);
#8524=EDGE_CURVE('8:40215',#10237,#10220,#10239,.T.);
#8525=FILL_AREA_STYLE('',(#10240));
#8526=EDGE_CURVE('157:22575',#10237,#10229,#10241,.T.);
#8527=FILL_AREA_STYLE('',(#10242));
#8528=EDGE_CURVE('157:22569',#10231,#10235,#10243,.T.);
#8529=FILL_AREA_STYLE('',(#10244));
#8530=FILL_AREA_STYLE_COLOUR('',#10245);
#8531=VERTEX_POINT('',#10246);
#8532=VERTEX_POINT('',#10247);
#8533=LINE('',#10248,#10249);
#8534=VERTEX_POINT('',#10250);
#8535=LINE('',#10251,#10252);
#8536=VERTEX_POINT('',#10253);
#8537=LINE('',#10254,#10255);
#8538=LINE('',#10256,#10257);
#8539=FILL_AREA_STYLE_COLOUR('',#10258);
#8540=VERTEX_POINT('',#10259);
#8541=LINE('',#10260,#10261);
#8542=VERTEX_POINT('',#10262);
#8543=LINE('',#10263,#10264);
#8544=LINE('',#10265,#10266);
#8545=FILL_AREA_STYLE_COLOUR('',#10267);
#8546=VERTEX_POINT('',#10268);
#8547=VERTEX_POINT('',#10269);
#8548=LINE('',#10270,#10271);
#8549=LINE('',#10272,#10273);
#8550=LINE('',#10274,#10275);
#8551=FILL_AREA_STYLE_COLOUR('',#10276);
#8552=VERTEX_POINT('',#10277);
#8553=VERTEX_POINT('',#10278);
#8554=LINE('',#10279,#10280);
#8555=VERTEX_POINT('',#10281);
#8556=LINE('',#10282,#10283);
#8557=VERTEX_POINT('',#10284);
#8558=LINE('',#10285,#10286);
#8559=VERTEX_POINT('',#10287);
#8560=LINE('',#10288,#10289);
#8561=VERTEX_POINT('',#10290);
#8562=LINE('',#10291,#10292);
#8563=VERTEX_POINT('',#10293);
#8564=LINE('',#10294,#10295);
#8565=VERTEX_POINT('',#10296);
#8566=LINE('',#10297,#10298);
#8567=LINE('',#10299,#10300);
#8568=VERTEX_POINT('',#10301);
#8569=VERTEX_POINT('',#10302);
#8570=LINE('',#10303,#10304);
#8571=VERTEX_POINT('',#10305);
#8572=LINE('',#10306,#10307);
#8573=VERTEX_POINT('',#10308);
#8574=LINE('',#10309,#10310);
#8575=VERTEX_POINT('',#10311);
#8576=LINE('',#10312,#10313);
#8577=VERTEX_POINT('',#10314);
#8578=LINE('',#10315,#10316);
#8579=VERTEX_POINT('',#10317);
#8580=LINE('',#10318,#10319);
#8581=VERTEX_POINT('',#10320);
#8582=LINE('',#10321,#10322);
#8583=LINE('',#10323,#10324);
#8584=FILL_AREA_STYLE_COLOUR('',#10325);
#8585=VERTEX_POINT('',#10326);
#8586=LINE('',#10327,#10328);
#8587=VERTEX_POINT('',#10329);
#8588=LINE('',#10330,#10331);
#8589=LINE('',#10332,#10333);
#8590=FILL_AREA_STYLE_COLOUR('',#10334);
#8591=VERTEX_POINT('',#10335);
#8592=LINE('',#10336,#10337);
#8593=LINE('',#10338,#10339);
#8594=FILL_AREA_STYLE_COLOUR('',#10340);
#8595=VERTEX_POINT('',#10341);
#8596=LINE('',#10342,#10343);
#8597=LINE('',#10344,#10345);
#8598=FILL_AREA_STYLE_COLOUR('',#10346);
#8599=VERTEX_POINT('',#10347);
#8600=LINE('',#10348,#10349);
#8601=VERTEX_POINT('',#10350);
#8602=LINE('',#10351,#10352);
#8603=LINE('',#10353,#10354);
#8604=FILL_AREA_STYLE_COLOUR('',#10355);
#8605=VERTEX_POINT('',#10356);
#8606=LINE('',#10357,#10358);
#8607=LINE('',#10359,#10360);
#8608=FILL_AREA_STYLE_COLOUR('',#10361);
#8609=VERTEX_POINT('',#10362);
#8610=LINE('',#10363,#10364);
#8611=LINE('',#10365,#10366);
#8612=FILL_AREA_STYLE_COLOUR('',#10367);
#8613=VERTEX_POINT('',#10368);
#8614=LINE('',#10369,#10370);
#8615=LINE('',#10371,#10372);
#8616=LINE('',#10373,#10374);
#8617=FILL_AREA_STYLE_COLOUR('',#10375);
#8618=LINE('',#10376,#10377);
#8619=FILL_AREA_STYLE_COLOUR('',#10378);
#8620=VERTEX_POINT('',#10379);
#8621=LINE('',#10380,#10381);
#8622=LINE('',#10382,#10383);
#8623=FILL_AREA_STYLE_COLOUR('',#10384);
#8624=LINE('',#10385,#10386);
#8625=FILL_AREA_STYLE_COLOUR('',#10387);
#8626=VERTEX_POINT('',#10388);
#8627=LINE('',#10389,#10390);
#8628=LINE('',#10391,#10392);
#8629=FILL_AREA_STYLE_COLOUR('',#10393);
#8630=LINE('',#10394,#10395);
#8631=FILL_AREA_STYLE_COLOUR('',#10396);
#8632=VERTEX_POINT('',#10397);
#8633=LINE('',#10398,#10399);
#8634=LINE('',#10400,#10401);
#8635=FILL_AREA_STYLE_COLOUR('',#10402);
#8636=LINE('',#10403,#10404);
#8637=FILL_AREA_STYLE_COLOUR('',#10405);
#8638=VERTEX_POINT('',#10406);
#8639=VERTEX_POINT('',#10407);
#8640=LINE('',#10408,#10409);
#8641=VERTEX_POINT('',#10410);
#8642=LINE('',#10411,#10412);
#8643=VERTEX_POINT('',#10413);
#8644=LINE('',#10414,#10415);
#8645=VERTEX_POINT('',#10416);
#8646=LINE('',#10417,#10418);
#8647=VERTEX_POINT('',#10419);
#8648=LINE('',#10420,#10421);
#8649=VERTEX_POINT('',#10422);
#8650=LINE('',#10423,#10424);
#8651=VERTEX_POINT('',#10425);
#8652=LINE('',#10426,#10427);
#8653=LINE('',#10428,#10429);
#8654=FILL_AREA_STYLE_COLOUR('',#10430);
#8655=LINE('',#10431,#10432);
#8656=LINE('',#10433,#10434);
#8657=FILL_AREA_STYLE_COLOUR('',#10435);
#8658=LINE('',#10436,#10437);
#8659=FILL_AREA_STYLE_COLOUR('',#10438);
#8660=LINE('',#10439,#10440);
#8661=FILL_AREA_STYLE_COLOUR('',#10441);
#8662=LINE('',#10442,#10443);
#8663=LINE('',#10444,#10445);
#8664=FILL_AREA_STYLE_COLOUR('',#10446);
#8665=LINE('',#10447,#10448);
#8666=FILL_AREA_STYLE_COLOUR('',#10449);
#8667=LINE('',#10450,#10451);
#8668=FILL_AREA_STYLE_COLOUR('',#10452);
#8669=LINE('',#10453,#10454);
#8670=FILL_AREA_STYLE_COLOUR('',#10455);
#8671=LINE('',#10456,#10457);
#8672=FILL_AREA_STYLE_COLOUR('',#10458);
#8673=FILL_AREA_STYLE_COLOUR('',#10459);
#8674=FILL_AREA_STYLE_COLOUR('',#10460);
#8675=VERTEX_POINT('',#10461);
#8676=LINE('',#10462,#10463);
#8677=VERTEX_POINT('',#10464);
#8678=LINE('',#10465,#10466);
#8679=LINE('',#10467,#10468);
#8680=FILL_AREA_STYLE_COLOUR('',#10469);
#8681=VERTEX_POINT('',#10470);
#8682=LINE('',#10471,#10472);
#8683=LINE('',#10473,#10474);
#8684=FILL_AREA_STYLE_COLOUR('',#10475);
#8685=VERTEX_POINT('',#10476);
#8686=LINE('',#10477,#10478);
#8687=LINE('',#10479,#10480);
#8688=FILL_AREA_STYLE_COLOUR('',#10481);
#8689=LINE('',#10482,#10483);
#8690=FILL_AREA_STYLE_COLOUR('',#10484);
#8691=LINE('',#10485,#10486);
#8692=FILL_AREA_STYLE_COLOUR('',#10487);
#8693=FILL_AREA_STYLE_COLOUR('',#10488);
#8694=VERTEX_POINT('',#10489);
#8695=VERTEX_POINT('',#10490);
#8696=CIRCLE('',#10491,0.001);
#8697=VERTEX_POINT('',#10492);
#8698=B_SPLINE_CURVE_WITH_KNOTS('',3,(#10493,#10494,#10495,#10496,#10497,#10498),.UNSPECIFIED.,.F.,.F.,(4,2,4),(0.0,0.000923646857530845,0.00184729371506169),.UNSPECIFIED.);
#8699=VERTEX_POINT('',#10499);
#8700=CIRCLE('',#10500,0.001);
#8701=LINE('',#10501,#10502);
#8702=FILL_AREA_STYLE_COLOUR('',#10503);
#8703=VERTEX_POINT('',#10504);
#8704=VERTEX_POINT('',#10505);
#8705=CIRCLE('',#10506,0.001);
#8706=CIRCLE('',#10507,0.00499999999599682);
#8707=CIRCLE('',#10508,0.00599999999599682);
#8708=FILL_AREA_STYLE_COLOUR('',#10509);
#8709=VERTEX_POINT('',#10510);
#8710=VERTEX_POINT('',#10511);
#8711=ELLIPSE('',#10512,0.00141421356237309,0.001);
#8712=LINE('',#10513,#10514);
#8713=LINE('',#10515,#10516);
#8714=FILL_AREA_STYLE_COLOUR('',#10517);
#8715=VERTEX_POINT('',#10518);
#8716=VERTEX_POINT('',#10519);
#8717=ELLIPSE('',#10520,0.00141421356237309,0.001);
#8718=LINE('',#10521,#10522);
#8719=LINE('',#10523,#10524);
#8720=FILL_AREA_STYLE_COLOUR('',#10525);
#8721=VERTEX_POINT('',#10526);
#8722=VERTEX_POINT('',#10527);
#8723=LINE('',#10528,#10529);
#8724=VERTEX_POINT('',#10530);
#8725=LINE('',#10531,#10532);
#8726=VERTEX_POINT('',#10533);
#8727=ELLIPSE('',#10534,0.00141421356237309,0.001);
#8728=LINE('',#10535,#10536);
#8729=FILL_AREA_STYLE_COLOUR('',#10537);
#8730=VERTEX_POINT('',#10538);
#8731=VERTEX_POINT('',#10539);
#8732=LINE('',#10540,#10541);
#8733=LINE('',#10542,#10543);
#8734=LINE('',#10544,#10545);
#8735=FILL_AREA_STYLE_COLOUR('',#10546);
#8736=VERTEX_POINT('',#10547);
#8737=VERTEX_POINT('',#10548);
#8738=B_SPLINE_CURVE_WITH_KNOTS('',3,(#10549,#10550,#10551,#10552,#10553,#10554),.UNSPECIFIED.,.F.,.F.,(4,2,4),(0.0,0.0011065665783618,0.0022131331567236),.UNSPECIFIED.);
#8739=CIRCLE('',#10555,0.00599999999599683);
#8740=VERTEX_POINT('',#10556);
#8741=CIRCLE('',#10557,0.00499999999599682);
#8742=VERTEX_POINT('',#10558);
#8743=LINE('',#10559,#10560);
#8744=CIRCLE('',#10561,0.00599999999599683);
#8745=FILL_AREA_STYLE_COLOUR('',#10562);
#8746=VERTEX_POINT('',#10563);
#8747=VERTEX_POINT('',#10564);
#8748=LINE('',#10565,#10566);
#8749=VERTEX_POINT('',#10567);
#8750=LINE('',#10568,#10569);
#8751=LINE('',#10570,#10571);
#8752=VERTEX_POINT('',#10572);
#8753=LINE('',#10573,#10574);
#8754=LINE('',#10575,#10576);
#8755=FILL_AREA_STYLE_COLOUR('',#10577);
#8756=VERTEX_POINT('',#10578);
#8757=LINE('',#10579,#10580);
#8758=VERTEX_POINT('',#10581);
#8759=LINE('',#10582,#10583);
#8760=VERTEX_POINT('',#10584);
#8761=LINE('',#10585,#10586);
#8762=VERTEX_POINT('',#10587);
#8763=LINE('',#10588,#10589);
#8764=LINE('',#10590,#10591);
#8765=FILL_AREA_STYLE_COLOUR('',#10592);
#8766=VERTEX_POINT('',#10593);
#8767=VERTEX_POINT('',#10594);
#8768=LINE('',#10595,#10596);
#8769=VERTEX_POINT('',#10597);
#8770=LINE('',#10598,#10599);
#8771=VERTEX_POINT('',#10600);
#8772=LINE('',#10601,#10602);
#8773=LINE('',#10603,#10604);
#8774=FILL_AREA_STYLE_COLOUR('',#10605);
#8775=VERTEX_POINT('',#10606);
#8776=CIRCLE('',#10607,0.002);
#8777=VERTEX_POINT('',#10608);
#8778=LINE('',#10609,#10610);
#8779=CIRCLE('',#10611,0.002);
#8780=FILL_AREA_STYLE_COLOUR('',#10612);
#8781=VERTEX_POINT('',#10613);
#8782=CIRCLE('',#10614,0.002);
#8783=VERTEX_POINT('',#10615);
#8784=CIRCLE('',#10616,0.002);
#8785=LINE('',#10617,#10618);
#8786=FILL_AREA_STYLE_COLOUR('',#10619);
#8787=VERTEX_POINT('',#10620);
#8788=LINE('',#10621,#10622);
#8789=VERTEX_POINT('',#10623);
#8790=LINE('',#10624,#10625);
#8791=LINE('',#10626,#10627);
#8792=FILL_AREA_STYLE_COLOUR('',#10628);
#8793=VERTEX_POINT('',#10629);
#8794=LINE('',#10630,#10631);
#8795=VERTEX_POINT('',#10632);
#8796=LINE('',#10633,#10634);
#8797=LINE('',#10635,#10636);
#8798=FILL_AREA_STYLE_COLOUR('',#10637);
#8799=VERTEX_POINT('',#10638);
#8800=CIRCLE('',#10639,0.002);
#8801=VERTEX_POINT('',#10640);
#8802=LINE('',#10641,#10642);
#8803=CIRCLE('',#10643,0.002);
#8804=FILL_AREA_STYLE_COLOUR('',#10644);
#8805=VERTEX_POINT('',#10645);
#8806=CIRCLE('',#10646,0.002);
#8807=VERTEX_POINT('',#10647);
#8808=CIRCLE('',#10648,0.002);
#8809=LINE('',#10649,#10650);
#8810=FILL_AREA_STYLE_COLOUR('',#10651);
#8811=LINE('',#10652,#10653);
#8812=LINE('',#10654,#10655);
#8813=FILL_AREA_STYLE_COLOUR('',#10656);
#8814=VERTEX_POINT('',#10657);
#8815=CIRCLE('',#10658,0.0023);
#8816=VERTEX_POINT('',#10659);
#8817=CIRCLE('',#10660,0.0023);
#8818=FILL_AREA_STYLE_COLOUR('',#10661);
#8819=VERTEX_POINT('',#10662);
#8820=CIRCLE('',#10663,0.0014);
#8821=FILL_AREA_STYLE_COLOUR('',#10664);
#8822=VERTEX_POINT('',#10665);
#8823=CIRCLE('',#10666,0.0014);
#8824=FILL_AREA_STYLE_COLOUR('',#10667);
#8825=VERTEX_POINT('',#10668);
#8826=CIRCLE('',#10669,0.0023);
#8827=VERTEX_POINT('',#10670);
#8828=CIRCLE('',#10671,0.0023);
#8829=FILL_AREA_STYLE_COLOUR('',#10672);
#8830=VERTEX_POINT('',#10673);
#8831=CIRCLE('',#10674,0.0014);
#8832=FILL_AREA_STYLE_COLOUR('',#10675);
#8833=VERTEX_POINT('',#10676);
#8834=CIRCLE('',#10677,0.0014);
#8835=FILL_AREA_STYLE_COLOUR('',#10678);
#8836=VERTEX_POINT('',#10679);
#8837=CIRCLE('',#10680,0.0023);
#8838=VERTEX_POINT('',#10681);
#8839=CIRCLE('',#10682,0.0014);
#8840=FILL_AREA_STYLE_COLOUR('',#10683);
#8841=VERTEX_POINT('',#10684);
#8842=CIRCLE('',#10685,0.0014);
#8843=FILL_AREA_STYLE_COLOUR('',#10686);
#8844=VERTEX_POINT('',#10687);
#8845=CIRCLE('',#10688,0.0023);
#8846=FILL_AREA_STYLE_COLOUR('',#10689);
#8847=VERTEX_POINT('',#10690);
#8848=CIRCLE('',#10691,0.0014);
#8849=VERTEX_POINT('',#10692);
#8850=CIRCLE('',#10693,0.0014);
#8851=FILL_AREA_STYLE_COLOUR('',#10694);
#8852=VERTEX_POINT('',#10695);
#8853=CIRCLE('',#10696,0.0023);
#8854=FILL_AREA_STYLE_COLOUR('',#10697);
#8855=VERTEX_POINT('',#10698);
#8856=CIRCLE('',#10699,0.0023);
#8857=FILL_AREA_STYLE_COLOUR('',#10700);
#8858=VERTEX_POINT('',#10701);
#8859=VERTEX_POINT('',#10702);
#8860=LINE('',#10703,#10704);
#8861=VERTEX_POINT('',#10705);
#8862=LINE('',#10706,#10707);
#8863=VERTEX_POINT('',#10708);
#8864=LINE('',#10709,#10710);
#8865=VERTEX_POINT('',#10711);
#8866=LINE('',#10712,#10713);
#8867=LINE('',#10714,#10715);
#8868=FILL_AREA_STYLE_COLOUR('',#10716);
#8869=VERTEX_POINT('',#10717);
#8870=VERTEX_POINT('',#10718);
#8871=LINE('',#10719,#10720);
#8872=LINE('',#10721,#10722);
#8873=LINE('',#10723,#10724);
#8874=FILL_AREA_STYLE_COLOUR('',#10725);
#8875=VERTEX_POINT('',#10726);
#8876=VERTEX_POINT('',#10727);
#8877=LINE('',#10728,#10729);
#8878=VERTEX_POINT('',#10730);
#8879=LINE('',#10731,#10732);
#8880=LINE('',#10733,#10734);
#8881=LINE('',#10735,#10736);
#8882=FILL_AREA_STYLE_COLOUR('',#10737);
#8883=VERTEX_POINT('',#10738);
#8884=LINE('',#10739,#10740);
#8885=VERTEX_POINT('',#10741);
#8886=LINE('',#10742,#10743);
#8887=LINE('',#10744,#10745);
#8888=LINE('',#10746,#10747);
#8889=FILL_AREA_STYLE_COLOUR('',#10748);
#8890=VERTEX_POINT('',#10749);
#8891=LINE('',#10750,#10751);
#8892=VERTEX_POINT('',#10752);
#8893=LINE('',#10753,#10754);
#8894=LINE('',#10755,#10756);
#8895=FILL_AREA_STYLE_COLOUR('',#10757);
#8896=VERTEX_POINT('',#10758);
#8897=LINE('',#10759,#10760);
#8898=LINE('',#10761,#10762);
#8899=FILL_AREA_STYLE_COLOUR('',#10763);
#8900=VERTEX_POINT('',#10764);
#8901=LINE('',#10765,#10766);
#8902=LINE('',#10767,#10768);
#8903=FILL_AREA_STYLE_COLOUR('',#10769);
#8904=LINE('',#10770,#10771);
#8905=FILL_AREA_STYLE_COLOUR('',#10772);
#8906=VERTEX_POINT('',#10773);
#8907=VERTEX_POINT('',#10774);
#8908=LINE('',#10775,#10776);
#8909=VERTEX_POINT('',#10777);
#8910=LINE('',#10778,#10779);
#8911=VERTEX_POINT('',#10780);
#8912=LINE('',#10781,#10782);
#8913=LINE('',#10783,#10784);
#8914=FILL_AREA_STYLE_COLOUR('',#10785);
#8915=VERTEX_POINT('',#10786);
#8916=CIRCLE('',#10787,0.005);
#8917=VERTEX_POINT('',#10788);
#8918=LINE('',#10789,#10790);
#8919=CIRCLE('',#10791,0.005);
#8920=FILL_AREA_STYLE_COLOUR('',#10792);
#8921=VERTEX_POINT('',#10793);
#8922=LINE('',#10794,#10795);
#8923=LINE('',#10796,#10797);
#8924=VERTEX_POINT('',#10798);
#8925=CIRCLE('',#10799,0.0014);
#8926=FILL_AREA_STYLE_COLOUR('',#10800);
#8927=VERTEX_POINT('',#10801);
#8928=CIRCLE('',#10802,0.0014);
#8929=FILL_AREA_STYLE_COLOUR('',#10803);
#8930=FILL_AREA_STYLE_COLOUR('',#10804);
#8931=VERTEX_POINT('',#10805);
#8932=LINE('',#10806,#10807);
#8933=LINE('',#10808,#10809);
#8934=FILL_AREA_STYLE_COLOUR('',#10810);
#8935=VERTEX_POINT('',#10811);
#8936=CIRCLE('',#10812,0.0014);
#8937=VERTEX_POINT('',#10813);
#8938=VERTEX_POINT('',#10814);
#8939=CIRCLE('',#10815,0.005);
#8940=VERTEX_POINT('',#10816);
#8941=LINE('',#10817,#10818);
#8942=VERTEX_POINT('',#10819);
#8943=LINE('',#10820,#10821);
#8944=LINE('',#10822,#10823);
#8945=FILL_AREA_STYLE_COLOUR('',#10824);
#8946=VERTEX_POINT('',#10825);
#8947=LINE('',#10826,#10827);
#8948=VERTEX_POINT('',#10828);
#8949=CIRCLE('',#10829,0.005);
#8950=LINE('',#10830,#10831);
#8951=FILL_AREA_STYLE_COLOUR('',#10832);
#8952=VERTEX_POINT('',#10833);
#8953=LINE('',#10834,#10835);
#8954=LINE('',#10836,#10837);
#8955=FILL_AREA_STYLE_COLOUR('',#10838);
#8956=VERTEX_POINT('',#10839);
#8957=LINE('',#10840,#10841);
#8958=LINE('',#10842,#10843);
#8959=FILL_AREA_STYLE_COLOUR('',#10844);
#8960=VERTEX_POINT('',#10845);
#8961=CIRCLE('',#10846,0.0014);
#8962=FILL_AREA_STYLE_COLOUR('',#10847);
#8963=FILL_AREA_STYLE_COLOUR('',#10848);
#8964=VERTEX_POINT('',#10849);
#8965=VERTEX_POINT('',#10850);
#8966=LINE('',#10851,#10852);
#8967=VERTEX_POINT('',#10853);
#8968=CIRCLE('',#10854,0.02);
#8969=VERTEX_POINT('',#10855);
#8970=LINE('',#10856,#10857);
#8971=CIRCLE('',#10858,0.02);
#8972=FILL_AREA_STYLE_COLOUR('',#10859);
#8973=VERTEX_POINT('',#10860);
#8974=VERTEX_POINT('',#10861);
#8975=LINE('',#10862,#10863);
#8976=CIRCLE('',#10864,0.001);
#8977=CIRCLE('',#10865,0.001);
#8978=FILL_AREA_STYLE_COLOUR('',#10866);
#8979=VERTEX_POINT('',#10867);
#8980=CIRCLE('',#10868,0.001);
#8981=VERTEX_POINT('',#10869);
#8982=LINE('',#10870,#10871);
#8983=CIRCLE('',#10872,0.001);
#8984=FILL_AREA_STYLE_COLOUR('',#10873);
#8985=CIRCLE('',#10874,0.018);
#8986=CIRCLE('',#10875,0.018);
#8987=FILL_AREA_STYLE_COLOUR('',#10876);
#8988=VERTEX_POINT('',#10877);
#8989=VERTEX_POINT('',#10878);
#8990=LINE('',#10879,#10880);
#8991=VERTEX_POINT('',#10881);
#8992=CIRCLE('',#10882,0.014);
#8993=VERTEX_POINT('',#10883);
#8994=LINE('',#10884,#10885);
#8995=CIRCLE('',#10886,0.014);
#8996=FILL_AREA_STYLE_COLOUR('',#10887);
#8997=VERTEX_POINT('',#10888);
#8998=VERTEX_POINT('',#10889);
#8999=LINE('',#10890,#10891);
#9000=CIRCLE('',#10892,0.001);
#9001=CIRCLE('',#10893,0.001);
#9002=FILL_AREA_STYLE_COLOUR('',#10894);
#9003=VERTEX_POINT('',#10895);
#9004=CIRCLE('',#10896,0.001);
#9005=VERTEX_POINT('',#10897);
#9006=LINE('',#10898,#10899);
#9007=CIRCLE('',#10900,0.001);
#9008=FILL_AREA_STYLE_COLOUR('',#10901);
#9009=CIRCLE('',#10902,0.012);
#9010=CIRCLE('',#10903,0.012);
#9011=FILL_AREA_STYLE_COLOUR('',#10904);
#9012=VERTEX_POINT('',#10905);
#9013=VERTEX_POINT('',#10906);
#9014=LINE('',#10907,#10908);
#9015=VERTEX_POINT('',#10909);
#9016=CIRCLE('',#10910,0.009);
#9017=VERTEX_POINT('',#10911);
#9018=LINE('',#10912,#10913);
#9019=CIRCLE('',#10914,0.009);
#9020=FILL_AREA_STYLE_COLOUR('',#10915);
#9021=VERTEX_POINT('',#10916);
#9022=VERTEX_POINT('',#10917);
#9023=LINE('',#10918,#10919);
#9024=CIRCLE('',#10920,0.001);
#9025=CIRCLE('',#10921,0.001);
#9026=FILL_AREA_STYLE_COLOUR('',#10922);
#9027=VERTEX_POINT('',#10923);
#9028=CIRCLE('',#10924,0.001);
#9029=VERTEX_POINT('',#10925);
#9030=LINE('',#10926,#10927);
#9031=CIRCLE('',#10928,0.001);
#9032=FILL_AREA_STYLE_COLOUR('',#10929);
#9033=CIRCLE('',#10930,0.007);
#9034=CIRCLE('',#10931,0.007);
#9035=FILL_AREA_STYLE_COLOUR('',#10932);
#9036=VERTEX_POINT('',#10933);
#9037=CIRCLE('',#10934,0.003);
#9038=VERTEX_POINT('',#10935);
#9039=CIRCLE('',#10936,0.003);
#9040=FILL_AREA_STYLE_COLOUR('',#10937);
#9041=VERTEX_POINT('',#10938);
#9042=VERTEX_POINT('',#10939);
#9043=LINE('',#10940,#10941);
#9044=VERTEX_POINT('',#10942);
#9045=CIRCLE('',#10943,0.007);
#9046=VERTEX_POINT('',#10944);
#9047=LINE('',#10945,#10946);
#9048=CIRCLE('',#10947,0.007);
#9049=FILL_AREA_STYLE_COLOUR('',#10948);
#9050=VERTEX_POINT('',#10949);
#9051=VERTEX_POINT('',#10950);
#9052=LINE('',#10951,#10952);
#9053=CIRCLE('',#10953,0.001);
#9054=CIRCLE('',#10954,0.001);
#9055=FILL_AREA_STYLE_COLOUR('',#10955);
#9056=VERTEX_POINT('',#10956);
#9057=CIRCLE('',#10957,0.000999999999999999);
#9058=VERTEX_POINT('',#10958);
#9059=LINE('',#10959,#10960);
#9060=CIRCLE('',#10961,0.000999999999999999);
#9061=FILL_AREA_STYLE_COLOUR('',#10962);
#9062=CIRCLE('',#10963,0.009);
#9063=CIRCLE('',#10964,0.009);
#9064=FILL_AREA_STYLE_COLOUR('',#10965);
#9065=VERTEX_POINT('',#10966);
#9066=VERTEX_POINT('',#10967);
#9067=LINE('',#10968,#10969);
#9068=VERTEX_POINT('',#10970);
#9069=CIRCLE('',#10971,0.012);
#9070=VERTEX_POINT('',#10972);
#9071=LINE('',#10973,#10974);
#9072=CIRCLE('',#10975,0.012);
#9073=FILL_AREA_STYLE_COLOUR('',#10976);
#9074=VERTEX_POINT('',#10977);
#9075=VERTEX_POINT('',#10978);
#9076=LINE('',#10979,#10980);
#9077=CIRCLE('',#10981,0.00100000000000001);
#9078=CIRCLE('',#10982,0.00100000000000001);
#9079=FILL_AREA_STYLE_COLOUR('',#10983);
#9080=VERTEX_POINT('',#10984);
#9081=CIRCLE('',#10985,0.000999999999999995);
#9082=VERTEX_POINT('',#10986);
#9083=LINE('',#10987,#10988);
#9084=CIRCLE('',#10989,0.000999999999999995);
#9085=FILL_AREA_STYLE_COLOUR('',#10990);
#9086=CIRCLE('',#10991,0.014);
#9087=CIRCLE('',#10992,0.014);
#9088=FILL_AREA_STYLE_COLOUR('',#10993);
#9089=VERTEX_POINT('',#10994);
#9090=VERTEX_POINT('',#10995);
#9091=LINE('',#10996,#10997);
#9092=VERTEX_POINT('',#10998);
#9093=CIRCLE('',#10999,0.018);
#9094=VERTEX_POINT('',#11000);
#9095=LINE('',#11001,#11002);
#9096=CIRCLE('',#11003,0.018);
#9097=FILL_AREA_STYLE_COLOUR('',#11004);
#9098=VERTEX_POINT('',#11005);
#9099=VERTEX_POINT('',#11006);
#9100=LINE('',#11007,#11008);
#9101=CIRCLE('',#11009,0.001);
#9102=CIRCLE('',#11010,0.001);
#9103=FILL_AREA_STYLE_COLOUR('',#11011);
#9104=VERTEX_POINT('',#11012);
#9105=CIRCLE('',#11013,0.000999999999999994);
#9106=VERTEX_POINT('',#11014);
#9107=LINE('',#11015,#11016);
#9108=CIRCLE('',#11017,0.000999999999999994);
#9109=FILL_AREA_STYLE_COLOUR('',#11018);
#9110=CIRCLE('',#11019,0.02);
#9111=CIRCLE('',#11020,0.02);
#9112=FILL_AREA_STYLE_COLOUR('',#11021);
#9113=VERTEX_POINT('',#11022);
#9114=VERTEX_POINT('',#11023);
#9115=LINE('',#11024,#11025);
#9116=VERTEX_POINT('',#11026);
#9117=LINE('',#11027,#11028);
#9118=VERTEX_POINT('',#11029);
#9119=LINE('',#11030,#11031);
#9120=LINE('',#11032,#11033);
#9121=FILL_AREA_STYLE_COLOUR('',#11034);
#9122=CIRCLE('',#11035,0.00199999933505552);
#9123=CIRCLE('',#11036,0.00199999933505552);
#9124=FILL_AREA_STYLE_COLOUR('',#11037);
#9125=CIRCLE('',#11038,0.00199999933505552);
#9126=CIRCLE('',#11039,0.00199999933505552);
#9127=FILL_AREA_STYLE_COLOUR('',#11040);
#9128=VERTEX_POINT('',#11041);
#9129=VERTEX_POINT('',#11042);
#9130=CIRCLE('',#11043,0.001);
#9131=VERTEX_POINT('',#11044);
#9132=CIRCLE('',#11045,0.0035);
#9133=VERTEX_POINT('',#11046);
#9134=CIRCLE('',#11047,0.001);
#9135=CIRCLE('',#11048,0.0025);
#9136=FILL_AREA_STYLE_COLOUR('',#11049);
#9137=VERTEX_POINT('',#11050);
#9138=LINE('',#11051,#11052);
#9139=VERTEX_POINT('',#11053);
#9140=ELLIPSE('',#11054,0.00141421356237309,0.001);
#9141=LINE('',#11055,#11056);
#9142=FILL_AREA_STYLE_COLOUR('',#11057);
#9143=VERTEX_POINT('',#11058);
#9144=VERTEX_POINT('',#11059);
#9145=ELLIPSE('',#11060,0.00141421356237309,0.001);
#9146=LINE('',#11061,#11062);
#9147=LINE('',#11063,#11064);
#9148=FILL_AREA_STYLE_COLOUR('',#11065);
#9149=VERTEX_POINT('',#11066);
#9150=VERTEX_POINT('',#11067);
#9151=ELLIPSE('',#11068,0.00141421356237309,0.001);
#9152=LINE('',#11069,#11070);
#9153=LINE('',#11071,#11072);
#9154=FILL_AREA_STYLE_COLOUR('',#11073);
#9155=VERTEX_POINT('',#11074);
#9156=LINE('',#11075,#11076);
#9157=VERTEX_POINT('',#11077);
#9158=LINE('',#11078,#11079);
#9159=CIRCLE('',#11080,0.001);
#9160=FILL_AREA_STYLE_COLOUR('',#11081);
#9161=VERTEX_POINT('',#11082);
#9162=VERTEX_POINT('',#11083);
#9163=CIRCLE('',#11084,0.001);
#9164=LINE('',#11085,#11086);
#9165=LINE('',#11087,#11088);
#9166=FILL_AREA_STYLE_COLOUR('',#11089);
#9167=VERTEX_POINT('',#11090);
#9168=VERTEX_POINT('',#11091);
#9169=CIRCLE('',#11092,0.001);
#9170=CIRCLE('',#11093,0.00399999999599683);
#9171=CIRCLE('',#11094,0.00499999999599683);
#9172=FILL_AREA_STYLE_COLOUR('',#11095);
#9173=VERTEX_POINT('',#11096);
#9174=VERTEX_POINT('',#11097);
#9175=CIRCLE('',#11098,0.001);
#9176=CIRCLE('',#11099,0.0035);
#9177=CIRCLE('',#11100,0.0025);
#9178=FILL_AREA_STYLE_COLOUR('',#11101);
#9179=VERTEX_POINT('',#11102);
#9180=VERTEX_POINT('',#11103);
#9181=ELLIPSE('',#11104,0.00141421356237309,0.001);
#9182=LINE('',#11105,#11106);
#9183=LINE('',#11107,#11108);
#9184=FILL_AREA_STYLE_COLOUR('',#11109);
#9185=LINE('',#11110,#11111);
#9186=LINE('',#11112,#11113);
#9187=FILL_AREA_STYLE_COLOUR('',#11114);
#9188=VERTEX_POINT('',#11115);
#9189=ELLIPSE('',#11116,0.00141421356237309,0.001);
#9190=LINE('',#11117,#11118);
#9191=LINE('',#11119,#11120);
#9192=FILL_AREA_STYLE_COLOUR('',#11121);
#9193=VERTEX_POINT('',#11122);
#9194=CIRCLE('',#11123,0.001);
#9195=LINE('',#11124,#11125);
#9196=FILL_AREA_STYLE_COLOUR('',#11126);
#9197=VERTEX_POINT('',#11127);
#9198=VERTEX_POINT('',#11128);
#9199=LINE('',#11129,#11130);
#9200=VERTEX_POINT('',#11131);
#9201=ELLIPSE('',#11132,0.00141421356237309,0.001);
#9202=VERTEX_POINT('',#11133);
#9203=LINE('',#11134,#11135);
#9204=CIRCLE('',#11136,0.001);
#9205=FILL_AREA_STYLE_COLOUR('',#11137);
#9206=VERTEX_POINT('',#11138);
#9207=CIRCLE('',#11139,0.001);
#9208=CIRCLE('',#11140,0.006);
#9209=FILL_AREA_STYLE_COLOUR('',#11141);
#9210=VERTEX_POINT('',#11142);
#9211=VERTEX_POINT('',#11143);
#9212=CIRCLE('',#11144,0.001);
#9213=CIRCLE('',#11145,0.00499999999599683);
#9214=CIRCLE('',#11146,0.00399999999599683);
#9215=FILL_AREA_STYLE_COLOUR('',#11147);
#9216=VERTEX_POINT('',#11148);
#9217=ELLIPSE('',#11149,0.00141421356237309,0.001);
#9218=LINE('',#11150,#11151);
#9219=FILL_AREA_STYLE_COLOUR('',#11152);
#9220=VERTEX_POINT('',#11153);
#9221=VERTEX_POINT('',#11154);
#9222=ELLIPSE('',#11155,0.00141421356237309,0.001);
#9223=LINE('',#11156,#11157);
#9224=LINE('',#11158,#11159);
#9225=FILL_AREA_STYLE_COLOUR('',#11160);
#9226=VERTEX_POINT('',#11161);
#9227=VERTEX_POINT('',#11162);
#9228=ELLIPSE('',#11163,0.00141421356237309,0.001);
#9229=LINE('',#11164,#11165);
#9230=LINE('',#11166,#11167);
#9231=FILL_AREA_STYLE_COLOUR('',#11168);
#9232=VERTEX_POINT('',#11169);
#9233=ELLIPSE('',#11170,0.00141421356237309,0.001);
#9234=LINE('',#11171,#11172);
#9235=LINE('',#11173,#11174);
#9236=FILL_AREA_STYLE_COLOUR('',#11175);
#9237=VERTEX_POINT('',#11176);
#9238=VERTEX_POINT('',#11177);
#9239=CIRCLE('',#11178,0.001);
#9240=LINE('',#11179,#11180);
#9241=LINE('',#11181,#11182);
#9242=FILL_AREA_STYLE_COLOUR('',#11183);
#9243=VERTEX_POINT('',#11184);
#9244=CIRCLE('',#11185,0.001);
#9245=LINE('',#11186,#11187);
#9246=FILL_AREA_STYLE_COLOUR('',#11188);
#9247=VERTEX_POINT('',#11189);
#9248=VERTEX_POINT('',#11190);
#9249=CIRCLE('',#11191,0.001);
#9250=CIRCLE('',#11192,0.0025);
#9251=CIRCLE('',#11193,0.0035);
#9252=FILL_AREA_STYLE_COLOUR('',#11194);
#9253=VERTEX_POINT('',#11195);
#9254=CIRCLE('',#11196,0.001);
#9255=CIRCLE('',#11197,0.006);
#9256=FILL_AREA_STYLE_COLOUR('',#11198);
#9257=VERTEX_POINT('',#11199);
#9258=VERTEX_POINT('',#11200);
#9259=ELLIPSE('',#11201,0.00141421356237309,0.001);
#9260=LINE('',#11202,#11203);
#9261=LINE('',#11204,#11205);
#9262=FILL_AREA_STYLE_COLOUR('',#11206);
#9263=VERTEX_POINT('',#11207);
#9264=ELLIPSE('',#11208,0.00141421356237309,0.001);
#9265=LINE('',#11209,#11210);
#9266=FILL_AREA_STYLE_COLOUR('',#11211);
#9267=VERTEX_POINT('',#11212);
#9268=VERTEX_POINT('',#11213);
#9269=ELLIPSE('',#11214,0.00141421356237309,0.001);
#9270=LINE('',#11215,#11216);
#9271=LINE('',#11217,#11218);
#9272=FILL_AREA_STYLE_COLOUR('',#11219);
#9273=VERTEX_POINT('',#11220);
#9274=VERTEX_POINT('',#11221);
#9275=ELLIPSE('',#11222,0.00141421356237309,0.001);
#9276=LINE('',#11223,#11224);
#9277=LINE('',#11225,#11226);
#9278=FILL_AREA_STYLE_COLOUR('',#11227);
#9279=VERTEX_POINT('',#11228);
#9280=VERTEX_POINT('',#11229);
#9281=CIRCLE('',#11230,0.001);
#9282=LINE('',#11231,#11232);
#9283=LINE('',#11233,#11234);
#9284=FILL_AREA_STYLE_COLOUR('',#11235);
#9285=VERTEX_POINT('',#11236);
#9286=VERTEX_POINT('',#11237);
#9287=CIRCLE('',#11238,0.001);
#9288=LINE('',#11239,#11240);
#9289=LINE('',#11241,#11242);
#9290=FILL_AREA_STYLE_COLOUR('',#11243);
#9291=CIRCLE('',#11244,0.0035);
#9292=CIRCLE('',#11245,0.0025);
#9293=FILL_AREA_STYLE_COLOUR('',#11246);
#9294=VERTEX_POINT('',#11247);
#9295=VERTEX_POINT('',#11248);
#9296=LINE('',#11249,#11250);
#9297=VERTEX_POINT('',#11251);
#9298=LINE('',#11252,#11253);
#9299=VERTEX_POINT('',#11254);
#9300=LINE('',#11255,#11256);
#9301=LINE('',#11257,#11258);
#9302=FILL_AREA_STYLE_COLOUR('',#11259);
#9303=CIRCLE('',#11260,0.002);
#9304=CIRCLE('',#11261,0.002);
#9305=FILL_AREA_STYLE_COLOUR('',#11262);
#9306=CIRCLE('',#11263,0.002);
#9307=CIRCLE('',#11264,0.002);
#9308=FILL_AREA_STYLE_COLOUR('',#11265);
#9309=VERTEX_POINT('',#11266);
#9310=VERTEX_POINT('',#11267);
#9311=LINE('',#11268,#11269);
#9312=VERTEX_POINT('',#11270);
#9313=LINE('',#11271,#11272);
#9314=VERTEX_POINT('',#11273);
#9315=LINE('',#11274,#11275);
#9316=VERTEX_POINT('',#11276);
#9317=LINE('',#11277,#11278);
#9318=VERTEX_POINT('',#11279);
#9319=LINE('',#11280,#11281);
#9320=VERTEX_POINT('',#11282);
#9321=LINE('',#11283,#11284);
#9322=VERTEX_POINT('',#11285);
#9323=LINE('',#11286,#11287);
#9324=LINE('',#11288,#11289);
#9325=VERTEX_POINT('',#11290);
#9326=VERTEX_POINT('',#11291);
#9327=LINE('',#11292,#11293);
#9328=VERTEX_POINT('',#11294);
#9329=CIRCLE('',#11295,0.001);
#9330=VERTEX_POINT('',#11296);
#9331=LINE('',#11297,#11298);
#9332=VERTEX_POINT('',#11299);
#9333=CIRCLE('',#11300,0.001);
#9334=VERTEX_POINT('',#11301);
#9335=LINE('',#11302,#11303);
#9336=VERTEX_POINT('',#11304);
#9337=CIRCLE('',#11305,0.001);
#9338=VERTEX_POINT('',#11306);
#9339=LINE('',#11307,#11308);
#9340=CIRCLE('',#11309,0.001);
#9341=FILL_AREA_STYLE_COLOUR('',#11310);
#9342=VERTEX_POINT('',#11311);
#9343=CIRCLE('',#11312,0.0014);
#9344=VERTEX_POINT('',#11313);
#9345=VERTEX_POINT('',#11314);
#9346=LINE('',#11315,#11316);
#9347=VERTEX_POINT('',#11317);
#9348=CIRCLE('',#11318,0.001);
#9349=VERTEX_POINT('',#11319);
#9350=LINE('',#11320,#11321);
#9351=VERTEX_POINT('',#11322);
#9352=LINE('',#11323,#11324);
#9353=VERTEX_POINT('',#11325);
#9354=CIRCLE('',#11326,0.0025);
#9355=LINE('',#11327,#11328);
#9356=FILL_AREA_STYLE_COLOUR('',#11329);
#9357=VERTEX_POINT('',#11330);
#9358=CIRCLE('',#11331,0.0014);
#9359=VERTEX_POINT('',#11332);
#9360=VERTEX_POINT('',#11333);
#9361=CIRCLE('',#11334,0.00399999999599683);
#9362=VERTEX_POINT('',#11335);
#9363=LINE('',#11336,#11337);
#9364=VERTEX_POINT('',#11338);
#9365=LINE('',#11339,#11340);
#9366=LINE('',#11341,#11342);
#9367=FILL_AREA_STYLE_COLOUR('',#11343);
#9368=VERTEX_POINT('',#11344);
#9369=CIRCLE('',#11345,0.0014);
#9370=VERTEX_POINT('',#11346);
#9371=VERTEX_POINT('',#11347);
#9372=LINE('',#11348,#11349);
#9373=VERTEX_POINT('',#11350);
#9374=CIRCLE('',#11351,0.001);
#9375=VERTEX_POINT('',#11352);
#9376=LINE('',#11353,#11354);
#9377=VERTEX_POINT('',#11355);
#9378=LINE('',#11356,#11357);
#9379=VERTEX_POINT('',#11358);
#9380=CIRCLE('',#11359,0.0025);
#9381=LINE('',#11360,#11361);
#9382=FILL_AREA_STYLE_COLOUR('',#11362);
#9383=VERTEX_POINT('',#11363);
#9384=LINE('',#11364,#11365);
#9385=VERTEX_POINT('',#11366);
#9386=LINE('',#11367,#11368);
#9387=LINE('',#11369,#11370);
#9388=FILL_AREA_STYLE_COLOUR('',#11371);
#9389=VERTEX_POINT('',#11372);
#9390=LINE('',#11373,#11374);
#9391=LINE('',#11375,#11376);
#9392=FILL_AREA_STYLE_COLOUR('',#11377);
#9393=VERTEX_POINT('',#11378);
#9394=LINE('',#11379,#11380);
#9395=LINE('',#11381,#11382);
#9396=FILL_AREA_STYLE_COLOUR('',#11383);
#9397=VERTEX_POINT('',#11384);
#9398=LINE('',#11385,#11386);
#9399=LINE('',#11387,#11388);
#9400=FILL_AREA_STYLE_COLOUR('',#11389);
#9401=VERTEX_POINT('',#11390);
#9402=LINE('',#11391,#11392);
#9403=LINE('',#11393,#11394);
#9404=FILL_AREA_STYLE_COLOUR('',#11395);
#9405=VERTEX_POINT('',#11396);
#9406=LINE('',#11397,#11398);
#9407=LINE('',#11399,#11400);
#9408=FILL_AREA_STYLE_COLOUR('',#11401);
#9409=VERTEX_POINT('',#11402);
#9410=LINE('',#11403,#11404);
#9411=LINE('',#11405,#11406);
#9412=FILL_AREA_STYLE_COLOUR('',#11407);
#9413=LINE('',#11408,#11409);
#9414=FILL_AREA_STYLE_COLOUR('',#11410);
#9415=VERTEX_POINT('',#11411);
#9416=VERTEX_POINT('',#11412);
#9417=LINE('',#11413,#11414);
#9418=VERTEX_POINT('',#11415);
#9419=CIRCLE('',#11416,0.0025);
#9420=VERTEX_POINT('',#11417);
#9421=LINE('',#11418,#11419);
#9422=CIRCLE('',#11420,0.0029);
#9423=FILL_AREA_STYLE_COLOUR('',#11421);
#9424=VERTEX_POINT('',#11422);
#9425=VERTEX_POINT('',#11423);
#9426=LINE('',#11424,#11425);
#9427=LINE('',#11426,#11427);
#9428=LINE('',#11428,#11429);
#9429=FILL_AREA_STYLE_COLOUR('',#11430);
#9430=VERTEX_POINT('',#11431);
#9431=VERTEX_POINT('',#11432);
#9432=LINE('',#11433,#11434);
#9433=CIRCLE('',#11435,0.0025);
#9434=CIRCLE('',#11436,0.0029);
#9435=FILL_AREA_STYLE_COLOUR('',#11437);
#9436=VERTEX_POINT('',#11438);
#9437=LINE('',#11439,#11440);
#9438=VERTEX_POINT('',#11441);
#9439=LINE('',#11442,#11443);
#9440=CIRCLE('',#11444,0.0025);
#9441=FILL_AREA_STYLE_COLOUR('',#11445);
#9442=VERTEX_POINT('',#11446);
#9443=LINE('',#11447,#11448);
#9444=LINE('',#11449,#11450);
#9445=FILL_AREA_STYLE_COLOUR('',#11451);
#9446=VERTEX_POINT('',#11452);
#9447=LINE('',#11453,#11454);
#9448=CIRCLE('',#11455,0.0025);
#9449=FILL_AREA_STYLE_COLOUR('',#11456);
#9450=VERTEX_POINT('',#11457);
#9451=LINE('',#11458,#11459);
#9452=VERTEX_POINT('',#11460);
#9453=LINE('',#11461,#11462);
#9454=LINE('',#11463,#11464);
#9455=FILL_AREA_STYLE_COLOUR('',#11465);
#9456=VERTEX_POINT('',#11466);
#9457=LINE('',#11467,#11468);
#9458=VERTEX_POINT('',#11469);
#9459=LINE('',#11470,#11471);
#9460=LINE('',#11472,#11473);
#9461=FILL_AREA_STYLE_COLOUR('',#11474);
#9462=VERTEX_POINT('',#11475);
#9463=LINE('',#11476,#11477);
#9464=VERTEX_POINT('',#11478);
#9465=LINE('',#11479,#11480);
#9466=LINE('',#11481,#11482);
#9467=FILL_AREA_STYLE_COLOUR('',#11483);
#9468=VERTEX_POINT('',#11484);
#9469=LINE('',#11485,#11486);
#9470=VERTEX_POINT('',#11487);
#9471=LINE('',#11488,#11489);
#9472=VERTEX_POINT('',#11490);
#9473=LINE('',#11491,#11492);
#9474=VERTEX_POINT('',#11493);
#9475=LINE('',#11494,#11495);
#9476=VERTEX_POINT('',#11496);
#9477=LINE('',#11497,#11498);
#9478=LINE('',#11499,#11500);
#9479=VERTEX_POINT('',#11501);
#9480=VERTEX_POINT('',#11502);
#9481=LINE('',#11503,#11504);
#9482=VERTEX_POINT('',#11505);
#9483=LINE('',#11506,#11507);
#9484=VERTEX_POINT('',#11508);
#9485=LINE('',#11509,#11510);
#9486=VERTEX_POINT('',#11511);
#9487=LINE('',#11512,#11513);
#9488=VERTEX_POINT('',#11514);
#9489=LINE('',#11515,#11516);
#9490=VERTEX_POINT('',#11517);
#9491=LINE('',#11518,#11519);
#9492=VERTEX_POINT('',#11520);
#9493=LINE('',#11521,#11522);
#9494=LINE('',#11523,#11524);
#9495=FILL_AREA_STYLE_COLOUR('',#11525);
#9496=VERTEX_POINT('',#11526);
#9497=LINE('',#11527,#11528);
#9498=VERTEX_POINT('',#11529);
#9499=LINE('',#11530,#11531);
#9500=LINE('',#11532,#11533);
#9501=FILL_AREA_STYLE_COLOUR('',#11534);
#9502=VERTEX_POINT('',#11535);
#9503=LINE('',#11536,#11537);
#9504=VERTEX_POINT('',#11538);
#9505=LINE('',#11539,#11540);
#9506=LINE('',#11541,#11542);
#9507=FILL_AREA_STYLE_COLOUR('',#11543);
#9508=VERTEX_POINT('',#11544);
#9509=LINE('',#11545,#11546);
#9510=LINE('',#11547,#11548);
#9511=FILL_AREA_STYLE_COLOUR('',#11549);
#9512=VERTEX_POINT('',#11550);
#9513=LINE('',#11551,#11552);
#9514=LINE('',#11553,#11554);
#9515=FILL_AREA_STYLE_COLOUR('',#11555);
#9516=VERTEX_POINT('',#11556);
#9517=LINE('',#11557,#11558);
#9518=LINE('',#11559,#11560);
#9519=FILL_AREA_STYLE_COLOUR('',#11561);
#9520=VERTEX_POINT('',#11562);
#9521=LINE('',#11563,#11564);
#9522=LINE('',#11565,#11566);
#9523=FILL_AREA_STYLE_COLOUR('',#11567);
#9524=VERTEX_POINT('',#11568);
#9525=LINE('',#11569,#11570);
#9526=LINE('',#11571,#11572);
#9527=FILL_AREA_STYLE_COLOUR('',#11573);
#9528=VERTEX_POINT('',#11574);
#9529=LINE('',#11575,#11576);
#9530=LINE('',#11577,#11578);
#9531=FILL_AREA_STYLE_COLOUR('',#11579);
#9532=VERTEX_POINT('',#11580);
#9533=LINE('',#11581,#11582);
#9534=LINE('',#11583,#11584);
#9535=FILL_AREA_STYLE_COLOUR('',#11585);
#9536=VERTEX_POINT('',#11586);
#9537=LINE('',#11587,#11588);
#9538=LINE('',#11589,#11590);
#9539=FILL_AREA_STYLE_COLOUR('',#11591);
#9540=VERTEX_POINT('',#11592);
#9541=LINE('',#11593,#11594);
#9542=LINE('',#11595,#11596);
#9543=FILL_AREA_STYLE_COLOUR('',#11597);
#9544=LINE('',#11598,#11599);
#9545=FILL_AREA_STYLE_COLOUR('',#11600);
#9546=LINE('',#11601,#11602);
#9547=FILL_AREA_STYLE_COLOUR('',#11603);
#9548=FILL_AREA_STYLE_COLOUR('',#11604);
#9549=FILL_AREA_STYLE_COLOUR('',#11605);
#9550=FILL_AREA_STYLE_COLOUR('',#11606);
#9551=FILL_AREA_STYLE_COLOUR('',#11607);
#9552=VERTEX_POINT('',#11608);
#9553=LINE('',#11609,#11610);
#9554=VERTEX_POINT('',#11611);
#9555=LINE('',#11612,#11613);
#9556=LINE('',#11614,#11615);
#9557=FILL_AREA_STYLE_COLOUR('',#11616);
#9558=VERTEX_POINT('',#11617);
#9559=LINE('',#11618,#11619);
#9560=CIRCLE('',#11620,0.00499999999599682);
#9561=FILL_AREA_STYLE_COLOUR('',#11621);
#9562=VERTEX_POINT('',#11622);
#9563=VERTEX_POINT('',#11623);
#9564=LINE('',#11624,#11625);
#9565=LINE('',#11626,#11627);
#9566=LINE('',#11628,#11629);
#9567=FILL_AREA_STYLE_COLOUR('',#11630);
#9568=VERTEX_POINT('',#11631);
#9569=LINE('',#11632,#11633);
#9570=VERTEX_POINT('',#11634);
#9571=LINE('',#11635,#11636);
#9572=LINE('',#11637,#11638);
#9573=FILL_AREA_STYLE_COLOUR('',#11639);
#9574=VERTEX_POINT('',#11640);
#9575=VERTEX_POINT('',#11641);
#9576=LINE('',#11642,#11643);
#9577=CIRCLE('',#11644,0.00499999999599682);
#9578=CIRCLE('',#11645,0.00499999999599682);
#9579=FILL_AREA_STYLE_COLOUR('',#11646);
#9580=VERTEX_POINT('',#11647);
#9581=CIRCLE('',#11648,0.00599999999599682);
#9582=VERTEX_POINT('',#11649);
#9583=LINE('',#11650,#11651);
#9584=LINE('',#11652,#11653);
#9585=FILL_AREA_STYLE_COLOUR('',#11654);
#9586=VERTEX_POINT('',#11655);
#9587=CIRCLE('',#11656,0.0014);
#9588=VERTEX_POINT('',#11657);
#9589=CIRCLE('',#11658,0.0014);
#9590=FILL_AREA_STYLE_COLOUR('',#11659);
#9591=FILL_AREA_STYLE_COLOUR('',#11660);
#9592=VERTEX_POINT('',#11661);
#9593=LINE('',#11662,#11663);
#9594=LINE('',#11664,#11665);
#9595=FILL_AREA_STYLE_COLOUR('',#11666);
#9596=LINE('',#11667,#11668);
#9597=FILL_AREA_STYLE_COLOUR('',#11669);
#9598=VERTEX_POINT('',#11670);
#9599=CIRCLE('',#11671,0.0014);
#9600=FILL_AREA_STYLE_COLOUR('',#11672);
#9601=VERTEX_POINT('',#11673);
#9602=CIRCLE('',#11674,0.0014);
#9603=FILL_AREA_STYLE_COLOUR('',#11675);
#9604=VERTEX_POINT('',#11676);
#9605=LINE('',#11677,#11678);
#9606=LINE('',#11679,#11680);
#9607=FILL_AREA_STYLE_COLOUR('',#11681);
#9608=VERTEX_POINT('',#11682);
#9609=LINE('',#11683,#11684);
#9610=LINE('',#11685,#11686);
#9611=FILL_AREA_STYLE_COLOUR('',#11687);
#9612=VERTEX_POINT('',#11688);
#9613=CIRCLE('',#11689,0.0014);
#9614=VERTEX_POINT('',#11690);
#9615=CIRCLE('',#11691,0.0014);
#9616=FILL_AREA_STYLE_COLOUR('',#11692);
#9617=VERTEX_POINT('',#11693);
#9618=VERTEX_POINT('',#11694);
#9619=LINE('',#11695,#11696);
#9620=VERTEX_POINT('',#11697);
#9621=CIRCLE('',#11698,0.001);
#9622=VERTEX_POINT('',#11699);
#9623=LINE('',#11700,#11701);
#9624=VERTEX_POINT('',#11702);
#9625=LINE('',#11703,#11704);
#9626=VERTEX_POINT('',#11705);
#9627=CIRCLE('',#11706,0.0025);
#9628=LINE('',#11707,#11708);
#9629=FILL_AREA_STYLE_COLOUR('',#11709);
#9630=VERTEX_POINT('',#11710);
#9631=CIRCLE('',#11711,0.0014);
#9632=VERTEX_POINT('',#11712);
#9633=VERTEX_POINT('',#11713);
#9634=LINE('',#11714,#11715);
#9635=VERTEX_POINT('',#11716);
#9636=CIRCLE('',#11717,0.00399999999599683);
#9637=VERTEX_POINT('',#11718);
#9638=LINE('',#11719,#11720);
#9639=LINE('',#11721,#11722);
#9640=FILL_AREA_STYLE_COLOUR('',#11723);
#9641=VERTEX_POINT('',#11724);
#9642=CIRCLE('',#11725,0.0014);
#9643=VERTEX_POINT('',#11726);
#9644=VERTEX_POINT('',#11727);
#9645=LINE('',#11728,#11729);
#9646=VERTEX_POINT('',#11730);
#9647=CIRCLE('',#11731,0.001);
#9648=VERTEX_POINT('',#11732);
#9649=LINE('',#11733,#11734);
#9650=VERTEX_POINT('',#11735);
#9651=LINE('',#11736,#11737);
#9652=VERTEX_POINT('',#11738);
#9653=CIRCLE('',#11739,0.0025);
#9654=LINE('',#11740,#11741);
#9655=FILL_AREA_STYLE_COLOUR('',#11742);
#9656=VERTEX_POINT('',#11743);
#9657=CIRCLE('',#11744,0.0014);
#9658=FILL_AREA_STYLE_COLOUR('',#11745);
#9659=VERTEX_POINT('',#11746);
#9660=CIRCLE('',#11747,0.0014);
#9661=FILL_AREA_STYLE_COLOUR('',#11748);
#9662=VERTEX_POINT('',#11749);
#9663=CIRCLE('',#11750,0.0014);
#9664=FILL_AREA_STYLE_COLOUR('',#11751);
#9665=LINE('',#11752,#11753);
#9666=LINE('',#11754,#11755);
#9667=FILL_AREA_STYLE_COLOUR('',#11756);
#9668=LINE('',#11757,#11758);
#9669=FILL_AREA_STYLE_COLOUR('',#11759);
#9670=LINE('',#11760,#11761);
#9671=LINE('',#11762,#11763);
#9672=FILL_AREA_STYLE_COLOUR('',#11764);
#9673=LINE('',#11765,#11766);
#9674=FILL_AREA_STYLE_COLOUR('',#11767);
#9675=LINE('',#11768,#11769);
#9676=LINE('',#11770,#11771);
#9677=LINE('',#11772,#11773);
#9678=LINE('',#11774,#11775);
#9679=FILL_AREA_STYLE_COLOUR('',#11776);
#9680=VERTEX_POINT('',#11777);
#9681=VERTEX_POINT('',#11778);
#9682=LINE('',#11779,#11780);
#9683=VERTEX_POINT('',#11781);
#9684=LINE('',#11782,#11783);
#9685=VERTEX_POINT('',#11784);
#9686=LINE('',#11785,#11786);
#9687=LINE('',#11787,#11788);
#9688=FILL_AREA_STYLE_COLOUR('',#11789);
#9689=VERTEX_POINT('',#11790);
#9690=LINE('',#11791,#11792);
#9691=VERTEX_POINT('',#11793);
#9692=LINE('',#11794,#11795);
#9693=LINE('',#11796,#11797);
#9694=FILL_AREA_STYLE_COLOUR('',#11798);
#9695=VERTEX_POINT('',#11799);
#9696=LINE('',#11800,#11801);
#9697=VERTEX_POINT('',#11802);
#9698=LINE('',#11803,#11804);
#9699=LINE('',#11805,#11806);
#9700=FILL_AREA_STYLE_COLOUR('',#11807);
#9701=VERTEX_POINT('',#11808);
#9702=LINE('',#11809,#11810);
#9703=VERTEX_POINT('',#11811);
#9704=LINE('',#11812,#11813);
#9705=LINE('',#11814,#11815);
#9706=FILL_AREA_STYLE_COLOUR('',#11816);
#9707=VERTEX_POINT('',#11817);
#9708=LINE('',#11818,#11819);
#9709=VERTEX_POINT('',#11820);
#9710=LINE('',#11821,#11822);
#9711=LINE('',#11823,#11824);
#9712=FILL_AREA_STYLE_COLOUR('',#11825);
#9713=VERTEX_POINT('',#11826);
#9714=LINE('',#11827,#11828);
#9715=VERTEX_POINT('',#11829);
#9716=LINE('',#11830,#11831);
#9717=LINE('',#11832,#11833);
#9718=FILL_AREA_STYLE_COLOUR('',#11834);
#9719=VERTEX_POINT('',#11835);
#9720=LINE('',#11836,#11837);
#9721=VERTEX_POINT('',#11838);
#9722=LINE('',#11839,#11840);
#9723=LINE('',#11841,#11842);
#9724=FILL_AREA_STYLE_COLOUR('',#11843);
#9725=LINE('',#11844,#11845);
#9726=LINE('',#11846,#11847);
#9727=FILL_AREA_STYLE_COLOUR('',#11848);
#9728=LINE('',#11849,#11850);
#9729=LINE('',#11851,#11852);
#9730=FILL_AREA_STYLE_COLOUR('',#11853);
#9731=LINE('',#11854,#11855);
#9732=LINE('',#11856,#11857);
#9733=FILL_AREA_STYLE_COLOUR('',#11858);
#9734=FILL_AREA_STYLE_COLOUR('',#11859);
#9735=FILL_AREA_STYLE_COLOUR('',#11860);
#9736=LINE('',#11861,#11862);
#9737=LINE('',#11863,#11864);
#9738=FILL_AREA_STYLE_COLOUR('',#11865);
#9739=LINE('',#11866,#11867);
#9740=FILL_AREA_STYLE_COLOUR('',#11868);
#9741=LINE('',#11869,#11870);
#9742=FILL_AREA_STYLE_COLOUR('',#11871);
#9743=LINE('',#11872,#11873);
#9744=FILL_AREA_STYLE_COLOUR('',#11874);
#9745=FILL_AREA_STYLE_COLOUR('',#11875);
#9746=FILL_AREA_STYLE_COLOUR('',#11876);
#9747=FILL_AREA_STYLE_COLOUR('',#11877);
#9748=VERTEX_POINT('',#11878);
#9749=CIRCLE('',#11879,0.0014);
#9750=FILL_AREA_STYLE_COLOUR('',#11880);
#9751=LINE('',#11881,#11882);
#9752=LINE('',#11883,#11884);
#9753=LINE('',#11885,#11886);
#9754=LINE('',#11887,#11888);
#9755=LINE('',#11889,#11890);
#9756=LINE('',#11891,#11892);
#9757=FILL_AREA_STYLE_COLOUR('',#11893);
#9758=LINE('',#11894,#11895);
#9759=LINE('',#11896,#11897);
#9760=LINE('',#11898,#11899);
#9761=LINE('',#11900,#11901);
#9762=LINE('',#11902,#11903);
#9763=LINE('',#11904,#11905);
#9764=FILL_AREA_STYLE_COLOUR('',#11906);
#9765=LINE('',#11907,#11908);
#9766=LINE('',#11909,#11910);
#9767=FILL_AREA_STYLE_COLOUR('',#11911);
#9768=LINE('',#11912,#11913);
#9769=LINE('',#11914,#11915);
#9770=FILL_AREA_STYLE_COLOUR('',#11916);
#9771=LINE('',#11917,#11918);
#9772=FILL_AREA_STYLE_COLOUR('',#11919);
#9773=FILL_AREA_STYLE_COLOUR('',#11920);
#9774=FILL_AREA_STYLE_COLOUR('',#11921);
#9775=LINE('',#11922,#11923);
#9776=FILL_AREA_STYLE_COLOUR('',#11924);
#9777=LINE('',#11925,#11926);
#9778=LINE('',#11927,#11928);
#9779=FILL_AREA_STYLE_COLOUR('',#11929);
#9780=FILL_AREA_STYLE_COLOUR('',#11930);
#9781=FILL_AREA_STYLE_COLOUR('',#11931);
#9782=FILL_AREA_STYLE_COLOUR('',#11932);
#9783=FILL_AREA_STYLE_COLOUR('',#11933);
#9784=FILL_AREA_STYLE_COLOUR('',#11934);
#9785=LINE('',#11935,#11936);
#9786=LINE('',#11937,#11938);
#9787=FILL_AREA_STYLE_COLOUR('',#11939);
#9788=FILL_AREA_STYLE_COLOUR('',#11940);
#9789=FILL_AREA_STYLE_COLOUR('',#11941);
#9790=FILL_AREA_STYLE_COLOUR('',#11942);
#9791=LINE('',#11943,#11944);
#9792=FILL_AREA_STYLE_COLOUR('',#11945);
#9793=LINE('',#11946,#11947);
#9794=FILL_AREA_STYLE_COLOUR('',#11948);
#9795=FILL_AREA_STYLE_COLOUR('',#11949);
#9796=VERTEX_POINT('',#11950);
#9797=CIRCLE('',#11951,0.0014);
#9798=FILL_AREA_STYLE_COLOUR('',#11952);
#9799=CIRCLE('',#11953,0.001);
#9800=FILL_AREA_STYLE_COLOUR('',#11954);
#9801=ELLIPSE('',#11955,0.00141421356237309,0.001);
#9802=FILL_AREA_STYLE_COLOUR('',#11956);
#9803=FILL_AREA_STYLE_COLOUR('',#11957);
#9804=LINE('',#11958,#11959);
#9805=FILL_AREA_STYLE_COLOUR('',#11960);
#9806=FILL_AREA_STYLE_COLOUR('',#11961);
#9807=FILL_AREA_STYLE_COLOUR('',#11962);
#9808=FILL_AREA_STYLE_COLOUR('',#11963);
#9809=FILL_AREA_STYLE_COLOUR('',#11964);
#9810=FILL_AREA_STYLE_COLOUR('',#11965);
#9811=FILL_AREA_STYLE_COLOUR('',#11966);
#9812=FILL_AREA_STYLE_COLOUR('',#11967);
#9813=FILL_AREA_STYLE_COLOUR('',#11968);
#9814=VERTEX_POINT('',#11969);
#9815=VERTEX_POINT('',#11970);
#9816=LINE('',#11971,#11972);
#9817=VERTEX_POINT('',#11973);
#9818=CIRCLE('',#11974,0.002);
#9819=VERTEX_POINT('',#11975);
#9820=LINE('',#11976,#11977);
#9821=VERTEX_POINT('',#11978);
#9822=CIRCLE('',#11979,0.00119999999879905);
#9823=VERTEX_POINT('',#11980);
#9824=LINE('',#11981,#11982);
#9825=VERTEX_POINT('',#11983);
#9826=B_SPLINE_CURVE_WITH_KNOTS('',2,(#11984,#11985,#11986,#11987,#11988,#11989,#11990,#11991,#11992,#11993,#11994,#11995,#11996,#11997,#11998,#11999,#12000,#12001,#12002,#12003,#12004,#12005,#12006,#12007,#12008,#12009,#12010,#12011,#12012,#12013,#12014,#12015,#12016,#12017,#12018),.UNSPECIFIED.,.F.,.F.,(3,2,2,2,2,2,2,2,2,2,2,2,2,2,2,2,2,3),(0.0,0.0625,0.125,0.196428571428571,0.25,0.321428571428571,0.375,0.446428571428571,0.5,0.571428571428571,0.625,0.696428571428571,0.75,0.821428571428571,0.875,0.9375,0.973214285714286,1.0),.UNSPECIFIED.);
#9827=VERTEX_POINT('',#12019);
#9828=LINE('',#12020,#12021);
#9829=VERTEX_POINT('',#12022);
#9830=B_SPLINE_CURVE_WITH_KNOTS('',2,(#12023,#12024,#12025,#12026,#12027,#12028,#12029,#12030,#12031,#12032,#12033,#12034,#12035,#12036,#12037,#12038,#12039,#12040,#12041,#12042,#12043,#12044,#12045,#12046,#12047,#12048,#12049,#12050,#12051,#12052,#12053,#12054,#12055,#12056,#12057),.UNSPECIFIED.,.F.,.F.,(3,2,2,2,2,2,2,2,2,2,2,2,2,2,2,2,2,3),(0.0,0.0625,0.125,0.196428571428571,0.25,0.321428571428571,0.375,0.446428571428571,0.5,0.571428571428571,0.625,0.696428571428571,0.75,0.821428571428571,0.875,0.9375,0.973214285714286,1.0),.UNSPECIFIED.);
#9831=VERTEX_POINT('',#12058);
#9832=LINE('',#12059,#12060);
#9833=VERTEX_POINT('',#12061);
#9834=B_SPLINE_CURVE_WITH_KNOTS('',2,(#12062,#12063,#12064,#12065,#12066,#12067,#12068,#12069,#12070,#12071,#12072,#12073,#12074,#12075,#12076,#12077,#12078,#12079,#12080,#12081,#12082,#12083,#12084,#12085,#12086,#12087,#12088,#12089,#12090,#12091,#12092,#12093,#12094,#12095,#12096),.UNSPECIFIED.,.F.,.F.,(3,2,2,2,2,2,2,2,2,2,2,2,2,2,2,2,2,3),(0.0,0.0625,0.125,0.196428571428571,0.25,0.321428571428571,0.375,0.446428571428571,0.5,0.571428571428571,0.625,0.696428571428571,0.75,0.821428571428571,0.875,0.9375,0.973214285714286,1.0),.UNSPECIFIED.);
#9835=VERTEX_POINT('',#12097);
#9836=LINE('',#12098,#12099);
#9837=CIRCLE('',#12100,0.00119999999879905);
#9838=VERTEX_POINT('',#12101);
#9839=VERTEX_POINT('',#12102);
#9840=CIRCLE('',#12103,0.00385);
#9841=VERTEX_POINT('',#12104);
#9842=LINE('',#12105,#12106);
#9843=VERTEX_POINT('',#12107);
#9844=CIRCLE('',#12108,0.00385);
#9845=VERTEX_POINT('',#12109);
#9846=LINE('',#12110,#12111);
#9847=VERTEX_POINT('',#12112);
#9848=CIRCLE('',#12113,0.00385);
#9849=VERTEX_POINT('',#12114);
#9850=LINE('',#12115,#12116);
#9851=VERTEX_POINT('',#12117);
#9852=CIRCLE('',#12118,0.00385);
#9853=LINE('',#12119,#12120);
#9854=FILL_AREA_STYLE_COLOUR('',#12121);
#9855=VERTEX_POINT('',#12122);
#9856=LINE('',#12123,#12124);
#9857=VERTEX_POINT('',#12125);
#9858=CIRCLE('',#12126,0.0004);
#9859=LINE('',#12127,#12128);
#9860=FILL_AREA_STYLE_COLOUR('',#12129);
#9861=VERTEX_POINT('',#12130);
#9862=VERTEX_POINT('',#12131);
#9863=CIRCLE('',#12132,0.002);
#9864=VERTEX_POINT('',#12133);
#9865=LINE('',#12134,#12135);
#9866=VERTEX_POINT('',#12136);
#9867=CIRCLE('',#12137,0.002);
#9868=LINE('',#12138,#12139);
#9869=FILL_AREA_STYLE_COLOUR('',#12140);
#9870=VERTEX_POINT('',#12141);
#9871=VERTEX_POINT('',#12142);
#9872=CIRCLE('',#12143,0.002);
#9873=VERTEX_POINT('',#12144);
#9874=LINE('',#12145,#12146);
#9875=VERTEX_POINT('',#12147);
#9876=CIRCLE('',#12148,0.002);
#9877=LINE('',#12149,#12150);
#9878=FILL_AREA_STYLE_COLOUR('',#12151);
#9879=VERTEX_POINT('',#12152);
#9880=LINE('',#12153,#12154);
#9881=VERTEX_POINT('',#12155);
#9882=CIRCLE('',#12156,0.0004);
#9883=LINE('',#12157,#12158);
#9884=FILL_AREA_STYLE_COLOUR('',#12159);
#9885=VERTEX_POINT('',#12160);
#9886=LINE('',#12161,#12162);
#9887=VERTEX_POINT('',#12163);
#9888=CIRCLE('',#12164,0.0004);
#9889=LINE('',#12165,#12166);
#9890=FILL_AREA_STYLE_COLOUR('',#12167);
#9891=VERTEX_POINT('',#12168);
#9892=LINE('',#12169,#12170);
#9893=VERTEX_POINT('',#12171);
#9894=CIRCLE('',#12172,0.002);
#9895=LINE('',#12173,#12174);
#9896=FILL_AREA_STYLE_COLOUR('',#12175);
#9897=VERTEX_POINT('',#12176);
#9898=LINE('',#12177,#12178);
#9899=VERTEX_POINT('',#12179);
#9900=LINE('',#12180,#12181);
#9901=CIRCLE('',#12182,0.00119999999879905);
#9902=FILL_AREA_STYLE_COLOUR('',#12183);
#9903=VERTEX_POINT('',#12184);
#9904=LINE('',#12185,#12186);
#9905=LINE('',#12187,#12188);
#9906=LINE('',#12189,#12190);
#9907=FILL_AREA_STYLE_COLOUR('',#12191);
#9908=VERTEX_POINT('',#12192);
#9909=LINE('',#12193,#12194);
#9910=VERTEX_POINT('',#12195);
#9911=CIRCLE('',#12196,0.002);
#9912=LINE('',#12197,#12198);
#9913=LINE('',#12199,#12200);
#9914=FILL_AREA_STYLE_COLOUR('',#12201);
#9915=VERTEX_POINT('',#12202);
#9916=CIRCLE('',#12203,0.00145);
#9917=VERTEX_POINT('',#12204);
#9918=CIRCLE('',#12205,0.00145);
#9919=VERTEX_POINT('',#12206);
#9920=VERTEX_POINT('',#12207);
#9921=CIRCLE('',#12208,0.00155);
#9922=VERTEX_POINT('',#12209);
#9923=LINE('',#12210,#12211);
#9924=VERTEX_POINT('',#12212);
#9925=CIRCLE('',#12213,0.00155);
#9926=VERTEX_POINT('',#12214);
#9927=LINE('',#12215,#12216);
#9928=VERTEX_POINT('',#12217);
#9929=CIRCLE('',#12218,0.00155);
#9930=VERTEX_POINT('',#12219);
#9931=LINE('',#12220,#12221);
#9932=VERTEX_POINT('',#12222);
#9933=CIRCLE('',#12223,0.00155);
#9934=LINE('',#12224,#12225);
#9935=FILL_AREA_STYLE_COLOUR('',#12226);
#9936=VERTEX_POINT('',#12227);
#9937=VERTEX_POINT('',#12228);
#9938=LINE('',#12229,#12230);
#9939=VERTEX_POINT('',#12231);
#9940=CIRCLE('',#12232,0.00325);
#9941=VERTEX_POINT('',#12233);
#9942=LINE('',#12234,#12235);
#9943=VERTEX_POINT('',#12236);
#9944=CIRCLE('',#12237,0.00325);
#9945=VERTEX_POINT('',#12238);
#9946=LINE('',#12239,#12240);
#9947=VERTEX_POINT('',#12241);
#9948=CIRCLE('',#12242,0.00325);
#9949=VERTEX_POINT('',#12243);
#9950=LINE('',#12244,#12245);
#9951=CIRCLE('',#12246,0.00325);
#9952=VERTEX_POINT('',#12247);
#9953=VERTEX_POINT('',#12248);
#9954=LINE('',#12249,#12250);
#9955=VERTEX_POINT('',#12251);
#9956=CIRCLE('',#12252,0.00155);
#9957=VERTEX_POINT('',#12253);
#9958=LINE('',#12254,#12255);
#9959=VERTEX_POINT('',#12256);
#9960=CIRCLE('',#12257,0.00155);
#9961=VERTEX_POINT('',#12258);
#9962=LINE('',#12259,#12260);
#9963=VERTEX_POINT('',#12261);
#9964=CIRCLE('',#12262,0.00155);
#9965=VERTEX_POINT('',#12263);
#9966=LINE('',#12264,#12265);
#9967=CIRCLE('',#12266,0.00155);
#9968=FILL_AREA_STYLE_COLOUR('',#12267);
#9969=VERTEX_POINT('',#12268);
#9970=CIRCLE('',#12269,0.00145);
#9971=FILL_AREA_STYLE_COLOUR('',#12270);
#9972=VERTEX_POINT('',#12271);
#9973=LINE('',#12272,#12273);
#9974=VERTEX_POINT('',#12274);
#9975=LINE('',#12275,#12276);
#9976=LINE('',#12277,#12278);
#9977=FILL_AREA_STYLE_COLOUR('',#12279);
#9978=VERTEX_POINT('',#12280);
#9979=CIRCLE('',#12281,0.00145);
#9980=FILL_AREA_STYLE_COLOUR('',#12282);
#9981=FILL_AREA_STYLE_COLOUR('',#12283);
#9982=FILL_AREA_STYLE_COLOUR('',#12284);
#9983=VERTEX_POINT('',#12285);
#9984=LINE('',#12286,#12287);
#9985=VERTEX_POINT('',#12288);
#9986=LINE('',#12289,#12290);
#9987=LINE('',#12291,#12292);
#9988=FILL_AREA_STYLE_COLOUR('',#12293);
#9989=VERTEX_POINT('',#12294);
#9990=LINE('',#12295,#12296);
#9991=CIRCLE('',#12297,0.00385);
#9992=FILL_AREA_STYLE_COLOUR('',#12298);
#9993=VERTEX_POINT('',#12299);
#9994=CIRCLE('',#12300,0.00385);
#9995=LINE('',#12301,#12302);
#9996=FILL_AREA_STYLE_COLOUR('',#12303);
#9997=VERTEX_POINT('',#12304);
#9998=LINE('',#12305,#12306);
#9999=LINE('',#12307,#12308);
#10000=FILL_AREA_STYLE_COLOUR('',#12309);
#10001=VERTEX_POINT('',#12310);
#10002=LINE('',#12311,#12312);
#10003=LINE('',#12313,#12314);
#10004=FILL_AREA_STYLE_COLOUR('',#12315);
#10005=VERTEX_POINT('',#12316);
#10006=LINE('',#12317,#12318);
#10007=CIRCLE('',#12319,0.00385);
#10008=FILL_AREA_STYLE_COLOUR('',#12320);
#10009=VERTEX_POINT('',#12321);
#10010=CIRCLE('',#12322,0.00385);
#10011=LINE('',#12323,#12324);
#10012=FILL_AREA_STYLE_COLOUR('',#12325);
#10013=LINE('',#12326,#12327);
#10014=FILL_AREA_STYLE_COLOUR('',#12328);
#10015=LINE('',#12329,#12330);
#10016=LINE('',#12331,#12332);
#10017=FILL_AREA_STYLE_COLOUR('',#12333);
#10018=LINE('',#12334,#12335);
#10019=FILL_AREA_STYLE_COLOUR('',#12336);
#10020=LINE('',#12337,#12338);
#10021=FILL_AREA_STYLE_COLOUR('',#12339);
#10022=LINE('',#12340,#12341);
#10023=FILL_AREA_STYLE_COLOUR('',#12342);
#10024=LINE('',#12343,#12344);
#10025=FILL_AREA_STYLE_COLOUR('',#12345);
#10026=LINE('',#12346,#12347);
#10027=FILL_AREA_STYLE_COLOUR('',#12348);
#10028=LINE('',#12349,#12350);
#10029=FILL_AREA_STYLE_COLOUR('',#12351);
#10030=FILL_AREA_STYLE_COLOUR('',#12352);
#10031=VERTEX_POINT('',#12353);
#10032=VERTEX_POINT('',#12354);
#10033=LINE('',#12355,#12356);
#10034=VERTEX_POINT('',#12357);
#10035=CIRCLE('',#12358,0.00325);
#10036=VERTEX_POINT('',#12359);
#10037=LINE('',#12360,#12361);
#10038=VERTEX_POINT('',#12362);
#10039=CIRCLE('',#12363,0.00325);
#10040=VERTEX_POINT('',#12364);
#10041=LINE('',#12365,#12366);
#10042=CIRCLE('',#12367,0.00325);
#10043=CIRCLE('',#12368,0.00325);
#10044=FILL_AREA_STYLE_COLOUR('',#12369);
#10045=LINE('',#12370,#12371);
#10046=FILL_AREA_STYLE_COLOUR('',#12372);
#10047=LINE('',#12373,#12374);
#10048=FILL_AREA_STYLE_COLOUR('',#12375);
#10049=LINE('',#12376,#12377);
#10050=FILL_AREA_STYLE_COLOUR('',#12378);
#10051=LINE('',#12379,#12380);
#10052=FILL_AREA_STYLE_COLOUR('',#12381);
#10053=LINE('',#12382,#12383);
#10054=FILL_AREA_STYLE_COLOUR('',#12384);
#10055=LINE('',#12385,#12386);
#10056=FILL_AREA_STYLE_COLOUR('',#12387);
#10057=FILL_AREA_STYLE_COLOUR('',#12388);
#10058=VERTEX_POINT('',#12389);
#10059=CIRCLE('',#12390,0.00119999999879905);
#10060=LINE('',#12391,#12392);
#10061=VERTEX_POINT('',#12393);
#10062=LINE('',#12394,#12395);
#10063=VERTEX_POINT('',#12396);
#10064=CIRCLE('',#12397,0.002);
#10065=LINE('',#12398,#12399);
#10066=LINE('',#12400,#12401);
#10067=LINE('',#12402,#12403);
#10068=LINE('',#12404,#12405);
#10069=LINE('',#12406,#12407);
#10070=FILL_AREA_STYLE_COLOUR('',#12408);
#10071=FILL_AREA_STYLE_COLOUR('',#12409);
#10072=LINE('',#12410,#12411);
#10073=FILL_AREA_STYLE_COLOUR('',#12412);
#10074=FILL_AREA_STYLE_COLOUR('',#12413);
#10075=FILL_AREA_STYLE_COLOUR('',#12414);
#10076=LINE('',#12415,#12416);
#10077=FILL_AREA_STYLE_COLOUR('',#12417);
#10078=LINE('',#12418,#12419);
#10079=FILL_AREA_STYLE_COLOUR('',#12420);
#10080=FILL_AREA_STYLE_COLOUR('',#12421);
#10081=FILL_AREA_STYLE_COLOUR('',#12422);
#10082=FILL_AREA_STYLE_COLOUR('',#12423);
#10083=VERTEX_POINT('',#12424);
#10084=VERTEX_POINT('',#12425);
#10085=B_SPLINE_CURVE_WITH_KNOTS('',2,(#12426,#12427,#12428,#12429,#12430,#12431,#12432,#12433,#12434,#12435,#12436,#12437,#12438,#12439,#12440,#12441,#12442,#12443,#12444,#12445,#12446,#12447,#12448,#12449,#12450,#12451,#12452,#12453,#12454,#12455,#12456,#12457,#12458,#12459,#12460,#12461,#12462,#12463,#12464,#12465,#12466,#12467,#12468,#12469,#12470,#12471,#12472,#12473,#12474,#12475,#12476,#12477,#12478,#12479,#12480,#12481,#12482,#12483,#12484,#12485,#12486,#12487,#12488,#12489,#12490),.UNSPECIFIED.,.F.,.F.,(3,2,2,2,2,2,2,2,2,2,2,2,2,2,2,2,2,2,2,2,2,2,2,2,2,2,2,2,2,2,2,2,3),(0.0,0.0625,0.09375,0.125,0.15625,0.1875,0.21875,0.25,0.28125,0.3125,0.34375,0.375,0.40625,0.4375,0.46875,0.5,0.53125,0.5625,0.59375,0.625,0.65625,0.6875,0.71875,0.75,0.78125,0.8125,0.84375,0.875,0.90625,0.9375,0.96875,0.986607142857143,1.0),.UNSPECIFIED.);
#10086=VERTEX_POINT('',#12491);
#10087=B_SPLINE_CURVE_WITH_KNOTS('',2,(#12492,#12493,#12494,#12495,#12496,#12497,#12498,#12499,#12500,#12501,#12502,#12503,#12504,#12505,#12506,#12507,#12508,#12509,#12510,#12511,#12512,#12513,#12514,#12515,#12516,#12517,#12518,#12519,#12520,#12521,#12522,#12523,#12524,#12525,#12526,#12527,#12528,#12529,#12530,#12531,#12532,#12533,#12534,#12535,#12536,#12537,#12538,#12539,#12540,#12541,#12542,#12543,#12544,#12545,#12546,#12547,#12548,#12549,#12550,#12551,#12552,#12553,#12554,#12555,#12556),.UNSPECIFIED.,.F.,.F.,(3,2,2,2,2,2,2,2,2,2,2,2,2,2,2,2,2,2,2,2,2,2,2,2,2,2,2,2,2,2,2,2,3),(0.0,0.0208333333333333,0.0625,0.09375,0.125,0.15625,0.1875,0.21875,0.25,0.28125,0.3125,0.34375,0.375,0.40625,0.4375,0.46875,0.5,0.53125,0.5625,0.59375,0.625,0.65625,0.6875,0.71875,0.75,0.78125,0.8125,0.84375,0.875,0.90625,0.9375,0.96875,1.0),.UNSPECIFIED.);
#10088=VERTEX_POINT('',#12557);
#10089=B_SPLINE_CURVE_WITH_KNOTS('',2,(#12558,#12559,#12560,#12561,#12562,#12563,#12564,#12565,#12566,#12567,#12568,#12569,#12570,#12571,#12572,#12573,#12574,#12575,#12576,#12577,#12578,#12579,#12580,#12581,#12582,#12583,#12584,#12585,#12586,#12587,#12588,#12589,#12590,#12591,#12592,#12593,#12594,#12595,#12596,#12597,#12598,#12599,#12600,#12601,#12602,#12603,#12604,#12605,#12606,#12607,#12608,#12609,#12610,#12611,#12612,#12613,#12614,#12615,#12616,#12617,#12618,#12619,#12620,#12621,#12622),.UNSPECIFIED.,.F.,.F.,(3,2,2,2,2,2,2,2,2,2,2,2,2,2,2,2,2,2,2,2,2,2,2,2,2,2,2,2,2,2,2,2,3),(0.0,0.0625,0.09375,0.125,0.15625,0.1875,0.21875,0.25,0.28125,0.3125,0.34375,0.375,0.40625,0.4375,0.46875,0.5,0.53125,0.5625,0.59375,0.625,0.65625,0.6875,0.71875,0.75,0.78125,0.8125,0.84375,0.875,0.90625,0.9375,0.96875,0.986607142857143,1.0),.UNSPECIFIED.);
#10090=B_SPLINE_CURVE_WITH_KNOTS('',2,(#12623,#12624,#12625,#12626,#12627,#12628,#12629,#12630,#12631,#12632,#12633,#12634,#12635,#12636,#12637,#12638,#12639,#12640,#12641,#12642,#12643,#12644,#12645,#12646,#12647,#12648,#12649,#12650,#12651,#12652,#12653,#12654,#12655,#12656,#12657,#12658,#12659,#12660,#12661,#12662,#12663,#12664,#12665,#12666,#12667,#12668,#12669,#12670,#12671,#12672,#12673,#12674,#12675,#12676,#12677,#12678,#12679,#12680,#12681,#12682,#12683,#12684,#12685),.UNSPECIFIED.,.F.,.F.,(3,2,2,2,2,2,2,2,2,2,2,2,2,2,2,2,2,2,2,2,2,2,2,2,2,2,2,2,2,2,2,3),(0.0,0.0625,0.09375,0.125,0.15625,0.1875,0.21875,0.25,0.28125,0.3125,0.34375,0.375,0.40625,0.4375,0.46875,0.5,0.53125,0.5625,0.59375,0.625,0.65625,0.6875,0.71875,0.75,0.78125,0.8125,0.84375,0.875,0.90625,0.9375,0.96875,1.0),.UNSPECIFIED.);
#10091=FILL_AREA_STYLE_COLOUR('',#12686);
#10092=VERTEX_POINT('',#12687);
#10093=LINE('',#12688,#12689);
#10094=VERTEX_POINT('',#12690);
#10095=B_SPLINE_CURVE_WITH_KNOTS('',3,(#12691,#12692,#12693,#12694,#12695,#12696,#12697,#12698,#12699,#12700),.UNSPECIFIED.,.F.,.F.,(4,2,2,2,4),(0.0,0.00708522807924092,0.0141704561584818,0.0212556842377228,0.0283409123169637),.UNSPECIFIED.);
#10096=LINE('',#12701,#12702);
#10097=FILL_AREA_STYLE_COLOUR('',#12703);
#10098=VERTEX_POINT('',#12704);
#10099=B_SPLINE_CURVE_WITH_KNOTS('',3,(#12705,#12706,#12707,#12708,#12709,#12710,#12711,#12712,#12713,#12714),.UNSPECIFIED.,.F.,.F.,(4,2,2,2,4),(0.00686496947497055,0.00764142139189261,0.00841787330881467,0.00919432522573672,0.00997077714265878),.UNSPECIFIED.);
#10100=LINE('',#12715,#12716);
#10101=FILL_AREA_STYLE_COLOUR('',#12717);
#10102=VERTEX_POINT('',#12718);
#10103=B_SPLINE_CURVE_WITH_KNOTS('',3,(#12719,#12720,#12721,#12722,#12723,#12724,#12725,#12726,#12727,#12728),.UNSPECIFIED.,.F.,.F.,(4,2,2,2,4),(0.0495200070216094,0.0573914641711526,0.0652629213206958,0.073134378470239,0.0810058356197821),.UNSPECIFIED.);
#10104=LINE('',#12729,#12730);
#10105=FILL_AREA_STYLE_COLOUR('',#12731);
#10106=B_SPLINE_CURVE_WITH_KNOTS('',3,(#12732,#12733,#12734,#12735,#12736,#12737,#12738,#12739,#12740,#12741),.UNSPECIFIED.,.F.,.F.,(4,2,2,2,4),(0.00667021959068418,0.00744510912523961,0.00821999865979503,0.00899488819435046,0.00976977772890588),.UNSPECIFIED.);
#10107=FILL_AREA_STYLE_COLOUR('',#12742);
#10108=FILL_AREA_STYLE_COLOUR('',#12743);
#10109=VERTEX_POINT('',#12744);
#10110=VERTEX_POINT('',#12745);
#10111=LINE('',#12746,#12747);
#10112=VERTEX_POINT('',#12748);
#10113=B_SPLINE_CURVE_WITH_KNOTS('',3,(#12749,#12750,#12751,#12752,#12753,#12754,#12755,#12756,#12757,#12758),.UNSPECIFIED.,.F.,.F.,(4,2,2,2,4),(0.00686496947512159,0.00764142139204332,0.00841787330896505,0.00919432522588678,0.00997077714280851),.UNSPECIFIED.);
#10114=VERTEX_POINT('',#12759);
#10115=LINE('',#12760,#12761);
#10116=B_SPLINE_CURVE_WITH_KNOTS('',2,(#12762,#12763,#12764,#12765,#12766,#12767,#12768,#12769,#12770,#12771,#12772,#12773,#12774,#12775,#12776,#12777,#12778,#12779,#12780,#12781,#12782,#12783,#12784,#12785,#12786,#12787,#12788,#12789,#12790,#12791,#12792,#12793,#12794,#12795,#12796,#12797,#12798,#12799,#12800,#12801,#12802,#12803,#12804,#12805,#12806,#12807,#12808,#12809,#12810,#12811,#12812,#12813,#12814,#12815,#12816,#12817,#12818,#12819,#12820,#12821,#12822,#12823,#12824,#12825,#12826),.UNSPECIFIED.,.F.,.F.,(3,2,2,2,2,2,2,2,2,2,2,2,2,2,2,2,2,2,2,2,2,2,2,2,2,2,2,2,2,2,2,2,3),(0.0,0.0625,0.09375,0.125,0.15625,0.1875,0.21875,0.25,0.28125,0.3125,0.34375,0.375,0.40625,0.4375,0.46875,0.5,0.53125,0.5625,0.59375,0.625,0.65625,0.6875,0.71875,0.75,0.78125,0.8125,0.84375,0.875,0.90625,0.9375,0.96875,0.986607142857143,1.0),.UNSPECIFIED.);
#10117=FILL_AREA_STYLE_COLOUR('',#12827);
#10118=VERTEX_POINT('',#12828);
#10119=VERTEX_POINT('',#12829);
#10120=LINE('',#12830,#12831);
#10121=VERTEX_POINT('',#12832);
#10122=B_SPLINE_CURVE_WITH_KNOTS('',3,(#12833,#12834,#12835,#12836,#12837,#12838,#12839,#12840,#12841,#12842),.UNSPECIFIED.,.F.,.F.,(4,2,2,2,4),(0.00667021958987994,0.00744510912442735,0.00821999865897476,0.00899488819352217,0.00976977772806958),.UNSPECIFIED.);
#10123=VERTEX_POINT('',#12843);
#10124=LINE('',#12844,#12845);
#10125=B_SPLINE_CURVE_WITH_KNOTS('',2,(#12846,#12847,#12848,#12849,#12850,#12851,#12852,#12853,#12854,#12855,#12856,#12857,#12858,#12859,#12860,#12861,#12862,#12863,#12864,#12865,#12866,#12867,#12868,#12869,#12870,#12871,#12872,#12873,#12874,#12875,#12876,#12877,#12878,#12879,#12880,#12881,#12882,#12883,#12884,#12885,#12886,#12887,#12888,#12889,#12890,#12891,#12892,#12893,#12894,#12895,#12896,#12897,#12898,#12899,#12900,#12901,#12902,#12903,#12904,#12905,#12906,#12907,#12908,#12909,#12910),.UNSPECIFIED.,.F.,.F.,(3,2,2,2,2,2,2,2,2,2,2,2,2,2,2,2,2,2,2,2,2,2,2,2,2,2,2,2,2,2,2,2,3),(0.0,0.0625,0.09375,0.125,0.15625,0.1875,0.21875,0.25,0.28125,0.3125,0.34375,0.375,0.40625,0.4375,0.46875,0.5,0.53125,0.5625,0.59375,0.625,0.65625,0.6875,0.71875,0.75,0.78125,0.8125,0.84375,0.875,0.90625,0.9375,0.96875,0.986607142857143,1.0),.UNSPECIFIED.);
#10126=FILL_AREA_STYLE_COLOUR('',#12911);
#10127=B_SPLINE_CURVE_WITH_KNOTS('',2,(#12912,#12913,#12914,#12915,#12916,#12917,#12918,#12919,#12920,#12921,#12922,#12923,#12924,#12925,#12926,#12927,#12928,#12929,#12930,#12931,#12932,#12933,#12934,#12935,#12936,#12937,#12938,#12939,#12940,#12941,#12942,#12943,#12944,#12945,#12946,#12947,#12948,#12949,#12950,#12951,#12952,#12953,#12954,#12955,#12956,#12957,#12958,#12959,#12960,#12961,#12962,#12963,#12964,#12965,#12966,#12967,#12968,#12969,#12970,#12971,#12972,#12973,#12974),.UNSPECIFIED.,.F.,.F.,(3,2,2,2,2,2,2,2,2,2,2,2,2,2,2,2,2,2,2,2,2,2,2,2,2,2,2,2,2,2,2,3),(1.77123216093853E-08,0.0625000166053015,0.0937500160517915,0.125000015498281,0.156250014944771,0.187500014391261,0.218750013837751,0.250000013284241,0.281250012730731,0.312500012177221,0.343750011623711,0.375000011070201,0.406250010516691,0.437500009963181,0.468750009409671,0.500000008856161,0.531250008302651,0.562500007749141,0.593750007195631,0.625000006642121,0.656250006088611,0.6875000055351,0.71875000498159,0.75000000442808,0.78125000387457,0.81250000332106,0.84375000276755,0.87500000221404,0.90625000166053,0.93750000110702,0.96875000055351,1.0),.UNSPECIFIED.);
#10128=B_SPLINE_CURVE_WITH_KNOTS('',2,(#12975,#12976,#12977,#12978,#12979,#12980,#12981,#12982,#12983,#12984,#12985,#12986,#12987,#12988,#12989,#12990,#12991,#12992,#12993,#12994,#12995,#12996,#12997,#12998,#12999,#13000,#13001,#13002,#13003,#13004,#13005,#13006,#13007,#13008,#13009,#13010,#13011,#13012,#13013,#13014,#13015,#13016,#13017,#13018,#13019,#13020,#13021,#13022,#13023,#13024,#13025,#13026,#13027,#13028,#13029,#13030,#13031,#13032,#13033,#13034,#13035,#13036,#13037,#13038,#13039),.UNSPECIFIED.,.F.,.F.,(3,2,2,2,2,2,2,2,2,2,2,2,2,2,2,2,2,2,2,2,2,2,2,2,2,2,2,2,2,2,2,2,3),(0.0,0.0208333333333333,0.0625,0.09375,0.125,0.15625,0.1875,0.21875,0.25,0.28125,0.3125,0.34375,0.375,0.40625,0.4375,0.46875,0.5,0.53125,0.5625,0.59375,0.625,0.65625,0.6875,0.71875,0.75,0.78125,0.8125,0.84375,0.875,0.90625,0.9375,0.96875,1.0),.UNSPECIFIED.);
#10129=FILL_AREA_STYLE_COLOUR('',#13040);
#10130=B_SPLINE_CURVE_WITH_KNOTS('',3,(#13041,#13042,#13043,#13044,#13045,#13046,#13047,#13048,#13049,#13050),.UNSPECIFIED.,.F.,.F.,(4,2,2,2,4),(0.0450133760303127,0.0520967080859989,0.0591800401416852,0.0662633721973715,0.07334670475498),.UNSPECIFIED.);
#10131=FILL_AREA_STYLE_COLOUR('',#13051);
#10132=B_SPLINE_CURVE_WITH_KNOTS('',3,(#13052,#13053,#13054,#13055,#13056,#13057,#13058,#13059,#13060,#13061),.UNSPECIFIED.,.F.,.F.,(4,2,2,2,4),(0.0,0.0078837078691298,0.0157674157382596,0.0236511236073894,0.0315348314765192),.UNSPECIFIED.);
#10133=FILL_AREA_STYLE_COLOUR('',#13062);
#10134=FILL_AREA_STYLE_COLOUR('',#13063);
#10135=VERTEX_POINT('',#13064);
#10136=VERTEX_POINT('',#13065);
#10137=LINE('',#13066,#13067);
#10138=VERTEX_POINT('',#13068);
#10139=B_SPLINE_CURVE_WITH_KNOTS('',3,(#13069,#13070,#13071,#13072,#13073,#13074,#13075,#13076,#13077,#13078),.UNSPECIFIED.,.F.,.F.,(4,2,2,2,4),(0.00686496947511316,0.00764142139203491,0.00841787330895666,0.0091943252258784,0.00997077714280015),.UNSPECIFIED.);
#10140=VERTEX_POINT('',#13079);
#10141=LINE('',#13080,#13081);
#10142=B_SPLINE_CURVE_WITH_KNOTS('',2,(#13082,#13083,#13084,#13085,#13086,#13087,#13088,#13089,#13090,#13091,#13092,#13093,#13094,#13095,#13096,#13097,#13098,#13099,#13100,#13101,#13102,#13103,#13104,#13105,#13106,#13107,#13108,#13109,#13110,#13111,#13112,#13113,#13114,#13115,#13116,#13117,#13118,#13119,#13120,#13121,#13122,#13123,#13124,#13125,#13126,#13127,#13128,#13129,#13130,#13131,#13132,#13133,#13134,#13135,#13136,#13137,#13138,#13139,#13140,#13141,#13142,#13143,#13144,#13145,#13146),.UNSPECIFIED.,.F.,.F.,(3,2,2,2,2,2,2,2,2,2,2,2,2,2,2,2,2,2,2,2,2,2,2,2,2,2,2,2,2,2,2,2,3),(0.0,0.0625,0.09375,0.125,0.15625,0.1875,0.21875,0.25,0.28125,0.3125,0.34375,0.375,0.40625,0.4375,0.46875,0.5,0.53125,0.5625,0.59375,0.625,0.65625,0.6875,0.71875,0.75,0.78125,0.8125,0.84375,0.875,0.90625,0.9375,0.96875,0.986607142857143,1.0),.UNSPECIFIED.);
#10143=FILL_AREA_STYLE_COLOUR('',#13147);
#10144=VERTEX_POINT('',#13148);
#10145=VERTEX_POINT('',#13149);
#10146=LINE('',#13150,#13151);
#10147=VERTEX_POINT('',#13152);
#10148=B_SPLINE_CURVE_WITH_KNOTS('',3,(#13153,#13154,#13155,#13156,#13157,#13158,#13159,#13160,#13161,#13162),.UNSPECIFIED.,.F.,.F.,(4,2,2,2,4),(0.00667021958989761,0.00744510912444509,0.00821999865899256,0.00899488819354004,0.00976977772808752),.UNSPECIFIED.);
#10149=VERTEX_POINT('',#13163);
#10150=LINE('',#13164,#13165);
#10151=B_SPLINE_CURVE_WITH_KNOTS('',2,(#13166,#13167,#13168,#13169,#13170,#13171,#13172,#13173,#13174,#13175,#13176,#13177,#13178,#13179,#13180,#13181,#13182,#13183,#13184,#13185,#13186,#13187,#13188,#13189,#13190,#13191,#13192,#13193,#13194,#13195,#13196,#13197,#13198,#13199,#13200,#13201,#13202,#13203,#13204,#13205,#13206,#13207,#13208,#13209,#13210,#13211,#13212,#13213,#13214,#13215,#13216,#13217,#13218,#13219,#13220,#13221,#13222,#13223,#13224,#13225,#13226,#13227,#13228,#13229,#13230),.UNSPECIFIED.,.F.,.F.,(3,2,2,2,2,2,2,2,2,2,2,2,2,2,2,2,2,2,2,2,2,2,2,2,2,2,2,2,2,2,2,2,3),(0.0,0.0625,0.09375,0.125,0.15625,0.1875,0.21875,0.25,0.28125,0.3125,0.34375,0.375,0.40625,0.4375,0.46875,0.5,0.53125,0.5625,0.59375,0.625,0.65625,0.6875,0.71875,0.75,0.78125,0.8125,0.84375,0.875,0.90625,0.9375,0.96875,0.986607142857143,1.0),.UNSPECIFIED.);
#10152=FILL_AREA_STYLE_COLOUR('',#13231);
#10153=B_SPLINE_CURVE_WITH_KNOTS('',2,(#13232,#13233,#13234,#13235,#13236,#13237,#13238,#13239,#13240,#13241,#13242,#13243,#13244,#13245,#13246,#13247,#13248,#13249,#13250,#13251,#13252,#13253,#13254,#13255,#13256,#13257,#13258,#13259,#13260,#13261,#13262,#13263,#13264,#13265,#13266,#13267,#13268,#13269,#13270,#13271,#13272,#13273,#13274,#13275,#13276,#13277,#13278,#13279,#13280,#13281,#13282,#13283,#13284,#13285,#13286,#13287,#13288,#13289,#13290,#13291,#13292,#13293,#13294),.UNSPECIFIED.,.F.,.F.,(3,2,2,2,2,2,2,2,2,2,2,2,2,2,2,2,2,2,2,2,2,2,2,2,2,2,2,2,2,2,2,3),(2.65684823319169E-08,0.0625000249079522,0.0937500240776871,0.125000023247422,0.156250022417157,0.187500021586892,0.218750020756627,0.250000019926362,0.281250019096097,0.312500018265832,0.343750017435567,0.375000016605302,0.406250015775036,0.437500014944771,0.468750014114506,0.500000013284241,0.531250012453976,0.562500011623711,0.593750010793446,0.625000009963181,0.656250009132916,0.687500008302651,0.718750007472386,0.750000006642121,0.781250005811856,0.81250000498159,0.843750004151325,0.87500000332106,0.906250002490795,0.93750000166053,0.968750000830265,1.0),.UNSPECIFIED.);
#10154=B_SPLINE_CURVE_WITH_KNOTS('',2,(#13295,#13296,#13297,#13298,#13299,#13300,#13301,#13302,#13303,#13304,#13305,#13306,#13307,#13308,#13309,#13310,#13311,#13312,#13313,#13314,#13315,#13316,#13317,#13318,#13319,#13320,#13321,#13322,#13323,#13324,#13325,#13326,#13327,#13328,#13329,#13330,#13331,#13332,#13333,#13334,#13335,#13336,#13337,#13338,#13339,#13340,#13341,#13342,#13343,#13344,#13345,#13346,#13347,#13348,#13349,#13350,#13351,#13352,#13353,#13354,#13355,#13356,#13357),.UNSPECIFIED.,.F.,.F.,(3,2,2,2,2,2,2,2,2,2,2,2,2,2,2,2,2,2,2,2,2,2,2,2,2,2,2,2,2,2,2,3),(0.0,0.0625,0.09375,0.125,0.15625,0.1875,0.21875,0.25,0.28125,0.3125,0.34375,0.375,0.40625,0.4375,0.46875,0.5,0.53125,0.5625,0.59375,0.625,0.65625,0.6875,0.71875,0.75,0.78125,0.8125,0.84375,0.875,0.90625,0.9375,0.96875,1.0),.UNSPECIFIED.);
#10155=FILL_AREA_STYLE_COLOUR('',#13358);
#10156=B_SPLINE_CURVE_WITH_KNOTS('',3,(#13359,#13360,#13361,#13362,#13363,#13364,#13365,#13366,#13367,#13368),.UNSPECIFIED.,.F.,.F.,(4,2,2,2,4),(0.0384177693897328,0.0431311952969745,0.0478446212042162,0.0525580471114579,0.0572714735196053),.UNSPECIFIED.);
#10157=FILL_AREA_STYLE_COLOUR('',#13369);
#10158=B_SPLINE_CURVE_WITH_KNOTS('',3,(#13370,#13371,#13372,#13373,#13374,#13375,#13376,#13377,#13378,#13379),.UNSPECIFIED.,.F.,.F.,(4,2,2,2,4),(0.0,0.00548599856464225,0.0109719971292845,0.0164579956939268,0.021943994258569),.UNSPECIFIED.);
#10159=FILL_AREA_STYLE_COLOUR('',#13380);
#10160=FILL_AREA_STYLE_COLOUR('',#13381);
#10161=VERTEX_POINT('',#13382);
#10162=VERTEX_POINT('',#13383);
#10163=LINE('',#13384,#13385);
#10164=VERTEX_POINT('',#13386);
#10165=B_SPLINE_CURVE_WITH_KNOTS('',3,(#13387,#13388,#13389,#13390,#13391,#13392,#13393,#13394,#13395,#13396),.UNSPECIFIED.,.F.,.F.,(4,2,2,2,4),(0.00686496947490984,0.00764142139183219,0.00841787330875455,0.0091943252256769,0.00997077714259925),.UNSPECIFIED.);
#10166=VERTEX_POINT('',#13397);
#10167=LINE('',#13398,#13399);
#10168=B_SPLINE_CURVE_WITH_KNOTS('',2,(#13400,#13401,#13402,#13403,#13404,#13405,#13406,#13407,#13408,#13409,#13410,#13411,#13412,#13413,#13414,#13415,#13416,#13417,#13418,#13419,#13420,#13421,#13422,#13423,#13424,#13425,#13426,#13427,#13428,#13429,#13430,#13431,#13432,#13433,#13434,#13435,#13436,#13437,#13438,#13439,#13440,#13441,#13442,#13443,#13444,#13445,#13446,#13447,#13448,#13449,#13450,#13451,#13452,#13453,#13454,#13455,#13456,#13457,#13458,#13459,#13460,#13461,#13462,#13463,#13464),.UNSPECIFIED.,.F.,.F.,(3,2,2,2,2,2,2,2,2,2,2,2,2,2,2,2,2,2,2,2,2,2,2,2,2,2,2,2,2,2,2,2,3),(0.0,0.0625,0.09375,0.125,0.15625,0.1875,0.21875,0.25,0.28125,0.3125,0.34375,0.375,0.40625,0.4375,0.46875,0.5,0.53125,0.5625,0.59375,0.625,0.65625,0.6875,0.71875,0.75,0.78125,0.8125,0.84375,0.875,0.90625,0.9375,0.96875,0.986607142857143,1.0),.UNSPECIFIED.);
#10169=FILL_AREA_STYLE_COLOUR('',#13465);
#10170=VERTEX_POINT('',#13466);
#10171=VERTEX_POINT('',#13467);
#10172=LINE('',#13468,#13469);
#10173=VERTEX_POINT('',#13470);
#10174=B_SPLINE_CURVE_WITH_KNOTS('',3,(#13471,#13472,#13473,#13474,#13475,#13476,#13477,#13478,#13479,#13480),.UNSPECIFIED.,.F.,.F.,(4,2,2,2,4),(0.00667021958979511,0.00744510912434164,0.00821999865888818,0.00899488819343471,0.00976977772798124),.UNSPECIFIED.);
#10175=VERTEX_POINT('',#13481);
#10176=LINE('',#13482,#13483);
#10177=B_SPLINE_CURVE_WITH_KNOTS('',2,(#13484,#13485,#13486,#13487,#13488,#13489,#13490,#13491,#13492,#13493,#13494,#13495,#13496,#13497,#13498,#13499,#13500,#13501,#13502,#13503,#13504,#13505,#13506,#13507,#13508,#13509,#13510,#13511,#13512,#13513,#13514,#13515,#13516,#13517,#13518,#13519,#13520,#13521,#13522,#13523,#13524,#13525,#13526,#13527,#13528,#13529,#13530,#13531,#13532,#13533,#13534,#13535,#13536,#13537,#13538,#13539,#13540,#13541,#13542,#13543,#13544,#13545,#13546,#13547,#13548),.UNSPECIFIED.,.F.,.F.,(3,2,2,2,2,2,2,2,2,2,2,2,2,2,2,2,2,2,2,2,2,2,2,2,2,2,2,2,2,2,2,2,3),(0.0,0.0625,0.09375,0.125,0.15625,0.1875,0.21875,0.25,0.28125,0.3125,0.34375,0.375,0.40625,0.4375,0.46875,0.5,0.53125,0.5625,0.59375,0.625,0.65625,0.6875,0.71875,0.75,0.78125,0.8125,0.84375,0.875,0.90625,0.9375,0.96875,0.986607142857143,1.0),.UNSPECIFIED.);
#10178=FILL_AREA_STYLE_COLOUR('',#13549);
#10179=B_SPLINE_CURVE_WITH_KNOTS('',2,(#13550,#13551,#13552,#13553,#13554,#13555,#13556,#13557,#13558,#13559,#13560,#13561,#13562,#13563,#13564,#13565,#13566,#13567,#13568,#13569,#13570,#13571,#13572,#13573,#13574,#13575,#13576,#13577,#13578,#13579,#13580,#13581,#13582,#13583,#13584,#13585,#13586,#13587,#13588,#13589,#13590,#13591,#13592,#13593,#13594,#13595,#13596,#13597,#13598,#13599,#13600,#13601,#13602,#13603,#13604,#13605,#13606,#13607,#13608,#13609,#13610,#13611,#13612),.UNSPECIFIED.,.F.,.F.,(3,2,2,2,2,2,2,2,2,2,2,2,2,2,2,2,2,2,2,2,2,2,2,2,2,2,2,2,2,2,2,3),(4.55459698824193E-08,0.0625000426993468,0.0982143267869907,0.125000039852724,0.160714323940368,0.187500037006101,0.223214321093744,0.250000034159477,0.285714318247121,0.312500031312854,0.348214315400498,0.375000028466231,0.410714312553875,0.437500025619608,0.473214309707252,0.500000022772985,0.535714306860629,0.562500019926362,0.598214304014006,0.625000017079739,0.660714301167383,0.687500014233116,0.723214298320759,0.750000011386492,0.785714295474136,0.812500008539869,0.848214292627513,0.875000005693246,0.91071428978089,0.937500002846623,0.968750001423312,1.0),.UNSPECIFIED.);
#10180=B_SPLINE_CURVE_WITH_KNOTS('',2,(#13613,#13614,#13615,#13616,#13617,#13618,#13619,#13620,#13621,#13622,#13623,#13624,#13625,#13626,#13627,#13628,#13629,#13630,#13631,#13632,#13633,#13634,#13635,#13636,#13637,#13638,#13639,#13640,#13641,#13642,#13643,#13644,#13645,#13646,#13647,#13648,#13649,#13650,#13651,#13652,#13653,#13654,#13655,#13656,#13657,#13658,#13659,#13660,#13661,#13662,#13663,#13664,#13665,#13666,#13667,#13668,#13669,#13670,#13671,#13672,#13673,#13674,#13675),.UNSPECIFIED.,.F.,.F.,(3,2,2,2,2,2,2,2,2,2,2,2,2,2,2,2,2,2,2,2,2,2,2,2,2,2,2,2,2,2,2,3),(0.0,0.0625,0.0982142857142857,0.125,0.160714285714286,0.1875,0.223214285714286,0.25,0.285714285714286,0.3125,0.348214285714286,0.375,0.410714285714286,0.4375,0.473214285714286,0.5,0.535714285714286,0.5625,0.598214285714286,0.625,0.660714285714286,0.6875,0.723214285714286,0.75,0.785714285714286,0.8125,0.848214285714286,0.875,0.910714285714286,0.9375,0.96875,1.0),.UNSPECIFIED.);
#10181=FILL_AREA_STYLE_COLOUR('',#13676);
#10182=B_SPLINE_CURVE_WITH_KNOTS('',3,(#13677,#13678,#13679,#13680,#13681,#13682,#13683,#13684,#13685,#13686),.UNSPECIFIED.,.F.,.F.,(4,2,2,2,4),(0.0220992584574007,0.0248360160886473,0.0275727737198939,0.0303095313511405,0.0330462894806342),.UNSPECIFIED.);
#10183=FILL_AREA_STYLE_COLOUR('',#13687);
#10184=B_SPLINE_CURVE_WITH_KNOTS('',3,(#13688,#13689,#13690,#13691,#13692,#13693,#13694,#13695,#13696,#13697),.UNSPECIFIED.,.F.,.F.,(4,2,2,2,4),(0.0,0.00351542618794529,0.00703085237589059,0.0105462785638359,0.0140617047517812),.UNSPECIFIED.);
#10185=FILL_AREA_STYLE_COLOUR('',#13698);
#10186=FILL_AREA_STYLE_COLOUR('',#13699);
#10187=VERTEX_POINT('',#13700);
#10188=CIRCLE('',#13701,0.003);
#10189=FILL_AREA_STYLE_COLOUR('',#13702);
#10190=VERTEX_POINT('',#13703);
#10191=CIRCLE('',#13704,0.003);
#10192=FILL_AREA_STYLE_COLOUR('',#13705);
#10193=FILL_AREA_STYLE_COLOUR('',#13706);
#10194=VERTEX_POINT('',#13707);
#10195=VERTEX_POINT('',#13708);
#10196=B_SPLINE_CURVE_WITH_KNOTS('',2,(#13709,#13710,#13711,#13712,#13713,#13714,#13715,#13716,#13717,#13718,#13719,#13720,#13721,#13722,#13723,#13724,#13725,#13726,#13727,#13728,#13729,#13730,#13731,#13732,#13733,#13734,#13735,#13736,#13737,#13738,#13739,#13740,#13741,#13742,#13743,#13744,#13745,#13746,#13747,#13748,#13749,#13750,#13751,#13752,#13753,#13754,#13755,#13756,#13757,#13758,#13759,#13760,#13761,#13762,#13763,#13764,#13765,#13766,#13767,#13768,#13769,#13770,#13771,#13772,#13773),.UNSPECIFIED.,.F.,.F.,(3,2,2,2,2,2,2,2,2,2,2,2,2,2,2,2,2,2,2,2,2,2,2,2,2,2,2,2,2,2,2,2,3),(0.0,0.0625,0.09375,0.125,0.15625,0.1875,0.21875,0.25,0.28125,0.3125,0.34375,0.375,0.40625,0.4375,0.46875,0.5,0.53125,0.5625,0.59375,0.625,0.65625,0.6875,0.71875,0.75,0.78125,0.8125,0.84375,0.875,0.90625,0.9375,0.96875,0.986607142857143,1.0),.UNSPECIFIED.);
#10197=VERTEX_POINT('',#13774);
#10198=B_SPLINE_CURVE_WITH_KNOTS('',2,(#13775,#13776,#13777,#13778,#13779,#13780,#13781,#13782,#13783,#13784,#13785,#13786,#13787,#13788,#13789,#13790,#13791,#13792,#13793,#13794,#13795,#13796,#13797,#13798,#13799,#13800,#13801,#13802,#13803,#13804,#13805,#13806,#13807,#13808,#13809,#13810,#13811,#13812,#13813,#13814,#13815,#13816,#13817,#13818,#13819,#13820,#13821,#13822,#13823,#13824,#13825,#13826,#13827,#13828,#13829,#13830,#13831,#13832,#13833,#13834,#13835,#13836,#13837),.UNSPECIFIED.,.F.,.F.,(3,2,2,2,2,2,2,2,2,2,2,2,2,2,2,2,2,2,2,2,2,2,2,2,2,2,2,2,2,2,2,3),(0.0,0.0625,0.0982142857142857,0.125,0.160714285714286,0.1875,0.223214285714286,0.25,0.285714285714286,0.3125,0.348214285714286,0.375,0.410714285714286,0.4375,0.473214285714286,0.5,0.535714285714286,0.5625,0.598214285714286,0.625,0.660714285714286,0.6875,0.723214285714286,0.75,0.785714285714286,0.8125,0.848214285714286,0.875,0.910714285714286,0.9375,0.96875,1.0),.UNSPECIFIED.);
#10199=VERTEX_POINT('',#13838);
#10200=B_SPLINE_CURVE_WITH_KNOTS('',2,(#13839,#13840,#13841,#13842,#13843,#13844,#13845,#13846,#13847,#13848,#13849,#13850,#13851,#13852,#13853,#13854,#13855,#13856,#13857,#13858,#13859,#13860,#13861,#13862,#13863,#13864,#13865,#13866,#13867,#13868,#13869,#13870,#13871,#13872,#13873,#13874,#13875,#13876,#13877,#13878,#13879,#13880,#13881,#13882,#13883,#13884,#13885,#13886,#13887,#13888,#13889,#13890,#13891,#13892,#13893,#13894,#13895,#13896,#13897,#13898,#13899,#13900,#13901,#13902,#13903),.UNSPECIFIED.,.F.,.F.,(3,2,2,2,2,2,2,2,2,2,2,2,2,2,2,2,2,2,2,2,2,2,2,2,2,2,2,2,2,2,2,2,3),(0.0,0.0625,0.09375,0.125,0.15625,0.1875,0.21875,0.25,0.28125,0.3125,0.34375,0.375,0.40625,0.4375,0.46875,0.5,0.53125,0.5625,0.59375,0.625,0.65625,0.6875,0.71875,0.75,0.78125,0.8125,0.84375,0.875,0.90625,0.9375,0.96875,0.986607142857143,1.0),.UNSPECIFIED.);
#10201=B_SPLINE_CURVE_WITH_KNOTS('',2,(#13904,#13905,#13906,#13907,#13908,#13909,#13910,#13911,#13912,#13913,#13914,#13915,#13916,#13917,#13918,#13919,#13920,#13921,#13922,#13923,#13924,#13925,#13926,#13927,#13928,#13929,#13930,#13931,#13932,#13933,#13934,#13935,#13936,#13937,#13938,#13939,#13940,#13941,#13942,#13943,#13944,#13945,#13946,#13947,#13948,#13949,#13950,#13951,#13952,#13953,#13954,#13955,#13956,#13957,#13958,#13959,#13960,#13961,#13962,#13963,#13964,#13965,#13966),.UNSPECIFIED.,.F.,.F.,(3,2,2,2,2,2,2,2,2,2,2,2,2,2,2,2,2,2,2,2,2,2,2,2,2,2,2,2,2,2,2,3),(0.0,0.0625,0.0982142857142857,0.125,0.160714285714286,0.1875,0.223214285714286,0.25,0.285714285714286,0.3125,0.348214285714286,0.375,0.410714285714286,0.4375,0.473214285714286,0.5,0.535714285714286,0.5625,0.598214285714286,0.625,0.660714285714286,0.6875,0.723214285714286,0.75,0.785714285714286,0.8125,0.848214285714286,0.875,0.910714285714286,0.9375,0.96875,1.0),.UNSPECIFIED.);
#10202=FILL_AREA_STYLE_COLOUR('',#13967);
#10203=VERTEX_POINT('',#13968);
#10204=LINE('',#13969,#13970);
#10205=VERTEX_POINT('',#13971);
#10206=B_SPLINE_CURVE_WITH_KNOTS('',3,(#13972,#13973,#13974,#13975,#13976,#13977,#13978,#13979,#13980,#13981),.UNSPECIFIED.,.F.,.F.,(4,2,2,2,4),(0.0143034807156085,0.0178416484069258,0.0213798160982431,0.0249179837895604,0.0284561514808776),.UNSPECIFIED.);
#10207=LINE('',#13982,#13983);
#10208=FILL_AREA_STYLE_COLOUR('',#13984);
#10209=VERTEX_POINT('',#13985);
#10210=LINE('',#13986,#13987);
#10211=VERTEX_POINT('',#13988);
#10212=B_SPLINE_CURVE_WITH_KNOTS('',3,(#13989,#13990,#13991,#13992,#13993,#13994,#13995,#13996,#13997,#13998),.UNSPECIFIED.,.F.,.F.,(4,2,2,2,4),(0.0,0.00274356171345368,0.00548712342690736,0.00823068514036104,0.0109742468538147),.UNSPECIFIED.);
#10213=LINE('',#13999,#14000);
#10214=FILL_AREA_STYLE_COLOUR('',#14001);
#10215=B_SPLINE_CURVE_WITH_KNOTS('',3,(#14002,#14003,#14004,#14005,#14006,#14007,#14008,#14009,#14010,#14011),.UNSPECIFIED.,.F.,.F.,(4,2,2,2,4),(0.00686496947497185,0.00764142139189395,0.00841787330881605,0.00919432522573816,0.00997077714266026),.UNSPECIFIED.);
#10216=FILL_AREA_STYLE_COLOUR('',#14012);
#10217=B_SPLINE_CURVE_WITH_KNOTS('',3,(#14013,#14014,#14015,#14016,#14017,#14018,#14019,#14020,#14021,#14022),.UNSPECIFIED.,.F.,.F.,(4,2,2,2,4),(0.00667021959024284,0.00744510912479382,0.00821999865934479,0.00899488819389577,0.00976977772844675),.UNSPECIFIED.);
#10218=FILL_AREA_STYLE_COLOUR('',#14023);
#10219=FILL_AREA_STYLE_COLOUR('',#14024);
#10220=VERTEX_POINT('',#14025);
#10221=VERTEX_POINT('',#14026);
#10222=B_SPLINE_CURVE_WITH_KNOTS('',2,(#14027,#14028,#14029,#14030,#14031,#14032,#14033,#14034,#14035,#14036,#14037,#14038,#14039,#14040,#14041,#14042,#14043,#14044,#14045,#14046,#14047,#14048,#14049,#14050,#14051,#14052,#14053,#14054,#14055,#14056,#14057,#14058,#14059,#14060,#14061,#14062,#14063,#14064,#14065,#14066,#14067,#14068,#14069,#14070,#14071,#14072,#14073,#14074,#14075,#14076,#14077,#14078,#14079,#14080,#14081,#14082,#14083,#14084,#14085,#14086,#14087,#14088,#14089,#14090,#14091),.UNSPECIFIED.,.F.,.F.,(3,2,2,2,2,2,2,2,2,2,2,2,2,2,2,2,2,2,2,2,2,2,2,2,2,2,2,2,2,2,2,2,3),(0.0,0.0625,0.09375,0.125,0.15625,0.1875,0.21875,0.25,0.28125,0.3125,0.34375,0.375,0.40625,0.4375,0.46875,0.5,0.53125,0.5625,0.59375,0.625,0.65625,0.6875,0.71875,0.75,0.78125,0.8125,0.84375,0.875,0.90625,0.9375,0.96875,0.986607142857143,1.0),.UNSPECIFIED.);
#10223=VERTEX_POINT('',#14092);
#10224=B_SPLINE_CURVE_WITH_KNOTS('',2,(#14093,#14094,#14095,#14096,#14097,#14098,#14099,#14100,#14101,#14102,#14103,#14104,#14105,#14106,#14107,#14108,#14109,#14110,#14111,#14112,#14113,#14114,#14115,#14116,#14117,#14118,#14119,#14120,#14121,#14122,#14123,#14124,#14125,#14126,#14127,#14128,#14129,#14130,#14131,#14132,#14133,#14134,#14135,#14136,#14137,#14138,#14139,#14140,#14141,#14142,#14143,#14144,#14145,#14146,#14147,#14148,#14149,#14150,#14151,#14152,#14153,#14154,#14155),.UNSPECIFIED.,.F.,.F.,(3,2,2,2,2,2,2,2,2,2,2,2,2,2,2,2,2,2,2,2,2,2,2,2,2,2,2,2,2,2,2,3),(0.0,0.0625,0.09375,0.125,0.15625,0.1875,0.21875,0.25,0.28125,0.3125,0.34375,0.375,0.40625,0.4375,0.46875,0.5,0.53125,0.5625,0.59375,0.625,0.65625,0.6875,0.71875,0.75,0.78125,0.8125,0.84375,0.875,0.90625,0.9375,0.96875,1.0),.UNSPECIFIED.);
#10225=VERTEX_POINT('',#14156);
#10226=B_SPLINE_CURVE_WITH_KNOTS('',2,(#14157,#14158,#14159,#14160,#14161,#14162,#14163,#14164,#14165,#14166,#14167,#14168,#14169,#14170,#14171,#14172,#14173,#14174,#14175,#14176,#14177,#14178,#14179,#14180,#14181,#14182,#14183,#14184,#14185,#14186,#14187,#14188,#14189,#14190,#14191,#14192,#14193,#14194,#14195,#14196,#14197,#14198,#14199,#14200,#14201,#14202,#14203,#14204,#14205,#14206,#14207,#14208,#14209,#14210,#14211,#14212,#14213,#14214,#14215,#14216,#14217,#14218,#14219,#14220,#14221),.UNSPECIFIED.,.F.,.F.,(3,2,2,2,2,2,2,2,2,2,2,2,2,2,2,2,2,2,2,2,2,2,2,2,2,2,2,2,2,2,2,2,3),(0.0,0.0625,0.09375,0.125,0.15625,0.1875,0.21875,0.25,0.28125,0.3125,0.34375,0.375,0.40625,0.4375,0.46875,0.5,0.53125,0.5625,0.59375,0.625,0.65625,0.6875,0.71875,0.75,0.78125,0.8125,0.84375,0.875,0.90625,0.9375,0.96875,0.986607142857143,1.0),.UNSPECIFIED.);
#10227=B_SPLINE_CURVE_WITH_KNOTS('',2,(#14222,#14223,#14224,#14225,#14226,#14227,#14228,#14229,#14230,#14231,#14232,#14233,#14234,#14235,#14236,#14237,#14238,#14239,#14240,#14241,#14242,#14243,#14244,#14245,#14246,#14247,#14248,#14249,#14250,#14251,#14252,#14253,#14254,#14255,#14256,#14257,#14258,#14259,#14260,#14261,#14262,#14263,#14264,#14265,#14266,#14267,#14268,#14269,#14270,#14271,#14272,#14273,#14274,#14275,#14276,#14277,#14278,#14279,#14280,#14281,#14282,#14283,#14284),.UNSPECIFIED.,.F.,.F.,(3,2,2,2,2,2,2,2,2,2,2,2,2,2,2,2,2,2,2,2,2,2,2,2,2,2,2,2,2,2,2,3),(0.0,0.0625,0.09375,0.125,0.15625,0.1875,0.21875,0.25,0.28125,0.3125,0.34375,0.375,0.40625,0.4375,0.46875,0.5,0.53125,0.5625,0.59375,0.625,0.65625,0.6875,0.71875,0.75,0.78125,0.8125,0.84375,0.875,0.90625,0.9375,0.96875,1.0),.UNSPECIFIED.);
#10228=FILL_AREA_STYLE_COLOUR('',#14285);
#10229=VERTEX_POINT('',#14286);
#10230=LINE('',#14287,#14288);
#10231=VERTEX_POINT('',#14289);
#10232=B_SPLINE_CURVE_WITH_KNOTS('',3,(#14290,#14291,#14292,#14293,#14294,#14295,#14296,#14297,#14298,#14299),.UNSPECIFIED.,.F.,.F.,(4,2,2,2,4),(0.0275553874547082,0.0330826064877552,0.0386098255208023,0.0441370445538493,0.0496642635868964),.UNSPECIFIED.);
#10233=LINE('',#14300,#14301);
#10234=FILL_AREA_STYLE_COLOUR('',#14302);
#10235=VERTEX_POINT('',#14303);
#10236=LINE('',#14304,#14305);
#10237=VERTEX_POINT('',#14306);
#10238=B_SPLINE_CURVE_WITH_KNOTS('',3,(#14307,#14308,#14309,#14310,#14311,#14312,#14313,#14314,#14315,#14316),.UNSPECIFIED.,.F.,.F.,(4,2,2,2,4),(0.0,0.0046874950276131,0.00937499005522621,0.0140624850828393,0.0187499801104524),.UNSPECIFIED.);
#10239=LINE('',#14317,#14318);
#10240=FILL_AREA_STYLE_COLOUR('',#14319);
#10241=B_SPLINE_CURVE_WITH_KNOTS('',3,(#14320,#14321,#14322,#14323,#14324,#14325,#14326,#14327,#14328,#14329),.UNSPECIFIED.,.F.,.F.,(4,2,2,2,4),(0.006864969474893,0.00764142139181533,0.00841787330873766,0.00919432522565998,0.00997077714258231),.UNSPECIFIED.);
#10242=FILL_AREA_STYLE_COLOUR('',#14330);
#10243=B_SPLINE_CURVE_WITH_KNOTS('',3,(#14331,#14332,#14333,#14334,#14335,#14336,#14337,#14338,#14339,#14340),.UNSPECIFIED.,.F.,.F.,(4,2,2,2,4),(0.00667021959063206,0.00744510912518672,0.00821999865974139,0.00899488819429605,0.00976977772885072),.UNSPECIFIED.);
#10244=FILL_AREA_STYLE_COLOUR('',#14341);
#10245=COLOUR_RGB('',1.0,0.501960813999176,0.250980406999588);
#10246=CARTESIAN_POINT('',(0.04,0.0533861420575105,-0.013506163686328));
#10247=CARTESIAN_POINT('',(0.0394,0.0533861420575105,-0.013506163686328));
#10248=CARTESIAN_POINT('',(0.04,0.0533861420575105,-0.013506163686328));
#10249=VECTOR('',#14342,1.0);
#10250=CARTESIAN_POINT('',(0.0394,0.0554154313793919,-0.0114768743644466));
#10251=CARTESIAN_POINT('',(0.0394,0.0554007867184512,-0.0114915190253873));
#10252=VECTOR('',#14343,1.0);
#10253=CARTESIAN_POINT('',(0.04,0.0554154313793919,-0.0114768743644466));
#10254=CARTESIAN_POINT('',(0.04,0.0554154313793919,-0.0114768743644466));
#10255=VECTOR('',#14344,1.0);
#10256=CARTESIAN_POINT('',(0.04,0.0554007867184512,-0.0114915190253873));
#10257=VECTOR('',#14345,1.0);
#10258=COLOUR_RGB('',1.0,0.501960813999176,0.250980406999588);
#10259=CARTESIAN_POINT('',(0.0394,0.0554154313793919,-0.00443545300820932));
#10260=CARTESIAN_POINT('',(0.0394,0.0554154313793919,0.000925760764049187));
#10261=VECTOR('',#14346,1.0);
#10262=CARTESIAN_POINT('',(0.04,0.0554154313793919,-0.00443545300820933));
#10263=CARTESIAN_POINT('',(0.04,0.0554154313793919,-0.00443545300820933));
#10264=VECTOR('',#14347,1.0);
#10265=CARTESIAN_POINT('',(0.04,0.0554154313793919,0.000925760764049185));
#10266=VECTOR('',#14348,1.0);
#10267=COLOUR_RGB('',1.0,0.501960813999176,0.250980406999588);
#10268=CARTESIAN_POINT('',(0.04,0.0393447207012732,-0.013506163686328));
#10269=CARTESIAN_POINT('',(0.0394,0.0393447207012732,-0.013506163686328));
#10270=CARTESIAN_POINT('',(0.04,0.0393447207012732,-0.013506163686328));
#10271=VECTOR('',#14349,1.0);
#10272=CARTESIAN_POINT('',(0.0394,-0.0370743392359505,-0.013506163686328));
#10273=VECTOR('',#14350,1.0);
#10274=CARTESIAN_POINT('',(0.04,-0.0370743392359505,-0.013506163686328));
#10275=VECTOR('',#14351,1.0);
#10276=COLOUR_RGB('',1.0,0.501960813999176,0.250980406999588);
#10277=CARTESIAN_POINT('',(0.039,0.0532204566325613,-0.013106163686328));
#10278=CARTESIAN_POINT('',(0.039,0.0395104061262224,-0.013106163686328));
#10279=CARTESIAN_POINT('',(0.039,-0.0370743392359505,-0.013106163686328));
#10280=VECTOR('',#14352,1.0);
#10281=CARTESIAN_POINT('',(0.039,0.0377154313793918,-0.0113111889394974));
#10282=CARTESIAN_POINT('',(0.0390000000000001,-0.00579792878005263,0.0322021712199471));
#10283=VECTOR('',#14353,1.0);
#10284=CARTESIAN_POINT('',(0.039,0.0377154313793918,-0.00460113843315857));
#10285=CARTESIAN_POINT('',(0.039,0.0377154313793918,0.000925760764049188));
#10286=VECTOR('',#14354,1.0);
#10287=CARTESIAN_POINT('',(0.039,0.0395104061262224,-0.00280616368632798));
#10288=CARTESIAN_POINT('',(0.0389999999999999,0.00308399567032454,-0.0392325741422259));
#10289=VECTOR('',#14355,1.0);
#10290=CARTESIAN_POINT('',(0.039,0.0532204566325613,-0.00280616368632798));
#10291=CARTESIAN_POINT('',(0.039,-0.0370743392359505,-0.00280616368632798));
#10292=VECTOR('',#14356,1.0);
#10293=CARTESIAN_POINT('',(0.039,0.0550154313793919,-0.00460113843315857));
#10294=CARTESIAN_POINT('',(0.0390000000000001,0.00620709647311679,0.0442071964731165));
#10295=VECTOR('',#14357,1.0);
#10296=CARTESIAN_POINT('',(0.039,0.0550154313793919,-0.0113111889394974));
#10297=CARTESIAN_POINT('',(0.039,0.0550154313793919,0.000925760764049188));
#10298=VECTOR('',#14358,1.0);
#10299=CARTESIAN_POINT('',(0.0389999999999998,0.015089020923494,-0.0512375993953953));
#10300=VECTOR('',#14359,1.0);
#10301=CARTESIAN_POINT('',(0.039,0.0533154313793919,-0.010456163686328));
#10302=CARTESIAN_POINT('',(0.039,0.0523154313793919,-0.011456163686328));
#10303=CARTESIAN_POINT('',(0.039,0.0523154313793919,-0.011456163686328));
#10304=VECTOR('',#14360,1.0);
#10305=CARTESIAN_POINT('',(0.039,0.0533154313793919,-0.00545616368632797));
#10306=CARTESIAN_POINT('',(0.039,0.0533154313793919,-0.00795616368632798));
#10307=VECTOR('',#14361,1.0);
#10308=CARTESIAN_POINT('',(0.039,0.0523154313793919,-0.00445616368632798));
#10309=CARTESIAN_POINT('',(0.039,0.0533154313793919,-0.00545616368632798));
#10310=VECTOR('',#14362,1.0);
#10311=CARTESIAN_POINT('',(0.039,0.0404154313793919,-0.00445616368632798));
#10312=CARTESIAN_POINT('',(0.039,0.000925660764049478,-0.00445616368632798));
#10313=VECTOR('',#14363,1.0);
#10314=CARTESIAN_POINT('',(0.039,0.0394154313793919,-0.00545616368632798));
#10315=CARTESIAN_POINT('',(0.039,0.0404154313793919,-0.00445616368632798));
#10316=VECTOR('',#14364,1.0);
#10317=CARTESIAN_POINT('',(0.039,0.0394154313793919,-0.010456163686328));
#10318=CARTESIAN_POINT('',(0.039,0.0394154313793919,0.000925760764049188));
#10319=VECTOR('',#14365,1.0);
#10320=CARTESIAN_POINT('',(0.039,0.0404154313793919,-0.011456163686328));
#10321=CARTESIAN_POINT('',(0.039,0.0394154313793919,-0.010456163686328));
#10322=VECTOR('',#14366,1.0);
#10323=CARTESIAN_POINT('',(0.039,0.000925660764049478,-0.011456163686328));
#10324=VECTOR('',#14367,1.0);
#10325=COLOUR_RGB('',1.0,0.501960813999176,0.250980406999588);
#10326=CARTESIAN_POINT('',(0.0376,0.0394154313793919,-0.00545616368632797));
#10327=CARTESIAN_POINT('',(0.0376,0.0394154313793919,-0.00545616368632797));
#10328=VECTOR('',#14368,1.0);
#10329=CARTESIAN_POINT('',(0.0376,0.0394154313793919,-0.010456163686328));
#10330=CARTESIAN_POINT('',(0.0376,0.0394154313793919,-0.010456163686328));
#10331=VECTOR('',#14369,1.0);
#10332=CARTESIAN_POINT('',(0.0376,0.0394154313793919,-0.010456163686328));
#10333=VECTOR('',#14370,1.0);
#10334=COLOUR_RGB('',1.0,0.501960813999176,0.250980406999588);
#10335=CARTESIAN_POINT('',(0.0376,0.0404154313793919,-0.00445616368632797));
#10336=CARTESIAN_POINT('',(0.0376,0.0404154313793919,-0.00445616368632797));
#10337=VECTOR('',#14371,1.0);
#10338=CARTESIAN_POINT('',(0.0376,0.0394154313793919,-0.00545616368632797));
#10339=VECTOR('',#14372,1.0);
#10340=COLOUR_RGB('',1.0,0.501960813999176,0.250980406999588);
#10341=CARTESIAN_POINT('',(0.0376,0.0404154313793919,-0.011456163686328));
#10342=CARTESIAN_POINT('',(0.0376,0.0404154313793919,-0.011456163686328));
#10343=VECTOR('',#14373,1.0);
#10344=CARTESIAN_POINT('',(0.0376,0.0404154313793919,-0.011456163686328));
#10345=VECTOR('',#14374,1.0);
#10346=COLOUR_RGB('',1.0,0.501960813999176,0.250980406999588);
#10347=CARTESIAN_POINT('',(0.0376,0.0533154313793919,-0.00545616368632797));
#10348=CARTESIAN_POINT('',(0.0376,0.0533154313793919,-0.00545616368632797));
#10349=VECTOR('',#14375,1.0);
#10350=CARTESIAN_POINT('',(0.0376,0.0523154313793919,-0.00445616368632797));
#10351=CARTESIAN_POINT('',(0.0376,0.0523154313793919,-0.00445616368632797));
#10352=VECTOR('',#14376,1.0);
#10353=CARTESIAN_POINT('',(0.0376,0.0523154313793919,-0.00445616368632797));
#10354=VECTOR('',#14377,1.0);
#10355=COLOUR_RGB('',1.0,0.501960813999176,0.250980406999588);
#10356=CARTESIAN_POINT('',(0.0376,0.0533154313793919,-0.010456163686328));
#10357=CARTESIAN_POINT('',(0.0376,0.0533154313793919,-0.010456163686328));
#10358=VECTOR('',#14378,1.0);
#10359=CARTESIAN_POINT('',(0.0376,0.0533154313793919,-0.00545616368632797));
#10360=VECTOR('',#14379,1.0);
#10361=COLOUR_RGB('',1.0,0.501960813999176,0.250980406999588);
#10362=CARTESIAN_POINT('',(0.0376,0.0523154313793919,-0.011456163686328));
#10363=CARTESIAN_POINT('',(0.0376,0.0523154313793919,-0.011456163686328));
#10364=VECTOR('',#14380,1.0);
#10365=CARTESIAN_POINT('',(0.0376,0.0533154313793919,-0.010456163686328));
#10366=VECTOR('',#14381,1.0);
#10367=COLOUR_RGB('',1.0,0.501960813999176,0.250980406999588);
#10368=CARTESIAN_POINT('',(0.0394,0.0373154313793919,-0.0114768743644466));
#10369=CARTESIAN_POINT('',(0.0370342771002848,0.039681154279107,-0.010496959854568));
#10370=VECTOR('',#14382,1.0);
#10371=CARTESIAN_POINT('',(0.0539764442955203,0.0333069597828927,-0.0280826079818485));
#10372=VECTOR('',#14383,1.0);
#10373=CARTESIAN_POINT('',(0.0393999999999999,0.0393300760403325,-0.0134915190253873));
#10374=VECTOR('',#14384,1.0);
#10375=COLOUR_RGB('',1.0,0.501960813999176,0.250980406999588);
#10376=CARTESIAN_POINT('',(0.0221452448694943,0.0462389884670275,0.00374859144417779));
#10377=VECTOR('',#14385,1.0);
#10378=COLOUR_RGB('',1.0,0.501960813999176,0.250980406999588);
#10379=CARTESIAN_POINT('',(0.0394,0.0373154313793919,-0.00443545300820932));
#10380=CARTESIAN_POINT('',(0.039396049571322,0.0373193818080698,-0.00443708932934493));
#10381=VECTOR('',#14386,1.0);
#10382=CARTESIAN_POINT('',(0.0394,0.0373154313793919,0.000925760764049187));
#10383=VECTOR('',#14387,1.0);
#10384=COLOUR_RGB('',1.0,0.501960813999176,0.250980406999588);
#10385=CARTESIAN_POINT('',(0.039396049571322,0.0554114809507139,-0.011475238043311));
#10386=VECTOR('',#14388,1.0);
#10387=COLOUR_RGB('',1.0,0.501960813999176,0.250980406999588);
#10388=CARTESIAN_POINT('',(0.0394,0.0393447207012732,-0.00240616368632798));
#10389=CARTESIAN_POINT('',(0.0539764442955205,0.0333069597828926,0.0121702806091926));
#10390=VECTOR('',#14389,1.0);
#10391=CARTESIAN_POINT('',(0.0394,0.0373300760403325,-0.00442080834726865));
#10392=VECTOR('',#14390,1.0);
#10393=COLOUR_RGB('',1.0,0.501960813999176,0.250980406999588);
#10394=CARTESIAN_POINT('',(0.0404226170535454,0.0564380484329372,-0.00401187115551678));
#10395=VECTOR('',#14391,1.0);
#10396=COLOUR_RGB('',1.0,0.501960813999176,0.250980406999588);
#10397=CARTESIAN_POINT('',(0.0394,0.0533861420575105,-0.00240616368632798));
#10398=CARTESIAN_POINT('',(0.039396049571322,0.0533845057363749,-0.00241011411500594));
#10399=VECTOR('',#14392,1.0);
#10400=CARTESIAN_POINT('',(0.0394,-0.0370743392359505,-0.00240616368632798));
#10401=VECTOR('',#14393,1.0);
#10402=COLOUR_RGB('',1.0,0.501960813999176,0.250980406999588);
#10403=CARTESIAN_POINT('',(0.0394,0.0534007867184512,-0.00242080834726865));
#10404=VECTOR('',#14394,1.0);
#10405=COLOUR_RGB('',1.0,0.501960813999176,0.250980406999588);
#10406=CARTESIAN_POINT('',(0.0372,0.0398154313793919,-0.00562184911127722));
#10407=CARTESIAN_POINT('',(0.0372,0.0405811168043411,-0.00485616368632797));
#10408=CARTESIAN_POINT('',(0.0372,0.0406982740918665,-0.00473900639880259));
#10409=VECTOR('',#14395,1.0);
#10410=CARTESIAN_POINT('',(0.0372,0.0521497459544426,-0.00485616368632797));
#10411=CARTESIAN_POINT('',(0.0372,0.0517497459544426,-0.00485616368632797));
#10412=VECTOR('',#14396,1.0);
#10413=CARTESIAN_POINT('',(0.0372,0.0529154313793919,-0.00562184911127723));
#10414=CARTESIAN_POINT('',(0.0372,0.0526325886669172,-0.00533900639880261));
#10415=VECTOR('',#14397,1.0);
#10416=CARTESIAN_POINT('',(0.0372,0.0529154313793919,-0.0102904782613787));
#10417=CARTESIAN_POINT('',(0.0372,0.0529154313793919,-0.00989047826137873));
#10418=VECTOR('',#14398,1.0);
#10419=CARTESIAN_POINT('',(0.0372,0.0521497459544426,-0.011056163686328));
#10420=CARTESIAN_POINT('',(0.0372,0.0524325886669172,-0.0107733209738533));
#10421=VECTOR('',#14399,1.0);
#10422=CARTESIAN_POINT('',(0.0372,0.0405811168043411,-0.011056163686328));
#10423=CARTESIAN_POINT('',(0.0372,0.0409811168043411,-0.011056163686328));
#10424=VECTOR('',#14400,1.0);
#10425=CARTESIAN_POINT('',(0.0372,0.0398154313793919,-0.0102904782613787));
#10426=CARTESIAN_POINT('',(0.0372,0.0400982740918665,-0.0105733209738533));
#10427=VECTOR('',#14401,1.0);
#10428=CARTESIAN_POINT('',(0.0372,0.0398154313793919,-0.00602184911127721));
#10429=VECTOR('',#14402,1.0);
#10430=COLOUR_RGB('',1.0,0.501960813999176,0.250980406999588);
#10431=CARTESIAN_POINT('',(0.0376,0.0404154313793919,-0.00445616368632797));
#10432=VECTOR('',#14403,1.0);
#10433=CARTESIAN_POINT('',(0.0373302478566102,0.0396851835227817,-0.00556789868259925));
#10434=VECTOR('',#14404,1.0);
#10435=COLOUR_RGB('',1.0,0.501960813999176,0.250980406999588);
#10436=CARTESIAN_POINT('',(0.0340937661099795,0.0429216652694123,-0.00900383405622929));
#10437=VECTOR('',#14405,1.0);
#10438=COLOUR_RGB('',1.0,0.501960813999176,0.250980406999588);
#10439=CARTESIAN_POINT('',(0.0373302478566101,0.0405271663756631,-0.0111864115429382));
#10440=VECTOR('',#14406,1.0);
#10441=COLOUR_RGB('',1.0,0.501960813999176,0.250980406999588);
#10442=CARTESIAN_POINT('',(0.0274293351294798,0.0481026040516705,-0.0012854988158078));
#10443=VECTOR('',#14407,1.0);
#10444=CARTESIAN_POINT('',(0.0376,0.0523154313793919,-0.011456163686328));
#10445=VECTOR('',#14408,1.0);
#10446=COLOUR_RGB('',1.0,0.501960813999176,0.250980406999588);
#10447=CARTESIAN_POINT('',(0.0326447587318887,0.0483601901112806,-0.00840363554824529));
#10448=VECTOR('',#14409,1.0);
#10449=COLOUR_RGB('',1.0,0.501960813999176,0.250980406999588);
#10450=CARTESIAN_POINT('',(0.0397841194702916,0.0554995508496835,-0.00455147177988996));
#10451=VECTOR('',#14410,1.0);
#10452=COLOUR_RGB('',1.0,0.501960813999176,0.250980406999588);
#10453=CARTESIAN_POINT('',(0.045832879145213,0.055725601578718,0.00377671545888502));
#10454=VECTOR('',#14411,1.0);
#10455=COLOUR_RGB('',1.0,0.501960813999176,0.250980406999588);
#10456=CARTESIAN_POINT('',(0.0376,0.0409811168043411,-0.00445616368632797));
#10457=VECTOR('',#14412,1.0);
#10458=COLOUR_RGB('',1.0,0.501960813999176,0.250980406999588);
#10459=COLOUR_RGB('',1.0,0.501960813999176,0.250980406999588);
#10460=COLOUR_RGB('',1.0,0.501960813999176,0.250980406999588);
#10461=CARTESIAN_POINT('',(0.04,0.0373154313793919,-0.00443545300820933));
#10462=CARTESIAN_POINT('',(0.04,0.0373154313793919,-0.00443545300820933));
#10463=VECTOR('',#14413,1.0);
#10464=CARTESIAN_POINT('',(0.04,0.0373154313793919,-0.0114768743644466));
#10465=CARTESIAN_POINT('',(0.04,0.0373154313793919,-0.0114768743644466));
#10466=VECTOR('',#14414,1.0);
#10467=CARTESIAN_POINT('',(0.04,0.0373154313793919,0.000925760764049185));
#10468=VECTOR('',#14415,1.0);
#10469=COLOUR_RGB('',1.0,0.501960813999176,0.250980406999588);
#10470=CARTESIAN_POINT('',(0.04,0.0393447207012732,-0.00240616368632798));
#10471=CARTESIAN_POINT('',(0.04,0.0393447207012732,-0.00240616368632798));
#10472=VECTOR('',#14416,1.0);
#10473=CARTESIAN_POINT('',(0.04,0.0373300760403325,-0.00442080834726865));
#10474=VECTOR('',#14417,1.0);
#10475=COLOUR_RGB('',1.0,0.501960813999176,0.250980406999588);
#10476=CARTESIAN_POINT('',(0.04,0.0533861420575105,-0.00240616368632798));
#10477=CARTESIAN_POINT('',(0.04,0.0533861420575105,-0.00240616368632798));
#10478=VECTOR('',#14418,1.0);
#10479=CARTESIAN_POINT('',(0.04,-0.0370743392359505,-0.00240616368632798));
#10480=VECTOR('',#14419,1.0);
#10481=COLOUR_RGB('',1.0,0.501960813999176,0.250980406999588);
#10482=CARTESIAN_POINT('',(0.04,0.0534007867184512,-0.00242080834726865));
#10483=VECTOR('',#14420,1.0);
#10484=COLOUR_RGB('',1.0,0.501960813999176,0.250980406999588);
#10485=CARTESIAN_POINT('',(0.04,0.0393300760403325,-0.0134915190253873));
#10486=VECTOR('',#14421,1.0);
#10487=COLOUR_RGB('',1.0,0.501960813999176,0.250980406999588);
#10488=COLOUR_RGB('',0.501960813999176,1.0,1.0);
#10489=CARTESIAN_POINT('',(0.0279027938683829,0.00433293317755152,0.000925760764049369));
#10490=CARTESIAN_POINT('',(0.0288856615569743,0.00414862065295548,-7.42392359506345E-05));
#10491=AXIS2_PLACEMENT_3D('',#14422,#14423,#14424);
#10492=CARTESIAN_POINT('',(0.0288856615569743,0.00230549540847074,-7.42392359506409E-05));
#10493=CARTESIAN_POINT('',(0.0288856615569743,0.00230549540847074,-7.42392359506409E-05));
#10494=CARTESIAN_POINT('',(0.0288285163728378,0.00261022866069796,-7.42392359506399E-05));
#10495=CARTESIAN_POINT('',(0.0288000993841963,0.00291687647090978,-6.89542400129145E-05));
#10496=CARTESIAN_POINT('',(0.0287999011317738,0.00353402720819036,-6.8929654891973E-05));
#10497=CARTESIAN_POINT('',(0.0288285128384535,0.0038438685532182,-7.42392359506348E-05));
#10498=CARTESIAN_POINT('',(0.0288856615569743,0.00414862065295548,-7.42392359506342E-05));
#10499=CARTESIAN_POINT('',(0.0279027938683829,0.00212118288387469,0.000925760764049362));
#10500=AXIS2_PLACEMENT_3D('',#14425,#14426,#14427);
#10501=CARTESIAN_POINT('',(0.0279027938683829,-0.0246743392359507,0.000925760764049267));
#10502=VECTOR('',#14428,1.0);
#10503=COLOUR_RGB('',0.501960813999176,1.0,1.0);
#10504=CARTESIAN_POINT('',(0.0337999999959968,0.00922705802670535,0.000925760764049368));
#10505=CARTESIAN_POINT('',(0.0337999999959968,0.00822705802670993,-7.42392359506354E-05));
#10506=AXIS2_PLACEMENT_3D('',#14429,#14430,#14431);
#10507=AXIS2_PLACEMENT_3D('',#14432,#14433,#14434);
#10508=AXIS2_PLACEMENT_3D('',#14435,#14436,#14437);
#10509=COLOUR_RGB('',0.501960813999176,1.0,1.0);
#10510=CARTESIAN_POINT('',(0.0366,0.00922705802670535,0.000925760764049359));
#10511=CARTESIAN_POINT('',(0.0376,0.00822705802670535,-7.42392359506474E-05));
#10512=AXIS2_PLACEMENT_3D('',#14438,#14439,#14440);
#10513=CARTESIAN_POINT('',(0.0376,0.00822705802670535,-7.42392359506473E-05));
#10514=VECTOR('',#14441,1.0);
#10515=CARTESIAN_POINT('',(0.0337999999959968,0.00922705802670535,0.000925760764049368));
#10516=VECTOR('',#14442,1.0);
#10517=COLOUR_RGB('',0.501960813999176,1.0,1.0);
#10518=CARTESIAN_POINT('',(0.0376,0.0169256607640495,-7.42392359506167E-05));
#10519=CARTESIAN_POINT('',(0.0366,0.0159256607640495,0.000925760764049383));
#10520=AXIS2_PLACEMENT_3D('',#14443,#14444,#14445);
#10521=CARTESIAN_POINT('',(0.0376,0.0159256607640495,-7.42392359506204E-05));
#10522=VECTOR('',#14446,1.0);
#10523=CARTESIAN_POINT('',(0.0366,0.00822705802670535,0.000925760764049356));
#10524=VECTOR('',#14447,1.0);
#10525=COLOUR_RGB('',0.501960813999176,1.0,1.0);
#10526=CARTESIAN_POINT('',(-0.0376,-0.00177294196528372,-7.42392359504447E-05));
#10527=CARTESIAN_POINT('',(-0.0366,-0.00277294196528372,0.000925760764049549));
#10528=CARTESIAN_POINT('',(-0.0384995342431111,-0.000873407722172638,-0.000973773479061514));
#10529=VECTOR('',#14448,1.0);
#10530=CARTESIAN_POINT('',(-0.0366,-0.0188743392359505,0.000925760764049492));
#10531=CARTESIAN_POINT('',(-0.0366,-0.00177294196528372,0.000925760764049552));
#10532=VECTOR('',#14449,1.0);
#10533=CARTESIAN_POINT('',(-0.0376,-0.0198743392359505,-7.42392359505088E-05));
#10534=AXIS2_PLACEMENT_3D('',#14450,#14451,#14452);
#10535=CARTESIAN_POINT('',(-0.0376,-0.0188743392359505,-7.42392359505022E-05));
#10536=VECTOR('',#14453,1.0);
#10537=COLOUR_RGB('',0.501960813999176,1.0,1.0);
#10538=CARTESIAN_POINT('',(-0.0337999999959968,-0.00177294196528372,-7.42392359504565E-05));
#10539=CARTESIAN_POINT('',(-0.0337999999959968,-0.00277294196528372,0.00092576076404954));
#10540=CARTESIAN_POINT('',(-0.0337999999959968,-0.00177294196528372,-7.42392359504564E-05));
#10541=VECTOR('',#14454,1.0);
#10542=CARTESIAN_POINT('',(-0.0337999999959968,-0.00277294196528372,0.00092576076404954));
#10543=VECTOR('',#14455,1.0);
#10544=CARTESIAN_POINT('',(-0.0376,-0.00177294196528372,-7.42392359504447E-05));
#10545=VECTOR('',#14456,1.0);
#10546=COLOUR_RGB('',0.501960813999176,1.0,1.0);
#10547=CARTESIAN_POINT('',(-0.0279027938683825,0.00212118288387661,0.000925760764049538));
#10548=CARTESIAN_POINT('',(-0.0279027938683825,0.0043329331775496,0.000925760764049546));
#10549=CARTESIAN_POINT('',(-0.0279027938683825,0.00212118288387661,0.000925760764049538));
#10550=CARTESIAN_POINT('',(-0.0279027938683825,0.00248781242731698,0.000858186347306668));
#10551=CARTESIAN_POINT('',(-0.0279027938683826,0.00285563135257835,0.000823113161010856));
#10552=CARTESIAN_POINT('',(-0.0279027938683826,0.00359382553660249,0.000822821550584573));
#10553=CARTESIAN_POINT('',(-0.0279027938683825,0.00396614154215795,0.000858156471729935));
#10554=CARTESIAN_POINT('',(-0.0279027938683825,0.0043329331775496,0.000925760764049565));
#10555=AXIS2_PLACEMENT_3D('',#14457,#14458,#14459);
#10556=CARTESIAN_POINT('',(-0.0337999999959968,0.00822705802670993,-7.42392359504213E-05));
#10557=AXIS2_PLACEMENT_3D('',#14460,#14461,#14462);
#10558=CARTESIAN_POINT('',(-0.0337999999959968,0.00922705802670535,0.000925760764049582));
#10559=CARTESIAN_POINT('',(-0.0337999999959968,0.00822705802670535,-7.42392359504213E-05));
#10560=VECTOR('',#14463,1.0);
#10561=AXIS2_PLACEMENT_3D('',#14464,#14465,#14466);
#10562=COLOUR_RGB('',0.501960813999176,1.0,1.0);
#10563=CARTESIAN_POINT('',(-0.0279027938683825,0.0291284552973767,0.00192576076404963));
#10564=CARTESIAN_POINT('',(-0.0279027938683825,-0.0226743392359505,0.00192576076404945));
#10565=CARTESIAN_POINT('',(-0.0279027938683825,0.0269284546324322,0.00192576076404963));
#10566=VECTOR('',#14467,1.0);
#10567=CARTESIAN_POINT('',(-0.0279027938683825,-0.0226743392359505,0.000925760764049451));
#10568=CARTESIAN_POINT('',(-0.0279027938683825,-0.0226743392359505,0.000925760764049451));
#10569=VECTOR('',#14468,1.0);
#10570=CARTESIAN_POINT('',(-0.0279027938683825,0.0269284546324322,0.000925760764049626));
#10571=VECTOR('',#14469,1.0);
#10572=CARTESIAN_POINT('',(-0.0279027938683825,0.0291284552973767,0.000925760764049634));
#10573=CARTESIAN_POINT('',(-0.0279027938683825,0.0269284546324322,0.000925760764049626));
#10574=VECTOR('',#14470,1.0);
#10575=CARTESIAN_POINT('',(-0.0279027938683825,0.0291284552973767,0.00192576076404963));
#10576=VECTOR('',#14471,1.0);
#10577=COLOUR_RGB('',0.501960813999176,1.0,1.0);
#10578=CARTESIAN_POINT('',(0.0279027938683829,-0.0226743392359505,0.000925760764049274));
#10579=CARTESIAN_POINT('',(0.0279027938683829,-0.0246743392359507,0.000925760764049267));
#10580=VECTOR('',#14472,1.0);
#10581=CARTESIAN_POINT('',(0.0279027938683829,-0.0226743392359505,0.00192576076404927));
#10582=CARTESIAN_POINT('',(0.0279027938683829,-0.0226743392359505,0.00192576076404927));
#10583=VECTOR('',#14473,1.0);
#10584=CARTESIAN_POINT('',(0.0279027938683829,0.0291284552973767,0.00192576076404946));
#10585=CARTESIAN_POINT('',(0.0279027938683829,-0.0246743392359507,0.00192576076404927));
#10586=VECTOR('',#14474,1.0);
#10587=CARTESIAN_POINT('',(0.0279027938683829,0.0291284552973767,0.000925760764049457));
#10588=CARTESIAN_POINT('',(0.0279027938683829,0.0291284552973767,0.000925760764049457));
#10589=VECTOR('',#14475,1.0);
#10590=CARTESIAN_POINT('',(0.0279027938683829,-0.0246743392359507,0.000925760764049267));
#10591=VECTOR('',#14476,1.0);
#10592=COLOUR_RGB('',0.501960813999176,1.0,1.0);
#10593=CARTESIAN_POINT('',(-0.0165,0.0673256607640495,0.000925760764049606));
#10594=CARTESIAN_POINT('',(0.0165,0.0673256607640495,0.000925760764049606));
#10595=CARTESIAN_POINT('',(0.0185,0.0673256607640495,0.000925760764049606));
#10596=VECTOR('',#14477,1.0);
#10597=CARTESIAN_POINT('',(0.0165,0.0673256607640495,0.00192576076404961));
#10598=CARTESIAN_POINT('',(0.0165,0.0673256607640495,0.00212576076404961));
#10599=VECTOR('',#14478,1.0);
#10600=CARTESIAN_POINT('',(-0.0165,0.0673256607640495,0.00192576076404961));
#10601=CARTESIAN_POINT('',(0.0185,0.0673256607640495,0.00192576076404961));
#10602=VECTOR('',#14479,1.0);
#10603=CARTESIAN_POINT('',(-0.0165,0.0673256607640495,0.000925760764049726));
#10604=VECTOR('',#14480,1.0);
#10605=COLOUR_RGB('',0.501960813999176,1.0,1.0);
#10606=CARTESIAN_POINT('',(0.0185,0.0653256607640495,0.000925760764049606));
#10607=AXIS2_PLACEMENT_3D('',#14481,#14482,#14483);
#10608=CARTESIAN_POINT('',(0.0185,0.0653256607640495,0.00192576076404961));
#10609=CARTESIAN_POINT('',(0.0185,0.0653256607640495,0.000925760764049609));
#10610=VECTOR('',#14484,1.0);
#10611=AXIS2_PLACEMENT_3D('',#14485,#14486,#14487);
#10612=COLOUR_RGB('',0.501960813999176,1.0,1.0);
#10613=CARTESIAN_POINT('',(-0.0185,0.0653256607640495,0.000925760764049606));
#10614=AXIS2_PLACEMENT_3D('',#14488,#14489,#14490);
#10615=CARTESIAN_POINT('',(-0.0185,0.0653256607640495,0.00192576076404961));
#10616=AXIS2_PLACEMENT_3D('',#14491,#14492,#14493);
#10617=CARTESIAN_POINT('',(-0.0185,0.0653256607640495,0.00212576076404961));
#10618=VECTOR('',#14494,1.0);
#10619=COLOUR_RGB('',0.501960813999176,1.0,1.0);
#10620=CARTESIAN_POINT('',(0.0185,0.0343256607640495,0.000925760764049606));
#10621=CARTESIAN_POINT('',(0.0185,0.0338256607640495,0.000925760764049606));
#10622=VECTOR('',#14495,1.0);
#10623=CARTESIAN_POINT('',(0.0185,0.0343256607640495,0.00192576076404961));
#10624=CARTESIAN_POINT('',(0.0185,0.0343256607640495,0.00212576076404961));
#10625=VECTOR('',#14496,1.0);
#10626=CARTESIAN_POINT('',(0.0185,0.0338256607640495,0.00192576076404961));
#10627=VECTOR('',#14497,1.0);
#10628=COLOUR_RGB('',0.501960813999176,1.0,1.0);
#10629=CARTESIAN_POINT('',(-0.0185,0.0343256607640495,0.00192576076404961));
#10630=CARTESIAN_POINT('',(-0.0185,0.0673256607640495,0.00192576076404961));
#10631=VECTOR('',#14498,1.0);
#10632=CARTESIAN_POINT('',(-0.0185,0.0343256607640495,0.000925760764049606));
#10633=CARTESIAN_POINT('',(-0.0185,0.0343256607640495,0.000925760764049603));
#10634=VECTOR('',#14499,1.0);
#10635=CARTESIAN_POINT('',(-0.0185,0.0673256607640495,0.000925760764049606));
#10636=VECTOR('',#14500,1.0);
#10637=COLOUR_RGB('',0.501960813999176,1.0,1.0);
#10638=CARTESIAN_POINT('',(0.0165,0.0323256607640495,0.000925760764049606));
#10639=AXIS2_PLACEMENT_3D('',#14501,#14502,#14503);
#10640=CARTESIAN_POINT('',(0.0165,0.0323256607640495,0.00192576076404961));
#10641=CARTESIAN_POINT('',(0.0165,0.0323256607640495,0.000925760764049486));
#10642=VECTOR('',#14504,1.0);
#10643=AXIS2_PLACEMENT_3D('',#14505,#14506,#14507);
#10644=COLOUR_RGB('',0.501960813999176,1.0,1.0);
#10645=CARTESIAN_POINT('',(-0.0165,0.0323256607640495,0.000925760764049606));
#10646=AXIS2_PLACEMENT_3D('',#14508,#14509,#14510);
#10647=CARTESIAN_POINT('',(-0.0165,0.0323256607640495,0.00192576076404961));
#10648=AXIS2_PLACEMENT_3D('',#14511,#14512,#14513);
#10649=CARTESIAN_POINT('',(-0.0165,0.0323256607640495,0.00212576076404961));
#10650=VECTOR('',#14514,1.0);
#10651=COLOUR_RGB('',0.501960813999176,1.0,1.0);
#10652=CARTESIAN_POINT('',(-0.0185,0.0323256607640495,0.00192576076404961));
#10653=VECTOR('',#14515,1.0);
#10654=CARTESIAN_POINT('',(-0.0185,0.0323256607640495,0.000925760764049606));
#10655=VECTOR('',#14516,1.0);
#10656=COLOUR_RGB('',0.501960813999176,1.0,1.0);
#10657=CARTESIAN_POINT('',(0.0129,0.0640256607640495,0.00192576076404961));
#10658=AXIS2_PLACEMENT_3D('',#14517,#14518,#14519);
#10659=CARTESIAN_POINT('',(0.0152,0.0617256607640495,0.000424760764049595));
#10660=AXIS2_PLACEMENT_3D('',#14520,#14521,#14522);
#10661=COLOUR_RGB('',0.501960813999176,1.0,1.0);
#10662=CARTESIAN_POINT('',(0.0152,0.0626256607640495,0.000424760764049599));
#10663=AXIS2_PLACEMENT_3D('',#14523,#14524,#14525);
#10664=COLOUR_RGB('',0.501960813999176,1.0,1.0);
#10665=CARTESIAN_POINT('',(0.0138,0.0640256607640495,-0.00537523923595041));
#10666=AXIS2_PLACEMENT_3D('',#14526,#14527,#14528);
#10667=COLOUR_RGB('',0.501960813999176,1.0,1.0);
#10668=CARTESIAN_POINT('',(-0.0175,0.0640256607640495,0.00192576076404961));
#10669=AXIS2_PLACEMENT_3D('',#14529,#14530,#14531);
#10670=CARTESIAN_POINT('',(-0.0152,0.0617256607640495,0.000424760764049691));
#10671=AXIS2_PLACEMENT_3D('',#14532,#14533,#14534);
#10672=COLOUR_RGB('',0.501960813999176,1.0,1.0);
#10673=CARTESIAN_POINT('',(-0.0152,0.0626256607640495,0.000424760764049695));
#10674=AXIS2_PLACEMENT_3D('',#14535,#14536,#14537);
#10675=COLOUR_RGB('',0.501960813999176,1.0,1.0);
#10676=CARTESIAN_POINT('',(-0.0166,0.0640256607640495,-0.00537523923595041));
#10677=AXIS2_PLACEMENT_3D('',#14538,#14539,#14540);
#10678=COLOUR_RGB('',0.501960813999176,1.0,1.0);
#10679=CARTESIAN_POINT('',(0.0152,0.0330997007966495,0.000424760764049494));
#10680=AXIS2_PLACEMENT_3D('',#14541,#14542,#14543);
#10681=CARTESIAN_POINT('',(0.0152,0.0339997007966495,0.000424760764049497));
#10682=AXIS2_PLACEMENT_3D('',#14544,#14545,#14546);
#10683=COLOUR_RGB('',0.501960813999176,1.0,1.0);
#10684=CARTESIAN_POINT('',(0.0138,0.0353997007966495,-0.00537523923595041));
#10685=AXIS2_PLACEMENT_3D('',#14547,#14548,#14549);
#10686=COLOUR_RGB('',0.501960813999176,1.0,1.0);
#10687=CARTESIAN_POINT('',(0.0129,0.0353997007966495,0.00192576076404961));
#10688=AXIS2_PLACEMENT_3D('',#14550,#14551,#14552);
#10689=COLOUR_RGB('',0.501960813999176,1.0,1.0);
#10690=CARTESIAN_POINT('',(-0.0166,0.0353997007966495,-0.00537523923595041));
#10691=AXIS2_PLACEMENT_3D('',#14553,#14554,#14555);
#10692=CARTESIAN_POINT('',(-0.0152,0.0339997007966495,0.000424760764049594));
#10693=AXIS2_PLACEMENT_3D('',#14556,#14557,#14558);
#10694=COLOUR_RGB('',0.501960813999176,1.0,1.0);
#10695=CARTESIAN_POINT('',(-0.0152,0.0330997007966495,0.00042476076404959));
#10696=AXIS2_PLACEMENT_3D('',#14559,#14560,#14561);
#10697=COLOUR_RGB('',0.501960813999176,1.0,1.0);
#10698=CARTESIAN_POINT('',(-0.0175,0.0353997007966495,0.00192576076404961));
#10699=AXIS2_PLACEMENT_3D('',#14562,#14563,#14564);
#10700=COLOUR_RGB('',0.501960813999176,1.0,1.0);
#10701=CARTESIAN_POINT('',(-0.015,0.0593270675628666,0.00232465476483071));
#10702=CARTESIAN_POINT('',(-0.015,0.0593278028582048,0.00192576076404961));
#10703=CARTESIAN_POINT('',(-0.015,0.0593256554123942,0.00309073925134277));
#10704=VECTOR('',#14565,1.0);
#10705=CARTESIAN_POINT('',(-0.015,0.0593281715252376,0.00232576076404994));
#10706=CARTESIAN_POINT('',(-0.015,0.0599270665435039,0.00292576076405003));
#10707=VECTOR('',#14566,1.0);
#10708=CARTESIAN_POINT('',(-0.015,0.0443270150655554,0.00232576076404984));
#10709=CARTESIAN_POINT('',(-0.015,0.0443259090644571,0.00232576076404984));
#10710=VECTOR('',#14567,1.0);
#10711=CARTESIAN_POINT('',(-0.015,0.0443277523996209,0.00192576076404961));
#10712=CARTESIAN_POINT('',(-0.015,0.0443256559220764,0.00306308922482561));
#10713=VECTOR('',#14568,1.0);
#10714=CARTESIAN_POINT('',(-0.015,0.0379756607640495,0.00192576076404961));
#10715=VECTOR('',#14569,1.0);
#10716=COLOUR_RGB('',0.501960813999176,1.0,1.0);
#10717=CARTESIAN_POINT('',(0.015,0.0593270675628666,0.00232465476483071));
#10718=CARTESIAN_POINT('',(0.015,0.0593278028582048,0.00192576076404961));
#10719=CARTESIAN_POINT('',(0.015,0.0593256554123942,0.00309073925134268));
#10720=VECTOR('',#14570,1.0);
#10721=CARTESIAN_POINT('',(-0.015,0.0593270675628666,0.00232465476483071));
#10722=VECTOR('',#14571,1.0);
#10723=CARTESIAN_POINT('',(-0.01471,0.0593278028582048,0.00192576076404961));
#10724=VECTOR('',#14572,1.0);
#10725=COLOUR_RGB('',0.501960813999176,1.0,1.0);
#10726=CARTESIAN_POINT('',(0.015,0.0443270150655554,0.00232576076404984));
#10727=CARTESIAN_POINT('',(0.015,0.0443277523996209,0.00192576076404961));
#10728=CARTESIAN_POINT('',(0.015,0.0443256559220764,0.00306308922482551));
#10729=VECTOR('',#14573,1.0);
#10730=CARTESIAN_POINT('',(0.015,0.0593281715252376,0.00232576076404994));
#10731=CARTESIAN_POINT('',(0.015,0.0593259595230411,0.00232576076404994));
#10732=VECTOR('',#14574,1.0);
#10733=CARTESIAN_POINT('',(0.015,0.0599270665435038,0.00292576076404999));
#10734=VECTOR('',#14575,1.0);
#10735=CARTESIAN_POINT('',(0.015,0.0526756607640486,0.00192576076404961));
#10736=VECTOR('',#14576,1.0);
#10737=COLOUR_RGB('',0.501960813999176,1.0,1.0);
#10738=CARTESIAN_POINT('',(-0.0150011059992192,0.0443270130268281,0.00232686676326907));
#10739=CARTESIAN_POINT('',(-0.0156718901781003,0.0443257765467639,0.00299765094215011));
#10740=VECTOR('',#14577,1.0);
#10741=CARTESIAN_POINT('',(0.0150011059992192,0.0443270130268281,0.00232686676326907));
#10742=CARTESIAN_POINT('',(0.015,0.0443270130268281,0.00232686676326907));
#10743=VECTOR('',#14578,1.0);
#10744=CARTESIAN_POINT('',(0.0156718901781003,0.0443257765467639,0.00299765094215011));
#10745=VECTOR('',#14579,1.0);
#10746=CARTESIAN_POINT('',(0.01471,0.0443277523996209,0.00192576076404961));
#10747=VECTOR('',#14580,1.0);
#10748=COLOUR_RGB('',0.501960813999176,1.0,1.0);
#10749=CARTESIAN_POINT('',(-0.0156,0.0437270140461909,0.00292576076404983));
#10750=CARTESIAN_POINT('',(-0.0414162699131086,0.0178631122346385,0.0287420306771583));
#10751=VECTOR('',#14581,1.0);
#10752=CARTESIAN_POINT('',(0.0156,0.0437270140461909,0.00292576076404983));
#10753=CARTESIAN_POINT('',(-0.015,0.0437270140461909,0.00292576076404983));
#10754=VECTOR('',#14582,1.0);
#10755=CARTESIAN_POINT('',(0.0237233322323094,0.0355886939888697,0.0110490929963592));
#10756=VECTOR('',#14583,1.0);
#10757=COLOUR_RGB('',0.501960813999176,1.0,1.0);
#10758=CARTESIAN_POINT('',(0.0156,0.0599270665435038,0.00292576076404995));
#10759=CARTESIAN_POINT('',(0.0156,0.0443259090644571,0.00292576076404984));
#10760=VECTOR('',#14584,1.0);
#10761=CARTESIAN_POINT('',(-0.0155812564492207,0.0288032346256382,-0.0282554956851709));
#10762=VECTOR('',#14585,1.0);
#10763=COLOUR_RGB('',0.501960813999176,1.0,1.0);
#10764=CARTESIAN_POINT('',(-0.0156,0.0599270665435038,0.00292576076404995));
#10765=CARTESIAN_POINT('',(0.015,0.0599270665435038,0.00292576076404995));
#10766=VECTOR('',#14586,1.0);
#10767=CARTESIAN_POINT('',(0.0155812564492206,0.0288032346256381,-0.028255495685171));
#10768=VECTOR('',#14587,1.0);
#10769=COLOUR_RGB('',0.501960813999176,1.0,1.0);
#10770=CARTESIAN_POINT('',(-0.0156,0.059325959523041,0.00292576076404994));
#10771=VECTOR('',#14588,1.0);
#10772=COLOUR_RGB('',0.501960813999176,1.0,1.0);
#10773=CARTESIAN_POINT('',(0.0376,0.0447756607640495,-0.00227523923595046));
#10774=CARTESIAN_POINT('',(0.0376,0.0447756607640495,-7.42392359505181E-05));
#10775=CARTESIAN_POINT('',(0.0376,0.0447756607640495,0.00792576076404958));
#10776=VECTOR('',#14589,1.0);
#10777=CARTESIAN_POINT('',(0.032,0.0447756607640495,-7.42392359504975E-05));
#10778=CARTESIAN_POINT('',(0.032,0.0447756607640495,-7.4239235950501E-05));
#10779=VECTOR('',#14590,1.0);
#10780=CARTESIAN_POINT('',(0.032,0.0447756607640495,-0.00227523923595043));
#10781=CARTESIAN_POINT('',(0.032,0.0447756607640495,-0.000674739235950465));
#10782=VECTOR('',#14591,1.0);
#10783=CARTESIAN_POINT('',(0.032,0.0447756607640495,-0.00227523923595044));
#10784=VECTOR('',#14592,1.0);
#10785=COLOUR_RGB('',0.501960813999176,1.0,1.0);
#10786=CARTESIAN_POINT('',(0.032,0.0547756607640495,-7.42392359504656E-05));
#10787=AXIS2_PLACEMENT_3D('',#14593,#14594,#14595);
#10788=CARTESIAN_POINT('',(0.032,0.0547756607640495,-0.00227523923595041));
#10789=CARTESIAN_POINT('',(0.032,0.0547756607640495,-0.000674739235950439));
#10790=VECTOR('',#14596,1.0);
#10791=AXIS2_PLACEMENT_3D('',#14597,#14598,#14599);
#10792=COLOUR_RGB('',0.501960813999176,1.0,1.0);
#10793=CARTESIAN_POINT('',(0.0376,0.0547756607640495,-0.00227523923595042));
#10794=CARTESIAN_POINT('',(-1.05834996779298E-17,0.0547756607640495,-0.0022752392359503));
#10795=VECTOR('',#14600,1.0);
#10796=CARTESIAN_POINT('',(0.0376,0.00232566076404951,-0.00227523923595061));
#10797=VECTOR('',#14601,1.0);
#10798=CARTESIAN_POINT('',(0.0306,0.0497756607640495,-0.00227523923595041));
#10799=AXIS2_PLACEMENT_3D('',#14602,#14603,#14604);
#10800=COLOUR_RGB('',0.501960813999176,1.0,1.0);
#10801=CARTESIAN_POINT('',(0.0306,0.0497756607640495,0.00192576076404965));
#10802=AXIS2_PLACEMENT_3D('',#14605,#14606,#14607);
#10803=COLOUR_RGB('',0.501960813999176,1.0,1.0);
#10804=COLOUR_RGB('',0.501960813999176,1.0,1.0);
#10805=CARTESIAN_POINT('',(0.0376,0.0547756607640495,-7.4239235950484E-05));
#10806=CARTESIAN_POINT('',(0.0376,0.0547756607640495,-7.42392359504833E-05));
#10807=VECTOR('',#14608,1.0);
#10808=CARTESIAN_POINT('',(0.0376,0.0547756607640495,0.000925760764049511));
#10809=VECTOR('',#14609,1.0);
#10810=COLOUR_RGB('',0.501960813999176,1.0,1.0);
#10811=CARTESIAN_POINT('',(-0.0334,0.0497756607640495,-0.00227523923595041));
#10812=AXIS2_PLACEMENT_3D('',#14610,#14611,#14612);
#10813=CARTESIAN_POINT('',(-0.032,0.0547756607640495,-0.00227523923595041));
#10814=CARTESIAN_POINT('',(-0.032,0.0447756607640495,-0.00227523923595041));
#10815=AXIS2_PLACEMENT_3D('',#14613,#14614,#14615);
#10816=CARTESIAN_POINT('',(-0.0376,0.0447756607640495,-0.00227523923595022));
#10817=CARTESIAN_POINT('',(-0.005,0.0447756607640495,-0.00227523923595041));
#10818=VECTOR('',#14616,1.0);
#10819=CARTESIAN_POINT('',(-0.0376,0.0547756607640495,-0.00227523923595019));
#10820=CARTESIAN_POINT('',(-0.0376,0.00232566076404952,-0.00227523923595037));
#10821=VECTOR('',#14617,1.0);
#10822=CARTESIAN_POINT('',(-0.005,0.0547756607640495,-0.00227523923595041));
#10823=VECTOR('',#14618,1.0);
#10824=COLOUR_RGB('',0.501960813999176,1.0,1.0);
#10825=CARTESIAN_POINT('',(-0.032,0.0547756607640495,-7.4239235950267E-05));
#10826=CARTESIAN_POINT('',(-0.032,0.0547756607640495,-0.000674739235950353));
#10827=VECTOR('',#14619,1.0);
#10828=CARTESIAN_POINT('',(-0.032,0.0447756607640495,-7.42392359502983E-05));
#10829=AXIS2_PLACEMENT_3D('',#14620,#14621,#14622);
#10830=CARTESIAN_POINT('',(-0.032,0.0447756607640495,-0.000674739235950371));
#10831=VECTOR('',#14623,1.0);
#10832=COLOUR_RGB('',0.501960813999176,1.0,1.0);
#10833=CARTESIAN_POINT('',(-0.0376,0.0447756607640495,-7.42392359502808E-05));
#10834=CARTESIAN_POINT('',(-0.032,0.0447756607640495,-7.42392359502985E-05));
#10835=VECTOR('',#14624,1.0);
#10836=CARTESIAN_POINT('',(-0.0376,0.0447756607640495,0.000925760764049714));
#10837=VECTOR('',#14625,1.0);
#10838=COLOUR_RGB('',0.501960813999176,1.0,1.0);
#10839=CARTESIAN_POINT('',(-0.0376,0.0547756607640495,-7.42392359502457E-05));
#10840=CARTESIAN_POINT('',(-0.0376,0.0547756607640495,0.00792576076404986));
#10841=VECTOR('',#14626,1.0);
#10842=CARTESIAN_POINT('',(-0.032,0.0547756607640495,-7.42392359502632E-05));
#10843=VECTOR('',#14627,1.0);
#10844=COLOUR_RGB('',0.501960813999176,1.0,1.0);
#10845=CARTESIAN_POINT('',(-0.0334,0.0497756607640495,0.00192576076404965));
#10846=AXIS2_PLACEMENT_3D('',#14628,#14629,#14630);
#10847=COLOUR_RGB('',0.501960813999176,1.0,1.0);
#10848=COLOUR_RGB('',0.501960813999176,1.0,1.0);
#10849=CARTESIAN_POINT('',(0.0143421517358051,0.0170133621880603,0.00292576076404967));
#10850=CARTESIAN_POINT('',(0.0143421517358051,0.0170133621880603,0.00192576076404946));
#10851=CARTESIAN_POINT('',(0.0143421517358051,0.0170133621880603,0.000925760764049463));
#10852=VECTOR('',#14631,1.0);
#10853=CARTESIAN_POINT('',(0.014342151735805,-0.0112709090594016,0.00192576076404936));
#10854=AXIS2_PLACEMENT_3D('',#14632,#14633,#14634);
#10855=CARTESIAN_POINT('',(0.0143421517358051,-0.0112709090594016,0.00292576076404947));
#10856=CARTESIAN_POINT('',(0.014342151735805,-0.0112709090594016,0.000925760764049363));
#10857=VECTOR('',#14635,1.0);
#10858=AXIS2_PLACEMENT_3D('',#14636,#14637,#14638);
#10859=COLOUR_RGB('',0.501960813999176,1.0,1.0);
#10860=CARTESIAN_POINT('',(0.012927938173432,0.0155991486256872,0.00292576076404966));
#10861=CARTESIAN_POINT('',(0.012927938173432,0.0155991486256872,0.00192576076404946));
#10862=CARTESIAN_POINT('',(0.012927938173432,0.0155991486256872,0.000925760764049462));
#10863=VECTOR('',#14639,1.0);
#10864=AXIS2_PLACEMENT_3D('',#14640,#14641,#14642);
#10865=AXIS2_PLACEMENT_3D('',#14643,#14644,#14645);
#10866=COLOUR_RGB('',0.501960813999176,1.0,1.0);
#10867=CARTESIAN_POINT('',(0.012927938173432,-0.00985669549702854,0.00192576076404937));
#10868=AXIS2_PLACEMENT_3D('',#14646,#14647,#14648);
#10869=CARTESIAN_POINT('',(0.012927938173432,-0.00985669549702855,0.00292576076404948));
#10870=CARTESIAN_POINT('',(0.012927938173432,-0.00985669549702854,0.000925760764049373));
#10871=VECTOR('',#14649,1.0);
#10872=AXIS2_PLACEMENT_3D('',#14650,#14651,#14652);
#10873=COLOUR_RGB('',0.501960813999176,1.0,1.0);
#10874=AXIS2_PLACEMENT_3D('',#14653,#14654,#14655);
#10875=AXIS2_PLACEMENT_3D('',#14656,#14657,#14658);
#10876=COLOUR_RGB('',0.501960813999176,1.0,1.0);
#10877=CARTESIAN_POINT('',(0.0100995110486858,0.012770721500941,0.00292576076404964));
#10878=CARTESIAN_POINT('',(0.0100995110486858,0.012770721500941,0.00192576076404946));
#10879=CARTESIAN_POINT('',(0.0100995110486858,0.012770721500941,0.000925760764049461));
#10880=VECTOR('',#14659,1.0);
#10881=CARTESIAN_POINT('',(0.0100995110486858,-0.00702826837228234,0.00192576076404939));
#10882=AXIS2_PLACEMENT_3D('',#14660,#14661,#14662);
#10883=CARTESIAN_POINT('',(0.0100995110486858,-0.00702826837228235,0.0029257607640495));
#10884=CARTESIAN_POINT('',(0.0100995110486858,-0.00702826837228234,0.000925760764049392));
#10885=VECTOR('',#14663,1.0);
#10886=AXIS2_PLACEMENT_3D('',#14664,#14665,#14666);
#10887=COLOUR_RGB('',0.501960813999176,1.0,1.0);
#10888=CARTESIAN_POINT('',(0.0086852974863127,0.0113565079385679,0.00292576076404963));
#10889=CARTESIAN_POINT('',(0.00868529748631269,0.0113565079385679,0.00192576076404945));
#10890=CARTESIAN_POINT('',(0.00868529748631269,0.0113565079385679,0.000925760764049461));
#10891=VECTOR('',#14667,1.0);
#10892=AXIS2_PLACEMENT_3D('',#14668,#14669,#14670);
#10893=AXIS2_PLACEMENT_3D('',#14671,#14672,#14673);
#10894=COLOUR_RGB('',0.501960813999176,1.0,1.0);
#10895=CARTESIAN_POINT('',(0.00868529748631268,-0.00561405480990925,0.00192576076404939));
#10896=AXIS2_PLACEMENT_3D('',#14674,#14675,#14676);
#10897=CARTESIAN_POINT('',(0.00868529748631268,-0.00561405480990925,0.00292576076404951));
#10898=CARTESIAN_POINT('',(0.00868529748631267,-0.00561405480990924,0.000925760764049401));
#10899=VECTOR('',#14677,1.0);
#10900=AXIS2_PLACEMENT_3D('',#14678,#14679,#14680);
#10901=COLOUR_RGB('',0.501960813999176,1.0,1.0);
#10902=AXIS2_PLACEMENT_3D('',#14681,#14682,#14683);
#10903=AXIS2_PLACEMENT_3D('',#14684,#14685,#14686);
#10904=COLOUR_RGB('',0.501960813999176,1.0,1.0);
#10905=CARTESIAN_POINT('',(0.00656397714275305,0.00923518759500826,0.00292576076404961));
#10906=CARTESIAN_POINT('',(0.00656397714275305,0.00923518759500826,0.00192576076404945));
#10907=CARTESIAN_POINT('',(0.00656397714275305,0.00923518759500827,0.00092576076404946));
#10908=VECTOR('',#14687,1.0);
#10909=CARTESIAN_POINT('',(0.00656397714275304,-0.0034927344663496,0.00192576076404941));
#10910=AXIS2_PLACEMENT_3D('',#14688,#14689,#14690);
#10911=CARTESIAN_POINT('',(0.00656397714275304,-0.00349273446634961,0.00292576076404952));
#10912=CARTESIAN_POINT('',(0.00656397714275303,-0.0034927344663496,0.000925760764049415));
#10913=VECTOR('',#14691,1.0);
#10914=AXIS2_PLACEMENT_3D('',#14692,#14693,#14694);
#10915=COLOUR_RGB('',0.501960813999176,1.0,1.0);
#10916=CARTESIAN_POINT('',(0.00514976358037996,0.00782097403263516,0.0029257607640496));
#10917=CARTESIAN_POINT('',(0.00514976358037995,0.00782097403263517,0.00192576076404945));
#10918=CARTESIAN_POINT('',(0.00514976358037995,0.00782097403263517,0.00092576076404946));
#10919=VECTOR('',#14695,1.0);
#10920=AXIS2_PLACEMENT_3D('',#14696,#14697,#14698);
#10921=AXIS2_PLACEMENT_3D('',#14699,#14700,#14701);
#10922=COLOUR_RGB('',0.501960813999176,1.0,1.0);
#10923=CARTESIAN_POINT('',(0.00514976358037994,-0.00207852090397651,0.00192576076404942));
#10924=AXIS2_PLACEMENT_3D('',#14702,#14703,#14704);
#10925=CARTESIAN_POINT('',(0.00514976358037995,-0.00207852090397651,0.00292576076404953));
#10926=CARTESIAN_POINT('',(0.00514976358037994,-0.0020785209039765,0.000925760764049425));
#10927=VECTOR('',#14705,1.0);
#10928=AXIS2_PLACEMENT_3D('',#14706,#14707,#14708);
#10929=COLOUR_RGB('',0.501960813999176,1.0,1.0);
#10930=AXIS2_PLACEMENT_3D('',#14709,#14710,#14711);
#10931=AXIS2_PLACEMENT_3D('',#14712,#14713,#14714);
#10932=COLOUR_RGB('',0.501960813999176,1.0,1.0);
#10933=CARTESIAN_POINT('',(0.000200016112074122,0.00587122656432933,0.00292576076404959));
#10934=AXIS2_PLACEMENT_3D('',#14715,#14716,#14717);
#10935=CARTESIAN_POINT('',(0.000200016112074118,-0.000128773435670664,0.00192576076404944));
#10936=AXIS2_PLACEMENT_3D('',#14718,#14719,#14720);
#10937=COLOUR_RGB('',0.501960813999176,1.0,1.0);
#10938=CARTESIAN_POINT('',(-0.00474973135623169,0.00782097403263518,0.0029257607640496));
#10939=CARTESIAN_POINT('',(-0.0047497313562317,0.00782097403263519,0.00192576076404948));
#10940=CARTESIAN_POINT('',(-0.0047497313562317,0.00782097403263519,0.000925760764049491));
#10941=VECTOR('',#14721,1.0);
#10942=CARTESIAN_POINT('',(-0.00474973135623172,-0.00207852090397649,0.00192576076404945));
#10943=AXIS2_PLACEMENT_3D('',#14722,#14723,#14724);
#10944=CARTESIAN_POINT('',(-0.00474973135623172,-0.0020785209039765,0.00292576076404953));
#10945=CARTESIAN_POINT('',(-0.00474973135623172,-0.00207852090397649,0.000925760764049456));
#10946=VECTOR('',#14725,1.0);
#10947=AXIS2_PLACEMENT_3D('',#14726,#14727,#14728);
#10948=COLOUR_RGB('',0.501960813999176,1.0,1.0);
#10949=CARTESIAN_POINT('',(-0.00616394491860478,0.00923518759500828,0.00292576076404961));
#10950=CARTESIAN_POINT('',(-0.00616394491860479,0.00923518759500829,0.00192576076404949));
#10951=CARTESIAN_POINT('',(-0.00616394491860479,0.00923518759500829,0.0009257607640495));
#10952=VECTOR('',#14729,1.0);
#10953=AXIS2_PLACEMENT_3D('',#14730,#14731,#14732);
#10954=AXIS2_PLACEMENT_3D('',#14733,#14734,#14735);
#10955=COLOUR_RGB('',0.501960813999176,1.0,1.0);
#10956=CARTESIAN_POINT('',(-0.00616394491860482,-0.00349273446634959,0.00192576076404945));
#10957=AXIS2_PLACEMENT_3D('',#14736,#14737,#14738);
#10958=CARTESIAN_POINT('',(-0.00616394491860482,-0.00349273446634959,0.00292576076404952));
#10959=CARTESIAN_POINT('',(-0.00616394491860482,-0.00349273446634958,0.000925760764049456));
#10960=VECTOR('',#14739,1.0);
#10961=AXIS2_PLACEMENT_3D('',#14740,#14741,#14742);
#10962=COLOUR_RGB('',0.501960813999176,1.0,1.0);
#10963=AXIS2_PLACEMENT_3D('',#14743,#14744,#14745);
#10964=AXIS2_PLACEMENT_3D('',#14746,#14747,#14748);
#10965=COLOUR_RGB('',0.501960813999176,1.0,1.0);
#10966=CARTESIAN_POINT('',(-0.00828526526216442,0.0113565079385679,0.00292576076404963));
#10967=CARTESIAN_POINT('',(-0.00828526526216442,0.0113565079385679,0.00192576076404951));
#10968=CARTESIAN_POINT('',(-0.00828526526216442,0.0113565079385679,0.000925760764049515));
#10969=VECTOR('',#14749,1.0);
#10970=CARTESIAN_POINT('',(-0.00828526526216446,-0.00561405480990923,0.00192576076404945));
#10971=AXIS2_PLACEMENT_3D('',#14750,#14751,#14752);
#10972=CARTESIAN_POINT('',(-0.00828526526216446,-0.00561405480990923,0.00292576076404951));
#10973=CARTESIAN_POINT('',(-0.00828526526216447,-0.00561405480990922,0.000925760764049455));
#10974=VECTOR('',#14753,1.0);
#10975=AXIS2_PLACEMENT_3D('',#14754,#14755,#14756);
#10976=COLOUR_RGB('',0.501960813999176,1.0,1.0);
#10977=CARTESIAN_POINT('',(-0.00969947882453751,0.012770721500941,0.00292576076404964));
#10978=CARTESIAN_POINT('',(-0.00969947882453751,0.012770721500941,0.00192576076404952));
#10979=CARTESIAN_POINT('',(-0.00969947882453751,0.012770721500941,0.000925760764049524));
#10980=VECTOR('',#14757,1.0);
#10981=AXIS2_PLACEMENT_3D('',#14758,#14759,#14760);
#10982=AXIS2_PLACEMENT_3D('',#14761,#14762,#14763);
#10983=COLOUR_RGB('',0.501960813999176,1.0,1.0);
#10984=CARTESIAN_POINT('',(-0.00969947882453756,-0.00702826837228232,0.00192576076404945));
#10985=AXIS2_PLACEMENT_3D('',#14764,#14765,#14766);
#10986=CARTESIAN_POINT('',(-0.00969947882453756,-0.00702826837228232,0.0029257607640495));
#10987=CARTESIAN_POINT('',(-0.00969947882453756,-0.00702826837228231,0.000925760764049454));
#10988=VECTOR('',#14767,1.0);
#10989=AXIS2_PLACEMENT_3D('',#14768,#14769,#14770);
#10990=COLOUR_RGB('',0.501960813999176,1.0,1.0);
#10991=AXIS2_PLACEMENT_3D('',#14771,#14772,#14773);
#10992=AXIS2_PLACEMENT_3D('',#14774,#14775,#14776);
#10993=COLOUR_RGB('',0.501960813999176,1.0,1.0);
#10994=CARTESIAN_POINT('',(-0.0125279059492837,0.0155991486256872,0.00292576076404966));
#10995=CARTESIAN_POINT('',(-0.0125279059492837,0.0155991486256872,0.00192576076404954));
#10996=CARTESIAN_POINT('',(-0.0125279059492837,0.0155991486256872,0.000925760764049543));
#10997=VECTOR('',#14777,1.0);
#10998=CARTESIAN_POINT('',(-0.0125279059492838,-0.0098566954970285,0.00192576076404945));
#10999=AXIS2_PLACEMENT_3D('',#14778,#14779,#14780);
#11000=CARTESIAN_POINT('',(-0.0125279059492838,-0.00985669549702851,0.00292576076404948));
#11001=CARTESIAN_POINT('',(-0.0125279059492838,-0.0098566954970285,0.000925760764049453));
#11002=VECTOR('',#14781,1.0);
#11003=AXIS2_PLACEMENT_3D('',#14782,#14783,#14784);
#11004=COLOUR_RGB('',0.501960813999176,1.0,1.0);
#11005=CARTESIAN_POINT('',(-0.0139421195116568,0.0170133621880603,0.00292576076404967));
#11006=CARTESIAN_POINT('',(-0.0139421195116568,0.0170133621880603,0.00192576076404955));
#11007=CARTESIAN_POINT('',(-0.0139421195116568,0.0170133621880603,0.000925760764049552));
#11008=VECTOR('',#14785,1.0);
#11009=AXIS2_PLACEMENT_3D('',#14786,#14787,#14788);
#11010=AXIS2_PLACEMENT_3D('',#14789,#14790,#14791);
#11011=COLOUR_RGB('',0.501960813999176,1.0,1.0);
#11012=CARTESIAN_POINT('',(-0.0139421195116568,-0.0112709090594016,0.00192576076404945));
#11013=AXIS2_PLACEMENT_3D('',#14792,#14793,#14794);
#11014=CARTESIAN_POINT('',(-0.0139421195116568,-0.0112709090594016,0.00292576076404947));
#11015=CARTESIAN_POINT('',(-0.0139421195116569,-0.0112709090594016,0.000925760764049453));
#11016=VECTOR('',#14795,1.0);
#11017=AXIS2_PLACEMENT_3D('',#14796,#14797,#14798);
#11018=COLOUR_RGB('',0.501960813999176,1.0,1.0);
#11019=AXIS2_PLACEMENT_3D('',#14799,#14800,#14801);
#11020=AXIS2_PLACEMENT_3D('',#14802,#14803,#14804);
#11021=COLOUR_RGB('',0.501960813999176,1.0,1.0);
#11022=CARTESIAN_POINT('',(0.0259027945333274,0.0311284546324322,0.00192576076404947));
#11023=CARTESIAN_POINT('',(-0.025902794533327,0.0311284546324322,0.00192576076404963));
#11024=CARTESIAN_POINT('',(0.0258027938683829,0.0311284546324322,0.00192576076404947));
#11025=VECTOR('',#14805,1.0);
#11026=CARTESIAN_POINT('',(-0.025902794533327,0.0311284546324322,0.000925760764049634));
#11027=CARTESIAN_POINT('',(-0.025902794533327,0.0311284546324322,0.000925760764049634));
#11028=VECTOR('',#14806,1.0);
#11029=CARTESIAN_POINT('',(0.0259027945333274,0.0311284546324322,0.00092576076404947));
#11030=CARTESIAN_POINT('',(0.0258027938683829,0.0311284546324322,0.00092576076404947));
#11031=VECTOR('',#14807,1.0);
#11032=CARTESIAN_POINT('',(0.0259027945333274,0.0311284546324322,0.00192576076404947));
#11033=VECTOR('',#14808,1.0);
#11034=COLOUR_RGB('',0.501960813999176,1.0,1.0);
#11035=AXIS2_PLACEMENT_3D('',#14809,#14810,#14811);
#11036=AXIS2_PLACEMENT_3D('',#14812,#14813,#14814);
#11037=COLOUR_RGB('',0.501960813999176,1.0,1.0);
#11038=AXIS2_PLACEMENT_3D('',#14815,#14816,#14817);
#11039=AXIS2_PLACEMENT_3D('',#14818,#14819,#14820);
#11040=COLOUR_RGB('',0.501960813999176,1.0,1.0);
#11041=CARTESIAN_POINT('',(0.0308,-0.0223743392359505,-7.4239235950734E-05));
#11042=CARTESIAN_POINT('',(0.0298,-0.0223743392359505,0.000925760764049269));
#11043=AXIS2_PLACEMENT_3D('',#14821,#14822,#14823);
#11044=CARTESIAN_POINT('',(0.0333,-0.0188743392359505,0.000925760764049271));
#11045=AXIS2_PLACEMENT_3D('',#14824,#14825,#14826);
#11046=CARTESIAN_POINT('',(0.0333,-0.0198743392359505,-7.42392359507331E-05));
#11047=AXIS2_PLACEMENT_3D('',#14827,#14828,#14829);
#11048=AXIS2_PLACEMENT_3D('',#14830,#14831,#14832);
#11049=COLOUR_RGB('',0.501960813999176,1.0,1.0);
#11050=CARTESIAN_POINT('',(0.0366,-0.0188743392359505,0.00092576076404926));
#11051=CARTESIAN_POINT('',(-4.55101557729193E-19,-0.0188743392359505,0.000925760764049376));
#11052=VECTOR('',#14833,1.0);
#11053=CARTESIAN_POINT('',(0.0376,-0.0198743392359505,-7.42392359507466E-05));
#11054=AXIS2_PLACEMENT_3D('',#14834,#14835,#14836);
#11055=CARTESIAN_POINT('',(0.032,-0.0198743392359505,-7.42392359507287E-05));
#11056=VECTOR('',#14837,1.0);
#11057=COLOUR_RGB('',0.501960813999176,1.0,1.0);
#11058=CARTESIAN_POINT('',(0.0308,-0.0266743392359505,-7.42392359507488E-05));
#11059=CARTESIAN_POINT('',(0.0298,-0.0256743392359505,0.000925760764049258));
#11060=AXIS2_PLACEMENT_3D('',#14838,#14839,#14840);
#11061=CARTESIAN_POINT('',(0.0298,0.000925660764049503,0.000925760764049351));
#11062=VECTOR('',#14841,1.0);
#11063=CARTESIAN_POINT('',(0.0308,-0.0290743392359505,-7.42392359507577E-05));
#11064=VECTOR('',#14842,1.0);
#11065=COLOUR_RGB('',0.501960813999176,1.0,1.0);
#11066=CARTESIAN_POINT('',(-0.0308,-0.0266743392359505,-7.42392359505543E-05));
#11067=CARTESIAN_POINT('',(-0.0298,-0.0256743392359505,0.000925760764049446));
#11068=AXIS2_PLACEMENT_3D('',#14843,#14844,#14845);
#11069=CARTESIAN_POINT('',(-0.0308,-0.0256743392359505,0.000925760764049449));
#11070=VECTOR('',#14846,1.0);
#11071=CARTESIAN_POINT('',(0.0308,-0.0266743392359505,-7.42392359507491E-05));
#11072=VECTOR('',#14847,1.0);
#11073=COLOUR_RGB('',0.501960813999176,1.0,1.0);
#11074=CARTESIAN_POINT('',(0.0337999999959968,0.0169256607640495,-7.42392359506046E-05));
#11075=CARTESIAN_POINT('',(0.04,0.0169256607640495,-7.42392359506243E-05));
#11076=VECTOR('',#14848,1.0);
#11077=CARTESIAN_POINT('',(0.0337999999959968,0.0159256607640495,0.000925760764049392));
#11078=CARTESIAN_POINT('',(-4.55101557728805E-19,0.0159256607640495,0.000925760764049499));
#11079=VECTOR('',#14849,1.0);
#11080=AXIS2_PLACEMENT_3D('',#14850,#14851,#14852);
#11081=COLOUR_RGB('',0.501960813999176,1.0,1.0);
#11082=CARTESIAN_POINT('',(-0.0308,-0.0223743392359505,-7.42392359505389E-05));
#11083=CARTESIAN_POINT('',(-0.0298,-0.0223743392359505,0.000925760764049458));
#11084=AXIS2_PLACEMENT_3D('',#14853,#14854,#14855);
#11085=CARTESIAN_POINT('',(-0.0298,0.000925660764049503,0.00092576076404954));
#11086=VECTOR('',#14856,1.0);
#11087=CARTESIAN_POINT('',(-0.0308,-0.0290743392359505,-7.42392359505625E-05));
#11088=VECTOR('',#14857,1.0);
#11089=COLOUR_RGB('',0.501960813999176,1.0,1.0);
#11090=CARTESIAN_POINT('',(0.0337999999959968,0.0259256607640495,0.000925760764049427));
#11091=CARTESIAN_POINT('',(0.0337999999959968,0.0249256607640495,-7.42392359505767E-05));
#11092=AXIS2_PLACEMENT_3D('',#14858,#14859,#14860);
#11093=AXIS2_PLACEMENT_3D('',#14861,#14862,#14863);
#11094=AXIS2_PLACEMENT_3D('',#14864,#14865,#14866);
#11095=COLOUR_RGB('',0.501960813999176,1.0,1.0);
#11096=CARTESIAN_POINT('',(-0.0333,-0.0198743392359505,-7.42392359505222E-05));
#11097=CARTESIAN_POINT('',(-0.0333,-0.0188743392359505,0.000925760764049481));
#11098=AXIS2_PLACEMENT_3D('',#14867,#14868,#14869);
#11099=AXIS2_PLACEMENT_3D('',#14870,#14871,#14872);
#11100=AXIS2_PLACEMENT_3D('',#14873,#14874,#14875);
#11101=COLOUR_RGB('',0.501960813999176,1.0,1.0);
#11102=CARTESIAN_POINT('',(0.0366,0.0259256607640495,0.000925760764049418));
#11103=CARTESIAN_POINT('',(0.0376,0.0249256607640495,-7.42392359505892E-05));
#11104=AXIS2_PLACEMENT_3D('',#14876,#14877,#14878);
#11105=CARTESIAN_POINT('',(0.032,0.0249256607640495,-7.42392359505709E-05));
#11106=VECTOR('',#14879,1.0);
#11107=CARTESIAN_POINT('',(-4.55101557728694E-19,0.0259256607640495,0.000925760764049534));
#11108=VECTOR('',#14880,1.0);
#11109=COLOUR_RGB('',0.501960813999176,1.0,1.0);
#11110=CARTESIAN_POINT('',(-0.032,-0.0198743392359505,-7.42392359505265E-05));
#11111=VECTOR('',#14881,1.0);
#11112=CARTESIAN_POINT('',(-4.55101557729192E-19,-0.0188743392359505,0.000925760764049376));
#11113=VECTOR('',#14882,1.0);
#11114=COLOUR_RGB('',0.501960813999176,1.0,1.0);
#11115=CARTESIAN_POINT('',(0.0366,0.0437756607640495,0.000925760764049481));
#11116=AXIS2_PLACEMENT_3D('',#14883,#14884,#14885);
#11117=CARTESIAN_POINT('',(0.0376,0.0447756607640495,-7.42392359505193E-05));
#11118=VECTOR('',#14886,1.0);
#11119=CARTESIAN_POINT('',(0.0366,0.0249256607640495,0.000925760764049415));
#11120=VECTOR('',#14887,1.0);
#11121=COLOUR_RGB('',0.501960813999176,1.0,1.0);
#11122=CARTESIAN_POINT('',(0.032,0.0437756607640495,0.000925760764049496));
#11123=AXIS2_PLACEMENT_3D('',#14888,#14889,#14890);
#11124=CARTESIAN_POINT('',(0.0376,0.0437756607640495,0.000925760764049478));
#11125=VECTOR('',#14891,1.0);
#11126=COLOUR_RGB('',0.501960813999176,1.0,1.0);
#11127=CARTESIAN_POINT('',(-0.0366,0.0159256607640495,0.000925760764049614));
#11128=CARTESIAN_POINT('',(-0.0337999999959968,0.0159256607640495,0.000925760764049606));
#11129=CARTESIAN_POINT('',(-4.55101557728805E-19,0.0159256607640495,0.000925760764049499));
#11130=VECTOR('',#14892,1.0);
#11131=CARTESIAN_POINT('',(-0.0376,0.0169256607640495,-7.42392359503788E-05));
#11132=AXIS2_PLACEMENT_3D('',#14893,#14894,#14895);
#11133=CARTESIAN_POINT('',(-0.0337999999959968,0.0169256607640495,-7.4239235950391E-05));
#11134=CARTESIAN_POINT('',(-0.04,0.0169256607640495,-7.42392359503713E-05));
#11135=VECTOR('',#14896,1.0);
#11136=AXIS2_PLACEMENT_3D('',#14897,#14898,#14899);
#11137=COLOUR_RGB('',0.501960813999176,1.0,1.0);
#11138=CARTESIAN_POINT('',(0.032,0.0557756607640495,0.000925760764049538));
#11139=AXIS2_PLACEMENT_3D('',#14900,#14901,#14902);
#11140=AXIS2_PLACEMENT_3D('',#14903,#14904,#14905);
#11141=COLOUR_RGB('',0.501960813999176,1.0,1.0);
#11142=CARTESIAN_POINT('',(-0.0337999999959968,0.0249256607640495,-7.42392359503627E-05));
#11143=CARTESIAN_POINT('',(-0.0337999999959968,0.0259256607560431,0.000925760764049641));
#11144=AXIS2_PLACEMENT_3D('',#14906,#14907,#14908);
#11145=AXIS2_PLACEMENT_3D('',#14909,#14910,#14911);
#11146=AXIS2_PLACEMENT_3D('',#14912,#14913,#14914);
#11147=COLOUR_RGB('',0.501960813999176,1.0,1.0);
#11148=CARTESIAN_POINT('',(0.0366,0.0557756607640495,0.000925760764049523));
#11149=AXIS2_PLACEMENT_3D('',#14915,#14916,#14917);
#11150=CARTESIAN_POINT('',(0.032,0.0557756607640495,0.000925760764049538));
#11151=VECTOR('',#14918,1.0);
#11152=COLOUR_RGB('',0.501960813999176,1.0,1.0);
#11153=CARTESIAN_POINT('',(-0.0376,0.0249256607640495,-7.42392359503509E-05));
#11154=CARTESIAN_POINT('',(-0.0366,0.0259256607640495,0.00092576076404965));
#11155=AXIS2_PLACEMENT_3D('',#14919,#14920,#14921);
#11156=CARTESIAN_POINT('',(-4.55101557728694E-19,0.0259256607640495,0.000925760764049534));
#11157=VECTOR('',#14922,1.0);
#11158=CARTESIAN_POINT('',(-0.032,0.0249256607640495,-7.42392359503683E-05));
#11159=VECTOR('',#14923,1.0);
#11160=COLOUR_RGB('',0.501960813999176,1.0,1.0);
#11161=CARTESIAN_POINT('',(0.0366,0.0607256607640495,0.000925760764049541));
#11162=CARTESIAN_POINT('',(0.0376,0.0617256607640495,-7.42392359504591E-05));
#11163=AXIS2_PLACEMENT_3D('',#14924,#14925,#14926);
#11164=CARTESIAN_POINT('',(0.0376,0.0617256607640495,-7.42392359504595E-05));
#11165=VECTOR('',#14927,1.0);
#11166=CARTESIAN_POINT('',(0.0366,0.0547756607640495,0.00092576076404952));
#11167=VECTOR('',#14928,1.0);
#11168=COLOUR_RGB('',0.501960813999176,1.0,1.0);
#11169=CARTESIAN_POINT('',(-0.0366,0.0437756607640495,0.000925760764049713));
#11170=AXIS2_PLACEMENT_3D('',#14929,#14930,#14931);
#11171=CARTESIAN_POINT('',(-0.0366,0.0447756607640495,0.000925760764049716));
#11172=VECTOR('',#14932,1.0);
#11173=CARTESIAN_POINT('',(-0.0376,0.0249256607640495,-7.42392359503507E-05));
#11174=VECTOR('',#14933,1.0);
#11175=COLOUR_RGB('',0.501960813999176,1.0,1.0);
#11176=CARTESIAN_POINT('',(0.0333,0.0607256607640495,0.000925760764049551));
#11177=CARTESIAN_POINT('',(0.0333,0.0617256607640495,-7.42392359504454E-05));
#11178=AXIS2_PLACEMENT_3D('',#14934,#14935,#14936);
#11179=CARTESIAN_POINT('',(0.0333,0.0617256607640495,-7.42392359504455E-05));
#11180=VECTOR('',#14937,1.0);
#11181=CARTESIAN_POINT('',(0.0376,0.0607256607640495,0.000925760764049538));
#11182=VECTOR('',#14938,1.0);
#11183=COLOUR_RGB('',0.501960813999176,1.0,1.0);
#11184=CARTESIAN_POINT('',(-0.032,0.0437756607640495,0.000925760764049698));
#11185=AXIS2_PLACEMENT_3D('',#14939,#14940,#14941);
#11186=CARTESIAN_POINT('',(-4.55101557728484E-19,0.0437756607640495,0.000925760764049597));
#11187=VECTOR('',#14942,1.0);
#11188=COLOUR_RGB('',0.501960813999176,1.0,1.0);
#11189=CARTESIAN_POINT('',(0.0298,0.0642256607640495,0.000925760764049575));
#11190=CARTESIAN_POINT('',(0.0308,0.0642256607640495,-7.42392359504285E-05));
#11191=AXIS2_PLACEMENT_3D('',#14943,#14944,#14945);
#11192=AXIS2_PLACEMENT_3D('',#14946,#14947,#14948);
#11193=AXIS2_PLACEMENT_3D('',#14949,#14950,#14951);
#11194=COLOUR_RGB('',0.501960813999176,1.0,1.0);
#11195=CARTESIAN_POINT('',(-0.032,0.0557756607640495,0.00092576076404974));
#11196=AXIS2_PLACEMENT_3D('',#14952,#14953,#14954);
#11197=AXIS2_PLACEMENT_3D('',#14955,#14956,#14957);
#11198=COLOUR_RGB('',0.501960813999176,1.0,1.0);
#11199=CARTESIAN_POINT('',(0.0298,0.0675256607640495,0.000925760764049586));
#11200=CARTESIAN_POINT('',(0.0308,0.0685256607640495,-7.42392359504135E-05));
#11201=AXIS2_PLACEMENT_3D('',#14958,#14959,#14960);
#11202=CARTESIAN_POINT('',(0.0308,0.0685256607640495,-7.42392359504134E-05));
#11203=VECTOR('',#14961,1.0);
#11204=CARTESIAN_POINT('',(0.0298,0.0642256607640495,0.000925760764049575));
#11205=VECTOR('',#14962,1.0);
#11206=COLOUR_RGB('',0.501960813999176,1.0,1.0);
#11207=CARTESIAN_POINT('',(-0.0366,0.0557756607640495,0.000925760764049755));
#11208=AXIS2_PLACEMENT_3D('',#14963,#14964,#14965);
#11209=CARTESIAN_POINT('',(-4.55101557728351E-19,0.0557756607640495,0.000925760764049639));
#11210=VECTOR('',#14966,1.0);
#11211=COLOUR_RGB('',0.501960813999176,1.0,1.0);
#11212=CARTESIAN_POINT('',(-0.0298,0.0675256607640495,0.000925760764049775));
#11213=CARTESIAN_POINT('',(-0.0308,0.0685256607640495,-7.42392359502179E-05));
#11214=AXIS2_PLACEMENT_3D('',#14967,#14968,#14969);
#11215=CARTESIAN_POINT('',(-0.0308,0.0685256607640495,-7.42392359502185E-05));
#11216=VECTOR('',#14970,1.0);
#11217=CARTESIAN_POINT('',(0.0308,0.0675256607640495,0.000925760764049583));
#11218=VECTOR('',#14971,1.0);
#11219=COLOUR_RGB('',0.501960813999176,1.0,1.0);
#11220=CARTESIAN_POINT('',(-0.0376,0.0617256607640495,-7.4239235950221E-05));
#11221=CARTESIAN_POINT('',(-0.0366,0.0607256607640495,0.000925760764049772));
#11222=AXIS2_PLACEMENT_3D('',#14972,#14973,#14974);
#11223=CARTESIAN_POINT('',(-0.0366,0.0617256607640495,0.000925760764049776));
#11224=VECTOR('',#14975,1.0);
#11225=CARTESIAN_POINT('',(-0.0376,0.0547756607640495,-7.42392359502455E-05));
#11226=VECTOR('',#14976,1.0);
#11227=COLOUR_RGB('',0.501960813999176,1.0,1.0);
#11228=CARTESIAN_POINT('',(-0.0298,0.0642256607640495,0.000925760764049763));
#11229=CARTESIAN_POINT('',(-0.0308,0.0642256607640495,-7.42392359502337E-05));
#11230=AXIS2_PLACEMENT_3D('',#14977,#14978,#14979);
#11231=CARTESIAN_POINT('',(-0.0308,0.0629256607640495,-7.42392359502382E-05));
#11232=VECTOR('',#14980,1.0);
#11233=CARTESIAN_POINT('',(-0.0298,0.000925660764049503,0.00092576076404954));
#11234=VECTOR('',#14981,1.0);
#11235=COLOUR_RGB('',0.501960813999176,1.0,1.0);
#11236=CARTESIAN_POINT('',(-0.0333,0.0617256607640495,-7.42392359502345E-05));
#11237=CARTESIAN_POINT('',(-0.0333,0.0607256607640495,0.000925760764049762));
#11238=AXIS2_PLACEMENT_3D('',#14982,#14983,#14984);
#11239=CARTESIAN_POINT('',(-4.55101557728306E-19,0.0607256607640495,0.000925760764049657));
#11240=VECTOR('',#14985,1.0);
#11241=CARTESIAN_POINT('',(-0.032,0.0617256607640495,-7.42392359502387E-05));
#11242=VECTOR('',#14986,1.0);
#11243=COLOUR_RGB('',0.501960813999176,1.0,1.0);
#11244=AXIS2_PLACEMENT_3D('',#14987,#14988,#14989);
#11245=AXIS2_PLACEMENT_3D('',#14990,#14991,#14992);
#11246=COLOUR_RGB('',0.501960813999176,1.0,1.0);
#11247=CARTESIAN_POINT('',(-0.0259027938683825,-0.0246743392359505,0.000925760764049438));
#11248=CARTESIAN_POINT('',(0.0259027938683829,-0.0246743392359505,0.000925760764049274));
#11249=CARTESIAN_POINT('',(-0.0279027938683825,-0.0246743392359505,0.000925760764049444));
#11250=VECTOR('',#14993,1.0);
#11251=CARTESIAN_POINT('',(-0.0259027938683825,-0.0246743392359505,0.00192576076404944));
#11252=CARTESIAN_POINT('',(-0.0259027938683825,-0.0246743392359505,0.00192576076404944));
#11253=VECTOR('',#14994,1.0);
#11254=CARTESIAN_POINT('',(0.0259027938683829,-0.0246743392359505,0.00192576076404927));
#11255=CARTESIAN_POINT('',(-0.0279027938683825,-0.0246743392359505,0.00192576076404944));
#11256=VECTOR('',#14995,1.0);
#11257=CARTESIAN_POINT('',(0.0259027938683829,-0.0246743392359505,0.000925760764049273));
#11258=VECTOR('',#14996,1.0);
#11259=COLOUR_RGB('',0.501960813999176,1.0,1.0);
#11260=AXIS2_PLACEMENT_3D('',#14997,#14998,#14999);
#11261=AXIS2_PLACEMENT_3D('',#15000,#15001,#15002);
#11262=COLOUR_RGB('',0.501960813999176,1.0,1.0);
#11263=AXIS2_PLACEMENT_3D('',#15003,#15004,#15005);
#11264=AXIS2_PLACEMENT_3D('',#15006,#15007,#15008);
#11265=COLOUR_RGB('',0.501960813999176,1.0,1.0);
#11266=CARTESIAN_POINT('',(-0.038185786437627,0.0699256607640496,-0.0220742392359501));
#11267=CARTESIAN_POINT('',(0.0381857864376268,0.0699256607640496,-0.0220742392359503));
#11268=CARTESIAN_POINT('',(0.0385999999999999,0.0699256607640496,-0.0220742392359503));
#11269=VECTOR('',#15009,1.0);
#11270=CARTESIAN_POINT('',(0.0389999999999999,0.0691114472016765,-0.0220742392359503));
#11271=CARTESIAN_POINT('',(0.0392928932188134,0.068818553982863,-0.0220742392359503));
#11272=VECTOR('',#15010,1.0);
#11273=CARTESIAN_POINT('',(0.0389999999999999,-0.0272601256735773,-0.0220742392359507));
#11274=CARTESIAN_POINT('',(0.0389999999999999,-0.0276743392359504,-0.0220742392359507));
#11275=VECTOR('',#15011,1.0);
#11276=CARTESIAN_POINT('',(0.0381857864376268,-0.0280743392359504,-0.0220742392359507));
#11277=CARTESIAN_POINT('',(0.0378928932188134,-0.0283672324547639,-0.0220742392359507));
#11278=VECTOR('',#15012,1.0);
#11279=CARTESIAN_POINT('',(-0.038185786437627,-0.0280743392359504,-0.0220742392359504));
#11280=CARTESIAN_POINT('',(-0.0386000000000001,-0.0280743392359504,-0.0220742392359504));
#11281=VECTOR('',#15013,1.0);
#11282=CARTESIAN_POINT('',(-0.0390000000000001,-0.0272601256735773,-0.0220742392359504));
#11283=CARTESIAN_POINT('',(-0.0392928932188135,-0.0269672324547639,-0.0220742392359504));
#11284=VECTOR('',#15014,1.0);
#11285=CARTESIAN_POINT('',(-0.0390000000000001,0.0691114472016765,-0.0220742392359501));
#11286=CARTESIAN_POINT('',(-0.0390000000000001,0.0695256607640496,-0.0220742392359501));
#11287=VECTOR('',#15015,1.0);
#11288=CARTESIAN_POINT('',(-0.0378928932188135,0.070218553982863,-0.0220742392359501));
#11289=VECTOR('',#15016,1.0);
#11290=CARTESIAN_POINT('',(0.0365999999999999,0.0685256607640496,-0.0220742392359503));
#11291=CARTESIAN_POINT('',(-0.0366000000000001,0.0685256607640496,-0.0220742392359501));
#11292=CARTESIAN_POINT('',(-7.32302208219069E-17,0.0685256607640496,-0.0220742392359502));
#11293=VECTOR('',#15017,1.0);
#11294=CARTESIAN_POINT('',(-0.0376000000000001,0.0675256607640496,-0.0220742392359501));
#11295=AXIS2_PLACEMENT_3D('',#15018,#15019,#15020);
#11296=CARTESIAN_POINT('',(-0.0376000000000001,-0.0256743392359504,-0.0220742392359504));
#11297=CARTESIAN_POINT('',(-0.0376000000000001,0.000925660764049584,-0.0220742392359503));
#11298=VECTOR('',#15021,1.0);
#11299=CARTESIAN_POINT('',(-0.0366000000000001,-0.0266743392359504,-0.0220742392359504));
#11300=AXIS2_PLACEMENT_3D('',#15022,#15023,#15024);
#11301=CARTESIAN_POINT('',(0.0365999999999999,-0.0266743392359504,-0.0220742392359507));
#11302=CARTESIAN_POINT('',(-7.3230220821908E-17,-0.0266743392359504,-0.0220742392359505));
#11303=VECTOR('',#15025,1.0);
#11304=CARTESIAN_POINT('',(0.0375999999999999,-0.0256743392359504,-0.0220742392359507));
#11305=AXIS2_PLACEMENT_3D('',#15026,#15027,#15028);
#11306=CARTESIAN_POINT('',(0.0375999999999999,0.0675256607640496,-0.0220742392359503));
#11307=CARTESIAN_POINT('',(0.0375999999999999,0.000925660764049584,-0.0220742392359506));
#11308=VECTOR('',#15029,1.0);
#11309=AXIS2_PLACEMENT_3D('',#15030,#15031,#15032);
#11310=COLOUR_RGB('',0.501960813999176,1.0,1.0);
#11311=CARTESIAN_POINT('',(0.0337999999999999,-0.0242743392359504,-0.0200742392359507));
#11312=AXIS2_PLACEMENT_3D('',#15033,#15034,#15035);
#11313=CARTESIAN_POINT('',(0.0375999999999999,-0.0198743392359505,-0.0200742392359507));
#11314=CARTESIAN_POINT('',(0.0375999999999999,-0.0256743392359504,-0.0200742392359507));
#11315=CARTESIAN_POINT('',(0.0375999999999999,0.000925660764049577,-0.0200742392359506));
#11316=VECTOR('',#15036,1.0);
#11317=CARTESIAN_POINT('',(0.0365999999999999,-0.0266743392359504,-0.0200742392359507));
#11318=AXIS2_PLACEMENT_3D('',#15037,#15038,#15039);
#11319=CARTESIAN_POINT('',(0.0308,-0.0266743392359504,-0.0200742392359507));
#11320=CARTESIAN_POINT('',(-6.69019495815447E-17,-0.0266743392359504,-0.0200742392359506));
#11321=VECTOR('',#15040,1.0);
#11322=CARTESIAN_POINT('',(0.0308,-0.0223743392359505,-0.0200742392359507));
#11323=CARTESIAN_POINT('',(0.0308,-0.0290743392359504,-0.0200742392359507));
#11324=VECTOR('',#15041,1.0);
#11325=CARTESIAN_POINT('',(0.0333,-0.0198743392359505,-0.0200742392359507));
#11326=AXIS2_PLACEMENT_3D('',#15042,#15043,#15044);
#11327=CARTESIAN_POINT('',(0.032,-0.0198743392359505,-0.0200742392359507));
#11328=VECTOR('',#15045,1.0);
#11329=COLOUR_RGB('',0.501960813999176,1.0,1.0);
#11330=CARTESIAN_POINT('',(0.0337999999999999,0.0195256607640496,-0.0200742392359505));
#11331=AXIS2_PLACEMENT_3D('',#15046,#15047,#15048);
#11332=CARTESIAN_POINT('',(0.0337999999959968,0.0169256607640496,-0.0200742392359505));
#11333=CARTESIAN_POINT('',(0.0337999999959968,0.0249256607640496,-0.0200742392359505));
#11334=AXIS2_PLACEMENT_3D('',#15049,#15050,#15051);
#11335=CARTESIAN_POINT('',(0.0375999999999999,0.0249256607640496,-0.0200742392359505));
#11336=CARTESIAN_POINT('',(0.0319999999999999,0.0249256607640496,-0.0200742392359505));
#11337=VECTOR('',#15052,1.0);
#11338=CARTESIAN_POINT('',(0.0375999999999999,0.0169256607640496,-0.0200742392359505));
#11339=CARTESIAN_POINT('',(0.0375999999999999,0.000925660764049577,-0.0200742392359506));
#11340=VECTOR('',#15053,1.0);
#11341=CARTESIAN_POINT('',(0.0399999999999999,0.0169256607640496,-0.0200742392359505));
#11342=VECTOR('',#15054,1.0);
#11343=COLOUR_RGB('',0.501960813999176,1.0,1.0);
#11344=CARTESIAN_POINT('',(0.0337999999999999,0.0633256607640496,-0.0200742392359503));
#11345=AXIS2_PLACEMENT_3D('',#15055,#15056,#15057);
#11346=CARTESIAN_POINT('',(0.0365999999999999,0.0685256607640496,-0.0200742392359503));
#11347=CARTESIAN_POINT('',(0.0307999999999999,0.0685256607640496,-0.0200742392359503));
#11348=CARTESIAN_POINT('',(-6.69019495815435E-17,0.0685256607640496,-0.0200742392359502));
#11349=VECTOR('',#15058,1.0);
#11350=CARTESIAN_POINT('',(0.0375999999999999,0.0675256607640496,-0.0200742392359503));
#11351=AXIS2_PLACEMENT_3D('',#15059,#15060,#15061);
#11352=CARTESIAN_POINT('',(0.0375999999999999,0.0617256607640496,-0.0200742392359504));
#11353=CARTESIAN_POINT('',(0.0375999999999999,0.000925660764049577,-0.0200742392359506));
#11354=VECTOR('',#15062,1.0);
#11355=CARTESIAN_POINT('',(0.0332999999999999,0.0617256607640496,-0.0200742392359503));
#11356=CARTESIAN_POINT('',(0.0319999999999999,0.0617256607640496,-0.0200742392359503));
#11357=VECTOR('',#15063,1.0);
#11358=CARTESIAN_POINT('',(0.0307999999999999,0.0642256607640495,-0.0200742392359503));
#11359=AXIS2_PLACEMENT_3D('',#15064,#15065,#15066);
#11360=CARTESIAN_POINT('',(0.0307999999999999,0.0629256607640496,-0.0200742392359503));
#11361=VECTOR('',#15067,1.0);
#11362=COLOUR_RGB('',0.501960813999176,1.0,1.0);
#11363=CARTESIAN_POINT('',(0.0399999999999999,0.0695256607640496,-0.0210742392359503));
#11364=CARTESIAN_POINT('',(0.0196667354560632,0.0611033468226307,-0.0414075037798873));
#11365=VECTOR('',#15068,1.0);
#11366=CARTESIAN_POINT('',(0.0385999999999999,0.0709256607640496,-0.0210742392359503));
#11367=CARTESIAN_POINT('',(0.0387106120029829,0.0711927017618123,-0.0208071982381876));
#11368=VECTOR('',#15069,1.0);
#11369=CARTESIAN_POINT('',(0.0385999999999999,0.0709256607640496,-0.0210742392359503));
#11370=VECTOR('',#15070,1.0);
#11371=COLOUR_RGB('',0.501960813999176,1.0,1.0);
#11372=CARTESIAN_POINT('',(-0.0386000000000001,0.0709256607640496,-0.0210742392359501));
#11373=CARTESIAN_POINT('',(-0.0323899261182414,0.0559332161753687,-0.036066683824631));
#11374=VECTOR('',#15071,1.0);
#11375=CARTESIAN_POINT('',(-0.0386000000000001,0.0709256607640496,-0.0210742392359501));
#11376=VECTOR('',#15072,1.0);
#11377=COLOUR_RGB('',0.501960813999176,1.0,1.0);
#11378=CARTESIAN_POINT('',(0.0399999999999999,-0.0276743392359504,-0.0210742392359507));
#11379=CARTESIAN_POINT('',(0.0396223469992542,-0.0275179102411706,-0.0214518922366964));
#11380=VECTOR('',#15073,1.0);
#11381=CARTESIAN_POINT('',(0.0399999999999999,0.0695256607640496,-0.0210742392359503));
#11382=VECTOR('',#15074,1.0);
#11383=COLOUR_RGB('',0.501960813999176,1.0,1.0);
#11384=CARTESIAN_POINT('',(-0.0400000000000001,0.0695256607640496,-0.0210742392359501));
#11385=CARTESIAN_POINT('',(-0.0429364642240339,0.0707419840710677,-0.0181377750119163));
#11386=VECTOR('',#15075,1.0);
#11387=CARTESIAN_POINT('',(-0.0400000000000001,0.0695256607640496,-0.0210742392359501));
#11388=VECTOR('',#15076,1.0);
#11389=COLOUR_RGB('',0.501960813999176,1.0,1.0);
#11390=CARTESIAN_POINT('',(0.0385999999999999,-0.0290743392359504,-0.0210742392359507));
#11391=CARTESIAN_POINT('',(0.0323899261182412,-0.0140818946472695,-0.0360666838246315));
#11392=VECTOR('',#15077,1.0);
#11393=CARTESIAN_POINT('',(0.0399999999999999,-0.0276743392359504,-0.0210742392359507));
#11394=VECTOR('',#15078,1.0);
#11395=COLOUR_RGB('',0.501960813999176,1.0,1.0);
#11396=CARTESIAN_POINT('',(-0.0400000000000001,-0.0276743392359504,-0.0210742392359504));
#11397=CARTESIAN_POINT('',(-0.0336237424764057,-0.0250332068924942,-0.0274504967595447));
#11398=VECTOR('',#15079,1.0);
#11399=CARTESIAN_POINT('',(-0.0400000000000001,-0.0276743392359504,-0.0210742392359504));
#11400=VECTOR('',#15080,1.0);
#11401=COLOUR_RGB('',0.501960813999176,1.0,1.0);
#11402=CARTESIAN_POINT('',(-0.0386000000000001,-0.0290743392359504,-0.0210742392359504));
#11403=CARTESIAN_POINT('',(-0.0386989733443054,-0.0293132820260859,-0.020835296445815));
#11404=VECTOR('',#15081,1.0);
#11405=CARTESIAN_POINT('',(0.0385999999999999,-0.0290743392359504,-0.0210742392359507));
#11406=VECTOR('',#15082,1.0);
#11407=COLOUR_RGB('',0.501960813999176,1.0,1.0);
#11408=CARTESIAN_POINT('',(-0.0386000000000001,-0.0290743392359504,-0.0210742392359504));
#11409=VECTOR('',#15083,1.0);
#11410=COLOUR_RGB('',0.501960813999176,1.0,1.0);
#11411=CARTESIAN_POINT('',(0.04,0.0517654313793919,-0.00127616368632798));
#11412=CARTESIAN_POINT('',(0.0396,0.0517654313793919,-0.00167616368632798));
#11413=CARTESIAN_POINT('',(0.04,0.0517654313793919,-0.00127616368632798));
#11414=VECTOR('',#15084,1.0);
#11415=CARTESIAN_POINT('',(0.0396,0.0542654313793919,-0.00417616368632798));
#11416=AXIS2_PLACEMENT_3D('',#15085,#15086,#15087);
#11417=CARTESIAN_POINT('',(0.04,0.0546654313793919,-0.00417616368632798));
#11418=CARTESIAN_POINT('',(0.0371,0.0517654313793919,-0.00417616368632797));
#11419=VECTOR('',#15088,1.0);
#11420=AXIS2_PLACEMENT_3D('',#15089,#15090,#15091);
#11421=COLOUR_RGB('',0.501960813999176,1.0,1.0);
#11422=CARTESIAN_POINT('',(0.04,0.0477654313793919,-0.00127616368632799));
#11423=CARTESIAN_POINT('',(0.0396,0.0477654313793919,-0.00167616368632798));
#11424=CARTESIAN_POINT('',(0.04,0.0477654313793919,-0.00127616368632799));
#11425=VECTOR('',#15092,1.0);
#11426=CARTESIAN_POINT('',(0.0396,0.0462654313793919,-0.00167616368632798));
#11427=VECTOR('',#15093,1.0);
#11428=CARTESIAN_POINT('',(0.04,-0.0336743392359505,-0.00127616368632798));
#11429=VECTOR('',#15094,1.0);
#11430=COLOUR_RGB('',0.501960813999176,1.0,1.0);
#11431=CARTESIAN_POINT('',(0.0396,0.0452654313793919,-0.00417616368632798));
#11432=CARTESIAN_POINT('',(0.04,0.0448654313793919,-0.00417616368632798));
#11433=CARTESIAN_POINT('',(0.0371,0.0477654313793919,-0.00417616368632797));
#11434=VECTOR('',#15095,1.0);
#11435=AXIS2_PLACEMENT_3D('',#15096,#15097,#15098);
#11436=AXIS2_PLACEMENT_3D('',#15099,#15100,#15101);
#11437=COLOUR_RGB('',0.501960813999176,1.0,1.0);
#11438=CARTESIAN_POINT('',(0.039,0.0542654313793919,-0.00417616368632798));
#11439=CARTESIAN_POINT('',(0.04,0.0542654313793919,-0.00417616368632798));
#11440=VECTOR('',#15102,1.0);
#11441=CARTESIAN_POINT('',(0.039,0.0517654313793919,-0.00167616368632798));
#11442=CARTESIAN_POINT('',(0.04,0.0517654313793919,-0.00167616368632798));
#11443=VECTOR('',#15103,1.0);
#11444=AXIS2_PLACEMENT_3D('',#15104,#15105,#15106);
#11445=COLOUR_RGB('',0.501960813999176,1.0,1.0);
#11446=CARTESIAN_POINT('',(0.039,0.0477654313793919,-0.00167616368632798));
#11447=CARTESIAN_POINT('',(0.039,0.0477654313793919,-0.00167616368632798));
#11448=VECTOR('',#15107,1.0);
#11449=CARTESIAN_POINT('',(0.039,0.0462654313793919,-0.00167616368632798));
#11450=VECTOR('',#15108,1.0);
#11451=COLOUR_RGB('',0.501960813999176,1.0,1.0);
#11452=CARTESIAN_POINT('',(0.039,0.0452654313793919,-0.00417616368632798));
#11453=CARTESIAN_POINT('',(0.04,0.0452654313793919,-0.00417616368632798));
#11454=VECTOR('',#15109,1.0);
#11455=AXIS2_PLACEMENT_3D('',#15110,#15111,#15112);
#11456=COLOUR_RGB('',0.501960813999176,1.0,1.0);
#11457=CARTESIAN_POINT('',(0.04,0.0568068527356292,-0.00417616368632798));
#11458=CARTESIAN_POINT('',(0.04,-0.0336743392359505,-0.00417616368632798));
#11459=VECTOR('',#15113,1.0);
#11460=CARTESIAN_POINT('',(0.039,0.0568068527356292,-0.00417616368632798));
#11461=CARTESIAN_POINT('',(0.039,-0.0336743392359505,-0.00417616368632798));
#11462=VECTOR('',#15114,1.0);
#11463=CARTESIAN_POINT('',(0.04,0.0568068527356292,-0.00417616368632798));
#11464=VECTOR('',#15115,1.0);
#11465=COLOUR_RGB('',0.501960813999176,1.0,1.0);
#11466=CARTESIAN_POINT('',(0.039,0.0588654313793919,-0.00623474233009068));
#11467=CARTESIAN_POINT('',(0.0390000000000001,0.00992529452465071,0.0427053945246504));
#11468=VECTOR('',#15116,1.0);
#11469=CARTESIAN_POINT('',(0.04,0.0588654313793919,-0.00623474233009068));
#11470=CARTESIAN_POINT('',(0.04,0.0588654313793919,-0.00623474233009068));
#11471=VECTOR('',#15117,1.0);
#11472=CARTESIAN_POINT('',(0.04,0.0568361420575105,-0.00420545300820933));
#11473=VECTOR('',#15118,1.0);
#11474=COLOUR_RGB('',0.501960813999176,1.0,1.0);
#11475=CARTESIAN_POINT('',(0.04,0.0588654313793919,-0.0133175850425653));
#11476=CARTESIAN_POINT('',(0.04,0.0588654313793919,-0.000894239235950817));
#11477=VECTOR('',#15119,1.0);
#11478=CARTESIAN_POINT('',(0.039,0.0588654313793919,-0.0133175850425653));
#11479=CARTESIAN_POINT('',(0.039,0.0588654313793919,-0.000894239235950814));
#11480=VECTOR('',#15120,1.0);
#11481=CARTESIAN_POINT('',(0.04,0.0588654313793919,-0.0133175850425653));
#11482=VECTOR('',#15121,1.0);
#11483=COLOUR_RGB('',0.501960813999176,1.0,1.0);
#11484=CARTESIAN_POINT('',(0.039,0.0427240100231545,-0.00417616368632798));
#11485=CARTESIAN_POINT('',(0.039,-0.0336743392359505,-0.00417616368632798));
#11486=VECTOR('',#15122,1.0);
#11487=CARTESIAN_POINT('',(0.039,0.0406654313793919,-0.00623474233009067));
#11488=CARTESIAN_POINT('',(0.0389999999999999,0.00616579761879058,-0.0407343760906919));
#11489=VECTOR('',#15123,1.0);
#11490=CARTESIAN_POINT('',(0.039,0.0406654313793919,-0.0133175850425653));
#11491=CARTESIAN_POINT('',(0.039,0.0406654313793919,-0.000894239235950814));
#11492=VECTOR('',#15124,1.0);
#11493=CARTESIAN_POINT('',(0.039,0.0427240100231545,-0.015376163686328));
#11494=CARTESIAN_POINT('',(0.0390000000000001,-0.00271612683158658,0.0300639731684131));
#11495=VECTOR('',#15125,1.0);
#11496=CARTESIAN_POINT('',(0.039,0.0568068527356292,-0.015376163686328));
#11497=CARTESIAN_POINT('',(0.039,-0.0336743392359505,-0.015376163686328));
#11498=VECTOR('',#15126,1.0);
#11499=CARTESIAN_POINT('',(0.0389999999999998,0.0188072189750279,-0.0533757974469292));
#11500=VECTOR('',#15127,1.0);
#11501=CARTESIAN_POINT('',(0.039,0.0437654313793919,-0.00627616368632798));
#11502=CARTESIAN_POINT('',(0.039,0.0557654313793919,-0.00627616368632798));
#11503=CARTESIAN_POINT('',(0.039,-0.0336743392359505,-0.00627616368632798));
#11504=VECTOR('',#15128,1.0);
#11505=CARTESIAN_POINT('',(0.039,0.0567654313793919,-0.00727616368632798));
#11506=CARTESIAN_POINT('',(0.039,0.0567654313793919,-0.00727616368632798));
#11507=VECTOR('',#15129,1.0);
#11508=CARTESIAN_POINT('',(0.039,0.0567654313793919,-0.012276163686328));
#11509=CARTESIAN_POINT('',(0.039,0.0567654313793919,-0.000894239235950814));
#11510=VECTOR('',#15130,1.0);
#11511=CARTESIAN_POINT('',(0.039,0.0557654313793919,-0.013276163686328));
#11512=CARTESIAN_POINT('',(0.039,0.0557654313793919,-0.013276163686328));
#11513=VECTOR('',#15131,1.0);
#11514=CARTESIAN_POINT('',(0.039,0.0437654313793919,-0.013276163686328));
#11515=CARTESIAN_POINT('',(0.039,-0.0336743392359505,-0.013276163686328));
#11516=VECTOR('',#15132,1.0);
#11517=CARTESIAN_POINT('',(0.039,0.0427654313793919,-0.012276163686328));
#11518=CARTESIAN_POINT('',(0.039,0.0427654313793919,-0.012276163686328));
#11519=VECTOR('',#15133,1.0);
#11520=CARTESIAN_POINT('',(0.039,0.0427654313793919,-0.00727616368632798));
#11521=CARTESIAN_POINT('',(0.039,0.0427654313793919,-0.000894239235950814));
#11522=VECTOR('',#15134,1.0);
#11523=CARTESIAN_POINT('',(0.039,0.0437654313793919,-0.00627616368632798));
#11524=VECTOR('',#15135,1.0);
#11525=COLOUR_RGB('',0.501960813999176,1.0,1.0);
#11526=CARTESIAN_POINT('',(0.04,0.0427240100231545,-0.00417616368632798));
#11527=CARTESIAN_POINT('',(0.04,0.0427240100231546,-0.00417616368632798));
#11528=VECTOR('',#15136,1.0);
#11529=CARTESIAN_POINT('',(0.04,0.0406654313793919,-0.00623474233009068));
#11530=CARTESIAN_POINT('',(0.04,0.0406947207012732,-0.00620545300820933));
#11531=VECTOR('',#15137,1.0);
#11532=CARTESIAN_POINT('',(0.04,0.0406654313793919,-0.00623474233009068));
#11533=VECTOR('',#15138,1.0);
#11534=COLOUR_RGB('',0.501960813999176,1.0,1.0);
#11535=CARTESIAN_POINT('',(0.0376,0.0427654313793919,-0.00727616368632798));
#11536=CARTESIAN_POINT('',(0.039,0.0427654313793919,-0.00727616368632798));
#11537=VECTOR('',#15139,1.0);
#11538=CARTESIAN_POINT('',(0.0376,0.0437654313793919,-0.00627616368632798));
#11539=CARTESIAN_POINT('',(0.0375999999999999,0.0302365082969094,-0.0198050867688105));
#11540=VECTOR('',#15140,1.0);
#11541=CARTESIAN_POINT('',(0.0376,0.0437654313793919,-0.00627616368632798));
#11542=VECTOR('',#15141,1.0);
#11543=COLOUR_RGB('',0.501960813999176,1.0,1.0);
#11544=CARTESIAN_POINT('',(0.0376,0.0557654313793919,-0.00627616368632798));
#11545=CARTESIAN_POINT('',(0.0376,0.0557654313793919,-0.00627616368632798));
#11546=VECTOR('',#15142,1.0);
#11547=CARTESIAN_POINT('',(0.039,0.0557654313793919,-0.00627616368632798));
#11548=VECTOR('',#15143,1.0);
#11549=COLOUR_RGB('',0.501960813999176,1.0,1.0);
#11550=CARTESIAN_POINT('',(0.0376,0.0567654313793919,-0.00727616368632798));
#11551=CARTESIAN_POINT('',(0.0376000000000001,0.023854583846532,0.0256346838465319));
#11552=VECTOR('',#15144,1.0);
#11553=CARTESIAN_POINT('',(0.0376,0.0567654313793919,-0.00727616368632798));
#11554=VECTOR('',#15145,1.0);
#11555=COLOUR_RGB('',0.501960813999176,1.0,1.0);
#11556=CARTESIAN_POINT('',(0.0376,0.0567654313793919,-0.012276163686328));
#11557=CARTESIAN_POINT('',(0.0376,0.0567654313793919,-0.012276163686328));
#11558=VECTOR('',#15146,1.0);
#11559=CARTESIAN_POINT('',(0.039,0.0567654313793919,-0.012276163686328));
#11560=VECTOR('',#15147,1.0);
#11561=COLOUR_RGB('',0.501960813999176,1.0,1.0);
#11562=CARTESIAN_POINT('',(0.04,0.0406654313793919,-0.0133175850425653));
#11563=CARTESIAN_POINT('',(0.04,0.0406654313793919,-0.000894239235950817));
#11564=VECTOR('',#15148,1.0);
#11565=CARTESIAN_POINT('',(0.04,0.0406654313793919,-0.0133175850425653));
#11566=VECTOR('',#15149,1.0);
#11567=COLOUR_RGB('',0.501960813999176,1.0,1.0);
#11568=CARTESIAN_POINT('',(0.0376,0.0427654313793919,-0.012276163686328));
#11569=CARTESIAN_POINT('',(0.0376,0.0427654313793919,-0.00527616368632798));
#11570=VECTOR('',#15150,1.0);
#11571=CARTESIAN_POINT('',(0.0376,0.0427654313793919,-0.012276163686328));
#11572=VECTOR('',#15151,1.0);
#11573=COLOUR_RGB('',0.501960813999176,1.0,1.0);
#11574=CARTESIAN_POINT('',(0.04,0.0427240100231545,-0.015376163686328));
#11575=CARTESIAN_POINT('',(0.04,0.0426947207012732,-0.0153468743644466));
#11576=VECTOR('',#15152,1.0);
#11577=CARTESIAN_POINT('',(0.04,0.0427240100231546,-0.015376163686328));
#11578=VECTOR('',#15153,1.0);
#11579=COLOUR_RGB('',0.501960813999176,1.0,1.0);
#11580=CARTESIAN_POINT('',(0.0376,0.0437654313793919,-0.013276163686328));
#11581=CARTESIAN_POINT('',(0.039,0.0437654313793919,-0.013276163686328));
#11582=VECTOR('',#15154,1.0);
#11583=CARTESIAN_POINT('',(0.0376000000000001,0.0143545838465319,0.0161346838465319));
#11584=VECTOR('',#15155,1.0);
#11585=COLOUR_RGB('',0.501960813999176,1.0,1.0);
#11586=CARTESIAN_POINT('',(0.0376,0.0557654313793919,-0.013276163686328));
#11587=CARTESIAN_POINT('',(0.0376,0.0557654313793919,-0.013276163686328));
#11588=VECTOR('',#15156,1.0);
#11589=CARTESIAN_POINT('',(0.0376,0.0437654313793919,-0.013276163686328));
#11590=VECTOR('',#15157,1.0);
#11591=COLOUR_RGB('',0.501960813999176,1.0,1.0);
#11592=CARTESIAN_POINT('',(0.04,0.0568068527356292,-0.015376163686328));
#11593=CARTESIAN_POINT('',(0.04,-0.0336743392359505,-0.015376163686328));
#11594=VECTOR('',#15158,1.0);
#11595=CARTESIAN_POINT('',(0.04,0.0568068527356292,-0.015376163686328));
#11596=VECTOR('',#15159,1.0);
#11597=COLOUR_RGB('',0.501960813999176,1.0,1.0);
#11598=CARTESIAN_POINT('',(0.04,0.0588361420575105,-0.0133468743644466));
#11599=VECTOR('',#15160,1.0);
#11600=COLOUR_RGB('',0.501960813999176,1.0,1.0);
#11601=CARTESIAN_POINT('',(0.0375999999999999,0.0397365082969093,-0.0293050867688105));
#11602=VECTOR('',#15161,1.0);
#11603=COLOUR_RGB('',0.501960813999176,1.0,1.0);
#11604=COLOUR_RGB('',0.501960813999176,1.0,1.0);
#11605=COLOUR_RGB('',0.501960813999176,1.0,1.0);
#11606=COLOUR_RGB('',0.501960813999176,1.0,1.0);
#11607=COLOUR_RGB('',0.501960813999176,1.0,1.0);
#11608=CARTESIAN_POINT('',(-0.0337999999959969,-0.00177294196528368,-0.00987423923595032));
#11609=CARTESIAN_POINT('',(-0.0337999999959968,-0.00177294196528372,0.000925760764049543));
#11610=VECTOR('',#15162,1.0);
#11611=CARTESIAN_POINT('',(-0.0376,-0.00177294196528368,-0.0098742392359503));
#11612=CARTESIAN_POINT('',(-0.0376,-0.00177294196528372,0.000925760764049555));
#11613=VECTOR('',#15163,1.0);
#11614=CARTESIAN_POINT('',(-3.46277662556909E-17,-0.00177294196528368,-0.00987423923595042));
#11615=VECTOR('',#15164,1.0);
#11616=COLOUR_RGB('',0.501960813999176,1.0,1.0);
#11617=CARTESIAN_POINT('',(-0.0337999999959969,0.00822705802670997,-0.00987423923595028));
#11618=CARTESIAN_POINT('',(-0.0337999999959968,0.00822705802670993,0.000925760764049578));
#11619=VECTOR('',#15165,1.0);
#11620=AXIS2_PLACEMENT_3D('',#15166,#15167,#15168);
#11621=COLOUR_RGB('',0.501960813999176,1.0,1.0);
#11622=CARTESIAN_POINT('',(-0.0376,0.00822705802670539,-0.00987423923595027));
#11623=CARTESIAN_POINT('',(-0.0376,0.00822705802670535,-7.42392359504067E-05));
#11624=CARTESIAN_POINT('',(-0.0376,0.00822705802670535,0.00092576076404959));
#11625=VECTOR('',#15169,1.0);
#11626=CARTESIAN_POINT('',(-0.0337999999959968,0.00822705802670535,-7.42392359504213E-05));
#11627=VECTOR('',#15170,1.0);
#11628=CARTESIAN_POINT('',(-0.0337999932300748,0.00822705802670539,-0.00987423923595028));
#11629=VECTOR('',#15171,1.0);
#11630=COLOUR_RGB('',0.501960813999176,1.0,1.0);
#11631=CARTESIAN_POINT('',(0.0337999999959968,0.00822705802670997,-0.00987423923595049));
#11632=CARTESIAN_POINT('',(0.0337999999959968,0.00822705802670993,0.000925760764049365));
#11633=VECTOR('',#15172,1.0);
#11634=CARTESIAN_POINT('',(0.0376,0.00822705802670539,-0.00987423923595051));
#11635=CARTESIAN_POINT('',(0.0376,0.00822705802670535,0.000925760764049353));
#11636=VECTOR('',#15173,1.0);
#11637=CARTESIAN_POINT('',(-3.46277662556908E-17,0.00822705802670539,-0.00987423923595039));
#11638=VECTOR('',#15174,1.0);
#11639=COLOUR_RGB('',0.501960813999176,1.0,1.0);
#11640=CARTESIAN_POINT('',(0.0337999999959968,-0.00177294196528368,-0.00987423923595053));
#11641=CARTESIAN_POINT('',(0.0337999999959968,-0.00177294196528372,-7.42392359506709E-05));
#11642=CARTESIAN_POINT('',(0.0337999999959968,-0.00177294196528372,0.000925760764049329));
#11643=VECTOR('',#15175,1.0);
#11644=AXIS2_PLACEMENT_3D('',#15176,#15177,#15178);
#11645=AXIS2_PLACEMENT_3D('',#15179,#15180,#15181);
#11646=COLOUR_RGB('',0.501960813999176,1.0,1.0);
#11647=CARTESIAN_POINT('',(0.0337999999959968,-0.00277294196528372,0.000925760764049326));
#11648=AXIS2_PLACEMENT_3D('',#15182,#15183,#15184);
#11649=CARTESIAN_POINT('',(0.0366,-0.00277294196528372,0.000925760764049317));
#11650=CARTESIAN_POINT('',(0.0376,-0.00277294196528372,0.000925760764049314));
#11651=VECTOR('',#15185,1.0);
#11652=CARTESIAN_POINT('',(0.0366,-0.0188743392359505,0.00092576076404926));
#11653=VECTOR('',#15186,1.0);
#11654=COLOUR_RGB('',0.501960813999176,1.0,1.0);
#11655=CARTESIAN_POINT('',(-0.0351999999959968,0.0032270580307131,0.000925760764049565));
#11656=AXIS2_PLACEMENT_3D('',#15187,#15188,#15189);
#11657=CARTESIAN_POINT('',(-0.0337999999959969,0.00182705803071314,-0.0098742392359503));
#11658=AXIS2_PLACEMENT_3D('',#15190,#15191,#15192);
#11659=COLOUR_RGB('',0.501960813999176,1.0,1.0);
#11660=COLOUR_RGB('',0.501960813999176,1.0,1.0);
#11661=CARTESIAN_POINT('',(-0.0366,0.00922705802670535,0.000925760764049591));
#11662=CARTESIAN_POINT('',(-0.0376,0.00922705802670535,0.000925760764049594));
#11663=VECTOR('',#15193,1.0);
#11664=CARTESIAN_POINT('',(-0.0366,0.0159256607640495,0.000925760764049614));
#11665=VECTOR('',#15194,1.0);
#11666=COLOUR_RGB('',0.501960813999176,1.0,1.0);
#11667=CARTESIAN_POINT('',(-0.0376,0.000925660764049541,-0.00987423923595029));
#11668=VECTOR('',#15195,1.0);
#11669=COLOUR_RGB('',0.501960813999176,1.0,1.0);
#11670=CARTESIAN_POINT('',(0.0323999999959968,0.0032270580307131,0.000925760764049351));
#11671=AXIS2_PLACEMENT_3D('',#15196,#15197,#15198);
#11672=COLOUR_RGB('',0.501960813999176,1.0,1.0);
#11673=CARTESIAN_POINT('',(0.0337999999959968,0.00182705803071314,-0.00987423923595052));
#11674=AXIS2_PLACEMENT_3D('',#15199,#15200,#15201);
#11675=COLOUR_RGB('',0.501960813999176,1.0,1.0);
#11676=CARTESIAN_POINT('',(0.0376,-0.00177294196528368,-0.00987423923595054));
#11677=CARTESIAN_POINT('',(0.0337999999959968,-0.00177294196528368,-0.00987423923595053));
#11678=VECTOR('',#15202,1.0);
#11679=CARTESIAN_POINT('',(0.0376,0.000925660764049541,-0.00987423923595053));
#11680=VECTOR('',#15203,1.0);
#11681=COLOUR_RGB('',0.501960813999176,1.0,1.0);
#11682=CARTESIAN_POINT('',(0.0376,-0.00177294196528372,-7.42392359506827E-05));
#11683=CARTESIAN_POINT('',(0.0376,-0.00177294196528372,0.000925760764049317));
#11684=VECTOR('',#15204,1.0);
#11685=CARTESIAN_POINT('',(0.0337999999959968,-0.00177294196528372,-7.42392359506707E-05));
#11686=VECTOR('',#15205,1.0);
#11687=COLOUR_RGB('',0.501960813999176,1.0,1.0);
#11688=CARTESIAN_POINT('',(-0.0338,-0.0242743392359505,-0.00207423923595046));
#11689=AXIS2_PLACEMENT_3D('',#15206,#15207,#15208);
#11690=CARTESIAN_POINT('',(-0.0338000000000001,-0.0242743392359504,-0.0200742392359505));
#11691=AXIS2_PLACEMENT_3D('',#15209,#15210,#15211);
#11692=COLOUR_RGB('',0.501960813999176,1.0,1.0);
#11693=CARTESIAN_POINT('',(-0.0366000000000001,-0.0266743392359504,-0.0200742392359505));
#11694=CARTESIAN_POINT('',(-0.0308000000000001,-0.0266743392359504,-0.0200742392359505));
#11695=CARTESIAN_POINT('',(-6.69019495815447E-17,-0.0266743392359504,-0.0200742392359506));
#11696=VECTOR('',#15212,1.0);
#11697=CARTESIAN_POINT('',(-0.0376000000000001,-0.0256743392359504,-0.0200742392359505));
#11698=AXIS2_PLACEMENT_3D('',#15213,#15214,#15215);
#11699=CARTESIAN_POINT('',(-0.0376000000000001,-0.0198743392359505,-0.0200742392359504));
#11700=CARTESIAN_POINT('',(-0.0376000000000001,0.00892566076404958,-0.0200742392359503));
#11701=VECTOR('',#15216,1.0);
#11702=CARTESIAN_POINT('',(-0.0333000000000001,-0.0198743392359505,-0.0200742392359504));
#11703=CARTESIAN_POINT('',(-6.69019495815446E-17,-0.0198743392359505,-0.0200742392359506));
#11704=VECTOR('',#15217,1.0);
#11705=CARTESIAN_POINT('',(-0.0308000000000001,-0.0223743392359505,-0.0200742392359505));
#11706=AXIS2_PLACEMENT_3D('',#15218,#15219,#15220);
#11707=CARTESIAN_POINT('',(-0.0308000000000001,0.00892566076404958,-0.0200742392359504));
#11708=VECTOR('',#15221,1.0);
#11709=COLOUR_RGB('',0.501960813999176,1.0,1.0);
#11710=CARTESIAN_POINT('',(-0.0338000000000001,0.0195256607640495,-0.0200742392359503));
#11711=AXIS2_PLACEMENT_3D('',#15222,#15223,#15224);
#11712=CARTESIAN_POINT('',(-0.0337999999959969,0.0249256607640496,-0.0200742392359503));
#11713=CARTESIAN_POINT('',(-0.0376000000000001,0.0249256607640496,-0.0200742392359503));
#11714=CARTESIAN_POINT('',(-6.69019495815441E-17,0.0249256607640496,-0.0200742392359504));
#11715=VECTOR('',#15225,1.0);
#11716=CARTESIAN_POINT('',(-0.0337999999959969,0.0169256607640496,-0.0200742392359503));
#11717=AXIS2_PLACEMENT_3D('',#15226,#15227,#15228);
#11718=CARTESIAN_POINT('',(-0.0376000000000001,0.0169256607640496,-0.0200742392359503));
#11719=CARTESIAN_POINT('',(-6.69019495815442E-17,0.0169256607640496,-0.0200742392359504));
#11720=VECTOR('',#15229,1.0);
#11721=CARTESIAN_POINT('',(-0.0376000000000001,0.00892566076404958,-0.0200742392359503));
#11722=VECTOR('',#15230,1.0);
#11723=COLOUR_RGB('',0.501960813999176,1.0,1.0);
#11724=CARTESIAN_POINT('',(-0.0338,0.0633256607640496,-0.0200742392359501));
#11725=AXIS2_PLACEMENT_3D('',#15231,#15232,#15233);
#11726=CARTESIAN_POINT('',(-0.0376000000000001,0.0617256607640496,-0.0200742392359501));
#11727=CARTESIAN_POINT('',(-0.0376000000000001,0.0675256607640496,-0.0200742392359501));
#11728=CARTESIAN_POINT('',(-0.0376000000000001,0.000925660764049577,-0.0200742392359503));
#11729=VECTOR('',#15234,1.0);
#11730=CARTESIAN_POINT('',(-0.0366000000000001,0.0685256607640496,-0.0200742392359501));
#11731=AXIS2_PLACEMENT_3D('',#15235,#15236,#15237);
#11732=CARTESIAN_POINT('',(-0.0308,0.0685256607640496,-0.0200742392359501));
#11733=CARTESIAN_POINT('',(-6.69019495815435E-17,0.0685256607640496,-0.0200742392359502));
#11734=VECTOR('',#15238,1.0);
#11735=CARTESIAN_POINT('',(-0.0308,0.0642256607640495,-0.0200742392359501));
#11736=CARTESIAN_POINT('',(-0.0308,0.0629256607640496,-0.0200742392359501));
#11737=VECTOR('',#15239,1.0);
#11738=CARTESIAN_POINT('',(-0.0333,0.0617256607640496,-0.0200742392359501));
#11739=AXIS2_PLACEMENT_3D('',#15240,#15241,#15242);
#11740=CARTESIAN_POINT('',(-0.032,0.0617256607640496,-0.0200742392359501));
#11741=VECTOR('',#15243,1.0);
#11742=COLOUR_RGB('',0.501960813999176,1.0,1.0);
#11743=CARTESIAN_POINT('',(-0.0338,0.0633256607640495,-0.00207423923595014));
#11744=AXIS2_PLACEMENT_3D('',#15244,#15245,#15246);
#11745=COLOUR_RGB('',0.501960813999176,1.0,1.0);
#11746=CARTESIAN_POINT('',(0.0338,0.0633256607640495,-0.00207423923595035));
#11747=AXIS2_PLACEMENT_3D('',#15247,#15248,#15249);
#11748=COLOUR_RGB('',0.501960813999176,1.0,1.0);
#11749=CARTESIAN_POINT('',(0.0338,-0.0242743392359505,-0.00207423923595067));
#11750=AXIS2_PLACEMENT_3D('',#15250,#15251,#15252);
#11751=COLOUR_RGB('',0.501960813999176,1.0,1.0);
#11752=CARTESIAN_POINT('',(-0.0333,0.0617256607640495,0.000925760764049748));
#11753=VECTOR('',#15253,1.0);
#11754=CARTESIAN_POINT('',(-0.0376,0.0617256607640495,0.000925760764049762));
#11755=VECTOR('',#15254,1.0);
#11756=COLOUR_RGB('',0.501960813999176,1.0,1.0);
#11757=CARTESIAN_POINT('',(-0.0308,0.0642256607640495,0.000925760764049749));
#11758=VECTOR('',#15255,1.0);
#11759=COLOUR_RGB('',0.501960813999176,1.0,1.0);
#11760=CARTESIAN_POINT('',(0.0333,0.0617256607640495,0.000925760764049537));
#11761=VECTOR('',#15256,1.0);
#11762=CARTESIAN_POINT('',(0.0308,0.0642256607640495,0.000925760764049554));
#11763=VECTOR('',#15257,1.0);
#11764=COLOUR_RGB('',0.501960813999176,1.0,1.0);
#11765=CARTESIAN_POINT('',(0.0376,0.0617256607640495,0.00792576076404963));
#11766=VECTOR('',#15258,1.0);
#11767=COLOUR_RGB('',0.501960813999176,1.0,1.0);
#11768=CARTESIAN_POINT('',(0.0308,0.0685256607640495,0.000925760764049586));
#11769=VECTOR('',#15259,1.0);
#11770=CARTESIAN_POINT('',(-0.0308,0.0685256607640495,0.00792576076404988));
#11771=VECTOR('',#15260,1.0);
#11772=CARTESIAN_POINT('',(-0.0366000000000001,0.0685256607640496,-0.0170742392359501));
#11773=VECTOR('',#15261,1.0);
#11774=CARTESIAN_POINT('',(0.0366,0.0685256607640496,-0.0150742392359503));
#11775=VECTOR('',#15262,1.0);
#11776=COLOUR_RGB('',0.501960813999176,1.0,1.0);
#11777=CARTESIAN_POINT('',(0.04,0.0695256607640495,0.00152576076405001));
#11778=CARTESIAN_POINT('',(0.0386,0.0689457617767271,0.00292576076405003));
#11779=CARTESIAN_POINT('',(0.0530884012456601,0.074947054069783,-0.0115626404816101));
#11780=VECTOR('',#15263,1.0);
#11781=CARTESIAN_POINT('',(0.0386,0.0709256607640495,0.00152576076405002));
#11782=CARTESIAN_POINT('',(0.04,0.0695256607640495,0.00152576076405001));
#11783=VECTOR('',#15264,1.0);
#11784=CARTESIAN_POINT('',(0.0380201010126776,0.0695256607640495,0.00292576076405004));
#11785=CARTESIAN_POINT('',(0.0319540137084358,0.0548808305236095,0.0175705910044899));
#11786=VECTOR('',#15265,1.0);
#11787=CARTESIAN_POINT('',(0.0376100505063388,0.0699357112703883,0.00292576076405004));
#11788=VECTOR('',#15266,1.0);
#11789=COLOUR_RGB('',0.501960813999176,1.0,1.0);
#11790=CARTESIAN_POINT('',(-0.0386,0.0709256607640495,0.00152576076405003));
#11791=CARTESIAN_POINT('',(0.0386,0.0709256607640495,0.00152576076405003));
#11792=VECTOR('',#15267,1.0);
#11793=CARTESIAN_POINT('',(-0.0380201010126777,0.0695256607640495,0.00292576076405004));
#11794=CARTESIAN_POINT('',(-0.0318558441227155,0.0546438281783512,0.0178075933497481));
#11795=VECTOR('',#15268,1.0);
#11796=CARTESIAN_POINT('',(-0.0386,0.0695256607640495,0.00292576076405004));
#11797=VECTOR('',#15269,1.0);
#11798=COLOUR_RGB('',0.501960813999176,1.0,1.0);
#11799=CARTESIAN_POINT('',(0.0386,-0.0270944402486282,0.00292576076404936));
#11800=CARTESIAN_POINT('',(0.0386,0.0695256607640495,0.00292576076405004));
#11801=VECTOR('',#15270,1.0);
#11802=CARTESIAN_POINT('',(0.04,-0.0276743392359505,0.00152576076404934));
#11803=CARTESIAN_POINT('',(0.0405036015593901,-0.0278829378318821,0.00102215920465923));
#11804=VECTOR('',#15271,1.0);
#11805=CARTESIAN_POINT('',(0.04,-0.0276743392359505,0.00152576076404934));
#11806=VECTOR('',#15272,1.0);
#11807=COLOUR_RGB('',0.501960813999176,1.0,1.0);
#11808=CARTESIAN_POINT('',(-0.04,0.0695256607640495,0.00152576076405003));
#11809=CARTESIAN_POINT('',(-0.0386,0.0709256607640495,0.00152576076405004));
#11810=VECTOR('',#15273,1.0);
#11811=CARTESIAN_POINT('',(-0.0386,0.0689457617767271,0.00292576076405003));
#11812=CARTESIAN_POINT('',(-0.0422983155100675,0.0704776542189319,-0.000772554746017442));
#11813=VECTOR('',#15274,1.0);
#11814=CARTESIAN_POINT('',(-0.0390100505063388,0.0685357112703883,0.00292576076405003));
#11815=VECTOR('',#15275,1.0);
#11816=COLOUR_RGB('',0.501960813999176,1.0,1.0);
#11817=CARTESIAN_POINT('',(0.0380201010126777,-0.0276743392359505,0.00292576076404936));
#11818=CARTESIAN_POINT('',(0.0390100505063388,-0.0266843897422893,0.00292576076404936));
#11819=VECTOR('',#15276,1.0);
#11820=CARTESIAN_POINT('',(0.0386,-0.0290743392359505,0.00152576076404933));
#11821=CARTESIAN_POINT('',(0.0384346434921697,-0.0286751333121199,0.00192496668787996));
#11822=VECTOR('',#15277,1.0);
#11823=CARTESIAN_POINT('',(0.0386,-0.0290743392359505,0.00152576076404933));
#11824=VECTOR('',#15278,1.0);
#11825=COLOUR_RGB('',0.501960813999176,1.0,1.0);
#11826=CARTESIAN_POINT('',(-0.04,-0.0276743392359505,0.00152576076404935));
#11827=CARTESIAN_POINT('',(-0.04,0.0695256607640495,0.00152576076405003));
#11828=VECTOR('',#15279,1.0);
#11829=CARTESIAN_POINT('',(-0.0386,-0.0270944402486282,0.00292576076404936));
#11830=CARTESIAN_POINT('',(-0.0405036015593902,-0.0278829378318822,0.00102215920465916));
#11831=VECTOR('',#15280,1.0);
#11832=CARTESIAN_POINT('',(-0.0386,-0.0276743392359505,0.00292576076404936));
#11833=VECTOR('',#15281,1.0);
#11834=COLOUR_RGB('',0.501960813999176,1.0,1.0);
#11835=CARTESIAN_POINT('',(-0.0380201010126777,-0.0276743392359505,0.00292576076404936));
#11836=CARTESIAN_POINT('',(0.0386,-0.0276743392359505,0.00292576076404936));
#11837=VECTOR('',#15282,1.0);
#11838=CARTESIAN_POINT('',(-0.0386,-0.0290743392359505,0.00152576076404934));
#11839=CARTESIAN_POINT('',(-0.0318558441227153,-0.0127925066502522,0.0178075933497478));
#11840=VECTOR('',#15283,1.0);
#11841=CARTESIAN_POINT('',(-0.0386,-0.0290743392359505,0.00152576076404934));
#11842=VECTOR('',#15284,1.0);
#11843=COLOUR_RGB('',0.501960813999176,1.0,1.0);
#11844=CARTESIAN_POINT('',(-0.04,-0.0276743392359505,0.00152576076404935));
#11845=VECTOR('',#15285,1.0);
#11846=CARTESIAN_POINT('',(-0.0376100505063388,-0.0280843897422893,0.00292576076404935));
#11847=VECTOR('',#15286,1.0);
#11848=COLOUR_RGB('',0.501960813999176,1.0,1.0);
#11849=CARTESIAN_POINT('',(0.04,0.0695256607640495,0.000925760764049561));
#11850=VECTOR('',#15287,1.0);
#11851=CARTESIAN_POINT('',(0.0386,0.0709256607640495,0.00092576076404957));
#11852=VECTOR('',#15288,1.0);
#11853=COLOUR_RGB('',0.501960813999176,1.0,1.0);
#11854=CARTESIAN_POINT('',(-0.0386,0.0709256607640495,0.000925760764049814));
#11855=VECTOR('',#15289,1.0);
#11856=CARTESIAN_POINT('',(-0.04,0.0695256607640495,0.000925760764049814));
#11857=VECTOR('',#15290,1.0);
#11858=COLOUR_RGB('',0.501960813999176,1.0,1.0);
#11859=COLOUR_RGB('',0.501960813999176,1.0,1.0);
#11860=COLOUR_RGB('',0.501960813999176,1.0,1.0);
#11861=CARTESIAN_POINT('',(0.04,-0.0276743392359505,0.00092576076404919));
#11862=VECTOR('',#15291,1.0);
#11863=CARTESIAN_POINT('',(0.04,-0.0336743392359505,-0.00417616368632798));
#11864=VECTOR('',#15292,1.0);
#11865=COLOUR_RGB('',0.501960813999176,1.0,1.0);
#11866=CARTESIAN_POINT('',(0.0386,-0.0290743392359505,0.000925760764049189));
#11867=VECTOR('',#15293,1.0);
#11868=COLOUR_RGB('',0.501960813999176,1.0,1.0);
#11869=CARTESIAN_POINT('',(-0.0386,-0.0290743392359505,0.000925760764049434));
#11870=VECTOR('',#15294,1.0);
#11871=COLOUR_RGB('',0.501960813999176,1.0,1.0);
#11872=CARTESIAN_POINT('',(-0.04,-0.0276743392359505,0.000925760764049443));
#11873=VECTOR('',#15295,1.0);
#11874=COLOUR_RGB('',0.501960813999176,1.0,1.0);
#11875=COLOUR_RGB('',0.501960813999176,1.0,1.0);
#11876=COLOUR_RGB('',0.501960813999176,1.0,1.0);
#11877=COLOUR_RGB('',0.501960813999176,1.0,1.0);
#11878=CARTESIAN_POINT('',(-0.0338,0.0195256607640495,-0.00207423923595031));
#11879=AXIS2_PLACEMENT_3D('',#15296,#15297,#15298);
#11880=COLOUR_RGB('',0.501960813999176,1.0,1.0);
#11881=CARTESIAN_POINT('',(-0.0376,-0.0198743392359505,0.00792576076404957));
#11882=VECTOR('',#15299,1.0);
#11883=CARTESIAN_POINT('',(-0.0376000000000001,-0.0256743392359504,-0.0170742392359504));
#11884=VECTOR('',#15300,1.0);
#11885=CARTESIAN_POINT('',(-0.0376000000000001,0.0675256607640496,-0.0150742392359501));
#11886=VECTOR('',#15301,1.0);
#11887=CARTESIAN_POINT('',(-0.0376,0.0249256607640495,0.000925760764049621));
#11888=VECTOR('',#15302,1.0);
#11889=CARTESIAN_POINT('',(-0.0376,0.0169256607640495,0.000925760764049593));
#11890=VECTOR('',#15303,1.0);
#11891=CARTESIAN_POINT('',(-0.0376,0.00822705802670535,-7.42392359504067E-05));
#11892=VECTOR('',#15304,1.0);
#11893=COLOUR_RGB('',0.501960813999176,1.0,1.0);
#11894=CARTESIAN_POINT('',(0.0376,-0.0198743392359505,0.000925760764049225));
#11895=VECTOR('',#15305,1.0);
#11896=CARTESIAN_POINT('',(0.0376,-0.00177294196528372,-7.42392359506827E-05));
#11897=VECTOR('',#15306,1.0);
#11898=CARTESIAN_POINT('',(0.0376,0.0169256607640495,0.000925760764049355));
#11899=VECTOR('',#15307,1.0);
#11900=CARTESIAN_POINT('',(0.0376,0.0249256607640495,0.000925760764049383));
#11901=VECTOR('',#15308,1.0);
#11902=CARTESIAN_POINT('',(0.0375999999999999,0.0675256607640496,-0.0170742392359503));
#11903=VECTOR('',#15309,1.0);
#11904=CARTESIAN_POINT('',(0.0376,-0.0256743392359504,-0.0150742392359507));
#11905=VECTOR('',#15310,1.0);
#11906=COLOUR_RGB('',0.501960813999176,1.0,1.0);
#11907=CARTESIAN_POINT('',(0.0308,-0.0223743392359505,0.000925760764049238));
#11908=VECTOR('',#15311,1.0);
#11909=CARTESIAN_POINT('',(0.0333,-0.0198743392359505,0.000925760764049239));
#11910=VECTOR('',#15312,1.0);
#11911=COLOUR_RGB('',0.501960813999176,1.0,1.0);
#11912=CARTESIAN_POINT('',(-0.0333,-0.0198743392359505,0.000925760764049449));
#11913=VECTOR('',#15313,1.0);
#11914=CARTESIAN_POINT('',(-0.0308,-0.0223743392359505,0.000925760764049433));
#11915=VECTOR('',#15314,1.0);
#11916=COLOUR_RGB('',0.501960813999176,1.0,1.0);
#11917=CARTESIAN_POINT('',(-0.0308,-0.0266743392359505,0.000925760764049417));
#11918=VECTOR('',#15315,1.0);
#11919=COLOUR_RGB('',0.501960813999176,1.0,1.0);
#11920=COLOUR_RGB('',0.501960813999176,1.0,1.0);
#11921=COLOUR_RGB('',0.501960813999176,1.0,1.0);
#11922=CARTESIAN_POINT('',(0.0308,-0.0266743392359505,0.00792576076404933));
#11923=VECTOR('',#15316,1.0);
#11924=COLOUR_RGB('',0.501960813999176,1.0,1.0);
#11925=CARTESIAN_POINT('',(0.0365999999999999,-0.0266743392359504,-0.0170742392359507));
#11926=VECTOR('',#15317,1.0);
#11927=CARTESIAN_POINT('',(-0.0366,-0.0266743392359504,-0.0150742392359505));
#11928=VECTOR('',#15318,1.0);
#11929=COLOUR_RGB('',0.501960813999176,1.0,1.0);
#11930=COLOUR_RGB('',0.501960813999176,1.0,1.0);
#11931=COLOUR_RGB('',0.501960813999176,1.0,1.0);
#11932=COLOUR_RGB('',0.501960813999176,1.0,1.0);
#11933=COLOUR_RGB('',0.501960813999176,1.0,1.0);
#11934=COLOUR_RGB('',0.501960813999176,1.0,1.0);
#11935=CARTESIAN_POINT('',(-0.0337999999959968,0.0249256607640495,0.000925760764049608));
#11936=VECTOR('',#15319,1.0);
#11937=CARTESIAN_POINT('',(-0.0337999999959968,0.0169256607640495,0.00092576076404958));
#11938=VECTOR('',#15320,1.0);
#11939=COLOUR_RGB('',0.501960813999176,1.0,1.0);
#11940=COLOUR_RGB('',0.501960813999176,1.0,1.0);
#11941=COLOUR_RGB('',0.501960813999176,1.0,1.0);
#11942=COLOUR_RGB('',0.501960813999176,1.0,1.0);
#11943=CARTESIAN_POINT('',(0.0337999999959968,0.0169256607640495,0.000925760764049367));
#11944=VECTOR('',#15321,1.0);
#11945=COLOUR_RGB('',0.501960813999176,1.0,1.0);
#11946=CARTESIAN_POINT('',(0.0337999999959968,0.0249256607640495,0.000925760764049395));
#11947=VECTOR('',#15322,1.0);
#11948=COLOUR_RGB('',0.501960813999176,1.0,1.0);
#11949=COLOUR_RGB('',0.501960813999176,1.0,1.0);
#11950=CARTESIAN_POINT('',(0.0338,0.0195256607640495,-0.00207423923595052));
#11951=AXIS2_PLACEMENT_3D('',#15323,#15324,#15325);
#11952=COLOUR_RGB('',0.501960813999176,1.0,1.0);
#11953=AXIS2_PLACEMENT_3D('',#15326,#15327,#15328);
#11954=COLOUR_RGB('',0.501960813999176,1.0,1.0);
#11955=AXIS2_PLACEMENT_3D('',#15329,#15330,#15331);
#11956=COLOUR_RGB('',0.501960813999176,1.0,1.0);
#11957=COLOUR_RGB('',0.501960813999176,1.0,1.0);
#11958=CARTESIAN_POINT('',(-0.0244,0.0214270580267053,0.0131257607640496));
#11959=VECTOR('',#15332,1.0);
#11960=COLOUR_RGB('',0.501960813999176,1.0,1.0);
#11961=COLOUR_RGB('',0.501960813999176,1.0,1.0);
#11962=COLOUR_RGB('',0.501960813999176,1.0,1.0);
#11963=COLOUR_RGB('',0.501960813999176,1.0,1.0);
#11964=COLOUR_RGB('',0.501960813999176,1.0,1.0);
#11965=COLOUR_RGB('',0.501960813999176,1.0,1.0);
#11966=COLOUR_RGB('',0.501960813999176,1.0,1.0);
#11967=COLOUR_RGB('',0.501960813999176,1.0,1.0);
#11968=COLOUR_RGB('',1.0,1.0,1.0);
#11969=CARTESIAN_POINT('',(0.0258027938683828,0.0310284546324324,0.0509257607640495));
#11970=CARTESIAN_POINT('',(0.0206027938695837,0.0310284546324324,0.0509257607640495));
#11971=CARTESIAN_POINT('',(0.028,0.0310284546324324,0.0509257607640495));
#11972=VECTOR('',#15333,1.0);
#11973=CARTESIAN_POINT('',(0.0278027938683828,0.0290284546324324,0.0509257607640494));
#11974=AXIS2_PLACEMENT_3D('',#15334,#15335,#15336);
#11975=CARTESIAN_POINT('',(0.0278027938683828,0.0263084546336334,0.0509257607640494));
#11976=CARTESIAN_POINT('',(0.0278027938683828,0.0275084546324324,0.0509257607640494));
#11977=VECTOR('',#15337,1.0);
#11978=CARTESIAN_POINT('',(0.0254027938683828,0.0263084546336334,0.0509257607640494));
#11979=AXIS2_PLACEMENT_3D('',#15338,#15339,#15340);
#11980=CARTESIAN_POINT('',(0.0254027938683828,-0.0217743392359505,0.0509257607640493));
#11981=CARTESIAN_POINT('',(0.0254027938683828,0.0254256607640495,0.0509257607640494));
#11982=VECTOR('',#15341,1.0);
#11983=CARTESIAN_POINT('',(0.0250027938683828,-0.0221743392359505,0.0509257607640493));
#11984=CARTESIAN_POINT('',(0.0254027938683828,-0.0217743392359505,0.0509257607640493));
#11985=CARTESIAN_POINT('',(0.0254027938683828,-0.0217937104090612,0.0509257607640493));
#11986=CARTESIAN_POINT('',(0.0254008677590516,-0.0218135460920823,0.0509257607640493));
#11987=CARTESIAN_POINT('',(0.0253990216997393,-0.0218325573946947,0.0509257607640493));
#11988=CARTESIAN_POINT('',(0.0253951079805441,-0.021852375364757,0.0509257607640493));
#11989=CARTESIAN_POINT('',(0.0253908624254685,-0.0218738736581163,0.0509257607640493));
#11990=CARTESIAN_POINT('',(0.0253839039174719,-0.0218958099339943,0.0509257607640493));
#11991=CARTESIAN_POINT('',(0.0253789784042275,-0.021911337316793,0.0509257607640493));
#11992=CARTESIAN_POINT('',(0.0253723456813873,-0.0219274126088965,0.0509257607640493));
#11993=CARTESIAN_POINT('',(0.0253639875944881,-0.0219476695518697,0.0509257607640493));
#11994=CARTESIAN_POINT('',(0.0253528832371463,-0.0219678267907926,0.0509257607640493));
#11995=CARTESIAN_POINT('',(0.0253450231241468,-0.021982094899321,0.0509257607640493));
#11996=CARTESIAN_POINT('',(0.0253353817133038,-0.0219965673291583,0.0509257607640493));
#11997=CARTESIAN_POINT('',(0.0253232322911717,-0.0220148044587894,0.0509257607640493));
#11998=CARTESIAN_POINT('',(0.0253084088187114,-0.0220324080293673,0.0509257607640493));
#11999=CARTESIAN_POINT('',(0.0252979161656923,-0.0220448685482145,0.0509257607640493));
#12000=CARTESIAN_POINT('',(0.0252856365808574,-0.0220571819484251,0.0509257607640493));
#12001=CARTESIAN_POINT('',(0.0252701627189731,-0.0220726984220475,0.0509257607640493));
#12002=CARTESIAN_POINT('',(0.0252521897891263,-0.0220870718289377,0.0509257607640493));
#12003=CARTESIAN_POINT('',(0.0252394678228579,-0.0220972459073532,0.0509257607640493));
#12004=CARTESIAN_POINT('',(0.0252250219615906,-0.0221069270808715,0.0509257607640493));
#12005=CARTESIAN_POINT('',(0.0252068183117887,-0.0221191266091058,0.0509257607640493));
#12006=CARTESIAN_POINT('',(0.0251863866141698,-0.022129717490342,0.0509257607640493));
#12007=CARTESIAN_POINT('',(0.0251719242326831,-0.0221372141441971,0.0509257607640493));
#12008=CARTESIAN_POINT('',(0.0251558672413288,-0.022143891048955,0.0509257607640493));
#12009=CARTESIAN_POINT('',(0.0251356333596616,-0.0221523048107735,0.0509257607640493));
#12010=CARTESIAN_POINT('',(0.0251135280729527,-0.0221587061647285,0.0509257607640493));
#12011=CARTESIAN_POINT('',(0.0250978810574562,-0.0221632373018204,0.0509257607640493));
#12012=CARTESIAN_POINT('',(0.0250808299971892,-0.0221666533481118,0.0509257607640493));
#12013=CARTESIAN_POINT('',(0.0250621014321523,-0.0221704054693368,0.0509257607640493));
#12014=CARTESIAN_POINT('',(0.0250420007245146,-0.0221724131266194,0.0509257607640493));
#12015=CARTESIAN_POINT('',(0.0250313806590686,-0.0221734738580184,0.0509257607640493));
#12016=CARTESIAN_POINT('',(0.0250196188637941,-0.0221739852287108,0.0509257607640493));
#12017=CARTESIAN_POINT('',(0.02501147651082,-0.0221743392359505,0.0509257607640493));
#12018=CARTESIAN_POINT('',(0.0250027938683828,-0.0221743392359505,0.0509257607640493));
#12019=CARTESIAN_POINT('',(-0.0250027938683827,-0.0221743392359505,0.0509257607640494));
#12020=CARTESIAN_POINT('',(-4.55101557728964E-19,-0.0221743392359505,0.0509257607640494));
#12021=VECTOR('',#15342,1.0);
#12022=CARTESIAN_POINT('',(-0.0254027938683827,-0.0217743392359505,0.0509257607640494));
#12023=CARTESIAN_POINT('',(-0.0250027938683827,-0.0221743392359505,0.0509257607640494));
#12024=CARTESIAN_POINT('',(-0.0250221650414934,-0.0221743392359505,0.0509257607640494));
#12025=CARTESIAN_POINT('',(-0.0250420007245145,-0.0221724131266194,0.0509257607640494));
#12026=CARTESIAN_POINT('',(-0.0250610120271278,-0.0221705670673069,0.0509257607640494));
#12027=CARTESIAN_POINT('',(-0.0250808299971892,-0.0221666533481118,0.0509257607640494));
#12028=CARTESIAN_POINT('',(-0.0251023282905485,-0.0221624077930361,0.0509257607640494));
#12029=CARTESIAN_POINT('',(-0.0251242645664266,-0.0221554492850396,0.0509257607640494));
#12030=CARTESIAN_POINT('',(-0.0251397919492244,-0.0221505237717956,0.0509257607640494));
#12031=CARTESIAN_POINT('',(-0.0251558672413287,-0.022143891048955,0.0509257607640494));
#12032=CARTESIAN_POINT('',(-0.0251761241843018,-0.0221355329620559,0.0509257607640494));
#12033=CARTESIAN_POINT('',(-0.0251962814232248,-0.022124428604714,0.0509257607640494));
#12034=CARTESIAN_POINT('',(-0.0252105495317522,-0.0221165684917151,0.0509257607640494));
#12035=CARTESIAN_POINT('',(-0.0252250219615906,-0.0221069270808715,0.0509257607640494));
#12036=CARTESIAN_POINT('',(-0.0252432590912215,-0.0220947776587397,0.0509257607640494));
#12037=CARTESIAN_POINT('',(-0.0252608626617995,-0.0220799541862791,0.0509257607640494));
#12038=CARTESIAN_POINT('',(-0.025273323180647,-0.0220694615332596,0.0509257607640494));
#12039=CARTESIAN_POINT('',(-0.0252856365808573,-0.0220571819484251,0.0509257607640494));
#12040=CARTESIAN_POINT('',(-0.0253011530544793,-0.0220417080865414,0.0509257607640494));
#12041=CARTESIAN_POINT('',(-0.0253155264613699,-0.022023735156694,0.0509257607640494));
#12042=CARTESIAN_POINT('',(-0.0253257005397848,-0.0220110131904264,0.0509257607640494));
#12043=CARTESIAN_POINT('',(-0.0253353817133037,-0.0219965673291583,0.0509257607640494));
#12044=CARTESIAN_POINT('',(-0.0253475812415377,-0.021978363679357,0.0509257607640494));
#12045=CARTESIAN_POINT('',(-0.0253581721227743,-0.0219579319817375,0.0509257607640494));
#12046=CARTESIAN_POINT('',(-0.0253656687766296,-0.0219434696002501,0.0509257607640494));
#12047=CARTESIAN_POINT('',(-0.0253723456813872,-0.0219274126088965,0.0509257607640494));
#12048=CARTESIAN_POINT('',(-0.0253807594432059,-0.0219071787272286,0.0509257607640494));
#12049=CARTESIAN_POINT('',(-0.0253871607971607,-0.0218850734405204,0.0509257607640494));
#12050=CARTESIAN_POINT('',(-0.0253916919342527,-0.0218694264250236,0.0509257607640494));
#12051=CARTESIAN_POINT('',(-0.025395107980544,-0.0218523753647569,0.0509257607640494));
#12052=CARTESIAN_POINT('',(-0.0253988601017689,-0.0218336467997204,0.0509257607640494));
#12053=CARTESIAN_POINT('',(-0.0254008677590516,-0.0218135460920823,0.0509257607640494));
#12054=CARTESIAN_POINT('',(-0.0254019284904505,-0.0218029260266375,0.0509257607640494));
#12055=CARTESIAN_POINT('',(-0.0254024398611431,-0.0217911642313618,0.0509257607640494));
#12056=CARTESIAN_POINT('',(-0.0254027938683827,-0.0217830218783883,0.0509257607640494));
#12057=CARTESIAN_POINT('',(-0.0254027938683827,-0.0217743392359505,0.0509257607640494));
#12058=CARTESIAN_POINT('',(-0.0254027938683827,0.0282284546324324,0.0509257607640496));
#12059=CARTESIAN_POINT('',(-0.0254027938683827,0.0254256607640495,0.0509257607640496));
#12060=VECTOR('',#15343,1.0);
#12061=CARTESIAN_POINT('',(-0.0250027938683827,0.0286284546324324,0.0509257607640496));
#12062=CARTESIAN_POINT('',(-0.0254027938683827,0.0282284546324324,0.0509257607640496));
#12063=CARTESIAN_POINT('',(-0.0254027938683827,0.0282478258055431,0.0509257607640496));
#12064=CARTESIAN_POINT('',(-0.0254008677590516,0.0282676614885642,0.0509257607640496));
#12065=CARTESIAN_POINT('',(-0.0253990216997392,0.0282866727911767,0.0509257607640496));
#12066=CARTESIAN_POINT('',(-0.025395107980544,0.0283064907612389,0.0509257607640496));
#12067=CARTESIAN_POINT('',(-0.0253908624254685,0.028327989054598,0.0509257607640496));
#12068=CARTESIAN_POINT('',(-0.0253839039174719,0.0283499253304763,0.0509257607640496));
#12069=CARTESIAN_POINT('',(-0.0253789784042274,0.028365452713275,0.0509257607640496));
#12070=CARTESIAN_POINT('',(-0.0253723456813872,0.0283815280053784,0.0509257607640496));
#12071=CARTESIAN_POINT('',(-0.0253639875944876,0.0284017849483525,0.0509257607640496));
#12072=CARTESIAN_POINT('',(-0.0253528832371462,0.0284219421872745,0.0509257607640496));
#12073=CARTESIAN_POINT('',(-0.0253450231241469,0.0284362102958025,0.0509257607640496));
#12074=CARTESIAN_POINT('',(-0.0253353817133037,0.0284506827256403,0.0509257607640496));
#12075=CARTESIAN_POINT('',(-0.0253232322911723,0.0284689198552706,0.0509257607640496));
#12076=CARTESIAN_POINT('',(-0.0253084088187113,0.0284865234258492,0.0509257607640496));
#12077=CARTESIAN_POINT('',(-0.0252979161656925,0.0284989839446961,0.0509257607640496));
#12078=CARTESIAN_POINT('',(-0.0252856365808573,0.028511297344907,0.0509257607640496));
#12079=CARTESIAN_POINT('',(-0.0252701627189738,0.0285268138185288,0.0509257607640496));
#12080=CARTESIAN_POINT('',(-0.0252521897891262,0.0285411872254196,0.0509257607640496));
#12081=CARTESIAN_POINT('',(-0.0252394678228586,0.0285513613038345,0.0509257607640496));
#12082=CARTESIAN_POINT('',(-0.0252250219615905,0.0285610424773534,0.0509257607640496));
#12083=CARTESIAN_POINT('',(-0.0252068183117884,0.0285732420055879,0.0509257607640496));
#12084=CARTESIAN_POINT('',(-0.0251863866141697,0.028583832886824,0.0509257607640496));
#12085=CARTESIAN_POINT('',(-0.025171924232682,0.0285913295406794,0.0509257607640496));
#12086=CARTESIAN_POINT('',(-0.0251558672413287,0.0285980064454369,0.0509257607640496));
#12087=CARTESIAN_POINT('',(-0.0251356333596611,0.0286064202072555,0.0509257607640496));
#12088=CARTESIAN_POINT('',(-0.0251135280729526,0.0286128215612104,0.0509257607640496));
#12089=CARTESIAN_POINT('',(-0.0250978810574559,0.0286173526983024,0.0509257607640496));
#12090=CARTESIAN_POINT('',(-0.0250808299971892,0.0286207687445937,0.0509257607640496));
#12091=CARTESIAN_POINT('',(-0.0250621014321528,0.0286245208658186,0.0509257607640496));
#12092=CARTESIAN_POINT('',(-0.0250420007245145,0.0286265285231013,0.0509257607640496));
#12093=CARTESIAN_POINT('',(-0.0250313806590697,0.0286275892545002,0.0509257607640496));
#12094=CARTESIAN_POINT('',(-0.025019618863794,0.0286281006251928,0.0509257607640496));
#12095=CARTESIAN_POINT('',(-0.0250114765108205,0.0286284546324324,0.0509257607640496));
#12096=CARTESIAN_POINT('',(-0.0250027938683827,0.0286284546324324,0.0509257607640496));
#12097=CARTESIAN_POINT('',(0.0206027938695837,0.0286284546324324,0.0509257607640495));
#12098=CARTESIAN_POINT('',(-4.55101557728975E-19,0.0286284546324324,0.0509257607640495));
#12099=VECTOR('',#15344,1.0);
#12100=AXIS2_PLACEMENT_3D('',#15345,#15346,#15347);
#12101=CARTESIAN_POINT('',(0.0233500000000001,0.0227256607640494,0.0509257607640494));
#12102=CARTESIAN_POINT('',(0.0195000000000001,0.0265756607640494,0.0509257607640495));
#12103=AXIS2_PLACEMENT_3D('',#15348,#15349,#15350);
#12104=CARTESIAN_POINT('',(-0.0194999999999998,0.0265756607640494,0.0509257607640496));
#12105=CARTESIAN_POINT('',(-0.0202983571275635,0.0265756607640494,0.0509257607640496));
#12106=VECTOR('',#15351,1.0);
#12107=CARTESIAN_POINT('',(-0.0233499999999998,0.0227256607640494,0.0509257607640496));
#12108=AXIS2_PLACEMENT_3D('',#15352,#15353,#15354);
#12109=CARTESIAN_POINT('',(-0.0233499999999998,-0.0162743392359506,0.0509257607640495));
#12110=CARTESIAN_POINT('',(-0.0233499999999998,-0.0121287734356708,0.0509257607640495));
#12111=VECTOR('',#15355,1.0);
#12112=CARTESIAN_POINT('',(-0.0194999999999998,-0.0201243392359506,0.0509257607640495));
#12113=AXIS2_PLACEMENT_3D('',#15356,#15357,#15358);
#12114=CARTESIAN_POINT('',(0.0195000000000001,-0.0201243392359506,0.0509257607640494));
#12115=CARTESIAN_POINT('',(0.0207000161120743,-0.0201243392359506,0.0509257607640493));
#12116=VECTOR('',#15359,1.0);
#12117=CARTESIAN_POINT('',(0.0233500000000001,-0.0162743392359506,0.0509257607640493));
#12118=AXIS2_PLACEMENT_3D('',#15360,#15361,#15362);
#12119=CARTESIAN_POINT('',(0.0233500000000001,0.0178712265643292,0.0509257607640494));
#12120=VECTOR('',#15363,1.0);
#12121=COLOUR_RGB('',1.0,1.0,1.0);
#12122=CARTESIAN_POINT('',(0.0254027938683827,-0.0217743392359505,0.0401257607640494));
#12123=CARTESIAN_POINT('',(0.0254027938683828,-0.0217743392359505,0.0509257607640493));
#12124=VECTOR('',#15364,1.0);
#12125=CARTESIAN_POINT('',(0.0250027938683827,-0.0221743392359505,0.0401257607640494));
#12126=AXIS2_PLACEMENT_3D('',#15365,#15366,#15367);
#12127=CARTESIAN_POINT('',(0.0250027938683828,-0.0221743392359505,0.0469257607640493));
#12128=VECTOR('',#15368,1.0);
#12129=COLOUR_RGB('',1.0,1.0,1.0);
#12130=CARTESIAN_POINT('',(0.0278027938683827,-0.0225743392359505,0.0401257607640494));
#12131=CARTESIAN_POINT('',(0.0258027938683827,-0.0245743392359505,0.0401257607640494));
#12132=AXIS2_PLACEMENT_3D('',#15369,#15370,#15371);
#12133=CARTESIAN_POINT('',(0.0278027938683828,-0.0225743392359505,0.0519257607640493));
#12134=CARTESIAN_POINT('',(0.0278027938683828,-0.0225743392359505,0.0509257607640493));
#12135=VECTOR('',#15372,1.0);
#12136=CARTESIAN_POINT('',(0.0258027938683828,-0.0245743392359505,0.0519257607640493));
#12137=AXIS2_PLACEMENT_3D('',#15373,#15374,#15375);
#12138=CARTESIAN_POINT('',(0.0258027938683828,-0.0245743392359505,0.0509257607640493));
#12139=VECTOR('',#15376,1.0);
#12140=COLOUR_RGB('',1.0,1.0,1.0);
#12141=CARTESIAN_POINT('',(-0.0278027938683827,-0.0225743392359505,0.0519257607640495));
#12142=CARTESIAN_POINT('',(-0.0258027938683827,-0.0245743392359505,0.0519257607640494));
#12143=AXIS2_PLACEMENT_3D('',#15377,#15378,#15379);
#12144=CARTESIAN_POINT('',(-0.0278027938683827,-0.0225743392359505,0.0401257607640496));
#12145=CARTESIAN_POINT('',(-0.0278027938683827,-0.0225743392359505,0.0509257607640494));
#12146=VECTOR('',#15380,1.0);
#12147=CARTESIAN_POINT('',(-0.0258027938683827,-0.0245743392359505,0.0401257607640496));
#12148=AXIS2_PLACEMENT_3D('',#15381,#15382,#15383);
#12149=CARTESIAN_POINT('',(-0.0258027938683827,-0.0245743392359505,0.0509257607640494));
#12150=VECTOR('',#15384,1.0);
#12151=COLOUR_RGB('',1.0,1.0,1.0);
#12152=CARTESIAN_POINT('',(-0.0250027938683827,-0.0221743392359505,0.0401257607640496));
#12153=CARTESIAN_POINT('',(-0.0250027938683827,-0.0221743392359505,0.0469257607640495));
#12154=VECTOR('',#15385,1.0);
#12155=CARTESIAN_POINT('',(-0.0254027938683827,-0.0217743392359505,0.0401257607640496));
#12156=AXIS2_PLACEMENT_3D('',#15386,#15387,#15388);
#12157=CARTESIAN_POINT('',(-0.0254027938683827,-0.0217743392359505,0.0509257607640494));
#12158=VECTOR('',#15389,1.0);
#12159=COLOUR_RGB('',1.0,1.0,1.0);
#12160=CARTESIAN_POINT('',(-0.0254027938683827,0.0282284546324324,0.0401257607640498));
#12161=CARTESIAN_POINT('',(-0.0254027938683827,0.0282284546324324,0.0509257607640496));
#12162=VECTOR('',#15390,1.0);
#12163=CARTESIAN_POINT('',(-0.0250027938683827,0.0286284546324324,0.0401257607640498));
#12164=AXIS2_PLACEMENT_3D('',#15391,#15392,#15393);
#12165=CARTESIAN_POINT('',(-0.0250027938683827,0.0286284546324324,0.0429257607640497));
#12166=VECTOR('',#15394,1.0);
#12167=COLOUR_RGB('',1.0,1.0,1.0);
#12168=CARTESIAN_POINT('',(0.0258027938683828,0.0310284546324324,0.0519257607640495));
#12169=CARTESIAN_POINT('',(0.0258027938683828,0.0310284546324324,0.0509257607640495));
#12170=VECTOR('',#15395,1.0);
#12171=CARTESIAN_POINT('',(0.0278027938683828,0.0290284546324324,0.0519257607640495));
#12172=AXIS2_PLACEMENT_3D('',#15396,#15397,#15398);
#12173=CARTESIAN_POINT('',(0.0278027938683828,0.0290284546324324,0.0509257607640494));
#12174=VECTOR('',#15399,1.0);
#12175=COLOUR_RGB('',1.0,1.0,1.0);
#12176=CARTESIAN_POINT('',(0.0206027938695837,0.0310284546324324,0.0401257607640496));
#12177=CARTESIAN_POINT('',(0.0206027938695837,0.0310284546324324,0.0509257607640495));
#12178=VECTOR('',#15400,1.0);
#12179=CARTESIAN_POINT('',(0.0206027938695837,0.0286284546324324,0.0401257607640496));
#12180=CARTESIAN_POINT('',(0.0206027938695837,0.0286284546324324,0.0509257607640495));
#12181=VECTOR('',#15401,1.0);
#12182=AXIS2_PLACEMENT_3D('',#15402,#15403,#15404);
#12183=COLOUR_RGB('',1.0,1.0,1.0);
#12184=CARTESIAN_POINT('',(0.0278027938683827,0.0263084546336334,0.0401257607640496));
#12185=CARTESIAN_POINT('',(0.0278027938683827,0.0254256607640495,0.0401257607640496));
#12186=VECTOR('',#15405,1.0);
#12187=CARTESIAN_POINT('',(0.0278027938683828,0.0263084546336334,0.0509257607640494));
#12188=VECTOR('',#15406,1.0);
#12189=CARTESIAN_POINT('',(0.0278027938683828,0.0254256607640495,0.0519257607640494));
#12190=VECTOR('',#15407,1.0);
#12191=COLOUR_RGB('',1.0,1.0,1.0);
#12192=CARTESIAN_POINT('',(-0.0258027938683827,0.0310284546324324,0.0519257607640496));
#12193=CARTESIAN_POINT('',(2.70903406245278E-18,0.0310284546324324,0.0519257607640495));
#12194=VECTOR('',#15408,1.0);
#12195=CARTESIAN_POINT('',(-0.0278027938683827,0.0290284546324324,0.0519257607640496));
#12196=AXIS2_PLACEMENT_3D('',#15409,#15410,#15411);
#12197=CARTESIAN_POINT('',(-0.0278027938683827,0.0254256607640495,0.0519257607640496));
#12198=VECTOR('',#15412,1.0);
#12199=CARTESIAN_POINT('',(2.70903406245221E-18,-0.0245743392359505,0.0519257607640494));
#12200=VECTOR('',#15413,1.0);
#12201=COLOUR_RGB('',1.0,1.0,1.0);
#12202=CARTESIAN_POINT('',(-0.0138499999,-0.0108243388559505,0.0433257607640495));
#12203=AXIS2_PLACEMENT_3D('',#15414,#15415,#15416);
#12204=CARTESIAN_POINT('',(0.0139500003799999,0.0143756615440495,0.0433257607640496));
#12205=AXIS2_PLACEMENT_3D('',#15417,#15418,#15419);
#12206=CARTESIAN_POINT('',(0.02,-0.0140743392359504,0.0433257607640495));
#12207=CARTESIAN_POINT('',(0.01845,-0.0156243392359504,0.0433257607640495));
#12208=AXIS2_PLACEMENT_3D('',#15420,#15421,#15422);
#12209=CARTESIAN_POINT('',(-0.01845,-0.0156243392359504,0.0433257607640495));
#12210=CARTESIAN_POINT('',(0.019,-0.0156243392359504,0.0433257607640495));
#12211=VECTOR('',#15423,1.0);
#12212=CARTESIAN_POINT('',(-0.02,-0.0140743392359504,0.0433257607640495));
#12213=AXIS2_PLACEMENT_3D('',#15424,#15425,#15426);
#12214=CARTESIAN_POINT('',(-0.02,0.0205256607640496,0.0433257607640496));
#12215=CARTESIAN_POINT('',(-0.02,-0.0157743392359504,0.0433257607640495));
#12216=VECTOR('',#15427,1.0);
#12217=CARTESIAN_POINT('',(-0.01845,0.0220756607640496,0.0433257607640496));
#12218=AXIS2_PLACEMENT_3D('',#15428,#15429,#15430);
#12219=CARTESIAN_POINT('',(0.01845,0.0220756607640496,0.0433257607640496));
#12220=CARTESIAN_POINT('',(-0.019,0.0220756607640496,0.0433257607640496));
#12221=VECTOR('',#15431,1.0);
#12222=CARTESIAN_POINT('',(0.02,0.0205256607640496,0.0433257607640496));
#12223=AXIS2_PLACEMENT_3D('',#15432,#15433,#15434);
#12224=CARTESIAN_POINT('',(0.02,0.0222256607640496,0.0433257607640496));
#12225=VECTOR('',#15435,1.0);
#12226=COLOUR_RGB('',1.0,1.0,1.0);
#12227=CARTESIAN_POINT('',(-0.0214999999999999,-0.0138743392359504,0.0421257607640495));
#12228=CARTESIAN_POINT('',(-0.0214999999999999,0.0203256607640496,0.0421257607640497));
#12229=CARTESIAN_POINT('',(-0.0214999999999999,0.00292122989733714,0.0421257607640496));
#12230=VECTOR('',#15436,1.0);
#12231=CARTESIAN_POINT('',(-0.0182499999999999,0.0235756607640496,0.0421257607640497));
#12232=AXIS2_PLACEMENT_3D('',#15437,#15438,#15439);
#12233=CARTESIAN_POINT('',(0.01825,0.0235756607640495,0.0421257607640495));
#12234=CARTESIAN_POINT('',(0.000150018223881941,0.0235756607640496,0.0421257607640496));
#12235=VECTOR('',#15440,1.0);
#12236=CARTESIAN_POINT('',(0.0215000000000001,0.0203256607640495,0.0421257607640495));
#12237=AXIS2_PLACEMENT_3D('',#15441,#15442,#15443);
#12238=CARTESIAN_POINT('',(0.0215000000000002,-0.0138743392359504,0.0421257607640494));
#12239=CARTESIAN_POINT('',(0.0215000000000001,0.00292122989733714,0.0421257607640494));
#12240=VECTOR('',#15444,1.0);
#12241=CARTESIAN_POINT('',(0.0182500000000001,-0.0171243392359504,0.0421257607640494));
#12242=AXIS2_PLACEMENT_3D('',#15445,#15446,#15447);
#12243=CARTESIAN_POINT('',(-0.0182499999999999,-0.0171243392359504,0.0421257607640495));
#12244=CARTESIAN_POINT('',(0.000150018223881941,-0.0171243392359504,0.0421257607640494));
#12245=VECTOR('',#15448,1.0);
#12246=AXIS2_PLACEMENT_3D('',#15449,#15450,#15451);
#12247=CARTESIAN_POINT('',(0.01845,-0.0156243392359504,0.0421257607640494));
#12248=CARTESIAN_POINT('',(-0.01845,-0.0156243392359504,0.0421257607640495));
#12249=CARTESIAN_POINT('',(0.000150018223881941,-0.0156243392359504,0.0421257607640495));
#12250=VECTOR('',#15452,1.0);
#12251=CARTESIAN_POINT('',(0.02,-0.0140743392359504,0.0421257607640494));
#12252=AXIS2_PLACEMENT_3D('',#15453,#15454,#15455);
#12253=CARTESIAN_POINT('',(0.02,0.0205256607640496,0.0421257607640495));
#12254=CARTESIAN_POINT('',(0.02,0.00292122989733714,0.0421257607640495));
#12255=VECTOR('',#15456,1.0);
#12256=CARTESIAN_POINT('',(0.01845,0.0220756607640496,0.0421257607640495));
#12257=AXIS2_PLACEMENT_3D('',#15457,#15458,#15459);
#12258=CARTESIAN_POINT('',(-0.01845,0.0220756607640496,0.0421257607640496));
#12259=CARTESIAN_POINT('',(0.000150018223881941,0.0220756607640496,0.0421257607640496));
#12260=VECTOR('',#15460,1.0);
#12261=CARTESIAN_POINT('',(-0.02,0.0205256607640496,0.0421257607640496));
#12262=AXIS2_PLACEMENT_3D('',#15461,#15462,#15463);
#12263=CARTESIAN_POINT('',(-0.02,-0.0140743392359504,0.0421257607640495));
#12264=CARTESIAN_POINT('',(-0.02,0.00292122989733714,0.0421257607640496));
#12265=VECTOR('',#15464,1.0);
#12266=AXIS2_PLACEMENT_3D('',#15465,#15466,#15467);
#12267=COLOUR_RGB('',1.0,1.0,1.0);
#12268=CARTESIAN_POINT('',(0.0139500003799999,0.0172756615440495,0.0401256607640495));
#12269=AXIS2_PLACEMENT_3D('',#15468,#15469,#15470);
#12270=COLOUR_RGB('',1.0,1.0,1.0);
#12271=CARTESIAN_POINT('',(0.0215000000000001,0.0203256607640495,0.0401257607640496));
#12272=CARTESIAN_POINT('',(0.0215000000000001,0.0203256607640495,0.0431257607640496));
#12273=VECTOR('',#15471,1.0);
#12274=CARTESIAN_POINT('',(0.0215000000000002,-0.0138743392359504,0.0401257607640495));
#12275=CARTESIAN_POINT('',(0.0215000000000001,-0.0170243392359506,0.0401257607640495));
#12276=VECTOR('',#15472,1.0);
#12277=CARTESIAN_POINT('',(0.0215000000000002,-0.0138743392359504,0.0431257607640495));
#12278=VECTOR('',#15473,1.0);
#12279=COLOUR_RGB('',1.0,1.0,1.0);
#12280=CARTESIAN_POINT('',(-0.0138499999,-0.00792433885595046,0.0401256607640495));
#12281=AXIS2_PLACEMENT_3D('',#15474,#15475,#15476);
#12282=COLOUR_RGB('',1.0,1.0,1.0);
#12283=COLOUR_RGB('',1.0,1.0,1.0);
#12284=COLOUR_RGB('',1.0,1.0,1.0);
#12285=CARTESIAN_POINT('',(-0.0194999999999998,-0.0201243392359506,0.0401257607640494));
#12286=CARTESIAN_POINT('',(-0.0194999999999998,-0.0201243392359506,0.0523257607640493));
#12287=VECTOR('',#15477,1.0);
#12288=CARTESIAN_POINT('',(0.0195000000000001,-0.0201243392359506,0.0401257607640494));
#12289=CARTESIAN_POINT('',(0.0207000161120743,-0.0201243392359506,0.0401257607640494));
#12290=VECTOR('',#15478,1.0);
#12291=CARTESIAN_POINT('',(0.0195000000000001,-0.0201243392359506,0.0523257607640493));
#12292=VECTOR('',#15479,1.0);
#12293=COLOUR_RGB('',1.0,1.0,1.0);
#12294=CARTESIAN_POINT('',(-0.0233499999999998,-0.0162743392359506,0.0401257607640495));
#12295=CARTESIAN_POINT('',(-0.0233499999999998,-0.0162743392359506,0.0523257607640495));
#12296=VECTOR('',#15480,1.0);
#12297=AXIS2_PLACEMENT_3D('',#15481,#15482,#15483);
#12298=COLOUR_RGB('',1.0,1.0,1.0);
#12299=CARTESIAN_POINT('',(0.0233500000000001,-0.0162743392359506,0.0401257607640495));
#12300=AXIS2_PLACEMENT_3D('',#15484,#15485,#15486);
#12301=CARTESIAN_POINT('',(0.0233500000000001,-0.0162743392359506,0.0523257607640494));
#12302=VECTOR('',#15487,1.0);
#12303=COLOUR_RGB('',1.0,1.0,1.0);
#12304=CARTESIAN_POINT('',(-0.0233499999999998,0.0227256607640494,0.0401257607640496));
#12305=CARTESIAN_POINT('',(-0.0233499999999998,0.0227256607640494,0.0523257607640495));
#12306=VECTOR('',#15488,1.0);
#12307=CARTESIAN_POINT('',(-0.0233499999999998,-0.0121287734356708,0.0401257607640495));
#12308=VECTOR('',#15489,1.0);
#12309=COLOUR_RGB('',1.0,1.0,1.0);
#12310=CARTESIAN_POINT('',(0.0233500000000001,0.0227256607640494,0.0401257607640496));
#12311=CARTESIAN_POINT('',(0.0233500000000001,-0.0170243392359506,0.0401257607640495));
#12312=VECTOR('',#15490,1.0);
#12313=CARTESIAN_POINT('',(0.0233500000000001,0.0227256607640494,0.0523257607640494));
#12314=VECTOR('',#15491,1.0);
#12315=COLOUR_RGB('',1.0,1.0,1.0);
#12316=CARTESIAN_POINT('',(-0.0194999999999998,0.0265756607640494,0.0401257607640496));
#12317=CARTESIAN_POINT('',(-0.0194999999999998,0.0265756607640494,0.0523257607640496));
#12318=VECTOR('',#15492,1.0);
#12319=AXIS2_PLACEMENT_3D('',#15493,#15494,#15495);
#12320=COLOUR_RGB('',1.0,1.0,1.0);
#12321=CARTESIAN_POINT('',(0.0195000000000001,0.0265756607640494,0.0401257607640496));
#12322=AXIS2_PLACEMENT_3D('',#15496,#15497,#15498);
#12323=CARTESIAN_POINT('',(0.0195000000000001,0.0265756607640494,0.0523257607640496));
#12324=VECTOR('',#15499,1.0);
#12325=COLOUR_RGB('',1.0,1.0,1.0);
#12326=CARTESIAN_POINT('',(-0.0202983571275635,0.0265756607640494,0.0401257607640496));
#12327=VECTOR('',#15500,1.0);
#12328=COLOUR_RGB('',1.0,1.0,1.0);
#12329=CARTESIAN_POINT('',(-0.01845,0.0220756607640496,0.0399257607640496));
#12330=VECTOR('',#15501,1.0);
#12331=CARTESIAN_POINT('',(0.01845,0.0220756607640496,0.0399257607640495));
#12332=VECTOR('',#15502,1.0);
#12333=COLOUR_RGB('',1.0,1.0,1.0);
#12334=CARTESIAN_POINT('',(-0.02,0.0205256607640496,0.0399257607640496));
#12335=VECTOR('',#15503,1.0);
#12336=COLOUR_RGB('',1.0,1.0,1.0);
#12337=CARTESIAN_POINT('',(0.02,0.0205256607640496,0.0399257607640495));
#12338=VECTOR('',#15504,1.0);
#12339=COLOUR_RGB('',1.0,1.0,1.0);
#12340=CARTESIAN_POINT('',(-0.02,-0.0140743392359504,0.0399257607640495));
#12341=VECTOR('',#15505,1.0);
#12342=COLOUR_RGB('',1.0,1.0,1.0);
#12343=CARTESIAN_POINT('',(0.02,-0.0140743392359504,0.0399257607640494));
#12344=VECTOR('',#15506,1.0);
#12345=COLOUR_RGB('',1.0,1.0,1.0);
#12346=CARTESIAN_POINT('',(-0.01845,-0.0156243392359504,0.0399257607640495));
#12347=VECTOR('',#15507,1.0);
#12348=COLOUR_RGB('',1.0,1.0,1.0);
#12349=CARTESIAN_POINT('',(0.01845,-0.0156243392359504,0.0399257607640494));
#12350=VECTOR('',#15508,1.0);
#12351=COLOUR_RGB('',1.0,1.0,1.0);
#12352=COLOUR_RGB('',1.0,1.0,1.0);
#12353=CARTESIAN_POINT('',(0.01825,0.0235756607640496,0.0401257607640496));
#12354=CARTESIAN_POINT('',(-0.0182499999999999,0.0235756607640496,0.0401257607640496));
#12355=CARTESIAN_POINT('',(0.0214000000000001,0.0235756607640496,0.0401257607640496));
#12356=VECTOR('',#15509,1.0);
#12357=CARTESIAN_POINT('',(-0.0214999999999999,0.0203256607640496,0.0401257607640496));
#12358=AXIS2_PLACEMENT_3D('',#15510,#15511,#15512);
#12359=CARTESIAN_POINT('',(-0.0214999999999999,-0.0138743392359504,0.0401257607640495));
#12360=CARTESIAN_POINT('',(-0.0214999999999999,-0.0170243392359506,0.0401257607640495));
#12361=VECTOR('',#15513,1.0);
#12362=CARTESIAN_POINT('',(-0.0182499999999999,-0.0171243392359504,0.0401257607640495));
#12363=AXIS2_PLACEMENT_3D('',#15514,#15515,#15516);
#12364=CARTESIAN_POINT('',(0.0182500000000001,-0.0171243392359504,0.0401257607640495));
#12365=CARTESIAN_POINT('',(0.0214000000000001,-0.0171243392359504,0.0401257607640495));
#12366=VECTOR('',#15517,1.0);
#12367=AXIS2_PLACEMENT_3D('',#15518,#15519,#15520);
#12368=AXIS2_PLACEMENT_3D('',#15521,#15522,#15523);
#12369=COLOUR_RGB('',1.0,1.0,1.0);
#12370=CARTESIAN_POINT('',(0.0182500000000001,-0.0171243392359504,0.0431257607640495));
#12371=VECTOR('',#15524,1.0);
#12372=COLOUR_RGB('',1.0,1.0,1.0);
#12373=CARTESIAN_POINT('',(-0.0182499999999999,-0.0171243392359504,0.0431257607640495));
#12374=VECTOR('',#15525,1.0);
#12375=COLOUR_RGB('',1.0,1.0,1.0);
#12376=CARTESIAN_POINT('',(-0.0214999999999999,-0.0138743392359504,0.0431257607640495));
#12377=VECTOR('',#15526,1.0);
#12378=COLOUR_RGB('',1.0,1.0,1.0);
#12379=CARTESIAN_POINT('',(-0.0214999999999999,0.0203256607640496,0.0431257607640496));
#12380=VECTOR('',#15527,1.0);
#12381=COLOUR_RGB('',1.0,1.0,1.0);
#12382=CARTESIAN_POINT('',(-0.0182499999999999,0.0235756607640496,0.0431257607640496));
#12383=VECTOR('',#15528,1.0);
#12384=COLOUR_RGB('',1.0,1.0,1.0);
#12385=CARTESIAN_POINT('',(0.01825,0.0235756607640495,0.0431257607640496));
#12386=VECTOR('',#15529,1.0);
#12387=COLOUR_RGB('',1.0,1.0,1.0);
#12388=COLOUR_RGB('',1.0,1.0,1.0);
#12389=CARTESIAN_POINT('',(0.0254027938683827,0.0263084546336334,0.0401257607640496));
#12390=AXIS2_PLACEMENT_3D('',#15530,#15531,#15532);
#12391=CARTESIAN_POINT('',(-0.0254027938683827,-0.0245743392359505,0.0401257607640496));
#12392=VECTOR('',#15533,1.0);
#12393=CARTESIAN_POINT('',(-0.0278027938683827,0.0290284546324324,0.0401257607640498));
#12394=CARTESIAN_POINT('',(-0.0278027938683827,0.0254256607640495,0.0401257607640498));
#12395=VECTOR('',#15534,1.0);
#12396=CARTESIAN_POINT('',(-0.0258027938683827,0.0310284546324324,0.0401257607640498));
#12397=AXIS2_PLACEMENT_3D('',#15535,#15536,#15537);
#12398=CARTESIAN_POINT('',(-3.46277662556908E-17,0.0310284546324324,0.0401257607640497));
#12399=VECTOR('',#15538,1.0);
#12400=CARTESIAN_POINT('',(-3.46277662556908E-17,0.0286284546324324,0.0401257607640497));
#12401=VECTOR('',#15539,1.0);
#12402=CARTESIAN_POINT('',(-0.0254027938683827,0.0254256607640495,0.0401257607640498));
#12403=VECTOR('',#15540,1.0);
#12404=CARTESIAN_POINT('',(0.0266027938683827,-0.0221743392359505,0.0401257607640494));
#12405=VECTOR('',#15541,1.0);
#12406=CARTESIAN_POINT('',(0.0254027938683827,0.0254256607640495,0.0401257607640496));
#12407=VECTOR('',#15542,1.0);
#12408=COLOUR_RGB('',1.0,1.0,1.0);
#12409=COLOUR_RGB('',1.0,1.0,1.0);
#12410=CARTESIAN_POINT('',(0.0254027938683828,0.0263084546336334,0.0509257607640494));
#12411=VECTOR('',#15543,1.0);
#12412=COLOUR_RGB('',1.0,1.0,1.0);
#12413=COLOUR_RGB('',1.0,1.0,1.0);
#12414=COLOUR_RGB('',1.0,1.0,1.0);
#12415=CARTESIAN_POINT('',(-0.0278027938683827,0.0290284546324324,0.0509257607640496));
#12416=VECTOR('',#15544,1.0);
#12417=COLOUR_RGB('',1.0,1.0,1.0);
#12418=CARTESIAN_POINT('',(-0.0258027938683827,0.0310284546324324,0.0509257607640496));
#12419=VECTOR('',#15545,1.0);
#12420=COLOUR_RGB('',1.0,1.0,1.0);
#12421=COLOUR_RGB('',1.0,1.0,1.0);
#12422=COLOUR_RGB('',1.0,1.0,1.0);
#12423=COLOUR_RGB('',1.0,1.0,1.0);
#12424=CARTESIAN_POINT('',(-0.0125279059492835,0.0110991486256871,-0.0470742392359504));
#12425=CARTESIAN_POINT('',(-0.0139421195116566,0.0125133621880602,-0.0470742392359504));
#12426=CARTESIAN_POINT('',(-0.0139421195116566,0.0125133621880602,-0.0470742392359504));
#12427=CARTESIAN_POINT('',(-0.0138726724575494,0.0125828092421674,-0.0470742392359504));
#12428=CARTESIAN_POINT('',(-0.0137905829634897,0.0126377250191762,-0.0470742392359504));
#12429=CARTESIAN_POINT('',(-0.013750207644625,0.0126647350773185,-0.0470742392359504));
#12430=CARTESIAN_POINT('',(-0.0137064094672961,0.012688176671222,-0.0470742392359504));
#12431=CARTESIAN_POINT('',(-0.0136635811179676,0.012711099195257,-0.0470742392359504));
#12432=CARTESIAN_POINT('',(-0.0136176961628352,0.0127301349393849,-0.0470742392359504));
#12433=CARTESIAN_POINT('',(-0.0135728272434599,0.0127487491728751,-0.0470742392359504));
#12434=CARTESIAN_POINT('',(-0.0135252974077245,0.0127631957426058,-0.0470742392359504));
#12435=CARTESIAN_POINT('',(-0.0134788200305237,0.0127773224203072,-0.0470742392359504));
#12436=CARTESIAN_POINT('',(-0.0134301030524862,0.0127870406872768,-0.0470742392359504));
#12437=CARTESIAN_POINT('',(-0.0133824648200099,0.0127965437615605,-0.0470742392359504));
#12438=CARTESIAN_POINT('',(-0.0133330298707996,0.0128014401335458,-0.0470742392359504));
#12439=CARTESIAN_POINT('',(-0.0132846895652682,0.0128062280846117,-0.0470742392359504));
#12440=CARTESIAN_POINT('',(-0.0132350127304701,0.0128062554068736,-0.0470742392359504));
#12441=CARTESIAN_POINT('',(-0.0131864358954503,0.0128062821241356,-0.0470742392359504));
#12442=CARTESIAN_POINT('',(-0.0131369955901405,0.0128014401335458,-0.0470742392359504));
#12443=CARTESIAN_POINT('',(-0.0130886500471086,0.0127967053597019,-0.0470742392359504));
#12444=CARTESIAN_POINT('',(-0.0130399224084539,0.0127870406872768,-0.0470742392359504));
#12445=CARTESIAN_POINT('',(-0.0129922737514182,0.0127775900207874,-0.0470742392359504));
#12446=CARTESIAN_POINT('',(-0.0129447280532156,0.0127631957426058,-0.0470742392359504));
#12447=CARTESIAN_POINT('',(-0.0128982351647916,0.0127491201985558,-0.0470742392359504));
#12448=CARTESIAN_POINT('',(-0.012852329298105,0.0127301349393849,-0.0470742392359504));
#12449=CARTESIAN_POINT('',(-0.0128074399302226,0.0127115700729577,-0.0470742392359504));
#12450=CARTESIAN_POINT('',(-0.0127636159936441,0.012688176671222,-0.0470742392359504));
#12451=CARTESIAN_POINT('',(-0.0127207624554552,0.0126653012722296,-0.0470742392359504));
#12452=CARTESIAN_POINT('',(-0.0126794424974505,0.0126377250191762,-0.0470742392359504));
#12453=CARTESIAN_POINT('',(-0.0126390374919539,0.0126107593902161,-0.0470742392359504));
#12454=CARTESIAN_POINT('',(-0.0126006194463064,0.0125792658602363,-0.0470742392359504));
#12455=CARTESIAN_POINT('',(-0.012563052095793,0.0125484696950563,-0.0470742392359504));
#12456=CARTESIAN_POINT('',(-0.0125279059492835,0.0125133621880602,-0.0470742392359504));
#12457=CARTESIAN_POINT('',(-0.0124935380478755,0.0124790320705664,-0.0470742392359504));
#12458=CARTESIAN_POINT('',(-0.0124620022771073,0.0124406486910373,-0.0470742392359504));
#12459=CARTESIAN_POINT('',(-0.0124311648064822,0.0124031152390274,-0.0470742392359504));
#12460=CARTESIAN_POINT('',(-0.0124035431181675,0.0123618256398932,-0.0470742392359504));
#12461=CARTESIAN_POINT('',(-0.0123765330600249,0.0123214503210281,-0.0470742392359504));
#12462=CARTESIAN_POINT('',(-0.0123530914661217,0.0122776521436996,-0.0470742392359504));
#12463=CARTESIAN_POINT('',(-0.0123301689420865,0.0122348237943708,-0.0470742392359504));
#12464=CARTESIAN_POINT('',(-0.0123111331979588,0.0121889388392387,-0.0470742392359504));
#12465=CARTESIAN_POINT('',(-0.0122925189644683,0.0121440699198628,-0.0470742392359504));
#12466=CARTESIAN_POINT('',(-0.0122780723947379,0.0120965400841281,-0.0470742392359504));
#12467=CARTESIAN_POINT('',(-0.0122639457170365,0.0120500627069272,-0.0470742392359504));
#12468=CARTESIAN_POINT('',(-0.0122542274500668,0.0120013457288897,-0.0470742392359504));
#12469=CARTESIAN_POINT('',(-0.0122447243757832,0.0119537074964138,-0.0470742392359504));
#12470=CARTESIAN_POINT('',(-0.0122398280037979,0.0119042725472032,-0.0470742392359504));
#12471=CARTESIAN_POINT('',(-0.012235040052732,0.0118559322416716,-0.0470742392359504));
#12472=CARTESIAN_POINT('',(-0.0122350127304701,0.0118062554068736,-0.0470742392359504));
#12473=CARTESIAN_POINT('',(-0.0122349860132081,0.0117576785718539,-0.0470742392359504));
#12474=CARTESIAN_POINT('',(-0.0122398280037979,0.011708238266544,-0.0470742392359504));
#12475=CARTESIAN_POINT('',(-0.0122445627776418,0.0116598927235125,-0.0470742392359504));
#12476=CARTESIAN_POINT('',(-0.0122542274500668,0.0116111650848575,-0.0470742392359504));
#12477=CARTESIAN_POINT('',(-0.0122636781165562,0.0115635164278217,-0.0470742392359504));
#12478=CARTESIAN_POINT('',(-0.0122780723947379,0.0115159707296191,-0.0470742392359504));
#12479=CARTESIAN_POINT('',(-0.0122921479387881,0.0114694778411948,-0.0470742392359504));
#12480=CARTESIAN_POINT('',(-0.0123111331979588,0.0114235719745085,-0.0470742392359504));
#12481=CARTESIAN_POINT('',(-0.0123296980643861,0.0113786826066261,-0.0470742392359504));
#12482=CARTESIAN_POINT('',(-0.0123530914661217,0.0113348586700476,-0.0470742392359504));
#12483=CARTESIAN_POINT('',(-0.012375966865114,0.0112920051318587,-0.0470742392359504));
#12484=CARTESIAN_POINT('',(-0.0124035431181675,0.011250685173854,-0.0470742392359504));
#12485=CARTESIAN_POINT('',(-0.0124305087471276,0.0112102801683574,-0.0470742392359504));
#12486=CARTESIAN_POINT('',(-0.0124620022771073,0.01117186212271,-0.0470742392359504));
#12487=CARTESIAN_POINT('',(-0.0124794410190315,0.0111505891061981,-0.0470742392359504));
#12488=CARTESIAN_POINT('',(-0.012498789080711,0.0111295170988583,-0.0470742392359504));
#12489=CARTESIAN_POINT('',(-0.0125128359985067,0.0111142185764639,-0.0470742392359504));
#12490=CARTESIAN_POINT('',(-0.0125279059492835,0.0110991486256871,-0.0470742392359504));
#12491=CARTESIAN_POINT('',(-0.0139421195116567,-0.0157709090594018,-0.0470742392359505));
#12492=CARTESIAN_POINT('',(-0.0139421195116567,-0.0157709090594018,-0.0470742392359505));
#12493=CARTESIAN_POINT('',(-0.0141733456478578,-0.0155396829232007,-0.0470742392359505));
#12494=CARTESIAN_POINT('',(-0.0143972653418824,-0.0153006194761283,-0.0470742392359505));
#12495=CARTESIAN_POINT('',(-0.0148444723934857,-0.0148231676835245,-0.0470742392359505));
#12496=CARTESIAN_POINT('',(-0.0152601929551805,-0.0143166391189437,-0.0470742392359505));
#12497=CARTESIAN_POINT('',(-0.0155713240839451,-0.0139375460007033,-0.0470742392359505));
#12498=CARTESIAN_POINT('',(-0.0158641345175386,-0.0135427595255195,-0.0470742392359505));
#12499=CARTESIAN_POINT('',(-0.0161562896575534,-0.0131488565606634,-0.0470742392359505));
#12500=CARTESIAN_POINT('',(-0.0164293761339766,-0.0127401780960629,-0.0470742392359504));
#12501=CARTESIAN_POINT('',(-0.0167018514579313,-0.01233241423132,-0.0470742392359504));
#12502=CARTESIAN_POINT('',(-0.0169545560879312,-0.0119108283195352,-0.0470742392359504));
#12503=CARTESIAN_POINT('',(-0.0172066951789133,-0.0114901858937581,-0.0470742392359504));
#12504=CARTESIAN_POINT('',(-0.0174384091748928,-0.0110567081721908,-0.0470742392359504));
#12505=CARTESIAN_POINT('',(-0.0176696046077512,-0.0106242005498155,-0.0470742392359504));
#12506=CARTESIAN_POINT('',(-0.0178797697503946,-0.0101798753042765,-0.0470742392359504));
#12507=CARTESIAN_POINT('',(-0.0180894645550834,-0.00973654443403945,-0.0470742392359504));
#12508=CARTESIAN_POINT('',(-0.0182775745381515,-0.00928244208297262,-0.0470742392359504));
#12509=CARTESIAN_POINT('',(-0.0184652635415065,-0.00882935598779147,-0.0470742392359504));
#12510=CARTESIAN_POINT('',(-0.0186308651915861,-0.00836657050351522,-0.0470742392359504));
#12511=CARTESIAN_POINT('',(-0.0187960962343504,-0.00790482070750561,-0.0470742392359504));
#12512=CARTESIAN_POINT('',(-0.0189387906025699,-0.00743446698076007,-0.0470742392359504));
#12513=CARTESIAN_POINT('',(-0.0190811656286916,-0.00696516587962038,-0.0470742392359504));
#12514=CARTESIAN_POINT('',(-0.0192006089518166,-0.00648837703373611,-0.0470742392359504));
#12515=CARTESIAN_POINT('',(-0.0193197849673996,-0.00601265521488284,-0.0470742392359504));
#12516=CARTESIAN_POINT('',(-0.0194156894959903,-0.00553057987599338,-0.0470742392359504));
#12517=CARTESIAN_POINT('',(-0.0195113793955702,-0.00504958339494996,-0.0470742392359504));
#12518=CARTESIAN_POINT('',(-0.0195835140872213,-0.00456338292477804,-0.0470742392359504));
#12519=CARTESIAN_POINT('',(-0.0196554873454381,-0.00407827054426001,-0.0470742392359504));
#12520=CARTESIAN_POINT('',(-0.0197036784213697,-0.00358911624226202,-0.0470742392359504));
#12521=CARTESIAN_POINT('',(-0.019751761648345,-0.00310105664047312,-0.0470742392359504));
#12522=CARTESIAN_POINT('',(-0.0197758930120292,-0.00261012692221917,-0.0470742392359504));
#12523=CARTESIAN_POINT('',(-0.0197999703710584,-0.00212029587747608,-0.0470742392359504));
#12524=CARTESIAN_POINT('',(-0.0197999838879257,-0.00162877343567081,-0.0470742392359504));
#12525=CARTESIAN_POINT('',(-0.0197999973745431,-0.00113835099387285,-0.0470742392359504));
#12526=CARTESIAN_POINT('',(-0.0197758930120292,-0.000647419949122449,-0.0470742392359504));
#12527=CARTESIAN_POINT('',(-0.0197518425937437,-0.000157587580861964,-0.0470742392359504));
#12528=CARTESIAN_POINT('',(-0.0197036784213697,0.0003315693709204,-0.0470742392359504));
#12529=CARTESIAN_POINT('',(-0.0196556220377449,0.000819631616546582,-0.0470742392359504));
#12530=CARTESIAN_POINT('',(-0.0195835140872213,0.00130583605343642,-0.0470742392359504));
#12531=CARTESIAN_POINT('',(-0.0195115675102989,0.00179095239171482,-0.0470742392359504));
#12532=CARTESIAN_POINT('',(-0.0194156894959903,0.00227303300465176,-0.0470742392359504));
#12533=CARTESIAN_POINT('',(-0.0193200260513715,0.00275403474785754,-0.0470742392359504));
#12534=CARTESIAN_POINT('',(-0.0192006089518166,0.00323083016239449,-0.0470742392359504));
#12535=CARTESIAN_POINT('',(-0.0190814591011235,0.0037065585351733,-0.0470742392359504));
#12536=CARTESIAN_POINT('',(-0.0189387906025699,0.00417692010941845,-0.0470742392359504));
#12537=CARTESIAN_POINT('',(-0.0187964413882291,0.00464622904046262,-0.0470742392359504));
#12538=CARTESIAN_POINT('',(-0.0186308651915861,0.0051090236321736,-0.0470742392359504));
#12539=CARTESIAN_POINT('',(-0.0184656595453104,0.00557078251519337,-0.0470742392359504));
#12540=CARTESIAN_POINT('',(-0.0182775745381514,0.006024895211631,-0.0470742392359504));
#12541=CARTESIAN_POINT('',(-0.0180899104548237,0.00647799162899946,-0.0470742392359504));
#12542=CARTESIAN_POINT('',(-0.0178797697503946,0.00692232843293484,-0.0470742392359504));
#12543=CARTESIAN_POINT('',(-0.0176700993292195,0.00736567083572057,-0.0470742392359504));
#12544=CARTESIAN_POINT('',(-0.0174384091748928,0.00779916130084916,-0.0470742392359504));
#12545=CARTESIAN_POINT('',(-0.017207237530263,0.00823168163839365,-0.0470742392359504));
#12546=CARTESIAN_POINT('',(-0.0169545560879311,0.00865328144819365,-0.0470742392359504));
#12547=CARTESIAN_POINT('',(-0.0167024401326333,0.00907393774103499,-0.0470742392359504));
#12548=CARTESIAN_POINT('',(-0.0164293761339766,0.00948263122472126,-0.0470742392359504));
#12549=CARTESIAN_POINT('',(-0.0161569232374371,0.00989041007500879,-0.0470742392359504));
#12550=CARTESIAN_POINT('',(-0.0158641345175386,0.0102852126541779,-0.0470742392359504));
#12551=CARTESIAN_POINT('',(-0.015572001042623,0.0106791316869818,-0.0470742392359504));
#12552=CARTESIAN_POINT('',(-0.0152601929551804,0.0110590922476021,-0.0470742392359504));
#12553=CARTESIAN_POINT('',(-0.0149490826770058,0.011438202477486,-0.0470742392359504));
#12554=CARTESIAN_POINT('',(-0.0146190063950249,0.0118024056612696,-0.0470742392359504));
#12555=CARTESIAN_POINT('',(-0.0142894839175881,0.0121659977821287,-0.0470742392359504));
#12556=CARTESIAN_POINT('',(-0.0139421195116566,0.0125133621880602,-0.0470742392359504));
#12557=CARTESIAN_POINT('',(-0.0125279059492836,-0.0143566954970287,-0.0470742392359505));
#12558=CARTESIAN_POINT('',(-0.0125279059492836,-0.0143566954970287,-0.0470742392359505));
#12559=CARTESIAN_POINT('',(-0.0124584588951757,-0.0144261425511366,-0.0470742392359505));
#12560=CARTESIAN_POINT('',(-0.0124035431181676,-0.0145082320451956,-0.0470742392359505));
#12561=CARTESIAN_POINT('',(-0.0123765330600248,-0.0145486073640611,-0.0470742392359505));
#12562=CARTESIAN_POINT('',(-0.0123530914661218,-0.0145924055413892,-0.0470742392359505));
#12563=CARTESIAN_POINT('',(-0.0123301689420869,-0.0146352338907174,-0.0470742392359505));
#12564=CARTESIAN_POINT('',(-0.0123111331979589,-0.0146811188458501,-0.0470742392359505));
#12565=CARTESIAN_POINT('',(-0.0122925189644689,-0.0147259877652247,-0.0470742392359505));
#12566=CARTESIAN_POINT('',(-0.0122780723947379,-0.0147735176009608,-0.0470742392359505));
#12567=CARTESIAN_POINT('',(-0.0122639457170365,-0.0148199949781616,-0.0470742392359505));
#12568=CARTESIAN_POINT('',(-0.0122542274500669,-0.0148687119561991,-0.0470742392359505));
#12569=CARTESIAN_POINT('',(-0.0122447243757832,-0.0149163501886758,-0.0470742392359505));
#12570=CARTESIAN_POINT('',(-0.012239828003798,-0.0149657851378857,-0.0470742392359505));
#12571=CARTESIAN_POINT('',(-0.012235040052732,-0.0150141254434172,-0.0470742392359505));
#12572=CARTESIAN_POINT('',(-0.0122350127304701,-0.0150638022782152,-0.0470742392359505));
#12573=CARTESIAN_POINT('',(-0.0122349860132082,-0.0151123791132349,-0.0470742392359505));
#12574=CARTESIAN_POINT('',(-0.012239828003798,-0.0151618194185448,-0.0470742392359505));
#12575=CARTESIAN_POINT('',(-0.0122445627776418,-0.0152101649615756,-0.0470742392359505));
#12576=CARTESIAN_POINT('',(-0.0122542274500669,-0.0152588926002314,-0.0470742392359505));
#12577=CARTESIAN_POINT('',(-0.0122636781165561,-0.0153065412572665,-0.0470742392359505));
#12578=CARTESIAN_POINT('',(-0.0122780723947379,-0.0153540869554697,-0.0470742392359505));
#12579=CARTESIAN_POINT('',(-0.0122921479387882,-0.0154005798438944,-0.0470742392359505));
#12580=CARTESIAN_POINT('',(-0.0123111331979589,-0.0154464857105803,-0.0470742392359505));
#12581=CARTESIAN_POINT('',(-0.012329698064386,-0.0154913750784624,-0.0470742392359505));
#12582=CARTESIAN_POINT('',(-0.0123530914661218,-0.0155351990150412,-0.0470742392359505));
#12583=CARTESIAN_POINT('',(-0.0123759668651139,-0.0155780525532299,-0.0470742392359505));
#12584=CARTESIAN_POINT('',(-0.0124035431181676,-0.0156193725112348,-0.0470742392359505));
#12585=CARTESIAN_POINT('',(-0.0124305087471273,-0.0156597775167308,-0.0470742392359505));
#12586=CARTESIAN_POINT('',(-0.0124620022771074,-0.0156981955623789,-0.0470742392359505));
#12587=CARTESIAN_POINT('',(-0.0124927984422867,-0.0157357629128915,-0.0470742392359505));
#12588=CARTESIAN_POINT('',(-0.0125279059492836,-0.0157709090594018,-0.0470742392359505));
#12589=CARTESIAN_POINT('',(-0.0125622360667772,-0.0158052769608096,-0.0470742392359505));
#12590=CARTESIAN_POINT('',(-0.0126006194463065,-0.015836812731578,-0.0470742392359505));
#12591=CARTESIAN_POINT('',(-0.0126381528983164,-0.0158676502022032,-0.0470742392359505));
#12592=CARTESIAN_POINT('',(-0.0126794424974505,-0.0158952718905178,-0.0470742392359505));
#12593=CARTESIAN_POINT('',(-0.0127198178163163,-0.0159222819486607,-0.0470742392359505));
#12594=CARTESIAN_POINT('',(-0.0127636159936442,-0.0159457235425636,-0.0470742392359505));
#12595=CARTESIAN_POINT('',(-0.0128064443429727,-0.0159686460665986,-0.0470742392359505));
#12596=CARTESIAN_POINT('',(-0.0128523292981051,-0.0159876818107265,-0.0470742392359505));
#12597=CARTESIAN_POINT('',(-0.0128971982174798,-0.0160062960442165,-0.0470742392359505));
#12598=CARTESIAN_POINT('',(-0.0129447280532157,-0.0160207426139474,-0.0470742392359505));
#12599=CARTESIAN_POINT('',(-0.0129912054304161,-0.0160348692916487,-0.0470742392359505));
#12600=CARTESIAN_POINT('',(-0.013039922408454,-0.0160445875586185,-0.0470742392359505));
#12601=CARTESIAN_POINT('',(-0.0130875606409308,-0.0160540906329023,-0.0470742392359505));
#12602=CARTESIAN_POINT('',(-0.0131369955901406,-0.0160589870048874,-0.0470742392359505));
#12603=CARTESIAN_POINT('',(-0.0131853358956727,-0.0160637749559533,-0.0470742392359505));
#12604=CARTESIAN_POINT('',(-0.0132350127304701,-0.0160638022782152,-0.0470742392359505));
#12605=CARTESIAN_POINT('',(-0.0132835895654892,-0.0160638289954772,-0.0470742392359505));
#12606=CARTESIAN_POINT('',(-0.0133330298707997,-0.0160589870048874,-0.0470742392359505));
#12607=CARTESIAN_POINT('',(-0.0133813754138304,-0.0160542522310437,-0.0470742392359505));
#12608=CARTESIAN_POINT('',(-0.0134301030524863,-0.0160445875586185,-0.0470742392359505));
#12609=CARTESIAN_POINT('',(-0.0134777517095218,-0.0160351368921291,-0.0470742392359505));
#12610=CARTESIAN_POINT('',(-0.0135252974077246,-0.0160207426139474,-0.0470742392359505));
#12611=CARTESIAN_POINT('',(-0.0135717902961491,-0.0160066670698972,-0.0470742392359505));
#12612=CARTESIAN_POINT('',(-0.0136176961628352,-0.0159876818107265,-0.0470742392359505));
#12613=CARTESIAN_POINT('',(-0.0136625855307172,-0.0159691169442994,-0.0470742392359505));
#12614=CARTESIAN_POINT('',(-0.0137064094672961,-0.0159457235425636,-0.0470742392359505));
#12615=CARTESIAN_POINT('',(-0.0137492630054845,-0.0159228481435716,-0.0470742392359505));
#12616=CARTESIAN_POINT('',(-0.0137905829634897,-0.0158952718905178,-0.0470742392359505));
#12617=CARTESIAN_POINT('',(-0.0138309879689852,-0.0158683062615584,-0.0470742392359505));
#12618=CARTESIAN_POINT('',(-0.0138694060146338,-0.015836812731578,-0.0470742392359505));
#12619=CARTESIAN_POINT('',(-0.0138906790311446,-0.0158193739896547,-0.0470742392359505));
#12620=CARTESIAN_POINT('',(-0.0139117510384854,-0.0158000259279743,-0.0470742392359505));
#12621=CARTESIAN_POINT('',(-0.0139270495608798,-0.0157859790101787,-0.0470742392359505));
#12622=CARTESIAN_POINT('',(-0.0139421195116567,-0.0157709090594018,-0.0470742392359505));
#12623=CARTESIAN_POINT('',(-0.0125279059492835,0.0110991486256871,-0.0470742392359504));
#12624=CARTESIAN_POINT('',(-0.0131529936801122,0.0104740608948584,-0.0470742392359504));
#12625=CARTESIAN_POINT('',(-0.0137141720484549,0.00979030567927482,-0.0470742392359504));
#12626=CARTESIAN_POINT('',(-0.0139941562139274,0.00944916524296767,-0.0470742392359504));
#12627=CARTESIAN_POINT('',(-0.0142577194545773,0.00909381404519301,-0.0470742392359504));
#12628=CARTESIAN_POINT('',(-0.0145206273990271,0.00873934635563832,-0.0470742392359504));
#12629=CARTESIAN_POINT('',(-0.0147664369093715,0.00837149075868205,-0.0470742392359504));
#12630=CARTESIAN_POINT('',(-0.0150116352645249,0.00800454975960815,-0.0470742392359504));
#12631=CARTESIAN_POINT('',(-0.0152390988679306,0.00762507595980721,-0.0470742392359504));
#12632=CARTESIAN_POINT('',(-0.015465996929486,0.00724654564420184,-0.0470742392359504));
#12633=CARTESIAN_POINT('',(-0.0156745666461961,0.00685636782719717,-0.0470742392359504));
#12634=CARTESIAN_POINT('',(-0.0158826177968536,0.00646716010773862,-0.0470742392359504));
#12635=CARTESIAN_POINT('',(-0.0160717911641477,0.00606721824607427,-0.0470742392359504));
#12636=CARTESIAN_POINT('',(-0.0162604941904541,0.00566827075826365,-0.0470742392359504));
#12637=CARTESIAN_POINT('',(-0.0164298154731289,0.00525952834690082,-0.0470742392359504));
#12638=CARTESIAN_POINT('',(-0.0165987157729612,0.00485180219019576,-0.0470742392359504));
#12639=CARTESIAN_POINT('',(-0.0167477770612201,0.00443524392538916,-0.0470742392359504));
#12640=CARTESIAN_POINT('',(-0.016896467738985,0.00401972134775587,-0.0470742392359504));
#12641=CARTESIAN_POINT('',(-0.0170249099311055,0.00359635075490953,-0.0470742392359504));
#12642=CARTESIAN_POINT('',(-0.0171530327779184,0.00317403278667161,-0.0470742392359504));
#12643=CARTESIAN_POINT('',(-0.0172605464454275,0.00274486980258796,-0.0470742392359504));
#12644=CARTESIAN_POINT('',(-0.0173677928021284,0.00231677384474205,-0.0470742392359504));
#12645=CARTESIAN_POINT('',(-0.0174541189351839,0.00188285236061951,-0.0470742392359504));
#12646=CARTESIAN_POINT('',(-0.0175402304359165,0.00145000973376509,-0.0470742392359504));
#12647=CARTESIAN_POINT('',(-0.0176051610672918,0.0010123751045257,-0.0470742392359504));
#12648=CARTESIAN_POINT('',(-0.0176699302619031,0.000575828564480142,-0.0470742392359504));
#12649=CARTESIAN_POINT('',(-0.0177133089680253,0.00013553509026128,-0.0470742392359504));
#12650=CARTESIAN_POINT('',(-0.0177565798218458,-0.00030366368407291,-0.0470742392359504));
#12651=CARTESIAN_POINT('',(-0.0177783020996188,-0.000745555297777283,-0.0470742392359504));
#12652=CARTESIAN_POINT('',(-0.0177999703693783,-0.0011863482381051,-0.0470742392359504));
#12653=CARTESIAN_POINT('',(-0.0177999838879257,-0.00162877343567081,-0.0470742392359504));
#12654=CARTESIAN_POINT('',(-0.017799997372862,-0.00207009863321344,-0.0470742392359504));
#12655=CARTESIAN_POINT('',(-0.0177783020996188,-0.00251199157356433,-0.0470742392359504));
#12656=CARTESIAN_POINT('',(-0.0177566607672482,-0.00295278583723466,-0.0470742392359504));
#12657=CARTESIAN_POINT('',(-0.0177133089680253,-0.00339308196160289,-0.0470742392359504));
#12658=CARTESIAN_POINT('',(-0.0176700649542092,-0.00383228337945948,-0.0470742392359504));
#12659=CARTESIAN_POINT('',(-0.0176051610672918,-0.00426992197586731,-0.0470742392359504));
#12660=CARTESIAN_POINT('',(-0.0175404185506459,-0.00470647247320306,-0.0470742392359504));
#12661=CARTESIAN_POINT('',(-0.0174541189351839,-0.00514039923196112,-0.0470742392359504));
#12662=CARTESIAN_POINT('',(-0.0173680338861074,-0.00557324712037076,-0.0470742392359504));
#12663=CARTESIAN_POINT('',(-0.0172605464454275,-0.00600241667392958,-0.0470742392359504));
#12664=CARTESIAN_POINT('',(-0.0171533262503421,-0.00643051918494144,-0.0470742392359504));
#12665=CARTESIAN_POINT('',(-0.0170249099311055,-0.00685389762625115,-0.0470742392359504));
#12666=CARTESIAN_POINT('',(-0.0168968128928548,-0.00727622342341887,-0.0470742392359504));
#12667=CARTESIAN_POINT('',(-0.0167477770612201,-0.00769279079673078,-0.0470742392359504));
#12668=CARTESIAN_POINT('',(-0.0165991117767757,-0.00810832246025358,-0.0470742392359504));
#12669=CARTESIAN_POINT('',(-0.0164298154731289,-0.00851707521824244,-0.0470742392359504));
#12670=CARTESIAN_POINT('',(-0.0162609400901812,-0.00892481169594077,-0.0470742392359504));
#12671=CARTESIAN_POINT('',(-0.0160717911641477,-0.0093247651174159,-0.0470742392359504));
#12672=CARTESIAN_POINT('',(-0.0158831125183078,-0.00972372413635111,-0.0470742392359504));
#12673=CARTESIAN_POINT('',(-0.0156745666461961,-0.0101139146985388,-0.0470742392359504));
#12674=CARTESIAN_POINT('',(-0.0154665392808539,-0.010503135131489,-0.0470742392359504));
#12675=CARTESIAN_POINT('',(-0.0152390988679306,-0.0108826228311488,-0.0470742392359504));
#12676=CARTESIAN_POINT('',(-0.0150122239392133,-0.0112611670120304,-0.0470742392359504));
#12677=CARTESIAN_POINT('',(-0.0147664369093715,-0.0116290376300237,-0.0470742392359504));
#12678=CARTESIAN_POINT('',(-0.0145212609788436,-0.011995993612764,-0.0470742392359504));
#12679=CARTESIAN_POINT('',(-0.0142577194545773,-0.0123513609165346,-0.0470742392359505));
#12680=CARTESIAN_POINT('',(-0.0139948331725337,-0.0127058446720197,-0.0470742392359505));
#12681=CARTESIAN_POINT('',(-0.013714172048455,-0.0130478525506165,-0.0470742392359505));
#12682=CARTESIAN_POINT('',(-0.013434208731,-0.0133890100964005,-0.0470742392359505));
#12683=CARTESIAN_POINT('',(-0.013137104144315,-0.0137168346229172,-0.0470742392359505));
#12684=CARTESIAN_POINT('',(-0.0128405533488156,-0.0140440480974967,-0.0470742392359505));
#12685=CARTESIAN_POINT('',(-0.0125279059492836,-0.0143566954970287,-0.0470742392359505));
#12686=COLOUR_RGB('',1.0,1.0,1.0);
#12687=CARTESIAN_POINT('',(-0.0125279059492836,-0.0143566954970287,-0.0480742392359506));
#12688=CARTESIAN_POINT('',(-0.0125279059492836,-0.0143566954970287,-0.0476742392359506));
#12689=VECTOR('',#15546,1.0);
#12690=CARTESIAN_POINT('',(-0.0125279059492835,0.0110991486256871,-0.0480742392359505));
#12691=CARTESIAN_POINT('',(-0.0125279059492836,-0.0143566954970287,-0.0480742392359506));
#12692=CARTESIAN_POINT('',(-0.0141945038263104,-0.0126900976200019,-0.0480742392359506));
#12693=CARTESIAN_POINT('',(-0.0155280250195931,-0.010694378160827,-0.0480742392359505));
#12694=CARTESIAN_POINT('',(-0.0173316059941812,-0.00633977211264468,-0.0480742392359505));
#12695=CARTESIAN_POINT('',(-0.0178000559250114,-0.00398543916032594,-0.0480742392359505));
#12696=CARTESIAN_POINT('',(-0.017799911850827,0.000727892716365901,-0.0480742392359505));
#12697=CARTESIAN_POINT('',(-0.0173317389644553,0.00308228071740842,-0.0480742392359505));
#12698=CARTESIAN_POINT('',(-0.0155278916980155,0.00743677666145617,-0.0480742392359505));
#12699=CARTESIAN_POINT('',(-0.0141945633236889,0.00943249125128174,-0.0480742392359505));
#12700=CARTESIAN_POINT('',(-0.0125279059492835,0.0110991486256871,-0.0480742392359505));
#12701=CARTESIAN_POINT('',(-0.0125279059492835,0.0110991486256871,-0.0476742392359505));
#12702=VECTOR('',#15547,1.0);
#12703=COLOUR_RGB('',1.0,1.0,1.0);
#12704=CARTESIAN_POINT('',(-0.0139421195116566,0.0125133621880602,-0.0480742392359505));
#12705=CARTESIAN_POINT('',(-0.0125279059492835,0.0110991486256871,-0.0480742392359505));
#12706=CARTESIAN_POINT('',(-0.0123422472394716,0.011284807335499,-0.0480742392359505));
#12707=CARTESIAN_POINT('',(-0.0122348686825887,0.0115442618978307,-0.0480742392359505));
#12708=CARTESIAN_POINT('',(-0.0122351567781539,0.0120682485565989,-0.0480742392359505));
#12709=CARTESIAN_POINT('',(-0.0123425465722299,0.0123282064659005,-0.0480742392359505));
#12710=CARTESIAN_POINT('',(-0.0127132648509457,0.0126985174353509,-0.0480742392359505));
#12711=CARTESIAN_POINT('',(-0.0129730189403155,0.0128063993745576,-0.0480742392359505));
#12712=CARTESIAN_POINT('',(-0.0134970055667842,0.012806111439714,-0.0480742392359505));
#12713=CARTESIAN_POINT('',(-0.0137563335523881,0.0126991481473287,-0.0480742392359505));
#12714=CARTESIAN_POINT('',(-0.0139421195116566,0.0125133621880602,-0.0480742392359505));
#12715=CARTESIAN_POINT('',(-0.0139421195116566,0.0125133621880602,-0.0476742392359505));
#12716=VECTOR('',#15548,1.0);
#12717=COLOUR_RGB('',1.0,1.0,1.0);
#12718=CARTESIAN_POINT('',(-0.0139421195116567,-0.0157709090594018,-0.0480742392359506));
#12719=CARTESIAN_POINT('',(-0.0139421195116566,0.0125133621880602,-0.0480742392359505));
#12720=CARTESIAN_POINT('',(-0.0157938967461991,0.0106615849535177,-0.0480742392359505));
#12721=CARTESIAN_POINT('',(-0.0172755775859371,0.00844411802704985,-0.0480742392359505));
#12722=CARTESIAN_POINT('',(-0.0192795715233765,0.00360567231651108,-0.0480742392359505));
#12723=CARTESIAN_POINT('',(-0.0198000559132019,0.000989744521752719,-0.0480742392359505));
#12724=CARTESIAN_POINT('',(-0.0197999118626428,-0.00424729163895759,-0.0480742392359505));
#12725=CARTESIAN_POINT('',(-0.0192797045414618,-0.00686327448457134,-0.0480742392359505));
#12726=CARTESIAN_POINT('',(-0.0172754443604546,-0.0117016101023475,-0.0480742392359505));
#12727=CARTESIAN_POINT('',(-0.0157939362932889,-0.0139190922777696,-0.0480742392359506));
#12728=CARTESIAN_POINT('',(-0.0139421195116567,-0.0157709090594018,-0.0480742392359506));
#12729=CARTESIAN_POINT('',(-0.0139421195116567,-0.0157709090594018,-0.0476742392359506));
#12730=VECTOR('',#15549,1.0);
#12731=COLOUR_RGB('',1.0,1.0,1.0);
#12732=CARTESIAN_POINT('',(-0.0139421195116567,-0.0157709090594018,-0.0480742392359506));
#12733=CARTESIAN_POINT('',(-0.0137564608018459,-0.0159565677692125,-0.0480742392359506));
#12734=CARTESIAN_POINT('',(-0.0134970062395099,-0.0160639463260966,-0.0480742392359506));
#12735=CARTESIAN_POINT('',(-0.012973019580748,-0.0160636582305314,-0.0480742392359506));
#12736=CARTESIAN_POINT('',(-0.0127130616714448,-0.0159562684364569,-0.0480742392359506));
#12737=CARTESIAN_POINT('',(-0.0123427507019913,-0.015585550157738,-0.0480742392359506));
#12738=CARTESIAN_POINT('',(-0.0122348687627862,-0.0153257960683692,-0.0480742392359506));
#12739=CARTESIAN_POINT('',(-0.0122351566976298,-0.0148018094419016,-0.0480742392359506));
#12740=CARTESIAN_POINT('',(-0.0123421199900153,-0.014542481456297,-0.0480742392359506));
#12741=CARTESIAN_POINT('',(-0.0125279059492836,-0.0143566954970287,-0.0480742392359506));
#12742=COLOUR_RGB('',1.0,1.0,1.0);
#12743=COLOUR_RGB('',1.0,1.0,1.0);
#12744=CARTESIAN_POINT('',(0.0143421517358052,0.0125133621880601,-0.0480742392359506));
#12745=CARTESIAN_POINT('',(0.0143421517358052,0.0125133621880601,-0.0470742392359504));
#12746=CARTESIAN_POINT('',(0.0143421517358052,0.0125133621880601,-0.0476742392359506));
#12747=VECTOR('',#15550,1.0);
#12748=CARTESIAN_POINT('',(0.0129279381734321,0.011099148625687,-0.0480742392359506));
#12749=CARTESIAN_POINT('',(0.0143421517358052,0.0125133621880601,-0.0480742392359506));
#12750=CARTESIAN_POINT('',(0.0141564930259937,0.0126990208978717,-0.0480742392359506));
#12751=CARTESIAN_POINT('',(0.0138970384636606,0.012806399454755,-0.0480742392359506));
#12752=CARTESIAN_POINT('',(0.0133730518048944,0.0128061113591898,-0.0480742392359505));
#12753=CARTESIAN_POINT('',(0.0131130938955938,0.0126987215651157,-0.0480742392359505));
#12754=CARTESIAN_POINT('',(0.0127427829261394,0.012328003286396,-0.0480742392359505));
#12755=CARTESIAN_POINT('',(0.0126349009869347,0.0120682491970265,-0.0480742392359505));
#12756=CARTESIAN_POINT('',(0.0126351889217783,0.011544262570561,-0.0480742392359506));
#12757=CARTESIAN_POINT('',(0.0127421522141642,0.011284934584955,-0.0480742392359506));
#12758=CARTESIAN_POINT('',(0.0129279381734321,0.011099148625687,-0.0480742392359506));
#12759=CARTESIAN_POINT('',(0.0129279381734321,0.011099148625687,-0.0470742392359504));
#12760=CARTESIAN_POINT('',(0.0129279381734321,0.011099148625687,-0.0476742392359506));
#12761=VECTOR('',#15551,1.0);
#12762=CARTESIAN_POINT('',(0.0129279381734321,0.011099148625687,-0.0470742392359505));
#12763=CARTESIAN_POINT('',(0.0128584911193247,0.0111685956797944,-0.0470742392359505));
#12764=CARTESIAN_POINT('',(0.0128035753423161,0.011250685173854,-0.0470742392359505));
#12765=CARTESIAN_POINT('',(0.0127765652841739,0.0112910604927185,-0.0470742392359505));
#12766=CARTESIAN_POINT('',(0.0127531236902703,0.0113348586700476,-0.0470742392359505));
#12767=CARTESIAN_POINT('',(0.0127302011662354,0.0113776870193758,-0.0470742392359505));
#12768=CARTESIAN_POINT('',(0.0127111654221074,0.0114235719745085,-0.0470742392359505));
#12769=CARTESIAN_POINT('',(0.0126925511886171,0.0114684408938841,-0.0470742392359505));
#12770=CARTESIAN_POINT('',(0.0126781046188865,0.0115159707296191,-0.0470742392359505));
#12771=CARTESIAN_POINT('',(0.0126639779411851,0.0115624481068201,-0.0470742392359505));
#12772=CARTESIAN_POINT('',(0.0126542596742155,0.0116111650848574,-0.0470742392359505));
#12773=CARTESIAN_POINT('',(0.0126447565999317,0.0116588033173342,-0.0470742392359505));
#12774=CARTESIAN_POINT('',(0.0126398602279465,0.011708238266544,-0.0470742392359505));
#12775=CARTESIAN_POINT('',(0.0126350722768806,0.0117565785720761,-0.0470742392359505));
#12776=CARTESIAN_POINT('',(0.0126350449546187,0.0118062554068736,-0.0470742392359505));
#12777=CARTESIAN_POINT('',(0.0126350182373567,0.0118548322418934,-0.0470742392359505));
#12778=CARTESIAN_POINT('',(0.0126398602279465,0.0119042725472031,-0.0470742392359505));
#12779=CARTESIAN_POINT('',(0.0126445950017904,0.0119526180902345,-0.0470742392359505));
#12780=CARTESIAN_POINT('',(0.0126542596742155,0.0120013457288897,-0.0470742392359505));
#12781=CARTESIAN_POINT('',(0.0126637103407046,0.0120489943859241,-0.0470742392359505));
#12782=CARTESIAN_POINT('',(0.0126781046188865,0.012096540084128,-0.0470742392359505));
#12783=CARTESIAN_POINT('',(0.0126921801629363,0.0121430329725516,-0.0470742392359505));
#12784=CARTESIAN_POINT('',(0.0127111654221074,0.0121889388392386,-0.0470742392359505));
#12785=CARTESIAN_POINT('',(0.0127297302885345,0.0122338282071207,-0.0470742392359505));
#12786=CARTESIAN_POINT('',(0.0127531236902703,0.0122776521436996,-0.0470742392359505));
#12787=CARTESIAN_POINT('',(0.0127759990892623,0.0123205056818879,-0.0470742392359505));
#12788=CARTESIAN_POINT('',(0.0128035753423161,0.0123618256398932,-0.0470742392359505));
#12789=CARTESIAN_POINT('',(0.0128305409712755,0.0124022306453886,-0.0470742392359505));
#12790=CARTESIAN_POINT('',(0.012862034501256,0.0124406486910372,-0.0470742392359505));
#12791=CARTESIAN_POINT('',(0.0128928306664351,0.0124782160415497,-0.0470742392359505));
#12792=CARTESIAN_POINT('',(0.0129279381734321,0.0125133621880601,-0.0470742392359505));
#12793=CARTESIAN_POINT('',(0.0129622682909257,0.0125477300894679,-0.0470742392359505));
#12794=CARTESIAN_POINT('',(0.013000651670455,0.0125792658602363,-0.0470742392359505));
#12795=CARTESIAN_POINT('',(0.0130381851224645,0.0126101033308611,-0.0470742392359505));
#12796=CARTESIAN_POINT('',(0.0130794747215991,0.0126377250191761,-0.0470742392359505));
#12797=CARTESIAN_POINT('',(0.0131198500404637,0.0126647350773184,-0.0470742392359505));
#12798=CARTESIAN_POINT('',(0.0131636482177927,0.0126881766712219,-0.0470742392359505));
#12799=CARTESIAN_POINT('',(0.0132064765671212,0.012711099195257,-0.0470742392359505));
#12800=CARTESIAN_POINT('',(0.0132523615222536,0.0127301349393848,-0.0470742392359505));
#12801=CARTESIAN_POINT('',(0.0132972304416295,0.0127487491728753,-0.0470742392359505));
#12802=CARTESIAN_POINT('',(0.0133447602773642,0.0127631957426058,-0.0470742392359505));
#12803=CARTESIAN_POINT('',(0.0133912376545652,0.0127773224203072,-0.0470742392359505));
#12804=CARTESIAN_POINT('',(0.0134399546326026,0.0127870406872768,-0.0470742392359505));
#12805=CARTESIAN_POINT('',(0.0134875928650794,0.0127965437615606,-0.0470742392359505));
#12806=CARTESIAN_POINT('',(0.0135370278142891,0.0128014401335458,-0.0470742392359505));
#12807=CARTESIAN_POINT('',(0.0135853681198213,0.0128062280846117,-0.0470742392359505));
#12808=CARTESIAN_POINT('',(0.0136350449546187,0.0128062554068736,-0.0470742392359505));
#12809=CARTESIAN_POINT('',(0.0136836217896386,0.0128062821241355,-0.0470742392359505));
#12810=CARTESIAN_POINT('',(0.0137330620949483,0.0128014401335458,-0.0470742392359505));
#12811=CARTESIAN_POINT('',(0.0137814076379796,0.0127967053597019,-0.0470742392359505));
#12812=CARTESIAN_POINT('',(0.0138301352766348,0.0127870406872768,-0.0470742392359505));
#12813=CARTESIAN_POINT('',(0.0138777839336692,0.0127775900207877,-0.0470742392359505));
#12814=CARTESIAN_POINT('',(0.0139253296318732,0.0127631957426058,-0.0470742392359505));
#12815=CARTESIAN_POINT('',(0.013971822520297,0.0127491201985558,-0.0470742392359505));
#12816=CARTESIAN_POINT('',(0.0140177283869838,0.0127301349393848,-0.0470742392359505));
#12817=CARTESIAN_POINT('',(0.0140626177548661,0.0127115700729576,-0.0470742392359505));
#12818=CARTESIAN_POINT('',(0.0141064416914447,0.0126881766712219,-0.0470742392359505));
#12819=CARTESIAN_POINT('',(0.014149295229633,0.0126653012722299,-0.0470742392359505));
#12820=CARTESIAN_POINT('',(0.0141906151876383,0.0126377250191761,-0.0470742392359505));
#12821=CARTESIAN_POINT('',(0.0142310201931338,0.0126107593902168,-0.0470742392359505));
#12822=CARTESIAN_POINT('',(0.0142694382387823,0.0125792658602363,-0.0470742392359505));
#12823=CARTESIAN_POINT('',(0.0142907112552936,0.0125618271183127,-0.0470742392359505));
#12824=CARTESIAN_POINT('',(0.014311783262634,0.0125424790566327,-0.0470742392359505));
#12825=CARTESIAN_POINT('',(0.0143270817850287,0.0125284321388366,-0.0470742392359505));
#12826=CARTESIAN_POINT('',(0.0143421517358052,0.0125133621880601,-0.0470742392359505));
#12827=COLOUR_RGB('',1.0,1.0,1.0);
#12828=CARTESIAN_POINT('',(0.0129279381734321,-0.0143566954970287,-0.0480742392359506));
#12829=CARTESIAN_POINT('',(0.0129279383093662,-0.0143566953610947,-0.0470742392359505));
#12830=CARTESIAN_POINT('',(0.0129279381734321,-0.0143566954970287,-0.0476742392359506));
#12831=VECTOR('',#15552,1.0);
#12832=CARTESIAN_POINT('',(0.0143421517358052,-0.0157709090594018,-0.0480742392359507));
#12833=CARTESIAN_POINT('',(0.0129279381734321,-0.0143566954970287,-0.0480742392359506));
#12834=CARTESIAN_POINT('',(0.0127422794636205,-0.0145423542068403,-0.0480742392359506));
#12835=CARTESIAN_POINT('',(0.0126349009067373,-0.0148018087691734,-0.0480742392359506));
#12836=CARTESIAN_POINT('',(0.0126351890023025,-0.0153257954279395,-0.0480742392359506));
#12837=CARTESIAN_POINT('',(0.0127425787963779,-0.0155857533372411,-0.0480742392359506));
#12838=CARTESIAN_POINT('',(0.0131132970750949,-0.0159560643066936,-0.0480742392359507));
#12839=CARTESIAN_POINT('',(0.0133730511644655,-0.0160639462458993,-0.0480742392359507));
#12840=CARTESIAN_POINT('',(0.0138970377909315,-0.0160636583110557,-0.0480742392359507));
#12841=CARTESIAN_POINT('',(0.0141563657765372,-0.0159566950186699,-0.0480742392359507));
#12842=CARTESIAN_POINT('',(0.0143421517358052,-0.0157709090594018,-0.0480742392359507));
#12843=CARTESIAN_POINT('',(0.0143421517358052,-0.0157709090594018,-0.0470742392359506));
#12844=CARTESIAN_POINT('',(0.0143421517358052,-0.0157709090594018,-0.0476742392359507));
#12845=VECTOR('',#15553,1.0);
#12846=CARTESIAN_POINT('',(0.0143421517358052,-0.0157709090594018,-0.0470742392359506));
#12847=CARTESIAN_POINT('',(0.0142727046816973,-0.0158403561135097,-0.0470742392359505));
#12848=CARTESIAN_POINT('',(0.0141906151876383,-0.0158952718905178,-0.0470742392359505));
#12849=CARTESIAN_POINT('',(0.0141502398687731,-0.0159222819486604,-0.0470742392359505));
#12850=CARTESIAN_POINT('',(0.0141064416914447,-0.0159457235425636,-0.0470742392359505));
#12851=CARTESIAN_POINT('',(0.0140636133421168,-0.0159686460665984,-0.0470742392359505));
#12852=CARTESIAN_POINT('',(0.0140177283869838,-0.0159876818107266,-0.0470742392359505));
#12853=CARTESIAN_POINT('',(0.013972859467609,-0.0160062960442166,-0.0470742392359505));
#12854=CARTESIAN_POINT('',(0.0139253296318731,-0.0160207426139475,-0.0470742392359505));
#12855=CARTESIAN_POINT('',(0.0138788522546734,-0.0160348692916485,-0.0470742392359505));
#12856=CARTESIAN_POINT('',(0.0138301352766348,-0.0160445875586185,-0.0470742392359505));
#12857=CARTESIAN_POINT('',(0.0137824970441588,-0.0160540906329022,-0.0470742392359505));
#12858=CARTESIAN_POINT('',(0.0137330620949482,-0.0160589870048875,-0.0470742392359505));
#12859=CARTESIAN_POINT('',(0.0136847217894161,-0.0160637749559534,-0.0470742392359505));
#12860=CARTESIAN_POINT('',(0.0136350449546187,-0.0160638022782153,-0.0470742392359505));
#12861=CARTESIAN_POINT('',(0.0135864681195987,-0.0160638289954772,-0.0470742392359505));
#12862=CARTESIAN_POINT('',(0.0135370278142891,-0.0160589870048875,-0.0470742392359505));
#12863=CARTESIAN_POINT('',(0.0134886822712577,-0.0160542522310436,-0.0470742392359505));
#12864=CARTESIAN_POINT('',(0.0134399546326025,-0.0160445875586185,-0.0470742392359505));
#12865=CARTESIAN_POINT('',(0.0133923059755679,-0.0160351368921293,-0.0470742392359505));
#12866=CARTESIAN_POINT('',(0.0133447602773642,-0.0160207426139475,-0.0470742392359505));
#12867=CARTESIAN_POINT('',(0.0132982673889397,-0.0160066670698973,-0.0470742392359505));
#12868=CARTESIAN_POINT('',(0.0132523615222536,-0.0159876818107266,-0.0470742392359505));
#12869=CARTESIAN_POINT('',(0.0132074721543709,-0.0159691169442991,-0.0470742392359505));
#12870=CARTESIAN_POINT('',(0.0131636482177927,-0.0159457235425636,-0.0470742392359505));
#12871=CARTESIAN_POINT('',(0.0131207946796043,-0.0159228481435716,-0.0470742392359505));
#12872=CARTESIAN_POINT('',(0.0130794747215991,-0.0158952718905178,-0.0470742392359505));
#12873=CARTESIAN_POINT('',(0.0130390697161031,-0.0158683062615581,-0.0470742392359505));
#12874=CARTESIAN_POINT('',(0.013000651670455,-0.015836812731578,-0.0470742392359505));
#12875=CARTESIAN_POINT('',(0.0129630843199416,-0.0158060165663981,-0.0470742392359505));
#12876=CARTESIAN_POINT('',(0.0129279381734321,-0.0157709090594018,-0.0470742392359505));
#12877=CARTESIAN_POINT('',(0.0128935702720239,-0.0157365789419078,-0.0470742392359505));
#12878=CARTESIAN_POINT('',(0.0128620345012559,-0.0156981955623789,-0.0470742392359505));
#12879=CARTESIAN_POINT('',(0.0128311970306307,-0.015660662110369,-0.0470742392359505));
#12880=CARTESIAN_POINT('',(0.0128035753423161,-0.0156193725112349,-0.0470742392359505));
#12881=CARTESIAN_POINT('',(0.0127765652841735,-0.0155789971923697,-0.0470742392359505));
#12882=CARTESIAN_POINT('',(0.0127531236902703,-0.0155351990150413,-0.0470742392359505));
#12883=CARTESIAN_POINT('',(0.0127302011662356,-0.0154923706657134,-0.0470742392359505));
#12884=CARTESIAN_POINT('',(0.0127111654221074,-0.0154464857105804,-0.0470742392359505));
#12885=CARTESIAN_POINT('',(0.0126925511886174,-0.0154016167912056,-0.0470742392359505));
#12886=CARTESIAN_POINT('',(0.0126781046188865,-0.0153540869554697,-0.0470742392359505));
#12887=CARTESIAN_POINT('',(0.0126639779411854,-0.01530760957827,-0.0470742392359505));
#12888=CARTESIAN_POINT('',(0.0126542596742154,-0.0152588926002314,-0.0470742392359505));
#12889=CARTESIAN_POINT('',(0.0126447565999317,-0.0152112543677554,-0.0470742392359505));
#12890=CARTESIAN_POINT('',(0.0126398602279465,-0.0151618194185448,-0.0470742392359505));
#12891=CARTESIAN_POINT('',(0.0126350722768806,-0.0151134791130127,-0.0470742392359505));
#12892=CARTESIAN_POINT('',(0.0126350449546187,-0.0150638022782153,-0.0470742392359505));
#12893=CARTESIAN_POINT('',(0.0126350182373567,-0.0150152254431954,-0.0470742392359505));
#12894=CARTESIAN_POINT('',(0.0126398602279465,-0.0149657851378857,-0.0470742392359505));
#12895=CARTESIAN_POINT('',(0.0126445950017904,-0.0149174395948544,-0.0470742392359505));
#12896=CARTESIAN_POINT('',(0.0126542596742154,-0.0148687119561991,-0.0470742392359505));
#12897=CARTESIAN_POINT('',(0.0126637103407046,-0.0148210632991645,-0.0470742392359505));
#12898=CARTESIAN_POINT('',(0.0126781046188865,-0.0147735176009608,-0.0470742392359505));
#12899=CARTESIAN_POINT('',(0.0126921801629366,-0.0147270247125363,-0.0470742392359505));
#12900=CARTESIAN_POINT('',(0.0127111654221074,-0.0146811188458502,-0.0470742392359505));
#12901=CARTESIAN_POINT('',(0.0127297302885347,-0.0146362294779679,-0.0470742392359505));
#12902=CARTESIAN_POINT('',(0.0127531236902703,-0.0145924055413893,-0.0470742392359505));
#12903=CARTESIAN_POINT('',(0.0127759990892619,-0.0145495520032016,-0.0470742392359505));
#12904=CARTESIAN_POINT('',(0.0128035753423161,-0.0145082320451957,-0.0470742392359505));
#12905=CARTESIAN_POINT('',(0.0128305409712755,-0.0144678270397,-0.0470742392359505));
#12906=CARTESIAN_POINT('',(0.0128620345012559,-0.0144294089940516,-0.0470742392359505));
#12907=CARTESIAN_POINT('',(0.0128794732431796,-0.0144081359775403,-0.0470742392359505));
#12908=CARTESIAN_POINT('',(0.0128988213048596,-0.0143870639702,-0.0470742392359505));
#12909=CARTESIAN_POINT('',(0.0129128682226552,-0.0143717654478056,-0.0470742392359505));
#12910=CARTESIAN_POINT('',(0.0129279381734321,-0.0143566954970287,-0.0470742392359505));
#12911=COLOUR_RGB('',1.0,1.0,1.0);
#12912=CARTESIAN_POINT('',(0.0129279381734321,-0.0143566954970287,-0.0470742392359505));
#12913=CARTESIAN_POINT('',(0.0135530259042531,-0.0137316077662078,-0.0470742392359505));
#12914=CARTESIAN_POINT('',(0.0141142042726035,-0.0130478525506165,-0.0470742392359505));
#12915=CARTESIAN_POINT('',(0.0143941884380526,-0.0127067121143386,-0.0470742392359505));
#12916=CARTESIAN_POINT('',(0.0146577516787259,-0.0123513609165347,-0.0470742392359505));
#12917=CARTESIAN_POINT('',(0.0149206596231543,-0.011996893227011,-0.0470742392359505));
#12918=CARTESIAN_POINT('',(0.0151664691335201,-0.0116290376300237,-0.0470742392359505));
#12919=CARTESIAN_POINT('',(0.0154116674886662,-0.0112620966309616,-0.0470742392359505));
#12920=CARTESIAN_POINT('',(0.0156391310920792,-0.0108826228311489,-0.0470742392359505));
#12921=CARTESIAN_POINT('',(0.0158660291536336,-0.0105040925155454,-0.0470742392359505));
#12922=CARTESIAN_POINT('',(0.0160745988703447,-0.0101139146985388,-0.0470742392359505));
#12923=CARTESIAN_POINT('',(0.016282650021001,-0.00972470697908241,-0.0470742392359505));
#12924=CARTESIAN_POINT('',(0.0164718233882963,-0.00932476511741594,-0.0470742392359505));
#12925=CARTESIAN_POINT('',(0.0166605264145996,-0.00892581762961203,-0.0470742392359505));
#12926=CARTESIAN_POINT('',(0.0168298476972774,-0.00851707521824248,-0.0470742392359505));
#12927=CARTESIAN_POINT('',(0.0169987479971134,-0.00810934906152907,-0.0470742392359505));
#12928=CARTESIAN_POINT('',(0.0171478092853686,-0.00769279079673083,-0.0470742392359505));
#12929=CARTESIAN_POINT('',(0.0172964999631217,-0.00727726821912881,-0.0470742392359505));
#12930=CARTESIAN_POINT('',(0.017424942155254,-0.00685389762625119,-0.0470742392359505));
#12931=CARTESIAN_POINT('',(0.0175530650020567,-0.006431579658055,-0.0470742392359505));
#12932=CARTESIAN_POINT('',(0.0176605786695761,-0.00600241667392961,-0.0470742392359505));
#12933=CARTESIAN_POINT('',(0.0177678250262773,-0.00557432071608138,-0.0470742392359505));
#12934=CARTESIAN_POINT('',(0.0178541511593324,-0.00514039923196117,-0.0470742392359505));
#12935=CARTESIAN_POINT('',(0.0179402626600632,-0.00470755660511622,-0.0470742392359505));
#12936=CARTESIAN_POINT('',(0.0180051932914403,-0.00426992197586738,-0.0470742392359505));
#12937=CARTESIAN_POINT('',(0.0180699624860446,-0.00383337543587223,-0.0470742392359505));
#12938=CARTESIAN_POINT('',(0.0181133411921738,-0.00339308196160295,-0.0470742392359505));
#12939=CARTESIAN_POINT('',(0.0181566120459957,-0.00295388318727631,-0.0470742392359505));
#12940=CARTESIAN_POINT('',(0.0181783343237674,-0.00251199157356438,-0.0470742392359505));
#12941=CARTESIAN_POINT('',(0.0182000025935268,-0.00207119863320128,-0.0470742392359505));
#12942=CARTESIAN_POINT('',(0.0182000161120743,-0.00162877343567086,-0.0470742392359505));
#12943=CARTESIAN_POINT('',(0.0182000295970106,-0.00118744823810668,-0.0470742392359505));
#12944=CARTESIAN_POINT('',(0.0181783343237674,-0.000745555297777338,-0.0470742392359505));
#12945=CARTESIAN_POINT('',(0.0181566929913925,-0.000304761034042759,-0.0470742392359505));
#12946=CARTESIAN_POINT('',(0.0181133411921738,0.000135535090261234,-0.0470742392359505));
#12947=CARTESIAN_POINT('',(0.0180700971783507,0.000574736508167721,-0.0470742392359505));
#12948=CARTESIAN_POINT('',(0.0180051932914403,0.00101237510452566,-0.0470742392359505));
#12949=CARTESIAN_POINT('',(0.0179404507747927,0.00144892560187041,-0.0470742392359505));
#12950=CARTESIAN_POINT('',(0.0178541511593324,0.00188285236061945,-0.0470742392359505));
#12951=CARTESIAN_POINT('',(0.0177680661102566,0.00231570024902513,-0.0470742392359505));
#12952=CARTESIAN_POINT('',(0.0176605786695761,0.00274486980258789,-0.0470742392359505));
#12953=CARTESIAN_POINT('',(0.017553358474488,0.00317297231361152,-0.0470742392359505));
#12954=CARTESIAN_POINT('',(0.017424942155254,0.00359635075490947,-0.0470742392359505));
#12955=CARTESIAN_POINT('',(0.0172968451169942,0.00401867655210431,-0.0470742392359505));
#12956=CARTESIAN_POINT('',(0.0171478092853687,0.00443524392538911,-0.0470742392359505));
#12957=CARTESIAN_POINT('',(0.0169991440009256,0.00485077558890654,-0.0470742392359505));
#12958=CARTESIAN_POINT('',(0.0168298476972774,0.00525952834690077,-0.0470742392359505));
#12959=CARTESIAN_POINT('',(0.0166609723143454,0.00566726482456335,-0.0470742392359505));
#12960=CARTESIAN_POINT('',(0.0164718233882963,0.00606721824607423,-0.0470742392359505));
#12961=CARTESIAN_POINT('',(0.0162831447424565,0.00646617726501162,-0.0470742392359505));
#12962=CARTESIAN_POINT('',(0.0160745988703447,0.00685636782719711,-0.0470742392359505));
#12963=CARTESIAN_POINT('',(0.0158665715049806,0.00724558826018576,-0.0470742392359505));
#12964=CARTESIAN_POINT('',(0.0156391310920792,0.00762507595980715,-0.0470742392359505));
#12965=CARTESIAN_POINT('',(0.0154122561633492,0.00800362014070798,-0.0470742392359505));
#12966=CARTESIAN_POINT('',(0.0151664691335201,0.00837149075868199,-0.0470742392359505));
#12967=CARTESIAN_POINT('',(0.0149212932029912,0.00873844674142344,-0.0470742392359505));
#12968=CARTESIAN_POINT('',(0.0146577516787259,0.00909381404519295,-0.0470742392359505));
#12969=CARTESIAN_POINT('',(0.0143948653966898,0.00944829780066788,-0.0470742392359505));
#12970=CARTESIAN_POINT('',(0.0141142042726036,0.00979030567927477,-0.0470742392359505));
#12971=CARTESIAN_POINT('',(0.0138342409551529,0.0101314632250545,-0.0470742392359505));
#12972=CARTESIAN_POINT('',(0.0135371363684636,0.0104592877515755,-0.0470742392359505));
#12973=CARTESIAN_POINT('',(0.0132405855729607,0.0107865012261585,-0.0470742392359505));
#12974=CARTESIAN_POINT('',(0.0129279381734321,0.011099148625687,-0.0470742392359505));
#12975=CARTESIAN_POINT('',(0.0143421517358052,0.0125133621880601,-0.0470742392359505));
#12976=CARTESIAN_POINT('',(0.0145733778720139,0.0122821360518514,-0.0470742392359505));
#12977=CARTESIAN_POINT('',(0.014797297566031,0.0120430726047866,-0.0470742392359505));
#12978=CARTESIAN_POINT('',(0.0152445046176411,0.0115656208121745,-0.0470742392359505));
#12979=CARTESIAN_POINT('',(0.015660225179329,0.0110590922476021,-0.0470742392359505));
#12980=CARTESIAN_POINT('',(0.0159713563081038,0.0106799991293493,-0.0470742392359505));
#12981=CARTESIAN_POINT('',(0.0162641667416872,0.0102852126541778,-0.0470742392359505));
#12982=CARTESIAN_POINT('',(0.0165563218817161,0.00989130968930143,-0.0470742392359505));
#12983=CARTESIAN_POINT('',(0.0168294083581252,0.0094826312247212,-0.0470742392359505));
#12984=CARTESIAN_POINT('',(0.0171018836821039,0.00907486735994163,-0.0470742392359505));
#12985=CARTESIAN_POINT('',(0.0173545883120797,0.00865328144819359,-0.0470742392359505));
#12986=CARTESIAN_POINT('',(0.0176067274030927,0.00823263902236147,-0.0470742392359505));
#12987=CARTESIAN_POINT('',(0.0178384413990414,0.00779916130084911,-0.0470742392359505));
#12988=CARTESIAN_POINT('',(0.0180696368319085,0.00736665367845456,-0.0470742392359505));
#12989=CARTESIAN_POINT('',(0.0182798019745432,0.00692232843293479,-0.0470742392359505));
#12990=CARTESIAN_POINT('',(0.0184894967792293,0.00647899756270402,-0.0470742392359505));
#12991=CARTESIAN_POINT('',(0.0186776067623,0.00602489521163095,-0.0470742392359505));
#12992=CARTESIAN_POINT('',(0.018865295765654,0.00557180911645226,-0.0470742392359505));
#12993=CARTESIAN_POINT('',(0.0190308974157347,0.00510902363217356,-0.0470742392359505));
#12994=CARTESIAN_POINT('',(0.0191961284584975,0.00464727383616856,-0.0470742392359505));
#12995=CARTESIAN_POINT('',(0.0193388228267185,0.0041769201094184,-0.0470742392359505));
#12996=CARTESIAN_POINT('',(0.0194811978528396,0.00370761900828096,-0.0470742392359505));
#12997=CARTESIAN_POINT('',(0.0196006411759652,0.00323083016239442,-0.0470742392359505));
#12998=CARTESIAN_POINT('',(0.019719817191541,0.00275510834356973,-0.0470742392359505));
#12999=CARTESIAN_POINT('',(0.0198157217201389,0.00227303300465171,-0.0470742392359505));
#13000=CARTESIAN_POINT('',(0.0199114116197084,0.00179203652366796,-0.0470742392359505));
#13001=CARTESIAN_POINT('',(0.0199835463113699,0.00130583605343639,-0.0470742392359505));
#13002=CARTESIAN_POINT('',(0.0200555195695882,0.00082072367291831,-0.0470742392359505));
#13003=CARTESIAN_POINT('',(0.0201037106455182,0.000331569370920358,-0.0470742392359505));
#13004=CARTESIAN_POINT('',(0.0201517938724951,-0.000156490230899934,-0.0470742392359505));
#13005=CARTESIAN_POINT('',(0.0201759252361777,-0.000647419949122499,-0.0470742392359505));
#13006=CARTESIAN_POINT('',(0.0202000025952069,-0.00113725099386559,-0.0470742392359505));
#13007=CARTESIAN_POINT('',(0.0202000161120743,-0.00162877343567086,-0.0470742392359505));
#13008=CARTESIAN_POINT('',(0.0202000295986916,-0.00211919587743714,-0.0470742392359505));
#13009=CARTESIAN_POINT('',(0.0201759252361777,-0.00261012692221921,-0.0470742392359505));
#13010=CARTESIAN_POINT('',(0.0201518748178969,-0.00309995929041678,-0.0470742392359505));
#13011=CARTESIAN_POINT('',(0.0201037106455182,-0.00358911624226207,-0.0470742392359505));
#13012=CARTESIAN_POINT('',(0.0200556542618981,-0.00407717848785718,-0.0470742392359505));
#13013=CARTESIAN_POINT('',(0.0199835463113699,-0.0045633829247781,-0.0470742392359505));
#13014=CARTESIAN_POINT('',(0.0199115997344474,-0.0050484992630565,-0.0470742392359505));
#13015=CARTESIAN_POINT('',(0.0198157217201389,-0.00553057987599343,-0.0470742392359505));
#13016=CARTESIAN_POINT('',(0.01972005827552,-0.00601158161919926,-0.0470742392359505));
#13017=CARTESIAN_POINT('',(0.0196006411759652,-0.00648837703373614,-0.0470742392359505));
#13018=CARTESIAN_POINT('',(0.0194814913252648,-0.00696410540654426,-0.0470742392359505));
#13019=CARTESIAN_POINT('',(0.0193388228267185,-0.00743446698076011,-0.0470742392359505));
#13020=CARTESIAN_POINT('',(0.0191964736123667,-0.00790377591183529,-0.0470742392359505));
#13021=CARTESIAN_POINT('',(0.0190308974157347,-0.00836657050351527,-0.0470742392359505));
#13022=CARTESIAN_POINT('',(0.0188656917694579,-0.00882832938653749,-0.0470742392359505));
#13023=CARTESIAN_POINT('',(0.0186776067623,-0.00928244208297266,-0.0470742392359505));
#13024=CARTESIAN_POINT('',(0.0184899426789749,-0.0097355385003349,-0.0470742392359505));
#13025=CARTESIAN_POINT('',(0.0182798019745431,-0.0101798753042765,-0.0470742392359505));
#13026=CARTESIAN_POINT('',(0.0180701315533832,-0.0106232177070311,-0.0470742392359505));
#13027=CARTESIAN_POINT('',(0.0178384413990414,-0.0110567081721908,-0.0470742392359505));
#13028=CARTESIAN_POINT('',(0.0176072697544462,-0.0114892285096733,-0.0470742392359505));
#13029=CARTESIAN_POINT('',(0.0173545883120797,-0.0119108283195353,-0.0470742392359505));
#13030=CARTESIAN_POINT('',(0.0171024723567789,-0.0123314846123857,-0.0470742392359506));
#13031=CARTESIAN_POINT('',(0.0168294083581252,-0.0127401780960629,-0.0470742392359506));
#13032=CARTESIAN_POINT('',(0.0165569554615299,-0.0131479569464293,-0.0470742392359506));
#13033=CARTESIAN_POINT('',(0.0162641667416872,-0.0135427595255195,-0.0470742392359505));
#13034=CARTESIAN_POINT('',(0.0159720332667375,-0.0139366785583656,-0.0470742392359505));
#13035=CARTESIAN_POINT('',(0.015660225179329,-0.0143166391189438,-0.0470742392359506));
#13036=CARTESIAN_POINT('',(0.0153491149011611,-0.0146957493488187,-0.0470742392359506));
#13037=CARTESIAN_POINT('',(0.0150190386191735,-0.0150599525326112,-0.0470742392359506));
#13038=CARTESIAN_POINT('',(0.0146895161417516,-0.0154235446534554,-0.0470742392359506));
#13039=CARTESIAN_POINT('',(0.0143421517358052,-0.0157709090594018,-0.0470742392359506));
#13040=COLOUR_RGB('',1.0,1.0,1.0);
#13041=CARTESIAN_POINT('',(0.0129279381734321,0.011099148625687,-0.0480742392359505));
#13042=CARTESIAN_POINT('',(0.0145945360209288,0.00943255077819038,-0.0480742392359505));
#13043=CARTESIAN_POINT('',(0.0159280571966336,0.0074368313604587,-0.0480742392359505));
#13044=CARTESIAN_POINT('',(0.0177316381695537,0.003082225401834,-0.0480742392359506));
#13045=CARTESIAN_POINT('',(0.0182000881164655,0.000727892498324553,-0.0480742392359506));
#13046=CARTESIAN_POINT('',(0.0181999441076854,-0.00398543929589714,-0.0480742392359506));
#13047=CARTESIAN_POINT('',(0.0177317712716601,-0.00633982726021525,-0.0480742392359506));
#13048=CARTESIAN_POINT('',(0.0159279241268022,-0.0106943231668371,-0.0480742392359506));
#13049=CARTESIAN_POINT('',(0.0145945958268776,-0.0126900377509623,-0.0480742392359506));
#13050=CARTESIAN_POINT('',(0.0129279385277283,-0.0143566951427326,-0.0480742392359506));
#13051=COLOUR_RGB('',1.0,1.0,1.0);
#13052=CARTESIAN_POINT('',(0.0143421517358052,-0.0157709090594018,-0.0480742392359507));
#13053=CARTESIAN_POINT('',(0.0161939289703354,-0.0139191318248716,-0.0480742392359507));
#13054=CARTESIAN_POINT('',(0.0176756098100952,-0.0117016648983683,-0.0480742392359507));
#13055=CARTESIAN_POINT('',(0.0196796037475155,-0.00686321918787591,-0.0480742392359506));
#13056=CARTESIAN_POINT('',(0.0202000881373504,-0.00424729139300978,-0.0480742392359506));
#13057=CARTESIAN_POINT('',(0.0201999440867914,0.000989744767531353,-0.0480742392359506));
#13058=CARTESIAN_POINT('',(0.0196797367656145,0.00360572761321958,-0.0480742392359506));
#13059=CARTESIAN_POINT('',(0.017675476584599,0.00844406323101588,-0.0480742392359506));
#13060=CARTESIAN_POINT('',(0.0161939685174422,0.0106615454064231,-0.0480742392359506));
#13061=CARTESIAN_POINT('',(0.0143421517358052,0.0125133621880601,-0.0480742392359506));
#13062=COLOUR_RGB('',1.0,1.0,1.0);
#13063=COLOUR_RGB('',1.0,1.0,1.0);
#13064=CARTESIAN_POINT('',(0.0100995110486859,0.00827072150094083,-0.0480742392359506));
#13065=CARTESIAN_POINT('',(0.010099511048686,0.00827072150094082,-0.0470742392359505));
#13066=CARTESIAN_POINT('',(0.0100995110486859,0.00827072150094082,-0.0476742392359506));
#13067=VECTOR('',#15554,1.0);
#13068=CARTESIAN_POINT('',(0.00868529748631285,0.00685650793856773,-0.0480742392359506));
#13069=CARTESIAN_POINT('',(0.0100995110486859,0.00827072150094083,-0.0480742392359506));
#13070=CARTESIAN_POINT('',(0.00991385233887437,0.0084563802107524,-0.0480742392359506));
#13071=CARTESIAN_POINT('',(0.00965439777654129,0.00856375876763567,-0.0480742392359506));
#13072=CARTESIAN_POINT('',(0.00913041111777511,0.00856347067207048,-0.0480742392359506));
#13073=CARTESIAN_POINT('',(0.00887045320847448,0.00845608087799636,-0.0480742392359505));
#13074=CARTESIAN_POINT('',(0.00850014223902015,0.00808536259927669,-0.0480742392359505));
#13075=CARTESIAN_POINT('',(0.00839226029981541,0.00782560850990725,-0.0480742392359506));
#13076=CARTESIAN_POINT('',(0.00839254823465901,0.00730162188344171,-0.0480742392359506));
#13077=CARTESIAN_POINT('',(0.00849951152704489,0.00704229389783569,-0.0480742392359506));
#13078=CARTESIAN_POINT('',(0.00868529748631285,0.00685650793856773,-0.0480742392359506));
#13079=CARTESIAN_POINT('',(0.00868529748631285,0.00685650793856772,-0.0470742392359505));
#13080=CARTESIAN_POINT('',(0.00868529748631285,0.00685650793856773,-0.0476742392359506));
#13081=VECTOR('',#15555,1.0);
#13082=CARTESIAN_POINT('',(0.00868529748631285,0.00685650793856772,-0.0470742392359505));
#13083=CARTESIAN_POINT('',(0.00861585043220543,0.00692595499267515,-0.0470742392359505));
#13084=CARTESIAN_POINT('',(0.00856093465519686,0.00700804448673467,-0.0470742392359505));
#13085=CARTESIAN_POINT('',(0.00853392459705458,0.00704841980559925,-0.0470742392359505));
#13086=CARTESIAN_POINT('',(0.00851048300315105,0.00709221798292827,-0.0470742392359505));
#13087=CARTESIAN_POINT('',(0.00848756047911609,0.00713504633225653,-0.0470742392359505));
#13088=CARTESIAN_POINT('',(0.00846852473498812,0.00718093128738918,-0.0470742392359505));
#13089=CARTESIAN_POINT('',(0.00844991050149777,0.00722580020676481,-0.0470742392359505));
#13090=CARTESIAN_POINT('',(0.00843546393176719,0.00727333004249981,-0.0470742392359505));
#13091=CARTESIAN_POINT('',(0.0084213372540658,0.0073198074197008,-0.0470742392359505));
#13092=CARTESIAN_POINT('',(0.00841161898709617,0.00736852439773814,-0.0470742392359505));
#13093=CARTESIAN_POINT('',(0.00840211591281237,0.00741616263021496,-0.0470742392359505));
#13094=CARTESIAN_POINT('',(0.00839721954082721,0.00746559757942471,-0.0470742392359505));
#13095=CARTESIAN_POINT('',(0.0083924315897613,0.00751393788495684,-0.0470742392359505));
#13096=CARTESIAN_POINT('',(0.0083924042674994,0.00756361471975427,-0.0470742392359505));
#13097=CARTESIAN_POINT('',(0.00839237755023745,0.00761219155477414,-0.0470742392359505));
#13098=CARTESIAN_POINT('',(0.00839721954082721,0.00766163186008383,-0.0470742392359505));
#13099=CARTESIAN_POINT('',(0.0084019543146711,0.00770997740311517,-0.0470742392359505));
#13100=CARTESIAN_POINT('',(0.00841161898709617,0.0077587050417704,-0.0470742392359505));
#13101=CARTESIAN_POINT('',(0.00842106965358542,0.00780635369880556,-0.0470742392359505));
#13102=CARTESIAN_POINT('',(0.00843546393176719,0.00785389939700874,-0.0470742392359505));
#13103=CARTESIAN_POINT('',(0.00844953947581741,0.00790039228543329,-0.0470742392359505));
#13104=CARTESIAN_POINT('',(0.00846852473498812,0.00794629815211936,-0.0470742392359505));
#13105=CARTESIAN_POINT('',(0.00848708960141537,0.00799118752000165,-0.0470742392359505));
#13106=CARTESIAN_POINT('',(0.00851048300315105,0.00803501145658027,-0.0470742392359505));
#13107=CARTESIAN_POINT('',(0.00853335840214333,0.00807786499476919,-0.0470742392359505));
#13108=CARTESIAN_POINT('',(0.00856093465519686,0.00811918495277388,-0.0470742392359505));
#13109=CARTESIAN_POINT('',(0.0085879002841566,0.00815958995826986,-0.0470742392359505));
#13110=CARTESIAN_POINT('',(0.00861939381413667,0.00819800800391792,-0.0470742392359505));
#13111=CARTESIAN_POINT('',(0.0086501899793158,0.00823557535443043,-0.0470742392359505));
#13112=CARTESIAN_POINT('',(0.00868529748631285,0.00827072150094082,-0.0470742392359505));
#13113=CARTESIAN_POINT('',(0.00871962760380646,0.00830508940234864,-0.0470742392359505));
#13114=CARTESIAN_POINT('',(0.00875801098333576,0.00833662517311701,-0.0470742392359505));
#13115=CARTESIAN_POINT('',(0.00879554443534552,0.00836746264374207,-0.0470742392359505));
#13116=CARTESIAN_POINT('',(0.0088368340344798,0.00839508433205682,-0.0470742392359505));
#13117=CARTESIAN_POINT('',(0.00887720935334535,0.00842209439019969,-0.0470742392359505));
#13118=CARTESIAN_POINT('',(0.00892100753067341,0.00844553598410263,-0.0470742392359505));
#13119=CARTESIAN_POINT('',(0.00896383588000166,0.00846845850813751,-0.0470742392359505));
#13120=CARTESIAN_POINT('',(0.00900972083513431,0.00848749425226556,-0.0470742392359505));
#13121=CARTESIAN_POINT('',(0.00905458975450854,0.0085061084857554,-0.0470742392359505));
#13122=CARTESIAN_POINT('',(0.00910211959024494,0.00852055505548648,-0.0470742392359505));
#13123=CARTESIAN_POINT('',(0.00914859696744518,0.00853468173318772,-0.0470742392359505));
#13124=CARTESIAN_POINT('',(0.00919731394548328,0.0085444000001575,-0.0470742392359505));
#13125=CARTESIAN_POINT('',(0.00924495217796009,0.0085539030744413,-0.0470742392359505));
#13126=CARTESIAN_POINT('',(0.00929438712716984,0.00855879944642647,-0.0470742392359505));
#13127=CARTESIAN_POINT('',(0.00934272743270196,0.00856358739749238,-0.0470742392359505));
#13128=CARTESIAN_POINT('',(0.0093924042674994,0.00856361471975427,-0.0470742392359505));
#13129=CARTESIAN_POINT('',(0.00944098110251928,0.00856364143701623,-0.0470742392359505));
#13130=CARTESIAN_POINT('',(0.00949042140782897,0.00855879944642647,-0.0470742392359505));
#13131=CARTESIAN_POINT('',(0.0095387669508603,0.00855406467258257,-0.0470742392359505));
#13132=CARTESIAN_POINT('',(0.00958749458951553,0.0085444000001575,-0.0470742392359505));
#13133=CARTESIAN_POINT('',(0.00963514324655091,0.00853494933366821,-0.0470742392359505));
#13134=CARTESIAN_POINT('',(0.00968268894475387,0.00852055505548648,-0.0470742392359505));
#13135=CARTESIAN_POINT('',(0.00972918183317864,0.00850647951143618,-0.0470742392359505));
#13136=CARTESIAN_POINT('',(0.00977508769986449,0.00848749425226556,-0.0470742392359505));
#13137=CARTESIAN_POINT('',(0.00981997706774678,0.0084689293858383,-0.0470742392359505));
#13138=CARTESIAN_POINT('',(0.0098638010043254,0.00844553598410263,-0.0470742392359505));
#13139=CARTESIAN_POINT('',(0.00990665454251374,0.00842266058511066,-0.0470742392359505));
#13140=CARTESIAN_POINT('',(0.009947974500519,0.00839508433205682,-0.0470742392359505));
#13141=CARTESIAN_POINT('',(0.00998837950601449,0.00836811870309749,-0.0470742392359505));
#13142=CARTESIAN_POINT('',(0.010026797551663,0.00833662517311701,-0.0470742392359505));
#13143=CARTESIAN_POINT('',(0.0100480705681739,0.00831918643119379,-0.0470742392359505));
#13144=CARTESIAN_POINT('',(0.0100691425755147,0.00829983836951338,-0.0470742392359505));
#13145=CARTESIAN_POINT('',(0.010084441097909,0.00828579145171775,-0.0470742392359505));
#13146=CARTESIAN_POINT('',(0.010099511048686,0.00827072150094082,-0.0470742392359505));
#13147=COLOUR_RGB('',1.0,1.0,1.0);
#13148=CARTESIAN_POINT('',(0.00868529748631284,-0.0101140548099094,-0.0480742392359506));
#13149=CARTESIAN_POINT('',(0.00868529762222566,-0.0101140546739966,-0.0470742392359505));
#13150=CARTESIAN_POINT('',(0.00868529748631284,-0.0101140548099094,-0.0476742392359506));
#13151=VECTOR('',#15556,1.0);
#13152=CARTESIAN_POINT('',(0.0100995110486859,-0.0115282683722825,-0.0480742392359506));
#13153=CARTESIAN_POINT('',(0.00868529748631284,-0.0101140548099094,-0.0480742392359506));
#13154=CARTESIAN_POINT('',(0.00849963877650127,-0.010299713519721,-0.0480742392359506));
#13155=CARTESIAN_POINT('',(0.00839226021961797,-0.0105591680820541,-0.0480742392359506));
#13156=CARTESIAN_POINT('',(0.00839254831518321,-0.0110831547408202,-0.0480742392359506));
#13157=CARTESIAN_POINT('',(0.00849993810925938,-0.011343112650123,-0.0480742392359506));
#13158=CARTESIAN_POINT('',(0.00887065638797489,-0.0117134236195731,-0.0480742392359506));
#13159=CARTESIAN_POINT('',(0.00913041047734642,-0.01182130555878,-0.0480742392359506));
#13160=CARTESIAN_POINT('',(0.00965439710381195,-0.0118210176239364,-0.0480742392359506));
#13161=CARTESIAN_POINT('',(0.00991372508941796,-0.0117140543315505,-0.0480742392359506));
#13162=CARTESIAN_POINT('',(0.0100995110486859,-0.0115282683722825,-0.0480742392359506));
#13163=CARTESIAN_POINT('',(0.0100995110486859,-0.0115282683722825,-0.0470742392359505));
#13164=CARTESIAN_POINT('',(0.0100995110486859,-0.0115282683722825,-0.0476742392359506));
#13165=VECTOR('',#15557,1.0);
#13166=CARTESIAN_POINT('',(0.0100995110486859,-0.0115282683722825,-0.0470742392359505));
#13167=CARTESIAN_POINT('',(0.0100300639945782,-0.0115977154263903,-0.0470742392359505));
#13168=CARTESIAN_POINT('',(0.00994797450051899,-0.0116526312033985,-0.0470742392359505));
#13169=CARTESIAN_POINT('',(0.00990759918165402,-0.011679641261541,-0.0470742392359505));
#13170=CARTESIAN_POINT('',(0.00986380100432538,-0.0117030828554443,-0.0470742392359505));
#13171=CARTESIAN_POINT('',(0.00982097265499713,-0.0117260053794793,-0.0470742392359505));
#13172=CARTESIAN_POINT('',(0.00977508769986448,-0.0117450411236073,-0.0470742392359505));
#13173=CARTESIAN_POINT('',(0.00973021878048954,-0.0117636553570973,-0.0470742392359505));
#13174=CARTESIAN_POINT('',(0.00968268894475385,-0.0117781019268282,-0.0470742392359505));
#13175=CARTESIAN_POINT('',(0.00963621156755361,-0.0117922286045294,-0.0470742392359505));
#13176=CARTESIAN_POINT('',(0.00958749458951551,-0.0118019468714992,-0.0470742392359505));
#13177=CARTESIAN_POINT('',(0.0095398563570387,-0.011811449945783,-0.0470742392359505));
#13178=CARTESIAN_POINT('',(0.00949042140782894,-0.0118163463177682,-0.0470742392359505));
#13179=CARTESIAN_POINT('',(0.00944208110229682,-0.0118211342688341,-0.0470742392359505));
#13180=CARTESIAN_POINT('',(0.00939240426749938,-0.011821161591096,-0.0470742392359505));
#13181=CARTESIAN_POINT('',(0.00934382743247951,-0.0118211883083579,-0.0470742392359505));
#13182=CARTESIAN_POINT('',(0.00929438712716982,-0.0118163463177682,-0.0470742392359505));
#13183=CARTESIAN_POINT('',(0.00924604158413849,-0.0118116115439243,-0.0470742392359505));
#13184=CARTESIAN_POINT('',(0.00919731394548325,-0.0118019468714992,-0.0470742392359505));
#13185=CARTESIAN_POINT('',(0.00914966528844787,-0.0117924962050099,-0.0470742392359505));
#13186=CARTESIAN_POINT('',(0.00910211959024492,-0.0117781019268282,-0.0470742392359505));
#13187=CARTESIAN_POINT('',(0.00905562670182015,-0.0117640263827779,-0.0470742392359505));
#13188=CARTESIAN_POINT('',(0.00900972083513429,-0.0117450411236073,-0.0470742392359505));
#13189=CARTESIAN_POINT('',(0.00896483146725237,-0.0117264762571802,-0.0470742392359505));
#13190=CARTESIAN_POINT('',(0.00892100753067339,-0.0117030828554443,-0.0470742392359505));
#13191=CARTESIAN_POINT('',(0.00887815399248477,-0.0116802074564523,-0.0470742392359505));
#13192=CARTESIAN_POINT('',(0.00883683403447978,-0.0116526312033985,-0.0470742392359505));
#13193=CARTESIAN_POINT('',(0.00879642902898287,-0.0116256655744382,-0.0470742392359505));
#13194=CARTESIAN_POINT('',(0.00875801098333574,-0.0115941720444587,-0.0470742392359505));
#13195=CARTESIAN_POINT('',(0.00872044363282245,-0.0115633758792788,-0.0470742392359505));
#13196=CARTESIAN_POINT('',(0.00868529748631284,-0.0115282683722825,-0.0470742392359505));
#13197=CARTESIAN_POINT('',(0.00865092958490502,-0.0114939382547889,-0.0470742392359505));
#13198=CARTESIAN_POINT('',(0.00861939381413665,-0.0114555548752596,-0.0470742392359505));
#13199=CARTESIAN_POINT('',(0.00858855634351144,-0.0114180214232497,-0.0470742392359505));
#13200=CARTESIAN_POINT('',(0.00856093465519684,-0.0113767318241156,-0.0470742392359505));
#13201=CARTESIAN_POINT('',(0.00853392459705387,-0.0113363565052498,-0.0470742392359505));
#13202=CARTESIAN_POINT('',(0.00851048300315103,-0.011292558327922,-0.0470742392359505));
#13203=CARTESIAN_POINT('',(0.00848756047911615,-0.0112497299785937,-0.0470742392359505));
#13204=CARTESIAN_POINT('',(0.0084685247349881,-0.0112038450234611,-0.0470742392359505));
#13205=CARTESIAN_POINT('',(0.00844991050149825,-0.0111589761040868,-0.0470742392359505));
#13206=CARTESIAN_POINT('',(0.00843546393176717,-0.0111114462683504,-0.0470742392359505));
#13207=CARTESIAN_POINT('',(0.00842133725406594,-0.0110649688911502,-0.0470742392359505));
#13208=CARTESIAN_POINT('',(0.00841161898709615,-0.0110162519131121,-0.0470742392359505));
#13209=CARTESIAN_POINT('',(0.00840211591281236,-0.0109686136806353,-0.0470742392359505));
#13210=CARTESIAN_POINT('',(0.00839721954082719,-0.0109191787314255,-0.0470742392359505));
#13211=CARTESIAN_POINT('',(0.00839243158976128,-0.0108708384258934,-0.0470742392359505));
#13212=CARTESIAN_POINT('',(0.00839240426749938,-0.010821161591096,-0.0470742392359505));
#13213=CARTESIAN_POINT('',(0.00839237755023743,-0.0107725847560761,-0.0470742392359505));
#13214=CARTESIAN_POINT('',(0.00839721954082719,-0.0107231444507664,-0.0470742392359505));
#13215=CARTESIAN_POINT('',(0.00840195431467108,-0.0106747989077351,-0.0470742392359505));
#13216=CARTESIAN_POINT('',(0.00841161898709615,-0.0106260712690798,-0.0470742392359505));
#13217=CARTESIAN_POINT('',(0.0084210696535853,-0.0105784226120452,-0.0470742392359505));
#13218=CARTESIAN_POINT('',(0.00843546393176718,-0.0105308769138415,-0.0470742392359505));
#13219=CARTESIAN_POINT('',(0.0084495394758172,-0.0104843840254174,-0.0470742392359505));
#13220=CARTESIAN_POINT('',(0.0084685247349881,-0.0104384781587309,-0.0470742392359505));
#13221=CARTESIAN_POINT('',(0.00848708960141562,-0.010393588790848,-0.0470742392359505));
#13222=CARTESIAN_POINT('',(0.00851048300315103,-0.01034976485427,-0.0470742392359505));
#13223=CARTESIAN_POINT('',(0.00853335840214339,-0.0103069113160811,-0.0470742392359505));
#13224=CARTESIAN_POINT('',(0.00856093465519684,-0.0102655913580764,-0.0470742392359505));
#13225=CARTESIAN_POINT('',(0.00858790028415678,-0.01022518635258,-0.0470742392359505));
#13226=CARTESIAN_POINT('',(0.00861939381413665,-0.0101867683069323,-0.0470742392359505));
#13227=CARTESIAN_POINT('',(0.00863683255606061,-0.0101654952904207,-0.0470742392359505));
#13228=CARTESIAN_POINT('',(0.00865618061774028,-0.0101444232830807,-0.0470742392359505));
#13229=CARTESIAN_POINT('',(0.00867022753553593,-0.0101291247606863,-0.0470742392359505));
#13230=CARTESIAN_POINT('',(0.00868529748631284,-0.0101140548099094,-0.0470742392359505));
#13231=COLOUR_RGB('',1.0,1.0,1.0);
#13232=CARTESIAN_POINT('',(0.00868529748631284,-0.0101140548099094,-0.0470742392359505));
#13233=CARTESIAN_POINT('',(0.00910195761522152,-0.00969739468100075,-0.0470742392359505));
#13234=CARTESIAN_POINT('',(0.00947614155242711,-0.0092414928456346,-0.0470742392359505));
#13235=CARTESIAN_POINT('',(0.00966268482524916,-0.00901421045321044,-0.0470742392359505));
#13236=CARTESIAN_POINT('',(0.00983850648984201,-0.00877716508958006,-0.0470742392359505));
#13237=CARTESIAN_POINT('',(0.0100136728447041,-0.00854100322420221,-0.0470742392359505));
#13238=CARTESIAN_POINT('',(0.0101776514597048,-0.00829561623190609,-0.0470742392359505));
#13239=CARTESIAN_POINT('',(0.0103410189055237,-0.00805114382818193,-0.0470742392359505));
#13240=CARTESIAN_POINT('',(0.0104927594320775,-0.00779800636598952,-0.0470742392359505));
#13241=CARTESIAN_POINT('',(0.0106439344023672,-0.00754581237935179,-0.0470742392359505));
#13242=CARTESIAN_POINT('',(0.0107830712842545,-0.00728553427758283,-0.0470742392359505));
#13243=CARTESIAN_POINT('',(0.0109216895852686,-0.00702622626543698,-0.0470742392359505));
#13244=CARTESIAN_POINT('',(0.0110478876295556,-0.00675943455683424,-0.0470742392359505));
#13245=CARTESIAN_POINT('',(0.0111736153176648,-0.00649363721489561,-0.0470742392359505));
#13246=CARTESIAN_POINT('',(0.0112865705022097,-0.00622097462405193,-0.0470742392359505));
#13247=CARTESIAN_POINT('',(0.0113991046884004,-0.00594932828139978,-0.0470742392359505));
#13248=CARTESIAN_POINT('',(0.0114985448942705,-0.0056714516763775,-0.0470742392359505));
#13249=CARTESIAN_POINT('',(0.0115976144738307,-0.0053946107528468,-0.0470742392359505));
#13250=CARTESIAN_POINT('',(0.0116833001408608,-0.0051121895627244,-0.0470742392359505));
#13251=CARTESIAN_POINT('',(0.0117686664464982,-0.00483082099234228,-0.0470742392359505));
#13252=CARTESIAN_POINT('',(0.0118403911504088,-0.00454453559451002,-0.0470742392359505));
#13253=CARTESIAN_POINT('',(0.0119118485272162,-0.00425931721880419,-0.0470742392359505));
#13254=CARTESIAN_POINT('',(0.011969439476913,-0.00396985729986439,-0.0470742392359505));
#13255=CARTESIAN_POINT('',(0.0120268157778095,-0.00368147623488843,-0.0470742392359505));
#13256=CARTESIAN_POINT('',(0.0120701342316517,-0.0033895391291352,-0.0470742392359505));
#13257=CARTESIAN_POINT('',(0.0121132912321011,-0.00309869011014441,-0.0470742392359505));
#13258=CARTESIAN_POINT('',(0.0121422328321406,-0.00280497911962558,-0.0470742392359505));
#13259=CARTESIAN_POINT('',(0.0121710665631506,-0.0025123628273784,-0.0470742392359505));
#13260=CARTESIAN_POINT('',(0.0121855615865364,-0.00221758552759987,-0.0470742392359505));
#13261=CARTESIAN_POINT('',(0.0122000025851236,-0.00192390690036558,-0.0470742392359505));
#13262=CARTESIAN_POINT('',(0.0122000161120743,-0.00162877343567085,-0.0470742392359505));
#13263=CARTESIAN_POINT('',(0.0122000295886083,-0.00133473997097992,-0.0470742392359505));
#13264=CARTESIAN_POINT('',(0.0121855615865364,-0.00103996134374184,-0.0470742392359505));
#13265=CARTESIAN_POINT('',(0.0121711475085497,-0.000746281393968473,-0.0470742392359505));
#13266=CARTESIAN_POINT('',(0.0121422328321406,-0.000452567751716125,-0.0470742392359505));
#13267=CARTESIAN_POINT('',(0.0121134259244112,-0.000159948817596558,-0.0470742392359505));
#13268=CARTESIAN_POINT('',(0.0120701342316517,0.000131992257793493,-0.0470742392359505));
#13269=CARTESIAN_POINT('',(0.0120270038925428,0.000422845231625973,-0.0470742392359505));
#13270=CARTESIAN_POINT('',(0.011969439476913,0.000712310428522689,-0.0470742392359505));
#13271=CARTESIAN_POINT('',(0.011912089611189,0.00100069675177818,-0.0470742392359505));
#13272=CARTESIAN_POINT('',(0.0118403911504088,0.00128698872316831,-0.0470742392359505));
#13273=CARTESIAN_POINT('',(0.0117689599189213,0.00157221364792788,-0.0470742392359505));
#13274=CARTESIAN_POINT('',(0.0116833001408608,0.0018546426913827,-0.0470742392359505));
#13275=CARTESIAN_POINT('',(0.0115979596277016,0.00213601908582634,-0.0470742392359505));
#13276=CARTESIAN_POINT('',(0.0114985448942705,0.00241390480503579,-0.0470742392359505));
#13277=CARTESIAN_POINT('',(0.0113995006922096,0.00269075480878623,-0.0470742392359505));
#13278=CARTESIAN_POINT('',(0.0112865705022097,0.00296342775271023,-0.0470742392359505));
#13279=CARTESIAN_POINT('',(0.0111740612174074,0.00323508440985273,-0.0470742392359505));
#13280=CARTESIAN_POINT('',(0.0110478876295556,0.00350188768549254,-0.0470742392359505));
#13281=CARTESIAN_POINT('',(0.0109221843067362,0.00376769655134192,-0.0470742392359505));
#13282=CARTESIAN_POINT('',(0.0107830712842545,0.00402798740624113,-0.0470742392359505));
#13283=CARTESIAN_POINT('',(0.0106444767537256,0.0042873081239727,-0.0470742392359505));
#13284=CARTESIAN_POINT('',(0.0104927594320775,0.00454045949464782,-0.0470742392359505));
#13285=CARTESIAN_POINT('',(0.0103416075802039,0.0047926673379332,-0.0470742392359505));
#13286=CARTESIAN_POINT('',(0.0101776514597048,0.00503806936056438,-0.0470742392359505));
#13287=CARTESIAN_POINT('',(0.010014306424541,0.00528255673861372,-0.0470742392359505));
#13288=CARTESIAN_POINT('',(0.00983850648984202,0.00551961821823835,-0.0470742392359505));
#13289=CARTESIAN_POINT('',(0.00966336178388229,0.00575579613954609,-0.0470742392359505));
#13290=CARTESIAN_POINT('',(0.00947614155242713,0.0059839459742929,-0.0470742392359505));
#13291=CARTESIAN_POINT('',(0.00928961911461347,0.00621124546555515,-0.0470742392359505));
#13292=CARTESIAN_POINT('',(0.0090914296163338,0.00642993402249337,-0.0470742392359505));
#13293=CARTESIAN_POINT('',(0.00889379384245031,0.00664801158243027,-0.0470742392359505));
#13294=CARTESIAN_POINT('',(0.00868529748631286,0.00685650793856772,-0.0470742392359505));
#13295=CARTESIAN_POINT('',(0.010099511048686,0.00827072150094082,-0.0470742392359505));
#13296=CARTESIAN_POINT('',(0.010585647047785,0.00778458550184176,-0.0470742392359505));
#13297=CARTESIAN_POINT('',(0.0110221624591526,0.00725273254262019,-0.0470742392359505));
#13298=CARTESIAN_POINT('',(0.0112398526968202,0.0069874974693969,-0.0470742392359505));
#13299=CARTESIAN_POINT('',(0.0114449215528033,0.00671101682722322,-0.0470742392359505));
#13300=CARTESIAN_POINT('',(0.0116493351048403,0.00643541968759292,-0.0470742392359505));
#13301=CARTESIAN_POINT('',(0.0118405906843099,0.00614920982660359,-0.0470742392359505));
#13302=CARTESIAN_POINT('',(0.0120312351005771,0.00586391455820126,-0.0470742392359505));
#13303=CARTESIAN_POINT('',(0.0122082166520781,0.00556866498303426,-0.0470742392359505));
#13304=CARTESIAN_POINT('',(0.0123846326534875,0.0052743588871331,-0.0470742392359505));
#13305=CARTESIAN_POINT('',(0.0125469138129513,0.00497078087989312,-0.0470742392359505));
#13306=CARTESIAN_POINT('',(0.0127086763978978,0.00466817296566362,-0.0470742392359505));
#13307=CARTESIAN_POINT('',(0.0128558662158025,0.0043569978723531,-0.0470742392359505));
#13308=CARTESIAN_POINT('',(0.0130025856840449,0.00404681714877621,-0.0470742392359505));
#13309=CARTESIAN_POINT('',(0.0131343295672323,0.00372879461744041,-0.0470742392359505));
#13310=CARTESIAN_POINT('',(0.0132656524587246,0.00341178833703996,-0.0470742392359505));
#13311=CARTESIAN_POINT('',(0.0133816330246366,0.00308768451182024,-0.0470742392359505));
#13312=CARTESIAN_POINT('',(0.0134972429710303,0.00276461637048937,-0.0470742392359505));
#13313=CARTESIAN_POINT('',(0.0135971808123252,0.00243521204589163,-0.0470742392359505));
#13314=CARTESIAN_POINT('',(0.0136967992991256,0.00210686034310555,-0.0470742392359505));
#13315=CARTESIAN_POINT('',(0.0137804536567979,0.00177294908297484,-0.0470742392359505));
#13316=CARTESIAN_POINT('',(0.0138638406943518,0.00144010484672772,-0.0470742392359505));
#13317=CARTESIAN_POINT('',(0.0139310100377195,0.00110249107255495,-0.0470742392359505));
#13318=CARTESIAN_POINT('',(0.0139979647393499,0.00076595615375595,-0.0470742392359505));
#13319=CARTESIAN_POINT('',(0.0140484872515812,0.000425453206704218,-0.0470742392359505));
#13320=CARTESIAN_POINT('',(0.0140988483175472,8.60383474514219E-05,-0.0470742392359505));
#13321=CARTESIAN_POINT('',(0.014132602285485,-0.000256533471057002,-0.0470742392359505));
#13322=CARTESIAN_POINT('',(0.0141662483915653,-0.000598010590632486,-0.0470742392359505));
#13323=CARTESIAN_POINT('',(0.0141831524989467,-0.000941825995087002,-0.0470742392359505));
#13324=CARTESIAN_POINT('',(0.0142000025887253,-0.00128454272668551,-0.0470742392359505));
#13325=CARTESIAN_POINT('',(0.0142000161120743,-0.00162877343567085,-0.0470742392359505));
#13326=CARTESIAN_POINT('',(0.0142000295922089,-0.00197190414466796,-0.0470742392359505));
#13327=CARTESIAN_POINT('',(0.0141831524989467,-0.0023157208762547,-0.0470742392359505));
#13328=CARTESIAN_POINT('',(0.0141663293369645,-0.00265843893070833,-0.0470742392359505));
#13329=CARTESIAN_POINT('',(0.014132602285485,-0.0030010134002847,-0.0470742392359505));
#13330=CARTESIAN_POINT('',(0.0140989830098558,-0.00334249316240451,-0.0470742392359505));
#13331=CARTESIAN_POINT('',(0.0140484872515812,-0.00368300007804592,-0.0470742392359505));
#13332=CARTESIAN_POINT('',(0.0139981528540832,-0.00402241889317722,-0.0470742392359505));
#13333=CARTESIAN_POINT('',(0.0139310100377195,-0.00436003794389665,-0.0470742392359505));
#13334=CARTESIAN_POINT('',(0.0138640817783244,-0.0046965781223859,-0.0470742392359505));
#13335=CARTESIAN_POINT('',(0.0137804536567979,-0.00503049595431655,-0.0470742392359505));
#13336=CARTESIAN_POINT('',(0.013697092771548,-0.00536334674137705,-0.0470742392359505));
#13337=CARTESIAN_POINT('',(0.0135971808123252,-0.00569275891723333,-0.0470742392359505));
#13338=CARTESIAN_POINT('',(0.0134975881248968,-0.00602111844616631,-0.0470742392359505));
#13339=CARTESIAN_POINT('',(0.0133816330246366,-0.00634523138316194,-0.0470742392359505));
#13340=CARTESIAN_POINT('',(0.0132660484625272,-0.00666830860712659,-0.0470742392359505));
#13341=CARTESIAN_POINT('',(0.0131343295672323,-0.00698634148878211,-0.0470742392359505));
#13342=CARTESIAN_POINT('',(0.0130030315837819,-0.00730335808642966,-0.0470742392359505));
#13343=CARTESIAN_POINT('',(0.0128558662158025,-0.0076145447436948,-0.0470742392359505));
#13344=CARTESIAN_POINT('',(0.0127091711193542,-0.00792473699427458,-0.0470742392359505));
#13345=CARTESIAN_POINT('',(0.0125469138129512,-0.00822832775123482,-0.0470742392359505));
#13346=CARTESIAN_POINT('',(0.0123851750048385,-0.00853094837444963,-0.0470742392359505));
#13347=CARTESIAN_POINT('',(0.0122082166520781,-0.00882621185437596,-0.0470742392359505));
#13348=CARTESIAN_POINT('',(0.0120318237752573,-0.00912053181063628,-0.0470742392359505));
#13349=CARTESIAN_POINT('',(0.0118405906843099,-0.00940675669794529,-0.0470742392359505));
#13350=CARTESIAN_POINT('',(0.0116499686846714,-0.00969206694469631,-0.0470742392359505));
#13351=CARTESIAN_POINT('',(0.0114449215528033,-0.00996856369856492,-0.0470742392359505));
#13352=CARTESIAN_POINT('',(0.0112405296554511,-0.0102441768984183,-0.0470742392359505));
#13353=CARTESIAN_POINT('',(0.0110221624591526,-0.0105102794139619,-0.0470742392359505));
#13354=CARTESIAN_POINT('',(0.0108044930620593,-0.0107755315905946,-0.0470742392359505));
#13355=CARTESIAN_POINT('',(0.0105733318670437,-0.0110305988035291,-0.0470742392359505));
#13356=CARTESIAN_POINT('',(0.0103427244250264,-0.0112850549959421,-0.0470742392359505));
#13357=CARTESIAN_POINT('',(0.0100995110486859,-0.0115282683722825,-0.0470742392359505));
#13358=COLOUR_RGB('',1.0,1.0,1.0);
#13359=CARTESIAN_POINT('',(0.00868529748631285,0.00685650793856773,-0.0480742392359505));
#13360=CARTESIAN_POINT('',(0.00979635703540339,0.00574544838947719,-0.0480742392359506));
#13361=CARTESIAN_POINT('',(0.0106853995627944,0.00441497092243438,-0.0480742392359506));
#13362=CARTESIAN_POINT('',(0.011887741364731,0.00151188476864875,-0.0480742392359506));
#13363=CARTESIAN_POINT('',(0.0122000881000911,-5.76642343290662E-05,-0.0480742392359506));
#13364=CARTESIAN_POINT('',(0.0121999441240722,-0.00319988231544858,-0.0480742392359506));
#13365=CARTESIAN_POINT('',(0.0118878745318831,-0.00476948639103038,-0.0480742392359506));
#13366=CARTESIAN_POINT('',(0.0106852666028291,-0.00767246254255983,-0.0480742392359506));
#13367=CARTESIAN_POINT('',(0.00979641038630604,-0.00900294181728015,-0.0480742392359506));
#13368=CARTESIAN_POINT('',(0.0086852978405537,-0.0101140544556685,-0.0480742392359506));
#13369=COLOUR_RGB('',1.0,1.0,1.0);
#13370=CARTESIAN_POINT('',(0.0100995110486859,-0.0115282683722825,-0.0480742392359506));
#13371=CARTESIAN_POINT('',(0.0113957501028246,-0.0102320293181438,-0.0480742392359506));
#13372=CARTESIAN_POINT('',(0.0124329521212243,-0.00867980461604377,-0.0480742392359506));
#13373=CARTESIAN_POINT('',(0.0138357070484686,-0.00529287827646221,-0.0480742392359506));
#13374=CARTESIAN_POINT('',(0.0142000881383242,-0.00346173475930117,-0.0480742392359506));
#13375=CARTESIAN_POINT('',(0.0141999440858141,0.000204188149927891,-0.0480742392359506));
#13376=CARTESIAN_POINT('',(0.0138358400624129,0.0020353867235454,-0.0480742392359506));
#13377=CARTESIAN_POINT('',(0.012432818872706,0.0054222029925449,-0.0480742392359506));
#13378=CARTESIAN_POINT('',(0.0113958052973732,0.00697442725225354,-0.0480742392359506));
#13379=CARTESIAN_POINT('',(0.0100995110486859,0.00827072150094083,-0.0480742392359506));
#13380=COLOUR_RGB('',1.0,1.0,1.0);
#13381=COLOUR_RGB('',1.0,1.0,1.0);
#13382=CARTESIAN_POINT('',(0.00656397714275321,0.00473518759500809,-0.0480742392359506));
#13383=CARTESIAN_POINT('',(0.00656397714275321,0.00473518759500808,-0.0470742392359505));
#13384=CARTESIAN_POINT('',(0.00656397714275321,0.00473518759500809,-0.0476742392359506));
#13385=VECTOR('',#15558,1.0);
#13386=CARTESIAN_POINT('',(0.00514976358038011,0.00332097403263499,-0.0480742392359506));
#13387=CARTESIAN_POINT('',(0.00656397714275321,0.00473518759500809,-0.0480742392359506));
#13388=CARTESIAN_POINT('',(0.00637831843294201,0.00492084630481929,-0.0480742392359506));
#13389=CARTESIAN_POINT('',(0.00611886387060758,0.00502822486170295,-0.0480742392359506));
#13390=CARTESIAN_POINT('',(0.00559487721184335,0.00502793676613773,-0.0480742392359506));
#13391=CARTESIAN_POINT('',(0.00533491930254079,0.00492054697206248,-0.0480742392359506));
#13392=CARTESIAN_POINT('',(0.00496460833308835,0.0045498286933451,-0.0480742392359506));
#13393=CARTESIAN_POINT('',(0.00485672639388267,0.00429007460397353,-0.0480742392359506));
#13394=CARTESIAN_POINT('',(0.00485701432872627,0.00376608797750994,-0.0480742392359506));
#13395=CARTESIAN_POINT('',(0.00496397762111255,0.00350675999190255,-0.0480742392359506));
#13396=CARTESIAN_POINT('',(0.00514976358038011,0.00332097403263499,-0.0480742392359506));
#13397=CARTESIAN_POINT('',(0.00514976358038011,0.00332097403263499,-0.0470742392359505));
#13398=CARTESIAN_POINT('',(0.00514976358038011,0.00332097403263499,-0.0476742392359506));
#13399=VECTOR('',#15559,1.0);
#13400=CARTESIAN_POINT('',(0.00514976358038011,0.00332097403263499,-0.0470742392359505));
#13401=CARTESIAN_POINT('',(0.00508031652627246,0.00339042108674265,-0.0470742392359505));
#13402=CARTESIAN_POINT('',(0.00502540074926412,0.00347251058080193,-0.0470742392359505));
#13403=CARTESIAN_POINT('',(0.00499839069112139,0.00351288589966725,-0.0470742392359505));
#13404=CARTESIAN_POINT('',(0.00497494909721831,0.00355668407699554,-0.0470742392359505));
#13405=CARTESIAN_POINT('',(0.00495202657318325,0.0035995124263241,-0.0470742392359505));
#13406=CARTESIAN_POINT('',(0.00493299082905538,0.00364539738145645,-0.0470742392359505));
#13407=CARTESIAN_POINT('',(0.00491437659556519,0.00369026630083162,-0.0470742392359505));
#13408=CARTESIAN_POINT('',(0.00489993002583445,0.00373779613656707,-0.0470742392359505));
#13409=CARTESIAN_POINT('',(0.00488580334813312,0.00378427351376781,-0.0470742392359505));
#13410=CARTESIAN_POINT('',(0.00487608508116343,0.00383299049180541,-0.0470742392359505));
#13411=CARTESIAN_POINT('',(0.00486658200687963,0.00388062872428222,-0.0470742392359505));
#13412=CARTESIAN_POINT('',(0.00486168563489447,0.00393006367349198,-0.0470742392359505));
#13413=CARTESIAN_POINT('',(0.00485689768382856,0.0039784039790241,-0.0470742392359505));
#13414=CARTESIAN_POINT('',(0.00485687036156666,0.00402808081382154,-0.0470742392359505));
#13415=CARTESIAN_POINT('',(0.00485684364430471,0.00407665764884105,-0.0470742392359505));
#13416=CARTESIAN_POINT('',(0.00486168563489447,0.0041260979541511,-0.0470742392359505));
#13417=CARTESIAN_POINT('',(0.0048664204087383,0.00417444349718216,-0.0470742392359505));
#13418=CARTESIAN_POINT('',(0.00487608508116343,0.00422317113583767,-0.0470742392359505));
#13419=CARTESIAN_POINT('',(0.00488553574765265,0.00427081979287263,-0.0470742392359505));
#13420=CARTESIAN_POINT('',(0.00489993002583445,0.004318365491076,-0.0470742392359505));
#13421=CARTESIAN_POINT('',(0.00491400556988453,0.00436485837950017,-0.0470742392359505));
#13422=CARTESIAN_POINT('',(0.00493299082905538,0.00441076424618663,-0.0470742392359505));
#13423=CARTESIAN_POINT('',(0.00495155569548256,0.00445565361406878,-0.0470742392359505));
#13424=CARTESIAN_POINT('',(0.00497494909721831,0.00449947755064753,-0.0470742392359505));
#13425=CARTESIAN_POINT('',(0.00499782449621044,0.00454233108883617,-0.0470742392359505));
#13426=CARTESIAN_POINT('',(0.00502540074926412,0.00458365104684114,-0.0470742392359505));
#13427=CARTESIAN_POINT('',(0.00505236637822396,0.00462405605233733,-0.0470742392359505));
#13428=CARTESIAN_POINT('',(0.00508385990820393,0.00466247409798518,-0.0470742392359505));
#13429=CARTESIAN_POINT('',(0.00511465607338363,0.0047000414484983,-0.0470742392359505));
#13430=CARTESIAN_POINT('',(0.00514976358038012,0.00473518759500809,-0.0470742392359505));
#13431=CARTESIAN_POINT('',(0.00518409369787392,0.00476955549641608,-0.0470742392359505));
#13432=CARTESIAN_POINT('',(0.00522247707740302,0.00480109126718428,-0.0470742392359505));
#13433=CARTESIAN_POINT('',(0.00526001052941279,0.00483192873780934,-0.0470742392359505));
#13434=CARTESIAN_POINT('',(0.00530130012854706,0.00485955042612408,-0.0470742392359505));
#13435=CARTESIAN_POINT('',(0.00534167544741232,0.00488656048426676,-0.0470742392359505));
#13436=CARTESIAN_POINT('',(0.00538547362474067,0.00491000207816989,-0.0470742392359505));
#13437=CARTESIAN_POINT('',(0.00542830197406905,0.00493292460220488,-0.0470742392359505));
#13438=CARTESIAN_POINT('',(0.00547418692920157,0.00495196034633283,-0.0470742392359505));
#13439=CARTESIAN_POINT('',(0.00551905584857675,0.00497057457982301,-0.0470742392359505));
#13440=CARTESIAN_POINT('',(0.0055665856843122,0.00498502114955375,-0.0470742392359505));
#13441=CARTESIAN_POINT('',(0.00561306306151293,0.00499914782725508,-0.0470742392359505));
#13442=CARTESIAN_POINT('',(0.00566178003955053,0.00500886609422477,-0.0470742392359505));
#13443=CARTESIAN_POINT('',(0.00570941827202735,0.00501836916850857,-0.0470742392359505));
#13444=CARTESIAN_POINT('',(0.0057588532212371,0.00502326554049373,-0.0470742392359505));
#13445=CARTESIAN_POINT('',(0.00580719352676923,0.00502805349155964,-0.0470742392359505));
#13446=CARTESIAN_POINT('',(0.00585687036156666,0.00502808081382154,-0.0470742392359505));
#13447=CARTESIAN_POINT('',(0.00590544719658617,0.00502810753108349,-0.0470742392359505));
#13448=CARTESIAN_POINT('',(0.00595488750189622,0.00502326554049373,-0.0470742392359505));
#13449=CARTESIAN_POINT('',(0.00600323304492729,0.0050185307666499,-0.0470742392359505));
#13450=CARTESIAN_POINT('',(0.00605196068358279,0.00500886609422477,-0.0470742392359505));
#13451=CARTESIAN_POINT('',(0.00609960934061739,0.00499941542773562,-0.0470742392359505));
#13452=CARTESIAN_POINT('',(0.00614715503882113,0.00498502114955375,-0.0470742392359505));
#13453=CARTESIAN_POINT('',(0.0061936479272453,0.00497094560550371,-0.0470742392359505));
#13454=CARTESIAN_POINT('',(0.00623955379393175,0.00495196034633282,-0.0470742392359505));
#13455=CARTESIAN_POINT('',(0.00628444316181422,0.00493339547990547,-0.0470742392359505));
#13456=CARTESIAN_POINT('',(0.00632826709839266,0.00491000207816989,-0.0470742392359505));
#13457=CARTESIAN_POINT('',(0.006371120636581,0.00488712667917792,-0.0470742392359505));
#13458=CARTESIAN_POINT('',(0.00641244059458626,0.00485955042612408,-0.0470742392359505));
#13459=CARTESIAN_POINT('',(0.00645284560008199,0.00483258479716459,-0.0470742392359505));
#13460=CARTESIAN_POINT('',(0.00649126364573031,0.00480109126718428,-0.0470742392359505));
#13461=CARTESIAN_POINT('',(0.00651253666224161,0.00478365252526066,-0.0470742392359505));
#13462=CARTESIAN_POINT('',(0.00653360866958194,0.00476430446358065,-0.0470742392359505));
#13463=CARTESIAN_POINT('',(0.00654890719197651,0.00475025754578479,-0.0470742392359505));
#13464=CARTESIAN_POINT('',(0.00656397714275321,0.00473518759500808,-0.0470742392359505));
#13465=COLOUR_RGB('',1.0,1.0,1.0);
#13466=CARTESIAN_POINT('',(0.0051497635803801,-0.00657852090397668,-0.0480742392359506));
#13467=CARTESIAN_POINT('',(0.00514976371624745,-0.00657852076810933,-0.0470742392359505));
#13468=CARTESIAN_POINT('',(0.0051497635803801,-0.00657852090397668,-0.0476742392359506));
#13469=VECTOR('',#15560,1.0);
#13470=CARTESIAN_POINT('',(0.0065639771427532,-0.00799273446634978,-0.0480742392359506));
#13471=CARTESIAN_POINT('',(0.0051497635803801,-0.00657852090397668,-0.0480742392359506));
#13472=CARTESIAN_POINT('',(0.00496410487056846,-0.00676417961378832,-0.0480742392359506));
#13473=CARTESIAN_POINT('',(0.00485672631368524,-0.00702363417612114,-0.0480742392359506));
#13474=CARTESIAN_POINT('',(0.00485701440925046,-0.0075476208348877,-0.0480742392359506));
#13475=CARTESIAN_POINT('',(0.00496440420332568,-0.00780757874418907,-0.0480742392359506));
#13476=CARTESIAN_POINT('',(0.00533512248204312,-0.00817788971364155,-0.0480742392359506));
#13477=CARTESIAN_POINT('',(0.0055948765714147,-0.00828577165284722,-0.0480742392359506));
#13478=CARTESIAN_POINT('',(0.00611886319787821,-0.00828548371800362,-0.0480742392359506));
#13479=CARTESIAN_POINT('',(0.00637819118348564,-0.00817852042561734,-0.0480742392359506));
#13480=CARTESIAN_POINT('',(0.0065639771427532,-0.00799273446634978,-0.0480742392359506));
#13481=CARTESIAN_POINT('',(0.0065639771427532,-0.00799273446634978,-0.0470742392359505));
#13482=CARTESIAN_POINT('',(0.0065639771427532,-0.00799273446634978,-0.0476742392359506));
#13483=VECTOR('',#15561,1.0);
#13484=CARTESIAN_POINT('',(0.0065639771427532,-0.00799273446634978,-0.0470742392359505));
#13485=CARTESIAN_POINT('',(0.00649453008864578,-0.0080621815204572,-0.0470742392359505));
#13486=CARTESIAN_POINT('',(0.00641244059458625,-0.00811709729746578,-0.0470742392359505));
#13487=CARTESIAN_POINT('',(0.00637206527572152,-0.00814410735560816,-0.0470742392359505));
#13488=CARTESIAN_POINT('',(0.00632826709839265,-0.00816754894951159,-0.0470742392359505));
#13489=CARTESIAN_POINT('',(0.00628543874906428,-0.00819047147354658,-0.0470742392359505));
#13490=CARTESIAN_POINT('',(0.00623955379393174,-0.00820950721767452,-0.0470742392359505));
#13491=CARTESIAN_POINT('',(0.00619468487455642,-0.00822812145116475,-0.0470742392359505));
#13492=CARTESIAN_POINT('',(0.00614715503882111,-0.00824256802089544,-0.0470742392359505));
#13493=CARTESIAN_POINT('',(0.00610067766162046,-0.00825669469859676,-0.0470742392359505));
#13494=CARTESIAN_POINT('',(0.00605196068358278,-0.00826641296556646,-0.0470742392359505));
#13495=CARTESIAN_POINT('',(0.00600432245110643,-0.00827591603985018,-0.0470742392359505));
#13496=CARTESIAN_POINT('',(0.00595488750189621,-0.00828081241183543,-0.0470742392359505));
#13497=CARTESIAN_POINT('',(0.00590654719636448,-0.00828560036290134,-0.0470742392359505));
#13498=CARTESIAN_POINT('',(0.00585687036156665,-0.00828562768516323,-0.0470742392359505));
#13499=CARTESIAN_POINT('',(0.00580829352654754,-0.00828565440242519,-0.0470742392359505));
#13500=CARTESIAN_POINT('',(0.00575885322123709,-0.00828081241183543,-0.0470742392359505));
#13501=CARTESIAN_POINT('',(0.00571050767820642,-0.00827607763799167,-0.0470742392359505));
#13502=CARTESIAN_POINT('',(0.00566178003955052,-0.00826641296556646,-0.0470742392359505));
#13503=CARTESIAN_POINT('',(0.00561413138251592,-0.00825696229907732,-0.0470742392359505));
#13504=CARTESIAN_POINT('',(0.00556658568431219,-0.00824256802089544,-0.0470742392359505));
#13505=CARTESIAN_POINT('',(0.00552009279588851,-0.00822849247684555,-0.0470742392359505));
#13506=CARTESIAN_POINT('',(0.00547418692920156,-0.00820950721767452,-0.0470742392359505));
#13507=CARTESIAN_POINT('',(0.00542929756131972,-0.00819094235124748,-0.0470742392359505));
#13508=CARTESIAN_POINT('',(0.00538547362474065,-0.00816754894951159,-0.0470742392359505));
#13509=CARTESIAN_POINT('',(0.00534262008655247,-0.00814467355051972,-0.0470742392359505));
#13510=CARTESIAN_POINT('',(0.00530130012854705,-0.00811709729746578,-0.0470742392359505));
#13511=CARTESIAN_POINT('',(0.00526089512305111,-0.00809013166850614,-0.0470742392359505));
#13512=CARTESIAN_POINT('',(0.00522247707740301,-0.00805863813852597,-0.0470742392359505));
#13513=CARTESIAN_POINT('',(0.00518490972688989,-0.00802784197334626,-0.0470742392359505));
#13514=CARTESIAN_POINT('',(0.0051497635803801,-0.00799273446634978,-0.0470742392359505));
#13515=CARTESIAN_POINT('',(0.00511539567897211,-0.00795840434885597,-0.0470742392359505));
#13516=CARTESIAN_POINT('',(0.00508385990820391,-0.00792002096932688,-0.0470742392359505));
#13517=CARTESIAN_POINT('',(0.00505302243757899,-0.00788248751731728,-0.0470742392359505));
#13518=CARTESIAN_POINT('',(0.00502540074926411,-0.00784119791818283,-0.0470742392359505));
#13519=CARTESIAN_POINT('',(0.00499839069112143,-0.00780082259931761,-0.0470742392359505));
#13520=CARTESIAN_POINT('',(0.0049749490972183,-0.00775702442198923,-0.0470742392359505));
#13521=CARTESIAN_POINT('',(0.00495202657318317,-0.00771419607266054,-0.0470742392359505));
#13522=CARTESIAN_POINT('',(0.00493299082905536,-0.00766831111752832,-0.0470742392359505));
#13523=CARTESIAN_POINT('',(0.00491437659556514,-0.007623442198153,-0.0470742392359505));
#13524=CARTESIAN_POINT('',(0.00489993002583444,-0.00757591236241769,-0.0470742392359505));
#13525=CARTESIAN_POINT('',(0.00488580334813313,-0.00752943498521704,-0.0470742392359505));
#13526=CARTESIAN_POINT('',(0.00487608508116342,-0.00748071800717936,-0.0470742392359505));
#13527=CARTESIAN_POINT('',(0.00486658200687964,-0.00743307977470266,-0.0470742392359505));
#13528=CARTESIAN_POINT('',(0.00486168563489445,-0.00738364482549279,-0.0470742392359505));
#13529=CARTESIAN_POINT('',(0.00485689768382855,-0.00733530451996071,-0.0470742392359505));
#13530=CARTESIAN_POINT('',(0.00485687036156665,-0.00728562768516323,-0.0470742392359505));
#13531=CARTESIAN_POINT('',(0.0048568436443047,-0.00723705085014332,-0.0470742392359505));
#13532=CARTESIAN_POINT('',(0.00486168563489445,-0.00718761054483367,-0.0470742392359505));
#13533=CARTESIAN_POINT('',(0.00486642040873837,-0.00713926500180222,-0.0470742392359505));
#13534=CARTESIAN_POINT('',(0.00487608508116342,-0.0070905373631471,-0.0470742392359505));
#13535=CARTESIAN_POINT('',(0.00488553574765264,-0.00704288870611213,-0.0470742392359505));
#13536=CARTESIAN_POINT('',(0.00489993002583444,-0.00699534300790877,-0.0470742392359505));
#13537=CARTESIAN_POINT('',(0.00491400556988458,-0.00694885011948439,-0.0470742392359505));
#13538=CARTESIAN_POINT('',(0.00493299082905537,-0.00690294425279814,-0.0470742392359505));
#13539=CARTESIAN_POINT('',(0.00495155569548258,-0.00685805488491598,-0.0470742392359505));
#13540=CARTESIAN_POINT('',(0.0049749490972183,-0.00681423094833723,-0.0470742392359505));
#13541=CARTESIAN_POINT('',(0.00499782449621022,-0.00677137741014895,-0.0470742392359505));
#13542=CARTESIAN_POINT('',(0.00502540074926411,-0.00673005745214363,-0.0470742392359505));
#13543=CARTESIAN_POINT('',(0.00505236637822381,-0.00668965244664761,-0.0470742392359505));
#13544=CARTESIAN_POINT('',(0.00508385990820392,-0.00665123440099958,-0.0470742392359505));
#13545=CARTESIAN_POINT('',(0.00510129865012769,-0.00662996138448811,-0.0470742392359505));
#13546=CARTESIAN_POINT('',(0.00512064671180754,-0.00660888937714796,-0.0470742392359505));
#13547=CARTESIAN_POINT('',(0.0051346936296034,-0.00659359085475339,-0.0470742392359505));
#13548=CARTESIAN_POINT('',(0.0051497635803801,-0.00657852090397668,-0.0470742392359505));
#13549=COLOUR_RGB('',1.0,1.0,1.0);
#13550=CARTESIAN_POINT('',(0.0051497635803801,-0.00657852090397668,-0.0470742392359505));
#13551=CARTESIAN_POINT('',(0.00539273400135569,-0.00633555048300109,-0.0470742392359505));
#13552=CARTESIAN_POINT('',(0.00561108928561343,-0.00606952642481637,-0.0470742392359505));
#13553=CARTESIAN_POINT('',(0.00573534777282786,-0.00591814127677636,-0.0470742392359505));
#13554=CARTESIAN_POINT('',(0.00585157167273061,-0.00575913900603075,-0.0470742392359505));
#13555=CARTESIAN_POINT('',(0.00593816163519713,-0.00564067799527931,-0.0470742392359505));
#13556=CARTESIAN_POINT('',(0.00602030339819209,-0.00551776506680807,-0.0470742392359505));
#13557=CARTESIAN_POINT('',(0.00612912520753252,-0.00535492941804809,-0.0470742392359505));
#13558=CARTESIAN_POINT('',(0.00622920450970114,-0.00518530085239656,-0.0470742392359505));
#13559=CARTESIAN_POINT('',(0.00630376630831809,-0.00505892296328535,-0.0470742392359505));
#13560=CARTESIAN_POINT('',(0.00637346496251276,-0.00492855059345283,-0.0470742392359505));
#13561=CARTESIAN_POINT('',(0.00646580208046105,-0.00475583264029409,-0.0470742392359505));
#13562=CARTESIAN_POINT('',(0.00654877296651288,-0.00457721139554365,-0.0470742392359505));
#13563=CARTESIAN_POINT('',(0.0066105885303989,-0.00444413371623125,-0.0470742392359505));
#13564=CARTESIAN_POINT('',(0.00666717283965328,-0.00430755746222648,-0.0470742392359505));
#13565=CARTESIAN_POINT('',(0.00674213600928901,-0.00412662057297076,-0.0470742392359505));
#13566=CARTESIAN_POINT('',(0.00680719942423285,-0.00394072686935702,-0.0470742392359505));
#13567=CARTESIAN_POINT('',(0.00685567343571331,-0.00380223101064908,-0.0470742392359505));
#13568=CARTESIAN_POINT('',(0.00689859846219974,-0.00366076617645209,-0.0470742392359505));
#13569=CARTESIAN_POINT('',(0.00695546574721794,-0.00347335287226051,-0.0470742392359505));
#13570=CARTESIAN_POINT('',(0.00700199509480293,-0.00328197696776169,-0.0470742392359505));
#13571=CARTESIAN_POINT('',(0.00703666072265076,-0.00313939672048271,-0.0470742392359505));
#13572=CARTESIAN_POINT('',(0.00706551307489689,-0.00299440568978375,-0.0470742392359505));
#13573=CARTESIAN_POINT('',(0.00710373681225795,-0.00280232086322026,-0.0470742392359505));
#13574=CARTESIAN_POINT('',(0.0071312839894294,-0.00260730581241935,-0.0470742392359505));
#13575=CARTESIAN_POINT('',(0.00715180738469863,-0.00246201430229015,-0.0470742392359505));
#13576=CARTESIAN_POINT('',(0.00716630919877966,-0.00231489341797777,-0.0470742392359505));
#13577=CARTESIAN_POINT('',(0.00718552127299717,-0.00211998695092738,-0.0470742392359505));
#13578=CARTESIAN_POINT('',(0.00719382098538049,-0.0019232108553687,-0.0470742392359505));
#13579=CARTESIAN_POINT('',(0.00720000449655478,-0.00177660731906237,-0.0470742392359505));
#13580=CARTESIAN_POINT('',(0.00720001611207428,-0.00162877343567085,-0.0470742392359505));
#13581=CARTESIAN_POINT('',(0.00720003150037132,-0.00143292238396075,-0.0470742392359505));
#13582=CARTESIAN_POINT('',(0.007189003817199,-0.0012362803050105,-0.0470742392359505));
#13583=CARTESIAN_POINT('',(0.00718078789368583,-0.00108977661471774,-0.0470742392359505));
#13584=CARTESIAN_POINT('',(0.00716630919877966,-0.000942653453363923,-0.0470742392359505));
#13585=CARTESIAN_POINT('',(0.00714712775295813,-0.000747743969678508,-0.0470742392359505));
#13586=CARTESIAN_POINT('',(0.00711687887684784,-0.000553129678059136,-0.0470742392359505));
#13587=CARTESIAN_POINT('',(0.00709434264248174,-0.000408136744406403,-0.0470742392359505));
#13588=CARTESIAN_POINT('',(0.00706551307489689,-0.000263141181557949,-0.0470742392359505));
#13589=CARTESIAN_POINT('',(0.00702731952276641,-7.1050350779988E-05,-0.0470742392359505));
#13590=CARTESIAN_POINT('',(0.00697814076693011,0.000119661911499742,-0.0470742392359505));
#13591=CARTESIAN_POINT('',(0.00694150125796816,0.00026174772729816,-0.0470742392359505));
#13592=CARTESIAN_POINT('',(0.00689859846219974,0.000403219305110391,-0.0470742392359505));
#13593=CARTESIAN_POINT('',(0.00684176062854491,0.000590641543278311,-0.0470742392359505));
#13594=CARTESIAN_POINT('',(0.00677412561128628,0.000775615112873382,-0.0470742392359505));
#13595=CARTESIAN_POINT('',(0.00672373568622744,0.000913425446744064,-0.0470742392359505));
#13596=CARTESIAN_POINT('',(0.00666717283965329,0.00105001059088478,-0.0470742392359505));
#13597=CARTESIAN_POINT('',(0.00659223810388312,0.00123095925783171,-0.0470742392359505));
#13598=CARTESIAN_POINT('',(0.00650679818739121,0.00140841273815206,-0.0470742392359505));
#13599=CARTESIAN_POINT('',(0.00644314312875966,0.00154062040124401,-0.0470742392359505));
#13600=CARTESIAN_POINT('',(0.00637346496251277,0.00167100372211114,-0.0470742392359505));
#13601=CARTESIAN_POINT('',(0.00628115498709719,0.00184373618325541,-0.0470742392359505));
#13602=CARTESIAN_POINT('',(0.00617873300447307,0.00201196060028198,-0.0470742392359505));
#13603=CARTESIAN_POINT('',(0.00610242584528549,0.00213729236051937,-0.0470742392359505));
#13604=CARTESIAN_POINT('',(0.0060203033981921,0.00226021819546637,-0.0470742392359505));
#13605=CARTESIAN_POINT('',(0.00591150717865729,0.00242307094278142,-0.0470742392359505));
#13606=CARTESIAN_POINT('',(0.00579308950958203,0.00258044620341799,-0.0470742392359505));
#13607=CARTESIAN_POINT('',(0.00570486512948932,0.0026976950474462,-0.0470742392359505));
#13608=CARTESIAN_POINT('',(0.00561108928561344,0.00281197955347467,-0.0470742392359505));
#13609=CARTESIAN_POINT('',(0.00550243423916569,0.00294439732544607,-0.0470742392359505));
#13610=CARTESIAN_POINT('',(0.005386673989559,0.00307213924825828,-0.0470742392359505));
#13611=CARTESIAN_POINT('',(0.00527146732137282,0.00319927029164228,-0.0470742392359505));
#13612=CARTESIAN_POINT('',(0.00514976358038011,0.00332097403263499,-0.0470742392359505));
#13613=CARTESIAN_POINT('',(0.00656397714275321,0.00473518759500808,-0.0470742392359505));
#13614=CARTESIAN_POINT('',(0.00687642345555653,0.00442274128220477,-0.0470742392359505));
#13615=CARTESIAN_POINT('',(0.00715711019233892,0.00408076612180197,-0.0470742392359505));
#13616=CARTESIAN_POINT('',(0.00731696740400114,0.00388600381765321,-0.0470742392359505));
#13617=CARTESIAN_POINT('',(0.00746630183291814,0.00368169658336331,-0.0470742392359505));
#13618=CARTESIAN_POINT('',(0.00757772185569473,0.00352926075953427,-0.0470742392359505));
#13619=CARTESIAN_POINT('',(0.00768324262279719,0.00337135866150558,-0.0470742392359505));
#13620=CARTESIAN_POINT('',(0.00782324003419222,0.00316186544434201,-0.0470742392359505));
#13621=CARTESIAN_POINT('',(0.00795182976616596,0.00294390467154792,-0.0470742392359505));
#13622=CARTESIAN_POINT('',(0.00804777194754508,0.00278128179586441,-0.0470742392359505));
#13623=CARTESIAN_POINT('',(0.00813730749120948,0.00261379719576314,-0.0470742392359505));
#13624=CARTESIAN_POINT('',(0.00825609685074,0.002391590599779,-0.0470742392359505));
#13625=CARTESIAN_POINT('',(0.00836270349635249,0.00216207536987989,-0.0470742392359505));
#13626=CARTESIAN_POINT('',(0.00844224386067954,0.00199083158953302,-0.0470742392359505));
#13627=CARTESIAN_POINT('',(0.00851493190467586,0.00181537745561496,-0.0470742392359505));
#13628=CARTESIAN_POINT('',(0.00861136920587434,0.00158259745179438,-0.0470742392359505));
#13629=CARTESIAN_POINT('',(0.00869496608484959,0.00134373812192566,-0.0470742392359505));
#13630=CARTESIAN_POINT('',(0.00875733861493327,0.00116552260813337,-0.0470742392359505));
#13631=CARTESIAN_POINT('',(0.00881247913366416,0.000983788659619317,-0.0470742392359505));
#13632=CARTESIAN_POINT('',(0.00888563563259585,0.000742677046665419,-0.0470742392359505));
#13633=CARTESIAN_POINT('',(0.00894541766129684,0.000496773962731664,-0.0470742392359505));
#13634=CARTESIAN_POINT('',(0.00899002167557549,0.000313303028317505,-0.0470742392359505));
#13635=CARTESIAN_POINT('',(0.00902708363570335,0.000127039462474309,-0.0470742392359505));
#13636=CARTESIAN_POINT('',(0.00907625479529655,-0.000120081722991192,-0.0470742392359505));
#13637=CARTESIAN_POINT('',(0.00911164624010229,-0.000370660379851354,-0.0470742392359505));
#13638=CARTESIAN_POINT('',(0.0091380521775359,-0.000557619809497815,-0.0470742392359505));
#13639=CARTESIAN_POINT('',(0.00915667865212405,-0.000746619172704801,-0.0470742392359505));
#13640=CARTESIAN_POINT('',(0.00918139092722867,-0.000997370018554,-0.0470742392359505));
#13641=CARTESIAN_POINT('',(0.00919205094918226,-0.00125021103891646,-0.0470742392359505));
#13642=CARTESIAN_POINT('',(0.00920000450615793,-0.00143885844227001,-0.0470742392359505));
#13643=CARTESIAN_POINT('',(0.00920001611207428,-0.00162877343567085,-0.0470742392359505));
#13644=CARTESIAN_POINT('',(0.00920003150997453,-0.00188073907420494,-0.0470742392359505));
#13645=CARTESIAN_POINT('',(0.00918585744723463,-0.00213340746080557,-0.0470742392359505));
#13646=CARTESIAN_POINT('',(0.00917528202665092,-0.00232192606027432,-0.0470742392359505));
#13647=CARTESIAN_POINT('',(0.00915667865212405,-0.00251092769863689,-0.0470742392359505));
#13648=CARTESIAN_POINT('',(0.00913199702452872,-0.00276168156300902,-0.0470742392359505));
#13649=CARTESIAN_POINT('',(0.00909312538106886,-0.00301174398117162,-0.0470742392359505));
#13650=CARTESIAN_POINT('',(0.00906412283000851,-0.00319831823956452,-0.0470742392359505));
#13651=CARTESIAN_POINT('',(0.00902708363570335,-0.003384586333816,-0.0470742392359505));
#13652=CARTESIAN_POINT('',(0.00897794268017884,-0.00363171352723808,-0.0470742392359505));
#13653=CARTESIAN_POINT('',(0.00891474781117463,-0.0038767617391759,-0.0470742392359505));
#13654=CARTESIAN_POINT('',(0.00886759744005721,-0.00405959484440407,-0.0470742392359505));
#13655=CARTESIAN_POINT('',(0.00881247913366416,-0.00424133553096101,-0.0470742392359505));
#13656=CARTESIAN_POINT('',(0.00873935210447712,-0.00448245608346037,-0.0470742392359505));
#13657=CARTESIAN_POINT('',(0.00865244261106113,-0.004720130140942,-0.0470742392359505));
#13658=CARTESIAN_POINT('',(0.00858759850373596,-0.00489746131025372,-0.0470742392359505));
#13659=CARTESIAN_POINT('',(0.00851493190467586,-0.00507292432695666,-0.0470742392359505));
#13660=CARTESIAN_POINT('',(0.0084185230550866,-0.00530571611581966,-0.0470742392359505));
#13661=CARTESIAN_POINT('',(0.00830873592319605,-0.00553372708772888,-0.0470742392359505));
#13662=CARTESIAN_POINT('',(0.00822682256386346,-0.00570384852502438,-0.0470742392359505));
#13663=CARTESIAN_POINT('',(0.00813730749120947,-0.00587134406710483,-0.0470742392359505));
#13664=CARTESIAN_POINT('',(0.00801854529115109,-0.00609356518012716,-0.0470742392359505));
#13665=CARTESIAN_POINT('',(0.00788693783087272,-0.00630971719618162,-0.0470742392359505));
#13666=CARTESIAN_POINT('',(0.0077887440899645,-0.00647099053901756,-0.0470742392359505));
#13667=CARTESIAN_POINT('',(0.00768324262279718,-0.00662890553284727,-0.0470742392359505));
#13668=CARTESIAN_POINT('',(0.00754327081717264,-0.00683841585924375,-0.0470742392359505));
#13669=CARTESIAN_POINT('',(0.00739111048029852,-0.0070406272573565,-0.0470742392359505));
#13670=CARTESIAN_POINT('',(0.0072775820172179,-0.00719149935528117,-0.0470742392359505));
#13671=CARTESIAN_POINT('',(0.00715711019233891,-0.00733831299314366,-0.0470742392359505));
#13672=CARTESIAN_POINT('',(0.00701730819116465,-0.00750868345439852,-0.0470742392359505));
#13673=CARTESIAN_POINT('',(0.00686857624026891,-0.00767280402929401,-0.0470742392359505));
#13674=CARTESIAN_POINT('',(0.00672039794702612,-0.00783631366207686,-0.0470742392359505));
#13675=CARTESIAN_POINT('',(0.0065639771427532,-0.00799273446634978,-0.0470742392359505));
#13676=COLOUR_RGB('',1.0,1.0,1.0);
#13677=CARTESIAN_POINT('',(0.00514976358038011,0.00332097403263499,-0.0480742392359506));
#13678=CARTESIAN_POINT('',(0.00579807508944255,0.00267266252357255,-0.0480742392359506));
#13679=CARTESIAN_POINT('',(0.00631635355194304,0.00189715147013646,-0.0480742392359506));
#13680=CARTESIAN_POINT('',(0.00701799199404674,0.000202870033559833,-0.0480742392359506));
#13681=CARTESIAN_POINT('',(0.00720008811700978,-0.000711864474030943,-0.0480742392359506));
#13682=CARTESIAN_POINT('',(0.0071999441071839,-0.00254568182283636,-0.0480742392359506));
#13683=CARTESIAN_POINT('',(0.00701812530743781,-0.00346047142234721,-0.0480742392359506));
#13684=CARTESIAN_POINT('',(0.0063162205704561,-0.00515464302277996,-0.0480742392359506));
#13685=CARTESIAN_POINT('',(0.00579813493485419,-0.00593014945680377,-0.0480742392359506));
#13686=CARTESIAN_POINT('',(0.00514976393450244,-0.00657852054985432,-0.0480742392359506));
#13687=COLOUR_RGB('',1.0,1.0,1.0);
#13688=CARTESIAN_POINT('',(0.0065639771427532,-0.00799273446634977,-0.0480742392359506));
#13689=CARTESIAN_POINT('',(0.00739747047760557,-0.00715924113149741,-0.0480742392359506));
#13690=CARTESIAN_POINT('',(0.00806390542931259,-0.00616198678965509,-0.0480742392359506));
#13691=CARTESIAN_POINT('',(0.00896595836010063,-0.00398386191240231,-0.0480742392359506));
#13692=CARTESIAN_POINT('',(0.00920008814837082,-0.00280753628298244,-0.0480742392359506));
#13693=CARTESIAN_POINT('',(0.00919994407577699,-0.000450010576205765,-0.0480742392359506));
#13694=CARTESIAN_POINT('',(0.00896609151026902,0.000726370110668968,-0.0480742392359506));
#13695=CARTESIAN_POINT('',(0.00806377217310121,0.0029043851046546,-0.0480742392359506));
#13696=CARTESIAN_POINT('',(0.00739752926492482,0.00390163547283647,-0.0480742392359506));
#13697=CARTESIAN_POINT('',(0.00656397714275321,0.00473518759500809,-0.0480742392359506));
#13698=COLOUR_RGB('',1.0,1.0,1.0);
#13699=COLOUR_RGB('',1.0,1.0,1.0);
#13700=CARTESIAN_POINT('',(0.000200018223882046,0.00137122989733697,-0.0480742392359505));
#13701=AXIS2_PLACEMENT_3D('',#15562,#15563,#15564);
#13702=COLOUR_RGB('',1.0,1.0,1.0);
#13703=CARTESIAN_POINT('',(0.000200018223882049,0.00137122989733697,-0.0470742392359504));
#13704=AXIS2_PLACEMENT_3D('',#15565,#15566,#15567);
#13705=COLOUR_RGB('',1.0,1.0,1.0);
#13706=COLOUR_RGB('',1.0,1.0,1.0);
#13707=CARTESIAN_POINT('',(-0.00474973135623153,0.00332097403263501,-0.0470742392359504));
#13708=CARTESIAN_POINT('',(-0.00616394491860463,0.00473518759500811,-0.0470742392359504));
#13709=CARTESIAN_POINT('',(-0.00616394491860463,0.00473518759500811,-0.0470742392359504));
#13710=CARTESIAN_POINT('',(-0.00609449786449697,0.00480463464911577,-0.0470742392359504));
#13711=CARTESIAN_POINT('',(-0.00601240837043768,0.00485955042612411,-0.0470742392359504));
#13712=CARTESIAN_POINT('',(-0.00597203305157264,0.00488656048426665,-0.0470742392359504));
#13713=CARTESIAN_POINT('',(-0.00592823487424408,0.00491000207816992,-0.0470742392359504));
#13714=CARTESIAN_POINT('',(-0.00588540652491575,0.00493292460220489,-0.0470742392359504));
#13715=CARTESIAN_POINT('',(-0.00583952156978317,0.00495196034633285,-0.0470742392359504));
#13716=CARTESIAN_POINT('',(-0.00579465265040804,0.004970574579823,-0.0470742392359504));
#13717=CARTESIAN_POINT('',(-0.00574712281467254,0.00498502114955377,-0.0470742392359504));
#13718=CARTESIAN_POINT('',(-0.00570064543747219,0.00499914782725501,-0.0470742392359504));
#13719=CARTESIAN_POINT('',(-0.00565192845943421,0.00500886609422479,-0.0470742392359504));
#13720=CARTESIAN_POINT('',(-0.00560429022695832,0.00501836916850843,-0.0470742392359504));
#13721=CARTESIAN_POINT('',(-0.00555485527774764,0.00502326554049376,-0.0470742392359504));
#13722=CARTESIAN_POINT('',(-0.00550651497221622,0.00502805349155967,-0.0470742392359504));
#13723=CARTESIAN_POINT('',(-0.00545683813741808,0.00502808081382156,-0.0470742392359504));
#13724=CARTESIAN_POINT('',(-0.00540826130239829,0.00502810753108352,-0.0470742392359504));
#13725=CARTESIAN_POINT('',(-0.00535882099708852,0.00502326554049376,-0.0470742392359504));
#13726=CARTESIAN_POINT('',(-0.00531047545405702,0.00501853076664985,-0.0470742392359504));
#13727=CARTESIAN_POINT('',(-0.00526174781540195,0.00500886609422479,-0.0470742392359504));
#13728=CARTESIAN_POINT('',(-0.00521409915836669,0.0049994154277355,-0.0470742392359504));
#13729=CARTESIAN_POINT('',(-0.00516655346016361,0.00498502114955377,-0.0470742392359504));
#13730=CARTESIAN_POINT('',(-0.00512006057173904,0.00497094560550356,-0.0470742392359504));
#13731=CARTESIAN_POINT('',(-0.00507415470505299,0.00495196034633285,-0.0470742392359504));
#13732=CARTESIAN_POINT('',(-0.00502926533717049,0.00493339547990549,-0.0470742392359504));
#13733=CARTESIAN_POINT('',(-0.00498544140059208,0.00491000207816992,-0.0470742392359504));
#13734=CARTESIAN_POINT('',(-0.00494258786240345,0.00488712667917778,-0.0470742392359504));
#13735=CARTESIAN_POINT('',(-0.00490126790439847,0.00485955042612411,-0.0470742392359504));
#13736=CARTESIAN_POINT('',(-0.0048608628989024,0.00483258479716435,-0.0470742392359504));
#13737=CARTESIAN_POINT('',(-0.00482244485325443,0.0048010912671843,-0.0470742392359504));
#13738=CARTESIAN_POINT('',(-0.00478487750274133,0.00477029510200461,-0.0470742392359504));
#13739=CARTESIAN_POINT('',(-0.00474973135623153,0.00473518759500811,-0.0470742392359504));
#13740=CARTESIAN_POINT('',(-0.00471536345482351,0.00470085747751427,-0.0470742392359504));
#13741=CARTESIAN_POINT('',(-0.00468382768405534,0.0046624740979852,-0.0470742392359504));
#13742=CARTESIAN_POINT('',(-0.00465299021343047,0.00462494064597567,-0.0470742392359504));
#13743=CARTESIAN_POINT('',(-0.00462536852511553,0.00458365104684116,-0.0470742392359504));
#13744=CARTESIAN_POINT('',(-0.00459835846697307,0.00454327572797628,-0.0470742392359504));
#13745=CARTESIAN_POINT('',(-0.00457491687306972,0.00449947755064756,-0.0470742392359504));
#13746=CARTESIAN_POINT('',(-0.0045519943490347,0.00445664920131912,-0.0470742392359504));
#13747=CARTESIAN_POINT('',(-0.00453295860490679,0.00441076424618665,-0.0470742392359504));
#13748=CARTESIAN_POINT('',(-0.00451434437141662,0.00436589532681146,-0.0470742392359504));
#13749=CARTESIAN_POINT('',(-0.00449989780168587,0.00431836549107602,-0.0470742392359504));
#13750=CARTESIAN_POINT('',(-0.00448577112398468,0.00427188811387585,-0.0470742392359504));
#13751=CARTESIAN_POINT('',(-0.00447605285701485,0.00422317113583769,-0.0470742392359504));
#13752=CARTESIAN_POINT('',(-0.0044665497827312,0.00417553290336184,-0.0470742392359504));
#13753=CARTESIAN_POINT('',(-0.00446165341074588,0.00412609795415112,-0.0470742392359504));
#13754=CARTESIAN_POINT('',(-0.00445686545967997,0.00407775764861959,-0.0470742392359504));
#13755=CARTESIAN_POINT('',(-0.00445683813741808,0.00402808081382156,-0.0470742392359504));
#13756=CARTESIAN_POINT('',(-0.00445681142015612,0.00397950397880189,-0.0470742392359504));
#13757=CARTESIAN_POINT('',(-0.00446165341074588,0.003930063673492,-0.0470742392359504));
#13758=CARTESIAN_POINT('',(-0.00446638818458974,0.00388171813046085,-0.0470742392359504));
#13759=CARTESIAN_POINT('',(-0.00447605285701485,0.00383299049180543,-0.0470742392359504));
#13760=CARTESIAN_POINT('',(-0.00448550352350408,0.00378534183477035,-0.0470742392359504));
#13761=CARTESIAN_POINT('',(-0.00449989780168587,0.00373779613656709,-0.0470742392359504));
#13762=CARTESIAN_POINT('',(-0.00451397334573607,0.00369130324814257,-0.0470742392359504));
#13763=CARTESIAN_POINT('',(-0.00453295860490679,0.00364539738145647,-0.0470742392359504));
#13764=CARTESIAN_POINT('',(-0.00455152347133411,0.00360050801357405,-0.0470742392359504));
#13765=CARTESIAN_POINT('',(-0.00457491687306973,0.00355668407699556,-0.0470742392359504));
#13766=CARTESIAN_POINT('',(-0.00459779227206187,0.00351383053880693,-0.0470742392359504));
#13767=CARTESIAN_POINT('',(-0.00462536852511553,0.00347251058080195,-0.0470742392359504));
#13768=CARTESIAN_POINT('',(-0.00465233415407529,0.00343210557530588,-0.0470742392359504));
#13769=CARTESIAN_POINT('',(-0.00468382768405534,0.00339368752965791,-0.0470742392359504));
#13770=CARTESIAN_POINT('',(-0.00470126642597899,0.00337241451314658,-0.0470742392359504));
#13771=CARTESIAN_POINT('',(-0.00472061448765897,0.00335134250580628,-0.0470742392359504));
#13772=CARTESIAN_POINT('',(-0.0047346614054547,0.00333604398341184,-0.0470742392359504));
#13773=CARTESIAN_POINT('',(-0.00474973135623153,0.00332097403263501,-0.0470742392359504));
#13774=CARTESIAN_POINT('',(-0.00616394491860465,-0.00799273446634976,-0.0470742392359505));
#13775=CARTESIAN_POINT('',(-0.00616394491860465,-0.00799273446634977,-0.0470742392359505));
#13776=CARTESIAN_POINT('',(-0.00647639123140603,-0.00768028815354839,-0.0470742392359505));
#13777=CARTESIAN_POINT('',(-0.00675707796819036,-0.00733831299314365,-0.0470742392359505));
#13778=CARTESIAN_POINT('',(-0.00691693517985278,-0.00714355068899489,-0.0470742392359505));
#13779=CARTESIAN_POINT('',(-0.00706626960876959,-0.00693924345470499,-0.0470742392359505));
#13780=CARTESIAN_POINT('',(-0.0071776896315495,-0.00678680763087121,-0.0470742392359505));
#13781=CARTESIAN_POINT('',(-0.00728321039864863,-0.00662890553284726,-0.0470742392359505));
#13782=CARTESIAN_POINT('',(-0.00742320781004316,-0.00641941231568413,-0.0470742392359505));
#13783=CARTESIAN_POINT('',(-0.00755179754201741,-0.0062014515428896,-0.0470742392359505));
#13784=CARTESIAN_POINT('',(-0.00764773972339162,-0.00603882866721469,-0.0470742392359504));
#13785=CARTESIAN_POINT('',(-0.00773727526706092,-0.00587134406710481,-0.0470742392359504));
#13786=CARTESIAN_POINT('',(-0.00785606462659184,-0.00564913747112068,-0.0470742392359504));
#13787=CARTESIAN_POINT('',(-0.00796267127220393,-0.00541962224122157,-0.0470742392359504));
#13788=CARTESIAN_POINT('',(-0.00804221163653069,-0.00524837846087469,-0.0470742392359504));
#13789=CARTESIAN_POINT('',(-0.00811489968052731,-0.00507292432695664,-0.0470742392359504));
#13790=CARTESIAN_POINT('',(-0.00821133698172128,-0.00484014432314791,-0.0470742392359504));
#13791=CARTESIAN_POINT('',(-0.00829493386070103,-0.00460128499326734,-0.0470742392359504));
#13792=CARTESIAN_POINT('',(-0.00835730639078535,-0.00442306947947401,-0.0470742392359504));
#13793=CARTESIAN_POINT('',(-0.0084124469095156,-0.004241335530961,-0.0470742392359504));
#13794=CARTESIAN_POINT('',(-0.00848560340845089,-0.00400022391799381,-0.0470742392359504));
#13795=CARTESIAN_POINT('',(-0.00854538543714828,-0.00375432083407334,-0.0470742392359504));
#13796=CARTESIAN_POINT('',(-0.0085899894514282,-0.0035708498996528,-0.0470742392359504));
#13797=CARTESIAN_POINT('',(-0.0086270514115548,-0.00338458633381598,-0.0470742392359504));
#13798=CARTESIAN_POINT('',(-0.00867622257114656,-0.00313746514835764,-0.0470742392359504));
#13799=CARTESIAN_POINT('',(-0.00871161401595373,-0.00288688649149032,-0.0470742392359504));
#13800=CARTESIAN_POINT('',(-0.00873801995338665,-0.00269992706185092,-0.0470742392359504));
#13801=CARTESIAN_POINT('',(-0.0087566464279755,-0.00251092769863687,-0.0470742392359504));
#13802=CARTESIAN_POINT('',(-0.00878135870308011,-0.00226017685278754,-0.0470742392359504));
#13803=CARTESIAN_POINT('',(-0.00879201872503371,-0.00200733583242521,-0.0470742392359504));
#13804=CARTESIAN_POINT('',(-0.00879997228200937,-0.00181868842907169,-0.0470742392359504));
#13805=CARTESIAN_POINT('',(-0.00879998388792572,-0.00162877343567082,-0.0470742392359504));
#13806=CARTESIAN_POINT('',(-0.00879999928582598,-0.00137680779713669,-0.0470742392359504));
#13807=CARTESIAN_POINT('',(-0.00878582522308607,-0.0011241394105361,-0.0470742392359504));
#13808=CARTESIAN_POINT('',(-0.00877524980250236,-0.000935620811067431,-0.0470742392359504));
#13809=CARTESIAN_POINT('',(-0.00875664642797549,-0.000746619172704783,-0.0470742392359504));
#13810=CARTESIAN_POINT('',(-0.00873196480038015,-0.000495865308332596,-0.0470742392359504));
#13811=CARTESIAN_POINT('',(-0.0086930931569203,-0.000245802890170053,-0.0470742392359504));
#13812=CARTESIAN_POINT('',(-0.00866409060585997,-5.92286317773628E-05,-0.0470742392359504));
#13813=CARTESIAN_POINT('',(-0.00862705141155479,0.000127039462474331,-0.0470742392359504));
#13814=CARTESIAN_POINT('',(-0.00857791045603037,0.000374166655896074,-0.0470742392359504));
#13815=CARTESIAN_POINT('',(-0.00851471558702607,0.000619214867834222,-0.0470742392359504));
#13816=CARTESIAN_POINT('',(-0.00846756521590866,0.00080204797306238,-0.0470742392359504));
#13817=CARTESIAN_POINT('',(-0.0084124469095156,0.000983788659619342,-0.0470742392359504));
#13818=CARTESIAN_POINT('',(-0.00833931988032662,0.00122490921212507,-0.0470742392359504));
#13819=CARTESIAN_POINT('',(-0.00825241038691256,0.00146258326960033,-0.0470742392359504));
#13820=CARTESIAN_POINT('',(-0.00818756627958509,0.00163991443891755,-0.0470742392359504));
#13821=CARTESIAN_POINT('',(-0.00811489968052729,0.00181537745561499,-0.0470742392359504));
#13822=CARTESIAN_POINT('',(-0.00801849083094019,0.00204816924447287,-0.0470742392359504));
#13823=CARTESIAN_POINT('',(-0.00790870369904748,0.0022761802163872,-0.0470742392359504));
#13824=CARTESIAN_POINT('',(-0.0078267903397172,0.0024463016536784,-0.0470742392359504));
#13825=CARTESIAN_POINT('',(-0.0077372752670609,0.00261379719576316,-0.0470742392359504));
#13826=CARTESIAN_POINT('',(-0.00761851306700197,0.00283601830878654,-0.0470742392359504));
#13827=CARTESIAN_POINT('',(-0.00748690560672415,0.00305217032483996,-0.0470742392359504));
#13828=CARTESIAN_POINT('',(-0.00738871186581529,0.00321344366767685,-0.0470742392359504));
#13829=CARTESIAN_POINT('',(-0.00728321039864861,0.0033713586615056,-0.0470742392359504));
#13830=CARTESIAN_POINT('',(-0.00714323859302447,0.00358086898790149,-0.0470742392359504));
#13831=CARTESIAN_POINT('',(-0.00699107825614995,0.00378308038601483,-0.0470742392359504));
#13832=CARTESIAN_POINT('',(-0.0068775497930698,0.00393395248393893,-0.0470742392359504));
#13833=CARTESIAN_POINT('',(-0.00675707796819034,0.00408076612180199,-0.0470742392359504));
#13834=CARTESIAN_POINT('',(-0.00661727596701623,0.00425113658305666,-0.0470742392359504));
#13835=CARTESIAN_POINT('',(-0.00646854401612034,0.00441525715795234,-0.0470742392359504));
#13836=CARTESIAN_POINT('',(-0.00632036572287772,0.00457876679073501,-0.0470742392359504));
#13837=CARTESIAN_POINT('',(-0.00616394491860463,0.00473518759500811,-0.0470742392359504));
#13838=CARTESIAN_POINT('',(-0.00474973135623156,-0.00657852090397667,-0.0470742392359505));
#13839=CARTESIAN_POINT('',(-0.00474973135623156,-0.00657852090397667,-0.0470742392359505));
#13840=CARTESIAN_POINT('',(-0.0046802843021239,-0.00664796795808433,-0.0470742392359505));
#13841=CARTESIAN_POINT('',(-0.00462536852511556,-0.00673005745214362,-0.0470742392359505));
#13842=CARTESIAN_POINT('',(-0.00459835846697301,-0.00677043277100868,-0.0470742392359505));
#13843=CARTESIAN_POINT('',(-0.00457491687306975,-0.00681423094833722,-0.0470742392359505));
#13844=CARTESIAN_POINT('',(-0.0045519943490348,-0.00685705929766552,-0.0470742392359505));
#13845=CARTESIAN_POINT('',(-0.00453295860490682,-0.00690294425279813,-0.0470742392359505));
#13846=CARTESIAN_POINT('',(-0.00451434437141656,-0.00694781317217351,-0.0470742392359505));
#13847=CARTESIAN_POINT('',(-0.0044998978016859,-0.00699534300790875,-0.0470742392359505));
#13848=CARTESIAN_POINT('',(-0.00448577112398453,-0.00704182038510967,-0.0470742392359505));
#13849=CARTESIAN_POINT('',(-0.00447605285701488,-0.00709053736314709,-0.0470742392359505));
#13850=CARTESIAN_POINT('',(-0.00446654978273112,-0.00713817559562371,-0.0470742392359505));
#13851=CARTESIAN_POINT('',(-0.00446165341074591,-0.00718761054483366,-0.0470742392359505));
#13852=CARTESIAN_POINT('',(-0.00445686545968001,-0.00723595085036558,-0.0470742392359505));
#13853=CARTESIAN_POINT('',(-0.00445683813741811,-0.00728562768516322,-0.0470742392359505));
#13854=CARTESIAN_POINT('',(-0.00445681142015615,-0.00733420452018289,-0.0470742392359505));
#13855=CARTESIAN_POINT('',(-0.00446165341074591,-0.00738364482549278,-0.0470742392359505));
#13856=CARTESIAN_POINT('',(-0.00446638818458977,-0.00743199036852392,-0.0470742392359505));
#13857=CARTESIAN_POINT('',(-0.00447605285701488,-0.00748071800717934,-0.0470742392359505));
#13858=CARTESIAN_POINT('',(-0.00448550352350411,-0.00752836666421442,-0.0470742392359505));
#13859=CARTESIAN_POINT('',(-0.0044998978016859,-0.00757591236241768,-0.0470742392359505));
#13860=CARTESIAN_POINT('',(-0.00451397334573599,-0.00762240525084185,-0.0470742392359505));
#13861=CARTESIAN_POINT('',(-0.00453295860490682,-0.00766831111752831,-0.0470742392359505));
#13862=CARTESIAN_POINT('',(-0.00455152347133397,-0.0077132004854104,-0.0470742392359505));
#13863=CARTESIAN_POINT('',(-0.00457491687306976,-0.00775702442198921,-0.0470742392359505));
#13864=CARTESIAN_POINT('',(-0.0045977922720619,-0.00779987796017784,-0.0470742392359505));
#13865=CARTESIAN_POINT('',(-0.00462536852511557,-0.00784119791818282,-0.0470742392359505));
#13866=CARTESIAN_POINT('',(-0.00465233415407532,-0.0078816029236789,-0.0470742392359505));
#13867=CARTESIAN_POINT('',(-0.00468382768405537,-0.00792002096932686,-0.0470742392359505));
#13868=CARTESIAN_POINT('',(-0.00471462384923506,-0.00795758831983995,-0.0470742392359505));
#13869=CARTESIAN_POINT('',(-0.00474973135623156,-0.00799273446634976,-0.0470742392359505));
#13870=CARTESIAN_POINT('',(-0.00478406147372538,-0.00802710236775776,-0.0470742392359505));
#13871=CARTESIAN_POINT('',(-0.00482244485325446,-0.00805863813852595,-0.0470742392359505));
#13872=CARTESIAN_POINT('',(-0.00485997830526406,-0.00808947560915088,-0.0470742392359505));
#13873=CARTESIAN_POINT('',(-0.00490126790439851,-0.00811709729746576,-0.0470742392359505));
#13874=CARTESIAN_POINT('',(-0.00494164322326373,-0.00814410735560843,-0.0470742392359505));
#13875=CARTESIAN_POINT('',(-0.00498544140059211,-0.00816754894951157,-0.0470742392359505));
#13876=CARTESIAN_POINT('',(-0.0050282697499208,-0.0081904714735467,-0.0470742392359505));
#13877=CARTESIAN_POINT('',(-0.00507415470505302,-0.0082095072176745,-0.0470742392359505));
#13878=CARTESIAN_POINT('',(-0.00511902362442834,-0.00822812145116473,-0.0470742392359505));
#13879=CARTESIAN_POINT('',(-0.00516655346016365,-0.00824256802089542,-0.0470742392359505));
#13880=CARTESIAN_POINT('',(-0.00521303083736437,-0.00825669469859676,-0.0470742392359505));
#13881=CARTESIAN_POINT('',(-0.00526174781540198,-0.00826641296556645,-0.0470742392359505));
#13882=CARTESIAN_POINT('',(-0.0053093860478788,-0.00827591603985024,-0.0470742392359505));
#13883=CARTESIAN_POINT('',(-0.00535882099708855,-0.00828081241183541,-0.0470742392359505));
#13884=CARTESIAN_POINT('',(-0.00540716130262067,-0.00828560036290132,-0.0470742392359505));
#13885=CARTESIAN_POINT('',(-0.00545683813741811,-0.00828562768516321,-0.0470742392359505));
#13886=CARTESIAN_POINT('',(-0.00550541497243762,-0.00828565440242517,-0.0470742392359505));
#13887=CARTESIAN_POINT('',(-0.00555485527774767,-0.00828081241183541,-0.0470742392359505));
#13888=CARTESIAN_POINT('',(-0.00560320082077866,-0.00827607763799158,-0.0470742392359505));
#13889=CARTESIAN_POINT('',(-0.00565192845943424,-0.00826641296556645,-0.0470742392359505));
#13890=CARTESIAN_POINT('',(-0.00569957711646876,-0.00825696229907732,-0.0470742392359505));
#13891=CARTESIAN_POINT('',(-0.00574712281467257,-0.00824256802089542,-0.0470742392359505));
#13892=CARTESIAN_POINT('',(-0.0057936157030966,-0.00822849247684543,-0.0470742392359505));
#13893=CARTESIAN_POINT('',(-0.0058395215697832,-0.0082095072176745,-0.0470742392359505));
#13894=CARTESIAN_POINT('',(-0.00588441093766536,-0.00819094235124729,-0.0470742392359505));
#13895=CARTESIAN_POINT('',(-0.00592823487424411,-0.00816754894951157,-0.0470742392359505));
#13896=CARTESIAN_POINT('',(-0.00597108841243258,-0.00814467355051955,-0.0470742392359505));
#13897=CARTESIAN_POINT('',(-0.00601240837043771,-0.00811709729746576,-0.0470742392359505));
#13898=CARTESIAN_POINT('',(-0.0060528133759337,-0.00809013166850606,-0.0470742392359505));
#13899=CARTESIAN_POINT('',(-0.00609123142158176,-0.00805863813852595,-0.0470742392359505));
#13900=CARTESIAN_POINT('',(-0.00611250443809283,-0.00804119939660253,-0.0470742392359505));
#13901=CARTESIAN_POINT('',(-0.00613357644543338,-0.00802185133492232,-0.0470742392359505));
#13902=CARTESIAN_POINT('',(-0.00614887496782774,-0.00800780441712668,-0.0470742392359505));
#13903=CARTESIAN_POINT('',(-0.00616394491860466,-0.00799273446634976,-0.0470742392359505));
#13904=CARTESIAN_POINT('',(-0.00474973135623153,0.00332097403263501,-0.0470742392359504));
#13905=CARTESIAN_POINT('',(-0.00499270177720922,0.00307800361165733,-0.0470742392359504));
#13906=CARTESIAN_POINT('',(-0.00521105706146487,0.00281197955347469,-0.0470742392359504));
#13907=CARTESIAN_POINT('',(-0.00533531554868151,0.00266059440543172,-0.0470742392359504));
#13908=CARTESIAN_POINT('',(-0.00545153944858204,0.00250159213468908,-0.0470742392359504));
#13909=CARTESIAN_POINT('',(-0.00553812941104892,0.0023831311239371,-0.0470742392359504));
#13910=CARTESIAN_POINT('',(-0.00562027117404352,0.0022602181954664,-0.0470742392359504));
#13911=CARTESIAN_POINT('',(-0.00572909298338329,0.00209738254670744,-0.0470742392359504));
#13912=CARTESIAN_POINT('',(-0.00582917228555257,0.00192775398105488,-0.0470742392359504));
#13913=CARTESIAN_POINT('',(-0.00590373408416878,0.00180137609194503,-0.0470742392359504));
#13914=CARTESIAN_POINT('',(-0.0059734327383642,0.00167100372211116,-0.0470742392359504));
#13915=CARTESIAN_POINT('',(-0.006065769856312,0.00149828576895337,-0.0470742392359504));
#13916=CARTESIAN_POINT('',(-0.00614874074236432,0.00131966452420197,-0.0470742392359504));
#13917=CARTESIAN_POINT('',(-0.00621055630624781,0.00118658684489507,-0.0470742392359504));
#13918=CARTESIAN_POINT('',(-0.00626714061550472,0.0010500105908848,-0.0470742392359504));
#13919=CARTESIAN_POINT('',(-0.00634210378513872,0.000869073701634075,-0.0470742392359504));
#13920=CARTESIAN_POINT('',(-0.00640716720008429,0.000683179998015348,-0.0470742392359504));
#13921=CARTESIAN_POINT('',(-0.0064556412115652,0.000544684139306103,-0.0470742392359504));
#13922=CARTESIAN_POINT('',(-0.00649856623805118,0.000403219305110415,-0.0470742392359504));
#13923=CARTESIAN_POINT('',(-0.00655543352307018,0.000215806000915974,-0.0470742392359504));
#13924=CARTESIAN_POINT('',(-0.00660196287065437,2.44300964200145E-05,-0.0470742392359504));
#13925=CARTESIAN_POINT('',(-0.00663662849850269,-0.000118150150861275,-0.0470742392359504));
#13926=CARTESIAN_POINT('',(-0.00666548085074833,-0.000263141181557928,-0.0470742392359504));
#13927=CARTESIAN_POINT('',(-0.00670370458810976,-0.000455226008123481,-0.0470742392359504));
#13928=CARTESIAN_POINT('',(-0.00673125176528084,-0.000650241058922332,-0.0470742392359504));
#13929=CARTESIAN_POINT('',(-0.00675177516054986,-0.000795532569050519,-0.0470742392359504));
#13930=CARTESIAN_POINT('',(-0.0067662769746311,-0.000942653453363905,-0.0470742392359504));
#13931=CARTESIAN_POINT('',(-0.00678548904884859,-0.00113755992041277,-0.0470742392359504));
#13932=CARTESIAN_POINT('',(-0.00679378876123193,-0.00133433601597297,-0.0470742392359504));
#13933=CARTESIAN_POINT('',(-0.00679997227240622,-0.0014809395522802,-0.0470742392359504));
#13934=CARTESIAN_POINT('',(-0.00679998388792572,-0.00162877343567083,-0.0470742392359504));
#13935=CARTESIAN_POINT('',(-0.00679999927622276,-0.00182462448738427,-0.0470742392359504));
#13936=CARTESIAN_POINT('',(-0.00678897159305044,-0.00202126656633117,-0.0470742392359504));
#13937=CARTESIAN_POINT('',(-0.00678075566953696,-0.00216777025662697,-0.0470742392359504));
#13938=CARTESIAN_POINT('',(-0.0067662769746311,-0.00231489341797775,-0.0470742392359504));
#13939=CARTESIAN_POINT('',(-0.00674709552880986,-0.00250980290166042,-0.0470742392359504));
#13940=CARTESIAN_POINT('',(-0.00671684665269928,-0.00270441719328254,-0.0470742392359504));
#13941=CARTESIAN_POINT('',(-0.0066943104183338,-0.00284941012693195,-0.0470742392359504));
#13942=CARTESIAN_POINT('',(-0.00666548085074834,-0.00299440568978373,-0.0470742392359504));
#13943=CARTESIAN_POINT('',(-0.0066272872986176,-0.00318649652056323,-0.0470742392359504));
#13944=CARTESIAN_POINT('',(-0.00657810854278155,-0.00337720878284142,-0.0470742392359504));
#13945=CARTESIAN_POINT('',(-0.0065414690338192,-0.003519294598641,-0.0470742392359504));
#13946=CARTESIAN_POINT('',(-0.00649856623805118,-0.00366076617645207,-0.0470742392359504));
#13947=CARTESIAN_POINT('',(-0.006441728404397,-0.00384818841461809,-0.0470742392359504));
#13948=CARTESIAN_POINT('',(-0.00637409338713772,-0.00403316198421506,-0.0470742392359504));
#13949=CARTESIAN_POINT('',(-0.00632370346207818,-0.00417097231808774,-0.0470742392359504));
#13950=CARTESIAN_POINT('',(-0.00626714061550473,-0.00430755746222646,-0.0470742392359505));
#13951=CARTESIAN_POINT('',(-0.00619220587973419,-0.00448850612917387,-0.0470742392359505));
#13952=CARTESIAN_POINT('',(-0.00610676596324266,-0.00466595960949374,-0.0470742392359505));
#13953=CARTESIAN_POINT('',(-0.00604311090461354,-0.00479816727258084,-0.0470742392359505));
#13954=CARTESIAN_POINT('',(-0.00597343273836421,-0.00492855059345281,-0.0470742392359505));
#13955=CARTESIAN_POINT('',(-0.0058811227629506,-0.00510128305459378,-0.0470742392359505));
#13956=CARTESIAN_POINT('',(-0.00577870078032452,-0.00526950747162366,-0.0470742392359505));
#13957=CARTESIAN_POINT('',(-0.00570239362113727,-0.00539483923186056,-0.0470742392359505));
#13958=CARTESIAN_POINT('',(-0.00562027117404354,-0.00551776506680805,-0.0470742392359505));
#13959=CARTESIAN_POINT('',(-0.00551147495450949,-0.00568061781412195,-0.0470742392359505));
#13960=CARTESIAN_POINT('',(-0.00539305728543347,-0.00583799307475968,-0.0470742392359505));
#13961=CARTESIAN_POINT('',(-0.00530483290533987,-0.00595524191878918,-0.0470742392359505));
#13962=CARTESIAN_POINT('',(-0.00521105706146488,-0.00606952642481636,-0.0470742392359505));
#13963=CARTESIAN_POINT('',(-0.00510240201501483,-0.00620194419679032,-0.0470742392359505));
#13964=CARTESIAN_POINT('',(-0.00498664176541044,-0.00632968611959997,-0.0470742392359505));
#13965=CARTESIAN_POINT('',(-0.00487143509722398,-0.00645681716298424,-0.0470742392359505));
#13966=CARTESIAN_POINT('',(-0.00474973135623156,-0.00657852090397667,-0.0470742392359505));
#13967=COLOUR_RGB('',1.0,1.0,1.0);
#13968=CARTESIAN_POINT('',(-0.00616394491860463,0.00473518759500811,-0.0480742392359505));
#13969=CARTESIAN_POINT('',(-0.00616394491860463,0.00473518759500811,-0.0476742392359505));
#13970=VECTOR('',#15568,1.0);
#13971=CARTESIAN_POINT('',(-0.00616394491860466,-0.00799273446634976,-0.0480742392359506));
#13972=CARTESIAN_POINT('',(-0.00616394491860463,0.00473518759500811,-0.0480742392359505));
#13973=CARTESIAN_POINT('',(-0.00699743825344151,0.00390169426017124,-0.0480742392359505));
#13974=CARTESIAN_POINT('',(-0.00766387320517623,0.00290443991828441,-0.0480742392359505));
#13975=CARTESIAN_POINT('',(-0.00856592613593987,0.000726315041089662,-0.0480742392359505));
#13976=CARTESIAN_POINT('',(-0.00880005592422227,-0.000450010588359042,-0.0480742392359505));
#13977=CARTESIAN_POINT('',(-0.00879991185162844,-0.00280753629513608,-0.0480742392359505));
#13978=CARTESIAN_POINT('',(-0.00856605928611085,-0.00398391698203836,-0.0480742392359506));
#13979=CARTESIAN_POINT('',(-0.00766373994896229,-0.00616193197596855,-0.0480742392359506));
#13980=CARTESIAN_POINT('',(-0.00699749704076192,-0.0071591823441925,-0.0480742392359506));
#13981=CARTESIAN_POINT('',(-0.00616394491860466,-0.00799273446634976,-0.0480742392359506));
#13982=CARTESIAN_POINT('',(-0.00616394491860466,-0.00799273446634976,-0.0476742392359506));
#13983=VECTOR('',#15569,1.0);
#13984=COLOUR_RGB('',1.0,1.0,1.0);
#13985=CARTESIAN_POINT('',(-0.00474973135623156,-0.00657852090397667,-0.0480742392359506));
#13986=CARTESIAN_POINT('',(-0.00474973135623156,-0.00657852090397667,-0.0476742392359506));
#13987=VECTOR('',#15570,1.0);
#13988=CARTESIAN_POINT('',(-0.00474973135623154,0.00332097403263501,-0.0480742392359505));
#13989=CARTESIAN_POINT('',(-0.00474973135623156,-0.00657852090397667,-0.0480742392359506));
#13990=CARTESIAN_POINT('',(-0.00539804289508349,-0.00593020936512473,-0.0480742392359506));
#13991=CARTESIAN_POINT('',(-0.00591632137479057,-0.00515469827121163,-0.0480742392359506));
#13992=CARTESIAN_POINT('',(-0.00661795981877262,-0.00346041674366468,-0.0480742392359505));
#13993=CARTESIAN_POINT('',(-0.00680005592591722,-0.00254568218975973,-0.0480742392359505));
#13994=CARTESIAN_POINT('',(-0.00679991184993999,-0.00071186475491781,-0.0480742392359505));
#13995=CARTESIAN_POINT('',(-0.00661809300117982,0.000202924878037701,-0.0480742392359505));
#13996=CARTESIAN_POINT('',(-0.00591618814069626,0.00189709651887108,-0.0480742392359505));
#13997=CARTESIAN_POINT('',(-0.00539810243300093,0.00267260295586562,-0.0480742392359505));
#13998=CARTESIAN_POINT('',(-0.00474973135623154,0.00332097403263501,-0.0480742392359505));
#13999=CARTESIAN_POINT('',(-0.00474973135623154,0.00332097403263501,-0.0476742392359505));
#14000=VECTOR('',#15571,1.0);
#14001=COLOUR_RGB('',1.0,1.0,1.0);
#14002=CARTESIAN_POINT('',(-0.00474973135623154,0.00332097403263501,-0.0480742392359505));
#14003=CARTESIAN_POINT('',(-0.00456407264641959,0.00350663274244696,-0.0480742392359505));
#14004=CARTESIAN_POINT('',(-0.00445669408953669,0.00376608730477867,-0.0480742392359505));
#14005=CARTESIAN_POINT('',(-0.00445698218510188,0.00429007396354684,-0.0480742392359505));
#14006=CARTESIAN_POINT('',(-0.00456437197917703,0.00455003187284731,-0.0480742392359505));
#14007=CARTESIAN_POINT('',(-0.00493509025789464,0.00492034284229999,-0.0480742392359505));
#14008=CARTESIAN_POINT('',(-0.00519484434726348,0.00502822478150555,-0.0480742392359505));
#14009=CARTESIAN_POINT('',(-0.00571883097373229,0.00502793684666196,-0.0480742392359505));
#14010=CARTESIAN_POINT('',(-0.00597815895933607,0.00492097355427668,-0.0480742392359505));
#14011=CARTESIAN_POINT('',(-0.00616394491860463,0.00473518759500811,-0.0480742392359505));
#14012=COLOUR_RGB('',1.0,1.0,1.0);
#14013=CARTESIAN_POINT('',(-0.00616394491860466,-0.00799273446634976,-0.0480742392359506));
#14014=CARTESIAN_POINT('',(-0.00597828620879345,-0.00817839317616097,-0.0480742392359506));
#14015=CARTESIAN_POINT('',(-0.00571883164645902,-0.00828577173304462,-0.0480742392359506));
#14016=CARTESIAN_POINT('',(-0.0051948449876948,-0.0082854836374794,-0.0480742392359506));
#14017=CARTESIAN_POINT('',(-0.00493488707839232,-0.00817809384340422,-0.0480742392359506));
#14018=CARTESIAN_POINT('',(-0.00456457610893973,-0.0078073755646867,-0.0480742392359506));
#14019=CARTESIAN_POINT('',(-0.00445669416973413,-0.00754762147531616,-0.0480742392359506));
#14020=CARTESIAN_POINT('',(-0.00445698210457772,-0.00702363484885066,-0.0480742392359506));
#14021=CARTESIAN_POINT('',(-0.00456394539696362,-0.00676430686324461,-0.0480742392359506));
#14022=CARTESIAN_POINT('',(-0.00474973135623156,-0.00657852090397667,-0.0480742392359506));
#14023=COLOUR_RGB('',1.0,1.0,1.0);
#14024=COLOUR_RGB('',1.0,1.0,1.0);
#14025=CARTESIAN_POINT('',(-0.00828526526216426,0.00685650793856776,-0.0470742392359504));
#14026=CARTESIAN_POINT('',(-0.00969947882453735,0.00827072150094086,-0.0470742392359504));
#14027=CARTESIAN_POINT('',(-0.00969947882453735,0.00827072150094086,-0.0470742392359504));
#14028=CARTESIAN_POINT('',(-0.00963003177042977,0.00834016855504844,-0.0470742392359504));
#14029=CARTESIAN_POINT('',(-0.0095479422763704,0.00839508433205686,-0.0470742392359504));
#14030=CARTESIAN_POINT('',(-0.00950756695750559,0.00842209439019926,-0.0470742392359504));
#14031=CARTESIAN_POINT('',(-0.0094637687801768,0.00844553598410267,-0.0470742392359504));
#14032=CARTESIAN_POINT('',(-0.00942094043084862,0.00846845850813758,-0.0470742392359504));
#14033=CARTESIAN_POINT('',(-0.00937505547571589,0.0084874942522656,-0.0470742392359504));
#14034=CARTESIAN_POINT('',(-0.00933018655634066,0.0085061084857558,-0.0470742392359504));
#14035=CARTESIAN_POINT('',(-0.00928265672060526,0.00852055505548652,-0.0470742392359504));
#14036=CARTESIAN_POINT('',(-0.00923617934340516,0.00853468173318767,-0.0470742392359504));
#14037=CARTESIAN_POINT('',(-0.00918746236536693,0.00854440000015754,-0.0470742392359504));
#14038=CARTESIAN_POINT('',(-0.00913982413289143,0.00855390307444114,-0.0470742392359504));
#14039=CARTESIAN_POINT('',(-0.00909038918368036,0.00855879944642651,-0.0470742392359504));
#14040=CARTESIAN_POINT('',(-0.00904204887814895,0.00856358739749242,-0.0470742392359504));
#14041=CARTESIAN_POINT('',(-0.0089923720433508,0.00856361471975431,-0.0470742392359504));
#14042=CARTESIAN_POINT('',(-0.00894379520833101,0.00856364143701627,-0.0470742392359504));
#14043=CARTESIAN_POINT('',(-0.00889435490302124,0.00855879944642651,-0.0470742392359504));
#14044=CARTESIAN_POINT('',(-0.00884600935999013,0.00855406467258264,-0.0470742392359504));
#14045=CARTESIAN_POINT('',(-0.00879728172133467,0.00854440000015754,-0.0470742392359504));
#14046=CARTESIAN_POINT('',(-0.00874963306429966,0.00853494933366834,-0.0470742392359504));
#14047=CARTESIAN_POINT('',(-0.00870208736609634,0.00852055505548652,-0.0470742392359504));
#14048=CARTESIAN_POINT('',(-0.00865559447767235,0.00850647951143648,-0.0470742392359504));
#14049=CARTESIAN_POINT('',(-0.00860968861098571,0.0084874942522656,-0.0470742392359504));
#14050=CARTESIAN_POINT('',(-0.00856479924310435,0.00846892938583879,-0.0470742392359504));
#14051=CARTESIAN_POINT('',(-0.0085209753065248,0.00844553598410267,-0.0470742392359504));
#14052=CARTESIAN_POINT('',(-0.00847812176833643,0.00842266058511072,-0.0470742392359504));
#14053=CARTESIAN_POINT('',(-0.0084368018103312,0.00839508433205685,-0.0470742392359504));
#14054=CARTESIAN_POINT('',(-0.00839639680483519,0.00836811870309713,-0.0470742392359504));
#14055=CARTESIAN_POINT('',(-0.00835797875918715,0.00833662517311705,-0.0470742392359504));
#14056=CARTESIAN_POINT('',(-0.00832041140867405,0.0083058290079374,-0.0470742392359504));
#14057=CARTESIAN_POINT('',(-0.00828526526216425,0.00827072150094086,-0.0470742392359504));
#14058=CARTESIAN_POINT('',(-0.00825089736075624,0.00823639138344699,-0.0470742392359504));
#14059=CARTESIAN_POINT('',(-0.00821936158998806,0.00819800800391795,-0.0470742392359504));
#14060=CARTESIAN_POINT('',(-0.00818852411936325,0.00816047455190853,-0.0470742392359504));
#14061=CARTESIAN_POINT('',(-0.00816090243104825,0.00811918495277391,-0.0470742392359504));
#14062=CARTESIAN_POINT('',(-0.00813389237290603,0.00807880963390936,-0.0470742392359504));
#14063=CARTESIAN_POINT('',(-0.00811045077900244,0.0080350114565803,-0.0470742392359504));
#14064=CARTESIAN_POINT('',(-0.00808752825496771,0.00799218310725253,-0.0470742392359504));
#14065=CARTESIAN_POINT('',(-0.00806849251083951,0.0079462981521194,-0.0470742392359504));
#14066=CARTESIAN_POINT('',(-0.00804987827734926,0.00790142923274407,-0.0470742392359504));
#14067=CARTESIAN_POINT('',(-0.00803543170761859,0.00785389939700877,-0.0470742392359504));
#14068=CARTESIAN_POINT('',(-0.00802130502991708,0.00780742201980741,-0.0470742392359504));
#14069=CARTESIAN_POINT('',(-0.00801158676294757,0.00775870504177043,-0.0470742392359504));
#14070=CARTESIAN_POINT('',(-0.00800208368866383,0.00771106680929369,-0.0470742392359504));
#14071=CARTESIAN_POINT('',(-0.0079971873166786,0.00766163186008387,-0.0470742392359504));
#14072=CARTESIAN_POINT('',(-0.00799239936561269,0.0076132915545523,-0.0470742392359504));
#14073=CARTESIAN_POINT('',(-0.0079923720433508,0.00756361471975431,-0.0470742392359504));
#14074=CARTESIAN_POINT('',(-0.00799234532608884,0.00751503788473459,-0.0470742392359504));
#14075=CARTESIAN_POINT('',(-0.0079971873166786,0.00746559757942475,-0.0470742392359504));
#14076=CARTESIAN_POINT('',(-0.00800192209052251,0.00741725203639309,-0.0470742392359504));
#14077=CARTESIAN_POINT('',(-0.00801158676294757,0.00736852439773818,-0.0470742392359504));
#14078=CARTESIAN_POINT('',(-0.00802103742943686,0.00732087574070303,-0.0470742392359504));
#14079=CARTESIAN_POINT('',(-0.00803543170761859,0.00727333004249984,-0.0470742392359504));
#14080=CARTESIAN_POINT('',(-0.00804950725166858,0.00722683715407587,-0.0470742392359504));
#14081=CARTESIAN_POINT('',(-0.00806849251083951,0.00718093128738921,-0.0470742392359504));
#14082=CARTESIAN_POINT('',(-0.00808705737726679,0.00713604191950684,-0.0470742392359504));
#14083=CARTESIAN_POINT('',(-0.00811045077900244,0.00709221798292831,-0.0470742392359504));
#14084=CARTESIAN_POINT('',(-0.00813332617799457,0.00704936444473974,-0.0470742392359504));
#14085=CARTESIAN_POINT('',(-0.00816090243104825,0.0070080444867347,-0.0470742392359504));
#14086=CARTESIAN_POINT('',(-0.00818786806000804,0.00696763948123854,-0.0470742392359504));
#14087=CARTESIAN_POINT('',(-0.00821936158998806,0.00692922143559066,-0.0470742392359504));
#14088=CARTESIAN_POINT('',(-0.00823680033191191,0.00690794841907911,-0.0470742392359504));
#14089=CARTESIAN_POINT('',(-0.00825614839359169,0.00688687641173903,-0.0470742392359504));
#14090=CARTESIAN_POINT('',(-0.00827019531138739,0.00687157788934461,-0.0470742392359504));
#14091=CARTESIAN_POINT('',(-0.00828526526216425,0.00685650793856776,-0.0470742392359504));
#14092=CARTESIAN_POINT('',(-0.00969947882453739,-0.0115282683722825,-0.0470742392359505));
#14093=CARTESIAN_POINT('',(-0.00969947882453739,-0.0115282683722825,-0.0470742392359505));
#14094=CARTESIAN_POINT('',(-0.0101856148236281,-0.0110421323731918,-0.0470742392359505));
#14095=CARTESIAN_POINT('',(-0.010622130235004,-0.0105102794139619,-0.0470742392359505));
#14096=CARTESIAN_POINT('',(-0.0108398204726674,-0.0102450443407447,-0.0470742392359505));
#14097=CARTESIAN_POINT('',(-0.0110448893286547,-0.00996856369856491,-0.0470742392359505));
#14098=CARTESIAN_POINT('',(-0.0112493028807035,-0.00969296655891843,-0.0470742392359505));
#14099=CARTESIAN_POINT('',(-0.0114405584601614,-0.00940675669794526,-0.0470742392359505));
#14100=CARTESIAN_POINT('',(-0.0116312028764387,-0.00912146142952639,-0.0470742392359505));
#14101=CARTESIAN_POINT('',(-0.0118081844279295,-0.00882621185437593,-0.0470742392359505));
#14102=CARTESIAN_POINT('',(-0.0119846004293392,-0.00853190575847402,-0.0470742392359505));
#14103=CARTESIAN_POINT('',(-0.0121468815888027,-0.00822832775123479,-0.0470742392359504));
#14104=CARTESIAN_POINT('',(-0.0123086441737435,-0.00792571983701643,-0.0470742392359504));
#14105=CARTESIAN_POINT('',(-0.0124558339916539,-0.00761454474369477,-0.0470742392359504));
#14106=CARTESIAN_POINT('',(-0.0126025534598976,-0.0073043640201165,-0.0470742392359504));
#14107=CARTESIAN_POINT('',(-0.0127342973430837,-0.00698634148878208,-0.0470742392359504));
#14108=CARTESIAN_POINT('',(-0.0128656202345729,-0.00666933520838778,-0.0470742392359504));
#14109=CARTESIAN_POINT('',(-0.012981600800488,-0.00634523138316191,-0.0470742392359504));
#14110=CARTESIAN_POINT('',(-0.0130972107468778,-0.00602216324184483,-0.0470742392359504));
#14111=CARTESIAN_POINT('',(-0.0131971485881766,-0.0056927589172333,-0.0470742392359504));
#14112=CARTESIAN_POINT('',(-0.0132967670749827,-0.00536440721442776,-0.0470742392359504));
#14113=CARTESIAN_POINT('',(-0.0133804214326493,-0.00503049595431653,-0.0470742392359504));
#14114=CARTESIAN_POINT('',(-0.0134638084702056,-0.00469765171805649,-0.0470742392359504));
#14115=CARTESIAN_POINT('',(-0.0135309778135709,-0.00436003794389662,-0.0470742392359504));
#14116=CARTESIAN_POINT('',(-0.0135979325152003,-0.00402350302510342,-0.0470742392359504));
#14117=CARTESIAN_POINT('',(-0.0136484550274327,-0.00368300007804588,-0.0470742392359504));
#14118=CARTESIAN_POINT('',(-0.0136988160933982,-0.003343585218797,-0.0470742392359504));
#14119=CARTESIAN_POINT('',(-0.0137325700613365,-0.00300101340028466,-0.0470742392359504));
#14120=CARTESIAN_POINT('',(-0.0137662161674155,-0.00265953628072199,-0.0470742392359504));
#14121=CARTESIAN_POINT('',(-0.0137831202747981,-0.00231572087625467,-0.0470742392359504));
#14122=CARTESIAN_POINT('',(-0.0137999703645768,-0.00197300414466783,-0.0470742392359504));
#14123=CARTESIAN_POINT('',(-0.0137999838879257,-0.00162877343567082,-0.0470742392359504));
#14124=CARTESIAN_POINT('',(-0.0137999973680604,-0.00128564272667305,-0.0470742392359504));
#14125=CARTESIAN_POINT('',(-0.0137831202747981,-0.000941825995086966,-0.0470742392359504));
#14126=CARTESIAN_POINT('',(-0.0137662971128153,-0.000599107940620193,-0.0470742392359504));
#14127=CARTESIAN_POINT('',(-0.0137325700613365,-0.000256533471056973,-0.0470742392359504));
#14128=CARTESIAN_POINT('',(-0.0136989507857052,8.49462910775386E-05,-0.0470742392359504));
#14129=CARTESIAN_POINT('',(-0.0136484550274327,0.000425453206704241,-0.0470742392359504));
#14130=CARTESIAN_POINT('',(-0.0135981206299353,0.00076487202183029,-0.0470742392359504));
#14131=CARTESIAN_POINT('',(-0.0135309778135709,0.00110249107255498,-0.0470742392359504));
#14132=CARTESIAN_POINT('',(-0.0134640495541787,0.00143903125103137,-0.0470742392359504));
#14133=CARTESIAN_POINT('',(-0.0133804214326493,0.00177294908297489,-0.0470742392359504));
#14134=CARTESIAN_POINT('',(-0.0132970605473968,0.00210579987004673,-0.0470742392359504));
#14135=CARTESIAN_POINT('',(-0.0131971485881766,0.00243521204589167,-0.0470742392359504));
#14136=CARTESIAN_POINT('',(-0.0130975559007462,0.0027635715748285,-0.0470742392359504));
#14137=CARTESIAN_POINT('',(-0.012981600800488,0.00308768451182027,-0.0470742392359504));
#14138=CARTESIAN_POINT('',(-0.0128660162383901,0.00341076173575467,-0.0470742392359504));
#14139=CARTESIAN_POINT('',(-0.0127342973430837,0.00372879461744044,-0.0470742392359504));
#14140=CARTESIAN_POINT('',(-0.0126029993596409,0.0040458112150723,-0.0470742392359504));
#14141=CARTESIAN_POINT('',(-0.0124558339916539,0.00435699787235313,-0.0470742392359504));
#14142=CARTESIAN_POINT('',(-0.0123091388952106,0.00466719012292209,-0.0470742392359504));
#14143=CARTESIAN_POINT('',(-0.0121468815888027,0.00497078087989316,-0.0470742392359504));
#14144=CARTESIAN_POINT('',(-0.0119851427806948,0.00527340150310028,-0.0470742392359504));
#14145=CARTESIAN_POINT('',(-0.0118081844279295,0.0055686649830343,-0.0470742392359504));
#14146=CARTESIAN_POINT('',(-0.0116317915511062,0.00586298493929835,-0.0470742392359504));
#14147=CARTESIAN_POINT('',(-0.0114405584601613,0.00614920982660363,-0.0470742392359504));
#14148=CARTESIAN_POINT('',(-0.0112499364605304,0.00643452007334339,-0.0470742392359504));
#14149=CARTESIAN_POINT('',(-0.0110448893286547,0.00671101682722326,-0.0470742392359504));
#14150=CARTESIAN_POINT('',(-0.0108404974313038,0.00698663002707602,-0.0470742392359504));
#14151=CARTESIAN_POINT('',(-0.010622130235004,0.00725273254262023,-0.0470742392359504));
#14152=CARTESIAN_POINT('',(-0.0104044608379043,0.00751798471925991,-0.0470742392359504));
#14153=CARTESIAN_POINT('',(-0.0101732996428951,0.00777305193218744,-0.0470742392359504));
#14154=CARTESIAN_POINT('',(-0.00994269220087947,0.00802750812459874,-0.0470742392359504));
#14155=CARTESIAN_POINT('',(-0.00969947882453735,0.00827072150094086,-0.0470742392359504));
#14156=CARTESIAN_POINT('',(-0.0082852652621643,-0.0101140548099094,-0.0470742392359505));
#14157=CARTESIAN_POINT('',(-0.00828526526216431,-0.0101140548099094,-0.0470742392359505));
#14158=CARTESIAN_POINT('',(-0.00821581820805641,-0.0101835018640173,-0.0470742392359505));
#14159=CARTESIAN_POINT('',(-0.00816090243104831,-0.0102655913580764,-0.0470742392359505));
#14160=CARTESIAN_POINT('',(-0.0081338923729057,-0.0103059666769416,-0.0470742392359505));
#14161=CARTESIAN_POINT('',(-0.0081104507790025,-0.01034976485427,-0.0470742392359505));
#14162=CARTESIAN_POINT('',(-0.0080875282549673,-0.0103925932035987,-0.0470742392359505));
#14163=CARTESIAN_POINT('',(-0.00806849251083957,-0.0104384781587309,-0.0470742392359505));
#14164=CARTESIAN_POINT('',(-0.00804987827734911,-0.0104833470781069,-0.0470742392359505));
#14165=CARTESIAN_POINT('',(-0.00803543170761865,-0.0105308769138415,-0.0470742392359505));
#14166=CARTESIAN_POINT('',(-0.00802130502991736,-0.0105773542910421,-0.0470742392359505));
#14167=CARTESIAN_POINT('',(-0.00801158676294762,-0.0106260712690798,-0.0470742392359505));
#14168=CARTESIAN_POINT('',(-0.00800208368866398,-0.0106737095015557,-0.0470742392359505));
#14169=CARTESIAN_POINT('',(-0.00799718731667866,-0.0107231444507664,-0.0470742392359505));
#14170=CARTESIAN_POINT('',(-0.00799239936561275,-0.0107714847562979,-0.0470742392359505));
#14171=CARTESIAN_POINT('',(-0.00799237204335086,-0.010821161591096,-0.0470742392359505));
#14172=CARTESIAN_POINT('',(-0.0079923453260889,-0.0108697384261149,-0.0470742392359505));
#14173=CARTESIAN_POINT('',(-0.00799718731667866,-0.0109191787314255,-0.0470742392359505));
#14174=CARTESIAN_POINT('',(-0.00800192209052242,-0.0109675242744564,-0.0470742392359505));
#14175=CARTESIAN_POINT('',(-0.00801158676294763,-0.0110162519131121,-0.0470742392359505));
#14176=CARTESIAN_POINT('',(-0.00802103742943692,-0.0110639005701472,-0.0470742392359505));
#14177=CARTESIAN_POINT('',(-0.00803543170761865,-0.0111114462683504,-0.0470742392359505));
#14178=CARTESIAN_POINT('',(-0.00804950725166864,-0.0111579391567744,-0.0470742392359505));
#14179=CARTESIAN_POINT('',(-0.00806849251083957,-0.011203845023461,-0.0470742392359505));
#14180=CARTESIAN_POINT('',(-0.00808705737726658,-0.0112487343913428,-0.0470742392359505));
#14181=CARTESIAN_POINT('',(-0.0081104507790025,-0.0112925583279219,-0.0470742392359505));
#14182=CARTESIAN_POINT('',(-0.00813332617799424,-0.0113354118661099,-0.0470742392359505));
#14183=CARTESIAN_POINT('',(-0.00816090243104831,-0.0113767318241156,-0.0470742392359505));
#14184=CARTESIAN_POINT('',(-0.00818786806000809,-0.0114171368296117,-0.0470742392359505));
#14185=CARTESIAN_POINT('',(-0.00821936158998812,-0.0114555548752596,-0.0470742392359505));
#14186=CARTESIAN_POINT('',(-0.0082501577551682,-0.0114931222257731,-0.0470742392359505));
#14187=CARTESIAN_POINT('',(-0.00828526526216431,-0.0115282683722825,-0.0470742392359505));
#14188=CARTESIAN_POINT('',(-0.00831959537965834,-0.0115626362736907,-0.0470742392359505));
#14189=CARTESIAN_POINT('',(-0.00835797875918721,-0.0115941720444587,-0.0470742392359505));
#14190=CARTESIAN_POINT('',(-0.00839551221119697,-0.0116250095150837,-0.0470742392359505));
#14191=CARTESIAN_POINT('',(-0.00843680181033125,-0.0116526312033985,-0.0470742392359505));
#14192=CARTESIAN_POINT('',(-0.00847717712919653,-0.0116796412615412,-0.0470742392359505));
#14193=CARTESIAN_POINT('',(-0.00852097530652486,-0.0117030828554443,-0.0470742392359505));
#14194=CARTESIAN_POINT('',(-0.00856380365585372,-0.0117260053794795,-0.0470742392359505));
#14195=CARTESIAN_POINT('',(-0.00860968861098576,-0.0117450411236072,-0.0470742392359505));
#14196=CARTESIAN_POINT('',(-0.00865455753036168,-0.0117636553570977,-0.0470742392359505));
#14197=CARTESIAN_POINT('',(-0.00870208736609639,-0.0117781019268282,-0.0470742392359505));
#14198=CARTESIAN_POINT('',(-0.00874856474329723,-0.0117922286045295,-0.0470742392359505));
#14199=CARTESIAN_POINT('',(-0.00879728172133472,-0.0118019468714992,-0.0470742392359505));
#14200=CARTESIAN_POINT('',(-0.00884491995381139,-0.011811449945783,-0.0470742392359505));
#14201=CARTESIAN_POINT('',(-0.00889435490302129,-0.0118163463177681,-0.0470742392359505));
#14202=CARTESIAN_POINT('',(-0.00894269520855341,-0.0118211342688341,-0.0470742392359505));
#14203=CARTESIAN_POINT('',(-0.00899237204335085,-0.0118211615910959,-0.0470742392359505));
#14204=CARTESIAN_POINT('',(-0.00904094887837,-0.0118211883083579,-0.0470742392359505));
#14205=CARTESIAN_POINT('',(-0.00909038918368041,-0.0118163463177681,-0.0470742392359505));
#14206=CARTESIAN_POINT('',(-0.00913873472671121,-0.0118116115439244,-0.0470742392359505));
#14207=CARTESIAN_POINT('',(-0.00918746236536698,-0.0118019468714992,-0.0470742392359505));
#14208=CARTESIAN_POINT('',(-0.00923511102240175,-0.01179249620501,-0.0470742392359505));
#14209=CARTESIAN_POINT('',(-0.00928265672060531,-0.0117781019268282,-0.0470742392359505));
#14210=CARTESIAN_POINT('',(-0.0093291496090291,-0.0117640263827782,-0.0470742392359505));
#14211=CARTESIAN_POINT('',(-0.00937505547571594,-0.0117450411236072,-0.0470742392359505));
#14212=CARTESIAN_POINT('',(-0.00941994484359795,-0.0117264762571801,-0.0470742392359505));
#14213=CARTESIAN_POINT('',(-0.00946376878017685,-0.0117030828554443,-0.0470742392359505));
#14214=CARTESIAN_POINT('',(-0.00950662231836519,-0.0116802074564523,-0.0470742392359505));
#14215=CARTESIAN_POINT('',(-0.00954794227637045,-0.0116526312033985,-0.0470742392359505));
#14216=CARTESIAN_POINT('',(-0.00958834728186685,-0.0116256655744386,-0.0470742392359505));
#14217=CARTESIAN_POINT('',(-0.00962676532751449,-0.0115941720444587,-0.0470742392359505));
#14218=CARTESIAN_POINT('',(-0.00964803834402661,-0.0115767333025343,-0.0470742392359505));
#14219=CARTESIAN_POINT('',(-0.00966911035136612,-0.0115573852408551,-0.0470742392359505));
#14220=CARTESIAN_POINT('',(-0.00968440887376089,-0.011543338323059,-0.0470742392359505));
#14221=CARTESIAN_POINT('',(-0.0096994788245374,-0.0115282683722825,-0.0470742392359505));
#14222=CARTESIAN_POINT('',(-0.00828526526216426,0.00685650793856776,-0.0470742392359504));
#14223=CARTESIAN_POINT('',(-0.00870192539107472,0.0064398478096573,-0.0470742392359504));
#14224=CARTESIAN_POINT('',(-0.00907610932827854,0.00598394597429293,-0.0470742392359504));
#14225=CARTESIAN_POINT('',(-0.00926265260110758,0.00575666358186006,-0.0470742392359504));
#14226=CARTESIAN_POINT('',(-0.00943847426569343,0.00551961821823839,-0.0470742392359504));
#14227=CARTESIAN_POINT('',(-0.00961364062056208,0.00528345635285095,-0.0470742392359504));
#14228=CARTESIAN_POINT('',(-0.00977761923555624,0.00503806936056442,-0.0470742392359504));
#14229=CARTESIAN_POINT('',(-0.00994098668137974,0.00479359695683306,-0.0470742392359504));
#14230=CARTESIAN_POINT('',(-0.010092727207929,0.00454045949464786,-0.0470742392359504));
#14231=CARTESIAN_POINT('',(-0.0102439021782202,0.00428826550800687,-0.0470742392359504));
#14232=CARTESIAN_POINT('',(-0.010383039060106,0.00402798740624116,-0.0470742392359504));
#14233=CARTESIAN_POINT('',(-0.0105216573611219,0.00376867939409202,-0.0470742392359504));
#14234=CARTESIAN_POINT('',(-0.010647855405407,0.00350188768549257,-0.0470742392359504));
#14235=CARTESIAN_POINT('',(-0.0107735830935141,0.00323609034355783,-0.0470742392359504));
#14236=CARTESIAN_POINT('',(-0.0108865382780611,0.00296342775271026,-0.0470742392359504));
#14237=CARTESIAN_POINT('',(-0.0109990724642499,0.00269178141006393,-0.0470742392359504));
#14238=CARTESIAN_POINT('',(-0.011098512670122,0.00241390480503583,-0.0470742392359504));
#14239=CARTESIAN_POINT('',(-0.0111975822496832,0.0021370638815018,-0.0470742392359504));
#14240=CARTESIAN_POINT('',(-0.0112832679167122,0.00185464269138274,-0.0470742392359504));
#14241=CARTESIAN_POINT('',(-0.0113686342223502,0.0015732741209988,-0.0470742392359504));
#14242=CARTESIAN_POINT('',(-0.0114403589262602,0.00128698872316836,-0.0470742392359504));
#14243=CARTESIAN_POINT('',(-0.0115118163030695,0.00100177034745457,-0.0470742392359504));
#14244=CARTESIAN_POINT('',(-0.0115694072527645,0.000712310428522725,-0.0470742392359504));
#14245=CARTESIAN_POINT('',(-0.0116267835536617,0.000423929363541349,-0.0470742392359504));
#14246=CARTESIAN_POINT('',(-0.0116701020075031,0.000131992257793518,-0.0470742392359504));
#14247=CARTESIAN_POINT('',(-0.0117132590079542,-0.000158856761208897,-0.0470742392359504));
#14248=CARTESIAN_POINT('',(-0.0117422006079921,-0.000452567751716093,-0.0470742392359504));
#14249=CARTESIAN_POINT('',(-0.0117710343390032,-0.000745184043981485,-0.0470742392359504));
#14250=CARTESIAN_POINT('',(-0.0117855293623878,-0.0010399613437418,-0.0470742392359504));
#14251=CARTESIAN_POINT('',(-0.011799970360975,-0.00133363997098236,-0.0470742392359504));
#14252=CARTESIAN_POINT('',(-0.0117999838879257,-0.00162877343567082,-0.0470742392359504));
#14253=CARTESIAN_POINT('',(-0.0117999973644597,-0.00192280690035555,-0.0470742392359504));
#14254=CARTESIAN_POINT('',(-0.0117855293623878,-0.00221758552759983,-0.0470742392359504));
#14255=CARTESIAN_POINT('',(-0.0117711152844014,-0.00251126547737361,-0.0470742392359504));
#14256=CARTESIAN_POINT('',(-0.0117422006079921,-0.00280497911962554,-0.0470742392359504));
#14257=CARTESIAN_POINT('',(-0.0117133937002616,-0.00309759805375231,-0.0470742392359504));
#14258=CARTESIAN_POINT('',(-0.0116701020075031,-0.00338953912913516,-0.0470742392359504));
#14259=CARTESIAN_POINT('',(-0.0116269716683949,-0.0036803921029631,-0.0470742392359504));
#14260=CARTESIAN_POINT('',(-0.0115694072527645,-0.00396985729986436,-0.0470742392359504));
#14261=CARTESIAN_POINT('',(-0.011512057387042,-0.00425824362311299,-0.0470742392359504));
#14262=CARTESIAN_POINT('',(-0.0114403589262603,-0.00454453559451,-0.0470742392359504));
#14263=CARTESIAN_POINT('',(-0.0113689276947726,-0.00482976051927036,-0.0470742392359504));
#14264=CARTESIAN_POINT('',(-0.0112832679167122,-0.00511218956272438,-0.0470742392359504));
#14265=CARTESIAN_POINT('',(-0.0111979274035533,-0.00539356595716673,-0.0470742392359504));
#14266=CARTESIAN_POINT('',(-0.011098512670122,-0.00567145167637747,-0.0470742392359504));
#14267=CARTESIAN_POINT('',(-0.0109994684680627,-0.00594830168012386,-0.0470742392359504));
#14268=CARTESIAN_POINT('',(-0.0108865382780612,-0.0062209746240519,-0.0470742392359504));
#14269=CARTESIAN_POINT('',(-0.0107740289932604,-0.00649263128119068,-0.0470742392359504));
#14270=CARTESIAN_POINT('',(-0.010647855405407,-0.00675943455683421,-0.0470742392359504));
#14271=CARTESIAN_POINT('',(-0.0105221520825875,-0.00702524342268417,-0.0470742392359504));
#14272=CARTESIAN_POINT('',(-0.010383039060106,-0.0072855342775828,-0.0470742392359504));
#14273=CARTESIAN_POINT('',(-0.0102444445295752,-0.0075448549953174,-0.0470742392359504));
#14274=CARTESIAN_POINT('',(-0.010092727207929,-0.00779800636598948,-0.0470742392359504));
#14275=CARTESIAN_POINT('',(-0.00994157535605591,-0.00805021420927406,-0.0470742392359504));
#14276=CARTESIAN_POINT('',(-0.00977761923555627,-0.00829561623190606,-0.0470742392359505));
#14277=CARTESIAN_POINT('',(-0.00961427420039113,-0.00854010360995735,-0.0470742392359505));
#14278=CARTESIAN_POINT('',(-0.00943847426569346,-0.00877716508958004,-0.0470742392359505));
#14279=CARTESIAN_POINT('',(-0.00926332955972917,-0.0090133430108937,-0.0470742392359505));
#14280=CARTESIAN_POINT('',(-0.00907610932827857,-0.00924149284563458,-0.0470742392359505));
#14281=CARTESIAN_POINT('',(-0.00888958689046858,-0.00946879233689197,-0.0470742392359505));
#14282=CARTESIAN_POINT('',(-0.00869139739218524,-0.00968748089383506,-0.0470742392359505));
#14283=CARTESIAN_POINT('',(-0.00849376161830951,-0.00990555845376419,-0.0470742392359505));
#14284=CARTESIAN_POINT('',(-0.0082852652621643,-0.0101140548099094,-0.0470742392359505));
#14285=COLOUR_RGB('',1.0,1.0,1.0);
#14286=CARTESIAN_POINT('',(-0.00969947882453735,0.00827072150094087,-0.0480742392359505));
#14287=CARTESIAN_POINT('',(-0.00969947882453735,0.00827072150094087,-0.0476742392359505));
#14288=VECTOR('',#15572,1.0);
#14289=CARTESIAN_POINT('',(-0.00969947882453739,-0.0115282683722825,-0.0480742392359506));
#14290=CARTESIAN_POINT('',(-0.00969947882453735,0.00827072150094086,-0.0480742392359505));
#14291=CARTESIAN_POINT('',(-0.0109957178786945,0.00697448244678373,-0.0480742392359505));
#14292=CARTESIAN_POINT('',(-0.0120329198970653,0.00542225774474072,-0.0480742392359505));
#14293=CARTESIAN_POINT('',(-0.0134356748243305,0.00203533140508197,-0.0480742392359505));
#14294=CARTESIAN_POINT('',(-0.0138000559141756,0.000204187887992348,-0.0480742392359505));
#14295=CARTESIAN_POINT('',(-0.0137999118616656,-0.00346173502130237,-0.0480742392359505));
#14296=CARTESIAN_POINT('',(-0.0134358078382528,-0.00529293359490715,-0.0480742392359505));
#14297=CARTESIAN_POINT('',(-0.012032786648569,-0.00867974986386648,-0.0480742392359505));
#14298=CARTESIAN_POINT('',(-0.010995773073212,-0.0102319741236078,-0.0480742392359506));
#14299=CARTESIAN_POINT('',(-0.00969947882453739,-0.0115282683722825,-0.0480742392359506));
#14300=CARTESIAN_POINT('',(-0.00969947882453739,-0.0115282683722825,-0.0476742392359506));
#14301=VECTOR('',#15573,1.0);
#14302=COLOUR_RGB('',1.0,1.0,1.0);
#14303=CARTESIAN_POINT('',(-0.0082852652621643,-0.0101140548099094,-0.0480742392359506));
#14304=CARTESIAN_POINT('',(-0.0082852652621643,-0.0101140548099094,-0.0476742392359506));
#14305=VECTOR('',#15574,1.0);
#14306=CARTESIAN_POINT('',(-0.00828526526216426,0.00685650793856776,-0.0480742392359505));
#14307=CARTESIAN_POINT('',(-0.0082852652621643,-0.0101140548099094,-0.0480742392359506));
#14308=CARTESIAN_POINT('',(-0.00939632484091918,-0.00900299523115453,-0.0480742392359506));
#14309=CARTESIAN_POINT('',(-0.0102853673857028,-0.00767251772313817,-0.0480742392359505));
#14310=CARTESIAN_POINT('',(-0.0114877091893909,-0.00476943147915883,-0.0480742392359505));
#14311=CARTESIAN_POINT('',(-0.0118000559087674,-0.00319988242842845,-0.0480742392359505));
#14312=CARTESIAN_POINT('',(-0.0117999118670758,-5.76642634052586E-05,-0.0480742392359505));
#14313=CARTESIAN_POINT('',(-0.0114878422252518,0.00151193984721557,-0.0480742392359505));
#14314=CARTESIAN_POINT('',(-0.0102852341735034,0.00441491603807341,-0.0480742392359505));
#14315=CARTESIAN_POINT('',(-0.0093963778837858,0.00574539531694623,-0.0480742392359505));
#14316=CARTESIAN_POINT('',(-0.00828526526216426,0.00685650793856776,-0.0480742392359505));
#14317=CARTESIAN_POINT('',(-0.00828526526216426,0.00685650793856776,-0.0476742392359505));
#14318=VECTOR('',#15575,1.0);
#14319=COLOUR_RGB('',1.0,1.0,1.0);
#14320=CARTESIAN_POINT('',(-0.00828526526216426,0.00685650793856776,-0.0480742392359505));
#14321=CARTESIAN_POINT('',(-0.00809960655235228,0.00704216664837973,-0.0480742392359505));
#14322=CARTESIAN_POINT('',(-0.0079922279954694,0.00730162121071136,-0.0480742392359505));
#14323=CARTESIAN_POINT('',(-0.00799251609103461,0.00782560786947966,-0.0480742392359505));
#14324=CARTESIAN_POINT('',(-0.00809990588510978,0.00808556577877988,-0.0480742392359505));
#14325=CARTESIAN_POINT('',(-0.00847062416382733,0.00845587674823293,-0.0480742392359505));
#14326=CARTESIAN_POINT('',(-0.00873037825319617,0.0085637586874383,-0.0480742392359505));
#14327=CARTESIAN_POINT('',(-0.00925436487966504,0.00856347075259472,-0.0480742392359505));
#14328=CARTESIAN_POINT('',(-0.00951369286526877,0.00845650746020945,-0.0480742392359505));
#14329=CARTESIAN_POINT('',(-0.00969947882453735,0.00827072150094087,-0.0480742392359505));
#14330=COLOUR_RGB('',1.0,1.0,1.0);
#14331=CARTESIAN_POINT('',(-0.0096994788245374,-0.0115282683722825,-0.0480742392359506));
#14332=CARTESIAN_POINT('',(-0.00951382011472655,-0.0117139270820933,-0.0480742392359506));
#14333=CARTESIAN_POINT('',(-0.00925436555239079,-0.0118213056389773,-0.0480742392359506));
#14334=CARTESIAN_POINT('',(-0.00873037889362852,-0.0118210175434121,-0.0480742392359506));
#14335=CARTESIAN_POINT('',(-0.00847042098432459,-0.0117136277493363,-0.0480742392359506));
#14336=CARTESIAN_POINT('',(-0.00810011001487295,-0.0113429094706201,-0.0480742392359506));
#14337=CARTESIAN_POINT('',(-0.00799222807566686,-0.011083155381248,-0.0480742392359506));
#14338=CARTESIAN_POINT('',(-0.00799251601051048,-0.0105591687547843,-0.0480742392359506));
#14339=CARTESIAN_POINT('',(-0.00809947930289668,-0.010299840769177,-0.0480742392359506));
#14340=CARTESIAN_POINT('',(-0.00828526526216431,-0.0101140548099094,-0.0480742392359506));
#14341=COLOUR_RGB('',1.0,1.0,1.0);
#14342=DIRECTION('',(-1.0,-1.15167715790842E-29,3.1641356201817E-15));
#14343=DIRECTION('',(2.23738175362437E-15,0.707106781186548,0.707106781186547));
#14344=DIRECTION('',(-1.0,-1.11596205068196E-29,3.1641356201817E-15));
#14345=DIRECTION('',(2.23738175362437E-15,0.707106781186548,0.707106781186547));
#14346=DIRECTION('',(3.1641356201817E-15,4.97841222228891E-60,1.0));
#14347=DIRECTION('',(-1.0,-1.11596205068196E-29,3.1641356201817E-15));
#14348=DIRECTION('',(3.1641356201817E-15,4.97841222228891E-60,1.0));
#14349=DIRECTION('',(-1.0,-1.02377753452105E-29,3.1641356201817E-15));
#14350=DIRECTION('',(-1.11596205068196E-29,1.0,3.53105527533379E-44));
#14351=DIRECTION('',(-1.11596205068196E-29,1.0,3.53105527533379E-44));
#14352=DIRECTION('',(1.11596205068196E-29,-1.0,-3.53105527533379E-44));
#14353=DIRECTION('',(2.23738175362439E-15,-0.707106781186548,0.707106781186547));
#14354=DIRECTION('',(3.1641356201817E-15,4.97841222228891E-60,1.0));
#14355=DIRECTION('',(2.23738175362437E-15,0.707106781186548,0.707106781186547));
#14356=DIRECTION('',(-1.11596205068196E-29,1.0,3.53105527533379E-44));
#14357=DIRECTION('',(-2.23738175362439E-15,0.707106781186548,-0.707106781186547));
#14358=DIRECTION('',(-3.1641356201817E-15,-4.97841222228891E-60,-1.0));
#14359=DIRECTION('',(-2.23738175362437E-15,-0.707106781186548,-0.707106781186547));
#14360=DIRECTION('',(-2.23738175362437E-15,-0.707106781186548,-0.707106781186548));
#14361=DIRECTION('',(-3.1641356201817E-15,-4.97841222228891E-60,-1.0));
#14362=DIRECTION('',(-2.23738175362438E-15,0.70710678118655,-0.707106781186545));
#14363=DIRECTION('',(-1.11596205068196E-29,1.0,3.53105527533379E-44));
#14364=DIRECTION('',(2.23738175362437E-15,0.707106781186548,0.707106781186548));
#14365=DIRECTION('',(-3.1641356201817E-15,-4.97841222228891E-60,-1.0));
#14366=DIRECTION('',(2.23738175362438E-15,-0.70710678118655,0.707106781186545));
#14367=DIRECTION('',(1.11596205068196E-29,-1.0,-3.53105527533379E-44));
#14368=DIRECTION('',(1.0,1.11596205068196E-29,-3.1641356201817E-15));
#14369=DIRECTION('',(-3.1641356201817E-15,-4.97841222228891E-60,-1.0));
#14370=DIRECTION('',(1.0,1.13568357331248E-29,-3.1641356201817E-15));
#14371=DIRECTION('',(1.0,1.11596205068196E-29,-3.1641356201817E-15));
#14372=DIRECTION('',(-2.23738175362437E-15,-0.707106781186548,-0.707106781186548));
#14373=DIRECTION('',(-2.23738175362438E-15,0.70710678118655,-0.707106781186545));
#14374=DIRECTION('',(1.0,1.11596205068196E-29,-3.1641356201817E-15));
#14375=DIRECTION('',(1.0,1.11596205068196E-29,-3.1641356201817E-15));
#14376=DIRECTION('',(2.23738175362438E-15,-0.70710678118655,0.707106781186545));
#14377=DIRECTION('',(1.0,1.11596205068196E-29,-3.1641356201817E-15));
#14378=DIRECTION('',(1.0,1.11596205068196E-29,-3.1641356201817E-15));
#14379=DIRECTION('',(3.1641356201817E-15,4.97841222228891E-60,1.0));
#14380=DIRECTION('',(1.0,1.11596205068196E-29,-3.1641356201817E-15));
#14381=DIRECTION('',(2.23738175362437E-15,0.707106781186548,0.707106781186548));
#14382=DIRECTION('',(0.678598344545849,-0.678598344545838,-0.281084637714836));
#14383=DIRECTION('',(-0.678598344545844,0.281084637714819,0.67859834454585));
#14384=DIRECTION('',(-2.23738175362439E-15,0.707106781186548,-0.707106781186547));
#14385=DIRECTION('',(0.678598344545838,0.281084637714849,-0.678598344545844));
#14386=DIRECTION('',(0.678598344545849,-0.678598344545837,0.281084637714839));
#14387=DIRECTION('',(-3.1641356201817E-15,-4.97841222228891E-60,-1.0));
#14388=DIRECTION('',(0.678598344545843,0.678598344545832,-0.281084637714866));
#14389=DIRECTION('',(0.678598344545846,-0.281084637714821,0.678598344545848));
#14390=DIRECTION('',(-2.23738175362437E-15,-0.707106781186548,-0.707106781186547));
#14391=DIRECTION('',(0.678598344545848,0.678598344545836,0.281084637714845));
#14392=DIRECTION('',(0.678598344545845,0.281084637714826,0.678598344545847));
#14393=DIRECTION('',(1.11596205068196E-29,-1.0,-3.53105527533379E-44));
#14394=DIRECTION('',(2.23738175362439E-15,-0.707106781186548,0.707106781186547));
#14395=DIRECTION('',(2.23738175362437E-15,0.707106781186548,0.707106781186548));
#14396=DIRECTION('',(-1.11596205068196E-29,1.0,3.53105527533379E-44));
#14397=DIRECTION('',(-2.23738175362438E-15,0.70710678118655,-0.707106781186545));
#14398=DIRECTION('',(-3.1641356201817E-15,-4.97841222228891E-60,-1.0));
#14399=DIRECTION('',(-2.23738175362437E-15,-0.707106781186548,-0.707106781186548));
#14400=DIRECTION('',(1.11596205068196E-29,-1.0,-3.53105527533379E-44));
#14401=DIRECTION('',(2.23738175362438E-15,-0.70710678118655,0.707106781186545));
#14402=DIRECTION('',(3.1641356201817E-15,4.97841222228891E-60,1.0));
#14403=DIRECTION('',(-0.678598344545845,0.28108463771483,-0.678598344545845));
#14404=DIRECTION('',(0.678598344545845,-0.678598344545844,0.281084637714833));
#14405=DIRECTION('',(0.678598344545845,-0.678598344545846,-0.281084637714828));
#14406=DIRECTION('',(0.678598344545845,-0.281084637714825,-0.678598344545848));
#14407=DIRECTION('',(0.678598344545842,0.281084637714838,-0.678598344545845));
#14408=DIRECTION('',(-1.11596205068196E-29,1.0,3.53105527533379E-44));
#14409=DIRECTION('',(0.678598344545843,0.678598344545844,-0.281084637714838));
#14410=DIRECTION('',(0.678598344545842,0.678598344545841,0.281084637714846));
#14411=DIRECTION('',(0.678598344545843,0.281084637714841,0.678598344545843));
#14412=DIRECTION('',(1.11596205068196E-29,-1.0,-3.53105527533379E-44));
#14413=DIRECTION('',(-1.0,-1.11596205068196E-29,3.1641356201817E-15));
#14414=DIRECTION('',(-1.0,-1.11596205068196E-29,3.1641356201817E-15));
#14415=DIRECTION('',(-3.1641356201817E-15,-4.97841222228891E-60,-1.0));
#14416=DIRECTION('',(-1.0,-1.15167715790842E-29,3.1641356201817E-15));
#14417=DIRECTION('',(-2.23738175362437E-15,-0.707106781186548,-0.707106781186547));
#14418=DIRECTION('',(-1.0,-1.02377753452105E-29,3.1641356201817E-15));
#14419=DIRECTION('',(1.11596205068196E-29,-1.0,-3.53105527533379E-44));
#14420=DIRECTION('',(2.23738175362439E-15,-0.707106781186548,0.707106781186547));
#14421=DIRECTION('',(-2.23738175362439E-15,0.707106781186548,-0.707106781186547));
#14422=CARTESIAN_POINT('',(0.0279027938683829,0.00433293317755152,-7.42392359506305E-05));
#14423=DIRECTION('',(0.184312524596041,0.982867688591416,2.77054477969057E-15));
#14424=DIRECTION('',(-0.982867688591416,0.184312524596041,0.0));
#14425=CARTESIAN_POINT('',(0.0279027938683829,0.00212118288387469,-7.42392359506384E-05));
#14426=DIRECTION('',(0.184312524596041,-0.982867688591416,-4.0494698330238E-15));
#14427=DIRECTION('',(0.982867688591416,0.184312524596041,0.0));
#14428=DIRECTION('',(-4.72032003854846E-33,-1.0,-3.52495810318487E-15));
#14429=CARTESIAN_POINT('',(0.0337999999959968,0.00922705802670535,-7.4239235950632E-05));
#14430=DIRECTION('',(1.0,0.0,0.0));
#14431=DIRECTION('',(0.0,0.0,-1.0));
#14432=CARTESIAN_POINT('',(0.0337999999959968,0.00322705803071311,-7.42392359506533E-05));
#14433=DIRECTION('',(3.1641356201817E-15,-3.52495810318487E-15,1.0));
#14434=DIRECTION('',(0.0,-1.0,-3.52495810318487E-15));
#14435=CARTESIAN_POINT('',(0.0337999999959968,0.0032270580307131,0.000925760764049347));
#14436=DIRECTION('',(3.1641356201817E-15,-3.52495810318487E-15,1.0));
#14437=DIRECTION('',(0.0,-1.0,-3.52495810318487E-15));
#14438=CARTESIAN_POINT('',(0.0366,0.00922705802670535,-7.42392359506407E-05));
#14439=DIRECTION('',(-0.707106781186548,-0.707106781186548,-2.55140024536113E-16));
#14440=DIRECTION('',(-0.707106781186547,0.707106781186547,4.72990353178487E-15));
#14441=DIRECTION('',(1.0,-1.10690494359718E-31,-3.1641356201817E-15));
#14442=DIRECTION('',(1.0,-1.10690494359718E-31,-3.1641356201817E-15));
#14443=CARTESIAN_POINT('',(0.0366,0.0159256607640495,-7.42392359506172E-05));
#14444=DIRECTION('',(-0.707106781186548,0.707106781186548,4.72990353178487E-15));
#14445=DIRECTION('',(0.707106781186547,0.707106781186547,2.55140024536113E-16));
#14446=DIRECTION('',(6.17501288419298E-33,-1.0,-3.52495810318487E-15));
#14447=DIRECTION('',(6.17501288419298E-33,-1.0,-3.52495810318487E-15));
#14448=DIRECTION('',(-0.577350269189627,0.577350269189628,-0.577350269189622));
#14449=DIRECTION('',(6.86112542686551E-34,1.0,3.52495810318487E-15));
#14450=CARTESIAN_POINT('',(-0.0376,-0.0188743392359505,-7.42392359505052E-05));
#14451=DIRECTION('',(0.707106781186546,2.4925217781605E-15,-0.707106781186549));
#14452=DIRECTION('',(0.707106781186549,-2.4925217781605E-15,0.707106781186546));
#14453=DIRECTION('',(-6.86112542686551E-34,-1.0,-3.52495810318487E-15));
#14454=DIRECTION('',(0.0,-0.70710678118655,0.707106781186545));
#14455=DIRECTION('',(1.0,-1.01377283964213E-32,-3.1641356201817E-15));
#14456=DIRECTION('',(-1.0,1.01377283964213E-32,3.1641356201817E-15));
#14457=CARTESIAN_POINT('',(-0.0337999999959968,0.0032270580307131,0.000925760764049561));
#14458=DIRECTION('',(3.1641356201817E-15,-3.52495810318487E-15,1.0));
#14459=DIRECTION('',(0.0,-1.0,-3.52495810318487E-15));
#14460=CARTESIAN_POINT('',(-0.0337999999959968,0.00322705803071311,-7.4239235950439E-05));
#14461=DIRECTION('',(0.0,-3.46944695195362E-15,1.0));
#14462=DIRECTION('',(0.0,-1.0,-3.46944695195362E-15));
#14463=DIRECTION('',(0.0,0.707106781186545,0.70710678118655));
#14464=CARTESIAN_POINT('',(-0.0337999999959968,0.0032270580307131,0.000925760764049561));
#14465=DIRECTION('',(3.1641356201817E-15,-3.52495810318487E-15,1.0));
#14466=DIRECTION('',(0.0,-1.0,-3.52495810318487E-15));
#14467=DIRECTION('',(4.72032003854846E-33,1.0,3.52495810318487E-15));
#14468=DIRECTION('',(-3.1641356201817E-15,3.52495810318487E-15,-1.0));
#14469=DIRECTION('',(4.72032003854846E-33,1.0,3.52495810318487E-15));
#14470=DIRECTION('',(4.72032003854846E-33,1.0,3.52495810318487E-15));
#14471=DIRECTION('',(3.1641356201817E-15,-3.52495810318487E-15,1.0));
#14472=DIRECTION('',(-4.72032003854846E-33,-1.0,-3.52495810318487E-15));
#14473=DIRECTION('',(-3.1641356201817E-15,3.52495810318487E-15,-1.0));
#14474=DIRECTION('',(-4.72032003854846E-33,-1.0,-3.52495810318487E-15));
#14475=DIRECTION('',(3.1641356201817E-15,-3.52495810318487E-15,1.0));
#14476=DIRECTION('',(-4.72032003854846E-33,-1.0,-3.52495810318487E-15));
#14477=DIRECTION('',(-1.0,0.0,0.0));
#14478=DIRECTION('',(0.0,0.0,1.0));
#14479=DIRECTION('',(1.0,0.0,0.0));
#14480=DIRECTION('',(0.0,0.0,1.0));
#14481=CARTESIAN_POINT('',(0.0165,0.0653256607640495,0.000925760764049608));
#14482=DIRECTION('',(3.1641356201817E-15,-3.52495810318487E-15,1.0));
#14483=DIRECTION('',(0.0,-1.0,-3.52495810318487E-15));
#14484=DIRECTION('',(0.0,0.0,1.0));
#14485=CARTESIAN_POINT('',(0.0165,0.0653256607640495,0.00192576076404961));
#14486=DIRECTION('',(0.0,0.0,-1.0));
#14487=DIRECTION('',(-1.0,0.0,0.0));
#14488=CARTESIAN_POINT('',(-0.0165,0.0653256607640495,0.000925760764049713));
#14489=DIRECTION('',(3.1641356201817E-15,-3.52495810318487E-15,1.0));
#14490=DIRECTION('',(0.0,-1.0,-3.52495810318487E-15));
#14491=CARTESIAN_POINT('',(-0.0165,0.0653256607640495,0.00192576076404961));
#14492=DIRECTION('',(0.0,0.0,-1.0));
#14493=DIRECTION('',(-1.0,0.0,0.0));
#14494=DIRECTION('',(-0.0,0.0,1.0));
#14495=DIRECTION('',(0.0,1.0,0.0));
#14496=DIRECTION('',(0.0,0.0,1.0));
#14497=DIRECTION('',(0.0,-1.0,0.0));
#14498=DIRECTION('',(-0.0,1.0,0.0));
#14499=DIRECTION('',(-0.0,0.0,1.0));
#14500=DIRECTION('',(0.0,-1.0,0.0));
#14501=CARTESIAN_POINT('',(0.0165,0.0343256607640495,0.000925760764049499));
#14502=DIRECTION('',(3.1641356201817E-15,-3.52495810318487E-15,1.0));
#14503=DIRECTION('',(0.0,-1.0,-3.52495810318487E-15));
#14504=DIRECTION('',(0.0,0.0,1.0));
#14505=CARTESIAN_POINT('',(0.0165,0.0343256607640495,0.00192576076404961));
#14506=DIRECTION('',(0.0,0.0,-1.0));
#14507=DIRECTION('',(-1.0,0.0,0.0));
#14508=CARTESIAN_POINT('',(-0.0165,0.0343256607640495,0.000925760764049603));
#14509=DIRECTION('',(3.1641356201817E-15,-3.52495810318487E-15,1.0));
#14510=DIRECTION('',(0.0,-1.0,-3.52495810318487E-15));
#14511=CARTESIAN_POINT('',(-0.0165,0.0343256607640495,0.00192576076404961));
#14512=DIRECTION('',(0.0,0.0,-1.0));
#14513=DIRECTION('',(-1.0,0.0,0.0));
#14514=DIRECTION('',(0.0,0.0,1.0));
#14515=DIRECTION('',(-1.0,0.0,0.0));
#14516=DIRECTION('',(1.0,0.0,0.0));
#14517=CARTESIAN_POINT('',(0.0152,0.0640256607640495,0.00192576076404961));
#14518=DIRECTION('',(0.0,0.0,-1.0));
#14519=DIRECTION('',(-1.0,0.0,0.0));
#14520=CARTESIAN_POINT('',(0.0152,0.0640256607640495,0.000424760764049603));
#14521=DIRECTION('',(3.1641356201817E-15,-3.52495810318487E-15,1.0));
#14522=DIRECTION('',(0.0,-1.0,-3.52495810318487E-15));
#14523=CARTESIAN_POINT('',(0.0152,0.0640256607640495,0.000424760764049603));
#14524=DIRECTION('',(3.1641356201817E-15,-3.52495810318487E-15,1.0));
#14525=DIRECTION('',(0.0,-1.0,-3.52495810318487E-15));
#14526=CARTESIAN_POINT('',(0.0152,0.0640256607640495,-0.00537523923595041));
#14527=DIRECTION('',(0.0,0.0,-1.0));
#14528=DIRECTION('',(-1.0,0.0,0.0));
#14529=CARTESIAN_POINT('',(-0.0152,0.0640256607640495,0.00192576076404961));
#14530=DIRECTION('',(0.0,0.0,-1.0));
#14531=DIRECTION('',(-1.0,0.0,0.0));
#14532=CARTESIAN_POINT('',(-0.0152,0.0640256607640495,0.0004247607640497));
#14533=DIRECTION('',(3.1641356201817E-15,-3.52495810318487E-15,1.0));
#14534=DIRECTION('',(0.0,-1.0,-3.52495810318487E-15));
#14535=CARTESIAN_POINT('',(-0.0152,0.0640256607640495,0.0004247607640497));
#14536=DIRECTION('',(3.1641356201817E-15,-3.52495810318487E-15,1.0));
#14537=DIRECTION('',(0.0,-1.0,-3.52495810318487E-15));
#14538=CARTESIAN_POINT('',(-0.0152,0.0640256607640495,-0.00537523923595041));
#14539=DIRECTION('',(0.0,0.0,-1.0));
#14540=DIRECTION('',(-1.0,0.0,0.0));
#14541=CARTESIAN_POINT('',(0.0152,0.0353997007966495,0.000424760764049502));
#14542=DIRECTION('',(3.1641356201817E-15,-3.52495810318487E-15,1.0));
#14543=DIRECTION('',(0.0,-1.0,-3.52495810318487E-15));
#14544=CARTESIAN_POINT('',(0.0152,0.0353997007966495,0.000424760764049502));
#14545=DIRECTION('',(3.1641356201817E-15,-3.52495810318487E-15,1.0));
#14546=DIRECTION('',(0.0,-1.0,-3.52495810318487E-15));
#14547=CARTESIAN_POINT('',(0.0152,0.0353997007966495,-0.00537523923595041));
#14548=DIRECTION('',(0.0,0.0,-1.0));
#14549=DIRECTION('',(-1.0,0.0,0.0));
#14550=CARTESIAN_POINT('',(0.0152,0.0353997007966495,0.00192576076404961));
#14551=DIRECTION('',(0.0,0.0,-1.0));
#14552=DIRECTION('',(-1.0,0.0,0.0));
#14553=CARTESIAN_POINT('',(-0.0152,0.0353997007966495,-0.00537523923595041));
#14554=DIRECTION('',(0.0,0.0,-1.0));
#14555=DIRECTION('',(-1.0,0.0,0.0));
#14556=CARTESIAN_POINT('',(-0.0152,0.0353997007966495,0.000424760764049599));
#14557=DIRECTION('',(3.1641356201817E-15,-3.52495810318487E-15,1.0));
#14558=DIRECTION('',(0.0,-1.0,-3.52495810318487E-15));
#14559=CARTESIAN_POINT('',(-0.0152,0.0353997007966495,0.000424760764049599));
#14560=DIRECTION('',(3.1641356201817E-15,-3.52495810318487E-15,1.0));
#14561=DIRECTION('',(0.0,-1.0,-3.52495810318487E-15));
#14562=CARTESIAN_POINT('',(-0.0152,0.0353997007966495,0.00192576076404961));
#14563=DIRECTION('',(0.0,0.0,-1.0));
#14564=DIRECTION('',(-1.0,0.0,0.0));
#14565=DIRECTION('',(-3.17702317452607E-15,0.00184333203206677,-0.999998301062067));
#14566=DIRECTION('',(2.24442315789456E-15,0.706454764287107,0.707758197420594));
#14567=DIRECTION('',(5.85630858420004E-18,-1.0,-7.01695646032619E-15));
#14568=DIRECTION('',(-3.17702317452607E-15,0.00184333203206677,-0.999998301062067));
#14569=DIRECTION('',(-5.85630858422233E-18,1.0,0.0));
#14570=DIRECTION('',(-3.17702317452607E-15,0.00184333203206677,-0.999998301062067));
#14571=DIRECTION('',(-1.0,5.86929117151037E-18,4.11862428089354E-32));
#14572=DIRECTION('',(1.0,-5.86929117151036E-18,0.0));
#14573=DIRECTION('',(-3.17702317452607E-15,0.00184333203206677,-0.999998301062067));
#14574=DIRECTION('',(-5.85630858419995E-18,1.0,7.01695646032619E-15));
#14575=DIRECTION('',(-2.24442315789456E-15,-0.706454764287107,-0.707758197420594));
#14576=DIRECTION('',(5.85630858422224E-18,-1.0,0.0));
#14577=DIRECTION('',(-0.707106180520515,-0.00130343368707879,0.707106180520516));
#14578=DIRECTION('',(1.0,-5.84211852719782E-18,-4.09936501468139E-32));
#14579=DIRECTION('',(-0.707106180520516,0.00130343368707879,-0.707106180520515));
#14580=DIRECTION('',(-1.0,5.84211852719782E-18,0.0));
#14581=DIRECTION('',(-0.576995192478956,-0.578059768287283,0.576995192478954));
#14582=DIRECTION('',(-1.0,5.84211852719782E-18,4.0993891341412E-32));
#14583=DIRECTION('',(0.576995192478958,-0.578059768287282,0.576995192478953));
#14584=DIRECTION('',(5.85630858419995E-18,-1.0,-7.01695646032619E-15));
#14585=DIRECTION('',(0.577704691978574,0.576640770091639,0.577704691978577));
#14586=DIRECTION('',(1.0,-5.86929117151036E-18,-4.11845606034651E-32));
#14587=DIRECTION('',(0.577704691978572,-0.576640770091639,-0.577704691978578));
#14588=DIRECTION('',(-5.85630858420004E-18,1.0,7.01695646032619E-15));
#14589=DIRECTION('',(-3.1641356201817E-15,3.52495810318487E-15,-1.0));
#14590=DIRECTION('',(1.0,2.93730110223684E-32,-3.1641356201817E-15));
#14591=DIRECTION('',(0.0,-0.0,1.0));
#14592=DIRECTION('',(-1.0,-2.93730110223684E-32,3.1641356201817E-15));
#14593=CARTESIAN_POINT('',(0.032,0.0497756607640495,-7.42392359504799E-05));
#14594=DIRECTION('',(3.1641356201817E-15,-3.52495810318487E-15,1.0));
#14595=DIRECTION('',(0.0,-1.0,-3.52495810318487E-15));
#14596=DIRECTION('',(0.0,-0.0,1.0));
#14597=CARTESIAN_POINT('',(0.032,0.0497756607640495,-0.00227523923595042));
#14598=DIRECTION('',(3.1641356201817E-15,-3.52495810318487E-15,1.0));
#14599=DIRECTION('',(0.0,-1.0,-3.52495810318487E-15));
#14600=DIRECTION('',(1.0,-3.88728324310868E-32,-3.1641356201817E-15));
#14601=DIRECTION('',(-6.17501288419298E-33,1.0,3.52495810318487E-15));
#14602=CARTESIAN_POINT('',(0.032,0.0497756607640495,-0.00227523923595041));
#14603=DIRECTION('',(0.0,0.0,-1.0));
#14604=DIRECTION('',(-1.0,0.0,0.0));
#14605=CARTESIAN_POINT('',(0.032,0.0497756607640495,0.00192576076404965));
#14606=DIRECTION('',(0.0,0.0,-1.0));
#14607=DIRECTION('',(-1.0,0.0,0.0));
#14608=DIRECTION('',(1.0,-3.88728324310868E-32,-3.1641356201817E-15));
#14609=DIRECTION('',(3.1641356201817E-15,-3.52495810318487E-15,1.0));
#14610=CARTESIAN_POINT('',(-0.032,0.0497756607640495,-0.00227523923595041));
#14611=DIRECTION('',(0.0,0.0,-1.0));
#14612=DIRECTION('',(-1.0,0.0,0.0));
#14613=CARTESIAN_POINT('',(-0.032,0.0497756607640495,-0.00227523923595041));
#14614=DIRECTION('',(0.0,0.0,-1.0));
#14615=DIRECTION('',(-1.0,0.0,0.0));
#14616=DIRECTION('',(-1.0,1.13970558567268E-29,0.0));
#14617=DIRECTION('',(6.86112542686551E-34,1.0,3.52495810318487E-15));
#14618=DIRECTION('',(1.0,-1.13288100132734E-29,0.0));
#14619=DIRECTION('',(0.0,-0.0,1.0));
#14620=CARTESIAN_POINT('',(-0.032,0.0497756607640495,-7.42392359502847E-05));
#14621=DIRECTION('',(3.1641356201817E-15,-3.52495810318487E-15,1.0));
#14622=DIRECTION('',(0.0,-1.0,-3.52495810318487E-15));
#14623=DIRECTION('',(0.0,-0.0,1.0));
#14624=DIRECTION('',(-1.0,2.43610362791448E-31,3.1641356201817E-15));
#14625=DIRECTION('',(-3.1641356201817E-15,3.52495810318487E-15,-1.0));
#14626=DIRECTION('',(-3.1641356201817E-15,3.52495810318487E-15,-1.0));
#14627=DIRECTION('',(-1.0,1.75364519337993E-31,3.1641356201817E-15));
#14628=CARTESIAN_POINT('',(-0.032,0.0497756607640495,0.00192576076404965));
#14629=DIRECTION('',(0.0,0.0,-1.0));
#14630=DIRECTION('',(-1.0,0.0,0.0));
#14631=DIRECTION('',(3.1641356201817E-15,-3.52495810318487E-15,1.0));
#14632=CARTESIAN_POINT('',(0.000200016112074119,0.00287122656432934,0.00192576076404945));
#14633=DIRECTION('',(3.1641356201817E-15,-3.52495810318487E-15,1.0));
#14634=DIRECTION('',(0.0,-1.0,-3.52495810318487E-15));
#14635=DIRECTION('',(3.1641356201817E-15,-3.52495810318487E-15,1.0));
#14636=CARTESIAN_POINT('',(0.000200016112074122,0.00287122656432933,0.00292576076404957));
#14637=DIRECTION('',(-0.0,7.01695646032618E-15,-1.0));
#14638=DIRECTION('',(0.0,1.0,7.01695646032618E-15));
#14639=DIRECTION('',(3.1641356201817E-15,-3.52495810318487E-15,1.0));
#14640=CARTESIAN_POINT('',(0.0136350449546185,0.0163062554068737,0.00192576076404946));
#14641=DIRECTION('',(3.1641356201817E-15,-3.52495810318487E-15,1.0));
#14642=DIRECTION('',(0.0,-1.0,-3.52495810318487E-15));
#14643=CARTESIAN_POINT('',(0.0136350449546185,0.0163062554068737,0.00292576076404966));
#14644=DIRECTION('',(-0.0,7.01695646032619E-15,-1.0));
#14645=DIRECTION('',(0.0,1.0,7.01695646032619E-15));
#14646=CARTESIAN_POINT('',(0.0136350449546185,-0.0105638022782151,0.00192576076404936));
#14647=DIRECTION('',(3.1641356201817E-15,-3.52495810318487E-15,1.0));
#14648=DIRECTION('',(0.0,-1.0,-3.52495810318487E-15));
#14649=DIRECTION('',(3.1641356201817E-15,-3.52495810318487E-15,1.0));
#14650=CARTESIAN_POINT('',(0.0136350449546185,-0.0105638022782151,0.00292576076404947));
#14651=DIRECTION('',(-0.0,7.01695646032619E-15,-1.0));
#14652=DIRECTION('',(0.0,1.0,7.01695646032619E-15));
#14653=CARTESIAN_POINT('',(0.000200016112074119,0.00287122656432934,0.00192576076404945));
#14654=DIRECTION('',(3.1641356201817E-15,-3.52495810318487E-15,1.0));
#14655=DIRECTION('',(0.0,-1.0,-3.52495810318487E-15));
#14656=CARTESIAN_POINT('',(0.000200016112074122,0.00287122656432933,0.00292576076404957));
#14657=DIRECTION('',(-0.0,7.01695646032619E-15,-1.0));
#14658=DIRECTION('',(0.0,1.0,7.01695646032619E-15));
#14659=DIRECTION('',(3.1641356201817E-15,-3.52495810318487E-15,1.0));
#14660=CARTESIAN_POINT('',(0.000200016112074119,0.00287122656432934,0.00192576076404945));
#14661=DIRECTION('',(3.1641356201817E-15,-3.52495810318487E-15,1.0));
#14662=DIRECTION('',(0.0,-1.0,-3.52495810318487E-15));
#14663=DIRECTION('',(3.1641356201817E-15,-3.52495810318487E-15,1.0));
#14664=CARTESIAN_POINT('',(0.000200016112074122,0.00287122656432933,0.00292576076404957));
#14665=DIRECTION('',(-0.0,7.01695646032619E-15,-1.0));
#14666=DIRECTION('',(0.0,1.0,7.01695646032619E-15));
#14667=DIRECTION('',(3.1641356201817E-15,-3.52495810318487E-15,1.0));
#14668=CARTESIAN_POINT('',(0.00939240426749924,0.0120636147197545,0.00192576076404945));
#14669=DIRECTION('',(3.1641356201817E-15,-3.52495810318487E-15,1.0));
#14670=DIRECTION('',(0.0,-1.0,-3.52495810318487E-15));
#14671=CARTESIAN_POINT('',(0.00939240426749925,0.0120636147197544,0.00292576076404963));
#14672=DIRECTION('',(-0.0,7.01695646032619E-15,-1.0));
#14673=DIRECTION('',(0.0,1.0,7.01695646032619E-15));
#14674=CARTESIAN_POINT('',(0.00939240426749922,-0.0063211615910958,0.00192576076404939));
#14675=DIRECTION('',(3.1641356201817E-15,-3.52495810318487E-15,1.0));
#14676=DIRECTION('',(0.0,-1.0,-3.52495810318487E-15));
#14677=DIRECTION('',(3.1641356201817E-15,-3.52495810318487E-15,1.0));
#14678=CARTESIAN_POINT('',(0.00939240426749923,-0.0063211615910958,0.0029257607640495));
#14679=DIRECTION('',(-0.0,7.01695646032619E-15,-1.0));
#14680=DIRECTION('',(0.0,1.0,7.01695646032619E-15));
#14681=CARTESIAN_POINT('',(0.000200016112074119,0.00287122656432934,0.00192576076404945));
#14682=DIRECTION('',(3.1641356201817E-15,-3.52495810318487E-15,1.0));
#14683=DIRECTION('',(0.0,-1.0,-3.52495810318487E-15));
#14684=CARTESIAN_POINT('',(0.000200016112074122,0.00287122656432933,0.00292576076404957));
#14685=DIRECTION('',(-0.0,7.01695646032619E-15,-1.0));
#14686=DIRECTION('',(0.0,1.0,7.01695646032619E-15));
#14687=DIRECTION('',(3.1641356201817E-15,-3.52495810318487E-15,1.0));
#14688=CARTESIAN_POINT('',(0.000200016112074119,0.00287122656432934,0.00192576076404945));
#14689=DIRECTION('',(3.1641356201817E-15,-3.52495810318487E-15,1.0));
#14690=DIRECTION('',(0.0,-1.0,-3.52495810318487E-15));
#14691=DIRECTION('',(3.1641356201817E-15,-3.52495810318487E-15,1.0));
#14692=CARTESIAN_POINT('',(0.000200016112074122,0.00287122656432933,0.00292576076404957));
#14693=DIRECTION('',(-0.0,7.01695646032619E-15,-1.0));
#14694=DIRECTION('',(0.0,1.0,7.01695646032619E-15));
#14695=DIRECTION('',(3.1641356201817E-15,-3.52495810318487E-15,1.0));
#14696=CARTESIAN_POINT('',(0.0058568703615665,0.00852808081382172,0.00192576076404945));
#14697=DIRECTION('',(3.1641356201817E-15,-3.52495810318487E-15,1.0));
#14698=DIRECTION('',(0.0,-1.0,-3.52495810318487E-15));
#14699=CARTESIAN_POINT('',(0.0058568703615665,0.00852808081382171,0.00292576076404961));
#14700=DIRECTION('',(-0.0,7.01695646032619E-15,-1.0));
#14701=DIRECTION('',(0.0,1.0,7.01695646032619E-15));
#14702=CARTESIAN_POINT('',(0.00585687036156649,-0.00278562768516305,0.00192576076404941));
#14703=DIRECTION('',(3.1641356201817E-15,-3.52495810318487E-15,1.0));
#14704=DIRECTION('',(0.0,-1.0,-3.52495810318487E-15));
#14705=DIRECTION('',(3.1641356201817E-15,-3.52495810318487E-15,1.0));
#14706=CARTESIAN_POINT('',(0.00585687036156649,-0.00278562768516306,0.00292576076404953));
#14707=DIRECTION('',(-0.0,7.01695646032619E-15,-1.0));
#14708=DIRECTION('',(0.0,1.0,7.01695646032619E-15));
#14709=CARTESIAN_POINT('',(0.000200016112074119,0.00287122656432934,0.00192576076404945));
#14710=DIRECTION('',(3.1641356201817E-15,-3.52495810318487E-15,1.0));
#14711=DIRECTION('',(0.0,-1.0,-3.52495810318487E-15));
#14712=CARTESIAN_POINT('',(0.000200016112074122,0.00287122656432933,0.00292576076404957));
#14713=DIRECTION('',(-0.0,7.01695646032619E-15,-1.0));
#14714=DIRECTION('',(0.0,1.0,7.01695646032619E-15));
#14715=CARTESIAN_POINT('',(0.000200016112074122,0.00287122656432933,0.00292576076404957));
#14716=DIRECTION('',(-0.0,7.01695646032619E-15,-1.0));
#14717=DIRECTION('',(0.0,1.0,7.01695646032619E-15));
#14718=CARTESIAN_POINT('',(0.000200016112074119,0.00287122656432934,0.00192576076404945));
#14719=DIRECTION('',(3.1641356201817E-15,-3.52495810318487E-15,1.0));
#14720=DIRECTION('',(0.0,-1.0,-3.52495810318487E-15));
#14721=DIRECTION('',(3.1641356201817E-15,-3.52495810318487E-15,1.0));
#14722=CARTESIAN_POINT('',(0.000200016112074119,0.00287122656432934,0.00192576076404945));
#14723=DIRECTION('',(3.1641356201817E-15,-3.52495810318487E-15,1.0));
#14724=DIRECTION('',(0.0,-1.0,-3.52495810318487E-15));
#14725=DIRECTION('',(3.1641356201817E-15,-3.52495810318487E-15,1.0));
#14726=CARTESIAN_POINT('',(0.000200016112074122,0.00287122656432933,0.00292576076404957));
#14727=DIRECTION('',(-0.0,7.01695646032619E-15,-1.0));
#14728=DIRECTION('',(0.0,1.0,7.01695646032619E-15));
#14729=DIRECTION('',(3.1641356201817E-15,-3.52495810318487E-15,1.0));
#14730=CARTESIAN_POINT('',(-0.00545683813741824,0.00852808081382174,0.00192576076404949));
#14731=DIRECTION('',(3.1641356201817E-15,-3.52495810318487E-15,1.0));
#14732=DIRECTION('',(0.0,-1.0,-3.52495810318487E-15));
#14733=CARTESIAN_POINT('',(-0.00545683813741824,0.00852808081382173,0.00292576076404961));
#14734=DIRECTION('',(-0.0,7.01695646032619E-15,-1.0));
#14735=DIRECTION('',(0.0,1.0,7.01695646032619E-15));
#14736=CARTESIAN_POINT('',(-0.00545683813741827,-0.00278562768516304,0.00192576076404945));
#14737=DIRECTION('',(3.1641356201817E-15,-3.52495810318487E-15,1.0));
#14738=DIRECTION('',(0.0,-1.0,-3.52495810318487E-15));
#14739=DIRECTION('',(3.1641356201817E-15,-3.52495810318487E-15,1.0));
#14740=CARTESIAN_POINT('',(-0.00545683813741827,-0.00278562768516304,0.00292576076404953));
#14741=DIRECTION('',(-0.0,7.01695646032619E-15,-1.0));
#14742=DIRECTION('',(0.0,1.0,7.01695646032619E-15));
#14743=CARTESIAN_POINT('',(0.000200016112074119,0.00287122656432934,0.00192576076404945));
#14744=DIRECTION('',(3.1641356201817E-15,-3.52495810318487E-15,1.0));
#14745=DIRECTION('',(0.0,-1.0,-3.52495810318487E-15));
#14746=CARTESIAN_POINT('',(0.000200016112074122,0.00287122656432933,0.00292576076404957));
#14747=DIRECTION('',(-0.0,7.01695646032619E-15,-1.0));
#14748=DIRECTION('',(0.0,1.0,7.01695646032619E-15));
#14749=DIRECTION('',(3.1641356201817E-15,-3.52495810318487E-15,1.0));
#14750=CARTESIAN_POINT('',(0.000200016112074119,0.00287122656432934,0.00192576076404945));
#14751=DIRECTION('',(3.1641356201817E-15,-3.52495810318487E-15,1.0));
#14752=DIRECTION('',(0.0,-1.0,-3.52495810318487E-15));
#14753=DIRECTION('',(3.1641356201817E-15,-3.52495810318487E-15,1.0));
#14754=CARTESIAN_POINT('',(0.000200016112074122,0.00287122656432933,0.00292576076404957));
#14755=DIRECTION('',(-0.0,7.01695646032619E-15,-1.0));
#14756=DIRECTION('',(0.0,1.0,7.01695646032619E-15));
#14757=DIRECTION('',(3.1641356201817E-15,-3.52495810318487E-15,1.0));
#14758=CARTESIAN_POINT('',(-0.00899237204335096,0.0120636147197545,0.00192576076404951));
#14759=DIRECTION('',(3.1641356201817E-15,-3.52495810318487E-15,1.0));
#14760=DIRECTION('',(0.0,-1.0,-3.52495810318487E-15));
#14761=CARTESIAN_POINT('',(-0.00899237204335096,0.0120636147197545,0.00292576076404963));
#14762=DIRECTION('',(-0.0,7.01695646032618E-15,-1.0));
#14763=DIRECTION('',(0.0,1.0,7.01695646032618E-15));
#14764=CARTESIAN_POINT('',(-0.00899237204335101,-0.00632116159109577,0.00192576076404945));
#14765=DIRECTION('',(3.1641356201817E-15,-3.52495810318487E-15,1.0));
#14766=DIRECTION('',(0.0,-1.0,-3.52495810318487E-15));
#14767=DIRECTION('',(3.1641356201817E-15,-3.52495810318487E-15,1.0));
#14768=CARTESIAN_POINT('',(-0.00899237204335101,-0.00632116159109578,0.0029257607640495));
#14769=DIRECTION('',(-0.0,7.01695646032619E-15,-1.0));
#14770=DIRECTION('',(0.0,1.0,7.01695646032619E-15));
#14771=CARTESIAN_POINT('',(0.000200016112074119,0.00287122656432934,0.00192576076404945));
#14772=DIRECTION('',(3.1641356201817E-15,-3.52495810318487E-15,1.0));
#14773=DIRECTION('',(0.0,-1.0,-3.52495810318487E-15));
#14774=CARTESIAN_POINT('',(0.000200016112074122,0.00287122656432933,0.00292576076404957));
#14775=DIRECTION('',(-0.0,7.01695646032619E-15,-1.0));
#14776=DIRECTION('',(0.0,1.0,7.01695646032619E-15));
#14777=DIRECTION('',(3.1641356201817E-15,-3.52495810318487E-15,1.0));
#14778=CARTESIAN_POINT('',(0.000200016112074119,0.00287122656432934,0.00192576076404945));
#14779=DIRECTION('',(3.1641356201817E-15,-3.52495810318487E-15,1.0));
#14780=DIRECTION('',(0.0,-1.0,-3.52495810318487E-15));
#14781=DIRECTION('',(3.1641356201817E-15,-3.52495810318487E-15,1.0));
#14782=CARTESIAN_POINT('',(0.000200016112074122,0.00287122656432933,0.00292576076404957));
#14783=DIRECTION('',(-0.0,7.01695646032619E-15,-1.0));
#14784=DIRECTION('',(0.0,1.0,7.01695646032619E-15));
#14785=DIRECTION('',(3.1641356201817E-15,-3.52495810318487E-15,1.0));
#14786=CARTESIAN_POINT('',(-0.0132350127304702,0.0163062554068738,0.00192576076404954));
#14787=DIRECTION('',(3.1641356201817E-15,-3.52495810318487E-15,1.0));
#14788=DIRECTION('',(0.0,-1.0,-3.52495810318487E-15));
#14789=CARTESIAN_POINT('',(-0.0132350127304702,0.0163062554068738,0.00292576076404966));
#14790=DIRECTION('',(-0.0,7.01695646032619E-15,-1.0));
#14791=DIRECTION('',(0.0,1.0,7.01695646032618E-15));
#14792=CARTESIAN_POINT('',(-0.0132350127304703,-0.0105638022782151,0.00192576076404945));
#14793=DIRECTION('',(3.1641356201817E-15,-3.52495810318487E-15,1.0));
#14794=DIRECTION('',(0.0,-1.0,-3.52495810318487E-15));
#14795=DIRECTION('',(3.1641356201817E-15,-3.52495810318487E-15,1.0));
#14796=CARTESIAN_POINT('',(-0.0132350127304703,-0.0105638022782151,0.00292576076404947));
#14797=DIRECTION('',(-0.0,7.01695646032619E-15,-1.0));
#14798=DIRECTION('',(0.0,1.0,7.01695646032619E-15));
#14799=CARTESIAN_POINT('',(0.000200016112074119,0.00287122656432934,0.00192576076404945));
#14800=DIRECTION('',(3.1641356201817E-15,-3.52495810318487E-15,1.0));
#14801=DIRECTION('',(0.0,-1.0,-3.52495810318487E-15));
#14802=CARTESIAN_POINT('',(0.000200016112074122,0.00287122656432933,0.00292576076404957));
#14803=DIRECTION('',(-0.0,7.01695646032618E-15,-1.0));
#14804=DIRECTION('',(0.0,1.0,7.01695646032618E-15));
#14805=DIRECTION('',(1.0,4.2562552674671E-34,-3.1641356201817E-15));
#14806=DIRECTION('',(3.1641356201817E-15,-3.52495810318487E-15,1.0));
#14807=DIRECTION('',(1.0,4.2562552674671E-34,-3.1641356201817E-15));
#14808=DIRECTION('',(3.1641356201817E-15,-3.52495810318487E-15,1.0));
#14809=CARTESIAN_POINT('',(-0.025902794533327,0.0291284552973767,0.00192576076404963));
#14810=DIRECTION('',(3.1641356201817E-15,-3.52495810318487E-15,1.0));
#14811=DIRECTION('',(0.0,-1.0,-3.52495810318487E-15));
#14812=CARTESIAN_POINT('',(-0.025902794533327,0.0291284552973767,0.000925760764049627));
#14813=DIRECTION('',(3.1641356201817E-15,-3.52495810318487E-15,1.0));
#14814=DIRECTION('',(0.0,-1.0,-3.52495810318487E-15));
#14815=CARTESIAN_POINT('',(0.0259027945333274,0.0291284552973767,0.00192576076404946));
#14816=DIRECTION('',(3.1641356201817E-15,-3.52495810318487E-15,1.0));
#14817=DIRECTION('',(0.0,-1.0,-3.52495810318487E-15));
#14818=CARTESIAN_POINT('',(0.0259027945333274,0.0291284552973767,0.000925760764049463));
#14819=DIRECTION('',(3.1641356201817E-15,-3.52495810318487E-15,1.0));
#14820=DIRECTION('',(0.0,-1.0,-3.52495810318487E-15));
#14821=CARTESIAN_POINT('',(0.0298,-0.0223743392359505,-7.42392359507309E-05));
#14822=DIRECTION('',(-1.09556073496637E-29,-1.0,-3.46944695195361E-15));
#14823=DIRECTION('',(0.0,3.46944695195361E-15,-1.0));
#14824=CARTESIAN_POINT('',(0.0333,-0.0223743392359505,0.000925760764049258));
#14825=DIRECTION('',(3.1641356201817E-15,-3.52495810318487E-15,1.0));
#14826=DIRECTION('',(0.0,-1.0,-3.52495810318487E-15));
#14827=CARTESIAN_POINT('',(0.0333,-0.0188743392359505,-7.42392359507295E-05));
#14828=DIRECTION('',(1.0,0.0,0.0));
#14829=DIRECTION('',(0.0,0.0,-1.0));
#14830=CARTESIAN_POINT('',(0.0333,-0.0223743392359505,-7.42392359507419E-05));
#14831=DIRECTION('',(3.1641356201817E-15,-3.52495810318487E-15,1.0));
#14832=DIRECTION('',(0.0,-1.0,-3.52495810318487E-15));
#14833=DIRECTION('',(-1.0,2.52236637404344E-32,3.1641356201817E-15));
#14834=CARTESIAN_POINT('',(0.0366,-0.0188743392359505,-7.42392359507399E-05));
#14835=DIRECTION('',(0.707106781186548,0.707106781186548,2.55140024536113E-16));
#14836=DIRECTION('',(-0.707106781186547,0.707106781186547,4.72990353178487E-15));
#14837=DIRECTION('',(-1.0,2.52236637404344E-32,3.1641356201817E-15));
#14838=CARTESIAN_POINT('',(0.0298,-0.0256743392359505,-7.42392359507425E-05));
#14839=DIRECTION('',(-0.707106781186548,-0.707106781186548,-2.55140024536113E-16));
#14840=DIRECTION('',(-0.707106781186547,0.707106781186547,4.72990353178487E-15));
#14841=DIRECTION('',(-3.87653586619114E-32,1.0,3.52495810318487E-15));
#14842=DIRECTION('',(-3.87653586619114E-32,1.0,3.52495810318487E-15));
#14843=CARTESIAN_POINT('',(-0.0298,-0.0256743392359505,-7.42392359505538E-05));
#14844=DIRECTION('',(-0.707106781186548,0.707106781186548,4.72990353178487E-15));
#14845=DIRECTION('',(0.707106781186547,0.707106781186547,2.55140024536113E-16));
#14846=DIRECTION('',(1.0,-1.3376185316877E-33,-3.1641356201817E-15));
#14847=DIRECTION('',(1.0,-1.3376185316877E-33,-3.1641356201817E-15));
#14848=DIRECTION('',(-1.0,-2.25484266770114E-32,3.1641356201817E-15));
#14849=DIRECTION('',(-1.0,-2.25484266770114E-32,3.1641356201817E-15));
#14850=CARTESIAN_POINT('',(0.0337999999959968,0.0159256607640495,-7.42392359506084E-05));
#14851=DIRECTION('',(-1.0,0.0,0.0));
#14852=DIRECTION('',(0.0,0.0,1.0));
#14853=CARTESIAN_POINT('',(-0.0298,-0.0223743392359505,-7.42392359505419E-05));
#14854=DIRECTION('',(1.0814548027565E-29,1.0,3.46944695195362E-15));
#14855=DIRECTION('',(0.0,-3.46944695195362E-15,1.0));
#14856=DIRECTION('',(4.11667525612351E-33,1.0,3.52495810318487E-15));
#14857=DIRECTION('',(4.11667525612351E-33,1.0,3.52495810318487E-15));
#14858=CARTESIAN_POINT('',(0.0337999999959968,0.0259256607640495,-7.42392359505731E-05));
#14859=DIRECTION('',(1.0,0.0,0.0));
#14860=DIRECTION('',(0.0,0.0,-1.0));
#14861=CARTESIAN_POINT('',(0.0337999999959968,0.0209256607600463,-7.42392359505905E-05));
#14862=DIRECTION('',(3.1641356201817E-15,-3.52495810318487E-15,1.0));
#14863=DIRECTION('',(0.0,-1.0,-3.52495810318487E-15));
#14864=CARTESIAN_POINT('',(0.0337999999959968,0.0209256607600463,0.000925760764049409));
#14865=DIRECTION('',(3.1641356201817E-15,-3.52495810318487E-15,1.0));
#14866=DIRECTION('',(0.0,-1.0,-3.52495810318487E-15));
#14867=CARTESIAN_POINT('',(-0.0333,-0.0188743392359505,-7.42392359505188E-05));
#14868=DIRECTION('',(-1.0,-0.0,0.0));
#14869=DIRECTION('',(0.0,0.0,1.0));
#14870=CARTESIAN_POINT('',(-0.0333,-0.0223743392359505,0.000925760764049469));
#14871=DIRECTION('',(3.1641356201817E-15,-3.52495810318487E-15,1.0));
#14872=DIRECTION('',(0.0,-1.0,-3.52495810318487E-15));
#14873=CARTESIAN_POINT('',(-0.0333,-0.0223743392359505,-7.4239235950531E-05));
#14874=DIRECTION('',(3.1641356201817E-15,-3.52495810318487E-15,1.0));
#14875=DIRECTION('',(0.0,-1.0,-3.52495810318487E-15));
#14876=CARTESIAN_POINT('',(0.0366,0.0259256607640495,-7.42392359505823E-05));
#14877=DIRECTION('',(-0.707106781186548,-0.707106781186548,-2.55140024536113E-16));
#14878=DIRECTION('',(-0.707106781186547,0.707106781186547,4.72990353178487E-15));
#14879=DIRECTION('',(-1.0,-2.25484266770114E-32,3.1641356201817E-15));
#14880=DIRECTION('',(-1.0,-2.25484266770114E-32,3.1641356201817E-15));
#14881=DIRECTION('',(1.0,2.25484266770212E-32,-3.1641356201817E-15));
#14882=DIRECTION('',(1.0,2.25484266770212E-32,-3.1641356201817E-15));
#14883=CARTESIAN_POINT('',(0.0366,0.0437756607640495,-7.42392359505194E-05));
#14884=DIRECTION('',(0.707106781186548,-0.707106781186548,-4.72990353178487E-15));
#14885=DIRECTION('',(-0.707106781186547,-0.707106781186547,-2.55140024536113E-16));
#14886=DIRECTION('',(-6.17501288419298E-33,1.0,3.52495810318487E-15));
#14887=DIRECTION('',(-6.17501288419298E-33,1.0,3.52495810318487E-15));
#14888=CARTESIAN_POINT('',(0.032,0.0437756607640495,-7.42392359505045E-05));
#14889=DIRECTION('',(-1.0,0.0,0.0));
#14890=DIRECTION('',(0.0,0.0,1.0));
#14891=DIRECTION('',(-1.0,-2.93730110223684E-32,3.1641356201817E-15));
#14892=DIRECTION('',(1.0,2.25484266770324E-32,-3.1641356201817E-15));
#14893=CARTESIAN_POINT('',(-0.0376,0.0159256607640495,-7.42392359503824E-05));
#14894=DIRECTION('',(0.707106781186546,2.4925217781605E-15,-0.707106781186549));
#14895=DIRECTION('',(0.707106781186549,-2.4925217781605E-15,0.707106781186546));
#14896=DIRECTION('',(1.0,2.25484266770324E-32,-3.1641356201817E-15));
#14897=CARTESIAN_POINT('',(-0.0337999999959968,0.0159256607640495,-7.42392359503945E-05));
#14898=DIRECTION('',(1.0,0.0,-0.0));
#14899=DIRECTION('',(-0.0,0.0,-1.0));
#14900=CARTESIAN_POINT('',(0.032,0.0557756607640495,-7.42392359504622E-05));
#14901=DIRECTION('',(1.0,0.0,0.0));
#14902=DIRECTION('',(0.0,0.0,-1.0));
#14903=CARTESIAN_POINT('',(0.032,0.0497756607640495,0.000925760764049517));
#14904=DIRECTION('',(3.1641356201817E-15,-3.52495810318487E-15,1.0));
#14905=DIRECTION('',(0.0,-1.0,-3.52495810318487E-15));
#14906=CARTESIAN_POINT('',(-0.0337999999959968,0.0259256607640495,-7.42392359503593E-05));
#14907=DIRECTION('',(-1.0,-0.0,0.0));
#14908=DIRECTION('',(0.0,0.0,1.0));
#14909=CARTESIAN_POINT('',(-0.0337999999959968,0.0209256607600463,0.000925760764049623));
#14910=DIRECTION('',(3.1641356201817E-15,-3.52495810318487E-15,1.0));
#14911=DIRECTION('',(0.0,-1.0,-3.52495810318487E-15));
#14912=CARTESIAN_POINT('',(-0.0337999999959968,0.0209256607600463,-7.42392359503768E-05));
#14913=DIRECTION('',(3.1641356201817E-15,-3.52495810318487E-15,1.0));
#14914=DIRECTION('',(0.0,-1.0,-3.52495810318487E-15));
#14915=CARTESIAN_POINT('',(0.0366,0.0557756607640495,-7.4239235950477E-05));
#14916=DIRECTION('',(-0.707106781186548,-0.707106781186548,-2.55140024536113E-16));
#14917=DIRECTION('',(-0.707106781186547,0.707106781186547,4.72990353178487E-15));
#14918=DIRECTION('',(1.0,-3.88728324310868E-32,-3.1641356201817E-15));
#14919=CARTESIAN_POINT('',(-0.0366,0.0259256607640495,-7.42392359503504E-05));
#14920=DIRECTION('',(0.707106781186548,-0.707106781186548,-4.72990353178487E-15));
#14921=DIRECTION('',(-0.707106781186547,-0.707106781186547,-2.55140024536113E-16));
#14922=DIRECTION('',(1.0,2.25484266770324E-32,-3.1641356201817E-15));
#14923=DIRECTION('',(1.0,2.25484266770324E-32,-3.1641356201817E-15));
#14924=CARTESIAN_POINT('',(0.0366,0.0607256607640495,-7.42392359504597E-05));
#14925=DIRECTION('',(0.707106781186548,-0.707106781186548,-4.72990353178487E-15));
#14926=DIRECTION('',(-0.707106781186547,-0.707106781186547,-2.55140024536113E-16));
#14927=DIRECTION('',(-6.17501288419298E-33,1.0,3.52495810318487E-15));
#14928=DIRECTION('',(-6.17501288419298E-33,1.0,3.52495810318487E-15));
#14929=CARTESIAN_POINT('',(-0.0366,0.0437756607640495,-7.42392359502874E-05));
#14930=DIRECTION('',(-0.707106781186548,-0.707106781186548,-2.55140024536113E-16));
#14931=DIRECTION('',(-0.707106781186547,0.707106781186547,4.72990353178487E-15));
#14932=DIRECTION('',(6.86112542686551E-34,1.0,3.52495810318487E-15));
#14933=DIRECTION('',(6.86112542686551E-34,1.0,3.52495810318487E-15));
#14934=CARTESIAN_POINT('',(0.0333,0.0607256607640495,-7.42392359504489E-05));
#14935=DIRECTION('',(-1.0,0.0,0.0));
#14936=DIRECTION('',(0.0,0.0,1.0));
#14937=DIRECTION('',(-1.0,-2.25484266770212E-32,3.1641356201817E-15));
#14938=DIRECTION('',(1.0,2.25484266770212E-32,-3.1641356201817E-15));
#14939=CARTESIAN_POINT('',(-0.032,0.0437756607640495,-7.42392359503022E-05));
#14940=DIRECTION('',(1.0,0.0,-0.0));
#14941=DIRECTION('',(-0.0,0.0,-1.0));
#14942=DIRECTION('',(-1.0,2.43610362791448E-31,3.1641356201817E-15));
#14943=CARTESIAN_POINT('',(0.0298,0.0642256607640495,-7.42392359504255E-05));
#14944=DIRECTION('',(-0.0,1.0,0.0));
#14945=DIRECTION('',(0.0,-0.0,1.0));
#14946=CARTESIAN_POINT('',(0.0333,0.0642256607640495,-7.42392359504366E-05));
#14947=DIRECTION('',(3.1641356201817E-15,-3.52495810318487E-15,1.0));
#14948=DIRECTION('',(0.0,-1.0,-3.52495810318487E-15));
#14949=CARTESIAN_POINT('',(0.0333,0.0642256607640495,0.000925760764049563));
#14950=DIRECTION('',(3.1641356201817E-15,-3.52495810318487E-15,1.0));
#14951=DIRECTION('',(0.0,-1.0,-3.52495810318487E-15));
#14952=CARTESIAN_POINT('',(-0.032,0.0557756607640495,-7.42392359502597E-05));
#14953=DIRECTION('',(-1.0,-0.0,0.0));
#14954=DIRECTION('',(0.0,0.0,1.0));
#14955=CARTESIAN_POINT('',(-0.032,0.0497756607640495,0.000925760764049719));
#14956=DIRECTION('',(3.1641356201817E-15,-3.52495810318487E-15,1.0));
#14957=DIRECTION('',(0.0,-1.0,-3.52495810318487E-15));
#14958=CARTESIAN_POINT('',(0.0298,0.0675256607640495,-7.42392359504138E-05));
#14959=DIRECTION('',(0.707106781186548,-0.707106781186548,-4.72990353178487E-15));
#14960=DIRECTION('',(-0.707106781186547,-0.707106781186547,-2.55140024536113E-16));
#14961=DIRECTION('',(-4.11667525613753E-33,-1.0,-3.52495810318487E-15));
#14962=DIRECTION('',(4.11667525613753E-33,1.0,3.52495810318487E-15));
#14963=CARTESIAN_POINT('',(-0.0366,0.0557756607640495,-7.42392359502451E-05));
#14964=DIRECTION('',(0.707106781186548,-0.707106781186548,-4.72990353178487E-15));
#14965=DIRECTION('',(-0.707106781186547,-0.707106781186547,-2.55140024536113E-16));
#14966=DIRECTION('',(-1.0,1.75364519337993E-31,3.1641356201817E-15));
#14967=CARTESIAN_POINT('',(-0.0298,0.0675256607640495,-7.42392359502252E-05));
#14968=DIRECTION('',(-0.707106781186548,-0.707106781186548,-2.55140024536113E-16));
#14969=DIRECTION('',(-0.707106781186547,0.707106781186547,4.72990353178487E-15));
#14970=DIRECTION('',(1.0,8.21679955179586E-33,-3.1641356201817E-15));
#14971=DIRECTION('',(1.0,8.21679955179586E-33,-3.1641356201817E-15));
#14972=CARTESIAN_POINT('',(-0.0366,0.0607256607640495,-7.42392359502277E-05));
#14973=DIRECTION('',(0.707106781186548,0.707106781186548,2.55140024536113E-16));
#14974=DIRECTION('',(0.707106781186547,-0.707106781186547,-4.72990353178487E-15));
#14975=DIRECTION('',(6.86112542686551E-34,1.0,3.52495810318487E-15));
#14976=DIRECTION('',(6.86112542686551E-34,1.0,3.52495810318487E-15));
#14977=CARTESIAN_POINT('',(-0.0298,0.0642256607640495,-7.42392359502368E-05));
#14978=DIRECTION('',(0.0,-1.0,0.0));
#14979=DIRECTION('',(0.0,0.0,-1.0));
#14980=DIRECTION('',(-4.11667525615855E-33,-1.0,-3.52495810318487E-15));
#14981=DIRECTION('',(-4.11667525615855E-33,-1.0,-3.52495810318487E-15));
#14982=CARTESIAN_POINT('',(-0.0333,0.0607256607640495,-7.42392359502382E-05));
#14983=DIRECTION('',(1.0,0.0,-0.0));
#14984=DIRECTION('',(-0.0,0.0,-1.0));
#14985=DIRECTION('',(1.0,2.25484266770506E-32,-3.1641356201817E-15));
#14986=DIRECTION('',(1.0,2.25484266770506E-32,-3.1641356201817E-15));
#14987=CARTESIAN_POINT('',(-0.0333,0.0642256607640495,0.000925760764049774));
#14988=DIRECTION('',(3.1641356201817E-15,-3.52495810318487E-15,1.0));
#14989=DIRECTION('',(0.0,-1.0,-3.52495810318487E-15));
#14990=CARTESIAN_POINT('',(-0.0333,0.0642256607640495,-7.42392359502258E-05));
#14991=DIRECTION('',(3.1641356201817E-15,-3.52495810318487E-15,1.0));
#14992=DIRECTION('',(0.0,-1.0,-3.52495810318487E-15));
#14993=DIRECTION('',(1.0,0.0,-3.16291111408462E-15));
#14994=DIRECTION('',(3.1641356201817E-15,-3.52495810318487E-15,1.0));
#14995=DIRECTION('',(1.0,0.0,-3.16291111408462E-15));
#14996=DIRECTION('',(3.1641356201817E-15,-3.52495810318487E-15,1.0));
#14997=CARTESIAN_POINT('',(-0.0259027938683825,-0.0226743392359505,0.00192576076404944));
#14998=DIRECTION('',(3.1641356201817E-15,-3.52495810318487E-15,1.0));
#14999=DIRECTION('',(0.0,-1.0,-3.52495810318487E-15));
#15000=CARTESIAN_POINT('',(-0.0259027938683825,-0.0226743392359505,0.000925760764049445));
#15001=DIRECTION('',(3.1641356201817E-15,-3.52495810318487E-15,1.0));
#15002=DIRECTION('',(0.0,-1.0,-3.52495810318487E-15));
#15003=CARTESIAN_POINT('',(0.0259027938683829,-0.0226743392359505,0.00192576076404928));
#15004=DIRECTION('',(3.1641356201817E-15,-3.52495810318487E-15,1.0));
#15005=DIRECTION('',(0.0,-1.0,-3.52495810318487E-15));
#15006=CARTESIAN_POINT('',(0.0259027938683829,-0.0226743392359505,0.000925760764049281));
#15007=DIRECTION('',(3.1641356201817E-15,-3.52495810318487E-15,1.0));
#15008=DIRECTION('',(0.0,-1.0,-3.52495810318487E-15));
#15009=DIRECTION('',(1.0,8.21679955179586E-33,-3.1641356201817E-15));
#15010=DIRECTION('',(0.707106781186549,-0.707106781186546,-4.72990353178487E-15));
#15011=DIRECTION('',(6.17501288419298E-33,-1.0,-3.52495810318487E-15));
#15012=DIRECTION('',(-0.707106781186548,-0.707106781186548,-2.55140024536113E-16));
#15013=DIRECTION('',(-1.0,1.3376185316877E-33,3.1641356201817E-15));
#15014=DIRECTION('',(-0.707106781186548,0.707106781186548,4.72990353178487E-15));
#15015=DIRECTION('',(6.86112542686551E-34,1.0,3.52495810318487E-15));
#15016=DIRECTION('',(0.707106781186548,0.707106781186548,2.55140024536113E-16));
#15017=DIRECTION('',(-1.0,-8.21679955179586E-33,3.1641356201817E-15));
#15018=CARTESIAN_POINT('',(-0.0366000000000001,0.0675256607640496,-0.0220742392359501));
#15019=DIRECTION('',(3.1641356201817E-15,-3.52495810318487E-15,1.0));
#15020=DIRECTION('',(0.0,-1.0,-3.52495810318487E-15));
#15021=DIRECTION('',(-6.86112542686551E-34,-1.0,-3.52495810318487E-15));
#15022=CARTESIAN_POINT('',(-0.0366000000000001,-0.0256743392359504,-0.0220742392359504));
#15023=DIRECTION('',(3.1641356201817E-15,-3.52495810318487E-15,1.0));
#15024=DIRECTION('',(0.0,-1.0,-3.52495810318487E-15));
#15025=DIRECTION('',(1.0,-1.3376185316877E-33,-3.1641356201817E-15));
#15026=CARTESIAN_POINT('',(0.0365999999999999,-0.0256743392359504,-0.0220742392359507));
#15027=DIRECTION('',(3.1641356201817E-15,-3.52495810318487E-15,1.0));
#15028=DIRECTION('',(0.0,-1.0,-3.52495810318487E-15));
#15029=DIRECTION('',(-6.17501288419298E-33,1.0,3.52495810318487E-15));
#15030=CARTESIAN_POINT('',(0.0365999999999999,0.0675256607640496,-0.0220742392359503));
#15031=DIRECTION('',(3.1641356201817E-15,-3.52495810318487E-15,1.0));
#15032=DIRECTION('',(0.0,-1.0,-3.52495810318487E-15));
#15033=CARTESIAN_POINT('',(0.0337999999999999,-0.0228743392359504,-0.0200742392359507));
#15034=DIRECTION('',(3.1641356201817E-15,-3.52495810318487E-15,1.0));
#15035=DIRECTION('',(0.0,-1.0,-3.52495810318487E-15));
#15036=DIRECTION('',(6.17501288419298E-33,-1.0,-3.52495810318487E-15));
#15037=CARTESIAN_POINT('',(0.0365999999999999,-0.0256743392359504,-0.0200742392359507));
#15038=DIRECTION('',(3.1641356201817E-15,-3.52495810318487E-15,1.0));
#15039=DIRECTION('',(0.0,-1.0,-3.52495810318487E-15));
#15040=DIRECTION('',(-1.0,1.3376185316877E-33,3.1641356201817E-15));
#15041=DIRECTION('',(-3.87653586619114E-32,1.0,3.52495810318487E-15));
#15042=CARTESIAN_POINT('',(0.0333,-0.0223743392359505,-0.0200742392359507));
#15043=DIRECTION('',(3.1641356201817E-15,-3.52495810318487E-15,1.0));
#15044=DIRECTION('',(0.0,-1.0,-3.52495810318487E-15));
#15045=DIRECTION('',(1.0,-2.52236637404344E-32,-3.1641356201817E-15));
#15046=CARTESIAN_POINT('',(0.0337999999999999,0.0209256607640496,-0.0200742392359505));
#15047=DIRECTION('',(3.1641356201817E-15,-3.52495810318487E-15,1.0));
#15048=DIRECTION('',(0.0,-1.0,-3.52495810318487E-15));
#15049=CARTESIAN_POINT('',(0.0337999999959968,0.0209256607600464,-0.0200742392359505));
#15050=DIRECTION('',(3.1641356201817E-15,-3.52495810318487E-15,1.0));
#15051=DIRECTION('',(0.0,-1.0,-3.52495810318487E-15));
#15052=DIRECTION('',(1.0,2.25484266770114E-32,-3.1641356201817E-15));
#15053=DIRECTION('',(6.17501288419298E-33,-1.0,-3.52495810318487E-15));
#15054=DIRECTION('',(-1.0,-2.25484266770114E-32,3.1641356201817E-15));
#15055=CARTESIAN_POINT('',(0.0337999999999999,0.0647256607640496,-0.0200742392359503));
#15056=DIRECTION('',(3.1641356201817E-15,-3.52495810318487E-15,1.0));
#15057=DIRECTION('',(0.0,-1.0,-3.52495810318487E-15));
#15058=DIRECTION('',(-1.0,-8.21679955179586E-33,3.1641356201817E-15));
#15059=CARTESIAN_POINT('',(0.0365999999999999,0.0675256607640496,-0.0200742392359503));
#15060=DIRECTION('',(3.1641356201817E-15,-3.52495810318487E-15,1.0));
#15061=DIRECTION('',(0.0,-1.0,-3.52495810318487E-15));
#15062=DIRECTION('',(-6.17501288419298E-33,1.0,3.52495810318487E-15));
#15063=DIRECTION('',(-1.0,-2.25484266770212E-32,3.1641356201817E-15));
#15064=CARTESIAN_POINT('',(0.0332999999999999,0.0642256607640495,-0.0200742392359503));
#15065=DIRECTION('',(3.1641356201817E-15,-3.52495810318487E-15,1.0));
#15066=DIRECTION('',(0.0,-1.0,-3.52495810318487E-15));
#15067=DIRECTION('',(4.11667525613753E-33,1.0,3.52495810318487E-15));
#15068=DIRECTION('',(-0.678598344545843,-0.281084637714827,-0.678598344545848));
#15069=DIRECTION('',(0.281084637714819,0.678598344545846,0.678598344545849));
#15070=DIRECTION('',(0.707106781186549,-0.707106781186546,-4.72990353178487E-15));
#15071=DIRECTION('',(0.281084637714818,-0.678598344545845,-0.67859834454585));
#15072=DIRECTION('',(-1.0,-8.21679955179586E-33,3.1641356201817E-15));
#15073=DIRECTION('',(-0.678598344545844,0.28108463771483,-0.678598344545847));
#15074=DIRECTION('',(-6.17501288419298E-33,1.0,3.52495810318487E-15));
#15075=DIRECTION('',(0.678598344545851,-0.281084637714809,-0.678598344545848));
#15076=DIRECTION('',(0.707106781186548,0.707106781186548,2.55140024536113E-16));
#15077=DIRECTION('',(-0.281084637714822,0.678598344545849,-0.678598344545845));
#15078=DIRECTION('',(-0.707106781186548,-0.707106781186548,-2.55140024536113E-16));
#15079=DIRECTION('',(0.67859834454585,0.28108463771482,-0.678598344545844));
#15080=DIRECTION('',(-6.86112542686551E-34,-1.0,-3.52495810318487E-15));
#15081=DIRECTION('',(0.281084637714827,0.678598344545847,-0.678598344545844));
#15082=DIRECTION('',(1.0,-1.3376185316877E-33,-3.1641356201817E-15));
#15083=DIRECTION('',(-0.707106781186548,0.707106781186548,4.72990353178487E-15));
#15084=DIRECTION('',(-0.707106781186548,0.0,-0.707106781186547));
#15085=CARTESIAN_POINT('',(0.0396,0.0517654313793919,-0.00417616368632798));
#15086=DIRECTION('',(1.0,0.0,-3.25260651745653E-15));
#15087=DIRECTION('',(-3.25260651745653E-15,0.0,-1.0));
#15088=DIRECTION('',(0.707106781186546,0.707106781186549,-2.23738175362437E-15));
#15089=CARTESIAN_POINT('',(0.04,0.0517654313793919,-0.00417616368632798));
#15090=DIRECTION('',(1.0,1.11596205068196E-29,-3.1641356201817E-15));
#15091=DIRECTION('',(-3.1641356201817E-15,0.0,-1.0));
#15092=DIRECTION('',(-0.70710678118655,0.0,-0.707106781186545));
#15093=DIRECTION('',(1.11596205068196E-29,-1.0,-3.53105527533379E-44));
#15094=DIRECTION('',(-1.11596205068196E-29,1.0,3.53105527533379E-44));
#15095=DIRECTION('',(-0.707106781186546,0.707106781186549,2.23738175362437E-15));
#15096=CARTESIAN_POINT('',(0.0396,0.0477654313793919,-0.00417616368632798));
#15097=DIRECTION('',(1.0,0.0,-3.25260651745653E-15));
#15098=DIRECTION('',(-3.25260651745653E-15,0.0,-1.0));
#15099=CARTESIAN_POINT('',(0.04,0.0477654313793919,-0.00417616368632798));
#15100=DIRECTION('',(1.0,1.11596205068196E-29,-3.1641356201817E-15));
#15101=DIRECTION('',(-3.1641356201817E-15,0.0,-1.0));
#15102=DIRECTION('',(-1.0,-1.11596205068196E-29,3.1641356201817E-15));
#15103=DIRECTION('',(-1.0,-1.11596205068196E-29,3.1641356201817E-15));
#15104=CARTESIAN_POINT('',(0.039,0.0517654313793919,-0.00417616368632798));
#15105=DIRECTION('',(1.0,1.11596205068196E-29,-3.1641356201817E-15));
#15106=DIRECTION('',(-3.1641356201817E-15,0.0,-1.0));
#15107=DIRECTION('',(-1.0,-1.11596205068196E-29,3.1641356201817E-15));
#15108=DIRECTION('',(1.11596205068196E-29,-1.0,-3.53105527533379E-44));
#15109=DIRECTION('',(-1.0,-1.11596205068196E-29,3.1641356201817E-15));
#15110=CARTESIAN_POINT('',(0.039,0.0477654313793919,-0.00417616368632798));
#15111=DIRECTION('',(1.0,1.11596205068196E-29,-3.1641356201817E-15));
#15112=DIRECTION('',(-3.1641356201817E-15,0.0,-1.0));
#15113=DIRECTION('',(-1.11596205068196E-29,1.0,3.53105527533379E-44));
#15114=DIRECTION('',(-1.11596205068196E-29,1.0,3.53105527533379E-44));
#15115=DIRECTION('',(-1.0,-1.13533931362E-29,3.1641356201817E-15));
#15116=DIRECTION('',(-2.23738175362439E-15,0.707106781186548,-0.707106781186547));
#15117=DIRECTION('',(1.0,1.11596205068196E-29,-3.1641356201817E-15));
#15118=DIRECTION('',(2.23738175362439E-15,-0.707106781186548,0.707106781186547));
#15119=DIRECTION('',(-3.1641356201817E-15,8.93826022076973E-45,-1.0));
#15120=DIRECTION('',(-3.1641356201817E-15,8.93826022076973E-45,-1.0));
#15121=DIRECTION('',(-1.0,-1.11596205068196E-29,3.1641356201817E-15));
#15122=DIRECTION('',(-1.11596205068196E-29,1.0,3.53105527533379E-44));
#15123=DIRECTION('',(2.23738175362437E-15,0.707106781186548,0.707106781186547));
#15124=DIRECTION('',(3.1641356201817E-15,2.12394302275717E-45,1.0));
#15125=DIRECTION('',(2.23738175362439E-15,-0.707106781186548,0.707106781186547));
#15126=DIRECTION('',(1.11596205068196E-29,-1.0,1.82963344716784E-30));
#15127=DIRECTION('',(-2.23738175362437E-15,-0.707106781186548,-0.707106781186547));
#15128=DIRECTION('',(1.11596205068196E-29,-1.0,-3.53105527533379E-44));
#15129=DIRECTION('',(2.23738175362439E-15,-0.707106781186548,0.707106781186547));
#15130=DIRECTION('',(3.1641356201817E-15,-8.93826022076973E-45,1.0));
#15131=DIRECTION('',(2.23738175362437E-15,0.707106781186548,0.707106781186547));
#15132=DIRECTION('',(-1.11596205068196E-29,1.0,-1.82963344716784E-30));
#15133=DIRECTION('',(-2.23738175362439E-15,0.707106781186548,-0.707106781186547));
#15134=DIRECTION('',(-3.1641356201817E-15,-2.12394302275717E-45,-1.0));
#15135=DIRECTION('',(-2.23738175362437E-15,-0.707106781186548,-0.707106781186547));
#15136=DIRECTION('',(1.0,1.11561779098947E-29,-3.1641356201817E-15));
#15137=DIRECTION('',(-2.23738175362437E-15,-0.707106781186548,-0.707106781186547));
#15138=DIRECTION('',(-1.0,-1.11596205068196E-29,3.1641356201817E-15));
#15139=DIRECTION('',(-1.0,-1.11596205068196E-29,3.1641356201817E-15));
#15140=DIRECTION('',(2.23738175362437E-15,0.707106781186548,0.707106781186547));
#15141=DIRECTION('',(1.0,1.11596205068196E-29,-3.1641356201817E-15));
#15142=DIRECTION('',(-1.11596205068196E-29,1.0,3.53105527533379E-44));
#15143=DIRECTION('',(-1.0,-1.11596205068196E-29,3.1641356201817E-15));
#15144=DIRECTION('',(-2.23738175362439E-15,0.707106781186548,-0.707106781186547));
#15145=DIRECTION('',(1.0,1.11596205068196E-29,-3.1641356201817E-15));
#15146=DIRECTION('',(-3.1641356201817E-15,8.93826022076973E-45,-1.0));
#15147=DIRECTION('',(-1.0,-1.11596205068196E-29,3.1641356201817E-15));
#15148=DIRECTION('',(3.1641356201817E-15,2.12394302275717E-45,1.0));
#15149=DIRECTION('',(1.0,1.11596205068196E-29,-3.1641356201817E-15));
#15150=DIRECTION('',(3.1641356201817E-15,2.12394302275717E-45,1.0));
#15151=DIRECTION('',(1.0,1.11596205068196E-29,-3.1641356201817E-15));
#15152=DIRECTION('',(-2.23738175362439E-15,0.707106781186548,-0.707106781186547));
#15153=DIRECTION('',(-1.0,-1.13533931362E-29,3.1641356201817E-15));
#15154=DIRECTION('',(-1.0,-1.11596205068196E-29,3.1641356201817E-15));
#15155=DIRECTION('',(2.23738175362439E-15,-0.707106781186548,0.707106781186547));
#15156=DIRECTION('',(1.0,1.11596205068196E-29,-3.1641356201817E-15));
#15157=DIRECTION('',(1.11596205068196E-29,-1.0,1.82963344716784E-30));
#15158=DIRECTION('',(1.11596205068196E-29,-1.0,1.82963344716784E-30));
#15159=DIRECTION('',(1.0,1.11561779098947E-29,-3.1641356201817E-15));
#15160=DIRECTION('',(2.23738175362437E-15,0.707106781186548,0.707106781186547));
#15161=DIRECTION('',(-2.23738175362437E-15,-0.707106781186548,-0.707106781186547));
#15162=DIRECTION('',(-3.1641356201817E-15,3.52495810318487E-15,-1.0));
#15163=DIRECTION('',(3.1641356201817E-15,-3.52495810318487E-15,1.0));
#15164=DIRECTION('',(-1.0,1.01377283964213E-32,3.1641356201817E-15));
#15165=DIRECTION('',(-3.1641356201817E-15,3.52495810318487E-15,-1.0));
#15166=CARTESIAN_POINT('',(-0.0337999999959969,0.00322705803071314,-0.0098742392359503));
#15167=DIRECTION('',(3.1641356201817E-15,-3.52495810318487E-15,1.0));
#15168=DIRECTION('',(0.0,-1.0,-3.52495810318487E-15));
#15169=DIRECTION('',(3.1641356201817E-15,-3.52495810318487E-15,1.0));
#15170=DIRECTION('',(-1.0,-9.04547911455922E-32,3.1641356201817E-15));
#15171=DIRECTION('',(1.0,9.04547911455922E-32,-3.1641356201817E-15));
#15172=DIRECTION('',(-3.1641356201817E-15,3.52495810318487E-15,-1.0));
#15173=DIRECTION('',(3.1641356201817E-15,-3.52495810318487E-15,1.0));
#15174=DIRECTION('',(1.0,-1.10690494359718E-31,-3.1641356201817E-15));
#15175=DIRECTION('',(-3.1641356201817E-15,3.52495810318487E-15,-1.0));
#15176=CARTESIAN_POINT('',(0.0337999999959968,0.00322705803071311,-7.42392359506533E-05));
#15177=DIRECTION('',(3.1641356201817E-15,-3.52495810318487E-15,1.0));
#15178=DIRECTION('',(0.0,-1.0,-3.52495810318487E-15));
#15179=CARTESIAN_POINT('',(0.0337999999959968,0.00322705803071314,-0.00987423923595051));
#15180=DIRECTION('',(3.1641356201817E-15,-3.52495810318487E-15,1.0));
#15181=DIRECTION('',(0.0,-1.0,-3.52495810318487E-15));
#15182=CARTESIAN_POINT('',(0.0337999999959968,0.0032270580307131,0.000925760764049347));
#15183=DIRECTION('',(3.1641356201817E-15,-3.52495810318487E-15,1.0));
#15184=DIRECTION('',(0.0,-1.0,-3.52495810318487E-15));
#15185=DIRECTION('',(-1.0,1.01377283964633E-32,3.1641356201817E-15));
#15186=DIRECTION('',(6.17501288419298E-33,-1.0,-3.52495810318487E-15));
#15187=CARTESIAN_POINT('',(-0.0337999999959968,0.0032270580307131,0.000925760764049561));
#15188=DIRECTION('',(-3.1641356201817E-15,3.52495810318487E-15,-1.0));
#15189=DIRECTION('',(-1.0,0.0,3.1641356201817E-15));
#15190=CARTESIAN_POINT('',(-0.0337999999959969,0.00322705803071314,-0.0098742392359503));
#15191=DIRECTION('',(3.1641356201817E-15,-3.52495810318487E-15,1.0));
#15192=DIRECTION('',(0.0,-1.0,-3.52495810318487E-15));
#15193=DIRECTION('',(-1.0,-9.04547911455922E-32,3.1641356201817E-15));
#15194=DIRECTION('',(6.86112542686551E-34,1.0,3.52495810318487E-15));
#15195=DIRECTION('',(-6.86112542686551E-34,-1.0,-3.52495810318487E-15));
#15196=CARTESIAN_POINT('',(0.0337999999959968,0.0032270580307131,0.000925760764049347));
#15197=DIRECTION('',(-3.1641356201817E-15,3.52495810318487E-15,-1.0));
#15198=DIRECTION('',(-1.0,0.0,3.1641356201817E-15));
#15199=CARTESIAN_POINT('',(0.0337999999959968,0.00322705803071314,-0.00987423923595051));
#15200=DIRECTION('',(3.1641356201817E-15,-3.52495810318487E-15,1.0));
#15201=DIRECTION('',(0.0,-1.0,-3.52495810318487E-15));
#15202=DIRECTION('',(-1.0,1.01377283964633E-32,3.1641356201817E-15));
#15203=DIRECTION('',(6.17501288419298E-33,-1.0,-3.52495810318487E-15));
#15204=DIRECTION('',(3.1641356201817E-15,-3.52495810318487E-15,1.0));
#15205=DIRECTION('',(1.0,-1.01377283964633E-32,-3.1641356201817E-15));
#15206=CARTESIAN_POINT('',(-0.0338,-0.0228743392359505,-0.00207423923595046));
#15207=DIRECTION('',(3.1641356201817E-15,-3.52495810318487E-15,1.0));
#15208=DIRECTION('',(0.0,-1.0,-3.52495810318487E-15));
#15209=CARTESIAN_POINT('',(-0.0338000000000001,-0.0228743392359504,-0.0200742392359505));
#15210=DIRECTION('',(3.1641356201817E-15,-3.52495810318487E-15,1.0));
#15211=DIRECTION('',(0.0,-1.0,-3.52495810318487E-15));
#15212=DIRECTION('',(1.0,-1.3376185316877E-33,-3.1641356201817E-15));
#15213=CARTESIAN_POINT('',(-0.0366000000000001,-0.0256743392359504,-0.0200742392359505));
#15214=DIRECTION('',(3.1641356201817E-15,-3.52495810318487E-15,1.0));
#15215=DIRECTION('',(0.0,-1.0,-3.52495810318487E-15));
#15216=DIRECTION('',(-6.86112542686551E-34,-1.0,-3.52495810318487E-15));
#15217=DIRECTION('',(-1.0,-2.25484266770212E-32,3.1641356201817E-15));
#15218=CARTESIAN_POINT('',(-0.0333000000000001,-0.0223743392359505,-0.0200742392359505));
#15219=DIRECTION('',(3.1641356201817E-15,-3.52495810318487E-15,1.0));
#15220=DIRECTION('',(0.0,-1.0,-3.52495810318487E-15));
#15221=DIRECTION('',(4.11667525612351E-33,1.0,3.52495810318487E-15));
#15222=CARTESIAN_POINT('',(-0.0338000000000001,0.0209256607640496,-0.0200742392359503));
#15223=DIRECTION('',(3.1641356201817E-15,-3.52495810318487E-15,1.0));
#15224=DIRECTION('',(0.0,-1.0,-3.52495810318487E-15));
#15225=DIRECTION('',(-1.0,-2.25484266770324E-32,3.1641356201817E-15));
#15226=CARTESIAN_POINT('',(-0.0337999999959969,0.0209256607600464,-0.0200742392359503));
#15227=DIRECTION('',(3.1641356201817E-15,-3.52495810318487E-15,1.0));
#15228=DIRECTION('',(0.0,-1.0,-3.52495810318487E-15));
#15229=DIRECTION('',(1.0,2.25484266770324E-32,-3.1641356201817E-15));
#15230=DIRECTION('',(-6.86112542686551E-34,-1.0,-3.52495810318487E-15));
#15231=CARTESIAN_POINT('',(-0.0338,0.0647256607640496,-0.0200742392359501));
#15232=DIRECTION('',(3.1641356201817E-15,-3.52495810318487E-15,1.0));
#15233=DIRECTION('',(0.0,-1.0,-3.52495810318487E-15));
#15234=DIRECTION('',(6.86112542686551E-34,1.0,3.52495810318487E-15));
#15235=CARTESIAN_POINT('',(-0.0366000000000001,0.0675256607640496,-0.0200742392359501));
#15236=DIRECTION('',(3.1641356201817E-15,-3.52495810318487E-15,1.0));
#15237=DIRECTION('',(0.0,-1.0,-3.52495810318487E-15));
#15238=DIRECTION('',(1.0,8.21679955179586E-33,-3.1641356201817E-15));
#15239=DIRECTION('',(-4.11667525615855E-33,-1.0,-3.52495810318487E-15));
#15240=CARTESIAN_POINT('',(-0.0333,0.0642256607640495,-0.0200742392359501));
#15241=DIRECTION('',(3.1641356201817E-15,-3.52495810318487E-15,1.0));
#15242=DIRECTION('',(0.0,-1.0,-3.52495810318487E-15));
#15243=DIRECTION('',(-1.0,-2.25484266770506E-32,3.1641356201817E-15));
#15244=CARTESIAN_POINT('',(-0.0338,0.0647256607640495,-0.00207423923595014));
#15245=DIRECTION('',(3.1641356201817E-15,-3.52495810318487E-15,1.0));
#15246=DIRECTION('',(0.0,-1.0,-3.52495810318487E-15));
#15247=CARTESIAN_POINT('',(0.0338,0.0647256607640495,-0.00207423923595035));
#15248=DIRECTION('',(3.1641356201817E-15,-3.52495810318487E-15,1.0));
#15249=DIRECTION('',(0.0,-1.0,-3.52495810318487E-15));
#15250=CARTESIAN_POINT('',(0.0338,-0.0228743392359505,-0.00207423923595067));
#15251=DIRECTION('',(3.1641356201817E-15,-3.52495810318487E-15,1.0));
#15252=DIRECTION('',(0.0,-1.0,-3.52495810318487E-15));
#15253=DIRECTION('',(3.1641356201817E-15,-3.52495810318487E-15,1.0));
#15254=DIRECTION('',(-3.1641356201817E-15,3.52495810318487E-15,-1.0));
#15255=DIRECTION('',(3.1641356201817E-15,-3.52495810318487E-15,1.0));
#15256=DIRECTION('',(-3.1641356201817E-15,3.52495810318487E-15,-1.0));
#15257=DIRECTION('',(-3.1641356201817E-15,3.52495810318487E-15,-1.0));
#15258=DIRECTION('',(-3.1641356201817E-15,3.52495810318487E-15,-1.0));
#15259=DIRECTION('',(-3.1641356201817E-15,3.52495810318487E-15,-1.0));
#15260=DIRECTION('',(-3.1641356201817E-15,3.52495810318487E-15,-1.0));
#15261=DIRECTION('',(3.1641356201817E-15,-3.52495810318487E-15,1.0));
#15262=DIRECTION('',(3.1641356201817E-15,-3.52495810318487E-15,1.0));
#15263=DIRECTION('',(-0.678598344545845,-0.281084637714828,0.678598344545846));
#15264=DIRECTION('',(-0.707106781186549,0.707106781186546,4.96173749638739E-15));
#15265=DIRECTION('',(0.28108463771482,0.678598344545851,-0.678598344545843));
#15266=DIRECTION('',(-0.707106781186549,0.707106781186546,4.96173749638739E-15));
#15267=DIRECTION('',(1.0,-1.11452286943836E-29,-7.82055844888675E-44));
#15268=DIRECTION('',(-0.281084637714825,0.67859834454585,-0.678598344545842));
#15269=DIRECTION('',(-1.0,1.11452286943836E-29,7.82055844888675E-44));
#15270=DIRECTION('',(1.10429813745626E-29,1.0,7.01695646032619E-15));
#15271=DIRECTION('',(-0.678598344545845,0.281084637714817,0.67859834454585));
#15272=DIRECTION('',(-1.10429813745626E-29,-1.0,-7.01695646032619E-15));
#15273=DIRECTION('',(-0.707106781186548,-0.707106781186548,-4.9617374963874E-15));
#15274=DIRECTION('',(-0.678598344545845,0.28108463771483,-0.678598344545845));
#15275=DIRECTION('',(-0.707106781186548,-0.707106781186548,-4.9617374963874E-15));
#15276=DIRECTION('',(0.707106781186548,0.707106781186548,4.9617374963874E-15));
#15277=DIRECTION('',(-0.281084637714817,0.678598344545844,0.678598344545852));
#15278=DIRECTION('',(0.707106781186548,0.707106781186548,4.9617374963874E-15));
#15279=DIRECTION('',(1.10498424999895E-29,1.0,7.01695646032619E-15));
#15280=DIRECTION('',(-0.678598344545844,-0.281084637714827,-0.678598344545847));
#15281=DIRECTION('',(-1.10498424999895E-29,-1.0,-7.01695646032619E-15));
#15282=DIRECTION('',(1.0,-1.1154783112467E-29,-7.82726274245631E-44));
#15283=DIRECTION('',(0.281084637714829,0.678598344545841,0.678598344545849));
#15284=DIRECTION('',(-1.0,1.1154783112467E-29,7.82726274245631E-44));
#15285=DIRECTION('',(0.707106781186548,-0.707106781186548,-4.9617374963874E-15));
#15286=DIRECTION('',(0.707106781186548,-0.707106781186548,-4.9617374963874E-15));
#15287=DIRECTION('',(3.1641356201817E-15,-3.52495810318487E-15,1.0));
#15288=DIRECTION('',(-3.1641356201817E-15,3.52495810318487E-15,-1.0));
#15289=DIRECTION('',(3.1641356201817E-15,-3.52495810318487E-15,1.0));
#15290=DIRECTION('',(-3.1641356201817E-15,3.52495810318487E-15,-1.0));
#15291=DIRECTION('',(-3.1641356201817E-15,3.52495810318487E-15,-1.0));
#15292=DIRECTION('',(-1.11596205068196E-29,1.0,3.53105527533379E-44));
#15293=DIRECTION('',(3.1641356201817E-15,-3.52495810318487E-15,1.0));
#15294=DIRECTION('',(-3.1641356201817E-15,3.52495810318487E-15,-1.0));
#15295=DIRECTION('',(3.1641356201817E-15,-3.52495810318487E-15,1.0));
#15296=CARTESIAN_POINT('',(-0.0338,0.0209256607640495,-0.0020742392359503));
#15297=DIRECTION('',(3.1641356201817E-15,-3.52495810318487E-15,1.0));
#15298=DIRECTION('',(0.0,-1.0,-3.52495810318487E-15));
#15299=DIRECTION('',(-3.1641356201817E-15,3.52495810318487E-15,-1.0));
#15300=DIRECTION('',(3.1641356201817E-15,-3.52495810318487E-15,1.0));
#15301=DIRECTION('',(3.1641356201817E-15,-3.52495810318487E-15,1.0));
#15302=DIRECTION('',(-3.1641356201817E-15,3.52495810318487E-15,-1.0));
#15303=DIRECTION('',(-3.1641356201817E-15,3.52495810318487E-15,-1.0));
#15304=DIRECTION('',(-6.86112542686551E-34,-1.0,-3.52495810318487E-15));
#15305=DIRECTION('',(-3.1641356201817E-15,3.52495810318487E-15,-1.0));
#15306=DIRECTION('',(6.17501288419298E-33,-1.0,-3.52495810318487E-15));
#15307=DIRECTION('',(-3.1641356201817E-15,3.52495810318487E-15,-1.0));
#15308=DIRECTION('',(-3.1641356201817E-15,3.52495810318487E-15,-1.0));
#15309=DIRECTION('',(3.1641356201817E-15,-3.52495810318487E-15,1.0));
#15310=DIRECTION('',(3.1641356201817E-15,-3.52495810318487E-15,1.0));
#15311=DIRECTION('',(-3.1641356201817E-15,3.52495810318487E-15,-1.0));
#15312=DIRECTION('',(-3.1641356201817E-15,3.52495810318487E-15,-1.0));
#15313=DIRECTION('',(-3.1641356201817E-15,3.52495810318487E-15,-1.0));
#15314=DIRECTION('',(-3.1641356201817E-15,3.52495810318487E-15,-1.0));
#15315=DIRECTION('',(-3.1641356201817E-15,3.52495810318487E-15,-1.0));
#15316=DIRECTION('',(-3.1641356201817E-15,3.52495810318487E-15,-1.0));
#15317=DIRECTION('',(3.1641356201817E-15,-3.52495810318487E-15,1.0));
#15318=DIRECTION('',(3.1641356201817E-15,-3.52495810318487E-15,1.0));
#15319=DIRECTION('',(-3.1641356201817E-15,3.52495810318487E-15,-1.0));
#15320=DIRECTION('',(-3.1641356201817E-15,3.52495810318487E-15,-1.0));
#15321=DIRECTION('',(-3.1641356201817E-15,3.52495810318487E-15,-1.0));
#15322=DIRECTION('',(-3.1641356201817E-15,3.52495810318487E-15,-1.0));
#15323=CARTESIAN_POINT('',(0.0338,0.0209256607640495,-0.00207423923595051));
#15324=DIRECTION('',(3.1641356201817E-15,-3.52495810318487E-15,1.0));
#15325=DIRECTION('',(0.0,-1.0,-3.52495810318487E-15));
#15326=CARTESIAN_POINT('',(0.0337999999959968,-0.00277294196528372,-7.42392359506743E-05));
#15327=DIRECTION('',(-1.0,0.0,0.0));
#15328=DIRECTION('',(0.0,0.0,1.0));
#15329=CARTESIAN_POINT('',(0.0366,-0.00277294196528372,-7.42392359506831E-05));
#15330=DIRECTION('',(-0.707106781186548,0.707106781186548,4.72990353178487E-15));
#15331=DIRECTION('',(0.707106781186547,0.707106781186547,2.55140024536113E-16));
#15332=DIRECTION('',(0.577350269189627,0.577350269189624,0.577350269189627));
#15333=DIRECTION('',(-1.0,0.0,3.16659780314043E-15));
#15334=CARTESIAN_POINT('',(0.0258027938683828,0.0290284546324324,0.0509257607640495));
#15335=DIRECTION('',(-3.1641356201817E-15,3.52495810318487E-15,-1.0));
#15336=DIRECTION('',(0.0,1.0,3.52495810318487E-15));
#15337=DIRECTION('',(0.0,1.0,3.52789637799702E-15));
#15338=CARTESIAN_POINT('',(0.0266027938695837,0.0263084546336334,0.0509257607640494));
#15339=DIRECTION('',(-3.1641356201817E-15,3.52495810318487E-15,-1.0));
#15340=DIRECTION('',(0.0,1.0,3.52495810318487E-15));
#15341=DIRECTION('',(-2.23407873548919E-31,1.0,3.52495810318487E-15));
#15342=DIRECTION('',(-1.0,-1.13768533674843E-29,3.1641356201817E-15));
#15343=DIRECTION('',(-2.23407873548919E-31,1.0,3.52495810318487E-15));
#15344=DIRECTION('',(-1.0,-1.13768533674843E-29,3.1641356201817E-15));
#15345=CARTESIAN_POINT('',(0.0206027938695837,0.0298284546312315,0.0509257607640495));
#15346=DIRECTION('',(-3.1641356201817E-15,3.52495810318487E-15,-1.0));
#15347=DIRECTION('',(0.0,1.0,3.52495810318487E-15));
#15348=CARTESIAN_POINT('',(0.0195000000000001,0.0227256607640494,0.0509257607640495));
#15349=DIRECTION('',(-3.1641356201817E-15,3.52495810318487E-15,-1.0));
#15350=DIRECTION('',(0.0,1.0,3.52495810318487E-15));
#15351=DIRECTION('',(-1.0,-4.62848009493539E-33,3.1641356201817E-15));
#15352=CARTESIAN_POINT('',(-0.0194999999999998,0.0227256607640494,0.0509257607640496));
#15353=DIRECTION('',(-3.1641356201817E-15,3.52495810318487E-15,-1.0));
#15354=DIRECTION('',(0.0,1.0,3.52495810318487E-15));
#15355=DIRECTION('',(7.3185337886715E-33,-1.0,-3.52495810318487E-15));
#15356=CARTESIAN_POINT('',(-0.0194999999999998,-0.0162743392359506,0.0509257607640494));
#15357=DIRECTION('',(-3.1641356201817E-15,3.52495810318487E-15,-1.0));
#15358=DIRECTION('',(0.0,1.0,3.52495810318487E-15));
#15359=DIRECTION('',(1.0,-3.26585333292817E-32,-3.1641356201817E-15));
#15360=CARTESIAN_POINT('',(0.0195000000000001,-0.0162743392359506,0.0509257607640493));
#15361=DIRECTION('',(-3.1641356201817E-15,3.52495810318487E-15,-1.0));
#15362=DIRECTION('',(0.0,1.0,3.52495810318487E-15));
#15363=DIRECTION('',(-5.30593699678697E-32,1.0,3.52495810318487E-15));
#15364=DIRECTION('',(3.1641356201817E-15,-3.52495810318487E-15,1.0));
#15365=CARTESIAN_POINT('',(0.0250027938683827,-0.0217743392359505,0.0401257607640494));
#15366=DIRECTION('',(-3.1641356201817E-15,3.52495810318487E-15,-1.0));
#15367=DIRECTION('',(0.0,1.0,3.52495810318487E-15));
#15368=DIRECTION('',(3.1641356201817E-15,-3.52495810318487E-15,1.0));
#15369=CARTESIAN_POINT('',(0.0258027938683827,-0.0225743392359505,0.0401257607640494));
#15370=DIRECTION('',(-3.1641356201817E-15,3.52495810318487E-15,-1.0));
#15371=DIRECTION('',(0.0,1.0,3.52495810318487E-15));
#15372=DIRECTION('',(3.1641356201817E-15,-3.52495810318487E-15,1.0));
#15373=CARTESIAN_POINT('',(0.0258027938683828,-0.0225743392359505,0.0519257607640493));
#15374=DIRECTION('',(-3.1641356201817E-15,3.52495810318487E-15,-1.0));
#15375=DIRECTION('',(0.0,1.0,3.52495810318487E-15));
#15376=DIRECTION('',(3.1641356201817E-15,-3.52495810318487E-15,1.0));
#15377=CARTESIAN_POINT('',(-0.0258027938683827,-0.0225743392359505,0.0519257607640494));
#15378=DIRECTION('',(-3.1641356201817E-15,3.52495810318487E-15,-1.0));
#15379=DIRECTION('',(0.0,1.0,3.52495810318487E-15));
#15380=DIRECTION('',(-3.1641356201817E-15,3.52495810318487E-15,-1.0));
#15381=CARTESIAN_POINT('',(-0.0258027938683827,-0.0225743392359505,0.0401257607640496));
#15382=DIRECTION('',(-3.1641356201817E-15,3.52495810318487E-15,-1.0));
#15383=DIRECTION('',(0.0,1.0,3.52495810318487E-15));
#15384=DIRECTION('',(-3.1641356201817E-15,3.52495810318487E-15,-1.0));
#15385=DIRECTION('',(-3.1641356201817E-15,3.52495810318487E-15,-1.0));
#15386=CARTESIAN_POINT('',(-0.0250027938683827,-0.0217743392359505,0.0401257607640496));
#15387=DIRECTION('',(-3.1641356201817E-15,3.52495810318487E-15,-1.0));
#15388=DIRECTION('',(0.0,1.0,3.52495810318487E-15));
#15389=DIRECTION('',(-3.1641356201817E-15,3.52495810318487E-15,-1.0));
#15390=DIRECTION('',(-3.1641356201817E-15,3.52495810318487E-15,-1.0));
#15391=CARTESIAN_POINT('',(-0.0250027938683827,0.0282284546324324,0.0401257607640498));
#15392=DIRECTION('',(-3.1641356201817E-15,3.52495810318487E-15,-1.0));
#15393=DIRECTION('',(0.0,1.0,3.52495810318487E-15));
#15394=DIRECTION('',(-3.1641356201817E-15,3.52495810318487E-15,-1.0));
#15395=DIRECTION('',(3.1641356201817E-15,-3.52495810318487E-15,1.0));
#15396=CARTESIAN_POINT('',(0.0258027938683828,0.0290284546324324,0.0519257607640495));
#15397=DIRECTION('',(-3.1641356201817E-15,3.52495810318487E-15,-1.0));
#15398=DIRECTION('',(0.0,1.0,3.52495810318487E-15));
#15399=DIRECTION('',(3.1641356201817E-15,-3.52495810318487E-15,1.0));
#15400=DIRECTION('',(-3.25260652071171E-15,3.52495810318487E-15,-1.0));
#15401=DIRECTION('',(3.25260652071171E-15,-3.52495810318487E-15,1.0));
#15402=CARTESIAN_POINT('',(0.0206027938695837,0.0298284546336334,0.0401257607640496));
#15403=DIRECTION('',(-3.1641356201817E-15,3.52495810318487E-15,-1.0));
#15404=DIRECTION('',(0.0,1.0,3.52495810318487E-15));
#15405=DIRECTION('',(1.16539998125307E-31,-1.0,-3.52495810318487E-15));
#15406=DIRECTION('',(3.1641356201817E-15,-3.52495810318487E-15,1.0));
#15407=DIRECTION('',(1.16539998125307E-31,-1.0,-3.52495810318487E-15));
#15408=DIRECTION('',(1.0,1.56659339319368E-31,-3.1641356201817E-15));
#15409=CARTESIAN_POINT('',(-0.0258027938683827,0.0290284546324324,0.0519257607640496));
#15410=DIRECTION('',(-3.1641356201817E-15,3.52495810318487E-15,-1.0));
#15411=DIRECTION('',(0.0,1.0,3.52495810318487E-15));
#15412=DIRECTION('',(-1.05837257866942E-31,1.0,3.52495810318487E-15));
#15413=DIRECTION('',(-1.0,-9.62066204886233E-31,3.1641356201817E-15));
#15414=CARTESIAN_POINT('',(-0.0138499999,-0.00937433885595047,0.0433257607640495));
#15415=DIRECTION('',(0.0,-3.52495810318487E-15,1.0));
#15416=DIRECTION('',(0.0,-1.0,-3.52495810318487E-15));
#15417=CARTESIAN_POINT('',(0.0139500003799999,0.0158256615440495,0.0433257607640496));
#15418=DIRECTION('',(0.0,-3.52495810318487E-15,1.0));
#15419=DIRECTION('',(0.0,-1.0,-3.52495810318487E-15));
#15420=CARTESIAN_POINT('',(0.01845,-0.0140743392359504,0.0433257607640495));
#15421=DIRECTION('',(0.0,-3.52495810318487E-15,1.0));
#15422=DIRECTION('',(0.0,-1.0,-3.52495810318487E-15));
#15423=DIRECTION('',(-1.0,1.11836977987723E-29,3.94220661793533E-44));
#15424=CARTESIAN_POINT('',(-0.01845,-0.0140743392359504,0.0433257607640495));
#15425=DIRECTION('',(0.0,-3.52495810318487E-15,1.0));
#15426=DIRECTION('',(0.0,-1.0,-3.52495810318487E-15));
#15427=DIRECTION('',(-4.91112135818745E-33,1.0,3.52495810318487E-15));
#15428=CARTESIAN_POINT('',(-0.01845,0.0205256607640496,0.0433257607640496));
#15429=DIRECTION('',(0.0,-3.52495810318487E-15,1.0));
#15430=DIRECTION('',(0.0,-1.0,-3.52495810318487E-15));
#15431=DIRECTION('',(1.0,-1.11836977987723E-29,-3.94220661793533E-44));
#15432=CARTESIAN_POINT('',(0.01845,0.0205256607640496,0.0433257607640496));
#15433=DIRECTION('',(0.0,-3.52495810318487E-15,1.0));
#15434=DIRECTION('',(0.0,-1.0,-3.52495810318487E-15));
#15435=DIRECTION('',(4.91112135818745E-33,-1.0,-3.52495810318487E-15));
#15436=DIRECTION('',(-7.3185337886715E-33,1.0,3.52495810318487E-15));
#15437=CARTESIAN_POINT('',(-0.0182499999999999,0.0203256607640496,0.0421257607640496));
#15438=DIRECTION('',(-3.1641356201817E-15,3.52495810318487E-15,-1.0));
#15439=DIRECTION('',(0.0,1.0,3.52495810318487E-15));
#15440=DIRECTION('',(1.0,4.62848009493539E-33,-3.1641356201817E-15));
#15441=CARTESIAN_POINT('',(0.01825,0.0203256607640495,0.0421257607640495));
#15442=DIRECTION('',(-3.1641356201817E-15,3.52495810318487E-15,-1.0));
#15443=DIRECTION('',(0.0,1.0,3.52495810318487E-15));
#15444=DIRECTION('',(5.30593699678697E-32,-1.0,-3.52495810318487E-15));
#15445=CARTESIAN_POINT('',(0.0182500000000002,-0.0138743392359504,0.0421257607640494));
#15446=DIRECTION('',(-3.1641356201817E-15,3.52495810318487E-15,-1.0));
#15447=DIRECTION('',(0.0,1.0,3.52495810318487E-15));
#15448=DIRECTION('',(-1.0,3.26585333292817E-32,3.1641356201817E-15));
#15449=CARTESIAN_POINT('',(-0.0182499999999999,-0.0138743392359504,0.0421257607640495));
#15450=DIRECTION('',(-3.1641356201817E-15,3.52495810318487E-15,-1.0));
#15451=DIRECTION('',(0.0,1.0,3.52495810318487E-15));
#15452=DIRECTION('',(-1.0,3.02523048369681E-32,3.1641356201817E-15));
#15453=CARTESIAN_POINT('',(0.01845,-0.0140743392359504,0.0421257607640494));
#15454=DIRECTION('',(-3.1641356201817E-15,3.52495810318487E-15,-1.0));
#15455=DIRECTION('',(0.0,1.0,3.52495810318487E-15));
#15456=DIRECTION('',(4.91112135818745E-33,-1.0,-3.52495810318487E-15));
#15457=CARTESIAN_POINT('',(0.01845,0.0205256607640496,0.0421257607640495));
#15458=DIRECTION('',(-3.1641356201817E-15,3.52495810318487E-15,-1.0));
#15459=DIRECTION('',(0.0,1.0,3.52495810318487E-15));
#15460=DIRECTION('',(1.0,-3.02523048369681E-32,-3.1641356201817E-15));
#15461=CARTESIAN_POINT('',(-0.01845,0.0205256607640496,0.0421257607640496));
#15462=DIRECTION('',(-3.1641356201817E-15,3.52495810318487E-15,-1.0));
#15463=DIRECTION('',(0.0,1.0,3.52495810318487E-15));
#15464=DIRECTION('',(-4.91112135818745E-33,1.0,3.52495810318487E-15));
#15465=CARTESIAN_POINT('',(-0.01845,-0.0140743392359504,0.0421257607640495));
#15466=DIRECTION('',(-3.1641356201817E-15,3.52495810318487E-15,-1.0));
#15467=DIRECTION('',(0.0,1.0,3.52495810318487E-15));
#15468=CARTESIAN_POINT('',(0.0139500003799999,0.0158256615440495,0.0401256607640495));
#15469=DIRECTION('',(-3.1641356201817E-15,3.52495810318487E-15,-1.0));
#15470=DIRECTION('',(0.0,1.0,3.52495810318487E-15));
#15471=DIRECTION('',(-0.0,3.52495810318487E-15,-1.0));
#15472=DIRECTION('',(-5.30593699678697E-32,1.0,3.52495810318487E-15));
#15473=DIRECTION('',(-0.0,3.52495810318487E-15,-1.0));
#15474=CARTESIAN_POINT('',(-0.0138499999,-0.00937433885595046,0.0401256607640495));
#15475=DIRECTION('',(-3.1641356201817E-15,3.52495810318487E-15,-1.0));
#15476=DIRECTION('',(0.0,1.0,3.52495810318487E-15));
#15477=DIRECTION('',(0.0,3.52495810318487E-15,-1.0));
#15478=DIRECTION('',(-1.0,1.11861040272646E-29,3.94305480339754E-44));
#15479=DIRECTION('',(0.0,3.52495810318487E-15,-1.0));
#15480=DIRECTION('',(3.1641356201817E-15,0.0,1.0));
#15481=CARTESIAN_POINT('',(-0.0194999999999998,-0.0162743392359506,0.0401257607640495));
#15482=DIRECTION('',(0.0,-3.52495810318487E-15,1.0));
#15483=DIRECTION('',(0.0,-1.0,-3.52495810318487E-15));
#15484=CARTESIAN_POINT('',(0.0195000000000001,-0.0162743392359506,0.0401257607640495));
#15485=DIRECTION('',(0.0,-3.52495810318487E-15,1.0));
#15486=DIRECTION('',(0.0,-1.0,-3.52495810318487E-15));
#15487=DIRECTION('',(-3.1641356201817E-15,0.0,-1.0));
#15488=DIRECTION('',(3.1641356201817E-15,0.0,1.0));
#15489=DIRECTION('',(-7.3185337886715E-33,1.0,3.52495810318487E-15));
#15490=DIRECTION('',(-5.30593699678697E-32,1.0,3.52495810318487E-15));
#15491=DIRECTION('',(-3.1641356201817E-15,0.0,-1.0));
#15492=DIRECTION('',(0.0,-3.52495810318487E-15,1.0));
#15493=CARTESIAN_POINT('',(-0.0194999999999998,0.0227256607640494,0.0401257607640496));
#15494=DIRECTION('',(0.0,-3.52495810318487E-15,1.0));
#15495=DIRECTION('',(0.0,-1.0,-3.52495810318487E-15));
#15496=CARTESIAN_POINT('',(0.0195000000000001,0.0227256607640494,0.0401257607640496));
#15497=DIRECTION('',(0.0,-3.52495810318487E-15,1.0));
#15498=DIRECTION('',(0.0,-1.0,-3.52495810318487E-15));
#15499=DIRECTION('',(0.0,-3.52495810318487E-15,1.0));
#15500=DIRECTION('',(1.0,-1.11488170138404E-29,-3.92991128738622E-44));
#15501=DIRECTION('',(-3.1641356201817E-15,3.52495810318487E-15,-1.0));
#15502=DIRECTION('',(-3.1641356201817E-15,3.52495810318487E-15,-1.0));
#15503=DIRECTION('',(-3.1641356201817E-15,3.52495810318487E-15,-1.0));
#15504=DIRECTION('',(-3.1641356201817E-15,3.52495810318487E-15,-1.0));
#15505=DIRECTION('',(-3.1641356201817E-15,3.52495810318487E-15,-1.0));
#15506=DIRECTION('',(-3.1641356201817E-15,3.52495810318487E-15,-1.0));
#15507=DIRECTION('',(-3.1641356201817E-15,3.52495810318487E-15,-1.0));
#15508=DIRECTION('',(-3.1641356201817E-15,3.52495810318487E-15,-1.0));
#15509=DIRECTION('',(-1.0,1.11488170138404E-29,3.92991128738622E-44));
#15510=CARTESIAN_POINT('',(-0.0182499999999999,0.0203256607640496,0.0401257607640496));
#15511=DIRECTION('',(0.0,-3.52495810318487E-15,1.0));
#15512=DIRECTION('',(0.0,-1.0,-3.52495810318487E-15));
#15513=DIRECTION('',(7.3185337886715E-33,-1.0,-3.52495810318487E-15));
#15514=CARTESIAN_POINT('',(-0.0182499999999999,-0.0138743392359504,0.0401257607640495));
#15515=DIRECTION('',(0.0,-3.52495810318487E-15,1.0));
#15516=DIRECTION('',(0.0,-1.0,-3.52495810318487E-15));
#15517=DIRECTION('',(1.0,-1.11861040272646E-29,-3.94305480339754E-44));
#15518=CARTESIAN_POINT('',(0.0182500000000002,-0.0138743392359504,0.0401257607640495));
#15519=DIRECTION('',(0.0,-3.52495810318487E-15,1.0));
#15520=DIRECTION('',(0.0,-1.0,-3.52495810318487E-15));
#15521=CARTESIAN_POINT('',(0.01825,0.0203256607640496,0.0401257607640496));
#15522=DIRECTION('',(0.0,-3.52495810318487E-15,1.0));
#15523=DIRECTION('',(0.0,-1.0,-3.52495810318487E-15));
#15524=DIRECTION('',(-0.0,3.52495810318487E-15,-1.0));
#15525=DIRECTION('',(-0.0,3.52495810318487E-15,-1.0));
#15526=DIRECTION('',(-0.0,3.52495810318487E-15,-1.0));
#15527=DIRECTION('',(-0.0,3.52495810318487E-15,-1.0));
#15528=DIRECTION('',(-0.0,3.52495810318487E-15,-1.0));
#15529=DIRECTION('',(-0.0,3.52495810318487E-15,-1.0));
#15530=CARTESIAN_POINT('',(0.0266027938671818,0.0263084546336334,0.0401257607640496));
#15531=DIRECTION('',(-3.1641356201817E-15,3.52495810318487E-15,-1.0));
#15532=DIRECTION('',(0.0,1.0,3.52495810318487E-15));
#15533=DIRECTION('',(1.0,9.62066204886233E-31,-3.1641356201817E-15));
#15534=DIRECTION('',(-1.05837257866942E-31,1.0,3.52495810318487E-15));
#15535=CARTESIAN_POINT('',(-0.0258027938683827,0.0290284546324324,0.0401257607640498));
#15536=DIRECTION('',(-3.1641356201817E-15,3.52495810318487E-15,-1.0));
#15537=DIRECTION('',(0.0,1.0,3.52495810318487E-15));
#15538=DIRECTION('',(1.0,1.56659339319368E-31,-3.1641356201817E-15));
#15539=DIRECTION('',(-1.0,-1.56659339319368E-31,3.1641356201817E-15));
#15540=DIRECTION('',(1.05837257866942E-31,-1.0,-3.52495810318487E-15));
#15541=DIRECTION('',(1.0,9.62066204886233E-31,-3.1641356201817E-15));
#15542=DIRECTION('',(-1.16539998125307E-31,1.0,3.52495810318487E-15));
#15543=DIRECTION('',(-3.1641356201817E-15,3.52495810318487E-15,-1.0));
#15544=DIRECTION('',(-3.1641356201817E-15,3.52495810318487E-15,-1.0));
#15545=DIRECTION('',(-3.1641356201817E-15,3.52495810318487E-15,-1.0));
#15546=DIRECTION('',(3.1641356201817E-15,-3.52495810318487E-15,1.0));
#15547=DIRECTION('',(3.1641356201817E-15,-3.52495810318487E-15,1.0));
#15548=DIRECTION('',(3.1641356201817E-15,-3.52495810318487E-15,1.0));
#15549=DIRECTION('',(3.1641356201817E-15,-3.52495810318487E-15,1.0));
#15550=DIRECTION('',(3.1641356201817E-15,-3.52495810318487E-15,1.0));
#15551=DIRECTION('',(3.1641356201817E-15,-3.52495810318487E-15,1.0));
#15552=DIRECTION('',(3.1641356201817E-15,-3.52495810318487E-15,1.0));
#15553=DIRECTION('',(3.1641356201817E-15,-3.52495810318487E-15,1.0));
#15554=DIRECTION('',(3.1641356201817E-15,-3.52495810318487E-15,1.0));
#15555=DIRECTION('',(3.1641356201817E-15,-3.52495810318487E-15,1.0));
#15556=DIRECTION('',(3.1641356201817E-15,-3.52495810318487E-15,1.0));
#15557=DIRECTION('',(3.1641356201817E-15,-3.52495810318487E-15,1.0));
#15558=DIRECTION('',(3.1641356201817E-15,-3.52495810318487E-15,1.0));
#15559=DIRECTION('',(3.1641356201817E-15,-3.52495810318487E-15,1.0));
#15560=DIRECTION('',(3.1641356201817E-15,-3.52495810318487E-15,1.0));
#15561=DIRECTION('',(3.1641356201817E-15,-3.52495810318487E-15,1.0));
#15562=CARTESIAN_POINT('',(0.000200018223882047,-0.00162877010266303,-0.0480742392359506));
#15563=DIRECTION('',(-3.1641356201817E-15,3.52495810318487E-15,-1.0));
#15564=DIRECTION('',(0.0,1.0,3.52495810318487E-15));
#15565=CARTESIAN_POINT('',(0.00020001822388205,-0.00162877010266303,-0.0470742392359505));
#15566=DIRECTION('',(-3.1641356201817E-15,3.52495810318487E-15,-1.0));
#15567=DIRECTION('',(0.0,1.0,3.52495810318487E-15));
#15568=DIRECTION('',(3.1641356201817E-15,-3.52495810318487E-15,1.0));
#15569=DIRECTION('',(3.1641356201817E-15,-3.52495810318487E-15,1.0));
#15570=DIRECTION('',(3.1641356201817E-15,-3.52495810318487E-15,1.0));
#15571=DIRECTION('',(3.1641356201817E-15,-3.52495810318487E-15,1.0));
#15572=DIRECTION('',(3.1641356201817E-15,-3.52495810318487E-15,1.0));
#15573=DIRECTION('',(3.1641356201817E-15,-3.52495810318487E-15,1.0));
#15574=DIRECTION('',(3.1641356201817E-15,-3.52495810318487E-15,1.0));
#15575=DIRECTION('',(3.1641356201817E-15,-3.52495810318487E-15,1.0));
ENDSEC;
END-ISO-10303-21;
