ISO-10303-21;
HEADER;
FILE_DESCRIPTION(('STEP AP242'),'1');
FILE_NAME('CDU_Frontplatte_1_3_OLED_V1.stp','2025-12-07T18:23:26',(' '),(' '),'Spatial InterOp 3D',' ',' ');
FILE_SCHEMA(('AP242_MANAGED_MODEL_BASED_3D_ENGINEERING_MIM_LF  {1 0 10303 442 1 1 4}'));
ENDSEC;
DATA;
#1=PRODUCT_DEFINITION_CONTEXT('',#22,'design');
#2=APPLICATION_PROTOCOL_DEFINITION('INTERNATIONAL STANDARD','ap242_managed_model_based_3d_engineering',2014,#22);
#3=PRODUCT_CATEGORY_RELATIONSHIP('NONE','NONE',#23,#24);
#4=SHAPE_DEFINITION_REPRESENTATION(#25,#26);
#5=PRODUCT_DEFINITION_CONTEXT('',#27,'design');
#6=APPLICATION_PROTOCOL_DEFINITION('INTERNATIONAL STANDARD','ap242_managed_model_based_3d_engineering',2014,#27);
#7=PRODUCT_CATEGORY_RELATIONSHIP('NONE','NONE',#28,#29);
#8=CONTEXT_DEPENDENT_SHAPE_REPRESENTATION(#30,#31);
#9=SHAPE_DEFINITION_REPRESENTATION(#32,#33);
#10=SHAPE_REPRESENTATION_RELATIONSHIP('NONE','NONE',#33,#34);
#11=PRODUCT_DEFINITION_CONTEXT('',#35,'design');
#12=APPLICATION_PROTOCOL_DEFINITION('INTERNATIONAL STANDARD','ap242_managed_model_based_3d_engineering',2014,#35);
#13=PRODUCT_CATEGORY_RELATIONSHIP('NONE','NONE',#36,#37);
#14=CONTEXT_DEPENDENT_SHAPE_REPRESENTATION(#38,#39);
#15=SHAPE_DEFINITION_REPRESENTATION(#40,#41);
#16=SHAPE_REPRESENTATION_RELATIONSHIP('NONE','NONE',#41,#42);
#17=MECHANICAL_DESIGN_GEOMETRIC_PRESENTATION_REPRESENTATION(' ',(#43,#44,#45,#46,#47,#48,#49,#50,#51,#52,#53,#54,#55,#56,#57,#58,#59,#60,#61,#62,#63,#64,#65,#66,#67,#68,#69,#70,#71,#72,#73,#74,#75,#76,#77,#78,#79,#80,#81,#82,#83,#84,#85,#86,#87,#88,#89,#90,#91,#92,#93,#94,#95,#96,#97,#98,#99,#100,#101,#102,#103,#104,#105,#106,#107,#108,#109,#110,#111,#112,#113,#114,#115,#116,#117,#118,#119,#120,#121,#122,#123,#124,#125,#126,#127,#128,#129,#130,#131,#132,#133,#134,#135,#136,#137,#138,#139,#140,#141,#142,#143,#144,#145,#146,#147,#148,#149,#150,#151,#152,#153,#154,#155,#156,#157,#158,#159,#160,#161,#162,#163,#164,#165,#166,#167,#168,#169,#170,#171,#172,#173,#174,#175,#176,#177,#178,#179,#180,#181,#182,#183,#184,#185,#186,#187,#188,#189,#190,#191,#192,#193,#194,#195,#196,#197,#198,#199,#200,#201,#202,#203,#204,#205,#206,#207,#208,#209,#210,#211,#212,#213,#214,#215,#216,#217,#218,#219,#220,#221,#222,#223,#224,#225,#226,#227,#228,#229,#230,#231,#232,#233,#234,#235,#236,#237,#238,#239,#240,#241,#242,#243,#244,#245,#246,#247,#248,#249,#250,#251,#252,#253,#254,#255,#256,#257,#258,#259,#260,#261,#262,#263,#264,#265,#266,#267,#268,#269,#270,#271,#272,#273,#274,#275,#276,#277,#278,#279,#280,#281,#282,#283,#284,#285,#286,#287,#288,#289,#290,#291,#292,#293,#294,#295,#296,#297,#298,#299,#300,#301,#302,#303,#304,#305,#306,#307,#308),#18);
#18= (GEOMETRIC_REPRESENTATION_CONTEXT(3)GLOBAL_UNCERTAINTY_ASSIGNED_CONTEXT((#311))GLOBAL_UNIT_ASSIGNED_CONTEXT((#313,#314,#315))REPRESENTATION_CONTEXT('NONE','WORKSPACE'));
#22=APPLICATION_CONTEXT('managed model based 3d engineering');
#23=PRODUCT_CATEGORY('part','NONE');
#24=PRODUCT_RELATED_PRODUCT_CATEGORY('detail',' ',(#317));
#25=PRODUCT_DEFINITION_SHAPE('NONE','NONE',#318);
#26=SHAPE_REPRESENTATION('CDU_Frontplatte_1_3_OLED_V1',(#319,#320,#321),#322);
#27=APPLICATION_CONTEXT('managed model based 3d engineering');
#28=PRODUCT_CATEGORY('part','NONE');
#29=PRODUCT_RELATED_PRODUCT_CATEGORY('detail',' ',(#323));
#30=(REPRESENTATION_RELATIONSHIP('','',#33,#26)REPRESENTATION_RELATIONSHIP_WITH_TRANSFORMATION(#326)SHAPE_REPRESENTATION_RELATIONSHIP());
#31=PRODUCT_DEFINITION_SHAPE('NAUO-PROD-DEF','NAUO-PROD-DEF',#328);
#32=PRODUCT_DEFINITION_SHAPE('NONE','NONE',#329);
#33=SHAPE_REPRESENTATION('NFC_Symbol',(#319),#322);
#34=ADVANCED_BREP_SHAPE_REPRESENTATION('Volumenk\X2\00F6\X0\rper1',(#330),#18);
#35=APPLICATION_CONTEXT('managed model based 3d engineering');
#36=PRODUCT_CATEGORY('part','NONE');
#37=PRODUCT_RELATED_PRODUCT_CATEGORY('detail',' ',(#331));
#38=(REPRESENTATION_RELATIONSHIP('','',#41,#26)REPRESENTATION_RELATIONSHIP_WITH_TRANSFORMATION(#334)SHAPE_REPRESENTATION_RELATIONSHIP());
#39=PRODUCT_DEFINITION_SHAPE('NAUO-PROD-DEF','NAUO-PROD-DEF',#336);
#40=PRODUCT_DEFINITION_SHAPE('NONE','NONE',#337);
#41=SHAPE_REPRESENTATION('Frontplatte',(#319),#322);
#42=ADVANCED_BREP_SHAPE_REPRESENTATION('Volumenk\X2\00F6\X0\rper',(#338),#18);
#43=STYLED_ITEM('',(#339),#340);
#44=STYLED_ITEM('',(#341),#342);
#45=STYLED_ITEM('',(#343),#344);
#46=STYLED_ITEM('',(#345),#346);
#47=STYLED_ITEM('',(#347),#348);
#48=STYLED_ITEM('',(#349),#350);
#49=STYLED_ITEM('',(#351),#352);
#50=STYLED_ITEM('',(#353),#354);
#51=STYLED_ITEM('',(#355),#356);
#52=STYLED_ITEM('',(#357),#358);
#53=STYLED_ITEM('',(#359),#360);
#54=STYLED_ITEM('',(#361),#362);
#55=STYLED_ITEM('',(#363),#364);
#56=STYLED_ITEM('',(#365),#366);
#57=STYLED_ITEM('',(#367),#368);
#58=STYLED_ITEM('',(#369),#370);
#59=STYLED_ITEM('',(#371),#372);
#60=STYLED_ITEM('',(#373),#374);
#61=STYLED_ITEM('',(#375),#376);
#62=STYLED_ITEM('',(#377),#378);
#63=STYLED_ITEM('',(#379),#380);
#64=STYLED_ITEM('',(#381),#382);
#65=STYLED_ITEM('',(#383),#384);
#66=STYLED_ITEM('',(#385),#386);
#67=STYLED_ITEM('',(#387),#388);
#68=STYLED_ITEM('',(#389),#390);
#69=STYLED_ITEM('',(#391),#392);
#70=STYLED_ITEM('',(#393),#394);
#71=STYLED_ITEM('',(#395),#396);
#72=STYLED_ITEM('',(#397),#398);
#73=STYLED_ITEM('',(#399),#400);
#74=STYLED_ITEM('',(#401),#402);
#75=STYLED_ITEM('',(#403),#404);
#76=STYLED_ITEM('',(#405),#406);
#77=STYLED_ITEM('',(#407),#408);
#78=STYLED_ITEM('',(#409),#410);
#79=STYLED_ITEM('',(#411),#412);
#80=STYLED_ITEM('',(#413),#414);
#81=STYLED_ITEM('',(#415),#416);
#82=STYLED_ITEM('',(#417),#418);
#83=STYLED_ITEM('',(#419),#420);
#84=STYLED_ITEM('',(#421),#422);
#85=STYLED_ITEM('',(#423),#424);
#86=STYLED_ITEM('',(#425),#426);
#87=STYLED_ITEM('',(#427),#428);
#88=STYLED_ITEM('',(#429),#430);
#89=STYLED_ITEM('',(#431),#432);
#90=STYLED_ITEM('',(#433),#434);
#91=STYLED_ITEM('',(#435),#436);
#92=STYLED_ITEM('',(#437),#438);
#93=STYLED_ITEM('',(#439),#440);
#94=STYLED_ITEM('',(#441),#442);
#95=STYLED_ITEM('',(#443),#444);
#96=STYLED_ITEM('',(#445),#446);
#97=STYLED_ITEM('',(#447),#448);
#98=STYLED_ITEM('',(#449),#450);
#99=STYLED_ITEM('',(#451),#452);
#100=STYLED_ITEM('',(#453),#454);
#101=STYLED_ITEM('',(#455),#456);
#102=STYLED_ITEM('',(#457),#458);
#103=STYLED_ITEM('',(#459),#460);
#104=STYLED_ITEM('',(#461),#462);
#105=STYLED_ITEM('',(#463),#464);
#106=STYLED_ITEM('',(#465),#466);
#107=STYLED_ITEM('',(#467),#468);
#108=STYLED_ITEM('',(#469),#470);
#109=STYLED_ITEM('',(#471),#472);
#110=STYLED_ITEM('',(#473),#474);
#111=STYLED_ITEM('',(#475),#476);
#112=STYLED_ITEM('',(#477),#478);
#113=STYLED_ITEM('',(#479),#480);
#114=STYLED_ITEM('',(#481),#482);
#115=STYLED_ITEM('',(#483),#484);
#116=STYLED_ITEM('',(#485),#486);
#117=STYLED_ITEM('',(#487),#488);
#118=STYLED_ITEM('',(#489),#490);
#119=STYLED_ITEM('',(#491),#492);
#120=STYLED_ITEM('',(#493),#494);
#121=STYLED_ITEM('',(#495),#496);
#122=STYLED_ITEM('',(#497),#498);
#123=STYLED_ITEM('',(#499),#500);
#124=STYLED_ITEM('',(#501),#502);
#125=STYLED_ITEM('',(#503),#504);
#126=STYLED_ITEM('',(#505),#506);
#127=STYLED_ITEM('',(#507),#508);
#128=STYLED_ITEM('',(#509),#510);
#129=STYLED_ITEM('',(#511),#512);
#130=STYLED_ITEM('',(#513),#514);
#131=STYLED_ITEM('',(#515),#516);
#132=STYLED_ITEM('',(#517),#518);
#133=STYLED_ITEM('',(#519),#520);
#134=STYLED_ITEM('',(#521),#522);
#135=STYLED_ITEM('',(#523),#524);
#136=STYLED_ITEM('',(#525),#526);
#137=STYLED_ITEM('',(#527),#528);
#138=STYLED_ITEM('',(#529),#530);
#139=STYLED_ITEM('',(#531),#532);
#140=STYLED_ITEM('',(#533),#534);
#141=STYLED_ITEM('',(#535),#536);
#142=STYLED_ITEM('',(#537),#538);
#143=STYLED_ITEM('',(#539),#540);
#144=STYLED_ITEM('',(#541),#542);
#145=STYLED_ITEM('',(#543),#544);
#146=STYLED_ITEM('',(#545),#546);
#147=STYLED_ITEM('',(#547),#548);
#148=STYLED_ITEM('',(#549),#550);
#149=STYLED_ITEM('',(#551),#552);
#150=STYLED_ITEM('',(#553),#554);
#151=STYLED_ITEM('',(#555),#556);
#152=STYLED_ITEM('',(#557),#558);
#153=STYLED_ITEM('',(#559),#560);
#154=STYLED_ITEM('',(#561),#562);
#155=STYLED_ITEM('',(#563),#564);
#156=STYLED_ITEM('',(#565),#566);
#157=STYLED_ITEM('',(#567),#568);
#158=STYLED_ITEM('',(#569),#570);
#159=STYLED_ITEM('',(#571),#572);
#160=STYLED_ITEM('',(#573),#574);
#161=STYLED_ITEM('',(#575),#576);
#162=STYLED_ITEM('',(#577),#578);
#163=STYLED_ITEM('',(#579),#580);
#164=STYLED_ITEM('',(#581),#582);
#165=STYLED_ITEM('',(#583),#584);
#166=STYLED_ITEM('',(#585),#586);
#167=STYLED_ITEM('',(#587),#588);
#168=STYLED_ITEM('',(#589),#590);
#169=STYLED_ITEM('',(#591),#592);
#170=STYLED_ITEM('',(#593),#594);
#171=STYLED_ITEM('',(#595),#596);
#172=STYLED_ITEM('',(#597),#598);
#173=STYLED_ITEM('',(#599),#600);
#174=STYLED_ITEM('',(#601),#602);
#175=STYLED_ITEM('',(#603),#604);
#176=STYLED_ITEM('',(#605),#606);
#177=STYLED_ITEM('',(#607),#608);
#178=STYLED_ITEM('',(#609),#610);
#179=STYLED_ITEM('',(#611),#612);
#180=STYLED_ITEM('',(#613),#614);
#181=STYLED_ITEM('',(#615),#616);
#182=STYLED_ITEM('',(#617),#618);
#183=STYLED_ITEM('',(#619),#620);
#184=STYLED_ITEM('',(#621),#622);
#185=STYLED_ITEM('',(#623),#624);
#186=STYLED_ITEM('',(#625),#626);
#187=STYLED_ITEM('',(#627),#628);
#188=STYLED_ITEM('',(#629),#630);
#189=STYLED_ITEM('',(#631),#632);
#190=STYLED_ITEM('',(#633),#634);
#191=STYLED_ITEM('',(#635),#636);
#192=STYLED_ITEM('',(#637),#638);
#193=STYLED_ITEM('',(#639),#640);
#194=STYLED_ITEM('',(#641),#642);
#195=STYLED_ITEM('',(#643),#644);
#196=STYLED_ITEM('',(#645),#646);
#197=STYLED_ITEM('',(#647),#648);
#198=STYLED_ITEM('',(#649),#650);
#199=STYLED_ITEM('',(#651),#652);
#200=STYLED_ITEM('',(#653),#654);
#201=STYLED_ITEM('',(#655),#656);
#202=STYLED_ITEM('',(#657),#658);
#203=STYLED_ITEM('',(#659),#660);
#204=STYLED_ITEM('',(#661),#662);
#205=STYLED_ITEM('',(#663),#664);
#206=STYLED_ITEM('',(#665),#666);
#207=STYLED_ITEM('',(#667),#668);
#208=STYLED_ITEM('',(#669),#670);
#209=STYLED_ITEM('',(#671),#672);
#210=STYLED_ITEM('',(#673),#674);
#211=STYLED_ITEM('',(#675),#676);
#212=STYLED_ITEM('',(#677),#678);
#213=STYLED_ITEM('',(#679),#680);
#214=STYLED_ITEM('',(#681),#682);
#215=STYLED_ITEM('',(#683),#684);
#216=STYLED_ITEM('',(#685),#686);
#217=STYLED_ITEM('',(#687),#688);
#218=STYLED_ITEM('',(#689),#690);
#219=STYLED_ITEM('',(#691),#692);
#220=STYLED_ITEM('',(#693),#694);
#221=STYLED_ITEM('',(#695),#696);
#222=STYLED_ITEM('',(#697),#698);
#223=STYLED_ITEM('',(#699),#700);
#224=STYLED_ITEM('',(#701),#702);
#225=STYLED_ITEM('',(#703),#704);
#226=STYLED_ITEM('',(#705),#706);
#227=STYLED_ITEM('',(#707),#708);
#228=STYLED_ITEM('',(#709),#710);
#229=STYLED_ITEM('',(#711),#712);
#230=STYLED_ITEM('',(#713),#714);
#231=STYLED_ITEM('',(#715),#716);
#232=STYLED_ITEM('',(#717),#718);
#233=STYLED_ITEM('',(#719),#720);
#234=STYLED_ITEM('',(#721),#722);
#235=STYLED_ITEM('',(#723),#724);
#236=STYLED_ITEM('',(#725),#726);
#237=STYLED_ITEM('',(#727),#728);
#238=STYLED_ITEM('',(#729),#730);
#239=STYLED_ITEM('',(#731),#732);
#240=STYLED_ITEM('',(#733),#734);
#241=STYLED_ITEM('',(#735),#736);
#242=STYLED_ITEM('',(#737),#738);
#243=STYLED_ITEM('',(#739),#740);
#244=STYLED_ITEM('',(#741),#742);
#245=STYLED_ITEM('',(#743),#744);
#246=STYLED_ITEM('',(#745),#746);
#247=STYLED_ITEM('',(#747),#748);
#248=STYLED_ITEM('',(#749),#750);
#249=STYLED_ITEM('',(#751),#752);
#250=STYLED_ITEM('',(#753),#754);
#251=STYLED_ITEM('',(#755),#756);
#252=STYLED_ITEM('',(#757),#758);
#253=STYLED_ITEM('',(#759),#760);
#254=STYLED_ITEM('',(#761),#762);
#255=STYLED_ITEM('',(#763),#764);
#256=STYLED_ITEM('',(#765),#766);
#257=STYLED_ITEM('',(#767),#768);
#258=STYLED_ITEM('',(#769),#770);
#259=STYLED_ITEM('',(#771),#772);
#260=STYLED_ITEM('',(#773),#774);
#261=STYLED_ITEM('',(#775),#776);
#262=STYLED_ITEM('',(#777),#778);
#263=STYLED_ITEM('',(#779),#780);
#264=STYLED_ITEM('',(#781),#782);
#265=STYLED_ITEM('',(#783),#784);
#266=STYLED_ITEM('',(#785),#786);
#267=STYLED_ITEM('',(#787),#788);
#268=STYLED_ITEM('',(#789),#790);
#269=STYLED_ITEM('',(#791),#792);
#270=STYLED_ITEM('',(#793),#794);
#271=STYLED_ITEM('',(#795),#796);
#272=STYLED_ITEM('',(#797),#798);
#273=STYLED_ITEM('',(#799),#800);
#274=STYLED_ITEM('',(#801),#802);
#275=STYLED_ITEM('',(#803),#804);
#276=STYLED_ITEM('',(#805),#806);
#277=STYLED_ITEM('',(#807),#808);
#278=STYLED_ITEM('',(#809),#810);
#279=STYLED_ITEM('',(#811),#812);
#280=STYLED_ITEM('',(#813),#814);
#281=STYLED_ITEM('',(#815),#816);
#282=STYLED_ITEM('',(#817),#818);
#283=STYLED_ITEM('',(#819),#820);
#284=STYLED_ITEM('',(#821),#822);
#285=STYLED_ITEM('',(#823),#824);
#286=STYLED_ITEM('',(#825),#826);
#287=STYLED_ITEM('',(#827),#828);
#288=STYLED_ITEM('',(#829),#830);
#289=STYLED_ITEM('',(#831),#832);
#290=STYLED_ITEM('',(#833),#834);
#291=STYLED_ITEM('',(#835),#836);
#292=STYLED_ITEM('',(#837),#838);
#293=STYLED_ITEM('',(#839),#840);
#294=STYLED_ITEM('',(#841),#842);
#295=STYLED_ITEM('',(#843),#844);
#296=STYLED_ITEM('',(#845),#846);
#297=STYLED_ITEM('',(#847),#848);
#298=STYLED_ITEM('',(#849),#850);
#299=STYLED_ITEM('',(#851),#852);
#300=STYLED_ITEM('',(#853),#854);
#301=STYLED_ITEM('',(#855),#856);
#302=STYLED_ITEM('',(#857),#858);
#303=STYLED_ITEM('',(#859),#860);
#304=STYLED_ITEM('',(#861),#862);
#305=STYLED_ITEM('',(#863),#864);
#306=STYLED_ITEM('',(#865),#866);
#307=STYLED_ITEM('',(#867),#868);
#308=STYLED_ITEM('',(#869),#870);
#311=UNCERTAINTY_MEASURE_WITH_UNIT(LENGTH_MEASURE(1.0E-08),#313,'','');
#313= (CONVERSION_BASED_UNIT('METRE',#873)LENGTH_UNIT()NAMED_UNIT(#876));
#314= (NAMED_UNIT(#878)PLANE_ANGLE_UNIT()SI_UNIT($,.RADIAN.));
#315= (NAMED_UNIT(#878)SOLID_ANGLE_UNIT()SI_UNIT($,.STERADIAN.));
#317=PRODUCT('CDU_Frontplatte_1_3_OLED_V1','CDU_Frontplatte_1_3_OLED_V1','PART--DESC',(#884));
#318=PRODUCT_DEFINITION('CDU_Frontplatte_1_3_OLED_V1','CDU_Frontplatte_1_3_OLED_V1',#885,#1);
#319=AXIS2_PLACEMENT_3D('',#886,#887,#888);
#320=AXIS2_PLACEMENT_3D('',#889,#890,#891);
#321=AXIS2_PLACEMENT_3D('',#892,#893,#894);
#322= (GEOMETRIC_REPRESENTATION_CONTEXT(3)GLOBAL_UNCERTAINTY_ASSIGNED_CONTEXT((#897))GLOBAL_UNIT_ASSIGNED_CONTEXT((#899,#900,#901))REPRESENTATION_CONTEXT('NONE','WORKSPACE'));
#323=PRODUCT('NFC_Symbol','NFC_Symbol','PART-NFC_Symbol-DESC',(#903));
#326=ITEM_DEFINED_TRANSFORMATION('','',#319,#320);
#328=NEXT_ASSEMBLY_USAGE_OCCURRENCE('NFC_Symbol','NFC_Symbol','NFC_Symbol',#318,#329,$);
#329=PRODUCT_DEFINITION('NFC_Symbol','NFC_Symbol',#904,#5);
#330=MANIFOLD_SOLID_BREP('Volumenk\X2\00F6\X0\rper1',#905);
#331=PRODUCT('Frontplatte','Frontplatte','PART--DESC',(#906));
#334=ITEM_DEFINED_TRANSFORMATION('','',#319,#321);
#336=NEXT_ASSEMBLY_USAGE_OCCURRENCE('Frontplatte','Frontplatte','Frontplatte',#318,#337,$);
#337=PRODUCT_DEFINITION('Frontplatte','Frontplatte',#907,#11);
#338=MANIFOLD_SOLID_BREP('Volumenk\X2\00F6\X0\rper',#908);
#339=PRESENTATION_STYLE_ASSIGNMENT((#909));
#340=ADVANCED_FACE('8:40483',(#910),#911,.T.);
#341=PRESENTATION_STYLE_ASSIGNMENT((#912));
#342=ADVANCED_FACE('8:40477',(#913),#914,.T.);
#343=PRESENTATION_STYLE_ASSIGNMENT((#915));
#344=ADVANCED_FACE('8:40120',(#916),#917,.T.);
#345=PRESENTATION_STYLE_ASSIGNMENT((#918));
#346=ADVANCED_FACE('8:40126',(#919),#920,.T.);
#347=PRESENTATION_STYLE_ASSIGNMENT((#921));
#348=ADVANCED_FACE('8:40262',(#922),#923,.T.);
#349=PRESENTATION_STYLE_ASSIGNMENT((#924));
#350=ADVANCED_FACE('8:40256',(#925),#926,.T.);
#351=PRESENTATION_STYLE_ASSIGNMENT((#927));
#352=ADVANCED_FACE('8:40197',(#928),#929,.T.);
#353=PRESENTATION_STYLE_ASSIGNMENT((#930));
#354=ADVANCED_FACE('8:40191',(#931),#932,.T.);
#355=PRESENTATION_STYLE_ASSIGNMENT((#933));
#356=ADVANCED_FACE('8:40194',(#934),#935,.T.);
#357=PRESENTATION_STYLE_ASSIGNMENT((#936));
#358=ADVANCED_FACE('73:50925',(#937),#938,.T.);
#359=PRESENTATION_STYLE_ASSIGNMENT((#939));
#360=ADVANCED_FACE('73:50922',(#940),#941,.T.);
#361=PRESENTATION_STYLE_ASSIGNMENT((#942));
#362=ADVANCED_FACE('73:50367',(#943),#944,.T.);
#363=PRESENTATION_STYLE_ASSIGNMENT((#945));
#364=ADVANCED_FACE('73:50364',(#946),#947,.T.);
#365=PRESENTATION_STYLE_ASSIGNMENT((#948));
#366=ADVANCED_FACE('73:53901',(#949),#950,.F.);
#367=PRESENTATION_STYLE_ASSIGNMENT((#951));
#368=ADVANCED_FACE('73:54133',(#952),#953,.F.);
#369=PRESENTATION_STYLE_ASSIGNMENT((#954));
#370=ADVANCED_FACE('73:54218',(#955),#956,.F.);
#371=PRESENTATION_STYLE_ASSIGNMENT((#957));
#372=ADVANCED_FACE('73:54303',(#958),#959,.F.);
#373=PRESENTATION_STYLE_ASSIGNMENT((#960));
#374=ADVANCED_FACE('29:15303',(#961),#962,.F.);
#375=PRESENTATION_STYLE_ASSIGNMENT((#963));
#376=ADVANCED_FACE('29:14929',(#964),#965,.F.);
#377=PRESENTATION_STYLE_ASSIGNMENT((#966));
#378=ADVANCED_FACE('36:53824',(#967),#968,.F.);
#379=PRESENTATION_STYLE_ASSIGNMENT((#969));
#380=ADVANCED_FACE('36:53794',(#970),#971,.F.);
#381=PRESENTATION_STYLE_ASSIGNMENT((#972));
#382=ADVANCED_FACE('73:41048',(#973),#974,.F.);
#383=PRESENTATION_STYLE_ASSIGNMENT((#975));
#384=ADVANCED_FACE('73:41036',(#976),#977,.F.);
#385=PRESENTATION_STYLE_ASSIGNMENT((#978));
#386=ADVANCED_FACE('73:41248',(#979),#980,.F.);
#387=PRESENTATION_STYLE_ASSIGNMENT((#981));
#388=ADVANCED_FACE('73:41260',(#982),#983,.F.);
#389=PRESENTATION_STYLE_ASSIGNMENT((#984));
#390=ADVANCED_FACE('78:2853',(#985),#986,.T.);
#391=PRESENTATION_STYLE_ASSIGNMENT((#987));
#392=ADVANCED_FACE('78:2856',(#988),#989,.T.);
#393=PRESENTATION_STYLE_ASSIGNMENT((#990));
#394=ADVANCED_FACE('78:2859',(#991),#992,.T.);
#395=PRESENTATION_STYLE_ASSIGNMENT((#993));
#396=ADVANCED_FACE('78:2862',(#994),#995,.T.);
#397=PRESENTATION_STYLE_ASSIGNMENT((#996));
#398=ADVANCED_FACE('27:244186',(#997,#998),#999,.T.);
#399=PRESENTATION_STYLE_ASSIGNMENT((#1000));
#400=ADVANCED_FACE('27:245405',(#1001),#1002,.F.);
#401=PRESENTATION_STYLE_ASSIGNMENT((#1003));
#402=ADVANCED_FACE('23:8122',(#1004,#1005,#1006,#1007,#1008,#1009,#1010,#1011),#1012,.F.);
#403=PRESENTATION_STYLE_ASSIGNMENT((#1013));
#404=ADVANCED_FACE('27:242143',(#1014),#1015,.T.);
#405=PRESENTATION_STYLE_ASSIGNMENT((#1016));
#406=ADVANCED_FACE('27:242059',(#1017),#1018,.T.);
#407=PRESENTATION_STYLE_ASSIGNMENT((#1019));
#408=ADVANCED_FACE('8:40132',(#1020),#1021,.T.);
#409=PRESENTATION_STYLE_ASSIGNMENT((#1022));
#410=ADVANCED_FACE('34:9718',(#1023),#1024,.F.);
#411=PRESENTATION_STYLE_ASSIGNMENT((#1025));
#412=ADVANCED_FACE('34:9712',(#1026),#1027,.F.);
#413=PRESENTATION_STYLE_ASSIGNMENT((#1028));
#414=ADVANCED_FACE('34:9721',(#1029),#1030,.F.);
#415=PRESENTATION_STYLE_ASSIGNMENT((#1031));
#416=ADVANCED_FACE('34:9715',(#1032),#1033,.F.);
#417=PRESENTATION_STYLE_ASSIGNMENT((#1034));
#418=ADVANCED_FACE('36:53835',(#1035,#1036),#1037,.T.);
#419=PRESENTATION_STYLE_ASSIGNMENT((#1038));
#420=ADVANCED_FACE('32:29184',(#1039),#1040,.F.);
#421=PRESENTATION_STYLE_ASSIGNMENT((#1041));
#422=ADVANCED_FACE('73:50919',(#1042),#1043,.T.);
#423=PRESENTATION_STYLE_ASSIGNMENT((#1044));
#424=ADVANCED_FACE('36:58080',(#1045),#1046,.T.);
#425=PRESENTATION_STYLE_ASSIGNMENT((#1047));
#426=ADVANCED_FACE('36:65510',(#1048),#1049,.T.);
#427=PRESENTATION_STYLE_ASSIGNMENT((#1050));
#428=ADVANCED_FACE('32:28969',(#1051),#1052,.F.);
#429=PRESENTATION_STYLE_ASSIGNMENT((#1053));
#430=ADVANCED_FACE('29:18997',(#1054),#1055,.F.);
#431=PRESENTATION_STYLE_ASSIGNMENT((#1056));
#432=ADVANCED_FACE('32:3333',(#1057),#1058,.T.);
#433=PRESENTATION_STYLE_ASSIGNMENT((#1059));
#434=ADVANCED_FACE('29:17221',(#1060),#1061,.F.);
#435=PRESENTATION_STYLE_ASSIGNMENT((#1062));
#436=ADVANCED_FACE('29:18994',(#1063),#1064,.F.);
#437=PRESENTATION_STYLE_ASSIGNMENT((#1065));
#438=ADVANCED_FACE('8:40471',(#1066),#1067,.T.);
#439=PRESENTATION_STYLE_ASSIGNMENT((#1068));
#440=ADVANCED_FACE('29:14917',(#1069),#1070,.F.);
#441=PRESENTATION_STYLE_ASSIGNMENT((#1071));
#442=ADVANCED_FACE('73:41257',(#1072),#1073,.F.);
#443=PRESENTATION_STYLE_ASSIGNMENT((#1074));
#444=ADVANCED_FACE('73:41254',(#1075),#1076,.F.);
#445=PRESENTATION_STYLE_ASSIGNMENT((#1077));
#446=ADVANCED_FACE('73:41245',(#1078),#1079,.F.);
#447=PRESENTATION_STYLE_ASSIGNMENT((#1080));
#448=ADVANCED_FACE('73:41266',(#1081),#1082,.F.);
#449=PRESENTATION_STYLE_ASSIGNMENT((#1083));
#450=ADVANCED_FACE('73:41224',(#1084),#1085,.F.);
#451=PRESENTATION_STYLE_ASSIGNMENT((#1086));
#452=ADVANCED_FACE('73:41236',(#1087),#1088,.F.);
#453=PRESENTATION_STYLE_ASSIGNMENT((#1089));
#454=ADVANCED_FACE('73:41227',(#1090),#1091,.F.);
#455=PRESENTATION_STYLE_ASSIGNMENT((#1092));
#456=ADVANCED_FACE('73:41251',(#1093),#1094,.T.);
#457=PRESENTATION_STYLE_ASSIGNMENT((#1095));
#458=ADVANCED_FACE('73:41242',(#1096),#1097,.F.);
#459=PRESENTATION_STYLE_ASSIGNMENT((#1098));
#460=ADVANCED_FACE('73:41275',(#1099),#1100,.T.);
#461=PRESENTATION_STYLE_ASSIGNMENT((#1101));
#462=ADVANCED_FACE('73:41272',(#1102),#1103,.T.);
#463=PRESENTATION_STYLE_ASSIGNMENT((#1104));
#464=ADVANCED_FACE('73:41063',(#1105),#1106,.T.);
#465=PRESENTATION_STYLE_ASSIGNMENT((#1107));
#466=ADVANCED_FACE('73:41060',(#1108),#1109,.T.);
#467=PRESENTATION_STYLE_ASSIGNMENT((#1110));
#468=ADVANCED_FACE('73:41045',(#1111),#1112,.F.);
#469=PRESENTATION_STYLE_ASSIGNMENT((#1113));
#470=ADVANCED_FACE('73:41033',(#1114),#1115,.F.);
#471=PRESENTATION_STYLE_ASSIGNMENT((#1116));
#472=ADVANCED_FACE('73:41057',(#1117),#1118,.F.);
#473=PRESENTATION_STYLE_ASSIGNMENT((#1119));
#474=ADVANCED_FACE('73:41012',(#1120),#1121,.F.);
#475=PRESENTATION_STYLE_ASSIGNMENT((#1122));
#476=ADVANCED_FACE('73:41015',(#1123),#1124,.F.);
#477=PRESENTATION_STYLE_ASSIGNMENT((#1125));
#478=ADVANCED_FACE('73:41021',(#1126),#1127,.F.);
#479=PRESENTATION_STYLE_ASSIGNMENT((#1128));
#480=ADVANCED_FACE('73:41039',(#1129),#1130,.T.);
#481=PRESENTATION_STYLE_ASSIGNMENT((#1131));
#482=ADVANCED_FACE('73:41042',(#1132),#1133,.F.);
#483=PRESENTATION_STYLE_ASSIGNMENT((#1134));
#484=ADVANCED_FACE('73:41030',(#1135),#1136,.F.);
#485=PRESENTATION_STYLE_ASSIGNMENT((#1137));
#486=ADVANCED_FACE('36:499',(#1138),#1139,.F.);
#487=PRESENTATION_STYLE_ASSIGNMENT((#1140));
#488=ADVANCED_FACE('36:496',(#1141),#1142,.F.);
#489=PRESENTATION_STYLE_ASSIGNMENT((#1143));
#490=ADVANCED_FACE('36:349',(#1144),#1145,.F.);
#491=PRESENTATION_STYLE_ASSIGNMENT((#1146));
#492=ADVANCED_FACE('36:53804',(#1147),#1148,.F.);
#493=PRESENTATION_STYLE_ASSIGNMENT((#1149));
#494=ADVANCED_FACE('36:478',(#1150),#1151,.F.);
#495=PRESENTATION_STYLE_ASSIGNMENT((#1152));
#496=ADVANCED_FACE('36:487',(#1153),#1154,.F.);
#497=PRESENTATION_STYLE_ASSIGNMENT((#1155));
#498=ADVANCED_FACE('36:337',(#1156),#1157,.T.);
#499=PRESENTATION_STYLE_ASSIGNMENT((#1158));
#500=ADVANCED_FACE('36:53814',(#1159),#1160,.F.);
#501=PRESENTATION_STYLE_ASSIGNMENT((#1161));
#502=ADVANCED_FACE('36:340',(#1162),#1163,.T.);
#503=PRESENTATION_STYLE_ASSIGNMENT((#1164));
#504=ADVANCED_FACE('73:41024',(#1165),#1166,.F.);
#505=PRESENTATION_STYLE_ASSIGNMENT((#1167));
#506=ADVANCED_FACE('73:41018',(#1168),#1169,.F.);
#507=PRESENTATION_STYLE_ASSIGNMENT((#1170));
#508=ADVANCED_FACE('73:41230',(#1171),#1172,.F.);
#509=PRESENTATION_STYLE_ASSIGNMENT((#1173));
#510=ADVANCED_FACE('73:41233',(#1174),#1175,.F.);
#511=PRESENTATION_STYLE_ASSIGNMENT((#1176));
#512=ADVANCED_FACE('36:53772',(#1177),#1178,.F.);
#513=PRESENTATION_STYLE_ASSIGNMENT((#1179));
#514=ADVANCED_FACE('36:65581',(#1180,#1181),#1182,.T.);
#515=PRESENTATION_STYLE_ASSIGNMENT((#1183));
#516=ADVANCED_FACE('36:65575',(#1184),#1185,.T.);
#517=PRESENTATION_STYLE_ASSIGNMENT((#1186));
#518=ADVANCED_FACE('36:65516',(#1187,#1188),#1189,.T.);
#519=PRESENTATION_STYLE_ASSIGNMENT((#1190));
#520=ADVANCED_FACE('34:8328',(#1191,#1192,#1193),#1194,.T.);
#521=PRESENTATION_STYLE_ASSIGNMENT((#1195));
#522=ADVANCED_FACE('32:3336',(#1196),#1197,.T.);
#523=PRESENTATION_STYLE_ASSIGNMENT((#1198));
#524=ADVANCED_FACE('32:3330',(#1199),#1200,.T.);
#525=PRESENTATION_STYLE_ASSIGNMENT((#1201));
#526=ADVANCED_FACE('29:15297',(#1202),#1203,.F.);
#527=PRESENTATION_STYLE_ASSIGNMENT((#1204));
#528=ADVANCED_FACE('29:15291',(#1205),#1206,.F.);
#529=PRESENTATION_STYLE_ASSIGNMENT((#1207));
#530=ADVANCED_FACE('29:14923',(#1208),#1209,.F.);
#531=PRESENTATION_STYLE_ASSIGNMENT((#1210));
#532=ADVANCED_FACE('8:40480',(#1211),#1212,.T.);
#533=PRESENTATION_STYLE_ASSIGNMENT((#1213));
#534=ADVANCED_FACE('8:40474',(#1214),#1215,.T.);
#535=PRESENTATION_STYLE_ASSIGNMENT((#1216));
#536=ADVANCED_FACE('8:40418',(#1217),#1218,.T.);
#537=PRESENTATION_STYLE_ASSIGNMENT((#1219));
#538=ADVANCED_FACE('8:40415',(#1220),#1221,.T.);
#539=PRESENTATION_STYLE_ASSIGNMENT((#1222));
#540=ADVANCED_FACE('8:40412',(#1223),#1224,.T.);
#541=PRESENTATION_STYLE_ASSIGNMENT((#1225));
#542=ADVANCED_FACE('8:40409',(#1226),#1227,.T.);
#543=PRESENTATION_STYLE_ASSIGNMENT((#1228));
#544=ADVANCED_FACE('8:40406',(#1229),#1230,.T.);
#545=PRESENTATION_STYLE_ASSIGNMENT((#1231));
#546=ADVANCED_FACE('8:40353',(#1232),#1233,.T.);
#547=PRESENTATION_STYLE_ASSIGNMENT((#1234));
#548=ADVANCED_FACE('8:40350',(#1235),#1236,.T.);
#549=PRESENTATION_STYLE_ASSIGNMENT((#1237));
#550=ADVANCED_FACE('8:40347',(#1238),#1239,.T.);
#551=PRESENTATION_STYLE_ASSIGNMENT((#1240));
#552=ADVANCED_FACE('8:40344',(#1241),#1242,.T.);
#553=PRESENTATION_STYLE_ASSIGNMENT((#1243));
#554=ADVANCED_FACE('8:40341',(#1244),#1245,.T.);
#555=PRESENTATION_STYLE_ASSIGNMENT((#1246));
#556=ADVANCED_FACE('8:40318',(#1247,#1248),#1249,.T.);
#557=PRESENTATION_STYLE_ASSIGNMENT((#1250));
#558=ADVANCED_FACE('8:40315',(#1251),#1252,.F.);
#559=PRESENTATION_STYLE_ASSIGNMENT((#1253));
#560=ADVANCED_FACE('8:40259',(#1254),#1255,.T.);
#561=PRESENTATION_STYLE_ASSIGNMENT((#1256));
#562=ADVANCED_FACE('8:40253',(#1257),#1258,.T.);
#563=PRESENTATION_STYLE_ASSIGNMENT((#1259));
#564=ADVANCED_FACE('8:40250',(#1260),#1261,.T.);
#565=PRESENTATION_STYLE_ASSIGNMENT((#1262));
#566=ADVANCED_FACE('8:40188',(#1263),#1264,.T.);
#567=PRESENTATION_STYLE_ASSIGNMENT((#1265));
#568=ADVANCED_FACE('8:40185',(#1266),#1267,.T.);
#569=PRESENTATION_STYLE_ASSIGNMENT((#1268));
#570=ADVANCED_FACE('8:40129',(#1269),#1270,.T.);
#571=PRESENTATION_STYLE_ASSIGNMENT((#1271));
#572=ADVANCED_FACE('8:40123',(#1272),#1273,.T.);
#573=PRESENTATION_STYLE_ASSIGNMENT((#1274));
#574=ADVANCED_FACE('36:364',(#1275),#1276,.T.);
#575=PRESENTATION_STYLE_ASSIGNMENT((#1277));
#576=ADVANCED_FACE('36:53760',(#1278),#1279,.F.);
#577=PRESENTATION_STYLE_ASSIGNMENT((#1280));
#578=ADVANCED_FACE('36:53784',(#1281),#1282,.F.);
#579=PRESENTATION_STYLE_ASSIGNMENT((#1283));
#580=ADVANCED_FACE('80:13475',(#1284,#1285,#1286,#1287,#1288,#1289,#1290,#1291),#1292,.F.);
#581=PRESENTATION_STYLE_ASSIGNMENT((#1293));
#582=ADVANCED_FACE('80:13519',(#1294),#1295,.F.);
#583=PRESENTATION_STYLE_ASSIGNMENT((#1296));
#584=ADVANCED_FACE('80:13478',(#1297,#1298,#1299,#1300,#1301),#1302,.F.);
#585=PRESENTATION_STYLE_ASSIGNMENT((#1303));
#586=ADVANCED_FACE('13:494',(#1304,#1305),#1306,.F.);
#587=PRESENTATION_STYLE_ASSIGNMENT((#1307));
#588=ADVANCED_FACE('23:7181',(#1308),#1309,.T.);
#589=PRESENTATION_STYLE_ASSIGNMENT((#1310));
#590=ADVANCED_FACE('13:68701',(#1311),#1312,.T.);
#591=PRESENTATION_STYLE_ASSIGNMENT((#1313));
#592=ADVANCED_FACE('23:7190',(#1314),#1315,.T.);
#593=PRESENTATION_STYLE_ASSIGNMENT((#1316));
#594=ADVANCED_FACE('80:13528',(#1317),#1318,.F.);
#595=PRESENTATION_STYLE_ASSIGNMENT((#1319));
#596=ADVANCED_FACE('80:13516',(#1320),#1321,.F.);
#597=PRESENTATION_STYLE_ASSIGNMENT((#1322));
#598=ADVANCED_FACE('80:13513',(#1323),#1324,.F.);
#599=PRESENTATION_STYLE_ASSIGNMENT((#1325));
#600=ADVANCED_FACE('80:13510',(#1326),#1327,.T.);
#601=PRESENTATION_STYLE_ASSIGNMENT((#1328));
#602=ADVANCED_FACE('9:54689',(#1329),#1330,.T.);
#603=PRESENTATION_STYLE_ASSIGNMENT((#1331));
#604=ADVANCED_FACE('9:54686',(#1332),#1333,.T.);
#605=PRESENTATION_STYLE_ASSIGNMENT((#1334));
#606=ADVANCED_FACE('9:54683',(#1335),#1336,.T.);
#607=PRESENTATION_STYLE_ASSIGNMENT((#1337));
#608=ADVANCED_FACE('9:54680',(#1338),#1339,.T.);
#609=PRESENTATION_STYLE_ASSIGNMENT((#1340));
#610=ADVANCED_FACE('21:19062',(#1341,#1342,#1343,#1344,#1345,#1346,#1347,#1348,#1349),#1350,.F.);
#611=PRESENTATION_STYLE_ASSIGNMENT((#1351));
#612=ADVANCED_FACE('8:40826',(#1352),#1353,.T.);
#613=PRESENTATION_STYLE_ASSIGNMENT((#1354));
#614=ADVANCED_FACE('21:19072',(#1355),#1356,.T.);
#615=PRESENTATION_STYLE_ASSIGNMENT((#1357));
#616=ADVANCED_FACE('11:1514',(#1358),#1359,.F.);
#617=PRESENTATION_STYLE_ASSIGNMENT((#1360));
#618=ADVANCED_FACE('8:40832',(#1361),#1362,.T.);
#619=PRESENTATION_STYLE_ASSIGNMENT((#1363));
#620=ADVANCED_FACE('11:1432',(#1364),#1365,.F.);
#621=PRESENTATION_STYLE_ASSIGNMENT((#1366));
#622=ADVANCED_FACE('21:19082',(#1367),#1368,.T.);
#623=PRESENTATION_STYLE_ASSIGNMENT((#1369));
#624=ADVANCED_FACE('21:19122',(#1370,#1371),#1372,.F.);
#625=PRESENTATION_STYLE_ASSIGNMENT((#1373));
#626=ADVANCED_FACE('13:401',(#1374),#1375,.F.);
#627=PRESENTATION_STYLE_ASSIGNMENT((#1376));
#628=ADVANCED_FACE('13:425',(#1377),#1378,.F.);
#629=PRESENTATION_STYLE_ASSIGNMENT((#1379));
#630=ADVANCED_FACE('13:377',(#1380),#1381,.F.);
#631=PRESENTATION_STYLE_ASSIGNMENT((#1382));
#632=ADVANCED_FACE('13:473',(#1383),#1384,.F.);
#633=PRESENTATION_STYLE_ASSIGNMENT((#1385));
#634=ADVANCED_FACE('13:449',(#1386),#1387,.F.);
#635=PRESENTATION_STYLE_ASSIGNMENT((#1388));
#636=ADVANCED_FACE('13:497',(#1389),#1390,.F.);
#637=PRESENTATION_STYLE_ASSIGNMENT((#1391));
#638=ADVANCED_FACE('8:40796',(#1392),#1393,.T.);
#639=PRESENTATION_STYLE_ASSIGNMENT((#1394));
#640=ADVANCED_FACE('8:40799',(#1395),#1396,.F.);
#641=PRESENTATION_STYLE_ASSIGNMENT((#1397));
#642=ADVANCED_FACE('8:40790',(#1398),#1399,.F.);
#643=PRESENTATION_STYLE_ASSIGNMENT((#1400));
#644=ADVANCED_FACE('8:40793',(#1401),#1402,.F.);
#645=PRESENTATION_STYLE_ASSIGNMENT((#1403));
#646=ADVANCED_FACE('8:40784',(#1404),#1405,.T.);
#647=PRESENTATION_STYLE_ASSIGNMENT((#1406));
#648=ADVANCED_FACE('8:40787',(#1407),#1408,.F.);
#649=PRESENTATION_STYLE_ASSIGNMENT((#1409));
#650=ADVANCED_FACE('8:40778',(#1410),#1411,.F.);
#651=PRESENTATION_STYLE_ASSIGNMENT((#1412));
#652=ADVANCED_FACE('8:40781',(#1413),#1414,.F.);
#653=PRESENTATION_STYLE_ASSIGNMENT((#1415));
#654=ADVANCED_FACE('8:40772',(#1416),#1417,.T.);
#655=PRESENTATION_STYLE_ASSIGNMENT((#1418));
#656=ADVANCED_FACE('8:40775',(#1419),#1420,.F.);
#657=PRESENTATION_STYLE_ASSIGNMENT((#1421));
#658=ADVANCED_FACE('8:40766',(#1422),#1423,.F.);
#659=PRESENTATION_STYLE_ASSIGNMENT((#1424));
#660=ADVANCED_FACE('8:40769',(#1425),#1426,.F.);
#661=PRESENTATION_STYLE_ASSIGNMENT((#1427));
#662=ADVANCED_FACE('8:40760',(#1428),#1429,.F.);
#663=PRESENTATION_STYLE_ASSIGNMENT((#1430));
#664=ADVANCED_FACE('8:40763',(#1431),#1432,.T.);
#665=PRESENTATION_STYLE_ASSIGNMENT((#1433));
#666=ADVANCED_FACE('8:40754',(#1434),#1435,.F.);
#667=PRESENTATION_STYLE_ASSIGNMENT((#1436));
#668=ADVANCED_FACE('8:40757',(#1437),#1438,.F.);
#669=PRESENTATION_STYLE_ASSIGNMENT((#1439));
#670=ADVANCED_FACE('8:40748',(#1440),#1441,.F.);
#671=PRESENTATION_STYLE_ASSIGNMENT((#1442));
#672=ADVANCED_FACE('8:40751',(#1443),#1444,.T.);
#673=PRESENTATION_STYLE_ASSIGNMENT((#1445));
#674=ADVANCED_FACE('8:40742',(#1446),#1447,.F.);
#675=PRESENTATION_STYLE_ASSIGNMENT((#1448));
#676=ADVANCED_FACE('8:40745',(#1449),#1450,.F.);
#677=PRESENTATION_STYLE_ASSIGNMENT((#1451));
#678=ADVANCED_FACE('8:40736',(#1452),#1453,.F.);
#679=PRESENTATION_STYLE_ASSIGNMENT((#1454));
#680=ADVANCED_FACE('8:40739',(#1455),#1456,.T.);
#681=PRESENTATION_STYLE_ASSIGNMENT((#1457));
#682=ADVANCED_FACE('8:40730',(#1458),#1459,.F.);
#683=PRESENTATION_STYLE_ASSIGNMENT((#1460));
#684=ADVANCED_FACE('8:40733',(#1461),#1462,.F.);
#685=PRESENTATION_STYLE_ASSIGNMENT((#1463));
#686=ADVANCED_FACE('8:40724',(#1464,#1465),#1466,.F.);
#687=PRESENTATION_STYLE_ASSIGNMENT((#1467));
#688=ADVANCED_FACE('13:22810',(#1468,#1469),#1470,.F.);
#689=PRESENTATION_STYLE_ASSIGNMENT((#1471));
#690=ADVANCED_FACE('13:22822',(#1472,#1473),#1474,.F.);
#691=PRESENTATION_STYLE_ASSIGNMENT((#1475));
#692=ADVANCED_FACE('13:22807',(#1476,#1477),#1478,.F.);
#693=PRESENTATION_STYLE_ASSIGNMENT((#1479));
#694=ADVANCED_FACE('13:22813',(#1480,#1481),#1482,.F.);
#695=PRESENTATION_STYLE_ASSIGNMENT((#1483));
#696=ADVANCED_FACE('13:22819',(#1484,#1485),#1486,.F.);
#697=PRESENTATION_STYLE_ASSIGNMENT((#1487));
#698=ADVANCED_FACE('13:22816',(#1488,#1489),#1490,.F.);
#699=PRESENTATION_STYLE_ASSIGNMENT((#1491));
#700=ADVANCED_FACE('13:398',(#1492,#1493),#1494,.F.);
#701=PRESENTATION_STYLE_ASSIGNMENT((#1495));
#702=ADVANCED_FACE('13:422',(#1496,#1497),#1498,.F.);
#703=PRESENTATION_STYLE_ASSIGNMENT((#1499));
#704=ADVANCED_FACE('13:374',(#1500,#1501),#1502,.F.);
#705=PRESENTATION_STYLE_ASSIGNMENT((#1503));
#706=ADVANCED_FACE('13:470',(#1504,#1505),#1506,.F.);
#707=PRESENTATION_STYLE_ASSIGNMENT((#1507));
#708=ADVANCED_FACE('13:446',(#1508,#1509),#1510,.F.);
#709=PRESENTATION_STYLE_ASSIGNMENT((#1511));
#710=ADVANCED_FACE('13:57142',(#1512),#1513,.T.);
#711=PRESENTATION_STYLE_ASSIGNMENT((#1514));
#712=ADVANCED_FACE('13:57145',(#1515),#1516,.T.);
#713=PRESENTATION_STYLE_ASSIGNMENT((#1517));
#714=ADVANCED_FACE('49:278',(#1518,#1519),#1520,.T.);
#715=PRESENTATION_STYLE_ASSIGNMENT((#1521));
#716=ADVANCED_FACE('49:284',(#1522,#1523),#1524,.T.);
#717=PRESENTATION_STYLE_ASSIGNMENT((#1525));
#718=ADVANCED_FACE('49:306',(#1526,#1527),#1528,.T.);
#719=PRESENTATION_STYLE_ASSIGNMENT((#1529));
#720=ADVANCED_FACE('49:312',(#1530,#1531),#1532,.T.);
#721=PRESENTATION_STYLE_ASSIGNMENT((#1533));
#722=ADVANCED_FACE('49:467',(#1534),#1535,.T.);
#723=PRESENTATION_STYLE_ASSIGNMENT((#1536));
#724=ADVANCED_FACE('49:470',(#1537,#1538),#1539,.F.);
#725=PRESENTATION_STYLE_ASSIGNMENT((#1540));
#726=ADVANCED_FACE('49:559',(#1541),#1542,.T.);
#727=PRESENTATION_STYLE_ASSIGNMENT((#1543));
#728=ADVANCED_FACE('49:562',(#1544,#1545),#1546,.F.);
#729=PRESENTATION_STYLE_ASSIGNMENT((#1547));
#730=ADVANCED_FACE('11:1260',(#1548),#1549,.F.);
#731=PRESENTATION_STYLE_ASSIGNMENT((#1550));
#732=ADVANCED_FACE('11:1347',(#1551),#1552,.F.);
#733=PRESENTATION_STYLE_ASSIGNMENT((#1553));
#734=ADVANCED_FACE('11:1624',(#1554),#1555,.F.);
#735=PRESENTATION_STYLE_ASSIGNMENT((#1556));
#736=ADVANCED_FACE('11:1630',(#1557),#1558,.T.);
#737=PRESENTATION_STYLE_ASSIGNMENT((#1559));
#738=ADVANCED_FACE('11:1627',(#1560),#1561,.F.);
#739=PRESENTATION_STYLE_ASSIGNMENT((#1562));
#740=ADVANCED_FACE('21:19052',(#1563),#1564,.T.);
#741=PRESENTATION_STYLE_ASSIGNMENT((#1565));
#742=ADVANCED_FACE('11:1615',(#1566),#1567,.F.);
#743=PRESENTATION_STYLE_ASSIGNMENT((#1568));
#744=ADVANCED_FACE('11:1609',(#1569),#1570,.T.);
#745=PRESENTATION_STYLE_ASSIGNMENT((#1571));
#746=ADVANCED_FACE('11:1612',(#1572),#1573,.F.);
#747=PRESENTATION_STYLE_ASSIGNMENT((#1574));
#748=ADVANCED_FACE('21:19042',(#1575),#1576,.T.);
#749=PRESENTATION_STYLE_ASSIGNMENT((#1577));
#750=ADVANCED_FACE('14:6619',(#1578),#1579,.F.);
#751=PRESENTATION_STYLE_ASSIGNMENT((#1580));
#752=ADVANCED_FACE('14:6613',(#1581),#1582,.T.);
#753=PRESENTATION_STYLE_ASSIGNMENT((#1583));
#754=ADVANCED_FACE('14:6616',(#1584),#1585,.F.);
#755=PRESENTATION_STYLE_ASSIGNMENT((#1586));
#756=ADVANCED_FACE('21:19012',(#1587),#1588,.T.);
#757=PRESENTATION_STYLE_ASSIGNMENT((#1589));
#758=ADVANCED_FACE('14:6628',(#1590),#1591,.F.);
#759=PRESENTATION_STYLE_ASSIGNMENT((#1592));
#760=ADVANCED_FACE('14:6634',(#1593),#1594,.T.);
#761=PRESENTATION_STYLE_ASSIGNMENT((#1595));
#762=ADVANCED_FACE('14:6631',(#1596),#1597,.F.);
#763=PRESENTATION_STYLE_ASSIGNMENT((#1598));
#764=ADVANCED_FACE('21:19032',(#1599),#1600,.T.);
#765=PRESENTATION_STYLE_ASSIGNMENT((#1601));
#766=ADVANCED_FACE('72:12577',(#1602,#1603,#1604,#1605,#1606,#1607),#1608,.T.);
#767=PRESENTATION_STYLE_ASSIGNMENT((#1609));
#768=ADVANCED_FACE('72:12580',(#1610),#1611,.T.);
#769=PRESENTATION_STYLE_ASSIGNMENT((#1612));
#770=ADVANCED_FACE('72:12583',(#1613),#1614,.T.);
#771=PRESENTATION_STYLE_ASSIGNMENT((#1615));
#772=ADVANCED_FACE('72:12586',(#1616),#1617,.T.);
#773=PRESENTATION_STYLE_ASSIGNMENT((#1618));
#774=ADVANCED_FACE('72:12589',(#1619),#1620,.T.);
#775=PRESENTATION_STYLE_ASSIGNMENT((#1621));
#776=ADVANCED_FACE('40:5735',(#1622),#1623,.T.);
#777=PRESENTATION_STYLE_ASSIGNMENT((#1624));
#778=ADVANCED_FACE('40:31129',(#1625,#1626),#1627,.F.);
#779=PRESENTATION_STYLE_ASSIGNMENT((#1628));
#780=ADVANCED_FACE('40:31899',(#1629,#1630),#1631,.T.);
#781=PRESENTATION_STYLE_ASSIGNMENT((#1632));
#782=ADVANCED_FACE('40:42282',(#1633,#1634),#1635,.T.);
#783=PRESENTATION_STYLE_ASSIGNMENT((#1636));
#784=ADVANCED_FACE('40:5830',(#1637),#1638,.T.);
#785=PRESENTATION_STYLE_ASSIGNMENT((#1639));
#786=ADVANCED_FACE('40:31787',(#1640,#1641),#1642,.F.);
#787=PRESENTATION_STYLE_ASSIGNMENT((#1643));
#788=ADVANCED_FACE('40:31925',(#1644,#1645),#1646,.T.);
#789=PRESENTATION_STYLE_ASSIGNMENT((#1647));
#790=ADVANCED_FACE('40:42359',(#1648,#1649),#1650,.T.);
#791=PRESENTATION_STYLE_ASSIGNMENT((#1651));
#792=ADVANCED_FACE('40:5925',(#1652),#1653,.T.);
#793=PRESENTATION_STYLE_ASSIGNMENT((#1654));
#794=ADVANCED_FACE('40:29855',(#1655,#1656),#1657,.F.);
#795=PRESENTATION_STYLE_ASSIGNMENT((#1658));
#796=ADVANCED_FACE('40:31847',(#1659,#1660),#1661,.T.);
#797=PRESENTATION_STYLE_ASSIGNMENT((#1662));
#798=ADVANCED_FACE('40:42128',(#1663,#1664),#1665,.T.);
#799=PRESENTATION_STYLE_ASSIGNMENT((#1666));
#800=ADVANCED_FACE('40:5640',(#1667),#1668,.T.);
#801=PRESENTATION_STYLE_ASSIGNMENT((#1669));
#802=ADVANCED_FACE('40:30485',(#1670,#1671),#1672,.F.);
#803=PRESENTATION_STYLE_ASSIGNMENT((#1673));
#804=ADVANCED_FACE('40:31873',(#1674,#1675),#1676,.T.);
#805=PRESENTATION_STYLE_ASSIGNMENT((#1677));
#806=ADVANCED_FACE('40:42205',(#1678,#1679),#1680,.T.);
#807=PRESENTATION_STYLE_ASSIGNMENT((#1681));
#808=ADVANCED_FACE('72:18589',(#1682),#1683,.F.);
#809=PRESENTATION_STYLE_ASSIGNMENT((#1684));
#810=ADVANCED_FACE('72:18676',(#1685),#1686,.F.);
#811=PRESENTATION_STYLE_ASSIGNMENT((#1687));
#812=ADVANCED_FACE('72:18758',(#1688),#1689,.F.);
#813=PRESENTATION_STYLE_ASSIGNMENT((#1690));
#814=ADVANCED_FACE('72:18840',(#1691),#1692,.F.);
#815=PRESENTATION_STYLE_ASSIGNMENT((#1693));
#816=ADVANCED_FACE('78:3148',(#1694),#1695,.F.);
#817=PRESENTATION_STYLE_ASSIGNMENT((#1696));
#818=ADVANCED_FACE('78:13374',(#1697),#1698,.T.);
#819=PRESENTATION_STYLE_ASSIGNMENT((#1699));
#820=ADVANCED_FACE('78:13377',(#1700),#1701,.T.);
#821=PRESENTATION_STYLE_ASSIGNMENT((#1702));
#822=ADVANCED_FACE('78:13380',(#1703),#1704,.T.);
#823=PRESENTATION_STYLE_ASSIGNMENT((#1705));
#824=ADVANCED_FACE('78:13383',(#1706),#1707,.T.);
#825=PRESENTATION_STYLE_ASSIGNMENT((#1708));
#826=ADVANCED_FACE('79:4231',(#1709),#1710,.F.);
#827=PRESENTATION_STYLE_ASSIGNMENT((#1711));
#828=ADVANCED_FACE('79:4234',(#1712),#1713,.F.);
#829=PRESENTATION_STYLE_ASSIGNMENT((#1714));
#830=ADVANCED_FACE('79:4237',(#1715),#1716,.F.);
#831=PRESENTATION_STYLE_ASSIGNMENT((#1717));
#832=ADVANCED_FACE('79:4240',(#1718),#1719,.F.);
#833=PRESENTATION_STYLE_ASSIGNMENT((#1720));
#834=ADVANCED_FACE('8:40880',(#1721),#1722,.F.);
#835=PRESENTATION_STYLE_ASSIGNMENT((#1723));
#836=ADVANCED_FACE('12:2585',(#1724),#1725,.T.);
#837=PRESENTATION_STYLE_ASSIGNMENT((#1726));
#838=ADVANCED_FACE('12:2588',(#1727),#1728,.T.);
#839=PRESENTATION_STYLE_ASSIGNMENT((#1729));
#840=ADVANCED_FACE('12:2895',(#1730),#1731,.T.);
#841=PRESENTATION_STYLE_ASSIGNMENT((#1732));
#842=ADVANCED_FACE('12:2898',(#1733),#1734,.T.);
#843=PRESENTATION_STYLE_ASSIGNMENT((#1735));
#844=ADVANCED_FACE('13:57136',(#1736),#1737,.T.);
#845=PRESENTATION_STYLE_ASSIGNMENT((#1738));
#846=ADVANCED_FACE('13:57139',(#1739),#1740,.T.);
#847=PRESENTATION_STYLE_ASSIGNMENT((#1741));
#848=ADVANCED_FACE('12:2277',(#1742),#1743,.T.);
#849=PRESENTATION_STYLE_ASSIGNMENT((#1744));
#850=ADVANCED_FACE('12:1928',(#1745),#1746,.T.);
#851=PRESENTATION_STYLE_ASSIGNMENT((#1747));
#852=ADVANCED_FACE('12:1589',(#1748),#1749,.T.);
#853=PRESENTATION_STYLE_ASSIGNMENT((#1750));
#854=ADVANCED_FACE('12:1235',(#1751),#1752,.T.);
#855=PRESENTATION_STYLE_ASSIGNMENT((#1753));
#856=ADVANCED_FACE('21:19112',(#1754),#1755,.F.);
#857=PRESENTATION_STYLE_ASSIGNMENT((#1756));
#858=ADVANCED_FACE('12:729',(#1757),#1758,.T.);
#859=PRESENTATION_STYLE_ASSIGNMENT((#1759));
#860=ADVANCED_FACE('21:19102',(#1760),#1761,.F.);
#861=PRESENTATION_STYLE_ASSIGNMENT((#1762));
#862=ADVANCED_FACE('12:901',(#1763),#1764,.T.);
#863=PRESENTATION_STYLE_ASSIGNMENT((#1765));
#864=ADVANCED_FACE('8:40886',(#1766),#1767,.F.);
#865=PRESENTATION_STYLE_ASSIGNMENT((#1768));
#866=ADVANCED_FACE('12:898',(#1769),#1770,.T.);
#867=PRESENTATION_STYLE_ASSIGNMENT((#1771));
#868=ADVANCED_FACE('12:726',(#1772),#1773,.T.);
#869=PRESENTATION_STYLE_ASSIGNMENT((#1774));
#870=ADVANCED_FACE('13:63603',(#1775),#1776,.T.);
#873=LENGTH_MEASURE_WITH_UNIT(LENGTH_MEASURE(1.0),#1777);
#876=DIMENSIONAL_EXPONENTS(1.0,0.0,0.0,0.0,0.0,0.0,0.0);
#878=DIMENSIONAL_EXPONENTS(0.0,0.0,0.0,0.0,0.0,0.0,0.0);
#884=PRODUCT_CONTEXT('',#22,'mechanical');
#885=PRODUCT_DEFINITION_FORMATION_WITH_SPECIFIED_SOURCE(' ','NONE',#317,.NOT_KNOWN.);
#886=CARTESIAN_POINT('',(0.0,0.0,0.0));
#887=DIRECTION('',(0.0,0.0,1.0));
#888=DIRECTION('',(1.0,0.0,0.0));
#889=CARTESIAN_POINT('',(0.0,0.0,0.1));
#890=DIRECTION('',(0.0,0.0,1.0));
#891=DIRECTION('',(1.0,0.0,0.0));
#892=CARTESIAN_POINT('',(0.0,0.0,0.0));
#893=DIRECTION('',(0.0,0.0,1.0));
#894=DIRECTION('',(1.0,0.0,0.0));
#897=UNCERTAINTY_MEASURE_WITH_UNIT(LENGTH_MEASURE(1.0E-08),#899,'','');
#899= (CONVERSION_BASED_UNIT('METRE',#1780)LENGTH_UNIT()NAMED_UNIT(#1783));
#900= (NAMED_UNIT(#1785)PLANE_ANGLE_UNIT()SI_UNIT($,.RADIAN.));
#901= (NAMED_UNIT(#1785)SOLID_ANGLE_UNIT()SI_UNIT($,.STERADIAN.));
#903=PRODUCT_CONTEXT('',#27,'mechanical');
#904=PRODUCT_DEFINITION_FORMATION_WITH_SPECIFIED_SOURCE(' ','NONE',#323,.NOT_KNOWN.);
#905=CLOSED_SHELL('',(#340,#342,#344,#346,#348,#350,#352,#354,#356,#358,#360,#362,#364,#366,#368,#370,#372,#374,#376,#378,#380,#382,#384,#386,#388,#390,#392,#394,#396,#398,#400,#402,#404,#406,#408,#410,#412,#414,#416,#418,#420,#422,#424,#426,#428,#430,#432,#434,#436,#438,#440,#442,#444,#446,#448,#450,#452,#454,#456,#458,#460,#462,#464,#466,#468,#470,#472,#474,#476,#478,#480,#482,#484,#486,#488,#490,#492,#494,#496,#498,#500,#502,#504,#506,#508,#510,#512,#514,#516,#518,#520,#522,#524,#526,#528,#530,#532,#534,#536,#538,#540,#542,#544,#546,#548,#550,#552,#554,#556,#558,#560,#562,#564,#566,#568,#570,#572,#574,#576,#578));
#906=PRODUCT_CONTEXT('',#35,'mechanical');
#907=PRODUCT_DEFINITION_FORMATION_WITH_SPECIFIED_SOURCE(' ','NONE',#331,.NOT_KNOWN.);
#908=CLOSED_SHELL('',(#580,#582,#584,#586,#588,#590,#592,#594,#596,#598,#600,#602,#604,#606,#608,#610,#612,#614,#616,#618,#620,#622,#624,#626,#628,#630,#632,#634,#636,#638,#640,#642,#644,#646,#648,#650,#652,#654,#656,#658,#660,#662,#664,#666,#668,#670,#672,#674,#676,#678,#680,#682,#684,#686,#688,#690,#692,#694,#696,#698,#700,#702,#704,#706,#708,#710,#712,#714,#716,#718,#720,#722,#724,#726,#728,#730,#732,#734,#736,#738,#740,#742,#744,#746,#748,#750,#752,#754,#756,#758,#760,#762,#764,#766,#768,#770,#772,#774,#776,#778,#780,#782,#784,#786,#788,#790,#792,#794,#796,#798,#800,#802,#804,#806,#808,#810,#812,#814,#816,#818,#820,#822,#824,#826,#828,#830,#832,#834,#836,#838,#840,#842,#844,#846,#848,#850,#852,#854,#856,#858,#860,#862,#864,#866,#868,#870));
#909=SURFACE_STYLE_USAGE(.BOTH.,#1791);
#910=FACE_OUTER_BOUND('',#1792,.T.);
#911=B_SPLINE_SURFACE_WITH_KNOTS('',3,1,((#1793,#1794,#1795),(#1796,#1797,#1798),(#1799,#1800,#1801),(#1802,#1803,#1804),(#1805,#1806,#1807),(#1808,#1809,#1810),(#1811,#1812,#1813),(#1814,#1815,#1816),(#1817,#1818,#1819),(#1820,#1821,#1822),(#1823,#1824,#1825),(#1826,#1827,#1828),(#1829,#1830,#1831)),.UNSPECIFIED.,.F.,.F.,.F.,(4,2,2,2,3,4),(2,1,2),(0.0,0.25,0.5,0.75,1.0,1.01),(-2.33333333333293,0.0,1.0),.UNSPECIFIED.);
#912=SURFACE_STYLE_USAGE(.BOTH.,#1832);
#913=FACE_OUTER_BOUND('',#1833,.T.);
#914=B_SPLINE_SURFACE_WITH_KNOTS('',3,1,((#1834,#1835,#1836),(#1837,#1838,#1839),(#1840,#1841,#1842),(#1843,#1844,#1845),(#1846,#1847,#1848),(#1849,#1850,#1851),(#1852,#1853,#1854),(#1855,#1856,#1857),(#1858,#1859,#1860),(#1861,#1862,#1863)),.UNSPECIFIED.,.F.,.F.,.F.,(4,2,2,2,4),(2,1,2),(0.0,0.25,0.5,0.75,1.0),(-2.33333333333293,0.0,1.0),.UNSPECIFIED.);
#915=SURFACE_STYLE_USAGE(.BOTH.,#1864);
#916=FACE_OUTER_BOUND('',#1865,.T.);
#917=PLANE('',#1866);
#918=SURFACE_STYLE_USAGE(.BOTH.,#1867);
#919=FACE_OUTER_BOUND('',#1868,.T.);
#920=B_SPLINE_SURFACE_WITH_KNOTS('',3,1,((#1869,#1870,#1871),(#1872,#1873,#1874),(#1875,#1876,#1877),(#1878,#1879,#1880),(#1881,#1882,#1883),(#1884,#1885,#1886),(#1887,#1888,#1889),(#1890,#1891,#1892),(#1893,#1894,#1895),(#1896,#1897,#1898)),.UNSPECIFIED.,.F.,.F.,.F.,(4,2,2,2,4),(2,1,2),(0.0,0.25,0.5,0.75,1.0),(-2.33333333333292,0.0,1.0),.UNSPECIFIED.);
#921=SURFACE_STYLE_USAGE(.BOTH.,#1899);
#922=FACE_OUTER_BOUND('',#1900,.T.);
#923=B_SPLINE_SURFACE_WITH_KNOTS('',3,1,((#1901,#1902,#1903),(#1904,#1905,#1906),(#1907,#1908,#1909),(#1910,#1911,#1912),(#1913,#1914,#1915),(#1916,#1917,#1918),(#1919,#1920,#1921),(#1922,#1923,#1924),(#1925,#1926,#1927),(#1928,#1929,#1930)),.UNSPECIFIED.,.F.,.F.,.F.,(4,2,2,2,4),(2,1,2),(0.0,0.25,0.5,0.75,1.0),(-2.33333333333293,0.0,1.0),.UNSPECIFIED.);
#924=SURFACE_STYLE_USAGE(.BOTH.,#1931);
#925=FACE_OUTER_BOUND('',#1932,.T.);
#926=B_SPLINE_SURFACE_WITH_KNOTS('',3,1,((#1933,#1934,#1935),(#1936,#1937,#1938),(#1939,#1940,#1941),(#1942,#1943,#1944),(#1945,#1946,#1947),(#1948,#1949,#1950),(#1951,#1952,#1953),(#1954,#1955,#1956),(#1957,#1958,#1959),(#1960,#1961,#1962)),.UNSPECIFIED.,.F.,.F.,.F.,(4,2,2,2,4),(2,1,2),(0.0,0.25,0.5,0.75,1.0),(-2.33333333333293,0.0,1.0),.UNSPECIFIED.);
#927=SURFACE_STYLE_USAGE(.BOTH.,#1963);
#928=FACE_OUTER_BOUND('',#1964,.T.);
#929=B_SPLINE_SURFACE_WITH_KNOTS('',3,1,((#1965,#1966,#1967),(#1968,#1969,#1970),(#1971,#1972,#1973),(#1974,#1975,#1976),(#1977,#1978,#1979),(#1980,#1981,#1982),(#1983,#1984,#1985),(#1986,#1987,#1988),(#1989,#1990,#1991),(#1992,#1993,#1994)),.UNSPECIFIED.,.F.,.F.,.F.,(4,2,2,2,4),(2,1,2),(0.0,0.25,0.5,0.75,1.0),(-2.33333333333293,0.0,1.0),.UNSPECIFIED.);
#930=SURFACE_STYLE_USAGE(.BOTH.,#1995);
#931=FACE_OUTER_BOUND('',#1996,.T.);
#932=B_SPLINE_SURFACE_WITH_KNOTS('',3,1,((#1997,#1998,#1999),(#2000,#2001,#2002),(#2003,#2004,#2005),(#2006,#2007,#2008),(#2009,#2010,#2011),(#2012,#2013,#2014),(#2015,#2016,#2017),(#2018,#2019,#2020),(#2021,#2022,#2023),(#2024,#2025,#2026)),.UNSPECIFIED.,.F.,.F.,.F.,(4,2,2,2,4),(2,1,2),(0.0,0.25,0.5,0.75,1.0),(-2.33333333333293,0.0,1.0),.UNSPECIFIED.);
#933=SURFACE_STYLE_USAGE(.BOTH.,#2027);
#934=FACE_OUTER_BOUND('',#2028,.T.);
#935=B_SPLINE_SURFACE_WITH_KNOTS('',3,1,((#2029,#2030,#2031),(#2032,#2033,#2034),(#2035,#2036,#2037),(#2038,#2039,#2040),(#2041,#2042,#2043),(#2044,#2045,#2046),(#2047,#2048,#2049),(#2050,#2051,#2052),(#2053,#2054,#2055),(#2056,#2057,#2058)),.UNSPECIFIED.,.F.,.F.,.F.,(4,2,2,2,4),(2,1,2),(0.0,0.25,0.5,0.75,1.0),(-2.33333333333293,0.0,1.0),.UNSPECIFIED.);
#936=SURFACE_STYLE_USAGE(.BOTH.,#2059);
#937=FACE_OUTER_BOUND('',#2060,.T.);
#938=PLANE('',#2061);
#939=SURFACE_STYLE_USAGE(.BOTH.,#2062);
#940=FACE_OUTER_BOUND('',#2063,.T.);
#941=PLANE('',#2064);
#942=SURFACE_STYLE_USAGE(.BOTH.,#2065);
#943=FACE_OUTER_BOUND('',#2066,.T.);
#944=PLANE('',#2067);
#945=SURFACE_STYLE_USAGE(.BOTH.,#2068);
#946=FACE_OUTER_BOUND('',#2069,.T.);
#947=PLANE('',#2070);
#948=SURFACE_STYLE_USAGE(.BOTH.,#2071);
#949=FACE_OUTER_BOUND('',#2072,.T.);
#950=CYLINDRICAL_SURFACE('',#2073,0.0032);
#951=SURFACE_STYLE_USAGE(.BOTH.,#2074);
#952=FACE_OUTER_BOUND('',#2075,.T.);
#953=CYLINDRICAL_SURFACE('',#2076,0.0032);
#954=SURFACE_STYLE_USAGE(.BOTH.,#2077);
#955=FACE_OUTER_BOUND('',#2078,.T.);
#956=CYLINDRICAL_SURFACE('',#2079,0.0032);
#957=SURFACE_STYLE_USAGE(.BOTH.,#2080);
#958=FACE_OUTER_BOUND('',#2081,.T.);
#959=CYLINDRICAL_SURFACE('',#2082,0.0032);
#960=SURFACE_STYLE_USAGE(.BOTH.,#2083);
#961=FACE_OUTER_BOUND('',#2084,.T.);
#962=PLANE('',#2085);
#963=SURFACE_STYLE_USAGE(.BOTH.,#2086);
#964=FACE_OUTER_BOUND('',#2087,.T.);
#965=PLANE('',#2088);
#966=SURFACE_STYLE_USAGE(.BOTH.,#2089);
#967=FACE_OUTER_BOUND('',#2090,.T.);
#968=PLANE('',#2091);
#969=SURFACE_STYLE_USAGE(.BOTH.,#2092);
#970=FACE_OUTER_BOUND('',#2093,.T.);
#971=PLANE('',#2094);
#972=SURFACE_STYLE_USAGE(.BOTH.,#2095);
#973=FACE_OUTER_BOUND('',#2096,.T.);
#974=PLANE('',#2097);
#975=SURFACE_STYLE_USAGE(.BOTH.,#2098);
#976=FACE_OUTER_BOUND('',#2099,.T.);
#977=PLANE('',#2100);
#978=SURFACE_STYLE_USAGE(.BOTH.,#2101);
#979=FACE_OUTER_BOUND('',#2102,.T.);
#980=PLANE('',#2103);
#981=SURFACE_STYLE_USAGE(.BOTH.,#2104);
#982=FACE_OUTER_BOUND('',#2105,.T.);
#983=PLANE('',#2106);
#984=SURFACE_STYLE_USAGE(.BOTH.,#2107);
#985=FACE_OUTER_BOUND('',#2108,.T.);
#986=CYLINDRICAL_SURFACE('',#2109,0.002);
#987=SURFACE_STYLE_USAGE(.BOTH.,#2110);
#988=FACE_OUTER_BOUND('',#2111,.T.);
#989=CYLINDRICAL_SURFACE('',#2112,0.002);
#990=SURFACE_STYLE_USAGE(.BOTH.,#2113);
#991=FACE_OUTER_BOUND('',#2114,.T.);
#992=CYLINDRICAL_SURFACE('',#2115,0.002);
#993=SURFACE_STYLE_USAGE(.BOTH.,#2116);
#994=FACE_OUTER_BOUND('',#2117,.T.);
#995=CYLINDRICAL_SURFACE('',#2118,0.002);
#996=SURFACE_STYLE_USAGE(.BOTH.,#2119);
#997=FACE_BOUND('',#2120,.T.);
#998=FACE_OUTER_BOUND('',#2121,.T.);
#999=PLANE('',#2122);
#1000=SURFACE_STYLE_USAGE(.BOTH.,#2123);
#1001=FACE_OUTER_BOUND('',#2124,.T.);
#1002=PLANE('',#2125);
#1003=SURFACE_STYLE_USAGE(.BOTH.,#2126);
#1004=FACE_BOUND('',#2127,.T.);
#1005=FACE_BOUND('',#2128,.T.);
#1006=FACE_BOUND('',#2129,.T.);
#1007=FACE_BOUND('',#2130,.T.);
#1008=FACE_BOUND('',#2131,.T.);
#1009=FACE_BOUND('',#2132,.T.);
#1010=FACE_BOUND('',#2133,.T.);
#1011=FACE_OUTER_BOUND('',#2134,.T.);
#1012=PLANE('',#2135);
#1013=SURFACE_STYLE_USAGE(.BOTH.,#2136);
#1014=FACE_OUTER_BOUND('',#2137,.T.);
#1015=PLANE('',#2138);
#1016=SURFACE_STYLE_USAGE(.BOTH.,#2139);
#1017=FACE_OUTER_BOUND('',#2140,.T.);
#1018=PLANE('',#2141);
#1019=SURFACE_STYLE_USAGE(.BOTH.,#2142);
#1020=FACE_OUTER_BOUND('',#2143,.T.);
#1021=B_SPLINE_SURFACE_WITH_KNOTS('',3,1,((#2144,#2145,#2146),(#2147,#2148,#2149),(#2150,#2151,#2152),(#2153,#2154,#2155),(#2156,#2157,#2158),(#2159,#2160,#2161),(#2162,#2163,#2164),(#2165,#2166,#2167),(#2168,#2169,#2170),(#2171,#2172,#2173)),.UNSPECIFIED.,.F.,.F.,.F.,(4,2,2,2,4),(2,1,2),(0.0,0.25,0.5,0.75,1.0),(-2.33333333333293,0.0,1.0),.UNSPECIFIED.);
#1022=SURFACE_STYLE_USAGE(.BOTH.,#2174);
#1023=FACE_OUTER_BOUND('',#2175,.T.);
#1024=PLANE('',#2176);
#1025=SURFACE_STYLE_USAGE(.BOTH.,#2177);
#1026=FACE_OUTER_BOUND('',#2178,.T.);
#1027=PLANE('',#2179);
#1028=SURFACE_STYLE_USAGE(.BOTH.,#2180);
#1029=FACE_OUTER_BOUND('',#2181,.T.);
#1030=PLANE('',#2182);
#1031=SURFACE_STYLE_USAGE(.BOTH.,#2183);
#1032=FACE_OUTER_BOUND('',#2184,.T.);
#1033=PLANE('',#2185);
#1034=SURFACE_STYLE_USAGE(.BOTH.,#2186);
#1035=FACE_OUTER_BOUND('',#2187,.T.);
#1036=FACE_BOUND('',#2188,.T.);
#1037=PLANE('',#2189);
#1038=SURFACE_STYLE_USAGE(.BOTH.,#2190);
#1039=FACE_OUTER_BOUND('',#2191,.T.);
#1040=PLANE('',#2192);
#1041=SURFACE_STYLE_USAGE(.BOTH.,#2193);
#1042=FACE_OUTER_BOUND('',#2194,.T.);
#1043=PLANE('',#2195);
#1044=SURFACE_STYLE_USAGE(.BOTH.,#2196);
#1045=FACE_OUTER_BOUND('',#2197,.T.);
#1046=PLANE('',#2198);
#1047=SURFACE_STYLE_USAGE(.BOTH.,#2199);
#1048=FACE_OUTER_BOUND('',#2200,.T.);
#1049=PLANE('',#2201);
#1050=SURFACE_STYLE_USAGE(.BOTH.,#2202);
#1051=FACE_OUTER_BOUND('',#2203,.T.);
#1052=PLANE('',#2204);
#1053=SURFACE_STYLE_USAGE(.BOTH.,#2205);
#1054=FACE_OUTER_BOUND('',#2206,.T.);
#1055=PLANE('',#2207);
#1056=SURFACE_STYLE_USAGE(.BOTH.,#2208);
#1057=FACE_OUTER_BOUND('',#2209,.T.);
#1058=PLANE('',#2210);
#1059=SURFACE_STYLE_USAGE(.BOTH.,#2211);
#1060=FACE_OUTER_BOUND('',#2212,.T.);
#1061=PLANE('',#2213);
#1062=SURFACE_STYLE_USAGE(.BOTH.,#2214);
#1063=FACE_OUTER_BOUND('',#2215,.T.);
#1064=PLANE('',#2216);
#1065=SURFACE_STYLE_USAGE(.BOTH.,#2217);
#1066=FACE_OUTER_BOUND('',#2218,.T.);
#1067=PLANE('',#2219);
#1068=SURFACE_STYLE_USAGE(.BOTH.,#2220);
#1069=FACE_OUTER_BOUND('',#2221,.T.);
#1070=PLANE('',#2222);
#1071=SURFACE_STYLE_USAGE(.BOTH.,#2223);
#1072=FACE_OUTER_BOUND('',#2224,.T.);
#1073=PLANE('',#2225);
#1074=SURFACE_STYLE_USAGE(.BOTH.,#2226);
#1075=FACE_OUTER_BOUND('',#2227,.T.);
#1076=PLANE('',#2228);
#1077=SURFACE_STYLE_USAGE(.BOTH.,#2229);
#1078=FACE_OUTER_BOUND('',#2230,.T.);
#1079=PLANE('',#2231);
#1080=SURFACE_STYLE_USAGE(.BOTH.,#2232);
#1081=FACE_OUTER_BOUND('',#2233,.T.);
#1082=PLANE('',#2234);
#1083=SURFACE_STYLE_USAGE(.BOTH.,#2235);
#1084=FACE_OUTER_BOUND('',#2236,.T.);
#1085=PLANE('',#2237);
#1086=SURFACE_STYLE_USAGE(.BOTH.,#2238);
#1087=FACE_OUTER_BOUND('',#2239,.T.);
#1088=PLANE('',#2240);
#1089=SURFACE_STYLE_USAGE(.BOTH.,#2241);
#1090=FACE_OUTER_BOUND('',#2242,.T.);
#1091=PLANE('',#2243);
#1092=SURFACE_STYLE_USAGE(.BOTH.,#2244);
#1093=FACE_OUTER_BOUND('',#2245,.T.);
#1094=PLANE('',#2246);
#1095=SURFACE_STYLE_USAGE(.BOTH.,#2247);
#1096=FACE_OUTER_BOUND('',#2248,.T.);
#1097=PLANE('',#2249);
#1098=SURFACE_STYLE_USAGE(.BOTH.,#2250);
#1099=FACE_OUTER_BOUND('',#2251,.T.);
#1100=PLANE('',#2252);
#1101=SURFACE_STYLE_USAGE(.BOTH.,#2253);
#1102=FACE_OUTER_BOUND('',#2254,.T.);
#1103=PLANE('',#2255);
#1104=SURFACE_STYLE_USAGE(.BOTH.,#2256);
#1105=FACE_OUTER_BOUND('',#2257,.T.);
#1106=PLANE('',#2258);
#1107=SURFACE_STYLE_USAGE(.BOTH.,#2259);
#1108=FACE_OUTER_BOUND('',#2260,.T.);
#1109=PLANE('',#2261);
#1110=SURFACE_STYLE_USAGE(.BOTH.,#2262);
#1111=FACE_OUTER_BOUND('',#2263,.T.);
#1112=PLANE('',#2264);
#1113=SURFACE_STYLE_USAGE(.BOTH.,#2265);
#1114=FACE_OUTER_BOUND('',#2266,.T.);
#1115=PLANE('',#2267);
#1116=SURFACE_STYLE_USAGE(.BOTH.,#2268);
#1117=FACE_OUTER_BOUND('',#2269,.T.);
#1118=PLANE('',#2270);
#1119=SURFACE_STYLE_USAGE(.BOTH.,#2271);
#1120=FACE_OUTER_BOUND('',#2272,.T.);
#1121=PLANE('',#2273);
#1122=SURFACE_STYLE_USAGE(.BOTH.,#2274);
#1123=FACE_OUTER_BOUND('',#2275,.T.);
#1124=PLANE('',#2276);
#1125=SURFACE_STYLE_USAGE(.BOTH.,#2277);
#1126=FACE_OUTER_BOUND('',#2278,.T.);
#1127=PLANE('',#2279);
#1128=SURFACE_STYLE_USAGE(.BOTH.,#2280);
#1129=FACE_OUTER_BOUND('',#2281,.T.);
#1130=PLANE('',#2282);
#1131=SURFACE_STYLE_USAGE(.BOTH.,#2283);
#1132=FACE_OUTER_BOUND('',#2284,.T.);
#1133=PLANE('',#2285);
#1134=SURFACE_STYLE_USAGE(.BOTH.,#2286);
#1135=FACE_OUTER_BOUND('',#2287,.T.);
#1136=PLANE('',#2288);
#1137=SURFACE_STYLE_USAGE(.BOTH.,#2289);
#1138=FACE_OUTER_BOUND('',#2290,.T.);
#1139=PLANE('',#2291);
#1140=SURFACE_STYLE_USAGE(.BOTH.,#2292);
#1141=FACE_OUTER_BOUND('',#2293,.T.);
#1142=PLANE('',#2294);
#1143=SURFACE_STYLE_USAGE(.BOTH.,#2295);
#1144=FACE_OUTER_BOUND('',#2296,.T.);
#1145=PLANE('',#2297);
#1146=SURFACE_STYLE_USAGE(.BOTH.,#2298);
#1147=FACE_OUTER_BOUND('',#2299,.T.);
#1148=PLANE('',#2300);
#1149=SURFACE_STYLE_USAGE(.BOTH.,#2301);
#1150=FACE_OUTER_BOUND('',#2302,.T.);
#1151=PLANE('',#2303);
#1152=SURFACE_STYLE_USAGE(.BOTH.,#2304);
#1153=FACE_OUTER_BOUND('',#2305,.T.);
#1154=PLANE('',#2306);
#1155=SURFACE_STYLE_USAGE(.BOTH.,#2307);
#1156=FACE_OUTER_BOUND('',#2308,.T.);
#1157=PLANE('',#2309);
#1158=SURFACE_STYLE_USAGE(.BOTH.,#2310);
#1159=FACE_OUTER_BOUND('',#2311,.T.);
#1160=PLANE('',#2312);
#1161=SURFACE_STYLE_USAGE(.BOTH.,#2313);
#1162=FACE_OUTER_BOUND('',#2314,.T.);
#1163=PLANE('',#2315);
#1164=SURFACE_STYLE_USAGE(.BOTH.,#2316);
#1165=FACE_OUTER_BOUND('',#2317,.T.);
#1166=PLANE('',#2318);
#1167=SURFACE_STYLE_USAGE(.BOTH.,#2319);
#1168=FACE_OUTER_BOUND('',#2320,.T.);
#1169=PLANE('',#2321);
#1170=SURFACE_STYLE_USAGE(.BOTH.,#2322);
#1171=FACE_OUTER_BOUND('',#2323,.T.);
#1172=PLANE('',#2324);
#1173=SURFACE_STYLE_USAGE(.BOTH.,#2325);
#1174=FACE_OUTER_BOUND('',#2326,.T.);
#1175=PLANE('',#2327);
#1176=SURFACE_STYLE_USAGE(.BOTH.,#2328);
#1177=FACE_OUTER_BOUND('',#2329,.T.);
#1178=PLANE('',#2330);
#1179=SURFACE_STYLE_USAGE(.BOTH.,#2331);
#1180=FACE_OUTER_BOUND('',#2332,.T.);
#1181=FACE_OUTER_BOUND('',#2333,.T.);
#1182=CYLINDRICAL_SURFACE('',#2334,0.00145);
#1183=SURFACE_STYLE_USAGE(.BOTH.,#2335);
#1184=FACE_OUTER_BOUND('',#2336,.T.);
#1185=PLANE('',#2337);
#1186=SURFACE_STYLE_USAGE(.BOTH.,#2338);
#1187=FACE_OUTER_BOUND('',#2339,.T.);
#1188=FACE_OUTER_BOUND('',#2340,.T.);
#1189=CYLINDRICAL_SURFACE('',#2341,0.00145);
#1190=SURFACE_STYLE_USAGE(.BOTH.,#2342);
#1191=FACE_BOUND('',#2343,.T.);
#1192=FACE_BOUND('',#2344,.T.);
#1193=FACE_OUTER_BOUND('',#2345,.T.);
#1194=PLANE('',#2346);
#1195=SURFACE_STYLE_USAGE(.BOTH.,#2347);
#1196=FACE_OUTER_BOUND('',#2348,.T.);
#1197=PLANE('',#2349);
#1198=SURFACE_STYLE_USAGE(.BOTH.,#2350);
#1199=FACE_OUTER_BOUND('',#2351,.T.);
#1200=PLANE('',#2352);
#1201=SURFACE_STYLE_USAGE(.BOTH.,#2353);
#1202=FACE_OUTER_BOUND('',#2354,.T.);
#1203=PLANE('',#2355);
#1204=SURFACE_STYLE_USAGE(.BOTH.,#2356);
#1205=FACE_OUTER_BOUND('',#2357,.T.);
#1206=PLANE('',#2358);
#1207=SURFACE_STYLE_USAGE(.BOTH.,#2359);
#1208=FACE_OUTER_BOUND('',#2360,.T.);
#1209=PLANE('',#2361);
#1210=SURFACE_STYLE_USAGE(.BOTH.,#2362);
#1211=FACE_OUTER_BOUND('',#2363,.T.);
#1212=B_SPLINE_SURFACE_WITH_KNOTS('',3,1,((#2364,#2365,#2366),(#2367,#2368,#2369),(#2370,#2371,#2372),(#2373,#2374,#2375),(#2376,#2377,#2378),(#2379,#2380,#2381),(#2382,#2383,#2384),(#2385,#2386,#2387),(#2388,#2389,#2390),(#2391,#2392,#2393)),.UNSPECIFIED.,.F.,.F.,.F.,(4,2,2,2,4),(2,1,2),(0.0,0.25,0.5,0.75,1.0),(-2.33333333333293,0.0,1.0),.UNSPECIFIED.);
#1213=SURFACE_STYLE_USAGE(.BOTH.,#2394);
#1214=FACE_OUTER_BOUND('',#2395,.T.);
#1215=B_SPLINE_SURFACE_WITH_KNOTS('',3,1,((#2396,#2397,#2398),(#2399,#2400,#2401),(#2402,#2403,#2404),(#2405,#2406,#2407),(#2408,#2409,#2410),(#2411,#2412,#2413),(#2414,#2415,#2416),(#2417,#2418,#2419),(#2420,#2421,#2422),(#2423,#2424,#2425)),.UNSPECIFIED.,.F.,.F.,.F.,(4,2,2,2,4),(2,1,2),(0.0,0.25,0.5,0.75,1.0),(-2.33333333333293,0.0,1.0),.UNSPECIFIED.);
#1216=SURFACE_STYLE_USAGE(.BOTH.,#2426);
#1217=FACE_OUTER_BOUND('',#2427,.T.);
#1218=B_SPLINE_SURFACE_WITH_KNOTS('',3,1,((#2428,#2429,#2430),(#2431,#2432,#2433),(#2434,#2435,#2436),(#2437,#2438,#2439),(#2440,#2441,#2442),(#2443,#2444,#2445),(#2446,#2447,#2448),(#2449,#2450,#2451),(#2452,#2453,#2454),(#2455,#2456,#2457),(#2458,#2459,#2460),(#2461,#2462,#2463),(#2464,#2465,#2466)),.UNSPECIFIED.,.F.,.F.,.F.,(4,2,2,2,3,4),(2,1,2),(0.0,0.25,0.5,0.75,1.0,1.01),(-2.33333333333293,0.0,1.0),.UNSPECIFIED.);
#1219=SURFACE_STYLE_USAGE(.BOTH.,#2467);
#1220=FACE_OUTER_BOUND('',#2468,.T.);
#1221=B_SPLINE_SURFACE_WITH_KNOTS('',3,1,((#2469,#2470,#2471),(#2472,#2473,#2474),(#2475,#2476,#2477),(#2478,#2479,#2480),(#2481,#2482,#2483),(#2484,#2485,#2486),(#2487,#2488,#2489),(#2490,#2491,#2492),(#2493,#2494,#2495),(#2496,#2497,#2498)),.UNSPECIFIED.,.F.,.F.,.F.,(4,2,2,2,4),(2,1,2),(0.0,0.25,0.5,0.75,1.0),(-2.33333333333293,0.0,1.0),.UNSPECIFIED.);
#1222=SURFACE_STYLE_USAGE(.BOTH.,#2499);
#1223=FACE_OUTER_BOUND('',#2500,.T.);
#1224=B_SPLINE_SURFACE_WITH_KNOTS('',3,1,((#2501,#2502,#2503),(#2504,#2505,#2506),(#2507,#2508,#2509),(#2510,#2511,#2512),(#2513,#2514,#2515),(#2516,#2517,#2518),(#2519,#2520,#2521),(#2522,#2523,#2524),(#2525,#2526,#2527),(#2528,#2529,#2530)),.UNSPECIFIED.,.F.,.F.,.F.,(4,2,2,2,4),(2,1,2),(0.0,0.25,0.5,0.75,1.0),(-2.33333333333293,0.0,1.0),.UNSPECIFIED.);
#1225=SURFACE_STYLE_USAGE(.BOTH.,#2531);
#1226=FACE_OUTER_BOUND('',#2532,.T.);
#1227=B_SPLINE_SURFACE_WITH_KNOTS('',3,1,((#2533,#2534,#2535),(#2536,#2537,#2538),(#2539,#2540,#2541),(#2542,#2543,#2544),(#2545,#2546,#2547),(#2548,#2549,#2550),(#2551,#2552,#2553),(#2554,#2555,#2556),(#2557,#2558,#2559),(#2560,#2561,#2562)),.UNSPECIFIED.,.F.,.F.,.F.,(4,2,2,2,4),(2,1,2),(0.0,0.25,0.5,0.75,1.0),(-2.33333333333293,0.0,1.0),.UNSPECIFIED.);
#1228=SURFACE_STYLE_USAGE(.BOTH.,#2563);
#1229=FACE_OUTER_BOUND('',#2564,.T.);
#1230=PLANE('',#2565);
#1231=SURFACE_STYLE_USAGE(.BOTH.,#2566);
#1232=FACE_OUTER_BOUND('',#2567,.T.);
#1233=B_SPLINE_SURFACE_WITH_KNOTS('',3,1,((#2568,#2569,#2570),(#2571,#2572,#2573),(#2574,#2575,#2576),(#2577,#2578,#2579),(#2580,#2581,#2582),(#2583,#2584,#2585),(#2586,#2587,#2588),(#2589,#2590,#2591),(#2592,#2593,#2594),(#2595,#2596,#2597),(#2598,#2599,#2600),(#2601,#2602,#2603),(#2604,#2605,#2606)),.UNSPECIFIED.,.F.,.F.,.F.,(4,2,2,2,3,4),(2,1,2),(0.0,0.25,0.5,0.75,1.0,1.01),(-2.33333333333293,0.0,1.0),.UNSPECIFIED.);
#1234=SURFACE_STYLE_USAGE(.BOTH.,#2607);
#1235=FACE_OUTER_BOUND('',#2608,.T.);
#1236=B_SPLINE_SURFACE_WITH_KNOTS('',3,1,((#2609,#2610,#2611),(#2612,#2613,#2614),(#2615,#2616,#2617),(#2618,#2619,#2620),(#2621,#2622,#2623),(#2624,#2625,#2626),(#2627,#2628,#2629),(#2630,#2631,#2632),(#2633,#2634,#2635),(#2636,#2637,#2638)),.UNSPECIFIED.,.F.,.F.,.F.,(4,2,2,2,4),(2,1,2),(0.0,0.25,0.5,0.75,1.0),(-2.33333333333293,0.0,1.0),.UNSPECIFIED.);
#1237=SURFACE_STYLE_USAGE(.BOTH.,#2639);
#1238=FACE_OUTER_BOUND('',#2640,.T.);
#1239=B_SPLINE_SURFACE_WITH_KNOTS('',3,1,((#2641,#2642,#2643),(#2644,#2645,#2646),(#2647,#2648,#2649),(#2650,#2651,#2652),(#2653,#2654,#2655),(#2656,#2657,#2658),(#2659,#2660,#2661),(#2662,#2663,#2664),(#2665,#2666,#2667),(#2668,#2669,#2670)),.UNSPECIFIED.,.F.,.F.,.F.,(4,2,2,2,4),(2,1,2),(0.0,0.25,0.5,0.75,1.0),(-2.33333333333293,0.0,1.0),.UNSPECIFIED.);
#1240=SURFACE_STYLE_USAGE(.BOTH.,#2671);
#1241=FACE_OUTER_BOUND('',#2672,.T.);
#1242=B_SPLINE_SURFACE_WITH_KNOTS('',3,1,((#2673,#2674,#2675),(#2676,#2677,#2678),(#2679,#2680,#2681),(#2682,#2683,#2684),(#2685,#2686,#2687),(#2688,#2689,#2690),(#2691,#2692,#2693),(#2694,#2695,#2696),(#2697,#2698,#2699),(#2700,#2701,#2702)),.UNSPECIFIED.,.F.,.F.,.F.,(4,2,2,2,4),(2,1,2),(0.0,0.25,0.5,0.75,1.0),(-2.33333333333293,0.0,1.0),.UNSPECIFIED.);
#1243=SURFACE_STYLE_USAGE(.BOTH.,#2703);
#1244=FACE_OUTER_BOUND('',#2704,.T.);
#1245=PLANE('',#2705);
#1246=SURFACE_STYLE_USAGE(.BOTH.,#2706);
#1247=FACE_OUTER_BOUND('',#2707,.T.);
#1248=FACE_OUTER_BOUND('',#2708,.T.);
#1249=CYLINDRICAL_SURFACE('',#2709,0.003);
#1250=SURFACE_STYLE_USAGE(.BOTH.,#2710);
#1251=FACE_OUTER_BOUND('',#2711,.T.);
#1252=PLANE('',#2712);
#1253=SURFACE_STYLE_USAGE(.BOTH.,#2713);
#1254=FACE_OUTER_BOUND('',#2714,.T.);
#1255=B_SPLINE_SURFACE_WITH_KNOTS('',3,1,((#2715,#2716,#2717),(#2718,#2719,#2720),(#2721,#2722,#2723),(#2724,#2725,#2726),(#2727,#2728,#2729),(#2730,#2731,#2732),(#2733,#2734,#2735),(#2736,#2737,#2738),(#2739,#2740,#2741),(#2742,#2743,#2744)),.UNSPECIFIED.,.F.,.F.,.F.,(4,2,2,2,4),(2,1,2),(0.0,0.25,0.5,0.75,1.0),(-2.33333333333293,0.0,1.0),.UNSPECIFIED.);
#1256=SURFACE_STYLE_USAGE(.BOTH.,#2745);
#1257=FACE_OUTER_BOUND('',#2746,.T.);
#1258=B_SPLINE_SURFACE_WITH_KNOTS('',3,1,((#2747,#2748,#2749),(#2750,#2751,#2752),(#2753,#2754,#2755),(#2756,#2757,#2758),(#2759,#2760,#2761),(#2762,#2763,#2764),(#2765,#2766,#2767),(#2768,#2769,#2770),(#2771,#2772,#2773),(#2774,#2775,#2776)),.UNSPECIFIED.,.F.,.F.,.F.,(4,2,2,2,4),(2,1,2),(0.0,0.25,0.5,0.75,1.0),(-2.33333333333293,0.0,1.0),.UNSPECIFIED.);
#1259=SURFACE_STYLE_USAGE(.BOTH.,#2777);
#1260=FACE_OUTER_BOUND('',#2778,.T.);
#1261=PLANE('',#2779);
#1262=SURFACE_STYLE_USAGE(.BOTH.,#2780);
#1263=FACE_OUTER_BOUND('',#2781,.T.);
#1264=B_SPLINE_SURFACE_WITH_KNOTS('',3,1,((#2782,#2783,#2784),(#2785,#2786,#2787),(#2788,#2789,#2790),(#2791,#2792,#2793),(#2794,#2795,#2796),(#2797,#2798,#2799),(#2800,#2801,#2802),(#2803,#2804,#2805),(#2806,#2807,#2808),(#2809,#2810,#2811)),.UNSPECIFIED.,.F.,.F.,.F.,(4,2,2,2,4),(2,1,2),(0.0,0.25,0.5,0.75,1.0),(-2.33333333333293,0.0,1.0),.UNSPECIFIED.);
#1265=SURFACE_STYLE_USAGE(.BOTH.,#2812);
#1266=FACE_OUTER_BOUND('',#2813,.T.);
#1267=PLANE('',#2814);
#1268=SURFACE_STYLE_USAGE(.BOTH.,#2815);
#1269=FACE_OUTER_BOUND('',#2816,.T.);
#1270=B_SPLINE_SURFACE_WITH_KNOTS('',3,1,((#2817,#2818,#2819),(#2820,#2821,#2822),(#2823,#2824,#2825),(#2826,#2827,#2828),(#2829,#2830,#2831),(#2832,#2833,#2834),(#2835,#2836,#2837),(#2838,#2839,#2840),(#2841,#2842,#2843),(#2844,#2845,#2846)),.UNSPECIFIED.,.F.,.F.,.F.,(4,2,2,2,4),(2,1,2),(0.0,0.25,0.5,0.75,1.0),(-2.33333333333292,0.0,1.0),.UNSPECIFIED.);
#1271=SURFACE_STYLE_USAGE(.BOTH.,#2847);
#1272=FACE_OUTER_BOUND('',#2848,.T.);
#1273=B_SPLINE_SURFACE_WITH_KNOTS('',3,1,((#2849,#2850,#2851),(#2852,#2853,#2854),(#2855,#2856,#2857),(#2858,#2859,#2860),(#2861,#2862,#2863),(#2864,#2865,#2866),(#2867,#2868,#2869),(#2870,#2871,#2872),(#2873,#2874,#2875),(#2876,#2877,#2878)),.UNSPECIFIED.,.F.,.F.,.F.,(4,2,2,2,4),(2,1,2),(0.0,0.25,0.5,0.75,1.0),(-2.33333333333293,0.0,1.0),.UNSPECIFIED.);
#1274=SURFACE_STYLE_USAGE(.BOTH.,#2879);
#1275=FACE_OUTER_BOUND('',#2880,.T.);
#1276=PLANE('',#2881);
#1277=SURFACE_STYLE_USAGE(.BOTH.,#2882);
#1278=FACE_OUTER_BOUND('',#2883,.T.);
#1279=PLANE('',#2884);
#1280=SURFACE_STYLE_USAGE(.BOTH.,#2885);
#1281=FACE_OUTER_BOUND('',#2886,.T.);
#1282=PLANE('',#2887);
#1283=SURFACE_STYLE_USAGE(.BOTH.,#2888);
#1284=FACE_OUTER_BOUND('',#2889,.T.);
#1285=FACE_BOUND('',#2890,.T.);
#1286=FACE_BOUND('',#2891,.T.);
#1287=FACE_BOUND('',#2892,.T.);
#1288=FACE_BOUND('',#2893,.T.);
#1289=FACE_BOUND('',#2894,.T.);
#1290=FACE_BOUND('',#2895,.T.);
#1291=FACE_BOUND('',#2896,.T.);
#1292=PLANE('',#2897);
#1293=SURFACE_STYLE_USAGE(.BOTH.,#2898);
#1294=FACE_OUTER_BOUND('',#2899,.T.);
#1295=B_SPLINE_SURFACE_WITH_KNOTS('',1,3,((#2900,#2901,#2902,#2903,#2904,#2905),(#2906,#2907,#2908,#2909,#2910,#2911)),.UNSPECIFIED.,.F.,.F.,.F.,(2,2),(4,2,4),(0.0,1.0),(0.0,0.5,1.0),.UNSPECIFIED.);
#1296=SURFACE_STYLE_USAGE(.BOTH.,#2912);
#1297=FACE_OUTER_BOUND('',#2913,.T.);
#1298=FACE_BOUND('',#2914,.T.);
#1299=FACE_BOUND('',#2915,.T.);
#1300=FACE_BOUND('',#2916,.T.);
#1301=FACE_BOUND('',#2917,.T.);
#1302=PLANE('',#2918);
#1303=SURFACE_STYLE_USAGE(.BOTH.,#2919);
#1304=FACE_BOUND('',#2920,.T.);
#1305=FACE_OUTER_BOUND('',#2921,.T.);
#1306=PLANE('',#2922);
#1307=SURFACE_STYLE_USAGE(.BOTH.,#2923);
#1308=FACE_OUTER_BOUND('',#2924,.T.);
#1309=PLANE('',#2925);
#1310=SURFACE_STYLE_USAGE(.BOTH.,#2926);
#1311=FACE_OUTER_BOUND('',#2927,.T.);
#1312=CYLINDRICAL_SURFACE('',#2928,0.00399999999599683);
#1313=SURFACE_STYLE_USAGE(.BOTH.,#2929);
#1314=FACE_OUTER_BOUND('',#2930,.T.);
#1315=PLANE('',#2931);
#1316=SURFACE_STYLE_USAGE(.BOTH.,#2932);
#1317=FACE_OUTER_BOUND('',#2933,.T.);
#1318=B_SPLINE_SURFACE_WITH_KNOTS('',1,3,((#2934,#2935,#2936,#2937,#2938,#2939),(#2940,#2941,#2942,#2943,#2944,#2945)),.UNSPECIFIED.,.F.,.F.,.F.,(2,2),(4,2,4),(0.0,1.0),(0.0,0.5,1.0),.UNSPECIFIED.);
#1319=SURFACE_STYLE_USAGE(.BOTH.,#2946);
#1320=FACE_OUTER_BOUND('',#2947,.T.);
#1321=PLANE('',#2948);
#1322=SURFACE_STYLE_USAGE(.BOTH.,#2949);
#1323=FACE_OUTER_BOUND('',#2950,.T.);
#1324=B_SPLINE_SURFACE_WITH_KNOTS('',1,3,((#2951,#2952,#2953,#2954,#2955,#2956),(#2957,#2958,#2959,#2960,#2961,#2962)),.UNSPECIFIED.,.F.,.F.,.F.,(2,2),(4,2,4),(0.0,1.0),(0.0,0.5,1.0),.UNSPECIFIED.);
#1325=SURFACE_STYLE_USAGE(.BOTH.,#2963);
#1326=FACE_OUTER_BOUND('',#2964,.T.);
#1327=PLANE('',#2965);
#1328=SURFACE_STYLE_USAGE(.BOTH.,#2966);
#1329=FACE_OUTER_BOUND('',#2967,.T.);
#1330=PLANE('',#2968);
#1331=SURFACE_STYLE_USAGE(.BOTH.,#2969);
#1332=FACE_OUTER_BOUND('',#2970,.T.);
#1333=PLANE('',#2971);
#1334=SURFACE_STYLE_USAGE(.BOTH.,#2972);
#1335=FACE_OUTER_BOUND('',#2973,.T.);
#1336=PLANE('',#2974);
#1337=SURFACE_STYLE_USAGE(.BOTH.,#2975);
#1338=FACE_OUTER_BOUND('',#2976,.T.);
#1339=PLANE('',#2977);
#1340=SURFACE_STYLE_USAGE(.BOTH.,#2978);
#1341=FACE_BOUND('',#2979,.T.);
#1342=FACE_OUTER_BOUND('',#2980,.T.);
#1343=FACE_BOUND('',#2981,.T.);
#1344=FACE_BOUND('',#2982,.T.);
#1345=FACE_BOUND('',#2983,.T.);
#1346=FACE_BOUND('',#2984,.T.);
#1347=FACE_BOUND('',#2985,.T.);
#1348=FACE_BOUND('',#2986,.T.);
#1349=FACE_BOUND('',#2987,.T.);
#1350=PLANE('',#2988);
#1351=SURFACE_STYLE_USAGE(.BOTH.,#2989);
#1352=FACE_OUTER_BOUND('',#2990,.T.);
#1353=PLANE('',#2991);
#1354=SURFACE_STYLE_USAGE(.BOTH.,#2992);
#1355=FACE_OUTER_BOUND('',#2993,.T.);
#1356=PLANE('',#2994);
#1357=SURFACE_STYLE_USAGE(.BOTH.,#2995);
#1358=FACE_OUTER_BOUND('',#2996,.T.);
#1359=PLANE('',#2997);
#1360=SURFACE_STYLE_USAGE(.BOTH.,#2998);
#1361=FACE_OUTER_BOUND('',#2999,.T.);
#1362=PLANE('',#3000);
#1363=SURFACE_STYLE_USAGE(.BOTH.,#3001);
#1364=FACE_OUTER_BOUND('',#3002,.T.);
#1365=PLANE('',#3003);
#1366=SURFACE_STYLE_USAGE(.BOTH.,#3004);
#1367=FACE_OUTER_BOUND('',#3005,.T.);
#1368=PLANE('',#3006);
#1369=SURFACE_STYLE_USAGE(.BOTH.,#3007);
#1370=FACE_OUTER_BOUND('',#3008,.T.);
#1371=FACE_BOUND('',#3009,.T.);
#1372=PLANE('',#3010);
#1373=SURFACE_STYLE_USAGE(.BOTH.,#3011);
#1374=FACE_OUTER_BOUND('',#3012,.T.);
#1375=PLANE('',#3013);
#1376=SURFACE_STYLE_USAGE(.BOTH.,#3014);
#1377=FACE_OUTER_BOUND('',#3015,.T.);
#1378=PLANE('',#3016);
#1379=SURFACE_STYLE_USAGE(.BOTH.,#3017);
#1380=FACE_OUTER_BOUND('',#3018,.T.);
#1381=PLANE('',#3019);
#1382=SURFACE_STYLE_USAGE(.BOTH.,#3020);
#1383=FACE_OUTER_BOUND('',#3021,.T.);
#1384=PLANE('',#3022);
#1385=SURFACE_STYLE_USAGE(.BOTH.,#3023);
#1386=FACE_OUTER_BOUND('',#3024,.T.);
#1387=PLANE('',#3025);
#1388=SURFACE_STYLE_USAGE(.BOTH.,#3026);
#1389=FACE_OUTER_BOUND('',#3027,.T.);
#1390=PLANE('',#3028);
#1391=SURFACE_STYLE_USAGE(.BOTH.,#3029);
#1392=FACE_OUTER_BOUND('',#3030,.T.);
#1393=CYLINDRICAL_SURFACE('',#3031,0.018);
#1394=SURFACE_STYLE_USAGE(.BOTH.,#3032);
#1395=FACE_OUTER_BOUND('',#3033,.T.);
#1396=CYLINDRICAL_SURFACE('',#3034,0.000999999999999994);
#1397=SURFACE_STYLE_USAGE(.BOTH.,#3035);
#1398=FACE_OUTER_BOUND('',#3036,.T.);
#1399=CYLINDRICAL_SURFACE('',#3037,0.02);
#1400=SURFACE_STYLE_USAGE(.BOTH.,#3038);
#1401=FACE_OUTER_BOUND('',#3039,.T.);
#1402=CYLINDRICAL_SURFACE('',#3040,0.001);
#1403=SURFACE_STYLE_USAGE(.BOTH.,#3041);
#1404=FACE_OUTER_BOUND('',#3042,.T.);
#1405=CYLINDRICAL_SURFACE('',#3043,0.012);
#1406=SURFACE_STYLE_USAGE(.BOTH.,#3044);
#1407=FACE_OUTER_BOUND('',#3045,.T.);
#1408=CYLINDRICAL_SURFACE('',#3046,0.000999999999999995);
#1409=SURFACE_STYLE_USAGE(.BOTH.,#3047);
#1410=FACE_OUTER_BOUND('',#3048,.T.);
#1411=CYLINDRICAL_SURFACE('',#3049,0.014);
#1412=SURFACE_STYLE_USAGE(.BOTH.,#3050);
#1413=FACE_OUTER_BOUND('',#3051,.T.);
#1414=CYLINDRICAL_SURFACE('',#3052,0.00100000000000001);
#1415=SURFACE_STYLE_USAGE(.BOTH.,#3053);
#1416=FACE_OUTER_BOUND('',#3054,.T.);
#1417=CYLINDRICAL_SURFACE('',#3055,0.007);
#1418=SURFACE_STYLE_USAGE(.BOTH.,#3056);
#1419=FACE_OUTER_BOUND('',#3057,.T.);
#1420=CYLINDRICAL_SURFACE('',#3058,0.000999999999999999);
#1421=SURFACE_STYLE_USAGE(.BOTH.,#3059);
#1422=FACE_OUTER_BOUND('',#3060,.T.);
#1423=CYLINDRICAL_SURFACE('',#3061,0.009);
#1424=SURFACE_STYLE_USAGE(.BOTH.,#3062);
#1425=FACE_OUTER_BOUND('',#3063,.T.);
#1426=CYLINDRICAL_SURFACE('',#3064,0.001);
#1427=SURFACE_STYLE_USAGE(.BOTH.,#3065);
#1428=FACE_OUTER_BOUND('',#3066,.T.);
#1429=CYLINDRICAL_SURFACE('',#3067,0.001);
#1430=SURFACE_STYLE_USAGE(.BOTH.,#3068);
#1431=FACE_OUTER_BOUND('',#3069,.T.);
#1432=CYLINDRICAL_SURFACE('',#3070,0.007);
#1433=SURFACE_STYLE_USAGE(.BOTH.,#3071);
#1434=FACE_OUTER_BOUND('',#3072,.T.);
#1435=CYLINDRICAL_SURFACE('',#3073,0.001);
#1436=SURFACE_STYLE_USAGE(.BOTH.,#3074);
#1437=FACE_OUTER_BOUND('',#3075,.T.);
#1438=CYLINDRICAL_SURFACE('',#3076,0.009);
#1439=SURFACE_STYLE_USAGE(.BOTH.,#3077);
#1440=FACE_OUTER_BOUND('',#3078,.T.);
#1441=CYLINDRICAL_SURFACE('',#3079,0.001);
#1442=SURFACE_STYLE_USAGE(.BOTH.,#3080);
#1443=FACE_OUTER_BOUND('',#3081,.T.);
#1444=CYLINDRICAL_SURFACE('',#3082,0.012);
#1445=SURFACE_STYLE_USAGE(.BOTH.,#3083);
#1446=FACE_OUTER_BOUND('',#3084,.T.);
#1447=CYLINDRICAL_SURFACE('',#3085,0.001);
#1448=SURFACE_STYLE_USAGE(.BOTH.,#3086);
#1449=FACE_OUTER_BOUND('',#3087,.T.);
#1450=CYLINDRICAL_SURFACE('',#3088,0.014);
#1451=SURFACE_STYLE_USAGE(.BOTH.,#3089);
#1452=FACE_OUTER_BOUND('',#3090,.T.);
#1453=CYLINDRICAL_SURFACE('',#3091,0.001);
#1454=SURFACE_STYLE_USAGE(.BOTH.,#3092);
#1455=FACE_OUTER_BOUND('',#3093,.T.);
#1456=CYLINDRICAL_SURFACE('',#3094,0.018);
#1457=SURFACE_STYLE_USAGE(.BOTH.,#3095);
#1458=FACE_OUTER_BOUND('',#3096,.T.);
#1459=CYLINDRICAL_SURFACE('',#3097,0.001);
#1460=SURFACE_STYLE_USAGE(.BOTH.,#3098);
#1461=FACE_OUTER_BOUND('',#3099,.T.);
#1462=CYLINDRICAL_SURFACE('',#3100,0.02);
#1463=SURFACE_STYLE_USAGE(.BOTH.,#3101);
#1464=FACE_OUTER_BOUND('',#3102,.T.);
#1465=FACE_OUTER_BOUND('',#3103,.T.);
#1466=CYLINDRICAL_SURFACE('',#3104,0.003);
#1467=SURFACE_STYLE_USAGE(.BOTH.,#3105);
#1468=FACE_OUTER_BOUND('',#3106,.T.);
#1469=FACE_OUTER_BOUND('',#3107,.T.);
#1470=CYLINDRICAL_SURFACE('',#3108,0.0014);
#1471=SURFACE_STYLE_USAGE(.BOTH.,#3109);
#1472=FACE_OUTER_BOUND('',#3110,.T.);
#1473=FACE_OUTER_BOUND('',#3111,.T.);
#1474=CYLINDRICAL_SURFACE('',#3112,0.0014);
#1475=SURFACE_STYLE_USAGE(.BOTH.,#3113);
#1476=FACE_OUTER_BOUND('',#3114,.T.);
#1477=FACE_OUTER_BOUND('',#3115,.T.);
#1478=CYLINDRICAL_SURFACE('',#3116,0.0014);
#1479=SURFACE_STYLE_USAGE(.BOTH.,#3117);
#1480=FACE_OUTER_BOUND('',#3118,.T.);
#1481=FACE_OUTER_BOUND('',#3119,.T.);
#1482=CYLINDRICAL_SURFACE('',#3120,0.0014);
#1483=SURFACE_STYLE_USAGE(.BOTH.,#3121);
#1484=FACE_OUTER_BOUND('',#3122,.T.);
#1485=FACE_OUTER_BOUND('',#3123,.T.);
#1486=CYLINDRICAL_SURFACE('',#3124,0.0014);
#1487=SURFACE_STYLE_USAGE(.BOTH.,#3125);
#1488=FACE_OUTER_BOUND('',#3126,.T.);
#1489=FACE_OUTER_BOUND('',#3127,.T.);
#1490=CYLINDRICAL_SURFACE('',#3128,0.0014);
#1491=SURFACE_STYLE_USAGE(.BOTH.,#3129);
#1492=FACE_BOUND('',#3130,.T.);
#1493=FACE_OUTER_BOUND('',#3131,.T.);
#1494=PLANE('',#3132);
#1495=SURFACE_STYLE_USAGE(.BOTH.,#3133);
#1496=FACE_BOUND('',#3134,.T.);
#1497=FACE_OUTER_BOUND('',#3135,.T.);
#1498=PLANE('',#3136);
#1499=SURFACE_STYLE_USAGE(.BOTH.,#3137);
#1500=FACE_BOUND('',#3138,.T.);
#1501=FACE_OUTER_BOUND('',#3139,.T.);
#1502=PLANE('',#3140);
#1503=SURFACE_STYLE_USAGE(.BOTH.,#3141);
#1504=FACE_BOUND('',#3142,.T.);
#1505=FACE_OUTER_BOUND('',#3143,.T.);
#1506=PLANE('',#3144);
#1507=SURFACE_STYLE_USAGE(.BOTH.,#3145);
#1508=FACE_BOUND('',#3146,.T.);
#1509=FACE_OUTER_BOUND('',#3147,.T.);
#1510=PLANE('',#3148);
#1511=SURFACE_STYLE_USAGE(.BOTH.,#3149);
#1512=FACE_OUTER_BOUND('',#3150,.T.);
#1513=CYLINDRICAL_SURFACE('',#3151,0.0025);
#1514=SURFACE_STYLE_USAGE(.BOTH.,#3152);
#1515=FACE_OUTER_BOUND('',#3153,.T.);
#1516=CYLINDRICAL_SURFACE('',#3154,0.0025);
#1517=SURFACE_STYLE_USAGE(.BOTH.,#3155);
#1518=FACE_BOUND('',#3156,.T.);
#1519=FACE_OUTER_BOUND('',#3157,.T.);
#1520=PLANE('',#3158);
#1521=SURFACE_STYLE_USAGE(.BOTH.,#3159);
#1522=FACE_OUTER_BOUND('',#3160,.T.);
#1523=FACE_OUTER_BOUND('',#3161,.T.);
#1524=CYLINDRICAL_SURFACE('',#3162,0.005);
#1525=SURFACE_STYLE_USAGE(.BOTH.,#3163);
#1526=FACE_BOUND('',#3164,.T.);
#1527=FACE_OUTER_BOUND('',#3165,.T.);
#1528=PLANE('',#3166);
#1529=SURFACE_STYLE_USAGE(.BOTH.,#3167);
#1530=FACE_OUTER_BOUND('',#3168,.T.);
#1531=FACE_OUTER_BOUND('',#3169,.T.);
#1532=CYLINDRICAL_SURFACE('',#3170,0.005);
#1533=SURFACE_STYLE_USAGE(.BOTH.,#3171);
#1534=FACE_OUTER_BOUND('',#3172,.T.);
#1535=PLANE('',#3173);
#1536=SURFACE_STYLE_USAGE(.BOTH.,#3174);
#1537=FACE_OUTER_BOUND('',#3175,.T.);
#1538=FACE_OUTER_BOUND('',#3176,.T.);
#1539=CYLINDRICAL_SURFACE('',#3177,0.0014);
#1540=SURFACE_STYLE_USAGE(.BOTH.,#3178);
#1541=FACE_OUTER_BOUND('',#3179,.T.);
#1542=PLANE('',#3180);
#1543=SURFACE_STYLE_USAGE(.BOTH.,#3181);
#1544=FACE_OUTER_BOUND('',#3182,.T.);
#1545=FACE_OUTER_BOUND('',#3183,.T.);
#1546=CYLINDRICAL_SURFACE('',#3184,0.0014);
#1547=SURFACE_STYLE_USAGE(.BOTH.,#3185);
#1548=FACE_OUTER_BOUND('',#3186,.T.);
#1549=PLANE('',#3187);
#1550=SURFACE_STYLE_USAGE(.BOTH.,#3188);
#1551=FACE_OUTER_BOUND('',#3189,.T.);
#1552=PLANE('',#3190);
#1553=SURFACE_STYLE_USAGE(.BOTH.,#3191);
#1554=FACE_OUTER_BOUND('',#3192,.T.);
#1555=PLANE('',#3193);
#1556=SURFACE_STYLE_USAGE(.BOTH.,#3194);
#1557=FACE_OUTER_BOUND('',#3195,.T.);
#1558=PLANE('',#3196);
#1559=SURFACE_STYLE_USAGE(.BOTH.,#3197);
#1560=FACE_OUTER_BOUND('',#3198,.T.);
#1561=PLANE('',#3199);
#1562=SURFACE_STYLE_USAGE(.BOTH.,#3200);
#1563=FACE_OUTER_BOUND('',#3201,.T.);
#1564=PLANE('',#3202);
#1565=SURFACE_STYLE_USAGE(.BOTH.,#3203);
#1566=FACE_OUTER_BOUND('',#3204,.T.);
#1567=PLANE('',#3205);
#1568=SURFACE_STYLE_USAGE(.BOTH.,#3206);
#1569=FACE_OUTER_BOUND('',#3207,.T.);
#1570=PLANE('',#3208);
#1571=SURFACE_STYLE_USAGE(.BOTH.,#3209);
#1572=FACE_OUTER_BOUND('',#3210,.T.);
#1573=PLANE('',#3211);
#1574=SURFACE_STYLE_USAGE(.BOTH.,#3212);
#1575=FACE_OUTER_BOUND('',#3213,.T.);
#1576=PLANE('',#3214);
#1577=SURFACE_STYLE_USAGE(.BOTH.,#3215);
#1578=FACE_OUTER_BOUND('',#3216,.T.);
#1579=PLANE('',#3217);
#1580=SURFACE_STYLE_USAGE(.BOTH.,#3218);
#1581=FACE_OUTER_BOUND('',#3219,.T.);
#1582=PLANE('',#3220);
#1583=SURFACE_STYLE_USAGE(.BOTH.,#3221);
#1584=FACE_OUTER_BOUND('',#3222,.T.);
#1585=PLANE('',#3223);
#1586=SURFACE_STYLE_USAGE(.BOTH.,#3224);
#1587=FACE_OUTER_BOUND('',#3225,.T.);
#1588=PLANE('',#3226);
#1589=SURFACE_STYLE_USAGE(.BOTH.,#3227);
#1590=FACE_OUTER_BOUND('',#3228,.T.);
#1591=PLANE('',#3229);
#1592=SURFACE_STYLE_USAGE(.BOTH.,#3230);
#1593=FACE_OUTER_BOUND('',#3231,.T.);
#1594=PLANE('',#3232);
#1595=SURFACE_STYLE_USAGE(.BOTH.,#3233);
#1596=FACE_OUTER_BOUND('',#3234,.T.);
#1597=PLANE('',#3235);
#1598=SURFACE_STYLE_USAGE(.BOTH.,#3236);
#1599=FACE_OUTER_BOUND('',#3237,.T.);
#1600=PLANE('',#3238);
#1601=SURFACE_STYLE_USAGE(.BOTH.,#3239);
#1602=FACE_BOUND('',#3240,.T.);
#1603=FACE_BOUND('',#3241,.T.);
#1604=FACE_BOUND('',#3242,.T.);
#1605=FACE_BOUND('',#3243,.T.);
#1606=FACE_BOUND('',#3244,.T.);
#1607=FACE_OUTER_BOUND('',#3245,.T.);
#1608=PLANE('',#3246);
#1609=SURFACE_STYLE_USAGE(.BOTH.,#3247);
#1610=FACE_OUTER_BOUND('',#3248,.T.);
#1611=PLANE('',#3249);
#1612=SURFACE_STYLE_USAGE(.BOTH.,#3250);
#1613=FACE_OUTER_BOUND('',#3251,.T.);
#1614=PLANE('',#3252);
#1615=SURFACE_STYLE_USAGE(.BOTH.,#3253);
#1616=FACE_OUTER_BOUND('',#3254,.T.);
#1617=PLANE('',#3255);
#1618=SURFACE_STYLE_USAGE(.BOTH.,#3256);
#1619=FACE_OUTER_BOUND('',#3257,.T.);
#1620=PLANE('',#3258);
#1621=SURFACE_STYLE_USAGE(.BOTH.,#3259);
#1622=FACE_OUTER_BOUND('',#3260,.T.);
#1623=PLANE('',#3261);
#1624=SURFACE_STYLE_USAGE(.BOTH.,#3262);
#1625=FACE_OUTER_BOUND('',#3263,.T.);
#1626=FACE_BOUND('',#3264,.T.);
#1627=PLANE('',#3265);
#1628=SURFACE_STYLE_USAGE(.BOTH.,#3266);
#1629=FACE_OUTER_BOUND('',#3267,.T.);
#1630=FACE_OUTER_BOUND('',#3268,.T.);
#1631=CYLINDRICAL_SURFACE('',#3269,0.0023);
#1632=SURFACE_STYLE_USAGE(.BOTH.,#3270);
#1633=FACE_OUTER_BOUND('',#3271,.T.);
#1634=FACE_OUTER_BOUND('',#3272,.T.);
#1635=CYLINDRICAL_SURFACE('',#3273,0.0014);
#1636=SURFACE_STYLE_USAGE(.BOTH.,#3274);
#1637=FACE_OUTER_BOUND('',#3275,.T.);
#1638=PLANE('',#3276);
#1639=SURFACE_STYLE_USAGE(.BOTH.,#3277);
#1640=FACE_OUTER_BOUND('',#3278,.T.);
#1641=FACE_BOUND('',#3279,.T.);
#1642=PLANE('',#3280);
#1643=SURFACE_STYLE_USAGE(.BOTH.,#3281);
#1644=FACE_OUTER_BOUND('',#3282,.T.);
#1645=FACE_OUTER_BOUND('',#3283,.T.);
#1646=CYLINDRICAL_SURFACE('',#3284,0.0023);
#1647=SURFACE_STYLE_USAGE(.BOTH.,#3285);
#1648=FACE_OUTER_BOUND('',#3286,.T.);
#1649=FACE_OUTER_BOUND('',#3287,.T.);
#1650=CYLINDRICAL_SURFACE('',#3288,0.0014);
#1651=SURFACE_STYLE_USAGE(.BOTH.,#3289);
#1652=FACE_OUTER_BOUND('',#3290,.T.);
#1653=PLANE('',#3291);
#1654=SURFACE_STYLE_USAGE(.BOTH.,#3292);
#1655=FACE_OUTER_BOUND('',#3293,.T.);
#1656=FACE_BOUND('',#3294,.T.);
#1657=PLANE('',#3295);
#1658=SURFACE_STYLE_USAGE(.BOTH.,#3296);
#1659=FACE_OUTER_BOUND('',#3297,.T.);
#1660=FACE_OUTER_BOUND('',#3298,.T.);
#1661=CYLINDRICAL_SURFACE('',#3299,0.0023);
#1662=SURFACE_STYLE_USAGE(.BOTH.,#3300);
#1663=FACE_OUTER_BOUND('',#3301,.T.);
#1664=FACE_OUTER_BOUND('',#3302,.T.);
#1665=CYLINDRICAL_SURFACE('',#3303,0.0014);
#1666=SURFACE_STYLE_USAGE(.BOTH.,#3304);
#1667=FACE_OUTER_BOUND('',#3305,.T.);
#1668=PLANE('',#3306);
#1669=SURFACE_STYLE_USAGE(.BOTH.,#3307);
#1670=FACE_OUTER_BOUND('',#3308,.T.);
#1671=FACE_BOUND('',#3309,.T.);
#1672=PLANE('',#3310);
#1673=SURFACE_STYLE_USAGE(.BOTH.,#3311);
#1674=FACE_OUTER_BOUND('',#3312,.T.);
#1675=FACE_OUTER_BOUND('',#3313,.T.);
#1676=CYLINDRICAL_SURFACE('',#3314,0.0023);
#1677=SURFACE_STYLE_USAGE(.BOTH.,#3315);
#1678=FACE_OUTER_BOUND('',#3316,.T.);
#1679=FACE_OUTER_BOUND('',#3317,.T.);
#1680=CYLINDRICAL_SURFACE('',#3318,0.0014);
#1681=SURFACE_STYLE_USAGE(.BOTH.,#3319);
#1682=FACE_OUTER_BOUND('',#3320,.T.);
#1683=CYLINDRICAL_SURFACE('',#3321,0.002);
#1684=SURFACE_STYLE_USAGE(.BOTH.,#3322);
#1685=FACE_OUTER_BOUND('',#3323,.T.);
#1686=CYLINDRICAL_SURFACE('',#3324,0.002);
#1687=SURFACE_STYLE_USAGE(.BOTH.,#3325);
#1688=FACE_OUTER_BOUND('',#3326,.T.);
#1689=CYLINDRICAL_SURFACE('',#3327,0.002);
#1690=SURFACE_STYLE_USAGE(.BOTH.,#3328);
#1691=FACE_OUTER_BOUND('',#3329,.T.);
#1692=CYLINDRICAL_SURFACE('',#3330,0.002);
#1693=SURFACE_STYLE_USAGE(.BOTH.,#3331);
#1694=FACE_OUTER_BOUND('',#3332,.T.);
#1695=CYLINDRICAL_SURFACE('',#3333,0.002);
#1696=SURFACE_STYLE_USAGE(.BOTH.,#3334);
#1697=FACE_OUTER_BOUND('',#3335,.T.);
#1698=PLANE('',#3336);
#1699=SURFACE_STYLE_USAGE(.BOTH.,#3337);
#1700=FACE_OUTER_BOUND('',#3338,.T.);
#1701=PLANE('',#3339);
#1702=SURFACE_STYLE_USAGE(.BOTH.,#3340);
#1703=FACE_OUTER_BOUND('',#3341,.T.);
#1704=PLANE('',#3342);
#1705=SURFACE_STYLE_USAGE(.BOTH.,#3343);
#1706=FACE_OUTER_BOUND('',#3344,.T.);
#1707=PLANE('',#3345);
#1708=SURFACE_STYLE_USAGE(.BOTH.,#3346);
#1709=FACE_OUTER_BOUND('',#3347,.T.);
#1710=CYLINDRICAL_SURFACE('',#3348,0.001);
#1711=SURFACE_STYLE_USAGE(.BOTH.,#3349);
#1712=FACE_OUTER_BOUND('',#3350,.T.);
#1713=CYLINDRICAL_SURFACE('',#3351,0.001);
#1714=SURFACE_STYLE_USAGE(.BOTH.,#3352);
#1715=FACE_OUTER_BOUND('',#3353,.T.);
#1716=CYLINDRICAL_SURFACE('',#3354,0.001);
#1717=SURFACE_STYLE_USAGE(.BOTH.,#3355);
#1718=FACE_OUTER_BOUND('',#3356,.T.);
#1719=CYLINDRICAL_SURFACE('',#3357,0.001);
#1720=SURFACE_STYLE_USAGE(.BOTH.,#3358);
#1721=FACE_OUTER_BOUND('',#3359,.T.);
#1722=PLANE('',#3360);
#1723=SURFACE_STYLE_USAGE(.BOTH.,#3361);
#1724=FACE_OUTER_BOUND('',#3362,.T.);
#1725=PLANE('',#3363);
#1726=SURFACE_STYLE_USAGE(.BOTH.,#3364);
#1727=FACE_OUTER_BOUND('',#3365,.T.);
#1728=PLANE('',#3366);
#1729=SURFACE_STYLE_USAGE(.BOTH.,#3367);
#1730=FACE_OUTER_BOUND('',#3368,.T.);
#1731=PLANE('',#3369);
#1732=SURFACE_STYLE_USAGE(.BOTH.,#3370);
#1733=FACE_OUTER_BOUND('',#3371,.T.);
#1734=PLANE('',#3372);
#1735=SURFACE_STYLE_USAGE(.BOTH.,#3373);
#1736=FACE_OUTER_BOUND('',#3374,.T.);
#1737=CYLINDRICAL_SURFACE('',#3375,0.0025);
#1738=SURFACE_STYLE_USAGE(.BOTH.,#3376);
#1739=FACE_OUTER_BOUND('',#3377,.T.);
#1740=CYLINDRICAL_SURFACE('',#3378,0.0025);
#1741=SURFACE_STYLE_USAGE(.BOTH.,#3379);
#1742=FACE_OUTER_BOUND('',#3380,.T.);
#1743=PLANE('',#3381);
#1744=SURFACE_STYLE_USAGE(.BOTH.,#3382);
#1745=FACE_OUTER_BOUND('',#3383,.T.);
#1746=PLANE('',#3384);
#1747=SURFACE_STYLE_USAGE(.BOTH.,#3385);
#1748=FACE_OUTER_BOUND('',#3386,.T.);
#1749=PLANE('',#3387);
#1750=SURFACE_STYLE_USAGE(.BOTH.,#3388);
#1751=FACE_OUTER_BOUND('',#3389,.T.);
#1752=PLANE('',#3390);
#1753=SURFACE_STYLE_USAGE(.BOTH.,#3391);
#1754=FACE_OUTER_BOUND('',#3392,.T.);
#1755=PLANE('',#3393);
#1756=SURFACE_STYLE_USAGE(.BOTH.,#3394);
#1757=FACE_OUTER_BOUND('',#3395,.T.);
#1758=PLANE('',#3396);
#1759=SURFACE_STYLE_USAGE(.BOTH.,#3397);
#1760=FACE_OUTER_BOUND('',#3398,.T.);
#1761=PLANE('',#3399);
#1762=SURFACE_STYLE_USAGE(.BOTH.,#3400);
#1763=FACE_OUTER_BOUND('',#3401,.T.);
#1764=PLANE('',#3402);
#1765=SURFACE_STYLE_USAGE(.BOTH.,#3403);
#1766=FACE_OUTER_BOUND('',#3404,.T.);
#1767=PLANE('',#3405);
#1768=SURFACE_STYLE_USAGE(.BOTH.,#3406);
#1769=FACE_OUTER_BOUND('',#3407,.T.);
#1770=PLANE('',#3408);
#1771=SURFACE_STYLE_USAGE(.BOTH.,#3409);
#1772=FACE_OUTER_BOUND('',#3410,.T.);
#1773=PLANE('',#3411);
#1774=SURFACE_STYLE_USAGE(.BOTH.,#3412);
#1775=FACE_OUTER_BOUND('',#3413,.T.);
#1776=CYLINDRICAL_SURFACE('',#3414,0.00399999999599683);
#1777= (NAMED_UNIT(#876)LENGTH_UNIT()SI_UNIT($,.METRE.));
#1780=LENGTH_MEASURE_WITH_UNIT(LENGTH_MEASURE(1.0),#3416);
#1783=DIMENSIONAL_EXPONENTS(1.0,0.0,0.0,0.0,0.0,0.0,0.0);
#1785=DIMENSIONAL_EXPONENTS(0.0,0.0,0.0,0.0,0.0,0.0,0.0);
#1791=SURFACE_SIDE_STYLE('',(#3417));
#1792=EDGE_LOOP('',(#3418,#3419,#3420,#3421));
#1793=CARTESIAN_POINT('',(0.012877938173432,0.0133491486256872,-0.0990742392359506));
#1794=CARTESIAN_POINT('',(0.012877938173432,0.0133491486256872,-0.0976742392359506));
#1795=CARTESIAN_POINT('',(0.012877938173432,0.0133491486256872,-0.0970742392359504));
#1796=CARTESIAN_POINT('',(0.0145445360209286,0.0116825507781906,-0.0990742392359506));
#1797=CARTESIAN_POINT('',(0.0145445360209286,0.0116825507781905,-0.0976742392359506));
#1798=CARTESIAN_POINT('',(0.0145445360209286,0.0116825507781905,-0.0970742392359505));
#1799=CARTESIAN_POINT('',(0.0158780571966335,0.00968683136045888,-0.0990742392359506));
#1800=CARTESIAN_POINT('',(0.0158780571966335,0.00968683136045887,-0.0976742392359506));
#1801=CARTESIAN_POINT('',(0.0158780571966335,0.00968683136045887,-0.0970742392359505));
#1802=CARTESIAN_POINT('',(0.0176816381695536,0.00533222540183418,-0.0990742392359506));
#1803=CARTESIAN_POINT('',(0.0176816381695536,0.00533222540183417,-0.0976742392359506));
#1804=CARTESIAN_POINT('',(0.0176816381695536,0.00533222540183417,-0.0970742392359505));
#1805=CARTESIAN_POINT('',(0.0181500881164653,0.00297789249832473,-0.0990742392359506));
#1806=CARTESIAN_POINT('',(0.0181500881164653,0.00297789249832472,-0.0976742392359506));
#1807=CARTESIAN_POINT('',(0.0181500881164653,0.00297789249832472,-0.0970742392359505));
#1808=CARTESIAN_POINT('',(0.0181499441076852,-0.00173543929589696,-0.0990742392359506));
#1809=CARTESIAN_POINT('',(0.0181499441076852,-0.00173543929589696,-0.0976742392359506));
#1810=CARTESIAN_POINT('',(0.0181499441076852,-0.00173543929589697,-0.0970742392359505));
#1811=CARTESIAN_POINT('',(0.0176817712716599,-0.00408982726021508,-0.0990742392359506));
#1812=CARTESIAN_POINT('',(0.0176817712716599,-0.00408982726021508,-0.0976742392359506));
#1813=CARTESIAN_POINT('',(0.0176817712716599,-0.00408982726021508,-0.0970742392359505));
#1814=CARTESIAN_POINT('',(0.0158779241268021,-0.00844432316683691,-0.0990742392359506));
#1815=CARTESIAN_POINT('',(0.0158779241268021,-0.00844432316683692,-0.0976742392359506));
#1816=CARTESIAN_POINT('',(0.0158779241268021,-0.00844432316683692,-0.0970742392359505));
#1817=CARTESIAN_POINT('',(0.0145445958268774,-0.0104400377509621,-0.0990742392359506));
#1818=CARTESIAN_POINT('',(0.0145445958268774,-0.0104400377509621,-0.0976742392359506));
#1819=CARTESIAN_POINT('',(0.0145445958268774,-0.0104400377509621,-0.0970742392359505));
#1820=CARTESIAN_POINT('',(0.0128779385277281,-0.0121066951427324,-0.0990742392359506));
#1821=CARTESIAN_POINT('',(0.0128779385277281,-0.0121066951427324,-0.0976742392359506));
#1822=CARTESIAN_POINT('',(0.0128779385277281,-0.0121066951427324,-0.0970742392359505));
#1823=CARTESIAN_POINT('',(0.0128112722357621,-0.0121733614384032,-0.0990742392359506));
#1824=CARTESIAN_POINT('',(0.0128112722357621,-0.0121733614384032,-0.0976742392359506));
#1825=CARTESIAN_POINT('',(0.0128112722357621,-0.0121733614384032,-0.0970742392359505));
#1826=CARTESIAN_POINT('',(0.0127446059437962,-0.012240027734074,-0.0990742392359506));
#1827=CARTESIAN_POINT('',(0.0127446059437962,-0.012240027734074,-0.0976742392359506));
#1828=CARTESIAN_POINT('',(0.0127446059437962,-0.012240027734074,-0.0970742392359505));
#1829=CARTESIAN_POINT('',(0.0126779396518302,-0.0123066940297448,-0.0990742392359506));
#1830=CARTESIAN_POINT('',(0.0126779396518302,-0.0123066940297448,-0.0976742392359506));
#1831=CARTESIAN_POINT('',(0.0126779396518302,-0.0123066940297448,-0.0970742392359505));
#1832=SURFACE_SIDE_STYLE('',(#3422));
#1833=EDGE_LOOP('',(#3423,#3424,#3425,#3426));
#1834=CARTESIAN_POINT('',(0.0142921517358051,-0.0135209090594016,-0.0990742392359507));
#1835=CARTESIAN_POINT('',(0.0142921517358051,-0.0135209090594016,-0.0976742392359507));
#1836=CARTESIAN_POINT('',(0.0142921517358051,-0.0135209090594016,-0.0970742392359506));
#1837=CARTESIAN_POINT('',(0.0161439289703352,-0.0116691318248715,-0.0990742392359507));
#1838=CARTESIAN_POINT('',(0.0161439289703352,-0.0116691318248715,-0.0976742392359507));
#1839=CARTESIAN_POINT('',(0.0161439289703352,-0.0116691318248715,-0.0970742392359505));
#1840=CARTESIAN_POINT('',(0.0176256098100951,-0.00945166489836812,-0.0990742392359507));
#1841=CARTESIAN_POINT('',(0.0176256098100951,-0.00945166489836812,-0.0976742392359507));
#1842=CARTESIAN_POINT('',(0.0176256098100951,-0.00945166489836813,-0.0970742392359505));
#1843=CARTESIAN_POINT('',(0.0196296037475153,-0.00461321918787573,-0.0990742392359506));
#1844=CARTESIAN_POINT('',(0.0196296037475153,-0.00461321918787574,-0.0976742392359506));
#1845=CARTESIAN_POINT('',(0.0196296037475153,-0.00461321918787574,-0.0970742392359505));
#1846=CARTESIAN_POINT('',(0.0201500881373502,-0.0019972913930096,-0.0990742392359506));
#1847=CARTESIAN_POINT('',(0.0201500881373502,-0.00199729139300961,-0.0976742392359506));
#1848=CARTESIAN_POINT('',(0.0201500881373502,-0.00199729139300961,-0.0970742392359505));
#1849=CARTESIAN_POINT('',(0.0201499440867912,0.00323974476753153,-0.0990742392359506));
#1850=CARTESIAN_POINT('',(0.0201499440867912,0.00323974476753152,-0.0976742392359506));
#1851=CARTESIAN_POINT('',(0.0201499440867912,0.00323974476753152,-0.0970742392359505));
#1852=CARTESIAN_POINT('',(0.0196297367656143,0.00585572761321976,-0.0990742392359506));
#1853=CARTESIAN_POINT('',(0.0196297367656144,0.00585572761321976,-0.0976742392359506));
#1854=CARTESIAN_POINT('',(0.0196297367656144,0.00585572761321975,-0.0970742392359505));
#1855=CARTESIAN_POINT('',(0.0176254765845988,0.0106940632310161,-0.0990742392359506));
#1856=CARTESIAN_POINT('',(0.0176254765845988,0.010694063231016,-0.0976742392359506));
#1857=CARTESIAN_POINT('',(0.0176254765845988,0.010694063231016,-0.0970742392359505));
#1858=CARTESIAN_POINT('',(0.016143968517442,0.0129115454064233,-0.0990742392359506));
#1859=CARTESIAN_POINT('',(0.0161439685174421,0.0129115454064233,-0.0976742392359506));
#1860=CARTESIAN_POINT('',(0.0161439685174421,0.0129115454064233,-0.0970742392359505));
#1861=CARTESIAN_POINT('',(0.0142921517358051,0.0147633621880603,-0.0990742392359506));
#1862=CARTESIAN_POINT('',(0.0142921517358051,0.0147633621880603,-0.0976742392359506));
#1863=CARTESIAN_POINT('',(0.0142921517358051,0.0147633621880603,-0.0970742392359504));
#1864=SURFACE_SIDE_STYLE('',(#3427));
#1865=EDGE_LOOP('',(#3428,#3429,#3430,#3431));
#1866=AXIS2_PLACEMENT_3D('',#3432,#3433,#3434);
#1867=SURFACE_SIDE_STYLE('',(#3435));
#1868=EDGE_LOOP('',(#3436,#3437,#3438,#3439));
#1869=CARTESIAN_POINT('',(-0.0125779059492837,0.0133491486256872,-0.0990742392359505));
#1870=CARTESIAN_POINT('',(-0.0125779059492837,0.0133491486256872,-0.0976742392359505));
#1871=CARTESIAN_POINT('',(-0.0125779059492837,0.0133491486256872,-0.0970742392359504));
#1872=CARTESIAN_POINT('',(-0.0123922472394718,0.0135348073354992,-0.0990742392359505));
#1873=CARTESIAN_POINT('',(-0.0123922472394718,0.0135348073354992,-0.0976742392359505));
#1874=CARTESIAN_POINT('',(-0.0123922472394718,0.0135348073354992,-0.0970742392359504));
#1875=CARTESIAN_POINT('',(-0.0122848686825888,0.0137942618978309,-0.0990742392359505));
#1876=CARTESIAN_POINT('',(-0.0122848686825888,0.0137942618978309,-0.0976742392359505));
#1877=CARTESIAN_POINT('',(-0.0122848686825888,0.0137942618978309,-0.0970742392359504));
#1878=CARTESIAN_POINT('',(-0.0122851567781541,0.0143182485565991,-0.0990742392359505));
#1879=CARTESIAN_POINT('',(-0.0122851567781541,0.014318248556599,-0.0976742392359505));
#1880=CARTESIAN_POINT('',(-0.0122851567781541,0.014318248556599,-0.0970742392359504));
#1881=CARTESIAN_POINT('',(-0.0123925465722301,0.0145782064659007,-0.0990742392359505));
#1882=CARTESIAN_POINT('',(-0.0123925465722301,0.0145782064659007,-0.0976742392359505));
#1883=CARTESIAN_POINT('',(-0.0123925465722301,0.0145782064659007,-0.0970742392359504));
#1884=CARTESIAN_POINT('',(-0.0127632648509459,0.0149485174353511,-0.0990742392359505));
#1885=CARTESIAN_POINT('',(-0.0127632648509459,0.0149485174353511,-0.0976742392359505));
#1886=CARTESIAN_POINT('',(-0.0127632648509459,0.0149485174353511,-0.0970742392359504));
#1887=CARTESIAN_POINT('',(-0.0130230189403157,0.0150563993745578,-0.0990742392359505));
#1888=CARTESIAN_POINT('',(-0.0130230189403157,0.0150563993745578,-0.0976742392359505));
#1889=CARTESIAN_POINT('',(-0.0130230189403157,0.0150563993745578,-0.0970742392359504));
#1890=CARTESIAN_POINT('',(-0.0135470055667844,0.0150561114397142,-0.0990742392359505));
#1891=CARTESIAN_POINT('',(-0.0135470055667844,0.0150561114397142,-0.0976742392359505));
#1892=CARTESIAN_POINT('',(-0.0135470055667844,0.0150561114397142,-0.0970742392359504));
#1893=CARTESIAN_POINT('',(-0.0138063335523883,0.0149491481473288,-0.0990742392359505));
#1894=CARTESIAN_POINT('',(-0.0138063335523883,0.0149491481473288,-0.0976742392359505));
#1895=CARTESIAN_POINT('',(-0.0138063335523883,0.0149491481473288,-0.0970742392359504));
#1896=CARTESIAN_POINT('',(-0.0139921195116568,0.0147633621880603,-0.0990742392359505));
#1897=CARTESIAN_POINT('',(-0.0139921195116568,0.0147633621880603,-0.0976742392359505));
#1898=CARTESIAN_POINT('',(-0.0139921195116568,0.0147633621880603,-0.0970742392359504));
#1899=SURFACE_SIDE_STYLE('',(#3440));
#1900=EDGE_LOOP('',(#3441,#3442,#3443,#3444));
#1901=CARTESIAN_POINT('',(-0.00621394491860482,-0.00574273446634958,-0.0990742392359506));
#1902=CARTESIAN_POINT('',(-0.00621394491860482,-0.00574273446634959,-0.0976742392359506));
#1903=CARTESIAN_POINT('',(-0.00621394491860481,-0.00574273446634959,-0.0970742392359505));
#1904=CARTESIAN_POINT('',(-0.00602828620879361,-0.00592839317616079,-0.0990742392359506));
#1905=CARTESIAN_POINT('',(-0.0060282862087936,-0.0059283931761608,-0.0976742392359506));
#1906=CARTESIAN_POINT('',(-0.0060282862087936,-0.0059283931761608,-0.0970742392359505));
#1907=CARTESIAN_POINT('',(-0.00576883164645918,-0.00603577173304444,-0.0990742392359506));
#1908=CARTESIAN_POINT('',(-0.00576883164645918,-0.00603577173304444,-0.0976742392359506));
#1909=CARTESIAN_POINT('',(-0.00576883164645917,-0.00603577173304444,-0.0970742392359505));
#1910=CARTESIAN_POINT('',(-0.00524484498769496,-0.00603548363747922,-0.0990742392359506));
#1911=CARTESIAN_POINT('',(-0.00524484498769496,-0.00603548363747922,-0.0976742392359506));
#1912=CARTESIAN_POINT('',(-0.00524484498769496,-0.00603548363747923,-0.0970742392359505));
#1913=CARTESIAN_POINT('',(-0.00498488707839248,-0.00592809384340405,-0.0990742392359506));
#1914=CARTESIAN_POINT('',(-0.00498488707839248,-0.00592809384340405,-0.0976742392359506));
#1915=CARTESIAN_POINT('',(-0.00498488707839248,-0.00592809384340405,-0.0970742392359505));
#1916=CARTESIAN_POINT('',(-0.00461457610893989,-0.00555737556468652,-0.0990742392359506));
#1917=CARTESIAN_POINT('',(-0.00461457610893989,-0.00555737556468652,-0.0976742392359506));
#1918=CARTESIAN_POINT('',(-0.00461457610893989,-0.00555737556468653,-0.0970742392359505));
#1919=CARTESIAN_POINT('',(-0.00450669416973429,-0.00529762147531598,-0.0990742392359506));
#1920=CARTESIAN_POINT('',(-0.00450669416973428,-0.00529762147531599,-0.0976742392359506));
#1921=CARTESIAN_POINT('',(-0.00450669416973428,-0.00529762147531599,-0.0970742392359505));
#1922=CARTESIAN_POINT('',(-0.00450698210457788,-0.00477363484885048,-0.0990742392359506));
#1923=CARTESIAN_POINT('',(-0.00450698210457788,-0.00477363484885049,-0.0976742392359506));
#1924=CARTESIAN_POINT('',(-0.00450698210457788,-0.00477363484885049,-0.0970742392359505));
#1925=CARTESIAN_POINT('',(-0.00461394539696378,-0.00451430686324443,-0.0990742392359506));
#1926=CARTESIAN_POINT('',(-0.00461394539696378,-0.00451430686324444,-0.0976742392359506));
#1927=CARTESIAN_POINT('',(-0.00461394539696378,-0.00451430686324444,-0.0970742392359505));
#1928=CARTESIAN_POINT('',(-0.00479973135623172,-0.00432852090397649,-0.0990742392359506));
#1929=CARTESIAN_POINT('',(-0.00479973135623172,-0.00432852090397649,-0.0976742392359506));
#1930=CARTESIAN_POINT('',(-0.00479973135623172,-0.00432852090397649,-0.0970742392359505));
#1931=SURFACE_SIDE_STYLE('',(#3445));
#1932=EDGE_LOOP('',(#3446,#3447,#3448,#3449));
#1933=CARTESIAN_POINT('',(-0.0047997313562317,0.00557097403263519,-0.0990742392359505));
#1934=CARTESIAN_POINT('',(-0.00479973135623169,0.00557097403263518,-0.0976742392359505));
#1935=CARTESIAN_POINT('',(-0.00479973135623169,0.00557097403263518,-0.0970742392359504));
#1936=CARTESIAN_POINT('',(-0.00461407264641975,0.00575663274244714,-0.0990742392359505));
#1937=CARTESIAN_POINT('',(-0.00461407264641974,0.00575663274244713,-0.0976742392359505));
#1938=CARTESIAN_POINT('',(-0.00461407264641974,0.00575663274244713,-0.0970742392359504));
#1939=CARTESIAN_POINT('',(-0.00450669408953685,0.00601608730477884,-0.0990742392359505));
#1940=CARTESIAN_POINT('',(-0.00450669408953685,0.00601608730477884,-0.0976742392359505));
#1941=CARTESIAN_POINT('',(-0.00450669408953684,0.00601608730477884,-0.0970742392359504));
#1942=CARTESIAN_POINT('',(-0.00450698218510204,0.00654007396354702,-0.0990742392359505));
#1943=CARTESIAN_POINT('',(-0.00450698218510204,0.00654007396354701,-0.0976742392359505));
#1944=CARTESIAN_POINT('',(-0.00450698218510203,0.00654007396354701,-0.0970742392359504));
#1945=CARTESIAN_POINT('',(-0.00461437197917719,0.00680003187284748,-0.0990742392359505));
#1946=CARTESIAN_POINT('',(-0.00461437197917718,0.00680003187284748,-0.0976742392359505));
#1947=CARTESIAN_POINT('',(-0.00461437197917718,0.00680003187284748,-0.0970742392359504));
#1948=CARTESIAN_POINT('',(-0.0049850902578948,0.00717034284230017,-0.0990742392359505));
#1949=CARTESIAN_POINT('',(-0.00498509025789479,0.00717034284230017,-0.0976742392359505));
#1950=CARTESIAN_POINT('',(-0.00498509025789479,0.00717034284230017,-0.0970742392359504));
#1951=CARTESIAN_POINT('',(-0.00524484434726364,0.00727822478150573,-0.0990742392359505));
#1952=CARTESIAN_POINT('',(-0.00524484434726364,0.00727822478150572,-0.0976742392359505));
#1953=CARTESIAN_POINT('',(-0.00524484434726364,0.00727822478150572,-0.0970742392359504));
#1954=CARTESIAN_POINT('',(-0.00576883097373245,0.00727793684666214,-0.0990742392359505));
#1955=CARTESIAN_POINT('',(-0.00576883097373244,0.00727793684666213,-0.0976742392359505));
#1956=CARTESIAN_POINT('',(-0.00576883097373244,0.00727793684666213,-0.0970742392359504));
#1957=CARTESIAN_POINT('',(-0.00602815895933623,0.00717097355427685,-0.0990742392359505));
#1958=CARTESIAN_POINT('',(-0.00602815895933622,0.00717097355427685,-0.0976742392359505));
#1959=CARTESIAN_POINT('',(-0.00602815895933622,0.00717097355427685,-0.0970742392359504));
#1960=CARTESIAN_POINT('',(-0.00621394491860479,0.00698518759500829,-0.0990742392359505));
#1961=CARTESIAN_POINT('',(-0.00621394491860479,0.00698518759500829,-0.0976742392359505));
#1962=CARTESIAN_POINT('',(-0.00621394491860479,0.00698518759500829,-0.0970742392359504));
#1963=SURFACE_SIDE_STYLE('',(#3450));
#1964=EDGE_LOOP('',(#3451,#3452,#3453,#3454));
#1965=CARTESIAN_POINT('',(-0.00974947882453756,-0.00927826837228232,-0.0990742392359506));
#1966=CARTESIAN_POINT('',(-0.00974947882453756,-0.00927826837228232,-0.0976742392359506));
#1967=CARTESIAN_POINT('',(-0.00974947882453755,-0.00927826837228232,-0.0970742392359505));
#1968=CARTESIAN_POINT('',(-0.00956382011472671,-0.00946392708209316,-0.0990742392359506));
#1969=CARTESIAN_POINT('',(-0.00956382011472671,-0.00946392708209317,-0.0976742392359506));
#1970=CARTESIAN_POINT('',(-0.0095638201147267,-0.00946392708209317,-0.0970742392359505));
#1971=CARTESIAN_POINT('',(-0.00930436555239095,-0.00957130563897716,-0.0990742392359506));
#1972=CARTESIAN_POINT('',(-0.00930436555239094,-0.00957130563897717,-0.0976742392359506));
#1973=CARTESIAN_POINT('',(-0.00930436555239094,-0.00957130563897717,-0.0970742392359505));
#1974=CARTESIAN_POINT('',(-0.00878037889362868,-0.00957101754341196,-0.0990742392359506));
#1975=CARTESIAN_POINT('',(-0.00878037889362867,-0.00957101754341197,-0.0976742392359506));
#1976=CARTESIAN_POINT('',(-0.00878037889362867,-0.00957101754341197,-0.0970742392359505));
#1977=CARTESIAN_POINT('',(-0.00852042098432475,-0.00946362774933609,-0.0990742392359506));
#1978=CARTESIAN_POINT('',(-0.00852042098432475,-0.0094636277493361,-0.0976742392359506));
#1979=CARTESIAN_POINT('',(-0.00852042098432474,-0.0094636277493361,-0.0970742392359505));
#1980=CARTESIAN_POINT('',(-0.00815011001487311,-0.00909290947061994,-0.0990742392359506));
#1981=CARTESIAN_POINT('',(-0.0081501100148731,-0.00909290947061994,-0.0976742392359506));
#1982=CARTESIAN_POINT('',(-0.0081501100148731,-0.00909290947061994,-0.0970742392359505));
#1983=CARTESIAN_POINT('',(-0.00804222807566702,-0.00883315538124781,-0.0990742392359506));
#1984=CARTESIAN_POINT('',(-0.00804222807566702,-0.00883315538124781,-0.0976742392359506));
#1985=CARTESIAN_POINT('',(-0.00804222807566702,-0.00883315538124782,-0.0970742392359505));
#1986=CARTESIAN_POINT('',(-0.00804251601051064,-0.00830916875478412,-0.0990742392359506));
#1987=CARTESIAN_POINT('',(-0.00804251601051064,-0.00830916875478413,-0.0976742392359506));
#1988=CARTESIAN_POINT('',(-0.00804251601051063,-0.00830916875478413,-0.0970742392359505));
#1989=CARTESIAN_POINT('',(-0.00814947930289684,-0.00804984076917686,-0.0990742392359506));
#1990=CARTESIAN_POINT('',(-0.00814947930289684,-0.00804984076917686,-0.0976742392359506));
#1991=CARTESIAN_POINT('',(-0.00814947930289684,-0.00804984076917686,-0.0970742392359505));
#1992=CARTESIAN_POINT('',(-0.00833526526216447,-0.00786405480990923,-0.0990742392359506));
#1993=CARTESIAN_POINT('',(-0.00833526526216447,-0.00786405480990923,-0.0976742392359506));
#1994=CARTESIAN_POINT('',(-0.00833526526216446,-0.00786405480990923,-0.0970742392359505));
#1995=SURFACE_SIDE_STYLE('',(#3455));
#1996=EDGE_LOOP('',(#3456,#3457,#3458,#3459));
#1997=CARTESIAN_POINT('',(-0.00833526526216441,0.00910650793856793,-0.0990742392359505));
#1998=CARTESIAN_POINT('',(-0.00833526526216441,0.00910650793856793,-0.0976742392359505));
#1999=CARTESIAN_POINT('',(-0.00833526526216441,0.00910650793856793,-0.0970742392359504));
#2000=CARTESIAN_POINT('',(-0.00814960655235244,0.00929216664837991,-0.0990742392359505));
#2001=CARTESIAN_POINT('',(-0.00814960655235244,0.0092921666483799,-0.0976742392359505));
#2002=CARTESIAN_POINT('',(-0.00814960655235244,0.0092921666483799,-0.0970742392359504));
#2003=CARTESIAN_POINT('',(-0.00804222799546957,0.00955162121071153,-0.0990742392359505));
#2004=CARTESIAN_POINT('',(-0.00804222799546956,0.00955162121071153,-0.0976742392359505));
#2005=CARTESIAN_POINT('',(-0.00804222799546956,0.00955162121071153,-0.0970742392359504));
#2006=CARTESIAN_POINT('',(-0.00804251609103476,0.0100756078694798,-0.0990742392359505));
#2007=CARTESIAN_POINT('',(-0.00804251609103476,0.0100756078694798,-0.0976742392359505));
#2008=CARTESIAN_POINT('',(-0.00804251609103476,0.0100756078694798,-0.0970742392359504));
#2009=CARTESIAN_POINT('',(-0.00814990588510994,0.0103355657787801,-0.0990742392359505));
#2010=CARTESIAN_POINT('',(-0.00814990588510993,0.01033556577878,-0.0976742392359505));
#2011=CARTESIAN_POINT('',(-0.00814990588510993,0.01033556577878,-0.0970742392359504));
#2012=CARTESIAN_POINT('',(-0.00852062416382749,0.0107058767482331,-0.0990742392359505));
#2013=CARTESIAN_POINT('',(-0.00852062416382748,0.0107058767482331,-0.0976742392359505));
#2014=CARTESIAN_POINT('',(-0.00852062416382748,0.0107058767482331,-0.0970742392359504));
#2015=CARTESIAN_POINT('',(-0.00878037825319633,0.0108137586874385,-0.0990742392359505));
#2016=CARTESIAN_POINT('',(-0.00878037825319633,0.0108137586874385,-0.0976742392359505));
#2017=CARTESIAN_POINT('',(-0.00878037825319632,0.0108137586874385,-0.0970742392359504));
#2018=CARTESIAN_POINT('',(-0.0093043648796652,0.0108134707525949,-0.0990742392359505));
#2019=CARTESIAN_POINT('',(-0.0093043648796652,0.0108134707525949,-0.0976742392359505));
#2020=CARTESIAN_POINT('',(-0.0093043648796652,0.0108134707525949,-0.0970742392359504));
#2021=CARTESIAN_POINT('',(-0.00956369286526893,0.0107065074602096,-0.0990742392359505));
#2022=CARTESIAN_POINT('',(-0.00956369286526892,0.0107065074602096,-0.0976742392359505));
#2023=CARTESIAN_POINT('',(-0.00956369286526892,0.0107065074602096,-0.0970742392359504));
#2024=CARTESIAN_POINT('',(-0.00974947882453751,0.010520721500941,-0.0990742392359505));
#2025=CARTESIAN_POINT('',(-0.00974947882453751,0.010520721500941,-0.0976742392359505));
#2026=CARTESIAN_POINT('',(-0.00974947882453751,0.010520721500941,-0.0970742392359504));
#2027=SURFACE_SIDE_STYLE('',(#3460));
#2028=EDGE_LOOP('',(#3461,#3462,#3463,#3464));
#2029=CARTESIAN_POINT('',(-0.00974947882453751,0.010520721500941,-0.0990742392359505));
#2030=CARTESIAN_POINT('',(-0.00974947882453751,0.010520721500941,-0.0976742392359505));
#2031=CARTESIAN_POINT('',(-0.00974947882453751,0.010520721500941,-0.0970742392359504));
#2032=CARTESIAN_POINT('',(-0.0110457178786946,0.00922448244678391,-0.0990742392359505));
#2033=CARTESIAN_POINT('',(-0.0110457178786946,0.00922448244678391,-0.0976742392359505));
#2034=CARTESIAN_POINT('',(-0.0110457178786946,0.00922448244678391,-0.0970742392359504));
#2035=CARTESIAN_POINT('',(-0.0120829198970654,0.0076722577447409,-0.0990742392359505));
#2036=CARTESIAN_POINT('',(-0.0120829198970654,0.00767225774474089,-0.0976742392359505));
#2037=CARTESIAN_POINT('',(-0.0120829198970654,0.00767225774474089,-0.0970742392359504));
#2038=CARTESIAN_POINT('',(-0.0134856748243307,0.00428533140508214,-0.0990742392359505));
#2039=CARTESIAN_POINT('',(-0.0134856748243307,0.00428533140508214,-0.0976742392359505));
#2040=CARTESIAN_POINT('',(-0.0134856748243307,0.00428533140508214,-0.0970742392359504));
#2041=CARTESIAN_POINT('',(-0.0138500559141758,0.00245418788799253,-0.0990742392359505));
#2042=CARTESIAN_POINT('',(-0.0138500559141758,0.00245418788799252,-0.0976742392359505));
#2043=CARTESIAN_POINT('',(-0.0138500559141757,0.00245418788799252,-0.0970742392359504));
#2044=CARTESIAN_POINT('',(-0.0138499118616657,-0.00121173502130219,-0.0990742392359505));
#2045=CARTESIAN_POINT('',(-0.0138499118616657,-0.0012117350213022,-0.0976742392359505));
#2046=CARTESIAN_POINT('',(-0.0138499118616657,-0.0012117350213022,-0.0970742392359504));
#2047=CARTESIAN_POINT('',(-0.013485807838253,-0.00304293359490697,-0.0990742392359505));
#2048=CARTESIAN_POINT('',(-0.013485807838253,-0.00304293359490698,-0.0976742392359505));
#2049=CARTESIAN_POINT('',(-0.013485807838253,-0.00304293359490698,-0.0970742392359504));
#2050=CARTESIAN_POINT('',(-0.0120827866485692,-0.00642974986386631,-0.0990742392359505));
#2051=CARTESIAN_POINT('',(-0.0120827866485692,-0.00642974986386631,-0.0976742392359505));
#2052=CARTESIAN_POINT('',(-0.0120827866485692,-0.00642974986386632,-0.0970742392359504));
#2053=CARTESIAN_POINT('',(-0.0110457730732122,-0.00798197412360767,-0.0990742392359506));
#2054=CARTESIAN_POINT('',(-0.0110457730732122,-0.00798197412360767,-0.0976742392359506));
#2055=CARTESIAN_POINT('',(-0.0110457730732122,-0.00798197412360767,-0.0970742392359504));
#2056=CARTESIAN_POINT('',(-0.00974947882453755,-0.00927826837228232,-0.0990742392359506));
#2057=CARTESIAN_POINT('',(-0.00974947882453755,-0.00927826837228232,-0.0976742392359506));
#2058=CARTESIAN_POINT('',(-0.00974947882453755,-0.00927826837228233,-0.0970742392359505));
#2059=SURFACE_SIDE_STYLE('',(#3465));
#2060=EDGE_LOOP('',(#3466,#3467,#3468,#3469));
#2061=AXIS2_PLACEMENT_3D('',#3470,#3471,#3472);
#2062=SURFACE_SIDE_STYLE('',(#3473));
#2063=EDGE_LOOP('',(#3474,#3475,#3476,#3477));
#2064=AXIS2_PLACEMENT_3D('',#3478,#3479,#3480);
#2065=SURFACE_SIDE_STYLE('',(#3481));
#2066=EDGE_LOOP('',(#3482,#3483,#3484,#3485));
#2067=AXIS2_PLACEMENT_3D('',#3486,#3487,#3488);
#2068=SURFACE_SIDE_STYLE('',(#3489));
#2069=EDGE_LOOP('',(#3490,#3491,#3492,#3493));
#2070=AXIS2_PLACEMENT_3D('',#3494,#3495,#3496);
#2071=SURFACE_SIDE_STYLE('',(#3497));
#2072=EDGE_LOOP('',(#3498,#3499,#3500,#3501));
#2073=AXIS2_PLACEMENT_3D('',#3502,#3503,#3504);
#2074=SURFACE_SIDE_STYLE('',(#3505));
#2075=EDGE_LOOP('',(#3506,#3507,#3508,#3509));
#2076=AXIS2_PLACEMENT_3D('',#3510,#3511,#3512);
#2077=SURFACE_SIDE_STYLE('',(#3513));
#2078=EDGE_LOOP('',(#3514,#3515,#3516,#3517));
#2079=AXIS2_PLACEMENT_3D('',#3518,#3519,#3520);
#2080=SURFACE_SIDE_STYLE('',(#3521));
#2081=EDGE_LOOP('',(#3522,#3523,#3524,#3525));
#2082=AXIS2_PLACEMENT_3D('',#3526,#3527,#3528);
#2083=SURFACE_SIDE_STYLE('',(#3529));
#2084=EDGE_LOOP('',(#3530,#3531,#3532,#3533,#3534,#3535));
#2085=AXIS2_PLACEMENT_3D('',#3536,#3537,#3538);
#2086=SURFACE_SIDE_STYLE('',(#3539));
#2087=EDGE_LOOP('',(#3540,#3541,#3542,#3543,#3544,#3545));
#2088=AXIS2_PLACEMENT_3D('',#3546,#3547,#3548);
#2089=SURFACE_SIDE_STYLE('',(#3549));
#2090=EDGE_LOOP('',(#3550,#3551,#3552,#3553,#3554,#3555));
#2091=AXIS2_PLACEMENT_3D('',#3556,#3557,#3558);
#2092=SURFACE_SIDE_STYLE('',(#3559));
#2093=EDGE_LOOP('',(#3560,#3561,#3562,#3563,#3564,#3565));
#2094=AXIS2_PLACEMENT_3D('',#3566,#3567,#3568);
#2095=SURFACE_SIDE_STYLE('',(#3569));
#2096=EDGE_LOOP('',(#3570,#3571,#3572,#3573,#3574,#3575));
#2097=AXIS2_PLACEMENT_3D('',#3576,#3577,#3578);
#2098=SURFACE_SIDE_STYLE('',(#3579));
#2099=EDGE_LOOP('',(#3580,#3581,#3582,#3583,#3584,#3585));
#2100=AXIS2_PLACEMENT_3D('',#3586,#3587,#3588);
#2101=SURFACE_SIDE_STYLE('',(#3589));
#2102=EDGE_LOOP('',(#3590,#3591,#3592,#3593,#3594,#3595));
#2103=AXIS2_PLACEMENT_3D('',#3596,#3597,#3598);
#2104=SURFACE_SIDE_STYLE('',(#3599));
#2105=EDGE_LOOP('',(#3600,#3601,#3602,#3603,#3604,#3605));
#2106=AXIS2_PLACEMENT_3D('',#3606,#3607,#3608);
#2107=SURFACE_SIDE_STYLE('',(#3609));
#2108=EDGE_LOOP('',(#3610,#3611,#3612,#3613));
#2109=AXIS2_PLACEMENT_3D('',#3614,#3615,#3616);
#2110=SURFACE_SIDE_STYLE('',(#3617));
#2111=EDGE_LOOP('',(#3618,#3619,#3620,#3621));
#2112=AXIS2_PLACEMENT_3D('',#3622,#3623,#3624);
#2113=SURFACE_SIDE_STYLE('',(#3625));
#2114=EDGE_LOOP('',(#3626,#3627,#3628,#3629));
#2115=AXIS2_PLACEMENT_3D('',#3630,#3631,#3632);
#2116=SURFACE_SIDE_STYLE('',(#3633));
#2117=EDGE_LOOP('',(#3634,#3635,#3636,#3637));
#2118=AXIS2_PLACEMENT_3D('',#3638,#3639,#3640);
#2119=SURFACE_SIDE_STYLE('',(#3641));
#2120=EDGE_LOOP('',(#3642,#3643,#3644,#3645,#3646,#3647,#3648,#3649));
#2121=EDGE_LOOP('',(#3650,#3651,#3652,#3653,#3654,#3655,#3656,#3657,#3658,#3659,#3660,#3661,#3662,#3663,#3664,#3665,#3666,#3667,#3668,#3669,#3670,#3671,#3672,#3673,#3674,#3675,#3676,#3677,#3678,#3679,#3680,#3681,#3682,#3683,#3684,#3685,#3686,#3687,#3688,#3689,#3690,#3691,#3692,#3693));
#2122=AXIS2_PLACEMENT_3D('',#3694,#3695,#3696);
#2123=SURFACE_SIDE_STYLE('',(#3697));
#2124=EDGE_LOOP('',(#3698,#3699,#3700,#3701,#3702,#3703,#3704,#3705,#3706,#3707,#3708,#3709));
#2125=AXIS2_PLACEMENT_3D('',#3710,#3711,#3712);
#2126=SURFACE_SIDE_STYLE('',(#3713));
#2127=EDGE_LOOP('',(#3714,#3715,#3716,#3717));
#2128=EDGE_LOOP('',(#3718,#3719,#3720,#3721));
#2129=EDGE_LOOP('',(#3722,#3723,#3724,#3725));
#2130=EDGE_LOOP('',(#3726));
#2131=EDGE_LOOP('',(#3727,#3728,#3729,#3730));
#2132=EDGE_LOOP('',(#3731,#3732,#3733,#3734));
#2133=EDGE_LOOP('',(#3735,#3736,#3737,#3738));
#2134=EDGE_LOOP('',(#3739,#3740,#3741,#3742,#3743,#3744,#3745,#3746));
#2135=AXIS2_PLACEMENT_3D('',#3747,#3748,#3749);
#2136=SURFACE_SIDE_STYLE('',(#3750));
#2137=EDGE_LOOP('',(#3751,#3752,#3753,#3754));
#2138=AXIS2_PLACEMENT_3D('',#3755,#3756,#3757);
#2139=SURFACE_SIDE_STYLE('',(#3758));
#2140=EDGE_LOOP('',(#3759,#3760,#3761,#3762));
#2141=AXIS2_PLACEMENT_3D('',#3763,#3764,#3765);
#2142=SURFACE_SIDE_STYLE('',(#3766));
#2143=EDGE_LOOP('',(#3767,#3768,#3769,#3770));
#2144=CARTESIAN_POINT('',(-0.0139921195116569,-0.0135209090594016,-0.0990742392359506));
#2145=CARTESIAN_POINT('',(-0.0139921195116568,-0.0135209090594016,-0.0976742392359506));
#2146=CARTESIAN_POINT('',(-0.0139921195116568,-0.0135209090594016,-0.0970742392359505));
#2147=CARTESIAN_POINT('',(-0.0138064608018461,-0.0137065677692124,-0.0990742392359506));
#2148=CARTESIAN_POINT('',(-0.0138064608018461,-0.0137065677692124,-0.0976742392359506));
#2149=CARTESIAN_POINT('',(-0.0138064608018461,-0.0137065677692124,-0.0970742392359505));
#2150=CARTESIAN_POINT('',(-0.01354700623951,-0.0138139463260965,-0.0990742392359506));
#2151=CARTESIAN_POINT('',(-0.01354700623951,-0.0138139463260965,-0.0976742392359506));
#2152=CARTESIAN_POINT('',(-0.01354700623951,-0.0138139463260965,-0.0970742392359505));
#2153=CARTESIAN_POINT('',(-0.0130230195807482,-0.0138136582305312,-0.0990742392359506));
#2154=CARTESIAN_POINT('',(-0.0130230195807482,-0.0138136582305312,-0.0976742392359506));
#2155=CARTESIAN_POINT('',(-0.0130230195807482,-0.0138136582305312,-0.0970742392359505));
#2156=CARTESIAN_POINT('',(-0.012763061671445,-0.0137062684364567,-0.0990742392359506));
#2157=CARTESIAN_POINT('',(-0.012763061671445,-0.0137062684364567,-0.0976742392359506));
#2158=CARTESIAN_POINT('',(-0.012763061671445,-0.0137062684364567,-0.0970742392359505));
#2159=CARTESIAN_POINT('',(-0.0123927507019915,-0.0133355501577379,-0.0990742392359506));
#2160=CARTESIAN_POINT('',(-0.0123927507019915,-0.0133355501577379,-0.0976742392359506));
#2161=CARTESIAN_POINT('',(-0.0123927507019915,-0.0133355501577379,-0.0970742392359505));
#2162=CARTESIAN_POINT('',(-0.0122848687627863,-0.013075796068369,-0.0990742392359506));
#2163=CARTESIAN_POINT('',(-0.0122848687627863,-0.013075796068369,-0.0976742392359506));
#2164=CARTESIAN_POINT('',(-0.0122848687627863,-0.013075796068369,-0.0970742392359505));
#2165=CARTESIAN_POINT('',(-0.0122851566976299,-0.0125518094419015,-0.0990742392359506));
#2166=CARTESIAN_POINT('',(-0.0122851566976299,-0.0125518094419015,-0.0976742392359506));
#2167=CARTESIAN_POINT('',(-0.0122851566976299,-0.0125518094419015,-0.0970742392359505));
#2168=CARTESIAN_POINT('',(-0.0123921199900154,-0.0122924814562968,-0.0990742392359506));
#2169=CARTESIAN_POINT('',(-0.0123921199900154,-0.0122924814562968,-0.0976742392359506));
#2170=CARTESIAN_POINT('',(-0.0123921199900154,-0.0122924814562968,-0.0970742392359505));
#2171=CARTESIAN_POINT('',(-0.0125779059492838,-0.0121066954970285,-0.0990742392359506));
#2172=CARTESIAN_POINT('',(-0.0125779059492838,-0.0121066954970285,-0.0976742392359506));
#2173=CARTESIAN_POINT('',(-0.0125779059492838,-0.0121066954970285,-0.0970742392359505));
#2174=SURFACE_SIDE_STYLE('',(#3771));
#2175=EDGE_LOOP('',(#3772,#3773,#3774,#3775));
#2176=AXIS2_PLACEMENT_3D('',#3776,#3777,#3778);
#2177=SURFACE_SIDE_STYLE('',(#3779));
#2178=EDGE_LOOP('',(#3780,#3781,#3782,#3783));
#2179=AXIS2_PLACEMENT_3D('',#3784,#3785,#3786);
#2180=SURFACE_SIDE_STYLE('',(#3787));
#2181=EDGE_LOOP('',(#3788,#3789,#3790,#3791));
#2182=AXIS2_PLACEMENT_3D('',#3792,#3793,#3794);
#2183=SURFACE_SIDE_STYLE('',(#3795));
#2184=EDGE_LOOP('',(#3796,#3797,#3798,#3799));
#2185=AXIS2_PLACEMENT_3D('',#3800,#3801,#3802);
#2186=SURFACE_SIDE_STYLE('',(#3803));
#2187=EDGE_LOOP('',(#3804,#3805,#3806,#3807,#3808,#3809,#3810,#3811));
#2188=EDGE_LOOP('',(#3812,#3813,#3814,#3815));
#2189=AXIS2_PLACEMENT_3D('',#3816,#3817,#3818);
#2190=SURFACE_SIDE_STYLE('',(#3819));
#2191=EDGE_LOOP('',(#3820,#3821,#3822,#3823));
#2192=AXIS2_PLACEMENT_3D('',#3824,#3825,#3826);
#2193=SURFACE_SIDE_STYLE('',(#3827));
#2194=EDGE_LOOP('',(#3828,#3829,#3830,#3831));
#2195=AXIS2_PLACEMENT_3D('',#3832,#3833,#3834);
#2196=SURFACE_SIDE_STYLE('',(#3835));
#2197=EDGE_LOOP('',(#3836,#3837,#3838,#3839));
#2198=AXIS2_PLACEMENT_3D('',#3840,#3841,#3842);
#2199=SURFACE_SIDE_STYLE('',(#3843));
#2200=EDGE_LOOP('',(#3844));
#2201=AXIS2_PLACEMENT_3D('',#3845,#3846,#3847);
#2202=SURFACE_SIDE_STYLE('',(#3848));
#2203=EDGE_LOOP('',(#3849,#3850,#3851,#3852));
#2204=AXIS2_PLACEMENT_3D('',#3853,#3854,#3855);
#2205=SURFACE_SIDE_STYLE('',(#3856));
#2206=EDGE_LOOP('',(#3857,#3858,#3859,#3860));
#2207=AXIS2_PLACEMENT_3D('',#3861,#3862,#3863);
#2208=SURFACE_SIDE_STYLE('',(#3864));
#2209=EDGE_LOOP('',(#3865,#3866,#3867,#3868,#3869,#3870,#3871,#3872));
#2210=AXIS2_PLACEMENT_3D('',#3873,#3874,#3875);
#2211=SURFACE_SIDE_STYLE('',(#3876));
#2212=EDGE_LOOP('',(#3877,#3878,#3879,#3880));
#2213=AXIS2_PLACEMENT_3D('',#3881,#3882,#3883);
#2214=SURFACE_SIDE_STYLE('',(#3884));
#2215=EDGE_LOOP('',(#3885,#3886,#3887,#3888));
#2216=AXIS2_PLACEMENT_3D('',#3889,#3890,#3891);
#2217=SURFACE_SIDE_STYLE('',(#3892));
#2218=EDGE_LOOP('',(#3893,#3894,#3895,#3896));
#2219=AXIS2_PLACEMENT_3D('',#3897,#3898,#3899);
#2220=SURFACE_SIDE_STYLE('',(#3900));
#2221=EDGE_LOOP('',(#3901,#3902,#3903,#3904));
#2222=AXIS2_PLACEMENT_3D('',#3905,#3906,#3907);
#2223=SURFACE_SIDE_STYLE('',(#3908));
#2224=EDGE_LOOP('',(#3909,#3910,#3911,#3912));
#2225=AXIS2_PLACEMENT_3D('',#3913,#3914,#3915);
#2226=SURFACE_SIDE_STYLE('',(#3916));
#2227=EDGE_LOOP('',(#3917,#3918,#3919,#3920,#3921,#3922));
#2228=AXIS2_PLACEMENT_3D('',#3923,#3924,#3925);
#2229=SURFACE_SIDE_STYLE('',(#3926));
#2230=EDGE_LOOP('',(#3927,#3928,#3929,#3930));
#2231=AXIS2_PLACEMENT_3D('',#3931,#3932,#3933);
#2232=SURFACE_SIDE_STYLE('',(#3934));
#2233=EDGE_LOOP('',(#3935,#3936,#3937,#3938,#3939,#3940,#3941,#3942,#3943,#3944,#3945,#3946));
#2234=AXIS2_PLACEMENT_3D('',#3947,#3948,#3949);
#2235=SURFACE_SIDE_STYLE('',(#3950));
#2236=EDGE_LOOP('',(#3951,#3952,#3953,#3954));
#2237=AXIS2_PLACEMENT_3D('',#3955,#3956,#3957);
#2238=SURFACE_SIDE_STYLE('',(#3958));
#2239=EDGE_LOOP('',(#3959,#3960,#3961,#3962));
#2240=AXIS2_PLACEMENT_3D('',#3963,#3964,#3965);
#2241=SURFACE_SIDE_STYLE('',(#3966));
#2242=EDGE_LOOP('',(#3967,#3968,#3969,#3970));
#2243=AXIS2_PLACEMENT_3D('',#3971,#3972,#3973);
#2244=SURFACE_SIDE_STYLE('',(#3974));
#2245=EDGE_LOOP('',(#3975,#3976,#3977,#3978));
#2246=AXIS2_PLACEMENT_3D('',#3979,#3980,#3981);
#2247=SURFACE_SIDE_STYLE('',(#3982));
#2248=EDGE_LOOP('',(#3983,#3984,#3985,#3986,#3987,#3988));
#2249=AXIS2_PLACEMENT_3D('',#3989,#3990,#3991);
#2250=SURFACE_SIDE_STYLE('',(#3992));
#2251=EDGE_LOOP('',(#3993,#3994,#3995));
#2252=AXIS2_PLACEMENT_3D('',#3996,#3997,#3998);
#2253=SURFACE_SIDE_STYLE('',(#3999));
#2254=EDGE_LOOP('',(#4000,#4001,#4002));
#2255=AXIS2_PLACEMENT_3D('',#4003,#4004,#4005);
#2256=SURFACE_SIDE_STYLE('',(#4006));
#2257=EDGE_LOOP('',(#4007,#4008,#4009));
#2258=AXIS2_PLACEMENT_3D('',#4010,#4011,#4012);
#2259=SURFACE_SIDE_STYLE('',(#4013));
#2260=EDGE_LOOP('',(#4014,#4015,#4016));
#2261=AXIS2_PLACEMENT_3D('',#4017,#4018,#4019);
#2262=SURFACE_SIDE_STYLE('',(#4020));
#2263=EDGE_LOOP('',(#4021,#4022,#4023,#4024));
#2264=AXIS2_PLACEMENT_3D('',#4025,#4026,#4027);
#2265=SURFACE_SIDE_STYLE('',(#4028));
#2266=EDGE_LOOP('',(#4029,#4030,#4031,#4032));
#2267=AXIS2_PLACEMENT_3D('',#4033,#4034,#4035);
#2268=SURFACE_SIDE_STYLE('',(#4036));
#2269=EDGE_LOOP('',(#4037,#4038,#4039,#4040,#4041,#4042,#4043,#4044,#4045,#4046,#4047,#4048));
#2270=AXIS2_PLACEMENT_3D('',#4049,#4050,#4051);
#2271=SURFACE_SIDE_STYLE('',(#4052));
#2272=EDGE_LOOP('',(#4053,#4054,#4055,#4056));
#2273=AXIS2_PLACEMENT_3D('',#4057,#4058,#4059);
#2274=SURFACE_SIDE_STYLE('',(#4060));
#2275=EDGE_LOOP('',(#4061,#4062,#4063,#4064));
#2276=AXIS2_PLACEMENT_3D('',#4065,#4066,#4067);
#2277=SURFACE_SIDE_STYLE('',(#4068));
#2278=EDGE_LOOP('',(#4069,#4070,#4071,#4072));
#2279=AXIS2_PLACEMENT_3D('',#4073,#4074,#4075);
#2280=SURFACE_SIDE_STYLE('',(#4076));
#2281=EDGE_LOOP('',(#4077,#4078,#4079,#4080));
#2282=AXIS2_PLACEMENT_3D('',#4081,#4082,#4083);
#2283=SURFACE_SIDE_STYLE('',(#4084));
#2284=EDGE_LOOP('',(#4085,#4086,#4087,#4088,#4089,#4090));
#2285=AXIS2_PLACEMENT_3D('',#4091,#4092,#4093);
#2286=SURFACE_SIDE_STYLE('',(#4094));
#2287=EDGE_LOOP('',(#4095,#4096,#4097,#4098,#4099,#4100));
#2288=AXIS2_PLACEMENT_3D('',#4101,#4102,#4103);
#2289=SURFACE_SIDE_STYLE('',(#4104));
#2290=EDGE_LOOP('',(#4105,#4106,#4107,#4108));
#2291=AXIS2_PLACEMENT_3D('',#4109,#4110,#4111);
#2292=SURFACE_SIDE_STYLE('',(#4112));
#2293=EDGE_LOOP('',(#4113,#4114,#4115,#4116));
#2294=AXIS2_PLACEMENT_3D('',#4117,#4118,#4119);
#2295=SURFACE_SIDE_STYLE('',(#4120));
#2296=EDGE_LOOP('',(#4121,#4122,#4123,#4124,#4125,#4126,#4127,#4128,#4129,#4130,#4131,#4132));
#2297=AXIS2_PLACEMENT_3D('',#4133,#4134,#4135);
#2298=SURFACE_SIDE_STYLE('',(#4136));
#2299=EDGE_LOOP('',(#4137,#4138,#4139,#4140));
#2300=AXIS2_PLACEMENT_3D('',#4141,#4142,#4143);
#2301=SURFACE_SIDE_STYLE('',(#4144));
#2302=EDGE_LOOP('',(#4145,#4146,#4147,#4148));
#2303=AXIS2_PLACEMENT_3D('',#4149,#4150,#4151);
#2304=SURFACE_SIDE_STYLE('',(#4152));
#2305=EDGE_LOOP('',(#4153,#4154,#4155,#4156));
#2306=AXIS2_PLACEMENT_3D('',#4157,#4158,#4159);
#2307=SURFACE_SIDE_STYLE('',(#4160));
#2308=EDGE_LOOP('',(#4161,#4162,#4163,#4164,#4165,#4166,#4167,#4168));
#2309=AXIS2_PLACEMENT_3D('',#4169,#4170,#4171);
#2310=SURFACE_SIDE_STYLE('',(#4172));
#2311=EDGE_LOOP('',(#4173,#4174,#4175,#4176,#4177,#4178));
#2312=AXIS2_PLACEMENT_3D('',#4179,#4180,#4181);
#2313=SURFACE_SIDE_STYLE('',(#4182));
#2314=EDGE_LOOP('',(#4183,#4184,#4185,#4186,#4187,#4188,#4189,#4190));
#2315=AXIS2_PLACEMENT_3D('',#4191,#4192,#4193);
#2316=SURFACE_SIDE_STYLE('',(#4194));
#2317=EDGE_LOOP('',(#4195,#4196,#4197,#4198));
#2318=AXIS2_PLACEMENT_3D('',#4199,#4200,#4201);
#2319=SURFACE_SIDE_STYLE('',(#4202));
#2320=EDGE_LOOP('',(#4203,#4204,#4205,#4206));
#2321=AXIS2_PLACEMENT_3D('',#4207,#4208,#4209);
#2322=SURFACE_SIDE_STYLE('',(#4210));
#2323=EDGE_LOOP('',(#4211,#4212,#4213,#4214));
#2324=AXIS2_PLACEMENT_3D('',#4215,#4216,#4217);
#2325=SURFACE_SIDE_STYLE('',(#4218));
#2326=EDGE_LOOP('',(#4219,#4220,#4221,#4222));
#2327=AXIS2_PLACEMENT_3D('',#4223,#4224,#4225);
#2328=SURFACE_SIDE_STYLE('',(#4226));
#2329=EDGE_LOOP('',(#4227,#4228,#4229,#4230));
#2330=AXIS2_PLACEMENT_3D('',#4231,#4232,#4233);
#2331=SURFACE_SIDE_STYLE('',(#4234));
#2332=EDGE_LOOP('',(#4235));
#2333=EDGE_LOOP('',(#4236));
#2334=AXIS2_PLACEMENT_3D('',#4237,#4238,#4239);
#2335=SURFACE_SIDE_STYLE('',(#4240));
#2336=EDGE_LOOP('',(#4241));
#2337=AXIS2_PLACEMENT_3D('',#4242,#4243,#4244);
#2338=SURFACE_SIDE_STYLE('',(#4245));
#2339=EDGE_LOOP('',(#4246));
#2340=EDGE_LOOP('',(#4247));
#2341=AXIS2_PLACEMENT_3D('',#4248,#4249,#4250);
#2342=SURFACE_SIDE_STYLE('',(#4251));
#2343=EDGE_LOOP('',(#4252));
#2344=EDGE_LOOP('',(#4253));
#2345=EDGE_LOOP('',(#4254,#4255,#4256,#4257));
#2346=AXIS2_PLACEMENT_3D('',#4258,#4259,#4260);
#2347=SURFACE_SIDE_STYLE('',(#4261));
#2348=EDGE_LOOP('',(#4262,#4263,#4264,#4265,#4266,#4267,#4268,#4269));
#2349=AXIS2_PLACEMENT_3D('',#4270,#4271,#4272);
#2350=SURFACE_SIDE_STYLE('',(#4273));
#2351=EDGE_LOOP('',(#4274,#4275,#4276,#4277));
#2352=AXIS2_PLACEMENT_3D('',#4278,#4279,#4280);
#2353=SURFACE_SIDE_STYLE('',(#4281));
#2354=EDGE_LOOP('',(#4282,#4283,#4284,#4285,#4286,#4287));
#2355=AXIS2_PLACEMENT_3D('',#4288,#4289,#4290);
#2356=SURFACE_SIDE_STYLE('',(#4291));
#2357=EDGE_LOOP('',(#4292,#4293,#4294,#4295));
#2358=AXIS2_PLACEMENT_3D('',#4296,#4297,#4298);
#2359=SURFACE_SIDE_STYLE('',(#4299));
#2360=EDGE_LOOP('',(#4300,#4301,#4302,#4303,#4304,#4305));
#2361=AXIS2_PLACEMENT_3D('',#4306,#4307,#4308);
#2362=SURFACE_SIDE_STYLE('',(#4309));
#2363=EDGE_LOOP('',(#4310,#4311,#4312,#4313));
#2364=CARTESIAN_POINT('',(0.0142921517358051,0.0147633621880603,-0.0990742392359506));
#2365=CARTESIAN_POINT('',(0.0142921517358051,0.0147633621880603,-0.0976742392359506));
#2366=CARTESIAN_POINT('',(0.0142921517358051,0.0147633621880603,-0.0970742392359504));
#2367=CARTESIAN_POINT('',(0.0141064930259935,0.0149490208978719,-0.0990742392359506));
#2368=CARTESIAN_POINT('',(0.0141064930259935,0.0149490208978719,-0.0976742392359506));
#2369=CARTESIAN_POINT('',(0.0141064930259935,0.0149490208978718,-0.0970742392359504));
#2370=CARTESIAN_POINT('',(0.0138470384636604,0.0150563994547551,-0.0990742392359506));
#2371=CARTESIAN_POINT('',(0.0138470384636604,0.0150563994547551,-0.0976742392359506));
#2372=CARTESIAN_POINT('',(0.0138470384636604,0.0150563994547551,-0.0970742392359504));
#2373=CARTESIAN_POINT('',(0.0133230518048943,0.0150561113591899,-0.0990742392359506));
#2374=CARTESIAN_POINT('',(0.0133230518048943,0.0150561113591899,-0.0976742392359505));
#2375=CARTESIAN_POINT('',(0.0133230518048943,0.0150561113591899,-0.0970742392359504));
#2376=CARTESIAN_POINT('',(0.0130630938955936,0.0149487215651158,-0.0990742392359506));
#2377=CARTESIAN_POINT('',(0.0130630938955936,0.0149487215651158,-0.0976742392359505));
#2378=CARTESIAN_POINT('',(0.0130630938955936,0.0149487215651158,-0.0970742392359504));
#2379=CARTESIAN_POINT('',(0.0126927829261393,0.0145780032863961,-0.0990742392359506));
#2380=CARTESIAN_POINT('',(0.0126927829261393,0.0145780032863961,-0.0976742392359505));
#2381=CARTESIAN_POINT('',(0.0126927829261393,0.0145780032863961,-0.0970742392359504));
#2382=CARTESIAN_POINT('',(0.0125849009869345,0.0143182491970267,-0.0990742392359506));
#2383=CARTESIAN_POINT('',(0.0125849009869345,0.0143182491970267,-0.0976742392359505));
#2384=CARTESIAN_POINT('',(0.0125849009869345,0.0143182491970267,-0.0970742392359504));
#2385=CARTESIAN_POINT('',(0.0125851889217781,0.0137942625705612,-0.0990742392359506));
#2386=CARTESIAN_POINT('',(0.0125851889217781,0.0137942625705612,-0.0976742392359506));
#2387=CARTESIAN_POINT('',(0.0125851889217782,0.0137942625705612,-0.0970742392359504));
#2388=CARTESIAN_POINT('',(0.012692152214164,0.0135349345849551,-0.0990742392359506));
#2389=CARTESIAN_POINT('',(0.012692152214164,0.0135349345849551,-0.0976742392359506));
#2390=CARTESIAN_POINT('',(0.012692152214164,0.0135349345849551,-0.0970742392359504));
#2391=CARTESIAN_POINT('',(0.012877938173432,0.0133491486256872,-0.0990742392359506));
#2392=CARTESIAN_POINT('',(0.012877938173432,0.0133491486256872,-0.0976742392359506));
#2393=CARTESIAN_POINT('',(0.012877938173432,0.0133491486256872,-0.0970742392359504));
#2394=SURFACE_SIDE_STYLE('',(#4314));
#2395=EDGE_LOOP('',(#4315,#4316,#4317,#4318));
#2396=CARTESIAN_POINT('',(0.012877938173432,-0.0121066954970285,-0.0990742392359506));
#2397=CARTESIAN_POINT('',(0.012877938173432,-0.0121066954970285,-0.0976742392359506));
#2398=CARTESIAN_POINT('',(0.012877938173432,-0.0121066954970285,-0.0970742392359505));
#2399=CARTESIAN_POINT('',(0.0126922794636204,-0.0122923542068401,-0.0990742392359506));
#2400=CARTESIAN_POINT('',(0.0126922794636204,-0.0122923542068401,-0.0976742392359506));
#2401=CARTESIAN_POINT('',(0.0126922794636204,-0.0122923542068401,-0.0970742392359505));
#2402=CARTESIAN_POINT('',(0.0125849009067371,-0.0125518087691732,-0.0990742392359506));
#2403=CARTESIAN_POINT('',(0.0125849009067371,-0.0125518087691732,-0.0976742392359506));
#2404=CARTESIAN_POINT('',(0.0125849009067371,-0.0125518087691732,-0.0970742392359505));
#2405=CARTESIAN_POINT('',(0.0125851890023023,-0.0130757954279393,-0.0990742392359507));
#2406=CARTESIAN_POINT('',(0.0125851890023023,-0.0130757954279393,-0.0976742392359506));
#2407=CARTESIAN_POINT('',(0.0125851890023023,-0.0130757954279393,-0.0970742392359505));
#2408=CARTESIAN_POINT('',(0.0126925787963778,-0.013335753337241,-0.0990742392359507));
#2409=CARTESIAN_POINT('',(0.0126925787963778,-0.013335753337241,-0.0976742392359506));
#2410=CARTESIAN_POINT('',(0.0126925787963778,-0.013335753337241,-0.0970742392359505));
#2411=CARTESIAN_POINT('',(0.0130632970750947,-0.0137060643066934,-0.0990742392359507));
#2412=CARTESIAN_POINT('',(0.0130632970750947,-0.0137060643066934,-0.0976742392359507));
#2413=CARTESIAN_POINT('',(0.0130632970750947,-0.0137060643066934,-0.0970742392359505));
#2414=CARTESIAN_POINT('',(0.0133230511644653,-0.0138139462458991,-0.0990742392359507));
#2415=CARTESIAN_POINT('',(0.0133230511644653,-0.0138139462458991,-0.0976742392359507));
#2416=CARTESIAN_POINT('',(0.0133230511644653,-0.0138139462458991,-0.0970742392359505));
#2417=CARTESIAN_POINT('',(0.0138470377909313,-0.0138136583110555,-0.0990742392359507));
#2418=CARTESIAN_POINT('',(0.0138470377909313,-0.0138136583110555,-0.0976742392359507));
#2419=CARTESIAN_POINT('',(0.0138470377909313,-0.0138136583110555,-0.0970742392359506));
#2420=CARTESIAN_POINT('',(0.014106365776537,-0.0137066950186697,-0.0990742392359507));
#2421=CARTESIAN_POINT('',(0.014106365776537,-0.0137066950186697,-0.0976742392359507));
#2422=CARTESIAN_POINT('',(0.014106365776537,-0.0137066950186697,-0.0970742392359506));
#2423=CARTESIAN_POINT('',(0.014292151735805,-0.0135209090594016,-0.0990742392359507));
#2424=CARTESIAN_POINT('',(0.0142921517358051,-0.0135209090594016,-0.0976742392359507));
#2425=CARTESIAN_POINT('',(0.0142921517358051,-0.0135209090594016,-0.0970742392359506));
#2426=SURFACE_SIDE_STYLE('',(#4319));
#2427=EDGE_LOOP('',(#4320,#4321,#4322,#4323));
#2428=CARTESIAN_POINT('',(0.00863529748631269,0.0091065079385679,-0.0990742392359506));
#2429=CARTESIAN_POINT('',(0.0086352974863127,0.0091065079385679,-0.0976742392359506));
#2430=CARTESIAN_POINT('',(0.0086352974863127,0.0091065079385679,-0.0970742392359505));
#2431=CARTESIAN_POINT('',(0.00974635703540323,0.00799544838947736,-0.0990742392359506));
#2432=CARTESIAN_POINT('',(0.00974635703540324,0.00799544838947736,-0.0976742392359506));
#2433=CARTESIAN_POINT('',(0.00974635703540324,0.00799544838947736,-0.0970742392359505));
#2434=CARTESIAN_POINT('',(0.0106353995627942,0.00666497092243456,-0.0990742392359506));
#2435=CARTESIAN_POINT('',(0.0106353995627942,0.00666497092243455,-0.0976742392359506));
#2436=CARTESIAN_POINT('',(0.0106353995627943,0.00666497092243455,-0.0970742392359505));
#2437=CARTESIAN_POINT('',(0.0118377413647309,0.00376188476864893,-0.0990742392359506));
#2438=CARTESIAN_POINT('',(0.0118377413647309,0.00376188476864893,-0.0976742392359506));
#2439=CARTESIAN_POINT('',(0.0118377413647309,0.00376188476864892,-0.0970742392359505));
#2440=CARTESIAN_POINT('',(0.0121500881000909,0.00219233576567111,-0.0990742392359506));
#2441=CARTESIAN_POINT('',(0.0121500881000909,0.00219233576567111,-0.0976742392359506));
#2442=CARTESIAN_POINT('',(0.0121500881000909,0.0021923357656711,-0.0970742392359505));
#2443=CARTESIAN_POINT('',(0.0121499441240721,-0.000949882315448407,-0.0990742392359506));
#2444=CARTESIAN_POINT('',(0.0121499441240721,-0.000949882315448412,-0.0976742392359506));
#2445=CARTESIAN_POINT('',(0.0121499441240721,-0.000949882315448414,-0.0970742392359505));
#2446=CARTESIAN_POINT('',(0.0118378745318829,-0.00251948639103021,-0.0990742392359506));
#2447=CARTESIAN_POINT('',(0.0118378745318829,-0.00251948639103021,-0.0976742392359506));
#2448=CARTESIAN_POINT('',(0.0118378745318829,-0.00251948639103021,-0.0970742392359505));
#2449=CARTESIAN_POINT('',(0.0106352666028289,-0.00542246254255965,-0.0990742392359506));
#2450=CARTESIAN_POINT('',(0.0106352666028289,-0.00542246254255966,-0.0976742392359506));
#2451=CARTESIAN_POINT('',(0.0106352666028289,-0.00542246254255966,-0.0970742392359505));
#2452=CARTESIAN_POINT('',(0.00974641038630588,-0.00675294181727998,-0.0990742392359506));
#2453=CARTESIAN_POINT('',(0.00974641038630589,-0.00675294181727998,-0.0976742392359506));
#2454=CARTESIAN_POINT('',(0.00974641038630589,-0.00675294181727998,-0.0970742392359505));
#2455=CARTESIAN_POINT('',(0.00863529784055354,-0.00786405445566837,-0.0990742392359506));
#2456=CARTESIAN_POINT('',(0.00863529784055355,-0.00786405445566837,-0.0976742392359506));
#2457=CARTESIAN_POINT('',(0.00863529784055355,-0.00786405445566837,-0.0970742392359505));
#2458=CARTESIAN_POINT('',(0.00859085333872345,-0.0079084989612039,-0.0990742392359506));
#2459=CARTESIAN_POINT('',(0.00859085333872345,-0.0079084989612039,-0.0976742392359506));
#2460=CARTESIAN_POINT('',(0.00859085333872345,-0.00790849896120391,-0.0970742392359505));
#2461=CARTESIAN_POINT('',(0.00854640883689335,-0.00795294346673944,-0.0990742392359506));
#2462=CARTESIAN_POINT('',(0.00854640883689336,-0.00795294346673944,-0.0976742392359506));
#2463=CARTESIAN_POINT('',(0.00854640883689336,-0.00795294346673944,-0.0970742392359505));
#2464=CARTESIAN_POINT('',(0.00850196433506326,-0.00799738797227498,-0.0990742392359506));
#2465=CARTESIAN_POINT('',(0.00850196433506326,-0.00799738797227497,-0.0976742392359506));
#2466=CARTESIAN_POINT('',(0.00850196433506326,-0.00799738797227498,-0.0970742392359505));
#2467=SURFACE_SIDE_STYLE('',(#4324));
#2468=EDGE_LOOP('',(#4325,#4326,#4327,#4328));
#2469=CARTESIAN_POINT('',(0.0100495110486858,0.010520721500941,-0.0990742392359506));
#2470=CARTESIAN_POINT('',(0.0100495110486858,0.010520721500941,-0.0976742392359506));
#2471=CARTESIAN_POINT('',(0.0100495110486858,0.010520721500941,-0.0970742392359505));
#2472=CARTESIAN_POINT('',(0.00986385233887421,0.0107063802107526,-0.0990742392359506));
#2473=CARTESIAN_POINT('',(0.00986385233887421,0.0107063802107526,-0.0976742392359506));
#2474=CARTESIAN_POINT('',(0.00986385233887422,0.0107063802107526,-0.0970742392359504));
#2475=CARTESIAN_POINT('',(0.00960439777654113,0.0108137587676358,-0.0990742392359506));
#2476=CARTESIAN_POINT('',(0.00960439777654113,0.0108137587676358,-0.0976742392359506));
#2477=CARTESIAN_POINT('',(0.00960439777654113,0.0108137587676358,-0.0970742392359504));
#2478=CARTESIAN_POINT('',(0.00908041111777495,0.0108134706720706,-0.0990742392359506));
#2479=CARTESIAN_POINT('',(0.00908041111777496,0.0108134706720706,-0.0976742392359506));
#2480=CARTESIAN_POINT('',(0.00908041111777496,0.0108134706720706,-0.0970742392359504));
#2481=CARTESIAN_POINT('',(0.00882045320847432,0.0107060808779965,-0.0990742392359506));
#2482=CARTESIAN_POINT('',(0.00882045320847432,0.0107060808779965,-0.0976742392359505));
#2483=CARTESIAN_POINT('',(0.00882045320847432,0.0107060808779965,-0.0970742392359504));
#2484=CARTESIAN_POINT('',(0.00845014223901999,0.0103353625992769,-0.0990742392359506));
#2485=CARTESIAN_POINT('',(0.00845014223902,0.0103353625992769,-0.0976742392359505));
#2486=CARTESIAN_POINT('',(0.00845014223902,0.0103353625992769,-0.0970742392359504));
#2487=CARTESIAN_POINT('',(0.00834226029981525,0.0100756085099074,-0.0990742392359506));
#2488=CARTESIAN_POINT('',(0.00834226029981525,0.0100756085099074,-0.0976742392359506));
#2489=CARTESIAN_POINT('',(0.00834226029981526,0.0100756085099074,-0.0970742392359504));
#2490=CARTESIAN_POINT('',(0.00834254823465885,0.00955162188344188,-0.0990742392359506));
#2491=CARTESIAN_POINT('',(0.00834254823465885,0.00955162188344188,-0.0976742392359506));
#2492=CARTESIAN_POINT('',(0.00834254823465885,0.00955162188344188,-0.0970742392359504));
#2493=CARTESIAN_POINT('',(0.00844951152704473,0.00929229389783586,-0.0990742392359506));
#2494=CARTESIAN_POINT('',(0.00844951152704474,0.00929229389783586,-0.0976742392359506));
#2495=CARTESIAN_POINT('',(0.00844951152704474,0.00929229389783586,-0.0970742392359504));
#2496=CARTESIAN_POINT('',(0.00863529748631269,0.0091065079385679,-0.0990742392359506));
#2497=CARTESIAN_POINT('',(0.0086352974863127,0.0091065079385679,-0.0976742392359506));
#2498=CARTESIAN_POINT('',(0.0086352974863127,0.0091065079385679,-0.0970742392359505));
#2499=SURFACE_SIDE_STYLE('',(#4329));
#2500=EDGE_LOOP('',(#4330,#4331,#4332,#4333));
#2501=CARTESIAN_POINT('',(0.0100495110486858,-0.00927826837228234,-0.0990742392359506));
#2502=CARTESIAN_POINT('',(0.0100495110486858,-0.00927826837228234,-0.0976742392359506));
#2503=CARTESIAN_POINT('',(0.0100495110486858,-0.00927826837228234,-0.0970742392359505));
#2504=CARTESIAN_POINT('',(0.0113457501028245,-0.00798202931814363,-0.0990742392359506));
#2505=CARTESIAN_POINT('',(0.0113457501028245,-0.00798202931814363,-0.0976742392359506));
#2506=CARTESIAN_POINT('',(0.0113457501028245,-0.00798202931814363,-0.0970742392359505));
#2507=CARTESIAN_POINT('',(0.0123829521212241,-0.0064298046160436,-0.0990742392359506));
#2508=CARTESIAN_POINT('',(0.0123829521212242,-0.0064298046160436,-0.0976742392359506));
#2509=CARTESIAN_POINT('',(0.0123829521212242,-0.0064298046160436,-0.0970742392359505));
#2510=CARTESIAN_POINT('',(0.0137857070484685,-0.00304287827646203,-0.0990742392359506));
#2511=CARTESIAN_POINT('',(0.0137857070484685,-0.00304287827646203,-0.0976742392359506));
#2512=CARTESIAN_POINT('',(0.0137857070484685,-0.00304287827646204,-0.0970742392359505));
#2513=CARTESIAN_POINT('',(0.014150088138324,-0.00121173475930099,-0.0990742392359506));
#2514=CARTESIAN_POINT('',(0.014150088138324,-0.001211734759301,-0.0976742392359506));
#2515=CARTESIAN_POINT('',(0.014150088138324,-0.001211734759301,-0.0970742392359505));
#2516=CARTESIAN_POINT('',(0.014149944085814,0.00245418814992807,-0.0990742392359506));
#2517=CARTESIAN_POINT('',(0.014149944085814,0.00245418814992806,-0.0976742392359506));
#2518=CARTESIAN_POINT('',(0.014149944085814,0.00245418814992806,-0.0970742392359505));
#2519=CARTESIAN_POINT('',(0.0137858400624128,0.00428538672354558,-0.0990742392359506));
#2520=CARTESIAN_POINT('',(0.0137858400624128,0.00428538672354557,-0.0976742392359506));
#2521=CARTESIAN_POINT('',(0.0137858400624128,0.00428538672354557,-0.0970742392359505));
#2522=CARTESIAN_POINT('',(0.0123828188727059,0.00767220299254508,-0.0990742392359506));
#2523=CARTESIAN_POINT('',(0.0123828188727059,0.00767220299254507,-0.0976742392359506));
#2524=CARTESIAN_POINT('',(0.0123828188727059,0.00767220299254507,-0.0970742392359505));
#2525=CARTESIAN_POINT('',(0.0113458052973731,0.00922442725225372,-0.0990742392359506));
#2526=CARTESIAN_POINT('',(0.0113458052973731,0.00922442725225372,-0.0976742392359506));
#2527=CARTESIAN_POINT('',(0.0113458052973731,0.00922442725225371,-0.0970742392359505));
#2528=CARTESIAN_POINT('',(0.0100495110486858,0.010520721500941,-0.0990742392359506));
#2529=CARTESIAN_POINT('',(0.0100495110486858,0.010520721500941,-0.0976742392359506));
#2530=CARTESIAN_POINT('',(0.0100495110486858,0.010520721500941,-0.0970742392359505));
#2531=SURFACE_SIDE_STYLE('',(#4334));
#2532=EDGE_LOOP('',(#4335,#4336,#4337,#4338));
#2533=CARTESIAN_POINT('',(0.00863529748631268,-0.00786405480990925,-0.0990742392359506));
#2534=CARTESIAN_POINT('',(0.00863529748631268,-0.00786405480990925,-0.0976742392359506));
#2535=CARTESIAN_POINT('',(0.00863529748631268,-0.00786405480990925,-0.0970742392359505));
#2536=CARTESIAN_POINT('',(0.00844963877650111,-0.00804971351972081,-0.0990742392359506));
#2537=CARTESIAN_POINT('',(0.00844963877650111,-0.00804971351972082,-0.0976742392359506));
#2538=CARTESIAN_POINT('',(0.00844963877650112,-0.00804971351972082,-0.0970742392359505));
#2539=CARTESIAN_POINT('',(0.00834226021961781,-0.00830916808205391,-0.0990742392359506));
#2540=CARTESIAN_POINT('',(0.00834226021961781,-0.00830916808205391,-0.0976742392359506));
#2541=CARTESIAN_POINT('',(0.00834226021961782,-0.00830916808205391,-0.0970742392359505));
#2542=CARTESIAN_POINT('',(0.00834254831518304,-0.00883315474082007,-0.0990742392359506));
#2543=CARTESIAN_POINT('',(0.00834254831518305,-0.00883315474082008,-0.0976742392359506));
#2544=CARTESIAN_POINT('',(0.00834254831518305,-0.00883315474082008,-0.0970742392359505));
#2545=CARTESIAN_POINT('',(0.00844993810925922,-0.00909311265012281,-0.0990742392359506));
#2546=CARTESIAN_POINT('',(0.00844993810925922,-0.00909311265012281,-0.0976742392359506));
#2547=CARTESIAN_POINT('',(0.00844993810925923,-0.00909311265012282,-0.0970742392359505));
#2548=CARTESIAN_POINT('',(0.00882065638797472,-0.00946342361957295,-0.0990742392359506));
#2549=CARTESIAN_POINT('',(0.00882065638797473,-0.00946342361957295,-0.0976742392359506));
#2550=CARTESIAN_POINT('',(0.00882065638797473,-0.00946342361957296,-0.0970742392359505));
#2551=CARTESIAN_POINT('',(0.00908041047734627,-0.00957130555877979,-0.0990742392359506));
#2552=CARTESIAN_POINT('',(0.00908041047734627,-0.0095713055587798,-0.0976742392359506));
#2553=CARTESIAN_POINT('',(0.00908041047734627,-0.0095713055587798,-0.0970742392359505));
#2554=CARTESIAN_POINT('',(0.00960439710381179,-0.00957101762393618,-0.0990742392359506));
#2555=CARTESIAN_POINT('',(0.00960439710381179,-0.00957101762393618,-0.0976742392359506));
#2556=CARTESIAN_POINT('',(0.0096043971038118,-0.00957101762393618,-0.0970742392359505));
#2557=CARTESIAN_POINT('',(0.0098637250894178,-0.00946405433155032,-0.0990742392359506));
#2558=CARTESIAN_POINT('',(0.0098637250894178,-0.00946405433155032,-0.0976742392359506));
#2559=CARTESIAN_POINT('',(0.0098637250894178,-0.00946405433155032,-0.0970742392359505));
#2560=CARTESIAN_POINT('',(0.0100495110486858,-0.00927826837228234,-0.0990742392359506));
#2561=CARTESIAN_POINT('',(0.0100495110486858,-0.00927826837228235,-0.0976742392359506));
#2562=CARTESIAN_POINT('',(0.0100495110486858,-0.00927826837228235,-0.0970742392359505));
#2563=SURFACE_SIDE_STYLE('',(#4339));
#2564=EDGE_LOOP('',(#4340,#4341,#4342,#4343));
#2565=AXIS2_PLACEMENT_3D('',#4344,#4345,#4346);
#2566=SURFACE_SIDE_STYLE('',(#4347));
#2567=EDGE_LOOP('',(#4348,#4349,#4350,#4351));
#2568=CARTESIAN_POINT('',(0.00509976358037995,0.00557097403263517,-0.0990742392359506));
#2569=CARTESIAN_POINT('',(0.00509976358037996,0.00557097403263516,-0.0976742392359506));
#2570=CARTESIAN_POINT('',(0.00509976358037996,0.00557097403263516,-0.0970742392359505));
#2571=CARTESIAN_POINT('',(0.00574807508944239,0.00492266252357273,-0.0990742392359506));
#2572=CARTESIAN_POINT('',(0.0057480750894424,0.00492266252357272,-0.0976742392359506));
#2573=CARTESIAN_POINT('',(0.0057480750894424,0.00492266252357272,-0.0970742392359505));
#2574=CARTESIAN_POINT('',(0.00626635355194288,0.00414715147013664,-0.0990742392359506));
#2575=CARTESIAN_POINT('',(0.00626635355194288,0.00414715147013664,-0.0976742392359506));
#2576=CARTESIAN_POINT('',(0.00626635355194289,0.00414715147013663,-0.0970742392359505));
#2577=CARTESIAN_POINT('',(0.00696799199404658,0.00245287003356001,-0.0990742392359506));
#2578=CARTESIAN_POINT('',(0.00696799199404659,0.00245287003356001,-0.0976742392359506));
#2579=CARTESIAN_POINT('',(0.00696799199404659,0.00245287003356,-0.0970742392359505));
#2580=CARTESIAN_POINT('',(0.00715008811700962,0.00153813552596923,-0.0990742392359506));
#2581=CARTESIAN_POINT('',(0.00715008811700962,0.00153813552596923,-0.0976742392359506));
#2582=CARTESIAN_POINT('',(0.00715008811700962,0.00153813552596923,-0.0970742392359505));
#2583=CARTESIAN_POINT('',(0.00714994410718374,-0.000295681822836183,-0.0990742392359506));
#2584=CARTESIAN_POINT('',(0.00714994410718374,-0.000295681822836188,-0.0976742392359506));
#2585=CARTESIAN_POINT('',(0.00714994410718375,-0.000295681822836191,-0.0970742392359505));
#2586=CARTESIAN_POINT('',(0.00696812530743765,-0.00121047142234703,-0.0990742392359506));
#2587=CARTESIAN_POINT('',(0.00696812530743766,-0.00121047142234704,-0.0976742392359506));
#2588=CARTESIAN_POINT('',(0.00696812530743766,-0.00121047142234704,-0.0970742392359505));
#2589=CARTESIAN_POINT('',(0.00626622057045594,-0.00290464302277978,-0.0990742392359506));
#2590=CARTESIAN_POINT('',(0.00626622057045594,-0.00290464302277978,-0.0976742392359506));
#2591=CARTESIAN_POINT('',(0.00626622057045594,-0.00290464302277979,-0.0970742392359505));
#2592=CARTESIAN_POINT('',(0.00574813493485403,-0.00368014945680359,-0.0990742392359506));
#2593=CARTESIAN_POINT('',(0.00574813493485403,-0.0036801494568036,-0.0976742392359506));
#2594=CARTESIAN_POINT('',(0.00574813493485403,-0.0036801494568036,-0.0970742392359505));
#2595=CARTESIAN_POINT('',(0.00509976393450228,-0.00432852054985414,-0.0990742392359506));
#2596=CARTESIAN_POINT('',(0.00509976393450228,-0.00432852054985414,-0.0976742392359506));
#2597=CARTESIAN_POINT('',(0.00509976393450228,-0.00432852054985415,-0.0970742392359505));
#2598=CARTESIAN_POINT('',(0.00507382909448821,-0.00435445539357616,-0.0990742392359506));
#2599=CARTESIAN_POINT('',(0.00507382909448821,-0.00435445539357617,-0.0976742392359506));
#2600=CARTESIAN_POINT('',(0.00507382909448821,-0.00435445539357617,-0.0970742392359505));
#2601=CARTESIAN_POINT('',(0.00504789425447414,-0.00438039023729818,-0.0990742392359506));
#2602=CARTESIAN_POINT('',(0.00504789425447414,-0.00438039023729819,-0.0976742392359506));
#2603=CARTESIAN_POINT('',(0.00504789425447414,-0.00438039023729819,-0.0970742392359505));
#2604=CARTESIAN_POINT('',(0.00502195941446007,-0.00440632508102021,-0.0990742392359506));
#2605=CARTESIAN_POINT('',(0.00502195941446007,-0.00440632508102021,-0.0976742392359506));
#2606=CARTESIAN_POINT('',(0.00502195941446008,-0.00440632508102021,-0.0970742392359505));
#2607=SURFACE_SIDE_STYLE('',(#4352));
#2608=EDGE_LOOP('',(#4353,#4354,#4355,#4356));
#2609=CARTESIAN_POINT('',(0.00651397714275305,0.00698518759500827,-0.0990742392359506));
#2610=CARTESIAN_POINT('',(0.00651397714275305,0.00698518759500826,-0.0976742392359506));
#2611=CARTESIAN_POINT('',(0.00651397714275305,0.00698518759500826,-0.0970742392359505));
#2612=CARTESIAN_POINT('',(0.00632831843294184,0.00717084630481947,-0.0990742392359506));
#2613=CARTESIAN_POINT('',(0.00632831843294185,0.00717084630481946,-0.0976742392359506));
#2614=CARTESIAN_POINT('',(0.00632831843294185,0.00717084630481946,-0.0970742392359505));
#2615=CARTESIAN_POINT('',(0.00606886387060742,0.00727822486170312,-0.0990742392359506));
#2616=CARTESIAN_POINT('',(0.00606886387060742,0.00727822486170312,-0.0976742392359506));
#2617=CARTESIAN_POINT('',(0.00606886387060742,0.00727822486170312,-0.0970742392359504));
#2618=CARTESIAN_POINT('',(0.00554487721184319,0.0072779367661379,-0.0990742392359506));
#2619=CARTESIAN_POINT('',(0.00554487721184319,0.0072779367661379,-0.0976742392359506));
#2620=CARTESIAN_POINT('',(0.0055448772118432,0.0072779367661379,-0.0970742392359504));
#2621=CARTESIAN_POINT('',(0.00528491930254063,0.00717054697206265,-0.0990742392359506));
#2622=CARTESIAN_POINT('',(0.00528491930254064,0.00717054697206265,-0.0976742392359506));
#2623=CARTESIAN_POINT('',(0.00528491930254064,0.00717054697206265,-0.0970742392359504));
#2624=CARTESIAN_POINT('',(0.00491460833308819,0.00679982869334528,-0.0990742392359506));
#2625=CARTESIAN_POINT('',(0.0049146083330882,0.00679982869334528,-0.0976742392359506));
#2626=CARTESIAN_POINT('',(0.0049146083330882,0.00679982869334527,-0.0970742392359504));
#2627=CARTESIAN_POINT('',(0.00480672639388251,0.00654007460397371,-0.0990742392359506));
#2628=CARTESIAN_POINT('',(0.00480672639388252,0.0065400746039737,-0.0976742392359506));
#2629=CARTESIAN_POINT('',(0.00480672639388252,0.0065400746039737,-0.0970742392359504));
#2630=CARTESIAN_POINT('',(0.00480701432872611,0.00601608797751012,-0.0990742392359506));
#2631=CARTESIAN_POINT('',(0.00480701432872611,0.00601608797751012,-0.0976742392359506));
#2632=CARTESIAN_POINT('',(0.00480701432872611,0.00601608797751011,-0.0970742392359504));
#2633=CARTESIAN_POINT('',(0.00491397762111239,0.00575675999190273,-0.0990742392359506));
#2634=CARTESIAN_POINT('',(0.0049139776211124,0.00575675999190273,-0.0976742392359506));
#2635=CARTESIAN_POINT('',(0.0049139776211124,0.00575675999190272,-0.0970742392359505));
#2636=CARTESIAN_POINT('',(0.00509976358037995,0.00557097403263517,-0.0990742392359506));
#2637=CARTESIAN_POINT('',(0.00509976358037996,0.00557097403263517,-0.0976742392359506));
#2638=CARTESIAN_POINT('',(0.00509976358037996,0.00557097403263516,-0.0970742392359505));
#2639=SURFACE_SIDE_STYLE('',(#4357));
#2640=EDGE_LOOP('',(#4358,#4359,#4360,#4361));
#2641=CARTESIAN_POINT('',(0.00651397714275304,-0.0057427344663496,-0.0990742392359506));
#2642=CARTESIAN_POINT('',(0.00651397714275304,-0.0057427344663496,-0.0976742392359506));
#2643=CARTESIAN_POINT('',(0.00651397714275304,-0.0057427344663496,-0.0970742392359505));
#2644=CARTESIAN_POINT('',(0.0073474704776054,-0.00490924113149723,-0.0990742392359506));
#2645=CARTESIAN_POINT('',(0.00734747047760541,-0.00490924113149724,-0.0976742392359506));
#2646=CARTESIAN_POINT('',(0.00734747047760541,-0.00490924113149724,-0.0970742392359505));
#2647=CARTESIAN_POINT('',(0.00801390542931243,-0.00391198678965491,-0.0990742392359506));
#2648=CARTESIAN_POINT('',(0.00801390542931243,-0.00391198678965492,-0.0976742392359506));
#2649=CARTESIAN_POINT('',(0.00801390542931243,-0.00391198678965492,-0.0970742392359505));
#2650=CARTESIAN_POINT('',(0.00891595836010047,-0.00173386191240213,-0.0990742392359506));
#2651=CARTESIAN_POINT('',(0.00891595836010047,-0.00173386191240214,-0.0976742392359506));
#2652=CARTESIAN_POINT('',(0.00891595836010048,-0.00173386191240214,-0.0970742392359505));
#2653=CARTESIAN_POINT('',(0.00915008814837066,-0.000557536282982262,-0.0990742392359506));
#2654=CARTESIAN_POINT('',(0.00915008814837067,-0.000557536282982267,-0.0976742392359506));
#2655=CARTESIAN_POINT('',(0.00915008814837067,-0.000557536282982269,-0.0970742392359505));
#2656=CARTESIAN_POINT('',(0.00914994407577683,0.00179998942379441,-0.0990742392359506));
#2657=CARTESIAN_POINT('',(0.00914994407577683,0.00179998942379441,-0.0976742392359506));
#2658=CARTESIAN_POINT('',(0.00914994407577684,0.0017999894237944,-0.0970742392359505));
#2659=CARTESIAN_POINT('',(0.00891609151026886,0.00297637011066914,-0.0990742392359506));
#2660=CARTESIAN_POINT('',(0.00891609151026886,0.00297637011066914,-0.0976742392359506));
#2661=CARTESIAN_POINT('',(0.00891609151026886,0.00297637011066914,-0.0970742392359505));
#2662=CARTESIAN_POINT('',(0.00801377217310105,0.00515438510465478,-0.0990742392359506));
#2663=CARTESIAN_POINT('',(0.00801377217310106,0.00515438510465477,-0.0976742392359506));
#2664=CARTESIAN_POINT('',(0.00801377217310106,0.00515438510465477,-0.0970742392359505));
#2665=CARTESIAN_POINT('',(0.00734752926492466,0.00615163547283665,-0.0990742392359506));
#2666=CARTESIAN_POINT('',(0.00734752926492467,0.00615163547283664,-0.0976742392359506));
#2667=CARTESIAN_POINT('',(0.00734752926492467,0.00615163547283664,-0.0970742392359505));
#2668=CARTESIAN_POINT('',(0.00651397714275305,0.00698518759500827,-0.0990742392359506));
#2669=CARTESIAN_POINT('',(0.00651397714275305,0.00698518759500826,-0.0976742392359506));
#2670=CARTESIAN_POINT('',(0.00651397714275305,0.00698518759500826,-0.0970742392359505));
#2671=SURFACE_SIDE_STYLE('',(#4362));
#2672=EDGE_LOOP('',(#4363,#4364,#4365,#4366));
#2673=CARTESIAN_POINT('',(0.00509976358037994,-0.0043285209039765,-0.0990742392359506));
#2674=CARTESIAN_POINT('',(0.00509976358037995,-0.00432852090397651,-0.0976742392359506));
#2675=CARTESIAN_POINT('',(0.00509976358037995,-0.00432852090397651,-0.0970742392359505));
#2676=CARTESIAN_POINT('',(0.0049141048705683,-0.00451417961378815,-0.0990742392359506));
#2677=CARTESIAN_POINT('',(0.0049141048705683,-0.00451417961378815,-0.0976742392359506));
#2678=CARTESIAN_POINT('',(0.0049141048705683,-0.00451417961378815,-0.0970742392359505));
#2679=CARTESIAN_POINT('',(0.00480672631368508,-0.00477363417612096,-0.0990742392359506));
#2680=CARTESIAN_POINT('',(0.00480672631368509,-0.00477363417612097,-0.0976742392359506));
#2681=CARTESIAN_POINT('',(0.00480672631368509,-0.00477363417612097,-0.0970742392359505));
#2682=CARTESIAN_POINT('',(0.0048070144092503,-0.00529762083488753,-0.0990742392359506));
#2683=CARTESIAN_POINT('',(0.00480701440925031,-0.00529762083488753,-0.0976742392359506));
#2684=CARTESIAN_POINT('',(0.00480701440925031,-0.00529762083488753,-0.0970742392359505));
#2685=CARTESIAN_POINT('',(0.00491440420332552,-0.0055575787441889,-0.0990742392359506));
#2686=CARTESIAN_POINT('',(0.00491440420332553,-0.0055575787441889,-0.0976742392359506));
#2687=CARTESIAN_POINT('',(0.00491440420332553,-0.0055575787441889,-0.0970742392359505));
#2688=CARTESIAN_POINT('',(0.00528512248204295,-0.00592788971364137,-0.0990742392359506));
#2689=CARTESIAN_POINT('',(0.00528512248204296,-0.00592788971364138,-0.0976742392359506));
#2690=CARTESIAN_POINT('',(0.00528512248204296,-0.00592788971364138,-0.0970742392359505));
#2691=CARTESIAN_POINT('',(0.00554487657141454,-0.00603577165284704,-0.0990742392359506));
#2692=CARTESIAN_POINT('',(0.00554487657141454,-0.00603577165284705,-0.0976742392359506));
#2693=CARTESIAN_POINT('',(0.00554487657141455,-0.00603577165284705,-0.0970742392359505));
#2694=CARTESIAN_POINT('',(0.00606886319787805,-0.00603548371800344,-0.0990742392359506));
#2695=CARTESIAN_POINT('',(0.00606886319787805,-0.00603548371800345,-0.0976742392359506));
#2696=CARTESIAN_POINT('',(0.00606886319787805,-0.00603548371800345,-0.0970742392359505));
#2697=CARTESIAN_POINT('',(0.00632819118348547,-0.00592852042561716,-0.0990742392359506));
#2698=CARTESIAN_POINT('',(0.00632819118348548,-0.00592852042561717,-0.0976742392359506));
#2699=CARTESIAN_POINT('',(0.00632819118348548,-0.00592852042561717,-0.0970742392359505));
#2700=CARTESIAN_POINT('',(0.00651397714275304,-0.0057427344663496,-0.0990742392359506));
#2701=CARTESIAN_POINT('',(0.00651397714275304,-0.0057427344663496,-0.0976742392359506));
#2702=CARTESIAN_POINT('',(0.00651397714275304,-0.00574273446634961,-0.0970742392359505));
#2703=SURFACE_SIDE_STYLE('',(#4367));
#2704=EDGE_LOOP('',(#4368,#4369,#4370,#4371));
#2705=AXIS2_PLACEMENT_3D('',#4372,#4373,#4374);
#2706=SURFACE_SIDE_STYLE('',(#4375));
#2707=EDGE_LOOP('',(#4376));
#2708=EDGE_LOOP('',(#4377));
#2709=AXIS2_PLACEMENT_3D('',#4378,#4379,#4380);
#2710=SURFACE_SIDE_STYLE('',(#4381));
#2711=EDGE_LOOP('',(#4382));
#2712=AXIS2_PLACEMENT_3D('',#4383,#4384,#4385);
#2713=SURFACE_SIDE_STYLE('',(#4386));
#2714=EDGE_LOOP('',(#4387,#4388,#4389,#4390));
#2715=CARTESIAN_POINT('',(-0.00621394491860479,0.00698518759500829,-0.0990742392359505));
#2716=CARTESIAN_POINT('',(-0.00621394491860479,0.00698518759500829,-0.0976742392359505));
#2717=CARTESIAN_POINT('',(-0.00621394491860478,0.00698518759500828,-0.0970742392359504));
#2718=CARTESIAN_POINT('',(-0.00704743825344167,0.00615169426017142,-0.0990742392359505));
#2719=CARTESIAN_POINT('',(-0.00704743825344167,0.00615169426017141,-0.0976742392359505));
#2720=CARTESIAN_POINT('',(-0.00704743825344167,0.00615169426017141,-0.0970742392359504));
#2721=CARTESIAN_POINT('',(-0.00771387320517639,0.00515443991828459,-0.0990742392359505));
#2722=CARTESIAN_POINT('',(-0.00771387320517639,0.00515443991828458,-0.0976742392359505));
#2723=CARTESIAN_POINT('',(-0.00771387320517639,0.00515443991828458,-0.0970742392359504));
#2724=CARTESIAN_POINT('',(-0.00861592613594003,0.00297631504108984,-0.0990742392359505));
#2725=CARTESIAN_POINT('',(-0.00861592613594003,0.00297631504108983,-0.0976742392359505));
#2726=CARTESIAN_POINT('',(-0.00861592613594002,0.00297631504108983,-0.0970742392359504));
#2727=CARTESIAN_POINT('',(-0.00885005592422243,0.00179998941164113,-0.0990742392359505));
#2728=CARTESIAN_POINT('',(-0.00885005592422243,0.00179998941164113,-0.0976742392359505));
#2729=CARTESIAN_POINT('',(-0.00885005592422242,0.00179998941164113,-0.0970742392359504));
#2730=CARTESIAN_POINT('',(-0.0088499118516286,-0.000557536295135904,-0.0990742392359505));
#2731=CARTESIAN_POINT('',(-0.00884991185162859,-0.000557536295135909,-0.0976742392359505));
#2732=CARTESIAN_POINT('',(-0.00884991185162859,-0.000557536295135911,-0.0970742392359504));
#2733=CARTESIAN_POINT('',(-0.00861605928611101,-0.00173391698203818,-0.0990742392359505));
#2734=CARTESIAN_POINT('',(-0.008616059286111,-0.00173391698203819,-0.0976742392359505));
#2735=CARTESIAN_POINT('',(-0.008616059286111,-0.00173391698203819,-0.0970742392359504));
#2736=CARTESIAN_POINT('',(-0.00771373994896245,-0.00391193197596837,-0.0990742392359505));
#2737=CARTESIAN_POINT('',(-0.00771373994896244,-0.00391193197596837,-0.0976742392359505));
#2738=CARTESIAN_POINT('',(-0.00771373994896244,-0.00391193197596838,-0.0970742392359504));
#2739=CARTESIAN_POINT('',(-0.00704749704076208,-0.00490918234419232,-0.0990742392359506));
#2740=CARTESIAN_POINT('',(-0.00704749704076207,-0.00490918234419233,-0.0976742392359506));
#2741=CARTESIAN_POINT('',(-0.00704749704076207,-0.00490918234419233,-0.0970742392359505));
#2742=CARTESIAN_POINT('',(-0.00621394491860482,-0.00574273446634959,-0.0990742392359506));
#2743=CARTESIAN_POINT('',(-0.00621394491860481,-0.00574273446634959,-0.0976742392359506));
#2744=CARTESIAN_POINT('',(-0.00621394491860481,-0.00574273446634959,-0.0970742392359505));
#2745=SURFACE_SIDE_STYLE('',(#4391));
#2746=EDGE_LOOP('',(#4392,#4393,#4394,#4395));
#2747=CARTESIAN_POINT('',(-0.00479973135623172,-0.00432852090397649,-0.0990742392359506));
#2748=CARTESIAN_POINT('',(-0.00479973135623172,-0.00432852090397649,-0.0976742392359506));
#2749=CARTESIAN_POINT('',(-0.00479973135623172,-0.00432852090397649,-0.0970742392359505));
#2750=CARTESIAN_POINT('',(-0.00544804289508365,-0.00368020936512456,-0.0990742392359506));
#2751=CARTESIAN_POINT('',(-0.00544804289508365,-0.00368020936512456,-0.0976742392359506));
#2752=CARTESIAN_POINT('',(-0.00544804289508365,-0.00368020936512456,-0.0970742392359505));
#2753=CARTESIAN_POINT('',(-0.00596632137479073,-0.00290469827121145,-0.0990742392359506));
#2754=CARTESIAN_POINT('',(-0.00596632137479073,-0.00290469827121146,-0.0976742392359506));
#2755=CARTESIAN_POINT('',(-0.00596632137479073,-0.00290469827121146,-0.0970742392359504));
#2756=CARTESIAN_POINT('',(-0.00666795981877279,-0.0012104167436645,-0.0990742392359505));
#2757=CARTESIAN_POINT('',(-0.00666795981877278,-0.0012104167436645,-0.0976742392359505));
#2758=CARTESIAN_POINT('',(-0.00666795981877278,-0.00121041674366451,-0.0970742392359504));
#2759=CARTESIAN_POINT('',(-0.00685005592591738,-0.000295682189759557,-0.0990742392359505));
#2760=CARTESIAN_POINT('',(-0.00685005592591738,-0.000295682189759561,-0.0976742392359505));
#2761=CARTESIAN_POINT('',(-0.00685005592591738,-0.000295682189759564,-0.0970742392359504));
#2762=CARTESIAN_POINT('',(-0.00684991184994015,0.00153813524508237,-0.0990742392359505));
#2763=CARTESIAN_POINT('',(-0.00684991184994014,0.00153813524508236,-0.0976742392359505));
#2764=CARTESIAN_POINT('',(-0.00684991184994014,0.00153813524508236,-0.0970742392359504));
#2765=CARTESIAN_POINT('',(-0.00666809300117998,0.00245292487803788,-0.0990742392359505));
#2766=CARTESIAN_POINT('',(-0.00666809300117998,0.00245292487803787,-0.0976742392359505));
#2767=CARTESIAN_POINT('',(-0.00666809300117998,0.00245292487803787,-0.0970742392359504));
#2768=CARTESIAN_POINT('',(-0.00596618814069642,0.00414709651887125,-0.0990742392359505));
#2769=CARTESIAN_POINT('',(-0.00596618814069641,0.00414709651887125,-0.0976742392359505));
#2770=CARTESIAN_POINT('',(-0.00596618814069641,0.00414709651887125,-0.0970742392359504));
#2771=CARTESIAN_POINT('',(-0.00544810243300109,0.0049226029558658,-0.0990742392359505));
#2772=CARTESIAN_POINT('',(-0.00544810243300109,0.0049226029558658,-0.0976742392359505));
#2773=CARTESIAN_POINT('',(-0.00544810243300108,0.0049226029558658,-0.0970742392359504));
#2774=CARTESIAN_POINT('',(-0.0047997313562317,0.00557097403263519,-0.0990742392359505));
#2775=CARTESIAN_POINT('',(-0.00479973135623169,0.00557097403263519,-0.0976742392359505));
#2776=CARTESIAN_POINT('',(-0.00479973135623169,0.00557097403263518,-0.0970742392359504));
#2777=SURFACE_SIDE_STYLE('',(#4396));
#2778=EDGE_LOOP('',(#4397,#4398,#4399,#4400));
#2779=AXIS2_PLACEMENT_3D('',#4401,#4402,#4403);
#2780=SURFACE_SIDE_STYLE('',(#4404));
#2781=EDGE_LOOP('',(#4405,#4406,#4407,#4408));
#2782=CARTESIAN_POINT('',(-0.00833526526216446,-0.00786405480990923,-0.0990742392359506));
#2783=CARTESIAN_POINT('',(-0.00833526526216446,-0.00786405480990923,-0.0976742392359506));
#2784=CARTESIAN_POINT('',(-0.00833526526216445,-0.00786405480990923,-0.0970742392359505));
#2785=CARTESIAN_POINT('',(-0.00944632484091933,-0.00675299523115435,-0.0990742392359506));
#2786=CARTESIAN_POINT('',(-0.00944632484091933,-0.00675299523115435,-0.0976742392359506));
#2787=CARTESIAN_POINT('',(-0.00944632484091933,-0.00675299523115436,-0.0970742392359504));
#2788=CARTESIAN_POINT('',(-0.0103353673857029,-0.00542251772313799,-0.0990742392359505));
#2789=CARTESIAN_POINT('',(-0.0103353673857029,-0.00542251772313799,-0.0976742392359505));
#2790=CARTESIAN_POINT('',(-0.0103353673857029,-0.005422517723138,-0.0970742392359504));
#2791=CARTESIAN_POINT('',(-0.0115377091893911,-0.00251943147915865,-0.0990742392359505));
#2792=CARTESIAN_POINT('',(-0.0115377091893911,-0.00251943147915866,-0.0976742392359505));
#2793=CARTESIAN_POINT('',(-0.0115377091893911,-0.00251943147915866,-0.0970742392359504));
#2794=CARTESIAN_POINT('',(-0.0118500559087676,-0.00094988242842827,-0.0990742392359505));
#2795=CARTESIAN_POINT('',(-0.0118500559087676,-0.000949882428428275,-0.0976742392359505));
#2796=CARTESIAN_POINT('',(-0.0118500559087676,-0.000949882428428277,-0.0970742392359504));
#2797=CARTESIAN_POINT('',(-0.0118499118670759,0.00219233573659492,-0.0990742392359505));
#2798=CARTESIAN_POINT('',(-0.0118499118670759,0.00219233573659491,-0.0976742392359505));
#2799=CARTESIAN_POINT('',(-0.0118499118670759,0.00219233573659491,-0.0970742392359504));
#2800=CARTESIAN_POINT('',(-0.011537842225252,0.00376193984721575,-0.0990742392359505));
#2801=CARTESIAN_POINT('',(-0.011537842225252,0.00376193984721574,-0.0976742392359505));
#2802=CARTESIAN_POINT('',(-0.011537842225252,0.00376193984721574,-0.0970742392359504));
#2803=CARTESIAN_POINT('',(-0.0103352341735036,0.00666491603807359,-0.0990742392359505));
#2804=CARTESIAN_POINT('',(-0.0103352341735036,0.00666491603807359,-0.0976742392359505));
#2805=CARTESIAN_POINT('',(-0.0103352341735036,0.00666491603807358,-0.0970742392359504));
#2806=CARTESIAN_POINT('',(-0.00944637788378597,0.0079953953169464,-0.0990742392359505));
#2807=CARTESIAN_POINT('',(-0.00944637788378596,0.0079953953169464,-0.0976742392359505));
#2808=CARTESIAN_POINT('',(-0.00944637788378596,0.0079953953169464,-0.0970742392359504));
#2809=CARTESIAN_POINT('',(-0.00833526526216442,0.00910650793856794,-0.0990742392359505));
#2810=CARTESIAN_POINT('',(-0.00833526526216442,0.00910650793856793,-0.0976742392359505));
#2811=CARTESIAN_POINT('',(-0.00833526526216441,0.00910650793856793,-0.0970742392359504));
#2812=SURFACE_SIDE_STYLE('',(#4409));
#2813=EDGE_LOOP('',(#4410,#4411,#4412,#4413));
#2814=AXIS2_PLACEMENT_3D('',#4414,#4415,#4416);
#2815=SURFACE_SIDE_STYLE('',(#4417));
#2816=EDGE_LOOP('',(#4418,#4419,#4420,#4421));
#2817=CARTESIAN_POINT('',(-0.0139921195116568,0.0147633621880603,-0.0990742392359505));
#2818=CARTESIAN_POINT('',(-0.0139921195116568,0.0147633621880603,-0.0976742392359505));
#2819=CARTESIAN_POINT('',(-0.0139921195116568,0.0147633621880603,-0.0970742392359504));
#2820=CARTESIAN_POINT('',(-0.0158438967461993,0.0129115849535179,-0.0990742392359505));
#2821=CARTESIAN_POINT('',(-0.0158438967461993,0.0129115849535179,-0.0976742392359505));
#2822=CARTESIAN_POINT('',(-0.0158438967461992,0.0129115849535179,-0.0970742392359504));
#2823=CARTESIAN_POINT('',(-0.0173255775859372,0.01069411802705,-0.0990742392359505));
#2824=CARTESIAN_POINT('',(-0.0173255775859372,0.01069411802705,-0.0976742392359505));
#2825=CARTESIAN_POINT('',(-0.0173255775859372,0.01069411802705,-0.0970742392359504));
#2826=CARTESIAN_POINT('',(-0.0193295715233767,0.00585567231651126,-0.0990742392359505));
#2827=CARTESIAN_POINT('',(-0.0193295715233767,0.00585567231651126,-0.0976742392359505));
#2828=CARTESIAN_POINT('',(-0.0193295715233767,0.00585567231651126,-0.0970742392359504));
#2829=CARTESIAN_POINT('',(-0.0198500559132021,0.0032397445217529,-0.0990742392359505));
#2830=CARTESIAN_POINT('',(-0.0198500559132021,0.00323974452175289,-0.0976742392359505));
#2831=CARTESIAN_POINT('',(-0.019850055913202,0.00323974452175289,-0.0970742392359504));
#2832=CARTESIAN_POINT('',(-0.019849911862643,-0.00199729163895741,-0.0990742392359505));
#2833=CARTESIAN_POINT('',(-0.019849911862643,-0.00199729163895742,-0.0976742392359505));
#2834=CARTESIAN_POINT('',(-0.0198499118626429,-0.00199729163895742,-0.0970742392359504));
#2835=CARTESIAN_POINT('',(-0.0193297045414619,-0.00461327448457116,-0.0990742392359505));
#2836=CARTESIAN_POINT('',(-0.0193297045414619,-0.00461327448457116,-0.0976742392359505));
#2837=CARTESIAN_POINT('',(-0.0193297045414619,-0.00461327448457117,-0.0970742392359504));
#2838=CARTESIAN_POINT('',(-0.0173254443604548,-0.00945161010234728,-0.0990742392359505));
#2839=CARTESIAN_POINT('',(-0.0173254443604548,-0.00945161010234728,-0.0976742392359505));
#2840=CARTESIAN_POINT('',(-0.0173254443604548,-0.00945161010234729,-0.0970742392359504));
#2841=CARTESIAN_POINT('',(-0.0158439362932891,-0.0116690922777694,-0.0990742392359506));
#2842=CARTESIAN_POINT('',(-0.0158439362932891,-0.0116690922777694,-0.0976742392359506));
#2843=CARTESIAN_POINT('',(-0.0158439362932891,-0.0116690922777694,-0.0970742392359504));
#2844=CARTESIAN_POINT('',(-0.0139921195116568,-0.0135209090594016,-0.0990742392359506));
#2845=CARTESIAN_POINT('',(-0.0139921195116568,-0.0135209090594016,-0.0976742392359506));
#2846=CARTESIAN_POINT('',(-0.0139921195116568,-0.0135209090594016,-0.0970742392359505));
#2847=SURFACE_SIDE_STYLE('',(#4422));
#2848=EDGE_LOOP('',(#4423,#4424,#4425,#4426));
#2849=CARTESIAN_POINT('',(-0.0125779059492838,-0.0121066954970285,-0.0990742392359506));
#2850=CARTESIAN_POINT('',(-0.0125779059492837,-0.0121066954970285,-0.0976742392359506));
#2851=CARTESIAN_POINT('',(-0.0125779059492837,-0.0121066954970285,-0.0970742392359505));
#2852=CARTESIAN_POINT('',(-0.0142445038263106,-0.0104400976200017,-0.0990742392359506));
#2853=CARTESIAN_POINT('',(-0.0142445038263106,-0.0104400976200017,-0.0976742392359506));
#2854=CARTESIAN_POINT('',(-0.0142445038263106,-0.0104400976200017,-0.0970742392359504));
#2855=CARTESIAN_POINT('',(-0.0155780250195932,-0.00844437816082679,-0.0990742392359505));
#2856=CARTESIAN_POINT('',(-0.0155780250195932,-0.00844437816082679,-0.0976742392359505));
#2857=CARTESIAN_POINT('',(-0.0155780250195932,-0.0084443781608268,-0.0970742392359504));
#2858=CARTESIAN_POINT('',(-0.0173816059941813,-0.0040897721126445,-0.0990742392359505));
#2859=CARTESIAN_POINT('',(-0.0173816059941813,-0.00408977211264451,-0.0976742392359505));
#2860=CARTESIAN_POINT('',(-0.0173816059941813,-0.00408977211264451,-0.0970742392359504));
#2861=CARTESIAN_POINT('',(-0.0178500559250115,-0.00173543916032576,-0.0990742392359505));
#2862=CARTESIAN_POINT('',(-0.0178500559250115,-0.00173543916032577,-0.0976742392359505));
#2863=CARTESIAN_POINT('',(-0.0178500559250115,-0.00173543916032577,-0.0970742392359504));
#2864=CARTESIAN_POINT('',(-0.0178499118508272,0.00297789271636608,-0.0990742392359505));
#2865=CARTESIAN_POINT('',(-0.0178499118508272,0.00297789271636607,-0.0976742392359505));
#2866=CARTESIAN_POINT('',(-0.0178499118508272,0.00297789271636607,-0.0970742392359504));
#2867=CARTESIAN_POINT('',(-0.0173817389644555,0.0053322807174086,-0.0990742392359505));
#2868=CARTESIAN_POINT('',(-0.0173817389644555,0.00533228071740859,-0.0976742392359505));
#2869=CARTESIAN_POINT('',(-0.0173817389644555,0.00533228071740859,-0.0970742392359504));
#2870=CARTESIAN_POINT('',(-0.0155778916980157,0.00968677666145635,-0.0990742392359505));
#2871=CARTESIAN_POINT('',(-0.0155778916980157,0.00968677666145634,-0.0976742392359505));
#2872=CARTESIAN_POINT('',(-0.0155778916980157,0.00968677666145634,-0.0970742392359504));
#2873=CARTESIAN_POINT('',(-0.014244563323689,0.0116824912512819,-0.0990742392359505));
#2874=CARTESIAN_POINT('',(-0.014244563323689,0.0116824912512819,-0.0976742392359505));
#2875=CARTESIAN_POINT('',(-0.014244563323689,0.0116824912512819,-0.0970742392359504));
#2876=CARTESIAN_POINT('',(-0.0125779059492837,0.0133491486256872,-0.0990742392359505));
#2877=CARTESIAN_POINT('',(-0.0125779059492837,0.0133491486256872,-0.0976742392359505));
#2878=CARTESIAN_POINT('',(-0.0125779059492837,0.0133491486256872,-0.0970742392359504));
#2879=SURFACE_SIDE_STYLE('',(#4427));
#2880=EDGE_LOOP('',(#4428,#4429,#4430,#4431));
#2881=AXIS2_PLACEMENT_3D('',#4432,#4433,#4434);
#2882=SURFACE_SIDE_STYLE('',(#4435));
#2883=EDGE_LOOP('',(#4436,#4437,#4438,#4439));
#2884=AXIS2_PLACEMENT_3D('',#4440,#4441,#4442);
#2885=SURFACE_SIDE_STYLE('',(#4443));
#2886=EDGE_LOOP('',(#4444,#4445,#4446,#4447,#4448,#4449));
#2887=AXIS2_PLACEMENT_3D('',#4450,#4451,#4452);
#2888=SURFACE_SIDE_STYLE('',(#4453));
#2889=EDGE_LOOP('',(#4454,#4455,#4456,#4457,#4458,#4459,#4460,#4461));
#2890=EDGE_LOOP('',(#4462));
#2891=EDGE_LOOP('',(#4463,#4464,#4465,#4466));
#2892=EDGE_LOOP('',(#4467,#4468,#4469,#4470));
#2893=EDGE_LOOP('',(#4471,#4472,#4473,#4474));
#2894=EDGE_LOOP('',(#4475,#4476,#4477,#4478));
#2895=EDGE_LOOP('',(#4479,#4480,#4481,#4482));
#2896=EDGE_LOOP('',(#4483,#4484,#4485,#4486));
#2897=AXIS2_PLACEMENT_3D('',#4487,#4488,#4489);
#2898=SURFACE_SIDE_STYLE('',(#4490));
#2899=EDGE_LOOP('',(#4491,#4492,#4493,#4494));
#2900=CARTESIAN_POINT('',(-0.0214499999999996,-0.0172743392359508,0.00232576076404945));
#2901=CARTESIAN_POINT('',(-0.0214499999999996,-0.0177981504870625,0.00232576076404945));
#2902=CARTESIAN_POINT('',(-0.0212325759322188,-0.0183199877734395,0.00232576076404944));
#2903=CARTESIAN_POINT('',(-0.0204958511925266,-0.0190571178232082,0.00232576076404944));
#2904=CARTESIAN_POINT('',(-0.0199736590465758,-0.0192743392359508,0.00232576076404944));
#2905=CARTESIAN_POINT('',(-0.0194499999999996,-0.0192743392359508,0.00232576076404944));
#2906=CARTESIAN_POINT('',(-0.0214499999999996,-0.0172743392359508,0.000925760764049449));
#2907=CARTESIAN_POINT('',(-0.0214499999999996,-0.0177981504870625,0.000925760764049447));
#2908=CARTESIAN_POINT('',(-0.0212325759322189,-0.0183199877734395,0.000925760764049445));
#2909=CARTESIAN_POINT('',(-0.0204958511925266,-0.0190571178232082,0.00092576076404944));
#2910=CARTESIAN_POINT('',(-0.0199736590465758,-0.0192743392359508,0.000925760764049437));
#2911=CARTESIAN_POINT('',(-0.0194499999999996,-0.0192743392359508,0.000925760764049436));
#2912=SURFACE_SIDE_STYLE('',(#4495));
#2913=EDGE_LOOP('',(#4496,#4497,#4498,#4499,#4500,#4501,#4502,#4503,#4504,#4505,#4506,#4507,#4508,#4509,#4510,#4511,#4512,#4513,#4514,#4515,#4516,#4517,#4518,#4519));
#2914=EDGE_LOOP('',(#4520));
#2915=EDGE_LOOP('',(#4521));
#2916=EDGE_LOOP('',(#4522,#4523,#4524,#4525,#4526,#4527,#4528,#4529));
#2917=EDGE_LOOP('',(#4530,#4531,#4532,#4533,#4534,#4535,#4536,#4537));
#2918=AXIS2_PLACEMENT_3D('',#4538,#4539,#4540);
#2919=SURFACE_SIDE_STYLE('',(#4541));
#2920=EDGE_LOOP('',(#4542));
#2921=EDGE_LOOP('',(#4543,#4544,#4545,#4546));
#2922=AXIS2_PLACEMENT_3D('',#4547,#4548,#4549);
#2923=SURFACE_SIDE_STYLE('',(#4550));
#2924=EDGE_LOOP('',(#4551,#4552,#4553,#4554));
#2925=AXIS2_PLACEMENT_3D('',#4555,#4556,#4557);
#2926=SURFACE_SIDE_STYLE('',(#4558));
#2927=EDGE_LOOP('',(#4559,#4560,#4561,#4562));
#2928=AXIS2_PLACEMENT_3D('',#4563,#4564,#4565);
#2929=SURFACE_SIDE_STYLE('',(#4566));
#2930=EDGE_LOOP('',(#4567,#4568,#4569,#4570));
#2931=AXIS2_PLACEMENT_3D('',#4571,#4572,#4573);
#2932=SURFACE_SIDE_STYLE('',(#4574));
#2933=EDGE_LOOP('',(#4575,#4576,#4577,#4578));
#2934=CARTESIAN_POINT('',(0.0213500000000003,0.0192256607640492,0.00232576076404944));
#2935=CARTESIAN_POINT('',(0.0213500000000003,0.0197494720151598,0.00232576076404944));
#2936=CARTESIAN_POINT('',(0.0211325759322179,0.0202713093015395,0.00232576076404945));
#2937=CARTESIAN_POINT('',(0.0203958511925288,0.0210084393513051,0.00232576076404945));
#2938=CARTESIAN_POINT('',(0.0198736590465752,0.0212256607640492,0.00232576076404945));
#2939=CARTESIAN_POINT('',(0.0193500000000003,0.0212256607640492,0.00232576076404946));
#2940=CARTESIAN_POINT('',(0.0213500000000003,0.0192256607640492,0.000925760764049442));
#2941=CARTESIAN_POINT('',(0.0213500000000003,0.0197494720151598,0.000925760764049444));
#2942=CARTESIAN_POINT('',(0.0211325759322179,0.0202713093015395,0.000925760764049447));
#2943=CARTESIAN_POINT('',(0.0203958511925288,0.0210084393513051,0.000925760764049452));
#2944=CARTESIAN_POINT('',(0.0198736590465752,0.0212256607640492,0.000925760764049454));
#2945=CARTESIAN_POINT('',(0.0193500000000002,0.0212256607640492,0.000925760764049456));
#2946=SURFACE_SIDE_STYLE('',(#4579));
#2947=EDGE_LOOP('',(#4580,#4581,#4582,#4583));
#2948=AXIS2_PLACEMENT_3D('',#4584,#4585,#4586);
#2949=SURFACE_SIDE_STYLE('',(#4587));
#2950=EDGE_LOOP('',(#4588,#4589,#4590,#4591));
#2951=CARTESIAN_POINT('',(-0.0194499999999996,0.0212256607640492,0.00232576076404958));
#2952=CARTESIAN_POINT('',(-0.0199738112511114,0.0212256607640492,0.00232576076404958));
#2953=CARTESIAN_POINT('',(-0.0204956485374884,0.0210082366962684,0.00232576076404958));
#2954=CARTESIAN_POINT('',(-0.0212327785872571,0.0202715119565762,0.00232576076404958));
#2955=CARTESIAN_POINT('',(-0.0214499999999996,0.0197493198106253,0.00232576076404958));
#2956=CARTESIAN_POINT('',(-0.0214499999999996,0.0192256607640492,0.00232576076404958));
#2957=CARTESIAN_POINT('',(-0.0194499999999996,0.0212256607640492,0.000925760764049579));
#2958=CARTESIAN_POINT('',(-0.0199738112511114,0.0212256607640492,0.00092576076404958));
#2959=CARTESIAN_POINT('',(-0.0204956485374884,0.0210082366962684,0.000925760764049581));
#2960=CARTESIAN_POINT('',(-0.0212327785872571,0.0202715119565762,0.000925760764049581));
#2961=CARTESIAN_POINT('',(-0.0214499999999996,0.0197493198106253,0.00092576076404958));
#2962=CARTESIAN_POINT('',(-0.0214499999999996,0.0192256607640492,0.000925760764049578));
#2963=SURFACE_SIDE_STYLE('',(#4592));
#2964=EDGE_LOOP('',(#4593,#4594,#4595,#4596));
#2965=AXIS2_PLACEMENT_3D('',#4597,#4598,#4599);
#2966=SURFACE_SIDE_STYLE('',(#4600));
#2967=EDGE_LOOP('',(#4601,#4602,#4603,#4604));
#2968=AXIS2_PLACEMENT_3D('',#4605,#4606,#4607);
#2969=SURFACE_SIDE_STYLE('',(#4608));
#2970=EDGE_LOOP('',(#4609,#4610,#4611,#4612,#4613));
#2971=AXIS2_PLACEMENT_3D('',#4614,#4615,#4616);
#2972=SURFACE_SIDE_STYLE('',(#4617));
#2973=EDGE_LOOP('',(#4618,#4619,#4620,#4621,#4622,#4623));
#2974=AXIS2_PLACEMENT_3D('',#4624,#4625,#4626);
#2975=SURFACE_SIDE_STYLE('',(#4627));
#2976=EDGE_LOOP('',(#4628,#4629,#4630,#4631,#4632));
#2977=AXIS2_PLACEMENT_3D('',#4633,#4634,#4635);
#2978=SURFACE_SIDE_STYLE('',(#4636));
#2979=EDGE_LOOP('',(#4637,#4638,#4639,#4640));
#2980=EDGE_LOOP('',(#4641,#4642,#4643,#4644,#4645,#4646,#4647,#4648));
#2981=EDGE_LOOP('',(#4649));
#2982=EDGE_LOOP('',(#4650,#4651,#4652,#4653));
#2983=EDGE_LOOP('',(#4654,#4655,#4656,#4657));
#2984=EDGE_LOOP('',(#4658,#4659,#4660,#4661));
#2985=EDGE_LOOP('',(#4662,#4663,#4664,#4665));
#2986=EDGE_LOOP('',(#4666,#4667,#4668,#4669));
#2987=EDGE_LOOP('',(#4670,#4671,#4672,#4673));
#2988=AXIS2_PLACEMENT_3D('',#4674,#4675,#4676);
#2989=SURFACE_SIDE_STYLE('',(#4677));
#2990=EDGE_LOOP('',(#4678,#4679,#4680,#4681));
#2991=AXIS2_PLACEMENT_3D('',#4682,#4683,#4684);
#2992=SURFACE_SIDE_STYLE('',(#4685));
#2993=EDGE_LOOP('',(#4686,#4687,#4688,#4689));
#2994=AXIS2_PLACEMENT_3D('',#4690,#4691,#4692);
#2995=SURFACE_SIDE_STYLE('',(#4693));
#2996=EDGE_LOOP('',(#4694,#4695,#4696,#4697));
#2997=AXIS2_PLACEMENT_3D('',#4698,#4699,#4700);
#2998=SURFACE_SIDE_STYLE('',(#4701));
#2999=EDGE_LOOP('',(#4702,#4703,#4704,#4705));
#3000=AXIS2_PLACEMENT_3D('',#4706,#4707,#4708);
#3001=SURFACE_SIDE_STYLE('',(#4709));
#3002=EDGE_LOOP('',(#4710,#4711,#4712,#4713));
#3003=AXIS2_PLACEMENT_3D('',#4714,#4715,#4716);
#3004=SURFACE_SIDE_STYLE('',(#4717));
#3005=EDGE_LOOP('',(#4718,#4719,#4720,#4721));
#3006=AXIS2_PLACEMENT_3D('',#4722,#4723,#4724);
#3007=SURFACE_SIDE_STYLE('',(#4725));
#3008=EDGE_LOOP('',(#4726,#4727,#4728,#4729,#4730,#4731,#4732,#4733));
#3009=EDGE_LOOP('',(#4734,#4735,#4736,#4737,#4738,#4739,#4740,#4741));
#3010=AXIS2_PLACEMENT_3D('',#4742,#4743,#4744);
#3011=SURFACE_SIDE_STYLE('',(#4745));
#3012=EDGE_LOOP('',(#4746));
#3013=AXIS2_PLACEMENT_3D('',#4747,#4748,#4749);
#3014=SURFACE_SIDE_STYLE('',(#4750));
#3015=EDGE_LOOP('',(#4751));
#3016=AXIS2_PLACEMENT_3D('',#4752,#4753,#4754);
#3017=SURFACE_SIDE_STYLE('',(#4755));
#3018=EDGE_LOOP('',(#4756));
#3019=AXIS2_PLACEMENT_3D('',#4757,#4758,#4759);
#3020=SURFACE_SIDE_STYLE('',(#4760));
#3021=EDGE_LOOP('',(#4761));
#3022=AXIS2_PLACEMENT_3D('',#4762,#4763,#4764);
#3023=SURFACE_SIDE_STYLE('',(#4765));
#3024=EDGE_LOOP('',(#4766));
#3025=AXIS2_PLACEMENT_3D('',#4767,#4768,#4769);
#3026=SURFACE_SIDE_STYLE('',(#4770));
#3027=EDGE_LOOP('',(#4771));
#3028=AXIS2_PLACEMENT_3D('',#4772,#4773,#4774);
#3029=SURFACE_SIDE_STYLE('',(#4775));
#3030=EDGE_LOOP('',(#4776,#4777,#4778,#4779));
#3031=AXIS2_PLACEMENT_3D('',#4780,#4781,#4782);
#3032=SURFACE_SIDE_STYLE('',(#4783));
#3033=EDGE_LOOP('',(#4784,#4785,#4786,#4787));
#3034=AXIS2_PLACEMENT_3D('',#4788,#4789,#4790);
#3035=SURFACE_SIDE_STYLE('',(#4791));
#3036=EDGE_LOOP('',(#4792,#4793,#4794,#4795));
#3037=AXIS2_PLACEMENT_3D('',#4796,#4797,#4798);
#3038=SURFACE_SIDE_STYLE('',(#4799));
#3039=EDGE_LOOP('',(#4800,#4801,#4802,#4803));
#3040=AXIS2_PLACEMENT_3D('',#4804,#4805,#4806);
#3041=SURFACE_SIDE_STYLE('',(#4807));
#3042=EDGE_LOOP('',(#4808,#4809,#4810,#4811));
#3043=AXIS2_PLACEMENT_3D('',#4812,#4813,#4814);
#3044=SURFACE_SIDE_STYLE('',(#4815));
#3045=EDGE_LOOP('',(#4816,#4817,#4818,#4819));
#3046=AXIS2_PLACEMENT_3D('',#4820,#4821,#4822);
#3047=SURFACE_SIDE_STYLE('',(#4823));
#3048=EDGE_LOOP('',(#4824,#4825,#4826,#4827));
#3049=AXIS2_PLACEMENT_3D('',#4828,#4829,#4830);
#3050=SURFACE_SIDE_STYLE('',(#4831));
#3051=EDGE_LOOP('',(#4832,#4833,#4834,#4835));
#3052=AXIS2_PLACEMENT_3D('',#4836,#4837,#4838);
#3053=SURFACE_SIDE_STYLE('',(#4839));
#3054=EDGE_LOOP('',(#4840,#4841,#4842,#4843));
#3055=AXIS2_PLACEMENT_3D('',#4844,#4845,#4846);
#3056=SURFACE_SIDE_STYLE('',(#4847));
#3057=EDGE_LOOP('',(#4848,#4849,#4850,#4851));
#3058=AXIS2_PLACEMENT_3D('',#4852,#4853,#4854);
#3059=SURFACE_SIDE_STYLE('',(#4855));
#3060=EDGE_LOOP('',(#4856,#4857,#4858,#4859));
#3061=AXIS2_PLACEMENT_3D('',#4860,#4861,#4862);
#3062=SURFACE_SIDE_STYLE('',(#4863));
#3063=EDGE_LOOP('',(#4864,#4865,#4866,#4867));
#3064=AXIS2_PLACEMENT_3D('',#4868,#4869,#4870);
#3065=SURFACE_SIDE_STYLE('',(#4871));
#3066=EDGE_LOOP('',(#4872,#4873,#4874,#4875));
#3067=AXIS2_PLACEMENT_3D('',#4876,#4877,#4878);
#3068=SURFACE_SIDE_STYLE('',(#4879));
#3069=EDGE_LOOP('',(#4880,#4881,#4882,#4883));
#3070=AXIS2_PLACEMENT_3D('',#4884,#4885,#4886);
#3071=SURFACE_SIDE_STYLE('',(#4887));
#3072=EDGE_LOOP('',(#4888,#4889,#4890,#4891));
#3073=AXIS2_PLACEMENT_3D('',#4892,#4893,#4894);
#3074=SURFACE_SIDE_STYLE('',(#4895));
#3075=EDGE_LOOP('',(#4896,#4897,#4898,#4899));
#3076=AXIS2_PLACEMENT_3D('',#4900,#4901,#4902);
#3077=SURFACE_SIDE_STYLE('',(#4903));
#3078=EDGE_LOOP('',(#4904,#4905,#4906,#4907));
#3079=AXIS2_PLACEMENT_3D('',#4908,#4909,#4910);
#3080=SURFACE_SIDE_STYLE('',(#4911));
#3081=EDGE_LOOP('',(#4912,#4913,#4914,#4915));
#3082=AXIS2_PLACEMENT_3D('',#4916,#4917,#4918);
#3083=SURFACE_SIDE_STYLE('',(#4919));
#3084=EDGE_LOOP('',(#4920,#4921,#4922,#4923));
#3085=AXIS2_PLACEMENT_3D('',#4924,#4925,#4926);
#3086=SURFACE_SIDE_STYLE('',(#4927));
#3087=EDGE_LOOP('',(#4928,#4929,#4930,#4931));
#3088=AXIS2_PLACEMENT_3D('',#4932,#4933,#4934);
#3089=SURFACE_SIDE_STYLE('',(#4935));
#3090=EDGE_LOOP('',(#4936,#4937,#4938,#4939));
#3091=AXIS2_PLACEMENT_3D('',#4940,#4941,#4942);
#3092=SURFACE_SIDE_STYLE('',(#4943));
#3093=EDGE_LOOP('',(#4944,#4945,#4946,#4947));
#3094=AXIS2_PLACEMENT_3D('',#4948,#4949,#4950);
#3095=SURFACE_SIDE_STYLE('',(#4951));
#3096=EDGE_LOOP('',(#4952,#4953,#4954,#4955));
#3097=AXIS2_PLACEMENT_3D('',#4956,#4957,#4958);
#3098=SURFACE_SIDE_STYLE('',(#4959));
#3099=EDGE_LOOP('',(#4960,#4961,#4962,#4963));
#3100=AXIS2_PLACEMENT_3D('',#4964,#4965,#4966);
#3101=SURFACE_SIDE_STYLE('',(#4967));
#3102=EDGE_LOOP('',(#4968));
#3103=EDGE_LOOP('',(#4969));
#3104=AXIS2_PLACEMENT_3D('',#4970,#4971,#4972);
#3105=SURFACE_SIDE_STYLE('',(#4973));
#3106=EDGE_LOOP('',(#4974));
#3107=EDGE_LOOP('',(#4975));
#3108=AXIS2_PLACEMENT_3D('',#4976,#4977,#4978);
#3109=SURFACE_SIDE_STYLE('',(#4979));
#3110=EDGE_LOOP('',(#4980));
#3111=EDGE_LOOP('',(#4981));
#3112=AXIS2_PLACEMENT_3D('',#4982,#4983,#4984);
#3113=SURFACE_SIDE_STYLE('',(#4985));
#3114=EDGE_LOOP('',(#4986));
#3115=EDGE_LOOP('',(#4987));
#3116=AXIS2_PLACEMENT_3D('',#4988,#4989,#4990);
#3117=SURFACE_SIDE_STYLE('',(#4991));
#3118=EDGE_LOOP('',(#4992));
#3119=EDGE_LOOP('',(#4993));
#3120=AXIS2_PLACEMENT_3D('',#4994,#4995,#4996);
#3121=SURFACE_SIDE_STYLE('',(#4997));
#3122=EDGE_LOOP('',(#4998));
#3123=EDGE_LOOP('',(#4999));
#3124=AXIS2_PLACEMENT_3D('',#5000,#5001,#5002);
#3125=SURFACE_SIDE_STYLE('',(#5003));
#3126=EDGE_LOOP('',(#5004));
#3127=EDGE_LOOP('',(#5005));
#3128=AXIS2_PLACEMENT_3D('',#5006,#5007,#5008);
#3129=SURFACE_SIDE_STYLE('',(#5009));
#3130=EDGE_LOOP('',(#5010));
#3131=EDGE_LOOP('',(#5011,#5012,#5013,#5014));
#3132=AXIS2_PLACEMENT_3D('',#5015,#5016,#5017);
#3133=SURFACE_SIDE_STYLE('',(#5018));
#3134=EDGE_LOOP('',(#5019));
#3135=EDGE_LOOP('',(#5020,#5021,#5022,#5023,#5024,#5025));
#3136=AXIS2_PLACEMENT_3D('',#5026,#5027,#5028);
#3137=SURFACE_SIDE_STYLE('',(#5029));
#3138=EDGE_LOOP('',(#5030));
#3139=EDGE_LOOP('',(#5031,#5032,#5033,#5034,#5035,#5036));
#3140=AXIS2_PLACEMENT_3D('',#5037,#5038,#5039);
#3141=SURFACE_SIDE_STYLE('',(#5040));
#3142=EDGE_LOOP('',(#5041));
#3143=EDGE_LOOP('',(#5042,#5043,#5044,#5045,#5046,#5047));
#3144=AXIS2_PLACEMENT_3D('',#5048,#5049,#5050);
#3145=SURFACE_SIDE_STYLE('',(#5051));
#3146=EDGE_LOOP('',(#5052));
#3147=EDGE_LOOP('',(#5053,#5054,#5055,#5056,#5057,#5058));
#3148=AXIS2_PLACEMENT_3D('',#5059,#5060,#5061);
#3149=SURFACE_SIDE_STYLE('',(#5062));
#3150=EDGE_LOOP('',(#5063,#5064,#5065,#5066));
#3151=AXIS2_PLACEMENT_3D('',#5067,#5068,#5069);
#3152=SURFACE_SIDE_STYLE('',(#5070));
#3153=EDGE_LOOP('',(#5071,#5072,#5073,#5074));
#3154=AXIS2_PLACEMENT_3D('',#5075,#5076,#5077);
#3155=SURFACE_SIDE_STYLE('',(#5078));
#3156=EDGE_LOOP('',(#5079));
#3157=EDGE_LOOP('',(#5080));
#3158=AXIS2_PLACEMENT_3D('',#5081,#5082,#5083);
#3159=SURFACE_SIDE_STYLE('',(#5084));
#3160=EDGE_LOOP('',(#5085));
#3161=EDGE_LOOP('',(#5086));
#3162=AXIS2_PLACEMENT_3D('',#5087,#5088,#5089);
#3163=SURFACE_SIDE_STYLE('',(#5090));
#3164=EDGE_LOOP('',(#5091));
#3165=EDGE_LOOP('',(#5092));
#3166=AXIS2_PLACEMENT_3D('',#5093,#5094,#5095);
#3167=SURFACE_SIDE_STYLE('',(#5096));
#3168=EDGE_LOOP('',(#5097));
#3169=EDGE_LOOP('',(#5098));
#3170=AXIS2_PLACEMENT_3D('',#5099,#5100,#5101);
#3171=SURFACE_SIDE_STYLE('',(#5102));
#3172=EDGE_LOOP('',(#5103));
#3173=AXIS2_PLACEMENT_3D('',#5104,#5105,#5106);
#3174=SURFACE_SIDE_STYLE('',(#5107));
#3175=EDGE_LOOP('',(#5108));
#3176=EDGE_LOOP('',(#5109));
#3177=AXIS2_PLACEMENT_3D('',#5110,#5111,#5112);
#3178=SURFACE_SIDE_STYLE('',(#5113));
#3179=EDGE_LOOP('',(#5114));
#3180=AXIS2_PLACEMENT_3D('',#5115,#5116,#5117);
#3181=SURFACE_SIDE_STYLE('',(#5118));
#3182=EDGE_LOOP('',(#5119));
#3183=EDGE_LOOP('',(#5120));
#3184=AXIS2_PLACEMENT_3D('',#5121,#5122,#5123);
#3185=SURFACE_SIDE_STYLE('',(#5124));
#3186=EDGE_LOOP('',(#5125,#5126,#5127,#5128));
#3187=AXIS2_PLACEMENT_3D('',#5129,#5130,#5131);
#3188=SURFACE_SIDE_STYLE('',(#5132));
#3189=EDGE_LOOP('',(#5133,#5134,#5135,#5136));
#3190=AXIS2_PLACEMENT_3D('',#5137,#5138,#5139);
#3191=SURFACE_SIDE_STYLE('',(#5140));
#3192=EDGE_LOOP('',(#5141,#5142,#5143,#5144));
#3193=AXIS2_PLACEMENT_3D('',#5145,#5146,#5147);
#3194=SURFACE_SIDE_STYLE('',(#5148));
#3195=EDGE_LOOP('',(#5149,#5150,#5151,#5152));
#3196=AXIS2_PLACEMENT_3D('',#5153,#5154,#5155);
#3197=SURFACE_SIDE_STYLE('',(#5156));
#3198=EDGE_LOOP('',(#5157,#5158,#5159,#5160));
#3199=AXIS2_PLACEMENT_3D('',#5161,#5162,#5163);
#3200=SURFACE_SIDE_STYLE('',(#5164));
#3201=EDGE_LOOP('',(#5165,#5166,#5167,#5168));
#3202=AXIS2_PLACEMENT_3D('',#5169,#5170,#5171);
#3203=SURFACE_SIDE_STYLE('',(#5172));
#3204=EDGE_LOOP('',(#5173,#5174,#5175,#5176));
#3205=AXIS2_PLACEMENT_3D('',#5177,#5178,#5179);
#3206=SURFACE_SIDE_STYLE('',(#5180));
#3207=EDGE_LOOP('',(#5181,#5182,#5183,#5184));
#3208=AXIS2_PLACEMENT_3D('',#5185,#5186,#5187);
#3209=SURFACE_SIDE_STYLE('',(#5188));
#3210=EDGE_LOOP('',(#5189,#5190,#5191,#5192));
#3211=AXIS2_PLACEMENT_3D('',#5193,#5194,#5195);
#3212=SURFACE_SIDE_STYLE('',(#5196));
#3213=EDGE_LOOP('',(#5197,#5198,#5199,#5200));
#3214=AXIS2_PLACEMENT_3D('',#5201,#5202,#5203);
#3215=SURFACE_SIDE_STYLE('',(#5204));
#3216=EDGE_LOOP('',(#5205,#5206,#5207,#5208));
#3217=AXIS2_PLACEMENT_3D('',#5209,#5210,#5211);
#3218=SURFACE_SIDE_STYLE('',(#5212));
#3219=EDGE_LOOP('',(#5213,#5214,#5215,#5216));
#3220=AXIS2_PLACEMENT_3D('',#5217,#5218,#5219);
#3221=SURFACE_SIDE_STYLE('',(#5220));
#3222=EDGE_LOOP('',(#5221,#5222,#5223,#5224));
#3223=AXIS2_PLACEMENT_3D('',#5225,#5226,#5227);
#3224=SURFACE_SIDE_STYLE('',(#5228));
#3225=EDGE_LOOP('',(#5229,#5230,#5231,#5232));
#3226=AXIS2_PLACEMENT_3D('',#5233,#5234,#5235);
#3227=SURFACE_SIDE_STYLE('',(#5236));
#3228=EDGE_LOOP('',(#5237,#5238,#5239,#5240));
#3229=AXIS2_PLACEMENT_3D('',#5241,#5242,#5243);
#3230=SURFACE_SIDE_STYLE('',(#5244));
#3231=EDGE_LOOP('',(#5245,#5246,#5247,#5248));
#3232=AXIS2_PLACEMENT_3D('',#5249,#5250,#5251);
#3233=SURFACE_SIDE_STYLE('',(#5252));
#3234=EDGE_LOOP('',(#5253,#5254,#5255,#5256));
#3235=AXIS2_PLACEMENT_3D('',#5257,#5258,#5259);
#3236=SURFACE_SIDE_STYLE('',(#5260));
#3237=EDGE_LOOP('',(#5261,#5262,#5263,#5264));
#3238=AXIS2_PLACEMENT_3D('',#5265,#5266,#5267);
#3239=SURFACE_SIDE_STYLE('',(#5268));
#3240=EDGE_LOOP('',(#5269));
#3241=EDGE_LOOP('',(#5270));
#3242=EDGE_LOOP('',(#5271));
#3243=EDGE_LOOP('',(#5272));
#3244=EDGE_LOOP('',(#5273,#5274,#5275,#5276));
#3245=EDGE_LOOP('',(#5277,#5278,#5279,#5280,#5281,#5282,#5283,#5284));
#3246=AXIS2_PLACEMENT_3D('',#5285,#5286,#5287);
#3247=SURFACE_SIDE_STYLE('',(#5288));
#3248=EDGE_LOOP('',(#5289,#5290,#5291,#5292));
#3249=AXIS2_PLACEMENT_3D('',#5293,#5294,#5295);
#3250=SURFACE_SIDE_STYLE('',(#5296));
#3251=EDGE_LOOP('',(#5297,#5298,#5299,#5300));
#3252=AXIS2_PLACEMENT_3D('',#5301,#5302,#5303);
#3253=SURFACE_SIDE_STYLE('',(#5304));
#3254=EDGE_LOOP('',(#5305,#5306,#5307,#5308));
#3255=AXIS2_PLACEMENT_3D('',#5309,#5310,#5311);
#3256=SURFACE_SIDE_STYLE('',(#5312));
#3257=EDGE_LOOP('',(#5313,#5314,#5315,#5316));
#3258=AXIS2_PLACEMENT_3D('',#5317,#5318,#5319);
#3259=SURFACE_SIDE_STYLE('',(#5320));
#3260=EDGE_LOOP('',(#5321));
#3261=AXIS2_PLACEMENT_3D('',#5322,#5323,#5324);
#3262=SURFACE_SIDE_STYLE('',(#5325));
#3263=EDGE_LOOP('',(#5326));
#3264=EDGE_LOOP('',(#5327));
#3265=AXIS2_PLACEMENT_3D('',#5328,#5329,#5330);
#3266=SURFACE_SIDE_STYLE('',(#5331));
#3267=EDGE_LOOP('',(#5332));
#3268=EDGE_LOOP('',(#5333));
#3269=AXIS2_PLACEMENT_3D('',#5334,#5335,#5336);
#3270=SURFACE_SIDE_STYLE('',(#5337));
#3271=EDGE_LOOP('',(#5338));
#3272=EDGE_LOOP('',(#5339));
#3273=AXIS2_PLACEMENT_3D('',#5340,#5341,#5342);
#3274=SURFACE_SIDE_STYLE('',(#5343));
#3275=EDGE_LOOP('',(#5344));
#3276=AXIS2_PLACEMENT_3D('',#5345,#5346,#5347);
#3277=SURFACE_SIDE_STYLE('',(#5348));
#3278=EDGE_LOOP('',(#5349));
#3279=EDGE_LOOP('',(#5350));
#3280=AXIS2_PLACEMENT_3D('',#5351,#5352,#5353);
#3281=SURFACE_SIDE_STYLE('',(#5354));
#3282=EDGE_LOOP('',(#5355));
#3283=EDGE_LOOP('',(#5356));
#3284=AXIS2_PLACEMENT_3D('',#5357,#5358,#5359);
#3285=SURFACE_SIDE_STYLE('',(#5360));
#3286=EDGE_LOOP('',(#5361));
#3287=EDGE_LOOP('',(#5362));
#3288=AXIS2_PLACEMENT_3D('',#5363,#5364,#5365);
#3289=SURFACE_SIDE_STYLE('',(#5366));
#3290=EDGE_LOOP('',(#5367));
#3291=AXIS2_PLACEMENT_3D('',#5368,#5369,#5370);
#3292=SURFACE_SIDE_STYLE('',(#5371));
#3293=EDGE_LOOP('',(#5372));
#3294=EDGE_LOOP('',(#5373));
#3295=AXIS2_PLACEMENT_3D('',#5374,#5375,#5376);
#3296=SURFACE_SIDE_STYLE('',(#5377));
#3297=EDGE_LOOP('',(#5378));
#3298=EDGE_LOOP('',(#5379));
#3299=AXIS2_PLACEMENT_3D('',#5380,#5381,#5382);
#3300=SURFACE_SIDE_STYLE('',(#5383));
#3301=EDGE_LOOP('',(#5384));
#3302=EDGE_LOOP('',(#5385));
#3303=AXIS2_PLACEMENT_3D('',#5386,#5387,#5388);
#3304=SURFACE_SIDE_STYLE('',(#5389));
#3305=EDGE_LOOP('',(#5390));
#3306=AXIS2_PLACEMENT_3D('',#5391,#5392,#5393);
#3307=SURFACE_SIDE_STYLE('',(#5394));
#3308=EDGE_LOOP('',(#5395));
#3309=EDGE_LOOP('',(#5396));
#3310=AXIS2_PLACEMENT_3D('',#5397,#5398,#5399);
#3311=SURFACE_SIDE_STYLE('',(#5400));
#3312=EDGE_LOOP('',(#5401));
#3313=EDGE_LOOP('',(#5402));
#3314=AXIS2_PLACEMENT_3D('',#5403,#5404,#5405);
#3315=SURFACE_SIDE_STYLE('',(#5406));
#3316=EDGE_LOOP('',(#5407));
#3317=EDGE_LOOP('',(#5408));
#3318=AXIS2_PLACEMENT_3D('',#5409,#5410,#5411);
#3319=SURFACE_SIDE_STYLE('',(#5412));
#3320=EDGE_LOOP('',(#5413,#5414,#5415,#5416));
#3321=AXIS2_PLACEMENT_3D('',#5417,#5418,#5419);
#3322=SURFACE_SIDE_STYLE('',(#5420));
#3323=EDGE_LOOP('',(#5421,#5422,#5423,#5424));
#3324=AXIS2_PLACEMENT_3D('',#5425,#5426,#5427);
#3325=SURFACE_SIDE_STYLE('',(#5428));
#3326=EDGE_LOOP('',(#5429,#5430,#5431,#5432));
#3327=AXIS2_PLACEMENT_3D('',#5433,#5434,#5435);
#3328=SURFACE_SIDE_STYLE('',(#5436));
#3329=EDGE_LOOP('',(#5437,#5438,#5439,#5440));
#3330=AXIS2_PLACEMENT_3D('',#5441,#5442,#5443);
#3331=SURFACE_SIDE_STYLE('',(#5444));
#3332=EDGE_LOOP('',(#5445,#5446,#5447,#5448));
#3333=AXIS2_PLACEMENT_3D('',#5449,#5450,#5451);
#3334=SURFACE_SIDE_STYLE('',(#5452));
#3335=EDGE_LOOP('',(#5453,#5454,#5455,#5456,#5457));
#3336=AXIS2_PLACEMENT_3D('',#5458,#5459,#5460);
#3337=SURFACE_SIDE_STYLE('',(#5461));
#3338=EDGE_LOOP('',(#5462,#5463,#5464,#5465,#5466,#5467));
#3339=AXIS2_PLACEMENT_3D('',#5468,#5469,#5470);
#3340=SURFACE_SIDE_STYLE('',(#5471));
#3341=EDGE_LOOP('',(#5472,#5473,#5474,#5475));
#3342=AXIS2_PLACEMENT_3D('',#5476,#5477,#5478);
#3343=SURFACE_SIDE_STYLE('',(#5479));
#3344=EDGE_LOOP('',(#5480,#5481,#5482,#5483,#5484));
#3345=AXIS2_PLACEMENT_3D('',#5485,#5486,#5487);
#3346=SURFACE_SIDE_STYLE('',(#5488));
#3347=EDGE_LOOP('',(#5489,#5490,#5491,#5492));
#3348=AXIS2_PLACEMENT_3D('',#5493,#5494,#5495);
#3349=SURFACE_SIDE_STYLE('',(#5496));
#3350=EDGE_LOOP('',(#5497,#5498,#5499,#5500));
#3351=AXIS2_PLACEMENT_3D('',#5501,#5502,#5503);
#3352=SURFACE_SIDE_STYLE('',(#5504));
#3353=EDGE_LOOP('',(#5505,#5506,#5507,#5508));
#3354=AXIS2_PLACEMENT_3D('',#5509,#5510,#5511);
#3355=SURFACE_SIDE_STYLE('',(#5512));
#3356=EDGE_LOOP('',(#5513,#5514,#5515,#5516));
#3357=AXIS2_PLACEMENT_3D('',#5517,#5518,#5519);
#3358=SURFACE_SIDE_STYLE('',(#5520));
#3359=EDGE_LOOP('',(#5521,#5522,#5523,#5524,#5525,#5526,#5527,#5528));
#3360=AXIS2_PLACEMENT_3D('',#5529,#5530,#5531);
#3361=SURFACE_SIDE_STYLE('',(#5532));
#3362=EDGE_LOOP('',(#5533,#5534,#5535,#5536));
#3363=AXIS2_PLACEMENT_3D('',#5537,#5538,#5539);
#3364=SURFACE_SIDE_STYLE('',(#5540));
#3365=EDGE_LOOP('',(#5541,#5542,#5543,#5544));
#3366=AXIS2_PLACEMENT_3D('',#5545,#5546,#5547);
#3367=SURFACE_SIDE_STYLE('',(#5548));
#3368=EDGE_LOOP('',(#5549,#5550,#5551,#5552));
#3369=AXIS2_PLACEMENT_3D('',#5553,#5554,#5555);
#3370=SURFACE_SIDE_STYLE('',(#5556));
#3371=EDGE_LOOP('',(#5557,#5558,#5559,#5560));
#3372=AXIS2_PLACEMENT_3D('',#5561,#5562,#5563);
#3373=SURFACE_SIDE_STYLE('',(#5564));
#3374=EDGE_LOOP('',(#5565,#5566,#5567,#5568));
#3375=AXIS2_PLACEMENT_3D('',#5569,#5570,#5571);
#3376=SURFACE_SIDE_STYLE('',(#5572));
#3377=EDGE_LOOP('',(#5573,#5574,#5575,#5576));
#3378=AXIS2_PLACEMENT_3D('',#5577,#5578,#5579);
#3379=SURFACE_SIDE_STYLE('',(#5580));
#3380=EDGE_LOOP('',(#5581,#5582,#5583,#5584));
#3381=AXIS2_PLACEMENT_3D('',#5585,#5586,#5587);
#3382=SURFACE_SIDE_STYLE('',(#5588));
#3383=EDGE_LOOP('',(#5589,#5590,#5591,#5592));
#3384=AXIS2_PLACEMENT_3D('',#5593,#5594,#5595);
#3385=SURFACE_SIDE_STYLE('',(#5596));
#3386=EDGE_LOOP('',(#5597,#5598,#5599,#5600));
#3387=AXIS2_PLACEMENT_3D('',#5601,#5602,#5603);
#3388=SURFACE_SIDE_STYLE('',(#5604));
#3389=EDGE_LOOP('',(#5605,#5606,#5607,#5608));
#3390=AXIS2_PLACEMENT_3D('',#5609,#5610,#5611);
#3391=SURFACE_SIDE_STYLE('',(#5612));
#3392=EDGE_LOOP('',(#5613,#5614,#5615,#5616,#5617,#5618,#5619,#5620,#5621,#5622,#5623,#5624));
#3393=AXIS2_PLACEMENT_3D('',#5625,#5626,#5627);
#3394=SURFACE_SIDE_STYLE('',(#5628));
#3395=EDGE_LOOP('',(#5629,#5630,#5631,#5632));
#3396=AXIS2_PLACEMENT_3D('',#5633,#5634,#5635);
#3397=SURFACE_SIDE_STYLE('',(#5636));
#3398=EDGE_LOOP('',(#5637,#5638,#5639,#5640,#5641,#5642,#5643,#5644,#5645,#5646,#5647,#5648));
#3399=AXIS2_PLACEMENT_3D('',#5649,#5650,#5651);
#3400=SURFACE_SIDE_STYLE('',(#5652));
#3401=EDGE_LOOP('',(#5653,#5654,#5655,#5656));
#3402=AXIS2_PLACEMENT_3D('',#5657,#5658,#5659);
#3403=SURFACE_SIDE_STYLE('',(#5660));
#3404=EDGE_LOOP('',(#5661,#5662,#5663,#5664,#5665,#5666,#5667,#5668));
#3405=AXIS2_PLACEMENT_3D('',#5669,#5670,#5671);
#3406=SURFACE_SIDE_STYLE('',(#5672));
#3407=EDGE_LOOP('',(#5673,#5674,#5675,#5676));
#3408=AXIS2_PLACEMENT_3D('',#5677,#5678,#5679);
#3409=SURFACE_SIDE_STYLE('',(#5680));
#3410=EDGE_LOOP('',(#5681,#5682,#5683,#5684));
#3411=AXIS2_PLACEMENT_3D('',#5685,#5686,#5687);
#3412=SURFACE_SIDE_STYLE('',(#5688));
#3413=EDGE_LOOP('',(#5689,#5690,#5691,#5692));
#3414=AXIS2_PLACEMENT_3D('',#5693,#5694,#5695);
#3416= (NAMED_UNIT(#1783)LENGTH_UNIT()SI_UNIT($,.METRE.));
#3417=SURFACE_STYLE_FILL_AREA(#5697);
#3418=ORIENTED_EDGE('',*,*,#5698,.F.);
#3419=ORIENTED_EDGE('',*,*,#5699,.T.);
#3420=ORIENTED_EDGE('',*,*,#5700,.T.);
#3421=ORIENTED_EDGE('',*,*,#5701,.F.);
#3422=SURFACE_STYLE_FILL_AREA(#5702);
#3423=ORIENTED_EDGE('',*,*,#5703,.F.);
#3424=ORIENTED_EDGE('',*,*,#5704,.T.);
#3425=ORIENTED_EDGE('',*,*,#5705,.T.);
#3426=ORIENTED_EDGE('',*,*,#5706,.F.);
#3427=SURFACE_STYLE_FILL_AREA(#5707);
#3428=ORIENTED_EDGE('',*,*,#5708,.T.);
#3429=ORIENTED_EDGE('',*,*,#5709,.T.);
#3430=ORIENTED_EDGE('',*,*,#5710,.T.);
#3431=ORIENTED_EDGE('',*,*,#5711,.T.);
#3432=CARTESIAN_POINT('',(6.47810798060089E-18,0.000925660764049496,-0.0970742392359505));
#3433=DIRECTION('',(3.1641356201817E-15,-3.52495810318487E-15,1.0));
#3434=DIRECTION('',(1.0,1.13768533674843E-29,-3.1641356201817E-15));
#3435=SURFACE_STYLE_FILL_AREA(#5712);
#3436=ORIENTED_EDGE('',*,*,#5713,.F.);
#3437=ORIENTED_EDGE('',*,*,#5714,.T.);
#3438=ORIENTED_EDGE('',*,*,#5715,.T.);
#3439=ORIENTED_EDGE('',*,*,#5708,.F.);
#3440=SURFACE_STYLE_FILL_AREA(#5716);
#3441=ORIENTED_EDGE('',*,*,#5717,.F.);
#3442=ORIENTED_EDGE('',*,*,#5718,.T.);
#3443=ORIENTED_EDGE('',*,*,#5719,.T.);
#3444=ORIENTED_EDGE('',*,*,#5720,.F.);
#3445=SURFACE_STYLE_FILL_AREA(#5721);
#3446=ORIENTED_EDGE('',*,*,#5722,.F.);
#3447=ORIENTED_EDGE('',*,*,#5723,.T.);
#3448=ORIENTED_EDGE('',*,*,#5724,.T.);
#3449=ORIENTED_EDGE('',*,*,#5725,.F.);
#3450=SURFACE_STYLE_FILL_AREA(#5726);
#3451=ORIENTED_EDGE('',*,*,#5727,.F.);
#3452=ORIENTED_EDGE('',*,*,#5728,.T.);
#3453=ORIENTED_EDGE('',*,*,#5729,.T.);
#3454=ORIENTED_EDGE('',*,*,#5730,.F.);
#3455=SURFACE_STYLE_FILL_AREA(#5731);
#3456=ORIENTED_EDGE('',*,*,#5732,.F.);
#3457=ORIENTED_EDGE('',*,*,#5733,.T.);
#3458=ORIENTED_EDGE('',*,*,#5734,.T.);
#3459=ORIENTED_EDGE('',*,*,#5735,.F.);
#3460=SURFACE_STYLE_FILL_AREA(#5736);
#3461=ORIENTED_EDGE('',*,*,#5734,.F.);
#3462=ORIENTED_EDGE('',*,*,#5737,.T.);
#3463=ORIENTED_EDGE('',*,*,#5727,.T.);
#3464=ORIENTED_EDGE('',*,*,#5738,.F.);
#3465=SURFACE_STYLE_FILL_AREA(#5739);
#3466=ORIENTED_EDGE('',*,*,#5740,.T.);
#3467=ORIENTED_EDGE('',*,*,#5741,.T.);
#3468=ORIENTED_EDGE('',*,*,#5742,.F.);
#3469=ORIENTED_EDGE('',*,*,#5743,.T.);
#3470=CARTESIAN_POINT('',(-0.0229574612726037,-0.0143787734356707,-0.0976742392359505));
#3471=DIRECTION('',(-1.0,-1.1160764027724E-29,3.1641356201817E-15));
#3472=DIRECTION('',(3.1641356201817E-15,0.0,1.0));
#3473=SURFACE_STYLE_FILL_AREA(#5744);
#3474=ORIENTED_EDGE('',*,*,#5745,.F.);
#3475=ORIENTED_EDGE('',*,*,#5746,.T.);
#3476=ORIENTED_EDGE('',*,*,#5747,.T.);
#3477=ORIENTED_EDGE('',*,*,#5748,.T.);
#3478=CARTESIAN_POINT('',(-0.0214499999999999,-0.0143787734356707,-0.0976742392359505));
#3479=DIRECTION('',(-1.0,-1.1160764027724E-29,3.1641356201817E-15));
#3480=DIRECTION('',(3.1641356201817E-15,0.0,1.0));
#3481=SURFACE_STYLE_FILL_AREA(#5749);
#3482=ORIENTED_EDGE('',*,*,#5750,.T.);
#3483=ORIENTED_EDGE('',*,*,#5751,.T.);
#3484=ORIENTED_EDGE('',*,*,#5752,.F.);
#3485=ORIENTED_EDGE('',*,*,#5753,.T.);
#3486=CARTESIAN_POINT('',(0.0229574612726039,0.0156212265643293,-0.0976742392359506));
#3487=DIRECTION('',(1.0,1.12065048639032E-29,-3.1641356201817E-15));
#3488=DIRECTION('',(-3.1641356201817E-15,0.0,-1.0));
#3489=SURFACE_STYLE_FILL_AREA(#5754);
#3490=ORIENTED_EDGE('',*,*,#5755,.F.);
#3491=ORIENTED_EDGE('',*,*,#5756,.T.);
#3492=ORIENTED_EDGE('',*,*,#5757,.F.);
#3493=ORIENTED_EDGE('',*,*,#5758,.F.);
#3494=CARTESIAN_POINT('',(0.0229574612726038,0.0156212265643293,-0.0976742392359506));
#3495=DIRECTION('',(1.0,1.12065048639032E-29,-3.1641356201817E-15));
#3496=DIRECTION('',(-3.1641356201817E-15,0.0,-1.0));
#3497=SURFACE_STYLE_FILL_AREA(#5759);
#3498=ORIENTED_EDGE('',*,*,#5760,.F.);
#3499=ORIENTED_EDGE('',*,*,#5761,.F.);
#3500=ORIENTED_EDGE('',*,*,#5762,.F.);
#3501=ORIENTED_EDGE('',*,*,#5763,.F.);
#3502=CARTESIAN_POINT('',(0.0182500000000001,-0.0161743392359504,-0.102074239235951));
#3503=DIRECTION('',(-3.52495810318488E-15,3.52495810318487E-15,-1.0));
#3504=DIRECTION('',(-1.0,0.0,3.52495810318488E-15));
#3505=SURFACE_STYLE_FILL_AREA(#5764);
#3506=ORIENTED_EDGE('',*,*,#5765,.F.);
#3507=ORIENTED_EDGE('',*,*,#5766,.F.);
#3508=ORIENTED_EDGE('',*,*,#5767,.F.);
#3509=ORIENTED_EDGE('',*,*,#5768,.F.);
#3510=CARTESIAN_POINT('',(0.01825,0.0180256607640495,-0.102074239235951));
#3511=DIRECTION('',(-3.52495810318486E-15,-3.52495810318486E-15,-1.0));
#3512=DIRECTION('',(0.0,1.0,-3.52495810318486E-15));
#3513=SURFACE_STYLE_FILL_AREA(#5769);
#3514=ORIENTED_EDGE('',*,*,#5770,.F.);
#3515=ORIENTED_EDGE('',*,*,#5771,.F.);
#3516=ORIENTED_EDGE('',*,*,#5772,.F.);
#3517=ORIENTED_EDGE('',*,*,#5773,.F.);
#3518=CARTESIAN_POINT('',(-0.01825,-0.0161743392359504,-0.102074239235951));
#3519=DIRECTION('',(3.52495810318487E-15,3.52495810318487E-15,-1.0));
#3520=DIRECTION('',(0.0,1.0,3.52495810318487E-15));
#3521=SURFACE_STYLE_FILL_AREA(#5774);
#3522=ORIENTED_EDGE('',*,*,#5775,.F.);
#3523=ORIENTED_EDGE('',*,*,#5776,.F.);
#3524=ORIENTED_EDGE('',*,*,#5777,.F.);
#3525=ORIENTED_EDGE('',*,*,#5778,.F.);
#3526=CARTESIAN_POINT('',(-0.01825,0.0180256607640497,-0.102074239235951));
#3527=DIRECTION('',(3.52495810318487E-15,-3.52495810318488E-15,-1.0));
#3528=DIRECTION('',(0.0,1.0,-3.52495810318488E-15));
#3529=SURFACE_STYLE_FILL_AREA(#5779);
#3530=ORIENTED_EDGE('',*,*,#5780,.F.);
#3531=ORIENTED_EDGE('',*,*,#5781,.T.);
#3532=ORIENTED_EDGE('',*,*,#5782,.F.);
#3533=ORIENTED_EDGE('',*,*,#5783,.F.);
#3534=ORIENTED_EDGE('',*,*,#5784,.T.);
#3535=ORIENTED_EDGE('',*,*,#5785,.F.);
#3536=CARTESIAN_POINT('',(-0.00353612720171647,-0.0273526046683525,-0.0993254887172893));
#3537=DIRECTION('',(1.0,4.58203637511314E-17,-9.82620871645666E-17));
#3538=DIRECTION('',(-9.82620871645666E-17,0.0,-1.0));
#3539=SURFACE_STYLE_FILL_AREA(#5786);
#3540=ORIENTED_EDGE('',*,*,#5787,.F.);
#3541=ORIENTED_EDGE('',*,*,#5788,.T.);
#3542=ORIENTED_EDGE('',*,*,#5789,.F.);
#3543=ORIENTED_EDGE('',*,*,#5790,.F.);
#3544=ORIENTED_EDGE('',*,*,#5791,.T.);
#3545=ORIENTED_EDGE('',*,*,#5792,.F.);
#3546=CARTESIAN_POINT('',(0.0131333333333329,-0.0273526046683525,-0.0993254887172893));
#3547=DIRECTION('',(1.0,0.0,0.0));
#3548=DIRECTION('',(0.0,0.0,-1.0));
#3549=SURFACE_STYLE_FILL_AREA(#5793);
#3550=ORIENTED_EDGE('',*,*,#5794,.F.);
#3551=ORIENTED_EDGE('',*,*,#5795,.T.);
#3552=ORIENTED_EDGE('',*,*,#5796,.F.);
#3553=ORIENTED_EDGE('',*,*,#5797,.F.);
#3554=ORIENTED_EDGE('',*,*,#5798,.T.);
#3555=ORIENTED_EDGE('',*,*,#5799,.F.);
#3556=CARTESIAN_POINT('',(-0.0131333333333329,0.0292039261964517,-0.0993254887172893));
#3557=DIRECTION('',(-1.0,2.98372437868011E-15,-0.0));
#3558=DIRECTION('',(0.0,-0.0,-1.0));
#3559=SURFACE_STYLE_FILL_AREA(#5800);
#3560=ORIENTED_EDGE('',*,*,#5801,.F.);
#3561=ORIENTED_EDGE('',*,*,#5802,.T.);
#3562=ORIENTED_EDGE('',*,*,#5803,.F.);
#3563=ORIENTED_EDGE('',*,*,#5804,.F.);
#3564=ORIENTED_EDGE('',*,*,#5805,.T.);
#3565=ORIENTED_EDGE('',*,*,#5806,.F.);
#3566=CARTESIAN_POINT('',(0.00353612720171646,0.0292039261964517,-0.0993254887172893));
#3567=DIRECTION('',(-1.0,2.93862156830471E-15,-9.82620871645666E-17));
#3568=DIRECTION('',(9.82620871645666E-17,-2.93511723524615E-31,-1.0));
#3569=SURFACE_STYLE_FILL_AREA(#5807);
#3570=ORIENTED_EDGE('',*,*,#5808,.F.);
#3571=ORIENTED_EDGE('',*,*,#5809,.T.);
#3572=ORIENTED_EDGE('',*,*,#5810,.F.);
#3573=ORIENTED_EDGE('',*,*,#5811,.F.);
#3574=ORIENTED_EDGE('',*,*,#5812,.T.);
#3575=ORIENTED_EDGE('',*,*,#5813,.F.);
#3576=CARTESIAN_POINT('',(0.0294282654324021,0.0140589940973827,-0.0993254887172892));
#3577=DIRECTION('',(-3.49148336110938E-15,1.0,0.0));
#3578=DIRECTION('',(0.0,0.0,-1.0));
#3579=SURFACE_STYLE_FILL_AREA(#5814);
#3580=ORIENTED_EDGE('',*,*,#5815,.F.);
#3581=ORIENTED_EDGE('',*,*,#5816,.T.);
#3582=ORIENTED_EDGE('',*,*,#5817,.F.);
#3583=ORIENTED_EDGE('',*,*,#5818,.F.);
#3584=ORIENTED_EDGE('',*,*,#5819,.T.);
#3585=ORIENTED_EDGE('',*,*,#5820,.F.);
#3586=CARTESIAN_POINT('',(0.0294282654324021,-0.00261046643766674,-0.0993254887172892));
#3587=DIRECTION('',(-3.53730372486051E-15,1.0,-9.82620871645666E-17));
#3588=DIRECTION('',(3.43080442362964E-31,-9.82620871645666E-17,-1.0));
#3589=SURFACE_STYLE_FILL_AREA(#5821);
#3590=ORIENTED_EDGE('',*,*,#5822,.F.);
#3591=ORIENTED_EDGE('',*,*,#5823,.T.);
#3592=ORIENTED_EDGE('',*,*,#5824,.F.);
#3593=ORIENTED_EDGE('',*,*,#5825,.F.);
#3594=ORIENTED_EDGE('',*,*,#5826,.T.);
#3595=ORIENTED_EDGE('',*,*,#5827,.F.);
#3596=CARTESIAN_POINT('',(-0.0294282654324021,0.00446178796576599,-0.0993254887172892));
#3597=DIRECTION('',(5.52861792804671E-16,-1.0,-9.82620871645666E-17));
#3598=DIRECTION('',(-4.95687188383493E-32,9.82620871645666E-17,-1.0));
#3599=SURFACE_STYLE_FILL_AREA(#5828);
#3600=ORIENTED_EDGE('',*,*,#5829,.F.);
#3601=ORIENTED_EDGE('',*,*,#5830,.T.);
#3602=ORIENTED_EDGE('',*,*,#5831,.F.);
#3603=ORIENTED_EDGE('',*,*,#5832,.F.);
#3604=ORIENTED_EDGE('',*,*,#5833,.T.);
#3605=ORIENTED_EDGE('',*,*,#5834,.F.);
#3606=CARTESIAN_POINT('',(-0.029428265432402,-0.0122076725692834,-0.0993254887172892));
#3607=DIRECTION('',(5.07758982429274E-16,-1.0,0.0));
#3608=DIRECTION('',(0.0,0.0,-1.0));
#3609=SURFACE_STYLE_FILL_AREA(#5835);
#3610=ORIENTED_EDGE('',*,*,#5836,.F.);
#3611=ORIENTED_EDGE('',*,*,#5837,.F.);
#3612=ORIENTED_EDGE('',*,*,#5838,.F.);
#3613=ORIENTED_EDGE('',*,*,#5839,.F.);
#3614=CARTESIAN_POINT('',(0.0193499999999999,-0.0172743392359504,-0.0976742392359507));
#3615=DIRECTION('',(-3.1641356201817E-15,3.52495810318487E-15,-1.0));
#3616=DIRECTION('',(0.0,1.0,3.52495810318487E-15));
#3617=SURFACE_STYLE_FILL_AREA(#5840);
#3618=ORIENTED_EDGE('',*,*,#5841,.F.);
#3619=ORIENTED_EDGE('',*,*,#5842,.F.);
#3620=ORIENTED_EDGE('',*,*,#5843,.F.);
#3621=ORIENTED_EDGE('',*,*,#5746,.F.);
#3622=CARTESIAN_POINT('',(-0.0194499999999999,-0.0172743392359504,-0.0976742392359506));
#3623=DIRECTION('',(3.1641356201817E-15,-3.52495810318487E-15,1.0));
#3624=DIRECTION('',(0.0,-1.0,-3.52495810318487E-15));
#3625=SURFACE_STYLE_FILL_AREA(#5844);
#3626=ORIENTED_EDGE('',*,*,#5845,.F.);
#3627=ORIENTED_EDGE('',*,*,#5846,.F.);
#3628=ORIENTED_EDGE('',*,*,#5847,.F.);
#3629=ORIENTED_EDGE('',*,*,#5748,.F.);
#3630=CARTESIAN_POINT('',(-0.0194499999999999,0.0192256607640496,-0.0976742392359504));
#3631=DIRECTION('',(-3.1641356201817E-15,3.52495810318487E-15,-1.0));
#3632=DIRECTION('',(0.0,1.0,3.52495810318487E-15));
#3633=SURFACE_STYLE_FILL_AREA(#5848);
#3634=ORIENTED_EDGE('',*,*,#5849,.F.);
#3635=ORIENTED_EDGE('',*,*,#5850,.F.);
#3636=ORIENTED_EDGE('',*,*,#5851,.F.);
#3637=ORIENTED_EDGE('',*,*,#5852,.F.);
#3638=CARTESIAN_POINT('',(0.0193499999999999,0.0192256607640496,-0.0976742392359506));
#3639=DIRECTION('',(3.1641356201817E-15,-3.52495810318487E-15,1.0));
#3640=DIRECTION('',(0.0,-1.0,-3.52495810318487E-15));
#3641=SURFACE_STYLE_FILL_AREA(#5853);
#3642=ORIENTED_EDGE('',*,*,#5854,.F.);
#3643=ORIENTED_EDGE('',*,*,#5838,.T.);
#3644=ORIENTED_EDGE('',*,*,#5855,.T.);
#3645=ORIENTED_EDGE('',*,*,#5841,.T.);
#3646=ORIENTED_EDGE('',*,*,#5745,.T.);
#3647=ORIENTED_EDGE('',*,*,#5847,.T.);
#3648=ORIENTED_EDGE('',*,*,#5856,.T.);
#3649=ORIENTED_EDGE('',*,*,#5849,.T.);
#3650=ORIENTED_EDGE('',*,*,#5783,.T.);
#3651=ORIENTED_EDGE('',*,*,#5857,.F.);
#3652=ORIENTED_EDGE('',*,*,#5858,.T.);
#3653=ORIENTED_EDGE('',*,*,#5859,.T.);
#3654=ORIENTED_EDGE('',*,*,#5790,.T.);
#3655=ORIENTED_EDGE('',*,*,#5860,.F.);
#3656=ORIENTED_EDGE('',*,*,#5752,.T.);
#3657=ORIENTED_EDGE('',*,*,#5861,.F.);
#3658=ORIENTED_EDGE('',*,*,#5862,.F.);
#3659=ORIENTED_EDGE('',*,*,#5863,.T.);
#3660=ORIENTED_EDGE('',*,*,#5864,.T.);
#3661=ORIENTED_EDGE('',*,*,#5818,.T.);
#3662=ORIENTED_EDGE('',*,*,#5865,.F.);
#3663=ORIENTED_EDGE('',*,*,#5866,.T.);
#3664=ORIENTED_EDGE('',*,*,#5867,.T.);
#3665=ORIENTED_EDGE('',*,*,#5811,.T.);
#3666=ORIENTED_EDGE('',*,*,#5868,.F.);
#3667=ORIENTED_EDGE('',*,*,#5869,.T.);
#3668=ORIENTED_EDGE('',*,*,#5758,.T.);
#3669=ORIENTED_EDGE('',*,*,#5870,.F.);
#3670=ORIENTED_EDGE('',*,*,#5871,.T.);
#3671=ORIENTED_EDGE('',*,*,#5872,.F.);
#3672=ORIENTED_EDGE('',*,*,#5801,.T.);
#3673=ORIENTED_EDGE('',*,*,#5873,.F.);
#3674=ORIENTED_EDGE('',*,*,#5874,.T.);
#3675=ORIENTED_EDGE('',*,*,#5875,.F.);
#3676=ORIENTED_EDGE('',*,*,#5794,.T.);
#3677=ORIENTED_EDGE('',*,*,#5876,.F.);
#3678=ORIENTED_EDGE('',*,*,#5742,.T.);
#3679=ORIENTED_EDGE('',*,*,#5877,.F.);
#3680=ORIENTED_EDGE('',*,*,#5878,.F.);
#3681=ORIENTED_EDGE('',*,*,#5879,.T.);
#3682=ORIENTED_EDGE('',*,*,#5880,.F.);
#3683=ORIENTED_EDGE('',*,*,#5822,.T.);
#3684=ORIENTED_EDGE('',*,*,#5881,.F.);
#3685=ORIENTED_EDGE('',*,*,#5882,.T.);
#3686=ORIENTED_EDGE('',*,*,#5883,.F.);
#3687=ORIENTED_EDGE('',*,*,#5829,.T.);
#3688=ORIENTED_EDGE('',*,*,#5884,.F.);
#3689=ORIENTED_EDGE('',*,*,#5885,.T.);
#3690=ORIENTED_EDGE('',*,*,#5886,.F.);
#3691=ORIENTED_EDGE('',*,*,#5887,.F.);
#3692=ORIENTED_EDGE('',*,*,#5888,.T.);
#3693=ORIENTED_EDGE('',*,*,#5889,.T.);
#3694=CARTESIAN_POINT('',(0.0213499999999999,-0.0192743392359504,-0.0990742392359506));
#3695=DIRECTION('',(0.0,-3.52495810318487E-15,1.0));
#3696=DIRECTION('',(-1.0,0.0,0.0));
#3697=SURFACE_STYLE_FILL_AREA(#5890);
#3698=ORIENTED_EDGE('',*,*,#5891,.T.);
#3699=ORIENTED_EDGE('',*,*,#5773,.T.);
#3700=ORIENTED_EDGE('',*,*,#5892,.F.);
#3701=ORIENTED_EDGE('',*,*,#5761,.T.);
#3702=ORIENTED_EDGE('',*,*,#5893,.T.);
#3703=ORIENTED_EDGE('',*,*,#5787,.T.);
#3704=ORIENTED_EDGE('',*,*,#5894,.F.);
#3705=ORIENTED_EDGE('',*,*,#5895,.F.);
#3706=ORIENTED_EDGE('',*,*,#5896,.T.);
#3707=ORIENTED_EDGE('',*,*,#5780,.T.);
#3708=ORIENTED_EDGE('',*,*,#5897,.F.);
#3709=ORIENTED_EDGE('',*,*,#5898,.F.);
#3710=CARTESIAN_POINT('',(0.0213499999999999,-0.0193743392359504,-0.102074239235951));
#3711=DIRECTION('',(-1.11699426399883E-29,-1.0,-3.52495810318487E-15));
#3712=DIRECTION('',(-1.0,0.0,3.16881571724101E-15));
#3713=SURFACE_STYLE_FILL_AREA(#5899);
#3714=ORIENTED_EDGE('',*,*,#5714,.F.);
#3715=ORIENTED_EDGE('',*,*,#5900,.F.);
#3716=ORIENTED_EDGE('',*,*,#5901,.F.);
#3717=ORIENTED_EDGE('',*,*,#5902,.F.);
#3718=ORIENTED_EDGE('',*,*,#5733,.F.);
#3719=ORIENTED_EDGE('',*,*,#5903,.F.);
#3720=ORIENTED_EDGE('',*,*,#5728,.F.);
#3721=ORIENTED_EDGE('',*,*,#5737,.F.);
#3722=ORIENTED_EDGE('',*,*,#5723,.F.);
#3723=ORIENTED_EDGE('',*,*,#5904,.F.);
#3724=ORIENTED_EDGE('',*,*,#5718,.F.);
#3725=ORIENTED_EDGE('',*,*,#5905,.F.);
#3726=ORIENTED_EDGE('',*,*,#5906,.F.);
#3727=ORIENTED_EDGE('',*,*,#5907,.F.);
#3728=ORIENTED_EDGE('',*,*,#5908,.F.);
#3729=ORIENTED_EDGE('',*,*,#5909,.F.);
#3730=ORIENTED_EDGE('',*,*,#5910,.F.);
#3731=ORIENTED_EDGE('',*,*,#5911,.F.);
#3732=ORIENTED_EDGE('',*,*,#5912,.F.);
#3733=ORIENTED_EDGE('',*,*,#5913,.F.);
#3734=ORIENTED_EDGE('',*,*,#5914,.F.);
#3735=ORIENTED_EDGE('',*,*,#5915,.F.);
#3736=ORIENTED_EDGE('',*,*,#5704,.F.);
#3737=ORIENTED_EDGE('',*,*,#5916,.F.);
#3738=ORIENTED_EDGE('',*,*,#5699,.F.);
#3739=ORIENTED_EDGE('',*,*,#5917,.T.);
#3740=ORIENTED_EDGE('',*,*,#5836,.T.);
#3741=ORIENTED_EDGE('',*,*,#5918,.F.);
#3742=ORIENTED_EDGE('',*,*,#5851,.T.);
#3743=ORIENTED_EDGE('',*,*,#5919,.T.);
#3744=ORIENTED_EDGE('',*,*,#5845,.T.);
#3745=ORIENTED_EDGE('',*,*,#5747,.F.);
#3746=ORIENTED_EDGE('',*,*,#5843,.T.);
#3747=CARTESIAN_POINT('',(0.000150018223881891,0.000621229897337141,-0.0976742392359506));
#3748=DIRECTION('',(-3.1641356201817E-15,3.52495810318487E-15,-1.0));
#3749=DIRECTION('',(-1.0,0.0,3.1641356201817E-15));
#3750=SURFACE_STYLE_FILL_AREA(#5920);
#3751=ORIENTED_EDGE('',*,*,#5856,.F.);
#3752=ORIENTED_EDGE('',*,*,#5846,.T.);
#3753=ORIENTED_EDGE('',*,*,#5919,.F.);
#3754=ORIENTED_EDGE('',*,*,#5850,.T.);
#3755=CARTESIAN_POINT('',(-0.0203483571275636,0.0212256607640496,-0.0976742392359504));
#3756=DIRECTION('',(1.11488170138404E-29,1.0,3.52495810318487E-15));
#3757=DIRECTION('',(0.0,-3.52495810318487E-15,1.0));
#3758=SURFACE_STYLE_FILL_AREA(#5921);
#3759=ORIENTED_EDGE('',*,*,#5855,.F.);
#3760=ORIENTED_EDGE('',*,*,#5837,.T.);
#3761=ORIENTED_EDGE('',*,*,#5917,.F.);
#3762=ORIENTED_EDGE('',*,*,#5842,.T.);
#3763=CARTESIAN_POINT('',(0.0206500161120741,-0.0192743392359504,-0.0976742392359507));
#3764=DIRECTION('',(-1.11861040272646E-29,-1.0,-3.52495810318487E-15));
#3765=DIRECTION('',(0.0,3.52495810318487E-15,-1.0));
#3766=SURFACE_STYLE_FILL_AREA(#5922);
#3767=ORIENTED_EDGE('',*,*,#5923,.F.);
#3768=ORIENTED_EDGE('',*,*,#5901,.T.);
#3769=ORIENTED_EDGE('',*,*,#5924,.T.);
#3770=ORIENTED_EDGE('',*,*,#5710,.F.);
#3771=SURFACE_STYLE_FILL_AREA(#5925);
#3772=ORIENTED_EDGE('',*,*,#5926,.F.);
#3773=ORIENTED_EDGE('',*,*,#5927,.F.);
#3774=ORIENTED_EDGE('',*,*,#5928,.T.);
#3775=ORIENTED_EDGE('',*,*,#5929,.T.);
#3776=CARTESIAN_POINT('',(-0.0183500000000001,-0.0180743392359504,-0.102074239235951));
#3777=DIRECTION('',(-1.0,-1.11583566152935E-29,3.1641356201817E-15));
#3778=DIRECTION('',(-4.91112135818712E-33,1.0,3.52495810318487E-15));
#3779=SURFACE_STYLE_FILL_AREA(#5930);
#3780=ORIENTED_EDGE('',*,*,#5931,.F.);
#3781=ORIENTED_EDGE('',*,*,#5932,.F.);
#3782=ORIENTED_EDGE('',*,*,#5933,.T.);
#3783=ORIENTED_EDGE('',*,*,#5934,.T.);
#3784=CARTESIAN_POINT('',(0.0183499999999999,0.0199256607640496,-0.102074239235951));
#3785=DIRECTION('',(1.0,1.11583566152935E-29,-3.1641356201817E-15));
#3786=DIRECTION('',(4.91112135818712E-33,-1.0,-3.52495810318487E-15));
#3787=SURFACE_STYLE_FILL_AREA(#5935);
#3788=ORIENTED_EDGE('',*,*,#5936,.F.);
#3789=ORIENTED_EDGE('',*,*,#5929,.F.);
#3790=ORIENTED_EDGE('',*,*,#5937,.T.);
#3791=ORIENTED_EDGE('',*,*,#5932,.T.);
#3792=CARTESIAN_POINT('',(-0.0190000000000001,0.0182256607640496,-0.10207423923595));
#3793=DIRECTION('',(1.11836977987723E-29,1.0,3.52495810318487E-15));
#3794=DIRECTION('',(1.0,-3.02523048369674E-32,-3.1641356201817E-15));
#3795=SURFACE_STYLE_FILL_AREA(#5938);
#3796=ORIENTED_EDGE('',*,*,#5939,.F.);
#3797=ORIENTED_EDGE('',*,*,#5934,.F.);
#3798=ORIENTED_EDGE('',*,*,#5940,.T.);
#3799=ORIENTED_EDGE('',*,*,#5927,.T.);
#3800=CARTESIAN_POINT('',(0.0189999999999999,-0.0163743392359504,-0.102074239235951));
#3801=DIRECTION('',(-1.11836977987723E-29,-1.0,-3.52495810318487E-15));
#3802=DIRECTION('',(-1.0,3.02523048369674E-32,3.1641356201817E-15));
#3803=SURFACE_STYLE_FILL_AREA(#5941);
#3804=ORIENTED_EDGE('',*,*,#5942,.T.);
#3805=ORIENTED_EDGE('',*,*,#5777,.T.);
#3806=ORIENTED_EDGE('',*,*,#5943,.T.);
#3807=ORIENTED_EDGE('',*,*,#5767,.T.);
#3808=ORIENTED_EDGE('',*,*,#5944,.T.);
#3809=ORIENTED_EDGE('',*,*,#5762,.T.);
#3810=ORIENTED_EDGE('',*,*,#5892,.T.);
#3811=ORIENTED_EDGE('',*,*,#5772,.T.);
#3812=ORIENTED_EDGE('',*,*,#5940,.F.);
#3813=ORIENTED_EDGE('',*,*,#5933,.F.);
#3814=ORIENTED_EDGE('',*,*,#5937,.F.);
#3815=ORIENTED_EDGE('',*,*,#5928,.F.);
#3816=CARTESIAN_POINT('',(0.000150018223881872,0.000621229897337162,-0.103674239235951));
#3817=DIRECTION('',(-3.1641356201817E-15,3.52495810318487E-15,-1.0));
#3818=DIRECTION('',(-1.0,0.0,3.1641356201817E-15));
#3819=SURFACE_STYLE_FILL_AREA(#5945);
#3820=ORIENTED_EDGE('',*,*,#5792,.T.);
#3821=ORIENTED_EDGE('',*,*,#5946,.F.);
#3822=ORIENTED_EDGE('',*,*,#5947,.F.);
#3823=ORIENTED_EDGE('',*,*,#5894,.T.);
#3824=CARTESIAN_POINT('',(0.00313333333333293,-0.0193743392359504,-0.104599218085939));
#3825=DIRECTION('',(0.0,-3.56988637447974E-15,1.0));
#3826=DIRECTION('',(0.0,-1.0,-3.56988637447974E-15));
#3827=SURFACE_STYLE_FILL_AREA(#5948);
#3828=ORIENTED_EDGE('',*,*,#5949,.F.);
#3829=ORIENTED_EDGE('',*,*,#5950,.T.);
#3830=ORIENTED_EDGE('',*,*,#5951,.F.);
#3831=ORIENTED_EDGE('',*,*,#5886,.T.);
#3832=CARTESIAN_POINT('',(-0.0229574612726037,-0.0143787734356707,-0.0976742392359505));
#3833=DIRECTION('',(-1.0,-1.1160764027724E-29,3.1641356201817E-15));
#3834=DIRECTION('',(3.1641356201817E-15,0.0,1.0));
#3835=SURFACE_STYLE_FILL_AREA(#5952);
#3836=ORIENTED_EDGE('',*,*,#5918,.T.);
#3837=ORIENTED_EDGE('',*,*,#5839,.T.);
#3838=ORIENTED_EDGE('',*,*,#5854,.T.);
#3839=ORIENTED_EDGE('',*,*,#5852,.T.);
#3840=CARTESIAN_POINT('',(0.0213499999999999,0.0156212265643293,-0.0976742392359506));
#3841=DIRECTION('',(1.0,1.12065048639032E-29,-3.1641356201817E-15));
#3842=DIRECTION('',(-3.1641356201817E-15,0.0,-1.0));
#3843=SURFACE_STYLE_FILL_AREA(#5953);
#3844=ORIENTED_EDGE('',*,*,#5954,.T.);
#3845=CARTESIAN_POINT('',(0.0139500003799999,0.0135256615440496,-0.105874339235951));
#3846=DIRECTION('',(-3.1641356201817E-15,3.52495810318487E-15,-1.0));
#3847=DIRECTION('',(-1.0,-1.13768533674843E-29,3.1641356201817E-15));
#3848=SURFACE_STYLE_FILL_AREA(#5955);
#3849=ORIENTED_EDGE('',*,*,#5785,.T.);
#3850=ORIENTED_EDGE('',*,*,#5956,.F.);
#3851=ORIENTED_EDGE('',*,*,#5957,.F.);
#3852=ORIENTED_EDGE('',*,*,#5897,.T.);
#3853=CARTESIAN_POINT('',(-0.0135361272017165,-0.0193743392359504,-0.104599218085939));
#3854=DIRECTION('',(0.0,-3.56988637447974E-15,1.0));
#3855=DIRECTION('',(0.0,-1.0,-3.56988637447974E-15));
#3856=SURFACE_STYLE_FILL_AREA(#5958);
#3857=ORIENTED_EDGE('',*,*,#5857,.T.);
#3858=ORIENTED_EDGE('',*,*,#5782,.T.);
#3859=ORIENTED_EDGE('',*,*,#5959,.T.);
#3860=ORIENTED_EDGE('',*,*,#5960,.T.);
#3861=CARTESIAN_POINT('',(0.0213499999999999,-0.0228874793559457,-0.104403209968839));
#3862=DIRECTION('',(1.58251036913291E-15,0.866025403784436,0.500000000000004));
#3863=DIRECTION('',(-1.27689305369352E-16,-0.500000000000004,0.866025403784436));
#3864=SURFACE_STYLE_FILL_AREA(#5961);
#3865=ORIENTED_EDGE('',*,*,#5788,.F.);
#3866=ORIENTED_EDGE('',*,*,#5893,.F.);
#3867=ORIENTED_EDGE('',*,*,#5760,.T.);
#3868=ORIENTED_EDGE('',*,*,#5962,.F.);
#3869=ORIENTED_EDGE('',*,*,#5963,.F.);
#3870=ORIENTED_EDGE('',*,*,#5964,.F.);
#3871=ORIENTED_EDGE('',*,*,#5750,.F.);
#3872=ORIENTED_EDGE('',*,*,#5965,.F.);
#3873=CARTESIAN_POINT('',(0.000150018223881858,0.000621229897337177,-0.107877147636187));
#3874=DIRECTION('',(-3.1641356201817E-15,3.52495810318487E-15,-1.0));
#3875=DIRECTION('',(-1.0,0.0,3.1641356201817E-15));
#3876=SURFACE_STYLE_FILL_AREA(#5966);
#3877=ORIENTED_EDGE('',*,*,#5860,.T.);
#3878=ORIENTED_EDGE('',*,*,#5789,.T.);
#3879=ORIENTED_EDGE('',*,*,#5965,.T.);
#3880=ORIENTED_EDGE('',*,*,#5753,.F.);
#3881=CARTESIAN_POINT('',(0.0213499999999999,-0.0228874793559457,-0.104403209968839));
#3882=DIRECTION('',(1.58251036913291E-15,0.866025403784436,0.500000000000004));
#3883=DIRECTION('',(-1.27689305369352E-16,-0.500000000000004,0.866025403784436));
#3884=SURFACE_STYLE_FILL_AREA(#5967);
#3885=ORIENTED_EDGE('',*,*,#5968,.T.);
#3886=ORIENTED_EDGE('',*,*,#5887,.T.);
#3887=ORIENTED_EDGE('',*,*,#5951,.T.);
#3888=ORIENTED_EDGE('',*,*,#5969,.T.);
#3889=CARTESIAN_POINT('',(0.0213499999999999,-0.0228874793559457,-0.104403209968839));
#3890=DIRECTION('',(1.58251036913291E-15,0.866025403784436,0.500000000000004));
#3891=DIRECTION('',(-1.27689305369352E-16,-0.500000000000004,0.866025403784436));
#3892=SURFACE_STYLE_FILL_AREA(#5970);
#3893=ORIENTED_EDGE('',*,*,#5971,.T.);
#3894=ORIENTED_EDGE('',*,*,#5701,.T.);
#3895=ORIENTED_EDGE('',*,*,#5972,.T.);
#3896=ORIENTED_EDGE('',*,*,#5706,.T.);
#3897=CARTESIAN_POINT('',(6.47810798060089E-18,0.000925660764049496,-0.0970742392359505));
#3898=DIRECTION('',(3.1641356201817E-15,-3.52495810318487E-15,1.0));
#3899=DIRECTION('',(1.0,1.13768533674843E-29,-3.1641356201817E-15));
#3900=SURFACE_STYLE_FILL_AREA(#5973);
#3901=ORIENTED_EDGE('',*,*,#5974,.F.);
#3902=ORIENTED_EDGE('',*,*,#5946,.T.);
#3903=ORIENTED_EDGE('',*,*,#5791,.F.);
#3904=ORIENTED_EDGE('',*,*,#5859,.F.);
#3905=CARTESIAN_POINT('',(-0.00853612720171647,-0.0227317411626288,-0.101309006217491));
#3906=DIRECTION('',(2.45288873419888E-16,0.866025403784439,0.5));
#3907=DIRECTION('',(1.0,-2.76271048331964E-16,-1.20622544684977E-17));
#3908=SURFACE_STYLE_FILL_AREA(#5975);
#3909=ORIENTED_EDGE('',*,*,#5831,.T.);
#3910=ORIENTED_EDGE('',*,*,#5976,.F.);
#3911=ORIENTED_EDGE('',*,*,#5977,.F.);
#3912=ORIENTED_EDGE('',*,*,#5978,.T.);
#3913=CARTESIAN_POINT('',(-0.02145,-0.0022076725692834,-0.104599218085939));
#3914=DIRECTION('',(-3.56988637447974E-15,-1.81457665706346E-30,1.0));
#3915=DIRECTION('',(-1.0,-5.07758982429274E-16,-3.56988637447974E-15));
#3916=SURFACE_STYLE_FILL_AREA(#5979);
#3917=ORIENTED_EDGE('',*,*,#5980,.T.);
#3918=ORIENTED_EDGE('',*,*,#5882,.F.);
#3919=ORIENTED_EDGE('',*,*,#5981,.F.);
#3920=ORIENTED_EDGE('',*,*,#5982,.T.);
#3921=ORIENTED_EDGE('',*,*,#5983,.T.);
#3922=ORIENTED_EDGE('',*,*,#5977,.T.);
#3923=CARTESIAN_POINT('',(-0.0260473193384765,-0.00320767256928341,-0.106575951013582));
#3924=DIRECTION('',(-5.07758982429274E-16,1.0,0.0));
#3925=DIRECTION('',(0.0,0.0,1.0));
#3926=SURFACE_STYLE_FILL_AREA(#5984);
#3927=ORIENTED_EDGE('',*,*,#5824,.T.);
#3928=ORIENTED_EDGE('',*,*,#5985,.F.);
#3929=ORIENTED_EDGE('',*,*,#5986,.F.);
#3930=ORIENTED_EDGE('',*,*,#5987,.T.);
#3931=CARTESIAN_POINT('',(-0.02145,0.014461787965766,-0.104599218085939));
#3932=DIRECTION('',(-3.56988637447974E-15,-1.81457665706346E-30,1.0));
#3933=DIRECTION('',(-1.0,-5.07758982429274E-16,-3.56988637447974E-15));
#3934=SURFACE_STYLE_FILL_AREA(#5988);
#3935=ORIENTED_EDGE('',*,*,#5989,.T.);
#3936=ORIENTED_EDGE('',*,*,#5778,.T.);
#3937=ORIENTED_EDGE('',*,*,#5942,.F.);
#3938=ORIENTED_EDGE('',*,*,#5771,.T.);
#3939=ORIENTED_EDGE('',*,*,#5990,.T.);
#3940=ORIENTED_EDGE('',*,*,#5832,.T.);
#3941=ORIENTED_EDGE('',*,*,#5978,.F.);
#3942=ORIENTED_EDGE('',*,*,#5983,.F.);
#3943=ORIENTED_EDGE('',*,*,#5991,.T.);
#3944=ORIENTED_EDGE('',*,*,#5825,.T.);
#3945=ORIENTED_EDGE('',*,*,#5987,.F.);
#3946=ORIENTED_EDGE('',*,*,#5992,.F.);
#3947=CARTESIAN_POINT('',(-0.02145,-0.0204243392359504,-0.102074239235951));
#3948=DIRECTION('',(-1.0,-5.07758982429274E-16,-3.52495810318487E-15));
#3949=DIRECTION('',(-5.07758982429285E-16,1.0,3.16881571724101E-15));
#3950=SURFACE_STYLE_FILL_AREA(#5993);
#3951=ORIENTED_EDGE('',*,*,#5981,.T.);
#3952=ORIENTED_EDGE('',*,*,#5881,.T.);
#3953=ORIENTED_EDGE('',*,*,#5827,.T.);
#3954=ORIENTED_EDGE('',*,*,#5994,.T.);
#3955=CARTESIAN_POINT('',(-0.0249631401199953,-0.0204243392359504,-0.104403209968839));
#3956=DIRECTION('',(0.866025403784436,-1.14482722516087E-15,0.500000000000004));
#3957=DIRECTION('',(-0.500000000000004,-1.25509953992368E-16,0.866025403784436));
#3958=SURFACE_STYLE_FILL_AREA(#5995);
#3959=ORIENTED_EDGE('',*,*,#5830,.F.);
#3960=ORIENTED_EDGE('',*,*,#5883,.T.);
#3961=ORIENTED_EDGE('',*,*,#5980,.F.);
#3962=ORIENTED_EDGE('',*,*,#5976,.T.);
#3963=CARTESIAN_POINT('',(-0.0248074019266784,0.00946178796576601,-0.101309006217491));
#3964=DIRECTION('',(0.866025403784439,1.92644574817254E-16,0.5));
#3965=DIRECTION('',(2.29609011659556E-16,-1.0,-1.24053244355174E-17));
#3966=SURFACE_STYLE_FILL_AREA(#5996);
#3967=ORIENTED_EDGE('',*,*,#5823,.F.);
#3968=ORIENTED_EDGE('',*,*,#5880,.T.);
#3969=ORIENTED_EDGE('',*,*,#5997,.F.);
#3970=ORIENTED_EDGE('',*,*,#5985,.T.);
#3971=CARTESIAN_POINT('',(-0.0248074019266784,0.00946178796576601,-0.101309006217491));
#3972=DIRECTION('',(0.866025403784439,1.92644574817254E-16,0.5));
#3973=DIRECTION('',(2.29609011659556E-16,-1.0,-1.24053244355174E-17));
#3974=SURFACE_STYLE_FILL_AREA(#5998);
#3975=ORIENTED_EDGE('',*,*,#5826,.F.);
#3976=ORIENTED_EDGE('',*,*,#5991,.F.);
#3977=ORIENTED_EDGE('',*,*,#5982,.F.);
#3978=ORIENTED_EDGE('',*,*,#5994,.F.);
#3979=CARTESIAN_POINT('',(-0.00145443086671239,0.000775642540167679,-0.107877147636187));
#3980=DIRECTION('',(3.52495810318487E-15,3.1641356201817E-15,-1.0));
#3981=DIRECTION('',(-5.07758982429274E-16,1.0,3.1641356201817E-15));
#3982=SURFACE_STYLE_FILL_AREA(#5999);
#3983=ORIENTED_EDGE('',*,*,#5997,.T.);
#3984=ORIENTED_EDGE('',*,*,#5879,.F.);
#3985=ORIENTED_EDGE('',*,*,#6000,.F.);
#3986=ORIENTED_EDGE('',*,*,#6001,.T.);
#3987=ORIENTED_EDGE('',*,*,#5992,.T.);
#3988=ORIENTED_EDGE('',*,*,#5986,.T.);
#3989=CARTESIAN_POINT('',(-0.0260473193384765,0.013461787965766,-0.106575951013582));
#3990=DIRECTION('',(-5.07758982429274E-16,1.0,0.0));
#3991=DIRECTION('',(0.0,0.0,1.0));
#3992=SURFACE_STYLE_FILL_AREA(#6002);
#3993=ORIENTED_EDGE('',*,*,#5877,.T.);
#3994=ORIENTED_EDGE('',*,*,#5741,.F.);
#3995=ORIENTED_EDGE('',*,*,#6003,.F.);
#3996=CARTESIAN_POINT('',(-0.0158455658002798,0.0222756607640495,-0.0976742392359505));
#3997=DIRECTION('',(-3.49148336110939E-15,1.0,-3.1641356201817E-15));
#3998=DIRECTION('',(1.10475268701579E-29,-3.1641356201817E-15,-1.0));
#3999=SURFACE_STYLE_FILL_AREA(#6004);
#4000=ORIENTED_EDGE('',*,*,#5949,.T.);
#4001=ORIENTED_EDGE('',*,*,#5885,.F.);
#4002=ORIENTED_EDGE('',*,*,#6005,.T.);
#4003=CARTESIAN_POINT('',(0.0141544341997203,-0.0204243392359504,-0.0976742392359505));
#4004=DIRECTION('',(3.49148336110939E-15,-1.0,3.1641356201817E-15));
#4005=DIRECTION('',(-1.10475268701579E-29,3.1641356201817E-15,1.0));
#4006=SURFACE_STYLE_FILL_AREA(#6006);
#4007=ORIENTED_EDGE('',*,*,#5755,.T.);
#4008=ORIENTED_EDGE('',*,*,#5869,.F.);
#4009=ORIENTED_EDGE('',*,*,#6007,.T.);
#4010=CARTESIAN_POINT('',(-0.0135455658002798,0.0222756607640495,-0.0976742392359505));
#4011=DIRECTION('',(-3.49148336110939E-15,1.0,-3.1641356201817E-15));
#4012=DIRECTION('',(1.10475268701579E-29,-3.1641356201817E-15,-1.0));
#4013=SURFACE_STYLE_FILL_AREA(#6008);
#4014=ORIENTED_EDGE('',*,*,#5861,.T.);
#4015=ORIENTED_EDGE('',*,*,#5751,.F.);
#4016=ORIENTED_EDGE('',*,*,#6009,.F.);
#4017=CARTESIAN_POINT('',(0.0164544341997203,-0.0204243392359504,-0.0976742392359505));
#4018=DIRECTION('',(3.49148336110939E-15,-1.0,3.1641356201817E-15));
#4019=DIRECTION('',(-1.10475268701579E-29,3.1641356201817E-15,1.0));
#4020=SURFACE_STYLE_FILL_AREA(#6010);
#4021=ORIENTED_EDGE('',*,*,#5813,.T.);
#4022=ORIENTED_EDGE('',*,*,#6011,.F.);
#4023=ORIENTED_EDGE('',*,*,#6012,.F.);
#4024=ORIENTED_EDGE('',*,*,#6013,.T.);
#4025=CARTESIAN_POINT('',(0.02145,0.00405899409738263,-0.104599218085939));
#4026=DIRECTION('',(3.56988637447974E-15,1.24641988775471E-29,1.0));
#4027=DIRECTION('',(1.0,3.49148336110938E-15,-3.56988637447974E-15));
#4028=SURFACE_STYLE_FILL_AREA(#6014);
#4029=ORIENTED_EDGE('',*,*,#5820,.T.);
#4030=ORIENTED_EDGE('',*,*,#6015,.F.);
#4031=ORIENTED_EDGE('',*,*,#6016,.F.);
#4032=ORIENTED_EDGE('',*,*,#6017,.T.);
#4033=CARTESIAN_POINT('',(0.0214500000000001,-0.0126104664376668,-0.104599218085939));
#4034=DIRECTION('',(3.56988637447974E-15,1.24641988775471E-29,1.0));
#4035=DIRECTION('',(1.0,3.49148336110938E-15,-3.56988637447974E-15));
#4036=SURFACE_STYLE_FILL_AREA(#6018);
#4037=ORIENTED_EDGE('',*,*,#5944,.F.);
#4038=ORIENTED_EDGE('',*,*,#5766,.T.);
#4039=ORIENTED_EDGE('',*,*,#6019,.T.);
#4040=ORIENTED_EDGE('',*,*,#5808,.T.);
#4041=ORIENTED_EDGE('',*,*,#6013,.F.);
#4042=ORIENTED_EDGE('',*,*,#6020,.F.);
#4043=ORIENTED_EDGE('',*,*,#6021,.T.);
#4044=ORIENTED_EDGE('',*,*,#5815,.T.);
#4045=ORIENTED_EDGE('',*,*,#6017,.F.);
#4046=ORIENTED_EDGE('',*,*,#6022,.F.);
#4047=ORIENTED_EDGE('',*,*,#5962,.T.);
#4048=ORIENTED_EDGE('',*,*,#5763,.T.);
#4049=CARTESIAN_POINT('',(0.02145,0.0222756607640496,-0.102074239235951));
#4050=DIRECTION('',(1.0,3.49148336110937E-15,-3.52495810318487E-15));
#4051=DIRECTION('',(3.49148336110938E-15,-1.0,3.16881571724101E-15));
#4052=SURFACE_STYLE_FILL_AREA(#6023);
#4053=ORIENTED_EDGE('',*,*,#5868,.T.);
#4054=ORIENTED_EDGE('',*,*,#5810,.T.);
#4055=ORIENTED_EDGE('',*,*,#6024,.T.);
#4056=ORIENTED_EDGE('',*,*,#6007,.F.);
#4057=CARTESIAN_POINT('',(0.0249631401199952,0.0222756607640496,-0.104403209968839));
#4058=DIRECTION('',(-0.866025403784436,-1.44120291847848E-15,0.500000000000004));
#4059=DIRECTION('',(0.500000000000004,1.61805237518535E-15,0.866025403784436));
#4060=SURFACE_STYLE_FILL_AREA(#6025);
#4061=ORIENTED_EDGE('',*,*,#6026,.F.);
#4062=ORIENTED_EDGE('',*,*,#6011,.T.);
#4063=ORIENTED_EDGE('',*,*,#5812,.F.);
#4064=ORIENTED_EDGE('',*,*,#5867,.F.);
#4065=CARTESIAN_POINT('',(0.0248074019266785,-0.00761046643766676,-0.101309006217491));
#4066=DIRECTION('',(-0.866025403784439,-2.77842441419151E-15,0.5));
#4067=DIRECTION('',(-3.21521231277742E-15,1.0,-1.20622544684975E-17));
#4068=SURFACE_STYLE_FILL_AREA(#6027);
#4069=ORIENTED_EDGE('',*,*,#6028,.F.);
#4070=ORIENTED_EDGE('',*,*,#6015,.T.);
#4071=ORIENTED_EDGE('',*,*,#5819,.F.);
#4072=ORIENTED_EDGE('',*,*,#5864,.F.);
#4073=CARTESIAN_POINT('',(0.0248074019266785,-0.00761046643766676,-0.101309006217491));
#4074=DIRECTION('',(-0.866025403784439,-2.77842441419151E-15,0.5));
#4075=DIRECTION('',(-3.21521231277742E-15,1.0,-1.20622544684975E-17));
#4076=SURFACE_STYLE_FILL_AREA(#6029);
#4077=ORIENTED_EDGE('',*,*,#5816,.F.);
#4078=ORIENTED_EDGE('',*,*,#6021,.F.);
#4079=ORIENTED_EDGE('',*,*,#6030,.F.);
#4080=ORIENTED_EDGE('',*,*,#6031,.F.);
#4081=CARTESIAN_POINT('',(0.00145443086671243,0.00107567898793149,-0.107877147636187));
#4082=DIRECTION('',(-3.52495810318486E-15,-3.16413562018171E-15,-1.0));
#4083=DIRECTION('',(3.49148336110938E-15,-1.0,3.1641356201817E-15));
#4084=SURFACE_STYLE_FILL_AREA(#6032);
#4085=ORIENTED_EDGE('',*,*,#6030,.T.);
#4086=ORIENTED_EDGE('',*,*,#6020,.T.);
#4087=ORIENTED_EDGE('',*,*,#6012,.T.);
#4088=ORIENTED_EDGE('',*,*,#6026,.T.);
#4089=ORIENTED_EDGE('',*,*,#5866,.F.);
#4090=ORIENTED_EDGE('',*,*,#6033,.F.);
#4091=CARTESIAN_POINT('',(0.0260473193384765,0.00505899409738265,-0.106575951013582));
#4092=DIRECTION('',(3.49148336110938E-15,-1.0,0.0));
#4093=DIRECTION('',(0.0,0.0,1.0));
#4094=SURFACE_STYLE_FILL_AREA(#6034);
#4095=ORIENTED_EDGE('',*,*,#5963,.T.);
#4096=ORIENTED_EDGE('',*,*,#6022,.T.);
#4097=ORIENTED_EDGE('',*,*,#6016,.T.);
#4098=ORIENTED_EDGE('',*,*,#6028,.T.);
#4099=ORIENTED_EDGE('',*,*,#5863,.F.);
#4100=ORIENTED_EDGE('',*,*,#6035,.F.);
#4101=CARTESIAN_POINT('',(0.0260473193384765,-0.0116104664376668,-0.106575951013582));
#4102=DIRECTION('',(3.49148336110938E-15,-1.0,0.0));
#4103=DIRECTION('',(0.0,0.0,1.0));
#4104=SURFACE_STYLE_FILL_AREA(#6036);
#4105=ORIENTED_EDGE('',*,*,#5796,.T.);
#4106=ORIENTED_EDGE('',*,*,#6037,.F.);
#4107=ORIENTED_EDGE('',*,*,#6038,.F.);
#4108=ORIENTED_EDGE('',*,*,#6039,.T.);
#4109=CARTESIAN_POINT('',(-0.00313333333333296,0.0212256607640496,-0.104599218085939));
#4110=DIRECTION('',(1.06496222204837E-29,3.56988637447974E-15,1.0));
#4111=DIRECTION('',(2.98372437868011E-15,1.0,-3.56988637447974E-15));
#4112=SURFACE_STYLE_FILL_AREA(#6040);
#4113=ORIENTED_EDGE('',*,*,#5803,.T.);
#4114=ORIENTED_EDGE('',*,*,#6041,.F.);
#4115=ORIENTED_EDGE('',*,*,#6042,.F.);
#4116=ORIENTED_EDGE('',*,*,#6043,.T.);
#4117=CARTESIAN_POINT('',(0.0135361272017165,0.0212256607640495,-0.104599218085939));
#4118=DIRECTION('',(1.06496222204837E-29,3.56988637447974E-15,1.0));
#4119=DIRECTION('',(2.98372437868011E-15,1.0,-3.56988637447974E-15));
#4120=SURFACE_STYLE_FILL_AREA(#6044);
#4121=ORIENTED_EDGE('',*,*,#5943,.F.);
#4122=ORIENTED_EDGE('',*,*,#5776,.T.);
#4123=ORIENTED_EDGE('',*,*,#6045,.T.);
#4124=ORIENTED_EDGE('',*,*,#5797,.T.);
#4125=ORIENTED_EDGE('',*,*,#6039,.F.);
#4126=ORIENTED_EDGE('',*,*,#6046,.F.);
#4127=ORIENTED_EDGE('',*,*,#6047,.T.);
#4128=ORIENTED_EDGE('',*,*,#5804,.T.);
#4129=ORIENTED_EDGE('',*,*,#6043,.F.);
#4130=ORIENTED_EDGE('',*,*,#6048,.F.);
#4131=ORIENTED_EDGE('',*,*,#6049,.T.);
#4132=ORIENTED_EDGE('',*,*,#5768,.T.);
#4133=CARTESIAN_POINT('',(-0.0213499999999999,0.0212256607640497,-0.102074239235951));
#4134=DIRECTION('',(2.98372437868011E-15,1.0,-3.52495810318487E-15));
#4135=DIRECTION('',(1.0,-2.9837243786801E-15,3.16881571724101E-15));
#4136=SURFACE_STYLE_FILL_AREA(#6050);
#4137=ORIENTED_EDGE('',*,*,#6051,.T.);
#4138=ORIENTED_EDGE('',*,*,#5873,.T.);
#4139=ORIENTED_EDGE('',*,*,#5806,.T.);
#4140=ORIENTED_EDGE('',*,*,#6052,.T.);
#4141=CARTESIAN_POINT('',(-0.0213499999999999,0.0247388008840449,-0.104403209968839));
#4142=DIRECTION('',(-4.16854051277227E-15,-0.866025403784436,0.500000000000004));
#4143=DIRECTION('',(1.62023172656234E-15,0.500000000000004,0.866025403784436));
#4144=SURFACE_STYLE_FILL_AREA(#6053);
#4145=ORIENTED_EDGE('',*,*,#5795,.F.);
#4146=ORIENTED_EDGE('',*,*,#5875,.T.);
#4147=ORIENTED_EDGE('',*,*,#6054,.F.);
#4148=ORIENTED_EDGE('',*,*,#6037,.T.);
#4149=CARTESIAN_POINT('',(0.00853612720171646,0.024583062690728,-0.101309006217491));
#4150=DIRECTION('',(-2.83106871279415E-15,-0.866025403784439,0.5));
#4151=DIRECTION('',(-1.0,3.26187434944983E-15,-1.24053244355174E-17));
#4152=SURFACE_STYLE_FILL_AREA(#6055);
#4153=ORIENTED_EDGE('',*,*,#5802,.F.);
#4154=ORIENTED_EDGE('',*,*,#5872,.T.);
#4155=ORIENTED_EDGE('',*,*,#6056,.F.);
#4156=ORIENTED_EDGE('',*,*,#6041,.T.);
#4157=CARTESIAN_POINT('',(0.00853612720171646,0.024583062690728,-0.101309006217491));
#4158=DIRECTION('',(-2.83106871279415E-15,-0.866025403784439,0.5));
#4159=DIRECTION('',(-1.0,3.26187434944983E-15,-1.24053244355174E-17));
#4160=SURFACE_STYLE_FILL_AREA(#6057);
#4161=ORIENTED_EDGE('',*,*,#6049,.F.);
#4162=ORIENTED_EDGE('',*,*,#6058,.F.);
#4163=ORIENTED_EDGE('',*,*,#6059,.F.);
#4164=ORIENTED_EDGE('',*,*,#5756,.F.);
#4165=ORIENTED_EDGE('',*,*,#6024,.F.);
#4166=ORIENTED_EDGE('',*,*,#5809,.F.);
#4167=ORIENTED_EDGE('',*,*,#6019,.F.);
#4168=ORIENTED_EDGE('',*,*,#5765,.T.);
#4169=CARTESIAN_POINT('',(-0.000150018223881948,0.00123009163076199,-0.107877147636187));
#4170=DIRECTION('',(3.16413562018169E-15,-3.52495810318488E-15,-1.0));
#4171=DIRECTION('',(1.0,-2.98372437868011E-15,3.1641356201817E-15));
#4172=SURFACE_STYLE_FILL_AREA(#6060);
#4173=ORIENTED_EDGE('',*,*,#6054,.T.);
#4174=ORIENTED_EDGE('',*,*,#5874,.F.);
#4175=ORIENTED_EDGE('',*,*,#6051,.F.);
#4176=ORIENTED_EDGE('',*,*,#6061,.T.);
#4177=ORIENTED_EDGE('',*,*,#6046,.T.);
#4178=ORIENTED_EDGE('',*,*,#6038,.T.);
#4179=CARTESIAN_POINT('',(-0.00413333333333295,0.0258229801025261,-0.106575951013583));
#4180=DIRECTION('',(1.0,-2.98372437868011E-15,0.0));
#4181=DIRECTION('',(0.0,0.0,1.0));
#4182=SURFACE_STYLE_FILL_AREA(#6062);
#4183=ORIENTED_EDGE('',*,*,#5798,.F.);
#4184=ORIENTED_EDGE('',*,*,#6045,.F.);
#4185=ORIENTED_EDGE('',*,*,#5775,.T.);
#4186=ORIENTED_EDGE('',*,*,#5989,.F.);
#4187=ORIENTED_EDGE('',*,*,#6001,.F.);
#4188=ORIENTED_EDGE('',*,*,#6063,.F.);
#4189=ORIENTED_EDGE('',*,*,#5740,.F.);
#4190=ORIENTED_EDGE('',*,*,#6064,.F.);
#4191=CARTESIAN_POINT('',(-0.000150018223881948,0.00123009163076199,-0.107877147636187));
#4192=DIRECTION('',(3.16413562018169E-15,-3.52495810318488E-15,-1.0));
#4193=DIRECTION('',(1.0,-2.98372437868011E-15,3.1641356201817E-15));
#4194=SURFACE_STYLE_FILL_AREA(#6065);
#4195=ORIENTED_EDGE('',*,*,#6035,.T.);
#4196=ORIENTED_EDGE('',*,*,#5862,.T.);
#4197=ORIENTED_EDGE('',*,*,#6009,.T.);
#4198=ORIENTED_EDGE('',*,*,#5964,.T.);
#4199=CARTESIAN_POINT('',(0.0249631401199952,0.0222756607640496,-0.104403209968839));
#4200=DIRECTION('',(-0.866025403784436,-1.44120291847848E-15,0.500000000000004));
#4201=DIRECTION('',(0.500000000000004,1.61805237518535E-15,0.866025403784436));
#4202=SURFACE_STYLE_FILL_AREA(#6066);
#4203=ORIENTED_EDGE('',*,*,#5865,.T.);
#4204=ORIENTED_EDGE('',*,*,#5817,.T.);
#4205=ORIENTED_EDGE('',*,*,#6031,.T.);
#4206=ORIENTED_EDGE('',*,*,#6033,.T.);
#4207=CARTESIAN_POINT('',(0.0249631401199952,0.0222756607640496,-0.104403209968839));
#4208=DIRECTION('',(-0.866025403784436,-1.44120291847848E-15,0.500000000000004));
#4209=DIRECTION('',(0.500000000000004,1.61805237518535E-15,0.866025403784436));
#4210=SURFACE_STYLE_FILL_AREA(#6067);
#4211=ORIENTED_EDGE('',*,*,#6000,.T.);
#4212=ORIENTED_EDGE('',*,*,#5878,.T.);
#4213=ORIENTED_EDGE('',*,*,#6003,.T.);
#4214=ORIENTED_EDGE('',*,*,#6063,.T.);
#4215=CARTESIAN_POINT('',(-0.0249631401199953,-0.0204243392359504,-0.104403209968839));
#4216=DIRECTION('',(0.866025403784436,-1.14482722516087E-15,0.500000000000004));
#4217=DIRECTION('',(-0.500000000000004,-1.25509953992368E-16,0.866025403784436));
#4218=SURFACE_STYLE_FILL_AREA(#6068);
#4219=ORIENTED_EDGE('',*,*,#6069,.T.);
#4220=ORIENTED_EDGE('',*,*,#6005,.F.);
#4221=ORIENTED_EDGE('',*,*,#5884,.T.);
#4222=ORIENTED_EDGE('',*,*,#5834,.T.);
#4223=CARTESIAN_POINT('',(-0.0249631401199953,-0.0204243392359504,-0.104403209968839));
#4224=DIRECTION('',(0.866025403784436,-1.14482722516087E-15,0.500000000000004));
#4225=DIRECTION('',(-0.500000000000004,-1.25509953992368E-16,0.866025403784436));
#4226=SURFACE_STYLE_FILL_AREA(#6070);
#4227=ORIENTED_EDGE('',*,*,#6064,.T.);
#4228=ORIENTED_EDGE('',*,*,#5743,.F.);
#4229=ORIENTED_EDGE('',*,*,#5876,.T.);
#4230=ORIENTED_EDGE('',*,*,#5799,.T.);
#4231=CARTESIAN_POINT('',(-0.0213499999999999,0.0247388008840449,-0.104403209968839));
#4232=DIRECTION('',(-4.16854051277227E-15,-0.866025403784436,0.500000000000004));
#4233=DIRECTION('',(1.62023172656234E-15,0.500000000000004,0.866025403784436));
#4234=SURFACE_STYLE_FILL_AREA(#6071);
#4235=ORIENTED_EDGE('',*,*,#6072,.T.);
#4236=ORIENTED_EDGE('',*,*,#6073,.F.);
#4237=CARTESIAN_POINT('',(-0.0138499999000001,-0.0116743388559504,-0.105774339235951));
#4238=DIRECTION('',(3.1641356201817E-15,-3.52495810318487E-15,1.0));
#4239=DIRECTION('',(0.0,-1.0,-3.52495810318487E-15));
#4240=SURFACE_STYLE_FILL_AREA(#6074);
#4241=ORIENTED_EDGE('',*,*,#6073,.T.);
#4242=CARTESIAN_POINT('',(0.0139500003799999,0.0135256615440496,-0.105874339235951));
#4243=DIRECTION('',(-3.1641356201817E-15,3.52495810318487E-15,-1.0));
#4244=DIRECTION('',(-1.0,-1.13768533674843E-29,3.1641356201817E-15));
#4245=SURFACE_STYLE_FILL_AREA(#6075);
#4246=ORIENTED_EDGE('',*,*,#6076,.T.);
#4247=ORIENTED_EDGE('',*,*,#5954,.F.);
#4248=CARTESIAN_POINT('',(0.0139500003799999,0.0135256615440496,-0.105774339235951));
#4249=DIRECTION('',(3.1641356201817E-15,-3.52495810318487E-15,1.0));
#4250=DIRECTION('',(0.0,-1.0,-3.52495810318487E-15));
#4251=SURFACE_STYLE_FILL_AREA(#6077);
#4252=ORIENTED_EDGE('',*,*,#6072,.F.);
#4253=ORIENTED_EDGE('',*,*,#6076,.F.);
#4254=ORIENTED_EDGE('',*,*,#5931,.T.);
#4255=ORIENTED_EDGE('',*,*,#5939,.T.);
#4256=ORIENTED_EDGE('',*,*,#5926,.T.);
#4257=ORIENTED_EDGE('',*,*,#5936,.T.);
#4258=CARTESIAN_POINT('',(0.000150018223881877,0.000621229897337156,-0.102074239235951));
#4259=DIRECTION('',(-3.1641356201817E-15,3.52495810318487E-15,-1.0));
#4260=DIRECTION('',(-1.0,0.0,3.1641356201817E-15));
#4261=SURFACE_STYLE_FILL_AREA(#6078);
#4262=ORIENTED_EDGE('',*,*,#5891,.F.);
#4263=ORIENTED_EDGE('',*,*,#6079,.F.);
#4264=ORIENTED_EDGE('',*,*,#5969,.F.);
#4265=ORIENTED_EDGE('',*,*,#5950,.F.);
#4266=ORIENTED_EDGE('',*,*,#6069,.F.);
#4267=ORIENTED_EDGE('',*,*,#5833,.F.);
#4268=ORIENTED_EDGE('',*,*,#5990,.F.);
#4269=ORIENTED_EDGE('',*,*,#5770,.T.);
#4270=CARTESIAN_POINT('',(0.000150018223881858,0.000621229897337177,-0.107877147636187));
#4271=DIRECTION('',(-3.1641356201817E-15,3.52495810318487E-15,-1.0));
#4272=DIRECTION('',(-1.0,0.0,3.1641356201817E-15));
#4273=SURFACE_STYLE_FILL_AREA(#6080);
#4274=ORIENTED_EDGE('',*,*,#5781,.F.);
#4275=ORIENTED_EDGE('',*,*,#5896,.F.);
#4276=ORIENTED_EDGE('',*,*,#6081,.F.);
#4277=ORIENTED_EDGE('',*,*,#5959,.F.);
#4278=CARTESIAN_POINT('',(0.000150018223881858,0.000621229897337177,-0.107877147636187));
#4279=DIRECTION('',(-3.1641356201817E-15,3.52495810318487E-15,-1.0));
#4280=DIRECTION('',(-1.0,0.0,3.1641356201817E-15));
#4281=SURFACE_STYLE_FILL_AREA(#6082);
#4282=ORIENTED_EDGE('',*,*,#6079,.T.);
#4283=ORIENTED_EDGE('',*,*,#5898,.T.);
#4284=ORIENTED_EDGE('',*,*,#5957,.T.);
#4285=ORIENTED_EDGE('',*,*,#6083,.T.);
#4286=ORIENTED_EDGE('',*,*,#5888,.F.);
#4287=ORIENTED_EDGE('',*,*,#5968,.F.);
#4288=CARTESIAN_POINT('',(-0.0125361272017165,-0.0239716585744269,-0.106575951013583));
#4289=DIRECTION('',(-1.0,-0.0,0.0));
#4290=DIRECTION('',(0.0,0.0,1.0));
#4291=SURFACE_STYLE_FILL_AREA(#6084);
#4292=ORIENTED_EDGE('',*,*,#6083,.F.);
#4293=ORIENTED_EDGE('',*,*,#5956,.T.);
#4294=ORIENTED_EDGE('',*,*,#5784,.F.);
#4295=ORIENTED_EDGE('',*,*,#5889,.F.);
#4296=CARTESIAN_POINT('',(-0.00853612720171647,-0.0227317411626288,-0.101309006217491));
#4297=DIRECTION('',(2.45288873419888E-16,0.866025403784439,0.5));
#4298=DIRECTION('',(1.0,-2.76271048331964E-16,-1.20622544684977E-17));
#4299=SURFACE_STYLE_FILL_AREA(#6085);
#4300=ORIENTED_EDGE('',*,*,#6081,.T.);
#4301=ORIENTED_EDGE('',*,*,#5895,.T.);
#4302=ORIENTED_EDGE('',*,*,#5947,.T.);
#4303=ORIENTED_EDGE('',*,*,#5974,.T.);
#4304=ORIENTED_EDGE('',*,*,#5858,.F.);
#4305=ORIENTED_EDGE('',*,*,#5960,.F.);
#4306=CARTESIAN_POINT('',(0.00413333333333293,-0.0239716585744269,-0.106575951013583));
#4307=DIRECTION('',(-1.0,-0.0,0.0));
#4308=DIRECTION('',(0.0,0.0,1.0));
#4309=SURFACE_STYLE_FILL_AREA(#6086);
#4310=ORIENTED_EDGE('',*,*,#5705,.F.);
#4311=ORIENTED_EDGE('',*,*,#5915,.T.);
#4312=ORIENTED_EDGE('',*,*,#5698,.T.);
#4313=ORIENTED_EDGE('',*,*,#5971,.F.);
#4314=SURFACE_STYLE_FILL_AREA(#6087);
#4315=ORIENTED_EDGE('',*,*,#5700,.F.);
#4316=ORIENTED_EDGE('',*,*,#5916,.T.);
#4317=ORIENTED_EDGE('',*,*,#5703,.T.);
#4318=ORIENTED_EDGE('',*,*,#5972,.F.);
#4319=SURFACE_STYLE_FILL_AREA(#6088);
#4320=ORIENTED_EDGE('',*,*,#6089,.F.);
#4321=ORIENTED_EDGE('',*,*,#5914,.T.);
#4322=ORIENTED_EDGE('',*,*,#6090,.T.);
#4323=ORIENTED_EDGE('',*,*,#6091,.F.);
#4324=SURFACE_STYLE_FILL_AREA(#6092);
#4325=ORIENTED_EDGE('',*,*,#6093,.F.);
#4326=ORIENTED_EDGE('',*,*,#5911,.T.);
#4327=ORIENTED_EDGE('',*,*,#6089,.T.);
#4328=ORIENTED_EDGE('',*,*,#6094,.F.);
#4329=SURFACE_STYLE_FILL_AREA(#6095);
#4330=ORIENTED_EDGE('',*,*,#6096,.F.);
#4331=ORIENTED_EDGE('',*,*,#5912,.T.);
#4332=ORIENTED_EDGE('',*,*,#6093,.T.);
#4333=ORIENTED_EDGE('',*,*,#6097,.F.);
#4334=SURFACE_STYLE_FILL_AREA(#6098);
#4335=ORIENTED_EDGE('',*,*,#6090,.F.);
#4336=ORIENTED_EDGE('',*,*,#5913,.T.);
#4337=ORIENTED_EDGE('',*,*,#6096,.T.);
#4338=ORIENTED_EDGE('',*,*,#6099,.F.);
#4339=SURFACE_STYLE_FILL_AREA(#6100);
#4340=ORIENTED_EDGE('',*,*,#6094,.T.);
#4341=ORIENTED_EDGE('',*,*,#6091,.T.);
#4342=ORIENTED_EDGE('',*,*,#6099,.T.);
#4343=ORIENTED_EDGE('',*,*,#6097,.T.);
#4344=CARTESIAN_POINT('',(6.47810798060089E-18,0.000925660764049496,-0.0970742392359505));
#4345=DIRECTION('',(3.1641356201817E-15,-3.52495810318487E-15,1.0));
#4346=DIRECTION('',(1.0,1.13768533674843E-29,-3.1641356201817E-15));
#4347=SURFACE_STYLE_FILL_AREA(#6101);
#4348=ORIENTED_EDGE('',*,*,#6102,.F.);
#4349=ORIENTED_EDGE('',*,*,#5910,.T.);
#4350=ORIENTED_EDGE('',*,*,#6103,.T.);
#4351=ORIENTED_EDGE('',*,*,#6104,.F.);
#4352=SURFACE_STYLE_FILL_AREA(#6105);
#4353=ORIENTED_EDGE('',*,*,#6106,.F.);
#4354=ORIENTED_EDGE('',*,*,#5907,.T.);
#4355=ORIENTED_EDGE('',*,*,#6102,.T.);
#4356=ORIENTED_EDGE('',*,*,#6107,.F.);
#4357=SURFACE_STYLE_FILL_AREA(#6108);
#4358=ORIENTED_EDGE('',*,*,#6109,.F.);
#4359=ORIENTED_EDGE('',*,*,#5908,.T.);
#4360=ORIENTED_EDGE('',*,*,#6106,.T.);
#4361=ORIENTED_EDGE('',*,*,#6110,.F.);
#4362=SURFACE_STYLE_FILL_AREA(#6111);
#4363=ORIENTED_EDGE('',*,*,#6103,.F.);
#4364=ORIENTED_EDGE('',*,*,#5909,.T.);
#4365=ORIENTED_EDGE('',*,*,#6109,.T.);
#4366=ORIENTED_EDGE('',*,*,#6112,.F.);
#4367=SURFACE_STYLE_FILL_AREA(#6113);
#4368=ORIENTED_EDGE('',*,*,#6107,.T.);
#4369=ORIENTED_EDGE('',*,*,#6104,.T.);
#4370=ORIENTED_EDGE('',*,*,#6112,.T.);
#4371=ORIENTED_EDGE('',*,*,#6110,.T.);
#4372=CARTESIAN_POINT('',(5.61074624261249E-18,0.000925660764049496,-0.0970742392359505));
#4373=DIRECTION('',(3.1641356201817E-15,-3.52495810318487E-15,1.0));
#4374=DIRECTION('',(1.0,1.13768533674843E-29,-3.1641356201817E-15));
#4375=SURFACE_STYLE_FILL_AREA(#6114);
#4376=ORIENTED_EDGE('',*,*,#6115,.F.);
#4377=ORIENTED_EDGE('',*,*,#5906,.T.);
#4378=CARTESIAN_POINT('',(0.00015001822388189,0.000621229897337141,-0.0976742392359506));
#4379=DIRECTION('',(3.1641356201817E-15,-3.52495810318487E-15,1.0));
#4380=DIRECTION('',(1.24803144478929E-45,-1.0,-3.52495810318487E-15));
#4381=SURFACE_STYLE_FILL_AREA(#6116);
#4382=ORIENTED_EDGE('',*,*,#6115,.T.);
#4383=CARTESIAN_POINT('',(0.000150016112074123,0.000621226564329332,-0.0970742392359505));
#4384=DIRECTION('',(-3.1641356201817E-15,3.52495810318487E-15,-1.0));
#4385=DIRECTION('',(-1.0,0.0,3.1641356201817E-15));
#4386=SURFACE_STYLE_FILL_AREA(#6117);
#4387=ORIENTED_EDGE('',*,*,#5724,.F.);
#4388=ORIENTED_EDGE('',*,*,#5905,.T.);
#4389=ORIENTED_EDGE('',*,*,#5717,.T.);
#4390=ORIENTED_EDGE('',*,*,#6118,.F.);
#4391=SURFACE_STYLE_FILL_AREA(#6119);
#4392=ORIENTED_EDGE('',*,*,#5719,.F.);
#4393=ORIENTED_EDGE('',*,*,#5904,.T.);
#4394=ORIENTED_EDGE('',*,*,#5722,.T.);
#4395=ORIENTED_EDGE('',*,*,#6120,.F.);
#4396=SURFACE_STYLE_FILL_AREA(#6121);
#4397=ORIENTED_EDGE('',*,*,#5725,.T.);
#4398=ORIENTED_EDGE('',*,*,#6118,.T.);
#4399=ORIENTED_EDGE('',*,*,#5720,.T.);
#4400=ORIENTED_EDGE('',*,*,#6120,.T.);
#4401=CARTESIAN_POINT('',(5.61074624261249E-18,0.000925660764049496,-0.0970742392359505));
#4402=DIRECTION('',(3.1641356201817E-15,-3.52495810318487E-15,1.0));
#4403=DIRECTION('',(1.0,1.13768533674843E-29,-3.1641356201817E-15));
#4404=SURFACE_STYLE_FILL_AREA(#6122);
#4405=ORIENTED_EDGE('',*,*,#5729,.F.);
#4406=ORIENTED_EDGE('',*,*,#5903,.T.);
#4407=ORIENTED_EDGE('',*,*,#5732,.T.);
#4408=ORIENTED_EDGE('',*,*,#6123,.F.);
#4409=SURFACE_STYLE_FILL_AREA(#6124);
#4410=ORIENTED_EDGE('',*,*,#5735,.T.);
#4411=ORIENTED_EDGE('',*,*,#5738,.T.);
#4412=ORIENTED_EDGE('',*,*,#5730,.T.);
#4413=ORIENTED_EDGE('',*,*,#6123,.T.);
#4414=CARTESIAN_POINT('',(6.47810798060089E-18,0.000925660764049496,-0.0970742392359505));
#4415=DIRECTION('',(3.1641356201817E-15,-3.52495810318487E-15,1.0));
#4416=DIRECTION('',(1.0,1.13768533674843E-29,-3.1641356201817E-15));
#4417=SURFACE_STYLE_FILL_AREA(#6125);
#4418=ORIENTED_EDGE('',*,*,#5715,.F.);
#4419=ORIENTED_EDGE('',*,*,#5902,.T.);
#4420=ORIENTED_EDGE('',*,*,#5923,.T.);
#4421=ORIENTED_EDGE('',*,*,#5709,.F.);
#4422=SURFACE_STYLE_FILL_AREA(#6126);
#4423=ORIENTED_EDGE('',*,*,#5924,.F.);
#4424=ORIENTED_EDGE('',*,*,#5900,.T.);
#4425=ORIENTED_EDGE('',*,*,#5713,.T.);
#4426=ORIENTED_EDGE('',*,*,#5711,.F.);
#4427=SURFACE_STYLE_FILL_AREA(#6127);
#4428=ORIENTED_EDGE('',*,*,#5805,.F.);
#4429=ORIENTED_EDGE('',*,*,#6047,.F.);
#4430=ORIENTED_EDGE('',*,*,#6061,.F.);
#4431=ORIENTED_EDGE('',*,*,#6052,.F.);
#4432=CARTESIAN_POINT('',(-0.000150018223881948,0.00123009163076199,-0.107877147636187));
#4433=DIRECTION('',(3.16413562018169E-15,-3.52495810318488E-15,-1.0));
#4434=DIRECTION('',(1.0,-2.98372437868011E-15,3.1641356201817E-15));
#4435=SURFACE_STYLE_FILL_AREA(#6128);
#4436=ORIENTED_EDGE('',*,*,#6129,.T.);
#4437=ORIENTED_EDGE('',*,*,#5870,.T.);
#4438=ORIENTED_EDGE('',*,*,#5757,.T.);
#4439=ORIENTED_EDGE('',*,*,#6059,.T.);
#4440=CARTESIAN_POINT('',(-0.0213499999999999,0.0247388008840449,-0.104403209968839));
#4441=DIRECTION('',(-4.16854051277227E-15,-0.866025403784436,0.500000000000004));
#4442=DIRECTION('',(1.62023172656234E-15,0.500000000000004,0.866025403784436));
#4443=SURFACE_STYLE_FILL_AREA(#6130);
#4444=ORIENTED_EDGE('',*,*,#6056,.T.);
#4445=ORIENTED_EDGE('',*,*,#5871,.F.);
#4446=ORIENTED_EDGE('',*,*,#6129,.F.);
#4447=ORIENTED_EDGE('',*,*,#6058,.T.);
#4448=ORIENTED_EDGE('',*,*,#6048,.T.);
#4449=ORIENTED_EDGE('',*,*,#6042,.T.);
#4450=CARTESIAN_POINT('',(0.0125361272017165,0.025822980102526,-0.106575951013583));
#4451=DIRECTION('',(1.0,-2.98372437868011E-15,0.0));
#4452=DIRECTION('',(0.0,0.0,1.0));
#4453=SURFACE_STYLE_FILL_AREA(#6131);
#4454=ORIENTED_EDGE('',*,*,#6132,.F.);
#4455=ORIENTED_EDGE('',*,*,#6133,.T.);
#4456=ORIENTED_EDGE('',*,*,#6134,.T.);
#4457=ORIENTED_EDGE('',*,*,#6135,.T.);
#4458=ORIENTED_EDGE('',*,*,#6136,.F.);
#4459=ORIENTED_EDGE('',*,*,#6137,.F.);
#4460=ORIENTED_EDGE('',*,*,#6138,.F.);
#4461=ORIENTED_EDGE('',*,*,#6139,.T.);
#4462=ORIENTED_EDGE('',*,*,#6140,.F.);
#4463=ORIENTED_EDGE('',*,*,#6141,.F.);
#4464=ORIENTED_EDGE('',*,*,#6142,.F.);
#4465=ORIENTED_EDGE('',*,*,#6143,.F.);
#4466=ORIENTED_EDGE('',*,*,#6144,.F.);
#4467=ORIENTED_EDGE('',*,*,#6145,.F.);
#4468=ORIENTED_EDGE('',*,*,#6146,.F.);
#4469=ORIENTED_EDGE('',*,*,#6147,.F.);
#4470=ORIENTED_EDGE('',*,*,#6148,.F.);
#4471=ORIENTED_EDGE('',*,*,#6149,.F.);
#4472=ORIENTED_EDGE('',*,*,#6150,.F.);
#4473=ORIENTED_EDGE('',*,*,#6151,.F.);
#4474=ORIENTED_EDGE('',*,*,#6152,.F.);
#4475=ORIENTED_EDGE('',*,*,#6153,.F.);
#4476=ORIENTED_EDGE('',*,*,#6154,.F.);
#4477=ORIENTED_EDGE('',*,*,#6155,.F.);
#4478=ORIENTED_EDGE('',*,*,#6156,.F.);
#4479=ORIENTED_EDGE('',*,*,#6157,.F.);
#4480=ORIENTED_EDGE('',*,*,#6158,.F.);
#4481=ORIENTED_EDGE('',*,*,#6159,.F.);
#4482=ORIENTED_EDGE('',*,*,#6160,.F.);
#4483=ORIENTED_EDGE('',*,*,#6161,.F.);
#4484=ORIENTED_EDGE('',*,*,#6162,.F.);
#4485=ORIENTED_EDGE('',*,*,#6163,.F.);
#4486=ORIENTED_EDGE('',*,*,#6164,.F.);
#4487=CARTESIAN_POINT('',(3.9746883105254E-18,0.000925660764049498,0.00232576076404945));
#4488=DIRECTION('',(3.1641356201817E-15,-3.52495810318487E-15,1.0));
#4489=DIRECTION('',(1.0,1.13768533674843E-29,-3.1641356201817E-15));
#4490=SURFACE_STYLE_FILL_AREA(#6165);
#4491=ORIENTED_EDGE('',*,*,#6166,.F.);
#4492=ORIENTED_EDGE('',*,*,#6167,.F.);
#4493=ORIENTED_EDGE('',*,*,#6136,.T.);
#4494=ORIENTED_EDGE('',*,*,#6168,.T.);
#4495=SURFACE_STYLE_FILL_AREA(#6169);
#4496=ORIENTED_EDGE('',*,*,#6170,.F.);
#4497=ORIENTED_EDGE('',*,*,#6171,.T.);
#4498=ORIENTED_EDGE('',*,*,#6172,.T.);
#4499=ORIENTED_EDGE('',*,*,#6173,.T.);
#4500=ORIENTED_EDGE('',*,*,#6174,.F.);
#4501=ORIENTED_EDGE('',*,*,#6175,.T.);
#4502=ORIENTED_EDGE('',*,*,#6176,.T.);
#4503=ORIENTED_EDGE('',*,*,#6177,.T.);
#4504=ORIENTED_EDGE('',*,*,#6178,.F.);
#4505=ORIENTED_EDGE('',*,*,#6179,.F.);
#4506=ORIENTED_EDGE('',*,*,#6180,.T.);
#4507=ORIENTED_EDGE('',*,*,#6181,.F.);
#4508=ORIENTED_EDGE('',*,*,#6182,.F.);
#4509=ORIENTED_EDGE('',*,*,#6183,.F.);
#4510=ORIENTED_EDGE('',*,*,#6184,.T.);
#4511=ORIENTED_EDGE('',*,*,#6185,.F.);
#4512=ORIENTED_EDGE('',*,*,#6186,.F.);
#4513=ORIENTED_EDGE('',*,*,#6187,.F.);
#4514=ORIENTED_EDGE('',*,*,#6188,.T.);
#4515=ORIENTED_EDGE('',*,*,#6189,.F.);
#4516=ORIENTED_EDGE('',*,*,#6190,.F.);
#4517=ORIENTED_EDGE('',*,*,#6191,.T.);
#4518=ORIENTED_EDGE('',*,*,#6192,.T.);
#4519=ORIENTED_EDGE('',*,*,#6193,.F.);
#4520=ORIENTED_EDGE('',*,*,#6194,.F.);
#4521=ORIENTED_EDGE('',*,*,#6195,.F.);
#4522=ORIENTED_EDGE('',*,*,#6196,.F.);
#4523=ORIENTED_EDGE('',*,*,#6197,.T.);
#4524=ORIENTED_EDGE('',*,*,#6198,.F.);
#4525=ORIENTED_EDGE('',*,*,#6199,.T.);
#4526=ORIENTED_EDGE('',*,*,#6200,.F.);
#4527=ORIENTED_EDGE('',*,*,#6201,.T.);
#4528=ORIENTED_EDGE('',*,*,#6202,.F.);
#4529=ORIENTED_EDGE('',*,*,#6203,.T.);
#4530=ORIENTED_EDGE('',*,*,#6204,.F.);
#4531=ORIENTED_EDGE('',*,*,#6205,.T.);
#4532=ORIENTED_EDGE('',*,*,#6206,.T.);
#4533=ORIENTED_EDGE('',*,*,#6166,.T.);
#4534=ORIENTED_EDGE('',*,*,#6207,.F.);
#4535=ORIENTED_EDGE('',*,*,#6208,.T.);
#4536=ORIENTED_EDGE('',*,*,#6209,.F.);
#4537=ORIENTED_EDGE('',*,*,#6210,.T.);
#4538=CARTESIAN_POINT('',(-4.55101557728974E-19,0.000925660764049503,0.000925760764049445));
#4539=DIRECTION('',(3.1641356201817E-15,-3.52495810318487E-15,1.0));
#4540=DIRECTION('',(1.0,1.13768533674843E-29,-3.1641356201817E-15));
#4541=SURFACE_STYLE_FILL_AREA(#6211);
#4542=ORIENTED_EDGE('',*,*,#6212,.F.);
#4543=ORIENTED_EDGE('',*,*,#6213,.F.);
#4544=ORIENTED_EDGE('',*,*,#6214,.T.);
#4545=ORIENTED_EDGE('',*,*,#6215,.F.);
#4546=ORIENTED_EDGE('',*,*,#6216,.F.);
#4547=CARTESIAN_POINT('',(-5.10812714806358E-17,0.000925660764049559,-0.0150742392359504));
#4548=DIRECTION('',(3.1641356201817E-15,-3.52495810318487E-15,1.0));
#4549=DIRECTION('',(1.0,1.13768533674843E-29,-3.1641356201817E-15));
#4550=SURFACE_STYLE_FILL_AREA(#6217);
#4551=ORIENTED_EDGE('',*,*,#6135,.F.);
#4552=ORIENTED_EDGE('',*,*,#6218,.T.);
#4553=ORIENTED_EDGE('',*,*,#6207,.T.);
#4554=ORIENTED_EDGE('',*,*,#6168,.F.);
#4555=CARTESIAN_POINT('',(0.0206500161120741,-0.0192743392359504,0.000925760764049309));
#4556=DIRECTION('',(1.11576960448096E-29,1.0,3.52495810318487E-15));
#4557=DIRECTION('',(0.0,-3.52495810318487E-15,1.0));
#4558=SURFACE_STYLE_FILL_AREA(#6219);
#4559=ORIENTED_EDGE('',*,*,#6220,.F.);
#4560=ORIENTED_EDGE('',*,*,#6193,.T.);
#4561=ORIENTED_EDGE('',*,*,#6221,.F.);
#4562=ORIENTED_EDGE('',*,*,#6214,.F.);
#4563=CARTESIAN_POINT('',(-0.0337999999959968,0.0129256607600463,0.000925760764049594));
#4564=DIRECTION('',(-3.1641356201817E-15,3.52495810318487E-15,-1.0));
#4565=DIRECTION('',(0.0,1.0,3.52495810318487E-15));
#4566=SURFACE_STYLE_FILL_AREA(#6222);
#4567=ORIENTED_EDGE('',*,*,#6133,.F.);
#4568=ORIENTED_EDGE('',*,*,#6223,.T.);
#4569=ORIENTED_EDGE('',*,*,#6209,.T.);
#4570=ORIENTED_EDGE('',*,*,#6224,.T.);
#4571=CARTESIAN_POINT('',(0.0213499999999999,0.0156212265643293,0.00092576076404943));
#4572=DIRECTION('',(-1.0,-1.11493288186792E-29,3.1641356201817E-15));
#4573=DIRECTION('',(3.1641356201817E-15,0.0,1.0));
#4574=SURFACE_STYLE_FILL_AREA(#6225);
#4575=ORIENTED_EDGE('',*,*,#6210,.F.);
#4576=ORIENTED_EDGE('',*,*,#6223,.F.);
#4577=ORIENTED_EDGE('',*,*,#6132,.T.);
#4578=ORIENTED_EDGE('',*,*,#6226,.T.);
#4579=SURFACE_STYLE_FILL_AREA(#6227);
#4580=ORIENTED_EDGE('',*,*,#6206,.F.);
#4581=ORIENTED_EDGE('',*,*,#6228,.F.);
#4582=ORIENTED_EDGE('',*,*,#6137,.T.);
#4583=ORIENTED_EDGE('',*,*,#6167,.T.);
#4584=CARTESIAN_POINT('',(-0.0214499999999996,0.0192256607640492,0.000925760764049578));
#4585=DIRECTION('',(-1.0,-1.11563779201452E-29,3.1641356201817E-15));
#4586=DIRECTION('',(2.93242620985165E-33,-1.0,-3.52495810318487E-15));
#4587=SURFACE_STYLE_FILL_AREA(#6229);
#4588=ORIENTED_EDGE('',*,*,#6205,.F.);
#4589=ORIENTED_EDGE('',*,*,#6230,.F.);
#4590=ORIENTED_EDGE('',*,*,#6138,.T.);
#4591=ORIENTED_EDGE('',*,*,#6228,.T.);
#4592=SURFACE_STYLE_FILL_AREA(#6231);
#4593=ORIENTED_EDGE('',*,*,#6204,.T.);
#4594=ORIENTED_EDGE('',*,*,#6226,.F.);
#4595=ORIENTED_EDGE('',*,*,#6139,.F.);
#4596=ORIENTED_EDGE('',*,*,#6230,.T.);
#4597=CARTESIAN_POINT('',(-0.0194499999999996,0.0212256607640492,0.000925760764049579));
#4598=DIRECTION('',(-1.11599543181308E-29,-1.0,-3.52495810318487E-15));
#4599=DIRECTION('',(1.0,-6.50882419546456E-33,-3.1641356201817E-15));
#4600=SURFACE_STYLE_FILL_AREA(#6232);
#4601=ORIENTED_EDGE('',*,*,#6233,.F.);
#4602=ORIENTED_EDGE('',*,*,#6234,.T.);
#4603=ORIENTED_EDGE('',*,*,#6235,.T.);
#4604=ORIENTED_EDGE('',*,*,#6236,.T.);
#4605=CARTESIAN_POINT('',(-0.01471,0.0559256554123942,0.00309073925134277));
#4606=DIRECTION('',(-5.86928119994895E-18,-0.999998301062067,-0.00184333203206677));
#4607=DIRECTION('',(0.0,0.00184333203206677,-0.999998301062067));
#4608=SURFACE_STYLE_FILL_AREA(#6237);
#4609=ORIENTED_EDGE('',*,*,#6238,.F.);
#4610=ORIENTED_EDGE('',*,*,#6239,.T.);
#4611=ORIENTED_EDGE('',*,*,#6240,.T.);
#4612=ORIENTED_EDGE('',*,*,#6233,.T.);
#4613=ORIENTED_EDGE('',*,*,#6241,.T.);
#4614=CARTESIAN_POINT('',(0.015,0.0492756607640486,0.00308493275544167));
#4615=DIRECTION('',(-1.0,-5.85630858422224E-18,3.17701777696088E-15));
#4616=DIRECTION('',(3.17701777696088E-15,0.0,1.0));
#4617=SURFACE_STYLE_FILL_AREA(#6242);
#4618=ORIENTED_EDGE('',*,*,#6243,.T.);
#4619=ORIENTED_EDGE('',*,*,#6244,.T.);
#4620=ORIENTED_EDGE('',*,*,#6245,.T.);
#4621=ORIENTED_EDGE('',*,*,#6238,.T.);
#4622=ORIENTED_EDGE('',*,*,#6246,.T.);
#4623=ORIENTED_EDGE('',*,*,#6247,.F.);
#4624=CARTESIAN_POINT('',(0.01471,0.0409256559220764,0.00306308922482551));
#4625=DIRECTION('',(5.84210860180104E-18,0.999998301062067,0.00184333203206677));
#4626=DIRECTION('',(0.0,-0.00184333203206677,0.999998301062067));
#4627=SURFACE_STYLE_FILL_AREA(#6248);
#4628=ORIENTED_EDGE('',*,*,#6235,.F.);
#4629=ORIENTED_EDGE('',*,*,#6249,.T.);
#4630=ORIENTED_EDGE('',*,*,#6250,.T.);
#4631=ORIENTED_EDGE('',*,*,#6247,.T.);
#4632=ORIENTED_EDGE('',*,*,#6251,.T.);
#4633=CARTESIAN_POINT('',(-0.015,0.0345756607640495,0.00305783572853422));
#4634=DIRECTION('',(1.0,5.85630858422233E-18,-3.17701777696088E-15));
#4635=DIRECTION('',(-3.17701777696088E-15,0.0,-1.0));
#4636=SURFACE_STYLE_FILL_AREA(#6252);
#4637=ORIENTED_EDGE('',*,*,#6253,.T.);
#4638=ORIENTED_EDGE('',*,*,#6254,.T.);
#4639=ORIENTED_EDGE('',*,*,#6255,.T.);
#4640=ORIENTED_EDGE('',*,*,#6256,.T.);
#4641=ORIENTED_EDGE('',*,*,#6257,.T.);
#4642=ORIENTED_EDGE('',*,*,#6258,.T.);
#4643=ORIENTED_EDGE('',*,*,#6259,.T.);
#4644=ORIENTED_EDGE('',*,*,#6260,.T.);
#4645=ORIENTED_EDGE('',*,*,#6261,.T.);
#4646=ORIENTED_EDGE('',*,*,#6262,.T.);
#4647=ORIENTED_EDGE('',*,*,#6263,.T.);
#4648=ORIENTED_EDGE('',*,*,#6264,.T.);
#4649=ORIENTED_EDGE('',*,*,#6265,.T.);
#4650=ORIENTED_EDGE('',*,*,#6266,.T.);
#4651=ORIENTED_EDGE('',*,*,#6267,.T.);
#4652=ORIENTED_EDGE('',*,*,#6268,.T.);
#4653=ORIENTED_EDGE('',*,*,#6269,.T.);
#4654=ORIENTED_EDGE('',*,*,#6270,.T.);
#4655=ORIENTED_EDGE('',*,*,#6271,.T.);
#4656=ORIENTED_EDGE('',*,*,#6272,.T.);
#4657=ORIENTED_EDGE('',*,*,#6273,.T.);
#4658=ORIENTED_EDGE('',*,*,#6274,.T.);
#4659=ORIENTED_EDGE('',*,*,#6275,.T.);
#4660=ORIENTED_EDGE('',*,*,#6276,.T.);
#4661=ORIENTED_EDGE('',*,*,#6277,.T.);
#4662=ORIENTED_EDGE('',*,*,#6278,.T.);
#4663=ORIENTED_EDGE('',*,*,#6279,.T.);
#4664=ORIENTED_EDGE('',*,*,#6280,.T.);
#4665=ORIENTED_EDGE('',*,*,#6281,.T.);
#4666=ORIENTED_EDGE('',*,*,#6282,.T.);
#4667=ORIENTED_EDGE('',*,*,#6283,.T.);
#4668=ORIENTED_EDGE('',*,*,#6284,.T.);
#4669=ORIENTED_EDGE('',*,*,#6285,.T.);
#4670=ORIENTED_EDGE('',*,*,#6286,.T.);
#4671=ORIENTED_EDGE('',*,*,#6287,.T.);
#4672=ORIENTED_EDGE('',*,*,#6288,.T.);
#4673=ORIENTED_EDGE('',*,*,#6289,.T.);
#4674=CARTESIAN_POINT('',(0.04,-0.0370743392359505,0.00292576076404929));
#4675=DIRECTION('',(-0.0,7.01695646032619E-15,-1.0));
#4676=DIRECTION('',(0.0,1.0,7.01695646032619E-15));
#4677=SURFACE_STYLE_FILL_AREA(#6290);
#4678=ORIENTED_EDGE('',*,*,#6291,.T.);
#4679=ORIENTED_EDGE('',*,*,#6292,.T.);
#4680=ORIENTED_EDGE('',*,*,#6293,.T.);
#4681=ORIENTED_EDGE('',*,*,#6294,.T.);
#4682=CARTESIAN_POINT('',(0.04,0.0709256607640495,0.000925760764049565));
#4683=DIRECTION('',(1.11452286943836E-29,1.0,3.52495810318487E-15));
#4684=DIRECTION('',(0.0,-3.52495810318487E-15,1.0));
#4685=SURFACE_STYLE_FILL_AREA(#6295);
#4686=ORIENTED_EDGE('',*,*,#6296,.T.);
#4687=ORIENTED_EDGE('',*,*,#6297,.T.);
#4688=ORIENTED_EDGE('',*,*,#6298,.T.);
#4689=ORIENTED_EDGE('',*,*,#6299,.T.);
#4690=CARTESIAN_POINT('',(-0.04,0.0629256607640495,0.00092576076404979));
#4691=DIRECTION('',(-1.0,-1.11527593813927E-29,3.1641356201817E-15));
#4692=DIRECTION('',(3.1641356201817E-15,0.0,1.0));
#4693=SURFACE_STYLE_FILL_AREA(#6300);
#4694=ORIENTED_EDGE('',*,*,#6298,.F.);
#4695=ORIENTED_EDGE('',*,*,#6301,.T.);
#4696=ORIENTED_EDGE('',*,*,#6302,.F.);
#4697=ORIENTED_EDGE('',*,*,#6303,.T.);
#4698=CARTESIAN_POINT('',(-0.04,-0.0276743392359505,0.000925760764049443));
#4699=DIRECTION('',(0.707106781186548,0.707106781186548,2.55140024536113E-16));
#4700=DIRECTION('',(3.1641356201817E-15,-3.52495810318487E-15,1.0));
#4701=SURFACE_STYLE_FILL_AREA(#6304);
#4702=ORIENTED_EDGE('',*,*,#6302,.T.);
#4703=ORIENTED_EDGE('',*,*,#6305,.T.);
#4704=ORIENTED_EDGE('',*,*,#6306,.T.);
#4705=ORIENTED_EDGE('',*,*,#6307,.T.);
#4706=CARTESIAN_POINT('',(-0.04,-0.0290743392359505,0.000925760764049438));
#4707=DIRECTION('',(-1.1154783112467E-29,-1.0,-3.52495810318487E-15));
#4708=DIRECTION('',(0.0,3.52495810318487E-15,-1.0));
#4709=SURFACE_STYLE_FILL_AREA(#6308);
#4710=ORIENTED_EDGE('',*,*,#6306,.F.);
#4711=ORIENTED_EDGE('',*,*,#6309,.T.);
#4712=ORIENTED_EDGE('',*,*,#6310,.F.);
#4713=ORIENTED_EDGE('',*,*,#6311,.T.);
#4714=CARTESIAN_POINT('',(0.0386,-0.0290743392359505,0.000925760764049189));
#4715=DIRECTION('',(-0.707106781186548,0.707106781186548,4.72990353178487E-15));
#4716=DIRECTION('',(3.1641356201817E-15,-3.52495810318487E-15,1.0));
#4717=SURFACE_STYLE_FILL_AREA(#6312);
#4718=ORIENTED_EDGE('',*,*,#6310,.T.);
#4719=ORIENTED_EDGE('',*,*,#6313,.T.);
#4720=ORIENTED_EDGE('',*,*,#6314,.T.);
#4721=ORIENTED_EDGE('',*,*,#6315,.T.);
#4722=CARTESIAN_POINT('',(0.04,-0.0370743392359505,0.000925760764049185));
#4723=DIRECTION('',(1.0,1.11596205068196E-29,-3.1641356201817E-15));
#4724=DIRECTION('',(-3.1641356201817E-15,0.0,-1.0));
#4725=SURFACE_STYLE_FILL_AREA(#6316);
#4726=ORIENTED_EDGE('',*,*,#6317,.T.);
#4727=ORIENTED_EDGE('',*,*,#6318,.T.);
#4728=ORIENTED_EDGE('',*,*,#6319,.T.);
#4729=ORIENTED_EDGE('',*,*,#6320,.T.);
#4730=ORIENTED_EDGE('',*,*,#6321,.T.);
#4731=ORIENTED_EDGE('',*,*,#6322,.T.);
#4732=ORIENTED_EDGE('',*,*,#6323,.T.);
#4733=ORIENTED_EDGE('',*,*,#6324,.T.);
#4734=ORIENTED_EDGE('',*,*,#6325,.T.);
#4735=ORIENTED_EDGE('',*,*,#6326,.T.);
#4736=ORIENTED_EDGE('',*,*,#6327,.T.);
#4737=ORIENTED_EDGE('',*,*,#6328,.T.);
#4738=ORIENTED_EDGE('',*,*,#6329,.T.);
#4739=ORIENTED_EDGE('',*,*,#6330,.T.);
#4740=ORIENTED_EDGE('',*,*,#6331,.T.);
#4741=ORIENTED_EDGE('',*,*,#6332,.T.);
#4742=CARTESIAN_POINT('',(-5.74095427209992E-17,0.000925660764049566,-0.0170742392359505));
#4743=DIRECTION('',(3.1641356201817E-15,-3.52495810318487E-15,1.0));
#4744=DIRECTION('',(1.0,1.13768533674843E-29,-3.1641356201817E-15));
#4745=SURFACE_STYLE_FILL_AREA(#6333);
#4746=ORIENTED_EDGE('',*,*,#6334,.T.);
#4747=CARTESIAN_POINT('',(-9.94750841827373E-18,0.000925660764049513,-0.00207423923595045));
#4748=DIRECTION('',(3.1641356201817E-15,-3.52495810318487E-15,1.0));
#4749=DIRECTION('',(1.0,1.13768533674843E-29,-3.1641356201817E-15));
#4750=SURFACE_STYLE_FILL_AREA(#6335);
#4751=ORIENTED_EDGE('',*,*,#6336,.T.);
#4752=CARTESIAN_POINT('',(-9.94750841827373E-18,0.00892566076404951,-0.00207423923595045));
#4753=DIRECTION('',(3.1641356201817E-15,-3.52495810318487E-15,1.0));
#4754=DIRECTION('',(1.0,1.13768533674843E-29,-3.1641356201817E-15));
#4755=SURFACE_STYLE_FILL_AREA(#6337);
#4756=ORIENTED_EDGE('',*,*,#6338,.T.);
#4757=CARTESIAN_POINT('',(-9.94750841827373E-18,0.000925660764049513,-0.00207423923595045));
#4758=DIRECTION('',(3.1641356201817E-15,-3.52495810318487E-15,1.0));
#4759=DIRECTION('',(1.0,1.13768533674843E-29,-3.1641356201817E-15));
#4760=SURFACE_STYLE_FILL_AREA(#6339);
#4761=ORIENTED_EDGE('',*,*,#6340,.T.);
#4762=CARTESIAN_POINT('',(-9.94750841827373E-18,0.000925660764049513,-0.00207423923595045));
#4763=DIRECTION('',(3.1641356201817E-15,-3.52495810318487E-15,1.0));
#4764=DIRECTION('',(1.0,1.13768533674843E-29,-3.1641356201817E-15));
#4765=SURFACE_STYLE_FILL_AREA(#6341);
#4766=ORIENTED_EDGE('',*,*,#6342,.T.);
#4767=CARTESIAN_POINT('',(-9.94750841827373E-18,0.00892566076404951,-0.00207423923595045));
#4768=DIRECTION('',(3.1641356201817E-15,-3.52495810318487E-15,1.0));
#4769=DIRECTION('',(1.0,1.13768533674843E-29,-3.1641356201817E-15));
#4770=SURFACE_STYLE_FILL_AREA(#6343);
#4771=ORIENTED_EDGE('',*,*,#6344,.T.);
#4772=CARTESIAN_POINT('',(-9.94750841827373E-18,0.000925660764049513,-0.00207423923595045));
#4773=DIRECTION('',(3.1641356201817E-15,-3.52495810318487E-15,1.0));
#4774=DIRECTION('',(1.0,1.13768533674843E-29,-3.1641356201817E-15));
#4775=SURFACE_STYLE_FILL_AREA(#6345);
#4776=ORIENTED_EDGE('',*,*,#6346,.T.);
#4777=ORIENTED_EDGE('',*,*,#6164,.T.);
#4778=ORIENTED_EDGE('',*,*,#6347,.F.);
#4779=ORIENTED_EDGE('',*,*,#6289,.F.);
#4780=CARTESIAN_POINT('',(0.000150016112074116,0.00062122656432934,0.000925760764049444));
#4781=DIRECTION('',(3.1641356201817E-15,-3.52495810318487E-15,1.0));
#4782=DIRECTION('',(0.0,-1.0,-3.52495810318487E-15));
#4783=SURFACE_STYLE_FILL_AREA(#6348);
#4784=ORIENTED_EDGE('',*,*,#6347,.T.);
#4785=ORIENTED_EDGE('',*,*,#6163,.T.);
#4786=ORIENTED_EDGE('',*,*,#6349,.F.);
#4787=ORIENTED_EDGE('',*,*,#6286,.F.);
#4788=CARTESIAN_POINT('',(-0.0132850127304703,-0.0128138022782151,0.000925760764049439));
#4789=DIRECTION('',(3.1641356201817E-15,-3.52495810318487E-15,1.0));
#4790=DIRECTION('',(0.0,-1.0,-3.52495810318487E-15));
#4791=SURFACE_STYLE_FILL_AREA(#6350);
#4792=ORIENTED_EDGE('',*,*,#6349,.T.);
#4793=ORIENTED_EDGE('',*,*,#6162,.T.);
#4794=ORIENTED_EDGE('',*,*,#6351,.F.);
#4795=ORIENTED_EDGE('',*,*,#6287,.F.);
#4796=CARTESIAN_POINT('',(0.000150016112074116,0.00062122656432934,0.000925760764049444));
#4797=DIRECTION('',(3.1641356201817E-15,-3.52495810318487E-15,1.0));
#4798=DIRECTION('',(0.0,-1.0,-3.52495810318487E-15));
#4799=SURFACE_STYLE_FILL_AREA(#6352);
#4800=ORIENTED_EDGE('',*,*,#6351,.T.);
#4801=ORIENTED_EDGE('',*,*,#6161,.T.);
#4802=ORIENTED_EDGE('',*,*,#6346,.F.);
#4803=ORIENTED_EDGE('',*,*,#6288,.F.);
#4804=CARTESIAN_POINT('',(-0.0132850127304702,0.0140562554068738,0.000925760764049534));
#4805=DIRECTION('',(3.1641356201817E-15,-3.52495810318487E-15,1.0));
#4806=DIRECTION('',(0.0,-1.0,-3.52495810318487E-15));
#4807=SURFACE_STYLE_FILL_AREA(#6353);
#4808=ORIENTED_EDGE('',*,*,#6354,.T.);
#4809=ORIENTED_EDGE('',*,*,#6160,.T.);
#4810=ORIENTED_EDGE('',*,*,#6355,.F.);
#4811=ORIENTED_EDGE('',*,*,#6285,.F.);
#4812=CARTESIAN_POINT('',(0.000150016112074116,0.00062122656432934,0.000925760764049444));
#4813=DIRECTION('',(3.1641356201817E-15,-3.52495810318487E-15,1.0));
#4814=DIRECTION('',(0.0,-1.0,-3.52495810318487E-15));
#4815=SURFACE_STYLE_FILL_AREA(#6356);
#4816=ORIENTED_EDGE('',*,*,#6355,.T.);
#4817=ORIENTED_EDGE('',*,*,#6159,.T.);
#4818=ORIENTED_EDGE('',*,*,#6357,.F.);
#4819=ORIENTED_EDGE('',*,*,#6282,.F.);
#4820=CARTESIAN_POINT('',(-0.00904237204335102,-0.00857116159109577,0.000925760764049441));
#4821=DIRECTION('',(3.1641356201817E-15,-3.52495810318487E-15,1.0));
#4822=DIRECTION('',(0.0,-1.0,-3.52495810318487E-15));
#4823=SURFACE_STYLE_FILL_AREA(#6358);
#4824=ORIENTED_EDGE('',*,*,#6357,.T.);
#4825=ORIENTED_EDGE('',*,*,#6158,.T.);
#4826=ORIENTED_EDGE('',*,*,#6359,.F.);
#4827=ORIENTED_EDGE('',*,*,#6283,.F.);
#4828=CARTESIAN_POINT('',(0.000150016112074116,0.00062122656432934,0.000925760764049444));
#4829=DIRECTION('',(3.1641356201817E-15,-3.52495810318487E-15,1.0));
#4830=DIRECTION('',(0.0,-1.0,-3.52495810318487E-15));
#4831=SURFACE_STYLE_FILL_AREA(#6360);
#4832=ORIENTED_EDGE('',*,*,#6359,.T.);
#4833=ORIENTED_EDGE('',*,*,#6157,.T.);
#4834=ORIENTED_EDGE('',*,*,#6354,.F.);
#4835=ORIENTED_EDGE('',*,*,#6284,.F.);
#4836=CARTESIAN_POINT('',(-0.00904237204335097,0.00981361471975449,0.000925760764049505));
#4837=DIRECTION('',(3.1641356201817E-15,-3.52495810318487E-15,1.0));
#4838=DIRECTION('',(0.0,-1.0,-3.52495810318487E-15));
#4839=SURFACE_STYLE_FILL_AREA(#6361);
#4840=ORIENTED_EDGE('',*,*,#6362,.T.);
#4841=ORIENTED_EDGE('',*,*,#6156,.T.);
#4842=ORIENTED_EDGE('',*,*,#6363,.F.);
#4843=ORIENTED_EDGE('',*,*,#6281,.F.);
#4844=CARTESIAN_POINT('',(0.000150016112074116,0.00062122656432934,0.000925760764049444));
#4845=DIRECTION('',(3.1641356201817E-15,-3.52495810318487E-15,1.0));
#4846=DIRECTION('',(0.0,-1.0,-3.52495810318487E-15));
#4847=SURFACE_STYLE_FILL_AREA(#6364);
#4848=ORIENTED_EDGE('',*,*,#6363,.T.);
#4849=ORIENTED_EDGE('',*,*,#6155,.T.);
#4850=ORIENTED_EDGE('',*,*,#6365,.F.);
#4851=ORIENTED_EDGE('',*,*,#6278,.F.);
#4852=CARTESIAN_POINT('',(-0.00550683813741827,-0.00503562768516303,0.000925760764049442));
#4853=DIRECTION('',(3.1641356201817E-15,-3.52495810318487E-15,1.0));
#4854=DIRECTION('',(0.0,-1.0,-3.52495810318487E-15));
#4855=SURFACE_STYLE_FILL_AREA(#6366);
#4856=ORIENTED_EDGE('',*,*,#6365,.T.);
#4857=ORIENTED_EDGE('',*,*,#6154,.T.);
#4858=ORIENTED_EDGE('',*,*,#6367,.F.);
#4859=ORIENTED_EDGE('',*,*,#6279,.F.);
#4860=CARTESIAN_POINT('',(0.000150016112074116,0.00062122656432934,0.000925760764049444));
#4861=DIRECTION('',(3.1641356201817E-15,-3.52495810318487E-15,1.0));
#4862=DIRECTION('',(0.0,-1.0,-3.52495810318487E-15));
#4863=SURFACE_STYLE_FILL_AREA(#6368);
#4864=ORIENTED_EDGE('',*,*,#6367,.T.);
#4865=ORIENTED_EDGE('',*,*,#6153,.T.);
#4866=ORIENTED_EDGE('',*,*,#6362,.F.);
#4867=ORIENTED_EDGE('',*,*,#6280,.F.);
#4868=CARTESIAN_POINT('',(-0.00550683813741824,0.00627808081382174,0.000925760764049482));
#4869=DIRECTION('',(3.1641356201817E-15,-3.52495810318487E-15,1.0));
#4870=DIRECTION('',(0.0,-1.0,-3.52495810318487E-15));
#4871=SURFACE_STYLE_FILL_AREA(#6369);
#4872=ORIENTED_EDGE('',*,*,#6370,.T.);
#4873=ORIENTED_EDGE('',*,*,#6152,.T.);
#4874=ORIENTED_EDGE('',*,*,#6371,.F.);
#4875=ORIENTED_EDGE('',*,*,#6277,.F.);
#4876=CARTESIAN_POINT('',(0.00580687036156649,-0.00503562768516305,0.000925760764049406));
#4877=DIRECTION('',(3.1641356201817E-15,-3.52495810318487E-15,1.0));
#4878=DIRECTION('',(0.0,-1.0,-3.52495810318487E-15));
#4879=SURFACE_STYLE_FILL_AREA(#6372);
#4880=ORIENTED_EDGE('',*,*,#6371,.T.);
#4881=ORIENTED_EDGE('',*,*,#6151,.T.);
#4882=ORIENTED_EDGE('',*,*,#6373,.F.);
#4883=ORIENTED_EDGE('',*,*,#6274,.F.);
#4884=CARTESIAN_POINT('',(0.000150016112074116,0.00062122656432934,0.000925760764049444));
#4885=DIRECTION('',(3.1641356201817E-15,-3.52495810318487E-15,1.0));
#4886=DIRECTION('',(0.0,-1.0,-3.52495810318487E-15));
#4887=SURFACE_STYLE_FILL_AREA(#6374);
#4888=ORIENTED_EDGE('',*,*,#6373,.T.);
#4889=ORIENTED_EDGE('',*,*,#6150,.T.);
#4890=ORIENTED_EDGE('',*,*,#6375,.F.);
#4891=ORIENTED_EDGE('',*,*,#6275,.F.);
#4892=CARTESIAN_POINT('',(0.0058068703615665,0.00627808081382172,0.000925760764049446));
#4893=DIRECTION('',(3.1641356201817E-15,-3.52495810318487E-15,1.0));
#4894=DIRECTION('',(0.0,-1.0,-3.52495810318487E-15));
#4895=SURFACE_STYLE_FILL_AREA(#6376);
#4896=ORIENTED_EDGE('',*,*,#6375,.T.);
#4897=ORIENTED_EDGE('',*,*,#6149,.T.);
#4898=ORIENTED_EDGE('',*,*,#6370,.F.);
#4899=ORIENTED_EDGE('',*,*,#6276,.F.);
#4900=CARTESIAN_POINT('',(0.000150016112074116,0.00062122656432934,0.000925760764049444));
#4901=DIRECTION('',(3.1641356201817E-15,-3.52495810318487E-15,1.0));
#4902=DIRECTION('',(0.0,-1.0,-3.52495810318487E-15));
#4903=SURFACE_STYLE_FILL_AREA(#6377);
#4904=ORIENTED_EDGE('',*,*,#6378,.T.);
#4905=ORIENTED_EDGE('',*,*,#6148,.T.);
#4906=ORIENTED_EDGE('',*,*,#6379,.F.);
#4907=ORIENTED_EDGE('',*,*,#6273,.F.);
#4908=CARTESIAN_POINT('',(0.00934240426749922,-0.00857116159109579,0.000925760764049382));
#4909=DIRECTION('',(3.1641356201817E-15,-3.52495810318487E-15,1.0));
#4910=DIRECTION('',(0.0,-1.0,-3.52495810318487E-15));
#4911=SURFACE_STYLE_FILL_AREA(#6380);
#4912=ORIENTED_EDGE('',*,*,#6379,.T.);
#4913=ORIENTED_EDGE('',*,*,#6147,.T.);
#4914=ORIENTED_EDGE('',*,*,#6381,.F.);
#4915=ORIENTED_EDGE('',*,*,#6270,.F.);
#4916=CARTESIAN_POINT('',(0.000150016112074116,0.00062122656432934,0.000925760764049444));
#4917=DIRECTION('',(3.1641356201817E-15,-3.52495810318487E-15,1.0));
#4918=DIRECTION('',(0.0,-1.0,-3.52495810318487E-15));
#4919=SURFACE_STYLE_FILL_AREA(#6382);
#4920=ORIENTED_EDGE('',*,*,#6381,.T.);
#4921=ORIENTED_EDGE('',*,*,#6146,.T.);
#4922=ORIENTED_EDGE('',*,*,#6383,.F.);
#4923=ORIENTED_EDGE('',*,*,#6271,.F.);
#4924=CARTESIAN_POINT('',(0.00934240426749924,0.00981361471975445,0.000925760764049447));
#4925=DIRECTION('',(3.1641356201817E-15,-3.52495810318487E-15,1.0));
#4926=DIRECTION('',(0.0,-1.0,-3.52495810318487E-15));
#4927=SURFACE_STYLE_FILL_AREA(#6384);
#4928=ORIENTED_EDGE('',*,*,#6383,.T.);
#4929=ORIENTED_EDGE('',*,*,#6145,.T.);
#4930=ORIENTED_EDGE('',*,*,#6378,.F.);
#4931=ORIENTED_EDGE('',*,*,#6272,.F.);
#4932=CARTESIAN_POINT('',(0.000150016112074116,0.00062122656432934,0.000925760764049444));
#4933=DIRECTION('',(3.1641356201817E-15,-3.52495810318487E-15,1.0));
#4934=DIRECTION('',(0.0,-1.0,-3.52495810318487E-15));
#4935=SURFACE_STYLE_FILL_AREA(#6385);
#4936=ORIENTED_EDGE('',*,*,#6386,.T.);
#4937=ORIENTED_EDGE('',*,*,#6144,.T.);
#4938=ORIENTED_EDGE('',*,*,#6387,.F.);
#4939=ORIENTED_EDGE('',*,*,#6269,.F.);
#4940=CARTESIAN_POINT('',(0.0135850449546185,-0.0128138022782151,0.000925760764049354));
#4941=DIRECTION('',(3.1641356201817E-15,-3.52495810318487E-15,1.0));
#4942=DIRECTION('',(0.0,-1.0,-3.52495810318487E-15));
#4943=SURFACE_STYLE_FILL_AREA(#6388);
#4944=ORIENTED_EDGE('',*,*,#6387,.T.);
#4945=ORIENTED_EDGE('',*,*,#6143,.T.);
#4946=ORIENTED_EDGE('',*,*,#6389,.F.);
#4947=ORIENTED_EDGE('',*,*,#6266,.F.);
#4948=CARTESIAN_POINT('',(0.000150016112074116,0.00062122656432934,0.000925760764049444));
#4949=DIRECTION('',(3.1641356201817E-15,-3.52495810318487E-15,1.0));
#4950=DIRECTION('',(0.0,-1.0,-3.52495810318487E-15));
#4951=SURFACE_STYLE_FILL_AREA(#6390);
#4952=ORIENTED_EDGE('',*,*,#6389,.T.);
#4953=ORIENTED_EDGE('',*,*,#6142,.T.);
#4954=ORIENTED_EDGE('',*,*,#6391,.F.);
#4955=ORIENTED_EDGE('',*,*,#6267,.F.);
#4956=CARTESIAN_POINT('',(0.0135850449546185,0.0140562554068737,0.000925760764049449));
#4957=DIRECTION('',(3.1641356201817E-15,-3.52495810318487E-15,1.0));
#4958=DIRECTION('',(0.0,-1.0,-3.52495810318487E-15));
#4959=SURFACE_STYLE_FILL_AREA(#6392);
#4960=ORIENTED_EDGE('',*,*,#6391,.T.);
#4961=ORIENTED_EDGE('',*,*,#6141,.T.);
#4962=ORIENTED_EDGE('',*,*,#6386,.F.);
#4963=ORIENTED_EDGE('',*,*,#6268,.F.);
#4964=CARTESIAN_POINT('',(0.000150016112074116,0.00062122656432934,0.000925760764049444));
#4965=DIRECTION('',(3.1641356201817E-15,-3.52495810318487E-15,1.0));
#4966=DIRECTION('',(0.0,-1.0,-3.52495810318487E-15));
#4967=SURFACE_STYLE_FILL_AREA(#6393);
#4968=ORIENTED_EDGE('',*,*,#6265,.F.);
#4969=ORIENTED_EDGE('',*,*,#6140,.T.);
#4970=CARTESIAN_POINT('',(0.000150016112074116,0.00062122656432934,0.000925760764049444));
#4971=DIRECTION('',(3.1641356201817E-15,-3.52495810318487E-15,1.0));
#4972=DIRECTION('',(0.0,-1.0,-3.52495810318487E-15));
#4973=SURFACE_STYLE_FILL_AREA(#6394);
#4974=ORIENTED_EDGE('',*,*,#6334,.F.);
#4975=ORIENTED_EDGE('',*,*,#6395,.T.);
#4976=CARTESIAN_POINT('',(0.0338,0.0129256607640495,-0.00207423923595051));
#4977=DIRECTION('',(3.1641356201817E-15,-3.52495810318487E-15,1.0));
#4978=DIRECTION('',(0.0,-1.0,-3.52495810318487E-15));
#4979=SURFACE_STYLE_FILL_AREA(#6396);
#4980=ORIENTED_EDGE('',*,*,#6336,.F.);
#4981=ORIENTED_EDGE('',*,*,#6397,.T.);
#4982=CARTESIAN_POINT('',(0.0338,-0.0228743392359505,-0.00207423923595067));
#4983=DIRECTION('',(3.1641356201817E-15,-3.52495810318487E-15,1.0));
#4984=DIRECTION('',(0.0,-1.0,-3.52495810318487E-15));
#4985=SURFACE_STYLE_FILL_AREA(#6398);
#4986=ORIENTED_EDGE('',*,*,#6338,.F.);
#4987=ORIENTED_EDGE('',*,*,#6399,.T.);
#4988=CARTESIAN_POINT('',(0.0338,0.0647256607640495,-0.00207423923595035));
#4989=DIRECTION('',(3.1641356201817E-15,-3.52495810318487E-15,1.0));
#4990=DIRECTION('',(0.0,-1.0,-3.52495810318487E-15));
#4991=SURFACE_STYLE_FILL_AREA(#6400);
#4992=ORIENTED_EDGE('',*,*,#6340,.F.);
#4993=ORIENTED_EDGE('',*,*,#6401,.T.);
#4994=CARTESIAN_POINT('',(-0.0338,0.0647256607640495,-0.00207423923595014));
#4995=DIRECTION('',(3.1641356201817E-15,-3.52495810318487E-15,1.0));
#4996=DIRECTION('',(0.0,-1.0,-3.52495810318487E-15));
#4997=SURFACE_STYLE_FILL_AREA(#6402);
#4998=ORIENTED_EDGE('',*,*,#6342,.F.);
#4999=ORIENTED_EDGE('',*,*,#6403,.T.);
#5000=CARTESIAN_POINT('',(-0.0338,-0.0228743392359505,-0.00207423923595046));
#5001=DIRECTION('',(3.1641356201817E-15,-3.52495810318487E-15,1.0));
#5002=DIRECTION('',(0.0,-1.0,-3.52495810318487E-15));
#5003=SURFACE_STYLE_FILL_AREA(#6404);
#5004=ORIENTED_EDGE('',*,*,#6344,.F.);
#5005=ORIENTED_EDGE('',*,*,#6212,.T.);
#5006=CARTESIAN_POINT('',(-0.0338,0.0129256607640495,-0.0020742392359503));
#5007=DIRECTION('',(3.1641356201817E-15,-3.52495810318487E-15,1.0));
#5008=DIRECTION('',(0.0,-1.0,-3.52495810318487E-15));
#5009=SURFACE_STYLE_FILL_AREA(#6405);
#5010=ORIENTED_EDGE('',*,*,#6395,.F.);
#5011=ORIENTED_EDGE('',*,*,#6406,.T.);
#5012=ORIENTED_EDGE('',*,*,#6407,.T.);
#5013=ORIENTED_EDGE('',*,*,#6408,.T.);
#5014=ORIENTED_EDGE('',*,*,#6409,.T.);
#5015=CARTESIAN_POINT('',(-5.10812714806358E-17,0.000925660764049559,-0.0150742392359504));
#5016=DIRECTION('',(3.1641356201817E-15,-3.52495810318487E-15,1.0));
#5017=DIRECTION('',(1.0,1.13768533674843E-29,-3.1641356201817E-15));
#5018=SURFACE_STYLE_FILL_AREA(#6410);
#5019=ORIENTED_EDGE('',*,*,#6397,.F.);
#5020=ORIENTED_EDGE('',*,*,#6411,.T.);
#5021=ORIENTED_EDGE('',*,*,#6412,.T.);
#5022=ORIENTED_EDGE('',*,*,#6413,.T.);
#5023=ORIENTED_EDGE('',*,*,#6414,.T.);
#5024=ORIENTED_EDGE('',*,*,#6415,.T.);
#5025=ORIENTED_EDGE('',*,*,#6416,.T.);
#5026=CARTESIAN_POINT('',(-5.10812714806358E-17,0.00892566076404956,-0.0150742392359504));
#5027=DIRECTION('',(3.1641356201817E-15,-3.52495810318487E-15,1.0));
#5028=DIRECTION('',(1.0,1.13768533674843E-29,-3.1641356201817E-15));
#5029=SURFACE_STYLE_FILL_AREA(#6417);
#5030=ORIENTED_EDGE('',*,*,#6399,.F.);
#5031=ORIENTED_EDGE('',*,*,#6418,.F.);
#5032=ORIENTED_EDGE('',*,*,#6419,.T.);
#5033=ORIENTED_EDGE('',*,*,#6420,.F.);
#5034=ORIENTED_EDGE('',*,*,#6421,.F.);
#5035=ORIENTED_EDGE('',*,*,#6422,.T.);
#5036=ORIENTED_EDGE('',*,*,#6423,.F.);
#5037=CARTESIAN_POINT('',(-5.10812714806358E-17,0.000925660764049559,-0.0150742392359504));
#5038=DIRECTION('',(3.1641356201817E-15,-3.52495810318487E-15,1.0));
#5039=DIRECTION('',(1.0,1.13768533674843E-29,-3.1641356201817E-15));
#5040=SURFACE_STYLE_FILL_AREA(#6424);
#5041=ORIENTED_EDGE('',*,*,#6401,.F.);
#5042=ORIENTED_EDGE('',*,*,#6425,.T.);
#5043=ORIENTED_EDGE('',*,*,#6426,.T.);
#5044=ORIENTED_EDGE('',*,*,#6427,.T.);
#5045=ORIENTED_EDGE('',*,*,#6428,.T.);
#5046=ORIENTED_EDGE('',*,*,#6429,.T.);
#5047=ORIENTED_EDGE('',*,*,#6430,.T.);
#5048=CARTESIAN_POINT('',(-5.10812714806358E-17,0.000925660764049559,-0.0150742392359504));
#5049=DIRECTION('',(3.1641356201817E-15,-3.52495810318487E-15,1.0));
#5050=DIRECTION('',(1.0,1.13768533674843E-29,-3.1641356201817E-15));
#5051=SURFACE_STYLE_FILL_AREA(#6431);
#5052=ORIENTED_EDGE('',*,*,#6403,.F.);
#5053=ORIENTED_EDGE('',*,*,#6432,.F.);
#5054=ORIENTED_EDGE('',*,*,#6433,.T.);
#5055=ORIENTED_EDGE('',*,*,#6434,.F.);
#5056=ORIENTED_EDGE('',*,*,#6435,.F.);
#5057=ORIENTED_EDGE('',*,*,#6436,.T.);
#5058=ORIENTED_EDGE('',*,*,#6437,.F.);
#5059=CARTESIAN_POINT('',(-5.10812714806358E-17,0.00892566076404956,-0.0150742392359504));
#5060=DIRECTION('',(3.1641356201817E-15,-3.52495810318487E-15,1.0));
#5061=DIRECTION('',(1.0,1.13768533674843E-29,-3.1641356201817E-15));
#5062=SURFACE_STYLE_FILL_AREA(#6438);
#5063=ORIENTED_EDGE('',*,*,#6429,.F.);
#5064=ORIENTED_EDGE('',*,*,#6439,.F.);
#5065=ORIENTED_EDGE('',*,*,#6173,.F.);
#5066=ORIENTED_EDGE('',*,*,#6440,.F.);
#5067=CARTESIAN_POINT('',(-0.0333,0.0642256607640495,0.000925760764049757));
#5068=DIRECTION('',(3.1641356201817E-15,-3.52495810318487E-15,1.0));
#5069=DIRECTION('',(0.0,-1.0,-3.52495810318487E-15));
#5070=SURFACE_STYLE_FILL_AREA(#6441);
#5071=ORIENTED_EDGE('',*,*,#6422,.F.);
#5072=ORIENTED_EDGE('',*,*,#6442,.F.);
#5073=ORIENTED_EDGE('',*,*,#6177,.F.);
#5074=ORIENTED_EDGE('',*,*,#6443,.F.);
#5075=CARTESIAN_POINT('',(0.0333,0.0642256607640495,0.000925760764049546));
#5076=DIRECTION('',(3.1641356201817E-15,-3.52495810318487E-15,1.0));
#5077=DIRECTION('',(0.0,-1.0,-3.52495810318487E-15));
#5078=SURFACE_STYLE_FILL_AREA(#6444);
#5079=ORIENTED_EDGE('',*,*,#6445,.F.);
#5080=ORIENTED_EDGE('',*,*,#6446,.T.);
#5081=CARTESIAN_POINT('',(0.0,0.0463756607640495,-0.00227523923595041));
#5082=DIRECTION('',(0.0,0.0,-1.0));
#5083=DIRECTION('',(-1.0,0.0,0.0));
#5084=SURFACE_STYLE_FILL_AREA(#6447);
#5085=ORIENTED_EDGE('',*,*,#6195,.T.);
#5086=ORIENTED_EDGE('',*,*,#6446,.F.);
#5087=CARTESIAN_POINT('',(0.03,0.0463756607640495,-0.00557523923595041));
#5088=DIRECTION('',(0.0,-0.0,1.0));
#5089=DIRECTION('',(1.0,0.0,0.0));
#5090=SURFACE_STYLE_FILL_AREA(#6448);
#5091=ORIENTED_EDGE('',*,*,#6449,.F.);
#5092=ORIENTED_EDGE('',*,*,#6450,.T.);
#5093=CARTESIAN_POINT('',(-0.005,0.0463756607640495,-0.00227523923595041));
#5094=DIRECTION('',(0.0,0.0,-1.0));
#5095=DIRECTION('',(-1.0,0.0,0.0));
#5096=SURFACE_STYLE_FILL_AREA(#6451);
#5097=ORIENTED_EDGE('',*,*,#6194,.T.);
#5098=ORIENTED_EDGE('',*,*,#6450,.F.);
#5099=CARTESIAN_POINT('',(-0.03,0.0463756607640495,-0.00557523923595041));
#5100=DIRECTION('',(0.0,-0.0,1.0));
#5101=DIRECTION('',(1.0,0.0,0.0));
#5102=SURFACE_STYLE_FILL_AREA(#6452);
#5103=ORIENTED_EDGE('',*,*,#6453,.T.);
#5104=CARTESIAN_POINT('',(0.0,0.0463756607640495,0.00192576076404965));
#5105=DIRECTION('',(0.0,0.0,-1.0));
#5106=DIRECTION('',(-1.0,0.0,0.0));
#5107=SURFACE_STYLE_FILL_AREA(#6454);
#5108=ORIENTED_EDGE('',*,*,#6453,.F.);
#5109=ORIENTED_EDGE('',*,*,#6445,.T.);
#5110=CARTESIAN_POINT('',(0.03,0.0463756607640495,-0.00557523923595041));
#5111=DIRECTION('',(0.0,-0.0,1.0));
#5112=DIRECTION('',(1.0,0.0,0.0));
#5113=SURFACE_STYLE_FILL_AREA(#6455);
#5114=ORIENTED_EDGE('',*,*,#6456,.T.);
#5115=CARTESIAN_POINT('',(0.0,0.0463756607640495,0.00192576076404965));
#5116=DIRECTION('',(0.0,0.0,-1.0));
#5117=DIRECTION('',(-1.0,0.0,0.0));
#5118=SURFACE_STYLE_FILL_AREA(#6457);
#5119=ORIENTED_EDGE('',*,*,#6456,.F.);
#5120=ORIENTED_EDGE('',*,*,#6449,.T.);
#5121=CARTESIAN_POINT('',(-0.03,0.0463756607640495,-0.00557523923595041));
#5122=DIRECTION('',(0.0,-0.0,1.0));
#5123=DIRECTION('',(1.0,0.0,0.0));
#5124=SURFACE_STYLE_FILL_AREA(#6458);
#5125=ORIENTED_EDGE('',*,*,#6293,.F.);
#5126=ORIENTED_EDGE('',*,*,#6459,.T.);
#5127=ORIENTED_EDGE('',*,*,#6296,.F.);
#5128=ORIENTED_EDGE('',*,*,#6460,.T.);
#5129=CARTESIAN_POINT('',(-0.0386,0.0709256607640495,0.000925760764049814));
#5130=DIRECTION('',(0.707106781186548,-0.707106781186548,-4.72990353178487E-15));
#5131=DIRECTION('',(3.1641356201817E-15,-3.52495810318487E-15,1.0));
#5132=SURFACE_STYLE_FILL_AREA(#6461);
#5133=ORIENTED_EDGE('',*,*,#6314,.F.);
#5134=ORIENTED_EDGE('',*,*,#6462,.T.);
#5135=ORIENTED_EDGE('',*,*,#6291,.F.);
#5136=ORIENTED_EDGE('',*,*,#6463,.T.);
#5137=CARTESIAN_POINT('',(0.04,0.0695256607640495,0.000925760764049561));
#5138=DIRECTION('',(-0.707106781186546,-0.707106781186549,-2.55140024536125E-16));
#5139=DIRECTION('',(3.1641356201817E-15,-3.52495810318487E-15,1.0));
#5140=SURFACE_STYLE_FILL_AREA(#6464);
#5141=ORIENTED_EDGE('',*,*,#6465,.T.);
#5142=ORIENTED_EDGE('',*,*,#6303,.F.);
#5143=ORIENTED_EDGE('',*,*,#6466,.T.);
#5144=ORIENTED_EDGE('',*,*,#6258,.F.);
#5145=CARTESIAN_POINT('',(0.00568994949366118,-0.0713843897422893,0.00292576076404905));
#5146=DIRECTION('',(0.499999999999997,0.500000000000002,-0.707106781186548));
#5147=DIRECTION('',(0.707106781186548,-0.707106781186548,-4.95376437062064E-15));
#5148=SURFACE_STYLE_FILL_AREA(#6467);
#5149=ORIENTED_EDGE('',*,*,#6468,.T.);
#5150=ORIENTED_EDGE('',*,*,#6259,.F.);
#5151=ORIENTED_EDGE('',*,*,#6466,.F.);
#5152=ORIENTED_EDGE('',*,*,#6307,.F.);
#5153=CARTESIAN_POINT('',(0.04,-0.0276743392359505,0.00292576076404936));
#5154=DIRECTION('',(-7.88762278149062E-30,-0.707106781186552,0.707106781186543));
#5155=DIRECTION('',(-1.0,1.1154783112467E-29,7.77801519293064E-44));
#5156=SURFACE_STYLE_FILL_AREA(#6469);
#5157=ORIENTED_EDGE('',*,*,#6470,.T.);
#5158=ORIENTED_EDGE('',*,*,#6260,.F.);
#5159=ORIENTED_EDGE('',*,*,#6468,.F.);
#5160=ORIENTED_EDGE('',*,*,#6311,.F.);
#5161=CARTESIAN_POINT('',(0.0343100505063388,-0.0313843897422893,0.00292576076404933));
#5162=DIRECTION('',(-0.500000000000001,0.500000000000005,-0.707106781186543));
#5163=DIRECTION('',(0.707106781186548,0.707106781186548,4.95376437062066E-15));
#5164=SURFACE_STYLE_FILL_AREA(#6471);
#5165=ORIENTED_EDGE('',*,*,#6472,.T.);
#5166=ORIENTED_EDGE('',*,*,#6261,.F.);
#5167=ORIENTED_EDGE('',*,*,#6470,.F.);
#5168=ORIENTED_EDGE('',*,*,#6315,.F.);
#5169=CARTESIAN_POINT('',(0.0386,-0.0370743392359505,0.00292576076404929));
#5170=DIRECTION('',(0.707106781186549,-4.9617374963874E-15,0.707106781186546));
#5171=DIRECTION('',(-1.10429813745626E-29,-1.0,-7.01695646032619E-15));
#5172=SURFACE_STYLE_FILL_AREA(#6473);
#5173=ORIENTED_EDGE('',*,*,#6472,.F.);
#5174=ORIENTED_EDGE('',*,*,#6463,.F.);
#5175=ORIENTED_EDGE('',*,*,#6474,.F.);
#5176=ORIENTED_EDGE('',*,*,#6262,.F.);
#5177=CARTESIAN_POINT('',(0.0923100505063388,0.0152357112703886,0.00292576076404966));
#5178=DIRECTION('',(-0.499999999999999,-0.499999999999997,-0.707106781186551));
#5179=DIRECTION('',(-0.707106781186549,0.707106781186546,4.95376437062063E-15));
#5180=SURFACE_STYLE_FILL_AREA(#6475);
#5181=ORIENTED_EDGE('',*,*,#6474,.T.);
#5182=ORIENTED_EDGE('',*,*,#6294,.F.);
#5183=ORIENTED_EDGE('',*,*,#6476,.F.);
#5184=ORIENTED_EDGE('',*,*,#6263,.F.);
#5185=CARTESIAN_POINT('',(0.04,0.0695256607640495,0.00292576076405004));
#5186=DIRECTION('',(7.88086678767351E-30,0.707106781186543,0.707106781186552));
#5187=DIRECTION('',(1.0,-1.11452286943836E-29,-7.77466304614581E-44));
#5188=SURFACE_STYLE_FILL_AREA(#6477);
#5189=ORIENTED_EDGE('',*,*,#6476,.T.);
#5190=ORIENTED_EDGE('',*,*,#6460,.F.);
#5191=ORIENTED_EDGE('',*,*,#6478,.F.);
#5192=ORIENTED_EDGE('',*,*,#6264,.F.);
#5193=CARTESIAN_POINT('',(-0.0523100505063388,0.0552357112703883,0.00292576076404994));
#5194=DIRECTION('',(0.499999999999999,-0.499999999999994,-0.707106781186552));
#5195=DIRECTION('',(-0.707106781186548,-0.707106781186548,-4.95376437062063E-15));
#5196=SURFACE_STYLE_FILL_AREA(#6479);
#5197=ORIENTED_EDGE('',*,*,#6478,.T.);
#5198=ORIENTED_EDGE('',*,*,#6299,.F.);
#5199=ORIENTED_EDGE('',*,*,#6465,.F.);
#5200=ORIENTED_EDGE('',*,*,#6257,.F.);
#5201=CARTESIAN_POINT('',(-0.0386,-0.0370743392359505,0.00292576076404929));
#5202=DIRECTION('',(-0.707106781186549,-4.96173749638738E-15,0.707106781186547));
#5203=DIRECTION('',(1.10498424999895E-29,1.0,7.01695646032619E-15));
#5204=SURFACE_STYLE_FILL_AREA(#6480);
#5205=ORIENTED_EDGE('',*,*,#6481,.T.);
#5206=ORIENTED_EDGE('',*,*,#6318,.F.);
#5207=ORIENTED_EDGE('',*,*,#6482,.T.);
#5208=ORIENTED_EDGE('',*,*,#6301,.F.);
#5209=CARTESIAN_POINT('',(-0.0400000000000001,-0.0276743392359504,-0.0156742392359504));
#5210=DIRECTION('',(0.500000000000001,0.499999999999996,0.70710678118655));
#5211=DIRECTION('',(0.707106781186548,-0.707106781186548,-4.72009045391809E-15));
#5212=SURFACE_STYLE_FILL_AREA(#6483);
#5213=ORIENTED_EDGE('',*,*,#6484,.T.);
#5214=ORIENTED_EDGE('',*,*,#6305,.F.);
#5215=ORIENTED_EDGE('',*,*,#6482,.F.);
#5216=ORIENTED_EDGE('',*,*,#6317,.F.);
#5217=CARTESIAN_POINT('',(-0.0400000000000001,-0.0290743392359504,-0.0156742392359504));
#5218=DIRECTION('',(-2.23738175362439E-15,-0.707106781186545,-0.70710678118655));
#5219=DIRECTION('',(-1.0,-2.77566829215679E-31,3.1641356201817E-15));
#5220=SURFACE_STYLE_FILL_AREA(#6485);
#5221=ORIENTED_EDGE('',*,*,#6486,.T.);
#5222=ORIENTED_EDGE('',*,*,#6309,.F.);
#5223=ORIENTED_EDGE('',*,*,#6484,.F.);
#5224=ORIENTED_EDGE('',*,*,#6324,.F.);
#5225=CARTESIAN_POINT('',(0.0385999999999999,-0.0290743392359504,-0.0156742392359507));
#5226=DIRECTION('',(-0.499999999999998,0.499999999999997,0.707106781186551));
#5227=DIRECTION('',(0.707106781186548,0.707106781186548,2.45326946669339E-16));
#5228=SURFACE_STYLE_FILL_AREA(#6487);
#5229=ORIENTED_EDGE('',*,*,#6488,.T.);
#5230=ORIENTED_EDGE('',*,*,#6313,.F.);
#5231=ORIENTED_EDGE('',*,*,#6486,.F.);
#5232=ORIENTED_EDGE('',*,*,#6323,.F.);
#5233=CARTESIAN_POINT('',(0.0399999999999999,-0.0370743392359504,-0.0156742392359507));
#5234=DIRECTION('',(0.707106781186545,2.4925217781605E-15,-0.70710678118655));
#5235=DIRECTION('',(6.17501288419298E-33,-1.0,-3.52495810318487E-15));
#5236=SURFACE_STYLE_FILL_AREA(#6489);
#5237=ORIENTED_EDGE('',*,*,#6488,.F.);
#5238=ORIENTED_EDGE('',*,*,#6322,.F.);
#5239=ORIENTED_EDGE('',*,*,#6490,.F.);
#5240=ORIENTED_EDGE('',*,*,#6462,.F.);
#5241=CARTESIAN_POINT('',(0.0533100505063387,0.0542357112703886,-0.0170742392359504));
#5242=DIRECTION('',(-0.499999999999997,-0.500000000000005,0.707106781186546));
#5243=DIRECTION('',(0.707106781186549,-0.707106781186546,-4.79859507685229E-15));
#5244=SURFACE_STYLE_FILL_AREA(#6491);
#5245=ORIENTED_EDGE('',*,*,#6490,.T.);
#5246=ORIENTED_EDGE('',*,*,#6321,.F.);
#5247=ORIENTED_EDGE('',*,*,#6492,.F.);
#5248=ORIENTED_EDGE('',*,*,#6292,.F.);
#5249=CARTESIAN_POINT('',(0.0399999999999999,0.0709256607640496,-0.0156742392359503));
#5250=DIRECTION('',(-2.23738175362438E-15,0.707106781186549,-0.707106781186546));
#5251=DIRECTION('',(1.0,8.21679955179586E-33,-3.1641356201817E-15));
#5252=SURFACE_STYLE_FILL_AREA(#6493);
#5253=ORIENTED_EDGE('',*,*,#6492,.T.);
#5254=ORIENTED_EDGE('',*,*,#6320,.F.);
#5255=ORIENTED_EDGE('',*,*,#6494,.F.);
#5256=ORIENTED_EDGE('',*,*,#6459,.F.);
#5257=CARTESIAN_POINT('',(-0.0533100505063389,0.0542357112703884,-0.0170742392359501));
#5258=DIRECTION('',(0.500000000000002,-0.500000000000002,0.707106781186545));
#5259=DIRECTION('',(0.707106781186548,0.707106781186548,3.23831569603529E-16));
#5260=SURFACE_STYLE_FILL_AREA(#6495);
#5261=ORIENTED_EDGE('',*,*,#6494,.T.);
#5262=ORIENTED_EDGE('',*,*,#6319,.F.);
#5263=ORIENTED_EDGE('',*,*,#6481,.F.);
#5264=ORIENTED_EDGE('',*,*,#6297,.F.);
#5265=CARTESIAN_POINT('',(-0.0400000000000001,0.0629256607640496,-0.0156742392359501));
#5266=DIRECTION('',(-0.70710678118655,2.49252177816048E-15,-0.707106781186545));
#5267=DIRECTION('',(6.86112542686551E-34,1.0,3.52495810318487E-15));
#5268=SURFACE_STYLE_FILL_AREA(#6496);
#5269=ORIENTED_EDGE('',*,*,#6497,.F.);
#5270=ORIENTED_EDGE('',*,*,#6498,.F.);
#5271=ORIENTED_EDGE('',*,*,#6499,.F.);
#5272=ORIENTED_EDGE('',*,*,#6500,.F.);
#5273=ORIENTED_EDGE('',*,*,#6251,.F.);
#5274=ORIENTED_EDGE('',*,*,#6246,.F.);
#5275=ORIENTED_EDGE('',*,*,#6241,.F.);
#5276=ORIENTED_EDGE('',*,*,#6236,.F.);
#5277=ORIENTED_EDGE('',*,*,#6501,.T.);
#5278=ORIENTED_EDGE('',*,*,#6502,.T.);
#5279=ORIENTED_EDGE('',*,*,#6503,.T.);
#5280=ORIENTED_EDGE('',*,*,#6504,.T.);
#5281=ORIENTED_EDGE('',*,*,#6505,.T.);
#5282=ORIENTED_EDGE('',*,*,#6506,.T.);
#5283=ORIENTED_EDGE('',*,*,#6507,.T.);
#5284=ORIENTED_EDGE('',*,*,#6508,.T.);
#5285=CARTESIAN_POINT('',(9.17915743414715E-18,0.0463756607640495,0.00192576076404961));
#5286=DIRECTION('',(-0.0,0.0,-1.0));
#5287=DIRECTION('',(-1.0,-0.0,0.0));
#5288=SURFACE_STYLE_FILL_AREA(#6509);
#5289=ORIENTED_EDGE('',*,*,#6505,.F.);
#5290=ORIENTED_EDGE('',*,*,#6510,.T.);
#5291=ORIENTED_EDGE('',*,*,#6196,.T.);
#5292=ORIENTED_EDGE('',*,*,#6511,.T.);
#5293=CARTESIAN_POINT('',(-0.0185,0.0639256607640495,0.000925760764049606));
#5294=DIRECTION('',(1.0,0.0,0.0));
#5295=DIRECTION('',(0.0,0.0,-1.0));
#5296=SURFACE_STYLE_FILL_AREA(#6512);
#5297=ORIENTED_EDGE('',*,*,#6202,.T.);
#5298=ORIENTED_EDGE('',*,*,#6513,.T.);
#5299=ORIENTED_EDGE('',*,*,#6507,.F.);
#5300=ORIENTED_EDGE('',*,*,#6514,.T.);
#5301=CARTESIAN_POINT('',(0.0185,0.0639256607640495,0.000925760764049606));
#5302=DIRECTION('',(0.0,-1.0,-0.0));
#5303=DIRECTION('',(0.0,0.0,-1.0));
#5304=SURFACE_STYLE_FILL_AREA(#6515);
#5305=ORIENTED_EDGE('',*,*,#6200,.T.);
#5306=ORIENTED_EDGE('',*,*,#6516,.T.);
#5307=ORIENTED_EDGE('',*,*,#6501,.F.);
#5308=ORIENTED_EDGE('',*,*,#6517,.T.);
#5309=CARTESIAN_POINT('',(0.0185,0.0304256607640495,0.000925760764049606));
#5310=DIRECTION('',(-1.0,0.0,0.0));
#5311=DIRECTION('',(0.0,0.0,1.0));
#5312=SURFACE_STYLE_FILL_AREA(#6518);
#5313=ORIENTED_EDGE('',*,*,#6503,.F.);
#5314=ORIENTED_EDGE('',*,*,#6519,.T.);
#5315=ORIENTED_EDGE('',*,*,#6198,.T.);
#5316=ORIENTED_EDGE('',*,*,#6520,.T.);
#5317=CARTESIAN_POINT('',(-0.0185,0.0289256607640495,0.000925760764049606));
#5318=DIRECTION('',(-0.0,1.0,0.0));
#5319=DIRECTION('',(0.0,0.0,1.0));
#5320=SURFACE_STYLE_FILL_AREA(#6521);
#5321=ORIENTED_EDGE('',*,*,#6522,.T.);
#5322=CARTESIAN_POINT('',(4.16412371545315E-33,0.0463756607640495,-0.00437523923595041));
#5323=DIRECTION('',(0.0,0.0,-1.0));
#5324=DIRECTION('',(-1.0,0.0,0.0));
#5325=SURFACE_STYLE_FILL_AREA(#6523);
#5326=ORIENTED_EDGE('',*,*,#6524,.F.);
#5327=ORIENTED_EDGE('',*,*,#6525,.F.);
#5328=CARTESIAN_POINT('',(-2.04033350344002E-18,0.000925660764049505,0.000424760764049441));
#5329=DIRECTION('',(3.1641356201817E-15,-3.52495810318487E-15,1.0));
#5330=DIRECTION('',(1.0,1.13768533674843E-29,-3.1641356201817E-15));
#5331=SURFACE_STYLE_FILL_AREA(#6526);
#5332=ORIENTED_EDGE('',*,*,#6500,.T.);
#5333=ORIENTED_EDGE('',*,*,#6524,.T.);
#5334=CARTESIAN_POINT('',(0.0152,0.0319997007966495,0.000925760764049507));
#5335=DIRECTION('',(3.1641356201817E-15,-3.52495810318487E-15,1.0));
#5336=DIRECTION('',(0.0,-1.0,-3.52495810318487E-15));
#5337=SURFACE_STYLE_FILL_AREA(#6527);
#5338=ORIENTED_EDGE('',*,*,#6522,.F.);
#5339=ORIENTED_EDGE('',*,*,#6525,.T.);
#5340=CARTESIAN_POINT('',(0.0152,0.0319997007966495,0.00232476076404959));
#5341=DIRECTION('',(0.0,0.0,-1.0));
#5342=DIRECTION('',(-1.0,0.0,0.0));
#5343=SURFACE_STYLE_FILL_AREA(#6528);
#5344=ORIENTED_EDGE('',*,*,#6529,.T.);
#5345=CARTESIAN_POINT('',(4.16412371545315E-33,0.0463756607640495,-0.00437523923595041));
#5346=DIRECTION('',(0.0,0.0,-1.0));
#5347=DIRECTION('',(-1.0,0.0,0.0));
#5348=SURFACE_STYLE_FILL_AREA(#6530);
#5349=ORIENTED_EDGE('',*,*,#6531,.F.);
#5350=ORIENTED_EDGE('',*,*,#6532,.F.);
#5351=CARTESIAN_POINT('',(-2.04033350344002E-18,0.000925660764049505,0.000424760764049441));
#5352=DIRECTION('',(3.1641356201817E-15,-3.52495810318487E-15,1.0));
#5353=DIRECTION('',(1.0,1.13768533674843E-29,-3.1641356201817E-15));
#5354=SURFACE_STYLE_FILL_AREA(#6533);
#5355=ORIENTED_EDGE('',*,*,#6499,.T.);
#5356=ORIENTED_EDGE('',*,*,#6531,.T.);
#5357=CARTESIAN_POINT('',(-0.0152,0.0319997007966495,0.000925760764049603));
#5358=DIRECTION('',(3.1641356201817E-15,-3.52495810318487E-15,1.0));
#5359=DIRECTION('',(0.0,-1.0,-3.52495810318487E-15));
#5360=SURFACE_STYLE_FILL_AREA(#6534);
#5361=ORIENTED_EDGE('',*,*,#6529,.F.);
#5362=ORIENTED_EDGE('',*,*,#6532,.T.);
#5363=CARTESIAN_POINT('',(-0.0152,0.0319997007966495,0.00232476076404959));
#5364=DIRECTION('',(0.0,0.0,-1.0));
#5365=DIRECTION('',(-1.0,0.0,0.0));
#5366=SURFACE_STYLE_FILL_AREA(#6535);
#5367=ORIENTED_EDGE('',*,*,#6536,.T.);
#5368=CARTESIAN_POINT('',(4.16412371545315E-33,0.0463756607640495,-0.00437523923595041));
#5369=DIRECTION('',(0.0,0.0,-1.0));
#5370=DIRECTION('',(-1.0,0.0,0.0));
#5371=SURFACE_STYLE_FILL_AREA(#6537);
#5372=ORIENTED_EDGE('',*,*,#6538,.F.);
#5373=ORIENTED_EDGE('',*,*,#6539,.F.);
#5374=CARTESIAN_POINT('',(-2.04033350344002E-18,0.000925660764049505,0.000424760764049441));
#5375=DIRECTION('',(3.1641356201817E-15,-3.52495810318487E-15,1.0));
#5376=DIRECTION('',(1.0,1.13768533674843E-29,-3.1641356201817E-15));
#5377=SURFACE_STYLE_FILL_AREA(#6540);
#5378=ORIENTED_EDGE('',*,*,#6498,.T.);
#5379=ORIENTED_EDGE('',*,*,#6538,.T.);
#5380=CARTESIAN_POINT('',(0.0152,0.0606256607640495,0.000925760764049608));
#5381=DIRECTION('',(3.1641356201817E-15,-3.52495810318487E-15,1.0));
#5382=DIRECTION('',(0.0,-1.0,-3.52495810318487E-15));
#5383=SURFACE_STYLE_FILL_AREA(#6541);
#5384=ORIENTED_EDGE('',*,*,#6536,.F.);
#5385=ORIENTED_EDGE('',*,*,#6539,.T.);
#5386=CARTESIAN_POINT('',(0.0152,0.0606256607640495,0.00232476076404959));
#5387=DIRECTION('',(0.0,0.0,-1.0));
#5388=DIRECTION('',(-1.0,0.0,0.0));
#5389=SURFACE_STYLE_FILL_AREA(#6542);
#5390=ORIENTED_EDGE('',*,*,#6543,.T.);
#5391=CARTESIAN_POINT('',(4.16412371545315E-33,0.0463756607640495,-0.00437523923595041));
#5392=DIRECTION('',(0.0,0.0,-1.0));
#5393=DIRECTION('',(-1.0,0.0,0.0));
#5394=SURFACE_STYLE_FILL_AREA(#6544);
#5395=ORIENTED_EDGE('',*,*,#6545,.F.);
#5396=ORIENTED_EDGE('',*,*,#6546,.F.);
#5397=CARTESIAN_POINT('',(-2.04033350344002E-18,0.000925660764049505,0.000424760764049441));
#5398=DIRECTION('',(3.1641356201817E-15,-3.52495810318487E-15,1.0));
#5399=DIRECTION('',(1.0,1.13768533674843E-29,-3.1641356201817E-15));
#5400=SURFACE_STYLE_FILL_AREA(#6547);
#5401=ORIENTED_EDGE('',*,*,#6497,.T.);
#5402=ORIENTED_EDGE('',*,*,#6545,.T.);
#5403=CARTESIAN_POINT('',(-0.0152,0.0606256607640495,0.000925760764049704));
#5404=DIRECTION('',(3.1641356201817E-15,-3.52495810318487E-15,1.0));
#5405=DIRECTION('',(0.0,-1.0,-3.52495810318487E-15));
#5406=SURFACE_STYLE_FILL_AREA(#6548);
#5407=ORIENTED_EDGE('',*,*,#6543,.F.);
#5408=ORIENTED_EDGE('',*,*,#6546,.T.);
#5409=CARTESIAN_POINT('',(-0.0152,0.0606256607640495,0.00232476076404959));
#5410=DIRECTION('',(0.0,0.0,-1.0));
#5411=DIRECTION('',(-1.0,0.0,0.0));
#5412=SURFACE_STYLE_FILL_AREA(#6549);
#5413=ORIENTED_EDGE('',*,*,#6203,.F.);
#5414=ORIENTED_EDGE('',*,*,#6514,.F.);
#5415=ORIENTED_EDGE('',*,*,#6506,.F.);
#5416=ORIENTED_EDGE('',*,*,#6511,.F.);
#5417=CARTESIAN_POINT('',(-0.0165,0.0619256607640495,0.000925760764049606));
#5418=DIRECTION('',(0.0,0.0,-1.0));
#5419=DIRECTION('',(-1.0,0.0,0.0));
#5420=SURFACE_STYLE_FILL_AREA(#6550);
#5421=ORIENTED_EDGE('',*,*,#6197,.F.);
#5422=ORIENTED_EDGE('',*,*,#6510,.F.);
#5423=ORIENTED_EDGE('',*,*,#6504,.F.);
#5424=ORIENTED_EDGE('',*,*,#6520,.F.);
#5425=CARTESIAN_POINT('',(-0.0165,0.0309256607640495,0.000925760764049606));
#5426=DIRECTION('',(0.0,0.0,-1.0));
#5427=DIRECTION('',(-1.0,0.0,0.0));
#5428=SURFACE_STYLE_FILL_AREA(#6551);
#5429=ORIENTED_EDGE('',*,*,#6201,.F.);
#5430=ORIENTED_EDGE('',*,*,#6517,.F.);
#5431=ORIENTED_EDGE('',*,*,#6508,.F.);
#5432=ORIENTED_EDGE('',*,*,#6513,.F.);
#5433=CARTESIAN_POINT('',(0.0165,0.0619256607640495,0.000925760764049606));
#5434=DIRECTION('',(0.0,0.0,-1.0));
#5435=DIRECTION('',(-1.0,0.0,0.0));
#5436=SURFACE_STYLE_FILL_AREA(#6552);
#5437=ORIENTED_EDGE('',*,*,#6199,.F.);
#5438=ORIENTED_EDGE('',*,*,#6519,.F.);
#5439=ORIENTED_EDGE('',*,*,#6502,.F.);
#5440=ORIENTED_EDGE('',*,*,#6516,.F.);
#5441=CARTESIAN_POINT('',(0.0165,0.0309256607640495,0.000925760764049606));
#5442=DIRECTION('',(0.0,0.0,-1.0));
#5443=DIRECTION('',(-1.0,0.0,0.0));
#5444=SURFACE_STYLE_FILL_AREA(#6553);
#5445=ORIENTED_EDGE('',*,*,#6208,.F.);
#5446=ORIENTED_EDGE('',*,*,#6218,.F.);
#5447=ORIENTED_EDGE('',*,*,#6134,.F.);
#5448=ORIENTED_EDGE('',*,*,#6224,.F.);
#5449=CARTESIAN_POINT('',(0.0193499999999999,-0.0172743392359504,0.00092576076404932));
#5450=DIRECTION('',(-3.1641356201817E-15,3.52495810318487E-15,-1.0));
#5451=DIRECTION('',(0.0,1.0,3.52495810318487E-15));
#5452=SURFACE_STYLE_FILL_AREA(#6554);
#5453=ORIENTED_EDGE('',*,*,#6243,.F.);
#5454=ORIENTED_EDGE('',*,*,#6250,.F.);
#5455=ORIENTED_EDGE('',*,*,#6555,.T.);
#5456=ORIENTED_EDGE('',*,*,#6254,.F.);
#5457=ORIENTED_EDGE('',*,*,#6556,.T.);
#5458=CARTESIAN_POINT('',(-0.0156,-0.0370743392359505,0.00292576076404929));
#5459=DIRECTION('',(0.707106781186548,-4.95759646087478E-15,0.707106781186547));
#5460=DIRECTION('',(5.85630858420004E-18,-1.0,-7.01695646032619E-15));
#5461=SURFACE_STYLE_FILL_AREA(#6557);
#5462=ORIENTED_EDGE('',*,*,#6558,.T.);
#5463=ORIENTED_EDGE('',*,*,#6255,.F.);
#5464=ORIENTED_EDGE('',*,*,#6555,.F.);
#5465=ORIENTED_EDGE('',*,*,#6249,.F.);
#5466=ORIENTED_EDGE('',*,*,#6234,.F.);
#5467=ORIENTED_EDGE('',*,*,#6240,.F.);
#5468=CARTESIAN_POINT('',(0.04,0.0565270665435038,0.00292576076404995));
#5469=DIRECTION('',(-4.15403893968475E-18,-0.707758197420594,0.706454764287107));
#5470=DIRECTION('',(-1.0,5.86929117151036E-18,4.13110208631085E-32));
#5471=SURFACE_STYLE_FILL_AREA(#6559);
#5472=ORIENTED_EDGE('',*,*,#6244,.F.);
#5473=ORIENTED_EDGE('',*,*,#6556,.F.);
#5474=ORIENTED_EDGE('',*,*,#6253,.F.);
#5475=ORIENTED_EDGE('',*,*,#6560,.T.);
#5476=CARTESIAN_POINT('',(0.04,0.0403270140461909,0.00292576076404983));
#5477=DIRECTION('',(4.12719246706891E-18,0.706454764287108,0.707758197420593));
#5478=DIRECTION('',(1.0,-5.84211852719782E-18,-4.11781026046813E-32));
#5479=SURFACE_STYLE_FILL_AREA(#6561);
#5480=ORIENTED_EDGE('',*,*,#6239,.F.);
#5481=ORIENTED_EDGE('',*,*,#6245,.F.);
#5482=ORIENTED_EDGE('',*,*,#6560,.F.);
#5483=ORIENTED_EDGE('',*,*,#6256,.F.);
#5484=ORIENTED_EDGE('',*,*,#6558,.F.);
#5485=CARTESIAN_POINT('',(0.0156,-0.0370743392359505,0.00292576076404929));
#5486=DIRECTION('',(-0.707106781186547,-4.96587853190001E-15,0.707106781186548));
#5487=DIRECTION('',(-5.85630858419995E-18,1.0,7.01695646032619E-15));
#5488=SURFACE_STYLE_FILL_AREA(#6562);
#5489=ORIENTED_EDGE('',*,*,#6328,.F.);
#5490=ORIENTED_EDGE('',*,*,#6563,.F.);
#5491=ORIENTED_EDGE('',*,*,#6433,.F.);
#5492=ORIENTED_EDGE('',*,*,#6564,.F.);
#5493=CARTESIAN_POINT('',(-0.0366,-0.0256743392359505,0.00792576076404954));
#5494=DIRECTION('',(-3.1641356201817E-15,3.52495810318487E-15,-1.0));
#5495=DIRECTION('',(0.0,1.0,3.52495810318487E-15));
#5496=SURFACE_STYLE_FILL_AREA(#6565);
#5497=ORIENTED_EDGE('',*,*,#6330,.F.);
#5498=ORIENTED_EDGE('',*,*,#6566,.F.);
#5499=ORIENTED_EDGE('',*,*,#6412,.F.);
#5500=ORIENTED_EDGE('',*,*,#6567,.F.);
#5501=CARTESIAN_POINT('',(0.0366,-0.0256743392359505,0.00792576076404934));
#5502=DIRECTION('',(-3.1641356201817E-15,3.52495810318487E-15,-1.0));
#5503=DIRECTION('',(0.0,1.0,3.52495810318487E-15));
#5504=SURFACE_STYLE_FILL_AREA(#6568);
#5505=ORIENTED_EDGE('',*,*,#6326,.F.);
#5506=ORIENTED_EDGE('',*,*,#6569,.F.);
#5507=ORIENTED_EDGE('',*,*,#6426,.F.);
#5508=ORIENTED_EDGE('',*,*,#6570,.F.);
#5509=CARTESIAN_POINT('',(-0.0366,0.0675256607640495,0.0079257607640499));
#5510=DIRECTION('',(-3.1641356201817E-15,3.52495810318487E-15,-1.0));
#5511=DIRECTION('',(0.0,1.0,3.52495810318487E-15));
#5512=SURFACE_STYLE_FILL_AREA(#6571);
#5513=ORIENTED_EDGE('',*,*,#6332,.F.);
#5514=ORIENTED_EDGE('',*,*,#6572,.F.);
#5515=ORIENTED_EDGE('',*,*,#6419,.F.);
#5516=ORIENTED_EDGE('',*,*,#6573,.F.);
#5517=CARTESIAN_POINT('',(0.0366,0.0675256607640495,0.00792576076404967));
#5518=DIRECTION('',(-3.1641356201817E-15,3.52495810318487E-15,-1.0));
#5519=DIRECTION('',(0.0,1.0,3.52495810318487E-15));
#5520=SURFACE_STYLE_FILL_AREA(#6574);
#5521=ORIENTED_EDGE('',*,*,#6329,.F.);
#5522=ORIENTED_EDGE('',*,*,#6564,.T.);
#5523=ORIENTED_EDGE('',*,*,#6432,.T.);
#5524=ORIENTED_EDGE('',*,*,#6575,.F.);
#5525=ORIENTED_EDGE('',*,*,#6187,.T.);
#5526=ORIENTED_EDGE('',*,*,#6576,.T.);
#5527=ORIENTED_EDGE('',*,*,#6413,.F.);
#5528=ORIENTED_EDGE('',*,*,#6566,.T.);
#5529=CARTESIAN_POINT('',(2.16938477835428E-17,-0.0266743392359505,0.00792576076404942));
#5530=DIRECTION('',(-1.1154783112467E-29,-1.0,-3.52495810318487E-15));
#5531=DIRECTION('',(0.0,3.52495810318487E-15,-1.0));
#5532=SURFACE_STYLE_FILL_AREA(#6577);
#5533=ORIENTED_EDGE('',*,*,#6576,.F.);
#5534=ORIENTED_EDGE('',*,*,#6186,.T.);
#5535=ORIENTED_EDGE('',*,*,#6578,.T.);
#5536=ORIENTED_EDGE('',*,*,#6414,.F.);
#5537=CARTESIAN_POINT('',(0.0308,-0.0290743392359505,0.000925760764049214));
#5538=DIRECTION('',(-1.0,-1.11922108525973E-29,3.1641356201817E-15));
#5539=DIRECTION('',(3.1641356201817E-15,0.0,1.0));
#5540=SURFACE_STYLE_FILL_AREA(#6579);
#5541=ORIENTED_EDGE('',*,*,#6580,.T.);
#5542=ORIENTED_EDGE('',*,*,#6184,.F.);
#5543=ORIENTED_EDGE('',*,*,#6581,.T.);
#5544=ORIENTED_EDGE('',*,*,#6416,.F.);
#5545=CARTESIAN_POINT('',(0.032,-0.0198743392359505,0.000925760764049243));
#5546=DIRECTION('',(1.11786691576758E-29,1.0,3.52495810318487E-15));
#5547=DIRECTION('',(0.0,-3.52495810318487E-15,1.0));
#5548=SURFACE_STYLE_FILL_AREA(#6582);
#5549=ORIENTED_EDGE('',*,*,#6583,.F.);
#5550=ORIENTED_EDGE('',*,*,#6190,.T.);
#5551=ORIENTED_EDGE('',*,*,#6584,.T.);
#5552=ORIENTED_EDGE('',*,*,#6435,.T.);
#5553=CARTESIAN_POINT('',(-0.032,-0.0198743392359505,0.000925760764049445));
#5554=DIRECTION('',(1.11308970672583E-29,1.0,3.52495810318487E-15));
#5555=DIRECTION('',(0.0,-3.52495810318487E-15,1.0));
#5556=SURFACE_STYLE_FILL_AREA(#6585);
#5557=ORIENTED_EDGE('',*,*,#6586,.T.);
#5558=ORIENTED_EDGE('',*,*,#6188,.F.);
#5559=ORIENTED_EDGE('',*,*,#6575,.T.);
#5560=ORIENTED_EDGE('',*,*,#6437,.T.);
#5561=CARTESIAN_POINT('',(-0.0308,-0.0290743392359505,0.000925760764049409));
#5562=DIRECTION('',(1.0,1.11493288186792E-29,-3.1641356201817E-15));
#5563=DIRECTION('',(-3.1641356201817E-15,0.0,-1.0));
#5564=SURFACE_STYLE_FILL_AREA(#6587);
#5565=ORIENTED_EDGE('',*,*,#6584,.F.);
#5566=ORIENTED_EDGE('',*,*,#6189,.T.);
#5567=ORIENTED_EDGE('',*,*,#6586,.F.);
#5568=ORIENTED_EDGE('',*,*,#6436,.F.);
#5569=CARTESIAN_POINT('',(-0.0333,-0.0223743392359505,0.00092576076404944));
#5570=DIRECTION('',(-3.1641356201817E-15,3.52495810318487E-15,-1.0));
#5571=DIRECTION('',(0.0,1.0,3.52495810318487E-15));
#5572=SURFACE_STYLE_FILL_AREA(#6588);
#5573=ORIENTED_EDGE('',*,*,#6578,.F.);
#5574=ORIENTED_EDGE('',*,*,#6185,.T.);
#5575=ORIENTED_EDGE('',*,*,#6580,.F.);
#5576=ORIENTED_EDGE('',*,*,#6415,.F.);
#5577=CARTESIAN_POINT('',(0.0333,-0.0223743392359505,0.00092576076404923));
#5578=DIRECTION('',(-3.1641356201817E-15,3.52495810318487E-15,-1.0));
#5579=DIRECTION('',(0.0,1.0,3.52495810318487E-15));
#5580=SURFACE_STYLE_FILL_AREA(#6589);
#5581=ORIENTED_EDGE('',*,*,#6590,.F.);
#5582=ORIENTED_EDGE('',*,*,#6182,.T.);
#5583=ORIENTED_EDGE('',*,*,#6591,.T.);
#5584=ORIENTED_EDGE('',*,*,#6409,.F.);
#5585=CARTESIAN_POINT('',(0.04,0.00892566076404948,0.000925760764049347));
#5586=DIRECTION('',(-1.11308970672584E-29,-1.0,-3.52495810318487E-15));
#5587=DIRECTION('',(0.0,3.52495810318487E-15,-1.0));
#5588=SURFACE_STYLE_FILL_AREA(#6592);
#5589=ORIENTED_EDGE('',*,*,#6593,.T.);
#5590=ORIENTED_EDGE('',*,*,#6180,.F.);
#5591=ORIENTED_EDGE('',*,*,#6594,.T.);
#5592=ORIENTED_EDGE('',*,*,#6407,.F.);
#5593=CARTESIAN_POINT('',(0.032,0.0169256607640495,0.000925760764049401));
#5594=DIRECTION('',(1.11308970672584E-29,1.0,3.52495810318487E-15));
#5595=DIRECTION('',(0.0,-3.52495810318487E-15,1.0));
#5596=SURFACE_STYLE_FILL_AREA(#6595);
#5597=ORIENTED_EDGE('',*,*,#6221,.T.);
#5598=ORIENTED_EDGE('',*,*,#6192,.F.);
#5599=ORIENTED_EDGE('',*,*,#6596,.T.);
#5600=ORIENTED_EDGE('',*,*,#6215,.T.);
#5601=CARTESIAN_POINT('',(-0.04,0.00892566076404948,0.0009257607640496));
#5602=DIRECTION('',(-1.11308970672583E-29,-1.0,-3.52495810318487E-15));
#5603=DIRECTION('',(0.0,3.52495810318487E-15,-1.0));
#5604=SURFACE_STYLE_FILL_AREA(#6597);
#5605=ORIENTED_EDGE('',*,*,#6598,.F.);
#5606=ORIENTED_EDGE('',*,*,#6170,.T.);
#5607=ORIENTED_EDGE('',*,*,#6220,.T.);
#5608=ORIENTED_EDGE('',*,*,#6213,.T.);
#5609=CARTESIAN_POINT('',(-0.032,0.0169256607640495,0.000925760764049603));
#5610=DIRECTION('',(1.11308970672583E-29,1.0,3.52495810318487E-15));
#5611=DIRECTION('',(0.0,-3.52495810318487E-15,1.0));
#5612=SURFACE_STYLE_FILL_AREA(#6599);
#5613=ORIENTED_EDGE('',*,*,#6331,.F.);
#5614=ORIENTED_EDGE('',*,*,#6567,.T.);
#5615=ORIENTED_EDGE('',*,*,#6411,.F.);
#5616=ORIENTED_EDGE('',*,*,#6581,.F.);
#5617=ORIENTED_EDGE('',*,*,#6183,.T.);
#5618=ORIENTED_EDGE('',*,*,#6590,.T.);
#5619=ORIENTED_EDGE('',*,*,#6408,.F.);
#5620=ORIENTED_EDGE('',*,*,#6594,.F.);
#5621=ORIENTED_EDGE('',*,*,#6179,.T.);
#5622=ORIENTED_EDGE('',*,*,#6600,.F.);
#5623=ORIENTED_EDGE('',*,*,#6420,.T.);
#5624=ORIENTED_EDGE('',*,*,#6572,.T.);
#5625=CARTESIAN_POINT('',(0.0376,0.000925660764049478,0.00792576076404943));
#5626=DIRECTION('',(1.0,1.11596205068196E-29,-3.1641356201817E-15));
#5627=DIRECTION('',(-3.1641356201817E-15,0.0,-1.0));
#5628=SURFACE_STYLE_FILL_AREA(#6601);
#5629=ORIENTED_EDGE('',*,*,#6178,.T.);
#5630=ORIENTED_EDGE('',*,*,#6442,.T.);
#5631=ORIENTED_EDGE('',*,*,#6421,.T.);
#5632=ORIENTED_EDGE('',*,*,#6600,.T.);
#5633=CARTESIAN_POINT('',(0.032,0.0617256607640495,0.000925760764049542));
#5634=DIRECTION('',(-1.11308970672583E-29,-1.0,-3.52495810318487E-15));
#5635=DIRECTION('',(1.0,0.0,-3.15773882736403E-15));
#5636=SURFACE_STYLE_FILL_AREA(#6602);
#5637=ORIENTED_EDGE('',*,*,#6434,.T.);
#5638=ORIENTED_EDGE('',*,*,#6563,.T.);
#5639=ORIENTED_EDGE('',*,*,#6327,.F.);
#5640=ORIENTED_EDGE('',*,*,#6570,.T.);
#5641=ORIENTED_EDGE('',*,*,#6425,.F.);
#5642=ORIENTED_EDGE('',*,*,#6603,.F.);
#5643=ORIENTED_EDGE('',*,*,#6171,.F.);
#5644=ORIENTED_EDGE('',*,*,#6598,.T.);
#5645=ORIENTED_EDGE('',*,*,#6216,.T.);
#5646=ORIENTED_EDGE('',*,*,#6596,.F.);
#5647=ORIENTED_EDGE('',*,*,#6191,.F.);
#5648=ORIENTED_EDGE('',*,*,#6583,.T.);
#5649=CARTESIAN_POINT('',(-0.0376,0.000925660764049478,0.00792576076404967));
#5650=DIRECTION('',(-1.0,-1.11527593813927E-29,3.1641356201817E-15));
#5651=DIRECTION('',(3.1641356201817E-15,0.0,1.0));
#5652=SURFACE_STYLE_FILL_AREA(#6604);
#5653=ORIENTED_EDGE('',*,*,#6430,.F.);
#5654=ORIENTED_EDGE('',*,*,#6440,.T.);
#5655=ORIENTED_EDGE('',*,*,#6172,.F.);
#5656=ORIENTED_EDGE('',*,*,#6603,.T.);
#5657=CARTESIAN_POINT('',(-0.032,0.0617256607640495,0.000925760764049744));
#5658=DIRECTION('',(-1.11308970672583E-29,-1.0,-3.52495810318487E-15));
#5659=DIRECTION('',(0.0,3.52495810318487E-15,-1.0));
#5660=SURFACE_STYLE_FILL_AREA(#6605);
#5661=ORIENTED_EDGE('',*,*,#6427,.F.);
#5662=ORIENTED_EDGE('',*,*,#6569,.T.);
#5663=ORIENTED_EDGE('',*,*,#6325,.F.);
#5664=ORIENTED_EDGE('',*,*,#6573,.T.);
#5665=ORIENTED_EDGE('',*,*,#6418,.T.);
#5666=ORIENTED_EDGE('',*,*,#6606,.T.);
#5667=ORIENTED_EDGE('',*,*,#6175,.F.);
#5668=ORIENTED_EDGE('',*,*,#6607,.T.);
#5669=CARTESIAN_POINT('',(2.1693847783544E-17,0.0685256607640495,0.00792576076404979));
#5670=DIRECTION('',(1.11452286943836E-29,1.0,3.52495810318487E-15));
#5671=DIRECTION('',(0.0,-3.52495810318487E-15,1.0));
#5672=SURFACE_STYLE_FILL_AREA(#6608);
#5673=ORIENTED_EDGE('',*,*,#6174,.T.);
#5674=ORIENTED_EDGE('',*,*,#6439,.T.);
#5675=ORIENTED_EDGE('',*,*,#6428,.F.);
#5676=ORIENTED_EDGE('',*,*,#6607,.F.);
#5677=CARTESIAN_POINT('',(-0.0308,0.0629256607640495,0.000925760764049762));
#5678=DIRECTION('',(1.0,1.11493288186792E-29,-3.1641356201817E-15));
#5679=DIRECTION('',(-3.1641356201817E-15,0.0,-1.0));
#5680=SURFACE_STYLE_FILL_AREA(#6609);
#5681=ORIENTED_EDGE('',*,*,#6423,.T.);
#5682=ORIENTED_EDGE('',*,*,#6443,.T.);
#5683=ORIENTED_EDGE('',*,*,#6176,.F.);
#5684=ORIENTED_EDGE('',*,*,#6606,.F.);
#5685=CARTESIAN_POINT('',(0.0308,0.0629256607640495,0.000925760764049567));
#5686=DIRECTION('',(-1.0,-1.11493288186792E-29,3.1641356201817E-15));
#5687=DIRECTION('',(0.0,-1.0,-3.52365706057789E-15));
#5688=SURFACE_STYLE_FILL_AREA(#6610);
#5689=ORIENTED_EDGE('',*,*,#6591,.F.);
#5690=ORIENTED_EDGE('',*,*,#6181,.T.);
#5691=ORIENTED_EDGE('',*,*,#6593,.F.);
#5692=ORIENTED_EDGE('',*,*,#6406,.F.);
#5693=CARTESIAN_POINT('',(0.0337999999959968,0.0129256607600463,0.000925760764049381));
#5694=DIRECTION('',(-3.1641356201817E-15,3.52495810318487E-15,-1.0));
#5695=DIRECTION('',(0.0,1.0,3.52495810318487E-15));
#5697=FILL_AREA_STYLE('',(#6611));
#5698=EDGE_CURVE('8:40489',#6612,#6613,#6614,.T.);
#5699=EDGE_CURVE('23:8257',#6612,#6615,#6616,.T.);
#5700=EDGE_CURVE('8:40507',#6615,#6617,#6618,.T.);
#5701=EDGE_CURVE('8:40486',#6613,#6617,#6619,.F.);
#5702=FILL_AREA_STYLE('',(#6620));
#5703=EDGE_CURVE('8:40501',#6621,#6622,#6623,.T.);
#5704=EDGE_CURVE('23:8251',#6621,#6624,#6625,.T.);
#5705=EDGE_CURVE('8:40495',#6624,#6626,#6627,.T.);
#5706=EDGE_CURVE('8:40498',#6622,#6626,#6628,.F.);
#5707=FILL_AREA_STYLE('',(#6629));
#5708=EDGE_CURVE('8:40147',#6630,#6631,#6632,.F.);
#5709=EDGE_CURVE('8:40141',#6631,#6633,#6634,.F.);
#5710=EDGE_CURVE('8:40135',#6633,#6635,#6636,.F.);
#5711=EDGE_CURVE('8:40153',#6635,#6630,#6637,.F.);
#5712=FILL_AREA_STYLE('',(#6638));
#5713=EDGE_CURVE('8:40150',#6639,#6630,#6640,.T.);
#5714=EDGE_CURVE('23:8323',#6639,#6641,#6642,.T.);
#5715=EDGE_CURVE('8:40144',#6641,#6631,#6643,.T.);
#5716=FILL_AREA_STYLE('',(#6644));
#5717=EDGE_CURVE('8:40268',#6645,#6646,#6647,.T.);
#5718=EDGE_CURVE('23:8293',#6645,#6648,#6649,.T.);
#5719=EDGE_CURVE('8:40286',#6648,#6650,#6651,.T.);
#5720=EDGE_CURVE('8:40265',#6646,#6650,#6652,.F.);
#5721=FILL_AREA_STYLE('',(#6653));
#5722=EDGE_CURVE('8:40280',#6654,#6655,#6656,.T.);
#5723=EDGE_CURVE('23:8299',#6654,#6657,#6658,.T.);
#5724=EDGE_CURVE('8:40274',#6657,#6659,#6660,.T.);
#5725=EDGE_CURVE('8:40277',#6655,#6659,#6661,.F.);
#5726=FILL_AREA_STYLE('',(#6662));
#5727=EDGE_CURVE('8:40203',#6663,#6664,#6665,.T.);
#5728=EDGE_CURVE('23:8305',#6663,#6666,#6667,.T.);
#5729=EDGE_CURVE('8:40221',#6666,#6668,#6669,.T.);
#5730=EDGE_CURVE('8:40200',#6664,#6668,#6670,.F.);
#5731=FILL_AREA_STYLE('',(#6671));
#5732=EDGE_CURVE('8:40215',#6672,#6673,#6674,.T.);
#5733=EDGE_CURVE('23:8311',#6672,#6675,#6676,.T.);
#5734=EDGE_CURVE('8:40209',#6675,#6677,#6678,.T.);
#5735=EDGE_CURVE('8:40212',#6673,#6677,#6679,.F.);
#5736=FILL_AREA_STYLE('',(#6680));
#5737=EDGE_CURVE('23:8308',#6675,#6663,#6681,.T.);
#5738=EDGE_CURVE('8:40206',#6677,#6664,#6682,.F.);
#5739=FILL_AREA_STYLE('',(#6683));
#5740=EDGE_CURVE('36:640',#6684,#6685,#6686,.T.);
#5741=EDGE_CURVE('73:50953',#6685,#6687,#6688,.T.);
#5742=EDGE_CURVE('27:244903',#6689,#6687,#6690,.F.);
#5743=EDGE_CURVE('36:54063',#6689,#6684,#6691,.T.);
#5744=FILL_AREA_STYLE('',(#6692));
#5745=EDGE_CURVE('73:50950',#6693,#6694,#6695,.T.);
#5746=EDGE_CURVE('78:2956',#6693,#6696,#6697,.T.);
#5747=EDGE_CURVE('23:8170',#6696,#6698,#6699,.T.);
#5748=EDGE_CURVE('78:2953',#6698,#6694,#6700,.T.);
#5749=FILL_AREA_STYLE('',(#6701));
#5750=EDGE_CURVE('27:245140',#6702,#6703,#6704,.T.);
#5751=EDGE_CURVE('73:50392',#6703,#6705,#6706,.T.);
#5752=EDGE_CURVE('73:50405',#6707,#6705,#6708,.F.);
#5753=EDGE_CURVE('27:245676',#6707,#6702,#6709,.T.);
#5754=FILL_AREA_STYLE('',(#6710));
#5755=EDGE_CURVE('73:50389',#6711,#6712,#6713,.T.);
#5756=EDGE_CURVE('36:658',#6711,#6714,#6715,.T.);
#5757=EDGE_CURVE('36:54036',#6716,#6714,#6717,.T.);
#5758=EDGE_CURVE('73:50408',#6712,#6716,#6718,.F.);
#5759=FILL_AREA_STYLE('',(#6719));
#5760=EDGE_CURVE('73:54057',#6720,#6721,#6722,.F.);
#5761=EDGE_CURVE('73:53931',#6723,#6720,#6724,.F.);
#5762=EDGE_CURVE('73:54051',#6725,#6723,#6726,.T.);
#5763=EDGE_CURVE('73:53925',#6721,#6725,#6727,.T.);
#5764=FILL_AREA_STYLE('',(#6728));
#5765=EDGE_CURVE('73:54166',#6729,#6730,#6731,.F.);
#5766=EDGE_CURVE('73:54163',#6732,#6729,#6733,.F.);
#5767=EDGE_CURVE('73:54160',#6734,#6732,#6735,.T.);
#5768=EDGE_CURVE('73:54157',#6730,#6734,#6736,.T.);
#5769=FILL_AREA_STYLE('',(#6737));
#5770=EDGE_CURVE('73:54251',#6738,#6739,#6740,.F.);
#5771=EDGE_CURVE('73:54248',#6741,#6738,#6742,.F.);
#5772=EDGE_CURVE('73:54245',#6743,#6741,#6744,.T.);
#5773=EDGE_CURVE('73:54242',#6739,#6743,#6745,.T.);
#5774=FILL_AREA_STYLE('',(#6746));
#5775=EDGE_CURVE('73:54336',#6747,#6748,#6749,.F.);
#5776=EDGE_CURVE('73:54333',#6750,#6747,#6751,.F.);
#5777=EDGE_CURVE('73:54330',#6752,#6750,#6753,.T.);
#5778=EDGE_CURVE('73:54327',#6748,#6752,#6754,.T.);
#5779=FILL_AREA_STYLE('',(#6755));
#5780=EDGE_CURVE('32:3374',#6756,#6757,#6758,.T.);
#5781=EDGE_CURVE('29:15391',#6756,#6759,#6760,.T.);
#5782=EDGE_CURVE('29:15379',#6761,#6759,#6762,.T.);
#5783=EDGE_CURVE('29:15394',#6763,#6761,#6764,.F.);
#5784=EDGE_CURVE('29:15306',#6763,#6765,#6766,.T.);
#5785=EDGE_CURVE('32:28972',#6757,#6765,#6767,.T.);
#5786=FILL_AREA_STYLE('',(#6768));
#5787=EDGE_CURVE('32:3362',#6769,#6770,#6771,.T.);
#5788=EDGE_CURVE('29:15017',#6769,#6772,#6773,.T.);
#5789=EDGE_CURVE('29:15005',#6774,#6772,#6775,.T.);
#5790=EDGE_CURVE('29:15020',#6776,#6774,#6777,.F.);
#5791=EDGE_CURVE('29:14932',#6776,#6778,#6779,.T.);
#5792=EDGE_CURVE('32:29187',#6770,#6778,#6780,.T.);
#5793=FILL_AREA_STYLE('',(#6781));
#5794=EDGE_CURVE('36:940',#6782,#6783,#6784,.F.);
#5795=EDGE_CURVE('36:946',#6782,#6785,#6786,.T.);
#5796=EDGE_CURVE('36:985',#6787,#6785,#6788,.T.);
#5797=EDGE_CURVE('36:580',#6789,#6787,#6790,.T.);
#5798=EDGE_CURVE('36:943',#6789,#6791,#6792,.T.);
#5799=EDGE_CURVE('36:54056',#6783,#6791,#6793,.T.);
#5800=FILL_AREA_STYLE('',(#6794));
#5801=EDGE_CURVE('36:961',#6795,#6796,#6797,.F.);
#5802=EDGE_CURVE('36:967',#6795,#6798,#6799,.T.);
#5803=EDGE_CURVE('36:973',#6800,#6798,#6801,.T.);
#5804=EDGE_CURVE('36:574',#6802,#6800,#6803,.T.);
#5805=EDGE_CURVE('36:964',#6802,#6804,#6805,.T.);
#5806=EDGE_CURVE('36:54086',#6796,#6804,#6806,.T.);
#5807=FILL_AREA_STYLE('',(#6807));
#5808=EDGE_CURVE('73:41174',#6808,#6809,#6810,.T.);
#5809=EDGE_CURVE('73:41117',#6808,#6811,#6812,.T.);
#5810=EDGE_CURVE('73:41192',#6813,#6811,#6814,.T.);
#5811=EDGE_CURVE('73:41159',#6815,#6813,#6816,.F.);
#5812=EDGE_CURVE('73:41120',#6815,#6817,#6818,.T.);
#5813=EDGE_CURVE('73:41084',#6809,#6817,#6819,.T.);
#5814=FILL_AREA_STYLE('',(#6820));
#5815=EDGE_CURVE('73:41180',#6821,#6822,#6823,.T.);
#5816=EDGE_CURVE('73:41096',#6821,#6824,#6825,.T.);
#5817=EDGE_CURVE('73:41201',#6826,#6824,#6827,.T.);
#5818=EDGE_CURVE('73:41150',#6828,#6826,#6829,.F.);
#5819=EDGE_CURVE('73:41099',#6828,#6830,#6831,.T.);
#5820=EDGE_CURVE('73:41090',#6822,#6830,#6832,.T.);
#5821=FILL_AREA_STYLE('',(#6833));
#5822=EDGE_CURVE('73:41383',#6834,#6835,#6836,.F.);
#5823=EDGE_CURVE('73:41389',#6834,#6837,#6838,.T.);
#5824=EDGE_CURVE('73:41395',#6839,#6837,#6840,.T.);
#5825=EDGE_CURVE('73:41290',#6841,#6839,#6842,.T.);
#5826=EDGE_CURVE('73:41386',#6841,#6843,#6844,.T.);
#5827=EDGE_CURVE('73:41305',#6835,#6843,#6845,.T.);
#5828=FILL_AREA_STYLE('',(#6846));
#5829=EDGE_CURVE('73:41365',#6847,#6848,#6849,.F.);
#5830=EDGE_CURVE('73:41371',#6847,#6850,#6851,.T.);
#5831=EDGE_CURVE('73:41407',#6852,#6850,#6853,.T.);
#5832=EDGE_CURVE('73:41296',#6854,#6852,#6855,.T.);
#5833=EDGE_CURVE('73:41368',#6854,#6856,#6857,.T.);
#5834=EDGE_CURVE('73:41311',#6848,#6856,#6858,.T.);
#5835=FILL_AREA_STYLE('',(#6859));
#5836=EDGE_CURVE('78:2950',#6860,#6861,#6862,.F.);
#5837=EDGE_CURVE('78:2938',#6863,#6860,#6864,.F.);
#5838=EDGE_CURVE('78:2965',#6865,#6863,#6866,.F.);
#5839=EDGE_CURVE('78:2932',#6861,#6865,#6867,.T.);
#5840=FILL_AREA_STYLE('',(#6868));
#5841=EDGE_CURVE('78:2968',#6869,#6693,#6870,.F.);
#5842=EDGE_CURVE('78:2935',#6871,#6869,#6872,.F.);
#5843=EDGE_CURVE('78:2947',#6696,#6871,#6873,.F.);
#5844=FILL_AREA_STYLE('',(#6874));
#5845=EDGE_CURVE('78:2944',#6875,#6698,#6876,.F.);
#5846=EDGE_CURVE('78:2962',#6877,#6875,#6878,.F.);
#5847=EDGE_CURVE('78:2971',#6694,#6877,#6879,.F.);
#5848=FILL_AREA_STYLE('',(#6880));
#5849=EDGE_CURVE('78:2974',#6881,#6882,#6883,.F.);
#5850=EDGE_CURVE('78:2959',#6884,#6881,#6885,.F.);
#5851=EDGE_CURVE('78:2941',#6886,#6884,#6887,.F.);
#5852=EDGE_CURVE('78:2929',#6882,#6886,#6888,.T.);
#5853=FILL_AREA_STYLE('',(#6889));
#5854=EDGE_CURVE('36:58086',#6865,#6882,#6890,.T.);
#5855=EDGE_CURVE('27:244196',#6863,#6869,#6891,.T.);
#5856=EDGE_CURVE('38:2335',#6877,#6881,#6892,.T.);
#5857=EDGE_CURVE('29:19046',#6893,#6761,#6894,.F.);
#5858=EDGE_CURVE('29:15035',#6893,#6895,#6896,.F.);
#5859=EDGE_CURVE('29:15050',#6895,#6776,#6897,.F.);
#5860=EDGE_CURVE('29:17270',#6707,#6774,#6898,.F.);
#5861=EDGE_CURVE('73:41081',#6899,#6705,#6900,.F.);
#5862=EDGE_CURVE('73:41141',#6901,#6899,#6902,.F.);
#5863=EDGE_CURVE('73:41165',#6901,#6903,#6904,.F.);
#5864=EDGE_CURVE('73:41168',#6903,#6828,#6905,.F.);
#5865=EDGE_CURVE('73:41198',#6906,#6826,#6907,.F.);
#5866=EDGE_CURVE('73:41153',#6906,#6908,#6909,.F.);
#5867=EDGE_CURVE('73:41156',#6908,#6815,#6910,.F.);
#5868=EDGE_CURVE('73:41189',#6911,#6813,#6912,.F.);
#5869=EDGE_CURVE('73:41162',#6911,#6712,#6913,.T.);
#5870=EDGE_CURVE('36:925',#6914,#6716,#6915,.F.);
#5871=EDGE_CURVE('36:955',#6914,#6916,#6917,.F.);
#5872=EDGE_CURVE('36:60303',#6795,#6916,#6918,.T.);
#5873=EDGE_CURVE('36:922',#6919,#6796,#6920,.F.);
#5874=EDGE_CURVE('36:934',#6919,#6921,#6922,.F.);
#5875=EDGE_CURVE('36:62296',#6782,#6921,#6923,.T.);
#5876=EDGE_CURVE('36:919',#6689,#6783,#6924,.F.);
#5877=EDGE_CURVE('73:41281',#6925,#6687,#6926,.F.);
#5878=EDGE_CURVE('73:41353',#6927,#6925,#6928,.F.);
#5879=EDGE_CURVE('73:41377',#6927,#6929,#6930,.F.);
#5880=EDGE_CURVE('73:41278',#6834,#6929,#6931,.T.);
#5881=EDGE_CURVE('73:41350',#6932,#6835,#6933,.F.);
#5882=EDGE_CURVE('73:41359',#6932,#6934,#6935,.F.);
#5883=EDGE_CURVE('73:41419',#6847,#6934,#6936,.T.);
#5884=EDGE_CURVE('73:41347',#6937,#6848,#6938,.F.);
#5885=EDGE_CURVE('73:41284',#6937,#6939,#6940,.T.);
#5886=EDGE_CURVE('27:244192',#6941,#6939,#6942,.F.);
#5887=EDGE_CURVE('29:19049',#6943,#6941,#6944,.F.);
#5888=EDGE_CURVE('29:15409',#6943,#6945,#6946,.F.);
#5889=EDGE_CURVE('29:15424',#6945,#6763,#6947,.F.);
#5890=FILL_AREA_STYLE('',(#6948));
#5891=EDGE_CURVE('32:3393',#6949,#6739,#6950,.T.);
#5892=EDGE_CURVE('34:10523',#6723,#6743,#6951,.T.);
#5893=EDGE_CURVE('32:3399',#6720,#6769,#6952,.T.);
#5894=EDGE_CURVE('32:29250',#6953,#6770,#6954,.T.);
#5895=EDGE_CURVE('32:3368',#6955,#6953,#6956,.T.);
#5896=EDGE_CURVE('32:3396',#6955,#6756,#6957,.T.);
#5897=EDGE_CURVE('32:29035',#6958,#6757,#6959,.T.);
#5898=EDGE_CURVE('32:3356',#6949,#6958,#6960,.T.);
#5899=FILL_AREA_STYLE('',(#6961));
#5900=EDGE_CURVE('23:8314',#6962,#6639,#6963,.T.);
#5901=EDGE_CURVE('23:8317',#6964,#6962,#6965,.T.);
#5902=EDGE_CURVE('23:8320',#6641,#6964,#6966,.T.);
#5903=EDGE_CURVE('23:8302',#6666,#6672,#6967,.T.);
#5904=EDGE_CURVE('23:8290',#6648,#6654,#6968,.T.);
#5905=EDGE_CURVE('23:8296',#6657,#6645,#6969,.T.);
#5906=EDGE_CURVE('23:8287',#6970,#6970,#6971,.F.);
#5907=EDGE_CURVE('23:8284',#6972,#6973,#6974,.T.);
#5908=EDGE_CURVE('23:8275',#6975,#6972,#6976,.T.);
#5909=EDGE_CURVE('23:8278',#6977,#6975,#6978,.T.);
#5910=EDGE_CURVE('23:8281',#6973,#6977,#6979,.T.);
#5911=EDGE_CURVE('23:8272',#6980,#6981,#6982,.T.);
#5912=EDGE_CURVE('23:8263',#6983,#6980,#6984,.T.);
#5913=EDGE_CURVE('23:8266',#6985,#6983,#6986,.T.);
#5914=EDGE_CURVE('23:8269',#6981,#6985,#6987,.T.);
#5915=EDGE_CURVE('23:8260',#6624,#6612,#6988,.T.);
#5916=EDGE_CURVE('23:8254',#6615,#6621,#6989,.T.);
#5917=EDGE_CURVE('23:8173',#6871,#6860,#6990,.F.);
#5918=EDGE_CURVE('23:8164',#6886,#6861,#6991,.T.);
#5919=EDGE_CURVE('23:8167',#6884,#6875,#6992,.T.);
#5920=FILL_AREA_STYLE('',(#6993));
#5921=FILL_AREA_STYLE('',(#6994));
#5922=FILL_AREA_STYLE('',(#6995));
#5923=EDGE_CURVE('8:40138',#6964,#6633,#6996,.T.);
#5924=EDGE_CURVE('8:40156',#6962,#6635,#6997,.T.);
#5925=FILL_AREA_STYLE('',(#6998));
#5926=EDGE_CURVE('34:9799',#6999,#7000,#7001,.T.);
#5927=EDGE_CURVE('34:9748',#7002,#6999,#7003,.T.);
#5928=EDGE_CURVE('34:9802',#7002,#7004,#7005,.T.);
#5929=EDGE_CURVE('34:9751',#7004,#7000,#7006,.T.);
#5930=FILL_AREA_STYLE('',(#7007));
#5931=EDGE_CURVE('34:9779',#7008,#7009,#7010,.T.);
#5932=EDGE_CURVE('34:9742',#7011,#7008,#7012,.T.);
#5933=EDGE_CURVE('34:9782',#7011,#7013,#7014,.T.);
#5934=EDGE_CURVE('34:9745',#7013,#7009,#7015,.T.);
#5935=FILL_AREA_STYLE('',(#7016));
#5936=EDGE_CURVE('34:9809',#7000,#7008,#7017,.T.);
#5937=EDGE_CURVE('34:9812',#7004,#7011,#7018,.T.);
#5938=FILL_AREA_STYLE('',(#7019));
#5939=EDGE_CURVE('34:9789',#7009,#6999,#7020,.T.);
#5940=EDGE_CURVE('34:9792',#7013,#7002,#7021,.T.);
#5941=FILL_AREA_STYLE('',(#7022));
#5942=EDGE_CURVE('34:8009',#6741,#6752,#7023,.T.);
#5943=EDGE_CURVE('38:161',#6750,#6734,#7024,.T.);
#5944=EDGE_CURVE('34:7993',#6732,#6725,#7025,.T.);
#5945=FILL_AREA_STYLE('',(#7026));
#5946=EDGE_CURVE('32:29259',#7027,#6778,#7028,.T.);
#5947=EDGE_CURVE('32:29205',#6953,#7027,#7029,.T.);
#5948=FILL_AREA_STYLE('',(#7030));
#5949=EDGE_CURVE('73:50947',#7031,#6939,#7032,.T.);
#5950=EDGE_CURVE('27:245167',#7031,#7033,#7034,.T.);
#5951=EDGE_CURVE('27:245661',#6941,#7033,#7035,.T.);
#5952=FILL_AREA_STYLE('',(#7036));
#5953=FILL_AREA_STYLE('',(#7037));
#5954=EDGE_CURVE('36:65522',#7038,#7038,#7039,.T.);
#5955=FILL_AREA_STYLE('',(#7040));
#5956=EDGE_CURVE('32:29044',#7041,#6765,#7042,.T.);
#5957=EDGE_CURVE('32:28990',#6958,#7041,#7043,.T.);
#5958=FILL_AREA_STYLE('',(#7044));
#5959=EDGE_CURVE('29:15443',#6759,#7045,#7046,.T.);
#5960=EDGE_CURVE('29:15011',#7045,#6893,#7047,.T.);
#5961=FILL_AREA_STYLE('',(#7048));
#5962=EDGE_CURVE('73:41183',#7049,#6721,#7050,.T.);
#5963=EDGE_CURVE('73:41102',#7051,#7049,#7052,.T.);
#5964=EDGE_CURVE('73:41147',#6703,#7051,#7053,.T.);
#5965=EDGE_CURVE('29:15069',#6772,#6702,#7054,.T.);
#5966=FILL_AREA_STYLE('',(#7055));
#5967=FILL_AREA_STYLE('',(#7056));
#5968=EDGE_CURVE('29:15385',#7057,#6943,#7058,.T.);
#5969=EDGE_CURVE('29:15440',#7033,#7057,#7059,.T.);
#5970=FILL_AREA_STYLE('',(#7060));
#5971=EDGE_CURVE('8:40492',#6626,#6613,#7061,.F.);
#5972=EDGE_CURVE('8:40504',#6617,#6622,#7062,.F.);
#5973=FILL_AREA_STYLE('',(#7063));
#5974=EDGE_CURVE('29:14944',#7027,#6895,#7064,.T.);
#5975=FILL_AREA_STYLE('',(#7065));
#5976=EDGE_CURVE('73:41413',#7066,#6850,#7067,.T.);
#5977=EDGE_CURVE('73:41416',#7068,#7066,#7069,.T.);
#5978=EDGE_CURVE('73:41410',#7068,#6852,#7070,.T.);
#5979=FILL_AREA_STYLE('',(#7071));
#5980=EDGE_CURVE('73:41374',#7066,#6934,#7072,.T.);
#5981=EDGE_CURVE('73:41308',#7073,#6932,#7074,.T.);
#5982=EDGE_CURVE('73:41362',#7073,#7075,#7076,.T.);
#5983=EDGE_CURVE('73:41293',#7075,#7068,#7077,.T.);
#5984=FILL_AREA_STYLE('',(#7078));
#5985=EDGE_CURVE('73:41401',#7079,#6837,#7080,.T.);
#5986=EDGE_CURVE('73:41404',#7081,#7079,#7082,.T.);
#5987=EDGE_CURVE('73:41398',#7081,#6839,#7083,.T.);
#5988=FILL_AREA_STYLE('',(#7084));
#5989=EDGE_CURVE('73:41320',#7085,#6748,#7086,.T.);
#5990=EDGE_CURVE('73:41326',#6738,#6854,#7087,.T.);
#5991=EDGE_CURVE('73:41323',#7075,#6841,#7088,.T.);
#5992=EDGE_CURVE('73:41299',#7085,#7081,#7089,.T.);
#5993=FILL_AREA_STYLE('',(#7090));
#5994=EDGE_CURVE('73:41338',#6843,#7073,#7091,.T.);
#5995=FILL_AREA_STYLE('',(#7092));
#5996=FILL_AREA_STYLE('',(#7093));
#5997=EDGE_CURVE('73:41392',#7079,#6929,#7094,.T.);
#5998=FILL_AREA_STYLE('',(#7095));
#5999=FILL_AREA_STYLE('',(#7096));
#6000=EDGE_CURVE('73:41302',#7097,#6927,#7098,.T.);
#6001=EDGE_CURVE('73:41380',#7097,#7085,#7099,.T.);
#6002=FILL_AREA_STYLE('',(#7100));
#6003=EDGE_CURVE('73:41344',#6925,#6685,#7101,.T.);
#6004=FILL_AREA_STYLE('',(#7102));
#6005=EDGE_CURVE('73:41356',#6937,#7031,#7103,.T.);
#6006=FILL_AREA_STYLE('',(#7104));
#6007=EDGE_CURVE('73:41069',#6911,#6711,#7105,.T.);
#6008=FILL_AREA_STYLE('',(#7106));
#6009=EDGE_CURVE('73:41144',#6899,#6703,#7107,.T.);
#6010=FILL_AREA_STYLE('',(#7108));
#6011=EDGE_CURVE('73:41135',#7109,#6817,#7110,.T.);
#6012=EDGE_CURVE('73:41129',#7111,#7109,#7112,.T.);
#6013=EDGE_CURVE('73:41087',#7111,#6809,#7113,.T.);
#6014=FILL_AREA_STYLE('',(#7114));
#6015=EDGE_CURVE('73:41114',#7115,#6830,#7116,.T.);
#6016=EDGE_CURVE('73:41108',#7117,#7115,#7118,.T.);
#6017=EDGE_CURVE('73:41093',#7117,#6822,#7119,.T.);
#6018=FILL_AREA_STYLE('',(#7120));
#6019=EDGE_CURVE('73:41171',#6729,#6808,#7121,.T.);
#6020=EDGE_CURVE('73:41126',#7122,#7111,#7123,.T.);
#6021=EDGE_CURVE('73:41177',#7122,#6821,#7124,.T.);
#6022=EDGE_CURVE('73:41105',#7049,#7117,#7125,.T.);
#6023=FILL_AREA_STYLE('',(#7126));
#6024=EDGE_CURVE('73:41195',#6811,#6711,#7127,.T.);
#6025=FILL_AREA_STYLE('',(#7128));
#6026=EDGE_CURVE('73:41132',#7109,#6908,#7129,.T.);
#6027=FILL_AREA_STYLE('',(#7130));
#6028=EDGE_CURVE('73:41111',#7115,#6903,#7131,.T.);
#6029=FILL_AREA_STYLE('',(#7132));
#6030=EDGE_CURVE('73:41123',#7133,#7122,#7134,.T.);
#6031=EDGE_CURVE('73:41204',#6824,#7133,#7135,.T.);
#6032=FILL_AREA_STYLE('',(#7136));
#6033=EDGE_CURVE('73:41207',#7133,#6906,#7137,.T.);
#6034=FILL_AREA_STYLE('',(#7138));
#6035=EDGE_CURVE('73:41138',#7051,#6901,#7139,.T.);
#6036=FILL_AREA_STYLE('',(#7140));
#6037=EDGE_CURVE('36:991',#7141,#6785,#7142,.T.);
#6038=EDGE_CURVE('36:994',#7143,#7141,#7144,.T.);
#6039=EDGE_CURVE('36:988',#7143,#6787,#7145,.T.);
#6040=FILL_AREA_STYLE('',(#7146));
#6041=EDGE_CURVE('36:979',#7147,#6798,#7148,.T.);
#6042=EDGE_CURVE('36:982',#7149,#7147,#7150,.T.);
#6043=EDGE_CURVE('36:976',#7149,#6800,#7151,.T.);
#6044=FILL_AREA_STYLE('',(#7152));
#6045=EDGE_CURVE('36:610',#6747,#6789,#7153,.T.);
#6046=EDGE_CURVE('36:577',#7154,#7143,#7155,.T.);
#6047=EDGE_CURVE('36:607',#7154,#6802,#7156,.T.);
#6048=EDGE_CURVE('36:583',#7157,#7149,#7158,.T.);
#6049=EDGE_CURVE('36:604',#7157,#6730,#7159,.T.);
#6050=FILL_AREA_STYLE('',(#7160));
#6051=EDGE_CURVE('36:54093',#7161,#6919,#7162,.T.);
#6052=EDGE_CURVE('36:673',#6804,#7161,#7163,.T.);
#6053=FILL_AREA_STYLE('',(#7164));
#6054=EDGE_CURVE('36:949',#7141,#6921,#7165,.T.);
#6055=FILL_AREA_STYLE('',(#7166));
#6056=EDGE_CURVE('36:970',#7147,#6916,#7167,.T.);
#6057=FILL_AREA_STYLE('',(#7168));
#6058=EDGE_CURVE('36:958',#7169,#7157,#7170,.T.);
#6059=EDGE_CURVE('36:670',#6714,#7169,#7171,.T.);
#6060=FILL_AREA_STYLE('',(#7172));
#6061=EDGE_CURVE('36:937',#7161,#7154,#7173,.T.);
#6062=FILL_AREA_STYLE('',(#7174));
#6063=EDGE_CURVE('73:41335',#6685,#7097,#7175,.T.);
#6064=EDGE_CURVE('36:676',#6791,#6684,#7176,.T.);
#6065=FILL_AREA_STYLE('',(#7177));
#6066=FILL_AREA_STYLE('',(#7178));
#6067=FILL_AREA_STYLE('',(#7179));
#6068=FILL_AREA_STYLE('',(#7180));
#6069=EDGE_CURVE('73:41341',#6856,#7031,#7181,.T.);
#6070=FILL_AREA_STYLE('',(#7182));
#6071=FILL_AREA_STYLE('',(#7183));
#6072=EDGE_CURVE('36:65611',#7184,#7184,#7185,.T.);
#6073=EDGE_CURVE('36:65587',#7186,#7186,#7187,.T.);
#6074=FILL_AREA_STYLE('',(#7188));
#6075=FILL_AREA_STYLE('',(#7189));
#6076=EDGE_CURVE('36:65547',#7190,#7190,#7191,.T.);
#6077=FILL_AREA_STYLE('',(#7192));
#6078=FILL_AREA_STYLE('',(#7193));
#6079=EDGE_CURVE('29:15406',#7057,#6949,#7194,.T.);
#6080=FILL_AREA_STYLE('',(#7195));
#6081=EDGE_CURVE('29:15032',#7045,#6955,#7196,.T.);
#6082=FILL_AREA_STYLE('',(#7197));
#6083=EDGE_CURVE('29:15318',#7041,#6945,#7198,.T.);
#6084=FILL_AREA_STYLE('',(#7199));
#6085=FILL_AREA_STYLE('',(#7200));
#6086=FILL_AREA_STYLE('',(#7201));
#6087=FILL_AREA_STYLE('',(#7202));
#6088=FILL_AREA_STYLE('',(#7203));
#6089=EDGE_CURVE('8:40424',#6981,#7204,#7205,.T.);
#6090=EDGE_CURVE('8:40442',#6985,#7206,#7207,.T.);
#6091=EDGE_CURVE('8:40421',#7204,#7206,#7208,.F.);
#6092=FILL_AREA_STYLE('',(#7209));
#6093=EDGE_CURVE('8:40430',#6980,#7210,#7211,.T.);
#6094=EDGE_CURVE('8:40427',#7210,#7204,#7212,.F.);
#6095=FILL_AREA_STYLE('',(#7213));
#6096=EDGE_CURVE('8:40436',#6983,#7214,#7215,.T.);
#6097=EDGE_CURVE('8:40433',#7214,#7210,#7216,.F.);
#6098=FILL_AREA_STYLE('',(#7217));
#6099=EDGE_CURVE('8:40439',#7206,#7214,#7218,.F.);
#6100=FILL_AREA_STYLE('',(#7219));
#6101=FILL_AREA_STYLE('',(#7220));
#6102=EDGE_CURVE('8:40359',#6973,#7221,#7222,.T.);
#6103=EDGE_CURVE('8:40377',#6977,#7223,#7224,.T.);
#6104=EDGE_CURVE('8:40356',#7221,#7223,#7225,.F.);
#6105=FILL_AREA_STYLE('',(#7226));
#6106=EDGE_CURVE('8:40365',#6972,#7227,#7228,.T.);
#6107=EDGE_CURVE('8:40362',#7227,#7221,#7229,.F.);
#6108=FILL_AREA_STYLE('',(#7230));
#6109=EDGE_CURVE('8:40371',#6975,#7231,#7232,.T.);
#6110=EDGE_CURVE('8:40368',#7231,#7227,#7233,.F.);
#6111=FILL_AREA_STYLE('',(#7234));
#6112=EDGE_CURVE('8:40374',#7223,#7231,#7235,.F.);
#6113=FILL_AREA_STYLE('',(#7236));
#6114=FILL_AREA_STYLE('',(#7237));
#6115=EDGE_CURVE('8:40321',#7238,#7238,#7239,.F.);
#6116=FILL_AREA_STYLE('',(#7240));
#6117=FILL_AREA_STYLE('',(#7241));
#6118=EDGE_CURVE('8:40271',#6659,#6646,#7242,.F.);
#6119=FILL_AREA_STYLE('',(#7243));
#6120=EDGE_CURVE('8:40283',#6650,#6655,#7244,.F.);
#6121=FILL_AREA_STYLE('',(#7245));
#6122=FILL_AREA_STYLE('',(#7246));
#6123=EDGE_CURVE('8:40218',#6668,#6673,#7247,.F.);
#6124=FILL_AREA_STYLE('',(#7248));
#6125=FILL_AREA_STYLE('',(#7249));
#6126=FILL_AREA_STYLE('',(#7250));
#6127=FILL_AREA_STYLE('',(#7251));
#6128=FILL_AREA_STYLE('',(#7252));
#6129=EDGE_CURVE('36:54023',#7169,#6914,#7253,.T.);
#6130=FILL_AREA_STYLE('',(#7254));
#6131=FILL_AREA_STYLE('',(#7255));
#6132=EDGE_CURVE('80:13645',#7256,#7257,#7258,.T.);
#6133=EDGE_CURVE('23:7193',#7256,#7259,#7260,.T.);
#6134=EDGE_CURVE('78:3227',#7259,#7261,#7262,.T.);
#6135=EDGE_CURVE('23:7211',#7261,#7263,#7264,.T.);
#6136=EDGE_CURVE('80:13615',#7265,#7263,#7266,.T.);
#6137=EDGE_CURVE('80:13605',#7267,#7265,#7268,.F.);
#6138=EDGE_CURVE('80:13595',#7269,#7267,#7270,.T.);
#6139=EDGE_CURVE('80:13585',#7269,#7257,#7271,.T.);
#6140=EDGE_CURVE('23:7384',#7272,#7272,#7273,.T.);
#6141=EDGE_CURVE('23:7378',#7274,#7275,#7276,.T.);
#6142=EDGE_CURVE('23:7375',#7277,#7274,#7278,.T.);
#6143=EDGE_CURVE('23:7372',#7279,#7277,#7280,.F.);
#6144=EDGE_CURVE('23:7381',#7275,#7279,#7281,.T.);
#6145=EDGE_CURVE('23:7366',#7282,#7283,#7284,.T.);
#6146=EDGE_CURVE('23:7363',#7285,#7282,#7286,.T.);
#6147=EDGE_CURVE('23:7360',#7287,#7285,#7288,.F.);
#6148=EDGE_CURVE('23:7369',#7283,#7287,#7289,.T.);
#6149=EDGE_CURVE('23:7354',#7290,#7291,#7292,.T.);
#6150=EDGE_CURVE('23:7351',#7293,#7290,#7294,.T.);
#6151=EDGE_CURVE('23:7348',#7295,#7293,#7296,.F.);
#6152=EDGE_CURVE('23:7357',#7291,#7295,#7297,.T.);
#6153=EDGE_CURVE('23:7342',#7298,#7299,#7300,.T.);
#6154=EDGE_CURVE('23:7339',#7301,#7298,#7302,.T.);
#6155=EDGE_CURVE('23:7336',#7303,#7301,#7304,.T.);
#6156=EDGE_CURVE('23:7345',#7299,#7303,#7305,.F.);
#6157=EDGE_CURVE('23:7330',#7306,#7307,#7308,.T.);
#6158=EDGE_CURVE('23:7327',#7309,#7306,#7310,.T.);
#6159=EDGE_CURVE('23:7324',#7311,#7309,#7312,.T.);
#6160=EDGE_CURVE('23:7333',#7307,#7311,#7313,.F.);
#6161=EDGE_CURVE('23:7318',#7314,#7315,#7316,.T.);
#6162=EDGE_CURVE('23:7315',#7317,#7314,#7318,.T.);
#6163=EDGE_CURVE('23:7309',#7319,#7317,#7320,.T.);
#6164=EDGE_CURVE('23:7321',#7315,#7319,#7321,.F.);
#6165=FILL_AREA_STYLE('',(#7322));
#6166=EDGE_CURVE('80:13612',#7323,#7324,#7325,.T.);
#6167=EDGE_CURVE('80:13566',#7265,#7323,#7326,.T.);
#6168=EDGE_CURVE('80:13572',#7263,#7324,#7327,.T.);
#6169=FILL_AREA_STYLE('',(#7328));
#6170=EDGE_CURVE('21:32269',#7329,#7330,#7331,.F.);
#6171=EDGE_CURVE('19:19258',#7329,#7332,#7333,.T.);
#6172=EDGE_CURVE('21:32030',#7332,#7334,#7335,.F.);
#6173=EDGE_CURVE('39:27757',#7334,#7336,#7337,.T.);
#6174=EDGE_CURVE('21:32021',#7338,#7336,#7339,.F.);
#6175=EDGE_CURVE('19:19270',#7338,#7340,#7341,.T.);
#6176=EDGE_CURVE('21:31776',#7340,#7342,#7343,.F.);
#6177=EDGE_CURVE('39:27760',#7342,#7344,#7345,.T.);
#6178=EDGE_CURVE('21:31767',#7346,#7344,#7347,.F.);
#6179=EDGE_CURVE('19:19282',#7348,#7346,#7349,.T.);
#6180=EDGE_CURVE('21:31521',#7348,#7350,#7351,.F.);
#6181=EDGE_CURVE('21:31524',#7352,#7350,#7353,.F.);
#6182=EDGE_CURVE('21:31512',#7354,#7352,#7355,.F.);
#6183=EDGE_CURVE('21:19318',#7356,#7354,#7357,.T.);
#6184=EDGE_CURVE('21:1566',#7356,#7358,#7359,.F.);
#6185=EDGE_CURVE('21:1569',#7360,#7358,#7361,.F.);
#6186=EDGE_CURVE('21:1557',#7362,#7360,#7363,.F.);
#6187=EDGE_CURVE('19:19306',#7364,#7362,#7365,.T.);
#6188=EDGE_CURVE('21:1293',#7364,#7366,#7367,.F.);
#6189=EDGE_CURVE('21:1296',#7368,#7366,#7369,.F.);
#6190=EDGE_CURVE('21:1284',#7370,#7368,#7371,.F.);
#6191=EDGE_CURVE('21:19307',#7370,#7372,#7373,.T.);
#6192=EDGE_CURVE('21:32284',#7372,#7374,#7375,.F.);
#6193=EDGE_CURVE('21:32287',#7330,#7374,#7376,.F.);
#6194=EDGE_CURVE('49:384',#7377,#7377,#7378,.F.);
#6195=EDGE_CURVE('49:387',#7379,#7379,#7380,.F.);
#6196=EDGE_CURVE('72:12691',#7381,#7382,#7383,.F.);
#6197=EDGE_CURVE('72:18706',#7381,#7384,#7385,.T.);
#6198=EDGE_CURVE('72:12682',#7386,#7384,#7387,.F.);
#6199=EDGE_CURVE('72:18869',#7386,#7388,#7389,.T.);
#6200=EDGE_CURVE('72:12685',#7390,#7388,#7391,.F.);
#6201=EDGE_CURVE('72:18788',#7390,#7392,#7393,.T.);
#6202=EDGE_CURVE('72:12688',#7394,#7392,#7395,.F.);
#6203=EDGE_CURVE('72:18622',#7394,#7382,#7396,.T.);
#6204=EDGE_CURVE('80:13582',#7397,#7398,#7399,.T.);
#6205=EDGE_CURVE('80:13592',#7397,#7400,#7401,.T.);
#6206=EDGE_CURVE('80:13602',#7400,#7323,#7402,.F.);
#6207=EDGE_CURVE('23:7468',#7403,#7324,#7404,.T.);
#6208=EDGE_CURVE('78:3260',#7403,#7405,#7406,.T.);
#6209=EDGE_CURVE('23:7459',#7407,#7405,#7408,.T.);
#6210=EDGE_CURVE('80:13642',#7407,#7398,#7409,.T.);
#6211=FILL_AREA_STYLE('',(#7410));
#6212=EDGE_CURVE('13:22859',#7411,#7411,#7412,.F.);
#6213=EDGE_CURVE('12:1382',#7413,#7414,#7415,.T.);
#6214=EDGE_CURVE('13:68743',#7413,#7416,#7417,.F.);
#6215=EDGE_CURVE('12:1712',#7418,#7416,#7419,.T.);
#6216=EDGE_CURVE('13:189',#7414,#7418,#7420,.T.);
#6217=FILL_AREA_STYLE('',(#7421));
#6218=EDGE_CURVE('78:3251',#7261,#7403,#7422,.T.);
#6219=FILL_AREA_STYLE('',(#7423));
#6220=EDGE_CURVE('13:68740',#7330,#7413,#7424,.T.);
#6221=EDGE_CURVE('13:68749',#7416,#7374,#7425,.F.);
#6222=FILL_AREA_STYLE('',(#7426));
#6223=EDGE_CURVE('80:13578',#7256,#7407,#7427,.T.);
#6224=EDGE_CURVE('78:3242',#7405,#7259,#7428,.F.);
#6225=FILL_AREA_STYLE('',(#7429));
#6226=EDGE_CURVE('80:13557',#7257,#7398,#7430,.T.);
#6227=FILL_AREA_STYLE('',(#7431));
#6228=EDGE_CURVE('80:13563',#7267,#7400,#7432,.T.);
#6229=FILL_AREA_STYLE('',(#7433));
#6230=EDGE_CURVE('80:13560',#7269,#7397,#7434,.T.);
#6231=FILL_AREA_STYLE('',(#7435));
#6232=FILL_AREA_STYLE('',(#7436));
#6233=EDGE_CURVE('9:54695',#7437,#7438,#7439,.T.);
#6234=EDGE_CURVE('78:13480',#7437,#7440,#7441,.T.);
#6235=EDGE_CURVE('9:54713',#7440,#7442,#7443,.T.);
#6236=EDGE_CURVE('72:12718',#7442,#7438,#7444,.T.);
#6237=FILL_AREA_STYLE('',(#7445));
#6238=EDGE_CURVE('9:54701',#7446,#7447,#7448,.T.);
#6239=EDGE_CURVE('78:13477',#7446,#7449,#7450,.T.);
#6240=EDGE_CURVE('78:13501',#7449,#7437,#7451,.T.);
#6241=EDGE_CURVE('72:12715',#7438,#7447,#7452,.T.);
#6242=FILL_AREA_STYLE('',(#7453));
#6243=EDGE_CURVE('78:13486',#7454,#7455,#7456,.T.);
#6244=EDGE_CURVE('78:13474',#7455,#7457,#7458,.T.);
#6245=EDGE_CURVE('78:13495',#7457,#7446,#7459,.T.);
#6246=EDGE_CURVE('72:12712',#7447,#7460,#7461,.T.);
#6247=EDGE_CURVE('9:54707',#7454,#7460,#7462,.T.);
#6248=FILL_AREA_STYLE('',(#7463));
#6249=EDGE_CURVE('78:13504',#7440,#7464,#7465,.T.);
#6250=EDGE_CURVE('78:13471',#7464,#7454,#7466,.T.);
#6251=EDGE_CURVE('72:12706',#7460,#7442,#7467,.T.);
#6252=FILL_AREA_STYLE('',(#7468));
#6253=EDGE_CURVE('78:13465',#7469,#7470,#7471,.T.);
#6254=EDGE_CURVE('78:13468',#7470,#7472,#7473,.T.);
#6255=EDGE_CURVE('78:13459',#7472,#7474,#7475,.T.);
#6256=EDGE_CURVE('78:13462',#7474,#7469,#7476,.T.);
#6257=EDGE_CURVE('58:16176',#7477,#7478,#7479,.T.);
#6258=EDGE_CURVE('11:1732',#7478,#7480,#7481,.T.);
#6259=EDGE_CURVE('11:1735',#7480,#7482,#7483,.T.);
#6260=EDGE_CURVE('11:1738',#7482,#7484,#7485,.T.);
#6261=EDGE_CURVE('58:13278',#7484,#7486,#7487,.T.);
#6262=EDGE_CURVE('58:16161',#7486,#7488,#7489,.T.);
#6263=EDGE_CURVE('58:16164',#7488,#7490,#7491,.T.);
#6264=EDGE_CURVE('58:16170',#7490,#7477,#7492,.T.);
#6265=EDGE_CURVE('11:372',#7493,#7493,#7494,.T.);
#6266=EDGE_CURVE('11:384',#7495,#7496,#7497,.F.);
#6267=EDGE_CURVE('11:375',#7496,#7498,#7499,.T.);
#6268=EDGE_CURVE('11:378',#7498,#7500,#7501,.T.);
#6269=EDGE_CURVE('11:381',#7500,#7495,#7502,.T.);
#6270=EDGE_CURVE('11:396',#7503,#7504,#7505,.F.);
#6271=EDGE_CURVE('11:387',#7504,#7506,#7507,.T.);
#6272=EDGE_CURVE('11:390',#7506,#7508,#7509,.T.);
#6273=EDGE_CURVE('11:393',#7508,#7503,#7510,.T.);
#6274=EDGE_CURVE('11:408',#7511,#7512,#7513,.F.);
#6275=EDGE_CURVE('11:399',#7512,#7514,#7515,.T.);
#6276=EDGE_CURVE('11:402',#7514,#7516,#7517,.T.);
#6277=EDGE_CURVE('11:405',#7516,#7511,#7518,.T.);
#6278=EDGE_CURVE('11:420',#7519,#7520,#7521,.T.);
#6279=EDGE_CURVE('11:411',#7520,#7522,#7523,.T.);
#6280=EDGE_CURVE('11:414',#7522,#7524,#7525,.T.);
#6281=EDGE_CURVE('11:417',#7524,#7519,#7526,.F.);
#6282=EDGE_CURVE('11:432',#7527,#7528,#7529,.T.);
#6283=EDGE_CURVE('11:423',#7528,#7530,#7531,.T.);
#6284=EDGE_CURVE('11:426',#7530,#7532,#7533,.T.);
#6285=EDGE_CURVE('11:429',#7532,#7527,#7534,.F.);
#6286=EDGE_CURVE('11:444',#7535,#7536,#7537,.T.);
#6287=EDGE_CURVE('11:435',#7536,#7538,#7539,.T.);
#6288=EDGE_CURVE('11:438',#7538,#7540,#7541,.T.);
#6289=EDGE_CURVE('11:441',#7540,#7535,#7542,.F.);
#6290=FILL_AREA_STYLE('',(#7543));
#6291=EDGE_CURVE('11:1374',#7544,#7545,#7546,.T.);
#6292=EDGE_CURVE('58:16734',#7545,#7547,#7548,.T.);
#6293=EDGE_CURVE('11:1284',#7547,#7549,#7550,.T.);
#6294=EDGE_CURVE('58:16203',#7549,#7544,#7551,.T.);
#6295=FILL_AREA_STYLE('',(#7552));
#6296=EDGE_CURVE('11:1290',#7553,#7554,#7555,.T.);
#6297=EDGE_CURVE('21:19254',#7554,#7556,#7557,.T.);
#6298=EDGE_CURVE('11:1534',#7556,#7558,#7559,.T.);
#6299=EDGE_CURVE('21:19277',#7558,#7553,#7560,.T.);
#6300=FILL_AREA_STYLE('',(#7561));
#6301=EDGE_CURVE('14:6757',#7556,#7562,#7563,.F.);
#6302=EDGE_CURVE('11:1540',#7564,#7562,#7565,.T.);
#6303=EDGE_CURVE('11:1765',#7564,#7558,#7566,.F.);
#6304=FILL_AREA_STYLE('',(#7567));
#6305=EDGE_CURVE('14:6730',#7562,#7568,#7569,.T.);
#6306=EDGE_CURVE('11:1453',#7568,#7570,#7571,.T.);
#6307=EDGE_CURVE('11:1762',#7570,#7564,#7572,.T.);
#6308=FILL_AREA_STYLE('',(#7573));
#6309=EDGE_CURVE('14:6775',#7568,#7574,#7575,.F.);
#6310=EDGE_CURVE('11:1459',#7576,#7574,#7577,.T.);
#6311=EDGE_CURVE('11:1759',#7576,#7570,#7578,.F.);
#6312=FILL_AREA_STYLE('',(#7579));
#6313=EDGE_CURVE('21:19227',#7574,#7580,#7581,.T.);
#6314=EDGE_CURVE('11:1368',#7580,#7582,#7583,.T.);
#6315=EDGE_CURVE('21:19284',#7582,#7576,#7584,.T.);
#6316=FILL_AREA_STYLE('',(#7585));
#6317=EDGE_CURVE('14:6754',#7586,#7587,#7588,.T.);
#6318=EDGE_CURVE('14:6751',#7587,#7589,#7590,.T.);
#6319=EDGE_CURVE('58:16710',#7589,#7591,#7592,.T.);
#6320=EDGE_CURVE('58:16704',#7591,#7593,#7594,.T.);
#6321=EDGE_CURVE('58:16698',#7593,#7595,#7596,.T.);
#6322=EDGE_CURVE('58:16695',#7595,#7597,#7598,.T.);
#6323=EDGE_CURVE('58:12745',#7597,#7599,#7600,.T.);
#6324=EDGE_CURVE('14:6733',#7599,#7586,#7601,.T.);
#6325=EDGE_CURVE('8:41312',#7602,#7603,#7604,.T.);
#6326=EDGE_CURVE('79:4355',#7603,#7605,#7606,.T.);
#6327=EDGE_CURVE('21:19326',#7605,#7607,#7608,.T.);
#6328=EDGE_CURVE('79:4349',#7607,#7609,#7610,.T.);
#6329=EDGE_CURVE('8:41318',#7609,#7611,#7612,.T.);
#6330=EDGE_CURVE('79:4352',#7611,#7613,#7614,.T.);
#6331=EDGE_CURVE('21:19339',#7613,#7615,#7616,.T.);
#6332=EDGE_CURVE('79:4358',#7615,#7602,#7617,.T.);
#6333=FILL_AREA_STYLE('',(#7618));
#6334=EDGE_CURVE('13:22836',#7619,#7619,#7620,.F.);
#6335=FILL_AREA_STYLE('',(#7621));
#6336=EDGE_CURVE('13:22876',#7622,#7622,#7623,.F.);
#6337=FILL_AREA_STYLE('',(#7624));
#6338=EDGE_CURVE('13:22826',#7625,#7625,#7626,.F.);
#6339=FILL_AREA_STYLE('',(#7627));
#6340=EDGE_CURVE('13:22846',#7628,#7628,#7629,.F.);
#6341=FILL_AREA_STYLE('',(#7630));
#6342=EDGE_CURVE('13:22866',#7631,#7631,#7632,.F.);
#6343=FILL_AREA_STYLE('',(#7633));
#6344=EDGE_CURVE('13:22856',#7634,#7634,#7635,.F.);
#6345=FILL_AREA_STYLE('',(#7636));
#6346=EDGE_CURVE('8:41156',#7540,#7315,#7637,.F.);
#6347=EDGE_CURVE('8:41159',#7535,#7319,#7638,.F.);
#6348=FILL_AREA_STYLE('',(#7639));
#6349=EDGE_CURVE('8:41162',#7536,#7317,#7640,.F.);
#6350=FILL_AREA_STYLE('',(#7641));
#6351=EDGE_CURVE('8:41153',#7538,#7314,#7642,.F.);
#6352=FILL_AREA_STYLE('',(#7643));
#6353=FILL_AREA_STYLE('',(#7644));
#6354=EDGE_CURVE('8:41144',#7532,#7307,#7645,.F.);
#6355=EDGE_CURVE('8:41147',#7527,#7311,#7646,.F.);
#6356=FILL_AREA_STYLE('',(#7647));
#6357=EDGE_CURVE('8:41150',#7528,#7309,#7648,.F.);
#6358=FILL_AREA_STYLE('',(#7649));
#6359=EDGE_CURVE('8:41141',#7530,#7306,#7650,.F.);
#6360=FILL_AREA_STYLE('',(#7651));
#6361=FILL_AREA_STYLE('',(#7652));
#6362=EDGE_CURVE('8:41132',#7524,#7299,#7653,.F.);
#6363=EDGE_CURVE('8:41135',#7519,#7303,#7654,.F.);
#6364=FILL_AREA_STYLE('',(#7655));
#6365=EDGE_CURVE('8:41138',#7520,#7301,#7656,.F.);
#6366=FILL_AREA_STYLE('',(#7657));
#6367=EDGE_CURVE('8:41129',#7522,#7298,#7658,.F.);
#6368=FILL_AREA_STYLE('',(#7659));
#6369=FILL_AREA_STYLE('',(#7660));
#6370=EDGE_CURVE('8:41120',#7516,#7291,#7661,.F.);
#6371=EDGE_CURVE('8:41123',#7511,#7295,#7662,.F.);
#6372=FILL_AREA_STYLE('',(#7663));
#6373=EDGE_CURVE('8:41126',#7512,#7293,#7664,.F.);
#6374=FILL_AREA_STYLE('',(#7665));
#6375=EDGE_CURVE('8:41117',#7514,#7290,#7666,.F.);
#6376=FILL_AREA_STYLE('',(#7667));
#6377=FILL_AREA_STYLE('',(#7668));
#6378=EDGE_CURVE('8:41108',#7508,#7283,#7669,.F.);
#6379=EDGE_CURVE('8:41111',#7503,#7287,#7670,.F.);
#6380=FILL_AREA_STYLE('',(#7671));
#6381=EDGE_CURVE('8:41114',#7504,#7285,#7672,.F.);
#6382=FILL_AREA_STYLE('',(#7673));
#6383=EDGE_CURVE('8:41105',#7506,#7282,#7674,.F.);
#6384=FILL_AREA_STYLE('',(#7675));
#6385=FILL_AREA_STYLE('',(#7676));
#6386=EDGE_CURVE('8:41096',#7500,#7275,#7677,.F.);
#6387=EDGE_CURVE('8:41099',#7495,#7279,#7678,.F.);
#6388=FILL_AREA_STYLE('',(#7679));
#6389=EDGE_CURVE('8:41102',#7496,#7277,#7680,.F.);
#6390=FILL_AREA_STYLE('',(#7681));
#6391=EDGE_CURVE('8:41093',#7498,#7274,#7682,.F.);
#6392=FILL_AREA_STYLE('',(#7683));
#6393=FILL_AREA_STYLE('',(#7684));
#6394=FILL_AREA_STYLE('',(#7685));
#6395=EDGE_CURVE('13:22839',#7686,#7686,#7687,.F.);
#6396=FILL_AREA_STYLE('',(#7688));
#6397=EDGE_CURVE('13:22879',#7689,#7689,#7690,.F.);
#6398=FILL_AREA_STYLE('',(#7691));
#6399=EDGE_CURVE('13:22829',#7692,#7692,#7693,.F.);
#6400=FILL_AREA_STYLE('',(#7694));
#6401=EDGE_CURVE('13:22849',#7695,#7695,#7696,.F.);
#6402=FILL_AREA_STYLE('',(#7697));
#6403=EDGE_CURVE('13:22869',#7698,#7698,#7699,.F.);
#6404=FILL_AREA_STYLE('',(#7700));
#6405=FILL_AREA_STYLE('',(#7701));
#6406=EDGE_CURVE('13:63642',#7702,#7703,#7704,.F.);
#6407=EDGE_CURVE('12:2063',#7703,#7705,#7706,.T.);
#6408=EDGE_CURVE('13:222',#7705,#7707,#7708,.T.);
#6409=EDGE_CURVE('12:2407',#7707,#7702,#7709,.T.);
#6410=FILL_AREA_STYLE('',(#7710));
#6411=EDGE_CURVE('13:235',#7711,#7712,#7713,.T.);
#6412=EDGE_CURVE('79:4334',#7712,#7714,#7715,.F.);
#6413=EDGE_CURVE('13:251',#7714,#7716,#7717,.T.);
#6414=EDGE_CURVE('12:2720',#7716,#7718,#7719,.T.);
#6415=EDGE_CURVE('13:57238',#7718,#7720,#7721,.F.);
#6416=EDGE_CURVE('12:2710',#7720,#7711,#7722,.T.);
#6417=FILL_AREA_STYLE('',(#7723));
#6418=EDGE_CURVE('13:136',#7724,#7725,#7726,.T.);
#6419=EDGE_CURVE('79:4346',#7724,#7727,#7728,.F.);
#6420=EDGE_CURVE('13:119',#7729,#7727,#7730,.T.);
#6421=EDGE_CURVE('12:765',#7731,#7729,#7732,.F.);
#6422=EDGE_CURVE('39:27754',#7731,#7733,#7734,.F.);
#6423=EDGE_CURVE('12:755',#7725,#7733,#7735,.F.);
#6424=FILL_AREA_STYLE('',(#7736));
#6425=EDGE_CURVE('13:147',#7737,#7738,#7739,.T.);
#6426=EDGE_CURVE('79:4337',#7738,#7740,#7741,.F.);
#6427=EDGE_CURVE('13:163',#7740,#7742,#7743,.T.);
#6428=EDGE_CURVE('12:1033',#7742,#7744,#7745,.T.);
#6429=EDGE_CURVE('39:27745',#7744,#7746,#7747,.F.);
#6430=EDGE_CURVE('12:1023',#7746,#7737,#7748,.T.);
#6431=FILL_AREA_STYLE('',(#7749));
#6432=EDGE_CURVE('13:283',#7750,#7751,#7752,.T.);
#6433=EDGE_CURVE('79:4319',#7750,#7753,#7754,.F.);
#6434=EDGE_CURVE('13:267',#7755,#7753,#7756,.T.);
#6435=EDGE_CURVE('12:3031',#7757,#7755,#7758,.T.);
#6436=EDGE_CURVE('13:57229',#7757,#7759,#7760,.F.);
#6437=EDGE_CURVE('12:3020',#7751,#7759,#7761,.T.);
#6438=FILL_AREA_STYLE('',(#7762));
#6439=EDGE_CURVE('13:57244',#7336,#7744,#7763,.F.);
#6440=EDGE_CURVE('13:57250',#7746,#7334,#7764,.T.);
#6441=FILL_AREA_STYLE('',(#7765));
#6442=EDGE_CURVE('13:57256',#7344,#7731,#7766,.T.);
#6443=EDGE_CURVE('13:57253',#7733,#7342,#7767,.F.);
#6444=FILL_AREA_STYLE('',(#7768));
#6445=EDGE_CURVE('49:496',#7769,#7769,#7770,.T.);
#6446=EDGE_CURVE('49:290',#7771,#7771,#7772,.T.);
#6447=FILL_AREA_STYLE('',(#7773));
#6448=FILL_AREA_STYLE('',(#7774));
#6449=EDGE_CURVE('49:588',#7775,#7775,#7776,.T.);
#6450=EDGE_CURVE('49:318',#7777,#7777,#7778,.T.);
#6451=FILL_AREA_STYLE('',(#7779));
#6452=FILL_AREA_STYLE('',(#7780));
#6453=EDGE_CURVE('49:473',#7781,#7781,#7782,.T.);
#6454=FILL_AREA_STYLE('',(#7783));
#6455=FILL_AREA_STYLE('',(#7784));
#6456=EDGE_CURVE('49:565',#7785,#7785,#7786,.T.);
#6457=FILL_AREA_STYLE('',(#7787));
#6458=FILL_AREA_STYLE('',(#7788));
#6459=EDGE_CURVE('58:16728',#7547,#7554,#7789,.F.);
#6460=EDGE_CURVE('58:16197',#7553,#7549,#7790,.F.);
#6461=FILL_AREA_STYLE('',(#7791));
#6462=EDGE_CURVE('58:12766',#7580,#7545,#7792,.F.);
#6463=EDGE_CURVE('58:13296',#7544,#7582,#7793,.F.);
#6464=FILL_AREA_STYLE('',(#7794));
#6465=EDGE_CURVE('11:1687',#7478,#7558,#7795,.T.);
#6466=EDGE_CURVE('11:1705',#7564,#7480,#7796,.T.);
#6467=FILL_AREA_STYLE('',(#7797));
#6468=EDGE_CURVE('11:1714',#7570,#7482,#7798,.T.);
#6469=FILL_AREA_STYLE('',(#7799));
#6470=EDGE_CURVE('11:1696',#7576,#7484,#7800,.T.);
#6471=FILL_AREA_STYLE('',(#7801));
#6472=EDGE_CURVE('58:13212',#7582,#7486,#7802,.T.);
#6473=FILL_AREA_STYLE('',(#7803));
#6474=EDGE_CURVE('58:16149',#7488,#7544,#7804,.T.);
#6475=FILL_AREA_STYLE('',(#7805));
#6476=EDGE_CURVE('58:16131',#7490,#7549,#7806,.T.);
#6477=FILL_AREA_STYLE('',(#7807));
#6478=EDGE_CURVE('58:16113',#7477,#7553,#7808,.T.);
#6479=FILL_AREA_STYLE('',(#7809));
#6480=FILL_AREA_STYLE('',(#7810));
#6481=EDGE_CURVE('14:6682',#7556,#7589,#7811,.T.);
#6482=EDGE_CURVE('14:6664',#7587,#7562,#7812,.T.);
#6483=FILL_AREA_STYLE('',(#7813));
#6484=EDGE_CURVE('14:6658',#7586,#7568,#7814,.T.);
#6485=FILL_AREA_STYLE('',(#7815));
#6486=EDGE_CURVE('14:6673',#7599,#7574,#7816,.T.);
#6487=FILL_AREA_STYLE('',(#7817));
#6488=EDGE_CURVE('58:12682',#7597,#7580,#7818,.T.);
#6489=FILL_AREA_STYLE('',(#7819));
#6490=EDGE_CURVE('58:16680',#7545,#7595,#7820,.T.);
#6491=FILL_AREA_STYLE('',(#7821));
#6492=EDGE_CURVE('58:16662',#7547,#7593,#7822,.T.);
#6493=FILL_AREA_STYLE('',(#7823));
#6494=EDGE_CURVE('58:16644',#7554,#7591,#7824,.T.);
#6495=FILL_AREA_STYLE('',(#7825));
#6496=FILL_AREA_STYLE('',(#7826));
#6497=EDGE_CURVE('72:14895',#7827,#7827,#7828,.T.);
#6498=EDGE_CURVE('72:14829',#7829,#7829,#7830,.T.);
#6499=EDGE_CURVE('72:14763',#7831,#7831,#7832,.T.);
#6500=EDGE_CURVE('72:14697',#7833,#7833,#7834,.T.);
#6501=EDGE_CURVE('72:12598',#7835,#7836,#7837,.T.);
#6502=EDGE_CURVE('72:18863',#7836,#7838,#7839,.T.);
#6503=EDGE_CURVE('72:12592',#7838,#7840,#7841,.T.);
#6504=EDGE_CURVE('72:18700',#7840,#7842,#7843,.T.);
#6505=EDGE_CURVE('72:12610',#7842,#7844,#7845,.T.);
#6506=EDGE_CURVE('72:18616',#7844,#7846,#7847,.T.);
#6507=EDGE_CURVE('72:12604',#7846,#7848,#7849,.T.);
#6508=EDGE_CURVE('72:18782',#7848,#7835,#7850,.T.);
#6509=FILL_AREA_STYLE('',(#7851));
#6510=EDGE_CURVE('72:18703',#7842,#7381,#7852,.F.);
#6511=EDGE_CURVE('72:18613',#7382,#7844,#7853,.T.);
#6512=FILL_AREA_STYLE('',(#7854));
#6513=EDGE_CURVE('72:18779',#7392,#7848,#7855,.T.);
#6514=EDGE_CURVE('72:18619',#7846,#7394,#7856,.F.);
#6515=FILL_AREA_STYLE('',(#7857));
#6516=EDGE_CURVE('72:18860',#7388,#7836,#7858,.T.);
#6517=EDGE_CURVE('72:18785',#7835,#7390,#7859,.F.);
#6518=FILL_AREA_STYLE('',(#7860));
#6519=EDGE_CURVE('72:18866',#7838,#7386,#7861,.F.);
#6520=EDGE_CURVE('72:18697',#7384,#7840,#7862,.T.);
#6521=FILL_AREA_STYLE('',(#7863));
#6522=EDGE_CURVE('40:5741',#7864,#7864,#7865,.T.);
#6523=FILL_AREA_STYLE('',(#7866));
#6524=EDGE_CURVE('40:31906',#7867,#7867,#7868,.T.);
#6525=EDGE_CURVE('40:5768',#7869,#7869,#7870,.F.);
#6526=FILL_AREA_STYLE('',(#7871));
#6527=FILL_AREA_STYLE('',(#7872));
#6528=FILL_AREA_STYLE('',(#7873));
#6529=EDGE_CURVE('40:5836',#7874,#7874,#7875,.T.);
#6530=FILL_AREA_STYLE('',(#7876));
#6531=EDGE_CURVE('40:31932',#7877,#7877,#7878,.T.);
#6532=EDGE_CURVE('40:5863',#7879,#7879,#7880,.F.);
#6533=FILL_AREA_STYLE('',(#7881));
#6534=FILL_AREA_STYLE('',(#7882));
#6535=FILL_AREA_STYLE('',(#7883));
#6536=EDGE_CURVE('40:5931',#7884,#7884,#7885,.T.);
#6537=FILL_AREA_STYLE('',(#7886));
#6538=EDGE_CURVE('40:31854',#7887,#7887,#7888,.T.);
#6539=EDGE_CURVE('40:5958',#7889,#7889,#7890,.F.);
#6540=FILL_AREA_STYLE('',(#7891));
#6541=FILL_AREA_STYLE('',(#7892));
#6542=FILL_AREA_STYLE('',(#7893));
#6543=EDGE_CURVE('40:5646',#7894,#7894,#7895,.T.);
#6544=FILL_AREA_STYLE('',(#7896));
#6545=EDGE_CURVE('40:31880',#7897,#7897,#7898,.T.);
#6546=EDGE_CURVE('40:5673',#7899,#7899,#7900,.F.);
#6547=FILL_AREA_STYLE('',(#7901));
#6548=FILL_AREA_STYLE('',(#7902));
#6549=FILL_AREA_STYLE('',(#7903));
#6550=FILL_AREA_STYLE('',(#7904));
#6551=FILL_AREA_STYLE('',(#7905));
#6552=FILL_AREA_STYLE('',(#7906));
#6553=FILL_AREA_STYLE('',(#7907));
#6554=FILL_AREA_STYLE('',(#7908));
#6555=EDGE_CURVE('78:13402',#7464,#7472,#7909,.F.);
#6556=EDGE_CURVE('78:13408',#7470,#7455,#7910,.F.);
#6557=FILL_AREA_STYLE('',(#7911));
#6558=EDGE_CURVE('78:13426',#7449,#7474,#7912,.T.);
#6559=FILL_AREA_STYLE('',(#7913));
#6560=EDGE_CURVE('78:13435',#7469,#7457,#7914,.F.);
#6561=FILL_AREA_STYLE('',(#7915));
#6562=FILL_AREA_STYLE('',(#7916));
#6563=EDGE_CURVE('79:4325',#7753,#7607,#7917,.F.);
#6564=EDGE_CURVE('79:4316',#7609,#7750,#7918,.T.);
#6565=FILL_AREA_STYLE('',(#7919));
#6566=EDGE_CURVE('79:4313',#7714,#7611,#7920,.F.);
#6567=EDGE_CURVE('79:4331',#7613,#7712,#7921,.T.);
#6568=FILL_AREA_STYLE('',(#7922));
#6569=EDGE_CURVE('79:4343',#7740,#7603,#7923,.F.);
#6570=EDGE_CURVE('79:4322',#7605,#7738,#7924,.T.);
#6571=FILL_AREA_STYLE('',(#7925));
#6572=EDGE_CURVE('79:4328',#7727,#7615,#7926,.F.);
#6573=EDGE_CURVE('79:4340',#7602,#7724,#7927,.T.);
#6574=FILL_AREA_STYLE('',(#7928));
#6575=EDGE_CURVE('12:3002',#7364,#7751,#7929,.T.);
#6576=EDGE_CURVE('12:2695',#7362,#7716,#7930,.T.);
#6577=FILL_AREA_STYLE('',(#7931));
#6578=EDGE_CURVE('13:57235',#7360,#7718,#7932,.T.);
#6579=FILL_AREA_STYLE('',(#7933));
#6580=EDGE_CURVE('13:57241',#7720,#7358,#7934,.F.);
#6581=EDGE_CURVE('12:2692',#7356,#7711,#7935,.T.);
#6582=FILL_AREA_STYLE('',(#7936));
#6583=EDGE_CURVE('12:3005',#7370,#7755,#7937,.T.);
#6584=EDGE_CURVE('13:57226',#7368,#7757,#7938,.T.);
#6585=FILL_AREA_STYLE('',(#7939));
#6586=EDGE_CURVE('13:57232',#7759,#7366,#7940,.F.);
#6587=FILL_AREA_STYLE('',(#7941));
#6588=FILL_AREA_STYLE('',(#7942));
#6589=FILL_AREA_STYLE('',(#7943));
#6590=EDGE_CURVE('12:2388',#7354,#7707,#7944,.T.);
#6591=EDGE_CURVE('13:63651',#7352,#7702,#7945,.T.);
#6592=FILL_AREA_STYLE('',(#7946));
#6593=EDGE_CURVE('13:63648',#7703,#7350,#7947,.F.);
#6594=EDGE_CURVE('12:2038',#7348,#7705,#7948,.T.);
#6595=FILL_AREA_STYLE('',(#7949));
#6596=EDGE_CURVE('12:1697',#7372,#7418,#7950,.T.);
#6597=FILL_AREA_STYLE('',(#7951));
#6598=EDGE_CURVE('12:1348',#7329,#7414,#7952,.T.);
#6599=FILL_AREA_STYLE('',(#7953));
#6600=EDGE_CURVE('12:745',#7729,#7346,#7954,.F.);
#6601=FILL_AREA_STYLE('',(#7955));
#6602=FILL_AREA_STYLE('',(#7956));
#6603=EDGE_CURVE('12:1005',#7332,#7737,#7957,.T.);
#6604=FILL_AREA_STYLE('',(#7958));
#6605=FILL_AREA_STYLE('',(#7959));
#6606=EDGE_CURVE('12:742',#7725,#7340,#7960,.F.);
#6607=EDGE_CURVE('12:1008',#7338,#7742,#7961,.T.);
#6608=FILL_AREA_STYLE('',(#7962));
#6609=FILL_AREA_STYLE('',(#7963));
#6610=FILL_AREA_STYLE('',(#7964));
#6611=FILL_AREA_STYLE_COLOUR('',#7965);
#6612=VERTEX_POINT('',#7966);
#6613=VERTEX_POINT('',#7967);
#6614=LINE('',#7968,#7969);
#6615=VERTEX_POINT('',#7970);
#6616=B_SPLINE_CURVE_WITH_KNOTS('',3,(#7971,#7972,#7973,#7974,#7975,#7976,#7977,#7978,#7979,#7980),.UNSPECIFIED.,.F.,.F.,(4,2,2,2,4),(0.0,0.25,0.5,0.75,1.0),.UNSPECIFIED.);
#6617=VERTEX_POINT('',#7981);
#6618=LINE('',#7982,#7983);
#6619=B_SPLINE_CURVE_WITH_KNOTS('',2,(#7984,#7985,#7986,#7987,#7988,#7989,#7990,#7991,#7992,#7993,#7994,#7995,#7996,#7997,#7998,#7999,#8000,#8001,#8002,#8003,#8004,#8005,#8006,#8007,#8008,#8009,#8010,#8011,#8012,#8013,#8014,#8015,#8016,#8017,#8018,#8019,#8020,#8021,#8022,#8023,#8024,#8025,#8026,#8027,#8028,#8029,#8030,#8031,#8032,#8033,#8034,#8035,#8036,#8037,#8038,#8039,#8040,#8041,#8042,#8043,#8044,#8045,#8046),.UNSPECIFIED.,.F.,.F.,(3,2,2,2,2,2,2,2,2,2,2,2,2,2,2,2,2,2,2,2,2,2,2,2,2,2,2,2,2,2,2,3),(1.77123216093853E-08,0.0625000166053015,0.0937500160517915,0.125000015498281,0.156250014944771,0.187500014391261,0.218750013837751,0.250000013284241,0.281250012730731,0.312500012177221,0.343750011623711,0.375000011070201,0.406250010516691,0.437500009963181,0.468750009409671,0.500000008856161,0.531250008302651,0.562500007749141,0.593750007195631,0.625000006642121,0.656250006088611,0.6875000055351,0.71875000498159,0.75000000442808,0.78125000387457,0.81250000332106,0.84375000276755,0.87500000221404,0.90625000166053,0.93750000110702,0.96875000055351,1.0),.UNSPECIFIED.);
#6620=FILL_AREA_STYLE_COLOUR('',#8047);
#6621=VERTEX_POINT('',#8048);
#6622=VERTEX_POINT('',#8049);
#6623=LINE('',#8050,#8051);
#6624=VERTEX_POINT('',#8052);
#6625=B_SPLINE_CURVE_WITH_KNOTS('',3,(#8053,#8054,#8055,#8056,#8057,#8058,#8059,#8060,#8061,#8062),.UNSPECIFIED.,.F.,.F.,(4,2,2,2,4),(0.0,0.25,0.5,0.75,1.0),.UNSPECIFIED.);
#6626=VERTEX_POINT('',#8063);
#6627=LINE('',#8064,#8065);
#6628=B_SPLINE_CURVE_WITH_KNOTS('',2,(#8066,#8067,#8068,#8069,#8070,#8071,#8072,#8073,#8074,#8075,#8076,#8077,#8078,#8079,#8080,#8081,#8082,#8083,#8084,#8085,#8086,#8087,#8088,#8089,#8090,#8091,#8092,#8093,#8094,#8095,#8096,#8097,#8098,#8099,#8100,#8101,#8102,#8103,#8104,#8105,#8106,#8107,#8108,#8109,#8110,#8111,#8112,#8113,#8114,#8115,#8116,#8117,#8118,#8119,#8120,#8121,#8122,#8123,#8124,#8125,#8126,#8127,#8128,#8129,#8130),.UNSPECIFIED.,.F.,.F.,(3,2,2,2,2,2,2,2,2,2,2,2,2,2,2,2,2,2,2,2,2,2,2,2,2,2,2,2,2,2,2,2,3),(0.0,0.0208333333333333,0.0625,0.09375,0.125,0.15625,0.1875,0.21875,0.25,0.28125,0.3125,0.34375,0.375,0.40625,0.4375,0.46875,0.5,0.53125,0.5625,0.59375,0.625,0.65625,0.6875,0.71875,0.75,0.78125,0.8125,0.84375,0.875,0.90625,0.9375,0.96875,1.0),.UNSPECIFIED.);
#6629=FILL_AREA_STYLE_COLOUR('',#8131);
#6630=VERTEX_POINT('',#8132);
#6631=VERTEX_POINT('',#8133);
#6632=B_SPLINE_CURVE_WITH_KNOTS('',2,(#8134,#8135,#8136,#8137,#8138,#8139,#8140,#8141,#8142,#8143,#8144,#8145,#8146,#8147,#8148,#8149,#8150,#8151,#8152,#8153,#8154,#8155,#8156,#8157,#8158,#8159,#8160,#8161,#8162,#8163,#8164,#8165,#8166,#8167,#8168,#8169,#8170,#8171,#8172,#8173,#8174,#8175,#8176,#8177,#8178,#8179,#8180,#8181,#8182,#8183,#8184,#8185,#8186,#8187,#8188,#8189,#8190,#8191,#8192,#8193,#8194,#8195,#8196,#8197,#8198),.UNSPECIFIED.,.F.,.F.,(3,2,2,2,2,2,2,2,2,2,2,2,2,2,2,2,2,2,2,2,2,2,2,2,2,2,2,2,2,2,2,2,3),(0.0,0.0625,0.09375,0.125,0.15625,0.1875,0.21875,0.25,0.28125,0.3125,0.34375,0.375,0.40625,0.4375,0.46875,0.5,0.53125,0.5625,0.59375,0.625,0.65625,0.6875,0.71875,0.75,0.78125,0.8125,0.84375,0.875,0.90625,0.9375,0.96875,0.986607142857143,1.0),.UNSPECIFIED.);
#6633=VERTEX_POINT('',#8199);
#6634=B_SPLINE_CURVE_WITH_KNOTS('',2,(#8200,#8201,#8202,#8203,#8204,#8205,#8206,#8207,#8208,#8209,#8210,#8211,#8212,#8213,#8214,#8215,#8216,#8217,#8218,#8219,#8220,#8221,#8222,#8223,#8224,#8225,#8226,#8227,#8228,#8229,#8230,#8231,#8232,#8233,#8234,#8235,#8236,#8237,#8238,#8239,#8240,#8241,#8242,#8243,#8244,#8245,#8246,#8247,#8248,#8249,#8250,#8251,#8252,#8253,#8254,#8255,#8256,#8257,#8258,#8259,#8260,#8261,#8262,#8263,#8264),.UNSPECIFIED.,.F.,.F.,(3,2,2,2,2,2,2,2,2,2,2,2,2,2,2,2,2,2,2,2,2,2,2,2,2,2,2,2,2,2,2,2,3),(0.0,0.0208333333333333,0.0625,0.09375,0.125,0.15625,0.1875,0.21875,0.25,0.28125,0.3125,0.34375,0.375,0.40625,0.4375,0.46875,0.5,0.53125,0.5625,0.59375,0.625,0.65625,0.6875,0.71875,0.75,0.78125,0.8125,0.84375,0.875,0.90625,0.9375,0.96875,1.0),.UNSPECIFIED.);
#6635=VERTEX_POINT('',#8265);
#6636=B_SPLINE_CURVE_WITH_KNOTS('',2,(#8266,#8267,#8268,#8269,#8270,#8271,#8272,#8273,#8274,#8275,#8276,#8277,#8278,#8279,#8280,#8281,#8282,#8283,#8284,#8285,#8286,#8287,#8288,#8289,#8290,#8291,#8292,#8293,#8294,#8295,#8296,#8297,#8298,#8299,#8300,#8301,#8302,#8303,#8304,#8305,#8306,#8307,#8308,#8309,#8310,#8311,#8312,#8313,#8314,#8315,#8316,#8317,#8318,#8319,#8320,#8321,#8322,#8323,#8324,#8325,#8326,#8327,#8328,#8329,#8330),.UNSPECIFIED.,.F.,.F.,(3,2,2,2,2,2,2,2,2,2,2,2,2,2,2,2,2,2,2,2,2,2,2,2,2,2,2,2,2,2,2,2,3),(0.0,0.0625,0.09375,0.125,0.15625,0.1875,0.21875,0.25,0.28125,0.3125,0.34375,0.375,0.40625,0.4375,0.46875,0.5,0.53125,0.5625,0.59375,0.625,0.65625,0.6875,0.71875,0.75,0.78125,0.8125,0.84375,0.875,0.90625,0.9375,0.96875,0.986607142857143,1.0),.UNSPECIFIED.);
#6637=B_SPLINE_CURVE_WITH_KNOTS('',2,(#8331,#8332,#8333,#8334,#8335,#8336,#8337,#8338,#8339,#8340,#8341,#8342,#8343,#8344,#8345,#8346,#8347,#8348,#8349,#8350,#8351,#8352,#8353,#8354,#8355,#8356,#8357,#8358,#8359,#8360,#8361,#8362,#8363,#8364,#8365,#8366,#8367,#8368,#8369,#8370,#8371,#8372,#8373,#8374,#8375,#8376,#8377,#8378,#8379,#8380,#8381,#8382,#8383,#8384,#8385,#8386,#8387,#8388,#8389,#8390,#8391,#8392,#8393),.UNSPECIFIED.,.F.,.F.,(3,2,2,2,2,2,2,2,2,2,2,2,2,2,2,2,2,2,2,2,2,2,2,2,2,2,2,2,2,2,2,3),(0.0,0.0625,0.09375,0.125,0.15625,0.1875,0.21875,0.25,0.28125,0.3125,0.34375,0.375,0.40625,0.4375,0.46875,0.5,0.53125,0.5625,0.59375,0.625,0.65625,0.6875,0.71875,0.75,0.78125,0.8125,0.84375,0.875,0.90625,0.9375,0.96875,1.0),.UNSPECIFIED.);
#6638=FILL_AREA_STYLE_COLOUR('',#8394);
#6639=VERTEX_POINT('',#8395);
#6640=LINE('',#8396,#8397);
#6641=VERTEX_POINT('',#8398);
#6642=B_SPLINE_CURVE_WITH_KNOTS('',3,(#8399,#8400,#8401,#8402,#8403,#8404,#8405,#8406,#8407,#8408),.UNSPECIFIED.,.F.,.F.,(4,2,2,2,4),(0.0,0.25,0.5,0.75,1.0),.UNSPECIFIED.);
#6643=LINE('',#8409,#8410);
#6644=FILL_AREA_STYLE_COLOUR('',#8411);
#6645=VERTEX_POINT('',#8412);
#6646=VERTEX_POINT('',#8413);
#6647=LINE('',#8414,#8415);
#6648=VERTEX_POINT('',#8416);
#6649=B_SPLINE_CURVE_WITH_KNOTS('',3,(#8417,#8418,#8419,#8420,#8421,#8422,#8423,#8424,#8425,#8426),.UNSPECIFIED.,.F.,.F.,(4,2,2,2,4),(0.0,0.25,0.5,0.75,1.0),.UNSPECIFIED.);
#6650=VERTEX_POINT('',#8427);
#6651=LINE('',#8428,#8429);
#6652=B_SPLINE_CURVE_WITH_KNOTS('',2,(#8430,#8431,#8432,#8433,#8434,#8435,#8436,#8437,#8438,#8439,#8440,#8441,#8442,#8443,#8444,#8445,#8446,#8447,#8448,#8449,#8450,#8451,#8452,#8453,#8454,#8455,#8456,#8457,#8458,#8459,#8460,#8461,#8462,#8463,#8464,#8465,#8466,#8467,#8468,#8469,#8470,#8471,#8472,#8473,#8474,#8475,#8476,#8477,#8478,#8479,#8480,#8481,#8482,#8483,#8484,#8485,#8486,#8487,#8488,#8489,#8490,#8491,#8492,#8493,#8494),.UNSPECIFIED.,.F.,.F.,(3,2,2,2,2,2,2,2,2,2,2,2,2,2,2,2,2,2,2,2,2,2,2,2,2,2,2,2,2,2,2,2,3),(0.0,0.0625,0.09375,0.125,0.15625,0.1875,0.21875,0.25,0.28125,0.3125,0.34375,0.375,0.40625,0.4375,0.46875,0.5,0.53125,0.5625,0.59375,0.625,0.65625,0.6875,0.71875,0.75,0.78125,0.8125,0.84375,0.875,0.90625,0.9375,0.96875,0.986607142857143,1.0),.UNSPECIFIED.);
#6653=FILL_AREA_STYLE_COLOUR('',#8495);
#6654=VERTEX_POINT('',#8496);
#6655=VERTEX_POINT('',#8497);
#6656=LINE('',#8498,#8499);
#6657=VERTEX_POINT('',#8500);
#6658=B_SPLINE_CURVE_WITH_KNOTS('',3,(#8501,#8502,#8503,#8504,#8505,#8506,#8507,#8508,#8509,#8510),.UNSPECIFIED.,.F.,.F.,(4,2,2,2,4),(0.0,0.25,0.5,0.75,1.0),.UNSPECIFIED.);
#6659=VERTEX_POINT('',#8511);
#6660=LINE('',#8512,#8513);
#6661=B_SPLINE_CURVE_WITH_KNOTS('',2,(#8514,#8515,#8516,#8517,#8518,#8519,#8520,#8521,#8522,#8523,#8524,#8525,#8526,#8527,#8528,#8529,#8530,#8531,#8532,#8533,#8534,#8535,#8536,#8537,#8538,#8539,#8540,#8541,#8542,#8543,#8544,#8545,#8546,#8547,#8548,#8549,#8550,#8551,#8552,#8553,#8554,#8555,#8556,#8557,#8558,#8559,#8560,#8561,#8562,#8563,#8564,#8565,#8566,#8567,#8568,#8569,#8570,#8571,#8572,#8573,#8574,#8575,#8576,#8577,#8578),.UNSPECIFIED.,.F.,.F.,(3,2,2,2,2,2,2,2,2,2,2,2,2,2,2,2,2,2,2,2,2,2,2,2,2,2,2,2,2,2,2,2,3),(0.0,0.0625,0.09375,0.125,0.15625,0.1875,0.21875,0.25,0.28125,0.3125,0.34375,0.375,0.40625,0.4375,0.46875,0.5,0.53125,0.5625,0.59375,0.625,0.65625,0.6875,0.71875,0.75,0.78125,0.8125,0.84375,0.875,0.90625,0.9375,0.96875,0.986607142857143,1.0),.UNSPECIFIED.);
#6662=FILL_AREA_STYLE_COLOUR('',#8579);
#6663=VERTEX_POINT('',#8580);
#6664=VERTEX_POINT('',#8581);
#6665=LINE('',#8582,#8583);
#6666=VERTEX_POINT('',#8584);
#6667=B_SPLINE_CURVE_WITH_KNOTS('',3,(#8585,#8586,#8587,#8588,#8589,#8590,#8591,#8592,#8593,#8594),.UNSPECIFIED.,.F.,.F.,(4,2,2,2,4),(0.0,0.25,0.5,0.75,1.0),.UNSPECIFIED.);
#6668=VERTEX_POINT('',#8595);
#6669=LINE('',#8596,#8597);
#6670=B_SPLINE_CURVE_WITH_KNOTS('',2,(#8598,#8599,#8600,#8601,#8602,#8603,#8604,#8605,#8606,#8607,#8608,#8609,#8610,#8611,#8612,#8613,#8614,#8615,#8616,#8617,#8618,#8619,#8620,#8621,#8622,#8623,#8624,#8625,#8626,#8627,#8628,#8629,#8630,#8631,#8632,#8633,#8634,#8635,#8636,#8637,#8638,#8639,#8640,#8641,#8642,#8643,#8644,#8645,#8646,#8647,#8648,#8649,#8650,#8651,#8652,#8653,#8654,#8655,#8656,#8657,#8658,#8659,#8660,#8661,#8662),.UNSPECIFIED.,.F.,.F.,(3,2,2,2,2,2,2,2,2,2,2,2,2,2,2,2,2,2,2,2,2,2,2,2,2,2,2,2,2,2,2,2,3),(0.0,0.0625,0.09375,0.125,0.15625,0.1875,0.21875,0.25,0.28125,0.3125,0.34375,0.375,0.40625,0.4375,0.46875,0.5,0.53125,0.5625,0.59375,0.625,0.65625,0.6875,0.71875,0.75,0.78125,0.8125,0.84375,0.875,0.90625,0.9375,0.96875,0.986607142857143,1.0),.UNSPECIFIED.);
#6671=FILL_AREA_STYLE_COLOUR('',#8663);
#6672=VERTEX_POINT('',#8664);
#6673=VERTEX_POINT('',#8665);
#6674=LINE('',#8666,#8667);
#6675=VERTEX_POINT('',#8668);
#6676=B_SPLINE_CURVE_WITH_KNOTS('',3,(#8669,#8670,#8671,#8672,#8673,#8674,#8675,#8676,#8677,#8678),.UNSPECIFIED.,.F.,.F.,(4,2,2,2,4),(0.0,0.25,0.5,0.75,1.0),.UNSPECIFIED.);
#6677=VERTEX_POINT('',#8679);
#6678=LINE('',#8680,#8681);
#6679=B_SPLINE_CURVE_WITH_KNOTS('',2,(#8682,#8683,#8684,#8685,#8686,#8687,#8688,#8689,#8690,#8691,#8692,#8693,#8694,#8695,#8696,#8697,#8698,#8699,#8700,#8701,#8702,#8703,#8704,#8705,#8706,#8707,#8708,#8709,#8710,#8711,#8712,#8713,#8714,#8715,#8716,#8717,#8718,#8719,#8720,#8721,#8722,#8723,#8724,#8725,#8726,#8727,#8728,#8729,#8730,#8731,#8732,#8733,#8734,#8735,#8736,#8737,#8738,#8739,#8740,#8741,#8742,#8743,#8744,#8745,#8746),.UNSPECIFIED.,.F.,.F.,(3,2,2,2,2,2,2,2,2,2,2,2,2,2,2,2,2,2,2,2,2,2,2,2,2,2,2,2,2,2,2,2,3),(0.0,0.0625,0.09375,0.125,0.15625,0.1875,0.21875,0.25,0.28125,0.3125,0.34375,0.375,0.40625,0.4375,0.46875,0.5,0.53125,0.5625,0.59375,0.625,0.65625,0.6875,0.71875,0.75,0.78125,0.8125,0.84375,0.875,0.90625,0.9375,0.96875,0.986607142857143,1.0),.UNSPECIFIED.);
#6680=FILL_AREA_STYLE_COLOUR('',#8747);
#6681=B_SPLINE_CURVE_WITH_KNOTS('',3,(#8748,#8749,#8750,#8751,#8752,#8753,#8754,#8755,#8756,#8757),.UNSPECIFIED.,.F.,.F.,(4,2,2,2,4),(0.0,0.25,0.5,0.75,1.0),.UNSPECIFIED.);
#6682=B_SPLINE_CURVE_WITH_KNOTS('',2,(#8758,#8759,#8760,#8761,#8762,#8763,#8764,#8765,#8766,#8767,#8768,#8769,#8770,#8771,#8772,#8773,#8774,#8775,#8776,#8777,#8778,#8779,#8780,#8781,#8782,#8783,#8784,#8785,#8786,#8787,#8788,#8789,#8790,#8791,#8792,#8793,#8794,#8795,#8796,#8797,#8798,#8799,#8800,#8801,#8802,#8803,#8804,#8805,#8806,#8807,#8808,#8809,#8810,#8811,#8812,#8813,#8814,#8815,#8816,#8817,#8818,#8819,#8820),.UNSPECIFIED.,.F.,.F.,(3,2,2,2,2,2,2,2,2,2,2,2,2,2,2,2,2,2,2,2,2,2,2,2,2,2,2,2,2,2,2,3),(0.0,0.0625,0.09375,0.125,0.15625,0.1875,0.21875,0.25,0.28125,0.3125,0.34375,0.375,0.40625,0.4375,0.46875,0.5,0.53125,0.5625,0.59375,0.625,0.65625,0.6875,0.71875,0.75,0.78125,0.8125,0.84375,0.875,0.90625,0.9375,0.96875,1.0),.UNSPECIFIED.);
#6683=FILL_AREA_STYLE_COLOUR('',#8821);
#6684=VERTEX_POINT('',#8822);
#6685=VERTEX_POINT('',#8823);
#6686=LINE('',#8824,#8825);
#6687=VERTEX_POINT('',#8826);
#6688=LINE('',#8827,#8828);
#6689=VERTEX_POINT('',#8829);
#6690=LINE('',#8830,#8831);
#6691=LINE('',#8832,#8833);
#6692=FILL_AREA_STYLE_COLOUR('',#8834);
#6693=VERTEX_POINT('',#8835);
#6694=VERTEX_POINT('',#8836);
#6695=LINE('',#8837,#8838);
#6696=VERTEX_POINT('',#8839);
#6697=LINE('',#8840,#8841);
#6698=VERTEX_POINT('',#8842);
#6699=LINE('',#8843,#8844);
#6700=LINE('',#8845,#8846);
#6701=FILL_AREA_STYLE_COLOUR('',#8847);
#6702=VERTEX_POINT('',#8848);
#6703=VERTEX_POINT('',#8849);
#6704=LINE('',#8850,#8851);
#6705=VERTEX_POINT('',#8852);
#6706=LINE('',#8853,#8854);
#6707=VERTEX_POINT('',#8855);
#6708=LINE('',#8856,#8857);
#6709=LINE('',#8858,#8859);
#6710=FILL_AREA_STYLE_COLOUR('',#8860);
#6711=VERTEX_POINT('',#8861);
#6712=VERTEX_POINT('',#8862);
#6713=LINE('',#8863,#8864);
#6714=VERTEX_POINT('',#8865);
#6715=LINE('',#8866,#8867);
#6716=VERTEX_POINT('',#8868);
#6717=LINE('',#8869,#8870);
#6718=LINE('',#8871,#8872);
#6719=FILL_AREA_STYLE_COLOUR('',#8873);
#6720=VERTEX_POINT('',#8874);
#6721=VERTEX_POINT('',#8875);
#6722=CIRCLE('',#8876,0.0032);
#6723=VERTEX_POINT('',#8877);
#6724=LINE('',#8878,#8879);
#6725=VERTEX_POINT('',#8880);
#6726=CIRCLE('',#8881,0.0032);
#6727=LINE('',#8882,#8883);
#6728=FILL_AREA_STYLE_COLOUR('',#8884);
#6729=VERTEX_POINT('',#8885);
#6730=VERTEX_POINT('',#8886);
#6731=CIRCLE('',#8887,0.0032);
#6732=VERTEX_POINT('',#8888);
#6733=LINE('',#8889,#8890);
#6734=VERTEX_POINT('',#8891);
#6735=CIRCLE('',#8892,0.0032);
#6736=LINE('',#8893,#8894);
#6737=FILL_AREA_STYLE_COLOUR('',#8895);
#6738=VERTEX_POINT('',#8896);
#6739=VERTEX_POINT('',#8897);
#6740=CIRCLE('',#8898,0.0032);
#6741=VERTEX_POINT('',#8899);
#6742=LINE('',#8900,#8901);
#6743=VERTEX_POINT('',#8902);
#6744=CIRCLE('',#8903,0.0032);
#6745=LINE('',#8904,#8905);
#6746=FILL_AREA_STYLE_COLOUR('',#8906);
#6747=VERTEX_POINT('',#8907);
#6748=VERTEX_POINT('',#8908);
#6749=CIRCLE('',#8909,0.0032);
#6750=VERTEX_POINT('',#8910);
#6751=LINE('',#8911,#8912);
#6752=VERTEX_POINT('',#8913);
#6753=CIRCLE('',#8914,0.0032);
#6754=LINE('',#8915,#8916);
#6755=FILL_AREA_STYLE_COLOUR('',#8917);
#6756=VERTEX_POINT('',#8918);
#6757=VERTEX_POINT('',#8919);
#6758=LINE('',#8920,#8921);
#6759=VERTEX_POINT('',#8922);
#6760=LINE('',#8923,#8924);
#6761=VERTEX_POINT('',#8925);
#6762=LINE('',#8926,#8927);
#6763=VERTEX_POINT('',#8928);
#6764=LINE('',#8929,#8930);
#6765=VERTEX_POINT('',#8931);
#6766=LINE('',#8932,#8933);
#6767=LINE('',#8934,#8935);
#6768=FILL_AREA_STYLE_COLOUR('',#8936);
#6769=VERTEX_POINT('',#8937);
#6770=VERTEX_POINT('',#8938);
#6771=LINE('',#8939,#8940);
#6772=VERTEX_POINT('',#8941);
#6773=LINE('',#8942,#8943);
#6774=VERTEX_POINT('',#8944);
#6775=LINE('',#8945,#8946);
#6776=VERTEX_POINT('',#8947);
#6777=LINE('',#8948,#8949);
#6778=VERTEX_POINT('',#8950);
#6779=LINE('',#8951,#8952);
#6780=LINE('',#8953,#8954);
#6781=FILL_AREA_STYLE_COLOUR('',#8955);
#6782=VERTEX_POINT('',#8956);
#6783=VERTEX_POINT('',#8957);
#6784=LINE('',#8958,#8959);
#6785=VERTEX_POINT('',#8960);
#6786=LINE('',#8961,#8962);
#6787=VERTEX_POINT('',#8963);
#6788=LINE('',#8964,#8965);
#6789=VERTEX_POINT('',#8966);
#6790=LINE('',#8967,#8968);
#6791=VERTEX_POINT('',#8969);
#6792=LINE('',#8970,#8971);
#6793=LINE('',#8972,#8973);
#6794=FILL_AREA_STYLE_COLOUR('',#8974);
#6795=VERTEX_POINT('',#8975);
#6796=VERTEX_POINT('',#8976);
#6797=LINE('',#8977,#8978);
#6798=VERTEX_POINT('',#8979);
#6799=LINE('',#8980,#8981);
#6800=VERTEX_POINT('',#8982);
#6801=LINE('',#8983,#8984);
#6802=VERTEX_POINT('',#8985);
#6803=LINE('',#8986,#8987);
#6804=VERTEX_POINT('',#8988);
#6805=LINE('',#8989,#8990);
#6806=LINE('',#8991,#8992);
#6807=FILL_AREA_STYLE_COLOUR('',#8993);
#6808=VERTEX_POINT('',#8994);
#6809=VERTEX_POINT('',#8995);
#6810=LINE('',#8996,#8997);
#6811=VERTEX_POINT('',#8998);
#6812=LINE('',#8999,#9000);
#6813=VERTEX_POINT('',#9001);
#6814=LINE('',#9002,#9003);
#6815=VERTEX_POINT('',#9004);
#6816=LINE('',#9005,#9006);
#6817=VERTEX_POINT('',#9007);
#6818=LINE('',#9008,#9009);
#6819=LINE('',#9010,#9011);
#6820=FILL_AREA_STYLE_COLOUR('',#9012);
#6821=VERTEX_POINT('',#9013);
#6822=VERTEX_POINT('',#9014);
#6823=LINE('',#9015,#9016);
#6824=VERTEX_POINT('',#9017);
#6825=LINE('',#9018,#9019);
#6826=VERTEX_POINT('',#9020);
#6827=LINE('',#9021,#9022);
#6828=VERTEX_POINT('',#9023);
#6829=LINE('',#9024,#9025);
#6830=VERTEX_POINT('',#9026);
#6831=LINE('',#9027,#9028);
#6832=LINE('',#9029,#9030);
#6833=FILL_AREA_STYLE_COLOUR('',#9031);
#6834=VERTEX_POINT('',#9032);
#6835=VERTEX_POINT('',#9033);
#6836=LINE('',#9034,#9035);
#6837=VERTEX_POINT('',#9036);
#6838=LINE('',#9037,#9038);
#6839=VERTEX_POINT('',#9039);
#6840=LINE('',#9040,#9041);
#6841=VERTEX_POINT('',#9042);
#6842=LINE('',#9043,#9044);
#6843=VERTEX_POINT('',#9045);
#6844=LINE('',#9046,#9047);
#6845=LINE('',#9048,#9049);
#6846=FILL_AREA_STYLE_COLOUR('',#9050);
#6847=VERTEX_POINT('',#9051);
#6848=VERTEX_POINT('',#9052);
#6849=LINE('',#9053,#9054);
#6850=VERTEX_POINT('',#9055);
#6851=LINE('',#9056,#9057);
#6852=VERTEX_POINT('',#9058);
#6853=LINE('',#9059,#9060);
#6854=VERTEX_POINT('',#9061);
#6855=LINE('',#9062,#9063);
#6856=VERTEX_POINT('',#9064);
#6857=LINE('',#9065,#9066);
#6858=LINE('',#9067,#9068);
#6859=FILL_AREA_STYLE_COLOUR('',#9069);
#6860=VERTEX_POINT('',#9070);
#6861=VERTEX_POINT('',#9071);
#6862=CIRCLE('',#9072,0.002);
#6863=VERTEX_POINT('',#9073);
#6864=LINE('',#9074,#9075);
#6865=VERTEX_POINT('',#9076);
#6866=CIRCLE('',#9077,0.002);
#6867=LINE('',#9078,#9079);
#6868=FILL_AREA_STYLE_COLOUR('',#9080);
#6869=VERTEX_POINT('',#9081);
#6870=CIRCLE('',#9082,0.002);
#6871=VERTEX_POINT('',#9083);
#6872=LINE('',#9084,#9085);
#6873=CIRCLE('',#9086,0.002);
#6874=FILL_AREA_STYLE_COLOUR('',#9087);
#6875=VERTEX_POINT('',#9088);
#6876=CIRCLE('',#9089,0.002);
#6877=VERTEX_POINT('',#9090);
#6878=LINE('',#9091,#9092);
#6879=CIRCLE('',#9093,0.002);
#6880=FILL_AREA_STYLE_COLOUR('',#9094);
#6881=VERTEX_POINT('',#9095);
#6882=VERTEX_POINT('',#9096);
#6883=CIRCLE('',#9097,0.002);
#6884=VERTEX_POINT('',#9098);
#6885=LINE('',#9099,#9100);
#6886=VERTEX_POINT('',#9101);
#6887=CIRCLE('',#9102,0.002);
#6888=LINE('',#9103,#9104);
#6889=FILL_AREA_STYLE_COLOUR('',#9105);
#6890=LINE('',#9106,#9107);
#6891=LINE('',#9108,#9109);
#6892=LINE('',#9110,#9111);
#6893=VERTEX_POINT('',#9112);
#6894=LINE('',#9113,#9114);
#6895=VERTEX_POINT('',#9115);
#6896=LINE('',#9116,#9117);
#6897=LINE('',#9118,#9119);
#6898=LINE('',#9120,#9121);
#6899=VERTEX_POINT('',#9122);
#6900=LINE('',#9123,#9124);
#6901=VERTEX_POINT('',#9125);
#6902=LINE('',#9126,#9127);
#6903=VERTEX_POINT('',#9128);
#6904=LINE('',#9129,#9130);
#6905=LINE('',#9131,#9132);
#6906=VERTEX_POINT('',#9133);
#6907=LINE('',#9134,#9135);
#6908=VERTEX_POINT('',#9136);
#6909=LINE('',#9137,#9138);
#6910=LINE('',#9139,#9140);
#6911=VERTEX_POINT('',#9141);
#6912=LINE('',#9142,#9143);
#6913=LINE('',#9144,#9145);
#6914=VERTEX_POINT('',#9146);
#6915=LINE('',#9147,#9148);
#6916=VERTEX_POINT('',#9149);
#6917=LINE('',#9150,#9151);
#6918=LINE('',#9152,#9153);
#6919=VERTEX_POINT('',#9154);
#6920=LINE('',#9155,#9156);
#6921=VERTEX_POINT('',#9157);
#6922=LINE('',#9158,#9159);
#6923=LINE('',#9160,#9161);
#6924=LINE('',#9162,#9163);
#6925=VERTEX_POINT('',#9164);
#6926=LINE('',#9165,#9166);
#6927=VERTEX_POINT('',#9167);
#6928=LINE('',#9168,#9169);
#6929=VERTEX_POINT('',#9170);
#6930=LINE('',#9171,#9172);
#6931=LINE('',#9173,#9174);
#6932=VERTEX_POINT('',#9175);
#6933=LINE('',#9176,#9177);
#6934=VERTEX_POINT('',#9178);
#6935=LINE('',#9179,#9180);
#6936=LINE('',#9181,#9182);
#6937=VERTEX_POINT('',#9183);
#6938=LINE('',#9184,#9185);
#6939=VERTEX_POINT('',#9186);
#6940=LINE('',#9187,#9188);
#6941=VERTEX_POINT('',#9189);
#6942=LINE('',#9190,#9191);
#6943=VERTEX_POINT('',#9192);
#6944=LINE('',#9193,#9194);
#6945=VERTEX_POINT('',#9195);
#6946=LINE('',#9196,#9197);
#6947=LINE('',#9198,#9199);
#6948=FILL_AREA_STYLE_COLOUR('',#9200);
#6949=VERTEX_POINT('',#9201);
#6950=LINE('',#9202,#9203);
#6951=LINE('',#9204,#9205);
#6952=LINE('',#9206,#9207);
#6953=VERTEX_POINT('',#9208);
#6954=LINE('',#9209,#9210);
#6955=VERTEX_POINT('',#9211);
#6956=LINE('',#9212,#9213);
#6957=LINE('',#9214,#9215);
#6958=VERTEX_POINT('',#9216);
#6959=LINE('',#9217,#9218);
#6960=LINE('',#9219,#9220);
#6961=FILL_AREA_STYLE_COLOUR('',#9221);
#6962=VERTEX_POINT('',#9222);
#6963=B_SPLINE_CURVE_WITH_KNOTS('',3,(#9223,#9224,#9225,#9226,#9227,#9228,#9229,#9230,#9231,#9232),.UNSPECIFIED.,.F.,.F.,(4,2,2,2,4),(0.0,0.25,0.5,0.75,1.0),.UNSPECIFIED.);
#6964=VERTEX_POINT('',#9233);
#6965=B_SPLINE_CURVE_WITH_KNOTS('',3,(#9234,#9235,#9236,#9237,#9238,#9239,#9240,#9241,#9242,#9243),.UNSPECIFIED.,.F.,.F.,(4,2,2,2,4),(0.0,0.25,0.5,0.75,1.0),.UNSPECIFIED.);
#6966=B_SPLINE_CURVE_WITH_KNOTS('',3,(#9244,#9245,#9246,#9247,#9248,#9249,#9250,#9251,#9252,#9253),.UNSPECIFIED.,.F.,.F.,(4,2,2,2,4),(0.0,0.25,0.5,0.75,1.0),.UNSPECIFIED.);
#6967=B_SPLINE_CURVE_WITH_KNOTS('',3,(#9254,#9255,#9256,#9257,#9258,#9259,#9260,#9261,#9262,#9263),.UNSPECIFIED.,.F.,.F.,(4,2,2,2,4),(0.0,0.25,0.5,0.75,1.0),.UNSPECIFIED.);
#6968=B_SPLINE_CURVE_WITH_KNOTS('',3,(#9264,#9265,#9266,#9267,#9268,#9269,#9270,#9271,#9272,#9273),.UNSPECIFIED.,.F.,.F.,(4,2,2,2,4),(0.0,0.25,0.5,0.75,1.0),.UNSPECIFIED.);
#6969=B_SPLINE_CURVE_WITH_KNOTS('',3,(#9274,#9275,#9276,#9277,#9278,#9279,#9280,#9281,#9282,#9283),.UNSPECIFIED.,.F.,.F.,(4,2,2,2,4),(0.0,0.25,0.5,0.75,1.0),.UNSPECIFIED.);
#6970=VERTEX_POINT('',#9284);
#6971=CIRCLE('',#9285,0.003);
#6972=VERTEX_POINT('',#9286);
#6973=VERTEX_POINT('',#9287);
#6974=B_SPLINE_CURVE_WITH_KNOTS('',3,(#9288,#9289,#9290,#9291,#9292,#9293,#9294,#9295,#9296,#9297),.UNSPECIFIED.,.F.,.F.,(4,2,2,2,4),(0.0,0.25,0.5,0.75,1.0),.UNSPECIFIED.);
#6975=VERTEX_POINT('',#9298);
#6976=B_SPLINE_CURVE_WITH_KNOTS('',3,(#9299,#9300,#9301,#9302,#9303,#9304,#9305,#9306,#9307,#9308),.UNSPECIFIED.,.F.,.F.,(4,2,2,2,4),(0.0,0.25,0.5,0.75,1.0),.UNSPECIFIED.);
#6977=VERTEX_POINT('',#9309);
#6978=B_SPLINE_CURVE_WITH_KNOTS('',3,(#9310,#9311,#9312,#9313,#9314,#9315,#9316,#9317,#9318,#9319),.UNSPECIFIED.,.F.,.F.,(4,2,2,2,4),(0.0,0.25,0.5,0.75,1.0),.UNSPECIFIED.);
#6979=B_SPLINE_CURVE_WITH_KNOTS('',3,(#9320,#9321,#9322,#9323,#9324,#9325,#9326,#9327,#9328,#9329),.UNSPECIFIED.,.F.,.F.,(4,2,2,2,4),(0.0,0.25,0.5,0.75,1.0),.UNSPECIFIED.);
#6980=VERTEX_POINT('',#9330);
#6981=VERTEX_POINT('',#9331);
#6982=B_SPLINE_CURVE_WITH_KNOTS('',3,(#9332,#9333,#9334,#9335,#9336,#9337,#9338,#9339,#9340,#9341),.UNSPECIFIED.,.F.,.F.,(4,2,2,2,4),(0.0,0.25,0.5,0.75,1.0),.UNSPECIFIED.);
#6983=VERTEX_POINT('',#9342);
#6984=B_SPLINE_CURVE_WITH_KNOTS('',3,(#9343,#9344,#9345,#9346,#9347,#9348,#9349,#9350,#9351,#9352),.UNSPECIFIED.,.F.,.F.,(4,2,2,2,4),(0.0,0.25,0.5,0.75,1.0),.UNSPECIFIED.);
#6985=VERTEX_POINT('',#9353);
#6986=B_SPLINE_CURVE_WITH_KNOTS('',3,(#9354,#9355,#9356,#9357,#9358,#9359,#9360,#9361,#9362,#9363),.UNSPECIFIED.,.F.,.F.,(4,2,2,2,4),(0.0,0.25,0.5,0.75,1.0),.UNSPECIFIED.);
#6987=B_SPLINE_CURVE_WITH_KNOTS('',3,(#9364,#9365,#9366,#9367,#9368,#9369,#9370,#9371,#9372,#9373),.UNSPECIFIED.,.F.,.F.,(4,2,2,2,4),(0.0,0.25,0.5,0.75,1.0),.UNSPECIFIED.);
#6988=B_SPLINE_CURVE_WITH_KNOTS('',3,(#9374,#9375,#9376,#9377,#9378,#9379,#9380,#9381,#9382,#9383),.UNSPECIFIED.,.F.,.F.,(4,2,2,2,4),(0.0,0.25,0.5,0.75,1.0),.UNSPECIFIED.);
#6989=B_SPLINE_CURVE_WITH_KNOTS('',3,(#9384,#9385,#9386,#9387,#9388,#9389,#9390,#9391,#9392,#9393),.UNSPECIFIED.,.F.,.F.,(4,2,2,2,4),(0.0,0.25,0.5,0.75,1.0),.UNSPECIFIED.);
#6990=LINE('',#9394,#9395);
#6991=LINE('',#9396,#9397);
#6992=LINE('',#9398,#9399);
#6993=FILL_AREA_STYLE_COLOUR('',#9400);
#6994=FILL_AREA_STYLE_COLOUR('',#9401);
#6995=FILL_AREA_STYLE_COLOUR('',#9402);
#6996=LINE('',#9403,#9404);
#6997=LINE('',#9405,#9406);
#6998=FILL_AREA_STYLE_COLOUR('',#9407);
#6999=VERTEX_POINT('',#9408);
#7000=VERTEX_POINT('',#9409);
#7001=LINE('',#9410,#9411);
#7002=VERTEX_POINT('',#9412);
#7003=LINE('',#9413,#9414);
#7004=VERTEX_POINT('',#9415);
#7005=LINE('',#9416,#9417);
#7006=LINE('',#9418,#9419);
#7007=FILL_AREA_STYLE_COLOUR('',#9420);
#7008=VERTEX_POINT('',#9421);
#7009=VERTEX_POINT('',#9422);
#7010=LINE('',#9423,#9424);
#7011=VERTEX_POINT('',#9425);
#7012=LINE('',#9426,#9427);
#7013=VERTEX_POINT('',#9428);
#7014=LINE('',#9429,#9430);
#7015=LINE('',#9431,#9432);
#7016=FILL_AREA_STYLE_COLOUR('',#9433);
#7017=LINE('',#9434,#9435);
#7018=LINE('',#9436,#9437);
#7019=FILL_AREA_STYLE_COLOUR('',#9438);
#7020=LINE('',#9439,#9440);
#7021=LINE('',#9441,#9442);
#7022=FILL_AREA_STYLE_COLOUR('',#9443);
#7023=LINE('',#9444,#9445);
#7024=LINE('',#9446,#9447);
#7025=LINE('',#9448,#9449);
#7026=FILL_AREA_STYLE_COLOUR('',#9450);
#7027=VERTEX_POINT('',#9451);
#7028=LINE('',#9452,#9453);
#7029=LINE('',#9454,#9455);
#7030=FILL_AREA_STYLE_COLOUR('',#9456);
#7031=VERTEX_POINT('',#9457);
#7032=LINE('',#9458,#9459);
#7033=VERTEX_POINT('',#9460);
#7034=LINE('',#9461,#9462);
#7035=LINE('',#9463,#9464);
#7036=FILL_AREA_STYLE_COLOUR('',#9465);
#7037=FILL_AREA_STYLE_COLOUR('',#9466);
#7038=VERTEX_POINT('',#9467);
#7039=CIRCLE('',#9468,0.00145);
#7040=FILL_AREA_STYLE_COLOUR('',#9469);
#7041=VERTEX_POINT('',#9470);
#7042=LINE('',#9471,#9472);
#7043=LINE('',#9473,#9474);
#7044=FILL_AREA_STYLE_COLOUR('',#9475);
#7045=VERTEX_POINT('',#9476);
#7046=LINE('',#9477,#9478);
#7047=LINE('',#9479,#9480);
#7048=FILL_AREA_STYLE_COLOUR('',#9481);
#7049=VERTEX_POINT('',#9482);
#7050=LINE('',#9483,#9484);
#7051=VERTEX_POINT('',#9485);
#7052=LINE('',#9486,#9487);
#7053=LINE('',#9488,#9489);
#7054=LINE('',#9490,#9491);
#7055=FILL_AREA_STYLE_COLOUR('',#9492);
#7056=FILL_AREA_STYLE_COLOUR('',#9493);
#7057=VERTEX_POINT('',#9494);
#7058=LINE('',#9495,#9496);
#7059=LINE('',#9497,#9498);
#7060=FILL_AREA_STYLE_COLOUR('',#9499);
#7061=B_SPLINE_CURVE_WITH_KNOTS('',2,(#9500,#9501,#9502,#9503,#9504,#9505,#9506,#9507,#9508,#9509,#9510,#9511,#9512,#9513,#9514,#9515,#9516,#9517,#9518,#9519,#9520,#9521,#9522,#9523,#9524,#9525,#9526,#9527,#9528,#9529,#9530,#9531,#9532,#9533,#9534,#9535,#9536,#9537,#9538,#9539,#9540,#9541,#9542,#9543,#9544,#9545,#9546,#9547,#9548,#9549,#9550,#9551,#9552,#9553,#9554,#9555,#9556,#9557,#9558,#9559,#9560,#9561,#9562,#9563,#9564),.UNSPECIFIED.,.F.,.F.,(3,2,2,2,2,2,2,2,2,2,2,2,2,2,2,2,2,2,2,2,2,2,2,2,2,2,2,2,2,2,2,2,3),(0.0,0.0625,0.09375,0.125,0.15625,0.1875,0.21875,0.25,0.28125,0.3125,0.34375,0.375,0.40625,0.4375,0.46875,0.5,0.53125,0.5625,0.59375,0.625,0.65625,0.6875,0.71875,0.75,0.78125,0.8125,0.84375,0.875,0.90625,0.9375,0.96875,0.986607142857143,1.0),.UNSPECIFIED.);
#7062=B_SPLINE_CURVE_WITH_KNOTS('',2,(#9565,#9566,#9567,#9568,#9569,#9570,#9571,#9572,#9573,#9574,#9575,#9576,#9577,#9578,#9579,#9580,#9581,#9582,#9583,#9584,#9585,#9586,#9587,#9588,#9589,#9590,#9591,#9592,#9593,#9594,#9595,#9596,#9597,#9598,#9599,#9600,#9601,#9602,#9603,#9604,#9605,#9606,#9607,#9608,#9609,#9610,#9611,#9612,#9613,#9614,#9615,#9616,#9617,#9618,#9619,#9620,#9621,#9622,#9623,#9624,#9625,#9626,#9627,#9628,#9629),.UNSPECIFIED.,.F.,.F.,(3,2,2,2,2,2,2,2,2,2,2,2,2,2,2,2,2,2,2,2,2,2,2,2,2,2,2,2,2,2,2,2,3),(0.0,0.0625,0.09375,0.125,0.15625,0.1875,0.21875,0.25,0.28125,0.3125,0.34375,0.375,0.40625,0.4375,0.46875,0.5,0.53125,0.5625,0.59375,0.625,0.65625,0.6875,0.71875,0.75,0.78125,0.8125,0.84375,0.875,0.90625,0.9375,0.96875,0.986607142857143,1.0),.UNSPECIFIED.);
#7063=FILL_AREA_STYLE_COLOUR('',#9630);
#7064=LINE('',#9631,#9632);
#7065=FILL_AREA_STYLE_COLOUR('',#9633);
#7066=VERTEX_POINT('',#9634);
#7067=LINE('',#9635,#9636);
#7068=VERTEX_POINT('',#9637);
#7069=LINE('',#9638,#9639);
#7070=LINE('',#9640,#9641);
#7071=FILL_AREA_STYLE_COLOUR('',#9642);
#7072=LINE('',#9643,#9644);
#7073=VERTEX_POINT('',#9645);
#7074=LINE('',#9646,#9647);
#7075=VERTEX_POINT('',#9648);
#7076=LINE('',#9649,#9650);
#7077=LINE('',#9651,#9652);
#7078=FILL_AREA_STYLE_COLOUR('',#9653);
#7079=VERTEX_POINT('',#9654);
#7080=LINE('',#9655,#9656);
#7081=VERTEX_POINT('',#9657);
#7082=LINE('',#9658,#9659);
#7083=LINE('',#9660,#9661);
#7084=FILL_AREA_STYLE_COLOUR('',#9662);
#7085=VERTEX_POINT('',#9663);
#7086=LINE('',#9664,#9665);
#7087=LINE('',#9666,#9667);
#7088=LINE('',#9668,#9669);
#7089=LINE('',#9670,#9671);
#7090=FILL_AREA_STYLE_COLOUR('',#9672);
#7091=LINE('',#9673,#9674);
#7092=FILL_AREA_STYLE_COLOUR('',#9675);
#7093=FILL_AREA_STYLE_COLOUR('',#9676);
#7094=LINE('',#9677,#9678);
#7095=FILL_AREA_STYLE_COLOUR('',#9679);
#7096=FILL_AREA_STYLE_COLOUR('',#9680);
#7097=VERTEX_POINT('',#9681);
#7098=LINE('',#9682,#9683);
#7099=LINE('',#9684,#9685);
#7100=FILL_AREA_STYLE_COLOUR('',#9686);
#7101=LINE('',#9687,#9688);
#7102=FILL_AREA_STYLE_COLOUR('',#9689);
#7103=LINE('',#9690,#9691);
#7104=FILL_AREA_STYLE_COLOUR('',#9692);
#7105=LINE('',#9693,#9694);
#7106=FILL_AREA_STYLE_COLOUR('',#9695);
#7107=LINE('',#9696,#9697);
#7108=FILL_AREA_STYLE_COLOUR('',#9698);
#7109=VERTEX_POINT('',#9699);
#7110=LINE('',#9700,#9701);
#7111=VERTEX_POINT('',#9702);
#7112=LINE('',#9703,#9704);
#7113=LINE('',#9705,#9706);
#7114=FILL_AREA_STYLE_COLOUR('',#9707);
#7115=VERTEX_POINT('',#9708);
#7116=LINE('',#9709,#9710);
#7117=VERTEX_POINT('',#9711);
#7118=LINE('',#9712,#9713);
#7119=LINE('',#9714,#9715);
#7120=FILL_AREA_STYLE_COLOUR('',#9716);
#7121=LINE('',#9717,#9718);
#7122=VERTEX_POINT('',#9719);
#7123=LINE('',#9720,#9721);
#7124=LINE('',#9722,#9723);
#7125=LINE('',#9724,#9725);
#7126=FILL_AREA_STYLE_COLOUR('',#9726);
#7127=LINE('',#9727,#9728);
#7128=FILL_AREA_STYLE_COLOUR('',#9729);
#7129=LINE('',#9730,#9731);
#7130=FILL_AREA_STYLE_COLOUR('',#9732);
#7131=LINE('',#9733,#9734);
#7132=FILL_AREA_STYLE_COLOUR('',#9735);
#7133=VERTEX_POINT('',#9736);
#7134=LINE('',#9737,#9738);
#7135=LINE('',#9739,#9740);
#7136=FILL_AREA_STYLE_COLOUR('',#9741);
#7137=LINE('',#9742,#9743);
#7138=FILL_AREA_STYLE_COLOUR('',#9744);
#7139=LINE('',#9745,#9746);
#7140=FILL_AREA_STYLE_COLOUR('',#9747);
#7141=VERTEX_POINT('',#9748);
#7142=LINE('',#9749,#9750);
#7143=VERTEX_POINT('',#9751);
#7144=LINE('',#9752,#9753);
#7145=LINE('',#9754,#9755);
#7146=FILL_AREA_STYLE_COLOUR('',#9756);
#7147=VERTEX_POINT('',#9757);
#7148=LINE('',#9758,#9759);
#7149=VERTEX_POINT('',#9760);
#7150=LINE('',#9761,#9762);
#7151=LINE('',#9763,#9764);
#7152=FILL_AREA_STYLE_COLOUR('',#9765);
#7153=LINE('',#9766,#9767);
#7154=VERTEX_POINT('',#9768);
#7155=LINE('',#9769,#9770);
#7156=LINE('',#9771,#9772);
#7157=VERTEX_POINT('',#9773);
#7158=LINE('',#9774,#9775);
#7159=LINE('',#9776,#9777);
#7160=FILL_AREA_STYLE_COLOUR('',#9778);
#7161=VERTEX_POINT('',#9779);
#7162=LINE('',#9780,#9781);
#7163=LINE('',#9782,#9783);
#7164=FILL_AREA_STYLE_COLOUR('',#9784);
#7165=LINE('',#9785,#9786);
#7166=FILL_AREA_STYLE_COLOUR('',#9787);
#7167=LINE('',#9788,#9789);
#7168=FILL_AREA_STYLE_COLOUR('',#9790);
#7169=VERTEX_POINT('',#9791);
#7170=LINE('',#9792,#9793);
#7171=LINE('',#9794,#9795);
#7172=FILL_AREA_STYLE_COLOUR('',#9796);
#7173=LINE('',#9797,#9798);
#7174=FILL_AREA_STYLE_COLOUR('',#9799);
#7175=LINE('',#9800,#9801);
#7176=LINE('',#9802,#9803);
#7177=FILL_AREA_STYLE_COLOUR('',#9804);
#7178=FILL_AREA_STYLE_COLOUR('',#9805);
#7179=FILL_AREA_STYLE_COLOUR('',#9806);
#7180=FILL_AREA_STYLE_COLOUR('',#9807);
#7181=LINE('',#9808,#9809);
#7182=FILL_AREA_STYLE_COLOUR('',#9810);
#7183=FILL_AREA_STYLE_COLOUR('',#9811);
#7184=VERTEX_POINT('',#9812);
#7185=CIRCLE('',#9813,0.00145);
#7186=VERTEX_POINT('',#9814);
#7187=CIRCLE('',#9815,0.00145);
#7188=FILL_AREA_STYLE_COLOUR('',#9816);
#7189=FILL_AREA_STYLE_COLOUR('',#9817);
#7190=VERTEX_POINT('',#9818);
#7191=CIRCLE('',#9819,0.00145);
#7192=FILL_AREA_STYLE_COLOUR('',#9820);
#7193=FILL_AREA_STYLE_COLOUR('',#9821);
#7194=LINE('',#9822,#9823);
#7195=FILL_AREA_STYLE_COLOUR('',#9824);
#7196=LINE('',#9825,#9826);
#7197=FILL_AREA_STYLE_COLOUR('',#9827);
#7198=LINE('',#9828,#9829);
#7199=FILL_AREA_STYLE_COLOUR('',#9830);
#7200=FILL_AREA_STYLE_COLOUR('',#9831);
#7201=FILL_AREA_STYLE_COLOUR('',#9832);
#7202=FILL_AREA_STYLE_COLOUR('',#9833);
#7203=FILL_AREA_STYLE_COLOUR('',#9834);
#7204=VERTEX_POINT('',#9835);
#7205=LINE('',#9836,#9837);
#7206=VERTEX_POINT('',#9838);
#7207=LINE('',#9839,#9840);
#7208=B_SPLINE_CURVE_WITH_KNOTS('',2,(#9841,#9842,#9843,#9844,#9845,#9846,#9847,#9848,#9849,#9850,#9851,#9852,#9853,#9854,#9855,#9856,#9857,#9858,#9859,#9860,#9861,#9862,#9863,#9864,#9865,#9866,#9867,#9868,#9869,#9870,#9871,#9872,#9873,#9874,#9875,#9876,#9877,#9878,#9879,#9880,#9881,#9882,#9883,#9884,#9885,#9886,#9887,#9888,#9889,#9890,#9891,#9892,#9893,#9894,#9895,#9896,#9897,#9898,#9899,#9900,#9901,#9902,#9903),.UNSPECIFIED.,.F.,.F.,(3,2,2,2,2,2,2,2,2,2,2,2,2,2,2,2,2,2,2,2,2,2,2,2,2,2,2,2,2,2,2,3),(2.65684823319169E-08,0.0625000249079522,0.0937500240776871,0.125000023247422,0.156250022417157,0.187500021586892,0.218750020756627,0.250000019926362,0.281250019096097,0.312500018265832,0.343750017435567,0.375000016605302,0.406250015775036,0.437500014944771,0.468750014114506,0.500000013284241,0.531250012453976,0.562500011623711,0.593750010793446,0.625000009963181,0.656250009132916,0.687500008302651,0.718750007472386,0.750000006642121,0.781250005811856,0.81250000498159,0.843750004151325,0.87500000332106,0.906250002490795,0.93750000166053,0.968750000830265,1.0),.UNSPECIFIED.);
#7209=FILL_AREA_STYLE_COLOUR('',#9904);
#7210=VERTEX_POINT('',#9905);
#7211=LINE('',#9906,#9907);
#7212=B_SPLINE_CURVE_WITH_KNOTS('',2,(#9908,#9909,#9910,#9911,#9912,#9913,#9914,#9915,#9916,#9917,#9918,#9919,#9920,#9921,#9922,#9923,#9924,#9925,#9926,#9927,#9928,#9929,#9930,#9931,#9932,#9933,#9934,#9935,#9936,#9937,#9938,#9939,#9940,#9941,#9942,#9943,#9944,#9945,#9946,#9947,#9948,#9949,#9950,#9951,#9952,#9953,#9954,#9955,#9956,#9957,#9958,#9959,#9960,#9961,#9962,#9963,#9964,#9965,#9966,#9967,#9968,#9969,#9970,#9971,#9972),.UNSPECIFIED.,.F.,.F.,(3,2,2,2,2,2,2,2,2,2,2,2,2,2,2,2,2,2,2,2,2,2,2,2,2,2,2,2,2,2,2,2,3),(0.0,0.0625,0.09375,0.125,0.15625,0.1875,0.21875,0.25,0.28125,0.3125,0.34375,0.375,0.40625,0.4375,0.46875,0.5,0.53125,0.5625,0.59375,0.625,0.65625,0.6875,0.71875,0.75,0.78125,0.8125,0.84375,0.875,0.90625,0.9375,0.96875,0.986607142857143,1.0),.UNSPECIFIED.);
#7213=FILL_AREA_STYLE_COLOUR('',#9973);
#7214=VERTEX_POINT('',#9974);
#7215=LINE('',#9975,#9976);
#7216=B_SPLINE_CURVE_WITH_KNOTS('',2,(#9977,#9978,#9979,#9980,#9981,#9982,#9983,#9984,#9985,#9986,#9987,#9988,#9989,#9990,#9991,#9992,#9993,#9994,#9995,#9996,#9997,#9998,#9999,#10000,#10001,#10002,#10003,#10004,#10005,#10006,#10007,#10008,#10009,#10010,#10011,#10012,#10013,#10014,#10015,#10016,#10017,#10018,#10019,#10020,#10021,#10022,#10023,#10024,#10025,#10026,#10027,#10028,#10029,#10030,#10031,#10032,#10033,#10034,#10035,#10036,#10037,#10038,#10039),.UNSPECIFIED.,.F.,.F.,(3,2,2,2,2,2,2,2,2,2,2,2,2,2,2,2,2,2,2,2,2,2,2,2,2,2,2,2,2,2,2,3),(0.0,0.0625,0.09375,0.125,0.15625,0.1875,0.21875,0.25,0.28125,0.3125,0.34375,0.375,0.40625,0.4375,0.46875,0.5,0.53125,0.5625,0.59375,0.625,0.65625,0.6875,0.71875,0.75,0.78125,0.8125,0.84375,0.875,0.90625,0.9375,0.96875,1.0),.UNSPECIFIED.);
#7217=FILL_AREA_STYLE_COLOUR('',#10040);
#7218=B_SPLINE_CURVE_WITH_KNOTS('',2,(#10041,#10042,#10043,#10044,#10045,#10046,#10047,#10048,#10049,#10050,#10051,#10052,#10053,#10054,#10055,#10056,#10057,#10058,#10059,#10060,#10061,#10062,#10063,#10064,#10065,#10066,#10067,#10068,#10069,#10070,#10071,#10072,#10073,#10074,#10075,#10076,#10077,#10078,#10079,#10080,#10081,#10082,#10083,#10084,#10085,#10086,#10087,#10088,#10089,#10090,#10091,#10092,#10093,#10094,#10095,#10096,#10097,#10098,#10099,#10100,#10101,#10102,#10103,#10104,#10105),.UNSPECIFIED.,.F.,.F.,(3,2,2,2,2,2,2,2,2,2,2,2,2,2,2,2,2,2,2,2,2,2,2,2,2,2,2,2,2,2,2,2,3),(0.0,0.0625,0.09375,0.125,0.15625,0.1875,0.21875,0.25,0.28125,0.3125,0.34375,0.375,0.40625,0.4375,0.46875,0.5,0.53125,0.5625,0.59375,0.625,0.65625,0.6875,0.71875,0.75,0.78125,0.8125,0.84375,0.875,0.90625,0.9375,0.96875,0.986607142857143,1.0),.UNSPECIFIED.);
#7219=FILL_AREA_STYLE_COLOUR('',#10106);
#7220=FILL_AREA_STYLE_COLOUR('',#10107);
#7221=VERTEX_POINT('',#10108);
#7222=LINE('',#10109,#10110);
#7223=VERTEX_POINT('',#10111);
#7224=LINE('',#10112,#10113);
#7225=B_SPLINE_CURVE_WITH_KNOTS('',2,(#10114,#10115,#10116,#10117,#10118,#10119,#10120,#10121,#10122,#10123,#10124,#10125,#10126,#10127,#10128,#10129,#10130,#10131,#10132,#10133,#10134,#10135,#10136,#10137,#10138,#10139,#10140,#10141,#10142,#10143,#10144,#10145,#10146,#10147,#10148,#10149,#10150,#10151,#10152,#10153,#10154,#10155,#10156,#10157,#10158,#10159,#10160,#10161,#10162,#10163,#10164,#10165,#10166,#10167,#10168,#10169,#10170,#10171,#10172,#10173,#10174,#10175,#10176),.UNSPECIFIED.,.F.,.F.,(3,2,2,2,2,2,2,2,2,2,2,2,2,2,2,2,2,2,2,2,2,2,2,2,2,2,2,2,2,2,2,3),(4.55459698824193E-08,0.0625000426993468,0.0982143267869907,0.125000039852724,0.160714323940368,0.187500037006101,0.223214321093744,0.250000034159477,0.285714318247121,0.312500031312854,0.348214315400498,0.375000028466231,0.410714312553875,0.437500025619608,0.473214309707252,0.500000022772985,0.535714306860629,0.562500019926362,0.598214304014006,0.625000017079739,0.660714301167383,0.687500014233116,0.723214298320759,0.750000011386492,0.785714295474136,0.812500008539869,0.848214292627513,0.875000005693246,0.91071428978089,0.937500002846623,0.968750001423312,1.0),.UNSPECIFIED.);
#7226=FILL_AREA_STYLE_COLOUR('',#10177);
#7227=VERTEX_POINT('',#10178);
#7228=LINE('',#10179,#10180);
#7229=B_SPLINE_CURVE_WITH_KNOTS('',2,(#10181,#10182,#10183,#10184,#10185,#10186,#10187,#10188,#10189,#10190,#10191,#10192,#10193,#10194,#10195,#10196,#10197,#10198,#10199,#10200,#10201,#10202,#10203,#10204,#10205,#10206,#10207,#10208,#10209,#10210,#10211,#10212,#10213,#10214,#10215,#10216,#10217,#10218,#10219,#10220,#10221,#10222,#10223,#10224,#10225,#10226,#10227,#10228,#10229,#10230,#10231,#10232,#10233,#10234,#10235,#10236,#10237,#10238,#10239,#10240,#10241,#10242,#10243,#10244,#10245),.UNSPECIFIED.,.F.,.F.,(3,2,2,2,2,2,2,2,2,2,2,2,2,2,2,2,2,2,2,2,2,2,2,2,2,2,2,2,2,2,2,2,3),(0.0,0.0625,0.09375,0.125,0.15625,0.1875,0.21875,0.25,0.28125,0.3125,0.34375,0.375,0.40625,0.4375,0.46875,0.5,0.53125,0.5625,0.59375,0.625,0.65625,0.6875,0.71875,0.75,0.78125,0.8125,0.84375,0.875,0.90625,0.9375,0.96875,0.986607142857143,1.0),.UNSPECIFIED.);
#7230=FILL_AREA_STYLE_COLOUR('',#10246);
#7231=VERTEX_POINT('',#10247);
#7232=LINE('',#10248,#10249);
#7233=B_SPLINE_CURVE_WITH_KNOTS('',2,(#10250,#10251,#10252,#10253,#10254,#10255,#10256,#10257,#10258,#10259,#10260,#10261,#10262,#10263,#10264,#10265,#10266,#10267,#10268,#10269,#10270,#10271,#10272,#10273,#10274,#10275,#10276,#10277,#10278,#10279,#10280,#10281,#10282,#10283,#10284,#10285,#10286,#10287,#10288,#10289,#10290,#10291,#10292,#10293,#10294,#10295,#10296,#10297,#10298,#10299,#10300,#10301,#10302,#10303,#10304,#10305,#10306,#10307,#10308,#10309,#10310,#10311,#10312),.UNSPECIFIED.,.F.,.F.,(3,2,2,2,2,2,2,2,2,2,2,2,2,2,2,2,2,2,2,2,2,2,2,2,2,2,2,2,2,2,2,3),(0.0,0.0625,0.0982142857142857,0.125,0.160714285714286,0.1875,0.223214285714286,0.25,0.285714285714286,0.3125,0.348214285714286,0.375,0.410714285714286,0.4375,0.473214285714286,0.5,0.535714285714286,0.5625,0.598214285714286,0.625,0.660714285714286,0.6875,0.723214285714286,0.75,0.785714285714286,0.8125,0.848214285714286,0.875,0.910714285714286,0.9375,0.96875,1.0),.UNSPECIFIED.);
#7234=FILL_AREA_STYLE_COLOUR('',#10313);
#7235=B_SPLINE_CURVE_WITH_KNOTS('',2,(#10314,#10315,#10316,#10317,#10318,#10319,#10320,#10321,#10322,#10323,#10324,#10325,#10326,#10327,#10328,#10329,#10330,#10331,#10332,#10333,#10334,#10335,#10336,#10337,#10338,#10339,#10340,#10341,#10342,#10343,#10344,#10345,#10346,#10347,#10348,#10349,#10350,#10351,#10352,#10353,#10354,#10355,#10356,#10357,#10358,#10359,#10360,#10361,#10362,#10363,#10364,#10365,#10366,#10367,#10368,#10369,#10370,#10371,#10372,#10373,#10374,#10375,#10376,#10377,#10378),.UNSPECIFIED.,.F.,.F.,(3,2,2,2,2,2,2,2,2,2,2,2,2,2,2,2,2,2,2,2,2,2,2,2,2,2,2,2,2,2,2,2,3),(0.0,0.0625,0.09375,0.125,0.15625,0.1875,0.21875,0.25,0.28125,0.3125,0.34375,0.375,0.40625,0.4375,0.46875,0.5,0.53125,0.5625,0.59375,0.625,0.65625,0.6875,0.71875,0.75,0.78125,0.8125,0.84375,0.875,0.90625,0.9375,0.96875,0.986607142857143,1.0),.UNSPECIFIED.);
#7236=FILL_AREA_STYLE_COLOUR('',#10379);
#7237=FILL_AREA_STYLE_COLOUR('',#10380);
#7238=VERTEX_POINT('',#10381);
#7239=CIRCLE('',#10382,0.003);
#7240=FILL_AREA_STYLE_COLOUR('',#10383);
#7241=FILL_AREA_STYLE_COLOUR('',#10384);
#7242=B_SPLINE_CURVE_WITH_KNOTS('',2,(#10385,#10386,#10387,#10388,#10389,#10390,#10391,#10392,#10393,#10394,#10395,#10396,#10397,#10398,#10399,#10400,#10401,#10402,#10403,#10404,#10405,#10406,#10407,#10408,#10409,#10410,#10411,#10412,#10413,#10414,#10415,#10416,#10417,#10418,#10419,#10420,#10421,#10422,#10423,#10424,#10425,#10426,#10427,#10428,#10429,#10430,#10431,#10432,#10433,#10434,#10435,#10436,#10437,#10438,#10439,#10440,#10441,#10442,#10443,#10444,#10445,#10446,#10447),.UNSPECIFIED.,.F.,.F.,(3,2,2,2,2,2,2,2,2,2,2,2,2,2,2,2,2,2,2,2,2,2,2,2,2,2,2,2,2,2,2,3),(0.0,0.0625,0.0982142857142857,0.125,0.160714285714286,0.1875,0.223214285714286,0.25,0.285714285714286,0.3125,0.348214285714286,0.375,0.410714285714286,0.4375,0.473214285714286,0.5,0.535714285714286,0.5625,0.598214285714286,0.625,0.660714285714286,0.6875,0.723214285714286,0.75,0.785714285714286,0.8125,0.848214285714286,0.875,0.910714285714286,0.9375,0.96875,1.0),.UNSPECIFIED.);
#7243=FILL_AREA_STYLE_COLOUR('',#10448);
#7244=B_SPLINE_CURVE_WITH_KNOTS('',2,(#10449,#10450,#10451,#10452,#10453,#10454,#10455,#10456,#10457,#10458,#10459,#10460,#10461,#10462,#10463,#10464,#10465,#10466,#10467,#10468,#10469,#10470,#10471,#10472,#10473,#10474,#10475,#10476,#10477,#10478,#10479,#10480,#10481,#10482,#10483,#10484,#10485,#10486,#10487,#10488,#10489,#10490,#10491,#10492,#10493,#10494,#10495,#10496,#10497,#10498,#10499,#10500,#10501,#10502,#10503,#10504,#10505,#10506,#10507,#10508,#10509,#10510,#10511),.UNSPECIFIED.,.F.,.F.,(3,2,2,2,2,2,2,2,2,2,2,2,2,2,2,2,2,2,2,2,2,2,2,2,2,2,2,2,2,2,2,3),(0.0,0.0625,0.0982142857142857,0.125,0.160714285714286,0.1875,0.223214285714286,0.25,0.285714285714286,0.3125,0.348214285714286,0.375,0.410714285714286,0.4375,0.473214285714286,0.5,0.535714285714286,0.5625,0.598214285714286,0.625,0.660714285714286,0.6875,0.723214285714286,0.75,0.785714285714286,0.8125,0.848214285714286,0.875,0.910714285714286,0.9375,0.96875,1.0),.UNSPECIFIED.);
#7245=FILL_AREA_STYLE_COLOUR('',#10512);
#7246=FILL_AREA_STYLE_COLOUR('',#10513);
#7247=B_SPLINE_CURVE_WITH_KNOTS('',2,(#10514,#10515,#10516,#10517,#10518,#10519,#10520,#10521,#10522,#10523,#10524,#10525,#10526,#10527,#10528,#10529,#10530,#10531,#10532,#10533,#10534,#10535,#10536,#10537,#10538,#10539,#10540,#10541,#10542,#10543,#10544,#10545,#10546,#10547,#10548,#10549,#10550,#10551,#10552,#10553,#10554,#10555,#10556,#10557,#10558,#10559,#10560,#10561,#10562,#10563,#10564,#10565,#10566,#10567,#10568,#10569,#10570,#10571,#10572,#10573,#10574,#10575,#10576),.UNSPECIFIED.,.F.,.F.,(3,2,2,2,2,2,2,2,2,2,2,2,2,2,2,2,2,2,2,2,2,2,2,2,2,2,2,2,2,2,2,3),(0.0,0.0625,0.09375,0.125,0.15625,0.1875,0.21875,0.25,0.28125,0.3125,0.34375,0.375,0.40625,0.4375,0.46875,0.5,0.53125,0.5625,0.59375,0.625,0.65625,0.6875,0.71875,0.75,0.78125,0.8125,0.84375,0.875,0.90625,0.9375,0.96875,1.0),.UNSPECIFIED.);
#7248=FILL_AREA_STYLE_COLOUR('',#10577);
#7249=FILL_AREA_STYLE_COLOUR('',#10578);
#7250=FILL_AREA_STYLE_COLOUR('',#10579);
#7251=FILL_AREA_STYLE_COLOUR('',#10580);
#7252=FILL_AREA_STYLE_COLOUR('',#10581);
#7253=LINE('',#10582,#10583);
#7254=FILL_AREA_STYLE_COLOUR('',#10584);
#7255=FILL_AREA_STYLE_COLOUR('',#10585);
#7256=VERTEX_POINT('',#10586);
#7257=VERTEX_POINT('',#10587);
#7258=B_SPLINE_CURVE_WITH_KNOTS('',3,(#10588,#10589,#10590,#10591,#10592,#10593),.UNSPECIFIED.,.F.,.F.,(4,2,4),(0.0,0.00155901539001399,0.00311803078002798),.UNSPECIFIED.);
#7259=VERTEX_POINT('',#10594);
#7260=LINE('',#10595,#10596);
#7261=VERTEX_POINT('',#10597);
#7262=CIRCLE('',#10598,0.002);
#7263=VERTEX_POINT('',#10599);
#7264=LINE('',#10600,#10601);
#7265=VERTEX_POINT('',#10602);
#7266=B_SPLINE_CURVE_WITH_KNOTS('',3,(#10603,#10604,#10605,#10606,#10607,#10608),.UNSPECIFIED.,.F.,.F.,(4,2,4),(0.0,0.001559015390014,0.003118030780028),.UNSPECIFIED.);
#7267=VERTEX_POINT('',#10609);
#7268=LINE('',#10610,#10611);
#7269=VERTEX_POINT('',#10612);
#7270=B_SPLINE_CURVE_WITH_KNOTS('',3,(#10613,#10614,#10615,#10616,#10617,#10618),.UNSPECIFIED.,.F.,.F.,(4,2,4),(0.0,0.001559015390014,0.00311803078002799),.UNSPECIFIED.);
#7271=LINE('',#10619,#10620);
#7272=VERTEX_POINT('',#10621);
#7273=CIRCLE('',#10622,0.003);
#7274=VERTEX_POINT('',#10623);
#7275=VERTEX_POINT('',#10624);
#7276=CIRCLE('',#10625,0.02);
#7277=VERTEX_POINT('',#10626);
#7278=CIRCLE('',#10627,0.001);
#7279=VERTEX_POINT('',#10628);
#7280=CIRCLE('',#10629,0.018);
#7281=CIRCLE('',#10630,0.001);
#7282=VERTEX_POINT('',#10631);
#7283=VERTEX_POINT('',#10632);
#7284=CIRCLE('',#10633,0.014);
#7285=VERTEX_POINT('',#10634);
#7286=CIRCLE('',#10635,0.001);
#7287=VERTEX_POINT('',#10636);
#7288=CIRCLE('',#10637,0.012);
#7289=CIRCLE('',#10638,0.001);
#7290=VERTEX_POINT('',#10639);
#7291=VERTEX_POINT('',#10640);
#7292=CIRCLE('',#10641,0.009);
#7293=VERTEX_POINT('',#10642);
#7294=CIRCLE('',#10643,0.001);
#7295=VERTEX_POINT('',#10644);
#7296=CIRCLE('',#10645,0.007);
#7297=CIRCLE('',#10646,0.001);
#7298=VERTEX_POINT('',#10647);
#7299=VERTEX_POINT('',#10648);
#7300=CIRCLE('',#10649,0.001);
#7301=VERTEX_POINT('',#10650);
#7302=CIRCLE('',#10651,0.009);
#7303=VERTEX_POINT('',#10652);
#7304=CIRCLE('',#10653,0.000999999999999999);
#7305=CIRCLE('',#10654,0.007);
#7306=VERTEX_POINT('',#10655);
#7307=VERTEX_POINT('',#10656);
#7308=CIRCLE('',#10657,0.00100000000000001);
#7309=VERTEX_POINT('',#10658);
#7310=CIRCLE('',#10659,0.014);
#7311=VERTEX_POINT('',#10660);
#7312=CIRCLE('',#10661,0.000999999999999995);
#7313=CIRCLE('',#10662,0.012);
#7314=VERTEX_POINT('',#10663);
#7315=VERTEX_POINT('',#10664);
#7316=CIRCLE('',#10665,0.001);
#7317=VERTEX_POINT('',#10666);
#7318=CIRCLE('',#10667,0.02);
#7319=VERTEX_POINT('',#10668);
#7320=CIRCLE('',#10669,0.000999999999999994);
#7321=CIRCLE('',#10670,0.018);
#7322=FILL_AREA_STYLE_COLOUR('',#10671);
#7323=VERTEX_POINT('',#10672);
#7324=VERTEX_POINT('',#10673);
#7325=B_SPLINE_CURVE_WITH_KNOTS('',3,(#10674,#10675,#10676,#10677,#10678,#10679),.UNSPECIFIED.,.F.,.F.,(4,2,4),(0.0,0.00155901539001401,0.00311803078002802),.UNSPECIFIED.);
#7326=LINE('',#10680,#10681);
#7327=LINE('',#10682,#10683);
#7328=FILL_AREA_STYLE_COLOUR('',#10684);
#7329=VERTEX_POINT('',#10685);
#7330=VERTEX_POINT('',#10686);
#7331=LINE('',#10687,#10688);
#7332=VERTEX_POINT('',#10689);
#7333=LINE('',#10690,#10691);
#7334=VERTEX_POINT('',#10692);
#7335=LINE('',#10693,#10694);
#7336=VERTEX_POINT('',#10695);
#7337=CIRCLE('',#10696,0.0025);
#7338=VERTEX_POINT('',#10697);
#7339=LINE('',#10698,#10699);
#7340=VERTEX_POINT('',#10700);
#7341=LINE('',#10701,#10702);
#7342=VERTEX_POINT('',#10703);
#7343=LINE('',#10704,#10705);
#7344=VERTEX_POINT('',#10706);
#7345=CIRCLE('',#10707,0.0025);
#7346=VERTEX_POINT('',#10708);
#7347=LINE('',#10709,#10710);
#7348=VERTEX_POINT('',#10711);
#7349=LINE('',#10712,#10713);
#7350=VERTEX_POINT('',#10714);
#7351=LINE('',#10715,#10716);
#7352=VERTEX_POINT('',#10717);
#7353=CIRCLE('',#10718,0.00399999999599683);
#7354=VERTEX_POINT('',#10719);
#7355=LINE('',#10720,#10721);
#7356=VERTEX_POINT('',#10722);
#7357=LINE('',#10723,#10724);
#7358=VERTEX_POINT('',#10725);
#7359=LINE('',#10726,#10727);
#7360=VERTEX_POINT('',#10728);
#7361=CIRCLE('',#10729,0.0025);
#7362=VERTEX_POINT('',#10730);
#7363=LINE('',#10731,#10732);
#7364=VERTEX_POINT('',#10733);
#7365=LINE('',#10734,#10735);
#7366=VERTEX_POINT('',#10736);
#7367=LINE('',#10737,#10738);
#7368=VERTEX_POINT('',#10739);
#7369=CIRCLE('',#10740,0.0025);
#7370=VERTEX_POINT('',#10741);
#7371=LINE('',#10742,#10743);
#7372=VERTEX_POINT('',#10744);
#7373=LINE('',#10745,#10746);
#7374=VERTEX_POINT('',#10747);
#7375=LINE('',#10748,#10749);
#7376=CIRCLE('',#10750,0.00399999999599683);
#7377=VERTEX_POINT('',#10751);
#7378=CIRCLE('',#10752,0.005);
#7379=VERTEX_POINT('',#10753);
#7380=CIRCLE('',#10754,0.005);
#7381=VERTEX_POINT('',#10755);
#7382=VERTEX_POINT('',#10756);
#7383=LINE('',#10757,#10758);
#7384=VERTEX_POINT('',#10759);
#7385=CIRCLE('',#10760,0.002);
#7386=VERTEX_POINT('',#10761);
#7387=LINE('',#10762,#10763);
#7388=VERTEX_POINT('',#10764);
#7389=CIRCLE('',#10765,0.002);
#7390=VERTEX_POINT('',#10766);
#7391=LINE('',#10767,#10768);
#7392=VERTEX_POINT('',#10769);
#7393=CIRCLE('',#10770,0.002);
#7394=VERTEX_POINT('',#10771);
#7395=LINE('',#10772,#10773);
#7396=CIRCLE('',#10774,0.002);
#7397=VERTEX_POINT('',#10775);
#7398=VERTEX_POINT('',#10776);
#7399=LINE('',#10777,#10778);
#7400=VERTEX_POINT('',#10779);
#7401=B_SPLINE_CURVE_WITH_KNOTS('',3,(#10780,#10781,#10782,#10783,#10784,#10785),.UNSPECIFIED.,.F.,.F.,(4,2,4),(0.0,0.001559015390014,0.003118030780028),.UNSPECIFIED.);
#7402=LINE('',#10786,#10787);
#7403=VERTEX_POINT('',#10788);
#7404=LINE('',#10789,#10790);
#7405=VERTEX_POINT('',#10791);
#7406=CIRCLE('',#10792,0.002);
#7407=VERTEX_POINT('',#10793);
#7408=LINE('',#10794,#10795);
#7409=B_SPLINE_CURVE_WITH_KNOTS('',3,(#10796,#10797,#10798,#10799,#10800,#10801),.UNSPECIFIED.,.F.,.F.,(4,2,4),(0.0,0.00155901539001387,0.00311803078002774),.UNSPECIFIED.);
#7410=FILL_AREA_STYLE_COLOUR('',#10802);
#7411=VERTEX_POINT('',#10803);
#7412=CIRCLE('',#10804,0.0014);
#7413=VERTEX_POINT('',#10805);
#7414=VERTEX_POINT('',#10806);
#7415=LINE('',#10807,#10808);
#7416=VERTEX_POINT('',#10809);
#7417=CIRCLE('',#10810,0.00399999999599683);
#7418=VERTEX_POINT('',#10811);
#7419=LINE('',#10812,#10813);
#7420=LINE('',#10814,#10815);
#7421=FILL_AREA_STYLE_COLOUR('',#10816);
#7422=LINE('',#10817,#10818);
#7423=FILL_AREA_STYLE_COLOUR('',#10819);
#7424=LINE('',#10820,#10821);
#7425=LINE('',#10822,#10823);
#7426=FILL_AREA_STYLE_COLOUR('',#10824);
#7427=LINE('',#10825,#10826);
#7428=LINE('',#10827,#10828);
#7429=FILL_AREA_STYLE_COLOUR('',#10829);
#7430=LINE('',#10830,#10831);
#7431=FILL_AREA_STYLE_COLOUR('',#10832);
#7432=LINE('',#10833,#10834);
#7433=FILL_AREA_STYLE_COLOUR('',#10835);
#7434=LINE('',#10836,#10837);
#7435=FILL_AREA_STYLE_COLOUR('',#10838);
#7436=FILL_AREA_STYLE_COLOUR('',#10839);
#7437=VERTEX_POINT('',#10840);
#7438=VERTEX_POINT('',#10841);
#7439=LINE('',#10842,#10843);
#7440=VERTEX_POINT('',#10844);
#7441=LINE('',#10845,#10846);
#7442=VERTEX_POINT('',#10847);
#7443=LINE('',#10848,#10849);
#7444=LINE('',#10850,#10851);
#7445=FILL_AREA_STYLE_COLOUR('',#10852);
#7446=VERTEX_POINT('',#10853);
#7447=VERTEX_POINT('',#10854);
#7448=LINE('',#10855,#10856);
#7449=VERTEX_POINT('',#10857);
#7450=LINE('',#10858,#10859);
#7451=LINE('',#10860,#10861);
#7452=LINE('',#10862,#10863);
#7453=FILL_AREA_STYLE_COLOUR('',#10864);
#7454=VERTEX_POINT('',#10865);
#7455=VERTEX_POINT('',#10866);
#7456=LINE('',#10867,#10868);
#7457=VERTEX_POINT('',#10869);
#7458=LINE('',#10870,#10871);
#7459=LINE('',#10872,#10873);
#7460=VERTEX_POINT('',#10874);
#7461=LINE('',#10875,#10876);
#7462=LINE('',#10877,#10878);
#7463=FILL_AREA_STYLE_COLOUR('',#10879);
#7464=VERTEX_POINT('',#10880);
#7465=LINE('',#10881,#10882);
#7466=LINE('',#10883,#10884);
#7467=LINE('',#10885,#10886);
#7468=FILL_AREA_STYLE_COLOUR('',#10887);
#7469=VERTEX_POINT('',#10888);
#7470=VERTEX_POINT('',#10889);
#7471=LINE('',#10890,#10891);
#7472=VERTEX_POINT('',#10892);
#7473=LINE('',#10893,#10894);
#7474=VERTEX_POINT('',#10895);
#7475=LINE('',#10896,#10897);
#7476=LINE('',#10898,#10899);
#7477=VERTEX_POINT('',#10900);
#7478=VERTEX_POINT('',#10901);
#7479=LINE('',#10902,#10903);
#7480=VERTEX_POINT('',#10904);
#7481=LINE('',#10905,#10906);
#7482=VERTEX_POINT('',#10907);
#7483=LINE('',#10908,#10909);
#7484=VERTEX_POINT('',#10910);
#7485=LINE('',#10911,#10912);
#7486=VERTEX_POINT('',#10913);
#7487=LINE('',#10914,#10915);
#7488=VERTEX_POINT('',#10916);
#7489=LINE('',#10917,#10918);
#7490=VERTEX_POINT('',#10919);
#7491=LINE('',#10920,#10921);
#7492=LINE('',#10922,#10923);
#7493=VERTEX_POINT('',#10924);
#7494=CIRCLE('',#10925,0.003);
#7495=VERTEX_POINT('',#10926);
#7496=VERTEX_POINT('',#10927);
#7497=CIRCLE('',#10928,0.018);
#7498=VERTEX_POINT('',#10929);
#7499=CIRCLE('',#10930,0.001);
#7500=VERTEX_POINT('',#10931);
#7501=CIRCLE('',#10932,0.02);
#7502=CIRCLE('',#10933,0.001);
#7503=VERTEX_POINT('',#10934);
#7504=VERTEX_POINT('',#10935);
#7505=CIRCLE('',#10936,0.012);
#7506=VERTEX_POINT('',#10937);
#7507=CIRCLE('',#10938,0.001);
#7508=VERTEX_POINT('',#10939);
#7509=CIRCLE('',#10940,0.014);
#7510=CIRCLE('',#10941,0.001);
#7511=VERTEX_POINT('',#10942);
#7512=VERTEX_POINT('',#10943);
#7513=CIRCLE('',#10944,0.007);
#7514=VERTEX_POINT('',#10945);
#7515=CIRCLE('',#10946,0.001);
#7516=VERTEX_POINT('',#10947);
#7517=CIRCLE('',#10948,0.009);
#7518=CIRCLE('',#10949,0.001);
#7519=VERTEX_POINT('',#10950);
#7520=VERTEX_POINT('',#10951);
#7521=CIRCLE('',#10952,0.000999999999999999);
#7522=VERTEX_POINT('',#10953);
#7523=CIRCLE('',#10954,0.009);
#7524=VERTEX_POINT('',#10955);
#7525=CIRCLE('',#10956,0.001);
#7526=CIRCLE('',#10957,0.007);
#7527=VERTEX_POINT('',#10958);
#7528=VERTEX_POINT('',#10959);
#7529=CIRCLE('',#10960,0.000999999999999995);
#7530=VERTEX_POINT('',#10961);
#7531=CIRCLE('',#10962,0.014);
#7532=VERTEX_POINT('',#10963);
#7533=CIRCLE('',#10964,0.00100000000000001);
#7534=CIRCLE('',#10965,0.012);
#7535=VERTEX_POINT('',#10966);
#7536=VERTEX_POINT('',#10967);
#7537=CIRCLE('',#10968,0.000999999999999994);
#7538=VERTEX_POINT('',#10969);
#7539=CIRCLE('',#10970,0.02);
#7540=VERTEX_POINT('',#10971);
#7541=CIRCLE('',#10972,0.001);
#7542=CIRCLE('',#10973,0.018);
#7543=FILL_AREA_STYLE_COLOUR('',#10974);
#7544=VERTEX_POINT('',#10975);
#7545=VERTEX_POINT('',#10976);
#7546=LINE('',#10977,#10978);
#7547=VERTEX_POINT('',#10979);
#7548=LINE('',#10980,#10981);
#7549=VERTEX_POINT('',#10982);
#7550=LINE('',#10983,#10984);
#7551=LINE('',#10985,#10986);
#7552=FILL_AREA_STYLE_COLOUR('',#10987);
#7553=VERTEX_POINT('',#10988);
#7554=VERTEX_POINT('',#10989);
#7555=LINE('',#10990,#10991);
#7556=VERTEX_POINT('',#10992);
#7557=LINE('',#10993,#10994);
#7558=VERTEX_POINT('',#10995);
#7559=LINE('',#10996,#10997);
#7560=LINE('',#10998,#10999);
#7561=FILL_AREA_STYLE_COLOUR('',#11000);
#7562=VERTEX_POINT('',#11001);
#7563=LINE('',#11002,#11003);
#7564=VERTEX_POINT('',#11004);
#7565=LINE('',#11005,#11006);
#7566=LINE('',#11007,#11008);
#7567=FILL_AREA_STYLE_COLOUR('',#11009);
#7568=VERTEX_POINT('',#11010);
#7569=LINE('',#11011,#11012);
#7570=VERTEX_POINT('',#11013);
#7571=LINE('',#11014,#11015);
#7572=LINE('',#11016,#11017);
#7573=FILL_AREA_STYLE_COLOUR('',#11018);
#7574=VERTEX_POINT('',#11019);
#7575=LINE('',#11020,#11021);
#7576=VERTEX_POINT('',#11022);
#7577=LINE('',#11023,#11024);
#7578=LINE('',#11025,#11026);
#7579=FILL_AREA_STYLE_COLOUR('',#11027);
#7580=VERTEX_POINT('',#11028);
#7581=LINE('',#11029,#11030);
#7582=VERTEX_POINT('',#11031);
#7583=LINE('',#11032,#11033);
#7584=LINE('',#11034,#11035);
#7585=FILL_AREA_STYLE_COLOUR('',#11036);
#7586=VERTEX_POINT('',#11037);
#7587=VERTEX_POINT('',#11038);
#7588=LINE('',#11039,#11040);
#7589=VERTEX_POINT('',#11041);
#7590=LINE('',#11042,#11043);
#7591=VERTEX_POINT('',#11044);
#7592=LINE('',#11045,#11046);
#7593=VERTEX_POINT('',#11047);
#7594=LINE('',#11048,#11049);
#7595=VERTEX_POINT('',#11050);
#7596=LINE('',#11051,#11052);
#7597=VERTEX_POINT('',#11053);
#7598=LINE('',#11054,#11055);
#7599=VERTEX_POINT('',#11056);
#7600=LINE('',#11057,#11058);
#7601=LINE('',#11059,#11060);
#7602=VERTEX_POINT('',#11061);
#7603=VERTEX_POINT('',#11062);
#7604=LINE('',#11063,#11064);
#7605=VERTEX_POINT('',#11065);
#7606=CIRCLE('',#11066,0.001);
#7607=VERTEX_POINT('',#11067);
#7608=LINE('',#11068,#11069);
#7609=VERTEX_POINT('',#11070);
#7610=CIRCLE('',#11071,0.001);
#7611=VERTEX_POINT('',#11072);
#7612=LINE('',#11073,#11074);
#7613=VERTEX_POINT('',#11075);
#7614=CIRCLE('',#11076,0.001);
#7615=VERTEX_POINT('',#11077);
#7616=LINE('',#11078,#11079);
#7617=CIRCLE('',#11080,0.001);
#7618=FILL_AREA_STYLE_COLOUR('',#11081);
#7619=VERTEX_POINT('',#11082);
#7620=CIRCLE('',#11083,0.0014);
#7621=FILL_AREA_STYLE_COLOUR('',#11084);
#7622=VERTEX_POINT('',#11085);
#7623=CIRCLE('',#11086,0.0014);
#7624=FILL_AREA_STYLE_COLOUR('',#11087);
#7625=VERTEX_POINT('',#11088);
#7626=CIRCLE('',#11089,0.0014);
#7627=FILL_AREA_STYLE_COLOUR('',#11090);
#7628=VERTEX_POINT('',#11091);
#7629=CIRCLE('',#11092,0.0014);
#7630=FILL_AREA_STYLE_COLOUR('',#11093);
#7631=VERTEX_POINT('',#11094);
#7632=CIRCLE('',#11095,0.0014);
#7633=FILL_AREA_STYLE_COLOUR('',#11096);
#7634=VERTEX_POINT('',#11097);
#7635=CIRCLE('',#11098,0.0014);
#7636=FILL_AREA_STYLE_COLOUR('',#11099);
#7637=LINE('',#11100,#11101);
#7638=LINE('',#11102,#11103);
#7639=FILL_AREA_STYLE_COLOUR('',#11104);
#7640=LINE('',#11105,#11106);
#7641=FILL_AREA_STYLE_COLOUR('',#11107);
#7642=LINE('',#11108,#11109);
#7643=FILL_AREA_STYLE_COLOUR('',#11110);
#7644=FILL_AREA_STYLE_COLOUR('',#11111);
#7645=LINE('',#11112,#11113);
#7646=LINE('',#11114,#11115);
#7647=FILL_AREA_STYLE_COLOUR('',#11116);
#7648=LINE('',#11117,#11118);
#7649=FILL_AREA_STYLE_COLOUR('',#11119);
#7650=LINE('',#11120,#11121);
#7651=FILL_AREA_STYLE_COLOUR('',#11122);
#7652=FILL_AREA_STYLE_COLOUR('',#11123);
#7653=LINE('',#11124,#11125);
#7654=LINE('',#11126,#11127);
#7655=FILL_AREA_STYLE_COLOUR('',#11128);
#7656=LINE('',#11129,#11130);
#7657=FILL_AREA_STYLE_COLOUR('',#11131);
#7658=LINE('',#11132,#11133);
#7659=FILL_AREA_STYLE_COLOUR('',#11134);
#7660=FILL_AREA_STYLE_COLOUR('',#11135);
#7661=LINE('',#11136,#11137);
#7662=LINE('',#11138,#11139);
#7663=FILL_AREA_STYLE_COLOUR('',#11140);
#7664=LINE('',#11141,#11142);
#7665=FILL_AREA_STYLE_COLOUR('',#11143);
#7666=LINE('',#11144,#11145);
#7667=FILL_AREA_STYLE_COLOUR('',#11146);
#7668=FILL_AREA_STYLE_COLOUR('',#11147);
#7669=LINE('',#11148,#11149);
#7670=LINE('',#11150,#11151);
#7671=FILL_AREA_STYLE_COLOUR('',#11152);
#7672=LINE('',#11153,#11154);
#7673=FILL_AREA_STYLE_COLOUR('',#11155);
#7674=LINE('',#11156,#11157);
#7675=FILL_AREA_STYLE_COLOUR('',#11158);
#7676=FILL_AREA_STYLE_COLOUR('',#11159);
#7677=LINE('',#11160,#11161);
#7678=LINE('',#11162,#11163);
#7679=FILL_AREA_STYLE_COLOUR('',#11164);
#7680=LINE('',#11165,#11166);
#7681=FILL_AREA_STYLE_COLOUR('',#11167);
#7682=LINE('',#11168,#11169);
#7683=FILL_AREA_STYLE_COLOUR('',#11170);
#7684=FILL_AREA_STYLE_COLOUR('',#11171);
#7685=FILL_AREA_STYLE_COLOUR('',#11172);
#7686=VERTEX_POINT('',#11173);
#7687=CIRCLE('',#11174,0.0014);
#7688=FILL_AREA_STYLE_COLOUR('',#11175);
#7689=VERTEX_POINT('',#11176);
#7690=CIRCLE('',#11177,0.0014);
#7691=FILL_AREA_STYLE_COLOUR('',#11178);
#7692=VERTEX_POINT('',#11179);
#7693=CIRCLE('',#11180,0.0014);
#7694=FILL_AREA_STYLE_COLOUR('',#11181);
#7695=VERTEX_POINT('',#11182);
#7696=CIRCLE('',#11183,0.0014);
#7697=FILL_AREA_STYLE_COLOUR('',#11184);
#7698=VERTEX_POINT('',#11185);
#7699=CIRCLE('',#11186,0.0014);
#7700=FILL_AREA_STYLE_COLOUR('',#11187);
#7701=FILL_AREA_STYLE_COLOUR('',#11188);
#7702=VERTEX_POINT('',#11189);
#7703=VERTEX_POINT('',#11190);
#7704=CIRCLE('',#11191,0.00399999999599683);
#7705=VERTEX_POINT('',#11192);
#7706=LINE('',#11193,#11194);
#7707=VERTEX_POINT('',#11195);
#7708=LINE('',#11196,#11197);
#7709=LINE('',#11198,#11199);
#7710=FILL_AREA_STYLE_COLOUR('',#11200);
#7711=VERTEX_POINT('',#11201);
#7712=VERTEX_POINT('',#11202);
#7713=LINE('',#11203,#11204);
#7714=VERTEX_POINT('',#11205);
#7715=CIRCLE('',#11206,0.001);
#7716=VERTEX_POINT('',#11207);
#7717=LINE('',#11208,#11209);
#7718=VERTEX_POINT('',#11210);
#7719=LINE('',#11211,#11212);
#7720=VERTEX_POINT('',#11213);
#7721=CIRCLE('',#11214,0.0025);
#7722=LINE('',#11215,#11216);
#7723=FILL_AREA_STYLE_COLOUR('',#11217);
#7724=VERTEX_POINT('',#11218);
#7725=VERTEX_POINT('',#11219);
#7726=LINE('',#11220,#11221);
#7727=VERTEX_POINT('',#11222);
#7728=CIRCLE('',#11223,0.001);
#7729=VERTEX_POINT('',#11224);
#7730=LINE('',#11225,#11226);
#7731=VERTEX_POINT('',#11227);
#7732=LINE('',#11228,#11229);
#7733=VERTEX_POINT('',#11230);
#7734=CIRCLE('',#11231,0.0025);
#7735=LINE('',#11232,#11233);
#7736=FILL_AREA_STYLE_COLOUR('',#11234);
#7737=VERTEX_POINT('',#11235);
#7738=VERTEX_POINT('',#11236);
#7739=LINE('',#11237,#11238);
#7740=VERTEX_POINT('',#11239);
#7741=CIRCLE('',#11240,0.001);
#7742=VERTEX_POINT('',#11241);
#7743=LINE('',#11242,#11243);
#7744=VERTEX_POINT('',#11244);
#7745=LINE('',#11245,#11246);
#7746=VERTEX_POINT('',#11247);
#7747=CIRCLE('',#11248,0.0025);
#7748=LINE('',#11249,#11250);
#7749=FILL_AREA_STYLE_COLOUR('',#11251);
#7750=VERTEX_POINT('',#11252);
#7751=VERTEX_POINT('',#11253);
#7752=LINE('',#11254,#11255);
#7753=VERTEX_POINT('',#11256);
#7754=CIRCLE('',#11257,0.001);
#7755=VERTEX_POINT('',#11258);
#7756=LINE('',#11259,#11260);
#7757=VERTEX_POINT('',#11261);
#7758=LINE('',#11262,#11263);
#7759=VERTEX_POINT('',#11264);
#7760=CIRCLE('',#11265,0.0025);
#7761=LINE('',#11266,#11267);
#7762=FILL_AREA_STYLE_COLOUR('',#11268);
#7763=LINE('',#11269,#11270);
#7764=LINE('',#11271,#11272);
#7765=FILL_AREA_STYLE_COLOUR('',#11273);
#7766=LINE('',#11274,#11275);
#7767=LINE('',#11276,#11277);
#7768=FILL_AREA_STYLE_COLOUR('',#11278);
#7769=VERTEX_POINT('',#11279);
#7770=CIRCLE('',#11280,0.0014);
#7771=VERTEX_POINT('',#11281);
#7772=CIRCLE('',#11282,0.005);
#7773=FILL_AREA_STYLE_COLOUR('',#11283);
#7774=FILL_AREA_STYLE_COLOUR('',#11284);
#7775=VERTEX_POINT('',#11285);
#7776=CIRCLE('',#11286,0.0014);
#7777=VERTEX_POINT('',#11287);
#7778=CIRCLE('',#11288,0.005);
#7779=FILL_AREA_STYLE_COLOUR('',#11289);
#7780=FILL_AREA_STYLE_COLOUR('',#11290);
#7781=VERTEX_POINT('',#11291);
#7782=CIRCLE('',#11292,0.0014);
#7783=FILL_AREA_STYLE_COLOUR('',#11293);
#7784=FILL_AREA_STYLE_COLOUR('',#11294);
#7785=VERTEX_POINT('',#11295);
#7786=CIRCLE('',#11296,0.0014);
#7787=FILL_AREA_STYLE_COLOUR('',#11297);
#7788=FILL_AREA_STYLE_COLOUR('',#11298);
#7789=LINE('',#11299,#11300);
#7790=LINE('',#11301,#11302);
#7791=FILL_AREA_STYLE_COLOUR('',#11303);
#7792=LINE('',#11304,#11305);
#7793=LINE('',#11306,#11307);
#7794=FILL_AREA_STYLE_COLOUR('',#11308);
#7795=LINE('',#11309,#11310);
#7796=LINE('',#11311,#11312);
#7797=FILL_AREA_STYLE_COLOUR('',#11313);
#7798=LINE('',#11314,#11315);
#7799=FILL_AREA_STYLE_COLOUR('',#11316);
#7800=LINE('',#11317,#11318);
#7801=FILL_AREA_STYLE_COLOUR('',#11319);
#7802=LINE('',#11320,#11321);
#7803=FILL_AREA_STYLE_COLOUR('',#11322);
#7804=LINE('',#11323,#11324);
#7805=FILL_AREA_STYLE_COLOUR('',#11325);
#7806=LINE('',#11326,#11327);
#7807=FILL_AREA_STYLE_COLOUR('',#11328);
#7808=LINE('',#11329,#11330);
#7809=FILL_AREA_STYLE_COLOUR('',#11331);
#7810=FILL_AREA_STYLE_COLOUR('',#11332);
#7811=LINE('',#11333,#11334);
#7812=LINE('',#11335,#11336);
#7813=FILL_AREA_STYLE_COLOUR('',#11337);
#7814=LINE('',#11338,#11339);
#7815=FILL_AREA_STYLE_COLOUR('',#11340);
#7816=LINE('',#11341,#11342);
#7817=FILL_AREA_STYLE_COLOUR('',#11343);
#7818=LINE('',#11344,#11345);
#7819=FILL_AREA_STYLE_COLOUR('',#11346);
#7820=LINE('',#11347,#11348);
#7821=FILL_AREA_STYLE_COLOUR('',#11349);
#7822=LINE('',#11350,#11351);
#7823=FILL_AREA_STYLE_COLOUR('',#11352);
#7824=LINE('',#11353,#11354);
#7825=FILL_AREA_STYLE_COLOUR('',#11355);
#7826=FILL_AREA_STYLE_COLOUR('',#11356);
#7827=VERTEX_POINT('',#11357);
#7828=CIRCLE('',#11358,0.0023);
#7829=VERTEX_POINT('',#11359);
#7830=CIRCLE('',#11360,0.0023);
#7831=VERTEX_POINT('',#11361);
#7832=CIRCLE('',#11362,0.0023);
#7833=VERTEX_POINT('',#11363);
#7834=CIRCLE('',#11364,0.0023);
#7835=VERTEX_POINT('',#11365);
#7836=VERTEX_POINT('',#11366);
#7837=LINE('',#11367,#11368);
#7838=VERTEX_POINT('',#11369);
#7839=CIRCLE('',#11370,0.002);
#7840=VERTEX_POINT('',#11371);
#7841=LINE('',#11372,#11373);
#7842=VERTEX_POINT('',#11374);
#7843=CIRCLE('',#11375,0.002);
#7844=VERTEX_POINT('',#11376);
#7845=LINE('',#11377,#11378);
#7846=VERTEX_POINT('',#11379);
#7847=CIRCLE('',#11380,0.002);
#7848=VERTEX_POINT('',#11381);
#7849=LINE('',#11382,#11383);
#7850=CIRCLE('',#11384,0.002);
#7851=FILL_AREA_STYLE_COLOUR('',#11385);
#7852=LINE('',#11386,#11387);
#7853=LINE('',#11388,#11389);
#7854=FILL_AREA_STYLE_COLOUR('',#11390);
#7855=LINE('',#11391,#11392);
#7856=LINE('',#11393,#11394);
#7857=FILL_AREA_STYLE_COLOUR('',#11395);
#7858=LINE('',#11396,#11397);
#7859=LINE('',#11398,#11399);
#7860=FILL_AREA_STYLE_COLOUR('',#11400);
#7861=LINE('',#11401,#11402);
#7862=LINE('',#11403,#11404);
#7863=FILL_AREA_STYLE_COLOUR('',#11405);
#7864=VERTEX_POINT('',#11406);
#7865=CIRCLE('',#11407,0.0014);
#7866=FILL_AREA_STYLE_COLOUR('',#11408);
#7867=VERTEX_POINT('',#11409);
#7868=CIRCLE('',#11410,0.0023);
#7869=VERTEX_POINT('',#11411);
#7870=CIRCLE('',#11412,0.0014);
#7871=FILL_AREA_STYLE_COLOUR('',#11413);
#7872=FILL_AREA_STYLE_COLOUR('',#11414);
#7873=FILL_AREA_STYLE_COLOUR('',#11415);
#7874=VERTEX_POINT('',#11416);
#7875=CIRCLE('',#11417,0.0014);
#7876=FILL_AREA_STYLE_COLOUR('',#11418);
#7877=VERTEX_POINT('',#11419);
#7878=CIRCLE('',#11420,0.0023);
#7879=VERTEX_POINT('',#11421);
#7880=CIRCLE('',#11422,0.0014);
#7881=FILL_AREA_STYLE_COLOUR('',#11423);
#7882=FILL_AREA_STYLE_COLOUR('',#11424);
#7883=FILL_AREA_STYLE_COLOUR('',#11425);
#7884=VERTEX_POINT('',#11426);
#7885=CIRCLE('',#11427,0.0014);
#7886=FILL_AREA_STYLE_COLOUR('',#11428);
#7887=VERTEX_POINT('',#11429);
#7888=CIRCLE('',#11430,0.0023);
#7889=VERTEX_POINT('',#11431);
#7890=CIRCLE('',#11432,0.0014);
#7891=FILL_AREA_STYLE_COLOUR('',#11433);
#7892=FILL_AREA_STYLE_COLOUR('',#11434);
#7893=FILL_AREA_STYLE_COLOUR('',#11435);
#7894=VERTEX_POINT('',#11436);
#7895=CIRCLE('',#11437,0.0014);
#7896=FILL_AREA_STYLE_COLOUR('',#11438);
#7897=VERTEX_POINT('',#11439);
#7898=CIRCLE('',#11440,0.0023);
#7899=VERTEX_POINT('',#11441);
#7900=CIRCLE('',#11442,0.0014);
#7901=FILL_AREA_STYLE_COLOUR('',#11443);
#7902=FILL_AREA_STYLE_COLOUR('',#11444);
#7903=FILL_AREA_STYLE_COLOUR('',#11445);
#7904=FILL_AREA_STYLE_COLOUR('',#11446);
#7905=FILL_AREA_STYLE_COLOUR('',#11447);
#7906=FILL_AREA_STYLE_COLOUR('',#11448);
#7907=FILL_AREA_STYLE_COLOUR('',#11449);
#7908=FILL_AREA_STYLE_COLOUR('',#11450);
#7909=LINE('',#11451,#11452);
#7910=LINE('',#11453,#11454);
#7911=FILL_AREA_STYLE_COLOUR('',#11455);
#7912=LINE('',#11456,#11457);
#7913=FILL_AREA_STYLE_COLOUR('',#11458);
#7914=LINE('',#11459,#11460);
#7915=FILL_AREA_STYLE_COLOUR('',#11461);
#7916=FILL_AREA_STYLE_COLOUR('',#11462);
#7917=LINE('',#11463,#11464);
#7918=LINE('',#11465,#11466);
#7919=FILL_AREA_STYLE_COLOUR('',#11467);
#7920=LINE('',#11468,#11469);
#7921=LINE('',#11470,#11471);
#7922=FILL_AREA_STYLE_COLOUR('',#11472);
#7923=LINE('',#11473,#11474);
#7924=LINE('',#11475,#11476);
#7925=FILL_AREA_STYLE_COLOUR('',#11477);
#7926=LINE('',#11478,#11479);
#7927=LINE('',#11480,#11481);
#7928=FILL_AREA_STYLE_COLOUR('',#11482);
#7929=LINE('',#11483,#11484);
#7930=LINE('',#11485,#11486);
#7931=FILL_AREA_STYLE_COLOUR('',#11487);
#7932=LINE('',#11488,#11489);
#7933=FILL_AREA_STYLE_COLOUR('',#11490);
#7934=LINE('',#11491,#11492);
#7935=LINE('',#11493,#11494);
#7936=FILL_AREA_STYLE_COLOUR('',#11495);
#7937=LINE('',#11496,#11497);
#7938=LINE('',#11498,#11499);
#7939=FILL_AREA_STYLE_COLOUR('',#11500);
#7940=LINE('',#11501,#11502);
#7941=FILL_AREA_STYLE_COLOUR('',#11503);
#7942=FILL_AREA_STYLE_COLOUR('',#11504);
#7943=FILL_AREA_STYLE_COLOUR('',#11505);
#7944=LINE('',#11506,#11507);
#7945=LINE('',#11508,#11509);
#7946=FILL_AREA_STYLE_COLOUR('',#11510);
#7947=LINE('',#11511,#11512);
#7948=LINE('',#11513,#11514);
#7949=FILL_AREA_STYLE_COLOUR('',#11515);
#7950=LINE('',#11516,#11517);
#7951=FILL_AREA_STYLE_COLOUR('',#11518);
#7952=LINE('',#11519,#11520);
#7953=FILL_AREA_STYLE_COLOUR('',#11521);
#7954=LINE('',#11522,#11523);
#7955=FILL_AREA_STYLE_COLOUR('',#11524);
#7956=FILL_AREA_STYLE_COLOUR('',#11525);
#7957=LINE('',#11526,#11527);
#7958=FILL_AREA_STYLE_COLOUR('',#11528);
#7959=FILL_AREA_STYLE_COLOUR('',#11529);
#7960=LINE('',#11530,#11531);
#7961=LINE('',#11532,#11533);
#7962=FILL_AREA_STYLE_COLOUR('',#11534);
#7963=FILL_AREA_STYLE_COLOUR('',#11535);
#7964=FILL_AREA_STYLE_COLOUR('',#11536);
#7965=COLOUR_RGB('',1.0,1.0,1.0);
#7966=CARTESIAN_POINT('',(0.012877938173432,0.0133491486256872,-0.0976742392359506));
#7967=CARTESIAN_POINT('',(0.012877938173432,0.0133491486256872,-0.0970742392359504));
#7968=CARTESIAN_POINT('',(0.012877938173432,0.0133491486256872,-0.0976742392359506));
#7969=VECTOR('',#11537,1.0);
#7970=CARTESIAN_POINT('',(0.012877938173432,-0.0121066954970285,-0.0976742392359506));
#7971=CARTESIAN_POINT('',(0.012877938173432,0.0133491486256872,-0.0976742392359506));
#7972=CARTESIAN_POINT('',(0.0145445360209286,0.0116825507781905,-0.0976742392359506));
#7973=CARTESIAN_POINT('',(0.0158780571966335,0.00968683136045887,-0.0976742392359506));
#7974=CARTESIAN_POINT('',(0.0176816381695536,0.00533222540183417,-0.0976742392359506));
#7975=CARTESIAN_POINT('',(0.0181500881164653,0.00297789249832472,-0.0976742392359506));
#7976=CARTESIAN_POINT('',(0.0181499441076852,-0.00173543929589696,-0.0976742392359506));
#7977=CARTESIAN_POINT('',(0.0176817712716599,-0.00408982726021508,-0.0976742392359506));
#7978=CARTESIAN_POINT('',(0.0158779241268021,-0.00844432316683692,-0.0976742392359506));
#7979=CARTESIAN_POINT('',(0.0145445958268774,-0.0104400377509621,-0.0976742392359506));
#7980=CARTESIAN_POINT('',(0.0128779385277281,-0.0121066951427324,-0.0976742392359506));
#7981=CARTESIAN_POINT('',(0.012877938309366,-0.0121066953610945,-0.0970742392359505));
#7982=CARTESIAN_POINT('',(0.012877938173432,-0.0121066954970285,-0.0976742392359506));
#7983=VECTOR('',#11538,1.0);
#7984=CARTESIAN_POINT('',(0.012877938173432,-0.0121066954970285,-0.0970742392359505));
#7985=CARTESIAN_POINT('',(0.0135030259042529,-0.0114816077662076,-0.0970742392359505));
#7986=CARTESIAN_POINT('',(0.0140642042726034,-0.0107978525506163,-0.0970742392359505));
#7987=CARTESIAN_POINT('',(0.0143441884380524,-0.0104567121143385,-0.0970742392359505));
#7988=CARTESIAN_POINT('',(0.0146077516787257,-0.0101013609165345,-0.0970742392359505));
#7989=CARTESIAN_POINT('',(0.0148706596231542,-0.00974689322701083,-0.0970742392359505));
#7990=CARTESIAN_POINT('',(0.0151164691335199,-0.00937903763002353,-0.0970742392359505));
#7991=CARTESIAN_POINT('',(0.0153616674886661,-0.00901209663096139,-0.0970742392359506));
#7992=CARTESIAN_POINT('',(0.015589131092079,-0.00863262283114869,-0.0970742392359505));
#7993=CARTESIAN_POINT('',(0.0158160291536335,-0.00825409251554521,-0.0970742392359505));
#7994=CARTESIAN_POINT('',(0.0160245988703445,-0.00786391469853865,-0.0970742392359505));
#7995=CARTESIAN_POINT('',(0.0162326500210008,-0.00747470697908223,-0.0970742392359505));
#7996=CARTESIAN_POINT('',(0.0164218233882961,-0.00707476511741577,-0.0970742392359505));
#7997=CARTESIAN_POINT('',(0.0166105264145995,-0.00667581762961186,-0.0970742392359505));
#7998=CARTESIAN_POINT('',(0.0167798476972773,-0.00626707521824231,-0.0970742392359505));
#7999=CARTESIAN_POINT('',(0.0169487479971133,-0.00585934906152889,-0.0970742392359505));
#8000=CARTESIAN_POINT('',(0.0170978092853685,-0.00544279079673066,-0.0970742392359505));
#8001=CARTESIAN_POINT('',(0.0172464999631215,-0.00502726821912864,-0.0970742392359505));
#8002=CARTESIAN_POINT('',(0.0173749421552539,-0.00460389762625101,-0.0970742392359505));
#8003=CARTESIAN_POINT('',(0.0175030650020565,-0.00418157965805483,-0.0970742392359505));
#8004=CARTESIAN_POINT('',(0.0176105786695759,-0.00375241667392944,-0.0970742392359505));
#8005=CARTESIAN_POINT('',(0.0177178250262772,-0.00332432071608121,-0.0970742392359505));
#8006=CARTESIAN_POINT('',(0.0178041511593323,-0.002890399231961,-0.0970742392359505));
#8007=CARTESIAN_POINT('',(0.0178902626600631,-0.00245755660511604,-0.0970742392359505));
#8008=CARTESIAN_POINT('',(0.0179551932914402,-0.0020199219758672,-0.0970742392359505));
#8009=CARTESIAN_POINT('',(0.0180199624860444,-0.00158337543587205,-0.0970742392359505));
#8010=CARTESIAN_POINT('',(0.0180633411921737,-0.00114308196160278,-0.0970742392359505));
#8011=CARTESIAN_POINT('',(0.0181066120459956,-0.000703883187276137,-0.0970742392359505));
#8012=CARTESIAN_POINT('',(0.0181283343237672,-0.000261991573564207,-0.0970742392359505));
#8013=CARTESIAN_POINT('',(0.0181500025935267,0.000178801366798889,-0.0970742392359505));
#8014=CARTESIAN_POINT('',(0.0181500161120741,0.000621226564329315,-0.0970742392359505));
#8015=CARTESIAN_POINT('',(0.0181500295970104,0.0010625517618935,-0.0970742392359505));
#8016=CARTESIAN_POINT('',(0.0181283343237672,0.00150444470222284,-0.0970742392359505));
#8017=CARTESIAN_POINT('',(0.0181066929913924,0.00194523896595741,-0.0970742392359505));
#8018=CARTESIAN_POINT('',(0.0180633411921737,0.00238553509026141,-0.0970742392359505));
#8019=CARTESIAN_POINT('',(0.0180200971783506,0.00282473650816789,-0.0970742392359505));
#8020=CARTESIAN_POINT('',(0.0179551932914402,0.00326237510452583,-0.0970742392359505));
#8021=CARTESIAN_POINT('',(0.0178904507747926,0.00369892560187058,-0.0970742392359505));
#8022=CARTESIAN_POINT('',(0.0178041511593323,0.00413285236061963,-0.0970742392359505));
#8023=CARTESIAN_POINT('',(0.0177180661102565,0.00456570024902531,-0.0970742392359505));
#8024=CARTESIAN_POINT('',(0.0176105786695759,0.00499486980258807,-0.0970742392359505));
#8025=CARTESIAN_POINT('',(0.0175033584744879,0.0054229723136117,-0.0970742392359505));
#8026=CARTESIAN_POINT('',(0.0173749421552539,0.00584635075490964,-0.0970742392359505));
#8027=CARTESIAN_POINT('',(0.0172468451169941,0.00626867655210449,-0.0970742392359505));
#8028=CARTESIAN_POINT('',(0.0170978092853685,0.00668524392538929,-0.0970742392359505));
#8029=CARTESIAN_POINT('',(0.0169491440009254,0.00710077558890671,-0.0970742392359505));
#8030=CARTESIAN_POINT('',(0.0167798476972773,0.00750952834690094,-0.0970742392359505));
#8031=CARTESIAN_POINT('',(0.0166109723143453,0.00791726482456352,-0.0970742392359505));
#8032=CARTESIAN_POINT('',(0.0164218233882961,0.0083172182460744,-0.0970742392359505));
#8033=CARTESIAN_POINT('',(0.0162331447424564,0.00871617726501179,-0.0970742392359505));
#8034=CARTESIAN_POINT('',(0.0160245988703445,0.00910636782719728,-0.0970742392359505));
#8035=CARTESIAN_POINT('',(0.0158165715049804,0.00949558826018593,-0.0970742392359505));
#8036=CARTESIAN_POINT('',(0.015589131092079,0.00987507595980732,-0.0970742392359505));
#8037=CARTESIAN_POINT('',(0.015362256163349,0.0102536201407082,-0.0970742392359505));
#8038=CARTESIAN_POINT('',(0.0151164691335199,0.0106214907586822,-0.0970742392359505));
#8039=CARTESIAN_POINT('',(0.014871293202991,0.0109884467414236,-0.0970742392359505));
#8040=CARTESIAN_POINT('',(0.0146077516787257,0.0113438140451931,-0.0970742392359505));
#8041=CARTESIAN_POINT('',(0.0143448653966897,0.0116982978006681,-0.0970742392359505));
#8042=CARTESIAN_POINT('',(0.0140642042726034,0.0120403056792749,-0.0970742392359505));
#8043=CARTESIAN_POINT('',(0.0137842409551527,0.0123814632250546,-0.0970742392359505));
#8044=CARTESIAN_POINT('',(0.0134871363684634,0.0127092877515757,-0.0970742392359505));
#8045=CARTESIAN_POINT('',(0.0131905855729605,0.0130365012261587,-0.0970742392359505));
#8046=CARTESIAN_POINT('',(0.012877938173432,0.0133491486256872,-0.0970742392359505));
#8047=COLOUR_RGB('',1.0,1.0,1.0);
#8048=CARTESIAN_POINT('',(0.0142921517358051,-0.0135209090594016,-0.0976742392359507));
#8049=CARTESIAN_POINT('',(0.0142921517358051,-0.0135209090594016,-0.0970742392359506));
#8050=CARTESIAN_POINT('',(0.0142921517358051,-0.0135209090594016,-0.0976742392359507));
#8051=VECTOR('',#11539,1.0);
#8052=CARTESIAN_POINT('',(0.0142921517358051,0.0147633621880603,-0.0976742392359506));
#8053=CARTESIAN_POINT('',(0.0142921517358051,-0.0135209090594016,-0.0976742392359507));
#8054=CARTESIAN_POINT('',(0.0161439289703352,-0.0116691318248715,-0.0976742392359507));
#8055=CARTESIAN_POINT('',(0.0176256098100951,-0.00945166489836812,-0.0976742392359507));
#8056=CARTESIAN_POINT('',(0.0196296037475153,-0.00461321918787574,-0.0976742392359506));
#8057=CARTESIAN_POINT('',(0.0201500881373502,-0.00199729139300961,-0.0976742392359506));
#8058=CARTESIAN_POINT('',(0.0201499440867912,0.00323974476753152,-0.0976742392359506));
#8059=CARTESIAN_POINT('',(0.0196297367656144,0.00585572761321976,-0.0976742392359506));
#8060=CARTESIAN_POINT('',(0.0176254765845988,0.010694063231016,-0.0976742392359506));
#8061=CARTESIAN_POINT('',(0.0161439685174421,0.0129115454064233,-0.0976742392359506));
#8062=CARTESIAN_POINT('',(0.0142921517358051,0.0147633621880603,-0.0976742392359506));
#8063=CARTESIAN_POINT('',(0.0142921517358051,0.0147633621880603,-0.0970742392359504));
#8064=CARTESIAN_POINT('',(0.0142921517358051,0.0147633621880603,-0.0976742392359506));
#8065=VECTOR('',#11540,1.0);
#8066=CARTESIAN_POINT('',(0.0142921517358051,0.0147633621880603,-0.0970742392359504));
#8067=CARTESIAN_POINT('',(0.0145233778720138,0.0145321360518516,-0.0970742392359505));
#8068=CARTESIAN_POINT('',(0.0147472975660308,0.0142930726047868,-0.0970742392359505));
#8069=CARTESIAN_POINT('',(0.0151945046176409,0.0138156208121747,-0.0970742392359505));
#8070=CARTESIAN_POINT('',(0.0156102251793289,0.0133090922476022,-0.0970742392359505));
#8071=CARTESIAN_POINT('',(0.0159213563081037,0.0129299991293494,-0.0970742392359505));
#8072=CARTESIAN_POINT('',(0.016214166741687,0.012535212654178,-0.0970742392359505));
#8073=CARTESIAN_POINT('',(0.0165063218817159,0.0121413096893016,-0.0970742392359505));
#8074=CARTESIAN_POINT('',(0.016779408358125,0.0117326312247214,-0.0970742392359505));
#8075=CARTESIAN_POINT('',(0.0170518836821037,0.0113248673599418,-0.0970742392359505));
#8076=CARTESIAN_POINT('',(0.0173045883120796,0.0109032814481938,-0.0970742392359505));
#8077=CARTESIAN_POINT('',(0.0175567274030926,0.0104826390223616,-0.0970742392359505));
#8078=CARTESIAN_POINT('',(0.0177884413990412,0.0100491613008493,-0.0970742392359505));
#8079=CARTESIAN_POINT('',(0.0180196368319083,0.00961665367845473,-0.0970742392359505));
#8080=CARTESIAN_POINT('',(0.018229801974543,0.00917232843293497,-0.0970742392359505));
#8081=CARTESIAN_POINT('',(0.0184394967792292,0.00872899756270419,-0.0970742392359505));
#8082=CARTESIAN_POINT('',(0.0186276067622999,0.00827489521163112,-0.0970742392359505));
#8083=CARTESIAN_POINT('',(0.0188152957656539,0.00782180911645243,-0.0970742392359505));
#8084=CARTESIAN_POINT('',(0.0189808974157345,0.00735902363217373,-0.0970742392359505));
#8085=CARTESIAN_POINT('',(0.0191461284584973,0.00689727383616873,-0.0970742392359505));
#8086=CARTESIAN_POINT('',(0.0192888228267183,0.00642692010941857,-0.0970742392359505));
#8087=CARTESIAN_POINT('',(0.0194311978528394,0.00595761900828114,-0.0970742392359505));
#8088=CARTESIAN_POINT('',(0.019550641175965,0.0054808301623946,-0.0970742392359505));
#8089=CARTESIAN_POINT('',(0.0196698171915408,0.0050051083435699,-0.0970742392359505));
#8090=CARTESIAN_POINT('',(0.0197657217201387,0.00452303300465189,-0.0970742392359505));
#8091=CARTESIAN_POINT('',(0.0198614116197082,0.00404203652366813,-0.0970742392359505));
#8092=CARTESIAN_POINT('',(0.0199335463113697,0.00355583605343656,-0.0970742392359505));
#8093=CARTESIAN_POINT('',(0.0200055195695881,0.00307072367291848,-0.0970742392359505));
#8094=CARTESIAN_POINT('',(0.0200537106455181,0.00258156937092053,-0.0970742392359505));
#8095=CARTESIAN_POINT('',(0.0201017938724949,0.00209350976910024,-0.0970742392359505));
#8096=CARTESIAN_POINT('',(0.0201259252361776,0.00160258005087767,-0.0970742392359505));
#8097=CARTESIAN_POINT('',(0.0201500025952068,0.00111274900613459,-0.0970742392359505));
#8098=CARTESIAN_POINT('',(0.0201500161120741,0.000621226564329316,-0.0970742392359505));
#8099=CARTESIAN_POINT('',(0.0201500295986915,0.000130804122563038,-0.0970742392359505));
#8100=CARTESIAN_POINT('',(0.0201259252361776,-0.00036012692221904,-0.0970742392359505));
#8101=CARTESIAN_POINT('',(0.0201018748178967,-0.000849959290416609,-0.0970742392359505));
#8102=CARTESIAN_POINT('',(0.0200537106455181,-0.0013391162422619,-0.0970742392359505));
#8103=CARTESIAN_POINT('',(0.0200056542618979,-0.001827178487857,-0.0970742392359505));
#8104=CARTESIAN_POINT('',(0.0199335463113697,-0.00231338292477793,-0.0970742392359505));
#8105=CARTESIAN_POINT('',(0.0198615997344473,-0.00279849926305633,-0.0970742392359505));
#8106=CARTESIAN_POINT('',(0.0197657217201387,-0.00328057987599325,-0.0970742392359505));
#8107=CARTESIAN_POINT('',(0.0196700582755199,-0.00376158161919909,-0.0970742392359505));
#8108=CARTESIAN_POINT('',(0.019550641175965,-0.00423837703373596,-0.0970742392359505));
#8109=CARTESIAN_POINT('',(0.0194314913252646,-0.00471410540654409,-0.0970742392359505));
#8110=CARTESIAN_POINT('',(0.0192888228267183,-0.00518446698075994,-0.0970742392359505));
#8111=CARTESIAN_POINT('',(0.0191464736123666,-0.00565377591183511,-0.0970742392359505));
#8112=CARTESIAN_POINT('',(0.0189808974157345,-0.00611657050351509,-0.0970742392359505));
#8113=CARTESIAN_POINT('',(0.0188156917694578,-0.00657832938653731,-0.0970742392359505));
#8114=CARTESIAN_POINT('',(0.0186276067622998,-0.00703244208297249,-0.0970742392359505));
#8115=CARTESIAN_POINT('',(0.0184399426789747,-0.00748553850033472,-0.0970742392359505));
#8116=CARTESIAN_POINT('',(0.018229801974543,-0.00792987530427633,-0.0970742392359505));
#8117=CARTESIAN_POINT('',(0.018020131553383,-0.00837321770703096,-0.0970742392359505));
#8118=CARTESIAN_POINT('',(0.0177884413990412,-0.00880670817219064,-0.0970742392359505));
#8119=CARTESIAN_POINT('',(0.0175572697544461,-0.00923922850967314,-0.0970742392359506));
#8120=CARTESIAN_POINT('',(0.0173045883120795,-0.00966082831953513,-0.0970742392359506));
#8121=CARTESIAN_POINT('',(0.0170524723567788,-0.0100814846123855,-0.0970742392359506));
#8122=CARTESIAN_POINT('',(0.016779408358125,-0.0104901780960627,-0.0970742392359506));
#8123=CARTESIAN_POINT('',(0.0165069554615297,-0.0108979569464292,-0.0970742392359506));
#8124=CARTESIAN_POINT('',(0.016214166741687,-0.0112927595255194,-0.0970742392359506));
#8125=CARTESIAN_POINT('',(0.0159220332667374,-0.0116866785583655,-0.0970742392359506));
#8126=CARTESIAN_POINT('',(0.0156102251793289,-0.0120666391189436,-0.0970742392359506));
#8127=CARTESIAN_POINT('',(0.0152991149011609,-0.0124457493488185,-0.0970742392359505));
#8128=CARTESIAN_POINT('',(0.0149690386191733,-0.0128099525326111,-0.0970742392359505));
#8129=CARTESIAN_POINT('',(0.0146395161417515,-0.0131735446534552,-0.0970742392359506));
#8130=CARTESIAN_POINT('',(0.0142921517358051,-0.0135209090594016,-0.0970742392359506));
#8131=COLOUR_RGB('',1.0,1.0,1.0);
#8132=CARTESIAN_POINT('',(-0.0125779059492837,0.0133491486256872,-0.0970742392359504));
#8133=CARTESIAN_POINT('',(-0.0139921195116568,0.0147633621880603,-0.0970742392359504));
#8134=CARTESIAN_POINT('',(-0.0139921195116568,0.0147633621880603,-0.0970742392359504));
#8135=CARTESIAN_POINT('',(-0.0139226724575495,0.0148328092421676,-0.0970742392359504));
#8136=CARTESIAN_POINT('',(-0.0138405829634898,0.0148877250191763,-0.0970742392359504));
#8137=CARTESIAN_POINT('',(-0.0138002076446251,0.0149147350773187,-0.0970742392359504));
#8138=CARTESIAN_POINT('',(-0.0137564094672962,0.0149381766712221,-0.0970742392359504));
#8139=CARTESIAN_POINT('',(-0.0137135811179678,0.0149610991952572,-0.0970742392359504));
#8140=CARTESIAN_POINT('',(-0.0136676961628353,0.0149801349393851,-0.0970742392359504));
#8141=CARTESIAN_POINT('',(-0.0136228272434601,0.0149987491728753,-0.0970742392359504));
#8142=CARTESIAN_POINT('',(-0.0135752974077247,0.015013195742606,-0.0970742392359504));
#8143=CARTESIAN_POINT('',(-0.0135288200305238,0.0150273224203074,-0.0970742392359504));
#8144=CARTESIAN_POINT('',(-0.0134801030524864,0.015037040687277,-0.0970742392359504));
#8145=CARTESIAN_POINT('',(-0.0134324648200101,0.0150465437615607,-0.0970742392359504));
#8146=CARTESIAN_POINT('',(-0.0133830298707998,0.015051440133546,-0.0970742392359504));
#8147=CARTESIAN_POINT('',(-0.0133346895652684,0.0150562280846119,-0.0970742392359504));
#8148=CARTESIAN_POINT('',(-0.0132850127304702,0.0150562554068738,-0.0970742392359504));
#8149=CARTESIAN_POINT('',(-0.0132364358954505,0.0150562821241357,-0.0970742392359504));
#8150=CARTESIAN_POINT('',(-0.0131869955901407,0.015051440133546,-0.0970742392359504));
#8151=CARTESIAN_POINT('',(-0.0131386500471088,0.015046705359702,-0.0970742392359504));
#8152=CARTESIAN_POINT('',(-0.0130899224084541,0.015037040687277,-0.0970742392359504));
#8153=CARTESIAN_POINT('',(-0.0130422737514184,0.0150275900207876,-0.0970742392359504));
#8154=CARTESIAN_POINT('',(-0.0129947280532158,0.015013195742606,-0.0970742392359504));
#8155=CARTESIAN_POINT('',(-0.0129482351647918,0.014999120198556,-0.0970742392359504));
#8156=CARTESIAN_POINT('',(-0.0129023292981051,0.0149801349393851,-0.0970742392359504));
#8157=CARTESIAN_POINT('',(-0.0128574399302228,0.0149615700729579,-0.0970742392359504));
#8158=CARTESIAN_POINT('',(-0.0128136159936442,0.0149381766712221,-0.0970742392359504));
#8159=CARTESIAN_POINT('',(-0.0127707624554554,0.0149153012722298,-0.0970742392359504));
#8160=CARTESIAN_POINT('',(-0.0127294424974506,0.0148877250191763,-0.0970742392359504));
#8161=CARTESIAN_POINT('',(-0.012689037491954,0.0148607593902163,-0.0970742392359504));
#8162=CARTESIAN_POINT('',(-0.0126506194463066,0.0148292658602365,-0.0970742392359504));
#8163=CARTESIAN_POINT('',(-0.0126130520957931,0.0147984696950564,-0.0970742392359504));
#8164=CARTESIAN_POINT('',(-0.0125779059492837,0.0147633621880603,-0.0970742392359504));
#8165=CARTESIAN_POINT('',(-0.0125435380478757,0.0147290320705665,-0.0970742392359504));
#8166=CARTESIAN_POINT('',(-0.0125120022771075,0.0146906486910374,-0.0970742392359504));
#8167=CARTESIAN_POINT('',(-0.0124811648064824,0.0146531152390276,-0.0970742392359504));
#8168=CARTESIAN_POINT('',(-0.0124535431181677,0.0146118256398934,-0.0970742392359504));
#8169=CARTESIAN_POINT('',(-0.0124265330600251,0.0145714503210283,-0.0970742392359504));
#8170=CARTESIAN_POINT('',(-0.0124030914661219,0.0145276521436998,-0.0970742392359504));
#8171=CARTESIAN_POINT('',(-0.0123801689420867,0.014484823794371,-0.0970742392359504));
#8172=CARTESIAN_POINT('',(-0.0123611331979589,0.0144389388392389,-0.0970742392359504));
#8173=CARTESIAN_POINT('',(-0.0123425189644685,0.0143940699198629,-0.0970742392359504));
#8174=CARTESIAN_POINT('',(-0.012328072394738,0.0143465400841282,-0.0970742392359504));
#8175=CARTESIAN_POINT('',(-0.0123139457170367,0.0143000627069274,-0.0970742392359504));
#8176=CARTESIAN_POINT('',(-0.012304227450067,0.0142513457288899,-0.0970742392359504));
#8177=CARTESIAN_POINT('',(-0.0122947243757833,0.014203707496414,-0.0970742392359504));
#8178=CARTESIAN_POINT('',(-0.012289828003798,0.0141542725472033,-0.0970742392359504));
#8179=CARTESIAN_POINT('',(-0.0122850400527321,0.0141059322416718,-0.0970742392359504));
#8180=CARTESIAN_POINT('',(-0.0122850127304702,0.0140562554068738,-0.0970742392359504));
#8181=CARTESIAN_POINT('',(-0.0122849860132083,0.0140076785718541,-0.0970742392359504));
#8182=CARTESIAN_POINT('',(-0.012289828003798,0.0139582382665442,-0.0970742392359504));
#8183=CARTESIAN_POINT('',(-0.0122945627776419,0.0139098927235127,-0.0970742392359504));
#8184=CARTESIAN_POINT('',(-0.012304227450067,0.0138611650848577,-0.0970742392359504));
#8185=CARTESIAN_POINT('',(-0.0123136781165564,0.0138135164278219,-0.0970742392359504));
#8186=CARTESIAN_POINT('',(-0.012328072394738,0.0137659707296193,-0.0970742392359504));
#8187=CARTESIAN_POINT('',(-0.0123421479387882,0.0137194778411949,-0.0970742392359504));
#8188=CARTESIAN_POINT('',(-0.0123611331979589,0.0136735719745087,-0.0970742392359504));
#8189=CARTESIAN_POINT('',(-0.0123796980643862,0.0136286826066262,-0.0970742392359504));
#8190=CARTESIAN_POINT('',(-0.0124030914661219,0.0135848586700478,-0.0970742392359504));
#8191=CARTESIAN_POINT('',(-0.0124259668651142,0.0135420051318589,-0.0970742392359504));
#8192=CARTESIAN_POINT('',(-0.0124535431181677,0.0135006851738542,-0.0970742392359504));
#8193=CARTESIAN_POINT('',(-0.0124805087471277,0.0134602801683576,-0.0970742392359504));
#8194=CARTESIAN_POINT('',(-0.0125120022771075,0.0134218621227101,-0.0970742392359504));
#8195=CARTESIAN_POINT('',(-0.0125294410190317,0.0134005891061982,-0.0970742392359504));
#8196=CARTESIAN_POINT('',(-0.0125487890807111,0.0133795170988585,-0.0970742392359504));
#8197=CARTESIAN_POINT('',(-0.0125628359985068,0.0133642185764641,-0.0970742392359504));
#8198=CARTESIAN_POINT('',(-0.0125779059492837,0.0133491486256872,-0.0970742392359504));
#8199=CARTESIAN_POINT('',(-0.0139921195116568,-0.0135209090594016,-0.0970742392359505));
#8200=CARTESIAN_POINT('',(-0.0139921195116568,-0.0135209090594016,-0.0970742392359505));
#8201=CARTESIAN_POINT('',(-0.0142233456478579,-0.0132896829232005,-0.0970742392359505));
#8202=CARTESIAN_POINT('',(-0.0144472653418826,-0.0130506194761281,-0.0970742392359505));
#8203=CARTESIAN_POINT('',(-0.0148944723934858,-0.0125731676835243,-0.0970742392359505));
#8204=CARTESIAN_POINT('',(-0.0153101929551806,-0.0120666391189436,-0.0970742392359505));
#8205=CARTESIAN_POINT('',(-0.0156213240839453,-0.0116875460007031,-0.0970742392359504));
#8206=CARTESIAN_POINT('',(-0.0159141345175388,-0.0112927595255193,-0.0970742392359504));
#8207=CARTESIAN_POINT('',(-0.0162062896575536,-0.0108988565606633,-0.0970742392359504));
#8208=CARTESIAN_POINT('',(-0.0164793761339768,-0.0104901780960627,-0.0970742392359504));
#8209=CARTESIAN_POINT('',(-0.0167518514579315,-0.0100824142313199,-0.0970742392359504));
#8210=CARTESIAN_POINT('',(-0.0170045560879313,-0.00966082831953508,-0.0970742392359504));
#8211=CARTESIAN_POINT('',(-0.0172566951789134,-0.0092401858937579,-0.0970742392359504));
#8212=CARTESIAN_POINT('',(-0.017488409174893,-0.0088067081721906,-0.0970742392359504));
#8213=CARTESIAN_POINT('',(-0.0177196046077513,-0.0083742005498153,-0.0970742392359504));
#8214=CARTESIAN_POINT('',(-0.0179297697503948,-0.00792987530427629,-0.0970742392359504));
#8215=CARTESIAN_POINT('',(-0.0181394645550835,-0.00748654443403927,-0.0970742392359504));
#8216=CARTESIAN_POINT('',(-0.0183275745381516,-0.00703244208297244,-0.0970742392359504));
#8217=CARTESIAN_POINT('',(-0.0185152635415067,-0.0065793559877913,-0.0970742392359504));
#8218=CARTESIAN_POINT('',(-0.0186808651915863,-0.00611657050351505,-0.0970742392359504));
#8219=CARTESIAN_POINT('',(-0.0188460962343506,-0.00565482070750544,-0.0970742392359504));
#8220=CARTESIAN_POINT('',(-0.0189887906025701,-0.0051844669807599,-0.0970742392359504));
#8221=CARTESIAN_POINT('',(-0.0191311656286918,-0.00471516587962021,-0.0970742392359504));
#8222=CARTESIAN_POINT('',(-0.0192506089518168,-0.00423837703373593,-0.0970742392359504));
#8223=CARTESIAN_POINT('',(-0.0193697849673997,-0.00376265521488267,-0.0970742392359504));
#8224=CARTESIAN_POINT('',(-0.0194656894959905,-0.00328057987599321,-0.0970742392359504));
#8225=CARTESIAN_POINT('',(-0.0195613793955704,-0.00279958339494979,-0.0970742392359504));
#8226=CARTESIAN_POINT('',(-0.0196335140872215,-0.00231338292477786,-0.0970742392359504));
#8227=CARTESIAN_POINT('',(-0.0197054873454383,-0.00182827054425984,-0.0970742392359504));
#8228=CARTESIAN_POINT('',(-0.0197536784213698,-0.00133911624226184,-0.0970742392359504));
#8229=CARTESIAN_POINT('',(-0.0198017616483451,-0.000851056640472946,-0.0970742392359504));
#8230=CARTESIAN_POINT('',(-0.0198258930120293,-0.000360126922218994,-0.0970742392359504));
#8231=CARTESIAN_POINT('',(-0.0198499703710585,0.000129704122524096,-0.0970742392359504));
#8232=CARTESIAN_POINT('',(-0.0198499838879259,0.000621226564329369,-0.0970742392359504));
#8233=CARTESIAN_POINT('',(-0.0198499973745432,0.00111164900612733,-0.0970742392359504));
#8234=CARTESIAN_POINT('',(-0.0198258930120293,0.00160258005087772,-0.0970742392359504));
#8235=CARTESIAN_POINT('',(-0.0198018425937438,0.00209241241913821,-0.0970742392359504));
#8236=CARTESIAN_POINT('',(-0.0197536784213698,0.00258156937092057,-0.0970742392359504));
#8237=CARTESIAN_POINT('',(-0.019705622037745,0.00306963161654676,-0.0970742392359504));
#8238=CARTESIAN_POINT('',(-0.0196335140872215,0.00355583605343659,-0.0970742392359504));
#8239=CARTESIAN_POINT('',(-0.019561567510299,0.00404095239171499,-0.0970742392359504));
#8240=CARTESIAN_POINT('',(-0.0194656894959905,0.00452303300465194,-0.0970742392359504));
#8241=CARTESIAN_POINT('',(-0.0193700260513716,0.00500403474785772,-0.0970742392359504));
#8242=CARTESIAN_POINT('',(-0.0192506089518167,0.00548083016239466,-0.0970742392359504));
#8243=CARTESIAN_POINT('',(-0.0191314591011237,0.00595655853517348,-0.0970742392359504));
#8244=CARTESIAN_POINT('',(-0.01898879060257,0.00642692010941863,-0.0970742392359504));
#8245=CARTESIAN_POINT('',(-0.0188464413882293,0.0068962290404628,-0.0970742392359504));
#8246=CARTESIAN_POINT('',(-0.0186808651915863,0.00735902363217378,-0.0970742392359504));
#8247=CARTESIAN_POINT('',(-0.0185156595453105,0.00782078251519355,-0.0970742392359504));
#8248=CARTESIAN_POINT('',(-0.0183275745381516,0.00827489521163117,-0.0970742392359504));
#8249=CARTESIAN_POINT('',(-0.0181399104548239,0.00872799162899963,-0.0970742392359504));
#8250=CARTESIAN_POINT('',(-0.0179297697503947,0.00917232843293501,-0.0970742392359504));
#8251=CARTESIAN_POINT('',(-0.0177200993292197,0.00961567083572074,-0.0970742392359504));
#8252=CARTESIAN_POINT('',(-0.017488409174893,0.0100491613008493,-0.0970742392359504));
#8253=CARTESIAN_POINT('',(-0.0172572375302631,0.0104816816383938,-0.0970742392359504));
#8254=CARTESIAN_POINT('',(-0.0170045560879313,0.0109032814481938,-0.0970742392359504));
#8255=CARTESIAN_POINT('',(-0.0167524401326334,0.0113239377410352,-0.0970742392359504));
#8256=CARTESIAN_POINT('',(-0.0164793761339767,0.0117326312247214,-0.0970742392359504));
#8257=CARTESIAN_POINT('',(-0.0162069232374372,0.012140410075009,-0.0970742392359504));
#8258=CARTESIAN_POINT('',(-0.0159141345175387,0.0125352126541781,-0.0970742392359504));
#8259=CARTESIAN_POINT('',(-0.0156220010426231,0.012929131686982,-0.0970742392359504));
#8260=CARTESIAN_POINT('',(-0.0153101929551806,0.0133090922476023,-0.0970742392359504));
#8261=CARTESIAN_POINT('',(-0.0149990826770059,0.0136882024774862,-0.0970742392359504));
#8262=CARTESIAN_POINT('',(-0.014669006395025,0.0140524056612697,-0.0970742392359504));
#8263=CARTESIAN_POINT('',(-0.0143394839175882,0.0144159977821289,-0.0970742392359504));
#8264=CARTESIAN_POINT('',(-0.0139921195116568,0.0147633621880603,-0.0970742392359504));
#8265=CARTESIAN_POINT('',(-0.0125779059492838,-0.0121066954970285,-0.0970742392359505));
#8266=CARTESIAN_POINT('',(-0.0125779059492838,-0.0121066954970285,-0.0970742392359505));
#8267=CARTESIAN_POINT('',(-0.0125084588951759,-0.0121761425511364,-0.0970742392359505));
#8268=CARTESIAN_POINT('',(-0.0124535431181678,-0.0122582320451955,-0.0970742392359505));
#8269=CARTESIAN_POINT('',(-0.0124265330600249,-0.012298607364061,-0.0970742392359505));
#8270=CARTESIAN_POINT('',(-0.012403091466122,-0.0123424055413891,-0.0970742392359505));
#8271=CARTESIAN_POINT('',(-0.0123801689420871,-0.0123852338907172,-0.0970742392359505));
#8272=CARTESIAN_POINT('',(-0.012361133197959,-0.01243111884585,-0.0970742392359505));
#8273=CARTESIAN_POINT('',(-0.0123425189644691,-0.0124759877652245,-0.0970742392359505));
#8274=CARTESIAN_POINT('',(-0.0123280723947381,-0.0125235176009606,-0.0970742392359505));
#8275=CARTESIAN_POINT('',(-0.0123139457170367,-0.0125699949781614,-0.0970742392359505));
#8276=CARTESIAN_POINT('',(-0.0123042274500671,-0.0126187119561989,-0.0970742392359505));
#8277=CARTESIAN_POINT('',(-0.0122947243757834,-0.0126663501886756,-0.0970742392359505));
#8278=CARTESIAN_POINT('',(-0.0122898280037981,-0.0127157851378855,-0.0970742392359505));
#8279=CARTESIAN_POINT('',(-0.0122850400527322,-0.012764125443417,-0.0970742392359505));
#8280=CARTESIAN_POINT('',(-0.0122850127304703,-0.0128138022782151,-0.0970742392359505));
#8281=CARTESIAN_POINT('',(-0.0122849860132084,-0.0128623791132347,-0.0970742392359505));
#8282=CARTESIAN_POINT('',(-0.0122898280037981,-0.0129118194185446,-0.0970742392359505));
#8283=CARTESIAN_POINT('',(-0.0122945627776419,-0.0129601649615754,-0.0970742392359505));
#8284=CARTESIAN_POINT('',(-0.0123042274500671,-0.0130088926002312,-0.0970742392359505));
#8285=CARTESIAN_POINT('',(-0.0123136781165563,-0.0130565412572663,-0.0970742392359505));
#8286=CARTESIAN_POINT('',(-0.0123280723947381,-0.0131040869554695,-0.0970742392359505));
#8287=CARTESIAN_POINT('',(-0.0123421479387884,-0.0131505798438942,-0.0970742392359505));
#8288=CARTESIAN_POINT('',(-0.012361133197959,-0.0131964857105801,-0.0970742392359505));
#8289=CARTESIAN_POINT('',(-0.0123796980643862,-0.0132413750784622,-0.0970742392359505));
#8290=CARTESIAN_POINT('',(-0.012403091466122,-0.0132851990150411,-0.0970742392359505));
#8291=CARTESIAN_POINT('',(-0.0124259668651141,-0.0133280525532297,-0.0970742392359505));
#8292=CARTESIAN_POINT('',(-0.0124535431181678,-0.0133693725112347,-0.0970742392359505));
#8293=CARTESIAN_POINT('',(-0.0124805087471275,-0.0134097775167307,-0.0970742392359505));
#8294=CARTESIAN_POINT('',(-0.0125120022771076,-0.0134481955623787,-0.0970742392359505));
#8295=CARTESIAN_POINT('',(-0.0125427984422869,-0.0134857629128914,-0.0970742392359505));
#8296=CARTESIAN_POINT('',(-0.0125779059492838,-0.0135209090594016,-0.0970742392359505));
#8297=CARTESIAN_POINT('',(-0.0126122360667773,-0.0135552769608094,-0.0970742392359505));
#8298=CARTESIAN_POINT('',(-0.0126506194463067,-0.0135868127315778,-0.0970742392359505));
#8299=CARTESIAN_POINT('',(-0.0126881528983166,-0.013617650202203,-0.0970742392359505));
#8300=CARTESIAN_POINT('',(-0.0127294424974507,-0.0136452718905176,-0.0970742392359505));
#8301=CARTESIAN_POINT('',(-0.0127698178163164,-0.0136722819486606,-0.0970742392359505));
#8302=CARTESIAN_POINT('',(-0.0128136159936443,-0.0136957235425634,-0.0970742392359505));
#8303=CARTESIAN_POINT('',(-0.0128564443429728,-0.0137186460665984,-0.0970742392359505));
#8304=CARTESIAN_POINT('',(-0.0129023292981052,-0.0137376818107263,-0.0970742392359505));
#8305=CARTESIAN_POINT('',(-0.0129471982174799,-0.0137562960442164,-0.0970742392359505));
#8306=CARTESIAN_POINT('',(-0.0129947280532158,-0.0137707426139473,-0.0970742392359505));
#8307=CARTESIAN_POINT('',(-0.0130412054304163,-0.0137848692916485,-0.0970742392359505));
#8308=CARTESIAN_POINT('',(-0.0130899224084542,-0.0137945875586183,-0.0970742392359505));
#8309=CARTESIAN_POINT('',(-0.013137560640931,-0.0138040906329021,-0.0970742392359505));
#8310=CARTESIAN_POINT('',(-0.0131869955901407,-0.0138089870048872,-0.0970742392359505));
#8311=CARTESIAN_POINT('',(-0.0132353358956729,-0.0138137749559532,-0.0970742392359505));
#8312=CARTESIAN_POINT('',(-0.0132850127304703,-0.0138138022782151,-0.0970742392359505));
#8313=CARTESIAN_POINT('',(-0.0133335895654894,-0.013813828995477,-0.0970742392359505));
#8314=CARTESIAN_POINT('',(-0.0133830298707999,-0.0138089870048872,-0.0970742392359505));
#8315=CARTESIAN_POINT('',(-0.0134313754138306,-0.0138042522310435,-0.0970742392359505));
#8316=CARTESIAN_POINT('',(-0.0134801030524864,-0.0137945875586183,-0.0970742392359505));
#8317=CARTESIAN_POINT('',(-0.013527751709522,-0.0137851368921289,-0.0970742392359505));
#8318=CARTESIAN_POINT('',(-0.0135752974077248,-0.0137707426139473,-0.0970742392359505));
#8319=CARTESIAN_POINT('',(-0.0136217902961492,-0.013756667069897,-0.0970742392359505));
#8320=CARTESIAN_POINT('',(-0.0136676961628354,-0.0137376818107263,-0.0970742392359505));
#8321=CARTESIAN_POINT('',(-0.0137125855307174,-0.0137191169442992,-0.0970742392359505));
#8322=CARTESIAN_POINT('',(-0.0137564094672963,-0.0136957235425634,-0.0970742392359505));
#8323=CARTESIAN_POINT('',(-0.0137992630054846,-0.0136728481435714,-0.0970742392359505));
#8324=CARTESIAN_POINT('',(-0.0138405829634899,-0.0136452718905176,-0.0970742392359505));
#8325=CARTESIAN_POINT('',(-0.0138809879689854,-0.0136183062615583,-0.0970742392359505));
#8326=CARTESIAN_POINT('',(-0.0139194060146339,-0.0135868127315778,-0.0970742392359505));
#8327=CARTESIAN_POINT('',(-0.0139406790311448,-0.0135693739896546,-0.0970742392359505));
#8328=CARTESIAN_POINT('',(-0.0139617510384856,-0.0135500259279742,-0.0970742392359505));
#8329=CARTESIAN_POINT('',(-0.0139770495608799,-0.0135359790101785,-0.0970742392359505));
#8330=CARTESIAN_POINT('',(-0.0139921195116568,-0.0135209090594016,-0.0970742392359505));
#8331=CARTESIAN_POINT('',(-0.0125779059492837,0.0133491486256872,-0.0970742392359504));
#8332=CARTESIAN_POINT('',(-0.0132029936801124,0.0127240608948586,-0.0970742392359504));
#8333=CARTESIAN_POINT('',(-0.0137641720484551,0.012040305679275,-0.0970742392359504));
#8334=CARTESIAN_POINT('',(-0.0140441562139275,0.0116991652429678,-0.0970742392359504));
#8335=CARTESIAN_POINT('',(-0.0143077194545774,0.0113438140451932,-0.0970742392359504));
#8336=CARTESIAN_POINT('',(-0.0145706273990273,0.0109893463556385,-0.0970742392359504));
#8337=CARTESIAN_POINT('',(-0.0148164369093717,0.0106214907586822,-0.0970742392359504));
#8338=CARTESIAN_POINT('',(-0.015061635264525,0.0102545497596083,-0.0970742392359504));
#8339=CARTESIAN_POINT('',(-0.0152890988679307,0.00987507595980738,-0.0970742392359504));
#8340=CARTESIAN_POINT('',(-0.0155159969294862,0.00949654564420201,-0.0970742392359504));
#8341=CARTESIAN_POINT('',(-0.0157245666461962,0.00910636782719734,-0.0970742392359504));
#8342=CARTESIAN_POINT('',(-0.0159326177968537,0.00871716010773879,-0.0970742392359504));
#8343=CARTESIAN_POINT('',(-0.0161217911641478,0.00831721824607445,-0.0970742392359504));
#8344=CARTESIAN_POINT('',(-0.0163104941904542,0.00791827075826382,-0.0970742392359504));
#8345=CARTESIAN_POINT('',(-0.016479815473129,0.00750952834690099,-0.0970742392359504));
#8346=CARTESIAN_POINT('',(-0.0166487157729614,0.00710180219019593,-0.0970742392359504));
#8347=CARTESIAN_POINT('',(-0.0167977770612202,0.00668524392538934,-0.0970742392359504));
#8348=CARTESIAN_POINT('',(-0.0169464677389852,0.00626972134775604,-0.0970742392359504));
#8349=CARTESIAN_POINT('',(-0.0170749099311056,0.0058463507549097,-0.0970742392359504));
#8350=CARTESIAN_POINT('',(-0.0172030327779185,0.00542403278667179,-0.0970742392359504));
#8351=CARTESIAN_POINT('',(-0.0173105464454277,0.00499486980258813,-0.0970742392359504));
#8352=CARTESIAN_POINT('',(-0.0174177928021285,0.00456677384474223,-0.0970742392359504));
#8353=CARTESIAN_POINT('',(-0.017504118935184,0.00413285236061968,-0.0970742392359504));
#8354=CARTESIAN_POINT('',(-0.0175902304359166,0.00370000973376527,-0.0970742392359504));
#8355=CARTESIAN_POINT('',(-0.0176551610672919,0.00326237510452587,-0.0970742392359504));
#8356=CARTESIAN_POINT('',(-0.0177199302619033,0.00282582856448032,-0.0970742392359504));
#8357=CARTESIAN_POINT('',(-0.0177633089680254,0.00238553509026145,-0.0970742392359504));
#8358=CARTESIAN_POINT('',(-0.017806579821846,0.00194633631592726,-0.0970742392359504));
#8359=CARTESIAN_POINT('',(-0.017828302099619,0.00150444470222289,-0.0970742392359504));
#8360=CARTESIAN_POINT('',(-0.0178499703693784,0.00106365176189507,-0.0970742392359504));
#8361=CARTESIAN_POINT('',(-0.0178499838879259,0.000621226564329365,-0.0970742392359504));
#8362=CARTESIAN_POINT('',(-0.0178499973728622,0.000179901366786729,-0.0970742392359504));
#8363=CARTESIAN_POINT('',(-0.017828302099619,-0.000261991573564157,-0.0970742392359504));
#8364=CARTESIAN_POINT('',(-0.0178066607672483,-0.000702785837234487,-0.0970742392359504));
#8365=CARTESIAN_POINT('',(-0.0177633089680254,-0.00114308196160272,-0.0970742392359504));
#8366=CARTESIAN_POINT('',(-0.0177200649542094,-0.00158228337945931,-0.0970742392359504));
#8367=CARTESIAN_POINT('',(-0.0176551610672919,-0.00201992197586714,-0.0970742392359504));
#8368=CARTESIAN_POINT('',(-0.017590418550646,-0.00245647247320288,-0.0970742392359504));
#8369=CARTESIAN_POINT('',(-0.017504118935184,-0.00289039923196095,-0.0970742392359504));
#8370=CARTESIAN_POINT('',(-0.0174180338861075,-0.00332324712037059,-0.0970742392359504));
#8371=CARTESIAN_POINT('',(-0.0173105464454277,-0.0037524166739294,-0.0970742392359504));
#8372=CARTESIAN_POINT('',(-0.0172033262503423,-0.00418051918494127,-0.0970742392359504));
#8373=CARTESIAN_POINT('',(-0.0170749099311056,-0.00460389762625097,-0.0970742392359504));
#8374=CARTESIAN_POINT('',(-0.016946812892855,-0.0050262234234187,-0.0970742392359504));
#8375=CARTESIAN_POINT('',(-0.0167977770612203,-0.00544279079673061,-0.0970742392359504));
#8376=CARTESIAN_POINT('',(-0.0166491117767758,-0.00585832246025341,-0.0970742392359504));
#8377=CARTESIAN_POINT('',(-0.016479815473129,-0.00626707521824226,-0.0970742392359504));
#8378=CARTESIAN_POINT('',(-0.0163109400901814,-0.0066748116959406,-0.0970742392359504));
#8379=CARTESIAN_POINT('',(-0.0161217911641479,-0.00707476511741572,-0.0970742392359504));
#8380=CARTESIAN_POINT('',(-0.015933112518308,-0.00747372413635093,-0.0970742392359504));
#8381=CARTESIAN_POINT('',(-0.0157245666461963,-0.0078639146985386,-0.0970742392359504));
#8382=CARTESIAN_POINT('',(-0.0155165392808541,-0.00825313513148883,-0.0970742392359504));
#8383=CARTESIAN_POINT('',(-0.0152890988679308,-0.00863262283114863,-0.0970742392359504));
#8384=CARTESIAN_POINT('',(-0.0150622239392134,-0.00901116701203027,-0.0970742392359505));
#8385=CARTESIAN_POINT('',(-0.0148164369093717,-0.00937903763002349,-0.0970742392359505));
#8386=CARTESIAN_POINT('',(-0.0145712609788437,-0.0097459936127638,-0.0970742392359505));
#8387=CARTESIAN_POINT('',(-0.0143077194545775,-0.0101013609165345,-0.0970742392359505));
#8388=CARTESIAN_POINT('',(-0.0140448331725338,-0.0104558446720195,-0.0970742392359505));
#8389=CARTESIAN_POINT('',(-0.0137641720484551,-0.0107978525506163,-0.0970742392359505));
#8390=CARTESIAN_POINT('',(-0.0134842087310002,-0.0111390100964004,-0.0970742392359505));
#8391=CARTESIAN_POINT('',(-0.0131871041443152,-0.011466834622917,-0.0970742392359505));
#8392=CARTESIAN_POINT('',(-0.0128905533488157,-0.0117940480974965,-0.0970742392359505));
#8393=CARTESIAN_POINT('',(-0.0125779059492837,-0.0121066954970285,-0.0970742392359505));
#8394=COLOUR_RGB('',1.0,1.0,1.0);
#8395=CARTESIAN_POINT('',(-0.0125779059492837,0.0133491486256872,-0.0976742392359505));
#8396=CARTESIAN_POINT('',(-0.0125779059492837,0.0133491486256872,-0.0976742392359505));
#8397=VECTOR('',#11541,1.0);
#8398=CARTESIAN_POINT('',(-0.0139921195116568,0.0147633621880603,-0.0976742392359505));
#8399=CARTESIAN_POINT('',(-0.0125779059492837,0.0133491486256872,-0.0976742392359505));
#8400=CARTESIAN_POINT('',(-0.0123922472394718,0.0135348073354992,-0.0976742392359505));
#8401=CARTESIAN_POINT('',(-0.0122848686825888,0.0137942618978309,-0.0976742392359505));
#8402=CARTESIAN_POINT('',(-0.0122851567781541,0.014318248556599,-0.0976742392359505));
#8403=CARTESIAN_POINT('',(-0.0123925465722301,0.0145782064659007,-0.0976742392359505));
#8404=CARTESIAN_POINT('',(-0.0127632648509459,0.0149485174353511,-0.0976742392359505));
#8405=CARTESIAN_POINT('',(-0.0130230189403157,0.0150563993745578,-0.0976742392359505));
#8406=CARTESIAN_POINT('',(-0.0135470055667844,0.0150561114397142,-0.0976742392359505));
#8407=CARTESIAN_POINT('',(-0.0138063335523883,0.0149491481473288,-0.0976742392359505));
#8408=CARTESIAN_POINT('',(-0.0139921195116568,0.0147633621880603,-0.0976742392359505));
#8409=CARTESIAN_POINT('',(-0.0139921195116568,0.0147633621880603,-0.0976742392359505));
#8410=VECTOR('',#11542,1.0);
#8411=COLOUR_RGB('',1.0,1.0,1.0);
#8412=CARTESIAN_POINT('',(-0.00621394491860481,-0.00574273446634959,-0.0976742392359506));
#8413=CARTESIAN_POINT('',(-0.00621394491860481,-0.00574273446634959,-0.0970742392359505));
#8414=CARTESIAN_POINT('',(-0.00621394491860481,-0.00574273446634959,-0.0976742392359506));
#8415=VECTOR('',#11543,1.0);
#8416=CARTESIAN_POINT('',(-0.00479973135623172,-0.00432852090397649,-0.0976742392359506));
#8417=CARTESIAN_POINT('',(-0.00621394491860482,-0.00574273446634959,-0.0976742392359506));
#8418=CARTESIAN_POINT('',(-0.0060282862087936,-0.0059283931761608,-0.0976742392359506));
#8419=CARTESIAN_POINT('',(-0.00576883164645918,-0.00603577173304444,-0.0976742392359506));
#8420=CARTESIAN_POINT('',(-0.00524484498769496,-0.00603548363747922,-0.0976742392359506));
#8421=CARTESIAN_POINT('',(-0.00498488707839248,-0.00592809384340405,-0.0976742392359506));
#8422=CARTESIAN_POINT('',(-0.00461457610893989,-0.00555737556468652,-0.0976742392359506));
#8423=CARTESIAN_POINT('',(-0.00450669416973428,-0.00529762147531599,-0.0976742392359506));
#8424=CARTESIAN_POINT('',(-0.00450698210457788,-0.00477363484885049,-0.0976742392359506));
#8425=CARTESIAN_POINT('',(-0.00461394539696378,-0.00451430686324444,-0.0976742392359506));
#8426=CARTESIAN_POINT('',(-0.00479973135623172,-0.00432852090397649,-0.0976742392359506));
#8427=CARTESIAN_POINT('',(-0.00479973135623172,-0.0043285209039765,-0.0970742392359505));
#8428=CARTESIAN_POINT('',(-0.00479973135623172,-0.00432852090397649,-0.0976742392359506));
#8429=VECTOR('',#11544,1.0);
#8430=CARTESIAN_POINT('',(-0.00479973135623172,-0.0043285209039765,-0.0970742392359505));
#8431=CARTESIAN_POINT('',(-0.00473028430212406,-0.00439796795808415,-0.0970742392359505));
#8432=CARTESIAN_POINT('',(-0.00467536852511572,-0.00448005745214344,-0.0970742392359505));
#8433=CARTESIAN_POINT('',(-0.00464835846697316,-0.00452043277100851,-0.0970742392359505));
#8434=CARTESIAN_POINT('',(-0.00462491687306991,-0.00456423094833705,-0.0970742392359505));
#8435=CARTESIAN_POINT('',(-0.00460199434903496,-0.00460705929766535,-0.0970742392359505));
#8436=CARTESIAN_POINT('',(-0.00458295860490698,-0.00465294425279795,-0.0970742392359505));
#8437=CARTESIAN_POINT('',(-0.00456434437141671,-0.00469781317217334,-0.0970742392359505));
#8438=CARTESIAN_POINT('',(-0.00454989780168606,-0.00474534300790858,-0.0970742392359505));
#8439=CARTESIAN_POINT('',(-0.00453577112398468,-0.0047918203851095,-0.0970742392359505));
#8440=CARTESIAN_POINT('',(-0.00452605285701504,-0.00484053736314692,-0.0970742392359505));
#8441=CARTESIAN_POINT('',(-0.00451654978273128,-0.00488817559562353,-0.0970742392359505));
#8442=CARTESIAN_POINT('',(-0.00451165341074607,-0.00493761054483348,-0.0970742392359505));
#8443=CARTESIAN_POINT('',(-0.00450686545968016,-0.00498595085036541,-0.0970742392359505));
#8444=CARTESIAN_POINT('',(-0.00450683813741827,-0.00503562768516304,-0.0970742392359505));
#8445=CARTESIAN_POINT('',(-0.00450681142015631,-0.00508420452018272,-0.0970742392359505));
#8446=CARTESIAN_POINT('',(-0.00451165341074607,-0.0051336448254926,-0.0970742392359505));
#8447=CARTESIAN_POINT('',(-0.00451638818458993,-0.00518199036852375,-0.0970742392359505));
#8448=CARTESIAN_POINT('',(-0.00452605285701504,-0.00523071800717917,-0.0970742392359505));
#8449=CARTESIAN_POINT('',(-0.00453550352350427,-0.00527836666421425,-0.0970742392359505));
#8450=CARTESIAN_POINT('',(-0.00454989780168606,-0.00532591236241751,-0.0970742392359505));
#8451=CARTESIAN_POINT('',(-0.00456397334573615,-0.00537240525084168,-0.0970742392359505));
#8452=CARTESIAN_POINT('',(-0.00458295860490698,-0.00541831111752813,-0.0970742392359505));
#8453=CARTESIAN_POINT('',(-0.00460152347133413,-0.00546320048541023,-0.0970742392359505));
#8454=CARTESIAN_POINT('',(-0.00462491687306991,-0.00550702442198904,-0.0970742392359505));
#8455=CARTESIAN_POINT('',(-0.00464779227206205,-0.00554987796017767,-0.0970742392359505));
#8456=CARTESIAN_POINT('',(-0.00467536852511572,-0.00559119791818264,-0.0970742392359505));
#8457=CARTESIAN_POINT('',(-0.00470233415407548,-0.00563160292367872,-0.0970742392359505));
#8458=CARTESIAN_POINT('',(-0.00473382768405553,-0.00567002096932669,-0.0970742392359505));
#8459=CARTESIAN_POINT('',(-0.00476462384923522,-0.00570758831983978,-0.0970742392359505));
#8460=CARTESIAN_POINT('',(-0.00479973135623172,-0.00574273446634959,-0.0970742392359505));
#8461=CARTESIAN_POINT('',(-0.00483406147372554,-0.00577710236775759,-0.0970742392359505));
#8462=CARTESIAN_POINT('',(-0.00487244485325462,-0.00580863813852578,-0.0970742392359505));
#8463=CARTESIAN_POINT('',(-0.00490997830526422,-0.0058394756091507,-0.0970742392359505));
#8464=CARTESIAN_POINT('',(-0.00495126790439867,-0.00586709729746559,-0.0970742392359505));
#8465=CARTESIAN_POINT('',(-0.00499164322326389,-0.00589410735560826,-0.0970742392359505));
#8466=CARTESIAN_POINT('',(-0.00503544140059227,-0.0059175489495114,-0.0970742392359505));
#8467=CARTESIAN_POINT('',(-0.00507826974992096,-0.00594047147354653,-0.0970742392359505));
#8468=CARTESIAN_POINT('',(-0.00512415470505318,-0.00595950721767433,-0.0970742392359505));
#8469=CARTESIAN_POINT('',(-0.0051690236244285,-0.00597812145116455,-0.0970742392359505));
#8470=CARTESIAN_POINT('',(-0.00521655346016381,-0.00599256802089525,-0.0970742392359505));
#8471=CARTESIAN_POINT('',(-0.00526303083736453,-0.00600669469859659,-0.0970742392359505));
#8472=CARTESIAN_POINT('',(-0.00531174781540214,-0.00601641296556627,-0.0970742392359505));
#8473=CARTESIAN_POINT('',(-0.00535938604787895,-0.00602591603985007,-0.0970742392359505));
#8474=CARTESIAN_POINT('',(-0.00540882099708871,-0.00603081241183524,-0.0970742392359505));
#8475=CARTESIAN_POINT('',(-0.00545716130262083,-0.00603560036290115,-0.0970742392359505));
#8476=CARTESIAN_POINT('',(-0.00550683813741827,-0.00603562768516304,-0.0970742392359505));
#8477=CARTESIAN_POINT('',(-0.00555541497243778,-0.006035654402425,-0.0970742392359505));
#8478=CARTESIAN_POINT('',(-0.00560485527774783,-0.00603081241183524,-0.0970742392359505));
#8479=CARTESIAN_POINT('',(-0.00565320082077882,-0.00602607763799141,-0.0970742392359505));
#8480=CARTESIAN_POINT('',(-0.0057019284594344,-0.00601641296556627,-0.0970742392359505));
#8481=CARTESIAN_POINT('',(-0.00574957711646892,-0.00600696229907715,-0.0970742392359505));
#8482=CARTESIAN_POINT('',(-0.00579712281467273,-0.00599256802089525,-0.0970742392359505));
#8483=CARTESIAN_POINT('',(-0.00584361570309676,-0.00597849247684526,-0.0970742392359505));
#8484=CARTESIAN_POINT('',(-0.00588952156978336,-0.00595950721767433,-0.0970742392359505));
#8485=CARTESIAN_POINT('',(-0.00593441093766552,-0.00594094235124711,-0.0970742392359505));
#8486=CARTESIAN_POINT('',(-0.00597823487424426,-0.0059175489495114,-0.0970742392359505));
#8487=CARTESIAN_POINT('',(-0.00602108841243274,-0.00589467355051937,-0.0970742392359505));
#8488=CARTESIAN_POINT('',(-0.00606240837043787,-0.00586709729746559,-0.0970742392359505));
#8489=CARTESIAN_POINT('',(-0.00610281337593385,-0.00584013166850588,-0.0970742392359505));
#8490=CARTESIAN_POINT('',(-0.00614123142158191,-0.00580863813852578,-0.0970742392359505));
#8491=CARTESIAN_POINT('',(-0.00616250443809299,-0.00579119939660235,-0.0970742392359505));
#8492=CARTESIAN_POINT('',(-0.00618357644543354,-0.00577185133492215,-0.0970742392359505));
#8493=CARTESIAN_POINT('',(-0.0061988749678279,-0.0057578044171265,-0.0970742392359505));
#8494=CARTESIAN_POINT('',(-0.00621394491860481,-0.00574273446634959,-0.0970742392359505));
#8495=COLOUR_RGB('',1.0,1.0,1.0);
#8496=CARTESIAN_POINT('',(-0.00479973135623169,0.00557097403263519,-0.0976742392359505));
#8497=CARTESIAN_POINT('',(-0.00479973135623169,0.00557097403263518,-0.0970742392359504));
#8498=CARTESIAN_POINT('',(-0.00479973135623169,0.00557097403263518,-0.0976742392359505));
#8499=VECTOR('',#11545,1.0);
#8500=CARTESIAN_POINT('',(-0.00621394491860479,0.00698518759500829,-0.0976742392359505));
#8501=CARTESIAN_POINT('',(-0.00479973135623169,0.00557097403263518,-0.0976742392359505));
#8502=CARTESIAN_POINT('',(-0.00461407264641974,0.00575663274244714,-0.0976742392359505));
#8503=CARTESIAN_POINT('',(-0.00450669408953685,0.00601608730477884,-0.0976742392359505));
#8504=CARTESIAN_POINT('',(-0.00450698218510204,0.00654007396354702,-0.0976742392359505));
#8505=CARTESIAN_POINT('',(-0.00461437197917718,0.00680003187284748,-0.0976742392359505));
#8506=CARTESIAN_POINT('',(-0.00498509025789479,0.00717034284230017,-0.0976742392359505));
#8507=CARTESIAN_POINT('',(-0.00524484434726364,0.00727822478150572,-0.0976742392359505));
#8508=CARTESIAN_POINT('',(-0.00576883097373244,0.00727793684666213,-0.0976742392359505));
#8509=CARTESIAN_POINT('',(-0.00602815895933622,0.00717097355427685,-0.0976742392359505));
#8510=CARTESIAN_POINT('',(-0.00621394491860479,0.00698518759500829,-0.0976742392359505));
#8511=CARTESIAN_POINT('',(-0.00621394491860478,0.00698518759500828,-0.0970742392359504));
#8512=CARTESIAN_POINT('',(-0.00621394491860479,0.00698518759500829,-0.0976742392359505));
#8513=VECTOR('',#11546,1.0);
#8514=CARTESIAN_POINT('',(-0.00621394491860479,0.00698518759500829,-0.0970742392359504));
#8515=CARTESIAN_POINT('',(-0.00614449786449713,0.00705463464911594,-0.0970742392359504));
#8516=CARTESIAN_POINT('',(-0.00606240837043784,0.00710955042612428,-0.0970742392359504));
#8517=CARTESIAN_POINT('',(-0.00602203305157279,0.00713656048426683,-0.0970742392359504));
#8518=CARTESIAN_POINT('',(-0.00597823487424423,0.00716000207817009,-0.0970742392359504));
#8519=CARTESIAN_POINT('',(-0.0059354065249159,0.00718292460220506,-0.0970742392359504));
#8520=CARTESIAN_POINT('',(-0.00588952156978333,0.00720196034633302,-0.0970742392359504));
#8521=CARTESIAN_POINT('',(-0.00584465265040819,0.00722057457982318,-0.0970742392359504));
#8522=CARTESIAN_POINT('',(-0.0057971228146727,0.00723502114955395,-0.0970742392359504));
#8523=CARTESIAN_POINT('',(-0.00575064543747234,0.00724914782725519,-0.0970742392359504));
#8524=CARTESIAN_POINT('',(-0.00570192845943436,0.00725886609422497,-0.0970742392359504));
#8525=CARTESIAN_POINT('',(-0.00565429022695848,0.0072683691685086,-0.0970742392359504));
#8526=CARTESIAN_POINT('',(-0.0056048552777478,0.00727326554049393,-0.0970742392359504));
#8527=CARTESIAN_POINT('',(-0.00555651497221638,0.00727805349155984,-0.0970742392359504));
#8528=CARTESIAN_POINT('',(-0.00550683813741823,0.00727808081382174,-0.0970742392359504));
#8529=CARTESIAN_POINT('',(-0.00545826130239845,0.00727810753108369,-0.0970742392359504));
#8530=CARTESIAN_POINT('',(-0.00540882099708867,0.00727326554049393,-0.0970742392359504));
#8531=CARTESIAN_POINT('',(-0.00536047545405718,0.00726853076665003,-0.0970742392359504));
#8532=CARTESIAN_POINT('',(-0.00531174781540211,0.00725886609422497,-0.0970742392359504));
#8533=CARTESIAN_POINT('',(-0.00526409915836684,0.00724941542773567,-0.0970742392359504));
#8534=CARTESIAN_POINT('',(-0.00521655346016377,0.00723502114955394,-0.0970742392359504));
#8535=CARTESIAN_POINT('',(-0.0051700605717392,0.00722094560550373,-0.0970742392359504));
#8536=CARTESIAN_POINT('',(-0.00512415470505314,0.00720196034633302,-0.0970742392359504));
#8537=CARTESIAN_POINT('',(-0.00507926533717065,0.00718339547990567,-0.0970742392359504));
#8538=CARTESIAN_POINT('',(-0.00503544140059224,0.00716000207817009,-0.0970742392359504));
#8539=CARTESIAN_POINT('',(-0.00499258786240361,0.00713712667917795,-0.0970742392359504));
#8540=CARTESIAN_POINT('',(-0.00495126790439863,0.00710955042612428,-0.0970742392359504));
#8541=CARTESIAN_POINT('',(-0.00491086289890256,0.00708258479716453,-0.0970742392359504));
#8542=CARTESIAN_POINT('',(-0.00487244485325459,0.00705109126718447,-0.0970742392359504));
#8543=CARTESIAN_POINT('',(-0.00483487750274149,0.00702029510200478,-0.0970742392359504));
#8544=CARTESIAN_POINT('',(-0.00479973135623169,0.00698518759500828,-0.0970742392359504));
#8545=CARTESIAN_POINT('',(-0.00476536345482367,0.00695085747751445,-0.0970742392359504));
#8546=CARTESIAN_POINT('',(-0.0047338276840555,0.00691247409798538,-0.0970742392359504));
#8547=CARTESIAN_POINT('',(-0.00470299021343062,0.00687494064597584,-0.0970742392359504));
#8548=CARTESIAN_POINT('',(-0.00467536852511569,0.00683365104684133,-0.0970742392359504));
#8549=CARTESIAN_POINT('',(-0.00464835846697323,0.00679327572797646,-0.0970742392359504));
#8550=CARTESIAN_POINT('',(-0.00462491687306988,0.00674947755064773,-0.0970742392359504));
#8551=CARTESIAN_POINT('',(-0.00460199434903486,0.0067066492013193,-0.0970742392359504));
#8552=CARTESIAN_POINT('',(-0.00458295860490695,0.00666076424618682,-0.0970742392359504));
#8553=CARTESIAN_POINT('',(-0.00456434437141678,0.00661589532681164,-0.0970742392359504));
#8554=CARTESIAN_POINT('',(-0.00454989780168603,0.00656836549107619,-0.0970742392359504));
#8555=CARTESIAN_POINT('',(-0.00453577112398484,0.00652188811387602,-0.0970742392359504));
#8556=CARTESIAN_POINT('',(-0.004526052857015,0.00647317113583786,-0.0970742392359504));
#8557=CARTESIAN_POINT('',(-0.00451654978273136,0.00642553290336201,-0.0970742392359504));
#8558=CARTESIAN_POINT('',(-0.00451165341074604,0.00637609795415129,-0.0970742392359504));
#8559=CARTESIAN_POINT('',(-0.00450686545968013,0.00632775764861976,-0.0970742392359504));
#8560=CARTESIAN_POINT('',(-0.00450683813741824,0.00627808081382173,-0.0970742392359504));
#8561=CARTESIAN_POINT('',(-0.00450681142015628,0.00622950397880206,-0.0970742392359504));
#8562=CARTESIAN_POINT('',(-0.00451165341074604,0.00618006367349217,-0.0970742392359504));
#8563=CARTESIAN_POINT('',(-0.0045163881845899,0.00613171813046102,-0.0970742392359504));
#8564=CARTESIAN_POINT('',(-0.00452605285701501,0.0060829904918056,-0.0970742392359504));
#8565=CARTESIAN_POINT('',(-0.00453550352350424,0.00603534183477052,-0.0970742392359504));
#8566=CARTESIAN_POINT('',(-0.00454989780168603,0.00598779613656727,-0.0970742392359504));
#8567=CARTESIAN_POINT('',(-0.00456397334573623,0.00594130324814275,-0.0970742392359504));
#8568=CARTESIAN_POINT('',(-0.00458295860490695,0.00589539738145664,-0.0970742392359504));
#8569=CARTESIAN_POINT('',(-0.00460152347133427,0.00585050801357422,-0.0970742392359504));
#8570=CARTESIAN_POINT('',(-0.00462491687306988,0.00580668407699573,-0.0970742392359504));
#8571=CARTESIAN_POINT('',(-0.00464779227206202,0.0057638305388071,-0.0970742392359504));
#8572=CARTESIAN_POINT('',(-0.00467536852511569,0.00572251058080213,-0.0970742392359504));
#8573=CARTESIAN_POINT('',(-0.00470233415407544,0.00568210557530605,-0.0970742392359504));
#8574=CARTESIAN_POINT('',(-0.0047338276840555,0.00564368752965808,-0.0970742392359504));
#8575=CARTESIAN_POINT('',(-0.00475126642597915,0.00562241451314675,-0.0970742392359504));
#8576=CARTESIAN_POINT('',(-0.00477061448765913,0.00560134250580645,-0.0970742392359504));
#8577=CARTESIAN_POINT('',(-0.00478466140545486,0.00558604398341201,-0.0970742392359504));
#8578=CARTESIAN_POINT('',(-0.00479973135623169,0.00557097403263518,-0.0970742392359504));
#8579=COLOUR_RGB('',1.0,1.0,1.0);
#8580=CARTESIAN_POINT('',(-0.00974947882453755,-0.00927826837228232,-0.0976742392359506));
#8581=CARTESIAN_POINT('',(-0.00974947882453755,-0.00927826837228232,-0.0970742392359505));
#8582=CARTESIAN_POINT('',(-0.00974947882453755,-0.00927826837228232,-0.0976742392359506));
#8583=VECTOR('',#11547,1.0);
#8584=CARTESIAN_POINT('',(-0.00833526526216446,-0.00786405480990923,-0.0976742392359506));
#8585=CARTESIAN_POINT('',(-0.00974947882453756,-0.00927826837228232,-0.0976742392359506));
#8586=CARTESIAN_POINT('',(-0.00956382011472671,-0.00946392708209317,-0.0976742392359506));
#8587=CARTESIAN_POINT('',(-0.00930436555239094,-0.00957130563897717,-0.0976742392359506));
#8588=CARTESIAN_POINT('',(-0.00878037889362867,-0.00957101754341197,-0.0976742392359506));
#8589=CARTESIAN_POINT('',(-0.00852042098432475,-0.0094636277493361,-0.0976742392359506));
#8590=CARTESIAN_POINT('',(-0.0081501100148731,-0.00909290947061994,-0.0976742392359506));
#8591=CARTESIAN_POINT('',(-0.00804222807566702,-0.00883315538124781,-0.0976742392359506));
#8592=CARTESIAN_POINT('',(-0.00804251601051064,-0.00830916875478413,-0.0976742392359506));
#8593=CARTESIAN_POINT('',(-0.00814947930289684,-0.00804984076917686,-0.0976742392359506));
#8594=CARTESIAN_POINT('',(-0.00833526526216447,-0.00786405480990923,-0.0976742392359506));
#8595=CARTESIAN_POINT('',(-0.00833526526216446,-0.00786405480990923,-0.0970742392359505));
#8596=CARTESIAN_POINT('',(-0.00833526526216446,-0.00786405480990923,-0.0976742392359506));
#8597=VECTOR('',#11548,1.0);
#8598=CARTESIAN_POINT('',(-0.00833526526216446,-0.00786405480990923,-0.0970742392359505));
#8599=CARTESIAN_POINT('',(-0.00826581820805657,-0.00793350186401713,-0.0970742392359505));
#8600=CARTESIAN_POINT('',(-0.00821090243104847,-0.00801559135807618,-0.0970742392359505));
#8601=CARTESIAN_POINT('',(-0.00818389237290585,-0.00805596667694138,-0.0970742392359505));
#8602=CARTESIAN_POINT('',(-0.00816045077900266,-0.00809976485426978,-0.0970742392359505));
#8603=CARTESIAN_POINT('',(-0.00813752825496746,-0.0081425932035985,-0.0970742392359505));
#8604=CARTESIAN_POINT('',(-0.00811849251083973,-0.00818847815873069,-0.0970742392359505));
#8605=CARTESIAN_POINT('',(-0.00809987827734927,-0.00823334707810671,-0.0970742392359505));
#8606=CARTESIAN_POINT('',(-0.0080854317076188,-0.00828087691384132,-0.0970742392359505));
#8607=CARTESIAN_POINT('',(-0.00807130502991752,-0.00832735429104194,-0.0970742392359505));
#8608=CARTESIAN_POINT('',(-0.00806158676294778,-0.00837607126907965,-0.0970742392359505));
#8609=CARTESIAN_POINT('',(-0.00805208368866414,-0.00842370950155554,-0.0970742392359505));
#8610=CARTESIAN_POINT('',(-0.00804718731667882,-0.00847314445076622,-0.0970742392359505));
#8611=CARTESIAN_POINT('',(-0.00804239936561291,-0.00852148475629772,-0.0970742392359505));
#8612=CARTESIAN_POINT('',(-0.00804237204335101,-0.00857116159109578,-0.0970742392359505));
#8613=CARTESIAN_POINT('',(-0.00804234532608906,-0.0086197384261147,-0.0970742392359505));
#8614=CARTESIAN_POINT('',(-0.00804718731667882,-0.00866917873142534,-0.0970742392359505));
#8615=CARTESIAN_POINT('',(-0.00805192209052258,-0.00871752427445621,-0.0970742392359505));
#8616=CARTESIAN_POINT('',(-0.00806158676294778,-0.0087662519131119,-0.0970742392359505));
#8617=CARTESIAN_POINT('',(-0.00807103742943708,-0.00881390057014706,-0.0970742392359505));
#8618=CARTESIAN_POINT('',(-0.0080854317076188,-0.00886144626835024,-0.0970742392359505));
#8619=CARTESIAN_POINT('',(-0.0080995072516688,-0.00890793915677421,-0.0970742392359505));
#8620=CARTESIAN_POINT('',(-0.00811849251083973,-0.00895384502346087,-0.0970742392359505));
#8621=CARTESIAN_POINT('',(-0.00813705737726674,-0.00899873439134261,-0.0970742392359505));
#8622=CARTESIAN_POINT('',(-0.00816045077900266,-0.00904255832792177,-0.0970742392359505));
#8623=CARTESIAN_POINT('',(-0.0081833261779944,-0.00908541186610976,-0.0970742392359505));
#8624=CARTESIAN_POINT('',(-0.00821090243104847,-0.00912673182411538,-0.0970742392359505));
#8625=CARTESIAN_POINT('',(-0.00823786806000825,-0.00916713682961154,-0.0970742392359505));
#8626=CARTESIAN_POINT('',(-0.00826936158998828,-0.00920555487525942,-0.0970742392359505));
#8627=CARTESIAN_POINT('',(-0.00830015775516836,-0.00924312222577296,-0.0970742392359505));
#8628=CARTESIAN_POINT('',(-0.00833526526216447,-0.00927826837228232,-0.0970742392359505));
#8629=CARTESIAN_POINT('',(-0.00836959537965849,-0.00931263627369049,-0.0970742392359505));
#8630=CARTESIAN_POINT('',(-0.00840797875918737,-0.00934417204445851,-0.0970742392359505));
#8631=CARTESIAN_POINT('',(-0.00844551221119713,-0.00937500951508357,-0.0970742392359505));
#8632=CARTESIAN_POINT('',(-0.00848680181033141,-0.00940263120339832,-0.0970742392359505));
#8633=CARTESIAN_POINT('',(-0.00852717712919669,-0.009429641261541,-0.0970742392359505));
#8634=CARTESIAN_POINT('',(-0.00857097530652502,-0.00945308285544413,-0.0970742392359505));
#8635=CARTESIAN_POINT('',(-0.00861380365585388,-0.00947600537947937,-0.0970742392359505));
#8636=CARTESIAN_POINT('',(-0.00865968861098592,-0.00949504112360706,-0.0970742392359505));
#8637=CARTESIAN_POINT('',(-0.00870455753036184,-0.00951365535709749,-0.0970742392359505));
#8638=CARTESIAN_POINT('',(-0.00875208736609655,-0.00952810192682798,-0.0970742392359505));
#8639=CARTESIAN_POINT('',(-0.00879856474329739,-0.00954222860452933,-0.0970742392359505));
#8640=CARTESIAN_POINT('',(-0.00884728172133488,-0.009551946871499,-0.0970742392359505));
#8641=CARTESIAN_POINT('',(-0.00889491995381154,-0.00956144994578279,-0.0970742392359505));
#8642=CARTESIAN_POINT('',(-0.00894435490302145,-0.00956634631776797,-0.0970742392359505));
#8643=CARTESIAN_POINT('',(-0.00899269520855357,-0.00957113426883388,-0.0970742392359505));
#8644=CARTESIAN_POINT('',(-0.00904237204335101,-0.00957116159109577,-0.0970742392359505));
#8645=CARTESIAN_POINT('',(-0.00909094887837016,-0.00957118830835773,-0.0970742392359505));
#8646=CARTESIAN_POINT('',(-0.00914038918368057,-0.00956634631776797,-0.0970742392359505));
#8647=CARTESIAN_POINT('',(-0.00918873472671137,-0.00956161154392419,-0.0970742392359505));
#8648=CARTESIAN_POINT('',(-0.00923746236536714,-0.009551946871499,-0.0970742392359505));
#8649=CARTESIAN_POINT('',(-0.00928511102240191,-0.00954249620500981,-0.0970742392359505));
#8650=CARTESIAN_POINT('',(-0.00933265672060547,-0.00952810192682798,-0.0970742392359505));
#8651=CARTESIAN_POINT('',(-0.00937914960902926,-0.00951402638277805,-0.0970742392359505));
#8652=CARTESIAN_POINT('',(-0.0094250554757161,-0.00949504112360706,-0.0970742392359505));
#8653=CARTESIAN_POINT('',(-0.00946994484359811,-0.00947647625717995,-0.0970742392359505));
#8654=CARTESIAN_POINT('',(-0.009513768780177,-0.00945308285544413,-0.0970742392359505));
#8655=CARTESIAN_POINT('',(-0.00955662231836535,-0.00943020745645215,-0.0970742392359505));
#8656=CARTESIAN_POINT('',(-0.00959794227637061,-0.00940263120339832,-0.0970742392359505));
#8657=CARTESIAN_POINT('',(-0.009638347281867,-0.00937566557443838,-0.0970742392359505));
#8658=CARTESIAN_POINT('',(-0.00967676532751465,-0.00934417204445851,-0.0970742392359505));
#8659=CARTESIAN_POINT('',(-0.00969803834402677,-0.00932673330253418,-0.0970742392359505));
#8660=CARTESIAN_POINT('',(-0.00971911035136628,-0.00930738524085488,-0.0970742392359505));
#8661=CARTESIAN_POINT('',(-0.00973440887376105,-0.00929333832305882,-0.0970742392359505));
#8662=CARTESIAN_POINT('',(-0.00974947882453755,-0.00927826837228232,-0.0970742392359505));
#8663=COLOUR_RGB('',1.0,1.0,1.0);
#8664=CARTESIAN_POINT('',(-0.00833526526216441,0.00910650793856793,-0.0976742392359505));
#8665=CARTESIAN_POINT('',(-0.00833526526216441,0.00910650793856793,-0.0970742392359504));
#8666=CARTESIAN_POINT('',(-0.00833526526216442,0.00910650793856793,-0.0976742392359505));
#8667=VECTOR('',#11549,1.0);
#8668=CARTESIAN_POINT('',(-0.00974947882453751,0.010520721500941,-0.0976742392359505));
#8669=CARTESIAN_POINT('',(-0.00833526526216441,0.00910650793856793,-0.0976742392359505));
#8670=CARTESIAN_POINT('',(-0.00814960655235244,0.0092921666483799,-0.0976742392359505));
#8671=CARTESIAN_POINT('',(-0.00804222799546956,0.00955162121071153,-0.0976742392359505));
#8672=CARTESIAN_POINT('',(-0.00804251609103476,0.0100756078694798,-0.0976742392359505));
#8673=CARTESIAN_POINT('',(-0.00814990588510993,0.01033556577878,-0.0976742392359505));
#8674=CARTESIAN_POINT('',(-0.00852062416382748,0.0107058767482331,-0.0976742392359505));
#8675=CARTESIAN_POINT('',(-0.00878037825319633,0.0108137586874385,-0.0976742392359505));
#8676=CARTESIAN_POINT('',(-0.0093043648796652,0.0108134707525949,-0.0976742392359505));
#8677=CARTESIAN_POINT('',(-0.00956369286526892,0.0107065074602096,-0.0976742392359505));
#8678=CARTESIAN_POINT('',(-0.00974947882453751,0.010520721500941,-0.0976742392359505));
#8679=CARTESIAN_POINT('',(-0.00974947882453751,0.010520721500941,-0.0970742392359504));
#8680=CARTESIAN_POINT('',(-0.00974947882453751,0.010520721500941,-0.0976742392359505));
#8681=VECTOR('',#11550,1.0);
#8682=CARTESIAN_POINT('',(-0.00974947882453751,0.010520721500941,-0.0970742392359504));
#8683=CARTESIAN_POINT('',(-0.00968003177042993,0.0105901685550486,-0.0970742392359504));
#8684=CARTESIAN_POINT('',(-0.00959794227637056,0.010645084332057,-0.0970742392359504));
#8685=CARTESIAN_POINT('',(-0.00955756695750575,0.0106720943901994,-0.0970742392359504));
#8686=CARTESIAN_POINT('',(-0.00951376878017696,0.0106955359841028,-0.0970742392359504));
#8687=CARTESIAN_POINT('',(-0.00947094043084878,0.0107184585081378,-0.0970742392359504));
#8688=CARTESIAN_POINT('',(-0.00942505547571605,0.0107374942522658,-0.0970742392359504));
#8689=CARTESIAN_POINT('',(-0.00938018655634082,0.010756108485756,-0.0970742392359504));
#8690=CARTESIAN_POINT('',(-0.00933265672060542,0.0107705550554867,-0.0970742392359504));
#8691=CARTESIAN_POINT('',(-0.00928617934340532,0.0107846817331878,-0.0970742392359504));
#8692=CARTESIAN_POINT('',(-0.00923746236536709,0.0107944000001577,-0.0970742392359504));
#8693=CARTESIAN_POINT('',(-0.00918982413289158,0.0108039030744413,-0.0970742392359504));
#8694=CARTESIAN_POINT('',(-0.00914038918368052,0.0108087994464267,-0.0970742392359504));
#8695=CARTESIAN_POINT('',(-0.00909204887814911,0.0108135873974926,-0.0970742392359504));
#8696=CARTESIAN_POINT('',(-0.00904237204335096,0.0108136147197545,-0.0970742392359504));
#8697=CARTESIAN_POINT('',(-0.00899379520833116,0.0108136414370164,-0.0970742392359504));
#8698=CARTESIAN_POINT('',(-0.0089443549030214,0.0108087994464267,-0.0970742392359504));
#8699=CARTESIAN_POINT('',(-0.00889600935999029,0.0108040646725828,-0.0970742392359504));
#8700=CARTESIAN_POINT('',(-0.00884728172133483,0.0107944000001577,-0.0970742392359504));
#8701=CARTESIAN_POINT('',(-0.00879963306429982,0.0107849493336685,-0.0970742392359504));
#8702=CARTESIAN_POINT('',(-0.00875208736609649,0.0107705550554867,-0.0970742392359504));
#8703=CARTESIAN_POINT('',(-0.00870559447767251,0.0107564795114367,-0.0970742392359504));
#8704=CARTESIAN_POINT('',(-0.00865968861098586,0.0107374942522658,-0.0970742392359504));
#8705=CARTESIAN_POINT('',(-0.00861479924310451,0.010718929385839,-0.0970742392359504));
#8706=CARTESIAN_POINT('',(-0.00857097530652496,0.0106955359841028,-0.0970742392359504));
#8707=CARTESIAN_POINT('',(-0.00852812176833659,0.0106726605851109,-0.0970742392359504));
#8708=CARTESIAN_POINT('',(-0.00848680181033135,0.010645084332057,-0.0970742392359504));
#8709=CARTESIAN_POINT('',(-0.00844639680483535,0.0106181187030973,-0.0970742392359504));
#8710=CARTESIAN_POINT('',(-0.00840797875918731,0.0105866251731172,-0.0970742392359504));
#8711=CARTESIAN_POINT('',(-0.00837041140867421,0.0105558290079376,-0.0970742392359504));
#8712=CARTESIAN_POINT('',(-0.00833526526216441,0.010520721500941,-0.0970742392359504));
#8713=CARTESIAN_POINT('',(-0.0083008973607564,0.0104863913834472,-0.0970742392359504));
#8714=CARTESIAN_POINT('',(-0.00826936158998822,0.0104480080039181,-0.0970742392359504));
#8715=CARTESIAN_POINT('',(-0.00823852411936341,0.0104104745519087,-0.0970742392359504));
#8716=CARTESIAN_POINT('',(-0.00821090243104841,0.0103691849527741,-0.0970742392359504));
#8717=CARTESIAN_POINT('',(-0.00818389237290619,0.0103288096339095,-0.0970742392359504));
#8718=CARTESIAN_POINT('',(-0.0081604507790026,0.0102850114565805,-0.0970742392359504));
#8719=CARTESIAN_POINT('',(-0.00813752825496787,0.0102421831072527,-0.0970742392359504));
#8720=CARTESIAN_POINT('',(-0.00811849251083967,0.0101962981521196,-0.0970742392359504));
#8721=CARTESIAN_POINT('',(-0.00809987827734942,0.0101514292327442,-0.0970742392359504));
#8722=CARTESIAN_POINT('',(-0.00808543170761875,0.0101038993970089,-0.0970742392359504));
#8723=CARTESIAN_POINT('',(-0.00807130502991724,0.0100574220198076,-0.0970742392359504));
#8724=CARTESIAN_POINT('',(-0.00806158676294772,0.0100087050417706,-0.0970742392359504));
#8725=CARTESIAN_POINT('',(-0.00805208368866399,0.00996106680929387,-0.0970742392359504));
#8726=CARTESIAN_POINT('',(-0.00804718731667876,0.00991163186008404,-0.0970742392359504));
#8727=CARTESIAN_POINT('',(-0.00804239936561285,0.00986329155455248,-0.0970742392359504));
#8728=CARTESIAN_POINT('',(-0.00804237204335096,0.00981361471975448,-0.0970742392359504));
#8729=CARTESIAN_POINT('',(-0.008042345326089,0.00976503788473477,-0.0970742392359504));
#8730=CARTESIAN_POINT('',(-0.00804718731667876,0.00971559757942492,-0.0970742392359504));
#8731=CARTESIAN_POINT('',(-0.00805192209052267,0.00966725203639326,-0.0970742392359504));
#8732=CARTESIAN_POINT('',(-0.00806158676294772,0.00961852439773835,-0.0970742392359504));
#8733=CARTESIAN_POINT('',(-0.00807103742943702,0.0095708757407032,-0.0970742392359504));
#8734=CARTESIAN_POINT('',(-0.00808543170761875,0.00952333004250002,-0.0970742392359504));
#8735=CARTESIAN_POINT('',(-0.00809950725166874,0.00947683715407604,-0.0970742392359504));
#8736=CARTESIAN_POINT('',(-0.00811849251083967,0.00943093128738939,-0.0970742392359504));
#8737=CARTESIAN_POINT('',(-0.00813705737726694,0.00938604191950701,-0.0970742392359504));
#8738=CARTESIAN_POINT('',(-0.0081604507790026,0.00934221798292848,-0.0970742392359504));
#8739=CARTESIAN_POINT('',(-0.00818332617799473,0.00929936444473991,-0.0970742392359504));
#8740=CARTESIAN_POINT('',(-0.00821090243104841,0.00925804448673487,-0.0970742392359504));
#8741=CARTESIAN_POINT('',(-0.00823786806000819,0.00921763948123872,-0.0970742392359504));
#8742=CARTESIAN_POINT('',(-0.00826936158998822,0.00917922143559083,-0.0970742392359504));
#8743=CARTESIAN_POINT('',(-0.00828680033191207,0.00915794841907928,-0.0970742392359504));
#8744=CARTESIAN_POINT('',(-0.00830614839359185,0.0091368764117392,-0.0970742392359504));
#8745=CARTESIAN_POINT('',(-0.00832019531138755,0.00912157788934479,-0.0970742392359504));
#8746=CARTESIAN_POINT('',(-0.00833526526216441,0.00910650793856793,-0.0970742392359504));
#8747=COLOUR_RGB('',1.0,1.0,1.0);
#8748=CARTESIAN_POINT('',(-0.00974947882453751,0.010520721500941,-0.0976742392359505));
#8749=CARTESIAN_POINT('',(-0.0110457178786946,0.00922448244678391,-0.0976742392359505));
#8750=CARTESIAN_POINT('',(-0.0120829198970654,0.00767225774474089,-0.0976742392359505));
#8751=CARTESIAN_POINT('',(-0.0134856748243307,0.00428533140508214,-0.0976742392359505));
#8752=CARTESIAN_POINT('',(-0.0138500559141758,0.00245418788799252,-0.0976742392359505));
#8753=CARTESIAN_POINT('',(-0.0138499118616657,-0.0012117350213022,-0.0976742392359505));
#8754=CARTESIAN_POINT('',(-0.013485807838253,-0.00304293359490698,-0.0976742392359505));
#8755=CARTESIAN_POINT('',(-0.0120827866485692,-0.00642974986386631,-0.0976742392359505));
#8756=CARTESIAN_POINT('',(-0.0110457730732122,-0.00798197412360767,-0.0976742392359506));
#8757=CARTESIAN_POINT('',(-0.00974947882453755,-0.00927826837228232,-0.0976742392359506));
#8758=CARTESIAN_POINT('',(-0.00974947882453755,-0.00927826837228233,-0.0970742392359505));
#8759=CARTESIAN_POINT('',(-0.0102356148236283,-0.00879213237319159,-0.0970742392359505));
#8760=CARTESIAN_POINT('',(-0.0106721302350042,-0.0082602794139617,-0.0970742392359505));
#8761=CARTESIAN_POINT('',(-0.0108898204726675,-0.00799504434074457,-0.0970742392359505));
#8762=CARTESIAN_POINT('',(-0.0110948893286549,-0.00771856369856473,-0.0970742392359504));
#8763=CARTESIAN_POINT('',(-0.0112993028807037,-0.00744296655891826,-0.0970742392359504));
#8764=CARTESIAN_POINT('',(-0.0114905584601615,-0.00715675669794509,-0.0970742392359504));
#8765=CARTESIAN_POINT('',(-0.0116812028764388,-0.00687146142952621,-0.0970742392359504));
#8766=CARTESIAN_POINT('',(-0.0118581844279297,-0.00657621185437575,-0.0970742392359504));
#8767=CARTESIAN_POINT('',(-0.0120346004293393,-0.00628190575847384,-0.0970742392359504));
#8768=CARTESIAN_POINT('',(-0.0121968815888029,-0.00597832775123462,-0.0970742392359504));
#8769=CARTESIAN_POINT('',(-0.0123586441737436,-0.00567571983701626,-0.0970742392359504));
#8770=CARTESIAN_POINT('',(-0.0125058339916541,-0.0053645447436946,-0.0970742392359504));
#8771=CARTESIAN_POINT('',(-0.0126525534598977,-0.00505436402011633,-0.0970742392359504));
#8772=CARTESIAN_POINT('',(-0.0127842973430839,-0.00473634148878191,-0.0970742392359504));
#8773=CARTESIAN_POINT('',(-0.0129156202345731,-0.00441933520838761,-0.0970742392359504));
#8774=CARTESIAN_POINT('',(-0.0130316008004882,-0.00409523138316174,-0.0970742392359504));
#8775=CARTESIAN_POINT('',(-0.013147210746878,-0.00377216324184465,-0.0970742392359504));
#8776=CARTESIAN_POINT('',(-0.0132471485881768,-0.00344275891723313,-0.0970742392359504));
#8777=CARTESIAN_POINT('',(-0.0133467670749829,-0.00311440721442758,-0.0970742392359504));
#8778=CARTESIAN_POINT('',(-0.0134304214326495,-0.00278049595431635,-0.0970742392359504));
#8779=CARTESIAN_POINT('',(-0.0135138084702058,-0.00244765171805632,-0.0970742392359504));
#8780=CARTESIAN_POINT('',(-0.0135809778135711,-0.00211003794389645,-0.0970742392359504));
#8781=CARTESIAN_POINT('',(-0.0136479325152005,-0.00177350302510325,-0.0970742392359504));
#8782=CARTESIAN_POINT('',(-0.0136984550274328,-0.0014330000780457,-0.0970742392359504));
#8783=CARTESIAN_POINT('',(-0.0137488160933984,-0.00109358521879683,-0.0970742392359504));
#8784=CARTESIAN_POINT('',(-0.0137825700613366,-0.00075101340028449,-0.0970742392359504));
#8785=CARTESIAN_POINT('',(-0.0138162161674157,-0.000409536280721817,-0.0970742392359504));
#8786=CARTESIAN_POINT('',(-0.0138331202747983,-6.5720876254496E-05,-0.0970742392359504));
#8787=CARTESIAN_POINT('',(-0.0138499703645769,0.000276995855332346,-0.0970742392359504));
#8788=CARTESIAN_POINT('',(-0.0138499838879259,0.000621226564329356,-0.0970742392359504));
#8789=CARTESIAN_POINT('',(-0.0138499973680605,0.000964357273327122,-0.0970742392359504));
#8790=CARTESIAN_POINT('',(-0.0138331202747983,0.00130817400491321,-0.0970742392359504));
#8791=CARTESIAN_POINT('',(-0.0138162971128154,0.00165089205937998,-0.0970742392359504));
#8792=CARTESIAN_POINT('',(-0.0137825700613366,0.0019934665289432,-0.0970742392359504));
#8793=CARTESIAN_POINT('',(-0.0137489507857054,0.00233494629107771,-0.0970742392359504));
#8794=CARTESIAN_POINT('',(-0.0136984550274328,0.00267545320670441,-0.0970742392359504));
#8795=CARTESIAN_POINT('',(-0.0136481206299354,0.00301487202183046,-0.0970742392359504));
#8796=CARTESIAN_POINT('',(-0.0135809778135711,0.00335249107255516,-0.0970742392359504));
#8797=CARTESIAN_POINT('',(-0.0135140495541789,0.00368903125103155,-0.0970742392359504));
#8798=CARTESIAN_POINT('',(-0.0134304214326495,0.00402294908297506,-0.0970742392359504));
#8799=CARTESIAN_POINT('',(-0.013347060547397,0.0043557998700469,-0.0970742392359504));
#8800=CARTESIAN_POINT('',(-0.0132471485881768,0.00468521204589184,-0.0970742392359504));
#8801=CARTESIAN_POINT('',(-0.0131475559007464,0.00501357157482867,-0.0970742392359504));
#8802=CARTESIAN_POINT('',(-0.0130316008004882,0.00533768451182044,-0.0970742392359504));
#8803=CARTESIAN_POINT('',(-0.0129160162383903,0.00566076173575484,-0.0970742392359504));
#8804=CARTESIAN_POINT('',(-0.0127842973430839,0.00597879461744062,-0.0970742392359504));
#8805=CARTESIAN_POINT('',(-0.012652999359641,0.00629581121507247,-0.0970742392359504));
#8806=CARTESIAN_POINT('',(-0.0125058339916541,0.00660699787235331,-0.0970742392359504));
#8807=CARTESIAN_POINT('',(-0.0123591388952108,0.00691719012292227,-0.0970742392359504));
#8808=CARTESIAN_POINT('',(-0.0121968815888028,0.00722078087989333,-0.0970742392359504));
#8809=CARTESIAN_POINT('',(-0.0120351427806949,0.00752340150310045,-0.0970742392359504));
#8810=CARTESIAN_POINT('',(-0.0118581844279297,0.00781866498303448,-0.0970742392359504));
#8811=CARTESIAN_POINT('',(-0.0116817915511063,0.00811298493929853,-0.0970742392359504));
#8812=CARTESIAN_POINT('',(-0.0114905584601615,0.0083992098266038,-0.0970742392359504));
#8813=CARTESIAN_POINT('',(-0.0112999364605305,0.00868452007334356,-0.0970742392359504));
#8814=CARTESIAN_POINT('',(-0.0110948893286549,0.00896101682722344,-0.0970742392359504));
#8815=CARTESIAN_POINT('',(-0.010890497431304,0.0092366300270762,-0.0970742392359504));
#8816=CARTESIAN_POINT('',(-0.0106721302350042,0.0095027325426204,-0.0970742392359504));
#8817=CARTESIAN_POINT('',(-0.0104544608379045,0.00976798471926009,-0.0970742392359504));
#8818=CARTESIAN_POINT('',(-0.0102232996428953,0.0100230519321876,-0.0970742392359504));
#8819=CARTESIAN_POINT('',(-0.00999269220087963,0.0102775081245989,-0.0970742392359504));
#8820=CARTESIAN_POINT('',(-0.00974947882453751,0.010520721500941,-0.0970742392359504));
#8821=COLOUR_RGB('',1.0,1.0,1.0);
#8822=CARTESIAN_POINT('',(-0.0229574612726038,0.0227331220366534,-0.107877147636187));
#8823=CARTESIAN_POINT('',(-0.0229574612726038,0.0222756607640496,-0.107877147636187));
#8824=CARTESIAN_POINT('',(-0.0229574612726038,-0.0143787734356707,-0.107877147636187));
#8825=VECTOR('',#11551,1.0);
#8826=CARTESIAN_POINT('',(-0.0229574612726037,0.0222756607640495,-0.0990742392359503));
#8827=CARTESIAN_POINT('',(-0.0229574612726037,0.0222756607640495,-0.0976742392359505));
#8828=VECTOR('',#11552,1.0);
#8829=CARTESIAN_POINT('',(-0.0229574612726037,0.0278154835711818,-0.0990742392359506));
#8830=CARTESIAN_POINT('',(-0.0229574612726037,-0.0143787734356707,-0.0990742392359505));
#8831=VECTOR('',#11553,1.0);
#8832=CARTESIAN_POINT('',(-0.0229574612726038,0.024738800884045,-0.104403209968839));
#8833=VECTOR('',#11554,1.0);
#8834=COLOUR_RGB('',1.0,1.0,1.0);
#8835=CARTESIAN_POINT('',(-0.0214499999999999,-0.0172743392359504,-0.0990742392359504));
#8836=CARTESIAN_POINT('',(-0.02145,0.0192256607640496,-0.0990742392359504));
#8837=CARTESIAN_POINT('',(-0.0214499999999999,-0.0204243392359505,-0.0990742392359504));
#8838=VECTOR('',#11555,1.0);
#8839=CARTESIAN_POINT('',(-0.0214499999999999,-0.0172743392359504,-0.0976742392359506));
#8840=CARTESIAN_POINT('',(-0.0214499999999999,-0.0172743392359504,-0.0976742392359506));
#8841=VECTOR('',#11556,1.0);
#8842=CARTESIAN_POINT('',(-0.0214499999999999,0.0192256607640496,-0.0976742392359504));
#8843=CARTESIAN_POINT('',(-0.0214499999999999,0.000621229897337141,-0.0976742392359505));
#8844=VECTOR('',#11557,1.0);
#8845=CARTESIAN_POINT('',(-0.0214499999999999,0.0192256607640496,-0.0976742392359504));
#8846=VECTOR('',#11558,1.0);
#8847=COLOUR_RGB('',1.0,1.0,1.0);
#8848=CARTESIAN_POINT('',(0.0229574612726039,-0.0208818005085542,-0.107877147636187));
#8849=CARTESIAN_POINT('',(0.0229574612726039,-0.0204243392359504,-0.107877147636187));
#8850=CARTESIAN_POINT('',(0.0229574612726039,0.0156212265643294,-0.107877147636187));
#8851=VECTOR('',#11559,1.0);
#8852=CARTESIAN_POINT('',(0.0229574612726039,-0.0204243392359504,-0.0990742392359505));
#8853=CARTESIAN_POINT('',(0.0229574612726039,-0.0204243392359504,-0.0976742392359505));
#8854=VECTOR('',#11560,1.0);
#8855=CARTESIAN_POINT('',(0.0229574612726039,-0.0259641620430826,-0.0990742392359506));
#8856=CARTESIAN_POINT('',(0.0229574612726039,0.0156212265643293,-0.0990742392359504));
#8857=VECTOR('',#11561,1.0);
#8858=CARTESIAN_POINT('',(0.0229574612726039,-0.0228874793559457,-0.104403209968839));
#8859=VECTOR('',#11562,1.0);
#8860=COLOUR_RGB('',1.0,1.0,1.0);
#8861=CARTESIAN_POINT('',(0.0229574612726037,0.0222756607640496,-0.107877147636187));
#8862=CARTESIAN_POINT('',(0.0229574612726038,0.0222756607640496,-0.0990742392359505));
#8863=CARTESIAN_POINT('',(0.0229574612726038,0.0222756607640496,-0.0976742392359506));
#8864=VECTOR('',#11563,1.0);
#8865=CARTESIAN_POINT('',(0.0229574612726037,0.0227331220366533,-0.107877147636187));
#8866=CARTESIAN_POINT('',(0.0229574612726037,0.0156212265643293,-0.107877147636187));
#8867=VECTOR('',#11564,1.0);
#8868=CARTESIAN_POINT('',(0.0229574612726037,0.0278154835711816,-0.0990742392359506));
#8869=CARTESIAN_POINT('',(0.0229574612726037,0.0253731371021176,-0.103304507410056));
#8870=VECTOR('',#11565,1.0);
#8871=CARTESIAN_POINT('',(0.0229574612726038,0.0156212265643293,-0.0990742392359504));
#8872=VECTOR('',#11566,1.0);
#8873=COLOUR_RGB('',1.0,1.0,1.0);
#8874=CARTESIAN_POINT('',(0.0182500000000001,-0.0193743392359504,-0.107877147636187));
#8875=CARTESIAN_POINT('',(0.0214500000000001,-0.0161743392359504,-0.107877147636187));
#8876=AXIS2_PLACEMENT_3D('',#11567,#11568,#11569);
#8877=CARTESIAN_POINT('',(0.0182500000000001,-0.0193743392359504,-0.103674239235951));
#8878=CARTESIAN_POINT('',(0.0182500000000001,-0.0193743392359504,-0.107877147636187));
#8879=VECTOR('',#11570,1.0);
#8880=CARTESIAN_POINT('',(0.0214500000000001,-0.0161743392359504,-0.103674239235951));
#8881=AXIS2_PLACEMENT_3D('',#11571,#11572,#11573);
#8882=CARTESIAN_POINT('',(0.0214500000000001,-0.0161743392359504,-0.103674239235951));
#8883=VECTOR('',#11574,1.0);
#8884=COLOUR_RGB('',1.0,1.0,1.0);
#8885=CARTESIAN_POINT('',(0.0214499999999999,0.0180256607640495,-0.107877147636187));
#8886=CARTESIAN_POINT('',(0.01825,0.0212256607640495,-0.107877147636187));
#8887=AXIS2_PLACEMENT_3D('',#11575,#11576,#11577);
#8888=CARTESIAN_POINT('',(0.0214500000000001,0.0180256607640495,-0.103674239235951));
#8889=CARTESIAN_POINT('',(0.0214499999999999,0.0180256607640495,-0.107877147636187));
#8890=VECTOR('',#11578,1.0);
#8891=CARTESIAN_POINT('',(0.01825,0.0212256607640496,-0.103674239235951));
#8892=AXIS2_PLACEMENT_3D('',#11579,#11580,#11581);
#8893=CARTESIAN_POINT('',(0.01825,0.0212256607640495,-0.103674239235951));
#8894=VECTOR('',#11582,1.0);
#8895=COLOUR_RGB('',1.0,1.0,1.0);
#8896=CARTESIAN_POINT('',(-0.02145,-0.0161743392359504,-0.107877147636187));
#8897=CARTESIAN_POINT('',(-0.01825,-0.0193743392359504,-0.107877147636187));
#8898=AXIS2_PLACEMENT_3D('',#11583,#11584,#11585);
#8899=CARTESIAN_POINT('',(-0.02145,-0.0161743392359504,-0.103674239235951));
#8900=CARTESIAN_POINT('',(-0.02145,-0.0161743392359504,-0.107877147636187));
#8901=VECTOR('',#11586,1.0);
#8902=CARTESIAN_POINT('',(-0.01825,-0.0193743392359504,-0.103674239235951));
#8903=AXIS2_PLACEMENT_3D('',#11587,#11588,#11589);
#8904=CARTESIAN_POINT('',(-0.01825,-0.0193743392359504,-0.103674239235951));
#8905=VECTOR('',#11590,1.0);
#8906=COLOUR_RGB('',1.0,1.0,1.0);
#8907=CARTESIAN_POINT('',(-0.01825,0.0212256607640496,-0.107877147636187));
#8908=CARTESIAN_POINT('',(-0.02145,0.0180256607640496,-0.107877147636187));
#8909=AXIS2_PLACEMENT_3D('',#11591,#11592,#11593);
#8910=CARTESIAN_POINT('',(-0.01825,0.0212256607640496,-0.10367423923595));
#8911=CARTESIAN_POINT('',(-0.01825,0.0212256607640496,-0.107877147636187));
#8912=VECTOR('',#11594,1.0);
#8913=CARTESIAN_POINT('',(-0.02145,0.0180256607640496,-0.10367423923595));
#8914=AXIS2_PLACEMENT_3D('',#11595,#11596,#11597);
#8915=CARTESIAN_POINT('',(-0.02145,0.0180256607640496,-0.10367423923595));
#8916=VECTOR('',#11598,1.0);
#8917=COLOUR_RGB('',1.0,1.0,1.0);
#8918=CARTESIAN_POINT('',(-0.00353612720171647,-0.0193743392359504,-0.107877147636187));
#8919=CARTESIAN_POINT('',(-0.00353612720171647,-0.0193743392359504,-0.104599218085939));
#8920=CARTESIAN_POINT('',(-0.00353612720171647,-0.0193743392359504,-0.102074239235951));
#8921=VECTOR('',#11599,1.0);
#8922=CARTESIAN_POINT('',(-0.00353612720171647,-0.0208818005085542,-0.107877147636187));
#8923=CARTESIAN_POINT('',(-0.00353612720171647,0.000621229897337177,-0.107877147636187));
#8924=VECTOR('',#11600,1.0);
#8925=CARTESIAN_POINT('',(-0.00353612720171647,-0.0259641620430825,-0.0990742392359506));
#8926=CARTESIAN_POINT('',(-0.00353612720171647,-0.0228874793559457,-0.104403209968839));
#8927=VECTOR('',#11601,1.0);
#8928=CARTESIAN_POINT('',(-0.00353612720171647,-0.0240219844809971,-0.0990742392359506));
#8929=CARTESIAN_POINT('',(-0.00353612720171647,-0.0192743392359504,-0.0990742392359506));
#8930=VECTOR('',#11602,1.0);
#8931=CARTESIAN_POINT('',(-0.00353612720171647,-0.0208321364546893,-0.104599218085939));
#8932=CARTESIAN_POINT('',(-0.00353612720171647,-0.0227317411626288,-0.101309006217491));
#8933=VECTOR('',#11603,1.0);
#8934=CARTESIAN_POINT('',(-0.00353612720171647,-0.0273526046683525,-0.104599218085939));
#8935=VECTOR('',#11604,1.0);
#8936=COLOUR_RGB('',1.0,1.0,1.0);
#8937=CARTESIAN_POINT('',(0.0131333333333329,-0.0193743392359504,-0.107877147636187));
#8938=CARTESIAN_POINT('',(0.0131333333333329,-0.0193743392359504,-0.104599218085939));
#8939=CARTESIAN_POINT('',(0.0131333333333329,-0.0193743392359504,-0.102074239235951));
#8940=VECTOR('',#11605,1.0);
#8941=CARTESIAN_POINT('',(0.0131333333333329,-0.0208818005085542,-0.107877147636187));
#8942=CARTESIAN_POINT('',(0.0131333333333329,0.000621229897337177,-0.107877147636187));
#8943=VECTOR('',#11606,1.0);
#8944=CARTESIAN_POINT('',(0.0131333333333329,-0.0259641620430825,-0.0990742392359506));
#8945=CARTESIAN_POINT('',(0.0131333333333329,-0.0228874793559457,-0.104403209968839));
#8946=VECTOR('',#11607,1.0);
#8947=CARTESIAN_POINT('',(0.0131333333333329,-0.0240219844809971,-0.0990742392359506));
#8948=CARTESIAN_POINT('',(0.0131333333333329,-0.0192743392359504,-0.0990742392359506));
#8949=VECTOR('',#11608,1.0);
#8950=CARTESIAN_POINT('',(0.0131333333333329,-0.0208321364546893,-0.104599218085939));
#8951=CARTESIAN_POINT('',(0.0131333333333329,-0.0227317411626288,-0.101309006217491));
#8952=VECTOR('',#11609,1.0);
#8953=CARTESIAN_POINT('',(0.0131333333333329,-0.0273526046683525,-0.104599218085939));
#8954=VECTOR('',#11610,1.0);
#8955=COLOUR_RGB('',1.0,1.0,1.0);
#8956=CARTESIAN_POINT('',(-0.0131333333333329,0.0258733060090964,-0.0990742392359504));
#8957=CARTESIAN_POINT('',(-0.0131333333333329,0.0278154835711817,-0.0990742392359506));
#8958=CARTESIAN_POINT('',(-0.0131333333333331,-0.0192743392359503,-0.0990742392359506));
#8959=VECTOR('',#11611,1.0);
#8960=CARTESIAN_POINT('',(-0.0131333333333329,0.0226834579827885,-0.104599218085939));
#8961=CARTESIAN_POINT('',(-0.0131333333333329,0.0245830626907281,-0.101309006217491));
#8962=VECTOR('',#11612,1.0);
#8963=CARTESIAN_POINT('',(-0.013133333333333,0.0212256607640496,-0.104599218085939));
#8964=CARTESIAN_POINT('',(-0.0131333333333329,0.0292039261964517,-0.104599218085939));
#8965=VECTOR('',#11613,1.0);
#8966=CARTESIAN_POINT('',(-0.013133333333333,0.0212256607640496,-0.107877147636187));
#8967=CARTESIAN_POINT('',(-0.013133333333333,0.0212256607640496,-0.102074239235951));
#8968=VECTOR('',#11614,1.0);
#8969=CARTESIAN_POINT('',(-0.0131333333333329,0.0227331220366534,-0.107877147636187));
#8970=CARTESIAN_POINT('',(-0.013133333333333,0.00123009163076203,-0.107877147636187));
#8971=VECTOR('',#11615,1.0);
#8972=CARTESIAN_POINT('',(-0.0131333333333329,0.0247388008840449,-0.104403209968839));
#8973=VECTOR('',#11616,1.0);
#8974=COLOUR_RGB('',1.0,1.0,1.0);
#8975=CARTESIAN_POINT('',(0.00353612720171645,0.0258733060090963,-0.0990742392359504));
#8976=CARTESIAN_POINT('',(0.00353612720171646,0.0278154835711817,-0.0990742392359506));
#8977=CARTESIAN_POINT('',(0.00353612720171632,-0.0192743392359504,-0.0990742392359506));
#8978=VECTOR('',#11617,1.0);
#8979=CARTESIAN_POINT('',(0.00353612720171645,0.0226834579827885,-0.104599218085939));
#8980=CARTESIAN_POINT('',(0.00353612720171645,0.024583062690728,-0.101309006217491));
#8981=VECTOR('',#11618,1.0);
#8982=CARTESIAN_POINT('',(0.00353612720171644,0.0212256607640496,-0.104599218085939));
#8983=CARTESIAN_POINT('',(0.00353612720171647,0.0292039261964516,-0.104599218085939));
#8984=VECTOR('',#11619,1.0);
#8985=CARTESIAN_POINT('',(0.00353612720171644,0.0212256607640496,-0.107877147636187));
#8986=CARTESIAN_POINT('',(0.00353612720171644,0.0212256607640496,-0.102074239235951));
#8987=VECTOR('',#11620,1.0);
#8988=CARTESIAN_POINT('',(0.00353612720171645,0.0227331220366534,-0.107877147636187));
#8989=CARTESIAN_POINT('',(0.00353612720171638,0.00123009163076198,-0.107877147636187));
#8990=VECTOR('',#11621,1.0);
#8991=CARTESIAN_POINT('',(0.00353612720171645,0.0247388008840448,-0.104403209968839));
#8992=VECTOR('',#11622,1.0);
#8993=COLOUR_RGB('',1.0,1.0,1.0);
#8994=CARTESIAN_POINT('',(0.02145,0.0140589940973826,-0.107877147636187));
#8995=CARTESIAN_POINT('',(0.02145,0.0140589940973826,-0.104599218085939));
#8996=CARTESIAN_POINT('',(0.02145,0.0140589940973826,-0.102074239235951));
#8997=VECTOR('',#11623,1.0);
#8998=CARTESIAN_POINT('',(0.0229574612726038,0.0140589940973826,-0.107877147636187));
#8999=CARTESIAN_POINT('',(-0.000150018223881993,0.0140589940973826,-0.107877147636187));
#9000=VECTOR('',#11624,1.0);
#9001=CARTESIAN_POINT('',(0.0280398228071321,0.0140589940973827,-0.0990742392359505));
#9002=CARTESIAN_POINT('',(0.0249631401199953,0.0140589940973826,-0.104403209968839));
#9003=VECTOR('',#11625,1.0);
#9004=CARTESIAN_POINT('',(0.0260976452450466,0.0140589940973826,-0.0990742392359505));
#9005=CARTESIAN_POINT('',(0.0213499999999998,0.0140589940973826,-0.0990742392359504));
#9006=VECTOR('',#11626,1.0);
#9007=CARTESIAN_POINT('',(0.0229077972187389,0.0140589940973826,-0.104599218085939));
#9008=CARTESIAN_POINT('',(0.0248074019266784,0.0140589940973826,-0.101309006217491));
#9009=VECTOR('',#11627,1.0);
#9010=CARTESIAN_POINT('',(0.029428265432402,0.0140589940973827,-0.104599218085939));
#9011=VECTOR('',#11628,1.0);
#9012=COLOUR_RGB('',1.0,1.0,1.0);
#9013=CARTESIAN_POINT('',(0.02145,-0.00261046643766677,-0.107877147636187));
#9014=CARTESIAN_POINT('',(0.02145,-0.00261046643766677,-0.104599218085939));
#9015=CARTESIAN_POINT('',(0.02145,-0.00261046643766677,-0.102074239235951));
#9016=VECTOR('',#11629,1.0);
#9017=CARTESIAN_POINT('',(0.0229574612726038,-0.00261046643766676,-0.107877147636187));
#9018=CARTESIAN_POINT('',(0.00145443086671244,-0.00261046643766684,-0.107877147636187));
#9019=VECTOR('',#11630,1.0);
#9020=CARTESIAN_POINT('',(0.0280398228071321,-0.00261046643766674,-0.0990742392359505));
#9021=CARTESIAN_POINT('',(0.0249631401199953,-0.00261046643766676,-0.104403209968839));
#9022=VECTOR('',#11631,1.0);
#9023=CARTESIAN_POINT('',(0.0260976452450467,-0.00261046643766675,-0.0990742392359505));
#9024=CARTESIAN_POINT('',(0.0213499999999999,-0.00261046643766677,-0.0990742392359505));
#9025=VECTOR('',#11632,1.0);
#9026=CARTESIAN_POINT('',(0.0229077972187389,-0.00261046643766676,-0.104599218085939));
#9027=CARTESIAN_POINT('',(0.0248074019266785,-0.00261046643766676,-0.101309006217491));
#9028=VECTOR('',#11633,1.0);
#9029=CARTESIAN_POINT('',(0.0294282654324021,-0.00261046643766674,-0.104599218085939));
#9030=VECTOR('',#11634,1.0);
#9031=COLOUR_RGB('',1.0,1.0,1.0);
#9032=CARTESIAN_POINT('',(-0.0260976452450467,0.004461787965766,-0.0990742392359503));
#9033=CARTESIAN_POINT('',(-0.0280398228071321,0.00446178796576599,-0.0990742392359505));
#9034=CARTESIAN_POINT('',(0.0213499999999999,0.00446178796576602,-0.0990742392359505));
#9035=VECTOR('',#11635,1.0);
#9036=CARTESIAN_POINT('',(-0.0229077972187389,0.004461787965766,-0.104599218085939));
#9037=CARTESIAN_POINT('',(-0.0248074019266784,0.004461787965766,-0.101309006217491));
#9038=VECTOR('',#11636,1.0);
#9039=CARTESIAN_POINT('',(-0.02145,0.004461787965766,-0.104599218085939));
#9040=CARTESIAN_POINT('',(-0.029428265432402,0.00446178796576599,-0.104599218085939));
#9041=VECTOR('',#11637,1.0);
#9042=CARTESIAN_POINT('',(-0.02145,0.004461787965766,-0.107877147636187));
#9043=CARTESIAN_POINT('',(-0.02145,0.004461787965766,-0.102074239235951));
#9044=VECTOR('',#11638,1.0);
#9045=CARTESIAN_POINT('',(-0.0229574612726038,0.004461787965766,-0.107877147636187));
#9046=CARTESIAN_POINT('',(-0.00145443086671239,0.00446178796576601,-0.107877147636187));
#9047=VECTOR('',#11639,1.0);
#9048=CARTESIAN_POINT('',(-0.0249631401199952,0.004461787965766,-0.104403209968839));
#9049=VECTOR('',#11640,1.0);
#9050=COLOUR_RGB('',1.0,1.0,1.0);
#9051=CARTESIAN_POINT('',(-0.0260976452450467,-0.0122076725692834,-0.0990742392359503));
#9052=CARTESIAN_POINT('',(-0.0280398228071321,-0.0122076725692834,-0.0990742392359505));
#9053=CARTESIAN_POINT('',(0.0213499999999999,-0.0122076725692834,-0.0990742392359505));
#9054=VECTOR('',#11641,1.0);
#9055=CARTESIAN_POINT('',(-0.0229077972187389,-0.0122076725692834,-0.104599218085939));
#9056=CARTESIAN_POINT('',(-0.0248074019266784,-0.0122076725692834,-0.101309006217491));
#9057=VECTOR('',#11642,1.0);
#9058=CARTESIAN_POINT('',(-0.02145,-0.0122076725692834,-0.104599218085939));
#9059=CARTESIAN_POINT('',(-0.029428265432402,-0.0122076725692834,-0.104599218085939));
#9060=VECTOR('',#11643,1.0);
#9061=CARTESIAN_POINT('',(-0.02145,-0.0122076725692834,-0.107877147636187));
#9062=CARTESIAN_POINT('',(-0.02145,-0.0122076725692834,-0.102074239235951));
#9063=VECTOR('',#11644,1.0);
#9064=CARTESIAN_POINT('',(-0.0229574612726038,-0.0122076725692834,-0.107877147636187));
#9065=CARTESIAN_POINT('',(0.000150018223881865,-0.0122076725692834,-0.107877147636187));
#9066=VECTOR('',#11645,1.0);
#9067=CARTESIAN_POINT('',(-0.0249631401199953,-0.0122076725692834,-0.104403209968839));
#9068=VECTOR('',#11646,1.0);
#9069=COLOUR_RGB('',1.0,1.0,1.0);
#9070=CARTESIAN_POINT('',(0.0193499999999999,-0.0192743392359504,-0.0976742392359507));
#9071=CARTESIAN_POINT('',(0.0213499999999999,-0.0172743392359504,-0.0976742392359507));
#9072=AXIS2_PLACEMENT_3D('',#11647,#11648,#11649);
#9073=CARTESIAN_POINT('',(0.0193499999999999,-0.0192743392359504,-0.0990742392359506));
#9074=CARTESIAN_POINT('',(0.0193499999999999,-0.0192743392359504,-0.0976742392359507));
#9075=VECTOR('',#11650,1.0);
#9076=CARTESIAN_POINT('',(0.0213499999999999,-0.0172743392359504,-0.0990742392359507));
#9077=AXIS2_PLACEMENT_3D('',#11651,#11652,#11653);
#9078=CARTESIAN_POINT('',(0.0213499999999999,-0.0172743392359504,-0.0976742392359507));
#9079=VECTOR('',#11654,1.0);
#9080=COLOUR_RGB('',1.0,1.0,1.0);
#9081=CARTESIAN_POINT('',(-0.0194499999999999,-0.0192743392359504,-0.0990742392359506));
#9082=AXIS2_PLACEMENT_3D('',#11655,#11656,#11657);
#9083=CARTESIAN_POINT('',(-0.0194499999999999,-0.0192743392359504,-0.0976742392359506));
#9084=CARTESIAN_POINT('',(-0.0194499999999999,-0.0192743392359504,-0.0976742392359506));
#9085=VECTOR('',#11658,1.0);
#9086=AXIS2_PLACEMENT_3D('',#11659,#11660,#11661);
#9087=COLOUR_RGB('',1.0,1.0,1.0);
#9088=CARTESIAN_POINT('',(-0.0194499999999999,0.0212256607640496,-0.0976742392359504));
#9089=AXIS2_PLACEMENT_3D('',#11662,#11663,#11664);
#9090=CARTESIAN_POINT('',(-0.0194499999999999,0.0212256607640496,-0.0990742392359504));
#9091=CARTESIAN_POINT('',(-0.0194499999999999,0.0212256607640496,-0.0976742392359504));
#9092=VECTOR('',#11665,1.0);
#9093=AXIS2_PLACEMENT_3D('',#11666,#11667,#11668);
#9094=COLOUR_RGB('',1.0,1.0,1.0);
#9095=CARTESIAN_POINT('',(0.0193499999999999,0.0212256607640496,-0.0990742392359504));
#9096=CARTESIAN_POINT('',(0.0213499999999999,0.0192256607640496,-0.0990742392359506));
#9097=AXIS2_PLACEMENT_3D('',#11669,#11670,#11671);
#9098=CARTESIAN_POINT('',(0.0193499999999999,0.0212256607640496,-0.0976742392359505));
#9099=CARTESIAN_POINT('',(0.0193499999999999,0.0212256607640496,-0.0976742392359505));
#9100=VECTOR('',#11672,1.0);
#9101=CARTESIAN_POINT('',(0.0213499999999999,0.0192256607640496,-0.0976742392359506));
#9102=AXIS2_PLACEMENT_3D('',#11673,#11674,#11675);
#9103=CARTESIAN_POINT('',(0.0213499999999999,0.0192256607640496,-0.0976742392359506));
#9104=VECTOR('',#11676,1.0);
#9105=COLOUR_RGB('',1.0,1.0,1.0);
#9106=CARTESIAN_POINT('',(0.0213499999999999,0.000621229897337146,-0.0990742392359506));
#9107=VECTOR('',#11677,1.0);
#9108=CARTESIAN_POINT('',(0.0213499999999999,-0.0192743392359504,-0.0990742392359506));
#9109=VECTOR('',#11678,1.0);
#9110=CARTESIAN_POINT('',(-0.0213500000000001,0.0212256607640496,-0.0990742392359504));
#9111=VECTOR('',#11679,1.0);
#9112=CARTESIAN_POINT('',(0.00413333333333293,-0.0259641620430825,-0.0990742392359506));
#9113=CARTESIAN_POINT('',(0.0213499999999999,-0.0259641620430826,-0.0990742392359506));
#9114=VECTOR('',#11680,1.0);
#9115=CARTESIAN_POINT('',(0.00413333333333293,-0.0240219844809971,-0.0990742392359506));
#9116=CARTESIAN_POINT('',(0.00413333333333293,-0.0192743392359504,-0.0990742392359506));
#9117=VECTOR('',#11681,1.0);
#9118=CARTESIAN_POINT('',(0.0213499999999999,-0.0240219844809971,-0.0990742392359506));
#9119=VECTOR('',#11682,1.0);
#9120=CARTESIAN_POINT('',(0.0213499999999999,-0.0259641620430826,-0.0990742392359506));
#9121=VECTOR('',#11683,1.0);
#9122=CARTESIAN_POINT('',(0.0280398228071321,-0.0204243392359503,-0.0990742392359505));
#9123=CARTESIAN_POINT('',(0.0213500000000001,-0.0204243392359504,-0.0990742392359505));
#9124=VECTOR('',#11684,1.0);
#9125=CARTESIAN_POINT('',(0.0280398228071321,-0.0116104664376667,-0.0990742392359505));
#9126=CARTESIAN_POINT('',(0.0280398228071321,0.0222756607640496,-0.0990742392359505));
#9127=VECTOR('',#11685,1.0);
#9128=CARTESIAN_POINT('',(0.0260976452450467,-0.0116104664376668,-0.0990742392359505));
#9129=CARTESIAN_POINT('',(0.0213500000000001,-0.0116104664376668,-0.0990742392359505));
#9130=VECTOR('',#11686,1.0);
#9131=CARTESIAN_POINT('',(0.0260976452450466,0.0222756607640497,-0.0990742392359505));
#9132=VECTOR('',#11687,1.0);
#9133=CARTESIAN_POINT('',(0.0280398228071321,0.00505899409738266,-0.0990742392359505));
#9134=CARTESIAN_POINT('',(0.0280398228071321,0.0222756607640496,-0.0990742392359505));
#9135=VECTOR('',#11688,1.0);
#9136=CARTESIAN_POINT('',(0.0260976452450467,0.00505899409738265,-0.0990742392359505));
#9137=CARTESIAN_POINT('',(0.02135,0.00505899409738263,-0.0990742392359505));
#9138=VECTOR('',#11689,1.0);
#9139=CARTESIAN_POINT('',(0.0260976452450466,0.0222756607640497,-0.0990742392359505));
#9140=VECTOR('',#11690,1.0);
#9141=CARTESIAN_POINT('',(0.0280398228071321,0.0222756607640497,-0.0990742392359505));
#9142=CARTESIAN_POINT('',(0.0280398228071321,0.0222756607640496,-0.0990742392359505));
#9143=VECTOR('',#11691,1.0);
#9144=CARTESIAN_POINT('',(0.02135,0.0222756607640496,-0.0990742392359505));
#9145=VECTOR('',#11692,1.0);
#9146=CARTESIAN_POINT('',(0.0125361272017165,0.0278154835711816,-0.0990742392359506));
#9147=CARTESIAN_POINT('',(-0.0213499999999999,0.0278154835711818,-0.0990742392359506));
#9148=VECTOR('',#11693,1.0);
#9149=CARTESIAN_POINT('',(0.0125361272017165,0.0258733060090963,-0.0990742392359504));
#9150=CARTESIAN_POINT('',(0.0125361272017164,0.0211256607640496,-0.0990742392359506));
#9151=VECTOR('',#11694,1.0);
#9152=CARTESIAN_POINT('',(-0.02135,0.0258733060090964,-0.0990742392359504));
#9153=VECTOR('',#11695,1.0);
#9154=CARTESIAN_POINT('',(-0.00413333333333293,0.0278154835711817,-0.0990742392359506));
#9155=CARTESIAN_POINT('',(-0.0213499999999999,0.0278154835711818,-0.0990742392359506));
#9156=VECTOR('',#11696,1.0);
#9157=CARTESIAN_POINT('',(-0.00413333333333294,0.0258733060090964,-0.0990742392359504));
#9158=CARTESIAN_POINT('',(-0.00413333333333295,0.0211256607640496,-0.0990742392359506));
#9159=VECTOR('',#11697,1.0);
#9160=CARTESIAN_POINT('',(-0.02135,0.0258733060090964,-0.0990742392359504));
#9161=VECTOR('',#11698,1.0);
#9162=CARTESIAN_POINT('',(-0.0213499999999999,0.0278154835711818,-0.0990742392359506));
#9163=VECTOR('',#11699,1.0);
#9164=CARTESIAN_POINT('',(-0.028039822807132,0.0222756607640496,-0.0990742392359505));
#9165=CARTESIAN_POINT('',(-0.02145,0.0222756607640495,-0.0990742392359504));
#9166=VECTOR('',#11700,1.0);
#9167=CARTESIAN_POINT('',(-0.0280398228071321,0.013461787965766,-0.0990742392359505));
#9168=CARTESIAN_POINT('',(-0.0280398228071321,-0.0204243392359504,-0.0990742392359505));
#9169=VECTOR('',#11701,1.0);
#9170=CARTESIAN_POINT('',(-0.0260976452450467,0.013461787965766,-0.0990742392359503));
#9171=CARTESIAN_POINT('',(-0.02135,0.013461787965766,-0.0990742392359505));
#9172=VECTOR('',#11702,1.0);
#9173=CARTESIAN_POINT('',(-0.0260976452450467,-0.0204243392359505,-0.0990742392359503));
#9174=VECTOR('',#11703,1.0);
#9175=CARTESIAN_POINT('',(-0.0280398228071321,-0.0032076725692834,-0.0990742392359505));
#9176=CARTESIAN_POINT('',(-0.0280398228071321,-0.0204243392359504,-0.0990742392359505));
#9177=VECTOR('',#11704,1.0);
#9178=CARTESIAN_POINT('',(-0.0260976452450467,-0.0032076725692834,-0.0990742392359503));
#9179=CARTESIAN_POINT('',(-0.02135,-0.00320767256928339,-0.0990742392359505));
#9180=VECTOR('',#11705,1.0);
#9181=CARTESIAN_POINT('',(-0.0260976452450467,-0.0204243392359505,-0.0990742392359503));
#9182=VECTOR('',#11706,1.0);
#9183=CARTESIAN_POINT('',(-0.0280398228071321,-0.0204243392359504,-0.0990742392359505));
#9184=CARTESIAN_POINT('',(-0.0280398228071321,-0.0204243392359504,-0.0990742392359505));
#9185=VECTOR('',#11707,1.0);
#9186=CARTESIAN_POINT('',(-0.0229574612726037,-0.0204243392359505,-0.0990742392359503));
#9187=CARTESIAN_POINT('',(-0.0214499999999999,-0.0204243392359505,-0.0990742392359504));
#9188=VECTOR('',#11708,1.0);
#9189=CARTESIAN_POINT('',(-0.0229574612726037,-0.0259641620430825,-0.0990742392359506));
#9190=CARTESIAN_POINT('',(-0.0229574612726037,-0.0192743392359504,-0.0990742392359506));
#9191=VECTOR('',#11709,1.0);
#9192=CARTESIAN_POINT('',(-0.0125361272017165,-0.0259641620430825,-0.0990742392359506));
#9193=CARTESIAN_POINT('',(0.0213499999999999,-0.0259641620430826,-0.0990742392359506));
#9194=VECTOR('',#11710,1.0);
#9195=CARTESIAN_POINT('',(-0.0125361272017165,-0.0240219844809971,-0.0990742392359506));
#9196=CARTESIAN_POINT('',(-0.0125361272017165,-0.0192743392359504,-0.0990742392359506));
#9197=VECTOR('',#11711,1.0);
#9198=CARTESIAN_POINT('',(0.0213499999999999,-0.0240219844809971,-0.0990742392359506));
#9199=VECTOR('',#11712,1.0);
#9200=COLOUR_RGB('',1.0,1.0,1.0);
#9201=CARTESIAN_POINT('',(-0.0125361272017165,-0.0193743392359504,-0.107877147636187));
#9202=CARTESIAN_POINT('',(0.000150018223881858,-0.0193743392359504,-0.107877147636187));
#9203=VECTOR('',#11713,1.0);
#9204=CARTESIAN_POINT('',(0.000150018223881872,-0.0193743392359504,-0.103674239235951));
#9205=VECTOR('',#11714,1.0);
#9206=CARTESIAN_POINT('',(0.000150018223881858,-0.0193743392359504,-0.107877147636187));
#9207=VECTOR('',#11715,1.0);
#9208=CARTESIAN_POINT('',(0.00413333333333293,-0.0193743392359504,-0.104599218085939));
#9209=CARTESIAN_POINT('',(0.00313333333333293,-0.0193743392359504,-0.104599218085939));
#9210=VECTOR('',#11716,1.0);
#9211=CARTESIAN_POINT('',(0.00413333333333293,-0.0193743392359504,-0.107877147636187));
#9212=CARTESIAN_POINT('',(0.00413333333333293,-0.0193743392359504,-0.106575951013582));
#9213=VECTOR('',#11717,1.0);
#9214=CARTESIAN_POINT('',(0.000150018223881858,-0.0193743392359504,-0.107877147636187));
#9215=VECTOR('',#11718,1.0);
#9216=CARTESIAN_POINT('',(-0.0125361272017165,-0.0193743392359504,-0.104599218085939));
#9217=CARTESIAN_POINT('',(-0.0135361272017165,-0.0193743392359504,-0.104599218085939));
#9218=VECTOR('',#11719,1.0);
#9219=CARTESIAN_POINT('',(-0.0125361272017165,-0.0193743392359504,-0.106575951013582));
#9220=VECTOR('',#11720,1.0);
#9221=COLOUR_RGB('',1.0,1.0,1.0);
#9222=CARTESIAN_POINT('',(-0.0125779059492837,-0.0121066954970285,-0.0976742392359506));
#9223=CARTESIAN_POINT('',(-0.0125779059492838,-0.0121066954970285,-0.0976742392359506));
#9224=CARTESIAN_POINT('',(-0.0142445038263106,-0.0104400976200017,-0.0976742392359506));
#9225=CARTESIAN_POINT('',(-0.0155780250195932,-0.00844437816082679,-0.0976742392359505));
#9226=CARTESIAN_POINT('',(-0.0173816059941813,-0.00408977211264451,-0.0976742392359505));
#9227=CARTESIAN_POINT('',(-0.0178500559250115,-0.00173543916032577,-0.0976742392359505));
#9228=CARTESIAN_POINT('',(-0.0178499118508272,0.00297789271636607,-0.0976742392359505));
#9229=CARTESIAN_POINT('',(-0.0173817389644555,0.00533228071740859,-0.0976742392359505));
#9230=CARTESIAN_POINT('',(-0.0155778916980157,0.00968677666145634,-0.0976742392359505));
#9231=CARTESIAN_POINT('',(-0.014244563323689,0.0116824912512819,-0.0976742392359505));
#9232=CARTESIAN_POINT('',(-0.0125779059492837,0.0133491486256872,-0.0976742392359505));
#9233=CARTESIAN_POINT('',(-0.0139921195116568,-0.0135209090594016,-0.0976742392359506));
#9234=CARTESIAN_POINT('',(-0.0139921195116568,-0.0135209090594016,-0.0976742392359506));
#9235=CARTESIAN_POINT('',(-0.0138064608018461,-0.0137065677692124,-0.0976742392359506));
#9236=CARTESIAN_POINT('',(-0.01354700623951,-0.0138139463260965,-0.0976742392359506));
#9237=CARTESIAN_POINT('',(-0.0130230195807482,-0.0138136582305312,-0.0976742392359506));
#9238=CARTESIAN_POINT('',(-0.012763061671445,-0.0137062684364567,-0.0976742392359506));
#9239=CARTESIAN_POINT('',(-0.0123927507019915,-0.0133355501577379,-0.0976742392359506));
#9240=CARTESIAN_POINT('',(-0.0122848687627863,-0.013075796068369,-0.0976742392359506));
#9241=CARTESIAN_POINT('',(-0.0122851566976299,-0.0125518094419015,-0.0976742392359506));
#9242=CARTESIAN_POINT('',(-0.0123921199900154,-0.0122924814562968,-0.0976742392359506));
#9243=CARTESIAN_POINT('',(-0.0125779059492838,-0.0121066954970285,-0.0976742392359506));
#9244=CARTESIAN_POINT('',(-0.0139921195116568,0.0147633621880603,-0.0976742392359505));
#9245=CARTESIAN_POINT('',(-0.0158438967461993,0.0129115849535179,-0.0976742392359505));
#9246=CARTESIAN_POINT('',(-0.0173255775859372,0.01069411802705,-0.0976742392359505));
#9247=CARTESIAN_POINT('',(-0.0193295715233767,0.00585567231651126,-0.0976742392359505));
#9248=CARTESIAN_POINT('',(-0.0198500559132021,0.00323974452175289,-0.0976742392359505));
#9249=CARTESIAN_POINT('',(-0.019849911862643,-0.00199729163895742,-0.0976742392359505));
#9250=CARTESIAN_POINT('',(-0.0193297045414619,-0.00461327448457116,-0.0976742392359505));
#9251=CARTESIAN_POINT('',(-0.0173254443604548,-0.00945161010234728,-0.0976742392359505));
#9252=CARTESIAN_POINT('',(-0.0158439362932891,-0.0116690922777694,-0.0976742392359506));
#9253=CARTESIAN_POINT('',(-0.0139921195116568,-0.0135209090594016,-0.0976742392359506));
#9254=CARTESIAN_POINT('',(-0.00833526526216446,-0.00786405480990923,-0.0976742392359506));
#9255=CARTESIAN_POINT('',(-0.00944632484091933,-0.00675299523115435,-0.0976742392359506));
#9256=CARTESIAN_POINT('',(-0.0103353673857029,-0.00542251772313799,-0.0976742392359505));
#9257=CARTESIAN_POINT('',(-0.0115377091893911,-0.00251943147915866,-0.0976742392359505));
#9258=CARTESIAN_POINT('',(-0.0118500559087676,-0.000949882428428275,-0.0976742392359505));
#9259=CARTESIAN_POINT('',(-0.0118499118670759,0.00219233573659491,-0.0976742392359505));
#9260=CARTESIAN_POINT('',(-0.011537842225252,0.00376193984721574,-0.0976742392359505));
#9261=CARTESIAN_POINT('',(-0.0103352341735036,0.00666491603807359,-0.0976742392359505));
#9262=CARTESIAN_POINT('',(-0.00944637788378596,0.0079953953169464,-0.0976742392359505));
#9263=CARTESIAN_POINT('',(-0.00833526526216442,0.00910650793856793,-0.0976742392359505));
#9264=CARTESIAN_POINT('',(-0.00479973135623172,-0.00432852090397649,-0.0976742392359506));
#9265=CARTESIAN_POINT('',(-0.00544804289508365,-0.00368020936512456,-0.0976742392359506));
#9266=CARTESIAN_POINT('',(-0.00596632137479073,-0.00290469827121146,-0.0976742392359506));
#9267=CARTESIAN_POINT('',(-0.00666795981877278,-0.0012104167436645,-0.0976742392359505));
#9268=CARTESIAN_POINT('',(-0.00685005592591738,-0.000295682189759561,-0.0976742392359505));
#9269=CARTESIAN_POINT('',(-0.00684991184994014,0.00153813524508236,-0.0976742392359505));
#9270=CARTESIAN_POINT('',(-0.00666809300117998,0.00245292487803787,-0.0976742392359505));
#9271=CARTESIAN_POINT('',(-0.00596618814069641,0.00414709651887125,-0.0976742392359505));
#9272=CARTESIAN_POINT('',(-0.00544810243300109,0.0049226029558658,-0.0976742392359505));
#9273=CARTESIAN_POINT('',(-0.00479973135623169,0.00557097403263519,-0.0976742392359505));
#9274=CARTESIAN_POINT('',(-0.00621394491860479,0.00698518759500829,-0.0976742392359505));
#9275=CARTESIAN_POINT('',(-0.00704743825344167,0.00615169426017141,-0.0976742392359505));
#9276=CARTESIAN_POINT('',(-0.00771387320517639,0.00515443991828458,-0.0976742392359505));
#9277=CARTESIAN_POINT('',(-0.00861592613594003,0.00297631504108983,-0.0976742392359505));
#9278=CARTESIAN_POINT('',(-0.00885005592422243,0.00179998941164113,-0.0976742392359505));
#9279=CARTESIAN_POINT('',(-0.00884991185162859,-0.000557536295135909,-0.0976742392359505));
#9280=CARTESIAN_POINT('',(-0.008616059286111,-0.00173391698203819,-0.0976742392359505));
#9281=CARTESIAN_POINT('',(-0.00771373994896244,-0.00391193197596837,-0.0976742392359505));
#9282=CARTESIAN_POINT('',(-0.00704749704076207,-0.00490918234419233,-0.0976742392359506));
#9283=CARTESIAN_POINT('',(-0.00621394491860481,-0.00574273446634959,-0.0976742392359506));
#9284=CARTESIAN_POINT('',(0.00015001822388189,0.00362122989733714,-0.0976742392359505));
#9285=AXIS2_PLACEMENT_3D('',#11721,#11722,#11723);
#9286=CARTESIAN_POINT('',(0.00651397714275305,0.00698518759500826,-0.0976742392359506));
#9287=CARTESIAN_POINT('',(0.00509976358037996,0.00557097403263516,-0.0976742392359506));
#9288=CARTESIAN_POINT('',(0.00651397714275305,0.00698518759500826,-0.0976742392359506));
#9289=CARTESIAN_POINT('',(0.00632831843294185,0.00717084630481946,-0.0976742392359506));
#9290=CARTESIAN_POINT('',(0.00606886387060742,0.00727822486170312,-0.0976742392359506));
#9291=CARTESIAN_POINT('',(0.00554487721184319,0.0072779367661379,-0.0976742392359506));
#9292=CARTESIAN_POINT('',(0.00528491930254064,0.00717054697206265,-0.0976742392359506));
#9293=CARTESIAN_POINT('',(0.0049146083330882,0.00679982869334528,-0.0976742392359506));
#9294=CARTESIAN_POINT('',(0.00480672639388252,0.0065400746039737,-0.0976742392359506));
#9295=CARTESIAN_POINT('',(0.00480701432872611,0.00601608797751012,-0.0976742392359506));
#9296=CARTESIAN_POINT('',(0.0049139776211124,0.00575675999190273,-0.0976742392359506));
#9297=CARTESIAN_POINT('',(0.00509976358037996,0.00557097403263517,-0.0976742392359506));
#9298=CARTESIAN_POINT('',(0.00651397714275304,-0.0057427344663496,-0.0976742392359506));
#9299=CARTESIAN_POINT('',(0.00651397714275304,-0.0057427344663496,-0.0976742392359506));
#9300=CARTESIAN_POINT('',(0.00734747047760541,-0.00490924113149724,-0.0976742392359506));
#9301=CARTESIAN_POINT('',(0.00801390542931243,-0.00391198678965492,-0.0976742392359506));
#9302=CARTESIAN_POINT('',(0.00891595836010047,-0.00173386191240214,-0.0976742392359506));
#9303=CARTESIAN_POINT('',(0.00915008814837067,-0.000557536282982267,-0.0976742392359506));
#9304=CARTESIAN_POINT('',(0.00914994407577683,0.00179998942379441,-0.0976742392359506));
#9305=CARTESIAN_POINT('',(0.00891609151026886,0.00297637011066914,-0.0976742392359506));
#9306=CARTESIAN_POINT('',(0.00801377217310106,0.00515438510465477,-0.0976742392359506));
#9307=CARTESIAN_POINT('',(0.00734752926492467,0.00615163547283664,-0.0976742392359506));
#9308=CARTESIAN_POINT('',(0.00651397714275305,0.00698518759500826,-0.0976742392359506));
#9309=CARTESIAN_POINT('',(0.00509976358037995,-0.00432852090397651,-0.0976742392359506));
#9310=CARTESIAN_POINT('',(0.00509976358037995,-0.00432852090397651,-0.0976742392359506));
#9311=CARTESIAN_POINT('',(0.0049141048705683,-0.00451417961378815,-0.0976742392359506));
#9312=CARTESIAN_POINT('',(0.00480672631368509,-0.00477363417612097,-0.0976742392359506));
#9313=CARTESIAN_POINT('',(0.00480701440925031,-0.00529762083488753,-0.0976742392359506));
#9314=CARTESIAN_POINT('',(0.00491440420332553,-0.0055575787441889,-0.0976742392359506));
#9315=CARTESIAN_POINT('',(0.00528512248204296,-0.00592788971364138,-0.0976742392359506));
#9316=CARTESIAN_POINT('',(0.00554487657141454,-0.00603577165284705,-0.0976742392359506));
#9317=CARTESIAN_POINT('',(0.00606886319787805,-0.00603548371800345,-0.0976742392359506));
#9318=CARTESIAN_POINT('',(0.00632819118348548,-0.00592852042561717,-0.0976742392359506));
#9319=CARTESIAN_POINT('',(0.00651397714275304,-0.0057427344663496,-0.0976742392359506));
#9320=CARTESIAN_POINT('',(0.00509976358037996,0.00557097403263516,-0.0976742392359506));
#9321=CARTESIAN_POINT('',(0.0057480750894424,0.00492266252357272,-0.0976742392359506));
#9322=CARTESIAN_POINT('',(0.00626635355194289,0.00414715147013664,-0.0976742392359506));
#9323=CARTESIAN_POINT('',(0.00696799199404659,0.00245287003356001,-0.0976742392359506));
#9324=CARTESIAN_POINT('',(0.00715008811700962,0.00153813552596923,-0.0976742392359506));
#9325=CARTESIAN_POINT('',(0.00714994410718374,-0.000295681822836188,-0.0976742392359506));
#9326=CARTESIAN_POINT('',(0.00696812530743766,-0.00121047142234704,-0.0976742392359506));
#9327=CARTESIAN_POINT('',(0.00626622057045594,-0.00290464302277979,-0.0976742392359506));
#9328=CARTESIAN_POINT('',(0.00574813493485403,-0.0036801494568036,-0.0976742392359506));
#9329=CARTESIAN_POINT('',(0.00509976393450228,-0.00432852054985414,-0.0976742392359506));
#9330=CARTESIAN_POINT('',(0.0100495110486858,0.010520721500941,-0.0976742392359506));
#9331=CARTESIAN_POINT('',(0.0086352974863127,0.0091065079385679,-0.0976742392359506));
#9332=CARTESIAN_POINT('',(0.0100495110486858,0.010520721500941,-0.0976742392359506));
#9333=CARTESIAN_POINT('',(0.00986385233887422,0.0107063802107526,-0.0976742392359506));
#9334=CARTESIAN_POINT('',(0.00960439777654113,0.0108137587676358,-0.0976742392359506));
#9335=CARTESIAN_POINT('',(0.00908041111777496,0.0108134706720706,-0.0976742392359506));
#9336=CARTESIAN_POINT('',(0.00882045320847432,0.0107060808779965,-0.0976742392359506));
#9337=CARTESIAN_POINT('',(0.00845014223902,0.0103353625992769,-0.0976742392359506));
#9338=CARTESIAN_POINT('',(0.00834226029981526,0.0100756085099074,-0.0976742392359506));
#9339=CARTESIAN_POINT('',(0.00834254823465885,0.00955162188344188,-0.0976742392359506));
#9340=CARTESIAN_POINT('',(0.00844951152704474,0.00929229389783586,-0.0976742392359506));
#9341=CARTESIAN_POINT('',(0.0086352974863127,0.0091065079385679,-0.0976742392359506));
#9342=CARTESIAN_POINT('',(0.0100495110486858,-0.00927826837228235,-0.0976742392359506));
#9343=CARTESIAN_POINT('',(0.0100495110486858,-0.00927826837228234,-0.0976742392359506));
#9344=CARTESIAN_POINT('',(0.0113457501028245,-0.00798202931814363,-0.0976742392359506));
#9345=CARTESIAN_POINT('',(0.0123829521212242,-0.0064298046160436,-0.0976742392359506));
#9346=CARTESIAN_POINT('',(0.0137857070484685,-0.00304287827646203,-0.0976742392359506));
#9347=CARTESIAN_POINT('',(0.014150088138324,-0.001211734759301,-0.0976742392359506));
#9348=CARTESIAN_POINT('',(0.014149944085814,0.00245418814992806,-0.0976742392359506));
#9349=CARTESIAN_POINT('',(0.0137858400624128,0.00428538672354557,-0.0976742392359506));
#9350=CARTESIAN_POINT('',(0.0123828188727059,0.00767220299254507,-0.0976742392359506));
#9351=CARTESIAN_POINT('',(0.0113458052973731,0.00922442725225372,-0.0976742392359506));
#9352=CARTESIAN_POINT('',(0.0100495110486858,0.010520721500941,-0.0976742392359506));
#9353=CARTESIAN_POINT('',(0.00863529748631268,-0.00786405480990925,-0.0976742392359506));
#9354=CARTESIAN_POINT('',(0.00863529748631268,-0.00786405480990925,-0.0976742392359506));
#9355=CARTESIAN_POINT('',(0.00844963877650112,-0.00804971351972082,-0.0976742392359506));
#9356=CARTESIAN_POINT('',(0.00834226021961782,-0.00830916808205391,-0.0976742392359506));
#9357=CARTESIAN_POINT('',(0.00834254831518305,-0.00883315474082008,-0.0976742392359506));
#9358=CARTESIAN_POINT('',(0.00844993810925923,-0.00909311265012282,-0.0976742392359506));
#9359=CARTESIAN_POINT('',(0.00882065638797473,-0.00946342361957295,-0.0976742392359506));
#9360=CARTESIAN_POINT('',(0.00908041047734627,-0.0095713055587798,-0.0976742392359506));
#9361=CARTESIAN_POINT('',(0.00960439710381179,-0.00957101762393618,-0.0976742392359506));
#9362=CARTESIAN_POINT('',(0.0098637250894178,-0.00946405433155032,-0.0976742392359506));
#9363=CARTESIAN_POINT('',(0.0100495110486858,-0.00927826837228235,-0.0976742392359506));
#9364=CARTESIAN_POINT('',(0.0086352974863127,0.0091065079385679,-0.0976742392359506));
#9365=CARTESIAN_POINT('',(0.00974635703540324,0.00799544838947736,-0.0976742392359506));
#9366=CARTESIAN_POINT('',(0.0106353995627942,0.00666497092243455,-0.0976742392359506));
#9367=CARTESIAN_POINT('',(0.0118377413647309,0.00376188476864893,-0.0976742392359506));
#9368=CARTESIAN_POINT('',(0.0121500881000909,0.00219233576567111,-0.0976742392359506));
#9369=CARTESIAN_POINT('',(0.0121499441240721,-0.000949882315448412,-0.0976742392359506));
#9370=CARTESIAN_POINT('',(0.0118378745318829,-0.00251948639103021,-0.0976742392359506));
#9371=CARTESIAN_POINT('',(0.0106352666028289,-0.00542246254255966,-0.0976742392359506));
#9372=CARTESIAN_POINT('',(0.00974641038630589,-0.00675294181727998,-0.0976742392359506));
#9373=CARTESIAN_POINT('',(0.00863529784055355,-0.00786405445566837,-0.0976742392359506));
#9374=CARTESIAN_POINT('',(0.0142921517358051,0.0147633621880603,-0.0976742392359506));
#9375=CARTESIAN_POINT('',(0.0141064930259935,0.0149490208978719,-0.0976742392359506));
#9376=CARTESIAN_POINT('',(0.0138470384636604,0.0150563994547551,-0.0976742392359506));
#9377=CARTESIAN_POINT('',(0.0133230518048943,0.0150561113591899,-0.0976742392359505));
#9378=CARTESIAN_POINT('',(0.0130630938955936,0.0149487215651158,-0.0976742392359505));
#9379=CARTESIAN_POINT('',(0.0126927829261393,0.0145780032863961,-0.0976742392359505));
#9380=CARTESIAN_POINT('',(0.0125849009869345,0.0143182491970267,-0.0976742392359505));
#9381=CARTESIAN_POINT('',(0.0125851889217782,0.0137942625705612,-0.0976742392359506));
#9382=CARTESIAN_POINT('',(0.012692152214164,0.0135349345849551,-0.0976742392359506));
#9383=CARTESIAN_POINT('',(0.012877938173432,0.0133491486256872,-0.0976742392359506));
#9384=CARTESIAN_POINT('',(0.012877938173432,-0.0121066954970285,-0.0976742392359506));
#9385=CARTESIAN_POINT('',(0.0126922794636204,-0.0122923542068401,-0.0976742392359506));
#9386=CARTESIAN_POINT('',(0.0125849009067371,-0.0125518087691732,-0.0976742392359506));
#9387=CARTESIAN_POINT('',(0.0125851890023023,-0.0130757954279393,-0.0976742392359506));
#9388=CARTESIAN_POINT('',(0.0126925787963778,-0.013335753337241,-0.0976742392359506));
#9389=CARTESIAN_POINT('',(0.0130632970750947,-0.0137060643066934,-0.0976742392359507));
#9390=CARTESIAN_POINT('',(0.0133230511644653,-0.0138139462458991,-0.0976742392359507));
#9391=CARTESIAN_POINT('',(0.0138470377909313,-0.0138136583110555,-0.0976742392359507));
#9392=CARTESIAN_POINT('',(0.014106365776537,-0.0137066950186697,-0.0976742392359507));
#9393=CARTESIAN_POINT('',(0.0142921517358051,-0.0135209090594016,-0.0976742392359507));
#9394=CARTESIAN_POINT('',(0.000150018223881891,-0.0192743392359504,-0.0976742392359506));
#9395=VECTOR('',#11724,1.0);
#9396=CARTESIAN_POINT('',(0.0213499999999999,0.000621229897337141,-0.0976742392359506));
#9397=VECTOR('',#11725,1.0);
#9398=CARTESIAN_POINT('',(-0.0203483571275636,0.0212256607640496,-0.0976742392359504));
#9399=VECTOR('',#11726,1.0);
#9400=COLOUR_RGB('',1.0,1.0,1.0);
#9401=COLOUR_RGB('',1.0,1.0,1.0);
#9402=COLOUR_RGB('',1.0,1.0,1.0);
#9403=CARTESIAN_POINT('',(-0.0139921195116568,-0.0135209090594016,-0.0976742392359506));
#9404=VECTOR('',#11727,1.0);
#9405=CARTESIAN_POINT('',(-0.0125779059492837,-0.0121066954970285,-0.0976742392359506));
#9406=VECTOR('',#11728,1.0);
#9407=COLOUR_RGB('',1.0,1.0,1.0);
#9408=CARTESIAN_POINT('',(-0.0183500000000001,-0.0163743392359504,-0.102074239235951));
#9409=CARTESIAN_POINT('',(-0.0183500000000001,0.0182256607640496,-0.10207423923595));
#9410=CARTESIAN_POINT('',(-0.0183500000000001,0.000621229897337156,-0.102074239235951));
#9411=VECTOR('',#11729,1.0);
#9412=CARTESIAN_POINT('',(-0.0183500000000001,-0.0163743392359504,-0.103674239235951));
#9413=CARTESIAN_POINT('',(-0.0183500000000001,-0.0163743392359504,-0.102074239235951));
#9414=VECTOR('',#11730,1.0);
#9415=CARTESIAN_POINT('',(-0.0183500000000001,0.0182256607640496,-0.10367423923595));
#9416=CARTESIAN_POINT('',(-0.0183500000000001,0.000621229897337162,-0.10367423923595));
#9417=VECTOR('',#11731,1.0);
#9418=CARTESIAN_POINT('',(-0.0183500000000001,0.0182256607640496,-0.10207423923595));
#9419=VECTOR('',#11732,1.0);
#9420=COLOUR_RGB('',1.0,1.0,1.0);
#9421=CARTESIAN_POINT('',(0.0183499999999999,0.0182256607640496,-0.102074239235951));
#9422=CARTESIAN_POINT('',(0.0183499999999999,-0.0163743392359504,-0.102074239235951));
#9423=CARTESIAN_POINT('',(0.0183499999999999,0.000621229897337156,-0.102074239235951));
#9424=VECTOR('',#11733,1.0);
#9425=CARTESIAN_POINT('',(0.0183499999999999,0.0182256607640496,-0.103674239235951));
#9426=CARTESIAN_POINT('',(0.0183499999999999,0.0182256607640496,-0.102074239235951));
#9427=VECTOR('',#11734,1.0);
#9428=CARTESIAN_POINT('',(0.0183499999999999,-0.0163743392359504,-0.103674239235951));
#9429=CARTESIAN_POINT('',(0.0183499999999999,0.000621229897337162,-0.103674239235951));
#9430=VECTOR('',#11735,1.0);
#9431=CARTESIAN_POINT('',(0.0183499999999999,-0.0163743392359504,-0.102074239235951));
#9432=VECTOR('',#11736,1.0);
#9433=COLOUR_RGB('',1.0,1.0,1.0);
#9434=CARTESIAN_POINT('',(0.000150018223881877,0.0182256607640496,-0.102074239235951));
#9435=VECTOR('',#11737,1.0);
#9436=CARTESIAN_POINT('',(0.000150018223881872,0.0182256607640496,-0.10367423923595));
#9437=VECTOR('',#11738,1.0);
#9438=COLOUR_RGB('',1.0,1.0,1.0);
#9439=CARTESIAN_POINT('',(0.000150018223881877,-0.0163743392359504,-0.102074239235951));
#9440=VECTOR('',#11739,1.0);
#9441=CARTESIAN_POINT('',(0.000150018223881872,-0.0163743392359504,-0.103674239235951));
#9442=VECTOR('',#11740,1.0);
#9443=COLOUR_RGB('',1.0,1.0,1.0);
#9444=CARTESIAN_POINT('',(-0.02145,0.000621229897337162,-0.10367423923595));
#9445=VECTOR('',#11741,1.0);
#9446=CARTESIAN_POINT('',(0.000150018223881872,0.0212256607640496,-0.10367423923595));
#9447=VECTOR('',#11742,1.0);
#9448=CARTESIAN_POINT('',(0.0214500000000001,0.000621229897337162,-0.103674239235951));
#9449=VECTOR('',#11743,1.0);
#9450=COLOUR_RGB('',1.0,1.0,1.0);
#9451=CARTESIAN_POINT('',(0.00413333333333293,-0.0208321364546893,-0.104599218085939));
#9452=CARTESIAN_POINT('',(0.00313333333333293,-0.0208321364546893,-0.104599218085939));
#9453=VECTOR('',#11744,1.0);
#9454=CARTESIAN_POINT('',(0.00413333333333293,-0.0193743392359504,-0.104599218085939));
#9455=VECTOR('',#11745,1.0);
#9456=COLOUR_RGB('',1.0,1.0,1.0);
#9457=CARTESIAN_POINT('',(-0.0229574612726037,-0.0204243392359504,-0.107877147636187));
#9458=CARTESIAN_POINT('',(-0.0229574612726037,-0.0204243392359505,-0.0976742392359505));
#9459=VECTOR('',#11746,1.0);
#9460=CARTESIAN_POINT('',(-0.0229574612726037,-0.0208818005085542,-0.107877147636187));
#9461=CARTESIAN_POINT('',(-0.0229574612726037,-0.0143787734356706,-0.107877147636187));
#9462=VECTOR('',#11747,1.0);
#9463=CARTESIAN_POINT('',(-0.0229574612726037,-0.0236740326738786,-0.103040859659317));
#9464=VECTOR('',#11748,1.0);
#9465=COLOUR_RGB('',1.0,1.0,1.0);
#9466=COLOUR_RGB('',1.0,1.0,1.0);
#9467=CARTESIAN_POINT('',(0.0139500003799999,0.0149756615440496,-0.105874339235951));
#9468=AXIS2_PLACEMENT_3D('',#11749,#11750,#11751);
#9469=COLOUR_RGB('',1.0,1.0,1.0);
#9470=CARTESIAN_POINT('',(-0.0125361272017165,-0.0208321364546893,-0.104599218085939));
#9471=CARTESIAN_POINT('',(-0.0135361272017165,-0.0208321364546893,-0.104599218085939));
#9472=VECTOR('',#11752,1.0);
#9473=CARTESIAN_POINT('',(-0.0125361272017165,-0.0193743392359504,-0.104599218085939));
#9474=VECTOR('',#11753,1.0);
#9475=COLOUR_RGB('',1.0,1.0,1.0);
#9476=CARTESIAN_POINT('',(0.00413333333333293,-0.0208818005085542,-0.107877147636187));
#9477=CARTESIAN_POINT('',(0.000150018223881858,-0.0208818005085542,-0.107877147636187));
#9478=VECTOR('',#11754,1.0);
#9479=CARTESIAN_POINT('',(0.00413333333333293,-0.0228874793559457,-0.104403209968839));
#9480=VECTOR('',#11755,1.0);
#9481=COLOUR_RGB('',1.0,1.0,1.0);
#9482=CARTESIAN_POINT('',(0.0214500000000001,-0.0116104664376668,-0.107877147636187));
#9483=CARTESIAN_POINT('',(0.02145,0.00107567898793156,-0.107877147636187));
#9484=VECTOR('',#11756,1.0);
#9485=CARTESIAN_POINT('',(0.0229574612726038,-0.0116104664376668,-0.107877147636187));
#9486=CARTESIAN_POINT('',(0.00145443086671247,-0.0116104664376668,-0.107877147636187));
#9487=VECTOR('',#11757,1.0);
#9488=CARTESIAN_POINT('',(0.0229574612726038,0.00107567898793156,-0.107877147636187));
#9489=VECTOR('',#11758,1.0);
#9490=CARTESIAN_POINT('',(0.000150018223881858,-0.0208818005085542,-0.107877147636187));
#9491=VECTOR('',#11759,1.0);
#9492=COLOUR_RGB('',1.0,1.0,1.0);
#9493=COLOUR_RGB('',1.0,1.0,1.0);
#9494=CARTESIAN_POINT('',(-0.0125361272017165,-0.0208818005085542,-0.107877147636187));
#9495=CARTESIAN_POINT('',(-0.0125361272017165,-0.0228874793559457,-0.104403209968839));
#9496=VECTOR('',#11760,1.0);
#9497=CARTESIAN_POINT('',(0.000150018223881858,-0.0208818005085542,-0.107877147636187));
#9498=VECTOR('',#11761,1.0);
#9499=COLOUR_RGB('',1.0,1.0,1.0);
#9500=CARTESIAN_POINT('',(0.012877938173432,0.0133491486256872,-0.0970742392359505));
#9501=CARTESIAN_POINT('',(0.0128084911193246,0.0134185956797946,-0.0970742392359505));
#9502=CARTESIAN_POINT('',(0.012753575342316,0.0135006851738541,-0.0970742392359505));
#9503=CARTESIAN_POINT('',(0.0127265652841737,0.0135410604927187,-0.0970742392359505));
#9504=CARTESIAN_POINT('',(0.0127031236902702,0.0135848586700477,-0.0970742392359505));
#9505=CARTESIAN_POINT('',(0.0126802011662352,0.013627687019376,-0.0970742392359505));
#9506=CARTESIAN_POINT('',(0.0126611654221072,0.0136735719745086,-0.0970742392359505));
#9507=CARTESIAN_POINT('',(0.0126425511886169,0.0137184408938843,-0.0970742392359505));
#9508=CARTESIAN_POINT('',(0.0126281046188863,0.0137659707296193,-0.0970742392359505));
#9509=CARTESIAN_POINT('',(0.0126139779411849,0.0138124481068203,-0.0970742392359505));
#9510=CARTESIAN_POINT('',(0.0126042596742153,0.0138611650848576,-0.0970742392359505));
#9511=CARTESIAN_POINT('',(0.0125947565999315,0.0139088033173344,-0.0970742392359505));
#9512=CARTESIAN_POINT('',(0.0125898602279463,0.0139582382665442,-0.0970742392359505));
#9513=CARTESIAN_POINT('',(0.0125850722768804,0.0140065785720763,-0.0970742392359505));
#9514=CARTESIAN_POINT('',(0.0125850449546185,0.0140562554068737,-0.0970742392359505));
#9515=CARTESIAN_POINT('',(0.0125850182373566,0.0141048322418936,-0.0970742392359505));
#9516=CARTESIAN_POINT('',(0.0125898602279463,0.0141542725472033,-0.0970742392359505));
#9517=CARTESIAN_POINT('',(0.0125945950017902,0.0142026180902346,-0.0970742392359505));
#9518=CARTESIAN_POINT('',(0.0126042596742153,0.0142513457288899,-0.0970742392359505));
#9519=CARTESIAN_POINT('',(0.0126137103407044,0.0142989943859243,-0.0970742392359505));
#9520=CARTESIAN_POINT('',(0.0126281046188863,0.0143465400841282,-0.0970742392359505));
#9521=CARTESIAN_POINT('',(0.0126421801629362,0.0143930329725518,-0.0970742392359505));
#9522=CARTESIAN_POINT('',(0.0126611654221072,0.0144389388392388,-0.0970742392359505));
#9523=CARTESIAN_POINT('',(0.0126797302885344,0.0144838282071208,-0.0970742392359505));
#9524=CARTESIAN_POINT('',(0.0127031236902702,0.0145276521436997,-0.0970742392359505));
#9525=CARTESIAN_POINT('',(0.0127259990892621,0.0145705056818881,-0.0970742392359505));
#9526=CARTESIAN_POINT('',(0.012753575342316,0.0146118256398933,-0.0970742392359505));
#9527=CARTESIAN_POINT('',(0.0127805409712753,0.0146522306453888,-0.0970742392359505));
#9528=CARTESIAN_POINT('',(0.0128120345012558,0.0146906486910374,-0.0970742392359505));
#9529=CARTESIAN_POINT('',(0.0128428306664349,0.0147282160415499,-0.0970742392359504));
#9530=CARTESIAN_POINT('',(0.012877938173432,0.0147633621880603,-0.0970742392359504));
#9531=CARTESIAN_POINT('',(0.0129122682909256,0.0147977300894681,-0.0970742392359504));
#9532=CARTESIAN_POINT('',(0.0129506516704549,0.0148292658602365,-0.0970742392359504));
#9533=CARTESIAN_POINT('',(0.0129881851224643,0.0148601033308613,-0.0970742392359504));
#9534=CARTESIAN_POINT('',(0.0130294747215989,0.0148877250191763,-0.0970742392359504));
#9535=CARTESIAN_POINT('',(0.0130698500404635,0.0149147350773186,-0.0970742392359504));
#9536=CARTESIAN_POINT('',(0.0131136482177925,0.0149381766712221,-0.0970742392359504));
#9537=CARTESIAN_POINT('',(0.0131564765671211,0.0149610991952572,-0.0970742392359504));
#9538=CARTESIAN_POINT('',(0.0132023615222534,0.014980134939385,-0.0970742392359504));
#9539=CARTESIAN_POINT('',(0.0132472304416294,0.0149987491728755,-0.0970742392359504));
#9540=CARTESIAN_POINT('',(0.0132947602773641,0.0150131957426059,-0.0970742392359504));
#9541=CARTESIAN_POINT('',(0.0133412376545651,0.0150273224203073,-0.0970742392359504));
#9542=CARTESIAN_POINT('',(0.0133899546326024,0.015037040687277,-0.0970742392359504));
#9543=CARTESIAN_POINT('',(0.0134375928650792,0.0150465437615608,-0.0970742392359504));
#9544=CARTESIAN_POINT('',(0.013487027814289,0.0150514401335459,-0.0970742392359504));
#9545=CARTESIAN_POINT('',(0.0135353681198211,0.0150562280846118,-0.0970742392359504));
#9546=CARTESIAN_POINT('',(0.0135850449546185,0.0150562554068737,-0.0970742392359504));
#9547=CARTESIAN_POINT('',(0.0136336217896384,0.0150562821241357,-0.0970742392359504));
#9548=CARTESIAN_POINT('',(0.0136830620949481,0.0150514401335459,-0.0970742392359504));
#9549=CARTESIAN_POINT('',(0.0137314076379794,0.015046705359702,-0.0970742392359504));
#9550=CARTESIAN_POINT('',(0.0137801352766347,0.015037040687277,-0.0970742392359504));
#9551=CARTESIAN_POINT('',(0.0138277839336691,0.0150275900207879,-0.0970742392359504));
#9552=CARTESIAN_POINT('',(0.013875329631873,0.0150131957426059,-0.0970742392359504));
#9553=CARTESIAN_POINT('',(0.0139218225202969,0.014999120198556,-0.0970742392359504));
#9554=CARTESIAN_POINT('',(0.0139677283869836,0.014980134939385,-0.0970742392359504));
#9555=CARTESIAN_POINT('',(0.0140126177548659,0.0149615700729578,-0.0970742392359504));
#9556=CARTESIAN_POINT('',(0.0140564416914445,0.0149381766712221,-0.0970742392359504));
#9557=CARTESIAN_POINT('',(0.0140992952296329,0.0149153012722301,-0.0970742392359504));
#9558=CARTESIAN_POINT('',(0.0141406151876381,0.0148877250191763,-0.0970742392359504));
#9559=CARTESIAN_POINT('',(0.0141810201931336,0.014860759390217,-0.0970742392359504));
#9560=CARTESIAN_POINT('',(0.0142194382387822,0.0148292658602365,-0.0970742392359504));
#9561=CARTESIAN_POINT('',(0.0142407112552935,0.0148118271183129,-0.0970742392359504));
#9562=CARTESIAN_POINT('',(0.0142617832626338,0.0147924790566328,-0.0970742392359504));
#9563=CARTESIAN_POINT('',(0.0142770817850286,0.0147784321388368,-0.0970742392359504));
#9564=CARTESIAN_POINT('',(0.0142921517358051,0.0147633621880603,-0.0970742392359504));
#9565=CARTESIAN_POINT('',(0.0142921517358051,-0.0135209090594016,-0.0970742392359506));
#9566=CARTESIAN_POINT('',(0.0142227046816972,-0.0135903561135095,-0.0970742392359506));
#9567=CARTESIAN_POINT('',(0.0141406151876381,-0.0136452718905176,-0.0970742392359506));
#9568=CARTESIAN_POINT('',(0.0141002398687729,-0.0136722819486602,-0.0970742392359506));
#9569=CARTESIAN_POINT('',(0.0140564416914445,-0.0136957235425635,-0.0970742392359506));
#9570=CARTESIAN_POINT('',(0.0140136133421166,-0.0137186460665982,-0.0970742392359506));
#9571=CARTESIAN_POINT('',(0.0139677283869836,-0.0137376818107264,-0.0970742392359506));
#9572=CARTESIAN_POINT('',(0.0139228594676089,-0.0137562960442164,-0.0970742392359506));
#9573=CARTESIAN_POINT('',(0.013875329631873,-0.0137707426139473,-0.0970742392359506));
#9574=CARTESIAN_POINT('',(0.0138288522546732,-0.0137848692916484,-0.0970742392359506));
#9575=CARTESIAN_POINT('',(0.0137801352766346,-0.0137945875586183,-0.0970742392359506));
#9576=CARTESIAN_POINT('',(0.0137324970441586,-0.013804090632902,-0.0970742392359506));
#9577=CARTESIAN_POINT('',(0.0136830620949481,-0.0138089870048873,-0.0970742392359506));
#9578=CARTESIAN_POINT('',(0.0136347217894159,-0.0138137749559532,-0.0970742392359506));
#9579=CARTESIAN_POINT('',(0.0135850449546185,-0.0138138022782151,-0.0970742392359506));
#9580=CARTESIAN_POINT('',(0.0135364681195986,-0.013813828995477,-0.0970742392359506));
#9581=CARTESIAN_POINT('',(0.0134870278142889,-0.0138089870048873,-0.0970742392359506));
#9582=CARTESIAN_POINT('',(0.0134386822712575,-0.0138042522310434,-0.0970742392359506));
#9583=CARTESIAN_POINT('',(0.0133899546326024,-0.0137945875586183,-0.0970742392359506));
#9584=CARTESIAN_POINT('',(0.0133423059755677,-0.0137851368921292,-0.0970742392359506));
#9585=CARTESIAN_POINT('',(0.013294760277364,-0.0137707426139473,-0.0970742392359506));
#9586=CARTESIAN_POINT('',(0.0132482673889396,-0.0137566670698972,-0.0970742392359506));
#9587=CARTESIAN_POINT('',(0.0132023615222534,-0.0137376818107264,-0.0970742392359506));
#9588=CARTESIAN_POINT('',(0.0131574721543708,-0.0137191169442989,-0.0970742392359506));
#9589=CARTESIAN_POINT('',(0.0131136482177925,-0.0136957235425634,-0.0970742392359506));
#9590=CARTESIAN_POINT('',(0.0130707946796042,-0.0136728481435715,-0.0970742392359506));
#9591=CARTESIAN_POINT('',(0.0130294747215989,-0.0136452718905176,-0.0970742392359506));
#9592=CARTESIAN_POINT('',(0.0129890697161029,-0.013618306261558,-0.0970742392359506));
#9593=CARTESIAN_POINT('',(0.0129506516704549,-0.0135868127315778,-0.0970742392359506));
#9594=CARTESIAN_POINT('',(0.0129130843199415,-0.0135560165663979,-0.0970742392359506));
#9595=CARTESIAN_POINT('',(0.012877938173432,-0.0135209090594016,-0.0970742392359506));
#9596=CARTESIAN_POINT('',(0.0128435702720238,-0.0134865789419076,-0.0970742392359506));
#9597=CARTESIAN_POINT('',(0.0128120345012558,-0.0134481955623787,-0.0970742392359506));
#9598=CARTESIAN_POINT('',(0.0127811970306306,-0.0134106621103688,-0.0970742392359506));
#9599=CARTESIAN_POINT('',(0.012753575342316,-0.0133693725112347,-0.0970742392359506));
#9600=CARTESIAN_POINT('',(0.0127265652841734,-0.0133289971923695,-0.0970742392359506));
#9601=CARTESIAN_POINT('',(0.0127031236902702,-0.0132851990150411,-0.0970742392359506));
#9602=CARTESIAN_POINT('',(0.0126802011662354,-0.0132423706657132,-0.0970742392359506));
#9603=CARTESIAN_POINT('',(0.0126611654221072,-0.0131964857105802,-0.0970742392359506));
#9604=CARTESIAN_POINT('',(0.0126425511886172,-0.0131516167912055,-0.0970742392359506));
#9605=CARTESIAN_POINT('',(0.0126281046188863,-0.0131040869554696,-0.0970742392359506));
#9606=CARTESIAN_POINT('',(0.0126139779411852,-0.0130576095782698,-0.0970742392359506));
#9607=CARTESIAN_POINT('',(0.0126042596742153,-0.0130088926002312,-0.0970742392359506));
#9608=CARTESIAN_POINT('',(0.0125947565999316,-0.0129612543677552,-0.0970742392359506));
#9609=CARTESIAN_POINT('',(0.0125898602279463,-0.0129118194185447,-0.0970742392359506));
#9610=CARTESIAN_POINT('',(0.0125850722768804,-0.0128634791130125,-0.0970742392359506));
#9611=CARTESIAN_POINT('',(0.0125850449546185,-0.0128138022782151,-0.0970742392359505));
#9612=CARTESIAN_POINT('',(0.0125850182373566,-0.0127652254431952,-0.0970742392359505));
#9613=CARTESIAN_POINT('',(0.0125898602279463,-0.0127157851378855,-0.0970742392359505));
#9614=CARTESIAN_POINT('',(0.0125945950017902,-0.0126674395948542,-0.0970742392359505));
#9615=CARTESIAN_POINT('',(0.0126042596742153,-0.012618711956199,-0.0970742392359505));
#9616=CARTESIAN_POINT('',(0.0126137103407044,-0.0125710632991643,-0.0970742392359505));
#9617=CARTESIAN_POINT('',(0.0126281046188863,-0.0125235176009606,-0.0970742392359505));
#9618=CARTESIAN_POINT('',(0.0126421801629364,-0.0124770247125362,-0.0970742392359505));
#9619=CARTESIAN_POINT('',(0.0126611654221072,-0.01243111884585,-0.0970742392359505));
#9620=CARTESIAN_POINT('',(0.0126797302885345,-0.0123862294779677,-0.0970742392359505));
#9621=CARTESIAN_POINT('',(0.0127031236902702,-0.0123424055413891,-0.0970742392359505));
#9622=CARTESIAN_POINT('',(0.0127259990892617,-0.0122995520032014,-0.0970742392359505));
#9623=CARTESIAN_POINT('',(0.012753575342316,-0.0122582320451955,-0.0970742392359505));
#9624=CARTESIAN_POINT('',(0.0127805409712753,-0.0122178270396999,-0.0970742392359505));
#9625=CARTESIAN_POINT('',(0.0128120345012558,-0.0121794089940514,-0.0970742392359505));
#9626=CARTESIAN_POINT('',(0.0128294732431794,-0.0121581359775401,-0.0970742392359505));
#9627=CARTESIAN_POINT('',(0.0128488213048594,-0.0121370639701998,-0.0970742392359505));
#9628=CARTESIAN_POINT('',(0.0128628682226551,-0.0121217654478055,-0.0970742392359505));
#9629=CARTESIAN_POINT('',(0.012877938173432,-0.0121066954970285,-0.0970742392359505));
#9630=COLOUR_RGB('',1.0,1.0,1.0);
#9631=CARTESIAN_POINT('',(0.00413333333333293,-0.0227317411626288,-0.101309006217491));
#9632=VECTOR('',#11762,1.0);
#9633=COLOUR_RGB('',1.0,1.0,1.0);
#9634=CARTESIAN_POINT('',(-0.0229077972187389,-0.00320767256928339,-0.104599218085939));
#9635=CARTESIAN_POINT('',(-0.0229077972187389,-0.00220767256928339,-0.104599218085939));
#9636=VECTOR('',#11763,1.0);
#9637=CARTESIAN_POINT('',(-0.02145,-0.00320767256928339,-0.104599218085939));
#9638=CARTESIAN_POINT('',(-0.02145,-0.00320767256928339,-0.104599218085939));
#9639=VECTOR('',#11764,1.0);
#9640=CARTESIAN_POINT('',(-0.02145,-0.0022076725692834,-0.104599218085939));
#9641=VECTOR('',#11765,1.0);
#9642=COLOUR_RGB('',1.0,1.0,1.0);
#9643=CARTESIAN_POINT('',(-0.0248074019266784,-0.00320767256928339,-0.101309006217491));
#9644=VECTOR('',#11766,1.0);
#9645=CARTESIAN_POINT('',(-0.0229574612726038,-0.00320767256928339,-0.107877147636187));
#9646=CARTESIAN_POINT('',(-0.0249631401199952,-0.00320767256928339,-0.104403209968839));
#9647=VECTOR('',#11767,1.0);
#9648=CARTESIAN_POINT('',(-0.02145,-0.00320767256928339,-0.107877147636187));
#9649=CARTESIAN_POINT('',(-0.00145443086671239,-0.00320767256928338,-0.107877147636187));
#9650=VECTOR('',#11768,1.0);
#9651=CARTESIAN_POINT('',(-0.02145,-0.00320767256928339,-0.106575951013582));
#9652=VECTOR('',#11769,1.0);
#9653=COLOUR_RGB('',1.0,1.0,1.0);
#9654=CARTESIAN_POINT('',(-0.0229077972187389,0.013461787965766,-0.104599218085939));
#9655=CARTESIAN_POINT('',(-0.0229077972187389,0.014461787965766,-0.104599218085939));
#9656=VECTOR('',#11770,1.0);
#9657=CARTESIAN_POINT('',(-0.02145,0.013461787965766,-0.104599218085939));
#9658=CARTESIAN_POINT('',(-0.02145,0.013461787965766,-0.104599218085939));
#9659=VECTOR('',#11771,1.0);
#9660=CARTESIAN_POINT('',(-0.02145,0.014461787965766,-0.104599218085939));
#9661=VECTOR('',#11772,1.0);
#9662=COLOUR_RGB('',1.0,1.0,1.0);
#9663=CARTESIAN_POINT('',(-0.02145,0.013461787965766,-0.107877147636187));
#9664=CARTESIAN_POINT('',(-0.02145,0.000775642540167671,-0.107877147636187));
#9665=VECTOR('',#11773,1.0);
#9666=CARTESIAN_POINT('',(-0.02145,0.000775642540167671,-0.107877147636187));
#9667=VECTOR('',#11774,1.0);
#9668=CARTESIAN_POINT('',(-0.02145,0.000775642540167671,-0.107877147636187));
#9669=VECTOR('',#11775,1.0);
#9670=CARTESIAN_POINT('',(-0.02145,0.013461787965766,-0.106575951013582));
#9671=VECTOR('',#11776,1.0);
#9672=COLOUR_RGB('',1.0,1.0,1.0);
#9673=CARTESIAN_POINT('',(-0.0229574612726038,0.00077564254016768,-0.107877147636187));
#9674=VECTOR('',#11777,1.0);
#9675=COLOUR_RGB('',1.0,1.0,1.0);
#9676=COLOUR_RGB('',1.0,1.0,1.0);
#9677=CARTESIAN_POINT('',(-0.0248074019266784,0.013461787965766,-0.101309006217491));
#9678=VECTOR('',#11778,1.0);
#9679=COLOUR_RGB('',1.0,1.0,1.0);
#9680=COLOUR_RGB('',1.0,1.0,1.0);
#9681=CARTESIAN_POINT('',(-0.0229574612726038,0.013461787965766,-0.107877147636187));
#9682=CARTESIAN_POINT('',(-0.0249631401199952,0.013461787965766,-0.104403209968839));
#9683=VECTOR('',#11779,1.0);
#9684=CARTESIAN_POINT('',(-0.00145443086671239,0.013461787965766,-0.107877147636187));
#9685=VECTOR('',#11780,1.0);
#9686=COLOUR_RGB('',1.0,1.0,1.0);
#9687=CARTESIAN_POINT('',(-0.0257496934379282,0.0222756607640496,-0.103040859659317));
#9688=VECTOR('',#11781,1.0);
#9689=COLOUR_RGB('',1.0,1.0,1.0);
#9690=CARTESIAN_POINT('',(-0.0249631401199953,-0.0204243392359504,-0.104403209968839));
#9691=VECTOR('',#11782,1.0);
#9692=COLOUR_RGB('',1.0,1.0,1.0);
#9693=CARTESIAN_POINT('',(0.0249631401199952,0.0222756607640496,-0.104403209968839));
#9694=VECTOR('',#11783,1.0);
#9695=COLOUR_RGB('',1.0,1.0,1.0);
#9696=CARTESIAN_POINT('',(0.0257496934379283,-0.0204243392359504,-0.103040859659317));
#9697=VECTOR('',#11784,1.0);
#9698=COLOUR_RGB('',1.0,1.0,1.0);
#9699=CARTESIAN_POINT('',(0.0229077972187389,0.00505899409738264,-0.104599218085939));
#9700=CARTESIAN_POINT('',(0.0229077972187389,0.00405899409738264,-0.104599218085939));
#9701=VECTOR('',#11785,1.0);
#9702=CARTESIAN_POINT('',(0.02145,0.00505899409738263,-0.104599218085939));
#9703=CARTESIAN_POINT('',(0.02145,0.00505899409738263,-0.104599218085939));
#9704=VECTOR('',#11786,1.0);
#9705=CARTESIAN_POINT('',(0.02145,0.00405899409738263,-0.104599218085939));
#9706=VECTOR('',#11787,1.0);
#9707=COLOUR_RGB('',1.0,1.0,1.0);
#9708=CARTESIAN_POINT('',(0.022907797218739,-0.0116104664376668,-0.104599218085939));
#9709=CARTESIAN_POINT('',(0.022907797218739,-0.0126104664376668,-0.104599218085939));
#9710=VECTOR('',#11788,1.0);
#9711=CARTESIAN_POINT('',(0.0214500000000001,-0.0116104664376668,-0.104599218085939));
#9712=CARTESIAN_POINT('',(0.0214500000000001,-0.0116104664376668,-0.104599218085939));
#9713=VECTOR('',#11789,1.0);
#9714=CARTESIAN_POINT('',(0.0214500000000001,-0.0126104664376668,-0.104599218085939));
#9715=VECTOR('',#11790,1.0);
#9716=COLOUR_RGB('',1.0,1.0,1.0);
#9717=CARTESIAN_POINT('',(0.02145,0.00107567898793156,-0.107877147636187));
#9718=VECTOR('',#11791,1.0);
#9719=CARTESIAN_POINT('',(0.02145,0.00505899409738263,-0.107877147636187));
#9720=CARTESIAN_POINT('',(0.02145,0.00505899409738263,-0.106575951013582));
#9721=VECTOR('',#11792,1.0);
#9722=CARTESIAN_POINT('',(0.02145,0.00107567898793156,-0.107877147636187));
#9723=VECTOR('',#11793,1.0);
#9724=CARTESIAN_POINT('',(0.0214500000000001,-0.0116104664376668,-0.106575951013582));
#9725=VECTOR('',#11794,1.0);
#9726=COLOUR_RGB('',1.0,1.0,1.0);
#9727=CARTESIAN_POINT('',(0.0229574612726038,0.00107567898793156,-0.107877147636187));
#9728=VECTOR('',#11795,1.0);
#9729=COLOUR_RGB('',1.0,1.0,1.0);
#9730=CARTESIAN_POINT('',(0.0248074019266784,0.00505899409738264,-0.101309006217491));
#9731=VECTOR('',#11796,1.0);
#9732=COLOUR_RGB('',1.0,1.0,1.0);
#9733=CARTESIAN_POINT('',(0.0248074019266785,-0.0116104664376668,-0.101309006217491));
#9734=VECTOR('',#11797,1.0);
#9735=COLOUR_RGB('',1.0,1.0,1.0);
#9736=CARTESIAN_POINT('',(0.0229574612726038,0.00505899409738264,-0.107877147636187));
#9737=CARTESIAN_POINT('',(0.00145443086671241,0.00505899409738256,-0.107877147636187));
#9738=VECTOR('',#11798,1.0);
#9739=CARTESIAN_POINT('',(0.0229574612726038,0.00107567898793156,-0.107877147636187));
#9740=VECTOR('',#11799,1.0);
#9741=COLOUR_RGB('',1.0,1.0,1.0);
#9742=CARTESIAN_POINT('',(0.0249631401199953,0.00505899409738264,-0.104403209968839));
#9743=VECTOR('',#11800,1.0);
#9744=COLOUR_RGB('',1.0,1.0,1.0);
#9745=CARTESIAN_POINT('',(0.0249631401199953,-0.0116104664376668,-0.104403209968839));
#9746=VECTOR('',#11801,1.0);
#9747=COLOUR_RGB('',1.0,1.0,1.0);
#9748=CARTESIAN_POINT('',(-0.00413333333333295,0.0226834579827885,-0.104599218085939));
#9749=CARTESIAN_POINT('',(-0.00313333333333294,0.0226834579827885,-0.104599218085939));
#9750=VECTOR('',#11802,1.0);
#9751=CARTESIAN_POINT('',(-0.00413333333333295,0.0212256607640496,-0.104599218085939));
#9752=CARTESIAN_POINT('',(-0.00413333333333295,0.0212256607640496,-0.104599218085939));
#9753=VECTOR('',#11803,1.0);
#9754=CARTESIAN_POINT('',(-0.00313333333333296,0.0212256607640496,-0.104599218085939));
#9755=VECTOR('',#11804,1.0);
#9756=COLOUR_RGB('',1.0,1.0,1.0);
#9757=CARTESIAN_POINT('',(0.0125361272017165,0.0226834579827884,-0.104599218085939));
#9758=CARTESIAN_POINT('',(0.0135361272017165,0.0226834579827884,-0.104599218085939));
#9759=VECTOR('',#11805,1.0);
#9760=CARTESIAN_POINT('',(0.0125361272017164,0.0212256607640495,-0.104599218085939));
#9761=CARTESIAN_POINT('',(0.0125361272017164,0.0212256607640495,-0.104599218085939));
#9762=VECTOR('',#11806,1.0);
#9763=CARTESIAN_POINT('',(0.0135361272017165,0.0212256607640495,-0.104599218085939));
#9764=VECTOR('',#11807,1.0);
#9765=COLOUR_RGB('',1.0,1.0,1.0);
#9766=CARTESIAN_POINT('',(-0.000150018223881885,0.0212256607640496,-0.107877147636187));
#9767=VECTOR('',#11808,1.0);
#9768=CARTESIAN_POINT('',(-0.00413333333333295,0.0212256607640496,-0.107877147636187));
#9769=CARTESIAN_POINT('',(-0.00413333333333295,0.0212256607640496,-0.106575951013582));
#9770=VECTOR('',#11809,1.0);
#9771=CARTESIAN_POINT('',(-0.000150018223881885,0.0212256607640496,-0.107877147636187));
#9772=VECTOR('',#11810,1.0);
#9773=CARTESIAN_POINT('',(0.0125361272017164,0.0212256607640495,-0.107877147636187));
#9774=CARTESIAN_POINT('',(0.0125361272017164,0.0212256607640495,-0.106575951013582));
#9775=VECTOR('',#11811,1.0);
#9776=CARTESIAN_POINT('',(-0.000150018223881885,0.0212256607640496,-0.107877147636187));
#9777=VECTOR('',#11812,1.0);
#9778=COLOUR_RGB('',1.0,1.0,1.0);
#9779=CARTESIAN_POINT('',(-0.00413333333333295,0.0227331220366534,-0.107877147636187));
#9780=CARTESIAN_POINT('',(-0.00413333333333294,0.0247388008840449,-0.104403209968839));
#9781=VECTOR('',#11813,1.0);
#9782=CARTESIAN_POINT('',(-0.000150018223881871,0.0227331220366534,-0.107877147636187));
#9783=VECTOR('',#11814,1.0);
#9784=COLOUR_RGB('',1.0,1.0,1.0);
#9785=CARTESIAN_POINT('',(-0.00413333333333293,0.024583062690728,-0.101309006217491));
#9786=VECTOR('',#11815,1.0);
#9787=COLOUR_RGB('',1.0,1.0,1.0);
#9788=CARTESIAN_POINT('',(0.0125361272017165,0.024583062690728,-0.101309006217491));
#9789=VECTOR('',#11816,1.0);
#9790=COLOUR_RGB('',1.0,1.0,1.0);
#9791=CARTESIAN_POINT('',(0.0125361272017165,0.0227331220366533,-0.107877147636187));
#9792=CARTESIAN_POINT('',(0.0125361272017164,0.00123009163076195,-0.107877147636187));
#9793=VECTOR('',#11817,1.0);
#9794=CARTESIAN_POINT('',(-0.000150018223881871,0.0227331220366534,-0.107877147636187));
#9795=VECTOR('',#11818,1.0);
#9796=COLOUR_RGB('',1.0,1.0,1.0);
#9797=CARTESIAN_POINT('',(-0.00413333333333301,0.00123009163076201,-0.107877147636187));
#9798=VECTOR('',#11819,1.0);
#9799=COLOUR_RGB('',1.0,1.0,1.0);
#9800=CARTESIAN_POINT('',(-0.0229574612726038,0.00077564254016768,-0.107877147636187));
#9801=VECTOR('',#11820,1.0);
#9802=CARTESIAN_POINT('',(-0.000150018223881871,0.0227331220366534,-0.107877147636187));
#9803=VECTOR('',#11821,1.0);
#9804=COLOUR_RGB('',1.0,1.0,1.0);
#9805=COLOUR_RGB('',1.0,1.0,1.0);
#9806=COLOUR_RGB('',1.0,1.0,1.0);
#9807=COLOUR_RGB('',1.0,1.0,1.0);
#9808=CARTESIAN_POINT('',(-0.0229574612726038,0.00077564254016768,-0.107877147636187));
#9809=VECTOR('',#11822,1.0);
#9810=COLOUR_RGB('',1.0,1.0,1.0);
#9811=COLOUR_RGB('',1.0,1.0,1.0);
#9812=CARTESIAN_POINT('',(-0.0138499999000001,-0.0102243388559505,-0.102074239235951));
#9813=AXIS2_PLACEMENT_3D('',#11823,#11824,#11825);
#9814=CARTESIAN_POINT('',(-0.0138499999000001,-0.0102243388559504,-0.105874339235951));
#9815=AXIS2_PLACEMENT_3D('',#11826,#11827,#11828);
#9816=COLOUR_RGB('',1.0,1.0,1.0);
#9817=COLOUR_RGB('',1.0,1.0,1.0);
#9818=CARTESIAN_POINT('',(0.0139500003799999,0.0149756615440496,-0.102074239235951));
#9819=AXIS2_PLACEMENT_3D('',#11829,#11830,#11831);
#9820=COLOUR_RGB('',1.0,1.0,1.0);
#9821=COLOUR_RGB('',1.0,1.0,1.0);
#9822=CARTESIAN_POINT('',(-0.0125361272017165,0.000621229897337177,-0.107877147636187));
#9823=VECTOR('',#11832,1.0);
#9824=COLOUR_RGB('',1.0,1.0,1.0);
#9825=CARTESIAN_POINT('',(0.00413333333333293,0.000621229897337177,-0.107877147636187));
#9826=VECTOR('',#11833,1.0);
#9827=COLOUR_RGB('',1.0,1.0,1.0);
#9828=CARTESIAN_POINT('',(-0.0125361272017165,-0.0227317411626288,-0.101309006217491));
#9829=VECTOR('',#11834,1.0);
#9830=COLOUR_RGB('',1.0,1.0,1.0);
#9831=COLOUR_RGB('',1.0,1.0,1.0);
#9832=COLOUR_RGB('',1.0,1.0,1.0);
#9833=COLOUR_RGB('',1.0,1.0,1.0);
#9834=COLOUR_RGB('',1.0,1.0,1.0);
#9835=CARTESIAN_POINT('',(0.0086352974863127,0.0091065079385679,-0.0970742392359505));
#9836=CARTESIAN_POINT('',(0.0086352974863127,0.0091065079385679,-0.0976742392359506));
#9837=VECTOR('',#11835,1.0);
#9838=CARTESIAN_POINT('',(0.00863529762222551,-0.00786405467399643,-0.0970742392359505));
#9839=CARTESIAN_POINT('',(0.00863529748631268,-0.00786405480990925,-0.0976742392359506));
#9840=VECTOR('',#11836,1.0);
#9841=CARTESIAN_POINT('',(0.00863529748631268,-0.00786405480990925,-0.0970742392359505));
#9842=CARTESIAN_POINT('',(0.00905195761522136,-0.00744739468100057,-0.0970742392359505));
#9843=CARTESIAN_POINT('',(0.00942614155242696,-0.00699149284563443,-0.0970742392359505));
#9844=CARTESIAN_POINT('',(0.009612684825249,-0.00676421045321027,-0.0970742392359505));
#9845=CARTESIAN_POINT('',(0.00978850648984185,-0.00652716508957988,-0.0970742392359505));
#9846=CARTESIAN_POINT('',(0.00996367284470391,-0.00629100322420204,-0.0970742392359505));
#9847=CARTESIAN_POINT('',(0.0101276514597047,-0.00604561623190591,-0.0970742392359505));
#9848=CARTESIAN_POINT('',(0.0102910189055235,-0.00580114382818176,-0.0970742392359505));
#9849=CARTESIAN_POINT('',(0.0104427594320774,-0.00554800636598935,-0.0970742392359505));
#9850=CARTESIAN_POINT('',(0.010593934402367,-0.00529581237935161,-0.0970742392359505));
#9851=CARTESIAN_POINT('',(0.0107330712842544,-0.00503553427758266,-0.0970742392359505));
#9852=CARTESIAN_POINT('',(0.0108716895852685,-0.00477622626543681,-0.0970742392359505));
#9853=CARTESIAN_POINT('',(0.0109978876295554,-0.00450943455683407,-0.0970742392359505));
#9854=CARTESIAN_POINT('',(0.0111236153176646,-0.00424363721489543,-0.0970742392359505));
#9855=CARTESIAN_POINT('',(0.0112365705022096,-0.00397097462405176,-0.0970742392359505));
#9856=CARTESIAN_POINT('',(0.0113491046884002,-0.0036993282813996,-0.0970742392359505));
#9857=CARTESIAN_POINT('',(0.0114485448942704,-0.00342145167637733,-0.0970742392359505));
#9858=CARTESIAN_POINT('',(0.0115476144738306,-0.00314461075284663,-0.0970742392359505));
#9859=CARTESIAN_POINT('',(0.0116333001408606,-0.00286218956272423,-0.0970742392359505));
#9860=CARTESIAN_POINT('',(0.0117186664464981,-0.00258082099234211,-0.0970742392359505));
#9861=CARTESIAN_POINT('',(0.0117903911504086,-0.00229453559450985,-0.0970742392359505));
#9862=CARTESIAN_POINT('',(0.011861848527216,-0.00200931721880402,-0.0970742392359505));
#9863=CARTESIAN_POINT('',(0.0119194394769129,-0.00171985729986422,-0.0970742392359505));
#9864=CARTESIAN_POINT('',(0.0119768157778093,-0.00143147623488826,-0.0970742392359505));
#9865=CARTESIAN_POINT('',(0.0120201342316515,-0.00113953912913503,-0.0970742392359505));
#9866=CARTESIAN_POINT('',(0.0120632912321009,-0.000848690110144234,-0.0970742392359505));
#9867=CARTESIAN_POINT('',(0.0120922328321405,-0.000554979119625408,-0.0970742392359505));
#9868=CARTESIAN_POINT('',(0.0121210665631504,-0.00026236282737823,-0.0970742392359505));
#9869=CARTESIAN_POINT('',(0.0121355615865362,3.24144724003062E-05,-0.0970742392359505));
#9870=CARTESIAN_POINT('',(0.0121500025851235,0.000326093099634592,-0.0970742392359505));
#9871=CARTESIAN_POINT('',(0.0121500161120741,0.00062122656432932,-0.0970742392359505));
#9872=CARTESIAN_POINT('',(0.0121500295886081,0.000915260029020252,-0.0970742392359505));
#9873=CARTESIAN_POINT('',(0.0121355615865362,0.00121003865625833,-0.0970742392359505));
#9874=CARTESIAN_POINT('',(0.0121211475085495,0.0015037186060317,-0.0970742392359505));
#9875=CARTESIAN_POINT('',(0.0120922328321405,0.00179743224828405,-0.0970742392359505));
#9876=CARTESIAN_POINT('',(0.0120634259244111,0.00209005118240362,-0.0970742392359505));
#9877=CARTESIAN_POINT('',(0.0120201342316515,0.00238199225779367,-0.0970742392359505));
#9878=CARTESIAN_POINT('',(0.0119770038925427,0.00267284523162615,-0.0970742392359505));
#9879=CARTESIAN_POINT('',(0.0119194394769129,0.00296231042852286,-0.0970742392359505));
#9880=CARTESIAN_POINT('',(0.0118620896111888,0.00325069675177835,-0.0970742392359505));
#9881=CARTESIAN_POINT('',(0.0117903911504087,0.00353698872316849,-0.0970742392359505));
#9882=CARTESIAN_POINT('',(0.0117189599189211,0.00382221364792806,-0.0970742392359505));
#9883=CARTESIAN_POINT('',(0.0116333001408606,0.00410464269138287,-0.0970742392359505));
#9884=CARTESIAN_POINT('',(0.0115479596277014,0.00438601908582651,-0.0970742392359505));
#9885=CARTESIAN_POINT('',(0.0114485448942704,0.00466390480503597,-0.0970742392359505));
#9886=CARTESIAN_POINT('',(0.0113495006922094,0.0049407548087864,-0.0970742392359505));
#9887=CARTESIAN_POINT('',(0.0112365705022096,0.0052134277527104,-0.0970742392359505));
#9888=CARTESIAN_POINT('',(0.0111240612174073,0.0054850844098529,-0.0970742392359505));
#9889=CARTESIAN_POINT('',(0.0109978876295554,0.00575188768549271,-0.0970742392359505));
#9890=CARTESIAN_POINT('',(0.010872184306736,0.00601769655134209,-0.0970742392359505));
#9891=CARTESIAN_POINT('',(0.0107330712842544,0.0062779874062413,-0.0970742392359505));
#9892=CARTESIAN_POINT('',(0.0105944767537254,0.00653730812397288,-0.0970742392359505));
#9893=CARTESIAN_POINT('',(0.0104427594320774,0.00679045949464799,-0.0970742392359505));
#9894=CARTESIAN_POINT('',(0.0102916075802038,0.00704266733793337,-0.0970742392359505));
#9895=CARTESIAN_POINT('',(0.0101276514597047,0.00728806936056456,-0.0970742392359505));
#9896=CARTESIAN_POINT('',(0.00996430642454083,0.00753255673861389,-0.0970742392359505));
#9897=CARTESIAN_POINT('',(0.00978850648984187,0.00776961821823853,-0.0970742392359505));
#9898=CARTESIAN_POINT('',(0.00961336178388213,0.00800579613954626,-0.0970742392359505));
#9899=CARTESIAN_POINT('',(0.00942614155242697,0.00823394597429307,-0.0970742392359505));
#9900=CARTESIAN_POINT('',(0.00923961911461331,0.00846124546555532,-0.0970742392359505));
#9901=CARTESIAN_POINT('',(0.00904142961633364,0.00867993402249355,-0.0970742392359505));
#9902=CARTESIAN_POINT('',(0.00884379384245016,0.00889801158243044,-0.0970742392359505));
#9903=CARTESIAN_POINT('',(0.0086352974863127,0.0091065079385679,-0.0970742392359505));
#9904=COLOUR_RGB('',1.0,1.0,1.0);
#9905=CARTESIAN_POINT('',(0.0100495110486858,0.010520721500941,-0.0970742392359505));
#9906=CARTESIAN_POINT('',(0.0100495110486858,0.010520721500941,-0.0976742392359506));
#9907=VECTOR('',#11837,1.0);
#9908=CARTESIAN_POINT('',(0.0086352974863127,0.0091065079385679,-0.0970742392359505));
#9909=CARTESIAN_POINT('',(0.00856585043220527,0.00917595499267532,-0.0970742392359505));
#9910=CARTESIAN_POINT('',(0.0085109346551967,0.00925804448673484,-0.0970742392359505));
#9911=CARTESIAN_POINT('',(0.00848392459705443,0.00929841980559942,-0.0970742392359505));
#9912=CARTESIAN_POINT('',(0.00846048300315089,0.00934221798292845,-0.0970742392359505));
#9913=CARTESIAN_POINT('',(0.00843756047911593,0.0093850463322567,-0.0970742392359505));
#9914=CARTESIAN_POINT('',(0.00841852473498796,0.00943093128738936,-0.0970742392359505));
#9915=CARTESIAN_POINT('',(0.00839991050149761,0.00947580020676498,-0.0970742392359505));
#9916=CARTESIAN_POINT('',(0.00838546393176704,0.00952333004249998,-0.0970742392359505));
#9917=CARTESIAN_POINT('',(0.00837133725406565,0.00956980741970097,-0.0970742392359505));
#9918=CARTESIAN_POINT('',(0.00836161898709601,0.00961852439773832,-0.0970742392359505));
#9919=CARTESIAN_POINT('',(0.00835211591281221,0.00966616263021513,-0.0970742392359505));
#9920=CARTESIAN_POINT('',(0.00834721954082705,0.00971559757942489,-0.0970742392359505));
#9921=CARTESIAN_POINT('',(0.00834243158976114,0.00976393788495701,-0.0970742392359505));
#9922=CARTESIAN_POINT('',(0.00834240426749924,0.00981361471975445,-0.0970742392359505));
#9923=CARTESIAN_POINT('',(0.00834237755023729,0.00986219155477432,-0.0970742392359505));
#9924=CARTESIAN_POINT('',(0.00834721954082705,0.00991163186008401,-0.0970742392359505));
#9925=CARTESIAN_POINT('',(0.00835195431467094,0.00995997740311534,-0.0970742392359505));
#9926=CARTESIAN_POINT('',(0.00836161898709601,0.0100087050417706,-0.0970742392359505));
#9927=CARTESIAN_POINT('',(0.00837106965358526,0.0100563536988057,-0.0970742392359505));
#9928=CARTESIAN_POINT('',(0.00838546393176704,0.0101038993970089,-0.0970742392359505));
#9929=CARTESIAN_POINT('',(0.00839953947581725,0.0101503922854335,-0.0970742392359505));
#9930=CARTESIAN_POINT('',(0.00841852473498796,0.0101962981521195,-0.0970742392359505));
#9931=CARTESIAN_POINT('',(0.00843708960141521,0.0102411875200018,-0.0970742392359505));
#9932=CARTESIAN_POINT('',(0.00846048300315089,0.0102850114565804,-0.0970742392359505));
#9933=CARTESIAN_POINT('',(0.00848335840214317,0.0103278649947694,-0.0970742392359505));
#9934=CARTESIAN_POINT('',(0.0085109346551967,0.0103691849527741,-0.0970742392359505));
#9935=CARTESIAN_POINT('',(0.00853790028415644,0.01040958995827,-0.0970742392359505));
#9936=CARTESIAN_POINT('',(0.00856939381413651,0.0104480080039181,-0.0970742392359505));
#9937=CARTESIAN_POINT('',(0.00860018997931565,0.0104855753544306,-0.0970742392359505));
#9938=CARTESIAN_POINT('',(0.0086352974863127,0.010520721500941,-0.0970742392359505));
#9939=CARTESIAN_POINT('',(0.0086696276038063,0.0105550894023488,-0.0970742392359505));
#9940=CARTESIAN_POINT('',(0.0087080109833356,0.0105866251731172,-0.0970742392359505));
#9941=CARTESIAN_POINT('',(0.00874554443534536,0.0106174626437422,-0.0970742392359505));
#9942=CARTESIAN_POINT('',(0.00878683403447964,0.010645084332057,-0.0970742392359505));
#9943=CARTESIAN_POINT('',(0.00882720935334519,0.0106720943901999,-0.0970742392359505));
#9944=CARTESIAN_POINT('',(0.00887100753067325,0.0106955359841028,-0.0970742392359505));
#9945=CARTESIAN_POINT('',(0.0089138358800015,0.0107184585081377,-0.0970742392359505));
#9946=CARTESIAN_POINT('',(0.00895972083513416,0.0107374942522657,-0.0970742392359505));
#9947=CARTESIAN_POINT('',(0.00900458975450838,0.0107561084857556,-0.0970742392359505));
#9948=CARTESIAN_POINT('',(0.00905211959024478,0.0107705550554867,-0.0970742392359504));
#9949=CARTESIAN_POINT('',(0.00909859696744502,0.0107846817331879,-0.0970742392359504));
#9950=CARTESIAN_POINT('',(0.00914731394548312,0.0107944000001577,-0.0970742392359504));
#9951=CARTESIAN_POINT('',(0.00919495217795993,0.0108039030744415,-0.0970742392359504));
#9952=CARTESIAN_POINT('',(0.00924438712716968,0.0108087994464266,-0.0970742392359504));
#9953=CARTESIAN_POINT('',(0.00929272743270181,0.0108135873974926,-0.0970742392359504));
#9954=CARTESIAN_POINT('',(0.00934240426749925,0.0108136147197544,-0.0970742392359504));
#9955=CARTESIAN_POINT('',(0.00939098110251912,0.0108136414370164,-0.0970742392359504));
#9956=CARTESIAN_POINT('',(0.00944042140782881,0.0108087994464266,-0.0970742392359504));
#9957=CARTESIAN_POINT('',(0.00948876695086014,0.0108040646725827,-0.0970742392359504));
#9958=CARTESIAN_POINT('',(0.00953749458951537,0.0107944000001577,-0.0970742392359504));
#9959=CARTESIAN_POINT('',(0.00958514324655075,0.0107849493336684,-0.0970742392359504));
#9960=CARTESIAN_POINT('',(0.00963268894475371,0.0107705550554867,-0.0970742392359504));
#9961=CARTESIAN_POINT('',(0.00967918183317848,0.0107564795114364,-0.0970742392359505));
#9962=CARTESIAN_POINT('',(0.00972508769986434,0.0107374942522657,-0.0970742392359505));
#9963=CARTESIAN_POINT('',(0.00976997706774662,0.0107189293858385,-0.0970742392359505));
#9964=CARTESIAN_POINT('',(0.00981380100432524,0.0106955359841028,-0.0970742392359505));
#9965=CARTESIAN_POINT('',(0.00985665454251358,0.0106726605851108,-0.0970742392359505));
#9966=CARTESIAN_POINT('',(0.00989797450051885,0.010645084332057,-0.0970742392359505));
#9967=CARTESIAN_POINT('',(0.00993837950601433,0.0106181187030977,-0.0970742392359505));
#9968=CARTESIAN_POINT('',(0.00997679755166289,0.0105866251731172,-0.0970742392359505));
#9969=CARTESIAN_POINT('',(0.00999807056817375,0.010569186431194,-0.0970742392359505));
#9970=CARTESIAN_POINT('',(0.0100191425755145,0.0105498383695136,-0.0970742392359505));
#9971=CARTESIAN_POINT('',(0.0100344410979089,0.0105357914517179,-0.0970742392359505));
#9972=CARTESIAN_POINT('',(0.0100495110486858,0.010520721500941,-0.0970742392359505));
#9973=COLOUR_RGB('',1.0,1.0,1.0);
#9974=CARTESIAN_POINT('',(0.0100495110486858,-0.00927826837228235,-0.0970742392359505));
#9975=CARTESIAN_POINT('',(0.0100495110486858,-0.00927826837228235,-0.0976742392359506));
#9976=VECTOR('',#11838,1.0);
#9977=CARTESIAN_POINT('',(0.0100495110486858,0.010520721500941,-0.0970742392359505));
#9978=CARTESIAN_POINT('',(0.0105356470477849,0.0100345855018419,-0.0970742392359505));
#9979=CARTESIAN_POINT('',(0.0109721624591524,0.00950273254262037,-0.0970742392359505));
#9980=CARTESIAN_POINT('',(0.0111898526968201,0.00923749746939707,-0.0970742392359505));
#9981=CARTESIAN_POINT('',(0.0113949215528032,0.0089610168272234,-0.0970742392359505));
#9982=CARTESIAN_POINT('',(0.0115993351048402,0.0086854196875931,-0.0970742392359505));
#9983=CARTESIAN_POINT('',(0.0117905906843098,0.00839920982660376,-0.0970742392359505));
#9984=CARTESIAN_POINT('',(0.0119812351005769,0.00811391455820143,-0.0970742392359505));
#9985=CARTESIAN_POINT('',(0.0121582166520779,0.00781866498303444,-0.0970742392359505));
#9986=CARTESIAN_POINT('',(0.0123346326534873,0.00752435888713327,-0.0970742392359505));
#9987=CARTESIAN_POINT('',(0.0124969138129511,0.0072207808798933,-0.0970742392359505));
#9988=CARTESIAN_POINT('',(0.0126586763978977,0.0069181729656638,-0.0970742392359505));
#9989=CARTESIAN_POINT('',(0.0128058662158023,0.00660699787235328,-0.0970742392359505));
#9990=CARTESIAN_POINT('',(0.0129525856840448,0.00629681714877638,-0.0970742392359505));
#9991=CARTESIAN_POINT('',(0.0130843295672321,0.00597879461744058,-0.0970742392359505));
#9992=CARTESIAN_POINT('',(0.0132156524587245,0.00566178833704013,-0.0970742392359505));
#9993=CARTESIAN_POINT('',(0.0133316330246364,0.00533768451182041,-0.0970742392359505));
#9994=CARTESIAN_POINT('',(0.0134472429710302,0.00501461637048954,-0.0970742392359505));
#9995=CARTESIAN_POINT('',(0.013547180812325,0.0046852120458918,-0.0970742392359505));
#9996=CARTESIAN_POINT('',(0.0136467992991254,0.00435686034310572,-0.0970742392359505));
#9997=CARTESIAN_POINT('',(0.0137304536567977,0.00402294908297502,-0.0970742392359505));
#9998=CARTESIAN_POINT('',(0.0138138406943516,0.00369010484672789,-0.0970742392359505));
#9999=CARTESIAN_POINT('',(0.0138810100377194,0.00335249107255512,-0.0970742392359505));
#10000=CARTESIAN_POINT('',(0.0139479647393497,0.00301595615375612,-0.0970742392359505));
#10001=CARTESIAN_POINT('',(0.0139984872515811,0.00267545320670439,-0.0970742392359505));
#10002=CARTESIAN_POINT('',(0.0140488483175471,0.0023360383474516,-0.0970742392359505));
#10003=CARTESIAN_POINT('',(0.0140826022854849,0.00199346652894317,-0.0970742392359505));
#10004=CARTESIAN_POINT('',(0.0141162483915651,0.00165198940936769,-0.0970742392359505));
#10005=CARTESIAN_POINT('',(0.0141331524989465,0.00130817400491317,-0.0970742392359505));
#10006=CARTESIAN_POINT('',(0.0141500025887252,0.000965457273314659,-0.0970742392359505));
#10007=CARTESIAN_POINT('',(0.0141500161120741,0.000621226564329322,-0.0970742392359505));
#10008=CARTESIAN_POINT('',(0.0141500295922088,0.000278095855332214,-0.0970742392359505));
#10009=CARTESIAN_POINT('',(0.0141331524989465,-6.5720876254528E-05,-0.0970742392359505));
#10010=CARTESIAN_POINT('',(0.0141163293369644,-0.000408438930708155,-0.0970742392359505));
#10011=CARTESIAN_POINT('',(0.0140826022854849,-0.000751013400284528,-0.0970742392359505));
#10012=CARTESIAN_POINT('',(0.0140489830098557,-0.00109249316240433,-0.0970742392359505));
#10013=CARTESIAN_POINT('',(0.0139984872515811,-0.00143300007804575,-0.0970742392359505));
#10014=CARTESIAN_POINT('',(0.013948152854083,-0.00177241889317705,-0.0970742392359505));
#10015=CARTESIAN_POINT('',(0.0138810100377193,-0.00211003794389648,-0.0970742392359505));
#10016=CARTESIAN_POINT('',(0.0138140817783242,-0.00244657812238573,-0.0970742392359505));
#10017=CARTESIAN_POINT('',(0.0137304536567977,-0.00278049595431637,-0.0970742392359505));
#10018=CARTESIAN_POINT('',(0.0136470927715478,-0.00311334674137688,-0.0970742392359505));
#10019=CARTESIAN_POINT('',(0.013547180812325,-0.00344275891723316,-0.0970742392359505));
#10020=CARTESIAN_POINT('',(0.0134475881248967,-0.00377111844616614,-0.0970742392359505));
#10021=CARTESIAN_POINT('',(0.0133316330246364,-0.00409523138316177,-0.0970742392359505));
#10022=CARTESIAN_POINT('',(0.013216048462527,-0.00441830860712642,-0.0970742392359505));
#10023=CARTESIAN_POINT('',(0.0130843295672321,-0.00473634148878194,-0.0970742392359505));
#10024=CARTESIAN_POINT('',(0.0129530315837818,-0.00505335808642949,-0.0970742392359505));
#10025=CARTESIAN_POINT('',(0.0128058662158023,-0.00536454474369463,-0.0970742392359505));
#10026=CARTESIAN_POINT('',(0.012659171119354,-0.0056747369942744,-0.0970742392359505));
#10027=CARTESIAN_POINT('',(0.0124969138129511,-0.00597832775123465,-0.0970742392359505));
#10028=CARTESIAN_POINT('',(0.0123351750048383,-0.00628094837444946,-0.0970742392359505));
#10029=CARTESIAN_POINT('',(0.0121582166520779,-0.00657621185437579,-0.0970742392359505));
#10030=CARTESIAN_POINT('',(0.0119818237752571,-0.00687053181063611,-0.0970742392359505));
#10031=CARTESIAN_POINT('',(0.0117905906843097,-0.00715675669794512,-0.0970742392359505));
#10032=CARTESIAN_POINT('',(0.0115999686846712,-0.00744206694469614,-0.0970742392359505));
#10033=CARTESIAN_POINT('',(0.0113949215528031,-0.00771856369856475,-0.0970742392359505));
#10034=CARTESIAN_POINT('',(0.0111905296554509,-0.00799417689841816,-0.0970742392359505));
#10035=CARTESIAN_POINT('',(0.0109721624591524,-0.00826027941396172,-0.0970742392359505));
#10036=CARTESIAN_POINT('',(0.0107544930620592,-0.00852553159059446,-0.0970742392359505));
#10037=CARTESIAN_POINT('',(0.0105233318670435,-0.00878059880352893,-0.0970742392359505));
#10038=CARTESIAN_POINT('',(0.0102927244250262,-0.00903505499594188,-0.0970742392359505));
#10039=CARTESIAN_POINT('',(0.0100495110486858,-0.00927826837228234,-0.0970742392359505));
#10040=COLOUR_RGB('',1.0,1.0,1.0);
#10041=CARTESIAN_POINT('',(0.0100495110486858,-0.00927826837228235,-0.0970742392359505));
#10042=CARTESIAN_POINT('',(0.00998006399457804,-0.00934771542639009,-0.0970742392359505));
#10043=CARTESIAN_POINT('',(0.00989797450051883,-0.00940263120339835,-0.0970742392359505));
#10044=CARTESIAN_POINT('',(0.00985759918165387,-0.00942964126154082,-0.0970742392359505));
#10045=CARTESIAN_POINT('',(0.00981380100432522,-0.00945308285544416,-0.0970742392359505));
#10046=CARTESIAN_POINT('',(0.00977097265499697,-0.00947600537947911,-0.0970742392359505));
#10047=CARTESIAN_POINT('',(0.00972508769986432,-0.00949504112360709,-0.0970742392359505));
#10048=CARTESIAN_POINT('',(0.00968021878048938,-0.00951365535709715,-0.0970742392359505));
#10049=CARTESIAN_POINT('',(0.00963268894475369,-0.00952810192682801,-0.0970742392359505));
#10050=CARTESIAN_POINT('',(0.00958621156755345,-0.00954222860452925,-0.0970742392359505));
#10051=CARTESIAN_POINT('',(0.00953749458951536,-0.00955194687149903,-0.0970742392359505));
#10052=CARTESIAN_POINT('',(0.00948985635703854,-0.00956144994578283,-0.0970742392359505));
#10053=CARTESIAN_POINT('',(0.00944042140782879,-0.009566346317768,-0.0970742392359505));
#10054=CARTESIAN_POINT('',(0.00939208110229666,-0.00957113426883391,-0.0970742392359505));
#10055=CARTESIAN_POINT('',(0.00934240426749923,-0.0095711615910958,-0.0970742392359505));
#10056=CARTESIAN_POINT('',(0.00929382743247936,-0.00957118830835776,-0.0970742392359505));
#10057=CARTESIAN_POINT('',(0.00924438712716967,-0.009566346317768,-0.0970742392359505));
#10058=CARTESIAN_POINT('',(0.00919604158413833,-0.0095616115439241,-0.0970742392359505));
#10059=CARTESIAN_POINT('',(0.0091473139454831,-0.00955194687149903,-0.0970742392359505));
#10060=CARTESIAN_POINT('',(0.00909966528844772,-0.00954249620500974,-0.0970742392359505));
#10061=CARTESIAN_POINT('',(0.00905211959024476,-0.00952810192682801,-0.0970742392359505));
#10062=CARTESIAN_POINT('',(0.00900562670181999,-0.00951402638277771,-0.0970742392359505));
#10063=CARTESIAN_POINT('',(0.00895972083513414,-0.00949504112360709,-0.0970742392359505));
#10064=CARTESIAN_POINT('',(0.00891483146725221,-0.00947647625717998,-0.0970742392359505));
#10065=CARTESIAN_POINT('',(0.00887100753067323,-0.00945308285544416,-0.0970742392359505));
#10066=CARTESIAN_POINT('',(0.00882815399248461,-0.00943020745645208,-0.0970742392359505));
#10067=CARTESIAN_POINT('',(0.00878683403447962,-0.00940263120339835,-0.0970742392359505));
#10068=CARTESIAN_POINT('',(0.00874642902898271,-0.00937566557443799,-0.0970742392359505));
#10069=CARTESIAN_POINT('',(0.00870801098333558,-0.00934417204445854,-0.0970742392359505));
#10070=CARTESIAN_POINT('',(0.00867044363282229,-0.00931337587927862,-0.0970742392359505));
#10071=CARTESIAN_POINT('',(0.00863529748631268,-0.00927826837228235,-0.0970742392359505));
#10072=CARTESIAN_POINT('',(0.00860092958490486,-0.00924393825478876,-0.0970742392359505));
#10073=CARTESIAN_POINT('',(0.00856939381413649,-0.00920555487525945,-0.0970742392359505));
#10074=CARTESIAN_POINT('',(0.00853855634351128,-0.00916802142324951,-0.0970742392359505));
#10075=CARTESIAN_POINT('',(0.00851093465519668,-0.0091267318241154,-0.0970742392359505));
#10076=CARTESIAN_POINT('',(0.00848392459705371,-0.00908635650524967,-0.0970742392359505));
#10077=CARTESIAN_POINT('',(0.00846048300315087,-0.0090425583279218,-0.0970742392359505));
#10078=CARTESIAN_POINT('',(0.00843756047911599,-0.00899972997859354,-0.0970742392359505));
#10079=CARTESIAN_POINT('',(0.00841852473498794,-0.00895384502346089,-0.0970742392359505));
#10080=CARTESIAN_POINT('',(0.0083999105014981,-0.00890897610408666,-0.0970742392359505));
#10081=CARTESIAN_POINT('',(0.00838546393176702,-0.00886144626835026,-0.0970742392359505));
#10082=CARTESIAN_POINT('',(0.00837133725406578,-0.00881496889115003,-0.0970742392359505));
#10083=CARTESIAN_POINT('',(0.008361618987096,-0.00876625191311193,-0.0970742392359505));
#10084=CARTESIAN_POINT('',(0.0083521159128122,-0.00871861368063511,-0.0970742392359505));
#10085=CARTESIAN_POINT('',(0.00834721954082703,-0.00866917873142536,-0.0970742392359505));
#10086=CARTESIAN_POINT('',(0.00834243158976112,-0.00862083842589324,-0.0970742392359505));
#10087=CARTESIAN_POINT('',(0.00834240426749923,-0.0085711615910958,-0.0970742392359505));
#10088=CARTESIAN_POINT('',(0.00834237755023727,-0.00852258475607593,-0.0970742392359505));
#10089=CARTESIAN_POINT('',(0.00834721954082703,-0.00847314445076624,-0.0970742392359505));
#10090=CARTESIAN_POINT('',(0.00835195431467093,-0.00842479890773491,-0.0970742392359505));
#10091=CARTESIAN_POINT('',(0.008361618987096,-0.00837607126907967,-0.0970742392359505));
#10092=CARTESIAN_POINT('',(0.00837106965358514,-0.00832842261204504,-0.0970742392359505));
#10093=CARTESIAN_POINT('',(0.00838546393176702,-0.00828087691384134,-0.0970742392359505));
#10094=CARTESIAN_POINT('',(0.00839953947581704,-0.00823438402541726,-0.0970742392359505));
#10095=CARTESIAN_POINT('',(0.00841852473498794,-0.00818847815873071,-0.0970742392359505));
#10096=CARTESIAN_POINT('',(0.00843708960141546,-0.00814358879084779,-0.0970742392359505));
#10097=CARTESIAN_POINT('',(0.00846048300315087,-0.0080997648542698,-0.0970742392359505));
#10098=CARTESIAN_POINT('',(0.00848335840214323,-0.00805691131608088,-0.0970742392359505));
#10099=CARTESIAN_POINT('',(0.00851093465519668,-0.0080155913580762,-0.0970742392359505));
#10100=CARTESIAN_POINT('',(0.00853790028415662,-0.0079751863525798,-0.0970742392359505));
#10101=CARTESIAN_POINT('',(0.00856939381413649,-0.00793676830693215,-0.0970742392359505));
#10102=CARTESIAN_POINT('',(0.00858683255606045,-0.00791549529042049,-0.0970742392359505));
#10103=CARTESIAN_POINT('',(0.00860618061774012,-0.00789442328308053,-0.0970742392359505));
#10104=CARTESIAN_POINT('',(0.00862022753553578,-0.00787912476068616,-0.0970742392359505));
#10105=CARTESIAN_POINT('',(0.00863529748631268,-0.00786405480990925,-0.0970742392359505));
#10106=COLOUR_RGB('',1.0,1.0,1.0);
#10107=COLOUR_RGB('',1.0,1.0,1.0);
#10108=CARTESIAN_POINT('',(0.00509976358037996,0.00557097403263516,-0.0970742392359505));
#10109=CARTESIAN_POINT('',(0.00509976358037996,0.00557097403263516,-0.0976742392359506));
#10110=VECTOR('',#11839,1.0);
#10111=CARTESIAN_POINT('',(0.00509976371624729,-0.00432852076810915,-0.0970742392359505));
#10112=CARTESIAN_POINT('',(0.00509976358037995,-0.00432852090397651,-0.0976742392359506));
#10113=VECTOR('',#11840,1.0);
#10114=CARTESIAN_POINT('',(0.00509976358037995,-0.00432852090397651,-0.0970742392359505));
#10115=CARTESIAN_POINT('',(0.00534273400135553,-0.00408555048300092,-0.0970742392359505));
#10116=CARTESIAN_POINT('',(0.00556108928561327,-0.0038195264248162,-0.0970742392359505));
#10117=CARTESIAN_POINT('',(0.0056853477728277,-0.00366814127677619,-0.0970742392359505));
#10118=CARTESIAN_POINT('',(0.00580157167273045,-0.00350913900603058,-0.0970742392359505));
#10119=CARTESIAN_POINT('',(0.00588816163519698,-0.00339067799527914,-0.0970742392359505));
#10120=CARTESIAN_POINT('',(0.00597030339819193,-0.00326776506680789,-0.0970742392359505));
#10121=CARTESIAN_POINT('',(0.00607912520753237,-0.00310492941804792,-0.0970742392359505));
#10122=CARTESIAN_POINT('',(0.00617920450970098,-0.00293530085239638,-0.0970742392359505));
#10123=CARTESIAN_POINT('',(0.00625376630831793,-0.00280892296328518,-0.0970742392359505));
#10124=CARTESIAN_POINT('',(0.0063234649625126,-0.00267855059345266,-0.0970742392359505));
#10125=CARTESIAN_POINT('',(0.00641580208046089,-0.00250583264029392,-0.0970742392359505));
#10126=CARTESIAN_POINT('',(0.00649877296651272,-0.00232721139554347,-0.0970742392359505));
#10127=CARTESIAN_POINT('',(0.00656058853039874,-0.00219413371623107,-0.0970742392359505));
#10128=CARTESIAN_POINT('',(0.00661717283965312,-0.00205755746222631,-0.0970742392359505));
#10129=CARTESIAN_POINT('',(0.00669213600928886,-0.00187662057297059,-0.0970742392359505));
#10130=CARTESIAN_POINT('',(0.00675719942423269,-0.00169072686935685,-0.0970742392359505));
#10131=CARTESIAN_POINT('',(0.00680567343571315,-0.00155223101064891,-0.0970742392359505));
#10132=CARTESIAN_POINT('',(0.00684859846219958,-0.00141076617645191,-0.0970742392359505));
#10133=CARTESIAN_POINT('',(0.00690546574721778,-0.00122335287226034,-0.0970742392359505));
#10134=CARTESIAN_POINT('',(0.00695199509480278,-0.00103197696776152,-0.0970742392359505));
#10135=CARTESIAN_POINT('',(0.00698666072265061,-0.000889396720482537,-0.0970742392359505));
#10136=CARTESIAN_POINT('',(0.00701551307489673,-0.000744405689783574,-0.0970742392359505));
#10137=CARTESIAN_POINT('',(0.00705373681225779,-0.000552320863220083,-0.0970742392359505));
#10138=CARTESIAN_POINT('',(0.00708128398942924,-0.000357305812419172,-0.0970742392359505));
#10139=CARTESIAN_POINT('',(0.00710180738469847,-0.000212014302289973,-0.0970742392359505));
#10140=CARTESIAN_POINT('',(0.0071163091987795,-6.48934179775996E-05,-0.0970742392359505));
#10141=CARTESIAN_POINT('',(0.00713552127299701,0.000130013049072793,-0.0970742392359505));
#10142=CARTESIAN_POINT('',(0.00714382098538033,0.000326789144631469,-0.0970742392359505));
#10143=CARTESIAN_POINT('',(0.00715000449655462,0.000473392680937805,-0.0970742392359505));
#10144=CARTESIAN_POINT('',(0.00715001611207412,0.000621226564329325,-0.0970742392359505));
#10145=CARTESIAN_POINT('',(0.00715003150037116,0.000817077616039424,-0.0970742392359505));
#10146=CARTESIAN_POINT('',(0.00713900381719884,0.00101371969498967,-0.0970742392359505));
#10147=CARTESIAN_POINT('',(0.00713078789368567,0.00116022338528243,-0.0970742392359505));
#10148=CARTESIAN_POINT('',(0.0071163091987795,0.00130734654663625,-0.0970742392359505));
#10149=CARTESIAN_POINT('',(0.00709712775295797,0.00150225603032167,-0.0970742392359505));
#10150=CARTESIAN_POINT('',(0.00706687887684769,0.00169687032194104,-0.0970742392359505));
#10151=CARTESIAN_POINT('',(0.00704434264248158,0.00184186325559377,-0.0970742392359505));
#10152=CARTESIAN_POINT('',(0.00701551307489674,0.00198685881844222,-0.0970742392359505));
#10153=CARTESIAN_POINT('',(0.00697731952276625,0.00217894964922019,-0.0970742392359505));
#10154=CARTESIAN_POINT('',(0.00692814076692995,0.00236966191149991,-0.0970742392359505));
#10155=CARTESIAN_POINT('',(0.00689150125796801,0.00251174772729833,-0.0970742392359505));
#10156=CARTESIAN_POINT('',(0.00684859846219959,0.00265321930511056,-0.0970742392359505));
#10157=CARTESIAN_POINT('',(0.00679176062854475,0.00284064154327848,-0.0970742392359505));
#10158=CARTESIAN_POINT('',(0.00672412561128612,0.00302561511287356,-0.0970742392359505));
#10159=CARTESIAN_POINT('',(0.00667373568622728,0.00316342544674424,-0.0970742392359505));
#10160=CARTESIAN_POINT('',(0.00661717283965313,0.00330001059088496,-0.0970742392359505));
#10161=CARTESIAN_POINT('',(0.00654223810388296,0.00348095925783188,-0.0970742392359505));
#10162=CARTESIAN_POINT('',(0.00645679818739106,0.00365841273815224,-0.0970742392359505));
#10163=CARTESIAN_POINT('',(0.0063931431287595,0.00379062040124418,-0.0970742392359505));
#10164=CARTESIAN_POINT('',(0.00632346496251261,0.00392100372211131,-0.0970742392359505));
#10165=CARTESIAN_POINT('',(0.00623115498709704,0.00409373618325558,-0.0970742392359505));
#10166=CARTESIAN_POINT('',(0.00612873300447292,0.00426196060028215,-0.0970742392359505));
#10167=CARTESIAN_POINT('',(0.00605242584528533,0.00438729236051955,-0.0970742392359505));
#10168=CARTESIAN_POINT('',(0.00597030339819194,0.00451021819546655,-0.0970742392359505));
#10169=CARTESIAN_POINT('',(0.00586150717865713,0.00467307094278159,-0.0970742392359505));
#10170=CARTESIAN_POINT('',(0.00574308950958187,0.00483044620341817,-0.0970742392359505));
#10171=CARTESIAN_POINT('',(0.00565486512948917,0.00494769504744638,-0.0970742392359505));
#10172=CARTESIAN_POINT('',(0.00556108928561328,0.00506197955347485,-0.0970742392359505));
#10173=CARTESIAN_POINT('',(0.00545243423916553,0.00519439732544625,-0.0970742392359505));
#10174=CARTESIAN_POINT('',(0.00533667398955884,0.00532213924825846,-0.0970742392359505));
#10175=CARTESIAN_POINT('',(0.00522146732137266,0.00544927029164246,-0.0970742392359505));
#10176=CARTESIAN_POINT('',(0.00509976358037996,0.00557097403263516,-0.0970742392359505));
#10177=COLOUR_RGB('',1.0,1.0,1.0);
#10178=CARTESIAN_POINT('',(0.00651397714275305,0.00698518759500826,-0.0970742392359505));
#10179=CARTESIAN_POINT('',(0.00651397714275305,0.00698518759500826,-0.0976742392359506));
#10180=VECTOR('',#11841,1.0);
#10181=CARTESIAN_POINT('',(0.00509976358037996,0.00557097403263516,-0.0970742392359505));
#10182=CARTESIAN_POINT('',(0.0050303165262723,0.00564042108674282,-0.0970742392359505));
#10183=CARTESIAN_POINT('',(0.00497540074926396,0.00572251058080211,-0.0970742392359505));
#10184=CARTESIAN_POINT('',(0.00494839069112123,0.00576288589966742,-0.0970742392359505));
#10185=CARTESIAN_POINT('',(0.00492494909721815,0.00580668407699571,-0.0970742392359505));
#10186=CARTESIAN_POINT('',(0.00490202657318309,0.00584951242632427,-0.0970742392359505));
#10187=CARTESIAN_POINT('',(0.00488299082905522,0.00589539738145662,-0.0970742392359505));
#10188=CARTESIAN_POINT('',(0.00486437659556504,0.0059402663008318,-0.0970742392359505));
#10189=CARTESIAN_POINT('',(0.0048499300258343,0.00598779613656725,-0.0970742392359505));
#10190=CARTESIAN_POINT('',(0.00483580334813296,0.00603427351376798,-0.0970742392359505));
#10191=CARTESIAN_POINT('',(0.00482608508116327,0.00608299049180558,-0.0970742392359505));
#10192=CARTESIAN_POINT('',(0.00481658200687948,0.0061306287242824,-0.0970742392359505));
#10193=CARTESIAN_POINT('',(0.00481168563489431,0.00618006367349215,-0.0970742392359505));
#10194=CARTESIAN_POINT('',(0.0048068976838284,0.00622840397902427,-0.0970742392359505));
#10195=CARTESIAN_POINT('',(0.0048068703615665,0.00627808081382171,-0.0970742392359505));
#10196=CARTESIAN_POINT('',(0.00480684364430455,0.00632665764884122,-0.0970742392359505));
#10197=CARTESIAN_POINT('',(0.00481168563489431,0.00637609795415127,-0.0970742392359505));
#10198=CARTESIAN_POINT('',(0.00481642040873814,0.00642444349718234,-0.0970742392359505));
#10199=CARTESIAN_POINT('',(0.00482608508116327,0.00647317113583784,-0.0970742392359505));
#10200=CARTESIAN_POINT('',(0.00483553574765249,0.00652081979287281,-0.0970742392359505));
#10201=CARTESIAN_POINT('',(0.0048499300258343,0.00656836549107617,-0.0970742392359505));
#10202=CARTESIAN_POINT('',(0.00486400556988437,0.00661485837950034,-0.0970742392359505));
#10203=CARTESIAN_POINT('',(0.00488299082905522,0.0066607642461868,-0.0970742392359505));
#10204=CARTESIAN_POINT('',(0.0049015556954824,0.00670565361406895,-0.0970742392359505));
#10205=CARTESIAN_POINT('',(0.00492494909721815,0.00674947755064771,-0.0970742392359505));
#10206=CARTESIAN_POINT('',(0.00494782449621028,0.00679233108883634,-0.0970742392359505));
#10207=CARTESIAN_POINT('',(0.00497540074926396,0.00683365104684131,-0.0970742392359504));
#10208=CARTESIAN_POINT('',(0.0050023663782238,0.0068740560523375,-0.0970742392359504));
#10209=CARTESIAN_POINT('',(0.00503385990820377,0.00691247409798536,-0.0970742392359504));
#10210=CARTESIAN_POINT('',(0.00506465607338348,0.00695004144849848,-0.0970742392359504));
#10211=CARTESIAN_POINT('',(0.00509976358037996,0.00698518759500826,-0.0970742392359504));
#10212=CARTESIAN_POINT('',(0.00513409369787377,0.00701955549641625,-0.0970742392359504));
#10213=CARTESIAN_POINT('',(0.00517247707740286,0.00705109126718445,-0.0970742392359504));
#10214=CARTESIAN_POINT('',(0.00521001052941263,0.00708192873780951,-0.0970742392359504));
#10215=CARTESIAN_POINT('',(0.0052513001285469,0.00710955042612426,-0.0970742392359504));
#10216=CARTESIAN_POINT('',(0.00529167544741216,0.00713656048426693,-0.0970742392359504));
#10217=CARTESIAN_POINT('',(0.00533547362474051,0.00716000207817007,-0.0970742392359504));
#10218=CARTESIAN_POINT('',(0.00537830197406889,0.00718292460220505,-0.0970742392359504));
#10219=CARTESIAN_POINT('',(0.00542418692920142,0.007201960346333,-0.0970742392359504));
#10220=CARTESIAN_POINT('',(0.00546905584857659,0.00722057457982318,-0.0970742392359504));
#10221=CARTESIAN_POINT('',(0.00551658568431204,0.00723502114955392,-0.0970742392359504));
#10222=CARTESIAN_POINT('',(0.00556306306151277,0.00724914782725526,-0.0970742392359504));
#10223=CARTESIAN_POINT('',(0.00561178003955038,0.00725886609422494,-0.0970742392359504));
#10224=CARTESIAN_POINT('',(0.00565941827202719,0.00726836916850874,-0.0970742392359504));
#10225=CARTESIAN_POINT('',(0.00570885322123694,0.00727326554049391,-0.0970742392359504));
#10226=CARTESIAN_POINT('',(0.00575719352676907,0.00727805349155982,-0.0970742392359504));
#10227=CARTESIAN_POINT('',(0.00580687036156651,0.00727808081382171,-0.0970742392359504));
#10228=CARTESIAN_POINT('',(0.00585544719658602,0.00727810753108367,-0.0970742392359504));
#10229=CARTESIAN_POINT('',(0.00590488750189607,0.00727326554049391,-0.0970742392359504));
#10230=CARTESIAN_POINT('',(0.00595323304492713,0.00726853076665007,-0.0970742392359504));
#10231=CARTESIAN_POINT('',(0.00600196068358263,0.00725886609422494,-0.0970742392359504));
#10232=CARTESIAN_POINT('',(0.00604960934061723,0.00724941542773579,-0.0970742392359504));
#10233=CARTESIAN_POINT('',(0.00609715503882097,0.00723502114955392,-0.0970742392359504));
#10234=CARTESIAN_POINT('',(0.00614364792724514,0.00722094560550388,-0.0970742392359504));
#10235=CARTESIAN_POINT('',(0.00618955379393159,0.007201960346333,-0.0970742392359504));
#10236=CARTESIAN_POINT('',(0.00623444316181406,0.00718339547990564,-0.0970742392359504));
#10237=CARTESIAN_POINT('',(0.0062782670983925,0.00716000207817007,-0.0970742392359504));
#10238=CARTESIAN_POINT('',(0.00632112063658084,0.00713712667917809,-0.0970742392359504));
#10239=CARTESIAN_POINT('',(0.00636244059458611,0.00710955042612426,-0.0970742392359504));
#10240=CARTESIAN_POINT('',(0.00640284560008183,0.00708258479716476,-0.0970742392359504));
#10241=CARTESIAN_POINT('',(0.00644126364573015,0.00705109126718445,-0.0970742392359504));
#10242=CARTESIAN_POINT('',(0.00646253666224145,0.00703365252526084,-0.0970742392359504));
#10243=CARTESIAN_POINT('',(0.00648360866958178,0.00701430446358082,-0.0970742392359504));
#10244=CARTESIAN_POINT('',(0.00649890719197635,0.00700025754578496,-0.0970742392359504));
#10245=CARTESIAN_POINT('',(0.00651397714275305,0.00698518759500826,-0.0970742392359504));
#10246=COLOUR_RGB('',1.0,1.0,1.0);
#10247=CARTESIAN_POINT('',(0.00651397714275304,-0.0057427344663496,-0.0970742392359505));
#10248=CARTESIAN_POINT('',(0.00651397714275304,-0.00574273446634961,-0.0976742392359506));
#10249=VECTOR('',#11842,1.0);
#10250=CARTESIAN_POINT('',(0.00651397714275305,0.00698518759500826,-0.0970742392359504));
#10251=CARTESIAN_POINT('',(0.00682642345555637,0.00667274128220494,-0.0970742392359505));
#10252=CARTESIAN_POINT('',(0.00710711019233876,0.00633076612180214,-0.0970742392359505));
#10253=CARTESIAN_POINT('',(0.00726696740400098,0.00613600381765338,-0.0970742392359505));
#10254=CARTESIAN_POINT('',(0.00741630183291798,0.00593169658336349,-0.0970742392359505));
#10255=CARTESIAN_POINT('',(0.00752772185569458,0.00577926075953445,-0.0970742392359505));
#10256=CARTESIAN_POINT('',(0.00763324262279703,0.00562135866150575,-0.0970742392359505));
#10257=CARTESIAN_POINT('',(0.00777324003419206,0.00541186544434218,-0.0970742392359505));
#10258=CARTESIAN_POINT('',(0.0079018297661658,0.0051939046715481,-0.0970742392359505));
#10259=CARTESIAN_POINT('',(0.00799777194754492,0.00503128179586458,-0.0970742392359505));
#10260=CARTESIAN_POINT('',(0.00808730749120932,0.00486379719576331,-0.0970742392359505));
#10261=CARTESIAN_POINT('',(0.00820609685073984,0.00464159059977918,-0.0970742392359505));
#10262=CARTESIAN_POINT('',(0.00831270349635233,0.00441207536988007,-0.0970742392359505));
#10263=CARTESIAN_POINT('',(0.00839224386067938,0.00424083158953319,-0.0970742392359505));
#10264=CARTESIAN_POINT('',(0.0084649319046757,0.00406537745561514,-0.0970742392359505));
#10265=CARTESIAN_POINT('',(0.00856136920587419,0.00383259745179456,-0.0970742392359505));
#10266=CARTESIAN_POINT('',(0.00864496608484943,0.00359373812192583,-0.0970742392359505));
#10267=CARTESIAN_POINT('',(0.00870733861493311,0.00341552260813354,-0.0970742392359505));
#10268=CARTESIAN_POINT('',(0.008762479133664,0.00323378865961949,-0.0970742392359505));
#10269=CARTESIAN_POINT('',(0.00883563563259569,0.00299267704666559,-0.0970742392359505));
#10270=CARTESIAN_POINT('',(0.00889541766129668,0.00274677396273184,-0.0970742392359505));
#10271=CARTESIAN_POINT('',(0.00894002167557533,0.00256330302831768,-0.0970742392359505));
#10272=CARTESIAN_POINT('',(0.0089770836357032,0.00237703946247448,-0.0970742392359505));
#10273=CARTESIAN_POINT('',(0.00902625479529639,0.00212991827700898,-0.0970742392359505));
#10274=CARTESIAN_POINT('',(0.00906164624010213,0.00187933962014882,-0.0970742392359505));
#10275=CARTESIAN_POINT('',(0.00908805217753574,0.00169238019050236,-0.0970742392359505));
#10276=CARTESIAN_POINT('',(0.00910667865212389,0.00150338082729537,-0.0970742392359505));
#10277=CARTESIAN_POINT('',(0.00913139092722851,0.00125262998144617,-0.0970742392359505));
#10278=CARTESIAN_POINT('',(0.00914205094918211,0.000999788961083712,-0.0970742392359505));
#10279=CARTESIAN_POINT('',(0.00915000450615777,0.000811141557730165,-0.0970742392359505));
#10280=CARTESIAN_POINT('',(0.00915001611207412,0.000621226564329325,-0.0970742392359505));
#10281=CARTESIAN_POINT('',(0.00915003150997438,0.000369260925795234,-0.0970742392359505));
#10282=CARTESIAN_POINT('',(0.00913585744723447,0.000116592539194599,-0.0970742392359505));
#10283=CARTESIAN_POINT('',(0.00912528202665076,-7.19260602741514E-05,-0.0970742392359505));
#10284=CARTESIAN_POINT('',(0.00910667865212389,-0.000260927698636721,-0.0970742392359505));
#10285=CARTESIAN_POINT('',(0.00908199702452856,-0.000511681563008847,-0.0970742392359505));
#10286=CARTESIAN_POINT('',(0.0090431253810687,-0.000761743981171447,-0.0970742392359505));
#10287=CARTESIAN_POINT('',(0.00901412283000835,-0.000948318239564346,-0.0970742392359505));
#10288=CARTESIAN_POINT('',(0.0089770836357032,-0.00113458633381583,-0.0970742392359505));
#10289=CARTESIAN_POINT('',(0.00892794268017868,-0.00138171352723791,-0.0970742392359505));
#10290=CARTESIAN_POINT('',(0.00886474781117447,-0.00162676173917572,-0.0970742392359505));
#10291=CARTESIAN_POINT('',(0.00881759744005706,-0.00180959484440389,-0.0970742392359505));
#10292=CARTESIAN_POINT('',(0.008762479133664,-0.00199133553096084,-0.0970742392359505));
#10293=CARTESIAN_POINT('',(0.00868935210447696,-0.0022324560834602,-0.0970742392359505));
#10294=CARTESIAN_POINT('',(0.00860244261106097,-0.00247013014094183,-0.0970742392359505));
#10295=CARTESIAN_POINT('',(0.0085375985037358,-0.00264746131025355,-0.0970742392359505));
#10296=CARTESIAN_POINT('',(0.0084649319046757,-0.00282292432695649,-0.0970742392359505));
#10297=CARTESIAN_POINT('',(0.00836852305508644,-0.00305571611581948,-0.0970742392359505));
#10298=CARTESIAN_POINT('',(0.00825873592319589,-0.0032837270877287,-0.0970742392359505));
#10299=CARTESIAN_POINT('',(0.00817682256386331,-0.0034538485250242,-0.0970742392359505));
#10300=CARTESIAN_POINT('',(0.00808730749120931,-0.00362134406710466,-0.0970742392359505));
#10301=CARTESIAN_POINT('',(0.00796854529115094,-0.00384356518012699,-0.0970742392359505));
#10302=CARTESIAN_POINT('',(0.00783693783087256,-0.00405971719618145,-0.0970742392359505));
#10303=CARTESIAN_POINT('',(0.00773874408996435,-0.00422099053901739,-0.0970742392359505));
#10304=CARTESIAN_POINT('',(0.00763324262279702,-0.0043789055328471,-0.0970742392359505));
#10305=CARTESIAN_POINT('',(0.00749327081717248,-0.00458841585924358,-0.0970742392359505));
#10306=CARTESIAN_POINT('',(0.00734111048029836,-0.00479062725735633,-0.0970742392359505));
#10307=CARTESIAN_POINT('',(0.00722758201721774,-0.00494149935528099,-0.0970742392359505));
#10308=CARTESIAN_POINT('',(0.00710711019233875,-0.00508831299314349,-0.0970742392359505));
#10309=CARTESIAN_POINT('',(0.00696730819116449,-0.00525868345439835,-0.0970742392359505));
#10310=CARTESIAN_POINT('',(0.00681857624026875,-0.00542280402929384,-0.0970742392359505));
#10311=CARTESIAN_POINT('',(0.00667039794702596,-0.00558631366207669,-0.0970742392359505));
#10312=CARTESIAN_POINT('',(0.00651397714275304,-0.0057427344663496,-0.0970742392359505));
#10313=COLOUR_RGB('',1.0,1.0,1.0);
#10314=CARTESIAN_POINT('',(0.00651397714275304,-0.00574273446634961,-0.0970742392359505));
#10315=CARTESIAN_POINT('',(0.00644453008864562,-0.00581218152045703,-0.0970742392359505));
#10316=CARTESIAN_POINT('',(0.0063624405945861,-0.00586709729746561,-0.0970742392359505));
#10317=CARTESIAN_POINT('',(0.00632206527572136,-0.00589410735560798,-0.0970742392359505));
#10318=CARTESIAN_POINT('',(0.00627826709839249,-0.00591754894951142,-0.0970742392359505));
#10319=CARTESIAN_POINT('',(0.00623543874906413,-0.00594047147354641,-0.0970742392359505));
#10320=CARTESIAN_POINT('',(0.00618955379393158,-0.00595950721767435,-0.0970742392359505));
#10321=CARTESIAN_POINT('',(0.00614468487455626,-0.00597812145116457,-0.0970742392359505));
#10322=CARTESIAN_POINT('',(0.00609715503882096,-0.00599256802089527,-0.0970742392359505));
#10323=CARTESIAN_POINT('',(0.0060506776616203,-0.00600669469859659,-0.0970742392359505));
#10324=CARTESIAN_POINT('',(0.00600196068358262,-0.00601641296556629,-0.0970742392359505));
#10325=CARTESIAN_POINT('',(0.00595432245110627,-0.00602591603985,-0.0970742392359505));
#10326=CARTESIAN_POINT('',(0.00590488750189605,-0.00603081241183526,-0.0970742392359505));
#10327=CARTESIAN_POINT('',(0.00585654719636432,-0.00603560036290116,-0.0970742392359505));
#10328=CARTESIAN_POINT('',(0.00580687036156649,-0.00603562768516306,-0.0970742392359505));
#10329=CARTESIAN_POINT('',(0.00575829352654738,-0.00603565440242502,-0.0970742392359505));
#10330=CARTESIAN_POINT('',(0.00570885322123693,-0.00603081241183526,-0.0970742392359505));
#10331=CARTESIAN_POINT('',(0.00566050767820626,-0.0060260776379915,-0.0970742392359505));
#10332=CARTESIAN_POINT('',(0.00561178003955037,-0.00601641296556629,-0.0970742392359505));
#10333=CARTESIAN_POINT('',(0.00556413138251577,-0.00600696229907714,-0.0970742392359505));
#10334=CARTESIAN_POINT('',(0.00551658568431203,-0.00599256802089527,-0.0970742392359505));
#10335=CARTESIAN_POINT('',(0.00547009279588835,-0.00597849247684538,-0.0970742392359505));
#10336=CARTESIAN_POINT('',(0.0054241869292014,-0.00595950721767435,-0.0970742392359505));
#10337=CARTESIAN_POINT('',(0.00537929756131956,-0.0059409423512473,-0.0970742392359505));
#10338=CARTESIAN_POINT('',(0.00533547362474049,-0.00591754894951141,-0.0970742392359505));
#10339=CARTESIAN_POINT('',(0.00529262008655231,-0.00589467355051955,-0.0970742392359505));
#10340=CARTESIAN_POINT('',(0.00525130012854689,-0.0058670972974656,-0.0970742392359505));
#10341=CARTESIAN_POINT('',(0.00521089512305095,-0.00584013166850597,-0.0970742392359505));
#10342=CARTESIAN_POINT('',(0.00517247707740285,-0.0058086381385258,-0.0970742392359505));
#10343=CARTESIAN_POINT('',(0.00513490972688973,-0.00577784197334609,-0.0970742392359505));
#10344=CARTESIAN_POINT('',(0.00509976358037995,-0.00574273446634961,-0.0970742392359505));
#10345=CARTESIAN_POINT('',(0.00506539567897195,-0.00570840434885579,-0.0970742392359505));
#10346=CARTESIAN_POINT('',(0.00503385990820376,-0.0056700209693267,-0.0970742392359505));
#10347=CARTESIAN_POINT('',(0.00500302243757883,-0.00563248751731711,-0.0970742392359505));
#10348=CARTESIAN_POINT('',(0.00497540074926395,-0.00559119791818266,-0.0970742392359505));
#10349=CARTESIAN_POINT('',(0.00494839069112127,-0.00555082259931744,-0.0970742392359505));
#10350=CARTESIAN_POINT('',(0.00492494909721814,-0.00550702442198905,-0.0970742392359505));
#10351=CARTESIAN_POINT('',(0.00490202657318301,-0.00546419607266036,-0.0970742392359505));
#10352=CARTESIAN_POINT('',(0.00488299082905521,-0.00541831111752815,-0.0970742392359505));
#10353=CARTESIAN_POINT('',(0.00486437659556498,-0.00537344219815283,-0.0970742392359505));
#10354=CARTESIAN_POINT('',(0.00484993002583428,-0.00532591236241752,-0.0970742392359505));
#10355=CARTESIAN_POINT('',(0.00483580334813297,-0.00527943498521687,-0.0970742392359505));
#10356=CARTESIAN_POINT('',(0.00482608508116326,-0.00523071800717919,-0.0970742392359505));
#10357=CARTESIAN_POINT('',(0.00481658200687948,-0.00518307977470249,-0.0970742392359505));
#10358=CARTESIAN_POINT('',(0.0048116856348943,-0.00513364482549262,-0.0970742392359505));
#10359=CARTESIAN_POINT('',(0.00480689768382839,-0.00508530451996053,-0.0970742392359505));
#10360=CARTESIAN_POINT('',(0.00480687036156649,-0.00503562768516306,-0.0970742392359505));
#10361=CARTESIAN_POINT('',(0.00480684364430454,-0.00498705085014315,-0.0970742392359505));
#10362=CARTESIAN_POINT('',(0.0048116856348943,-0.0049376105448335,-0.0970742392359505));
#10363=CARTESIAN_POINT('',(0.00481642040873821,-0.00488926500180205,-0.0970742392359505));
#10364=CARTESIAN_POINT('',(0.00482608508116326,-0.00484053736314693,-0.0970742392359505));
#10365=CARTESIAN_POINT('',(0.00483553574765249,-0.00479288870611195,-0.0970742392359505));
#10366=CARTESIAN_POINT('',(0.00484993002583428,-0.00474534300790859,-0.0970742392359505));
#10367=CARTESIAN_POINT('',(0.00486400556988442,-0.00469885011948422,-0.0970742392359505));
#10368=CARTESIAN_POINT('',(0.00488299082905521,-0.00465294425279797,-0.0970742392359505));
#10369=CARTESIAN_POINT('',(0.00490155569548242,-0.0046080548849158,-0.0970742392359505));
#10370=CARTESIAN_POINT('',(0.00492494909721814,-0.00456423094833706,-0.0970742392359505));
#10371=CARTESIAN_POINT('',(0.00494782449621006,-0.00452137741014878,-0.0970742392359505));
#10372=CARTESIAN_POINT('',(0.00497540074926395,-0.00448005745214345,-0.0970742392359505));
#10373=CARTESIAN_POINT('',(0.00500236637822365,-0.00443965244664743,-0.0970742392359505));
#10374=CARTESIAN_POINT('',(0.00503385990820376,-0.00440123440099941,-0.0970742392359505));
#10375=CARTESIAN_POINT('',(0.00505129865012753,-0.00437996138448793,-0.0970742392359505));
#10376=CARTESIAN_POINT('',(0.00507064671180739,-0.00435888937714778,-0.0970742392359505));
#10377=CARTESIAN_POINT('',(0.00508469362960324,-0.00434359085475321,-0.0970742392359505));
#10378=CARTESIAN_POINT('',(0.00509976358037995,-0.00432852090397651,-0.0970742392359505));
#10379=COLOUR_RGB('',1.0,1.0,1.0);
#10380=COLOUR_RGB('',1.0,1.0,1.0);
#10381=CARTESIAN_POINT('',(0.000150018223881892,0.00362122989733714,-0.0970742392359504));
#10382=AXIS2_PLACEMENT_3D('',#11843,#11844,#11845);
#10383=COLOUR_RGB('',1.0,1.0,1.0);
#10384=COLOUR_RGB('',1.0,1.0,1.0);
#10385=CARTESIAN_POINT('',(-0.00621394491860481,-0.00574273446634959,-0.0970742392359505));
#10386=CARTESIAN_POINT('',(-0.00652639123140618,-0.00543028815354822,-0.0970742392359505));
#10387=CARTESIAN_POINT('',(-0.00680707796819051,-0.00508831299314348,-0.0970742392359505));
#10388=CARTESIAN_POINT('',(-0.00696693517985294,-0.00489355068899472,-0.0970742392359504));
#10389=CARTESIAN_POINT('',(-0.00711626960876974,-0.00468924345470482,-0.0970742392359504));
#10390=CARTESIAN_POINT('',(-0.00722768963154965,-0.00453680763087103,-0.0970742392359504));
#10391=CARTESIAN_POINT('',(-0.00733321039864879,-0.00437890553284708,-0.0970742392359504));
#10392=CARTESIAN_POINT('',(-0.00747320781004332,-0.00416941231568396,-0.0970742392359504));
#10393=CARTESIAN_POINT('',(-0.00760179754201757,-0.00395145154288942,-0.0970742392359504));
#10394=CARTESIAN_POINT('',(-0.00769773972339178,-0.00378882866721452,-0.0970742392359504));
#10395=CARTESIAN_POINT('',(-0.00778727526706108,-0.00362134406710464,-0.0970742392359504));
#10396=CARTESIAN_POINT('',(-0.00790606462659199,-0.00339913747112051,-0.0970742392359504));
#10397=CARTESIAN_POINT('',(-0.00801267127220409,-0.0031696222412214,-0.0970742392359504));
#10398=CARTESIAN_POINT('',(-0.00809221163653084,-0.00299837846087452,-0.0970742392359504));
#10399=CARTESIAN_POINT('',(-0.00816489968052746,-0.00282292432695647,-0.0970742392359504));
#10400=CARTESIAN_POINT('',(-0.00826133698172143,-0.00259014432314774,-0.0970742392359504));
#10401=CARTESIAN_POINT('',(-0.00834493386070119,-0.00235128499326717,-0.0970742392359504));
#10402=CARTESIAN_POINT('',(-0.00840730639078551,-0.00217306947947383,-0.0970742392359504));
#10403=CARTESIAN_POINT('',(-0.00846244690951576,-0.00199133553096082,-0.0970742392359504));
#10404=CARTESIAN_POINT('',(-0.00853560340845105,-0.00175022391799363,-0.0970742392359504));
#10405=CARTESIAN_POINT('',(-0.00859538543714844,-0.00150432083407317,-0.0970742392359504));
#10406=CARTESIAN_POINT('',(-0.00863998945142836,-0.00132084989965263,-0.0970742392359504));
#10407=CARTESIAN_POINT('',(-0.00867705141155495,-0.00113458633381581,-0.0970742392359504));
#10408=CARTESIAN_POINT('',(-0.00872622257114672,-0.000887465148357468,-0.0970742392359504));
#10409=CARTESIAN_POINT('',(-0.00876161401595389,-0.000636886491490147,-0.0970742392359504));
#10410=CARTESIAN_POINT('',(-0.00878801995338681,-0.000449927061850745,-0.0970742392359504));
#10411=CARTESIAN_POINT('',(-0.00880664642797565,-0.000260927698636696,-0.0970742392359504));
#10412=CARTESIAN_POINT('',(-0.00883135870308027,-1.01768527873708E-05,-0.0970742392359504));
#10413=CARTESIAN_POINT('',(-0.00884201872503386,0.00024266416757496,-0.0970742392359504));
#10414=CARTESIAN_POINT('',(-0.00884997228200952,0.000431311570928488,-0.0970742392359504));
#10415=CARTESIAN_POINT('',(-0.00884998388792588,0.000621226564329349,-0.0970742392359504));
#10416=CARTESIAN_POINT('',(-0.00884999928582613,0.000873192202863486,-0.0970742392359504));
#10417=CARTESIAN_POINT('',(-0.00883582522308623,0.00112586058946407,-0.0970742392359504));
#10418=CARTESIAN_POINT('',(-0.00882524980250252,0.00131437918893274,-0.0970742392359504));
#10419=CARTESIAN_POINT('',(-0.00880664642797565,0.00150338082729539,-0.0970742392359504));
#10420=CARTESIAN_POINT('',(-0.00878196480038031,0.00175413469166758,-0.0970742392359504));
#10421=CARTESIAN_POINT('',(-0.00874309315692046,0.00200419710983012,-0.0970742392359504));
#10422=CARTESIAN_POINT('',(-0.00871409060586013,0.00219077136822281,-0.0970742392359504));
#10423=CARTESIAN_POINT('',(-0.00867705141155495,0.0023770394624745,-0.0970742392359504));
#10424=CARTESIAN_POINT('',(-0.00862791045603052,0.00262416665589625,-0.0970742392359504));
#10425=CARTESIAN_POINT('',(-0.00856471558702623,0.0028692148678344,-0.0970742392359504));
#10426=CARTESIAN_POINT('',(-0.00851756521590881,0.00305204797306255,-0.0970742392359504));
#10427=CARTESIAN_POINT('',(-0.00846244690951575,0.00323378865961952,-0.0970742392359504));
#10428=CARTESIAN_POINT('',(-0.00838931988032678,0.00347490921212525,-0.0970742392359504));
#10429=CARTESIAN_POINT('',(-0.00830241038691272,0.0037125832696005,-0.0970742392359504));
#10430=CARTESIAN_POINT('',(-0.00823756627958524,0.00388991443891773,-0.0970742392359504));
#10431=CARTESIAN_POINT('',(-0.00816489968052745,0.00406537745561516,-0.0970742392359504));
#10432=CARTESIAN_POINT('',(-0.00806849083094035,0.00429816924447305,-0.0970742392359504));
#10433=CARTESIAN_POINT('',(-0.00795870369904764,0.00452618021638738,-0.0970742392359504));
#10434=CARTESIAN_POINT('',(-0.00787679033971735,0.00469630165367858,-0.0970742392359504));
#10435=CARTESIAN_POINT('',(-0.00778727526706106,0.00486379719576333,-0.0970742392359504));
#10436=CARTESIAN_POINT('',(-0.00766851306700213,0.00508601830878671,-0.0970742392359504));
#10437=CARTESIAN_POINT('',(-0.00753690560672431,0.00530217032484013,-0.0970742392359504));
#10438=CARTESIAN_POINT('',(-0.00743871186581545,0.00546344366767702,-0.0970742392359504));
#10439=CARTESIAN_POINT('',(-0.00733321039864877,0.00562135866150578,-0.0970742392359504));
#10440=CARTESIAN_POINT('',(-0.00719323859302463,0.00583086898790166,-0.0970742392359504));
#10441=CARTESIAN_POINT('',(-0.00704107825615011,0.00603308038601501,-0.0970742392359504));
#10442=CARTESIAN_POINT('',(-0.00692754979306995,0.00618395248393911,-0.0970742392359504));
#10443=CARTESIAN_POINT('',(-0.00680707796819049,0.00633076612180216,-0.0970742392359504));
#10444=CARTESIAN_POINT('',(-0.00666727596701639,0.00650113658305684,-0.0970742392359504));
#10445=CARTESIAN_POINT('',(-0.00651854401612049,0.00666525715795252,-0.0970742392359504));
#10446=CARTESIAN_POINT('',(-0.00637036572287788,0.00682876679073519,-0.0970742392359504));
#10447=CARTESIAN_POINT('',(-0.00621394491860478,0.00698518759500828,-0.0970742392359504));
#10448=COLOUR_RGB('',1.0,1.0,1.0);
#10449=CARTESIAN_POINT('',(-0.00479973135623169,0.00557097403263518,-0.0970742392359504));
#10450=CARTESIAN_POINT('',(-0.00504270177720938,0.0053280036116575,-0.0970742392359504));
#10451=CARTESIAN_POINT('',(-0.00526105706146502,0.00506197955347487,-0.0970742392359504));
#10452=CARTESIAN_POINT('',(-0.00538531554868167,0.0049105944054319,-0.0970742392359504));
#10453=CARTESIAN_POINT('',(-0.0055015394485822,0.00475159213468925,-0.0970742392359504));
#10454=CARTESIAN_POINT('',(-0.00558812941104908,0.00463313112393727,-0.0970742392359504));
#10455=CARTESIAN_POINT('',(-0.00567027117404368,0.00451021819546657,-0.0970742392359504));
#10456=CARTESIAN_POINT('',(-0.00577909298338344,0.00434738254670761,-0.0970742392359504));
#10457=CARTESIAN_POINT('',(-0.00587917228555273,0.00417775398105506,-0.0970742392359504));
#10458=CARTESIAN_POINT('',(-0.00595373408416894,0.0040513760919452,-0.0970742392359504));
#10459=CARTESIAN_POINT('',(-0.00602343273836435,0.00392100372211133,-0.0970742392359504));
#10460=CARTESIAN_POINT('',(-0.00611576985631216,0.00374828576895354,-0.0970742392359504));
#10461=CARTESIAN_POINT('',(-0.00619874074236447,0.00356966452420214,-0.0970742392359504));
#10462=CARTESIAN_POINT('',(-0.00626055630624797,0.00343658684489525,-0.0970742392359504));
#10463=CARTESIAN_POINT('',(-0.00631714061550488,0.00330001059088498,-0.0970742392359504));
#10464=CARTESIAN_POINT('',(-0.00639210378513887,0.00311907370163425,-0.0970742392359504));
#10465=CARTESIAN_POINT('',(-0.00645716720008444,0.00293317999801552,-0.0970742392359504));
#10466=CARTESIAN_POINT('',(-0.00650564121156535,0.00279468413930628,-0.0970742392359504));
#10467=CARTESIAN_POINT('',(-0.00654856623805133,0.00265321930511059,-0.0970742392359504));
#10468=CARTESIAN_POINT('',(-0.00660543352307033,0.00246580600091615,-0.0970742392359504));
#10469=CARTESIAN_POINT('',(-0.00665196287065453,0.00227443009642019,-0.0970742392359504));
#10470=CARTESIAN_POINT('',(-0.00668662849850285,0.0021318498491389,-0.0970742392359504));
#10471=CARTESIAN_POINT('',(-0.00671548085074849,0.00198685881844225,-0.0970742392359504));
#10472=CARTESIAN_POINT('',(-0.00675370458810992,0.00179477399187669,-0.0970742392359504));
#10473=CARTESIAN_POINT('',(-0.006781251765281,0.00159975894107784,-0.0970742392359504));
#10474=CARTESIAN_POINT('',(-0.00680177516055002,0.00145446743094965,-0.0970742392359504));
#10475=CARTESIAN_POINT('',(-0.00681627697463126,0.00130734654663627,-0.0970742392359504));
#10476=CARTESIAN_POINT('',(-0.00683548904884875,0.0011124400795874,-0.0970742392359504));
#10477=CARTESIAN_POINT('',(-0.00684378876123209,0.000915663984027203,-0.0970742392359504));
#10478=CARTESIAN_POINT('',(-0.00684997227240638,0.000769060447719972,-0.0970742392359504));
#10479=CARTESIAN_POINT('',(-0.00684998388792588,0.000621226564329345,-0.0970742392359504));
#10480=CARTESIAN_POINT('',(-0.00684999927622292,0.0004253755126159,-0.0970742392359504));
#10481=CARTESIAN_POINT('',(-0.00683897159305059,0.000228733433669005,-0.0970742392359504));
#10482=CARTESIAN_POINT('',(-0.00683075566953712,8.22297433732079E-05,-0.0970742392359504));
#10483=CARTESIAN_POINT('',(-0.00681627697463126,-6.4893417977577E-05,-0.0970742392359504));
#10484=CARTESIAN_POINT('',(-0.00679709552881001,-0.000259802901660246,-0.0970742392359504));
#10485=CARTESIAN_POINT('',(-0.00676684665269944,-0.000454417193282367,-0.0970742392359504));
#10486=CARTESIAN_POINT('',(-0.00674431041833396,-0.000599410126931776,-0.0970742392359504));
#10487=CARTESIAN_POINT('',(-0.00671548085074849,-0.000744405689783555,-0.0970742392359504));
#10488=CARTESIAN_POINT('',(-0.00667728729861776,-0.000936496520563052,-0.0970742392359504));
#10489=CARTESIAN_POINT('',(-0.00662810854278171,-0.00112720878284125,-0.0970742392359504));
#10490=CARTESIAN_POINT('',(-0.00659146903381936,-0.00126929459864083,-0.0970742392359504));
#10491=CARTESIAN_POINT('',(-0.00654856623805134,-0.0014107661764519,-0.0970742392359505));
#10492=CARTESIAN_POINT('',(-0.00649172840439716,-0.00159818841461792,-0.0970742392359505));
#10493=CARTESIAN_POINT('',(-0.00642409338713788,-0.00178316198421489,-0.0970742392359505));
#10494=CARTESIAN_POINT('',(-0.00637370346207834,-0.00192097231808757,-0.0970742392359505));
#10495=CARTESIAN_POINT('',(-0.00631714061550489,-0.00205755746222629,-0.0970742392359505));
#10496=CARTESIAN_POINT('',(-0.00624220587973434,-0.0022385061291737,-0.0970742392359505));
#10497=CARTESIAN_POINT('',(-0.00615676596324282,-0.00241595960949356,-0.0970742392359505));
#10498=CARTESIAN_POINT('',(-0.0060931109046137,-0.00254816727258067,-0.0970742392359505));
#10499=CARTESIAN_POINT('',(-0.00602343273836437,-0.00267855059345264,-0.0970742392359505));
#10500=CARTESIAN_POINT('',(-0.00593112276295076,-0.00285128305459361,-0.0970742392359505));
#10501=CARTESIAN_POINT('',(-0.00582870078032468,-0.00301950747162348,-0.0970742392359505));
#10502=CARTESIAN_POINT('',(-0.00575239362113743,-0.00314483923186038,-0.0970742392359505));
#10503=CARTESIAN_POINT('',(-0.0056702711740437,-0.00326776506680788,-0.0970742392359505));
#10504=CARTESIAN_POINT('',(-0.00556147495450965,-0.00343061781412178,-0.0970742392359505));
#10505=CARTESIAN_POINT('',(-0.00544305728543362,-0.0035879930747595,-0.0970742392359505));
#10506=CARTESIAN_POINT('',(-0.00535483290534003,-0.00370524191878901,-0.0970742392359505));
#10507=CARTESIAN_POINT('',(-0.00526105706146504,-0.00381952642481618,-0.0970742392359505));
#10508=CARTESIAN_POINT('',(-0.00515240201501499,-0.00395194419679014,-0.0970742392359505));
#10509=CARTESIAN_POINT('',(-0.0050366417654106,-0.00407968611959979,-0.0970742392359505));
#10510=CARTESIAN_POINT('',(-0.00492143509722414,-0.00420681716298407,-0.0970742392359505));
#10511=CARTESIAN_POINT('',(-0.00479973135623172,-0.0043285209039765,-0.0970742392359505));
#10512=COLOUR_RGB('',1.0,1.0,1.0);
#10513=COLOUR_RGB('',1.0,1.0,1.0);
#10514=CARTESIAN_POINT('',(-0.00833526526216441,0.00910650793856793,-0.0970742392359504));
#10515=CARTESIAN_POINT('',(-0.00875192539107488,0.00868984780965748,-0.0970742392359504));
#10516=CARTESIAN_POINT('',(-0.00912610932827869,0.00823394597429311,-0.0970742392359504));
#10517=CARTESIAN_POINT('',(-0.00931265260110774,0.00800666358186023,-0.0970742392359504));
#10518=CARTESIAN_POINT('',(-0.00948847426569359,0.00776961821823857,-0.0970742392359504));
#10519=CARTESIAN_POINT('',(-0.00966364062056224,0.00753345635285112,-0.0970742392359504));
#10520=CARTESIAN_POINT('',(-0.00982761923555639,0.00728806936056459,-0.0970742392359504));
#10521=CARTESIAN_POINT('',(-0.0099909866813799,0.00704359695683323,-0.0970742392359504));
#10522=CARTESIAN_POINT('',(-0.0101427272079291,0.00679045949464803,-0.0970742392359504));
#10523=CARTESIAN_POINT('',(-0.0102939021782204,0.00653826550800704,-0.0970742392359504));
#10524=CARTESIAN_POINT('',(-0.0104330390601061,0.00627798740624134,-0.0970742392359504));
#10525=CARTESIAN_POINT('',(-0.0105716573611221,0.00601867939409219,-0.0970742392359504));
#10526=CARTESIAN_POINT('',(-0.0106978554054072,0.00575188768549274,-0.0970742392359504));
#10527=CARTESIAN_POINT('',(-0.0108235830935142,0.00548609034355801,-0.0970742392359504));
#10528=CARTESIAN_POINT('',(-0.0109365382780613,0.00521342775271044,-0.0970742392359504));
#10529=CARTESIAN_POINT('',(-0.0110490724642501,0.00494178141006411,-0.0970742392359504));
#10530=CARTESIAN_POINT('',(-0.0111485126701221,0.004663904805036,-0.0970742392359504));
#10531=CARTESIAN_POINT('',(-0.0112475822496833,0.00438706388150197,-0.0970742392359504));
#10532=CARTESIAN_POINT('',(-0.0113332679167124,0.00410464269138291,-0.0970742392359504));
#10533=CARTESIAN_POINT('',(-0.0114186342223504,0.00382327412099897,-0.0970742392359504));
#10534=CARTESIAN_POINT('',(-0.0114903589262604,0.00353698872316853,-0.0970742392359504));
#10535=CARTESIAN_POINT('',(-0.0115618163030697,0.00325177034745475,-0.0970742392359504));
#10536=CARTESIAN_POINT('',(-0.0116194072527646,0.0029623104285229,-0.0970742392359504));
#10537=CARTESIAN_POINT('',(-0.0116767835536619,0.00267392936354152,-0.0970742392359504));
#10538=CARTESIAN_POINT('',(-0.0117201020075032,0.00238199225779369,-0.0970742392359504));
#10539=CARTESIAN_POINT('',(-0.0117632590079544,0.00209114323879128,-0.0970742392359504));
#10540=CARTESIAN_POINT('',(-0.0117922006079922,0.00179743224828408,-0.0970742392359504));
#10541=CARTESIAN_POINT('',(-0.0118210343390034,0.00150481595601869,-0.0970742392359504));
#10542=CARTESIAN_POINT('',(-0.0118355293623879,0.00121003865625837,-0.0970742392359504));
#10543=CARTESIAN_POINT('',(-0.0118499703609752,0.000916360029017809,-0.0970742392359504));
#10544=CARTESIAN_POINT('',(-0.0118499838879259,0.000621226564329355,-0.0970742392359504));
#10545=CARTESIAN_POINT('',(-0.0118499973644599,0.00032719309964462,-0.0970742392359504));
#10546=CARTESIAN_POINT('',(-0.0118355293623879,3.24144724003395E-05,-0.0970742392359504));
#10547=CARTESIAN_POINT('',(-0.0118211152844016,-0.00026126547737344,-0.0970742392359504));
#10548=CARTESIAN_POINT('',(-0.0117922006079922,-0.00055497911962537,-0.0970742392359504));
#10549=CARTESIAN_POINT('',(-0.0117633937002618,-0.000847598053752136,-0.0970742392359504));
#10550=CARTESIAN_POINT('',(-0.0117201020075033,-0.00113953912913498,-0.0970742392359504));
#10551=CARTESIAN_POINT('',(-0.0116769716683951,-0.00143039210296293,-0.0970742392359504));
#10552=CARTESIAN_POINT('',(-0.0116194072527646,-0.00171985729986419,-0.0970742392359504));
#10553=CARTESIAN_POINT('',(-0.0115620573870422,-0.00200824362311281,-0.0970742392359504));
#10554=CARTESIAN_POINT('',(-0.0114903589262604,-0.00229453559450982,-0.0970742392359504));
#10555=CARTESIAN_POINT('',(-0.0114189276947728,-0.00257976051927019,-0.0970742392359504));
#10556=CARTESIAN_POINT('',(-0.0113332679167124,-0.0028621895627242,-0.0970742392359504));
#10557=CARTESIAN_POINT('',(-0.0112479274035534,-0.00314356595716655,-0.0970742392359504));
#10558=CARTESIAN_POINT('',(-0.0111485126701221,-0.0034214516763773,-0.0970742392359504));
#10559=CARTESIAN_POINT('',(-0.0110494684680628,-0.00369830168012369,-0.0970742392359504));
#10560=CARTESIAN_POINT('',(-0.0109365382780613,-0.00397097462405173,-0.0970742392359504));
#10561=CARTESIAN_POINT('',(-0.0108240289932606,-0.00424263128119051,-0.0970742392359504));
#10562=CARTESIAN_POINT('',(-0.0106978554054072,-0.00450943455683404,-0.0970742392359504));
#10563=CARTESIAN_POINT('',(-0.0105721520825877,-0.004775243422684,-0.0970742392359504));
#10564=CARTESIAN_POINT('',(-0.0104330390601061,-0.00503553427758262,-0.0970742392359505));
#10565=CARTESIAN_POINT('',(-0.0102944445295753,-0.00529485499531722,-0.0970742392359505));
#10566=CARTESIAN_POINT('',(-0.0101427272079292,-0.00554800636598931,-0.0970742392359505));
#10567=CARTESIAN_POINT('',(-0.00999157535605607,-0.00580021420927389,-0.0970742392359505));
#10568=CARTESIAN_POINT('',(-0.00982761923555643,-0.00604561623190588,-0.0970742392359505));
#10569=CARTESIAN_POINT('',(-0.00966427420039129,-0.00629010360995718,-0.0970742392359505));
#10570=CARTESIAN_POINT('',(-0.00948847426569362,-0.00652716508957986,-0.0970742392359505));
#10571=CARTESIAN_POINT('',(-0.00931332955972933,-0.00676334301089353,-0.0970742392359505));
#10572=CARTESIAN_POINT('',(-0.00912610932827872,-0.00699149284563441,-0.0970742392359505));
#10573=CARTESIAN_POINT('',(-0.00893958689046874,-0.0072187923368918,-0.0970742392359505));
#10574=CARTESIAN_POINT('',(-0.00874139739218539,-0.00743748089383488,-0.0970742392359505));
#10575=CARTESIAN_POINT('',(-0.00854376161830967,-0.00765555845376402,-0.0970742392359505));
#10576=CARTESIAN_POINT('',(-0.00833526526216445,-0.00786405480990923,-0.0970742392359505));
#10577=COLOUR_RGB('',1.0,1.0,1.0);
#10578=COLOUR_RGB('',1.0,1.0,1.0);
#10579=COLOUR_RGB('',1.0,1.0,1.0);
#10580=COLOUR_RGB('',1.0,1.0,1.0);
#10581=COLOUR_RGB('',1.0,1.0,1.0);
#10582=CARTESIAN_POINT('',(0.0125361272017165,0.0247388008840448,-0.104403209968839));
#10583=VECTOR('',#11846,1.0);
#10584=COLOUR_RGB('',1.0,1.0,1.0);
#10585=COLOUR_RGB('',0.501960813999176,1.0,1.0);
#10586=CARTESIAN_POINT('',(0.0213500000000006,0.0192256607640492,0.00232576076404944));
#10587=CARTESIAN_POINT('',(0.0193500000000003,0.0212256607640492,0.00232576076404946));
#10588=CARTESIAN_POINT('',(0.0213500000000003,0.0192256607640492,0.00232576076404944));
#10589=CARTESIAN_POINT('',(0.0213500000000003,0.0197494720151598,0.00232576076404944));
#10590=CARTESIAN_POINT('',(0.0211325759322179,0.0202713093015395,0.00232576076404945));
#10591=CARTESIAN_POINT('',(0.0203958511925288,0.0210084393513051,0.00232576076404945));
#10592=CARTESIAN_POINT('',(0.0198736590465752,0.0212256607640492,0.00232576076404945));
#10593=CARTESIAN_POINT('',(0.0193500000000003,0.0212256607640492,0.00232576076404945));
#10594=CARTESIAN_POINT('',(0.0213499999999999,-0.0172743392359504,0.00232576076404931));
#10595=CARTESIAN_POINT('',(0.0213499999999999,0.000925660764049498,0.00232576076404938));
#10596=VECTOR('',#11847,1.0);
#10597=CARTESIAN_POINT('',(0.0193499999999999,-0.0192743392359504,0.00232576076404931));
#10598=AXIS2_PLACEMENT_3D('',#11848,#11849,#11850);
#10599=CARTESIAN_POINT('',(-0.0194499999999996,-0.0192743392359508,0.00232576076404944));
#10600=CARTESIAN_POINT('',(3.97468831052518E-18,-0.0192743392359504,0.00232576076404937));
#10601=VECTOR('',#11851,1.0);
#10602=CARTESIAN_POINT('',(-0.0214499999999996,-0.0172743392359508,0.00232576076404945));
#10603=CARTESIAN_POINT('',(-0.0214499999999996,-0.0172743392359508,0.00232576076404945));
#10604=CARTESIAN_POINT('',(-0.0214499999999996,-0.0177981504870625,0.00232576076404945));
#10605=CARTESIAN_POINT('',(-0.0212325759322188,-0.0183199877734395,0.00232576076404944));
#10606=CARTESIAN_POINT('',(-0.0204958511925266,-0.0190571178232082,0.00232576076404944));
#10607=CARTESIAN_POINT('',(-0.0199736590465758,-0.0192743392359508,0.00232576076404944));
#10608=CARTESIAN_POINT('',(-0.0194499999999996,-0.0192743392359508,0.00232576076404943));
#10609=CARTESIAN_POINT('',(-0.0214499999999996,0.0192256607640492,0.00232576076404958));
#10610=CARTESIAN_POINT('',(-0.0214499999999996,0.0192256607640492,0.00232576076404958));
#10611=VECTOR('',#11852,1.0);
#10612=CARTESIAN_POINT('',(-0.0194499999999996,0.0212256607640492,0.00232576076404958));
#10613=CARTESIAN_POINT('',(-0.0194499999999996,0.0212256607640492,0.00232576076404958));
#10614=CARTESIAN_POINT('',(-0.0199738112511114,0.0212256607640492,0.00232576076404958));
#10615=CARTESIAN_POINT('',(-0.0204956485374884,0.0210082366962684,0.00232576076404958));
#10616=CARTESIAN_POINT('',(-0.0212327785872571,0.0202715119565762,0.00232576076404958));
#10617=CARTESIAN_POINT('',(-0.0214499999999996,0.0197493198106253,0.00232576076404958));
#10618=CARTESIAN_POINT('',(-0.0214499999999996,0.0192256607640492,0.00232576076404958));
#10619=CARTESIAN_POINT('',(3.97468831052563E-18,0.0212256607640492,0.00232576076404952));
#10620=VECTOR('',#11853,1.0);
#10621=CARTESIAN_POINT('',(0.000150016112074121,0.00362122656432933,0.00232576076404945));
#10622=AXIS2_PLACEMENT_3D('',#11854,#11855,#11856);
#10623=CARTESIAN_POINT('',(0.0142921517358051,0.0147633621880603,0.00232576076404945));
#10624=CARTESIAN_POINT('',(0.0142921517358051,-0.0135209090594016,0.00232576076404935));
#10625=AXIS2_PLACEMENT_3D('',#11857,#11858,#11859);
#10626=CARTESIAN_POINT('',(0.012877938173432,0.0133491486256872,0.00232576076404951));
#10627=AXIS2_PLACEMENT_3D('',#11860,#11861,#11862);
#10628=CARTESIAN_POINT('',(0.012877938173432,-0.0121066954970285,0.00232576076404936));
#10629=AXIS2_PLACEMENT_3D('',#11863,#11864,#11865);
#10630=AXIS2_PLACEMENT_3D('',#11866,#11867,#11868);
#10631=CARTESIAN_POINT('',(0.0100495110486858,0.010520721500941,0.00232576076404945));
#10632=CARTESIAN_POINT('',(0.0100495110486858,-0.00927826837228235,0.00232576076404938));
#10633=AXIS2_PLACEMENT_3D('',#11869,#11870,#11871);
#10634=CARTESIAN_POINT('',(0.0086352974863127,0.0091065079385679,0.00232576076404949));
#10635=AXIS2_PLACEMENT_3D('',#11872,#11873,#11874);
#10636=CARTESIAN_POINT('',(0.00863529748631268,-0.00786405480990925,0.00232576076404939));
#10637=AXIS2_PLACEMENT_3D('',#11875,#11876,#11877);
#10638=AXIS2_PLACEMENT_3D('',#11878,#11879,#11880);
#10639=CARTESIAN_POINT('',(0.00651397714275305,0.00698518759500826,0.00232576076404945));
#10640=CARTESIAN_POINT('',(0.00651397714275304,-0.0057427344663496,0.0023257607640494));
#10641=AXIS2_PLACEMENT_3D('',#11881,#11882,#11883);
#10642=CARTESIAN_POINT('',(0.00509976358037996,0.00557097403263516,0.00232576076404947));
#10643=AXIS2_PLACEMENT_3D('',#11884,#11885,#11886);
#10644=CARTESIAN_POINT('',(0.00509976358037994,-0.00432852090397651,0.00232576076404941));
#10645=AXIS2_PLACEMENT_3D('',#11887,#11888,#11889);
#10646=AXIS2_PLACEMENT_3D('',#11890,#11891,#11892);
#10647=CARTESIAN_POINT('',(-0.00621394491860479,0.00698518759500829,0.00232576076404949));
#10648=CARTESIAN_POINT('',(-0.00479973135623169,0.00557097403263518,0.00232576076404948));
#10649=AXIS2_PLACEMENT_3D('',#11893,#11894,#11895);
#10650=CARTESIAN_POINT('',(-0.00621394491860482,-0.00574273446634959,0.00232576076404944));
#10651=AXIS2_PLACEMENT_3D('',#11896,#11897,#11898);
#10652=CARTESIAN_POINT('',(-0.00479973135623172,-0.00432852090397649,0.00232576076404944));
#10653=AXIS2_PLACEMENT_3D('',#11899,#11900,#11901);
#10654=AXIS2_PLACEMENT_3D('',#11902,#11903,#11904);
#10655=CARTESIAN_POINT('',(-0.00974947882453751,0.010520721500941,0.00232576076404951));
#10656=CARTESIAN_POINT('',(-0.00833526526216441,0.00910650793856793,0.0023257607640495));
#10657=AXIS2_PLACEMENT_3D('',#11905,#11906,#11907);
#10658=CARTESIAN_POINT('',(-0.00974947882453756,-0.00927826837228232,0.00232576076404944));
#10659=AXIS2_PLACEMENT_3D('',#11908,#11909,#11910);
#10660=CARTESIAN_POINT('',(-0.00833526526216447,-0.00786405480990923,0.00232576076404944));
#10661=AXIS2_PLACEMENT_3D('',#11911,#11912,#11913);
#10662=AXIS2_PLACEMENT_3D('',#11914,#11915,#11916);
#10663=CARTESIAN_POINT('',(-0.0139921195116568,0.0147633621880603,0.00232576076404954));
#10664=CARTESIAN_POINT('',(-0.0125779059492837,0.0133491486256872,0.00232576076404953));
#10665=AXIS2_PLACEMENT_3D('',#11917,#11918,#11919);
#10666=CARTESIAN_POINT('',(-0.0139921195116568,-0.0135209090594016,0.00232576076404944));
#10667=AXIS2_PLACEMENT_3D('',#11920,#11921,#11922);
#10668=CARTESIAN_POINT('',(-0.0125779059492838,-0.0121066954970285,0.00232576076404944));
#10669=AXIS2_PLACEMENT_3D('',#11923,#11924,#11925);
#10670=AXIS2_PLACEMENT_3D('',#11926,#11927,#11928);
#10671=COLOUR_RGB('',0.501960813999176,1.0,1.0);
#10672=CARTESIAN_POINT('',(-0.0214499999999996,-0.0172743392359508,0.000925760764049449));
#10673=CARTESIAN_POINT('',(-0.0194499999999996,-0.0192743392359511,0.000925760764049436));
#10674=CARTESIAN_POINT('',(-0.0214499999999996,-0.0172743392359508,0.000925760764049449));
#10675=CARTESIAN_POINT('',(-0.0214499999999996,-0.0177981504870625,0.000925760764049448));
#10676=CARTESIAN_POINT('',(-0.0212325759322189,-0.0183199877734395,0.000925760764049445));
#10677=CARTESIAN_POINT('',(-0.0204958511925266,-0.0190571178232082,0.00092576076404944));
#10678=CARTESIAN_POINT('',(-0.0199736590465758,-0.0192743392359508,0.000925760764049438));
#10679=CARTESIAN_POINT('',(-0.0194499999999996,-0.0192743392359508,0.000925760764049436));
#10680=CARTESIAN_POINT('',(-0.0214499999999996,-0.0172743392359508,0.00162576076404945));
#10681=VECTOR('',#11929,1.0);
#10682=CARTESIAN_POINT('',(-0.0194499999999996,-0.0192743392359508,0.00162576076404944));
#10683=VECTOR('',#11930,1.0);
#10684=COLOUR_RGB('',0.501960813999176,1.0,1.0);
#10685=CARTESIAN_POINT('',(-0.0376,0.0169256607640495,0.000925760764049621));
#10686=CARTESIAN_POINT('',(-0.0337999999959968,0.0169256607640495,0.000925760764049608));
#10687=CARTESIAN_POINT('',(-4.55101557728796E-19,0.0169256607640495,0.000925760764049502));
#10688=VECTOR('',#11931,1.0);
#10689=CARTESIAN_POINT('',(-0.0376,0.0617256607640495,0.000925760764049762));
#10690=CARTESIAN_POINT('',(-0.0376,0.000925660764049503,0.000925760764049564));
#10691=VECTOR('',#11932,1.0);
#10692=CARTESIAN_POINT('',(-0.0333,0.0617256607640495,0.000925760764049748));
#10693=CARTESIAN_POINT('',(-0.032,0.0617256607640495,0.000925760764049744));
#10694=VECTOR('',#11933,1.0);
#10695=CARTESIAN_POINT('',(-0.0308,0.0642256607640495,0.000925760764049748));
#10696=AXIS2_PLACEMENT_3D('',#11934,#11935,#11936);
#10697=CARTESIAN_POINT('',(-0.0308,0.0685256607640495,0.000925760764049781));
#10698=CARTESIAN_POINT('',(-0.0308,0.000925660764049503,0.000925760764049543));
#10699=VECTOR('',#11937,1.0);
#10700=CARTESIAN_POINT('',(0.0308,0.0685256607640495,0.000925760764049586));
#10701=CARTESIAN_POINT('',(-4.55101557728214E-19,0.0685256607640495,0.000925760764049683));
#10702=VECTOR('',#11938,1.0);
#10703=CARTESIAN_POINT('',(0.0308,0.0642256607640495,0.000925760764049554));
#10704=CARTESIAN_POINT('',(0.0308,0.0629256607640495,0.000925760764049567));
#10705=VECTOR('',#11939,1.0);
#10706=CARTESIAN_POINT('',(0.0333,0.0617256607640495,0.000925760764049537));
#10707=AXIS2_PLACEMENT_3D('',#11940,#11941,#11942);
#10708=CARTESIAN_POINT('',(0.0376,0.0617256607640495,0.000925760764049524));
#10709=CARTESIAN_POINT('',(-4.55101557728386E-19,0.0617256607640495,0.000925760764049643));
#10710=VECTOR('',#11943,1.0);
#10711=CARTESIAN_POINT('',(0.0376,0.0169256607640495,0.000925760764049383));
#10712=CARTESIAN_POINT('',(0.0376,0.000925660764049503,0.000925760764049326));
#10713=VECTOR('',#11944,1.0);
#10714=CARTESIAN_POINT('',(0.0337999999959968,0.0169256607640495,0.000925760764049395));
#10715=CARTESIAN_POINT('',(0.032,0.0169256607640495,0.000925760764049401));
#10716=VECTOR('',#11945,1.0);
#10717=CARTESIAN_POINT('',(0.0337999999959968,0.00892566076404948,0.000925760764049367));
#10718=AXIS2_PLACEMENT_3D('',#11946,#11947,#11948);
#10719=CARTESIAN_POINT('',(0.0376,0.00892566076404948,0.000925760764049355));
#10720=CARTESIAN_POINT('',(-4.55101557728885E-19,0.00892566076404948,0.000925760764049474));
#10721=VECTOR('',#11949,1.0);
#10722=CARTESIAN_POINT('',(0.0376,-0.0198743392359505,0.000925760764049225));
#10723=CARTESIAN_POINT('',(0.0376,0.000925660764049503,0.000925760764049326));
#10724=VECTOR('',#11950,1.0);
#10725=CARTESIAN_POINT('',(0.0333,-0.0198743392359505,0.000925760764049239));
#10726=CARTESIAN_POINT('',(0.032,-0.0198743392359505,0.000925760764049243));
#10727=VECTOR('',#11951,1.0);
#10728=CARTESIAN_POINT('',(0.0308,-0.0223743392359505,0.000925760764049238));
#10729=AXIS2_PLACEMENT_3D('',#11952,#11953,#11954);
#10730=CARTESIAN_POINT('',(0.0308,-0.0266743392359505,0.000925760764049223));
#10731=CARTESIAN_POINT('',(0.0308,0.0089256607640495,0.000925760764049348));
#10732=VECTOR('',#11955,1.0);
#10733=CARTESIAN_POINT('',(-0.0308,-0.0266743392359505,0.000925760764049417));
#10734=CARTESIAN_POINT('',(-4.55101557729371E-19,-0.0266743392359505,0.00092576076404932));
#10735=VECTOR('',#11956,1.0);
#10736=CARTESIAN_POINT('',(-0.0308,-0.0223743392359505,0.000925760764049433));
#10737=CARTESIAN_POINT('',(-0.0308,-0.0290743392359505,0.000925760764049409));
#10738=VECTOR('',#11957,1.0);
#10739=CARTESIAN_POINT('',(-0.0333,-0.0198743392359505,0.000925760764049449));
#10740=AXIS2_PLACEMENT_3D('',#11958,#11959,#11960);
#10741=CARTESIAN_POINT('',(-0.0376,-0.0198743392359505,0.000925760764049463));
#10742=CARTESIAN_POINT('',(-4.55101557729294E-19,-0.0198743392359505,0.000925760764049344));
#10743=VECTOR('',#11961,1.0);
#10744=CARTESIAN_POINT('',(-0.0376,0.00892566076404948,0.000925760764049593));
#10745=CARTESIAN_POINT('',(-0.0376,0.000925660764049503,0.000925760764049564));
#10746=VECTOR('',#11962,1.0);
#10747=CARTESIAN_POINT('',(-0.0337999999959968,0.00892566076404948,0.00092576076404958));
#10748=CARTESIAN_POINT('',(-0.04,0.00892566076404948,0.0009257607640496));
#10749=VECTOR('',#11963,1.0);
#10750=AXIS2_PLACEMENT_3D('',#11964,#11965,#11966);
#10751=CARTESIAN_POINT('',(-0.03,0.0413756607640495,0.000925760764049667));
#10752=AXIS2_PLACEMENT_3D('',#11967,#11968,#11969);
#10753=CARTESIAN_POINT('',(0.03,0.0413756607640495,0.000925760764049509));
#10754=AXIS2_PLACEMENT_3D('',#11970,#11971,#11972);
#10755=CARTESIAN_POINT('',(-0.0185,0.0309256607640495,0.000925760764049606));
#10756=CARTESIAN_POINT('',(-0.0185,0.0619256607640495,0.000925760764049606));
#10757=CARTESIAN_POINT('',(-0.0185,0.0639256607640495,0.000925760764049606));
#10758=VECTOR('',#11973,1.0);
#10759=CARTESIAN_POINT('',(-0.0165,0.0289256607640495,0.000925760764049606));
#10760=AXIS2_PLACEMENT_3D('',#11974,#11975,#11976);
#10761=CARTESIAN_POINT('',(0.0165,0.0289256607640495,0.000925760764049606));
#10762=CARTESIAN_POINT('',(-0.0185,0.0289256607640495,0.000925760764049606));
#10763=VECTOR('',#11977,1.0);
#10764=CARTESIAN_POINT('',(0.0185,0.0309256607640495,0.000925760764049606));
#10765=AXIS2_PLACEMENT_3D('',#11978,#11979,#11980);
#10766=CARTESIAN_POINT('',(0.0185,0.0619256607640495,0.000925760764049606));
#10767=CARTESIAN_POINT('',(0.0185,0.0304256607640495,0.000925760764049606));
#10768=VECTOR('',#11981,1.0);
#10769=CARTESIAN_POINT('',(0.0165,0.0639256607640495,0.000925760764049606));
#10770=AXIS2_PLACEMENT_3D('',#11982,#11983,#11984);
#10771=CARTESIAN_POINT('',(-0.0165,0.0639256607640495,0.000925760764049606));
#10772=CARTESIAN_POINT('',(0.0185,0.0639256607640495,0.000925760764049606));
#10773=VECTOR('',#11985,1.0);
#10774=AXIS2_PLACEMENT_3D('',#11986,#11987,#11988);
#10775=CARTESIAN_POINT('',(-0.0194499999999996,0.0212256607640492,0.000925760764049579));
#10776=CARTESIAN_POINT('',(0.0193500000000002,0.0212256607640492,0.000925760764049456));
#10777=CARTESIAN_POINT('',(-4.55101557728747E-19,0.0212256607640492,0.000925760764049517));
#10778=VECTOR('',#11989,1.0);
#10779=CARTESIAN_POINT('',(-0.0214499999999996,0.0192256607640492,0.000925760764049578));
#10780=CARTESIAN_POINT('',(-0.0194499999999996,0.0212256607640492,0.000925760764049579));
#10781=CARTESIAN_POINT('',(-0.0199738112511114,0.0212256607640492,0.00092576076404958));
#10782=CARTESIAN_POINT('',(-0.0204956485374884,0.0210082366962684,0.000925760764049581));
#10783=CARTESIAN_POINT('',(-0.0212327785872571,0.0202715119565762,0.000925760764049581));
#10784=CARTESIAN_POINT('',(-0.0214499999999996,0.0197493198106253,0.00092576076404958));
#10785=CARTESIAN_POINT('',(-0.0214499999999996,0.0192256607640492,0.000925760764049578));
#10786=CARTESIAN_POINT('',(-0.0214499999999996,0.0192256607640492,0.000925760764049578));
#10787=VECTOR('',#11990,1.0);
#10788=CARTESIAN_POINT('',(0.0193499999999999,-0.0192743392359504,0.000925760764049313));
#10789=CARTESIAN_POINT('',(-4.55101557729199E-19,-0.0192743392359504,0.000925760764049374));
#10790=VECTOR('',#11991,1.0);
#10791=CARTESIAN_POINT('',(0.0213499999999999,-0.0172743392359504,0.000925760764049314));
#10792=AXIS2_PLACEMENT_3D('',#11992,#11993,#11994);
#10793=CARTESIAN_POINT('',(0.0213500000000003,0.0192256607640492,0.000925760764049442));
#10794=CARTESIAN_POINT('',(0.0213499999999999,0.000925660764049503,0.000925760764049378));
#10795=VECTOR('',#11995,1.0);
#10796=CARTESIAN_POINT('',(0.0213500000000003,0.0192256607640492,0.000925760764049443));
#10797=CARTESIAN_POINT('',(0.0213500000000003,0.0197494720151598,0.000925760764049445));
#10798=CARTESIAN_POINT('',(0.0211325759322179,0.0202713093015395,0.000925760764049447));
#10799=CARTESIAN_POINT('',(0.0203958511925288,0.0210084393513051,0.000925760764049452));
#10800=CARTESIAN_POINT('',(0.0198736590465752,0.0212256607640492,0.000925760764049454));
#10801=CARTESIAN_POINT('',(0.0193500000000002,0.0212256607640492,0.000925760764049456));
#10802=COLOUR_RGB('',0.501960813999176,1.0,1.0);
#10803=CARTESIAN_POINT('',(-0.0338,0.0115256607640495,-0.0150742392359503));
#10804=AXIS2_PLACEMENT_3D('',#11996,#11997,#11998);
#10805=CARTESIAN_POINT('',(-0.0337999999959969,0.0169256607640495,-0.0150742392359503));
#10806=CARTESIAN_POINT('',(-0.0376000000000001,0.0169256607640495,-0.0150742392359503));
#10807=CARTESIAN_POINT('',(-5.10812714806356E-17,0.0169256607640495,-0.0150742392359504));
#10808=VECTOR('',#11999,1.0);
#10809=CARTESIAN_POINT('',(-0.0337999999959969,0.00892566076404954,-0.0150742392359503));
#10810=AXIS2_PLACEMENT_3D('',#12000,#12001,#12002);
#10811=CARTESIAN_POINT('',(-0.0376000000000001,0.00892566076404954,-0.0150742392359503));
#10812=CARTESIAN_POINT('',(-5.10812714806357E-17,0.00892566076404954,-0.0150742392359504));
#10813=VECTOR('',#12003,1.0);
#10814=CARTESIAN_POINT('',(-0.0376000000000001,0.000925660764049559,-0.0150742392359503));
#10815=VECTOR('',#12004,1.0);
#10816=COLOUR_RGB('',0.501960813999176,1.0,1.0);
#10817=CARTESIAN_POINT('',(0.0193499999999999,-0.0192743392359504,0.00162576076404931));
#10818=VECTOR('',#12005,1.0);
#10819=COLOUR_RGB('',0.501960813999176,1.0,1.0);
#10820=CARTESIAN_POINT('',(-0.0337999999959968,0.0169256607640495,0.000925760764049608));
#10821=VECTOR('',#12006,1.0);
#10822=CARTESIAN_POINT('',(-0.0337999999959968,0.00892566076404948,0.00092576076404958));
#10823=VECTOR('',#12007,1.0);
#10824=COLOUR_RGB('',0.501960813999176,1.0,1.0);
#10825=CARTESIAN_POINT('',(0.0213500000000006,0.0192256607640492,0.00162576076404944));
#10826=VECTOR('',#12008,1.0);
#10827=CARTESIAN_POINT('',(0.0213499999999999,-0.0172743392359504,0.00162576076404931));
#10828=VECTOR('',#12009,1.0);
#10829=COLOUR_RGB('',0.501960813999176,1.0,1.0);
#10830=CARTESIAN_POINT('',(0.0193500000000002,0.0212256607640492,0.00162576076404946));
#10831=VECTOR('',#12010,1.0);
#10832=COLOUR_RGB('',0.501960813999176,1.0,1.0);
#10833=CARTESIAN_POINT('',(-0.0214499999999996,0.0192256607640492,0.00162576076404958));
#10834=VECTOR('',#12011,1.0);
#10835=COLOUR_RGB('',0.501960813999176,1.0,1.0);
#10836=CARTESIAN_POINT('',(-0.0194499999999996,0.0212256607640492,0.00162576076404958));
#10837=VECTOR('',#12012,1.0);
#10838=COLOUR_RGB('',0.501960813999176,1.0,1.0);
#10839=COLOUR_RGB('',0.501960813999176,1.0,1.0);
#10840=CARTESIAN_POINT('',(0.015,0.0559270675628666,0.00232465476483071));
#10841=CARTESIAN_POINT('',(0.015,0.0559278028582048,0.00192576076404961));
#10842=CARTESIAN_POINT('',(0.015,0.0559256554123942,0.00309073925134268));
#10843=VECTOR('',#12013,1.0);
#10844=CARTESIAN_POINT('',(-0.015,0.0559270675628666,0.00232465476483071));
#10845=CARTESIAN_POINT('',(-0.015,0.0559270675628666,0.00232465476483071));
#10846=VECTOR('',#12014,1.0);
#10847=CARTESIAN_POINT('',(-0.015,0.0559278028582048,0.00192576076404961));
#10848=CARTESIAN_POINT('',(-0.015,0.0559256554123942,0.00309073925134277));
#10849=VECTOR('',#12015,1.0);
#10850=CARTESIAN_POINT('',(-0.01471,0.0559278028582048,0.00192576076404961));
#10851=VECTOR('',#12016,1.0);
#10852=COLOUR_RGB('',0.501960813999176,1.0,1.0);
#10853=CARTESIAN_POINT('',(0.015,0.0409270150655554,0.00232576076404984));
#10854=CARTESIAN_POINT('',(0.015,0.0409277523996209,0.00192576076404961));
#10855=CARTESIAN_POINT('',(0.015,0.0409256559220764,0.00306308922482551));
#10856=VECTOR('',#12017,1.0);
#10857=CARTESIAN_POINT('',(0.015,0.0559281715252376,0.00232576076404994));
#10858=CARTESIAN_POINT('',(0.015,0.0559259595230411,0.00232576076404994));
#10859=VECTOR('',#12018,1.0);
#10860=CARTESIAN_POINT('',(0.015,0.0565270665435038,0.00292576076404999));
#10861=VECTOR('',#12019,1.0);
#10862=CARTESIAN_POINT('',(0.015,0.0492756607640486,0.00192576076404961));
#10863=VECTOR('',#12020,1.0);
#10864=COLOUR_RGB('',0.501960813999176,1.0,1.0);
#10865=CARTESIAN_POINT('',(-0.015,0.0409270150655554,0.00232576076404984));
#10866=CARTESIAN_POINT('',(-0.0150011059992192,0.0409270130268281,0.00232686676326907));
#10867=CARTESIAN_POINT('',(-0.0156718901781003,0.0409257765467639,0.00299765094215011));
#10868=VECTOR('',#12021,1.0);
#10869=CARTESIAN_POINT('',(0.0150011059992192,0.0409270130268281,0.00232686676326907));
#10870=CARTESIAN_POINT('',(0.015,0.0409270130268281,0.00232686676326907));
#10871=VECTOR('',#12022,1.0);
#10872=CARTESIAN_POINT('',(0.0156718901781003,0.0409257765467639,0.00299765094215011));
#10873=VECTOR('',#12023,1.0);
#10874=CARTESIAN_POINT('',(-0.015,0.0409277523996209,0.00192576076404961));
#10875=CARTESIAN_POINT('',(0.01471,0.0409277523996209,0.00192576076404961));
#10876=VECTOR('',#12024,1.0);
#10877=CARTESIAN_POINT('',(-0.015,0.0409256559220764,0.00306308922482561));
#10878=VECTOR('',#12025,1.0);
#10879=COLOUR_RGB('',0.501960813999176,1.0,1.0);
#10880=CARTESIAN_POINT('',(-0.015,0.0559281715252376,0.00232576076404994));
#10881=CARTESIAN_POINT('',(-0.015,0.0565270665435039,0.00292576076405003));
#10882=VECTOR('',#12026,1.0);
#10883=CARTESIAN_POINT('',(-0.015,0.0409259090644571,0.00232576076404984));
#10884=VECTOR('',#12027,1.0);
#10885=CARTESIAN_POINT('',(-0.015,0.0345756607640495,0.00192576076404961));
#10886=VECTOR('',#12028,1.0);
#10887=COLOUR_RGB('',0.501960813999176,1.0,1.0);
#10888=CARTESIAN_POINT('',(0.0156,0.0403270140461909,0.00292576076404983));
#10889=CARTESIAN_POINT('',(-0.0156,0.0403270140461909,0.00292576076404983));
#10890=CARTESIAN_POINT('',(-0.015,0.0403270140461909,0.00292576076404983));
#10891=VECTOR('',#12029,1.0);
#10892=CARTESIAN_POINT('',(-0.0156,0.0565270665435038,0.00292576076404995));
#10893=CARTESIAN_POINT('',(-0.0156,0.055925959523041,0.00292576076404994));
#10894=VECTOR('',#12030,1.0);
#10895=CARTESIAN_POINT('',(0.0156,0.0565270665435038,0.00292576076404995));
#10896=CARTESIAN_POINT('',(0.015,0.0565270665435038,0.00292576076404995));
#10897=VECTOR('',#12031,1.0);
#10898=CARTESIAN_POINT('',(0.0156,0.0409259090644571,0.00292576076404984));
#10899=VECTOR('',#12032,1.0);
#10900=CARTESIAN_POINT('',(-0.0386,0.0689457617767271,0.00292576076405003));
#10901=CARTESIAN_POINT('',(-0.0386,-0.0270944402486282,0.00292576076404936));
#10902=CARTESIAN_POINT('',(-0.0386,-0.0276743392359505,0.00292576076404936));
#10903=VECTOR('',#12033,1.0);
#10904=CARTESIAN_POINT('',(-0.0380201010126777,-0.0276743392359505,0.00292576076404936));
#10905=CARTESIAN_POINT('',(-0.0376100505063388,-0.0280843897422893,0.00292576076404935));
#10906=VECTOR('',#12034,1.0);
#10907=CARTESIAN_POINT('',(0.0380201010126777,-0.0276743392359505,0.00292576076404936));
#10908=CARTESIAN_POINT('',(0.0386,-0.0276743392359505,0.00292576076404936));
#10909=VECTOR('',#12035,1.0);
#10910=CARTESIAN_POINT('',(0.0386,-0.0270944402486282,0.00292576076404936));
#10911=CARTESIAN_POINT('',(0.0390100505063388,-0.0266843897422893,0.00292576076404936));
#10912=VECTOR('',#12036,1.0);
#10913=CARTESIAN_POINT('',(0.0386,0.0689457617767271,0.00292576076405003));
#10914=CARTESIAN_POINT('',(0.0386,0.0695256607640495,0.00292576076405004));
#10915=VECTOR('',#12037,1.0);
#10916=CARTESIAN_POINT('',(0.0380201010126776,0.0695256607640495,0.00292576076405004));
#10917=CARTESIAN_POINT('',(0.0376100505063388,0.0699357112703883,0.00292576076405004));
#10918=VECTOR('',#12038,1.0);
#10919=CARTESIAN_POINT('',(-0.0380201010126777,0.0695256607640495,0.00292576076405004));
#10920=CARTESIAN_POINT('',(-0.0386,0.0695256607640495,0.00292576076405004));
#10921=VECTOR('',#12039,1.0);
#10922=CARTESIAN_POINT('',(-0.0390100505063388,0.0685357112703883,0.00292576076405003));
#10923=VECTOR('',#12040,1.0);
#10924=CARTESIAN_POINT('',(0.000150016112074123,0.00362122656432933,0.00292576076404958));
#10925=AXIS2_PLACEMENT_3D('',#12041,#12042,#12043);
#10926=CARTESIAN_POINT('',(0.012877938173432,-0.0121066954970285,0.00292576076404946));
#10927=CARTESIAN_POINT('',(0.012877938173432,0.0133491486256872,0.00292576076404964));
#10928=AXIS2_PLACEMENT_3D('',#12044,#12045,#12046);
#10929=CARTESIAN_POINT('',(0.0142921517358051,0.0147633621880603,0.00292576076404965));
#10930=AXIS2_PLACEMENT_3D('',#12047,#12048,#12049);
#10931=CARTESIAN_POINT('',(0.0142921517358051,-0.0135209090594016,0.00292576076404945));
#10932=AXIS2_PLACEMENT_3D('',#12050,#12051,#12052);
#10933=AXIS2_PLACEMENT_3D('',#12053,#12054,#12055);
#10934=CARTESIAN_POINT('',(0.00863529748631268,-0.00786405480990925,0.00292576076404949));
#10935=CARTESIAN_POINT('',(0.0086352974863127,0.0091065079385679,0.00292576076404961));
#10936=AXIS2_PLACEMENT_3D('',#12056,#12057,#12058);
#10937=CARTESIAN_POINT('',(0.0100495110486858,0.010520721500941,0.00292576076404962));
#10938=AXIS2_PLACEMENT_3D('',#12059,#12060,#12061);
#10939=CARTESIAN_POINT('',(0.0100495110486858,-0.00927826837228235,0.00292576076404948));
#10940=AXIS2_PLACEMENT_3D('',#12062,#12063,#12064);
#10941=AXIS2_PLACEMENT_3D('',#12065,#12066,#12067);
#10942=CARTESIAN_POINT('',(0.00509976358037995,-0.00432852090397651,0.00292576076404952));
#10943=CARTESIAN_POINT('',(0.00509976358037996,0.00557097403263516,0.00292576076404959));
#10944=AXIS2_PLACEMENT_3D('',#12068,#12069,#12070);
#10945=CARTESIAN_POINT('',(0.00651397714275305,0.00698518759500826,0.0029257607640496));
#10946=AXIS2_PLACEMENT_3D('',#12071,#12072,#12073);
#10947=CARTESIAN_POINT('',(0.00651397714275304,-0.00574273446634961,0.00292576076404951));
#10948=AXIS2_PLACEMENT_3D('',#12074,#12075,#12076);
#10949=AXIS2_PLACEMENT_3D('',#12077,#12078,#12079);
#10950=CARTESIAN_POINT('',(-0.00479973135623172,-0.00432852090397649,0.00292576076404952));
#10951=CARTESIAN_POINT('',(-0.00621394491860482,-0.00574273446634959,0.00292576076404951));
#10952=AXIS2_PLACEMENT_3D('',#12080,#12081,#12082);
#10953=CARTESIAN_POINT('',(-0.00621394491860478,0.00698518759500828,0.0029257607640496));
#10954=AXIS2_PLACEMENT_3D('',#12083,#12084,#12085);
#10955=CARTESIAN_POINT('',(-0.00479973135623169,0.00557097403263518,0.00292576076404959));
#10956=AXIS2_PLACEMENT_3D('',#12086,#12087,#12088);
#10957=AXIS2_PLACEMENT_3D('',#12089,#12090,#12091);
#10958=CARTESIAN_POINT('',(-0.00833526526216446,-0.00786405480990923,0.00292576076404949));
#10959=CARTESIAN_POINT('',(-0.00974947882453756,-0.00927826837228232,0.00292576076404948));
#10960=AXIS2_PLACEMENT_3D('',#12092,#12093,#12094);
#10961=CARTESIAN_POINT('',(-0.0097494788245375,0.010520721500941,0.00292576076404962));
#10962=AXIS2_PLACEMENT_3D('',#12095,#12096,#12097);
#10963=CARTESIAN_POINT('',(-0.00833526526216441,0.00910650793856793,0.00292576076404961));
#10964=AXIS2_PLACEMENT_3D('',#12098,#12099,#12100);
#10965=AXIS2_PLACEMENT_3D('',#12101,#12102,#12103);
#10966=CARTESIAN_POINT('',(-0.0125779059492838,-0.0121066954970285,0.00292576076404946));
#10967=CARTESIAN_POINT('',(-0.0139921195116568,-0.0135209090594016,0.00292576076404945));
#10968=AXIS2_PLACEMENT_3D('',#12104,#12105,#12106);
#10969=CARTESIAN_POINT('',(-0.0139921195116568,0.0147633621880603,0.00292576076404965));
#10970=AXIS2_PLACEMENT_3D('',#12107,#12108,#12109);
#10971=CARTESIAN_POINT('',(-0.0125779059492837,0.0133491486256872,0.00292576076404964));
#10972=AXIS2_PLACEMENT_3D('',#12110,#12111,#12112);
#10973=AXIS2_PLACEMENT_3D('',#12113,#12114,#12115);
#10974=COLOUR_RGB('',0.501960813999176,1.0,1.0);
#10975=CARTESIAN_POINT('',(0.0386,0.0709256607640495,0.00152576076405002));
#10976=CARTESIAN_POINT('',(0.0385999999999999,0.0709256607640496,-0.0156742392359503));
#10977=CARTESIAN_POINT('',(0.0386,0.0709256607640495,0.00092576076404957));
#10978=VECTOR('',#12116,1.0);
#10979=CARTESIAN_POINT('',(-0.0386000000000001,0.0709256607640496,-0.0156742392359501));
#10980=CARTESIAN_POINT('',(-0.0386000000000001,0.0709256607640496,-0.0156742392359501));
#10981=VECTOR('',#12117,1.0);
#10982=CARTESIAN_POINT('',(-0.0386,0.0709256607640495,0.00152576076405003));
#10983=CARTESIAN_POINT('',(-0.0386,0.0709256607640495,0.000925760764049814));
#10984=VECTOR('',#12118,1.0);
#10985=CARTESIAN_POINT('',(0.0386,0.0709256607640495,0.00152576076405003));
#10986=VECTOR('',#12119,1.0);
#10987=COLOUR_RGB('',0.501960813999176,1.0,1.0);
#10988=CARTESIAN_POINT('',(-0.04,0.0695256607640495,0.00152576076405003));
#10989=CARTESIAN_POINT('',(-0.0400000000000001,0.0695256607640496,-0.0156742392359501));
#10990=CARTESIAN_POINT('',(-0.04,0.0695256607640495,0.000925760764049814));
#10991=VECTOR('',#12120,1.0);
#10992=CARTESIAN_POINT('',(-0.0400000000000001,-0.0276743392359504,-0.0156742392359504));
#10993=CARTESIAN_POINT('',(-0.0400000000000001,-0.0276743392359504,-0.0156742392359504));
#10994=VECTOR('',#12121,1.0);
#10995=CARTESIAN_POINT('',(-0.04,-0.0276743392359505,0.00152576076404935));
#10996=CARTESIAN_POINT('',(-0.04,-0.0276743392359505,0.000925760764049443));
#10997=VECTOR('',#12122,1.0);
#10998=CARTESIAN_POINT('',(-0.04,0.0695256607640495,0.00152576076405003));
#10999=VECTOR('',#12123,1.0);
#11000=COLOUR_RGB('',0.501960813999176,1.0,1.0);
#11001=CARTESIAN_POINT('',(-0.0386000000000001,-0.0290743392359504,-0.0156742392359504));
#11002=CARTESIAN_POINT('',(-0.0386000000000001,-0.0290743392359504,-0.0156742392359504));
#11003=VECTOR('',#12124,1.0);
#11004=CARTESIAN_POINT('',(-0.0386,-0.0290743392359505,0.00152576076404934));
#11005=CARTESIAN_POINT('',(-0.0386,-0.0290743392359505,0.000925760764049434));
#11006=VECTOR('',#12125,1.0);
#11007=CARTESIAN_POINT('',(-0.04,-0.0276743392359505,0.00152576076404935));
#11008=VECTOR('',#12126,1.0);
#11009=COLOUR_RGB('',0.501960813999176,1.0,1.0);
#11010=CARTESIAN_POINT('',(0.0385999999999999,-0.0290743392359504,-0.0156742392359507));
#11011=CARTESIAN_POINT('',(0.0385999999999999,-0.0290743392359504,-0.0156742392359507));
#11012=VECTOR('',#12127,1.0);
#11013=CARTESIAN_POINT('',(0.0386,-0.0290743392359505,0.00152576076404933));
#11014=CARTESIAN_POINT('',(0.0386,-0.0290743392359505,0.000925760764049189));
#11015=VECTOR('',#12128,1.0);
#11016=CARTESIAN_POINT('',(-0.0386,-0.0290743392359505,0.00152576076404934));
#11017=VECTOR('',#12129,1.0);
#11018=COLOUR_RGB('',0.501960813999176,1.0,1.0);
#11019=CARTESIAN_POINT('',(0.0399999999999999,-0.0276743392359504,-0.0156742392359507));
#11020=CARTESIAN_POINT('',(0.0399999999999999,-0.0276743392359505,-0.0156742392359507));
#11021=VECTOR('',#12130,1.0);
#11022=CARTESIAN_POINT('',(0.04,-0.0276743392359505,0.00152576076404934));
#11023=CARTESIAN_POINT('',(0.04,-0.0276743392359505,0.00092576076404919));
#11024=VECTOR('',#12131,1.0);
#11025=CARTESIAN_POINT('',(0.0386,-0.0290743392359505,0.00152576076404933));
#11026=VECTOR('',#12132,1.0);
#11027=COLOUR_RGB('',0.501960813999176,1.0,1.0);
#11028=CARTESIAN_POINT('',(0.0399999999999999,0.0695256607640496,-0.0156742392359503));
#11029=CARTESIAN_POINT('',(0.0399999999999999,0.0695256607640496,-0.0156742392359503));
#11030=VECTOR('',#12133,1.0);
#11031=CARTESIAN_POINT('',(0.04,0.0695256607640495,0.00152576076405001));
#11032=CARTESIAN_POINT('',(0.04,0.0695256607640495,0.000925760764049561));
#11033=VECTOR('',#12134,1.0);
#11034=CARTESIAN_POINT('',(0.04,-0.0276743392359505,0.00152576076404934));
#11035=VECTOR('',#12135,1.0);
#11036=COLOUR_RGB('',0.501960813999176,1.0,1.0);
#11037=CARTESIAN_POINT('',(0.0380201010126776,-0.0276743392359504,-0.0170742392359507));
#11038=CARTESIAN_POINT('',(-0.0380201010126777,-0.0276743392359504,-0.0170742392359504));
#11039=CARTESIAN_POINT('',(-0.0386000000000001,-0.0276743392359504,-0.0170742392359504));
#11040=VECTOR('',#12136,1.0);
#11041=CARTESIAN_POINT('',(-0.0386000000000001,-0.0270944402486281,-0.0170742392359504));
#11042=CARTESIAN_POINT('',(-0.0390100505063389,-0.0266843897422893,-0.0170742392359504));
#11043=VECTOR('',#12137,1.0);
#11044=CARTESIAN_POINT('',(-0.0386000000000001,0.0689457617767272,-0.0170742392359501));
#11045=CARTESIAN_POINT('',(-0.0386000000000001,0.0695256607640496,-0.0170742392359501));
#11046=VECTOR('',#12138,1.0);
#11047=CARTESIAN_POINT('',(-0.0380201010126777,0.0695256607640496,-0.0170742392359501));
#11048=CARTESIAN_POINT('',(-0.0376100505063389,0.0699357112703884,-0.0170742392359501));
#11049=VECTOR('',#12139,1.0);
#11050=CARTESIAN_POINT('',(0.0380201010126776,0.0695256607640496,-0.0170742392359503));
#11051=CARTESIAN_POINT('',(0.0385999999999999,0.0695256607640496,-0.0170742392359503));
#11052=VECTOR('',#12140,1.0);
#11053=CARTESIAN_POINT('',(0.0385999999999999,0.0689457617767272,-0.0170742392359503));
#11054=CARTESIAN_POINT('',(0.0390100505063388,0.0685357112703884,-0.0170742392359503));
#11055=VECTOR('',#12141,1.0);
#11056=CARTESIAN_POINT('',(0.0385999999999999,-0.0270944402486281,-0.0170742392359507));
#11057=CARTESIAN_POINT('',(0.0385999999999999,-0.0276743392359505,-0.0170742392359507));
#11058=VECTOR('',#12142,1.0);
#11059=CARTESIAN_POINT('',(0.0376100505063388,-0.0280843897422893,-0.0170742392359507));
#11060=VECTOR('',#12143,1.0);
#11061=CARTESIAN_POINT('',(0.0365999999999999,0.0685256607640496,-0.0170742392359503));
#11062=CARTESIAN_POINT('',(-0.0366000000000001,0.0685256607640496,-0.0170742392359501));
#11063=CARTESIAN_POINT('',(-5.74095427209984E-17,0.0685256607640496,-0.0170742392359502));
#11064=VECTOR('',#12144,1.0);
#11065=CARTESIAN_POINT('',(-0.0376000000000001,0.0675256607640496,-0.0170742392359501));
#11066=AXIS2_PLACEMENT_3D('',#12145,#12146,#12147);
#11067=CARTESIAN_POINT('',(-0.0376000000000001,-0.0256743392359504,-0.0170742392359504));
#11068=CARTESIAN_POINT('',(-0.0376000000000001,0.000925660764049566,-0.0170742392359503));
#11069=VECTOR('',#12148,1.0);
#11070=CARTESIAN_POINT('',(-0.0366000000000001,-0.0266743392359504,-0.0170742392359504));
#11071=AXIS2_PLACEMENT_3D('',#12149,#12150,#12151);
#11072=CARTESIAN_POINT('',(0.0365999999999999,-0.0266743392359504,-0.0170742392359507));
#11073=CARTESIAN_POINT('',(-5.74095427209995E-17,-0.0266743392359504,-0.0170742392359505));
#11074=VECTOR('',#12152,1.0);
#11075=CARTESIAN_POINT('',(0.0375999999999999,-0.0256743392359504,-0.0170742392359507));
#11076=AXIS2_PLACEMENT_3D('',#12153,#12154,#12155);
#11077=CARTESIAN_POINT('',(0.0375999999999999,0.0675256607640496,-0.0170742392359503));
#11078=CARTESIAN_POINT('',(0.0375999999999999,0.000925660764049566,-0.0170742392359506));
#11079=VECTOR('',#12156,1.0);
#11080=AXIS2_PLACEMENT_3D('',#12157,#12158,#12159);
#11081=COLOUR_RGB('',0.501960813999176,1.0,1.0);
#11082=CARTESIAN_POINT('',(0.0338,0.0115256607640495,-0.00207423923595052));
#11083=AXIS2_PLACEMENT_3D('',#12160,#12161,#12162);
#11084=COLOUR_RGB('',0.501960813999176,1.0,1.0);
#11085=CARTESIAN_POINT('',(0.0338,-0.0242743392359505,-0.00207423923595067));
#11086=AXIS2_PLACEMENT_3D('',#12163,#12164,#12165);
#11087=COLOUR_RGB('',0.501960813999176,1.0,1.0);
#11088=CARTESIAN_POINT('',(0.0338,0.0633256607640495,-0.00207423923595035));
#11089=AXIS2_PLACEMENT_3D('',#12166,#12167,#12168);
#11090=COLOUR_RGB('',0.501960813999176,1.0,1.0);
#11091=CARTESIAN_POINT('',(-0.0338,0.0633256607640495,-0.00207423923595014));
#11092=AXIS2_PLACEMENT_3D('',#12169,#12170,#12171);
#11093=COLOUR_RGB('',0.501960813999176,1.0,1.0);
#11094=CARTESIAN_POINT('',(-0.0338,-0.0242743392359505,-0.00207423923595046));
#11095=AXIS2_PLACEMENT_3D('',#12172,#12173,#12174);
#11096=COLOUR_RGB('',0.501960813999176,1.0,1.0);
#11097=CARTESIAN_POINT('',(-0.0338,0.0115256607640495,-0.00207423923595031));
#11098=AXIS2_PLACEMENT_3D('',#12175,#12176,#12177);
#11099=COLOUR_RGB('',0.501960813999176,1.0,1.0);
#11100=CARTESIAN_POINT('',(-0.0125779059492837,0.0133491486256872,0.000925760764049529));
#11101=VECTOR('',#12178,1.0);
#11102=CARTESIAN_POINT('',(-0.0125779059492838,-0.0121066954970285,0.000925760764049439));
#11103=VECTOR('',#12179,1.0);
#11104=COLOUR_RGB('',0.501960813999176,1.0,1.0);
#11105=CARTESIAN_POINT('',(-0.0139921195116569,-0.0135209090594016,0.000925760764049439));
#11106=VECTOR('',#12180,1.0);
#11107=COLOUR_RGB('',0.501960813999176,1.0,1.0);
#11108=CARTESIAN_POINT('',(-0.0139921195116568,0.0147633621880603,0.000925760764049539));
#11109=VECTOR('',#12181,1.0);
#11110=COLOUR_RGB('',0.501960813999176,1.0,1.0);
#11111=COLOUR_RGB('',0.501960813999176,1.0,1.0);
#11112=CARTESIAN_POINT('',(-0.00833526526216442,0.00910650793856794,0.000925760764049501));
#11113=VECTOR('',#12182,1.0);
#11114=CARTESIAN_POINT('',(-0.00833526526216447,-0.00786405480990922,0.000925760764049441));
#11115=VECTOR('',#12183,1.0);
#11116=COLOUR_RGB('',0.501960813999176,1.0,1.0);
#11117=CARTESIAN_POINT('',(-0.00974947882453756,-0.00927826837228232,0.00092576076404944));
#11118=VECTOR('',#12184,1.0);
#11119=COLOUR_RGB('',0.501960813999176,1.0,1.0);
#11120=CARTESIAN_POINT('',(-0.00974947882453751,0.010520721500941,0.00092576076404951));
#11121=VECTOR('',#12185,1.0);
#11122=COLOUR_RGB('',0.501960813999176,1.0,1.0);
#11123=COLOUR_RGB('',0.501960813999176,1.0,1.0);
#11124=CARTESIAN_POINT('',(-0.0047997313562317,0.00557097403263519,0.000925760764049477));
#11125=VECTOR('',#12186,1.0);
#11126=CARTESIAN_POINT('',(-0.00479973135623172,-0.00432852090397649,0.000925760764049442));
#11127=VECTOR('',#12187,1.0);
#11128=COLOUR_RGB('',0.501960813999176,1.0,1.0);
#11129=CARTESIAN_POINT('',(-0.00621394491860482,-0.00574273446634958,0.000925760764049442));
#11130=VECTOR('',#12188,1.0);
#11131=COLOUR_RGB('',0.501960813999176,1.0,1.0);
#11132=CARTESIAN_POINT('',(-0.00621394491860479,0.00698518759500829,0.000925760764049487));
#11133=VECTOR('',#12189,1.0);
#11134=COLOUR_RGB('',0.501960813999176,1.0,1.0);
#11135=COLOUR_RGB('',0.501960813999176,1.0,1.0);
#11136=CARTESIAN_POINT('',(0.00651397714275303,-0.0057427344663496,0.000925760764049401));
#11137=VECTOR('',#12190,1.0);
#11138=CARTESIAN_POINT('',(0.00509976358037994,-0.0043285209039765,0.000925760764049411));
#11139=VECTOR('',#12191,1.0);
#11140=COLOUR_RGB('',0.501960813999176,1.0,1.0);
#11141=CARTESIAN_POINT('',(0.00509976358037995,0.00557097403263517,0.000925760764049446));
#11142=VECTOR('',#12192,1.0);
#11143=COLOUR_RGB('',0.501960813999176,1.0,1.0);
#11144=CARTESIAN_POINT('',(0.00651397714275305,0.00698518759500827,0.000925760764049446));
#11145=VECTOR('',#12193,1.0);
#11146=COLOUR_RGB('',0.501960813999176,1.0,1.0);
#11147=COLOUR_RGB('',0.501960813999176,1.0,1.0);
#11148=CARTESIAN_POINT('',(0.0100495110486858,-0.00927826837228234,0.000925760764049378));
#11149=VECTOR('',#12194,1.0);
#11150=CARTESIAN_POINT('',(0.00863529748631267,-0.00786405480990924,0.000925760764049387));
#11151=VECTOR('',#12195,1.0);
#11152=COLOUR_RGB('',0.501960813999176,1.0,1.0);
#11153=CARTESIAN_POINT('',(0.00863529748631269,0.00910650793856791,0.000925760764049447));
#11154=VECTOR('',#12196,1.0);
#11155=COLOUR_RGB('',0.501960813999176,1.0,1.0);
#11156=CARTESIAN_POINT('',(0.0100495110486858,0.010520721500941,0.000925760764049447));
#11157=VECTOR('',#12197,1.0);
#11158=COLOUR_RGB('',0.501960813999176,1.0,1.0);
#11159=COLOUR_RGB('',0.501960813999176,1.0,1.0);
#11160=CARTESIAN_POINT('',(0.014292151735805,-0.0135209090594016,0.000925760764049349));
#11161=VECTOR('',#12198,1.0);
#11162=CARTESIAN_POINT('',(0.012877938173432,-0.0121066954970285,0.000925760764049359));
#11163=VECTOR('',#12199,1.0);
#11164=COLOUR_RGB('',0.501960813999176,1.0,1.0);
#11165=CARTESIAN_POINT('',(0.012877938173432,0.0133491486256872,0.000925760764049448));
#11166=VECTOR('',#12200,1.0);
#11167=COLOUR_RGB('',0.501960813999176,1.0,1.0);
#11168=CARTESIAN_POINT('',(0.0142921517358051,0.0147633621880603,0.000925760764049449));
#11169=VECTOR('',#12201,1.0);
#11170=COLOUR_RGB('',0.501960813999176,1.0,1.0);
#11171=COLOUR_RGB('',0.501960813999176,1.0,1.0);
#11172=COLOUR_RGB('',0.501960813999176,1.0,1.0);
#11173=CARTESIAN_POINT('',(0.0338,0.0115256607640495,-0.0150742392359505));
#11174=AXIS2_PLACEMENT_3D('',#12202,#12203,#12204);
#11175=COLOUR_RGB('',0.501960813999176,1.0,1.0);
#11176=CARTESIAN_POINT('',(0.0338,-0.0242743392359505,-0.0150742392359507));
#11177=AXIS2_PLACEMENT_3D('',#12205,#12206,#12207);
#11178=COLOUR_RGB('',0.501960813999176,1.0,1.0);
#11179=CARTESIAN_POINT('',(0.0338,0.0633256607640496,-0.0150742392359504));
#11180=AXIS2_PLACEMENT_3D('',#12208,#12209,#12210);
#11181=COLOUR_RGB('',0.501960813999176,1.0,1.0);
#11182=CARTESIAN_POINT('',(-0.0338,0.0633256607640496,-0.0150742392359501));
#11183=AXIS2_PLACEMENT_3D('',#12211,#12212,#12213);
#11184=COLOUR_RGB('',0.501960813999176,1.0,1.0);
#11185=CARTESIAN_POINT('',(-0.0338000000000001,-0.0242743392359505,-0.0150742392359505));
#11186=AXIS2_PLACEMENT_3D('',#12214,#12215,#12216);
#11187=COLOUR_RGB('',0.501960813999176,1.0,1.0);
#11188=COLOUR_RGB('',0.501960813999176,1.0,1.0);
#11189=CARTESIAN_POINT('',(0.0337999999959968,0.00892566076404954,-0.0150742392359505));
#11190=CARTESIAN_POINT('',(0.0337999999959968,0.0169256607640495,-0.0150742392359505));
#11191=AXIS2_PLACEMENT_3D('',#12217,#12218,#12219);
#11192=CARTESIAN_POINT('',(0.0376,0.0169256607640495,-0.0150742392359505));
#11193=CARTESIAN_POINT('',(0.032,0.0169256607640495,-0.0150742392359505));
#11194=VECTOR('',#12220,1.0);
#11195=CARTESIAN_POINT('',(0.0376,0.00892566076404954,-0.0150742392359505));
#11196=CARTESIAN_POINT('',(0.0376,0.000925660764049559,-0.0150742392359506));
#11197=VECTOR('',#12221,1.0);
#11198=CARTESIAN_POINT('',(0.04,0.00892566076404954,-0.0150742392359505));
#11199=VECTOR('',#12222,1.0);
#11200=COLOUR_RGB('',0.501960813999176,1.0,1.0);
#11201=CARTESIAN_POINT('',(0.0376,-0.0198743392359505,-0.0150742392359507));
#11202=CARTESIAN_POINT('',(0.0376,-0.0256743392359504,-0.0150742392359507));
#11203=CARTESIAN_POINT('',(0.0376,0.000925660764049559,-0.0150742392359506));
#11204=VECTOR('',#12223,1.0);
#11205=CARTESIAN_POINT('',(0.0366,-0.0266743392359504,-0.0150742392359507));
#11206=AXIS2_PLACEMENT_3D('',#12224,#12225,#12226);
#11207=CARTESIAN_POINT('',(0.0308,-0.0266743392359504,-0.0150742392359507));
#11208=CARTESIAN_POINT('',(-5.10812714806362E-17,-0.0266743392359504,-0.0150742392359506));
#11209=VECTOR('',#12227,1.0);
#11210=CARTESIAN_POINT('',(0.0308,-0.0223743392359505,-0.0150742392359507));
#11211=CARTESIAN_POINT('',(0.0308,-0.0290743392359504,-0.0150742392359507));
#11212=VECTOR('',#12228,1.0);
#11213=CARTESIAN_POINT('',(0.0333,-0.0198743392359505,-0.0150742392359507));
#11214=AXIS2_PLACEMENT_3D('',#12229,#12230,#12231);
#11215=CARTESIAN_POINT('',(0.032,-0.0198743392359505,-0.0150742392359506));
#11216=VECTOR('',#12232,1.0);
#11217=COLOUR_RGB('',0.501960813999176,1.0,1.0);
#11218=CARTESIAN_POINT('',(0.0366,0.0685256607640496,-0.0150742392359503));
#11219=CARTESIAN_POINT('',(0.0308,0.0685256607640496,-0.0150742392359503));
#11220=CARTESIAN_POINT('',(-5.1081271480635E-17,0.0685256607640496,-0.0150742392359502));
#11221=VECTOR('',#12233,1.0);
#11222=CARTESIAN_POINT('',(0.0376,0.0675256607640495,-0.0150742392359503));
#11223=AXIS2_PLACEMENT_3D('',#12234,#12235,#12236);
#11224=CARTESIAN_POINT('',(0.0376,0.0617256607640495,-0.0150742392359504));
#11225=CARTESIAN_POINT('',(0.0376,0.000925660764049559,-0.0150742392359506));
#11226=VECTOR('',#12237,1.0);
#11227=CARTESIAN_POINT('',(0.0333,0.0617256607640495,-0.0150742392359504));
#11228=CARTESIAN_POINT('',(0.032,0.0617256607640495,-0.0150742392359504));
#11229=VECTOR('',#12238,1.0);
#11230=CARTESIAN_POINT('',(0.0308,0.0642256607640495,-0.0150742392359503));
#11231=AXIS2_PLACEMENT_3D('',#12239,#12240,#12241);
#11232=CARTESIAN_POINT('',(0.0308,0.0629256607640495,-0.0150742392359503));
#11233=VECTOR('',#12242,1.0);
#11234=COLOUR_RGB('',0.501960813999176,1.0,1.0);
#11235=CARTESIAN_POINT('',(-0.0376000000000001,0.0617256607640495,-0.0150742392359501));
#11236=CARTESIAN_POINT('',(-0.0376000000000001,0.0675256607640496,-0.0150742392359501));
#11237=CARTESIAN_POINT('',(-0.0376000000000001,0.000925660764049559,-0.0150742392359503));
#11238=VECTOR('',#12243,1.0);
#11239=CARTESIAN_POINT('',(-0.0366,0.0685256607640496,-0.0150742392359501));
#11240=AXIS2_PLACEMENT_3D('',#12244,#12245,#12246);
#11241=CARTESIAN_POINT('',(-0.0308,0.0685256607640496,-0.0150742392359501));
#11242=CARTESIAN_POINT('',(-5.1081271480635E-17,0.0685256607640496,-0.0150742392359502));
#11243=VECTOR('',#12247,1.0);
#11244=CARTESIAN_POINT('',(-0.0308,0.0642256607640495,-0.0150742392359501));
#11245=CARTESIAN_POINT('',(-0.0308,0.0629256607640496,-0.0150742392359501));
#11246=VECTOR('',#12248,1.0);
#11247=CARTESIAN_POINT('',(-0.0333,0.0617256607640495,-0.0150742392359501));
#11248=AXIS2_PLACEMENT_3D('',#12249,#12250,#12251);
#11249=CARTESIAN_POINT('',(-0.032,0.0617256607640495,-0.0150742392359502));
#11250=VECTOR('',#12252,1.0);
#11251=COLOUR_RGB('',0.501960813999176,1.0,1.0);
#11252=CARTESIAN_POINT('',(-0.0366,-0.0266743392359504,-0.0150742392359505));
#11253=CARTESIAN_POINT('',(-0.0308000000000001,-0.0266743392359504,-0.0150742392359505));
#11254=CARTESIAN_POINT('',(-5.10812714806362E-17,-0.0266743392359504,-0.0150742392359506));
#11255=VECTOR('',#12253,1.0);
#11256=CARTESIAN_POINT('',(-0.0376000000000001,-0.0256743392359504,-0.0150742392359505));
#11257=AXIS2_PLACEMENT_3D('',#12254,#12255,#12256);
#11258=CARTESIAN_POINT('',(-0.0376000000000001,-0.0198743392359505,-0.0150742392359504));
#11259=CARTESIAN_POINT('',(-0.0376000000000001,0.00892566076404956,-0.0150742392359503));
#11260=VECTOR('',#12257,1.0);
#11261=CARTESIAN_POINT('',(-0.0333000000000001,-0.0198743392359505,-0.0150742392359504));
#11262=CARTESIAN_POINT('',(-5.10812714806361E-17,-0.0198743392359505,-0.0150742392359506));
#11263=VECTOR('',#12258,1.0);
#11264=CARTESIAN_POINT('',(-0.0308000000000001,-0.0223743392359505,-0.0150742392359505));
#11265=AXIS2_PLACEMENT_3D('',#12259,#12260,#12261);
#11266=CARTESIAN_POINT('',(-0.0308000000000001,0.00892566076404956,-0.0150742392359504));
#11267=VECTOR('',#12262,1.0);
#11268=COLOUR_RGB('',0.501960813999176,1.0,1.0);
#11269=CARTESIAN_POINT('',(-0.0308,0.0642256607640495,0.000925760764049749));
#11270=VECTOR('',#12263,1.0);
#11271=CARTESIAN_POINT('',(-0.0333,0.0617256607640495,0.000925760764049748));
#11272=VECTOR('',#12264,1.0);
#11273=COLOUR_RGB('',0.501960813999176,1.0,1.0);
#11274=CARTESIAN_POINT('',(0.0333,0.0617256607640495,0.000925760764049537));
#11275=VECTOR('',#12265,1.0);
#11276=CARTESIAN_POINT('',(0.0308,0.0642256607640495,0.000925760764049554));
#11277=VECTOR('',#12266,1.0);
#11278=COLOUR_RGB('',0.501960813999176,1.0,1.0);
#11279=CARTESIAN_POINT('',(0.0286,0.0463756607640495,-0.00227523923595041));
#11280=AXIS2_PLACEMENT_3D('',#12267,#12268,#12269);
#11281=CARTESIAN_POINT('',(0.025,0.0463756607640495,-0.00227523923595041));
#11282=AXIS2_PLACEMENT_3D('',#12270,#12271,#12272);
#11283=COLOUR_RGB('',0.501960813999176,1.0,1.0);
#11284=COLOUR_RGB('',0.501960813999176,1.0,1.0);
#11285=CARTESIAN_POINT('',(-0.0314,0.0463756607640495,-0.00227523923595041));
#11286=AXIS2_PLACEMENT_3D('',#12273,#12274,#12275);
#11287=CARTESIAN_POINT('',(-0.035,0.0463756607640495,-0.00227523923595041));
#11288=AXIS2_PLACEMENT_3D('',#12276,#12277,#12278);
#11289=COLOUR_RGB('',0.501960813999176,1.0,1.0);
#11290=COLOUR_RGB('',0.501960813999176,1.0,1.0);
#11291=CARTESIAN_POINT('',(0.0286,0.0463756607640495,0.00192576076404965));
#11292=AXIS2_PLACEMENT_3D('',#12279,#12280,#12281);
#11293=COLOUR_RGB('',0.501960813999176,1.0,1.0);
#11294=COLOUR_RGB('',0.501960813999176,1.0,1.0);
#11295=CARTESIAN_POINT('',(-0.0314,0.0463756607640495,0.00192576076404965));
#11296=AXIS2_PLACEMENT_3D('',#12282,#12283,#12284);
#11297=COLOUR_RGB('',0.501960813999176,1.0,1.0);
#11298=COLOUR_RGB('',0.501960813999176,1.0,1.0);
#11299=CARTESIAN_POINT('',(-0.0400000000000001,0.0695256607640496,-0.0156742392359501));
#11300=VECTOR('',#12285,1.0);
#11301=CARTESIAN_POINT('',(-0.0386,0.0709256607640495,0.00152576076405004));
#11302=VECTOR('',#12286,1.0);
#11303=COLOUR_RGB('',0.501960813999176,1.0,1.0);
#11304=CARTESIAN_POINT('',(0.0385999999999999,0.0709256607640496,-0.0156742392359503));
#11305=VECTOR('',#12287,1.0);
#11306=CARTESIAN_POINT('',(0.04,0.0695256607640495,0.00152576076405001));
#11307=VECTOR('',#12288,1.0);
#11308=COLOUR_RGB('',0.501960813999176,1.0,1.0);
#11309=CARTESIAN_POINT('',(-0.0405036015593902,-0.0278829378318822,0.00102215920465916));
#11310=VECTOR('',#12289,1.0);
#11311=CARTESIAN_POINT('',(-0.0318558441227153,-0.0127925066502522,0.0178075933497478));
#11312=VECTOR('',#12290,1.0);
#11313=COLOUR_RGB('',0.501960813999176,1.0,1.0);
#11314=CARTESIAN_POINT('',(0.0384346434921697,-0.0286751333121199,0.00192496668787996));
#11315=VECTOR('',#12291,1.0);
#11316=COLOUR_RGB('',0.501960813999176,1.0,1.0);
#11317=CARTESIAN_POINT('',(0.0405036015593901,-0.0278829378318821,0.00102215920465923));
#11318=VECTOR('',#12292,1.0);
#11319=COLOUR_RGB('',0.501960813999176,1.0,1.0);
#11320=CARTESIAN_POINT('',(0.0530884012456601,0.074947054069783,-0.0115626404816101));
#11321=VECTOR('',#12293,1.0);
#11322=COLOUR_RGB('',0.501960813999176,1.0,1.0);
#11323=CARTESIAN_POINT('',(0.0319540137084358,0.0548808305236095,0.0175705910044899));
#11324=VECTOR('',#12294,1.0);
#11325=COLOUR_RGB('',0.501960813999176,1.0,1.0);
#11326=CARTESIAN_POINT('',(-0.0318558441227155,0.0546438281783512,0.0178075933497481));
#11327=VECTOR('',#12295,1.0);
#11328=COLOUR_RGB('',0.501960813999176,1.0,1.0);
#11329=CARTESIAN_POINT('',(-0.0422983155100675,0.0704776542189319,-0.000772554746017442));
#11330=VECTOR('',#12296,1.0);
#11331=COLOUR_RGB('',0.501960813999176,1.0,1.0);
#11332=COLOUR_RGB('',0.501960813999176,1.0,1.0);
#11333=CARTESIAN_POINT('',(-0.0227186325733523,-0.02051616247148,-0.0329556066625983));
#11334=VECTOR('',#12297,1.0);
#11335=CARTESIAN_POINT('',(-0.038710612002983,-0.0293413802337132,-0.0154071982381877));
#11336=VECTOR('',#12298,1.0);
#11337=COLOUR_RGB('',0.501960813999176,1.0,1.0);
#11338=CARTESIAN_POINT('',(0.0385999999999999,-0.0290743392359504,-0.0156742392359507));
#11339=VECTOR('',#12299,1.0);
#11340=COLOUR_RGB('',0.501960813999176,1.0,1.0);
#11341=CARTESIAN_POINT('',(0.0417929895564071,-0.0284170198274076,-0.0138812496795436));
#11342=VECTOR('',#12300,1.0);
#11343=COLOUR_RGB('',0.501960813999176,1.0,1.0);
#11344=CARTESIAN_POINT('',(0.0425680676534574,0.0705893892152032,-0.0131061715824929));
#11345=VECTOR('',#12301,1.0);
#11346=COLOUR_RGB('',0.501960813999176,1.0,1.0);
#11347=CARTESIAN_POINT('',(0.0363116785630154,0.0654011641158124,-0.0211987358841875));
#11348=VECTOR('',#12302,1.0);
#11349=COLOUR_RGB('',0.501960813999176,1.0,1.0);
#11350=CARTESIAN_POINT('',(-0.0323899261182414,0.0559332161753687,-0.030666683824631));
#11351=VECTOR('',#12303,1.0);
#11352=COLOUR_RGB('',0.501960813999176,1.0,1.0);
#11353=CARTESIAN_POINT('',(-0.0425680676534574,0.0705893892152032,-0.0131061715824927));
#11354=VECTOR('',#12304,1.0);
#11355=COLOUR_RGB('',0.501960813999176,1.0,1.0);
#11356=COLOUR_RGB('',0.501960813999176,1.0,1.0);
#11357=CARTESIAN_POINT('',(-0.0175,0.0606256607640495,0.00192576076404961));
#11358=AXIS2_PLACEMENT_3D('',#12305,#12306,#12307);
#11359=CARTESIAN_POINT('',(0.0129,0.0606256607640495,0.00192576076404961));
#11360=AXIS2_PLACEMENT_3D('',#12308,#12309,#12310);
#11361=CARTESIAN_POINT('',(-0.0175,0.0319997007966495,0.00192576076404961));
#11362=AXIS2_PLACEMENT_3D('',#12311,#12312,#12313);
#11363=CARTESIAN_POINT('',(0.0129,0.0319997007966495,0.00192576076404961));
#11364=AXIS2_PLACEMENT_3D('',#12314,#12315,#12316);
#11365=CARTESIAN_POINT('',(0.0185,0.0619256607640495,0.00192576076404961));
#11366=CARTESIAN_POINT('',(0.0185,0.0309256607640495,0.00192576076404961));
#11367=CARTESIAN_POINT('',(0.0185,0.0304256607640495,0.00192576076404961));
#11368=VECTOR('',#12317,1.0);
#11369=CARTESIAN_POINT('',(0.0165,0.0289256607640495,0.00192576076404961));
#11370=AXIS2_PLACEMENT_3D('',#12318,#12319,#12320);
#11371=CARTESIAN_POINT('',(-0.0165,0.0289256607640495,0.00192576076404961));
#11372=CARTESIAN_POINT('',(-0.0185,0.0289256607640495,0.00192576076404961));
#11373=VECTOR('',#12321,1.0);
#11374=CARTESIAN_POINT('',(-0.0185,0.0309256607640495,0.00192576076404961));
#11375=AXIS2_PLACEMENT_3D('',#12322,#12323,#12324);
#11376=CARTESIAN_POINT('',(-0.0185,0.0619256607640495,0.00192576076404961));
#11377=CARTESIAN_POINT('',(-0.0185,0.0639256607640495,0.00192576076404961));
#11378=VECTOR('',#12325,1.0);
#11379=CARTESIAN_POINT('',(-0.0165,0.0639256607640495,0.00192576076404961));
#11380=AXIS2_PLACEMENT_3D('',#12326,#12327,#12328);
#11381=CARTESIAN_POINT('',(0.0165,0.0639256607640495,0.00192576076404961));
#11382=CARTESIAN_POINT('',(0.0185,0.0639256607640495,0.00192576076404961));
#11383=VECTOR('',#12329,1.0);
#11384=AXIS2_PLACEMENT_3D('',#12330,#12331,#12332);
#11385=COLOUR_RGB('',0.501960813999176,1.0,1.0);
#11386=CARTESIAN_POINT('',(-0.0185,0.0309256607640495,0.000925760764049603));
#11387=VECTOR('',#12333,1.0);
#11388=CARTESIAN_POINT('',(-0.0185,0.0619256607640495,0.00212576076404961));
#11389=VECTOR('',#12334,1.0);
#11390=COLOUR_RGB('',0.501960813999176,1.0,1.0);
#11391=CARTESIAN_POINT('',(0.0165,0.0639256607640495,0.00212576076404961));
#11392=VECTOR('',#12335,1.0);
#11393=CARTESIAN_POINT('',(-0.0165,0.0639256607640495,0.000925760764049726));
#11394=VECTOR('',#12336,1.0);
#11395=COLOUR_RGB('',0.501960813999176,1.0,1.0);
#11396=CARTESIAN_POINT('',(0.0185,0.0309256607640495,0.00212576076404961));
#11397=VECTOR('',#12337,1.0);
#11398=CARTESIAN_POINT('',(0.0185,0.0619256607640495,0.000925760764049609));
#11399=VECTOR('',#12338,1.0);
#11400=COLOUR_RGB('',0.501960813999176,1.0,1.0);
#11401=CARTESIAN_POINT('',(0.0165,0.0289256607640495,0.000925760764049486));
#11402=VECTOR('',#12339,1.0);
#11403=CARTESIAN_POINT('',(-0.0165,0.0289256607640495,0.00212576076404961));
#11404=VECTOR('',#12340,1.0);
#11405=COLOUR_RGB('',0.501960813999176,1.0,1.0);
#11406=CARTESIAN_POINT('',(0.0138,0.0319997007966495,-0.00437523923595041));
#11407=AXIS2_PLACEMENT_3D('',#12341,#12342,#12343);
#11408=COLOUR_RGB('',0.501960813999176,1.0,1.0);
#11409=CARTESIAN_POINT('',(0.0152,0.0296997007966495,0.000424760764049494));
#11410=AXIS2_PLACEMENT_3D('',#12344,#12345,#12346);
#11411=CARTESIAN_POINT('',(0.0152,0.0305997007966495,0.000424760764049497));
#11412=AXIS2_PLACEMENT_3D('',#12347,#12348,#12349);
#11413=COLOUR_RGB('',0.501960813999176,1.0,1.0);
#11414=COLOUR_RGB('',0.501960813999176,1.0,1.0);
#11415=COLOUR_RGB('',0.501960813999176,1.0,1.0);
#11416=CARTESIAN_POINT('',(-0.0166,0.0319997007966495,-0.00437523923595041));
#11417=AXIS2_PLACEMENT_3D('',#12350,#12351,#12352);
#11418=COLOUR_RGB('',0.501960813999176,1.0,1.0);
#11419=CARTESIAN_POINT('',(-0.0152,0.0296997007966495,0.00042476076404959));
#11420=AXIS2_PLACEMENT_3D('',#12353,#12354,#12355);
#11421=CARTESIAN_POINT('',(-0.0152,0.0305997007966495,0.000424760764049594));
#11422=AXIS2_PLACEMENT_3D('',#12356,#12357,#12358);
#11423=COLOUR_RGB('',0.501960813999176,1.0,1.0);
#11424=COLOUR_RGB('',0.501960813999176,1.0,1.0);
#11425=COLOUR_RGB('',0.501960813999176,1.0,1.0);
#11426=CARTESIAN_POINT('',(0.0138,0.0606256607640495,-0.00437523923595041));
#11427=AXIS2_PLACEMENT_3D('',#12359,#12360,#12361);
#11428=COLOUR_RGB('',0.501960813999176,1.0,1.0);
#11429=CARTESIAN_POINT('',(0.0152,0.0583256607640495,0.000424760764049595));
#11430=AXIS2_PLACEMENT_3D('',#12362,#12363,#12364);
#11431=CARTESIAN_POINT('',(0.0152,0.0592256607640495,0.000424760764049599));
#11432=AXIS2_PLACEMENT_3D('',#12365,#12366,#12367);
#11433=COLOUR_RGB('',0.501960813999176,1.0,1.0);
#11434=COLOUR_RGB('',0.501960813999176,1.0,1.0);
#11435=COLOUR_RGB('',0.501960813999176,1.0,1.0);
#11436=CARTESIAN_POINT('',(-0.0166,0.0606256607640495,-0.00437523923595041));
#11437=AXIS2_PLACEMENT_3D('',#12368,#12369,#12370);
#11438=COLOUR_RGB('',0.501960813999176,1.0,1.0);
#11439=CARTESIAN_POINT('',(-0.0152,0.0583256607640495,0.000424760764049691));
#11440=AXIS2_PLACEMENT_3D('',#12371,#12372,#12373);
#11441=CARTESIAN_POINT('',(-0.0152,0.0592256607640495,0.000424760764049695));
#11442=AXIS2_PLACEMENT_3D('',#12374,#12375,#12376);
#11443=COLOUR_RGB('',0.501960813999176,1.0,1.0);
#11444=COLOUR_RGB('',0.501960813999176,1.0,1.0);
#11445=COLOUR_RGB('',0.501960813999176,1.0,1.0);
#11446=COLOUR_RGB('',0.501960813999176,1.0,1.0);
#11447=COLOUR_RGB('',0.501960813999176,1.0,1.0);
#11448=COLOUR_RGB('',0.501960813999176,1.0,1.0);
#11449=COLOUR_RGB('',0.501960813999176,1.0,1.0);
#11450=COLOUR_RGB('',0.501960813999176,1.0,1.0);
#11451=CARTESIAN_POINT('',(0.0155812564492206,0.0254032346256381,-0.028255495685171));
#11452=VECTOR('',#12377,1.0);
#11453=CARTESIAN_POINT('',(-0.0414162699131086,0.0144631122346385,0.0287420306771583));
#11454=VECTOR('',#12378,1.0);
#11455=COLOUR_RGB('',0.501960813999176,1.0,1.0);
#11456=CARTESIAN_POINT('',(-0.0155812564492207,0.0254032346256382,-0.0282554956851709));
#11457=VECTOR('',#12379,1.0);
#11458=COLOUR_RGB('',0.501960813999176,1.0,1.0);
#11459=CARTESIAN_POINT('',(0.0237233322323094,0.0321886939888697,0.0110490929963592));
#11460=VECTOR('',#12380,1.0);
#11461=COLOUR_RGB('',0.501960813999176,1.0,1.0);
#11462=COLOUR_RGB('',0.501960813999176,1.0,1.0);
#11463=CARTESIAN_POINT('',(-0.0376000000000001,-0.0256743392359504,-0.0170742392359504));
#11464=VECTOR('',#12381,1.0);
#11465=CARTESIAN_POINT('',(-0.0366,-0.0266743392359504,-0.0150742392359505));
#11466=VECTOR('',#12382,1.0);
#11467=COLOUR_RGB('',0.501960813999176,1.0,1.0);
#11468=CARTESIAN_POINT('',(0.0365999999999999,-0.0266743392359504,-0.0170742392359507));
#11469=VECTOR('',#12383,1.0);
#11470=CARTESIAN_POINT('',(0.0376,-0.0256743392359504,-0.0150742392359507));
#11471=VECTOR('',#12384,1.0);
#11472=COLOUR_RGB('',0.501960813999176,1.0,1.0);
#11473=CARTESIAN_POINT('',(-0.0366000000000001,0.0685256607640496,-0.0170742392359501));
#11474=VECTOR('',#12385,1.0);
#11475=CARTESIAN_POINT('',(-0.0376000000000001,0.0675256607640496,-0.0150742392359501));
#11476=VECTOR('',#12386,1.0);
#11477=COLOUR_RGB('',0.501960813999176,1.0,1.0);
#11478=CARTESIAN_POINT('',(0.0375999999999999,0.0675256607640496,-0.0170742392359503));
#11479=VECTOR('',#12387,1.0);
#11480=CARTESIAN_POINT('',(0.0366,0.0685256607640496,-0.0150742392359503));
#11481=VECTOR('',#12388,1.0);
#11482=COLOUR_RGB('',0.501960813999176,1.0,1.0);
#11483=CARTESIAN_POINT('',(-0.0308,-0.0266743392359505,0.000925760764049417));
#11484=VECTOR('',#12389,1.0);
#11485=CARTESIAN_POINT('',(0.0308,-0.0266743392359505,0.00792576076404933));
#11486=VECTOR('',#12390,1.0);
#11487=COLOUR_RGB('',0.501960813999176,1.0,1.0);
#11488=CARTESIAN_POINT('',(0.0308,-0.0223743392359505,0.000925760764049238));
#11489=VECTOR('',#12391,1.0);
#11490=COLOUR_RGB('',0.501960813999176,1.0,1.0);
#11491=CARTESIAN_POINT('',(0.0333,-0.0198743392359505,0.000925760764049239));
#11492=VECTOR('',#12392,1.0);
#11493=CARTESIAN_POINT('',(0.0376,-0.0198743392359505,0.000925760764049225));
#11494=VECTOR('',#12393,1.0);
#11495=COLOUR_RGB('',0.501960813999176,1.0,1.0);
#11496=CARTESIAN_POINT('',(-0.0376,-0.0198743392359505,0.00792576076404957));
#11497=VECTOR('',#12394,1.0);
#11498=CARTESIAN_POINT('',(-0.0333,-0.0198743392359505,0.000925760764049449));
#11499=VECTOR('',#12395,1.0);
#11500=COLOUR_RGB('',0.501960813999176,1.0,1.0);
#11501=CARTESIAN_POINT('',(-0.0308,-0.0223743392359505,0.000925760764049433));
#11502=VECTOR('',#12396,1.0);
#11503=COLOUR_RGB('',0.501960813999176,1.0,1.0);
#11504=COLOUR_RGB('',0.501960813999176,1.0,1.0);
#11505=COLOUR_RGB('',0.501960813999176,1.0,1.0);
#11506=CARTESIAN_POINT('',(0.0376,0.00892566076404948,0.000925760764049355));
#11507=VECTOR('',#12397,1.0);
#11508=CARTESIAN_POINT('',(0.0337999999959968,0.00892566076404948,0.000925760764049367));
#11509=VECTOR('',#12398,1.0);
#11510=COLOUR_RGB('',0.501960813999176,1.0,1.0);
#11511=CARTESIAN_POINT('',(0.0337999999959968,0.0169256607640495,0.000925760764049395));
#11512=VECTOR('',#12399,1.0);
#11513=CARTESIAN_POINT('',(0.0376,0.0169256607640495,0.000925760764049383));
#11514=VECTOR('',#12400,1.0);
#11515=COLOUR_RGB('',0.501960813999176,1.0,1.0);
#11516=CARTESIAN_POINT('',(-0.0376,0.00892566076404948,0.000925760764049593));
#11517=VECTOR('',#12401,1.0);
#11518=COLOUR_RGB('',0.501960813999176,1.0,1.0);
#11519=CARTESIAN_POINT('',(-0.0376,0.0169256607640495,0.000925760764049621));
#11520=VECTOR('',#12402,1.0);
#11521=COLOUR_RGB('',0.501960813999176,1.0,1.0);
#11522=CARTESIAN_POINT('',(0.0376,0.0617256607640495,0.00792576076404963));
#11523=VECTOR('',#12403,1.0);
#11524=COLOUR_RGB('',0.501960813999176,1.0,1.0);
#11525=COLOUR_RGB('',0.501960813999176,1.0,1.0);
#11526=CARTESIAN_POINT('',(-0.0376,0.0617256607640495,0.000925760764049762));
#11527=VECTOR('',#12404,1.0);
#11528=COLOUR_RGB('',0.501960813999176,1.0,1.0);
#11529=COLOUR_RGB('',0.501960813999176,1.0,1.0);
#11530=CARTESIAN_POINT('',(0.0308,0.0685256607640495,0.000925760764049586));
#11531=VECTOR('',#12405,1.0);
#11532=CARTESIAN_POINT('',(-0.0308,0.0685256607640495,0.00792576076404988));
#11533=VECTOR('',#12406,1.0);
#11534=COLOUR_RGB('',0.501960813999176,1.0,1.0);
#11535=COLOUR_RGB('',0.501960813999176,1.0,1.0);
#11536=COLOUR_RGB('',0.501960813999176,1.0,1.0);
#11537=DIRECTION('',(3.1641356201817E-15,-3.52495810318487E-15,1.0));
#11538=DIRECTION('',(3.1641356201817E-15,-3.52495810318487E-15,1.0));
#11539=DIRECTION('',(3.1641356201817E-15,-3.52495810318487E-15,1.0));
#11540=DIRECTION('',(3.1641356201817E-15,-3.52495810318487E-15,1.0));
#11541=DIRECTION('',(3.1641356201817E-15,-3.52495810318487E-15,1.0));
#11542=DIRECTION('',(3.1641356201817E-15,-3.52495810318487E-15,1.0));
#11543=DIRECTION('',(3.1641356201817E-15,-3.52495810318487E-15,1.0));
#11544=DIRECTION('',(3.1641356201817E-15,-3.52495810318487E-15,1.0));
#11545=DIRECTION('',(3.1641356201817E-15,-3.52495810318487E-15,1.0));
#11546=DIRECTION('',(3.1641356201817E-15,-3.52495810318487E-15,1.0));
#11547=DIRECTION('',(3.1641356201817E-15,-3.52495810318487E-15,1.0));
#11548=DIRECTION('',(3.1641356201817E-15,-3.52495810318487E-15,1.0));
#11549=DIRECTION('',(3.1641356201817E-15,-3.52495810318487E-15,1.0));
#11550=DIRECTION('',(3.1641356201817E-15,-3.52495810318487E-15,1.0));
#11551=DIRECTION('',(2.23142095216594E-29,-1.0,3.52495810318488E-15));
#11552=DIRECTION('',(3.1641356201817E-15,3.16413562018171E-15,1.0));
#11553=DIRECTION('',(-7.3185337886715E-33,1.0,3.52495810318487E-15));
#11554=DIRECTION('',(-2.74022182809657E-15,-0.500000000000004,-0.866025403784436));
#11555=DIRECTION('',(-3.49148336110938E-15,1.0,0.0));
#11556=DIRECTION('',(3.1641356201817E-15,-3.52495810318487E-15,1.0));
#11557=DIRECTION('',(-7.3185337886715E-33,1.0,3.52495810318487E-15));
#11558=DIRECTION('',(-3.1641356201817E-15,3.52495810318487E-15,-1.0));
#11559=DIRECTION('',(-5.30593699678697E-32,1.0,3.52495810318487E-15));
#11560=DIRECTION('',(3.1641356201817E-15,3.16413562018171E-15,1.0));
#11561=DIRECTION('',(5.30593699678697E-32,-1.0,-3.52495810318487E-15));
#11562=DIRECTION('',(-2.74022182809658E-15,0.500000000000004,-0.866025403784436));
#11563=DIRECTION('',(3.1641356201817E-15,3.16413562018171E-15,1.0));
#11564=DIRECTION('',(-2.23599503578386E-29,1.0,-3.52495810318488E-15));
#11565=DIRECTION('',(-2.74022182809657E-15,-0.500000000000004,-0.866025403784436));
#11566=DIRECTION('',(5.30593699678697E-32,-1.0,-3.52495810318487E-15));
#11567=CARTESIAN_POINT('',(0.0182500000000001,-0.0161743392359504,-0.107877147636187));
#11568=DIRECTION('',(-3.1641356201817E-15,3.52495810318487E-15,-1.0));
#11569=DIRECTION('',(0.0,1.0,3.52495810318487E-15));
#11570=DIRECTION('',(3.52495810318488E-15,-3.52495810318487E-15,1.0));
#11571=CARTESIAN_POINT('',(0.0182500000000001,-0.0161743392359504,-0.103674239235951));
#11572=DIRECTION('',(-3.1641356201817E-15,3.52495810318487E-15,-1.0));
#11573=DIRECTION('',(0.0,1.0,3.52495810318487E-15));
#11574=DIRECTION('',(3.52495810318488E-15,-3.52495810318487E-15,1.0));
#11575=CARTESIAN_POINT('',(0.0182499999999999,0.0180256607640495,-0.107877147636187));
#11576=DIRECTION('',(3.16413562018169E-15,-3.52495810318488E-15,-1.0));
#11577=DIRECTION('',(0.0,1.0,-3.52495810318488E-15));
#11578=DIRECTION('',(3.52495810318486E-15,3.52495810318486E-15,1.0));
#11579=CARTESIAN_POINT('',(0.01825,0.0180256607640495,-0.103674239235951));
#11580=DIRECTION('',(-3.1641356201817E-15,3.52495810318487E-15,-1.0));
#11581=DIRECTION('',(0.0,1.0,3.52495810318487E-15));
#11582=DIRECTION('',(3.52495810318486E-15,3.52495810318486E-15,1.0));
#11583=CARTESIAN_POINT('',(-0.01825,-0.0161743392359504,-0.107877147636187));
#11584=DIRECTION('',(-3.1641356201817E-15,3.52495810318487E-15,-1.0));
#11585=DIRECTION('',(0.0,1.0,3.52495810318487E-15));
#11586=DIRECTION('',(-3.52495810318487E-15,-3.52495810318487E-15,1.0));
#11587=CARTESIAN_POINT('',(-0.01825,-0.0161743392359504,-0.103674239235951));
#11588=DIRECTION('',(-3.1641356201817E-15,3.52495810318487E-15,-1.0));
#11589=DIRECTION('',(0.0,1.0,3.52495810318487E-15));
#11590=DIRECTION('',(-3.52495810318487E-15,-3.52495810318487E-15,1.0));
#11591=CARTESIAN_POINT('',(-0.01825,0.0180256607640496,-0.107877147636187));
#11592=DIRECTION('',(3.16413562018169E-15,-3.52495810318488E-15,-1.0));
#11593=DIRECTION('',(0.0,1.0,-3.52495810318488E-15));
#11594=DIRECTION('',(-3.52495810318487E-15,3.52495810318488E-15,1.0));
#11595=CARTESIAN_POINT('',(-0.01825,0.0180256607640496,-0.10367423923595));
#11596=DIRECTION('',(-3.1641356201817E-15,3.52495810318487E-15,-1.0));
#11597=DIRECTION('',(0.0,1.0,3.52495810318487E-15));
#11598=DIRECTION('',(-3.52495810318487E-15,3.52495810318488E-15,1.0));
#11599=DIRECTION('',(9.82620871645668E-17,-3.52495810318487E-15,1.0));
#11600=DIRECTION('',(4.5820363751131E-17,-1.0,-3.52495810318487E-15));
#11601=DIRECTION('',(-1.08007645588961E-16,0.500000000000004,-0.866025403784436));
#11602=DIRECTION('',(-4.5820363751131E-17,1.0,3.52495810318487E-15));
#11603=DIRECTION('',(-1.08007645588961E-16,0.5,-0.866025403784439));
#11604=DIRECTION('',(4.5820363751131E-17,-1.0,-3.56988637447974E-15));
#11605=DIRECTION('',(0.0,-3.52495810318487E-15,1.0));
#11606=DIRECTION('',(0.0,-1.0,-3.52495810318487E-15));
#11607=DIRECTION('',(0.0,0.500000000000004,-0.866025403784436));
#11608=DIRECTION('',(-0.0,1.0,3.52495810318487E-15));
#11609=DIRECTION('',(0.0,0.5,-0.866025403784439));
#11610=DIRECTION('',(0.0,-1.0,-3.56988637447974E-15));
#11611=DIRECTION('',(-2.98372437868011E-15,-1.0,-3.52495810318487E-15));
#11612=DIRECTION('',(-1.49186218934005E-15,-0.5,-0.866025403784439));
#11613=DIRECTION('',(2.98372437868011E-15,1.0,-3.56988637447974E-15));
#11614=DIRECTION('',(1.05175034262987E-29,3.52495810318487E-15,1.0));
#11615=DIRECTION('',(2.98372437868011E-15,1.0,-3.52495810318487E-15));
#11616=DIRECTION('',(-1.49186218934007E-15,-0.500000000000004,-0.866025403784436));
#11617=DIRECTION('',(-2.93862156830471E-15,-1.0,-3.52495810318487E-15));
#11618=DIRECTION('',(-1.38421332043896E-15,-0.5,-0.866025403784439));
#11619=DIRECTION('',(2.93862156830471E-15,1.0,-3.56988637447974E-15));
#11620=DIRECTION('',(-9.82620871645562E-17,3.52495810318487E-15,1.0));
#11621=DIRECTION('',(2.93862156830471E-15,1.0,-3.52495810318487E-15));
#11622=DIRECTION('',(-1.38421332043897E-15,-0.500000000000004,-0.866025403784436));
#11623=DIRECTION('',(3.52495810318487E-15,1.23073325658777E-29,1.0));
#11624=DIRECTION('',(1.0,3.49148336110938E-15,3.16413562018167E-15));
#11625=DIRECTION('',(-0.500000000000004,-1.74574168055471E-15,-0.866025403784436));
#11626=DIRECTION('',(-1.0,-3.49148336110938E-15,-1.23073325658777E-29));
#11627=DIRECTION('',(-0.5,-1.74574168055469E-15,-0.866025403784439));
#11628=DIRECTION('',(1.0,3.49148336110938E-15,-3.56988637447974E-15));
#11629=DIRECTION('',(3.52495810318487E-15,9.82620871645791E-17,1.0));
#11630=DIRECTION('',(1.0,3.53730372486051E-15,-3.52495810318487E-15));
#11631=DIRECTION('',(-0.500000000000004,-1.85374932614367E-15,-0.866025403784436));
#11632=DIRECTION('',(-1.0,-3.53730372486051E-15,-1.24688474283731E-29));
#11633=DIRECTION('',(-0.5,-1.85374932614365E-15,-0.866025403784439));
#11634=DIRECTION('',(1.0,3.53730372486051E-15,-3.56988637447974E-15));
#11635=DIRECTION('',(1.0,5.52861792804671E-16,1.94881465648814E-30));
#11636=DIRECTION('',(0.5,3.61528360115731E-16,-0.866025403784439));
#11637=DIRECTION('',(-1.0,-5.5286179280467E-16,-3.56988637447974E-15));
#11638=DIRECTION('',(-3.52495810318487E-15,-9.82620871645685E-17,1.0));
#11639=DIRECTION('',(-1.0,-5.5286179280467E-16,-3.52495810318487E-15));
#11640=DIRECTION('',(0.500000000000004,3.61528360115733E-16,-0.866025403784436));
#11641=DIRECTION('',(1.0,5.07758982429274E-16,1.78982913957897E-30));
#11642=DIRECTION('',(0.5,2.53879491214637E-16,-0.866025403784439));
#11643=DIRECTION('',(-1.0,-5.07758982429274E-16,-3.56988637447974E-15));
#11644=DIRECTION('',(-3.52495810318487E-15,-1.78982913957897E-30,1.0));
#11645=DIRECTION('',(-1.0,-5.07758982429274E-16,3.16413562018169E-15));
#11646=DIRECTION('',(0.500000000000004,2.53879491214639E-16,-0.866025403784436));
#11647=CARTESIAN_POINT('',(0.0193499999999999,-0.0172743392359504,-0.0976742392359507));
#11648=DIRECTION('',(-3.1641356201817E-15,3.52495810318487E-15,-1.0));
#11649=DIRECTION('',(0.0,1.0,3.52495810318487E-15));
#11650=DIRECTION('',(-3.1641356201817E-15,3.52495810318487E-15,-1.0));
#11651=CARTESIAN_POINT('',(0.0193499999999999,-0.0172743392359504,-0.0990742392359505));
#11652=DIRECTION('',(0.0,-3.52495810318487E-15,1.0));
#11653=DIRECTION('',(0.0,-1.0,-3.52495810318487E-15));
#11654=DIRECTION('',(-3.1641356201817E-15,3.52495810318487E-15,-1.0));
#11655=CARTESIAN_POINT('',(-0.0194499999999999,-0.0172743392359504,-0.0990742392359505));
#11656=DIRECTION('',(0.0,-3.52495810318487E-15,1.0));
#11657=DIRECTION('',(0.0,-1.0,-3.52495810318487E-15));
#11658=DIRECTION('',(3.1641356201817E-15,-3.52495810318487E-15,1.0));
#11659=CARTESIAN_POINT('',(-0.0194499999999999,-0.0172743392359504,-0.0976742392359506));
#11660=DIRECTION('',(-3.1641356201817E-15,3.52495810318487E-15,-1.0));
#11661=DIRECTION('',(0.0,1.0,3.52495810318487E-15));
#11662=CARTESIAN_POINT('',(-0.0194499999999999,0.0192256607640496,-0.0976742392359504));
#11663=DIRECTION('',(-3.1641356201817E-15,3.52495810318487E-15,-1.0));
#11664=DIRECTION('',(0.0,1.0,3.52495810318487E-15));
#11665=DIRECTION('',(-3.1641356201817E-15,3.52495810318487E-15,-1.0));
#11666=CARTESIAN_POINT('',(-0.0194499999999999,0.0192256607640496,-0.0990742392359504));
#11667=DIRECTION('',(0.0,-3.52495810318487E-15,1.0));
#11668=DIRECTION('',(0.0,-1.0,-3.52495810318487E-15));
#11669=CARTESIAN_POINT('',(0.0193499999999999,0.0192256607640496,-0.0990742392359504));
#11670=DIRECTION('',(0.0,-3.52495810318487E-15,1.0));
#11671=DIRECTION('',(0.0,-1.0,-3.52495810318487E-15));
#11672=DIRECTION('',(3.1641356201817E-15,-3.52495810318487E-15,1.0));
#11673=CARTESIAN_POINT('',(0.0193499999999999,0.0192256607640496,-0.0976742392359506));
#11674=DIRECTION('',(-3.1641356201817E-15,3.52495810318487E-15,-1.0));
#11675=DIRECTION('',(0.0,1.0,3.52495810318487E-15));
#11676=DIRECTION('',(3.1641356201817E-15,-3.52495810318487E-15,1.0));
#11677=DIRECTION('',(-5.30593699678697E-32,1.0,3.52495810318487E-15));
#11678=DIRECTION('',(-1.0,0.0,0.0));
#11679=DIRECTION('',(1.0,0.0,0.0));
#11680=DIRECTION('',(1.0,-1.82732557522852E-15,-6.44124609355873E-30));
#11681=DIRECTION('',(0.0,-1.0,-3.52495810318487E-15));
#11682=DIRECTION('',(-1.0,2.83235194196385E-16,1.00498423865743E-30));
#11683=DIRECTION('',(1.0,-1.82732557522852E-15,-6.44124609355873E-30));
#11684=DIRECTION('',(1.0,3.49148336110938E-15,-3.52495810318487E-15));
#11685=DIRECTION('',(-1.66415778588086E-15,1.0,-6.44124609355873E-30));
#11686=DIRECTION('',(1.0,3.49148336110938E-15,-3.52495810318487E-15));
#11687=DIRECTION('',(3.208248166913E-15,-1.0,1.00498423865743E-30));
#11688=DIRECTION('',(-1.66415778588086E-15,1.0,-6.44124609355873E-30));
#11689=DIRECTION('',(1.0,3.49148336110938E-15,-3.52495810318487E-15));
#11690=DIRECTION('',(3.208248166913E-15,-1.0,1.00498423865743E-30));
#11691=DIRECTION('',(-1.66415778588086E-15,1.0,-6.44124609355873E-30));
#11692=DIRECTION('',(-1.0,-3.49148336110938E-15,3.52495810318487E-15));
#11693=DIRECTION('',(-1.0,4.81212292235966E-15,-6.44124609355873E-30));
#11694=DIRECTION('',(2.98372437868011E-15,1.0,-3.52495810318487E-15));
#11695=DIRECTION('',(1.0,-3.26824428070083E-15,-1.16007369842194E-29));
#11696=DIRECTION('',(-1.0,4.81212292235966E-15,-6.44124609355873E-30));
#11697=DIRECTION('',(2.98372437868011E-15,1.0,-3.52495810318487E-15));
#11698=DIRECTION('',(1.0,-3.26824428070083E-15,-1.16007369842194E-29));
#11699=DIRECTION('',(-1.0,4.81212292235966E-15,-6.44124609355873E-30));
#11700=DIRECTION('',(-1.0,-3.49148336110938E-15,3.52495810318487E-15));
#11701=DIRECTION('',(-1.32063956125028E-15,-1.0,-6.44124609355873E-30));
#11702=DIRECTION('',(-1.0,-5.07758982429274E-16,-3.52495810318487E-15));
#11703=DIRECTION('',(-2.23239080408557E-16,1.0,-1.16007369842194E-29));
#11704=DIRECTION('',(-1.32063956125028E-15,-1.0,-6.44124609355873E-30));
#11705=DIRECTION('',(-1.0,-5.07758982429274E-16,-3.52495810318487E-15));
#11706=DIRECTION('',(-2.23239080408557E-16,1.0,-1.16007369842194E-29));
#11707=DIRECTION('',(-1.32063956125028E-15,-1.0,-6.44124609355873E-30));
#11708=DIRECTION('',(1.0,3.49148336110938E-15,-3.52495810318487E-15));
#11709=DIRECTION('',(7.3185337886715E-33,-1.0,-3.52495810318487E-15));
#11710=DIRECTION('',(1.0,-1.82732557522852E-15,-6.44124609355873E-30));
#11711=DIRECTION('',(0.0,-1.0,-3.52495810318487E-15));
#11712=DIRECTION('',(-1.0,2.83235194196385E-16,1.00498423865743E-30));
#11713=DIRECTION('',(-1.0,1.64971460529065E-32,3.1641356201817E-15));
#11714=DIRECTION('',(-1.0,1.64971460529065E-32,3.1641356201817E-15));
#11715=DIRECTION('',(-1.0,1.64971460529065E-32,3.1641356201817E-15));
#11716=DIRECTION('',(1.0,0.0,-0.0));
#11717=DIRECTION('',(0.0,-3.52495810318487E-15,1.0));
#11718=DIRECTION('',(-1.0,1.64971460529065E-32,3.1641356201817E-15));
#11719=DIRECTION('',(1.0,0.0,-0.0));
#11720=DIRECTION('',(0.0,-3.52495810318487E-15,1.0));
#11721=CARTESIAN_POINT('',(0.00015001822388189,0.000621229897337141,-0.0976742392359506));
#11722=DIRECTION('',(-3.1641356201817E-15,3.52495810318487E-15,-1.0));
#11723=DIRECTION('',(0.0,1.0,3.52495810318487E-15));
#11724=DIRECTION('',(-1.0,3.26585333292817E-32,3.1641356201817E-15));
#11725=DIRECTION('',(5.30593699678697E-32,-1.0,-3.52495810318487E-15));
#11726=DIRECTION('',(-1.0,-4.62848009493539E-33,3.1641356201817E-15));
#11727=DIRECTION('',(3.1641356201817E-15,-3.52495810318487E-15,1.0));
#11728=DIRECTION('',(3.1641356201817E-15,-3.52495810318487E-15,1.0));
#11729=DIRECTION('',(-4.91112135818745E-33,1.0,3.52495810318487E-15));
#11730=DIRECTION('',(3.1641356201817E-15,-3.52495810318487E-15,1.0));
#11731=DIRECTION('',(-4.91112135818745E-33,1.0,3.52495810318487E-15));
#11732=DIRECTION('',(3.1641356201817E-15,-3.52495810318487E-15,1.0));
#11733=DIRECTION('',(4.91112135818745E-33,-1.0,-3.52495810318487E-15));
#11734=DIRECTION('',(3.1641356201817E-15,-3.52495810318487E-15,1.0));
#11735=DIRECTION('',(4.91112135818745E-33,-1.0,-3.52495810318487E-15));
#11736=DIRECTION('',(3.1641356201817E-15,-3.52495810318487E-15,1.0));
#11737=DIRECTION('',(1.0,-3.02523048369681E-32,-3.1641356201817E-15));
#11738=DIRECTION('',(1.0,-3.02523048369681E-32,-3.1641356201817E-15));
#11739=DIRECTION('',(-1.0,3.02523048369681E-32,3.1641356201817E-15));
#11740=DIRECTION('',(-1.0,3.02523048369681E-32,3.1641356201817E-15));
#11741=DIRECTION('',(-7.3185337886715E-33,1.0,3.52495810318487E-15));
#11742=DIRECTION('',(1.0,4.62848009493539E-33,-3.1641356201817E-15));
#11743=DIRECTION('',(5.30593699678697E-32,-1.0,-3.52495810318487E-15));
#11744=DIRECTION('',(1.0,0.0,-0.0));
#11745=DIRECTION('',(0.0,-1.0,-3.56988637447974E-15));
#11746=DIRECTION('',(3.1641356201817E-15,3.16413562018171E-15,1.0));
#11747=DIRECTION('',(7.3185337886715E-33,-1.0,-3.52495810318487E-15));
#11748=DIRECTION('',(-2.74022182809658E-15,0.500000000000004,-0.866025403784436));
#11749=CARTESIAN_POINT('',(0.0139500003799999,0.0135256615440496,-0.105874339235951));
#11750=DIRECTION('',(-3.1641356201817E-15,3.52495810318487E-15,-1.0));
#11751=DIRECTION('',(0.0,1.0,3.52495810318487E-15));
#11752=DIRECTION('',(1.0,0.0,-0.0));
#11753=DIRECTION('',(0.0,-1.0,-3.56988637447974E-15));
#11754=DIRECTION('',(1.0,-5.11023164118272E-19,-3.1641356201817E-15));
#11755=DIRECTION('',(0.0,-0.500000000000004,0.866025403784436));
#11756=DIRECTION('',(3.49148336110938E-15,-1.0,3.1641356201817E-15));
#11757=DIRECTION('',(-1.0,-3.49148336110938E-15,3.52495810318487E-15));
#11758=DIRECTION('',(-3.49097233794526E-15,1.0,-3.1641356201817E-15));
#11759=DIRECTION('',(1.0,-5.11023164118272E-19,-3.1641356201817E-15));
#11760=DIRECTION('',(0.0,-0.500000000000004,0.866025403784436));
#11761=DIRECTION('',(1.0,-5.11023164118272E-19,-3.1641356201817E-15));
#11762=DIRECTION('',(0.0,-0.5,0.866025403784439));
#11763=DIRECTION('',(5.07758982429274E-16,-1.0,0.0));
#11764=DIRECTION('',(-1.0,-5.07758982429274E-16,-3.56988637447974E-15));
#11765=DIRECTION('',(5.07758982429274E-16,-1.0,0.0));
#11766=DIRECTION('',(-0.5,-2.53879491214636E-16,0.866025403784439));
#11767=DIRECTION('',(-0.500000000000004,-2.53879491214652E-16,0.866025403784436));
#11768=DIRECTION('',(1.0,5.07758982429274E-16,3.52495810318487E-15));
#11769=DIRECTION('',(-3.52495810318487E-15,-1.79329581347887E-30,1.0));
#11770=DIRECTION('',(5.07758982429274E-16,-1.0,0.0));
#11771=DIRECTION('',(-1.0,-5.07758982429274E-16,-3.56988637447974E-15));
#11772=DIRECTION('',(5.07758982429274E-16,-1.0,0.0));
#11773=DIRECTION('',(-5.07758982429274E-16,1.0,3.1641356201817E-15));
#11774=DIRECTION('',(-5.07758982429274E-16,1.0,3.1641356201817E-15));
#11775=DIRECTION('',(-5.07758982429274E-16,1.0,3.1641356201817E-15));
#11776=DIRECTION('',(-3.52495810318487E-15,-1.79329581347887E-30,1.0));
#11777=DIRECTION('',(5.07758982429274E-16,-1.0,-3.1641356201817E-15));
#11778=DIRECTION('',(-0.5,-2.53879491214636E-16,0.866025403784439));
#11779=DIRECTION('',(-0.500000000000004,-2.53879491214652E-16,0.866025403784436));
#11780=DIRECTION('',(1.0,5.07758982429274E-16,3.52495810318487E-15));
#11781=DIRECTION('',(0.500000000000004,2.99127313630605E-15,-0.866025403784436));
#11782=DIRECTION('',(0.500000000000004,2.99127313630605E-15,-0.866025403784436));
#11783=DIRECTION('',(-0.500000000000004,-4.48596350865128E-15,-0.866025403784436));
#11784=DIRECTION('',(-0.500000000000004,-4.48596350865128E-15,-0.866025403784436));
#11785=DIRECTION('',(-3.49148336110938E-15,1.0,0.0));
#11786=DIRECTION('',(1.0,3.49148336110938E-15,-3.56988637447974E-15));
#11787=DIRECTION('',(-3.49148336110938E-15,1.0,0.0));
#11788=DIRECTION('',(-3.49148336110938E-15,1.0,0.0));
#11789=DIRECTION('',(1.0,3.49148336110938E-15,-3.56988637447974E-15));
#11790=DIRECTION('',(-3.49148336110938E-15,1.0,0.0));
#11791=DIRECTION('',(3.49148336110938E-15,-1.0,3.1641356201817E-15));
#11792=DIRECTION('',(3.52495810318487E-15,1.23073325658777E-29,1.0));
#11793=DIRECTION('',(3.49148336110938E-15,-1.0,3.1641356201817E-15));
#11794=DIRECTION('',(3.52495810318487E-15,1.23073325658777E-29,1.0));
#11795=DIRECTION('',(-3.49097233794526E-15,1.0,-3.1641356201817E-15));
#11796=DIRECTION('',(0.5,1.74574168055469E-15,0.866025403784439));
#11797=DIRECTION('',(0.5,1.74574168055469E-15,0.866025403784439));
#11798=DIRECTION('',(-1.0,-3.49148336110938E-15,3.52495810318487E-15));
#11799=DIRECTION('',(-3.49097233794526E-15,1.0,-3.1641356201817E-15));
#11800=DIRECTION('',(0.500000000000004,1.74574168055471E-15,0.866025403784436));
#11801=DIRECTION('',(0.500000000000004,1.74574168055471E-15,0.866025403784436));
#11802=DIRECTION('',(-1.0,2.98372437868011E-15,0.0));
#11803=DIRECTION('',(2.98372437868011E-15,1.0,-3.56988637447974E-15));
#11804=DIRECTION('',(-1.0,2.98372437868011E-15,0.0));
#11805=DIRECTION('',(-1.0,2.98372437868011E-15,0.0));
#11806=DIRECTION('',(2.98372437868011E-15,1.0,-3.56988637447974E-15));
#11807=DIRECTION('',(-1.0,2.98372437868011E-15,0.0));
#11808=DIRECTION('',(1.0,-2.98372437868011E-15,3.1641356201817E-15));
#11809=DIRECTION('',(1.05140367523988E-29,3.52495810318487E-15,1.0));
#11810=DIRECTION('',(1.0,-2.98372437868011E-15,3.1641356201817E-15));
#11811=DIRECTION('',(1.05140367523988E-29,3.52495810318487E-15,1.0));
#11812=DIRECTION('',(1.0,-2.98372437868011E-15,3.1641356201817E-15));
#11813=DIRECTION('',(1.49186218934005E-15,0.500000000000004,0.866025403784436));
#11814=DIRECTION('',(-1.0,2.98372437868011E-15,-3.1641356201817E-15));
#11815=DIRECTION('',(1.49186218934005E-15,0.5,0.866025403784439));
#11816=DIRECTION('',(1.49186218934005E-15,0.5,0.866025403784439));
#11817=DIRECTION('',(-2.98372437868011E-15,-1.0,3.52495810318487E-15));
#11818=DIRECTION('',(-1.0,2.98372437868011E-15,-3.1641356201817E-15));
#11819=DIRECTION('',(-2.98372437868011E-15,-1.0,3.52495810318487E-15));
#11820=DIRECTION('',(5.07758982429274E-16,-1.0,-3.1641356201817E-15));
#11821=DIRECTION('',(-1.0,2.98372437868011E-15,-3.1641356201817E-15));
#11822=DIRECTION('',(5.07758982429274E-16,-1.0,-3.1641356201817E-15));
#11823=CARTESIAN_POINT('',(-0.0138499999000001,-0.0116743388559505,-0.102074239235951));
#11824=DIRECTION('',(-3.1641356201817E-15,3.52495810318487E-15,-1.0));
#11825=DIRECTION('',(0.0,1.0,3.52495810318487E-15));
#11826=CARTESIAN_POINT('',(-0.0138499999000001,-0.0116743388559504,-0.105874339235951));
#11827=DIRECTION('',(-3.1641356201817E-15,3.52495810318487E-15,-1.0));
#11828=DIRECTION('',(0.0,1.0,3.52495810318487E-15));
#11829=CARTESIAN_POINT('',(0.0139500003799999,0.0135256615440496,-0.102074239235951));
#11830=DIRECTION('',(-3.1641356201817E-15,3.52495810318487E-15,-1.0));
#11831=DIRECTION('',(0.0,1.0,3.52495810318487E-15));
#11832=DIRECTION('',(0.0,1.0,3.52495810318487E-15));
#11833=DIRECTION('',(0.0,1.0,3.52495810318487E-15));
#11834=DIRECTION('',(0.0,-0.5,0.866025403784439));
#11835=DIRECTION('',(3.1641356201817E-15,-3.52495810318487E-15,1.0));
#11836=DIRECTION('',(3.1641356201817E-15,-3.52495810318487E-15,1.0));
#11837=DIRECTION('',(3.1641356201817E-15,-3.52495810318487E-15,1.0));
#11838=DIRECTION('',(3.1641356201817E-15,-3.52495810318487E-15,1.0));
#11839=DIRECTION('',(3.1641356201817E-15,-3.52495810318487E-15,1.0));
#11840=DIRECTION('',(3.1641356201817E-15,-3.52495810318487E-15,1.0));
#11841=DIRECTION('',(3.1641356201817E-15,-3.52495810318487E-15,1.0));
#11842=DIRECTION('',(3.1641356201817E-15,-3.52495810318487E-15,1.0));
#11843=CARTESIAN_POINT('',(0.000150018223881892,0.000621229897337139,-0.0970742392359505));
#11844=DIRECTION('',(-3.1641356201817E-15,3.52495810318487E-15,-1.0));
#11845=DIRECTION('',(0.0,1.0,3.52495810318487E-15));
#11846=DIRECTION('',(1.49186218934005E-15,0.500000000000004,0.866025403784436));
#11847=DIRECTION('',(-4.11667525612772E-33,-1.0,-3.52495810318487E-15));
#11848=CARTESIAN_POINT('',(0.0193499999999999,-0.0172743392359504,0.00232576076404932));
#11849=DIRECTION('',(-3.1641356201817E-15,3.52495810318487E-15,-1.0));
#11850=DIRECTION('',(0.0,1.0,3.52495810318487E-15));
#11851=DIRECTION('',(-1.0,4.25055087421174E-33,3.1641356201817E-15));
#11852=DIRECTION('',(-2.93242620985218E-33,1.0,3.52495810318487E-15));
#11853=DIRECTION('',(1.0,-6.5088241954649E-33,-3.1641356201817E-15));
#11854=CARTESIAN_POINT('',(0.000150016112074121,0.000621226564329335,0.00232576076404944));
#11855=DIRECTION('',(-3.1641356201817E-15,3.52495810318487E-15,-1.0));
#11856=DIRECTION('',(0.0,1.0,3.52495810318487E-15));
#11857=CARTESIAN_POINT('',(0.000150016112074121,0.000621226564329335,0.00232576076404944));
#11858=DIRECTION('',(-3.1641356201817E-15,3.52495810318487E-15,-1.0));
#11859=DIRECTION('',(0.0,1.0,3.52495810318487E-15));
#11860=CARTESIAN_POINT('',(0.0135850449546185,0.0140562554068737,0.00232576076404945));
#11861=DIRECTION('',(-3.1641356201817E-15,3.52495810318487E-15,-1.0));
#11862=DIRECTION('',(0.0,1.0,3.52495810318487E-15));
#11863=CARTESIAN_POINT('',(0.000150016112074121,0.000621226564329335,0.00232576076404944));
#11864=DIRECTION('',(-3.1641356201817E-15,3.52495810318487E-15,-1.0));
#11865=DIRECTION('',(0.0,1.0,3.52495810318487E-15));
#11866=CARTESIAN_POINT('',(0.0135850449546185,-0.0128138022782151,0.00232576076404935));
#11867=DIRECTION('',(-3.1641356201817E-15,3.52495810318487E-15,-1.0));
#11868=DIRECTION('',(0.0,1.0,3.52495810318487E-15));
#11869=CARTESIAN_POINT('',(0.000150016112074121,0.000621226564329335,0.00232576076404944));
#11870=DIRECTION('',(-3.1641356201817E-15,3.52495810318487E-15,-1.0));
#11871=DIRECTION('',(0.0,1.0,3.52495810318487E-15));
#11872=CARTESIAN_POINT('',(0.00934240426749924,0.00981361471975445,0.00232576076404945));
#11873=DIRECTION('',(-3.1641356201817E-15,3.52495810318487E-15,-1.0));
#11874=DIRECTION('',(0.0,1.0,3.52495810318487E-15));
#11875=CARTESIAN_POINT('',(0.000150016112074121,0.000621226564329335,0.00232576076404944));
#11876=DIRECTION('',(-3.1641356201817E-15,3.52495810318487E-15,-1.0));
#11877=DIRECTION('',(0.0,1.0,3.52495810318487E-15));
#11878=CARTESIAN_POINT('',(0.00934240426749923,-0.0085711615910958,0.00232576076404938));
#11879=DIRECTION('',(-3.1641356201817E-15,3.52495810318487E-15,-1.0));
#11880=DIRECTION('',(0.0,1.0,3.52495810318487E-15));
#11881=CARTESIAN_POINT('',(0.000150016112074121,0.000621226564329335,0.00232576076404944));
#11882=DIRECTION('',(-3.1641356201817E-15,3.52495810318487E-15,-1.0));
#11883=DIRECTION('',(0.0,1.0,3.52495810318487E-15));
#11884=CARTESIAN_POINT('',(0.0058068703615665,0.00627808081382171,0.00232576076404945));
#11885=DIRECTION('',(-3.1641356201817E-15,3.52495810318487E-15,-1.0));
#11886=DIRECTION('',(0.0,1.0,3.52495810318487E-15));
#11887=CARTESIAN_POINT('',(0.000150016112074121,0.000621226564329335,0.00232576076404944));
#11888=DIRECTION('',(-3.1641356201817E-15,3.52495810318487E-15,-1.0));
#11889=DIRECTION('',(0.0,1.0,3.52495810318487E-15));
#11890=CARTESIAN_POINT('',(0.00580687036156649,-0.00503562768516306,0.00232576076404941));
#11891=DIRECTION('',(-3.1641356201817E-15,3.52495810318487E-15,-1.0));
#11892=DIRECTION('',(0.0,1.0,3.52495810318487E-15));
#11893=CARTESIAN_POINT('',(-0.00550683813741824,0.00627808081382173,0.00232576076404948));
#11894=DIRECTION('',(-3.1641356201817E-15,3.52495810318487E-15,-1.0));
#11895=DIRECTION('',(0.0,1.0,3.52495810318487E-15));
#11896=CARTESIAN_POINT('',(0.000150016112074121,0.000621226564329335,0.00232576076404944));
#11897=DIRECTION('',(-3.1641356201817E-15,3.52495810318487E-15,-1.0));
#11898=DIRECTION('',(0.0,1.0,3.52495810318487E-15));
#11899=CARTESIAN_POINT('',(-0.00550683813741827,-0.00503562768516304,0.00232576076404944));
#11900=DIRECTION('',(-3.1641356201817E-15,3.52495810318487E-15,-1.0));
#11901=DIRECTION('',(0.0,1.0,3.52495810318487E-15));
#11902=CARTESIAN_POINT('',(0.000150016112074121,0.000621226564329335,0.00232576076404944));
#11903=DIRECTION('',(-3.1641356201817E-15,3.52495810318487E-15,-1.0));
#11904=DIRECTION('',(0.0,1.0,3.52495810318487E-15));
#11905=CARTESIAN_POINT('',(-0.00904237204335096,0.00981361471975448,0.00232576076404951));
#11906=DIRECTION('',(-3.1641356201817E-15,3.52495810318487E-15,-1.0));
#11907=DIRECTION('',(0.0,1.0,3.52495810318487E-15));
#11908=CARTESIAN_POINT('',(0.000150016112074121,0.000621226564329335,0.00232576076404944));
#11909=DIRECTION('',(-3.1641356201817E-15,3.52495810318487E-15,-1.0));
#11910=DIRECTION('',(0.0,1.0,3.52495810318487E-15));
#11911=CARTESIAN_POINT('',(-0.00904237204335101,-0.00857116159109578,0.00232576076404944));
#11912=DIRECTION('',(-3.1641356201817E-15,3.52495810318487E-15,-1.0));
#11913=DIRECTION('',(0.0,1.0,3.52495810318487E-15));
#11914=CARTESIAN_POINT('',(0.000150016112074121,0.000621226564329335,0.00232576076404944));
#11915=DIRECTION('',(-3.1641356201817E-15,3.52495810318487E-15,-1.0));
#11916=DIRECTION('',(0.0,1.0,3.52495810318487E-15));
#11917=CARTESIAN_POINT('',(-0.0132850127304702,0.0140562554068738,0.00232576076404953));
#11918=DIRECTION('',(-3.1641356201817E-15,3.52495810318487E-15,-1.0));
#11919=DIRECTION('',(0.0,1.0,3.52495810318487E-15));
#11920=CARTESIAN_POINT('',(0.000150016112074121,0.000621226564329335,0.00232576076404944));
#11921=DIRECTION('',(-3.1641356201817E-15,3.52495810318487E-15,-1.0));
#11922=DIRECTION('',(0.0,1.0,3.52495810318487E-15));
#11923=CARTESIAN_POINT('',(-0.0132850127304703,-0.0128138022782151,0.00232576076404944));
#11924=DIRECTION('',(-3.1641356201817E-15,3.52495810318487E-15,-1.0));
#11925=DIRECTION('',(0.0,1.0,3.52495810318487E-15));
#11926=CARTESIAN_POINT('',(0.000150016112074121,0.000621226564329335,0.00232576076404944));
#11927=DIRECTION('',(-3.1641356201817E-15,3.52495810318487E-15,-1.0));
#11928=DIRECTION('',(0.0,1.0,3.52495810318487E-15));
#11929=DIRECTION('',(-2.47817639425258E-15,2.47817639425258E-15,-1.0));
#11930=DIRECTION('',(-2.47817639425258E-15,2.47817639425258E-15,-1.0));
#11931=DIRECTION('',(-1.0,-2.25484266770324E-32,3.1641356201817E-15));
#11932=DIRECTION('',(6.86112542686551E-34,1.0,3.52495810318487E-15));
#11933=DIRECTION('',(-1.0,-2.25484266770506E-32,3.1641356201817E-15));
#11934=CARTESIAN_POINT('',(-0.0333,0.0642256607640495,0.000925760764049756));
#11935=DIRECTION('',(3.1641356201817E-15,-3.52495810318487E-15,1.0));
#11936=DIRECTION('',(0.0,-1.0,-3.52495810318487E-15));
#11937=DIRECTION('',(4.11667525615855E-33,1.0,3.52495810318487E-15));
#11938=DIRECTION('',(1.0,8.21679955179586E-33,-3.1641356201817E-15));
#11939=DIRECTION('',(4.11667525613753E-33,1.0,3.52495810318487E-15));
#11940=CARTESIAN_POINT('',(0.0333,0.0642256607640495,0.000925760764049546));
#11941=DIRECTION('',(3.1641356201817E-15,-3.52495810318487E-15,1.0));
#11942=DIRECTION('',(0.0,-1.0,-3.52495810318487E-15));
#11943=DIRECTION('',(1.0,2.25484266770212E-32,-3.1641356201817E-15));
#11944=DIRECTION('',(-6.17501288419298E-33,1.0,3.52495810318487E-15));
#11945=DIRECTION('',(1.0,2.25484266770114E-32,-3.1641356201817E-15));
#11946=CARTESIAN_POINT('',(0.0337999999959968,0.0129256607600463,0.000925760764049381));
#11947=DIRECTION('',(3.1641356201817E-15,-3.52495810318487E-15,1.0));
#11948=DIRECTION('',(0.0,-1.0,-3.52495810318487E-15));
#11949=DIRECTION('',(1.0,2.25484266770114E-32,-3.1641356201817E-15));
#11950=DIRECTION('',(-6.17501288419298E-33,1.0,3.52495810318487E-15));
#11951=DIRECTION('',(1.0,-2.52236637404344E-32,-3.1641356201817E-15));
#11952=CARTESIAN_POINT('',(0.0333,-0.0223743392359505,0.00092576076404923));
#11953=DIRECTION('',(3.1641356201817E-15,-3.52495810318487E-15,1.0));
#11954=DIRECTION('',(0.0,-1.0,-3.52495810318487E-15));
#11955=DIRECTION('',(3.87653586619114E-32,-1.0,-3.52495810318487E-15));
#11956=DIRECTION('',(1.0,-1.3376185316877E-33,-3.1641356201817E-15));
#11957=DIRECTION('',(-4.11667525612351E-33,-1.0,-3.52495810318487E-15));
#11958=CARTESIAN_POINT('',(-0.0333,-0.0223743392359505,0.00092576076404944));
#11959=DIRECTION('',(3.1641356201817E-15,-3.52495810318487E-15,1.0));
#11960=DIRECTION('',(0.0,-1.0,-3.52495810318487E-15));
#11961=DIRECTION('',(-1.0,-2.25484266770212E-32,3.1641356201817E-15));
#11962=DIRECTION('',(6.86112542686551E-34,1.0,3.52495810318487E-15));
#11963=DIRECTION('',(-1.0,-2.25484266770324E-32,3.1641356201817E-15));
#11964=CARTESIAN_POINT('',(-0.0337999999959968,0.0129256607600463,0.000925760764049594));
#11965=DIRECTION('',(3.1641356201817E-15,-3.52495810318487E-15,1.0));
#11966=DIRECTION('',(0.0,-1.0,-3.52495810318487E-15));
#11967=CARTESIAN_POINT('',(-0.03,0.0463756607640495,0.000925760764049685));
#11968=DIRECTION('',(3.1641356201817E-15,-3.52495810318487E-15,1.0));
#11969=DIRECTION('',(0.0,-1.0,-3.52495810318487E-15));
#11970=CARTESIAN_POINT('',(0.03,0.0463756607640495,0.000925760764049527));
#11971=DIRECTION('',(3.1641356201817E-15,-3.52495810318487E-15,1.0));
#11972=DIRECTION('',(0.0,-1.0,-3.52495810318487E-15));
#11973=DIRECTION('',(0.0,-1.0,0.0));
#11974=CARTESIAN_POINT('',(-0.0165,0.0309256607640495,0.000925760764049603));
#11975=DIRECTION('',(3.1641356201817E-15,-3.52495810318487E-15,1.0));
#11976=DIRECTION('',(0.0,-1.0,-3.52495810318487E-15));
#11977=DIRECTION('',(1.0,0.0,0.0));
#11978=CARTESIAN_POINT('',(0.0165,0.0309256607640495,0.000925760764049499));
#11979=DIRECTION('',(3.1641356201817E-15,-3.52495810318487E-15,1.0));
#11980=DIRECTION('',(0.0,-1.0,-3.52495810318487E-15));
#11981=DIRECTION('',(0.0,1.0,0.0));
#11982=CARTESIAN_POINT('',(0.0165,0.0619256607640495,0.000925760764049608));
#11983=DIRECTION('',(3.1641356201817E-15,-3.52495810318487E-15,1.0));
#11984=DIRECTION('',(0.0,-1.0,-3.52495810318487E-15));
#11985=DIRECTION('',(-1.0,0.0,0.0));
#11986=CARTESIAN_POINT('',(-0.0165,0.0619256607640495,0.000925760764049713));
#11987=DIRECTION('',(3.1641356201817E-15,-3.52495810318487E-15,1.0));
#11988=DIRECTION('',(0.0,-1.0,-3.52495810318487E-15));
#11989=DIRECTION('',(1.0,-6.5088241954649E-33,-3.1641356201817E-15));
#11990=DIRECTION('',(-2.93242620985218E-33,1.0,3.52495810318487E-15));
#11991=DIRECTION('',(-1.0,4.25055087421174E-33,3.1641356201817E-15));
#11992=CARTESIAN_POINT('',(0.0193499999999999,-0.0172743392359504,0.00092576076404932));
#11993=DIRECTION('',(3.1641356201817E-15,-3.52495810318487E-15,1.0));
#11994=DIRECTION('',(0.0,-1.0,-3.52495810318487E-15));
#11995=DIRECTION('',(-4.11667525612772E-33,-1.0,-3.52495810318487E-15));
#11996=CARTESIAN_POINT('',(-0.0338,0.0129256607640495,-0.0150742392359503));
#11997=DIRECTION('',(3.1641356201817E-15,-3.52495810318487E-15,1.0));
#11998=DIRECTION('',(0.0,-1.0,-3.52495810318487E-15));
#11999=DIRECTION('',(-1.0,-2.25484266770324E-32,3.1641356201817E-15));
#12000=CARTESIAN_POINT('',(-0.0337999999959969,0.0129256607600464,-0.0150742392359503));
#12001=DIRECTION('',(3.1641356201817E-15,-3.52495810318487E-15,1.0));
#12002=DIRECTION('',(0.0,-1.0,-3.52495810318487E-15));
#12003=DIRECTION('',(1.0,2.25484266770324E-32,-3.1641356201817E-15));
#12004=DIRECTION('',(-6.86112542686551E-34,-1.0,-3.52495810318487E-15));
#12005=DIRECTION('',(-3.1641356201817E-15,3.52495810318487E-15,-1.0));
#12006=DIRECTION('',(-3.1641356201817E-15,3.52495810318487E-15,-1.0));
#12007=DIRECTION('',(-3.1641356201817E-15,3.52495810318487E-15,-1.0));
#12008=DIRECTION('',(-2.47817639425258E-15,2.47817639425258E-15,-1.0));
#12009=DIRECTION('',(-3.1641356201817E-15,3.52495810318487E-15,-1.0));
#12010=DIRECTION('',(-2.47817639425258E-15,2.47817639425258E-15,-1.0));
#12011=DIRECTION('',(-2.47817639425258E-15,2.47817639425258E-15,-1.0));
#12012=DIRECTION('',(-2.47817639425258E-15,2.47817639425258E-15,-1.0));
#12013=DIRECTION('',(-3.17702317452607E-15,0.00184333203206677,-0.999998301062067));
#12014=DIRECTION('',(-1.0,5.86929117151037E-18,4.11862428089354E-32));
#12015=DIRECTION('',(-3.17702317452607E-15,0.00184333203206677,-0.999998301062067));
#12016=DIRECTION('',(1.0,-5.86929117151036E-18,0.0));
#12017=DIRECTION('',(-3.17702317452607E-15,0.00184333203206677,-0.999998301062067));
#12018=DIRECTION('',(-5.85630858419995E-18,1.0,7.01695646032619E-15));
#12019=DIRECTION('',(-2.24442315789456E-15,-0.706454764287107,-0.707758197420594));
#12020=DIRECTION('',(5.85630858422224E-18,-1.0,0.0));
#12021=DIRECTION('',(-0.707106180520515,-0.00130343368707879,0.707106180520516));
#12022=DIRECTION('',(1.0,-5.84211852719782E-18,-4.09936501468139E-32));
#12023=DIRECTION('',(-0.707106180520516,0.00130343368707879,-0.707106180520515));
#12024=DIRECTION('',(-1.0,5.84211852719782E-18,0.0));
#12025=DIRECTION('',(-3.17702317452607E-15,0.00184333203206677,-0.999998301062067));
#12026=DIRECTION('',(2.24442315789456E-15,0.706454764287107,0.707758197420594));
#12027=DIRECTION('',(5.85630858420004E-18,-1.0,-7.01695646032619E-15));
#12028=DIRECTION('',(-5.85630858422233E-18,1.0,0.0));
#12029=DIRECTION('',(-1.0,5.84211852719782E-18,4.0993891341412E-32));
#12030=DIRECTION('',(-5.85630858420004E-18,1.0,7.01695646032619E-15));
#12031=DIRECTION('',(1.0,-5.86929117151036E-18,-4.11845606034651E-32));
#12032=DIRECTION('',(5.85630858419995E-18,-1.0,-7.01695646032619E-15));
#12033=DIRECTION('',(-1.10498424999895E-29,-1.0,-7.01695646032619E-15));
#12034=DIRECTION('',(0.707106781186548,-0.707106781186548,-4.9617374963874E-15));
#12035=DIRECTION('',(1.0,-1.1154783112467E-29,-7.82726274245631E-44));
#12036=DIRECTION('',(0.707106781186548,0.707106781186548,4.9617374963874E-15));
#12037=DIRECTION('',(1.10429813745626E-29,1.0,7.01695646032619E-15));
#12038=DIRECTION('',(-0.707106781186549,0.707106781186546,4.96173749638739E-15));
#12039=DIRECTION('',(-1.0,1.11452286943836E-29,7.82055844888675E-44));
#12040=DIRECTION('',(-0.707106781186548,-0.707106781186548,-4.9617374963874E-15));
#12041=CARTESIAN_POINT('',(0.000150016112074123,0.000621226564329333,0.00292576076404955));
#12042=DIRECTION('',(-0.0,7.01695646032619E-15,-1.0));
#12043=DIRECTION('',(0.0,1.0,7.01695646032619E-15));
#12044=CARTESIAN_POINT('',(0.000150016112074123,0.000621226564329333,0.00292576076404955));
#12045=DIRECTION('',(-0.0,7.01695646032619E-15,-1.0));
#12046=DIRECTION('',(0.0,1.0,7.01695646032619E-15));
#12047=CARTESIAN_POINT('',(0.0135850449546185,0.0140562554068737,0.00292576076404965));
#12048=DIRECTION('',(-0.0,7.01695646032619E-15,-1.0));
#12049=DIRECTION('',(0.0,1.0,7.01695646032619E-15));
#12050=CARTESIAN_POINT('',(0.000150016112074123,0.000621226564329333,0.00292576076404955));
#12051=DIRECTION('',(-0.0,7.01695646032618E-15,-1.0));
#12052=DIRECTION('',(0.0,1.0,7.01695646032618E-15));
#12053=CARTESIAN_POINT('',(0.0135850449546185,-0.0128138022782151,0.00292576076404946));
#12054=DIRECTION('',(-0.0,7.01695646032619E-15,-1.0));
#12055=DIRECTION('',(0.0,1.0,7.01695646032619E-15));
#12056=CARTESIAN_POINT('',(0.000150016112074123,0.000621226564329333,0.00292576076404955));
#12057=DIRECTION('',(-0.0,7.01695646032619E-15,-1.0));
#12058=DIRECTION('',(0.0,1.0,7.01695646032619E-15));
#12059=CARTESIAN_POINT('',(0.00934240426749925,0.00981361471975445,0.00292576076404962));
#12060=DIRECTION('',(-0.0,7.01695646032619E-15,-1.0));
#12061=DIRECTION('',(0.0,1.0,7.01695646032619E-15));
#12062=CARTESIAN_POINT('',(0.000150016112074123,0.000621226564329333,0.00292576076404955));
#12063=DIRECTION('',(-0.0,7.01695646032619E-15,-1.0));
#12064=DIRECTION('',(0.0,1.0,7.01695646032619E-15));
#12065=CARTESIAN_POINT('',(0.00934240426749923,-0.0085711615910958,0.00292576076404949));
#12066=DIRECTION('',(-0.0,7.01695646032619E-15,-1.0));
#12067=DIRECTION('',(0.0,1.0,7.01695646032619E-15));
#12068=CARTESIAN_POINT('',(0.000150016112074123,0.000621226564329333,0.00292576076404955));
#12069=DIRECTION('',(-0.0,7.01695646032619E-15,-1.0));
#12070=DIRECTION('',(0.0,1.0,7.01695646032619E-15));
#12071=CARTESIAN_POINT('',(0.0058068703615665,0.00627808081382171,0.00292576076404959));
#12072=DIRECTION('',(-0.0,7.01695646032619E-15,-1.0));
#12073=DIRECTION('',(0.0,1.0,7.01695646032619E-15));
#12074=CARTESIAN_POINT('',(0.000150016112074123,0.000621226564329333,0.00292576076404955));
#12075=DIRECTION('',(-0.0,7.01695646032619E-15,-1.0));
#12076=DIRECTION('',(0.0,1.0,7.01695646032619E-15));
#12077=CARTESIAN_POINT('',(0.0058068703615665,-0.00503562768516306,0.00292576076404951));
#12078=DIRECTION('',(-0.0,7.01695646032619E-15,-1.0));
#12079=DIRECTION('',(0.0,1.0,7.01695646032619E-15));
#12080=CARTESIAN_POINT('',(-0.00550683813741827,-0.00503562768516304,0.00292576076404951));
#12081=DIRECTION('',(-0.0,7.01695646032619E-15,-1.0));
#12082=DIRECTION('',(0.0,1.0,7.01695646032619E-15));
#12083=CARTESIAN_POINT('',(0.000150016112074123,0.000621226564329333,0.00292576076404955));
#12084=DIRECTION('',(-0.0,7.01695646032619E-15,-1.0));
#12085=DIRECTION('',(0.0,1.0,7.01695646032619E-15));
#12086=CARTESIAN_POINT('',(-0.00550683813741824,0.00627808081382173,0.00292576076404959));
#12087=DIRECTION('',(-0.0,7.01695646032619E-15,-1.0));
#12088=DIRECTION('',(0.0,1.0,7.01695646032619E-15));
#12089=CARTESIAN_POINT('',(0.000150016112074123,0.000621226564329333,0.00292576076404955));
#12090=DIRECTION('',(-0.0,7.01695646032619E-15,-1.0));
#12091=DIRECTION('',(0.0,1.0,7.01695646032619E-15));
#12092=CARTESIAN_POINT('',(-0.00904237204335101,-0.00857116159109578,0.00292576076404949));
#12093=DIRECTION('',(-0.0,7.01695646032619E-15,-1.0));
#12094=DIRECTION('',(0.0,1.0,7.01695646032619E-15));
#12095=CARTESIAN_POINT('',(0.000150016112074123,0.000621226564329333,0.00292576076404955));
#12096=DIRECTION('',(-0.0,7.01695646032619E-15,-1.0));
#12097=DIRECTION('',(0.0,1.0,7.01695646032619E-15));
#12098=CARTESIAN_POINT('',(-0.00904237204335096,0.00981361471975448,0.00292576076404962));
#12099=DIRECTION('',(-0.0,7.01695646032618E-15,-1.0));
#12100=DIRECTION('',(0.0,1.0,7.01695646032618E-15));
#12101=CARTESIAN_POINT('',(0.000150016112074123,0.000621226564329333,0.00292576076404955));
#12102=DIRECTION('',(-0.0,7.01695646032619E-15,-1.0));
#12103=DIRECTION('',(0.0,1.0,7.01695646032619E-15));
#12104=CARTESIAN_POINT('',(-0.0132850127304703,-0.0128138022782151,0.00292576076404946));
#12105=DIRECTION('',(-0.0,7.01695646032619E-15,-1.0));
#12106=DIRECTION('',(0.0,1.0,7.01695646032619E-15));
#12107=CARTESIAN_POINT('',(0.000150016112074123,0.000621226564329333,0.00292576076404955));
#12108=DIRECTION('',(-0.0,7.01695646032618E-15,-1.0));
#12109=DIRECTION('',(0.0,1.0,7.01695646032618E-15));
#12110=CARTESIAN_POINT('',(-0.0132850127304702,0.0140562554068738,0.00292576076404965));
#12111=DIRECTION('',(-0.0,7.01695646032619E-15,-1.0));
#12112=DIRECTION('',(0.0,1.0,7.01695646032618E-15));
#12113=CARTESIAN_POINT('',(0.000150016112074123,0.000621226564329333,0.00292576076404955));
#12114=DIRECTION('',(-0.0,7.01695646032619E-15,-1.0));
#12115=DIRECTION('',(0.0,1.0,7.01695646032619E-15));
#12116=DIRECTION('',(-3.1641356201817E-15,3.52495810318487E-15,-1.0));
#12117=DIRECTION('',(-1.0,-8.21679955179586E-33,3.1641356201817E-15));
#12118=DIRECTION('',(3.1641356201817E-15,-3.52495810318487E-15,1.0));
#12119=DIRECTION('',(1.0,-1.11452286943836E-29,-7.82055844888675E-44));
#12120=DIRECTION('',(-3.1641356201817E-15,3.52495810318487E-15,-1.0));
#12121=DIRECTION('',(-6.86112542686551E-34,-1.0,-3.52495810318487E-15));
#12122=DIRECTION('',(3.1641356201817E-15,-3.52495810318487E-15,1.0));
#12123=DIRECTION('',(1.10498424999895E-29,1.0,7.01695646032619E-15));
#12124=DIRECTION('',(-0.707106781186548,0.707106781186548,4.72990353178487E-15));
#12125=DIRECTION('',(-3.1641356201817E-15,3.52495810318487E-15,-1.0));
#12126=DIRECTION('',(0.707106781186548,-0.707106781186548,-4.9617374963874E-15));
#12127=DIRECTION('',(1.0,-1.3376185316877E-33,-3.1641356201817E-15));
#12128=DIRECTION('',(3.1641356201817E-15,-3.52495810318487E-15,1.0));
#12129=DIRECTION('',(-1.0,1.1154783112467E-29,7.82726274245631E-44));
#12130=DIRECTION('',(-0.707106781186548,-0.707106781186548,-2.55140024536113E-16));
#12131=DIRECTION('',(-3.1641356201817E-15,3.52495810318487E-15,-1.0));
#12132=DIRECTION('',(0.707106781186548,0.707106781186548,4.9617374963874E-15));
#12133=DIRECTION('',(-6.17501288419298E-33,1.0,3.52495810318487E-15));
#12134=DIRECTION('',(3.1641356201817E-15,-3.52495810318487E-15,1.0));
#12135=DIRECTION('',(-1.10429813745626E-29,-1.0,-7.01695646032619E-15));
#12136=DIRECTION('',(-1.0,1.3376185316877E-33,3.1641356201817E-15));
#12137=DIRECTION('',(-0.707106781186548,0.707106781186548,4.72990353178487E-15));
#12138=DIRECTION('',(6.86112542686551E-34,1.0,3.52495810318487E-15));
#12139=DIRECTION('',(0.707106781186548,0.707106781186548,2.55140024536113E-16));
#12140=DIRECTION('',(1.0,8.21679955179586E-33,-3.1641356201817E-15));
#12141=DIRECTION('',(0.707106781186549,-0.707106781186546,-4.72990353178487E-15));
#12142=DIRECTION('',(6.17501288419298E-33,-1.0,-3.52495810318487E-15));
#12143=DIRECTION('',(-0.707106781186548,-0.707106781186548,-2.55140024536113E-16));
#12144=DIRECTION('',(-1.0,-8.21679955179586E-33,3.1641356201817E-15));
#12145=CARTESIAN_POINT('',(-0.0366000000000001,0.0675256607640496,-0.0170742392359501));
#12146=DIRECTION('',(3.1641356201817E-15,-3.52495810318487E-15,1.0));
#12147=DIRECTION('',(0.0,-1.0,-3.52495810318487E-15));
#12148=DIRECTION('',(-6.86112542686551E-34,-1.0,-3.52495810318487E-15));
#12149=CARTESIAN_POINT('',(-0.0366000000000001,-0.0256743392359504,-0.0170742392359504));
#12150=DIRECTION('',(3.1641356201817E-15,-3.52495810318487E-15,1.0));
#12151=DIRECTION('',(0.0,-1.0,-3.52495810318487E-15));
#12152=DIRECTION('',(1.0,-1.3376185316877E-33,-3.1641356201817E-15));
#12153=CARTESIAN_POINT('',(0.0365999999999999,-0.0256743392359504,-0.0170742392359507));
#12154=DIRECTION('',(3.1641356201817E-15,-3.52495810318487E-15,1.0));
#12155=DIRECTION('',(0.0,-1.0,-3.52495810318487E-15));
#12156=DIRECTION('',(-6.17501288419298E-33,1.0,3.52495810318487E-15));
#12157=CARTESIAN_POINT('',(0.0365999999999999,0.0675256607640496,-0.0170742392359503));
#12158=DIRECTION('',(3.1641356201817E-15,-3.52495810318487E-15,1.0));
#12159=DIRECTION('',(0.0,-1.0,-3.52495810318487E-15));
#12160=CARTESIAN_POINT('',(0.0338,0.0129256607640495,-0.00207423923595051));
#12161=DIRECTION('',(3.1641356201817E-15,-3.52495810318487E-15,1.0));
#12162=DIRECTION('',(0.0,-1.0,-3.52495810318487E-15));
#12163=CARTESIAN_POINT('',(0.0338,-0.0228743392359505,-0.00207423923595067));
#12164=DIRECTION('',(3.1641356201817E-15,-3.52495810318487E-15,1.0));
#12165=DIRECTION('',(0.0,-1.0,-3.52495810318487E-15));
#12166=CARTESIAN_POINT('',(0.0338,0.0647256607640495,-0.00207423923595035));
#12167=DIRECTION('',(3.1641356201817E-15,-3.52495810318487E-15,1.0));
#12168=DIRECTION('',(0.0,-1.0,-3.52495810318487E-15));
#12169=CARTESIAN_POINT('',(-0.0338,0.0647256607640495,-0.00207423923595014));
#12170=DIRECTION('',(3.1641356201817E-15,-3.52495810318487E-15,1.0));
#12171=DIRECTION('',(0.0,-1.0,-3.52495810318487E-15));
#12172=CARTESIAN_POINT('',(-0.0338,-0.0228743392359505,-0.00207423923595046));
#12173=DIRECTION('',(3.1641356201817E-15,-3.52495810318487E-15,1.0));
#12174=DIRECTION('',(0.0,-1.0,-3.52495810318487E-15));
#12175=CARTESIAN_POINT('',(-0.0338,0.0129256607640495,-0.0020742392359503));
#12176=DIRECTION('',(3.1641356201817E-15,-3.52495810318487E-15,1.0));
#12177=DIRECTION('',(0.0,-1.0,-3.52495810318487E-15));
#12178=DIRECTION('',(3.1641356201817E-15,-3.52495810318487E-15,1.0));
#12179=DIRECTION('',(3.1641356201817E-15,-3.52495810318487E-15,1.0));
#12180=DIRECTION('',(3.1641356201817E-15,-3.52495810318487E-15,1.0));
#12181=DIRECTION('',(3.1641356201817E-15,-3.52495810318487E-15,1.0));
#12182=DIRECTION('',(3.1641356201817E-15,-3.52495810318487E-15,1.0));
#12183=DIRECTION('',(3.1641356201817E-15,-3.52495810318487E-15,1.0));
#12184=DIRECTION('',(3.1641356201817E-15,-3.52495810318487E-15,1.0));
#12185=DIRECTION('',(3.1641356201817E-15,-3.52495810318487E-15,1.0));
#12186=DIRECTION('',(3.1641356201817E-15,-3.52495810318487E-15,1.0));
#12187=DIRECTION('',(3.1641356201817E-15,-3.52495810318487E-15,1.0));
#12188=DIRECTION('',(3.1641356201817E-15,-3.52495810318487E-15,1.0));
#12189=DIRECTION('',(3.1641356201817E-15,-3.52495810318487E-15,1.0));
#12190=DIRECTION('',(3.1641356201817E-15,-3.52495810318487E-15,1.0));
#12191=DIRECTION('',(3.1641356201817E-15,-3.52495810318487E-15,1.0));
#12192=DIRECTION('',(3.1641356201817E-15,-3.52495810318487E-15,1.0));
#12193=DIRECTION('',(3.1641356201817E-15,-3.52495810318487E-15,1.0));
#12194=DIRECTION('',(3.1641356201817E-15,-3.52495810318487E-15,1.0));
#12195=DIRECTION('',(3.1641356201817E-15,-3.52495810318487E-15,1.0));
#12196=DIRECTION('',(3.1641356201817E-15,-3.52495810318487E-15,1.0));
#12197=DIRECTION('',(3.1641356201817E-15,-3.52495810318487E-15,1.0));
#12198=DIRECTION('',(3.1641356201817E-15,-3.52495810318487E-15,1.0));
#12199=DIRECTION('',(3.1641356201817E-15,-3.52495810318487E-15,1.0));
#12200=DIRECTION('',(3.1641356201817E-15,-3.52495810318487E-15,1.0));
#12201=DIRECTION('',(3.1641356201817E-15,-3.52495810318487E-15,1.0));
#12202=CARTESIAN_POINT('',(0.0338,0.0129256607640495,-0.0150742392359505));
#12203=DIRECTION('',(3.1641356201817E-15,-3.52495810318487E-15,1.0));
#12204=DIRECTION('',(0.0,-1.0,-3.52495810318487E-15));
#12205=CARTESIAN_POINT('',(0.0338,-0.0228743392359505,-0.0150742392359507));
#12206=DIRECTION('',(3.1641356201817E-15,-3.52495810318487E-15,1.0));
#12207=DIRECTION('',(0.0,-1.0,-3.52495810318487E-15));
#12208=CARTESIAN_POINT('',(0.0338,0.0647256607640496,-0.0150742392359503));
#12209=DIRECTION('',(3.1641356201817E-15,-3.52495810318487E-15,1.0));
#12210=DIRECTION('',(0.0,-1.0,-3.52495810318487E-15));
#12211=CARTESIAN_POINT('',(-0.0338,0.0647256607640496,-0.0150742392359501));
#12212=DIRECTION('',(3.1641356201817E-15,-3.52495810318487E-15,1.0));
#12213=DIRECTION('',(0.0,-1.0,-3.52495810318487E-15));
#12214=CARTESIAN_POINT('',(-0.0338000000000001,-0.0228743392359505,-0.0150742392359505));
#12215=DIRECTION('',(3.1641356201817E-15,-3.52495810318487E-15,1.0));
#12216=DIRECTION('',(0.0,-1.0,-3.52495810318487E-15));
#12217=CARTESIAN_POINT('',(0.0337999999959968,0.0129256607600464,-0.0150742392359505));
#12218=DIRECTION('',(3.1641356201817E-15,-3.52495810318487E-15,1.0));
#12219=DIRECTION('',(0.0,-1.0,-3.52495810318487E-15));
#12220=DIRECTION('',(1.0,2.25484266770114E-32,-3.1641356201817E-15));
#12221=DIRECTION('',(6.17501288419298E-33,-1.0,-3.52495810318487E-15));
#12222=DIRECTION('',(-1.0,-2.25484266770114E-32,3.1641356201817E-15));
#12223=DIRECTION('',(6.17501288419298E-33,-1.0,-3.52495810318487E-15));
#12224=CARTESIAN_POINT('',(0.0366,-0.0256743392359504,-0.0150742392359507));
#12225=DIRECTION('',(3.1641356201817E-15,-3.52495810318487E-15,1.0));
#12226=DIRECTION('',(0.0,-1.0,-3.52495810318487E-15));
#12227=DIRECTION('',(-1.0,1.3376185316877E-33,3.1641356201817E-15));
#12228=DIRECTION('',(-3.87653586619114E-32,1.0,3.52495810318487E-15));
#12229=CARTESIAN_POINT('',(0.0333,-0.0223743392359505,-0.0150742392359507));
#12230=DIRECTION('',(3.1641356201817E-15,-3.52495810318487E-15,1.0));
#12231=DIRECTION('',(0.0,-1.0,-3.52495810318487E-15));
#12232=DIRECTION('',(1.0,-2.52236637404344E-32,-3.1641356201817E-15));
#12233=DIRECTION('',(-1.0,-8.21679955179586E-33,3.1641356201817E-15));
#12234=CARTESIAN_POINT('',(0.0366,0.0675256607640496,-0.0150742392359503));
#12235=DIRECTION('',(3.1641356201817E-15,-3.52495810318487E-15,1.0));
#12236=DIRECTION('',(0.0,-1.0,-3.52495810318487E-15));
#12237=DIRECTION('',(-6.17501288419298E-33,1.0,3.52495810318487E-15));
#12238=DIRECTION('',(-1.0,-2.25484266770212E-32,3.1641356201817E-15));
#12239=CARTESIAN_POINT('',(0.0333,0.0642256607640495,-0.0150742392359504));
#12240=DIRECTION('',(3.1641356201817E-15,-3.52495810318487E-15,1.0));
#12241=DIRECTION('',(0.0,-1.0,-3.52495810318487E-15));
#12242=DIRECTION('',(4.11667525613753E-33,1.0,3.52495810318487E-15));
#12243=DIRECTION('',(6.86112542686551E-34,1.0,3.52495810318487E-15));
#12244=CARTESIAN_POINT('',(-0.0366,0.0675256607640496,-0.0150742392359501));
#12245=DIRECTION('',(3.1641356201817E-15,-3.52495810318487E-15,1.0));
#12246=DIRECTION('',(0.0,-1.0,-3.52495810318487E-15));
#12247=DIRECTION('',(1.0,8.21679955179586E-33,-3.1641356201817E-15));
#12248=DIRECTION('',(-4.11667525615855E-33,-1.0,-3.52495810318487E-15));
#12249=CARTESIAN_POINT('',(-0.0333,0.0642256607640495,-0.0150742392359501));
#12250=DIRECTION('',(3.1641356201817E-15,-3.52495810318487E-15,1.0));
#12251=DIRECTION('',(0.0,-1.0,-3.52495810318487E-15));
#12252=DIRECTION('',(-1.0,-2.25484266770506E-32,3.1641356201817E-15));
#12253=DIRECTION('',(1.0,-1.3376185316877E-33,-3.1641356201817E-15));
#12254=CARTESIAN_POINT('',(-0.0366,-0.0256743392359504,-0.0150742392359505));
#12255=DIRECTION('',(3.1641356201817E-15,-3.52495810318487E-15,1.0));
#12256=DIRECTION('',(0.0,-1.0,-3.52495810318487E-15));
#12257=DIRECTION('',(-6.86112542686551E-34,-1.0,-3.52495810318487E-15));
#12258=DIRECTION('',(-1.0,-2.25484266770212E-32,3.1641356201817E-15));
#12259=CARTESIAN_POINT('',(-0.0333000000000001,-0.0223743392359505,-0.0150742392359505));
#12260=DIRECTION('',(3.1641356201817E-15,-3.52495810318487E-15,1.0));
#12261=DIRECTION('',(0.0,-1.0,-3.52495810318487E-15));
#12262=DIRECTION('',(4.11667525612351E-33,1.0,3.52495810318487E-15));
#12263=DIRECTION('',(3.1641356201817E-15,-3.52495810318487E-15,1.0));
#12264=DIRECTION('',(3.1641356201817E-15,-3.52495810318487E-15,1.0));
#12265=DIRECTION('',(-3.1641356201817E-15,3.52495810318487E-15,-1.0));
#12266=DIRECTION('',(-3.1641356201817E-15,3.52495810318487E-15,-1.0));
#12267=CARTESIAN_POINT('',(0.03,0.0463756607640495,-0.00227523923595041));
#12268=DIRECTION('',(0.0,0.0,-1.0));
#12269=DIRECTION('',(-1.0,0.0,0.0));
#12270=CARTESIAN_POINT('',(0.03,0.0463756607640495,-0.00227523923595041));
#12271=DIRECTION('',(0.0,0.0,-1.0));
#12272=DIRECTION('',(-1.0,0.0,0.0));
#12273=CARTESIAN_POINT('',(-0.03,0.0463756607640495,-0.00227523923595041));
#12274=DIRECTION('',(0.0,0.0,-1.0));
#12275=DIRECTION('',(-1.0,0.0,0.0));
#12276=CARTESIAN_POINT('',(-0.03,0.0463756607640495,-0.00227523923595041));
#12277=DIRECTION('',(0.0,0.0,-1.0));
#12278=DIRECTION('',(-1.0,0.0,0.0));
#12279=CARTESIAN_POINT('',(0.03,0.0463756607640495,0.00192576076404965));
#12280=DIRECTION('',(0.0,0.0,-1.0));
#12281=DIRECTION('',(-1.0,0.0,0.0));
#12282=CARTESIAN_POINT('',(-0.03,0.0463756607640495,0.00192576076404965));
#12283=DIRECTION('',(0.0,0.0,-1.0));
#12284=DIRECTION('',(-1.0,0.0,0.0));
#12285=DIRECTION('',(0.707106781186548,0.707106781186548,2.55140024536113E-16));
#12286=DIRECTION('',(-0.707106781186548,-0.707106781186548,-4.9617374963874E-15));
#12287=DIRECTION('',(0.707106781186549,-0.707106781186546,-4.72990353178487E-15));
#12288=DIRECTION('',(-0.707106781186549,0.707106781186546,4.96173749638739E-15));
#12289=DIRECTION('',(-0.678598344545844,-0.281084637714827,-0.678598344545847));
#12290=DIRECTION('',(0.281084637714829,0.678598344545841,0.678598344545849));
#12291=DIRECTION('',(-0.281084637714817,0.678598344545844,0.678598344545852));
#12292=DIRECTION('',(-0.678598344545845,0.281084637714817,0.67859834454585));
#12293=DIRECTION('',(-0.678598344545845,-0.281084637714828,0.678598344545846));
#12294=DIRECTION('',(0.28108463771482,0.678598344545851,-0.678598344545843));
#12295=DIRECTION('',(-0.281084637714825,0.67859834454585,-0.678598344545842));
#12296=DIRECTION('',(-0.678598344545845,0.28108463771483,-0.678598344545845));
#12297=DIRECTION('',(0.678598344545843,0.281084637714829,-0.678598344545847));
#12298=DIRECTION('',(-0.281084637714824,-0.678598344545848,0.678598344545845));
#12299=DIRECTION('',(0.281084637714824,-0.678598344545849,0.678598344545844));
#12300=DIRECTION('',(0.67859834454585,-0.281084637714822,0.678598344545843));
#12301=DIRECTION('',(0.678598344545851,0.281084637714815,0.678598344545846));
#12302=DIRECTION('',(-0.281084637714816,-0.678598344545847,-0.678598344545849));
#12303=DIRECTION('',(0.281084637714817,-0.678598344545846,-0.67859834454585));
#12304=DIRECTION('',(0.678598344545844,-0.28108463771482,-0.67859834454585));
#12305=CARTESIAN_POINT('',(-0.0152,0.0606256607640495,0.00192576076404961));
#12306=DIRECTION('',(0.0,0.0,-1.0));
#12307=DIRECTION('',(-1.0,0.0,0.0));
#12308=CARTESIAN_POINT('',(0.0152,0.0606256607640495,0.00192576076404961));
#12309=DIRECTION('',(0.0,0.0,-1.0));
#12310=DIRECTION('',(-1.0,0.0,0.0));
#12311=CARTESIAN_POINT('',(-0.0152,0.0319997007966495,0.00192576076404961));
#12312=DIRECTION('',(0.0,0.0,-1.0));
#12313=DIRECTION('',(-1.0,0.0,0.0));
#12314=CARTESIAN_POINT('',(0.0152,0.0319997007966495,0.00192576076404961));
#12315=DIRECTION('',(0.0,0.0,-1.0));
#12316=DIRECTION('',(-1.0,0.0,0.0));
#12317=DIRECTION('',(0.0,-1.0,0.0));
#12318=CARTESIAN_POINT('',(0.0165,0.0309256607640495,0.00192576076404961));
#12319=DIRECTION('',(0.0,0.0,-1.0));
#12320=DIRECTION('',(-1.0,0.0,0.0));
#12321=DIRECTION('',(-1.0,0.0,0.0));
#12322=CARTESIAN_POINT('',(-0.0165,0.0309256607640495,0.00192576076404961));
#12323=DIRECTION('',(0.0,0.0,-1.0));
#12324=DIRECTION('',(-1.0,0.0,0.0));
#12325=DIRECTION('',(-0.0,1.0,0.0));
#12326=CARTESIAN_POINT('',(-0.0165,0.0619256607640495,0.00192576076404961));
#12327=DIRECTION('',(0.0,0.0,-1.0));
#12328=DIRECTION('',(-1.0,0.0,0.0));
#12329=DIRECTION('',(1.0,0.0,0.0));
#12330=CARTESIAN_POINT('',(0.0165,0.0619256607640495,0.00192576076404961));
#12331=DIRECTION('',(0.0,0.0,-1.0));
#12332=DIRECTION('',(-1.0,0.0,0.0));
#12333=DIRECTION('',(-0.0,0.0,1.0));
#12334=DIRECTION('',(-0.0,0.0,1.0));
#12335=DIRECTION('',(0.0,0.0,1.0));
#12336=DIRECTION('',(0.0,0.0,1.0));
#12337=DIRECTION('',(0.0,0.0,1.0));
#12338=DIRECTION('',(0.0,0.0,1.0));
#12339=DIRECTION('',(0.0,0.0,1.0));
#12340=DIRECTION('',(0.0,0.0,1.0));
#12341=CARTESIAN_POINT('',(0.0152,0.0319997007966495,-0.00437523923595041));
#12342=DIRECTION('',(0.0,0.0,-1.0));
#12343=DIRECTION('',(-1.0,0.0,0.0));
#12344=CARTESIAN_POINT('',(0.0152,0.0319997007966495,0.000424760764049502));
#12345=DIRECTION('',(3.1641356201817E-15,-3.52495810318487E-15,1.0));
#12346=DIRECTION('',(0.0,-1.0,-3.52495810318487E-15));
#12347=CARTESIAN_POINT('',(0.0152,0.0319997007966495,0.000424760764049502));
#12348=DIRECTION('',(3.1641356201817E-15,-3.52495810318487E-15,1.0));
#12349=DIRECTION('',(0.0,-1.0,-3.52495810318487E-15));
#12350=CARTESIAN_POINT('',(-0.0152,0.0319997007966495,-0.00437523923595041));
#12351=DIRECTION('',(0.0,0.0,-1.0));
#12352=DIRECTION('',(-1.0,0.0,0.0));
#12353=CARTESIAN_POINT('',(-0.0152,0.0319997007966495,0.000424760764049599));
#12354=DIRECTION('',(3.1641356201817E-15,-3.52495810318487E-15,1.0));
#12355=DIRECTION('',(0.0,-1.0,-3.52495810318487E-15));
#12356=CARTESIAN_POINT('',(-0.0152,0.0319997007966495,0.000424760764049599));
#12357=DIRECTION('',(3.1641356201817E-15,-3.52495810318487E-15,1.0));
#12358=DIRECTION('',(0.0,-1.0,-3.52495810318487E-15));
#12359=CARTESIAN_POINT('',(0.0152,0.0606256607640495,-0.00437523923595041));
#12360=DIRECTION('',(0.0,0.0,-1.0));
#12361=DIRECTION('',(-1.0,0.0,0.0));
#12362=CARTESIAN_POINT('',(0.0152,0.0606256607640495,0.000424760764049603));
#12363=DIRECTION('',(3.1641356201817E-15,-3.52495810318487E-15,1.0));
#12364=DIRECTION('',(0.0,-1.0,-3.52495810318487E-15));
#12365=CARTESIAN_POINT('',(0.0152,0.0606256607640495,0.000424760764049603));
#12366=DIRECTION('',(3.1641356201817E-15,-3.52495810318487E-15,1.0));
#12367=DIRECTION('',(0.0,-1.0,-3.52495810318487E-15));
#12368=CARTESIAN_POINT('',(-0.0152,0.0606256607640495,-0.00437523923595041));
#12369=DIRECTION('',(0.0,0.0,-1.0));
#12370=DIRECTION('',(-1.0,0.0,0.0));
#12371=CARTESIAN_POINT('',(-0.0152,0.0606256607640495,0.0004247607640497));
#12372=DIRECTION('',(3.1641356201817E-15,-3.52495810318487E-15,1.0));
#12373=DIRECTION('',(0.0,-1.0,-3.52495810318487E-15));
#12374=CARTESIAN_POINT('',(-0.0152,0.0606256607640495,0.0004247607640497));
#12375=DIRECTION('',(3.1641356201817E-15,-3.52495810318487E-15,1.0));
#12376=DIRECTION('',(0.0,-1.0,-3.52495810318487E-15));
#12377=DIRECTION('',(0.577704691978572,-0.576640770091639,-0.577704691978578));
#12378=DIRECTION('',(-0.576995192478956,-0.578059768287283,0.576995192478954));
#12379=DIRECTION('',(0.577704691978574,0.576640770091639,0.577704691978577));
#12380=DIRECTION('',(0.576995192478958,-0.578059768287282,0.576995192478953));
#12381=DIRECTION('',(3.1641356201817E-15,-3.52495810318487E-15,1.0));
#12382=DIRECTION('',(3.1641356201817E-15,-3.52495810318487E-15,1.0));
#12383=DIRECTION('',(3.1641356201817E-15,-3.52495810318487E-15,1.0));
#12384=DIRECTION('',(3.1641356201817E-15,-3.52495810318487E-15,1.0));
#12385=DIRECTION('',(3.1641356201817E-15,-3.52495810318487E-15,1.0));
#12386=DIRECTION('',(3.1641356201817E-15,-3.52495810318487E-15,1.0));
#12387=DIRECTION('',(3.1641356201817E-15,-3.52495810318487E-15,1.0));
#12388=DIRECTION('',(3.1641356201817E-15,-3.52495810318487E-15,1.0));
#12389=DIRECTION('',(-3.1641356201817E-15,3.52495810318487E-15,-1.0));
#12390=DIRECTION('',(-3.1641356201817E-15,3.52495810318487E-15,-1.0));
#12391=DIRECTION('',(-3.1641356201817E-15,3.52495810318487E-15,-1.0));
#12392=DIRECTION('',(-3.1641356201817E-15,3.52495810318487E-15,-1.0));
#12393=DIRECTION('',(-3.1641356201817E-15,3.52495810318487E-15,-1.0));
#12394=DIRECTION('',(-3.1641356201817E-15,3.52495810318487E-15,-1.0));
#12395=DIRECTION('',(-3.1641356201817E-15,3.52495810318487E-15,-1.0));
#12396=DIRECTION('',(-3.1641356201817E-15,3.52495810318487E-15,-1.0));
#12397=DIRECTION('',(-3.1641356201817E-15,3.52495810318487E-15,-1.0));
#12398=DIRECTION('',(-3.1641356201817E-15,3.52495810318487E-15,-1.0));
#12399=DIRECTION('',(-3.1641356201817E-15,3.52495810318487E-15,-1.0));
#12400=DIRECTION('',(-3.1641356201817E-15,3.52495810318487E-15,-1.0));
#12401=DIRECTION('',(-3.1641356201817E-15,3.52495810318487E-15,-1.0));
#12402=DIRECTION('',(-3.1641356201817E-15,3.52495810318487E-15,-1.0));
#12403=DIRECTION('',(-3.1641356201817E-15,3.52495810318487E-15,-1.0));
#12404=DIRECTION('',(-3.1641356201817E-15,3.52495810318487E-15,-1.0));
#12405=DIRECTION('',(-3.1641356201817E-15,3.52495810318487E-15,-1.0));
#12406=DIRECTION('',(-3.1641356201817E-15,3.52495810318487E-15,-1.0));
ENDSEC;
END-ISO-10303-21;
