ISO-10303-21;
HEADER;
/* Generated by software containing ST-Developer
 * from STEP Tools, Inc. (www.steptools.com) 
 */

FILE_DESCRIPTION(
/* description */ (''),
/* implementation_level */ '2;1');

FILE_NAME(
/* name */ 'FilamentSampleRegal v10.step',
/* time_stamp */ '2025-12-06T12:35:20+01:00',
/* author */ (''),
/* organization */ (''),
/* preprocessor_version */ 'ST-DEVELOPER v20.1',
/* originating_system */ 'Autodesk Translation Framework v14.21.0.0',
/* authorisation */ '');

FILE_SCHEMA (('AUTOMOTIVE_DESIGN { 1 0 10303 214 3 1 1 }'));
ENDSEC;

DATA;
#10=MECHANICAL_DESIGN_GEOMETRIC_PRESENTATION_REPRESENTATION('',(#51,#52,
#53,#54,#55,#56,#57,#58,#59,#60,#61,#62,#63,#64,#65,#66,#67,#68,#69),#17213);
#11=CONTEXT_DEPENDENT_OVER_RIDING_STYLED_ITEM('',(#17279),#17243,#69,(#27));
#12=MAPPED_ITEM('',#13,#10361);
#13=REPRESENTATION_MAP(#10361,#17238);
#14=ELLIPSE('',#10352,6.22253967444166,4.40000000000003);
#15=ORIENTED_CLOSED_SHELL('',*,#9670,.F.);
#16=BREP_WITH_VOIDS('K\X\F6rper1',#9671,(#15));
#17=ITEM_DEFINED_TRANSFORMATION($,$,#10064,#10158);
#18=ITEM_DEFINED_TRANSFORMATION($,$,#9738,#10356);
#19=ITEM_DEFINED_TRANSFORMATION($,$,#10063,#10357);
#20=ITEM_DEFINED_TRANSFORMATION($,$,#10159,#10358);
#21=ITEM_DEFINED_TRANSFORMATION($,$,#10184,#10359);
#22=ITEM_DEFINED_TRANSFORMATION($,$,#10350,#10360);
#23=(
REPRESENTATION_RELATIONSHIP($,$,#17241,#17240)
REPRESENTATION_RELATIONSHIP_WITH_TRANSFORMATION(#17)
SHAPE_REPRESENTATION_RELATIONSHIP()
);
#24=(
REPRESENTATION_RELATIONSHIP($,$,#17239,#17238)
REPRESENTATION_RELATIONSHIP_WITH_TRANSFORMATION(#18)
SHAPE_REPRESENTATION_RELATIONSHIP()
);
#25=(
REPRESENTATION_RELATIONSHIP($,$,#17240,#17238)
REPRESENTATION_RELATIONSHIP_WITH_TRANSFORMATION(#19)
SHAPE_REPRESENTATION_RELATIONSHIP()
);
#26=(
REPRESENTATION_RELATIONSHIP($,$,#17242,#17238)
REPRESENTATION_RELATIONSHIP_WITH_TRANSFORMATION(#20)
SHAPE_REPRESENTATION_RELATIONSHIP()
);
#27=(
REPRESENTATION_RELATIONSHIP($,$,#17243,#17238)
REPRESENTATION_RELATIONSHIP_WITH_TRANSFORMATION(#21)
SHAPE_REPRESENTATION_RELATIONSHIP()
);
#28=(
REPRESENTATION_RELATIONSHIP($,$,#17244,#17238)
REPRESENTATION_RELATIONSHIP_WITH_TRANSFORMATION(#22)
SHAPE_REPRESENTATION_RELATIONSHIP()
);
#29=CONTEXT_DEPENDENT_SHAPE_REPRESENTATION(#23,#17229);
#30=CONTEXT_DEPENDENT_SHAPE_REPRESENTATION(#24,#17233);
#31=CONTEXT_DEPENDENT_SHAPE_REPRESENTATION(#25,#17234);
#32=CONTEXT_DEPENDENT_SHAPE_REPRESENTATION(#26,#17235);
#33=CONTEXT_DEPENDENT_SHAPE_REPRESENTATION(#27,#17236);
#34=CONTEXT_DEPENDENT_SHAPE_REPRESENTATION(#28,#17237);
#35=NEXT_ASSEMBLY_USAGE_OCCURRENCE('LED-Halter-Deckel:1',
'LED-Halter-Deckel:1','LED-Halter-Deckel:1',#17248,#17249,
'LED-Halter-Deckel:1');
#36=NEXT_ASSEMBLY_USAGE_OCCURRENCE('Halter:1','Halter:1','Halter:1',#17246,
#17247,'Halter:1');
#37=NEXT_ASSEMBLY_USAGE_OCCURRENCE('LED-Halter:1','LED-Halter:1',
'LED-Halter:1',#17246,#17248,'LED-Halter:1');
#38=NEXT_ASSEMBLY_USAGE_OCCURRENCE('SampleFuss:1','SampleFuss:1',
'SampleFuss:1',#17246,#17250,'SampleFuss:1');
#39=NEXT_ASSEMBLY_USAGE_OCCURRENCE('Schild:1','Schild:1','Schild:1',#17246,
#17251,'Schild:1');
#40=NEXT_ASSEMBLY_USAGE_OCCURRENCE('SchraubenKappe:1',
'SchraubenKappe:1','SchraubenKappe:1',#17246,#17252,'SchraubenKappe:1');
#41=SHAPE_REPRESENTATION_RELATIONSHIP('SRR','None',#17239,#46);
#42=SHAPE_REPRESENTATION_RELATIONSHIP('SRR','None',#17241,#47);
#43=SHAPE_REPRESENTATION_RELATIONSHIP('SRR','None',#17242,#48);
#44=SHAPE_REPRESENTATION_RELATIONSHIP('SRR','None',#17243,#49);
#45=SHAPE_REPRESENTATION_RELATIONSHIP('SRR','None',#17244,#50);
#46=ADVANCED_BREP_SHAPE_REPRESENTATION('',(#70),#17207);
#47=ADVANCED_BREP_SHAPE_REPRESENTATION('',(#71,#72,#73,#74,#75,#76,#77),
#17209);
#48=ADVANCED_BREP_SHAPE_REPRESENTATION('',(#16),#17210);
#49=ADVANCED_BREP_SHAPE_REPRESENTATION('',(#78,#79,#80,#81,#82,#83,#84,
#85),#17211);
#50=ADVANCED_BREP_SHAPE_REPRESENTATION('',(#86),#17212);
#51=STYLED_ITEM('',(#17277),#70);
#52=STYLED_ITEM('',(#17279),#71);
#53=STYLED_ITEM('',(#17279),#72);
#54=STYLED_ITEM('',(#17279),#73);
#55=STYLED_ITEM('',(#17279),#74);
#56=STYLED_ITEM('',(#17279),#75);
#57=STYLED_ITEM('',(#17279),#76);
#58=STYLED_ITEM('',(#17277),#77);
#59=STYLED_ITEM('',(#17278),#16);
#60=STYLED_ITEM('',(#17277),#78);
#61=STYLED_ITEM('',(#17279),#79);
#62=STYLED_ITEM('',(#17279),#80);
#63=STYLED_ITEM('',(#17279),#81);
#64=STYLED_ITEM('',(#17279),#82);
#65=STYLED_ITEM('',(#17279),#83);
#66=STYLED_ITEM('',(#17279),#84);
#67=STYLED_ITEM('',(#17279),#85);
#68=STYLED_ITEM('',(#17278),#86);
#69=STYLED_ITEM('',(#17281),#12);
#70=MANIFOLD_SOLID_BREP('K\X\F6rper12',#9662);
#71=MANIFOLD_SOLID_BREP('K\X\F6rper2',#9663);
#72=MANIFOLD_SOLID_BREP('K\X\F6rper3',#9664);
#73=MANIFOLD_SOLID_BREP('K\X\F6rper4',#9665);
#74=MANIFOLD_SOLID_BREP('K\X\F6rper5',#9666);
#75=MANIFOLD_SOLID_BREP('K\X\F6rper6',#9667);
#76=MANIFOLD_SOLID_BREP('K\X\F6rper7',#9668);
#77=MANIFOLD_SOLID_BREP('K\X\F6rper12',#9669);
#78=MANIFOLD_SOLID_BREP('K\X\F6rper1',#9672);
#79=MANIFOLD_SOLID_BREP('K\X\F6rper9',#9673);
#80=MANIFOLD_SOLID_BREP('K\X\F6rper10',#9674);
#81=MANIFOLD_SOLID_BREP('K\X\F6rper11',#9675);
#82=MANIFOLD_SOLID_BREP('K\X\F6rper12',#9676);
#83=MANIFOLD_SOLID_BREP('K\X\F6rper13',#9677);
#84=MANIFOLD_SOLID_BREP('K\X\F6rper14',#9678);
#85=MANIFOLD_SOLID_BREP('K\X\F6rper15',#9679);
#86=MANIFOLD_SOLID_BREP('K\X\F6rper1',#9680);
#87=B_SPLINE_CURVE_WITH_KNOTS('',3,(#13463,#13464,#13465,#13466,#13467,
#13468,#13469,#13470,#13471,#13472,#13473,#13474,#13475,#13476),
 .UNSPECIFIED.,.F.,.F.,(4,1,1,1,1,1,1,1,1,1,1,4),(-3.14159265358979,-2.69279370307697,
-2.24399475256414,-1.34639685153848,-1.0471975511966,-0.448798950512828,
-0.149599650170943,0.149599650170943,0.448798950512828,0.897597901025655,
1.34639685153848,1.66495486240518),.UNSPECIFIED.);
#88=B_SPLINE_CURVE_WITH_KNOTS('',3,(#13477,#13478,#13479,#13480,#13481,
#13482,#13483),.UNSPECIFIED.,.F.,.F.,(4,1,1,1,4),(1.66495486240518,1.79519580205131,
2.24399475256414,2.69279370307697,3.14159265358979),.UNSPECIFIED.);
#89=B_SPLINE_CURVE_WITH_KNOTS('',3,(#13484,#13485,#13486,#13487,#13488,
#13489,#13490,#13491,#13492,#13493,#13494,#13495,#13496,#13497,#13498,#13499,
#13500),.UNSPECIFIED.,.T.,.F.,(4,1,1,1,1,1,1,1,1,1,1,1,1,1,4),(-3.14159265358979,
-2.69279370307697,-2.24399475256414,-1.79519580205131,-1.34639685153848,
-0.897597901025655,-0.448798950512828,-0.149599650170943,0.149599650170943,
0.448798950512828,1.0471975511966,1.34639685153848,2.24399475256414,2.69279370307697,
3.14159265358979),.UNSPECIFIED.);
#90=B_SPLINE_CURVE_WITH_KNOTS('',3,(#13583,#13584,#13585,#13586,#13587,
#13588,#13589,#13590,#13591,#13592,#13593,#13594,#13595,#13596,#13597,#13598),
 .UNSPECIFIED.,.T.,.F.,(4,1,1,1,1,1,1,1,1,1,1,1,1,4),(-3.14159265358979,
-2.69279370307697,-2.24399475256414,-1.34639685153848,-0.897597901025655,
-0.448798950512828,-0.149599650170943,0.149599650170943,0.448798950512828,
1.0471975511966,1.34639685153848,2.24399475256414,2.69279370307697,3.14159265358979),
 .UNSPECIFIED.);
#91=B_SPLINE_CURVE_WITH_KNOTS('',3,(#13668,#13669,#13670,#13671,#13672,
#13673),.UNSPECIFIED.,.F.,.F.,(4,1,1,4),(-3.14159265358979,-2.69279370307697,
-2.24399475256414,-1.66495486236371),.UNSPECIFIED.);
#92=B_SPLINE_CURVE_WITH_KNOTS('',3,(#13674,#13675,#13676,#13677,#13678,
#13679,#13680,#13681,#13682,#13683,#13684,#13685,#13686,#13687),
 .UNSPECIFIED.,.F.,.F.,(4,1,1,1,1,1,1,1,1,1,1,4),(-1.66495486236371,-1.34639685153848,
-1.0471975511966,-0.448798950512828,-0.149599650170943,0.149599650170943,
0.448798950512828,0.897597901025655,1.34639685153848,2.24399475256414,2.69279370307697,
3.14159265358979),.UNSPECIFIED.);
#93=B_SPLINE_CURVE_WITH_KNOTS('',3,(#14380,#14381,#14382,#14383,#14384),
 .UNSPECIFIED.,.F.,.F.,(4,1,4),(0.,0.109555886998576,0.173428091113908),
 .UNSPECIFIED.);
#94=B_SPLINE_CURVE_WITH_KNOTS('',3,(#14386,#14387,#14388,#14389,#14390),
 .UNSPECIFIED.,.F.,.F.,(4,1,4),(0.,0.0623974076188037,0.127138131582043),
 .UNSPECIFIED.);
#95=B_SPLINE_CURVE_WITH_KNOTS('',3,(#14392,#14393,#14394,#14395,#14396),
 .UNSPECIFIED.,.F.,.F.,(4,1,4),(0.,0.0696265297140317,0.14834996098419),
 .UNSPECIFIED.);
#96=B_SPLINE_CURVE_WITH_KNOTS('',3,(#14398,#14399,#14400,#14401,#14402),
 .UNSPECIFIED.,.F.,.F.,(4,1,4),(0.,0.0613190998038587,0.114913609352292),
 .UNSPECIFIED.);
#97=B_SPLINE_CURVE_WITH_KNOTS('',3,(#14404,#14405,#14406,#14407,#14408),
 .UNSPECIFIED.,.F.,.F.,(4,1,4),(0.,0.0487154106920161,0.0943521600174443),
 .UNSPECIFIED.);
#98=B_SPLINE_CURVE_WITH_KNOTS('',3,(#14410,#14411,#14412,#14413,#14414),
 .UNSPECIFIED.,.F.,.F.,(4,1,4),(0.,0.0430915196760753,0.0831614930757539),
 .UNSPECIFIED.);
#99=B_SPLINE_CURVE_WITH_KNOTS('',3,(#14416,#14417,#14418,#14419,#14420),
 .UNSPECIFIED.,.F.,.F.,(4,1,4),(0.,0.064192216853115,0.151283575491248),
 .UNSPECIFIED.);
#100=B_SPLINE_CURVE_WITH_KNOTS('',3,(#14450,#14451,#14452,#14453,#14454),
 .UNSPECIFIED.,.F.,.F.,(4,1,4),(0.,0.0696801272356949,0.154287077002762),
 .UNSPECIFIED.);
#101=B_SPLINE_CURVE_WITH_KNOTS('',3,(#14456,#14457,#14458,#14459,#14460),
 .UNSPECIFIED.,.F.,.F.,(4,1,4),(0.,0.0908130073688295,0.179554904830592),
 .UNSPECIFIED.);
#102=B_SPLINE_CURVE_WITH_KNOTS('',3,(#14462,#14463,#14464,#14465,#14466),
 .UNSPECIFIED.,.F.,.F.,(4,1,4),(0.,0.106377907204039,0.204286266199798),
 .UNSPECIFIED.);
#103=B_SPLINE_CURVE_WITH_KNOTS('',3,(#14468,#14469,#14470,#14471,#14472),
 .UNSPECIFIED.,.F.,.F.,(4,1,4),(0.,0.0934089897896259,0.187501783264847),
 .UNSPECIFIED.);
#104=B_SPLINE_CURVE_WITH_KNOTS('',3,(#14474,#14475,#14476,#14477,#14478),
 .UNSPECIFIED.,.F.,.F.,(4,1,4),(0.,0.0973256237475205,0.197644145357598),
 .UNSPECIFIED.);
#105=B_SPLINE_CURVE_WITH_KNOTS('',3,(#14480,#14481,#14482,#14483,#14484),
 .UNSPECIFIED.,.F.,.F.,(4,1,4),(0.,0.106859455007551,0.206994525504222),
 .UNSPECIFIED.);
#106=B_SPLINE_CURVE_WITH_KNOTS('',3,(#14486,#14487,#14488,#14489,#14490),
 .UNSPECIFIED.,.F.,.F.,(4,1,4),(0.,0.0966303651502849,0.194716232262971),
 .UNSPECIFIED.);
#107=B_SPLINE_CURVE_WITH_KNOTS('',3,(#14492,#14493,#14494,#14495,#14496),
 .UNSPECIFIED.,.F.,.F.,(4,1,4),(0.,0.0822416671756541,0.177331049980536),
 .UNSPECIFIED.);
#108=B_SPLINE_CURVE_WITH_KNOTS('',3,(#14498,#14499,#14500,#14501,#14502),
 .UNSPECIFIED.,.F.,.F.,(4,1,4),(0.,0.120231467028579,0.219679107561864),
 .UNSPECIFIED.);
#109=B_SPLINE_CURVE_WITH_KNOTS('',3,(#14504,#14505,#14506,#14507,#14508),
 .UNSPECIFIED.,.F.,.F.,(4,1,4),(0.,0.0912312093995209,0.186388578513244),
 .UNSPECIFIED.);
#110=B_SPLINE_CURVE_WITH_KNOTS('',3,(#14512,#14513,#14514,#14515,#14516),
 .UNSPECIFIED.,.F.,.F.,(4,1,4),(0.,0.0522721632016639,0.102893522359949),
 .UNSPECIFIED.);
#111=B_SPLINE_CURVE_WITH_KNOTS('',3,(#14518,#14519,#14520,#14521,#14522),
 .UNSPECIFIED.,.F.,.F.,(4,1,4),(0.,0.0525241477805586,0.110679431145997),
 .UNSPECIFIED.);
#112=B_SPLINE_CURVE_WITH_KNOTS('',3,(#14524,#14525,#14526,#14527,#14528),
 .UNSPECIFIED.,.F.,.F.,(4,1,4),(0.,0.0868416386163318,0.166892747803375),
 .UNSPECIFIED.);
#113=B_SPLINE_CURVE_WITH_KNOTS('',3,(#14530,#14531,#14532,#14533,#14534),
 .UNSPECIFIED.,.F.,.F.,(4,1,4),(0.,0.0860632900905392,0.191249849849451),
 .UNSPECIFIED.);
#114=B_SPLINE_CURVE_WITH_KNOTS('',3,(#14536,#14537,#14538,#14539,#14540),
 .UNSPECIFIED.,.F.,.F.,(4,1,4),(0.,0.113063048616908,0.203861160139876),
 .UNSPECIFIED.);
#115=B_SPLINE_CURVE_WITH_KNOTS('',3,(#14542,#14543,#14544,#14545,#14546),
 .UNSPECIFIED.,.F.,.F.,(4,1,4),(0.,0.0814977830813001,0.1665139115447),
 .UNSPECIFIED.);
#116=B_SPLINE_CURVE_WITH_KNOTS('',3,(#14548,#14549,#14550,#14551,#14552),
 .UNSPECIFIED.,.F.,.F.,(4,1,4),(0.,0.0459555921511445,0.0937453691791716),
 .UNSPECIFIED.);
#117=B_SPLINE_CURVE_WITH_KNOTS('',3,(#14554,#14555,#14556,#14557,#14558),
 .UNSPECIFIED.,.F.,.F.,(4,1,4),(0.,0.0470499230982283,0.0902491851154756),
 .UNSPECIFIED.);
#118=B_SPLINE_CURVE_WITH_KNOTS('',3,(#14566,#14567,#14568,#14569,#14570),
 .UNSPECIFIED.,.F.,.F.,(4,1,4),(0.,0.111407233707927,0.208453479354235),
 .UNSPECIFIED.);
#119=B_SPLINE_CURVE_WITH_KNOTS('',3,(#14572,#14573,#14574,#14575,#14576),
 .UNSPECIFIED.,.F.,.F.,(4,1,4),(0.,0.095681144263308,0.202421683961679),
 .UNSPECIFIED.);
#120=B_SPLINE_CURVE_WITH_KNOTS('',3,(#14578,#14579,#14580,#14581,#14582),
 .UNSPECIFIED.,.F.,.F.,(4,1,4),(0.,0.132918050543308,0.261162265940303),
 .UNSPECIFIED.);
#121=B_SPLINE_CURVE_WITH_KNOTS('',3,(#14584,#14585,#14586,#14587,#14588),
 .UNSPECIFIED.,.F.,.F.,(4,1,4),(0.,0.135071283442836,0.288758713818714),
 .UNSPECIFIED.);
#122=B_SPLINE_CURVE_WITH_KNOTS('',3,(#14590,#14591,#14592,#14593,#14594),
 .UNSPECIFIED.,.F.,.F.,(4,1,4),(0.,0.161356943501754,0.2996822343134),
 .UNSPECIFIED.);
#123=B_SPLINE_CURVE_WITH_KNOTS('',3,(#14596,#14597,#14598,#14599,#14600),
 .UNSPECIFIED.,.F.,.F.,(4,1,4),(0.,0.130790282009927,0.26969143271654),
 .UNSPECIFIED.);
#124=B_SPLINE_CURVE_WITH_KNOTS('',3,(#14602,#14603,#14604,#14605,#14606),
 .UNSPECIFIED.,.F.,.F.,(4,1,4),(0.,0.121294696000988,0.23282210066728),
 .UNSPECIFIED.);
#125=B_SPLINE_CURVE_WITH_KNOTS('',3,(#14608,#14609,#14610,#14611,#14612),
 .UNSPECIFIED.,.F.,.F.,(4,1,4),(0.,0.0707750026357042,0.153083877243655),
 .UNSPECIFIED.);
#126=B_SPLINE_CURVE_WITH_KNOTS('',3,(#14616,#14617,#14618,#14619,#14620),
 .UNSPECIFIED.,.F.,.F.,(4,1,4),(0.,0.0538322768302208,0.104775503734012),
 .UNSPECIFIED.);
#127=B_SPLINE_CURVE_WITH_KNOTS('',3,(#14622,#14623,#14624,#14625,#14626),
 .UNSPECIFIED.,.F.,.F.,(4,1,4),(0.,0.0510394018018778,0.105243178804312),
 .UNSPECIFIED.);
#128=B_SPLINE_CURVE_WITH_KNOTS('',3,(#14628,#14629,#14630,#14631,#14632),
 .UNSPECIFIED.,.F.,.F.,(4,1,4),(0.,0.0739128099050714,0.145691867762931),
 .UNSPECIFIED.);
#129=B_SPLINE_CURVE_WITH_KNOTS('',3,(#14634,#14635,#14636,#14637,#14638),
 .UNSPECIFIED.,.F.,.F.,(4,1,4),(0.,0.0840404940608385,0.195611916426358),
 .UNSPECIFIED.);
#130=B_SPLINE_CURVE_WITH_KNOTS('',3,(#14640,#14641,#14642,#14643,#14644),
 .UNSPECIFIED.,.F.,.F.,(4,1,4),(0.,0.117532577968213,0.203430236670646),
 .UNSPECIFIED.);
#131=B_SPLINE_CURVE_WITH_KNOTS('',3,(#14646,#14647,#14648,#14649,#14650),
 .UNSPECIFIED.,.F.,.F.,(4,1,4),(0.,0.0712687007040039,0.143941787759718),
 .UNSPECIFIED.);
#132=B_SPLINE_CURVE_WITH_KNOTS('',3,(#14652,#14653,#14654,#14655,#14656),
 .UNSPECIFIED.,.F.,.F.,(4,1,4),(0.,0.0546831003237797,0.108168162615952),
 .UNSPECIFIED.);
#133=B_SPLINE_CURVE_WITH_KNOTS('',3,(#14658,#14659,#14660,#14661,#14662),
 .UNSPECIFIED.,.F.,.F.,(4,1,4),(0.,0.0594273864825614,0.132044045996346),
 .UNSPECIFIED.);
#134=B_SPLINE_CURVE_WITH_KNOTS('',3,(#14758,#14759,#14760,#14761,#14762),
 .UNSPECIFIED.,.F.,.F.,(4,1,4),(0.,0.0717609294837226,0.115803082945262),
 .UNSPECIFIED.);
#135=B_SPLINE_CURVE_WITH_KNOTS('',3,(#14765,#14766,#14767,#14768,#14769),
 .UNSPECIFIED.,.F.,.F.,(4,1,4),(0.,0.0717609294837226,0.115803082945262),
 .UNSPECIFIED.);
#136=B_SPLINE_CURVE_WITH_KNOTS('',3,(#14781,#14782,#14783,#14784,#14785),
 .UNSPECIFIED.,.F.,.F.,(4,1,4),(0.,0.0296297217518533,0.0582517107698779),
 .UNSPECIFIED.);
#137=B_SPLINE_CURVE_WITH_KNOTS('',3,(#14788,#14789,#14790,#14791,#14792),
 .UNSPECIFIED.,.F.,.F.,(4,1,4),(0.,0.0296297217518533,0.0582517107698779),
 .UNSPECIFIED.);
#138=B_SPLINE_CURVE_WITH_KNOTS('',3,(#14804,#14805,#14806,#14807,#14808),
 .UNSPECIFIED.,.F.,.F.,(4,1,4),(0.,0.0288067627780418,0.0590468855074333),
 .UNSPECIFIED.);
#139=B_SPLINE_CURVE_WITH_KNOTS('',3,(#14811,#14812,#14813,#14814,#14815),
 .UNSPECIFIED.,.F.,.F.,(4,1,4),(0.,0.0288067627780418,0.0590468855074333),
 .UNSPECIFIED.);
#140=B_SPLINE_CURVE_WITH_KNOTS('',3,(#14827,#14828,#14829,#14830,#14831),
 .UNSPECIFIED.,.F.,.F.,(4,1,4),(0.,0.0363141316240519,0.0700687502545823),
 .UNSPECIFIED.);
#141=B_SPLINE_CURVE_WITH_KNOTS('',3,(#14834,#14835,#14836,#14837,#14838),
 .UNSPECIFIED.,.F.,.F.,(4,1,4),(0.,0.0363141316240519,0.0700687502545823),
 .UNSPECIFIED.);
#142=B_SPLINE_CURVE_WITH_KNOTS('',3,(#14850,#14851,#14852,#14853,#14854),
 .UNSPECIFIED.,.F.,.F.,(4,1,4),(0.,0.0333848044967094,0.0675551342342487),
 .UNSPECIFIED.);
#143=B_SPLINE_CURVE_WITH_KNOTS('',3,(#14857,#14858,#14859,#14860,#14861),
 .UNSPECIFIED.,.F.,.F.,(4,1,4),(0.,0.0333848044967094,0.0675551342342487),
 .UNSPECIFIED.);
#144=B_SPLINE_CURVE_WITH_KNOTS('',3,(#14873,#14874,#14875,#14876,#14877),
 .UNSPECIFIED.,.F.,.F.,(4,1,4),(0.,0.0393406464216633,0.104795560553242),
 .UNSPECIFIED.);
#145=B_SPLINE_CURVE_WITH_KNOTS('',3,(#14880,#14881,#14882,#14883,#14884),
 .UNSPECIFIED.,.F.,.F.,(4,1,4),(0.,0.0393406464216633,0.104795560553242),
 .UNSPECIFIED.);
#146=B_SPLINE_CURVE_WITH_KNOTS('',3,(#14911,#14912,#14913,#14914,#14915),
 .UNSPECIFIED.,.F.,.F.,(4,1,4),(0.,0.109555886998576,0.173428091113908),
 .UNSPECIFIED.);
#147=B_SPLINE_CURVE_WITH_KNOTS('',3,(#14928,#14929,#14930,#14931,#14932),
 .UNSPECIFIED.,.F.,.F.,(4,1,4),(0.,0.0623974076188037,0.127138131582043),
 .UNSPECIFIED.);
#148=B_SPLINE_CURVE_WITH_KNOTS('',3,(#14945,#14946,#14947,#14948,#14949),
 .UNSPECIFIED.,.F.,.F.,(4,1,4),(0.,0.0696265297140317,0.14834996098419),
 .UNSPECIFIED.);
#149=B_SPLINE_CURVE_WITH_KNOTS('',3,(#14962,#14963,#14964,#14965,#14966),
 .UNSPECIFIED.,.F.,.F.,(4,1,4),(0.,0.0613190998038587,0.114913609352292),
 .UNSPECIFIED.);
#150=B_SPLINE_CURVE_WITH_KNOTS('',3,(#14979,#14980,#14981,#14982,#14983),
 .UNSPECIFIED.,.F.,.F.,(4,1,4),(0.,0.0487154106920161,0.0943521600174443),
 .UNSPECIFIED.);
#151=B_SPLINE_CURVE_WITH_KNOTS('',3,(#14996,#14997,#14998,#14999,#15000),
 .UNSPECIFIED.,.F.,.F.,(4,1,4),(0.,0.0430915196760753,0.0831614930757539),
 .UNSPECIFIED.);
#152=B_SPLINE_CURVE_WITH_KNOTS('',3,(#15013,#15014,#15015,#15016,#15017),
 .UNSPECIFIED.,.F.,.F.,(4,1,4),(0.,0.064192216853115,0.151283575491248),
 .UNSPECIFIED.);
#153=B_SPLINE_CURVE_WITH_KNOTS('',3,(#15088,#15089,#15090,#15091,#15092),
 .UNSPECIFIED.,.F.,.F.,(4,1,4),(0.,0.0696801272356949,0.154287077002762),
 .UNSPECIFIED.);
#154=B_SPLINE_CURVE_WITH_KNOTS('',3,(#15105,#15106,#15107,#15108,#15109),
 .UNSPECIFIED.,.F.,.F.,(4,1,4),(0.,0.0908130073688295,0.179554904830592),
 .UNSPECIFIED.);
#155=B_SPLINE_CURVE_WITH_KNOTS('',3,(#15122,#15123,#15124,#15125,#15126),
 .UNSPECIFIED.,.F.,.F.,(4,1,4),(0.,0.106377907204039,0.204286266199798),
 .UNSPECIFIED.);
#156=B_SPLINE_CURVE_WITH_KNOTS('',3,(#15139,#15140,#15141,#15142,#15143),
 .UNSPECIFIED.,.F.,.F.,(4,1,4),(0.,0.0934089897896259,0.187501783264847),
 .UNSPECIFIED.);
#157=B_SPLINE_CURVE_WITH_KNOTS('',3,(#15156,#15157,#15158,#15159,#15160),
 .UNSPECIFIED.,.F.,.F.,(4,1,4),(0.,0.0973256237475205,0.197644145357598),
 .UNSPECIFIED.);
#158=B_SPLINE_CURVE_WITH_KNOTS('',3,(#15173,#15174,#15175,#15176,#15177),
 .UNSPECIFIED.,.F.,.F.,(4,1,4),(0.,0.106859455007551,0.206994525504222),
 .UNSPECIFIED.);
#159=B_SPLINE_CURVE_WITH_KNOTS('',3,(#15190,#15191,#15192,#15193,#15194),
 .UNSPECIFIED.,.F.,.F.,(4,1,4),(0.,0.0966303651502849,0.194716232262971),
 .UNSPECIFIED.);
#160=B_SPLINE_CURVE_WITH_KNOTS('',3,(#15207,#15208,#15209,#15210,#15211),
 .UNSPECIFIED.,.F.,.F.,(4,1,4),(0.,0.0822416671756541,0.177331049980536),
 .UNSPECIFIED.);
#161=B_SPLINE_CURVE_WITH_KNOTS('',3,(#15224,#15225,#15226,#15227,#15228),
 .UNSPECIFIED.,.F.,.F.,(4,1,4),(0.,0.120231467028579,0.219679107561864),
 .UNSPECIFIED.);
#162=B_SPLINE_CURVE_WITH_KNOTS('',3,(#15241,#15242,#15243,#15244,#15245),
 .UNSPECIFIED.,.F.,.F.,(4,1,4),(0.,0.0912312093995209,0.186388578513244),
 .UNSPECIFIED.);
#163=B_SPLINE_CURVE_WITH_KNOTS('',3,(#15262,#15263,#15264,#15265,#15266),
 .UNSPECIFIED.,.F.,.F.,(4,1,4),(0.,0.0522721632016639,0.102893522359949),
 .UNSPECIFIED.);
#164=B_SPLINE_CURVE_WITH_KNOTS('',3,(#15279,#15280,#15281,#15282,#15283),
 .UNSPECIFIED.,.F.,.F.,(4,1,4),(0.,0.0525241477805586,0.110679431145997),
 .UNSPECIFIED.);
#165=B_SPLINE_CURVE_WITH_KNOTS('',3,(#15296,#15297,#15298,#15299,#15300),
 .UNSPECIFIED.,.F.,.F.,(4,1,4),(0.,0.0868416386163318,0.166892747803375),
 .UNSPECIFIED.);
#166=B_SPLINE_CURVE_WITH_KNOTS('',3,(#15313,#15314,#15315,#15316,#15317),
 .UNSPECIFIED.,.F.,.F.,(4,1,4),(0.,0.0860632900905392,0.191249849849451),
 .UNSPECIFIED.);
#167=B_SPLINE_CURVE_WITH_KNOTS('',3,(#15330,#15331,#15332,#15333,#15334),
 .UNSPECIFIED.,.F.,.F.,(4,1,4),(0.,0.113063048616908,0.203861160139876),
 .UNSPECIFIED.);
#168=B_SPLINE_CURVE_WITH_KNOTS('',3,(#15347,#15348,#15349,#15350,#15351),
 .UNSPECIFIED.,.F.,.F.,(4,1,4),(0.,0.0814977830813001,0.1665139115447),
 .UNSPECIFIED.);
#169=B_SPLINE_CURVE_WITH_KNOTS('',3,(#15364,#15365,#15366,#15367,#15368),
 .UNSPECIFIED.,.F.,.F.,(4,1,4),(0.,0.0459555921511445,0.0937453691791716),
 .UNSPECIFIED.);
#170=B_SPLINE_CURVE_WITH_KNOTS('',3,(#15381,#15382,#15383,#15384,#15385),
 .UNSPECIFIED.,.F.,.F.,(4,1,4),(0.,0.0470499230982283,0.0902491851154756),
 .UNSPECIFIED.);
#171=B_SPLINE_CURVE_WITH_KNOTS('',3,(#15410,#15411,#15412,#15413,#15414),
 .UNSPECIFIED.,.F.,.F.,(4,1,4),(0.,0.111407233707927,0.208453479354235),
 .UNSPECIFIED.);
#172=B_SPLINE_CURVE_WITH_KNOTS('',3,(#15428,#15429,#15430,#15431,#15432),
 .UNSPECIFIED.,.F.,.F.,(4,1,4),(0.,0.095681144263308,0.202421683961679),
 .UNSPECIFIED.);
#173=B_SPLINE_CURVE_WITH_KNOTS('',3,(#15445,#15446,#15447,#15448,#15449),
 .UNSPECIFIED.,.F.,.F.,(4,1,4),(0.,0.132918050543308,0.261162265940303),
 .UNSPECIFIED.);
#174=B_SPLINE_CURVE_WITH_KNOTS('',3,(#15462,#15463,#15464,#15465,#15466),
 .UNSPECIFIED.,.F.,.F.,(4,1,4),(0.,0.135071283442836,0.288758713818714),
 .UNSPECIFIED.);
#175=B_SPLINE_CURVE_WITH_KNOTS('',3,(#15479,#15480,#15481,#15482,#15483),
 .UNSPECIFIED.,.F.,.F.,(4,1,4),(0.,0.161356943501754,0.2996822343134),
 .UNSPECIFIED.);
#176=B_SPLINE_CURVE_WITH_KNOTS('',3,(#15496,#15497,#15498,#15499,#15500),
 .UNSPECIFIED.,.F.,.F.,(4,1,4),(0.,0.130790282009927,0.26969143271654),
 .UNSPECIFIED.);
#177=B_SPLINE_CURVE_WITH_KNOTS('',3,(#15513,#15514,#15515,#15516,#15517),
 .UNSPECIFIED.,.F.,.F.,(4,1,4),(0.,0.121294696000988,0.23282210066728),
 .UNSPECIFIED.);
#178=B_SPLINE_CURVE_WITH_KNOTS('',3,(#15530,#15531,#15532,#15533,#15534),
 .UNSPECIFIED.,.F.,.F.,(4,1,4),(0.,0.0707750026357042,0.153083877243655),
 .UNSPECIFIED.);
#179=B_SPLINE_CURVE_WITH_KNOTS('',3,(#15551,#15552,#15553,#15554,#15555),
 .UNSPECIFIED.,.F.,.F.,(4,1,4),(0.,0.0538322768302208,0.104775503734012),
 .UNSPECIFIED.);
#180=B_SPLINE_CURVE_WITH_KNOTS('',3,(#15568,#15569,#15570,#15571,#15572),
 .UNSPECIFIED.,.F.,.F.,(4,1,4),(0.,0.0510394018018778,0.105243178804312),
 .UNSPECIFIED.);
#181=B_SPLINE_CURVE_WITH_KNOTS('',3,(#15585,#15586,#15587,#15588,#15589),
 .UNSPECIFIED.,.F.,.F.,(4,1,4),(0.,0.0739128099050714,0.145691867762931),
 .UNSPECIFIED.);
#182=B_SPLINE_CURVE_WITH_KNOTS('',3,(#15602,#15603,#15604,#15605,#15606),
 .UNSPECIFIED.,.F.,.F.,(4,1,4),(0.,0.0840404940608385,0.195611916426358),
 .UNSPECIFIED.);
#183=B_SPLINE_CURVE_WITH_KNOTS('',3,(#15619,#15620,#15621,#15622,#15623),
 .UNSPECIFIED.,.F.,.F.,(4,1,4),(0.,0.117532577968213,0.203430236670646),
 .UNSPECIFIED.);
#184=B_SPLINE_CURVE_WITH_KNOTS('',3,(#15636,#15637,#15638,#15639,#15640),
 .UNSPECIFIED.,.F.,.F.,(4,1,4),(0.,0.0712687007040039,0.143941787759718),
 .UNSPECIFIED.);
#185=B_SPLINE_CURVE_WITH_KNOTS('',3,(#15653,#15654,#15655,#15656,#15657),
 .UNSPECIFIED.,.F.,.F.,(4,1,4),(0.,0.0546831003237797,0.108168162615952),
 .UNSPECIFIED.);
#186=B_SPLINE_CURVE_WITH_KNOTS('',3,(#15670,#15671,#15672,#15673,#15674),
 .UNSPECIFIED.,.F.,.F.,(4,1,4),(0.,0.0594273864825614,0.132044045996346),
 .UNSPECIFIED.);
#187=B_SPLINE_CURVE_WITH_KNOTS('',3,(#15962,#15963,#15964,#15965,#15966),
 .UNSPECIFIED.,.F.,.F.,(4,1,4),(0.,0.111407233707927,0.208453479354235),
 .UNSPECIFIED.);
#188=B_SPLINE_CURVE_WITH_KNOTS('',3,(#15970,#15971,#15972,#15973,#15974),
 .UNSPECIFIED.,.F.,.F.,(4,1,4),(-0.208453479354235,-0.111407233707927,0.),
 .UNSPECIFIED.);
#189=B_SPLINE_CURVE_WITH_KNOTS('',3,(#15987,#15988,#15989,#15990,#15991),
 .UNSPECIFIED.,.F.,.F.,(4,1,4),(0.,0.095681144263308,0.202421683961679),
 .UNSPECIFIED.);
#190=B_SPLINE_CURVE_WITH_KNOTS('',3,(#15993,#15994,#15995,#15996,#15997),
 .UNSPECIFIED.,.F.,.F.,(4,1,4),(-0.202421683961679,-0.095681144263308,0.),
 .UNSPECIFIED.);
#191=B_SPLINE_CURVE_WITH_KNOTS('',3,(#16010,#16011,#16012,#16013,#16014),
 .UNSPECIFIED.,.F.,.F.,(4,1,4),(0.,0.132918050543308,0.261162265940303),
 .UNSPECIFIED.);
#192=B_SPLINE_CURVE_WITH_KNOTS('',3,(#16016,#16017,#16018,#16019,#16020),
 .UNSPECIFIED.,.F.,.F.,(4,1,4),(-0.261162265940303,-0.132918050543308,0.),
 .UNSPECIFIED.);
#193=B_SPLINE_CURVE_WITH_KNOTS('',3,(#16033,#16034,#16035,#16036,#16037),
 .UNSPECIFIED.,.F.,.F.,(4,1,4),(0.,0.135071283442836,0.288758713818714),
 .UNSPECIFIED.);
#194=B_SPLINE_CURVE_WITH_KNOTS('',3,(#16039,#16040,#16041,#16042,#16043),
 .UNSPECIFIED.,.F.,.F.,(4,1,4),(-0.288758713818714,-0.135071283442836,0.),
 .UNSPECIFIED.);
#195=B_SPLINE_CURVE_WITH_KNOTS('',3,(#16056,#16057,#16058,#16059,#16060),
 .UNSPECIFIED.,.F.,.F.,(4,1,4),(0.,0.161356943501754,0.2996822343134),
 .UNSPECIFIED.);
#196=B_SPLINE_CURVE_WITH_KNOTS('',3,(#16062,#16063,#16064,#16065,#16066),
 .UNSPECIFIED.,.F.,.F.,(4,1,4),(-0.2996822343134,-0.161356943501754,0.),
 .UNSPECIFIED.);
#197=B_SPLINE_CURVE_WITH_KNOTS('',3,(#16079,#16080,#16081,#16082,#16083),
 .UNSPECIFIED.,.F.,.F.,(4,1,4),(0.,0.130790282009927,0.26969143271654),
 .UNSPECIFIED.);
#198=B_SPLINE_CURVE_WITH_KNOTS('',3,(#16085,#16086,#16087,#16088,#16089),
 .UNSPECIFIED.,.F.,.F.,(4,1,4),(-0.26969143271654,-0.130790282009927,0.),
 .UNSPECIFIED.);
#199=B_SPLINE_CURVE_WITH_KNOTS('',3,(#16102,#16103,#16104,#16105,#16106),
 .UNSPECIFIED.,.F.,.F.,(4,1,4),(0.,0.121294696000988,0.23282210066728),
 .UNSPECIFIED.);
#200=B_SPLINE_CURVE_WITH_KNOTS('',3,(#16108,#16109,#16110,#16111,#16112),
 .UNSPECIFIED.,.F.,.F.,(4,1,4),(-0.23282210066728,-0.121294696000988,0.),
 .UNSPECIFIED.);
#201=B_SPLINE_CURVE_WITH_KNOTS('',3,(#16125,#16126,#16127,#16128,#16129),
 .UNSPECIFIED.,.F.,.F.,(4,1,4),(0.,0.0707750026357042,0.153083877243655),
 .UNSPECIFIED.);
#202=B_SPLINE_CURVE_WITH_KNOTS('',3,(#16131,#16132,#16133,#16134,#16135),
 .UNSPECIFIED.,.F.,.F.,(4,1,4),(-0.153083877243655,-0.0707750026357042,
0.),.UNSPECIFIED.);
#203=B_SPLINE_CURVE_WITH_KNOTS('',3,(#16154,#16155,#16156,#16157,#16158),
 .UNSPECIFIED.,.F.,.F.,(4,1,4),(0.,0.0538322768302208,0.104775503734012),
 .UNSPECIFIED.);
#204=B_SPLINE_CURVE_WITH_KNOTS('',3,(#16160,#16161,#16162,#16163,#16164),
 .UNSPECIFIED.,.F.,.F.,(4,1,4),(-0.104775503734012,-0.0538322768302208,
0.),.UNSPECIFIED.);
#205=B_SPLINE_CURVE_WITH_KNOTS('',3,(#16177,#16178,#16179,#16180,#16181),
 .UNSPECIFIED.,.F.,.F.,(4,1,4),(0.,0.0510394018018778,0.105243178804312),
 .UNSPECIFIED.);
#206=B_SPLINE_CURVE_WITH_KNOTS('',3,(#16183,#16184,#16185,#16186,#16187),
 .UNSPECIFIED.,.F.,.F.,(4,1,4),(-0.105243178804312,-0.0510394018018778,
0.),.UNSPECIFIED.);
#207=B_SPLINE_CURVE_WITH_KNOTS('',3,(#16200,#16201,#16202,#16203,#16204),
 .UNSPECIFIED.,.F.,.F.,(4,1,4),(0.,0.0739128099050714,0.145691867762931),
 .UNSPECIFIED.);
#208=B_SPLINE_CURVE_WITH_KNOTS('',3,(#16206,#16207,#16208,#16209,#16210),
 .UNSPECIFIED.,.F.,.F.,(4,1,4),(-0.145691867762931,-0.0739128099050714,
0.),.UNSPECIFIED.);
#209=B_SPLINE_CURVE_WITH_KNOTS('',3,(#16223,#16224,#16225,#16226,#16227),
 .UNSPECIFIED.,.F.,.F.,(4,1,4),(0.,0.0840404940608385,0.195611916426358),
 .UNSPECIFIED.);
#210=B_SPLINE_CURVE_WITH_KNOTS('',3,(#16229,#16230,#16231,#16232,#16233),
 .UNSPECIFIED.,.F.,.F.,(4,1,4),(-0.195611916426358,-0.0840404940608385,
0.),.UNSPECIFIED.);
#211=B_SPLINE_CURVE_WITH_KNOTS('',3,(#16246,#16247,#16248,#16249,#16250),
 .UNSPECIFIED.,.F.,.F.,(4,1,4),(0.,0.117532577968213,0.203430236670646),
 .UNSPECIFIED.);
#212=B_SPLINE_CURVE_WITH_KNOTS('',3,(#16252,#16253,#16254,#16255,#16256),
 .UNSPECIFIED.,.F.,.F.,(4,1,4),(-0.203430236670646,-0.117532577968213,0.),
 .UNSPECIFIED.);
#213=B_SPLINE_CURVE_WITH_KNOTS('',3,(#16269,#16270,#16271,#16272,#16273),
 .UNSPECIFIED.,.F.,.F.,(4,1,4),(0.,0.0712687007040039,0.143941787759718),
 .UNSPECIFIED.);
#214=B_SPLINE_CURVE_WITH_KNOTS('',3,(#16275,#16276,#16277,#16278,#16279),
 .UNSPECIFIED.,.F.,.F.,(4,1,4),(-0.143941787759718,-0.0712687007040039,
0.),.UNSPECIFIED.);
#215=B_SPLINE_CURVE_WITH_KNOTS('',3,(#16292,#16293,#16294,#16295,#16296),
 .UNSPECIFIED.,.F.,.F.,(4,1,4),(0.,0.0546831003237797,0.108168162615952),
 .UNSPECIFIED.);
#216=B_SPLINE_CURVE_WITH_KNOTS('',3,(#16298,#16299,#16300,#16301,#16302),
 .UNSPECIFIED.,.F.,.F.,(4,1,4),(-0.108168162615952,-0.0546831003237797,
0.),.UNSPECIFIED.);
#217=B_SPLINE_CURVE_WITH_KNOTS('',3,(#16315,#16316,#16317,#16318,#16319),
 .UNSPECIFIED.,.F.,.F.,(4,1,4),(0.,0.0594273864825614,0.132044045996346),
 .UNSPECIFIED.);
#218=B_SPLINE_CURVE_WITH_KNOTS('',3,(#16321,#16322,#16323,#16324,#16325),
 .UNSPECIFIED.,.F.,.F.,(4,1,4),(-0.132044045996346,-0.0594273864825614,
0.),.UNSPECIFIED.);
#219=B_SPLINE_CURVE_WITH_KNOTS('',3,(#16358,#16359,#16360,#16361,#16362),
 .UNSPECIFIED.,.F.,.F.,(4,1,4),(0.,0.0696801272356949,0.154287077002762),
 .UNSPECIFIED.);
#220=B_SPLINE_CURVE_WITH_KNOTS('',3,(#16364,#16365,#16366,#16367,#16368),
 .UNSPECIFIED.,.F.,.F.,(4,1,4),(-0.154287077002762,-0.0696801272356949,
0.),.UNSPECIFIED.);
#221=B_SPLINE_CURVE_WITH_KNOTS('',3,(#16381,#16382,#16383,#16384,#16385),
 .UNSPECIFIED.,.F.,.F.,(4,1,4),(0.,0.0908130073688295,0.179554904830592),
 .UNSPECIFIED.);
#222=B_SPLINE_CURVE_WITH_KNOTS('',3,(#16387,#16388,#16389,#16390,#16391),
 .UNSPECIFIED.,.F.,.F.,(4,1,4),(-0.179554904830592,-0.0908130073688295,
0.),.UNSPECIFIED.);
#223=B_SPLINE_CURVE_WITH_KNOTS('',3,(#16404,#16405,#16406,#16407,#16408),
 .UNSPECIFIED.,.F.,.F.,(4,1,4),(0.,0.106377907204039,0.204286266199798),
 .UNSPECIFIED.);
#224=B_SPLINE_CURVE_WITH_KNOTS('',3,(#16410,#16411,#16412,#16413,#16414),
 .UNSPECIFIED.,.F.,.F.,(4,1,4),(-0.204286266199798,-0.106377907204039,0.),
 .UNSPECIFIED.);
#225=B_SPLINE_CURVE_WITH_KNOTS('',3,(#16427,#16428,#16429,#16430,#16431),
 .UNSPECIFIED.,.F.,.F.,(4,1,4),(0.,0.0934089897896259,0.187501783264847),
 .UNSPECIFIED.);
#226=B_SPLINE_CURVE_WITH_KNOTS('',3,(#16433,#16434,#16435,#16436,#16437),
 .UNSPECIFIED.,.F.,.F.,(4,1,4),(-0.187501783264847,-0.0934089897896259,
0.),.UNSPECIFIED.);
#227=B_SPLINE_CURVE_WITH_KNOTS('',3,(#16450,#16451,#16452,#16453,#16454),
 .UNSPECIFIED.,.F.,.F.,(4,1,4),(0.,0.0973256237475205,0.197644145357598),
 .UNSPECIFIED.);
#228=B_SPLINE_CURVE_WITH_KNOTS('',3,(#16456,#16457,#16458,#16459,#16460),
 .UNSPECIFIED.,.F.,.F.,(4,1,4),(-0.197644145357598,-0.0973256237475205,
0.),.UNSPECIFIED.);
#229=B_SPLINE_CURVE_WITH_KNOTS('',3,(#16473,#16474,#16475,#16476,#16477),
 .UNSPECIFIED.,.F.,.F.,(4,1,4),(0.,0.106859455007551,0.206994525504222),
 .UNSPECIFIED.);
#230=B_SPLINE_CURVE_WITH_KNOTS('',3,(#16479,#16480,#16481,#16482,#16483),
 .UNSPECIFIED.,.F.,.F.,(4,1,4),(-0.206994525504222,-0.106859455007551,0.),
 .UNSPECIFIED.);
#231=B_SPLINE_CURVE_WITH_KNOTS('',3,(#16496,#16497,#16498,#16499,#16500),
 .UNSPECIFIED.,.F.,.F.,(4,1,4),(0.,0.0966303651502849,0.194716232262971),
 .UNSPECIFIED.);
#232=B_SPLINE_CURVE_WITH_KNOTS('',3,(#16502,#16503,#16504,#16505,#16506),
 .UNSPECIFIED.,.F.,.F.,(4,1,4),(-0.194716232262971,-0.0966303651502849,
0.),.UNSPECIFIED.);
#233=B_SPLINE_CURVE_WITH_KNOTS('',3,(#16519,#16520,#16521,#16522,#16523),
 .UNSPECIFIED.,.F.,.F.,(4,1,4),(0.,0.0822416671756541,0.177331049980536),
 .UNSPECIFIED.);
#234=B_SPLINE_CURVE_WITH_KNOTS('',3,(#16525,#16526,#16527,#16528,#16529),
 .UNSPECIFIED.,.F.,.F.,(4,1,4),(-0.177331049980536,-0.0822416671756541,
0.),.UNSPECIFIED.);
#235=B_SPLINE_CURVE_WITH_KNOTS('',3,(#16542,#16543,#16544,#16545,#16546),
 .UNSPECIFIED.,.F.,.F.,(4,1,4),(0.,0.120231467028579,0.219679107561864),
 .UNSPECIFIED.);
#236=B_SPLINE_CURVE_WITH_KNOTS('',3,(#16548,#16549,#16550,#16551,#16552),
 .UNSPECIFIED.,.F.,.F.,(4,1,4),(-0.219679107561864,-0.120231467028579,0.),
 .UNSPECIFIED.);
#237=B_SPLINE_CURVE_WITH_KNOTS('',3,(#16565,#16566,#16567,#16568,#16569),
 .UNSPECIFIED.,.F.,.F.,(4,1,4),(0.,0.0912312093995209,0.186388578513244),
 .UNSPECIFIED.);
#238=B_SPLINE_CURVE_WITH_KNOTS('',3,(#16571,#16572,#16573,#16574,#16575),
 .UNSPECIFIED.,.F.,.F.,(4,1,4),(-0.186388578513244,-0.0912312093995209,
0.),.UNSPECIFIED.);
#239=B_SPLINE_CURVE_WITH_KNOTS('',3,(#16594,#16595,#16596,#16597,#16598),
 .UNSPECIFIED.,.F.,.F.,(4,1,4),(0.,0.0522721632016639,0.102893522359949),
 .UNSPECIFIED.);
#240=B_SPLINE_CURVE_WITH_KNOTS('',3,(#16600,#16601,#16602,#16603,#16604),
 .UNSPECIFIED.,.F.,.F.,(4,1,4),(-0.102893522359949,-0.0522721632016639,
0.),.UNSPECIFIED.);
#241=B_SPLINE_CURVE_WITH_KNOTS('',3,(#16617,#16618,#16619,#16620,#16621),
 .UNSPECIFIED.,.F.,.F.,(4,1,4),(0.,0.0525241477805586,0.110679431145997),
 .UNSPECIFIED.);
#242=B_SPLINE_CURVE_WITH_KNOTS('',3,(#16623,#16624,#16625,#16626,#16627),
 .UNSPECIFIED.,.F.,.F.,(4,1,4),(-0.110679431145997,-0.0525241477805586,
0.),.UNSPECIFIED.);
#243=B_SPLINE_CURVE_WITH_KNOTS('',3,(#16640,#16641,#16642,#16643,#16644),
 .UNSPECIFIED.,.F.,.F.,(4,1,4),(0.,0.0868416386163318,0.166892747803375),
 .UNSPECIFIED.);
#244=B_SPLINE_CURVE_WITH_KNOTS('',3,(#16646,#16647,#16648,#16649,#16650),
 .UNSPECIFIED.,.F.,.F.,(4,1,4),(-0.166892747803375,-0.0868416386163318,
0.),.UNSPECIFIED.);
#245=B_SPLINE_CURVE_WITH_KNOTS('',3,(#16663,#16664,#16665,#16666,#16667),
 .UNSPECIFIED.,.F.,.F.,(4,1,4),(0.,0.0860632900905392,0.191249849849451),
 .UNSPECIFIED.);
#246=B_SPLINE_CURVE_WITH_KNOTS('',3,(#16669,#16670,#16671,#16672,#16673),
 .UNSPECIFIED.,.F.,.F.,(4,1,4),(-0.191249849849451,-0.0860632900905392,
0.),.UNSPECIFIED.);
#247=B_SPLINE_CURVE_WITH_KNOTS('',3,(#16686,#16687,#16688,#16689,#16690),
 .UNSPECIFIED.,.F.,.F.,(4,1,4),(0.,0.113063048616908,0.203861160139876),
 .UNSPECIFIED.);
#248=B_SPLINE_CURVE_WITH_KNOTS('',3,(#16692,#16693,#16694,#16695,#16696),
 .UNSPECIFIED.,.F.,.F.,(4,1,4),(-0.203861160139876,-0.113063048616908,0.),
 .UNSPECIFIED.);
#249=B_SPLINE_CURVE_WITH_KNOTS('',3,(#16709,#16710,#16711,#16712,#16713),
 .UNSPECIFIED.,.F.,.F.,(4,1,4),(0.,0.0814977830813001,0.1665139115447),
 .UNSPECIFIED.);
#250=B_SPLINE_CURVE_WITH_KNOTS('',3,(#16715,#16716,#16717,#16718,#16719),
 .UNSPECIFIED.,.F.,.F.,(4,1,4),(-0.1665139115447,-0.0814977830813001,0.),
 .UNSPECIFIED.);
#251=B_SPLINE_CURVE_WITH_KNOTS('',3,(#16732,#16733,#16734,#16735,#16736),
 .UNSPECIFIED.,.F.,.F.,(4,1,4),(0.,0.0459555921511445,0.0937453691791716),
 .UNSPECIFIED.);
#252=B_SPLINE_CURVE_WITH_KNOTS('',3,(#16738,#16739,#16740,#16741,#16742),
 .UNSPECIFIED.,.F.,.F.,(4,1,4),(-0.0937453691791716,-0.0459555921511445,
0.),.UNSPECIFIED.);
#253=B_SPLINE_CURVE_WITH_KNOTS('',3,(#16755,#16756,#16757,#16758,#16759),
 .UNSPECIFIED.,.F.,.F.,(4,1,4),(0.,0.0470499230982283,0.0902491851154756),
 .UNSPECIFIED.);
#254=B_SPLINE_CURVE_WITH_KNOTS('',3,(#16761,#16762,#16763,#16764,#16765),
 .UNSPECIFIED.,.F.,.F.,(4,1,4),(-0.0902491851154756,-0.0470499230982283,
0.),.UNSPECIFIED.);
#255=B_SPLINE_CURVE_WITH_KNOTS('',3,(#16854,#16855,#16856,#16857,#16858),
 .UNSPECIFIED.,.F.,.F.,(4,1,4),(0.,0.0717609294837226,0.115803082945262),
 .UNSPECIFIED.);
#256=B_SPLINE_CURVE_WITH_KNOTS('',3,(#16860,#16861,#16862,#16863,#16864),
 .UNSPECIFIED.,.F.,.F.,(4,1,4),(-0.115803082945262,-0.0717609294837226,
0.),.UNSPECIFIED.);
#257=B_SPLINE_CURVE_WITH_KNOTS('',3,(#16877,#16878,#16879,#16880,#16881),
 .UNSPECIFIED.,.F.,.F.,(4,1,4),(0.,0.0296297217518533,0.0582517107698779),
 .UNSPECIFIED.);
#258=B_SPLINE_CURVE_WITH_KNOTS('',3,(#16883,#16884,#16885,#16886,#16887),
 .UNSPECIFIED.,.F.,.F.,(4,1,4),(-0.0582517107698779,-0.0296297217518533,
0.),.UNSPECIFIED.);
#259=B_SPLINE_CURVE_WITH_KNOTS('',3,(#16900,#16901,#16902,#16903,#16904),
 .UNSPECIFIED.,.F.,.F.,(4,1,4),(0.,0.0288067627780418,0.0590468855074333),
 .UNSPECIFIED.);
#260=B_SPLINE_CURVE_WITH_KNOTS('',3,(#16906,#16907,#16908,#16909,#16910),
 .UNSPECIFIED.,.F.,.F.,(4,1,4),(-0.0590468855074333,-0.0288067627780418,
0.),.UNSPECIFIED.);
#261=B_SPLINE_CURVE_WITH_KNOTS('',3,(#16923,#16924,#16925,#16926,#16927),
 .UNSPECIFIED.,.F.,.F.,(4,1,4),(0.,0.0363141316240519,0.0700687502545823),
 .UNSPECIFIED.);
#262=B_SPLINE_CURVE_WITH_KNOTS('',3,(#16929,#16930,#16931,#16932,#16933),
 .UNSPECIFIED.,.F.,.F.,(4,1,4),(-0.0700687502545823,-0.0363141316240519,
0.),.UNSPECIFIED.);
#263=B_SPLINE_CURVE_WITH_KNOTS('',3,(#16946,#16947,#16948,#16949,#16950),
 .UNSPECIFIED.,.F.,.F.,(4,1,4),(0.,0.0333848044967094,0.0675551342342487),
 .UNSPECIFIED.);
#264=B_SPLINE_CURVE_WITH_KNOTS('',3,(#16952,#16953,#16954,#16955,#16956),
 .UNSPECIFIED.,.F.,.F.,(4,1,4),(-0.0675551342342487,-0.0333848044967094,
0.),.UNSPECIFIED.);
#265=B_SPLINE_CURVE_WITH_KNOTS('',3,(#16969,#16970,#16971,#16972,#16973),
 .UNSPECIFIED.,.F.,.F.,(4,1,4),(0.,0.0393406464216633,0.104795560553242),
 .UNSPECIFIED.);
#266=B_SPLINE_CURVE_WITH_KNOTS('',3,(#16975,#16976,#16977,#16978,#16979),
 .UNSPECIFIED.,.F.,.F.,(4,1,4),(-0.104795560553242,-0.0393406464216633,
0.),.UNSPECIFIED.);
#267=B_SPLINE_CURVE_WITH_KNOTS('',3,(#17010,#17011,#17012,#17013,#17014),
 .UNSPECIFIED.,.F.,.F.,(4,1,4),(0.,0.109555886998576,0.173428091113908),
 .UNSPECIFIED.);
#268=B_SPLINE_CURVE_WITH_KNOTS('',3,(#17016,#17017,#17018,#17019,#17020),
 .UNSPECIFIED.,.F.,.F.,(4,1,4),(-0.173428091113908,-0.109555886998576,0.),
 .UNSPECIFIED.);
#269=B_SPLINE_CURVE_WITH_KNOTS('',3,(#17033,#17034,#17035,#17036,#17037),
 .UNSPECIFIED.,.F.,.F.,(4,1,4),(0.,0.0623974076188037,0.127138131582043),
 .UNSPECIFIED.);
#270=B_SPLINE_CURVE_WITH_KNOTS('',3,(#17039,#17040,#17041,#17042,#17043),
 .UNSPECIFIED.,.F.,.F.,(4,1,4),(-0.127138131582043,-0.0623974076188037,
0.),.UNSPECIFIED.);
#271=B_SPLINE_CURVE_WITH_KNOTS('',3,(#17056,#17057,#17058,#17059,#17060),
 .UNSPECIFIED.,.F.,.F.,(4,1,4),(0.,0.0696265297140317,0.14834996098419),
 .UNSPECIFIED.);
#272=B_SPLINE_CURVE_WITH_KNOTS('',3,(#17062,#17063,#17064,#17065,#17066),
 .UNSPECIFIED.,.F.,.F.,(4,1,4),(-0.14834996098419,-0.0696265297140317,0.),
 .UNSPECIFIED.);
#273=B_SPLINE_CURVE_WITH_KNOTS('',3,(#17079,#17080,#17081,#17082,#17083),
 .UNSPECIFIED.,.F.,.F.,(4,1,4),(0.,0.0613190998038587,0.114913609352292),
 .UNSPECIFIED.);
#274=B_SPLINE_CURVE_WITH_KNOTS('',3,(#17085,#17086,#17087,#17088,#17089),
 .UNSPECIFIED.,.F.,.F.,(4,1,4),(-0.114913609352292,-0.0613190998038587,
0.),.UNSPECIFIED.);
#275=B_SPLINE_CURVE_WITH_KNOTS('',3,(#17102,#17103,#17104,#17105,#17106),
 .UNSPECIFIED.,.F.,.F.,(4,1,4),(0.,0.0487154106920161,0.0943521600174443),
 .UNSPECIFIED.);
#276=B_SPLINE_CURVE_WITH_KNOTS('',3,(#17108,#17109,#17110,#17111,#17112),
 .UNSPECIFIED.,.F.,.F.,(4,1,4),(-0.0943521600174443,-0.0487154106920161,
0.),.UNSPECIFIED.);
#277=B_SPLINE_CURVE_WITH_KNOTS('',3,(#17125,#17126,#17127,#17128,#17129),
 .UNSPECIFIED.,.F.,.F.,(4,1,4),(0.,0.0430915196760753,0.0831614930757539),
 .UNSPECIFIED.);
#278=B_SPLINE_CURVE_WITH_KNOTS('',3,(#17131,#17132,#17133,#17134,#17135),
 .UNSPECIFIED.,.F.,.F.,(4,1,4),(-0.0831614930757539,-0.0430915196760753,
0.),.UNSPECIFIED.);
#279=B_SPLINE_CURVE_WITH_KNOTS('',3,(#17148,#17149,#17150,#17151,#17152),
 .UNSPECIFIED.,.F.,.F.,(4,1,4),(0.,0.064192216853115,0.151283575491248),
 .UNSPECIFIED.);
#280=B_SPLINE_CURVE_WITH_KNOTS('',3,(#17154,#17155,#17156,#17157,#17158),
 .UNSPECIFIED.,.F.,.F.,(4,1,4),(-0.151283575491248,-0.064192216853115,0.),
 .UNSPECIFIED.);
#281=B_SPLINE_SURFACE_WITH_KNOTS('',3,3,((#13391,#13392,#13393,#13394,#13395,
#13396,#13397,#13398,#13399,#13400,#13401,#13402,#13403,#13404,#13405,#13406,
#13407),(#13408,#13409,#13410,#13411,#13412,#13413,#13414,#13415,#13416,
#13417,#13418,#13419,#13420,#13421,#13422,#13423,#13424),(#13425,#13426,
#13427,#13428,#13429,#13430,#13431,#13432,#13433,#13434,#13435,#13436,#13437,
#13438,#13439,#13440,#13441),(#13442,#13443,#13444,#13445,#13446,#13447,
#13448,#13449,#13450,#13451,#13452,#13453,#13454,#13455,#13456,#13457,#13458)),
 .UNSPECIFIED.,.F.,.T.,.F.,(4,4),(4,1,1,1,1,1,1,1,1,1,1,1,1,1,4),(0.,1.),
(-3.14159265358979,-2.69279370307697,-2.24399475256414,-1.34639685153848,
-1.0471975511966,-0.448798950512828,-0.149599650170943,0.149599650170943,
0.448798950512828,0.897597901025655,1.34639685153848,1.79519580205131,2.24399475256414,
2.69279370307697,3.14159265358979),.UNSPECIFIED.);
#282=B_SPLINE_SURFACE_WITH_KNOTS('',3,3,((#13601,#13602,#13603,#13604,#13605,
#13606,#13607,#13608,#13609,#13610,#13611,#13612,#13613,#13614,#13615,#13616),
(#13617,#13618,#13619,#13620,#13621,#13622,#13623,#13624,#13625,#13626,
#13627,#13628,#13629,#13630,#13631,#13632),(#13633,#13634,#13635,#13636,
#13637,#13638,#13639,#13640,#13641,#13642,#13643,#13644,#13645,#13646,#13647,
#13648),(#13649,#13650,#13651,#13652,#13653,#13654,#13655,#13656,#13657,
#13658,#13659,#13660,#13661,#13662,#13663,#13664)),.UNSPECIFIED.,.F.,.T.,
 .F.,(4,4),(4,1,1,1,1,1,1,1,1,1,1,1,1,4),(0.,1.),(-3.14159265358979,-2.69279370307697,
-2.24399475256414,-1.34639685153848,-1.0471975511966,-0.448798950512828,
-0.149599650170943,0.149599650170943,0.448798950512828,0.897597901025655,
1.34639685153848,2.24399475256414,2.69279370307697,3.14159265358979),
 .UNSPECIFIED.);
#283=B_SPLINE_SURFACE_WITH_KNOTS('',3,1,((#14747,#14748),(#14749,#14750),
(#14751,#14752),(#14753,#14754),(#14755,#14756)),.UNSPECIFIED.,.F.,.F.,
 .F.,(4,1,4),(2,2),(-0.115803082945262,-0.0717609294837226,0.),(0.,0.06),
 .UNSPECIFIED.);
#284=B_SPLINE_SURFACE_WITH_KNOTS('',3,1,((#14770,#14771),(#14772,#14773),
(#14774,#14775),(#14776,#14777),(#14778,#14779)),.UNSPECIFIED.,.F.,.F.,
 .F.,(4,1,4),(2,2),(-0.0582517107698779,-0.0296297217518533,0.),(0.,0.06),
 .UNSPECIFIED.);
#285=B_SPLINE_SURFACE_WITH_KNOTS('',3,1,((#14793,#14794),(#14795,#14796),
(#14797,#14798),(#14799,#14800),(#14801,#14802)),.UNSPECIFIED.,.F.,.F.,
 .F.,(4,1,4),(2,2),(-0.0590468855074333,-0.0288067627780418,0.),(0.,0.06),
 .UNSPECIFIED.);
#286=B_SPLINE_SURFACE_WITH_KNOTS('',3,1,((#14816,#14817),(#14818,#14819),
(#14820,#14821),(#14822,#14823),(#14824,#14825)),.UNSPECIFIED.,.F.,.F.,
 .F.,(4,1,4),(2,2),(-0.0700687502545823,-0.0363141316240519,0.),(0.,0.06),
 .UNSPECIFIED.);
#287=B_SPLINE_SURFACE_WITH_KNOTS('',3,1,((#14839,#14840),(#14841,#14842),
(#14843,#14844),(#14845,#14846),(#14847,#14848)),.UNSPECIFIED.,.F.,.F.,
 .F.,(4,1,4),(2,2),(-0.0675551342342487,-0.0333848044967094,0.),(0.,0.06),
 .UNSPECIFIED.);
#288=B_SPLINE_SURFACE_WITH_KNOTS('',3,1,((#14862,#14863),(#14864,#14865),
(#14866,#14867),(#14868,#14869),(#14870,#14871)),.UNSPECIFIED.,.F.,.F.,
 .F.,(4,1,4),(2,2),(-0.104795560553242,-0.0393406464216633,0.),(0.,0.06),
 .UNSPECIFIED.);
#289=B_SPLINE_SURFACE_WITH_KNOTS('',3,1,((#14900,#14901),(#14902,#14903),
(#14904,#14905),(#14906,#14907),(#14908,#14909)),.UNSPECIFIED.,.F.,.F.,
 .F.,(4,1,4),(2,2),(-0.173428091113908,-0.109555886998576,0.),(0.,0.06),
 .UNSPECIFIED.);
#290=B_SPLINE_SURFACE_WITH_KNOTS('',3,1,((#14917,#14918),(#14919,#14920),
(#14921,#14922),(#14923,#14924),(#14925,#14926)),.UNSPECIFIED.,.F.,.F.,
 .F.,(4,1,4),(2,2),(-0.127138131582043,-0.0623974076188037,0.),(0.,0.06),
 .UNSPECIFIED.);
#291=B_SPLINE_SURFACE_WITH_KNOTS('',3,1,((#14934,#14935),(#14936,#14937),
(#14938,#14939),(#14940,#14941),(#14942,#14943)),.UNSPECIFIED.,.F.,.F.,
 .F.,(4,1,4),(2,2),(-0.14834996098419,-0.0696265297140317,0.),(0.,0.06),
 .UNSPECIFIED.);
#292=B_SPLINE_SURFACE_WITH_KNOTS('',3,1,((#14951,#14952),(#14953,#14954),
(#14955,#14956),(#14957,#14958),(#14959,#14960)),.UNSPECIFIED.,.F.,.F.,
 .F.,(4,1,4),(2,2),(-0.114913609352292,-0.0613190998038587,0.),(0.,0.06),
 .UNSPECIFIED.);
#293=B_SPLINE_SURFACE_WITH_KNOTS('',3,1,((#14968,#14969),(#14970,#14971),
(#14972,#14973),(#14974,#14975),(#14976,#14977)),.UNSPECIFIED.,.F.,.F.,
 .F.,(4,1,4),(2,2),(-0.0943521600174443,-0.0487154106920161,0.),(0.,0.06),
 .UNSPECIFIED.);
#294=B_SPLINE_SURFACE_WITH_KNOTS('',3,1,((#14985,#14986),(#14987,#14988),
(#14989,#14990),(#14991,#14992),(#14993,#14994)),.UNSPECIFIED.,.F.,.F.,
 .F.,(4,1,4),(2,2),(-0.0831614930757539,-0.0430915196760753,0.),(0.,0.06),
 .UNSPECIFIED.);
#295=B_SPLINE_SURFACE_WITH_KNOTS('',3,1,((#15002,#15003),(#15004,#15005),
(#15006,#15007),(#15008,#15009),(#15010,#15011)),.UNSPECIFIED.,.F.,.F.,
 .F.,(4,1,4),(2,2),(-0.151283575491248,-0.064192216853115,0.),(0.,0.06),
 .UNSPECIFIED.);
#296=B_SPLINE_SURFACE_WITH_KNOTS('',3,1,((#15077,#15078),(#15079,#15080),
(#15081,#15082),(#15083,#15084),(#15085,#15086)),.UNSPECIFIED.,.F.,.F.,
 .F.,(4,1,4),(2,2),(-0.154287077002762,-0.0696801272356949,0.),(0.,0.06),
 .UNSPECIFIED.);
#297=B_SPLINE_SURFACE_WITH_KNOTS('',3,1,((#15094,#15095),(#15096,#15097),
(#15098,#15099),(#15100,#15101),(#15102,#15103)),.UNSPECIFIED.,.F.,.F.,
 .F.,(4,1,4),(2,2),(-0.179554904830592,-0.0908130073688295,0.),(0.,0.06),
 .UNSPECIFIED.);
#298=B_SPLINE_SURFACE_WITH_KNOTS('',3,1,((#15111,#15112),(#15113,#15114),
(#15115,#15116),(#15117,#15118),(#15119,#15120)),.UNSPECIFIED.,.F.,.F.,
 .F.,(4,1,4),(2,2),(-0.204286266199798,-0.106377907204039,0.),(0.,0.06),
 .UNSPECIFIED.);
#299=B_SPLINE_SURFACE_WITH_KNOTS('',3,1,((#15128,#15129),(#15130,#15131),
(#15132,#15133),(#15134,#15135),(#15136,#15137)),.UNSPECIFIED.,.F.,.F.,
 .F.,(4,1,4),(2,2),(-0.187501783264847,-0.0934089897896259,0.),(0.,0.06),
 .UNSPECIFIED.);
#300=B_SPLINE_SURFACE_WITH_KNOTS('',3,1,((#15145,#15146),(#15147,#15148),
(#15149,#15150),(#15151,#15152),(#15153,#15154)),.UNSPECIFIED.,.F.,.F.,
 .F.,(4,1,4),(2,2),(-0.197644145357598,-0.0973256237475205,0.),(0.,0.06),
 .UNSPECIFIED.);
#301=B_SPLINE_SURFACE_WITH_KNOTS('',3,1,((#15162,#15163),(#15164,#15165),
(#15166,#15167),(#15168,#15169),(#15170,#15171)),.UNSPECIFIED.,.F.,.F.,
 .F.,(4,1,4),(2,2),(-0.206994525504222,-0.106859455007551,0.),(0.,0.06),
 .UNSPECIFIED.);
#302=B_SPLINE_SURFACE_WITH_KNOTS('',3,1,((#15179,#15180),(#15181,#15182),
(#15183,#15184),(#15185,#15186),(#15187,#15188)),.UNSPECIFIED.,.F.,.F.,
 .F.,(4,1,4),(2,2),(-0.194716232262971,-0.0966303651502849,0.),(0.,0.06),
 .UNSPECIFIED.);
#303=B_SPLINE_SURFACE_WITH_KNOTS('',3,1,((#15196,#15197),(#15198,#15199),
(#15200,#15201),(#15202,#15203),(#15204,#15205)),.UNSPECIFIED.,.F.,.F.,
 .F.,(4,1,4),(2,2),(-0.177331049980536,-0.0822416671756541,0.),(0.,0.06),
 .UNSPECIFIED.);
#304=B_SPLINE_SURFACE_WITH_KNOTS('',3,1,((#15213,#15214),(#15215,#15216),
(#15217,#15218),(#15219,#15220),(#15221,#15222)),.UNSPECIFIED.,.F.,.F.,
 .F.,(4,1,4),(2,2),(-0.219679107561864,-0.120231467028579,0.),(0.,0.06),
 .UNSPECIFIED.);
#305=B_SPLINE_SURFACE_WITH_KNOTS('',3,1,((#15230,#15231),(#15232,#15233),
(#15234,#15235),(#15236,#15237),(#15238,#15239)),.UNSPECIFIED.,.F.,.F.,
 .F.,(4,1,4),(2,2),(-0.186388578513244,-0.0912312093995209,0.),(0.,0.06),
 .UNSPECIFIED.);
#306=B_SPLINE_SURFACE_WITH_KNOTS('',3,1,((#15251,#15252),(#15253,#15254),
(#15255,#15256),(#15257,#15258),(#15259,#15260)),.UNSPECIFIED.,.F.,.F.,
 .F.,(4,1,4),(2,2),(-0.102893522359949,-0.0522721632016639,0.),(0.,0.06),
 .UNSPECIFIED.);
#307=B_SPLINE_SURFACE_WITH_KNOTS('',3,1,((#15268,#15269),(#15270,#15271),
(#15272,#15273),(#15274,#15275),(#15276,#15277)),.UNSPECIFIED.,.F.,.F.,
 .F.,(4,1,4),(2,2),(-0.110679431145997,-0.0525241477805586,0.),(0.,0.06),
 .UNSPECIFIED.);
#308=B_SPLINE_SURFACE_WITH_KNOTS('',3,1,((#15285,#15286),(#15287,#15288),
(#15289,#15290),(#15291,#15292),(#15293,#15294)),.UNSPECIFIED.,.F.,.F.,
 .F.,(4,1,4),(2,2),(-0.166892747803375,-0.0868416386163318,0.),(0.,0.06),
 .UNSPECIFIED.);
#309=B_SPLINE_SURFACE_WITH_KNOTS('',3,1,((#15302,#15303),(#15304,#15305),
(#15306,#15307),(#15308,#15309),(#15310,#15311)),.UNSPECIFIED.,.F.,.F.,
 .F.,(4,1,4),(2,2),(-0.191249849849451,-0.0860632900905392,0.),(0.,0.06),
 .UNSPECIFIED.);
#310=B_SPLINE_SURFACE_WITH_KNOTS('',3,1,((#15319,#15320),(#15321,#15322),
(#15323,#15324),(#15325,#15326),(#15327,#15328)),.UNSPECIFIED.,.F.,.F.,
 .F.,(4,1,4),(2,2),(-0.203861160139876,-0.113063048616908,0.),(0.,0.06),
 .UNSPECIFIED.);
#311=B_SPLINE_SURFACE_WITH_KNOTS('',3,1,((#15336,#15337),(#15338,#15339),
(#15340,#15341),(#15342,#15343),(#15344,#15345)),.UNSPECIFIED.,.F.,.F.,
 .F.,(4,1,4),(2,2),(-0.1665139115447,-0.0814977830813001,0.),(0.,0.06),
 .UNSPECIFIED.);
#312=B_SPLINE_SURFACE_WITH_KNOTS('',3,1,((#15353,#15354),(#15355,#15356),
(#15357,#15358),(#15359,#15360),(#15361,#15362)),.UNSPECIFIED.,.F.,.F.,
 .F.,(4,1,4),(2,2),(-0.0937453691791716,-0.0459555921511445,0.),(0.,0.06),
 .UNSPECIFIED.);
#313=B_SPLINE_SURFACE_WITH_KNOTS('',3,1,((#15370,#15371),(#15372,#15373),
(#15374,#15375),(#15376,#15377),(#15378,#15379)),.UNSPECIFIED.,.F.,.F.,
 .F.,(4,1,4),(2,2),(-0.0902491851154756,-0.0470499230982283,0.),(0.,0.06),
 .UNSPECIFIED.);
#314=B_SPLINE_SURFACE_WITH_KNOTS('',3,1,((#15398,#15399),(#15400,#15401),
(#15402,#15403),(#15404,#15405),(#15406,#15407)),.UNSPECIFIED.,.F.,.F.,
 .F.,(4,1,4),(2,2),(-0.208453479354235,-0.111407233707927,0.),(0.,0.06),
 .UNSPECIFIED.);
#315=B_SPLINE_SURFACE_WITH_KNOTS('',3,1,((#15417,#15418),(#15419,#15420),
(#15421,#15422),(#15423,#15424),(#15425,#15426)),.UNSPECIFIED.,.F.,.F.,
 .F.,(4,1,4),(2,2),(-0.202421683961679,-0.095681144263308,0.),(0.,0.06),
 .UNSPECIFIED.);
#316=B_SPLINE_SURFACE_WITH_KNOTS('',3,1,((#15434,#15435),(#15436,#15437),
(#15438,#15439),(#15440,#15441),(#15442,#15443)),.UNSPECIFIED.,.F.,.F.,
 .F.,(4,1,4),(2,2),(-0.261162265940303,-0.132918050543308,0.),(0.,0.06),
 .UNSPECIFIED.);
#317=B_SPLINE_SURFACE_WITH_KNOTS('',3,1,((#15451,#15452),(#15453,#15454),
(#15455,#15456),(#15457,#15458),(#15459,#15460)),.UNSPECIFIED.,.F.,.F.,
 .F.,(4,1,4),(2,2),(-0.288758713818714,-0.135071283442836,0.),(0.,0.06),
 .UNSPECIFIED.);
#318=B_SPLINE_SURFACE_WITH_KNOTS('',3,1,((#15468,#15469),(#15470,#15471),
(#15472,#15473),(#15474,#15475),(#15476,#15477)),.UNSPECIFIED.,.F.,.F.,
 .F.,(4,1,4),(2,2),(-0.2996822343134,-0.161356943501754,0.),(0.,0.06),
 .UNSPECIFIED.);
#319=B_SPLINE_SURFACE_WITH_KNOTS('',3,1,((#15485,#15486),(#15487,#15488),
(#15489,#15490),(#15491,#15492),(#15493,#15494)),.UNSPECIFIED.,.F.,.F.,
 .F.,(4,1,4),(2,2),(-0.26969143271654,-0.130790282009927,0.),(0.,0.06),
 .UNSPECIFIED.);
#320=B_SPLINE_SURFACE_WITH_KNOTS('',3,1,((#15502,#15503),(#15504,#15505),
(#15506,#15507),(#15508,#15509),(#15510,#15511)),.UNSPECIFIED.,.F.,.F.,
 .F.,(4,1,4),(2,2),(-0.23282210066728,-0.121294696000988,0.),(0.,0.06),
 .UNSPECIFIED.);
#321=B_SPLINE_SURFACE_WITH_KNOTS('',3,1,((#15519,#15520),(#15521,#15522),
(#15523,#15524),(#15525,#15526),(#15527,#15528)),.UNSPECIFIED.,.F.,.F.,
 .F.,(4,1,4),(2,2),(-0.153083877243655,-0.0707750026357042,0.),(0.,0.06),
 .UNSPECIFIED.);
#322=B_SPLINE_SURFACE_WITH_KNOTS('',3,1,((#15540,#15541),(#15542,#15543),
(#15544,#15545),(#15546,#15547),(#15548,#15549)),.UNSPECIFIED.,.F.,.F.,
 .F.,(4,1,4),(2,2),(-0.104775503734012,-0.0538322768302208,0.),(0.,0.06),
 .UNSPECIFIED.);
#323=B_SPLINE_SURFACE_WITH_KNOTS('',3,1,((#15557,#15558),(#15559,#15560),
(#15561,#15562),(#15563,#15564),(#15565,#15566)),.UNSPECIFIED.,.F.,.F.,
 .F.,(4,1,4),(2,2),(-0.105243178804312,-0.0510394018018778,0.),(0.,0.06),
 .UNSPECIFIED.);
#324=B_SPLINE_SURFACE_WITH_KNOTS('',3,1,((#15574,#15575),(#15576,#15577),
(#15578,#15579),(#15580,#15581),(#15582,#15583)),.UNSPECIFIED.,.F.,.F.,
 .F.,(4,1,4),(2,2),(-0.145691867762931,-0.0739128099050714,0.),(0.,0.06),
 .UNSPECIFIED.);
#325=B_SPLINE_SURFACE_WITH_KNOTS('',3,1,((#15591,#15592),(#15593,#15594),
(#15595,#15596),(#15597,#15598),(#15599,#15600)),.UNSPECIFIED.,.F.,.F.,
 .F.,(4,1,4),(2,2),(-0.195611916426358,-0.0840404940608385,0.),(0.,0.06),
 .UNSPECIFIED.);
#326=B_SPLINE_SURFACE_WITH_KNOTS('',3,1,((#15608,#15609),(#15610,#15611),
(#15612,#15613),(#15614,#15615),(#15616,#15617)),.UNSPECIFIED.,.F.,.F.,
 .F.,(4,1,4),(2,2),(-0.203430236670646,-0.117532577968213,0.),(0.,0.06),
 .UNSPECIFIED.);
#327=B_SPLINE_SURFACE_WITH_KNOTS('',3,1,((#15625,#15626),(#15627,#15628),
(#15629,#15630),(#15631,#15632),(#15633,#15634)),.UNSPECIFIED.,.F.,.F.,
 .F.,(4,1,4),(2,2),(-0.143941787759718,-0.0712687007040039,0.),(0.,0.06),
 .UNSPECIFIED.);
#328=B_SPLINE_SURFACE_WITH_KNOTS('',3,1,((#15642,#15643),(#15644,#15645),
(#15646,#15647),(#15648,#15649),(#15650,#15651)),.UNSPECIFIED.,.F.,.F.,
 .F.,(4,1,4),(2,2),(-0.108168162615952,-0.0546831003237797,0.),(0.,0.06),
 .UNSPECIFIED.);
#329=B_SPLINE_SURFACE_WITH_KNOTS('',3,1,((#15659,#15660),(#15661,#15662),
(#15663,#15664),(#15665,#15666),(#15667,#15668)),.UNSPECIFIED.,.F.,.F.,
 .F.,(4,1,4),(2,2),(-0.132044045996346,-0.0594273864825614,0.),(0.,0.06),
 .UNSPECIFIED.);
#330=B_SPLINE_SURFACE_WITH_KNOTS('',3,1,((#15950,#15951),(#15952,#15953),
(#15954,#15955),(#15956,#15957),(#15958,#15959)),.UNSPECIFIED.,.F.,.F.,
 .F.,(4,1,4),(2,2),(-0.208453479354235,-0.111407233707927,0.),(0.,0.06),
 .UNSPECIFIED.);
#331=B_SPLINE_SURFACE_WITH_KNOTS('',3,1,((#15976,#15977),(#15978,#15979),
(#15980,#15981),(#15982,#15983),(#15984,#15985)),.UNSPECIFIED.,.F.,.F.,
 .F.,(4,1,4),(2,2),(-0.202421683961679,-0.095681144263308,0.),(0.,0.06),
 .UNSPECIFIED.);
#332=B_SPLINE_SURFACE_WITH_KNOTS('',3,1,((#15999,#16000),(#16001,#16002),
(#16003,#16004),(#16005,#16006),(#16007,#16008)),.UNSPECIFIED.,.F.,.F.,
 .F.,(4,1,4),(2,2),(-0.261162265940303,-0.132918050543308,0.),(0.,0.06),
 .UNSPECIFIED.);
#333=B_SPLINE_SURFACE_WITH_KNOTS('',3,1,((#16022,#16023),(#16024,#16025),
(#16026,#16027),(#16028,#16029),(#16030,#16031)),.UNSPECIFIED.,.F.,.F.,
 .F.,(4,1,4),(2,2),(-0.288758713818714,-0.135071283442836,0.),(0.,0.06),
 .UNSPECIFIED.);
#334=B_SPLINE_SURFACE_WITH_KNOTS('',3,1,((#16045,#16046),(#16047,#16048),
(#16049,#16050),(#16051,#16052),(#16053,#16054)),.UNSPECIFIED.,.F.,.F.,
 .F.,(4,1,4),(2,2),(-0.2996822343134,-0.161356943501754,0.),(0.,0.06),
 .UNSPECIFIED.);
#335=B_SPLINE_SURFACE_WITH_KNOTS('',3,1,((#16068,#16069),(#16070,#16071),
(#16072,#16073),(#16074,#16075),(#16076,#16077)),.UNSPECIFIED.,.F.,.F.,
 .F.,(4,1,4),(2,2),(-0.26969143271654,-0.130790282009927,0.),(0.,0.06),
 .UNSPECIFIED.);
#336=B_SPLINE_SURFACE_WITH_KNOTS('',3,1,((#16091,#16092),(#16093,#16094),
(#16095,#16096),(#16097,#16098),(#16099,#16100)),.UNSPECIFIED.,.F.,.F.,
 .F.,(4,1,4),(2,2),(-0.23282210066728,-0.121294696000988,0.),(0.,0.06),
 .UNSPECIFIED.);
#337=B_SPLINE_SURFACE_WITH_KNOTS('',3,1,((#16114,#16115),(#16116,#16117),
(#16118,#16119),(#16120,#16121),(#16122,#16123)),.UNSPECIFIED.,.F.,.F.,
 .F.,(4,1,4),(2,2),(-0.153083877243655,-0.0707750026357042,0.),(0.,0.06),
 .UNSPECIFIED.);
#338=B_SPLINE_SURFACE_WITH_KNOTS('',3,1,((#16143,#16144),(#16145,#16146),
(#16147,#16148),(#16149,#16150),(#16151,#16152)),.UNSPECIFIED.,.F.,.F.,
 .F.,(4,1,4),(2,2),(-0.104775503734012,-0.0538322768302208,0.),(0.,0.06),
 .UNSPECIFIED.);
#339=B_SPLINE_SURFACE_WITH_KNOTS('',3,1,((#16166,#16167),(#16168,#16169),
(#16170,#16171),(#16172,#16173),(#16174,#16175)),.UNSPECIFIED.,.F.,.F.,
 .F.,(4,1,4),(2,2),(-0.105243178804312,-0.0510394018018778,0.),(0.,0.06),
 .UNSPECIFIED.);
#340=B_SPLINE_SURFACE_WITH_KNOTS('',3,1,((#16189,#16190),(#16191,#16192),
(#16193,#16194),(#16195,#16196),(#16197,#16198)),.UNSPECIFIED.,.F.,.F.,
 .F.,(4,1,4),(2,2),(-0.145691867762931,-0.0739128099050714,0.),(0.,0.06),
 .UNSPECIFIED.);
#341=B_SPLINE_SURFACE_WITH_KNOTS('',3,1,((#16212,#16213),(#16214,#16215),
(#16216,#16217),(#16218,#16219),(#16220,#16221)),.UNSPECIFIED.,.F.,.F.,
 .F.,(4,1,4),(2,2),(-0.195611916426358,-0.0840404940608385,0.),(0.,0.06),
 .UNSPECIFIED.);
#342=B_SPLINE_SURFACE_WITH_KNOTS('',3,1,((#16235,#16236),(#16237,#16238),
(#16239,#16240),(#16241,#16242),(#16243,#16244)),.UNSPECIFIED.,.F.,.F.,
 .F.,(4,1,4),(2,2),(-0.203430236670646,-0.117532577968213,0.),(0.,0.06),
 .UNSPECIFIED.);
#343=B_SPLINE_SURFACE_WITH_KNOTS('',3,1,((#16258,#16259),(#16260,#16261),
(#16262,#16263),(#16264,#16265),(#16266,#16267)),.UNSPECIFIED.,.F.,.F.,
 .F.,(4,1,4),(2,2),(-0.143941787759718,-0.0712687007040039,0.),(0.,0.06),
 .UNSPECIFIED.);
#344=B_SPLINE_SURFACE_WITH_KNOTS('',3,1,((#16281,#16282),(#16283,#16284),
(#16285,#16286),(#16287,#16288),(#16289,#16290)),.UNSPECIFIED.,.F.,.F.,
 .F.,(4,1,4),(2,2),(-0.108168162615952,-0.0546831003237797,0.),(0.,0.06),
 .UNSPECIFIED.);
#345=B_SPLINE_SURFACE_WITH_KNOTS('',3,1,((#16304,#16305),(#16306,#16307),
(#16308,#16309),(#16310,#16311),(#16312,#16313)),.UNSPECIFIED.,.F.,.F.,
 .F.,(4,1,4),(2,2),(-0.132044045996346,-0.0594273864825614,0.),(0.,0.06),
 .UNSPECIFIED.);
#346=B_SPLINE_SURFACE_WITH_KNOTS('',3,1,((#16347,#16348),(#16349,#16350),
(#16351,#16352),(#16353,#16354),(#16355,#16356)),.UNSPECIFIED.,.F.,.F.,
 .F.,(4,1,4),(2,2),(-0.154287077002762,-0.0696801272356949,0.),(0.,0.06),
 .UNSPECIFIED.);
#347=B_SPLINE_SURFACE_WITH_KNOTS('',3,1,((#16370,#16371),(#16372,#16373),
(#16374,#16375),(#16376,#16377),(#16378,#16379)),.UNSPECIFIED.,.F.,.F.,
 .F.,(4,1,4),(2,2),(-0.179554904830592,-0.0908130073688295,0.),(0.,0.06),
 .UNSPECIFIED.);
#348=B_SPLINE_SURFACE_WITH_KNOTS('',3,1,((#16393,#16394),(#16395,#16396),
(#16397,#16398),(#16399,#16400),(#16401,#16402)),.UNSPECIFIED.,.F.,.F.,
 .F.,(4,1,4),(2,2),(-0.204286266199798,-0.106377907204039,0.),(0.,0.06),
 .UNSPECIFIED.);
#349=B_SPLINE_SURFACE_WITH_KNOTS('',3,1,((#16416,#16417),(#16418,#16419),
(#16420,#16421),(#16422,#16423),(#16424,#16425)),.UNSPECIFIED.,.F.,.F.,
 .F.,(4,1,4),(2,2),(-0.187501783264847,-0.0934089897896259,0.),(0.,0.06),
 .UNSPECIFIED.);
#350=B_SPLINE_SURFACE_WITH_KNOTS('',3,1,((#16439,#16440),(#16441,#16442),
(#16443,#16444),(#16445,#16446),(#16447,#16448)),.UNSPECIFIED.,.F.,.F.,
 .F.,(4,1,4),(2,2),(-0.197644145357598,-0.0973256237475205,0.),(0.,0.06),
 .UNSPECIFIED.);
#351=B_SPLINE_SURFACE_WITH_KNOTS('',3,1,((#16462,#16463),(#16464,#16465),
(#16466,#16467),(#16468,#16469),(#16470,#16471)),.UNSPECIFIED.,.F.,.F.,
 .F.,(4,1,4),(2,2),(-0.206994525504222,-0.106859455007551,0.),(0.,0.06),
 .UNSPECIFIED.);
#352=B_SPLINE_SURFACE_WITH_KNOTS('',3,1,((#16485,#16486),(#16487,#16488),
(#16489,#16490),(#16491,#16492),(#16493,#16494)),.UNSPECIFIED.,.F.,.F.,
 .F.,(4,1,4),(2,2),(-0.194716232262971,-0.0966303651502849,0.),(0.,0.06),
 .UNSPECIFIED.);
#353=B_SPLINE_SURFACE_WITH_KNOTS('',3,1,((#16508,#16509),(#16510,#16511),
(#16512,#16513),(#16514,#16515),(#16516,#16517)),.UNSPECIFIED.,.F.,.F.,
 .F.,(4,1,4),(2,2),(-0.177331049980536,-0.0822416671756541,0.),(0.,0.06),
 .UNSPECIFIED.);
#354=B_SPLINE_SURFACE_WITH_KNOTS('',3,1,((#16531,#16532),(#16533,#16534),
(#16535,#16536),(#16537,#16538),(#16539,#16540)),.UNSPECIFIED.,.F.,.F.,
 .F.,(4,1,4),(2,2),(-0.219679107561864,-0.120231467028579,0.),(0.,0.06),
 .UNSPECIFIED.);
#355=B_SPLINE_SURFACE_WITH_KNOTS('',3,1,((#16554,#16555),(#16556,#16557),
(#16558,#16559),(#16560,#16561),(#16562,#16563)),.UNSPECIFIED.,.F.,.F.,
 .F.,(4,1,4),(2,2),(-0.186388578513244,-0.0912312093995209,0.),(0.,0.06),
 .UNSPECIFIED.);
#356=B_SPLINE_SURFACE_WITH_KNOTS('',3,1,((#16583,#16584),(#16585,#16586),
(#16587,#16588),(#16589,#16590),(#16591,#16592)),.UNSPECIFIED.,.F.,.F.,
 .F.,(4,1,4),(2,2),(-0.102893522359949,-0.0522721632016639,0.),(0.,0.06),
 .UNSPECIFIED.);
#357=B_SPLINE_SURFACE_WITH_KNOTS('',3,1,((#16606,#16607),(#16608,#16609),
(#16610,#16611),(#16612,#16613),(#16614,#16615)),.UNSPECIFIED.,.F.,.F.,
 .F.,(4,1,4),(2,2),(-0.110679431145997,-0.0525241477805586,0.),(0.,0.06),
 .UNSPECIFIED.);
#358=B_SPLINE_SURFACE_WITH_KNOTS('',3,1,((#16629,#16630),(#16631,#16632),
(#16633,#16634),(#16635,#16636),(#16637,#16638)),.UNSPECIFIED.,.F.,.F.,
 .F.,(4,1,4),(2,2),(-0.166892747803375,-0.0868416386163318,0.),(0.,0.06),
 .UNSPECIFIED.);
#359=B_SPLINE_SURFACE_WITH_KNOTS('',3,1,((#16652,#16653),(#16654,#16655),
(#16656,#16657),(#16658,#16659),(#16660,#16661)),.UNSPECIFIED.,.F.,.F.,
 .F.,(4,1,4),(2,2),(-0.191249849849451,-0.0860632900905392,0.),(0.,0.06),
 .UNSPECIFIED.);
#360=B_SPLINE_SURFACE_WITH_KNOTS('',3,1,((#16675,#16676),(#16677,#16678),
(#16679,#16680),(#16681,#16682),(#16683,#16684)),.UNSPECIFIED.,.F.,.F.,
 .F.,(4,1,4),(2,2),(-0.203861160139876,-0.113063048616908,0.),(0.,0.06),
 .UNSPECIFIED.);
#361=B_SPLINE_SURFACE_WITH_KNOTS('',3,1,((#16698,#16699),(#16700,#16701),
(#16702,#16703),(#16704,#16705),(#16706,#16707)),.UNSPECIFIED.,.F.,.F.,
 .F.,(4,1,4),(2,2),(-0.1665139115447,-0.0814977830813001,0.),(0.,0.06),
 .UNSPECIFIED.);
#362=B_SPLINE_SURFACE_WITH_KNOTS('',3,1,((#16721,#16722),(#16723,#16724),
(#16725,#16726),(#16727,#16728),(#16729,#16730)),.UNSPECIFIED.,.F.,.F.,
 .F.,(4,1,4),(2,2),(-0.0937453691791716,-0.0459555921511445,0.),(0.,0.06),
 .UNSPECIFIED.);
#363=B_SPLINE_SURFACE_WITH_KNOTS('',3,1,((#16744,#16745),(#16746,#16747),
(#16748,#16749),(#16750,#16751),(#16752,#16753)),.UNSPECIFIED.,.F.,.F.,
 .F.,(4,1,4),(2,2),(-0.0902491851154756,-0.0470499230982283,0.),(0.,0.06),
 .UNSPECIFIED.);
#364=B_SPLINE_SURFACE_WITH_KNOTS('',3,1,((#16843,#16844),(#16845,#16846),
(#16847,#16848),(#16849,#16850),(#16851,#16852)),.UNSPECIFIED.,.F.,.F.,
 .F.,(4,1,4),(2,2),(-0.115803082945262,-0.0717609294837226,0.),(0.,0.06),
 .UNSPECIFIED.);
#365=B_SPLINE_SURFACE_WITH_KNOTS('',3,1,((#16866,#16867),(#16868,#16869),
(#16870,#16871),(#16872,#16873),(#16874,#16875)),.UNSPECIFIED.,.F.,.F.,
 .F.,(4,1,4),(2,2),(-0.0582517107698779,-0.0296297217518533,0.),(0.,0.06),
 .UNSPECIFIED.);
#366=B_SPLINE_SURFACE_WITH_KNOTS('',3,1,((#16889,#16890),(#16891,#16892),
(#16893,#16894),(#16895,#16896),(#16897,#16898)),.UNSPECIFIED.,.F.,.F.,
 .F.,(4,1,4),(2,2),(-0.0590468855074333,-0.0288067627780418,0.),(0.,0.06),
 .UNSPECIFIED.);
#367=B_SPLINE_SURFACE_WITH_KNOTS('',3,1,((#16912,#16913),(#16914,#16915),
(#16916,#16917),(#16918,#16919),(#16920,#16921)),.UNSPECIFIED.,.F.,.F.,
 .F.,(4,1,4),(2,2),(-0.0700687502545823,-0.0363141316240519,0.),(0.,0.06),
 .UNSPECIFIED.);
#368=B_SPLINE_SURFACE_WITH_KNOTS('',3,1,((#16935,#16936),(#16937,#16938),
(#16939,#16940),(#16941,#16942),(#16943,#16944)),.UNSPECIFIED.,.F.,.F.,
 .F.,(4,1,4),(2,2),(-0.0675551342342487,-0.0333848044967094,0.),(0.,0.06),
 .UNSPECIFIED.);
#369=B_SPLINE_SURFACE_WITH_KNOTS('',3,1,((#16958,#16959),(#16960,#16961),
(#16962,#16963),(#16964,#16965),(#16966,#16967)),.UNSPECIFIED.,.F.,.F.,
 .F.,(4,1,4),(2,2),(-0.104795560553242,-0.0393406464216633,0.),(0.,0.06),
 .UNSPECIFIED.);
#370=B_SPLINE_SURFACE_WITH_KNOTS('',3,1,((#16999,#17000),(#17001,#17002),
(#17003,#17004),(#17005,#17006),(#17007,#17008)),.UNSPECIFIED.,.F.,.F.,
 .F.,(4,1,4),(2,2),(-0.173428091113908,-0.109555886998576,0.),(0.,0.06),
 .UNSPECIFIED.);
#371=B_SPLINE_SURFACE_WITH_KNOTS('',3,1,((#17022,#17023),(#17024,#17025),
(#17026,#17027),(#17028,#17029),(#17030,#17031)),.UNSPECIFIED.,.F.,.F.,
 .F.,(4,1,4),(2,2),(-0.127138131582043,-0.0623974076188037,0.),(0.,0.06),
 .UNSPECIFIED.);
#372=B_SPLINE_SURFACE_WITH_KNOTS('',3,1,((#17045,#17046),(#17047,#17048),
(#17049,#17050),(#17051,#17052),(#17053,#17054)),.UNSPECIFIED.,.F.,.F.,
 .F.,(4,1,4),(2,2),(-0.14834996098419,-0.0696265297140317,0.),(0.,0.06),
 .UNSPECIFIED.);
#373=B_SPLINE_SURFACE_WITH_KNOTS('',3,1,((#17068,#17069),(#17070,#17071),
(#17072,#17073),(#17074,#17075),(#17076,#17077)),.UNSPECIFIED.,.F.,.F.,
 .F.,(4,1,4),(2,2),(-0.114913609352292,-0.0613190998038587,0.),(0.,0.06),
 .UNSPECIFIED.);
#374=B_SPLINE_SURFACE_WITH_KNOTS('',3,1,((#17091,#17092),(#17093,#17094),
(#17095,#17096),(#17097,#17098),(#17099,#17100)),.UNSPECIFIED.,.F.,.F.,
 .F.,(4,1,4),(2,2),(-0.0943521600174443,-0.0487154106920161,0.),(0.,0.06),
 .UNSPECIFIED.);
#375=B_SPLINE_SURFACE_WITH_KNOTS('',3,1,((#17114,#17115),(#17116,#17117),
(#17118,#17119),(#17120,#17121),(#17122,#17123)),.UNSPECIFIED.,.F.,.F.,
 .F.,(4,1,4),(2,2),(-0.0831614930757539,-0.0430915196760753,0.),(0.,0.06),
 .UNSPECIFIED.);
#376=B_SPLINE_SURFACE_WITH_KNOTS('',3,1,((#17137,#17138),(#17139,#17140),
(#17141,#17142),(#17143,#17144),(#17145,#17146)),.UNSPECIFIED.,.F.,.F.,
 .F.,(4,1,4),(2,2),(-0.151283575491248,-0.064192216853115,0.),(0.,0.06),
 .UNSPECIFIED.);
#377=FACE_BOUND('',#1235,.T.);
#378=FACE_BOUND('',#1244,.T.);
#379=FACE_BOUND('',#1363,.T.);
#380=FACE_BOUND('',#1364,.T.);
#381=FACE_BOUND('',#1471,.T.);
#382=FACE_BOUND('',#1472,.T.);
#383=FACE_BOUND('',#1473,.T.);
#384=FACE_BOUND('',#1474,.T.);
#385=FACE_BOUND('',#1475,.T.);
#386=FACE_BOUND('',#1476,.T.);
#387=FACE_BOUND('',#1489,.T.);
#388=FACE_BOUND('',#1491,.T.);
#389=FACE_BOUND('',#1493,.T.);
#390=FACE_BOUND('',#1495,.T.);
#391=FACE_BOUND('',#1497,.T.);
#392=FACE_BOUND('',#1499,.T.);
#393=FACE_BOUND('',#1512,.T.);
#394=FACE_BOUND('',#1513,.T.);
#395=FACE_BOUND('',#1514,.T.);
#396=FACE_BOUND('',#1515,.T.);
#397=FACE_BOUND('',#1516,.T.);
#398=FACE_BOUND('',#1517,.T.);
#399=FACE_BOUND('',#1520,.T.);
#400=FACE_BOUND('',#1548,.T.);
#401=FACE_BOUND('',#1551,.T.);
#402=FACE_BOUND('',#1573,.T.);
#403=FACE_BOUND('',#1574,.T.);
#404=FACE_BOUND('',#1575,.T.);
#405=FACE_BOUND('',#1576,.T.);
#406=FACE_BOUND('',#1577,.T.);
#407=FACE_BOUND('',#1578,.T.);
#408=FACE_BOUND('',#1579,.T.);
#409=FACE_BOUND('',#1610,.T.);
#410=FACE_BOUND('',#1805,.T.);
#411=FACE_BOUND('',#1807,.T.);
#412=CONICAL_SURFACE('',#9751,3.30000000000001,0.785398163397449);
#413=CONICAL_SURFACE('',#9756,3.3,0.785398163397446);
#414=CONICAL_SURFACE('',#9817,4.70000000000001,0.785398163397588);
#415=CONICAL_SURFACE('',#9821,6.39999999999999,0.785398163397436);
#416=CONICAL_SURFACE('',#9825,4.7,0.785398163397555);
#417=CONICAL_SURFACE('',#9832,4.70000000000001,0.785398163397588);
#418=CONICAL_SURFACE('',#9836,6.39999999999999,0.785398163397436);
#419=CONICAL_SURFACE('',#9840,4.7,0.785398163397555);
#420=CONICAL_SURFACE('',#9847,4.69999999999999,0.78539816339758);
#421=CONICAL_SURFACE('',#9851,6.39999999999999,0.785398163397436);
#422=CONICAL_SURFACE('',#9855,4.7,0.785398163397555);
#423=CONICAL_SURFACE('',#9862,4.69999999999999,0.78539816339758);
#424=CONICAL_SURFACE('',#9866,6.39999999999999,0.785398163397436);
#425=CONICAL_SURFACE('',#9870,4.7,0.785398163397555);
#426=CONICAL_SURFACE('',#9877,4.69999999999999,0.78539816339758);
#427=CONICAL_SURFACE('',#9881,6.39999999999999,0.785398163397436);
#428=CONICAL_SURFACE('',#9885,4.7,0.785398163397555);
#429=CONICAL_SURFACE('',#9892,4.69999999999999,0.78539816339758);
#430=CONICAL_SURFACE('',#9896,6.39999999999999,0.785398163397436);
#431=CONICAL_SURFACE('',#9900,4.7,0.785398163397551);
#432=CONICAL_SURFACE('',#9906,14.4,0.785398163397429);
#433=CONICAL_SURFACE('',#9908,14.4,0.785398163397429);
#434=CONICAL_SURFACE('',#9911,14.4,0.785398163397429);
#435=CONICAL_SURFACE('',#9914,14.4,0.785398163397429);
#436=CONICAL_SURFACE('',#9917,14.4,0.785398163397429);
#437=CONICAL_SURFACE('',#9920,14.4,0.785398163397429);
#438=CONICAL_SURFACE('',#9969,4.7,0.78539816339748);
#439=CONICAL_SURFACE('',#9972,6.39999999999999,0.785398163397438);
#440=CONICAL_SURFACE('',#9975,4.7,0.785398163397451);
#441=CONICAL_SURFACE('',#9978,4.7,0.785398163397482);
#442=CONICAL_SURFACE('',#9981,6.39999999999999,0.785398163397438);
#443=CONICAL_SURFACE('',#9984,4.7,0.785398163397451);
#444=CONICAL_SURFACE('',#9987,4.69999999999999,0.785398163397492);
#445=CONICAL_SURFACE('',#9990,6.39999999999999,0.785398163397438);
#446=CONICAL_SURFACE('',#9993,4.70000000000001,0.785398163397475);
#447=CONICAL_SURFACE('',#9996,4.69999999999999,0.785398163397492);
#448=CONICAL_SURFACE('',#9999,6.39999999999999,0.785398163397438);
#449=CONICAL_SURFACE('',#10002,4.70000000000001,0.785398163397475);
#450=CONICAL_SURFACE('',#10005,4.69999999999999,0.785398163397492);
#451=CONICAL_SURFACE('',#10008,6.39999999999999,0.785398163397438);
#452=CONICAL_SURFACE('',#10011,4.70000000000001,0.785398163397449);
#453=CONICAL_SURFACE('',#10014,4.69999999999999,0.785398163397491);
#454=CONICAL_SURFACE('',#10017,6.39999999999999,0.785398163397438);
#455=CONICAL_SURFACE('',#10020,4.69999999999999,0.785398163397492);
#456=CONICAL_SURFACE('',#10165,13.6,0.785398163397439);
#457=CONICAL_SURFACE('',#10171,13.6,0.785398163397442);
#458=CONICAL_SURFACE('',#10175,5.52500000000002,0.785398163397451);
#459=CONICAL_SURFACE('',#10186,1.7,0.785398163397454);
#460=CONICAL_SURFACE('',#10190,1.7,0.785398163397454);
#461=CONICAL_SURFACE('',#10194,1.7,0.785398163397454);
#462=CONICAL_SURFACE('',#10198,1.7,0.785398163397454);
#463=CYLINDRICAL_SURFACE('',#9743,1.70000000000093);
#464=CYLINDRICAL_SURFACE('',#9746,1.69999999999999);
#465=CYLINDRICAL_SURFACE('',#9754,2.10000000000001);
#466=CYLINDRICAL_SURFACE('',#9759,2.10000000000001);
#467=CYLINDRICAL_SURFACE('',#9923,14.1);
#468=CYLINDRICAL_SURFACE('',#9926,14.1);
#469=CYLINDRICAL_SURFACE('',#9929,14.1);
#470=CYLINDRICAL_SURFACE('',#9932,14.1);
#471=CYLINDRICAL_SURFACE('',#9935,14.1);
#472=CYLINDRICAL_SURFACE('',#9938,14.1);
#473=CYLINDRICAL_SURFACE('',#9959,4.50000000000003);
#474=CYLINDRICAL_SURFACE('',#9960,4.50000000000003);
#475=CYLINDRICAL_SURFACE('',#10029,5.);
#476=CYLINDRICAL_SURFACE('',#10031,6.09999999999999);
#477=CYLINDRICAL_SURFACE('',#10033,5.);
#478=CYLINDRICAL_SURFACE('',#10034,5.);
#479=CYLINDRICAL_SURFACE('',#10036,6.09999999999999);
#480=CYLINDRICAL_SURFACE('',#10038,5.);
#481=CYLINDRICAL_SURFACE('',#10039,5.);
#482=CYLINDRICAL_SURFACE('',#10041,6.09999999999999);
#483=CYLINDRICAL_SURFACE('',#10043,5.);
#484=CYLINDRICAL_SURFACE('',#10046,5.);
#485=CYLINDRICAL_SURFACE('',#10048,5.);
#486=CYLINDRICAL_SURFACE('',#10049,5.);
#487=CYLINDRICAL_SURFACE('',#10050,5.);
#488=CYLINDRICAL_SURFACE('',#10051,5.);
#489=CYLINDRICAL_SURFACE('',#10052,5.);
#490=CYLINDRICAL_SURFACE('',#10054,6.09999999999999);
#491=CYLINDRICAL_SURFACE('',#10057,6.09999999999999);
#492=CYLINDRICAL_SURFACE('',#10060,6.09999999999999);
#493=CYLINDRICAL_SURFACE('',#10067,3.5);
#494=CYLINDRICAL_SURFACE('',#10072,3.5);
#495=CYLINDRICAL_SURFACE('',#10077,3.5);
#496=CYLINDRICAL_SURFACE('',#10082,3.5);
#497=CYLINDRICAL_SURFACE('',#10087,3.5);
#498=CYLINDRICAL_SURFACE('',#10092,3.5);
#499=CYLINDRICAL_SURFACE('',#10119,3.5);
#500=CYLINDRICAL_SURFACE('',#10121,3.5);
#501=CYLINDRICAL_SURFACE('',#10123,3.5);
#502=CYLINDRICAL_SURFACE('',#10125,3.5);
#503=CYLINDRICAL_SURFACE('',#10127,3.5);
#504=CYLINDRICAL_SURFACE('',#10137,3.5);
#505=CYLINDRICAL_SURFACE('',#10162,12.7);
#506=CYLINDRICAL_SURFACE('',#10168,13.9);
#507=CYLINDRICAL_SURFACE('',#10180,6.02500000000002);
#508=CYLINDRICAL_SURFACE('',#10181,4.02500000000002);
#509=CYLINDRICAL_SURFACE('',#10202,2.);
#510=CYLINDRICAL_SURFACE('',#10205,2.);
#511=CYLINDRICAL_SURFACE('',#10208,2.);
#512=CYLINDRICAL_SURFACE('',#10211,2.);
#513=CYLINDRICAL_SURFACE('',#10217,1.6);
#514=CYLINDRICAL_SURFACE('',#10222,1.6);
#515=CYLINDRICAL_SURFACE('',#10351,4.40000000000003);
#516=CIRCLE('',#9741,1.69999999999999);
#517=CIRCLE('',#9742,1.70000000000093);
#518=CIRCLE('',#9744,1.70000000000093);
#519=CIRCLE('',#9747,1.69999999999999);
#520=CIRCLE('',#9752,2.10000000000001);
#521=CIRCLE('',#9753,4.50000000000003);
#522=CIRCLE('',#9755,2.10000000000001);
#523=CIRCLE('',#9757,2.10000000000001);
#524=CIRCLE('',#9758,4.50000000000003);
#525=CIRCLE('',#9760,2.10000000000001);
#526=CIRCLE('',#9775,14.7);
#527=CIRCLE('',#9776,14.7);
#528=CIRCLE('',#9777,14.7);
#529=CIRCLE('',#9778,14.7);
#530=CIRCLE('',#9779,14.7);
#531=CIRCLE('',#9780,14.7);
#532=CIRCLE('',#9818,5.);
#533=CIRCLE('',#9819,4.40000000000002);
#534=CIRCLE('',#9822,6.69999999999998);
#535=CIRCLE('',#9823,6.09999999999999);
#536=CIRCLE('',#9826,5.);
#537=CIRCLE('',#9827,4.39999999999999);
#538=CIRCLE('',#9830,14.1);
#539=CIRCLE('',#9833,5.);
#540=CIRCLE('',#9834,4.40000000000002);
#541=CIRCLE('',#9837,6.69999999999998);
#542=CIRCLE('',#9838,6.09999999999999);
#543=CIRCLE('',#9841,5.);
#544=CIRCLE('',#9842,4.39999999999999);
#545=CIRCLE('',#9845,14.1);
#546=CIRCLE('',#9848,5.);
#547=CIRCLE('',#9849,4.39999999999998);
#548=CIRCLE('',#9852,6.69999999999998);
#549=CIRCLE('',#9853,6.09999999999999);
#550=CIRCLE('',#9856,5.);
#551=CIRCLE('',#9857,4.39999999999999);
#552=CIRCLE('',#9860,14.1);
#553=CIRCLE('',#9863,5.);
#554=CIRCLE('',#9864,4.39999999999998);
#555=CIRCLE('',#9867,6.69999999999998);
#556=CIRCLE('',#9868,6.09999999999999);
#557=CIRCLE('',#9871,5.);
#558=CIRCLE('',#9872,4.39999999999999);
#559=CIRCLE('',#9875,14.1);
#560=CIRCLE('',#9878,5.);
#561=CIRCLE('',#9879,4.39999999999999);
#562=CIRCLE('',#9882,6.69999999999998);
#563=CIRCLE('',#9883,6.09999999999999);
#564=CIRCLE('',#9886,5.);
#565=CIRCLE('',#9887,4.39999999999999);
#566=CIRCLE('',#9890,14.1);
#567=CIRCLE('',#9893,5.);
#568=CIRCLE('',#9894,4.39999999999999);
#569=CIRCLE('',#9897,6.69999999999998);
#570=CIRCLE('',#9898,6.09999999999999);
#571=CIRCLE('',#9901,5.);
#572=CIRCLE('',#9902,4.4);
#573=CIRCLE('',#9905,14.1);
#574=CIRCLE('',#9907,14.1);
#575=CIRCLE('',#9909,14.1);
#576=CIRCLE('',#9912,14.1);
#577=CIRCLE('',#9915,14.1);
#578=CIRCLE('',#9918,14.1);
#579=CIRCLE('',#9921,14.1);
#580=CIRCLE('',#9941,4.39999999999998);
#581=CIRCLE('',#9942,6.69999999999999);
#582=CIRCLE('',#9943,4.39999999999999);
#583=CIRCLE('',#9944,4.40000000000003);
#584=CIRCLE('',#9945,6.69999999999999);
#585=CIRCLE('',#9946,4.39999999999999);
#586=CIRCLE('',#9947,4.40000000000001);
#587=CIRCLE('',#9948,6.69999999999999);
#588=CIRCLE('',#9949,4.39999999999999);
#589=CIRCLE('',#9950,4.40000000000001);
#590=CIRCLE('',#9951,6.69999999999999);
#591=CIRCLE('',#9952,4.39999999999999);
#592=CIRCLE('',#9953,4.39999999999999);
#593=CIRCLE('',#9954,6.69999999999999);
#594=CIRCLE('',#9955,4.39999999999999);
#595=CIRCLE('',#9956,4.39999999999999);
#596=CIRCLE('',#9957,6.69999999999999);
#597=CIRCLE('',#9958,4.4);
#598=CIRCLE('',#9970,5.);
#599=CIRCLE('',#9973,6.09999999999999);
#600=CIRCLE('',#9976,5.);
#601=CIRCLE('',#9979,5.);
#602=CIRCLE('',#9982,6.09999999999999);
#603=CIRCLE('',#9985,5.);
#604=CIRCLE('',#9988,5.);
#605=CIRCLE('',#9991,6.09999999999999);
#606=CIRCLE('',#9994,5.);
#607=CIRCLE('',#9997,5.);
#608=CIRCLE('',#10000,6.09999999999999);
#609=CIRCLE('',#10003,5.);
#610=CIRCLE('',#10006,5.);
#611=CIRCLE('',#10009,6.09999999999999);
#612=CIRCLE('',#10012,5.);
#613=CIRCLE('',#10015,5.);
#614=CIRCLE('',#10018,6.09999999999999);
#615=CIRCLE('',#10021,5.);
#616=CIRCLE('',#10066,3.5);
#617=CIRCLE('',#10068,3.5);
#618=CIRCLE('',#10071,3.5);
#619=CIRCLE('',#10073,3.5);
#620=CIRCLE('',#10076,3.5);
#621=CIRCLE('',#10078,3.5);
#622=CIRCLE('',#10081,3.5);
#623=CIRCLE('',#10083,3.5);
#624=CIRCLE('',#10086,3.5);
#625=CIRCLE('',#10088,3.5);
#626=CIRCLE('',#10091,3.5);
#627=CIRCLE('',#10093,3.5);
#628=CIRCLE('',#10108,3.5);
#629=CIRCLE('',#10110,3.5);
#630=CIRCLE('',#10112,3.5);
#631=CIRCLE('',#10114,3.5);
#632=CIRCLE('',#10116,3.5);
#633=CIRCLE('',#10118,3.5);
#634=CIRCLE('',#10120,3.5);
#635=CIRCLE('',#10122,3.5);
#636=CIRCLE('',#10124,3.5);
#637=CIRCLE('',#10126,3.5);
#638=CIRCLE('',#10128,3.5);
#639=CIRCLE('',#10136,3.5);
#640=CIRCLE('',#10161,12.7);
#641=CIRCLE('',#10163,12.7);
#642=CIRCLE('',#10166,13.3);
#643=CIRCLE('',#10167,13.9);
#644=CIRCLE('',#10169,13.9);
#645=CIRCLE('',#10172,13.3);
#646=CIRCLE('',#10174,6.02500000000002);
#647=CIRCLE('',#10176,5.02500000000002);
#648=CIRCLE('',#10177,6.02500000000002);
#649=CIRCLE('',#10179,4.02500000000002);
#650=CIRCLE('',#10182,4.02500000000002);
#651=CIRCLE('',#10187,2.);
#652=CIRCLE('',#10188,1.39999999999999);
#653=CIRCLE('',#10191,2.);
#654=CIRCLE('',#10192,1.39999999999999);
#655=CIRCLE('',#10195,2.);
#656=CIRCLE('',#10196,1.39999999999999);
#657=CIRCLE('',#10199,2.);
#658=CIRCLE('',#10200,1.39999999999999);
#659=CIRCLE('',#10203,2.);
#660=CIRCLE('',#10206,2.);
#661=CIRCLE('',#10209,2.);
#662=CIRCLE('',#10212,2.);
#663=CIRCLE('',#10215,1.6);
#664=CIRCLE('',#10216,1.6);
#665=CIRCLE('',#10218,1.6);
#666=CIRCLE('',#10223,1.6);
#667=CIRCLE('',#10353,4.40000000000003);
#668=FACE_OUTER_BOUND('',#1222,.T.);
#669=FACE_OUTER_BOUND('',#1223,.T.);
#670=FACE_OUTER_BOUND('',#1224,.T.);
#671=FACE_OUTER_BOUND('',#1225,.T.);
#672=FACE_OUTER_BOUND('',#1226,.T.);
#673=FACE_OUTER_BOUND('',#1227,.T.);
#674=FACE_OUTER_BOUND('',#1228,.T.);
#675=FACE_OUTER_BOUND('',#1229,.T.);
#676=FACE_OUTER_BOUND('',#1230,.T.);
#677=FACE_OUTER_BOUND('',#1231,.T.);
#678=FACE_OUTER_BOUND('',#1232,.T.);
#679=FACE_OUTER_BOUND('',#1233,.T.);
#680=FACE_OUTER_BOUND('',#1234,.T.);
#681=FACE_OUTER_BOUND('',#1236,.T.);
#682=FACE_OUTER_BOUND('',#1237,.T.);
#683=FACE_OUTER_BOUND('',#1238,.T.);
#684=FACE_OUTER_BOUND('',#1239,.T.);
#685=FACE_OUTER_BOUND('',#1240,.T.);
#686=FACE_OUTER_BOUND('',#1241,.T.);
#687=FACE_OUTER_BOUND('',#1242,.T.);
#688=FACE_OUTER_BOUND('',#1243,.T.);
#689=FACE_OUTER_BOUND('',#1245,.T.);
#690=FACE_OUTER_BOUND('',#1246,.T.);
#691=FACE_OUTER_BOUND('',#1247,.T.);
#692=FACE_OUTER_BOUND('',#1248,.T.);
#693=FACE_OUTER_BOUND('',#1249,.T.);
#694=FACE_OUTER_BOUND('',#1250,.T.);
#695=FACE_OUTER_BOUND('',#1251,.T.);
#696=FACE_OUTER_BOUND('',#1252,.T.);
#697=FACE_OUTER_BOUND('',#1253,.T.);
#698=FACE_OUTER_BOUND('',#1254,.T.);
#699=FACE_OUTER_BOUND('',#1255,.T.);
#700=FACE_OUTER_BOUND('',#1256,.T.);
#701=FACE_OUTER_BOUND('',#1257,.T.);
#702=FACE_OUTER_BOUND('',#1258,.T.);
#703=FACE_OUTER_BOUND('',#1259,.T.);
#704=FACE_OUTER_BOUND('',#1260,.T.);
#705=FACE_OUTER_BOUND('',#1261,.T.);
#706=FACE_OUTER_BOUND('',#1262,.T.);
#707=FACE_OUTER_BOUND('',#1263,.T.);
#708=FACE_OUTER_BOUND('',#1264,.T.);
#709=FACE_OUTER_BOUND('',#1265,.T.);
#710=FACE_OUTER_BOUND('',#1266,.T.);
#711=FACE_OUTER_BOUND('',#1267,.T.);
#712=FACE_OUTER_BOUND('',#1268,.T.);
#713=FACE_OUTER_BOUND('',#1269,.T.);
#714=FACE_OUTER_BOUND('',#1270,.T.);
#715=FACE_OUTER_BOUND('',#1271,.T.);
#716=FACE_OUTER_BOUND('',#1272,.T.);
#717=FACE_OUTER_BOUND('',#1273,.T.);
#718=FACE_OUTER_BOUND('',#1274,.T.);
#719=FACE_OUTER_BOUND('',#1275,.T.);
#720=FACE_OUTER_BOUND('',#1276,.T.);
#721=FACE_OUTER_BOUND('',#1277,.T.);
#722=FACE_OUTER_BOUND('',#1278,.T.);
#723=FACE_OUTER_BOUND('',#1279,.T.);
#724=FACE_OUTER_BOUND('',#1280,.T.);
#725=FACE_OUTER_BOUND('',#1281,.T.);
#726=FACE_OUTER_BOUND('',#1282,.T.);
#727=FACE_OUTER_BOUND('',#1283,.T.);
#728=FACE_OUTER_BOUND('',#1284,.T.);
#729=FACE_OUTER_BOUND('',#1285,.T.);
#730=FACE_OUTER_BOUND('',#1286,.T.);
#731=FACE_OUTER_BOUND('',#1287,.T.);
#732=FACE_OUTER_BOUND('',#1288,.T.);
#733=FACE_OUTER_BOUND('',#1289,.T.);
#734=FACE_OUTER_BOUND('',#1290,.T.);
#735=FACE_OUTER_BOUND('',#1291,.T.);
#736=FACE_OUTER_BOUND('',#1292,.T.);
#737=FACE_OUTER_BOUND('',#1293,.T.);
#738=FACE_OUTER_BOUND('',#1294,.T.);
#739=FACE_OUTER_BOUND('',#1295,.T.);
#740=FACE_OUTER_BOUND('',#1296,.T.);
#741=FACE_OUTER_BOUND('',#1297,.T.);
#742=FACE_OUTER_BOUND('',#1298,.T.);
#743=FACE_OUTER_BOUND('',#1299,.T.);
#744=FACE_OUTER_BOUND('',#1300,.T.);
#745=FACE_OUTER_BOUND('',#1301,.T.);
#746=FACE_OUTER_BOUND('',#1302,.T.);
#747=FACE_OUTER_BOUND('',#1303,.T.);
#748=FACE_OUTER_BOUND('',#1304,.T.);
#749=FACE_OUTER_BOUND('',#1305,.T.);
#750=FACE_OUTER_BOUND('',#1306,.T.);
#751=FACE_OUTER_BOUND('',#1307,.T.);
#752=FACE_OUTER_BOUND('',#1308,.T.);
#753=FACE_OUTER_BOUND('',#1309,.T.);
#754=FACE_OUTER_BOUND('',#1310,.T.);
#755=FACE_OUTER_BOUND('',#1311,.T.);
#756=FACE_OUTER_BOUND('',#1312,.T.);
#757=FACE_OUTER_BOUND('',#1313,.T.);
#758=FACE_OUTER_BOUND('',#1314,.T.);
#759=FACE_OUTER_BOUND('',#1315,.T.);
#760=FACE_OUTER_BOUND('',#1316,.T.);
#761=FACE_OUTER_BOUND('',#1317,.T.);
#762=FACE_OUTER_BOUND('',#1318,.T.);
#763=FACE_OUTER_BOUND('',#1319,.T.);
#764=FACE_OUTER_BOUND('',#1320,.T.);
#765=FACE_OUTER_BOUND('',#1321,.T.);
#766=FACE_OUTER_BOUND('',#1322,.T.);
#767=FACE_OUTER_BOUND('',#1323,.T.);
#768=FACE_OUTER_BOUND('',#1324,.T.);
#769=FACE_OUTER_BOUND('',#1325,.T.);
#770=FACE_OUTER_BOUND('',#1326,.T.);
#771=FACE_OUTER_BOUND('',#1327,.T.);
#772=FACE_OUTER_BOUND('',#1328,.T.);
#773=FACE_OUTER_BOUND('',#1329,.T.);
#774=FACE_OUTER_BOUND('',#1330,.T.);
#775=FACE_OUTER_BOUND('',#1331,.T.);
#776=FACE_OUTER_BOUND('',#1332,.T.);
#777=FACE_OUTER_BOUND('',#1333,.T.);
#778=FACE_OUTER_BOUND('',#1334,.T.);
#779=FACE_OUTER_BOUND('',#1335,.T.);
#780=FACE_OUTER_BOUND('',#1336,.T.);
#781=FACE_OUTER_BOUND('',#1337,.T.);
#782=FACE_OUTER_BOUND('',#1338,.T.);
#783=FACE_OUTER_BOUND('',#1339,.T.);
#784=FACE_OUTER_BOUND('',#1340,.T.);
#785=FACE_OUTER_BOUND('',#1341,.T.);
#786=FACE_OUTER_BOUND('',#1342,.T.);
#787=FACE_OUTER_BOUND('',#1343,.T.);
#788=FACE_OUTER_BOUND('',#1344,.T.);
#789=FACE_OUTER_BOUND('',#1345,.T.);
#790=FACE_OUTER_BOUND('',#1346,.T.);
#791=FACE_OUTER_BOUND('',#1347,.T.);
#792=FACE_OUTER_BOUND('',#1348,.T.);
#793=FACE_OUTER_BOUND('',#1349,.T.);
#794=FACE_OUTER_BOUND('',#1350,.T.);
#795=FACE_OUTER_BOUND('',#1351,.T.);
#796=FACE_OUTER_BOUND('',#1352,.T.);
#797=FACE_OUTER_BOUND('',#1353,.T.);
#798=FACE_OUTER_BOUND('',#1354,.T.);
#799=FACE_OUTER_BOUND('',#1355,.T.);
#800=FACE_OUTER_BOUND('',#1356,.T.);
#801=FACE_OUTER_BOUND('',#1357,.T.);
#802=FACE_OUTER_BOUND('',#1358,.T.);
#803=FACE_OUTER_BOUND('',#1359,.T.);
#804=FACE_OUTER_BOUND('',#1360,.T.);
#805=FACE_OUTER_BOUND('',#1361,.T.);
#806=FACE_OUTER_BOUND('',#1362,.T.);
#807=FACE_OUTER_BOUND('',#1365,.T.);
#808=FACE_OUTER_BOUND('',#1366,.T.);
#809=FACE_OUTER_BOUND('',#1367,.T.);
#810=FACE_OUTER_BOUND('',#1368,.T.);
#811=FACE_OUTER_BOUND('',#1369,.T.);
#812=FACE_OUTER_BOUND('',#1370,.T.);
#813=FACE_OUTER_BOUND('',#1371,.T.);
#814=FACE_OUTER_BOUND('',#1372,.T.);
#815=FACE_OUTER_BOUND('',#1373,.T.);
#816=FACE_OUTER_BOUND('',#1374,.T.);
#817=FACE_OUTER_BOUND('',#1375,.T.);
#818=FACE_OUTER_BOUND('',#1376,.T.);
#819=FACE_OUTER_BOUND('',#1377,.T.);
#820=FACE_OUTER_BOUND('',#1378,.T.);
#821=FACE_OUTER_BOUND('',#1379,.T.);
#822=FACE_OUTER_BOUND('',#1380,.T.);
#823=FACE_OUTER_BOUND('',#1381,.T.);
#824=FACE_OUTER_BOUND('',#1382,.T.);
#825=FACE_OUTER_BOUND('',#1383,.T.);
#826=FACE_OUTER_BOUND('',#1384,.T.);
#827=FACE_OUTER_BOUND('',#1385,.T.);
#828=FACE_OUTER_BOUND('',#1386,.T.);
#829=FACE_OUTER_BOUND('',#1387,.T.);
#830=FACE_OUTER_BOUND('',#1388,.T.);
#831=FACE_OUTER_BOUND('',#1389,.T.);
#832=FACE_OUTER_BOUND('',#1390,.T.);
#833=FACE_OUTER_BOUND('',#1391,.T.);
#834=FACE_OUTER_BOUND('',#1392,.T.);
#835=FACE_OUTER_BOUND('',#1393,.T.);
#836=FACE_OUTER_BOUND('',#1394,.T.);
#837=FACE_OUTER_BOUND('',#1395,.T.);
#838=FACE_OUTER_BOUND('',#1396,.T.);
#839=FACE_OUTER_BOUND('',#1397,.T.);
#840=FACE_OUTER_BOUND('',#1398,.T.);
#841=FACE_OUTER_BOUND('',#1399,.T.);
#842=FACE_OUTER_BOUND('',#1400,.T.);
#843=FACE_OUTER_BOUND('',#1401,.T.);
#844=FACE_OUTER_BOUND('',#1402,.T.);
#845=FACE_OUTER_BOUND('',#1403,.T.);
#846=FACE_OUTER_BOUND('',#1404,.T.);
#847=FACE_OUTER_BOUND('',#1405,.T.);
#848=FACE_OUTER_BOUND('',#1406,.T.);
#849=FACE_OUTER_BOUND('',#1407,.T.);
#850=FACE_OUTER_BOUND('',#1408,.T.);
#851=FACE_OUTER_BOUND('',#1409,.T.);
#852=FACE_OUTER_BOUND('',#1410,.T.);
#853=FACE_OUTER_BOUND('',#1411,.T.);
#854=FACE_OUTER_BOUND('',#1412,.T.);
#855=FACE_OUTER_BOUND('',#1413,.T.);
#856=FACE_OUTER_BOUND('',#1414,.T.);
#857=FACE_OUTER_BOUND('',#1415,.T.);
#858=FACE_OUTER_BOUND('',#1416,.T.);
#859=FACE_OUTER_BOUND('',#1417,.T.);
#860=FACE_OUTER_BOUND('',#1418,.T.);
#861=FACE_OUTER_BOUND('',#1419,.T.);
#862=FACE_OUTER_BOUND('',#1420,.T.);
#863=FACE_OUTER_BOUND('',#1421,.T.);
#864=FACE_OUTER_BOUND('',#1422,.T.);
#865=FACE_OUTER_BOUND('',#1423,.T.);
#866=FACE_OUTER_BOUND('',#1424,.T.);
#867=FACE_OUTER_BOUND('',#1425,.T.);
#868=FACE_OUTER_BOUND('',#1426,.T.);
#869=FACE_OUTER_BOUND('',#1427,.T.);
#870=FACE_OUTER_BOUND('',#1428,.T.);
#871=FACE_OUTER_BOUND('',#1429,.T.);
#872=FACE_OUTER_BOUND('',#1430,.T.);
#873=FACE_OUTER_BOUND('',#1431,.T.);
#874=FACE_OUTER_BOUND('',#1432,.T.);
#875=FACE_OUTER_BOUND('',#1433,.T.);
#876=FACE_OUTER_BOUND('',#1434,.T.);
#877=FACE_OUTER_BOUND('',#1435,.T.);
#878=FACE_OUTER_BOUND('',#1436,.T.);
#879=FACE_OUTER_BOUND('',#1437,.T.);
#880=FACE_OUTER_BOUND('',#1438,.T.);
#881=FACE_OUTER_BOUND('',#1439,.T.);
#882=FACE_OUTER_BOUND('',#1440,.T.);
#883=FACE_OUTER_BOUND('',#1441,.T.);
#884=FACE_OUTER_BOUND('',#1442,.T.);
#885=FACE_OUTER_BOUND('',#1443,.T.);
#886=FACE_OUTER_BOUND('',#1444,.T.);
#887=FACE_OUTER_BOUND('',#1445,.T.);
#888=FACE_OUTER_BOUND('',#1446,.T.);
#889=FACE_OUTER_BOUND('',#1447,.T.);
#890=FACE_OUTER_BOUND('',#1448,.T.);
#891=FACE_OUTER_BOUND('',#1449,.T.);
#892=FACE_OUTER_BOUND('',#1450,.T.);
#893=FACE_OUTER_BOUND('',#1451,.T.);
#894=FACE_OUTER_BOUND('',#1452,.T.);
#895=FACE_OUTER_BOUND('',#1453,.T.);
#896=FACE_OUTER_BOUND('',#1454,.T.);
#897=FACE_OUTER_BOUND('',#1455,.T.);
#898=FACE_OUTER_BOUND('',#1456,.T.);
#899=FACE_OUTER_BOUND('',#1457,.T.);
#900=FACE_OUTER_BOUND('',#1458,.T.);
#901=FACE_OUTER_BOUND('',#1459,.T.);
#902=FACE_OUTER_BOUND('',#1460,.T.);
#903=FACE_OUTER_BOUND('',#1461,.T.);
#904=FACE_OUTER_BOUND('',#1462,.T.);
#905=FACE_OUTER_BOUND('',#1463,.T.);
#906=FACE_OUTER_BOUND('',#1464,.T.);
#907=FACE_OUTER_BOUND('',#1465,.T.);
#908=FACE_OUTER_BOUND('',#1466,.T.);
#909=FACE_OUTER_BOUND('',#1467,.T.);
#910=FACE_OUTER_BOUND('',#1468,.T.);
#911=FACE_OUTER_BOUND('',#1469,.T.);
#912=FACE_OUTER_BOUND('',#1470,.T.);
#913=FACE_OUTER_BOUND('',#1477,.T.);
#914=FACE_OUTER_BOUND('',#1478,.T.);
#915=FACE_OUTER_BOUND('',#1479,.T.);
#916=FACE_OUTER_BOUND('',#1480,.T.);
#917=FACE_OUTER_BOUND('',#1481,.T.);
#918=FACE_OUTER_BOUND('',#1482,.T.);
#919=FACE_OUTER_BOUND('',#1483,.T.);
#920=FACE_OUTER_BOUND('',#1484,.T.);
#921=FACE_OUTER_BOUND('',#1485,.T.);
#922=FACE_OUTER_BOUND('',#1486,.T.);
#923=FACE_OUTER_BOUND('',#1487,.T.);
#924=FACE_OUTER_BOUND('',#1488,.T.);
#925=FACE_OUTER_BOUND('',#1490,.T.);
#926=FACE_OUTER_BOUND('',#1492,.T.);
#927=FACE_OUTER_BOUND('',#1494,.T.);
#928=FACE_OUTER_BOUND('',#1496,.T.);
#929=FACE_OUTER_BOUND('',#1498,.T.);
#930=FACE_OUTER_BOUND('',#1500,.T.);
#931=FACE_OUTER_BOUND('',#1501,.T.);
#932=FACE_OUTER_BOUND('',#1502,.T.);
#933=FACE_OUTER_BOUND('',#1503,.T.);
#934=FACE_OUTER_BOUND('',#1504,.T.);
#935=FACE_OUTER_BOUND('',#1505,.T.);
#936=FACE_OUTER_BOUND('',#1506,.T.);
#937=FACE_OUTER_BOUND('',#1507,.T.);
#938=FACE_OUTER_BOUND('',#1508,.T.);
#939=FACE_OUTER_BOUND('',#1509,.T.);
#940=FACE_OUTER_BOUND('',#1510,.T.);
#941=FACE_OUTER_BOUND('',#1511,.T.);
#942=FACE_OUTER_BOUND('',#1518,.T.);
#943=FACE_OUTER_BOUND('',#1519,.T.);
#944=FACE_OUTER_BOUND('',#1521,.T.);
#945=FACE_OUTER_BOUND('',#1522,.T.);
#946=FACE_OUTER_BOUND('',#1523,.T.);
#947=FACE_OUTER_BOUND('',#1524,.T.);
#948=FACE_OUTER_BOUND('',#1525,.T.);
#949=FACE_OUTER_BOUND('',#1526,.T.);
#950=FACE_OUTER_BOUND('',#1527,.T.);
#951=FACE_OUTER_BOUND('',#1528,.T.);
#952=FACE_OUTER_BOUND('',#1529,.T.);
#953=FACE_OUTER_BOUND('',#1530,.T.);
#954=FACE_OUTER_BOUND('',#1531,.T.);
#955=FACE_OUTER_BOUND('',#1532,.T.);
#956=FACE_OUTER_BOUND('',#1533,.T.);
#957=FACE_OUTER_BOUND('',#1534,.T.);
#958=FACE_OUTER_BOUND('',#1535,.T.);
#959=FACE_OUTER_BOUND('',#1536,.T.);
#960=FACE_OUTER_BOUND('',#1537,.T.);
#961=FACE_OUTER_BOUND('',#1538,.T.);
#962=FACE_OUTER_BOUND('',#1539,.T.);
#963=FACE_OUTER_BOUND('',#1540,.T.);
#964=FACE_OUTER_BOUND('',#1541,.T.);
#965=FACE_OUTER_BOUND('',#1542,.T.);
#966=FACE_OUTER_BOUND('',#1543,.T.);
#967=FACE_OUTER_BOUND('',#1544,.T.);
#968=FACE_OUTER_BOUND('',#1545,.T.);
#969=FACE_OUTER_BOUND('',#1546,.T.);
#970=FACE_OUTER_BOUND('',#1547,.T.);
#971=FACE_OUTER_BOUND('',#1549,.T.);
#972=FACE_OUTER_BOUND('',#1550,.T.);
#973=FACE_OUTER_BOUND('',#1552,.T.);
#974=FACE_OUTER_BOUND('',#1553,.T.);
#975=FACE_OUTER_BOUND('',#1554,.T.);
#976=FACE_OUTER_BOUND('',#1555,.T.);
#977=FACE_OUTER_BOUND('',#1556,.T.);
#978=FACE_OUTER_BOUND('',#1557,.T.);
#979=FACE_OUTER_BOUND('',#1558,.T.);
#980=FACE_OUTER_BOUND('',#1559,.T.);
#981=FACE_OUTER_BOUND('',#1560,.T.);
#982=FACE_OUTER_BOUND('',#1561,.T.);
#983=FACE_OUTER_BOUND('',#1562,.T.);
#984=FACE_OUTER_BOUND('',#1563,.T.);
#985=FACE_OUTER_BOUND('',#1564,.T.);
#986=FACE_OUTER_BOUND('',#1565,.T.);
#987=FACE_OUTER_BOUND('',#1566,.T.);
#988=FACE_OUTER_BOUND('',#1567,.T.);
#989=FACE_OUTER_BOUND('',#1568,.T.);
#990=FACE_OUTER_BOUND('',#1569,.T.);
#991=FACE_OUTER_BOUND('',#1570,.T.);
#992=FACE_OUTER_BOUND('',#1571,.T.);
#993=FACE_OUTER_BOUND('',#1572,.T.);
#994=FACE_OUTER_BOUND('',#1580,.T.);
#995=FACE_OUTER_BOUND('',#1581,.T.);
#996=FACE_OUTER_BOUND('',#1582,.T.);
#997=FACE_OUTER_BOUND('',#1583,.T.);
#998=FACE_OUTER_BOUND('',#1584,.T.);
#999=FACE_OUTER_BOUND('',#1585,.T.);
#1000=FACE_OUTER_BOUND('',#1586,.T.);
#1001=FACE_OUTER_BOUND('',#1587,.T.);
#1002=FACE_OUTER_BOUND('',#1588,.T.);
#1003=FACE_OUTER_BOUND('',#1589,.T.);
#1004=FACE_OUTER_BOUND('',#1590,.T.);
#1005=FACE_OUTER_BOUND('',#1591,.T.);
#1006=FACE_OUTER_BOUND('',#1592,.T.);
#1007=FACE_OUTER_BOUND('',#1593,.T.);
#1008=FACE_OUTER_BOUND('',#1594,.T.);
#1009=FACE_OUTER_BOUND('',#1595,.T.);
#1010=FACE_OUTER_BOUND('',#1596,.T.);
#1011=FACE_OUTER_BOUND('',#1597,.T.);
#1012=FACE_OUTER_BOUND('',#1598,.T.);
#1013=FACE_OUTER_BOUND('',#1599,.T.);
#1014=FACE_OUTER_BOUND('',#1600,.T.);
#1015=FACE_OUTER_BOUND('',#1601,.T.);
#1016=FACE_OUTER_BOUND('',#1602,.T.);
#1017=FACE_OUTER_BOUND('',#1603,.T.);
#1018=FACE_OUTER_BOUND('',#1604,.T.);
#1019=FACE_OUTER_BOUND('',#1605,.T.);
#1020=FACE_OUTER_BOUND('',#1606,.T.);
#1021=FACE_OUTER_BOUND('',#1607,.T.);
#1022=FACE_OUTER_BOUND('',#1608,.T.);
#1023=FACE_OUTER_BOUND('',#1609,.T.);
#1024=FACE_OUTER_BOUND('',#1611,.T.);
#1025=FACE_OUTER_BOUND('',#1612,.T.);
#1026=FACE_OUTER_BOUND('',#1613,.T.);
#1027=FACE_OUTER_BOUND('',#1614,.T.);
#1028=FACE_OUTER_BOUND('',#1615,.T.);
#1029=FACE_OUTER_BOUND('',#1616,.T.);
#1030=FACE_OUTER_BOUND('',#1617,.T.);
#1031=FACE_OUTER_BOUND('',#1618,.T.);
#1032=FACE_OUTER_BOUND('',#1619,.T.);
#1033=FACE_OUTER_BOUND('',#1620,.T.);
#1034=FACE_OUTER_BOUND('',#1621,.T.);
#1035=FACE_OUTER_BOUND('',#1622,.T.);
#1036=FACE_OUTER_BOUND('',#1623,.T.);
#1037=FACE_OUTER_BOUND('',#1624,.T.);
#1038=FACE_OUTER_BOUND('',#1625,.T.);
#1039=FACE_OUTER_BOUND('',#1626,.T.);
#1040=FACE_OUTER_BOUND('',#1627,.T.);
#1041=FACE_OUTER_BOUND('',#1628,.T.);
#1042=FACE_OUTER_BOUND('',#1629,.T.);
#1043=FACE_OUTER_BOUND('',#1630,.T.);
#1044=FACE_OUTER_BOUND('',#1631,.T.);
#1045=FACE_OUTER_BOUND('',#1632,.T.);
#1046=FACE_OUTER_BOUND('',#1633,.T.);
#1047=FACE_OUTER_BOUND('',#1634,.T.);
#1048=FACE_OUTER_BOUND('',#1635,.T.);
#1049=FACE_OUTER_BOUND('',#1636,.T.);
#1050=FACE_OUTER_BOUND('',#1637,.T.);
#1051=FACE_OUTER_BOUND('',#1638,.T.);
#1052=FACE_OUTER_BOUND('',#1639,.T.);
#1053=FACE_OUTER_BOUND('',#1640,.T.);
#1054=FACE_OUTER_BOUND('',#1641,.T.);
#1055=FACE_OUTER_BOUND('',#1642,.T.);
#1056=FACE_OUTER_BOUND('',#1643,.T.);
#1057=FACE_OUTER_BOUND('',#1644,.T.);
#1058=FACE_OUTER_BOUND('',#1645,.T.);
#1059=FACE_OUTER_BOUND('',#1646,.T.);
#1060=FACE_OUTER_BOUND('',#1647,.T.);
#1061=FACE_OUTER_BOUND('',#1648,.T.);
#1062=FACE_OUTER_BOUND('',#1649,.T.);
#1063=FACE_OUTER_BOUND('',#1650,.T.);
#1064=FACE_OUTER_BOUND('',#1651,.T.);
#1065=FACE_OUTER_BOUND('',#1652,.T.);
#1066=FACE_OUTER_BOUND('',#1653,.T.);
#1067=FACE_OUTER_BOUND('',#1654,.T.);
#1068=FACE_OUTER_BOUND('',#1655,.T.);
#1069=FACE_OUTER_BOUND('',#1656,.T.);
#1070=FACE_OUTER_BOUND('',#1657,.T.);
#1071=FACE_OUTER_BOUND('',#1658,.T.);
#1072=FACE_OUTER_BOUND('',#1659,.T.);
#1073=FACE_OUTER_BOUND('',#1660,.T.);
#1074=FACE_OUTER_BOUND('',#1661,.T.);
#1075=FACE_OUTER_BOUND('',#1662,.T.);
#1076=FACE_OUTER_BOUND('',#1663,.T.);
#1077=FACE_OUTER_BOUND('',#1664,.T.);
#1078=FACE_OUTER_BOUND('',#1665,.T.);
#1079=FACE_OUTER_BOUND('',#1666,.T.);
#1080=FACE_OUTER_BOUND('',#1667,.T.);
#1081=FACE_OUTER_BOUND('',#1668,.T.);
#1082=FACE_OUTER_BOUND('',#1669,.T.);
#1083=FACE_OUTER_BOUND('',#1670,.T.);
#1084=FACE_OUTER_BOUND('',#1671,.T.);
#1085=FACE_OUTER_BOUND('',#1672,.T.);
#1086=FACE_OUTER_BOUND('',#1673,.T.);
#1087=FACE_OUTER_BOUND('',#1674,.T.);
#1088=FACE_OUTER_BOUND('',#1675,.T.);
#1089=FACE_OUTER_BOUND('',#1676,.T.);
#1090=FACE_OUTER_BOUND('',#1677,.T.);
#1091=FACE_OUTER_BOUND('',#1678,.T.);
#1092=FACE_OUTER_BOUND('',#1679,.T.);
#1093=FACE_OUTER_BOUND('',#1680,.T.);
#1094=FACE_OUTER_BOUND('',#1681,.T.);
#1095=FACE_OUTER_BOUND('',#1682,.T.);
#1096=FACE_OUTER_BOUND('',#1683,.T.);
#1097=FACE_OUTER_BOUND('',#1684,.T.);
#1098=FACE_OUTER_BOUND('',#1685,.T.);
#1099=FACE_OUTER_BOUND('',#1686,.T.);
#1100=FACE_OUTER_BOUND('',#1687,.T.);
#1101=FACE_OUTER_BOUND('',#1688,.T.);
#1102=FACE_OUTER_BOUND('',#1689,.T.);
#1103=FACE_OUTER_BOUND('',#1690,.T.);
#1104=FACE_OUTER_BOUND('',#1691,.T.);
#1105=FACE_OUTER_BOUND('',#1692,.T.);
#1106=FACE_OUTER_BOUND('',#1693,.T.);
#1107=FACE_OUTER_BOUND('',#1694,.T.);
#1108=FACE_OUTER_BOUND('',#1695,.T.);
#1109=FACE_OUTER_BOUND('',#1696,.T.);
#1110=FACE_OUTER_BOUND('',#1697,.T.);
#1111=FACE_OUTER_BOUND('',#1698,.T.);
#1112=FACE_OUTER_BOUND('',#1699,.T.);
#1113=FACE_OUTER_BOUND('',#1700,.T.);
#1114=FACE_OUTER_BOUND('',#1701,.T.);
#1115=FACE_OUTER_BOUND('',#1702,.T.);
#1116=FACE_OUTER_BOUND('',#1703,.T.);
#1117=FACE_OUTER_BOUND('',#1704,.T.);
#1118=FACE_OUTER_BOUND('',#1705,.T.);
#1119=FACE_OUTER_BOUND('',#1706,.T.);
#1120=FACE_OUTER_BOUND('',#1707,.T.);
#1121=FACE_OUTER_BOUND('',#1708,.T.);
#1122=FACE_OUTER_BOUND('',#1709,.T.);
#1123=FACE_OUTER_BOUND('',#1710,.T.);
#1124=FACE_OUTER_BOUND('',#1711,.T.);
#1125=FACE_OUTER_BOUND('',#1712,.T.);
#1126=FACE_OUTER_BOUND('',#1713,.T.);
#1127=FACE_OUTER_BOUND('',#1714,.T.);
#1128=FACE_OUTER_BOUND('',#1715,.T.);
#1129=FACE_OUTER_BOUND('',#1716,.T.);
#1130=FACE_OUTER_BOUND('',#1717,.T.);
#1131=FACE_OUTER_BOUND('',#1718,.T.);
#1132=FACE_OUTER_BOUND('',#1719,.T.);
#1133=FACE_OUTER_BOUND('',#1720,.T.);
#1134=FACE_OUTER_BOUND('',#1721,.T.);
#1135=FACE_OUTER_BOUND('',#1722,.T.);
#1136=FACE_OUTER_BOUND('',#1723,.T.);
#1137=FACE_OUTER_BOUND('',#1724,.T.);
#1138=FACE_OUTER_BOUND('',#1725,.T.);
#1139=FACE_OUTER_BOUND('',#1726,.T.);
#1140=FACE_OUTER_BOUND('',#1727,.T.);
#1141=FACE_OUTER_BOUND('',#1728,.T.);
#1142=FACE_OUTER_BOUND('',#1729,.T.);
#1143=FACE_OUTER_BOUND('',#1730,.T.);
#1144=FACE_OUTER_BOUND('',#1731,.T.);
#1145=FACE_OUTER_BOUND('',#1732,.T.);
#1146=FACE_OUTER_BOUND('',#1733,.T.);
#1147=FACE_OUTER_BOUND('',#1734,.T.);
#1148=FACE_OUTER_BOUND('',#1735,.T.);
#1149=FACE_OUTER_BOUND('',#1736,.T.);
#1150=FACE_OUTER_BOUND('',#1737,.T.);
#1151=FACE_OUTER_BOUND('',#1738,.T.);
#1152=FACE_OUTER_BOUND('',#1739,.T.);
#1153=FACE_OUTER_BOUND('',#1740,.T.);
#1154=FACE_OUTER_BOUND('',#1741,.T.);
#1155=FACE_OUTER_BOUND('',#1742,.T.);
#1156=FACE_OUTER_BOUND('',#1743,.T.);
#1157=FACE_OUTER_BOUND('',#1744,.T.);
#1158=FACE_OUTER_BOUND('',#1745,.T.);
#1159=FACE_OUTER_BOUND('',#1746,.T.);
#1160=FACE_OUTER_BOUND('',#1747,.T.);
#1161=FACE_OUTER_BOUND('',#1748,.T.);
#1162=FACE_OUTER_BOUND('',#1749,.T.);
#1163=FACE_OUTER_BOUND('',#1750,.T.);
#1164=FACE_OUTER_BOUND('',#1751,.T.);
#1165=FACE_OUTER_BOUND('',#1752,.T.);
#1166=FACE_OUTER_BOUND('',#1753,.T.);
#1167=FACE_OUTER_BOUND('',#1754,.T.);
#1168=FACE_OUTER_BOUND('',#1755,.T.);
#1169=FACE_OUTER_BOUND('',#1756,.T.);
#1170=FACE_OUTER_BOUND('',#1757,.T.);
#1171=FACE_OUTER_BOUND('',#1758,.T.);
#1172=FACE_OUTER_BOUND('',#1759,.T.);
#1173=FACE_OUTER_BOUND('',#1760,.T.);
#1174=FACE_OUTER_BOUND('',#1761,.T.);
#1175=FACE_OUTER_BOUND('',#1762,.T.);
#1176=FACE_OUTER_BOUND('',#1763,.T.);
#1177=FACE_OUTER_BOUND('',#1764,.T.);
#1178=FACE_OUTER_BOUND('',#1765,.T.);
#1179=FACE_OUTER_BOUND('',#1766,.T.);
#1180=FACE_OUTER_BOUND('',#1767,.T.);
#1181=FACE_OUTER_BOUND('',#1768,.T.);
#1182=FACE_OUTER_BOUND('',#1769,.T.);
#1183=FACE_OUTER_BOUND('',#1770,.T.);
#1184=FACE_OUTER_BOUND('',#1771,.T.);
#1185=FACE_OUTER_BOUND('',#1772,.T.);
#1186=FACE_OUTER_BOUND('',#1773,.T.);
#1187=FACE_OUTER_BOUND('',#1774,.T.);
#1188=FACE_OUTER_BOUND('',#1775,.T.);
#1189=FACE_OUTER_BOUND('',#1776,.T.);
#1190=FACE_OUTER_BOUND('',#1777,.T.);
#1191=FACE_OUTER_BOUND('',#1778,.T.);
#1192=FACE_OUTER_BOUND('',#1779,.T.);
#1193=FACE_OUTER_BOUND('',#1780,.T.);
#1194=FACE_OUTER_BOUND('',#1781,.T.);
#1195=FACE_OUTER_BOUND('',#1782,.T.);
#1196=FACE_OUTER_BOUND('',#1783,.T.);
#1197=FACE_OUTER_BOUND('',#1784,.T.);
#1198=FACE_OUTER_BOUND('',#1785,.T.);
#1199=FACE_OUTER_BOUND('',#1786,.T.);
#1200=FACE_OUTER_BOUND('',#1787,.T.);
#1201=FACE_OUTER_BOUND('',#1788,.T.);
#1202=FACE_OUTER_BOUND('',#1789,.T.);
#1203=FACE_OUTER_BOUND('',#1790,.T.);
#1204=FACE_OUTER_BOUND('',#1791,.T.);
#1205=FACE_OUTER_BOUND('',#1792,.T.);
#1206=FACE_OUTER_BOUND('',#1793,.T.);
#1207=FACE_OUTER_BOUND('',#1794,.T.);
#1208=FACE_OUTER_BOUND('',#1795,.T.);
#1209=FACE_OUTER_BOUND('',#1796,.T.);
#1210=FACE_OUTER_BOUND('',#1797,.T.);
#1211=FACE_OUTER_BOUND('',#1798,.T.);
#1212=FACE_OUTER_BOUND('',#1799,.T.);
#1213=FACE_OUTER_BOUND('',#1800,.T.);
#1214=FACE_OUTER_BOUND('',#1801,.T.);
#1215=FACE_OUTER_BOUND('',#1802,.T.);
#1216=FACE_OUTER_BOUND('',#1803,.T.);
#1217=FACE_OUTER_BOUND('',#1804,.T.);
#1218=FACE_OUTER_BOUND('',#1806,.T.);
#1219=FACE_OUTER_BOUND('',#1808,.T.);
#1220=FACE_OUTER_BOUND('',#1809,.T.);
#1221=FACE_OUTER_BOUND('',#1810,.T.);
#1222=EDGE_LOOP('',(#6042,#6043,#6044,#6045,#6046,#6047,#6048,#6049,#6050));
#1223=EDGE_LOOP('',(#6051,#6052,#6053,#6054,#6055,#6056));
#1224=EDGE_LOOP('',(#6057,#6058,#6059,#6060));
#1225=EDGE_LOOP('',(#6061,#6062,#6063,#6064));
#1226=EDGE_LOOP('',(#6065,#6066,#6067,#6068));
#1227=EDGE_LOOP('',(#6069,#6070,#6071,#6072));
#1228=EDGE_LOOP('',(#6073,#6074,#6075,#6076));
#1229=EDGE_LOOP('',(#6077,#6078,#6079,#6080,#6081,#6082));
#1230=EDGE_LOOP('',(#6083,#6084,#6085,#6086));
#1231=EDGE_LOOP('',(#6087,#6088,#6089,#6090));
#1232=EDGE_LOOP('',(#6091,#6092,#6093,#6094));
#1233=EDGE_LOOP('',(#6095,#6096,#6097,#6098));
#1234=EDGE_LOOP('',(#6099,#6100,#6101,#6102,#6103,#6104));
#1235=EDGE_LOOP('',(#6105));
#1236=EDGE_LOOP('',(#6106,#6107,#6108,#6109,#6110));
#1237=EDGE_LOOP('',(#6111,#6112,#6113,#6114,#6115,#6116));
#1238=EDGE_LOOP('',(#6117,#6118,#6119));
#1239=EDGE_LOOP('',(#6120,#6121,#6122,#6123));
#1240=EDGE_LOOP('',(#6124,#6125,#6126,#6127));
#1241=EDGE_LOOP('',(#6128,#6129,#6130,#6131,#6132));
#1242=EDGE_LOOP('',(#6133,#6134,#6135,#6136));
#1243=EDGE_LOOP('',(#6137,#6138,#6139,#6140,#6141,#6142));
#1244=EDGE_LOOP('',(#6143));
#1245=EDGE_LOOP('',(#6144,#6145,#6146,#6147));
#1246=EDGE_LOOP('',(#6148,#6149,#6150,#6151,#6152,#6153,#6154,#6155));
#1247=EDGE_LOOP('',(#6156,#6157,#6158,#6159,#6160,#6161));
#1248=EDGE_LOOP('',(#6162,#6163,#6164,#6165));
#1249=EDGE_LOOP('',(#6166,#6167,#6168,#6169,#6170,#6171,#6172,#6173,#6174,
#6175,#6176,#6177,#6178,#6179,#6180,#6181,#6182,#6183,#6184,#6185,#6186,
#6187,#6188,#6189,#6190,#6191,#6192,#6193,#6194,#6195,#6196,#6197,#6198,
#6199));
#1250=EDGE_LOOP('',(#6200,#6201,#6202,#6203,#6204,#6205,#6206));
#1251=EDGE_LOOP('',(#6207,#6208,#6209,#6210));
#1252=EDGE_LOOP('',(#6211,#6212,#6213,#6214));
#1253=EDGE_LOOP('',(#6215,#6216,#6217,#6218));
#1254=EDGE_LOOP('',(#6219,#6220,#6221,#6222));
#1255=EDGE_LOOP('',(#6223,#6224,#6225,#6226,#6227,#6228,#6229));
#1256=EDGE_LOOP('',(#6230,#6231,#6232,#6233));
#1257=EDGE_LOOP('',(#6234,#6235,#6236,#6237,#6238));
#1258=EDGE_LOOP('',(#6239,#6240,#6241,#6242,#6243,#6244));
#1259=EDGE_LOOP('',(#6245,#6246,#6247,#6248,#6249,#6250,#6251,#6252));
#1260=EDGE_LOOP('',(#6253,#6254,#6255,#6256,#6257));
#1261=EDGE_LOOP('',(#6258,#6259,#6260,#6261,#6262));
#1262=EDGE_LOOP('',(#6263,#6264,#6265,#6266,#6267));
#1263=EDGE_LOOP('',(#6268,#6269,#6270,#6271,#6272,#6273));
#1264=EDGE_LOOP('',(#6274,#6275,#6276,#6277,#6278,#6279,#6280,#6281));
#1265=EDGE_LOOP('',(#6282,#6283,#6284,#6285,#6286));
#1266=EDGE_LOOP('',(#6287,#6288,#6289,#6290,#6291));
#1267=EDGE_LOOP('',(#6292,#6293,#6294,#6295,#6296));
#1268=EDGE_LOOP('',(#6297,#6298,#6299,#6300,#6301,#6302));
#1269=EDGE_LOOP('',(#6303,#6304,#6305,#6306,#6307,#6308,#6309,#6310));
#1270=EDGE_LOOP('',(#6311,#6312,#6313,#6314,#6315));
#1271=EDGE_LOOP('',(#6316,#6317,#6318,#6319,#6320));
#1272=EDGE_LOOP('',(#6321,#6322,#6323,#6324,#6325));
#1273=EDGE_LOOP('',(#6326,#6327,#6328,#6329,#6330,#6331));
#1274=EDGE_LOOP('',(#6332,#6333,#6334,#6335,#6336,#6337,#6338,#6339));
#1275=EDGE_LOOP('',(#6340,#6341,#6342,#6343,#6344));
#1276=EDGE_LOOP('',(#6345,#6346,#6347,#6348,#6349));
#1277=EDGE_LOOP('',(#6350,#6351,#6352,#6353,#6354));
#1278=EDGE_LOOP('',(#6355,#6356,#6357,#6358,#6359,#6360));
#1279=EDGE_LOOP('',(#6361,#6362,#6363,#6364,#6365,#6366,#6367,#6368));
#1280=EDGE_LOOP('',(#6369,#6370,#6371,#6372,#6373));
#1281=EDGE_LOOP('',(#6374,#6375,#6376,#6377,#6378));
#1282=EDGE_LOOP('',(#6379,#6380,#6381,#6382));
#1283=EDGE_LOOP('',(#6383,#6384,#6385,#6386));
#1284=EDGE_LOOP('',(#6387,#6388,#6389,#6390));
#1285=EDGE_LOOP('',(#6391,#6392,#6393,#6394));
#1286=EDGE_LOOP('',(#6395,#6396,#6397,#6398));
#1287=EDGE_LOOP('',(#6399,#6400,#6401,#6402));
#1288=EDGE_LOOP('',(#6403,#6404,#6405,#6406));
#1289=EDGE_LOOP('',(#6407,#6408,#6409,#6410));
#1290=EDGE_LOOP('',(#6411,#6412,#6413,#6414));
#1291=EDGE_LOOP('',(#6415,#6416,#6417,#6418));
#1292=EDGE_LOOP('',(#6419,#6420,#6421,#6422,#6423,#6424,#6425,#6426,#6427,
#6428));
#1293=EDGE_LOOP('',(#6429,#6430,#6431,#6432));
#1294=EDGE_LOOP('',(#6433,#6434,#6435,#6436));
#1295=EDGE_LOOP('',(#6437,#6438,#6439,#6440));
#1296=EDGE_LOOP('',(#6441,#6442,#6443,#6444));
#1297=EDGE_LOOP('',(#6445,#6446,#6447,#6448));
#1298=EDGE_LOOP('',(#6449,#6450,#6451,#6452));
#1299=EDGE_LOOP('',(#6453,#6454,#6455,#6456));
#1300=EDGE_LOOP('',(#6457,#6458,#6459,#6460,#6461,#6462,#6463,#6464,#6465,
#6466));
#1301=EDGE_LOOP('',(#6467,#6468,#6469,#6470));
#1302=EDGE_LOOP('',(#6471,#6472,#6473,#6474));
#1303=EDGE_LOOP('',(#6475,#6476,#6477,#6478));
#1304=EDGE_LOOP('',(#6479,#6480,#6481,#6482));
#1305=EDGE_LOOP('',(#6483,#6484,#6485,#6486));
#1306=EDGE_LOOP('',(#6487,#6488,#6489,#6490));
#1307=EDGE_LOOP('',(#6491,#6492,#6493,#6494));
#1308=EDGE_LOOP('',(#6495,#6496,#6497,#6498,#6499,#6500,#6501,#6502,#6503,
#6504));
#1309=EDGE_LOOP('',(#6505,#6506,#6507,#6508));
#1310=EDGE_LOOP('',(#6509,#6510,#6511,#6512));
#1311=EDGE_LOOP('',(#6513,#6514,#6515,#6516));
#1312=EDGE_LOOP('',(#6517,#6518,#6519,#6520));
#1313=EDGE_LOOP('',(#6521,#6522,#6523,#6524));
#1314=EDGE_LOOP('',(#6525,#6526,#6527,#6528));
#1315=EDGE_LOOP('',(#6529,#6530,#6531,#6532));
#1316=EDGE_LOOP('',(#6533,#6534,#6535,#6536,#6537,#6538,#6539,#6540,#6541,
#6542));
#1317=EDGE_LOOP('',(#6543,#6544,#6545,#6546));
#1318=EDGE_LOOP('',(#6547,#6548,#6549,#6550));
#1319=EDGE_LOOP('',(#6551,#6552,#6553,#6554));
#1320=EDGE_LOOP('',(#6555,#6556,#6557,#6558));
#1321=EDGE_LOOP('',(#6559,#6560,#6561,#6562));
#1322=EDGE_LOOP('',(#6563,#6564,#6565,#6566));
#1323=EDGE_LOOP('',(#6567,#6568,#6569,#6570));
#1324=EDGE_LOOP('',(#6571,#6572,#6573,#6574,#6575,#6576,#6577,#6578,#6579,
#6580));
#1325=EDGE_LOOP('',(#6581,#6582,#6583,#6584));
#1326=EDGE_LOOP('',(#6585,#6586,#6587,#6588));
#1327=EDGE_LOOP('',(#6589,#6590,#6591,#6592));
#1328=EDGE_LOOP('',(#6593,#6594,#6595,#6596));
#1329=EDGE_LOOP('',(#6597,#6598,#6599,#6600));
#1330=EDGE_LOOP('',(#6601,#6602,#6603,#6604));
#1331=EDGE_LOOP('',(#6605,#6606,#6607,#6608));
#1332=EDGE_LOOP('',(#6609,#6610,#6611,#6612,#6613,#6614,#6615,#6616,#6617,
#6618));
#1333=EDGE_LOOP('',(#6619,#6620,#6621,#6622));
#1334=EDGE_LOOP('',(#6623,#6624,#6625,#6626));
#1335=EDGE_LOOP('',(#6627,#6628,#6629,#6630,#6631));
#1336=EDGE_LOOP('',(#6632,#6633,#6634,#6635));
#1337=EDGE_LOOP('',(#6636,#6637,#6638,#6639,#6640));
#1338=EDGE_LOOP('',(#6641,#6642,#6643,#6644));
#1339=EDGE_LOOP('',(#6645,#6646,#6647,#6648,#6649));
#1340=EDGE_LOOP('',(#6650,#6651,#6652,#6653));
#1341=EDGE_LOOP('',(#6654,#6655,#6656,#6657,#6658));
#1342=EDGE_LOOP('',(#6659,#6660,#6661,#6662));
#1343=EDGE_LOOP('',(#6663,#6664,#6665,#6666,#6667));
#1344=EDGE_LOOP('',(#6668,#6669,#6670,#6671));
#1345=EDGE_LOOP('',(#6672,#6673,#6674,#6675));
#1346=EDGE_LOOP('',(#6676,#6677,#6678,#6679));
#1347=EDGE_LOOP('',(#6680,#6681,#6682,#6683));
#1348=EDGE_LOOP('',(#6684,#6685,#6686,#6687));
#1349=EDGE_LOOP('',(#6688,#6689,#6690,#6691));
#1350=EDGE_LOOP('',(#6692,#6693,#6694,#6695));
#1351=EDGE_LOOP('',(#6696,#6697,#6698,#6699));
#1352=EDGE_LOOP('',(#6700,#6701,#6702,#6703));
#1353=EDGE_LOOP('',(#6704,#6705,#6706,#6707));
#1354=EDGE_LOOP('',(#6708,#6709,#6710,#6711));
#1355=EDGE_LOOP('',(#6712,#6713,#6714,#6715));
#1356=EDGE_LOOP('',(#6716,#6717,#6718,#6719));
#1357=EDGE_LOOP('',(#6720,#6721,#6722,#6723));
#1358=EDGE_LOOP('',(#6724,#6725,#6726,#6727));
#1359=EDGE_LOOP('',(#6728,#6729,#6730,#6731));
#1360=EDGE_LOOP('',(#6732,#6733,#6734,#6735));
#1361=EDGE_LOOP('',(#6736,#6737,#6738,#6739,#6740));
#1362=EDGE_LOOP('',(#6741,#6742,#6743,#6744,#6745,#6746,#6747,#6748,#6749,
#6750,#6751,#6752,#6753,#6754,#6755,#6756,#6757,#6758,#6759,#6760,#6761,
#6762,#6763,#6764,#6765,#6766,#6767,#6768,#6769,#6770,#6771,#6772,#6773,
#6774,#6775,#6776,#6777,#6778,#6779,#6780));
#1363=EDGE_LOOP('',(#6781));
#1364=EDGE_LOOP('',(#6782));
#1365=EDGE_LOOP('',(#6783,#6784,#6785,#6786,#6787));
#1366=EDGE_LOOP('',(#6788,#6789,#6790,#6791,#6792));
#1367=EDGE_LOOP('',(#6793,#6794,#6795,#6796,#6797));
#1368=EDGE_LOOP('',(#6798,#6799,#6800,#6801));
#1369=EDGE_LOOP('',(#6802,#6803,#6804));
#1370=EDGE_LOOP('',(#6805,#6806,#6807,#6808));
#1371=EDGE_LOOP('',(#6809,#6810,#6811,#6812));
#1372=EDGE_LOOP('',(#6813,#6814,#6815,#6816));
#1373=EDGE_LOOP('',(#6817,#6818,#6819));
#1374=EDGE_LOOP('',(#6820,#6821,#6822));
#1375=EDGE_LOOP('',(#6823,#6824,#6825,#6826));
#1376=EDGE_LOOP('',(#6827,#6828,#6829,#6830));
#1377=EDGE_LOOP('',(#6831,#6832,#6833,#6834));
#1378=EDGE_LOOP('',(#6835,#6836,#6837,#6838));
#1379=EDGE_LOOP('',(#6839,#6840,#6841,#6842));
#1380=EDGE_LOOP('',(#6843,#6844,#6845,#6846));
#1381=EDGE_LOOP('',(#6847,#6848,#6849,#6850));
#1382=EDGE_LOOP('',(#6851,#6852,#6853,#6854));
#1383=EDGE_LOOP('',(#6855,#6856,#6857,#6858));
#1384=EDGE_LOOP('',(#6859,#6860,#6861,#6862));
#1385=EDGE_LOOP('',(#6863,#6864,#6865,#6866));
#1386=EDGE_LOOP('',(#6867,#6868,#6869,#6870));
#1387=EDGE_LOOP('',(#6871,#6872,#6873,#6874));
#1388=EDGE_LOOP('',(#6875,#6876,#6877,#6878));
#1389=EDGE_LOOP('',(#6879,#6880,#6881,#6882));
#1390=EDGE_LOOP('',(#6883,#6884,#6885,#6886));
#1391=EDGE_LOOP('',(#6887,#6888,#6889,#6890));
#1392=EDGE_LOOP('',(#6891,#6892,#6893,#6894));
#1393=EDGE_LOOP('',(#6895,#6896,#6897,#6898));
#1394=EDGE_LOOP('',(#6899,#6900,#6901,#6902));
#1395=EDGE_LOOP('',(#6903,#6904,#6905,#6906));
#1396=EDGE_LOOP('',(#6907,#6908,#6909,#6910));
#1397=EDGE_LOOP('',(#6911,#6912,#6913,#6914));
#1398=EDGE_LOOP('',(#6915,#6916,#6917,#6918));
#1399=EDGE_LOOP('',(#6919,#6920,#6921,#6922));
#1400=EDGE_LOOP('',(#6923,#6924,#6925,#6926));
#1401=EDGE_LOOP('',(#6927,#6928,#6929,#6930));
#1402=EDGE_LOOP('',(#6931,#6932,#6933,#6934));
#1403=EDGE_LOOP('',(#6935,#6936,#6937,#6938));
#1404=EDGE_LOOP('',(#6939,#6940,#6941,#6942));
#1405=EDGE_LOOP('',(#6943,#6944,#6945,#6946));
#1406=EDGE_LOOP('',(#6947,#6948,#6949,#6950));
#1407=EDGE_LOOP('',(#6951,#6952,#6953,#6954));
#1408=EDGE_LOOP('',(#6955,#6956,#6957,#6958));
#1409=EDGE_LOOP('',(#6959,#6960,#6961,#6962));
#1410=EDGE_LOOP('',(#6963,#6964,#6965,#6966));
#1411=EDGE_LOOP('',(#6967,#6968,#6969,#6970));
#1412=EDGE_LOOP('',(#6971,#6972,#6973,#6974));
#1413=EDGE_LOOP('',(#6975,#6976,#6977,#6978));
#1414=EDGE_LOOP('',(#6979,#6980,#6981,#6982));
#1415=EDGE_LOOP('',(#6983,#6984,#6985,#6986));
#1416=EDGE_LOOP('',(#6987,#6988,#6989,#6990));
#1417=EDGE_LOOP('',(#6991,#6992,#6993,#6994));
#1418=EDGE_LOOP('',(#6995,#6996,#6997,#6998));
#1419=EDGE_LOOP('',(#6999,#7000,#7001,#7002));
#1420=EDGE_LOOP('',(#7003,#7004,#7005,#7006));
#1421=EDGE_LOOP('',(#7007,#7008,#7009,#7010));
#1422=EDGE_LOOP('',(#7011,#7012,#7013,#7014));
#1423=EDGE_LOOP('',(#7015,#7016,#7017,#7018));
#1424=EDGE_LOOP('',(#7019,#7020,#7021,#7022));
#1425=EDGE_LOOP('',(#7023,#7024,#7025,#7026));
#1426=EDGE_LOOP('',(#7027,#7028,#7029,#7030));
#1427=EDGE_LOOP('',(#7031,#7032,#7033,#7034));
#1428=EDGE_LOOP('',(#7035,#7036,#7037,#7038));
#1429=EDGE_LOOP('',(#7039,#7040,#7041,#7042));
#1430=EDGE_LOOP('',(#7043,#7044,#7045,#7046));
#1431=EDGE_LOOP('',(#7047,#7048,#7049,#7050));
#1432=EDGE_LOOP('',(#7051,#7052,#7053,#7054));
#1433=EDGE_LOOP('',(#7055,#7056,#7057,#7058,#7059,#7060,#7061));
#1434=EDGE_LOOP('',(#7062,#7063,#7064,#7065,#7066));
#1435=EDGE_LOOP('',(#7067,#7068,#7069,#7070));
#1436=EDGE_LOOP('',(#7071,#7072,#7073,#7074));
#1437=EDGE_LOOP('',(#7075,#7076,#7077,#7078));
#1438=EDGE_LOOP('',(#7079,#7080,#7081,#7082));
#1439=EDGE_LOOP('',(#7083,#7084,#7085,#7086));
#1440=EDGE_LOOP('',(#7087,#7088,#7089,#7090));
#1441=EDGE_LOOP('',(#7091,#7092,#7093,#7094));
#1442=EDGE_LOOP('',(#7095,#7096,#7097));
#1443=EDGE_LOOP('',(#7098,#7099,#7100,#7101));
#1444=EDGE_LOOP('',(#7102,#7103,#7104,#7105));
#1445=EDGE_LOOP('',(#7106,#7107,#7108,#7109));
#1446=EDGE_LOOP('',(#7110,#7111,#7112,#7113));
#1447=EDGE_LOOP('',(#7114,#7115,#7116,#7117));
#1448=EDGE_LOOP('',(#7118,#7119,#7120,#7121));
#1449=EDGE_LOOP('',(#7122,#7123,#7124,#7125));
#1450=EDGE_LOOP('',(#7126,#7127,#7128,#7129));
#1451=EDGE_LOOP('',(#7130,#7131,#7132,#7133));
#1452=EDGE_LOOP('',(#7134));
#1453=EDGE_LOOP('',(#7135,#7136,#7137,#7138));
#1454=EDGE_LOOP('',(#7139));
#1455=EDGE_LOOP('',(#7140));
#1456=EDGE_LOOP('',(#7141,#7142,#7143,#7144));
#1457=EDGE_LOOP('',(#7145));
#1458=EDGE_LOOP('',(#7146));
#1459=EDGE_LOOP('',(#7147,#7148,#7149,#7150));
#1460=EDGE_LOOP('',(#7151));
#1461=EDGE_LOOP('',(#7152));
#1462=EDGE_LOOP('',(#7153,#7154,#7155,#7156));
#1463=EDGE_LOOP('',(#7157));
#1464=EDGE_LOOP('',(#7158));
#1465=EDGE_LOOP('',(#7159,#7160,#7161,#7162));
#1466=EDGE_LOOP('',(#7163));
#1467=EDGE_LOOP('',(#7164));
#1468=EDGE_LOOP('',(#7165,#7166,#7167,#7168));
#1469=EDGE_LOOP('',(#7169));
#1470=EDGE_LOOP('',(#7170,#7171,#7172,#7173));
#1471=EDGE_LOOP('',(#7174,#7175,#7176,#7177));
#1472=EDGE_LOOP('',(#7178,#7179,#7180,#7181));
#1473=EDGE_LOOP('',(#7182,#7183,#7184,#7185));
#1474=EDGE_LOOP('',(#7186,#7187,#7188,#7189));
#1475=EDGE_LOOP('',(#7190,#7191,#7192,#7193));
#1476=EDGE_LOOP('',(#7194,#7195,#7196,#7197));
#1477=EDGE_LOOP('',(#7198,#7199,#7200,#7201));
#1478=EDGE_LOOP('',(#7202,#7203,#7204,#7205));
#1479=EDGE_LOOP('',(#7206,#7207,#7208,#7209));
#1480=EDGE_LOOP('',(#7210,#7211,#7212,#7213));
#1481=EDGE_LOOP('',(#7214,#7215,#7216,#7217));
#1482=EDGE_LOOP('',(#7218,#7219,#7220,#7221));
#1483=EDGE_LOOP('',(#7222,#7223,#7224,#7225));
#1484=EDGE_LOOP('',(#7226,#7227,#7228,#7229));
#1485=EDGE_LOOP('',(#7230,#7231,#7232,#7233));
#1486=EDGE_LOOP('',(#7234,#7235,#7236,#7237));
#1487=EDGE_LOOP('',(#7238,#7239,#7240,#7241));
#1488=EDGE_LOOP('',(#7242,#7243,#7244,#7245));
#1489=EDGE_LOOP('',(#7246));
#1490=EDGE_LOOP('',(#7247,#7248,#7249,#7250));
#1491=EDGE_LOOP('',(#7251));
#1492=EDGE_LOOP('',(#7252,#7253,#7254,#7255));
#1493=EDGE_LOOP('',(#7256));
#1494=EDGE_LOOP('',(#7257,#7258,#7259,#7260));
#1495=EDGE_LOOP('',(#7261));
#1496=EDGE_LOOP('',(#7262,#7263,#7264,#7265));
#1497=EDGE_LOOP('',(#7266));
#1498=EDGE_LOOP('',(#7267,#7268,#7269,#7270));
#1499=EDGE_LOOP('',(#7271));
#1500=EDGE_LOOP('',(#7272,#7273,#7274,#7275));
#1501=EDGE_LOOP('',(#7276,#7277,#7278,#7279));
#1502=EDGE_LOOP('',(#7280,#7281,#7282,#7283));
#1503=EDGE_LOOP('',(#7284,#7285,#7286,#7287));
#1504=EDGE_LOOP('',(#7288,#7289,#7290,#7291));
#1505=EDGE_LOOP('',(#7292,#7293,#7294,#7295));
#1506=EDGE_LOOP('',(#7296,#7297,#7298,#7299));
#1507=EDGE_LOOP('',(#7300,#7301,#7302,#7303));
#1508=EDGE_LOOP('',(#7304,#7305,#7306,#7307));
#1509=EDGE_LOOP('',(#7308,#7309,#7310,#7311));
#1510=EDGE_LOOP('',(#7312,#7313,#7314,#7315));
#1511=EDGE_LOOP('',(#7316,#7317,#7318,#7319));
#1512=EDGE_LOOP('',(#7320));
#1513=EDGE_LOOP('',(#7321));
#1514=EDGE_LOOP('',(#7322));
#1515=EDGE_LOOP('',(#7323));
#1516=EDGE_LOOP('',(#7324));
#1517=EDGE_LOOP('',(#7325));
#1518=EDGE_LOOP('',(#7326,#7327,#7328,#7329));
#1519=EDGE_LOOP('',(#7330,#7331,#7332,#7333));
#1520=EDGE_LOOP('',(#7334,#7335,#7336,#7337));
#1521=EDGE_LOOP('',(#7338,#7339,#7340,#7341));
#1522=EDGE_LOOP('',(#7342,#7343,#7344,#7345));
#1523=EDGE_LOOP('',(#7346,#7347,#7348,#7349));
#1524=EDGE_LOOP('',(#7350,#7351,#7352,#7353));
#1525=EDGE_LOOP('',(#7354,#7355,#7356,#7357));
#1526=EDGE_LOOP('',(#7358,#7359,#7360,#7361));
#1527=EDGE_LOOP('',(#7362,#7363,#7364,#7365));
#1528=EDGE_LOOP('',(#7366,#7367,#7368,#7369));
#1529=EDGE_LOOP('',(#7370,#7371,#7372,#7373));
#1530=EDGE_LOOP('',(#7374,#7375,#7376,#7377));
#1531=EDGE_LOOP('',(#7378,#7379,#7380,#7381));
#1532=EDGE_LOOP('',(#7382,#7383,#7384,#7385));
#1533=EDGE_LOOP('',(#7386,#7387,#7388,#7389));
#1534=EDGE_LOOP('',(#7390,#7391,#7392,#7393));
#1535=EDGE_LOOP('',(#7394,#7395,#7396,#7397));
#1536=EDGE_LOOP('',(#7398,#7399,#7400,#7401));
#1537=EDGE_LOOP('',(#7402,#7403,#7404,#7405));
#1538=EDGE_LOOP('',(#7406,#7407,#7408,#7409));
#1539=EDGE_LOOP('',(#7410,#7411,#7412,#7413));
#1540=EDGE_LOOP('',(#7414));
#1541=EDGE_LOOP('',(#7415,#7416,#7417,#7418));
#1542=EDGE_LOOP('',(#7419));
#1543=EDGE_LOOP('',(#7420,#7421,#7422,#7423));
#1544=EDGE_LOOP('',(#7424,#7425,#7426,#7427));
#1545=EDGE_LOOP('',(#7428));
#1546=EDGE_LOOP('',(#7429,#7430,#7431,#7432));
#1547=EDGE_LOOP('',(#7433));
#1548=EDGE_LOOP('',(#7434));
#1549=EDGE_LOOP('',(#7435,#7436,#7437,#7438));
#1550=EDGE_LOOP('',(#7439));
#1551=EDGE_LOOP('',(#7440));
#1552=EDGE_LOOP('',(#7441,#7442,#7443,#7444));
#1553=EDGE_LOOP('',(#7445,#7446,#7447,#7448));
#1554=EDGE_LOOP('',(#7449));
#1555=EDGE_LOOP('',(#7450,#7451,#7452,#7453));
#1556=EDGE_LOOP('',(#7454,#7455,#7456,#7457));
#1557=EDGE_LOOP('',(#7458,#7459,#7460,#7461));
#1558=EDGE_LOOP('',(#7462,#7463,#7464,#7465));
#1559=EDGE_LOOP('',(#7466,#7467,#7468,#7469));
#1560=EDGE_LOOP('',(#7470,#7471,#7472,#7473));
#1561=EDGE_LOOP('',(#7474,#7475,#7476,#7477));
#1562=EDGE_LOOP('',(#7478,#7479,#7480,#7481));
#1563=EDGE_LOOP('',(#7482,#7483,#7484,#7485));
#1564=EDGE_LOOP('',(#7486,#7487,#7488,#7489));
#1565=EDGE_LOOP('',(#7490,#7491,#7492,#7493));
#1566=EDGE_LOOP('',(#7494,#7495,#7496,#7497));
#1567=EDGE_LOOP('',(#7498,#7499,#7500,#7501));
#1568=EDGE_LOOP('',(#7502,#7503,#7504,#7505));
#1569=EDGE_LOOP('',(#7506,#7507,#7508,#7509));
#1570=EDGE_LOOP('',(#7510,#7511,#7512,#7513));
#1571=EDGE_LOOP('',(#7514,#7515,#7516,#7517,#7518,#7519,#7520,#7521,#7522,
#7523,#7524,#7525));
#1572=EDGE_LOOP('',(#7526,#7527,#7528,#7529,#7530,#7531,#7532,#7533,#7534,
#7535,#7536,#7537,#7538,#7539,#7540,#7541));
#1573=EDGE_LOOP('',(#7542,#7543,#7544,#7545,#7546,#7547,#7548,#7549,#7550,
#7551,#7552,#7553));
#1574=EDGE_LOOP('',(#7554,#7555,#7556,#7557,#7558,#7559,#7560,#7561));
#1575=EDGE_LOOP('',(#7562,#7563,#7564,#7565,#7566,#7567,#7568,#7569,#7570,
#7571,#7572,#7573,#7574,#7575,#7576,#7577,#7578,#7579,#7580,#7581,#7582,
#7583,#7584,#7585));
#1576=EDGE_LOOP('',(#7586,#7587,#7588,#7589,#7590,#7591,#7592,#7593,#7594,
#7595,#7596,#7597,#7598,#7599,#7600,#7601,#7602,#7603));
#1577=EDGE_LOOP('',(#7604,#7605,#7606,#7607));
#1578=EDGE_LOOP('',(#7608,#7609,#7610,#7611,#7612,#7613,#7614,#7615,#7616,
#7617));
#1579=EDGE_LOOP('',(#7618,#7619,#7620,#7621,#7622,#7623,#7624,#7625,#7626,
#7627,#7628,#7629));
#1580=EDGE_LOOP('',(#7630,#7631,#7632,#7633));
#1581=EDGE_LOOP('',(#7634,#7635,#7636,#7637));
#1582=EDGE_LOOP('',(#7638,#7639,#7640,#7641,#7642));
#1583=EDGE_LOOP('',(#7643,#7644,#7645,#7646));
#1584=EDGE_LOOP('',(#7647,#7648,#7649,#7650));
#1585=EDGE_LOOP('',(#7651,#7652,#7653,#7654,#7655));
#1586=EDGE_LOOP('',(#7656,#7657,#7658,#7659));
#1587=EDGE_LOOP('',(#7660,#7661,#7662,#7663));
#1588=EDGE_LOOP('',(#7664,#7665,#7666,#7667));
#1589=EDGE_LOOP('',(#7668,#7669,#7670,#7671));
#1590=EDGE_LOOP('',(#7672,#7673,#7674,#7675));
#1591=EDGE_LOOP('',(#7676,#7677,#7678,#7679));
#1592=EDGE_LOOP('',(#7680,#7681,#7682,#7683));
#1593=EDGE_LOOP('',(#7684,#7685,#7686,#7687));
#1594=EDGE_LOOP('',(#7688,#7689,#7690,#7691));
#1595=EDGE_LOOP('',(#7692,#7693,#7694,#7695));
#1596=EDGE_LOOP('',(#7696,#7697,#7698,#7699));
#1597=EDGE_LOOP('',(#7700,#7701,#7702,#7703));
#1598=EDGE_LOOP('',(#7704,#7705,#7706,#7707));
#1599=EDGE_LOOP('',(#7708,#7709,#7710,#7711));
#1600=EDGE_LOOP('',(#7712,#7713,#7714,#7715));
#1601=EDGE_LOOP('',(#7716,#7717,#7718,#7719));
#1602=EDGE_LOOP('',(#7720,#7721,#7722,#7723));
#1603=EDGE_LOOP('',(#7724,#7725,#7726,#7727));
#1604=EDGE_LOOP('',(#7728,#7729,#7730,#7731));
#1605=EDGE_LOOP('',(#7732,#7733,#7734,#7735));
#1606=EDGE_LOOP('',(#7736,#7737,#7738,#7739));
#1607=EDGE_LOOP('',(#7740,#7741,#7742,#7743));
#1608=EDGE_LOOP('',(#7744,#7745,#7746,#7747));
#1609=EDGE_LOOP('',(#7748,#7749,#7750,#7751,#7752,#7753,#7754,#7755,#7756,
#7757,#7758,#7759));
#1610=EDGE_LOOP('',(#7760,#7761,#7762,#7763,#7764,#7765,#7766,#7767,#7768));
#1611=EDGE_LOOP('',(#7769,#7770,#7771,#7772));
#1612=EDGE_LOOP('',(#7773,#7774,#7775,#7776));
#1613=EDGE_LOOP('',(#7777,#7778,#7779,#7780));
#1614=EDGE_LOOP('',(#7781,#7782,#7783,#7784));
#1615=EDGE_LOOP('',(#7785,#7786,#7787,#7788));
#1616=EDGE_LOOP('',(#7789,#7790,#7791,#7792));
#1617=EDGE_LOOP('',(#7793,#7794,#7795,#7796));
#1618=EDGE_LOOP('',(#7797,#7798,#7799,#7800));
#1619=EDGE_LOOP('',(#7801,#7802,#7803,#7804,#7805,#7806,#7807,#7808));
#1620=EDGE_LOOP('',(#7809,#7810,#7811,#7812));
#1621=EDGE_LOOP('',(#7813,#7814,#7815,#7816));
#1622=EDGE_LOOP('',(#7817,#7818,#7819,#7820));
#1623=EDGE_LOOP('',(#7821,#7822,#7823,#7824));
#1624=EDGE_LOOP('',(#7825,#7826,#7827,#7828));
#1625=EDGE_LOOP('',(#7829,#7830,#7831,#7832));
#1626=EDGE_LOOP('',(#7833,#7834,#7835,#7836));
#1627=EDGE_LOOP('',(#7837,#7838,#7839,#7840));
#1628=EDGE_LOOP('',(#7841,#7842,#7843,#7844));
#1629=EDGE_LOOP('',(#7845,#7846,#7847,#7848));
#1630=EDGE_LOOP('',(#7849,#7850,#7851,#7852));
#1631=EDGE_LOOP('',(#7853,#7854,#7855,#7856));
#1632=EDGE_LOOP('',(#7857,#7858,#7859,#7860));
#1633=EDGE_LOOP('',(#7861,#7862,#7863,#7864));
#1634=EDGE_LOOP('',(#7865,#7866,#7867,#7868));
#1635=EDGE_LOOP('',(#7869,#7870,#7871,#7872));
#1636=EDGE_LOOP('',(#7873,#7874,#7875,#7876));
#1637=EDGE_LOOP('',(#7877,#7878,#7879,#7880));
#1638=EDGE_LOOP('',(#7881,#7882,#7883,#7884));
#1639=EDGE_LOOP('',(#7885,#7886,#7887,#7888));
#1640=EDGE_LOOP('',(#7889,#7890,#7891,#7892));
#1641=EDGE_LOOP('',(#7893,#7894,#7895,#7896));
#1642=EDGE_LOOP('',(#7897,#7898,#7899,#7900));
#1643=EDGE_LOOP('',(#7901,#7902,#7903,#7904));
#1644=EDGE_LOOP('',(#7905,#7906,#7907,#7908,#7909,#7910,#7911,#7912,#7913,
#7914,#7915,#7916,#7917,#7918,#7919,#7920,#7921,#7922,#7923,#7924,#7925,
#7926,#7927,#7928));
#1645=EDGE_LOOP('',(#7929,#7930,#7931,#7932));
#1646=EDGE_LOOP('',(#7933,#7934,#7935,#7936));
#1647=EDGE_LOOP('',(#7937,#7938,#7939,#7940));
#1648=EDGE_LOOP('',(#7941,#7942,#7943,#7944));
#1649=EDGE_LOOP('',(#7945,#7946,#7947,#7948));
#1650=EDGE_LOOP('',(#7949,#7950,#7951,#7952));
#1651=EDGE_LOOP('',(#7953,#7954,#7955,#7956));
#1652=EDGE_LOOP('',(#7957,#7958,#7959,#7960));
#1653=EDGE_LOOP('',(#7961,#7962,#7963,#7964));
#1654=EDGE_LOOP('',(#7965,#7966,#7967,#7968));
#1655=EDGE_LOOP('',(#7969,#7970,#7971,#7972));
#1656=EDGE_LOOP('',(#7973,#7974,#7975,#7976));
#1657=EDGE_LOOP('',(#7977,#7978,#7979,#7980));
#1658=EDGE_LOOP('',(#7981,#7982,#7983,#7984));
#1659=EDGE_LOOP('',(#7985,#7986,#7987,#7988));
#1660=EDGE_LOOP('',(#7989,#7990,#7991,#7992));
#1661=EDGE_LOOP('',(#7993,#7994,#7995,#7996));
#1662=EDGE_LOOP('',(#7997,#7998,#7999,#8000));
#1663=EDGE_LOOP('',(#8001,#8002,#8003,#8004,#8005,#8006,#8007,#8008,#8009,
#8010,#8011,#8012,#8013,#8014,#8015,#8016,#8017,#8018));
#1664=EDGE_LOOP('',(#8019,#8020,#8021,#8022));
#1665=EDGE_LOOP('',(#8023,#8024,#8025,#8026));
#1666=EDGE_LOOP('',(#8027,#8028,#8029,#8030));
#1667=EDGE_LOOP('',(#8031,#8032,#8033,#8034));
#1668=EDGE_LOOP('',(#8035,#8036,#8037,#8038));
#1669=EDGE_LOOP('',(#8039,#8040,#8041,#8042));
#1670=EDGE_LOOP('',(#8043,#8044,#8045,#8046));
#1671=EDGE_LOOP('',(#8047,#8048,#8049,#8050));
#1672=EDGE_LOOP('',(#8051,#8052,#8053,#8054));
#1673=EDGE_LOOP('',(#8055,#8056,#8057,#8058));
#1674=EDGE_LOOP('',(#8059,#8060,#8061,#8062));
#1675=EDGE_LOOP('',(#8063,#8064,#8065,#8066));
#1676=EDGE_LOOP('',(#8067,#8068,#8069,#8070));
#1677=EDGE_LOOP('',(#8071,#8072,#8073,#8074));
#1678=EDGE_LOOP('',(#8075,#8076,#8077,#8078));
#1679=EDGE_LOOP('',(#8079,#8080,#8081,#8082,#8083,#8084,#8085,#8086,#8087,
#8088));
#1680=EDGE_LOOP('',(#8089,#8090,#8091,#8092));
#1681=EDGE_LOOP('',(#8093,#8094,#8095,#8096));
#1682=EDGE_LOOP('',(#8097,#8098,#8099,#8100));
#1683=EDGE_LOOP('',(#8101,#8102,#8103,#8104));
#1684=EDGE_LOOP('',(#8105,#8106,#8107,#8108));
#1685=EDGE_LOOP('',(#8109,#8110,#8111,#8112));
#1686=EDGE_LOOP('',(#8113,#8114,#8115,#8116));
#1687=EDGE_LOOP('',(#8117,#8118,#8119,#8120));
#1688=EDGE_LOOP('',(#8121,#8122,#8123,#8124));
#1689=EDGE_LOOP('',(#8125,#8126,#8127,#8128));
#1690=EDGE_LOOP('',(#8129,#8130,#8131,#8132));
#1691=EDGE_LOOP('',(#8133,#8134,#8135,#8136));
#1692=EDGE_LOOP('',(#8137,#8138,#8139,#8140,#8141,#8142,#8143,#8144,#8145,
#8146,#8147,#8148));
#1693=EDGE_LOOP('',(#8149,#8150,#8151,#8152,#8153,#8154,#8155,#8156));
#1694=EDGE_LOOP('',(#8157,#8158,#8159,#8160,#8161,#8162,#8163,#8164,#8165));
#1695=EDGE_LOOP('',(#8166,#8167,#8168,#8169));
#1696=EDGE_LOOP('',(#8170,#8171,#8172,#8173));
#1697=EDGE_LOOP('',(#8174,#8175,#8176,#8177));
#1698=EDGE_LOOP('',(#8178,#8179,#8180,#8181));
#1699=EDGE_LOOP('',(#8182,#8183,#8184,#8185));
#1700=EDGE_LOOP('',(#8186,#8187,#8188,#8189));
#1701=EDGE_LOOP('',(#8190,#8191,#8192,#8193));
#1702=EDGE_LOOP('',(#8194,#8195,#8196,#8197));
#1703=EDGE_LOOP('',(#8198,#8199,#8200,#8201));
#1704=EDGE_LOOP('',(#8202,#8203,#8204,#8205));
#1705=EDGE_LOOP('',(#8206,#8207,#8208,#8209));
#1706=EDGE_LOOP('',(#8210,#8211,#8212,#8213));
#1707=EDGE_LOOP('',(#8214,#8215,#8216,#8217,#8218,#8219,#8220,#8221,#8222,
#8223,#8224,#8225));
#1708=EDGE_LOOP('',(#8226,#8227,#8228,#8229,#8230,#8231,#8232,#8233,#8234,
#8235,#8236,#8237));
#1709=EDGE_LOOP('',(#8238,#8239,#8240,#8241));
#1710=EDGE_LOOP('',(#8242,#8243,#8244,#8245));
#1711=EDGE_LOOP('',(#8246,#8247,#8248,#8249));
#1712=EDGE_LOOP('',(#8250,#8251,#8252,#8253));
#1713=EDGE_LOOP('',(#8254,#8255,#8256,#8257));
#1714=EDGE_LOOP('',(#8258,#8259,#8260,#8261));
#1715=EDGE_LOOP('',(#8262,#8263,#8264,#8265));
#1716=EDGE_LOOP('',(#8266,#8267,#8268,#8269));
#1717=EDGE_LOOP('',(#8270,#8271,#8272,#8273));
#1718=EDGE_LOOP('',(#8274,#8275,#8276,#8277));
#1719=EDGE_LOOP('',(#8278,#8279,#8280,#8281,#8282,#8283,#8284,#8285,#8286,
#8287));
#1720=EDGE_LOOP('',(#8288,#8289,#8290,#8291,#8292,#8293,#8294,#8295,#8296,
#8297));
#1721=EDGE_LOOP('',(#8298,#8299,#8300,#8301));
#1722=EDGE_LOOP('',(#8302,#8303,#8304,#8305));
#1723=EDGE_LOOP('',(#8306,#8307,#8308,#8309));
#1724=EDGE_LOOP('',(#8310,#8311,#8312,#8313));
#1725=EDGE_LOOP('',(#8314,#8315,#8316,#8317));
#1726=EDGE_LOOP('',(#8318,#8319,#8320,#8321));
#1727=EDGE_LOOP('',(#8322,#8323,#8324,#8325));
#1728=EDGE_LOOP('',(#8326,#8327,#8328,#8329));
#1729=EDGE_LOOP('',(#8330,#8331,#8332,#8333));
#1730=EDGE_LOOP('',(#8334,#8335,#8336,#8337));
#1731=EDGE_LOOP('',(#8338,#8339,#8340,#8341));
#1732=EDGE_LOOP('',(#8342,#8343,#8344,#8345));
#1733=EDGE_LOOP('',(#8346,#8347,#8348,#8349));
#1734=EDGE_LOOP('',(#8350,#8351,#8352,#8353));
#1735=EDGE_LOOP('',(#8354,#8355,#8356,#8357));
#1736=EDGE_LOOP('',(#8358,#8359,#8360,#8361));
#1737=EDGE_LOOP('',(#8362,#8363,#8364,#8365));
#1738=EDGE_LOOP('',(#8366,#8367,#8368,#8369));
#1739=EDGE_LOOP('',(#8370,#8371,#8372,#8373));
#1740=EDGE_LOOP('',(#8374,#8375,#8376,#8377));
#1741=EDGE_LOOP('',(#8378,#8379,#8380,#8381));
#1742=EDGE_LOOP('',(#8382,#8383,#8384,#8385));
#1743=EDGE_LOOP('',(#8386,#8387,#8388,#8389));
#1744=EDGE_LOOP('',(#8390,#8391,#8392,#8393));
#1745=EDGE_LOOP('',(#8394,#8395,#8396,#8397,#8398,#8399,#8400,#8401,#8402,
#8403,#8404,#8405,#8406,#8407,#8408,#8409,#8410,#8411));
#1746=EDGE_LOOP('',(#8412,#8413,#8414,#8415,#8416,#8417,#8418,#8419,#8420,
#8421,#8422,#8423,#8424,#8425,#8426,#8427,#8428,#8429));
#1747=EDGE_LOOP('',(#8430,#8431,#8432,#8433));
#1748=EDGE_LOOP('',(#8434,#8435,#8436,#8437));
#1749=EDGE_LOOP('',(#8438,#8439,#8440,#8441));
#1750=EDGE_LOOP('',(#8442,#8443,#8444,#8445));
#1751=EDGE_LOOP('',(#8446,#8447,#8448,#8449));
#1752=EDGE_LOOP('',(#8450,#8451,#8452,#8453));
#1753=EDGE_LOOP('',(#8454,#8455,#8456,#8457));
#1754=EDGE_LOOP('',(#8458,#8459,#8460,#8461));
#1755=EDGE_LOOP('',(#8462,#8463,#8464,#8465));
#1756=EDGE_LOOP('',(#8466,#8467,#8468,#8469));
#1757=EDGE_LOOP('',(#8470,#8471,#8472,#8473));
#1758=EDGE_LOOP('',(#8474,#8475,#8476,#8477));
#1759=EDGE_LOOP('',(#8478,#8479,#8480,#8481));
#1760=EDGE_LOOP('',(#8482,#8483,#8484,#8485));
#1761=EDGE_LOOP('',(#8486,#8487,#8488,#8489));
#1762=EDGE_LOOP('',(#8490,#8491,#8492,#8493));
#1763=EDGE_LOOP('',(#8494,#8495,#8496,#8497));
#1764=EDGE_LOOP('',(#8498,#8499,#8500,#8501));
#1765=EDGE_LOOP('',(#8502,#8503,#8504,#8505));
#1766=EDGE_LOOP('',(#8506,#8507,#8508,#8509));
#1767=EDGE_LOOP('',(#8510,#8511,#8512,#8513));
#1768=EDGE_LOOP('',(#8514,#8515,#8516,#8517));
#1769=EDGE_LOOP('',(#8518,#8519,#8520,#8521));
#1770=EDGE_LOOP('',(#8522,#8523,#8524,#8525));
#1771=EDGE_LOOP('',(#8526,#8527,#8528,#8529,#8530,#8531,#8532,#8533,#8534,
#8535,#8536,#8537,#8538,#8539,#8540,#8541,#8542,#8543,#8544,#8545,#8546,
#8547,#8548,#8549));
#1772=EDGE_LOOP('',(#8550,#8551,#8552,#8553,#8554,#8555,#8556,#8557,#8558,
#8559,#8560,#8561,#8562,#8563,#8564,#8565,#8566,#8567,#8568,#8569,#8570,
#8571,#8572,#8573));
#1773=EDGE_LOOP('',(#8574,#8575,#8576,#8577));
#1774=EDGE_LOOP('',(#8578,#8579,#8580,#8581));
#1775=EDGE_LOOP('',(#8582,#8583,#8584,#8585));
#1776=EDGE_LOOP('',(#8586,#8587,#8588,#8589));
#1777=EDGE_LOOP('',(#8590,#8591,#8592,#8593));
#1778=EDGE_LOOP('',(#8594,#8595,#8596,#8597));
#1779=EDGE_LOOP('',(#8598,#8599,#8600,#8601));
#1780=EDGE_LOOP('',(#8602,#8603,#8604,#8605));
#1781=EDGE_LOOP('',(#8606,#8607,#8608,#8609,#8610,#8611,#8612,#8613));
#1782=EDGE_LOOP('',(#8614,#8615,#8616,#8617,#8618,#8619,#8620,#8621));
#1783=EDGE_LOOP('',(#8622,#8623,#8624,#8625));
#1784=EDGE_LOOP('',(#8626,#8627,#8628,#8629));
#1785=EDGE_LOOP('',(#8630,#8631,#8632,#8633));
#1786=EDGE_LOOP('',(#8634,#8635,#8636,#8637));
#1787=EDGE_LOOP('',(#8638,#8639,#8640,#8641));
#1788=EDGE_LOOP('',(#8642,#8643,#8644,#8645));
#1789=EDGE_LOOP('',(#8646,#8647,#8648,#8649));
#1790=EDGE_LOOP('',(#8650,#8651,#8652,#8653));
#1791=EDGE_LOOP('',(#8654,#8655,#8656,#8657));
#1792=EDGE_LOOP('',(#8658,#8659,#8660,#8661));
#1793=EDGE_LOOP('',(#8662,#8663,#8664,#8665));
#1794=EDGE_LOOP('',(#8666,#8667,#8668,#8669));
#1795=EDGE_LOOP('',(#8670,#8671,#8672,#8673));
#1796=EDGE_LOOP('',(#8674,#8675,#8676,#8677));
#1797=EDGE_LOOP('',(#8678,#8679,#8680,#8681));
#1798=EDGE_LOOP('',(#8682,#8683,#8684,#8685));
#1799=EDGE_LOOP('',(#8686,#8687,#8688,#8689));
#1800=EDGE_LOOP('',(#8690,#8691,#8692,#8693));
#1801=EDGE_LOOP('',(#8694,#8695,#8696,#8697));
#1802=EDGE_LOOP('',(#8698,#8699,#8700,#8701));
#1803=EDGE_LOOP('',(#8702,#8703,#8704,#8705));
#1804=EDGE_LOOP('',(#8706,#8707,#8708,#8709,#8710,#8711,#8712,#8713,#8714,
#8715,#8716,#8717));
#1805=EDGE_LOOP('',(#8718,#8719,#8720,#8721,#8722,#8723,#8724,#8725,#8726));
#1806=EDGE_LOOP('',(#8727,#8728,#8729,#8730,#8731,#8732,#8733,#8734,#8735,
#8736,#8737,#8738));
#1807=EDGE_LOOP('',(#8739,#8740,#8741,#8742,#8743,#8744,#8745,#8746,#8747));
#1808=EDGE_LOOP('',(#8748,#8749,#8750,#8751));
#1809=EDGE_LOOP('',(#8752));
#1810=EDGE_LOOP('',(#8753));
#1811=LINE('',#12626,#2820);
#1812=LINE('',#12628,#2821);
#1813=LINE('',#12630,#2822);
#1814=LINE('',#12632,#2823);
#1815=LINE('',#12634,#2824);
#1816=LINE('',#12636,#2825);
#1817=LINE('',#12638,#2826);
#1818=LINE('',#12640,#2827);
#1819=LINE('',#12641,#2828);
#1820=LINE('',#12644,#2829);
#1821=LINE('',#12648,#2830);
#1822=LINE('',#12651,#2831);
#1823=LINE('',#12654,#2832);
#1824=LINE('',#12657,#2833);
#1825=LINE('',#12660,#2834);
#1826=LINE('',#12661,#2835);
#1827=LINE('',#12664,#2836);
#1828=LINE('',#12667,#2837);
#1829=LINE('',#12669,#2838);
#1830=LINE('',#12671,#2839);
#1831=LINE('',#12676,#2840);
#1832=LINE('',#12680,#2841);
#1833=LINE('',#12686,#2842);
#1834=LINE('',#12690,#2843);
#1835=LINE('',#12695,#2844);
#1836=LINE('',#12697,#2845);
#1837=LINE('',#12699,#2846);
#1838=LINE('',#12701,#2847);
#1839=LINE('',#12703,#2848);
#1840=LINE('',#12704,#2849);
#1841=LINE('',#12707,#2850);
#1842=LINE('',#12709,#2851);
#1843=LINE('',#12711,#2852);
#1844=LINE('',#12712,#2853);
#1845=LINE('',#12715,#2854);
#1846=LINE('',#12717,#2855);
#1847=LINE('',#12719,#2856);
#1848=LINE('',#12720,#2857);
#1849=LINE('',#12723,#2858);
#1850=LINE('',#12724,#2859);
#1851=LINE('',#12727,#2860);
#1852=LINE('',#12728,#2861);
#1853=LINE('',#12731,#2862);
#1854=LINE('',#12732,#2863);
#1855=LINE('',#12736,#2864);
#1856=LINE('',#12737,#2865);
#1857=LINE('',#12738,#2866);
#1858=LINE('',#12740,#2867);
#1859=LINE('',#12744,#2868);
#1860=LINE('',#12746,#2869);
#1861=LINE('',#12748,#2870);
#1862=LINE('',#12750,#2871);
#1863=LINE('',#12752,#2872);
#1864=LINE('',#12753,#2873);
#1865=LINE('',#12756,#2874);
#1866=LINE('',#12758,#2875);
#1867=LINE('',#12759,#2876);
#1868=LINE('',#12762,#2877);
#1869=LINE('',#12763,#2878);
#1870=LINE('',#12764,#2879);
#1871=LINE('',#12765,#2880);
#1872=LINE('',#12768,#2881);
#1873=LINE('',#12770,#2882);
#1874=LINE('',#12772,#2883);
#1875=LINE('',#12773,#2884);
#1876=LINE('',#12776,#2885);
#1877=LINE('',#12777,#2886);
#1878=LINE('',#12780,#2887);
#1879=LINE('',#12782,#2888);
#1880=LINE('',#12784,#2889);
#1881=LINE('',#12786,#2890);
#1882=LINE('',#12790,#2891);
#1883=LINE('',#12792,#2892);
#1884=LINE('',#12794,#2893);
#1885=LINE('',#12798,#2894);
#1886=LINE('',#12800,#2895);
#1887=LINE('',#12802,#2896);
#1888=LINE('',#12806,#2897);
#1889=LINE('',#12808,#2898);
#1890=LINE('',#12810,#2899);
#1891=LINE('',#12814,#2900);
#1892=LINE('',#12816,#2901);
#1893=LINE('',#12818,#2902);
#1894=LINE('',#12822,#2903);
#1895=LINE('',#12824,#2904);
#1896=LINE('',#12826,#2905);
#1897=LINE('',#12830,#2906);
#1898=LINE('',#12832,#2907);
#1899=LINE('',#12833,#2908);
#1900=LINE('',#12834,#2909);
#1901=LINE('',#12836,#2910);
#1902=LINE('',#12839,#2911);
#1903=LINE('',#12840,#2912);
#1904=LINE('',#12843,#2913);
#1905=LINE('',#12844,#2914);
#1906=LINE('',#12846,#2915);
#1907=LINE('',#12849,#2916);
#1908=LINE('',#12851,#2917);
#1909=LINE('',#12853,#2918);
#1910=LINE('',#12854,#2919);
#1911=LINE('',#12857,#2920);
#1912=LINE('',#12859,#2921);
#1913=LINE('',#12861,#2922);
#1914=LINE('',#12863,#2923);
#1915=LINE('',#12864,#2924);
#1916=LINE('',#12867,#2925);
#1917=LINE('',#12868,#2926);
#1918=LINE('',#12872,#2927);
#1919=LINE('',#12874,#2928);
#1920=LINE('',#12876,#2929);
#1921=LINE('',#12878,#2930);
#1922=LINE('',#12879,#2931);
#1923=LINE('',#12882,#2932);
#1924=LINE('',#12884,#2933);
#1925=LINE('',#12885,#2934);
#1926=LINE('',#12886,#2935);
#1927=LINE('',#12889,#2936);
#1928=LINE('',#12891,#2937);
#1929=LINE('',#12893,#2938);
#1930=LINE('',#12895,#2939);
#1931=LINE('',#12897,#2940);
#1932=LINE('',#12898,#2941);
#1933=LINE('',#12901,#2942);
#1934=LINE('',#12903,#2943);
#1935=LINE('',#12904,#2944);
#1936=LINE('',#12907,#2945);
#1937=LINE('',#12908,#2946);
#1938=LINE('',#12912,#2947);
#1939=LINE('',#12914,#2948);
#1940=LINE('',#12916,#2949);
#1941=LINE('',#12918,#2950);
#1942=LINE('',#12919,#2951);
#1943=LINE('',#12922,#2952);
#1944=LINE('',#12924,#2953);
#1945=LINE('',#12925,#2954);
#1946=LINE('',#12926,#2955);
#1947=LINE('',#12929,#2956);
#1948=LINE('',#12931,#2957);
#1949=LINE('',#12933,#2958);
#1950=LINE('',#12935,#2959);
#1951=LINE('',#12937,#2960);
#1952=LINE('',#12938,#2961);
#1953=LINE('',#12941,#2962);
#1954=LINE('',#12943,#2963);
#1955=LINE('',#12944,#2964);
#1956=LINE('',#12947,#2965);
#1957=LINE('',#12948,#2966);
#1958=LINE('',#12952,#2967);
#1959=LINE('',#12954,#2968);
#1960=LINE('',#12956,#2969);
#1961=LINE('',#12958,#2970);
#1962=LINE('',#12959,#2971);
#1963=LINE('',#12962,#2972);
#1964=LINE('',#12964,#2973);
#1965=LINE('',#12965,#2974);
#1966=LINE('',#12966,#2975);
#1967=LINE('',#12969,#2976);
#1968=LINE('',#12971,#2977);
#1969=LINE('',#12973,#2978);
#1970=LINE('',#12975,#2979);
#1971=LINE('',#12977,#2980);
#1972=LINE('',#12978,#2981);
#1973=LINE('',#12981,#2982);
#1974=LINE('',#12983,#2983);
#1975=LINE('',#12984,#2984);
#1976=LINE('',#12987,#2985);
#1977=LINE('',#12988,#2986);
#1978=LINE('',#12992,#2987);
#1979=LINE('',#12994,#2988);
#1980=LINE('',#12996,#2989);
#1981=LINE('',#12998,#2990);
#1982=LINE('',#12999,#2991);
#1983=LINE('',#13002,#2992);
#1984=LINE('',#13004,#2993);
#1985=LINE('',#13005,#2994);
#1986=LINE('',#13006,#2995);
#1987=LINE('',#13009,#2996);
#1988=LINE('',#13011,#2997);
#1989=LINE('',#13013,#2998);
#1990=LINE('',#13015,#2999);
#1991=LINE('',#13017,#3000);
#1992=LINE('',#13018,#3001);
#1993=LINE('',#13021,#3002);
#1994=LINE('',#13023,#3003);
#1995=LINE('',#13024,#3004);
#1996=LINE('',#13027,#3005);
#1997=LINE('',#13028,#3006);
#1998=LINE('',#13032,#3007);
#1999=LINE('',#13034,#3008);
#2000=LINE('',#13036,#3009);
#2001=LINE('',#13038,#3010);
#2002=LINE('',#13039,#3011);
#2003=LINE('',#13042,#3012);
#2004=LINE('',#13044,#3013);
#2005=LINE('',#13045,#3014);
#2006=LINE('',#13046,#3015);
#2007=LINE('',#13049,#3016);
#2008=LINE('',#13051,#3017);
#2009=LINE('',#13053,#3018);
#2010=LINE('',#13055,#3019);
#2011=LINE('',#13057,#3020);
#2012=LINE('',#13058,#3021);
#2013=LINE('',#13061,#3022);
#2014=LINE('',#13063,#3023);
#2015=LINE('',#13064,#3024);
#2016=LINE('',#13067,#3025);
#2017=LINE('',#13068,#3026);
#2018=LINE('',#13071,#3027);
#2019=LINE('',#13073,#3028);
#2020=LINE('',#13075,#3029);
#2021=LINE('',#13076,#3030);
#2022=LINE('',#13079,#3031);
#2023=LINE('',#13081,#3032);
#2024=LINE('',#13082,#3033);
#2025=LINE('',#13084,#3034);
#2026=LINE('',#13087,#3035);
#2027=LINE('',#13089,#3036);
#2028=LINE('',#13090,#3037);
#2029=LINE('',#13094,#3038);
#2030=LINE('',#13099,#3039);
#2031=LINE('',#13101,#3040);
#2032=LINE('',#13102,#3041);
#2033=LINE('',#13107,#3042);
#2034=LINE('',#13111,#3043);
#2035=LINE('',#13113,#3044);
#2036=LINE('',#13114,#3045);
#2037=LINE('',#13117,#3046);
#2038=LINE('',#13121,#3047);
#2039=LINE('',#13125,#3048);
#2040=LINE('',#13128,#3049);
#2041=LINE('',#13129,#3050);
#2042=LINE('',#13133,#3051);
#2043=LINE('',#13138,#3052);
#2044=LINE('',#13140,#3053);
#2045=LINE('',#13141,#3054);
#2046=LINE('',#13146,#3055);
#2047=LINE('',#13150,#3056);
#2048=LINE('',#13152,#3057);
#2049=LINE('',#13153,#3058);
#2050=LINE('',#13156,#3059);
#2051=LINE('',#13160,#3060);
#2052=LINE('',#13163,#3061);
#2053=LINE('',#13166,#3062);
#2054=LINE('',#13169,#3063);
#2055=LINE('',#13170,#3064);
#2056=LINE('',#13174,#3065);
#2057=LINE('',#13179,#3066);
#2058=LINE('',#13181,#3067);
#2059=LINE('',#13182,#3068);
#2060=LINE('',#13187,#3069);
#2061=LINE('',#13191,#3070);
#2062=LINE('',#13193,#3071);
#2063=LINE('',#13194,#3072);
#2064=LINE('',#13197,#3073);
#2065=LINE('',#13201,#3074);
#2066=LINE('',#13204,#3075);
#2067=LINE('',#13207,#3076);
#2068=LINE('',#13210,#3077);
#2069=LINE('',#13211,#3078);
#2070=LINE('',#13215,#3079);
#2071=LINE('',#13220,#3080);
#2072=LINE('',#13222,#3081);
#2073=LINE('',#13223,#3082);
#2074=LINE('',#13228,#3083);
#2075=LINE('',#13232,#3084);
#2076=LINE('',#13234,#3085);
#2077=LINE('',#13235,#3086);
#2078=LINE('',#13238,#3087);
#2079=LINE('',#13242,#3088);
#2080=LINE('',#13245,#3089);
#2081=LINE('',#13248,#3090);
#2082=LINE('',#13251,#3091);
#2083=LINE('',#13252,#3092);
#2084=LINE('',#13256,#3093);
#2085=LINE('',#13261,#3094);
#2086=LINE('',#13263,#3095);
#2087=LINE('',#13264,#3096);
#2088=LINE('',#13269,#3097);
#2089=LINE('',#13273,#3098);
#2090=LINE('',#13275,#3099);
#2091=LINE('',#13276,#3100);
#2092=LINE('',#13279,#3101);
#2093=LINE('',#13283,#3102);
#2094=LINE('',#13286,#3103);
#2095=LINE('',#13289,#3104);
#2096=LINE('',#13292,#3105);
#2097=LINE('',#13293,#3106);
#2098=LINE('',#13297,#3107);
#2099=LINE('',#13302,#3108);
#2100=LINE('',#13304,#3109);
#2101=LINE('',#13305,#3110);
#2102=LINE('',#13310,#3111);
#2103=LINE('',#13314,#3112);
#2104=LINE('',#13316,#3113);
#2105=LINE('',#13317,#3114);
#2106=LINE('',#13320,#3115);
#2107=LINE('',#13324,#3116);
#2108=LINE('',#13327,#3117);
#2109=LINE('',#13330,#3118);
#2110=LINE('',#13335,#3119);
#2111=LINE('',#13338,#3120);
#2112=LINE('',#13341,#3121);
#2113=LINE('',#13344,#3122);
#2114=LINE('',#13347,#3123);
#2115=LINE('',#13350,#3124);
#2116=LINE('',#13353,#3125);
#2117=LINE('',#13356,#3126);
#2118=LINE('',#13359,#3127);
#2119=LINE('',#13362,#3128);
#2120=LINE('',#13364,#3129);
#2121=LINE('',#13367,#3130);
#2122=LINE('',#13369,#3131);
#2123=LINE('',#13372,#3132);
#2124=LINE('',#13374,#3133);
#2125=LINE('',#13377,#3134);
#2126=LINE('',#13379,#3135);
#2127=LINE('',#13382,#3136);
#2128=LINE('',#13384,#3137);
#2129=LINE('',#13387,#3138);
#2130=LINE('',#13389,#3139);
#2131=LINE('',#13461,#3140);
#2132=LINE('',#13504,#3141);
#2133=LINE('',#13506,#3142);
#2134=LINE('',#13508,#3143);
#2135=LINE('',#13512,#3144);
#2136=LINE('',#13516,#3145);
#2137=LINE('',#13520,#3146);
#2138=LINE('',#13524,#3147);
#2139=LINE('',#13528,#3148);
#2140=LINE('',#13532,#3149);
#2141=LINE('',#13536,#3150);
#2142=LINE('',#13540,#3151);
#2143=LINE('',#13544,#3152);
#2144=LINE('',#13548,#3153);
#2145=LINE('',#13552,#3154);
#2146=LINE('',#13556,#3155);
#2147=LINE('',#13560,#3156);
#2148=LINE('',#13564,#3157);
#2149=LINE('',#13568,#3158);
#2150=LINE('',#13572,#3159);
#2151=LINE('',#13576,#3160);
#2152=LINE('',#13580,#3161);
#2153=LINE('',#13581,#3162);
#2154=LINE('',#13600,#3163);
#2155=LINE('',#13666,#3164);
#2156=LINE('',#13689,#3165);
#2157=LINE('',#13691,#3166);
#2158=LINE('',#13692,#3167);
#2159=LINE('',#13695,#3168);
#2160=LINE('',#13698,#3169);
#2161=LINE('',#13699,#3170);
#2162=LINE('',#13701,#3171);
#2163=LINE('',#13702,#3172);
#2164=LINE('',#13704,#3173);
#2165=LINE('',#13705,#3174);
#2166=LINE('',#13706,#3175);
#2167=LINE('',#13710,#3176);
#2168=LINE('',#13711,#3177);
#2169=LINE('',#13712,#3178);
#2170=LINE('',#13714,#3179);
#2171=LINE('',#13717,#3180);
#2172=LINE('',#13721,#3181);
#2173=LINE('',#13722,#3182);
#2174=LINE('',#13725,#3183);
#2175=LINE('',#13729,#3184);
#2176=LINE('',#13730,#3185);
#2177=LINE('',#13732,#3186);
#2178=LINE('',#13735,#3187);
#2179=LINE('',#13738,#3188);
#2180=LINE('',#13742,#3189);
#2181=LINE('',#13743,#3190);
#2182=LINE('',#13746,#3191);
#2183=LINE('',#13750,#3192);
#2184=LINE('',#13751,#3193);
#2185=LINE('',#13753,#3194);
#2186=LINE('',#13756,#3195);
#2187=LINE('',#13759,#3196);
#2188=LINE('',#13763,#3197);
#2189=LINE('',#13764,#3198);
#2190=LINE('',#13767,#3199);
#2191=LINE('',#13771,#3200);
#2192=LINE('',#13772,#3201);
#2193=LINE('',#13774,#3202);
#2194=LINE('',#13777,#3203);
#2195=LINE('',#13780,#3204);
#2196=LINE('',#13784,#3205);
#2197=LINE('',#13785,#3206);
#2198=LINE('',#13788,#3207);
#2199=LINE('',#13792,#3208);
#2200=LINE('',#13793,#3209);
#2201=LINE('',#13795,#3210);
#2202=LINE('',#13798,#3211);
#2203=LINE('',#13801,#3212);
#2204=LINE('',#13805,#3213);
#2205=LINE('',#13806,#3214);
#2206=LINE('',#13809,#3215);
#2207=LINE('',#13813,#3216);
#2208=LINE('',#13814,#3217);
#2209=LINE('',#13816,#3218);
#2210=LINE('',#13819,#3219);
#2211=LINE('',#13822,#3220);
#2212=LINE('',#13826,#3221);
#2213=LINE('',#13827,#3222);
#2214=LINE('',#13830,#3223);
#2215=LINE('',#13834,#3224);
#2216=LINE('',#13835,#3225);
#2217=LINE('',#13838,#3226);
#2218=LINE('',#13841,#3227);
#2219=LINE('',#13843,#3228);
#2220=LINE('',#13844,#3229);
#2221=LINE('',#13846,#3230);
#2222=LINE('',#13849,#3231);
#2223=LINE('',#13851,#3232);
#2224=LINE('',#13852,#3233);
#2225=LINE('',#13855,#3234);
#2226=LINE('',#13857,#3235);
#2227=LINE('',#13859,#3236);
#2228=LINE('',#13861,#3237);
#2229=LINE('',#13863,#3238);
#2230=LINE('',#13866,#3239);
#2231=LINE('',#13868,#3240);
#2232=LINE('',#13870,#3241);
#2233=LINE('',#13872,#3242);
#2234=LINE('',#13875,#3243);
#2235=LINE('',#13877,#3244);
#2236=LINE('',#13879,#3245);
#2237=LINE('',#13881,#3246);
#2238=LINE('',#13883,#3247);
#2239=LINE('',#13887,#3248);
#2240=LINE('',#13889,#3249);
#2241=LINE('',#13891,#3250);
#2242=LINE('',#13893,#3251);
#2243=LINE('',#13895,#3252);
#2244=LINE('',#13897,#3253);
#2245=LINE('',#13899,#3254);
#2246=LINE('',#13902,#3255);
#2247=LINE('',#13905,#3256);
#2248=LINE('',#13907,#3257);
#2249=LINE('',#13910,#3258);
#2250=LINE('',#13912,#3259);
#2251=LINE('',#13922,#3260);
#2252=LINE('',#13930,#3261);
#2253=LINE('',#13938,#3262);
#2254=LINE('',#13946,#3263);
#2255=LINE('',#13954,#3264);
#2256=LINE('',#13962,#3265);
#2257=LINE('',#13968,#3266);
#2258=LINE('',#13970,#3267);
#2259=LINE('',#13972,#3268);
#2260=LINE('',#13973,#3269);
#2261=LINE('',#13976,#3270);
#2262=LINE('',#13978,#3271);
#2263=LINE('',#13980,#3272);
#2264=LINE('',#13981,#3273);
#2265=LINE('',#13984,#3274);
#2266=LINE('',#13986,#3275);
#2267=LINE('',#13988,#3276);
#2268=LINE('',#13989,#3277);
#2269=LINE('',#13992,#3278);
#2270=LINE('',#13994,#3279);
#2271=LINE('',#13996,#3280);
#2272=LINE('',#13997,#3281);
#2273=LINE('',#14000,#3282);
#2274=LINE('',#14002,#3283);
#2275=LINE('',#14004,#3284);
#2276=LINE('',#14005,#3285);
#2277=LINE('',#14008,#3286);
#2278=LINE('',#14010,#3287);
#2279=LINE('',#14012,#3288);
#2280=LINE('',#14013,#3289);
#2281=LINE('',#14016,#3290);
#2282=LINE('',#14018,#3291);
#2283=LINE('',#14020,#3292);
#2284=LINE('',#14021,#3293);
#2285=LINE('',#14024,#3294);
#2286=LINE('',#14026,#3295);
#2287=LINE('',#14027,#3296);
#2288=LINE('',#14030,#3297);
#2289=LINE('',#14032,#3298);
#2290=LINE('',#14033,#3299);
#2291=LINE('',#14036,#3300);
#2292=LINE('',#14038,#3301);
#2293=LINE('',#14039,#3302);
#2294=LINE('',#14042,#3303);
#2295=LINE('',#14044,#3304);
#2296=LINE('',#14045,#3305);
#2297=LINE('',#14048,#3306);
#2298=LINE('',#14050,#3307);
#2299=LINE('',#14051,#3308);
#2300=LINE('',#14054,#3309);
#2301=LINE('',#14056,#3310);
#2302=LINE('',#14057,#3311);
#2303=LINE('',#14060,#3312);
#2304=LINE('',#14062,#3313);
#2305=LINE('',#14063,#3314);
#2306=LINE('',#14066,#3315);
#2307=LINE('',#14068,#3316);
#2308=LINE('',#14069,#3317);
#2309=LINE('',#14072,#3318);
#2310=LINE('',#14074,#3319);
#2311=LINE('',#14075,#3320);
#2312=LINE('',#14078,#3321);
#2313=LINE('',#14080,#3322);
#2314=LINE('',#14081,#3323);
#2315=LINE('',#14084,#3324);
#2316=LINE('',#14086,#3325);
#2317=LINE('',#14087,#3326);
#2318=LINE('',#14089,#3327);
#2319=LINE('',#14090,#3328);
#2320=LINE('',#14094,#3329);
#2321=LINE('',#14095,#3330);
#2322=LINE('',#14099,#3331);
#2323=LINE('',#14100,#3332);
#2324=LINE('',#14104,#3333);
#2325=LINE('',#14105,#3334);
#2326=LINE('',#14109,#3335);
#2327=LINE('',#14110,#3336);
#2328=LINE('',#14115,#3337);
#2329=LINE('',#14117,#3338);
#2330=LINE('',#14118,#3339);
#2331=LINE('',#14124,#3340);
#2332=LINE('',#14128,#3341);
#2333=LINE('',#14132,#3342);
#2334=LINE('',#14136,#3343);
#2335=LINE('',#14140,#3344);
#2336=LINE('',#14144,#3345);
#2337=LINE('',#14146,#3346);
#2338=LINE('',#14148,#3347);
#2339=LINE('',#14149,#3348);
#2340=LINE('',#14152,#3349);
#2341=LINE('',#14154,#3350);
#2342=LINE('',#14155,#3351);
#2343=LINE('',#14158,#3352);
#2344=LINE('',#14160,#3353);
#2345=LINE('',#14161,#3354);
#2346=LINE('',#14163,#3355);
#2347=LINE('',#14164,#3356);
#2348=LINE('',#14167,#3357);
#2349=LINE('',#14169,#3358);
#2350=LINE('',#14170,#3359);
#2351=LINE('',#14173,#3360);
#2352=LINE('',#14174,#3361);
#2353=LINE('',#14179,#3362);
#2354=LINE('',#14182,#3363);
#2355=LINE('',#14183,#3364);
#2356=LINE('',#14186,#3365);
#2357=LINE('',#14188,#3366);
#2358=LINE('',#14190,#3367);
#2359=LINE('',#14191,#3368);
#2360=LINE('',#14193,#3369);
#2361=LINE('',#14197,#3370);
#2362=LINE('',#14198,#3371);
#2363=LINE('',#14201,#3372);
#2364=LINE('',#14202,#3373);
#2365=LINE('',#14204,#3374);
#2366=LINE('',#14206,#3375);
#2367=LINE('',#14225,#3376);
#2368=LINE('',#14232,#3377);
#2369=LINE('',#14236,#3378);
#2370=LINE('',#14241,#3379);
#2371=LINE('',#14250,#3380);
#2372=LINE('',#14256,#3381);
#2373=LINE('',#14259,#3382);
#2374=LINE('',#14266,#3383);
#2375=LINE('',#14268,#3384);
#2376=LINE('',#14270,#3385);
#2377=LINE('',#14271,#3386);
#2378=LINE('',#14276,#3387);
#2379=LINE('',#14281,#3388);
#2380=LINE('',#14282,#3389);
#2381=LINE('',#14283,#3390);
#2382=LINE('',#14288,#3391);
#2383=LINE('',#14293,#3392);
#2384=LINE('',#14294,#3393);
#2385=LINE('',#14295,#3394);
#2386=LINE('',#14300,#3395);
#2387=LINE('',#14305,#3396);
#2388=LINE('',#14306,#3397);
#2389=LINE('',#14307,#3398);
#2390=LINE('',#14312,#3399);
#2391=LINE('',#14317,#3400);
#2392=LINE('',#14318,#3401);
#2393=LINE('',#14319,#3402);
#2394=LINE('',#14322,#3403);
#2395=LINE('',#14325,#3404);
#2396=LINE('',#14328,#3405);
#2397=LINE('',#14329,#3406);
#2398=LINE('',#14332,#3407);
#2399=LINE('',#14336,#3408);
#2400=LINE('',#14337,#3409);
#2401=LINE('',#14340,#3410);
#2402=LINE('',#14344,#3411);
#2403=LINE('',#14345,#3412);
#2404=LINE('',#14348,#3413);
#2405=LINE('',#14351,#3414);
#2406=LINE('',#14353,#3415);
#2407=LINE('',#14355,#3416);
#2408=LINE('',#14357,#3417);
#2409=LINE('',#14359,#3418);
#2410=LINE('',#14361,#3419);
#2411=LINE('',#14363,#3420);
#2412=LINE('',#14364,#3421);
#2413=LINE('',#14367,#3422);
#2414=LINE('',#14370,#3423);
#2415=LINE('',#14372,#3424);
#2416=LINE('',#14375,#3425);
#2417=LINE('',#14378,#3426);
#2418=LINE('',#14422,#3427);
#2419=LINE('',#14424,#3428);
#2420=LINE('',#14426,#3429);
#2421=LINE('',#14427,#3430);
#2422=LINE('',#14430,#3431);
#2423=LINE('',#14432,#3432);
#2424=LINE('',#14434,#3433);
#2425=LINE('',#14436,#3434);
#2426=LINE('',#14438,#3435);
#2427=LINE('',#14440,#3436);
#2428=LINE('',#14442,#3437);
#2429=LINE('',#14443,#3438);
#2430=LINE('',#14446,#3439);
#2431=LINE('',#14448,#3440);
#2432=LINE('',#14510,#3441);
#2433=LINE('',#14560,#3442);
#2434=LINE('',#14562,#3443);
#2435=LINE('',#14563,#3444);
#2436=LINE('',#14614,#3445);
#2437=LINE('',#14663,#3446);
#2438=LINE('',#14666,#3447);
#2439=LINE('',#14668,#3448);
#2440=LINE('',#14670,#3449);
#2441=LINE('',#14671,#3450);
#2442=LINE('',#14674,#3451);
#2443=LINE('',#14676,#3452);
#2444=LINE('',#14678,#3453);
#2445=LINE('',#14680,#3454);
#2446=LINE('',#14682,#3455);
#2447=LINE('',#14684,#3456);
#2448=LINE('',#14686,#3457);
#2449=LINE('',#14688,#3458);
#2450=LINE('',#14690,#3459);
#2451=LINE('',#14691,#3460);
#2452=LINE('',#14694,#3461);
#2453=LINE('',#14696,#3462);
#2454=LINE('',#14698,#3463);
#2455=LINE('',#14700,#3464);
#2456=LINE('',#14702,#3465);
#2457=LINE('',#14704,#3466);
#2458=LINE('',#14706,#3467);
#2459=LINE('',#14708,#3468);
#2460=LINE('',#14710,#3469);
#2461=LINE('',#14712,#3470);
#2462=LINE('',#14714,#3471);
#2463=LINE('',#14715,#3472);
#2464=LINE('',#14718,#3473);
#2465=LINE('',#14721,#3474);
#2466=LINE('',#14723,#3475);
#2467=LINE('',#14725,#3476);
#2468=LINE('',#14729,#3477);
#2469=LINE('',#14732,#3478);
#2470=LINE('',#14734,#3479);
#2471=LINE('',#14736,#3480);
#2472=LINE('',#14741,#3481);
#2473=LINE('',#14743,#3482);
#2474=LINE('',#14745,#3483);
#2475=LINE('',#14746,#3484);
#2476=LINE('',#14764,#3485);
#2477=LINE('',#14787,#3486);
#2478=LINE('',#14810,#3487);
#2479=LINE('',#14833,#3488);
#2480=LINE('',#14856,#3489);
#2481=LINE('',#14879,#3490);
#2482=LINE('',#14887,#3491);
#2483=LINE('',#14889,#3492);
#2484=LINE('',#14890,#3493);
#2485=LINE('',#14892,#3494);
#2486=LINE('',#14893,#3495);
#2487=LINE('',#14897,#3496);
#2488=LINE('',#14898,#3497);
#2489=LINE('',#14899,#3498);
#2490=LINE('',#14916,#3499);
#2491=LINE('',#14933,#3500);
#2492=LINE('',#14950,#3501);
#2493=LINE('',#14967,#3502);
#2494=LINE('',#14984,#3503);
#2495=LINE('',#15001,#3504);
#2496=LINE('',#15018,#3505);
#2497=LINE('',#15021,#3506);
#2498=LINE('',#15022,#3507);
#2499=LINE('',#15025,#3508);
#2500=LINE('',#15026,#3509);
#2501=LINE('',#15029,#3510);
#2502=LINE('',#15030,#3511);
#2503=LINE('',#15032,#3512);
#2504=LINE('',#15037,#3513);
#2505=LINE('',#15038,#3514);
#2506=LINE('',#15039,#3515);
#2507=LINE('',#15042,#3516);
#2508=LINE('',#15043,#3517);
#2509=LINE('',#15046,#3518);
#2510=LINE('',#15047,#3519);
#2511=LINE('',#15050,#3520);
#2512=LINE('',#15051,#3521);
#2513=LINE('',#15054,#3522);
#2514=LINE('',#15055,#3523);
#2515=LINE('',#15058,#3524);
#2516=LINE('',#15059,#3525);
#2517=LINE('',#15062,#3526);
#2518=LINE('',#15063,#3527);
#2519=LINE('',#15065,#3528);
#2520=LINE('',#15070,#3529);
#2521=LINE('',#15071,#3530);
#2522=LINE('',#15072,#3531);
#2523=LINE('',#15075,#3532);
#2524=LINE('',#15076,#3533);
#2525=LINE('',#15093,#3534);
#2526=LINE('',#15110,#3535);
#2527=LINE('',#15127,#3536);
#2528=LINE('',#15144,#3537);
#2529=LINE('',#15161,#3538);
#2530=LINE('',#15178,#3539);
#2531=LINE('',#15195,#3540);
#2532=LINE('',#15212,#3541);
#2533=LINE('',#15229,#3542);
#2534=LINE('',#15246,#3543);
#2535=LINE('',#15249,#3544);
#2536=LINE('',#15250,#3545);
#2537=LINE('',#15267,#3546);
#2538=LINE('',#15284,#3547);
#2539=LINE('',#15301,#3548);
#2540=LINE('',#15318,#3549);
#2541=LINE('',#15335,#3550);
#2542=LINE('',#15352,#3551);
#2543=LINE('',#15369,#3552);
#2544=LINE('',#15386,#3553);
#2545=LINE('',#15389,#3554);
#2546=LINE('',#15390,#3555);
#2547=LINE('',#15393,#3556);
#2548=LINE('',#15394,#3557);
#2549=LINE('',#15396,#3558);
#2550=LINE('',#15415,#3559);
#2551=LINE('',#15416,#3560);
#2552=LINE('',#15433,#3561);
#2553=LINE('',#15450,#3562);
#2554=LINE('',#15467,#3563);
#2555=LINE('',#15484,#3564);
#2556=LINE('',#15501,#3565);
#2557=LINE('',#15518,#3566);
#2558=LINE('',#15535,#3567);
#2559=LINE('',#15538,#3568);
#2560=LINE('',#15539,#3569);
#2561=LINE('',#15556,#3570);
#2562=LINE('',#15573,#3571);
#2563=LINE('',#15590,#3572);
#2564=LINE('',#15607,#3573);
#2565=LINE('',#15624,#3574);
#2566=LINE('',#15641,#3575);
#2567=LINE('',#15658,#3576);
#2568=LINE('',#15675,#3577);
#2569=LINE('',#15677,#3578);
#2570=LINE('',#15682,#3579);
#2571=LINE('',#15683,#3580);
#2572=LINE('',#15684,#3581);
#2573=LINE('',#15687,#3582);
#2574=LINE('',#15688,#3583);
#2575=LINE('',#15691,#3584);
#2576=LINE('',#15692,#3585);
#2577=LINE('',#15694,#3586);
#2578=LINE('',#15699,#3587);
#2579=LINE('',#15700,#3588);
#2580=LINE('',#15701,#3589);
#2581=LINE('',#15704,#3590);
#2582=LINE('',#15705,#3591);
#2583=LINE('',#15708,#3592);
#2584=LINE('',#15709,#3593);
#2585=LINE('',#15712,#3594);
#2586=LINE('',#15713,#3595);
#2587=LINE('',#15716,#3596);
#2588=LINE('',#15717,#3597);
#2589=LINE('',#15720,#3598);
#2590=LINE('',#15721,#3599);
#2591=LINE('',#15724,#3600);
#2592=LINE('',#15725,#3601);
#2593=LINE('',#15728,#3602);
#2594=LINE('',#15729,#3603);
#2595=LINE('',#15732,#3604);
#2596=LINE('',#15733,#3605);
#2597=LINE('',#15735,#3606);
#2598=LINE('',#15740,#3607);
#2599=LINE('',#15741,#3608);
#2600=LINE('',#15742,#3609);
#2601=LINE('',#15745,#3610);
#2602=LINE('',#15746,#3611);
#2603=LINE('',#15749,#3612);
#2604=LINE('',#15750,#3613);
#2605=LINE('',#15753,#3614);
#2606=LINE('',#15754,#3615);
#2607=LINE('',#15757,#3616);
#2608=LINE('',#15758,#3617);
#2609=LINE('',#15761,#3618);
#2610=LINE('',#15762,#3619);
#2611=LINE('',#15765,#3620);
#2612=LINE('',#15766,#3621);
#2613=LINE('',#15769,#3622);
#2614=LINE('',#15770,#3623);
#2615=LINE('',#15773,#3624);
#2616=LINE('',#15774,#3625);
#2617=LINE('',#15777,#3626);
#2618=LINE('',#15778,#3627);
#2619=LINE('',#15781,#3628);
#2620=LINE('',#15782,#3629);
#2621=LINE('',#15784,#3630);
#2622=LINE('',#15791,#3631);
#2623=LINE('',#15793,#3632);
#2624=LINE('',#15795,#3633);
#2625=LINE('',#15796,#3634);
#2626=LINE('',#15799,#3635);
#2627=LINE('',#15801,#3636);
#2628=LINE('',#15802,#3637);
#2629=LINE('',#15805,#3638);
#2630=LINE('',#15807,#3639);
#2631=LINE('',#15808,#3640);
#2632=LINE('',#15811,#3641);
#2633=LINE('',#15813,#3642);
#2634=LINE('',#15814,#3643);
#2635=LINE('',#15817,#3644);
#2636=LINE('',#15819,#3645);
#2637=LINE('',#15820,#3646);
#2638=LINE('',#15823,#3647);
#2639=LINE('',#15825,#3648);
#2640=LINE('',#15826,#3649);
#2641=LINE('',#15829,#3650);
#2642=LINE('',#15831,#3651);
#2643=LINE('',#15832,#3652);
#2644=LINE('',#15835,#3653);
#2645=LINE('',#15837,#3654);
#2646=LINE('',#15838,#3655);
#2647=LINE('',#15841,#3656);
#2648=LINE('',#15843,#3657);
#2649=LINE('',#15844,#3658);
#2650=LINE('',#15847,#3659);
#2651=LINE('',#15849,#3660);
#2652=LINE('',#15850,#3661);
#2653=LINE('',#15853,#3662);
#2654=LINE('',#15855,#3663);
#2655=LINE('',#15856,#3664);
#2656=LINE('',#15858,#3665);
#2657=LINE('',#15859,#3666);
#2658=LINE('',#15865,#3667);
#2659=LINE('',#15867,#3668);
#2660=LINE('',#15869,#3669);
#2661=LINE('',#15870,#3670);
#2662=LINE('',#15873,#3671);
#2663=LINE('',#15875,#3672);
#2664=LINE('',#15876,#3673);
#2665=LINE('',#15879,#3674);
#2666=LINE('',#15881,#3675);
#2667=LINE('',#15882,#3676);
#2668=LINE('',#15885,#3677);
#2669=LINE('',#15887,#3678);
#2670=LINE('',#15888,#3679);
#2671=LINE('',#15891,#3680);
#2672=LINE('',#15893,#3681);
#2673=LINE('',#15894,#3682);
#2674=LINE('',#15897,#3683);
#2675=LINE('',#15899,#3684);
#2676=LINE('',#15900,#3685);
#2677=LINE('',#15903,#3686);
#2678=LINE('',#15905,#3687);
#2679=LINE('',#15906,#3688);
#2680=LINE('',#15909,#3689);
#2681=LINE('',#15911,#3690);
#2682=LINE('',#15912,#3691);
#2683=LINE('',#15915,#3692);
#2684=LINE('',#15917,#3693);
#2685=LINE('',#15918,#3694);
#2686=LINE('',#15920,#3695);
#2687=LINE('',#15921,#3696);
#2688=LINE('',#15927,#3697);
#2689=LINE('',#15929,#3698);
#2690=LINE('',#15931,#3699);
#2691=LINE('',#15932,#3700);
#2692=LINE('',#15935,#3701);
#2693=LINE('',#15937,#3702);
#2694=LINE('',#15938,#3703);
#2695=LINE('',#15941,#3704);
#2696=LINE('',#15943,#3705);
#2697=LINE('',#15944,#3706);
#2698=LINE('',#15946,#3707);
#2699=LINE('',#15947,#3708);
#2700=LINE('',#15968,#3709);
#2701=LINE('',#15975,#3710);
#2702=LINE('',#15998,#3711);
#2703=LINE('',#16021,#3712);
#2704=LINE('',#16044,#3713);
#2705=LINE('',#16067,#3714);
#2706=LINE('',#16090,#3715);
#2707=LINE('',#16113,#3716);
#2708=LINE('',#16136,#3717);
#2709=LINE('',#16139,#3718);
#2710=LINE('',#16141,#3719);
#2711=LINE('',#16142,#3720);
#2712=LINE('',#16165,#3721);
#2713=LINE('',#16188,#3722);
#2714=LINE('',#16211,#3723);
#2715=LINE('',#16234,#3724);
#2716=LINE('',#16257,#3725);
#2717=LINE('',#16280,#3726);
#2718=LINE('',#16303,#3727);
#2719=LINE('',#16326,#3728);
#2720=LINE('',#16328,#3729);
#2721=LINE('',#16329,#3730);
#2722=LINE('',#16335,#3731);
#2723=LINE('',#16337,#3732);
#2724=LINE('',#16339,#3733);
#2725=LINE('',#16340,#3734);
#2726=LINE('',#16343,#3735);
#2727=LINE('',#16345,#3736);
#2728=LINE('',#16346,#3737);
#2729=LINE('',#16369,#3738);
#2730=LINE('',#16392,#3739);
#2731=LINE('',#16415,#3740);
#2732=LINE('',#16438,#3741);
#2733=LINE('',#16461,#3742);
#2734=LINE('',#16484,#3743);
#2735=LINE('',#16507,#3744);
#2736=LINE('',#16530,#3745);
#2737=LINE('',#16553,#3746);
#2738=LINE('',#16576,#3747);
#2739=LINE('',#16579,#3748);
#2740=LINE('',#16581,#3749);
#2741=LINE('',#16582,#3750);
#2742=LINE('',#16605,#3751);
#2743=LINE('',#16628,#3752);
#2744=LINE('',#16651,#3753);
#2745=LINE('',#16674,#3754);
#2746=LINE('',#16697,#3755);
#2747=LINE('',#16720,#3756);
#2748=LINE('',#16743,#3757);
#2749=LINE('',#16766,#3758);
#2750=LINE('',#16769,#3759);
#2751=LINE('',#16771,#3760);
#2752=LINE('',#16772,#3761);
#2753=LINE('',#16775,#3762);
#2754=LINE('',#16777,#3763);
#2755=LINE('',#16778,#3764);
#2756=LINE('',#16780,#3765);
#2757=LINE('',#16781,#3766);
#2758=LINE('',#16787,#3767);
#2759=LINE('',#16789,#3768);
#2760=LINE('',#16791,#3769);
#2761=LINE('',#16792,#3770);
#2762=LINE('',#16795,#3771);
#2763=LINE('',#16797,#3772);
#2764=LINE('',#16798,#3773);
#2765=LINE('',#16801,#3774);
#2766=LINE('',#16803,#3775);
#2767=LINE('',#16804,#3776);
#2768=LINE('',#16807,#3777);
#2769=LINE('',#16809,#3778);
#2770=LINE('',#16810,#3779);
#2771=LINE('',#16813,#3780);
#2772=LINE('',#16815,#3781);
#2773=LINE('',#16816,#3782);
#2774=LINE('',#16819,#3783);
#2775=LINE('',#16821,#3784);
#2776=LINE('',#16822,#3785);
#2777=LINE('',#16825,#3786);
#2778=LINE('',#16827,#3787);
#2779=LINE('',#16828,#3788);
#2780=LINE('',#16830,#3789);
#2781=LINE('',#16831,#3790);
#2782=LINE('',#16837,#3791);
#2783=LINE('',#16839,#3792);
#2784=LINE('',#16841,#3793);
#2785=LINE('',#16842,#3794);
#2786=LINE('',#16865,#3795);
#2787=LINE('',#16888,#3796);
#2788=LINE('',#16911,#3797);
#2789=LINE('',#16934,#3798);
#2790=LINE('',#16957,#3799);
#2791=LINE('',#16980,#3800);
#2792=LINE('',#16983,#3801);
#2793=LINE('',#16985,#3802);
#2794=LINE('',#16986,#3803);
#2795=LINE('',#16988,#3804);
#2796=LINE('',#16989,#3805);
#2797=LINE('',#16993,#3806);
#2798=LINE('',#16995,#3807);
#2799=LINE('',#16997,#3808);
#2800=LINE('',#16998,#3809);
#2801=LINE('',#17021,#3810);
#2802=LINE('',#17044,#3811);
#2803=LINE('',#17067,#3812);
#2804=LINE('',#17090,#3813);
#2805=LINE('',#17113,#3814);
#2806=LINE('',#17136,#3815);
#2807=LINE('',#17159,#3816);
#2808=LINE('',#17162,#3817);
#2809=LINE('',#17164,#3818);
#2810=LINE('',#17165,#3819);
#2811=LINE('',#17168,#3820);
#2812=LINE('',#17170,#3821);
#2813=LINE('',#17171,#3822);
#2814=LINE('',#17174,#3823);
#2815=LINE('',#17176,#3824);
#2816=LINE('',#17177,#3825);
#2817=LINE('',#17179,#3826);
#2818=LINE('',#17180,#3827);
#2819=LINE('',#17188,#3828);
#2820=VECTOR('',#10368,10.);
#2821=VECTOR('',#10369,10.);
#2822=VECTOR('',#10370,10.);
#2823=VECTOR('',#10371,10.);
#2824=VECTOR('',#10372,10.);
#2825=VECTOR('',#10373,10.);
#2826=VECTOR('',#10374,10.);
#2827=VECTOR('',#10375,10.);
#2828=VECTOR('',#10376,10.);
#2829=VECTOR('',#10379,10.);
#2830=VECTOR('',#10382,10.);
#2831=VECTOR('',#10385,10.);
#2832=VECTOR('',#10388,10.);
#2833=VECTOR('',#10391,10.);
#2834=VECTOR('',#10394,10.);
#2835=VECTOR('',#10395,10.);
#2836=VECTOR('',#10398,10.);
#2837=VECTOR('',#10403,10.);
#2838=VECTOR('',#10406,10.);
#2839=VECTOR('',#10409,10.);
#2840=VECTOR('',#10414,3.30000000000001);
#2841=VECTOR('',#10419,2.10000000000001);
#2842=VECTOR('',#10426,3.3);
#2843=VECTOR('',#10431,2.10000000000001);
#2844=VECTOR('',#10436,10.);
#2845=VECTOR('',#10437,10.);
#2846=VECTOR('',#10438,10.);
#2847=VECTOR('',#10439,10.);
#2848=VECTOR('',#10440,10.);
#2849=VECTOR('',#10441,10.);
#2850=VECTOR('',#10444,10.);
#2851=VECTOR('',#10445,10.);
#2852=VECTOR('',#10446,10.);
#2853=VECTOR('',#10447,10.);
#2854=VECTOR('',#10450,10.);
#2855=VECTOR('',#10451,10.);
#2856=VECTOR('',#10452,10.);
#2857=VECTOR('',#10453,10.);
#2858=VECTOR('',#10456,10.);
#2859=VECTOR('',#10457,10.);
#2860=VECTOR('',#10460,10.);
#2861=VECTOR('',#10461,10.);
#2862=VECTOR('',#10464,10.);
#2863=VECTOR('',#10465,10.);
#2864=VECTOR('',#10468,10.);
#2865=VECTOR('',#10469,10.);
#2866=VECTOR('',#10470,10.);
#2867=VECTOR('',#10473,10.);
#2868=VECTOR('',#10476,10.);
#2869=VECTOR('',#10477,10.);
#2870=VECTOR('',#10478,10.);
#2871=VECTOR('',#10479,10.);
#2872=VECTOR('',#10480,10.);
#2873=VECTOR('',#10481,10.);
#2874=VECTOR('',#10484,10.);
#2875=VECTOR('',#10485,10.);
#2876=VECTOR('',#10486,10.);
#2877=VECTOR('',#10489,10.);
#2878=VECTOR('',#10490,10.);
#2879=VECTOR('',#10491,10.);
#2880=VECTOR('',#10492,10.);
#2881=VECTOR('',#10495,10.);
#2882=VECTOR('',#10496,10.);
#2883=VECTOR('',#10497,10.);
#2884=VECTOR('',#10498,10.);
#2885=VECTOR('',#10501,10.);
#2886=VECTOR('',#10502,10.);
#2887=VECTOR('',#10505,10.);
#2888=VECTOR('',#10506,10.);
#2889=VECTOR('',#10507,10.);
#2890=VECTOR('',#10508,10.);
#2891=VECTOR('',#10511,10.);
#2892=VECTOR('',#10512,10.);
#2893=VECTOR('',#10513,10.);
#2894=VECTOR('',#10516,10.);
#2895=VECTOR('',#10517,10.);
#2896=VECTOR('',#10518,10.);
#2897=VECTOR('',#10521,10.);
#2898=VECTOR('',#10522,10.);
#2899=VECTOR('',#10523,10.);
#2900=VECTOR('',#10526,10.);
#2901=VECTOR('',#10527,10.);
#2902=VECTOR('',#10528,10.);
#2903=VECTOR('',#10531,10.);
#2904=VECTOR('',#10532,10.);
#2905=VECTOR('',#10533,10.);
#2906=VECTOR('',#10536,10.);
#2907=VECTOR('',#10537,10.);
#2908=VECTOR('',#10538,10.);
#2909=VECTOR('',#10539,10.);
#2910=VECTOR('',#10542,10.);
#2911=VECTOR('',#10545,10.);
#2912=VECTOR('',#10546,10.);
#2913=VECTOR('',#10549,10.);
#2914=VECTOR('',#10550,10.);
#2915=VECTOR('',#10553,10.);
#2916=VECTOR('',#10556,10.);
#2917=VECTOR('',#10557,10.);
#2918=VECTOR('',#10558,10.);
#2919=VECTOR('',#10559,10.);
#2920=VECTOR('',#10562,10.);
#2921=VECTOR('',#10563,10.);
#2922=VECTOR('',#10564,10.);
#2923=VECTOR('',#10565,10.);
#2924=VECTOR('',#10566,10.);
#2925=VECTOR('',#10569,10.);
#2926=VECTOR('',#10570,10.);
#2927=VECTOR('',#10573,10.);
#2928=VECTOR('',#10574,10.);
#2929=VECTOR('',#10575,10.);
#2930=VECTOR('',#10576,10.);
#2931=VECTOR('',#10577,10.);
#2932=VECTOR('',#10580,10.);
#2933=VECTOR('',#10581,10.);
#2934=VECTOR('',#10582,10.);
#2935=VECTOR('',#10583,10.);
#2936=VECTOR('',#10586,10.);
#2937=VECTOR('',#10587,10.);
#2938=VECTOR('',#10588,10.);
#2939=VECTOR('',#10589,10.);
#2940=VECTOR('',#10590,10.);
#2941=VECTOR('',#10591,10.);
#2942=VECTOR('',#10594,10.);
#2943=VECTOR('',#10595,10.);
#2944=VECTOR('',#10596,10.);
#2945=VECTOR('',#10599,10.);
#2946=VECTOR('',#10600,10.);
#2947=VECTOR('',#10603,10.);
#2948=VECTOR('',#10604,10.);
#2949=VECTOR('',#10605,10.);
#2950=VECTOR('',#10606,10.);
#2951=VECTOR('',#10607,10.);
#2952=VECTOR('',#10610,10.);
#2953=VECTOR('',#10611,10.);
#2954=VECTOR('',#10612,10.);
#2955=VECTOR('',#10613,10.);
#2956=VECTOR('',#10616,10.);
#2957=VECTOR('',#10617,10.);
#2958=VECTOR('',#10618,10.);
#2959=VECTOR('',#10619,10.);
#2960=VECTOR('',#10620,10.);
#2961=VECTOR('',#10621,10.);
#2962=VECTOR('',#10624,10.);
#2963=VECTOR('',#10625,10.);
#2964=VECTOR('',#10626,10.);
#2965=VECTOR('',#10629,10.);
#2966=VECTOR('',#10630,10.);
#2967=VECTOR('',#10633,10.);
#2968=VECTOR('',#10634,10.);
#2969=VECTOR('',#10635,10.);
#2970=VECTOR('',#10636,10.);
#2971=VECTOR('',#10637,10.);
#2972=VECTOR('',#10640,10.);
#2973=VECTOR('',#10641,10.);
#2974=VECTOR('',#10642,10.);
#2975=VECTOR('',#10643,10.);
#2976=VECTOR('',#10646,10.);
#2977=VECTOR('',#10647,10.);
#2978=VECTOR('',#10648,10.);
#2979=VECTOR('',#10649,10.);
#2980=VECTOR('',#10650,10.);
#2981=VECTOR('',#10651,10.);
#2982=VECTOR('',#10654,10.);
#2983=VECTOR('',#10655,10.);
#2984=VECTOR('',#10656,10.);
#2985=VECTOR('',#10659,10.);
#2986=VECTOR('',#10660,10.);
#2987=VECTOR('',#10663,10.);
#2988=VECTOR('',#10664,10.);
#2989=VECTOR('',#10665,10.);
#2990=VECTOR('',#10666,10.);
#2991=VECTOR('',#10667,10.);
#2992=VECTOR('',#10670,10.);
#2993=VECTOR('',#10671,10.);
#2994=VECTOR('',#10672,10.);
#2995=VECTOR('',#10673,10.);
#2996=VECTOR('',#10676,10.);
#2997=VECTOR('',#10677,10.);
#2998=VECTOR('',#10678,10.);
#2999=VECTOR('',#10679,10.);
#3000=VECTOR('',#10680,10.);
#3001=VECTOR('',#10681,10.);
#3002=VECTOR('',#10684,10.);
#3003=VECTOR('',#10685,10.);
#3004=VECTOR('',#10686,10.);
#3005=VECTOR('',#10689,10.);
#3006=VECTOR('',#10690,10.);
#3007=VECTOR('',#10693,10.);
#3008=VECTOR('',#10694,10.);
#3009=VECTOR('',#10695,10.);
#3010=VECTOR('',#10696,10.);
#3011=VECTOR('',#10697,10.);
#3012=VECTOR('',#10700,10.);
#3013=VECTOR('',#10701,10.);
#3014=VECTOR('',#10702,10.);
#3015=VECTOR('',#10703,10.);
#3016=VECTOR('',#10706,10.);
#3017=VECTOR('',#10707,10.);
#3018=VECTOR('',#10708,10.);
#3019=VECTOR('',#10709,10.);
#3020=VECTOR('',#10710,10.);
#3021=VECTOR('',#10711,10.);
#3022=VECTOR('',#10714,10.);
#3023=VECTOR('',#10715,10.);
#3024=VECTOR('',#10716,10.);
#3025=VECTOR('',#10719,10.);
#3026=VECTOR('',#10720,10.);
#3027=VECTOR('',#10723,10.);
#3028=VECTOR('',#10724,10.);
#3029=VECTOR('',#10725,10.);
#3030=VECTOR('',#10726,10.);
#3031=VECTOR('',#10729,10.);
#3032=VECTOR('',#10730,10.);
#3033=VECTOR('',#10731,10.);
#3034=VECTOR('',#10734,10.);
#3035=VECTOR('',#10737,10.);
#3036=VECTOR('',#10738,10.);
#3037=VECTOR('',#10739,10.);
#3038=VECTOR('',#10742,10.);
#3039=VECTOR('',#10749,10.);
#3040=VECTOR('',#10750,10.);
#3041=VECTOR('',#10751,10.);
#3042=VECTOR('',#10756,10.);
#3043=VECTOR('',#10761,10.);
#3044=VECTOR('',#10762,10.);
#3045=VECTOR('',#10763,10.);
#3046=VECTOR('',#10766,10.);
#3047=VECTOR('',#10773,10.);
#3048=VECTOR('',#10778,10.);
#3049=VECTOR('',#10781,10.);
#3050=VECTOR('',#10782,10.);
#3051=VECTOR('',#10785,10.);
#3052=VECTOR('',#10792,10.);
#3053=VECTOR('',#10793,10.);
#3054=VECTOR('',#10794,10.);
#3055=VECTOR('',#10799,10.);
#3056=VECTOR('',#10804,10.);
#3057=VECTOR('',#10805,10.);
#3058=VECTOR('',#10806,10.);
#3059=VECTOR('',#10809,10.);
#3060=VECTOR('',#10816,10.);
#3061=VECTOR('',#10819,10.);
#3062=VECTOR('',#10822,10.);
#3063=VECTOR('',#10825,10.);
#3064=VECTOR('',#10826,10.);
#3065=VECTOR('',#10829,10.);
#3066=VECTOR('',#10836,10.);
#3067=VECTOR('',#10837,10.);
#3068=VECTOR('',#10838,10.);
#3069=VECTOR('',#10843,10.);
#3070=VECTOR('',#10848,10.);
#3071=VECTOR('',#10849,10.);
#3072=VECTOR('',#10850,10.);
#3073=VECTOR('',#10853,10.);
#3074=VECTOR('',#10860,10.);
#3075=VECTOR('',#10863,10.);
#3076=VECTOR('',#10866,10.);
#3077=VECTOR('',#10869,10.);
#3078=VECTOR('',#10870,10.);
#3079=VECTOR('',#10873,10.);
#3080=VECTOR('',#10880,10.);
#3081=VECTOR('',#10881,10.);
#3082=VECTOR('',#10882,10.);
#3083=VECTOR('',#10887,10.);
#3084=VECTOR('',#10892,10.);
#3085=VECTOR('',#10893,10.);
#3086=VECTOR('',#10894,10.);
#3087=VECTOR('',#10897,10.);
#3088=VECTOR('',#10904,10.);
#3089=VECTOR('',#10907,10.);
#3090=VECTOR('',#10910,10.);
#3091=VECTOR('',#10913,10.);
#3092=VECTOR('',#10914,10.);
#3093=VECTOR('',#10917,10.);
#3094=VECTOR('',#10924,10.);
#3095=VECTOR('',#10925,10.);
#3096=VECTOR('',#10926,10.);
#3097=VECTOR('',#10931,10.);
#3098=VECTOR('',#10936,10.);
#3099=VECTOR('',#10937,10.);
#3100=VECTOR('',#10938,10.);
#3101=VECTOR('',#10941,10.);
#3102=VECTOR('',#10948,10.);
#3103=VECTOR('',#10951,10.);
#3104=VECTOR('',#10954,10.);
#3105=VECTOR('',#10957,10.);
#3106=VECTOR('',#10958,10.);
#3107=VECTOR('',#10961,10.);
#3108=VECTOR('',#10968,10.);
#3109=VECTOR('',#10969,10.);
#3110=VECTOR('',#10970,10.);
#3111=VECTOR('',#10975,10.);
#3112=VECTOR('',#10980,10.);
#3113=VECTOR('',#10981,10.);
#3114=VECTOR('',#10982,10.);
#3115=VECTOR('',#10985,10.);
#3116=VECTOR('',#10992,10.);
#3117=VECTOR('',#10995,10.);
#3118=VECTOR('',#10998,10.);
#3119=VECTOR('',#11005,10.);
#3120=VECTOR('',#11010,10.);
#3121=VECTOR('',#11013,10.);
#3122=VECTOR('',#11018,10.);
#3123=VECTOR('',#11021,10.);
#3124=VECTOR('',#11026,10.);
#3125=VECTOR('',#11029,10.);
#3126=VECTOR('',#11034,10.);
#3127=VECTOR('',#11037,10.);
#3128=VECTOR('',#11042,10.);
#3129=VECTOR('',#11045,10.);
#3130=VECTOR('',#11050,10.);
#3131=VECTOR('',#11053,10.);
#3132=VECTOR('',#11058,10.);
#3133=VECTOR('',#11061,10.);
#3134=VECTOR('',#11066,10.);
#3135=VECTOR('',#11069,10.);
#3136=VECTOR('',#11074,10.);
#3137=VECTOR('',#11077,10.);
#3138=VECTOR('',#11082,10.);
#3139=VECTOR('',#11085,10.);
#3140=VECTOR('',#11088,10.);
#3141=VECTOR('',#11091,10.);
#3142=VECTOR('',#11092,10.);
#3143=VECTOR('',#11093,10.);
#3144=VECTOR('',#11096,10.);
#3145=VECTOR('',#11099,10.);
#3146=VECTOR('',#11102,10.);
#3147=VECTOR('',#11105,10.);
#3148=VECTOR('',#11108,10.);
#3149=VECTOR('',#11111,10.);
#3150=VECTOR('',#11114,10.);
#3151=VECTOR('',#11117,10.);
#3152=VECTOR('',#11120,10.);
#3153=VECTOR('',#11123,10.);
#3154=VECTOR('',#11126,10.);
#3155=VECTOR('',#11129,10.);
#3156=VECTOR('',#11132,10.);
#3157=VECTOR('',#11135,10.);
#3158=VECTOR('',#11138,10.);
#3159=VECTOR('',#11141,10.);
#3160=VECTOR('',#11144,10.);
#3161=VECTOR('',#11147,10.);
#3162=VECTOR('',#11148,10.);
#3163=VECTOR('',#11151,4.50000000000003);
#3164=VECTOR('',#11152,10.);
#3165=VECTOR('',#11155,4.50000000000003);
#3166=VECTOR('',#11158,10.);
#3167=VECTOR('',#11159,10.);
#3168=VECTOR('',#11164,10.);
#3169=VECTOR('',#11167,10.);
#3170=VECTOR('',#11168,10.);
#3171=VECTOR('',#11171,10.);
#3172=VECTOR('',#11172,10.);
#3173=VECTOR('',#11175,10.);
#3174=VECTOR('',#11176,10.);
#3175=VECTOR('',#11177,10.);
#3176=VECTOR('',#11180,10.);
#3177=VECTOR('',#11181,10.);
#3178=VECTOR('',#11182,10.);
#3179=VECTOR('',#11185,10.);
#3180=VECTOR('',#11188,10.);
#3181=VECTOR('',#11193,10.);
#3182=VECTOR('',#11194,10.);
#3183=VECTOR('',#11197,10.);
#3184=VECTOR('',#11202,10.);
#3185=VECTOR('',#11203,10.);
#3186=VECTOR('',#11206,10.);
#3187=VECTOR('',#11211,10.);
#3188=VECTOR('',#11214,10.);
#3189=VECTOR('',#11219,10.);
#3190=VECTOR('',#11220,10.);
#3191=VECTOR('',#11223,10.);
#3192=VECTOR('',#11228,10.);
#3193=VECTOR('',#11229,10.);
#3194=VECTOR('',#11232,10.);
#3195=VECTOR('',#11237,10.);
#3196=VECTOR('',#11240,10.);
#3197=VECTOR('',#11245,10.);
#3198=VECTOR('',#11246,10.);
#3199=VECTOR('',#11249,10.);
#3200=VECTOR('',#11254,10.);
#3201=VECTOR('',#11255,10.);
#3202=VECTOR('',#11258,10.);
#3203=VECTOR('',#11263,10.);
#3204=VECTOR('',#11266,10.);
#3205=VECTOR('',#11271,10.);
#3206=VECTOR('',#11272,10.);
#3207=VECTOR('',#11275,10.);
#3208=VECTOR('',#11280,10.);
#3209=VECTOR('',#11281,10.);
#3210=VECTOR('',#11284,10.);
#3211=VECTOR('',#11289,10.);
#3212=VECTOR('',#11292,10.);
#3213=VECTOR('',#11297,10.);
#3214=VECTOR('',#11298,10.);
#3215=VECTOR('',#11301,10.);
#3216=VECTOR('',#11306,10.);
#3217=VECTOR('',#11307,10.);
#3218=VECTOR('',#11310,10.);
#3219=VECTOR('',#11315,10.);
#3220=VECTOR('',#11318,10.);
#3221=VECTOR('',#11323,10.);
#3222=VECTOR('',#11324,10.);
#3223=VECTOR('',#11327,10.);
#3224=VECTOR('',#11332,10.);
#3225=VECTOR('',#11333,10.);
#3226=VECTOR('',#11336,10.);
#3227=VECTOR('',#11341,10.);
#3228=VECTOR('',#11344,10.);
#3229=VECTOR('',#11345,10.);
#3230=VECTOR('',#11348,10.);
#3231=VECTOR('',#11353,10.);
#3232=VECTOR('',#11354,10.);
#3233=VECTOR('',#11355,10.);
#3234=VECTOR('',#11360,10.);
#3235=VECTOR('',#11363,10.);
#3236=VECTOR('',#11366,10.);
#3237=VECTOR('',#11369,10.);
#3238=VECTOR('',#11372,10.);
#3239=VECTOR('',#11377,10.);
#3240=VECTOR('',#11380,10.);
#3241=VECTOR('',#11383,10.);
#3242=VECTOR('',#11386,10.);
#3243=VECTOR('',#11391,10.);
#3244=VECTOR('',#11394,10.);
#3245=VECTOR('',#11397,10.);
#3246=VECTOR('',#11400,10.);
#3247=VECTOR('',#11403,10.);
#3248=VECTOR('',#11410,10.);
#3249=VECTOR('',#11413,10.);
#3250=VECTOR('',#11416,10.);
#3251=VECTOR('',#11419,10.);
#3252=VECTOR('',#11422,10.);
#3253=VECTOR('',#11425,10.);
#3254=VECTOR('',#11428,10.);
#3255=VECTOR('',#11433,10.);
#3256=VECTOR('',#11438,10.);
#3257=VECTOR('',#11441,10.);
#3258=VECTOR('',#11446,10.);
#3259=VECTOR('',#11449,10.);
#3260=VECTOR('',#11464,3.5);
#3261=VECTOR('',#11475,3.5);
#3262=VECTOR('',#11486,3.5);
#3263=VECTOR('',#11497,3.5);
#3264=VECTOR('',#11508,3.5);
#3265=VECTOR('',#11519,3.5);
#3266=VECTOR('',#11526,10.);
#3267=VECTOR('',#11527,10.);
#3268=VECTOR('',#11528,10.);
#3269=VECTOR('',#11529,10.);
#3270=VECTOR('',#11530,10.);
#3271=VECTOR('',#11531,10.);
#3272=VECTOR('',#11532,10.);
#3273=VECTOR('',#11533,10.);
#3274=VECTOR('',#11534,10.);
#3275=VECTOR('',#11535,10.);
#3276=VECTOR('',#11536,10.);
#3277=VECTOR('',#11537,10.);
#3278=VECTOR('',#11538,10.);
#3279=VECTOR('',#11539,10.);
#3280=VECTOR('',#11540,10.);
#3281=VECTOR('',#11541,10.);
#3282=VECTOR('',#11542,10.);
#3283=VECTOR('',#11543,10.);
#3284=VECTOR('',#11544,10.);
#3285=VECTOR('',#11545,10.);
#3286=VECTOR('',#11546,10.);
#3287=VECTOR('',#11547,10.);
#3288=VECTOR('',#11548,10.);
#3289=VECTOR('',#11549,10.);
#3290=VECTOR('',#11550,10.);
#3291=VECTOR('',#11551,10.);
#3292=VECTOR('',#11552,10.);
#3293=VECTOR('',#11553,10.);
#3294=VECTOR('',#11556,10.);
#3295=VECTOR('',#11557,10.);
#3296=VECTOR('',#11558,10.);
#3297=VECTOR('',#11561,10.);
#3298=VECTOR('',#11562,10.);
#3299=VECTOR('',#11563,10.);
#3300=VECTOR('',#11566,10.);
#3301=VECTOR('',#11567,10.);
#3302=VECTOR('',#11568,10.);
#3303=VECTOR('',#11571,10.);
#3304=VECTOR('',#11572,10.);
#3305=VECTOR('',#11573,10.);
#3306=VECTOR('',#11576,10.);
#3307=VECTOR('',#11577,10.);
#3308=VECTOR('',#11578,10.);
#3309=VECTOR('',#11581,10.);
#3310=VECTOR('',#11582,10.);
#3311=VECTOR('',#11583,10.);
#3312=VECTOR('',#11586,10.);
#3313=VECTOR('',#11587,10.);
#3314=VECTOR('',#11588,10.);
#3315=VECTOR('',#11591,10.);
#3316=VECTOR('',#11592,10.);
#3317=VECTOR('',#11593,10.);
#3318=VECTOR('',#11596,10.);
#3319=VECTOR('',#11597,10.);
#3320=VECTOR('',#11598,10.);
#3321=VECTOR('',#11601,10.);
#3322=VECTOR('',#11602,10.);
#3323=VECTOR('',#11603,10.);
#3324=VECTOR('',#11606,10.);
#3325=VECTOR('',#11607,10.);
#3326=VECTOR('',#11608,10.);
#3327=VECTOR('',#11611,10.);
#3328=VECTOR('',#11612,10.);
#3329=VECTOR('',#11617,10.);
#3330=VECTOR('',#11618,10.);
#3331=VECTOR('',#11623,10.);
#3332=VECTOR('',#11624,10.);
#3333=VECTOR('',#11629,10.);
#3334=VECTOR('',#11630,10.);
#3335=VECTOR('',#11635,10.);
#3336=VECTOR('',#11636,10.);
#3337=VECTOR('',#11641,10.);
#3338=VECTOR('',#11642,10.);
#3339=VECTOR('',#11643,10.);
#3340=VECTOR('',#11650,3.5);
#3341=VECTOR('',#11655,3.5);
#3342=VECTOR('',#11660,3.5);
#3343=VECTOR('',#11665,3.5);
#3344=VECTOR('',#11670,3.5);
#3345=VECTOR('',#11673,10.);
#3346=VECTOR('',#11674,10.);
#3347=VECTOR('',#11675,10.);
#3348=VECTOR('',#11676,10.);
#3349=VECTOR('',#11679,10.);
#3350=VECTOR('',#11680,10.);
#3351=VECTOR('',#11681,10.);
#3352=VECTOR('',#11684,10.);
#3353=VECTOR('',#11685,10.);
#3354=VECTOR('',#11686,10.);
#3355=VECTOR('',#11689,10.);
#3356=VECTOR('',#11690,10.);
#3357=VECTOR('',#11693,10.);
#3358=VECTOR('',#11694,10.);
#3359=VECTOR('',#11695,10.);
#3360=VECTOR('',#11698,10.);
#3361=VECTOR('',#11699,10.);
#3362=VECTOR('',#11706,3.5);
#3363=VECTOR('',#11709,10.);
#3364=VECTOR('',#11710,10.);
#3365=VECTOR('',#11711,10.);
#3366=VECTOR('',#11712,10.);
#3367=VECTOR('',#11713,10.);
#3368=VECTOR('',#11714,10.);
#3369=VECTOR('',#11717,10.);
#3370=VECTOR('',#11724,10.);
#3371=VECTOR('',#11725,10.);
#3372=VECTOR('',#11730,10.);
#3373=VECTOR('',#11731,10.);
#3374=VECTOR('',#11734,10.);
#3375=VECTOR('',#11737,10.);
#3376=VECTOR('',#11770,12.7);
#3377=VECTOR('',#11779,13.6);
#3378=VECTOR('',#11784,13.9);
#3379=VECTOR('',#11791,13.6);
#3380=VECTOR('',#11802,5.52500000000002);
#3381=VECTOR('',#11811,6.02500000000002);
#3382=VECTOR('',#11814,4.02500000000002);
#3383=VECTOR('',#11823,10.);
#3384=VECTOR('',#11824,10.);
#3385=VECTOR('',#11825,10.);
#3386=VECTOR('',#11826,10.);
#3387=VECTOR('',#11831,10.);
#3388=VECTOR('',#11836,10.);
#3389=VECTOR('',#11837,10.);
#3390=VECTOR('',#11838,10.);
#3391=VECTOR('',#11843,10.);
#3392=VECTOR('',#11848,10.);
#3393=VECTOR('',#11849,10.);
#3394=VECTOR('',#11850,10.);
#3395=VECTOR('',#11855,10.);
#3396=VECTOR('',#11860,10.);
#3397=VECTOR('',#11861,10.);
#3398=VECTOR('',#11862,10.);
#3399=VECTOR('',#11867,10.);
#3400=VECTOR('',#11872,10.);
#3401=VECTOR('',#11873,10.);
#3402=VECTOR('',#11874,10.);
#3403=VECTOR('',#11877,10.);
#3404=VECTOR('',#11880,10.);
#3405=VECTOR('',#11883,10.);
#3406=VECTOR('',#11884,10.);
#3407=VECTOR('',#11887,10.);
#3408=VECTOR('',#11892,10.);
#3409=VECTOR('',#11893,10.);
#3410=VECTOR('',#11896,10.);
#3411=VECTOR('',#11901,10.);
#3412=VECTOR('',#11902,10.);
#3413=VECTOR('',#11905,10.);
#3414=VECTOR('',#11910,10.);
#3415=VECTOR('',#11911,10.);
#3416=VECTOR('',#11912,10.);
#3417=VECTOR('',#11913,10.);
#3418=VECTOR('',#11914,10.);
#3419=VECTOR('',#11915,10.);
#3420=VECTOR('',#11916,10.);
#3421=VECTOR('',#11917,10.);
#3422=VECTOR('',#11920,10.);
#3423=VECTOR('',#11923,10.);
#3424=VECTOR('',#11924,10.);
#3425=VECTOR('',#11927,10.);
#3426=VECTOR('',#11928,10.);
#3427=VECTOR('',#11929,10.);
#3428=VECTOR('',#11930,10.);
#3429=VECTOR('',#11931,10.);
#3430=VECTOR('',#11932,10.);
#3431=VECTOR('',#11933,10.);
#3432=VECTOR('',#11934,10.);
#3433=VECTOR('',#11935,10.);
#3434=VECTOR('',#11936,10.);
#3435=VECTOR('',#11937,10.);
#3436=VECTOR('',#11938,10.);
#3437=VECTOR('',#11939,10.);
#3438=VECTOR('',#11940,10.);
#3439=VECTOR('',#11941,10.);
#3440=VECTOR('',#11942,10.);
#3441=VECTOR('',#11943,10.);
#3442=VECTOR('',#11944,10.);
#3443=VECTOR('',#11945,10.);
#3444=VECTOR('',#11946,10.);
#3445=VECTOR('',#11947,10.);
#3446=VECTOR('',#11948,10.);
#3447=VECTOR('',#11949,10.);
#3448=VECTOR('',#11950,10.);
#3449=VECTOR('',#11951,10.);
#3450=VECTOR('',#11952,10.);
#3451=VECTOR('',#11953,10.);
#3452=VECTOR('',#11954,10.);
#3453=VECTOR('',#11955,10.);
#3454=VECTOR('',#11956,10.);
#3455=VECTOR('',#11957,10.);
#3456=VECTOR('',#11958,10.);
#3457=VECTOR('',#11959,10.);
#3458=VECTOR('',#11960,10.);
#3459=VECTOR('',#11961,10.);
#3460=VECTOR('',#11962,10.);
#3461=VECTOR('',#11963,10.);
#3462=VECTOR('',#11964,10.);
#3463=VECTOR('',#11965,10.);
#3464=VECTOR('',#11966,10.);
#3465=VECTOR('',#11967,10.);
#3466=VECTOR('',#11968,10.);
#3467=VECTOR('',#11969,10.);
#3468=VECTOR('',#11970,10.);
#3469=VECTOR('',#11971,10.);
#3470=VECTOR('',#11972,10.);
#3471=VECTOR('',#11973,10.);
#3472=VECTOR('',#11974,10.);
#3473=VECTOR('',#11977,10.);
#3474=VECTOR('',#11980,10.);
#3475=VECTOR('',#11983,10.);
#3476=VECTOR('',#11986,10.);
#3477=VECTOR('',#11991,10.);
#3478=VECTOR('',#11994,10.);
#3479=VECTOR('',#11997,10.);
#3480=VECTOR('',#12000,10.);
#3481=VECTOR('',#12005,10.);
#3482=VECTOR('',#12006,10.);
#3483=VECTOR('',#12007,10.);
#3484=VECTOR('',#12008,10.);
#3485=VECTOR('',#12009,10.);
#3486=VECTOR('',#12010,10.);
#3487=VECTOR('',#12011,10.);
#3488=VECTOR('',#12012,10.);
#3489=VECTOR('',#12013,10.);
#3490=VECTOR('',#12014,10.);
#3491=VECTOR('',#12017,10.);
#3492=VECTOR('',#12018,10.);
#3493=VECTOR('',#12019,10.);
#3494=VECTOR('',#12022,10.);
#3495=VECTOR('',#12023,10.);
#3496=VECTOR('',#12026,10.);
#3497=VECTOR('',#12027,10.);
#3498=VECTOR('',#12028,10.);
#3499=VECTOR('',#12029,10.);
#3500=VECTOR('',#12030,10.);
#3501=VECTOR('',#12031,10.);
#3502=VECTOR('',#12032,10.);
#3503=VECTOR('',#12033,10.);
#3504=VECTOR('',#12034,10.);
#3505=VECTOR('',#12035,10.);
#3506=VECTOR('',#12038,10.);
#3507=VECTOR('',#12039,10.);
#3508=VECTOR('',#12042,10.);
#3509=VECTOR('',#12043,10.);
#3510=VECTOR('',#12046,10.);
#3511=VECTOR('',#12047,10.);
#3512=VECTOR('',#12050,10.);
#3513=VECTOR('',#12055,10.);
#3514=VECTOR('',#12056,10.);
#3515=VECTOR('',#12057,10.);
#3516=VECTOR('',#12060,10.);
#3517=VECTOR('',#12061,10.);
#3518=VECTOR('',#12064,10.);
#3519=VECTOR('',#12065,10.);
#3520=VECTOR('',#12068,10.);
#3521=VECTOR('',#12069,10.);
#3522=VECTOR('',#12072,10.);
#3523=VECTOR('',#12073,10.);
#3524=VECTOR('',#12076,10.);
#3525=VECTOR('',#12077,10.);
#3526=VECTOR('',#12080,10.);
#3527=VECTOR('',#12081,10.);
#3528=VECTOR('',#12084,10.);
#3529=VECTOR('',#12089,10.);
#3530=VECTOR('',#12090,10.);
#3531=VECTOR('',#12091,10.);
#3532=VECTOR('',#12094,10.);
#3533=VECTOR('',#12095,10.);
#3534=VECTOR('',#12096,10.);
#3535=VECTOR('',#12097,10.);
#3536=VECTOR('',#12098,10.);
#3537=VECTOR('',#12099,10.);
#3538=VECTOR('',#12100,10.);
#3539=VECTOR('',#12101,10.);
#3540=VECTOR('',#12102,10.);
#3541=VECTOR('',#12103,10.);
#3542=VECTOR('',#12104,10.);
#3543=VECTOR('',#12105,10.);
#3544=VECTOR('',#12108,10.);
#3545=VECTOR('',#12109,10.);
#3546=VECTOR('',#12110,10.);
#3547=VECTOR('',#12111,10.);
#3548=VECTOR('',#12112,10.);
#3549=VECTOR('',#12113,10.);
#3550=VECTOR('',#12114,10.);
#3551=VECTOR('',#12115,10.);
#3552=VECTOR('',#12116,10.);
#3553=VECTOR('',#12117,10.);
#3554=VECTOR('',#12120,10.);
#3555=VECTOR('',#12121,10.);
#3556=VECTOR('',#12124,10.);
#3557=VECTOR('',#12125,10.);
#3558=VECTOR('',#12128,10.);
#3559=VECTOR('',#12131,10.);
#3560=VECTOR('',#12132,10.);
#3561=VECTOR('',#12133,10.);
#3562=VECTOR('',#12134,10.);
#3563=VECTOR('',#12135,10.);
#3564=VECTOR('',#12136,10.);
#3565=VECTOR('',#12137,10.);
#3566=VECTOR('',#12138,10.);
#3567=VECTOR('',#12139,10.);
#3568=VECTOR('',#12142,10.);
#3569=VECTOR('',#12143,10.);
#3570=VECTOR('',#12144,10.);
#3571=VECTOR('',#12145,10.);
#3572=VECTOR('',#12146,10.);
#3573=VECTOR('',#12147,10.);
#3574=VECTOR('',#12148,10.);
#3575=VECTOR('',#12149,10.);
#3576=VECTOR('',#12150,10.);
#3577=VECTOR('',#12151,10.);
#3578=VECTOR('',#12154,10.);
#3579=VECTOR('',#12159,10.);
#3580=VECTOR('',#12160,10.);
#3581=VECTOR('',#12161,10.);
#3582=VECTOR('',#12164,10.);
#3583=VECTOR('',#12165,10.);
#3584=VECTOR('',#12168,10.);
#3585=VECTOR('',#12169,10.);
#3586=VECTOR('',#12172,10.);
#3587=VECTOR('',#12177,10.);
#3588=VECTOR('',#12178,10.);
#3589=VECTOR('',#12179,10.);
#3590=VECTOR('',#12182,10.);
#3591=VECTOR('',#12183,10.);
#3592=VECTOR('',#12186,10.);
#3593=VECTOR('',#12187,10.);
#3594=VECTOR('',#12190,10.);
#3595=VECTOR('',#12191,10.);
#3596=VECTOR('',#12194,10.);
#3597=VECTOR('',#12195,10.);
#3598=VECTOR('',#12198,10.);
#3599=VECTOR('',#12199,10.);
#3600=VECTOR('',#12202,10.);
#3601=VECTOR('',#12203,10.);
#3602=VECTOR('',#12206,10.);
#3603=VECTOR('',#12207,10.);
#3604=VECTOR('',#12210,10.);
#3605=VECTOR('',#12211,10.);
#3606=VECTOR('',#12214,10.);
#3607=VECTOR('',#12219,10.);
#3608=VECTOR('',#12220,10.);
#3609=VECTOR('',#12221,10.);
#3610=VECTOR('',#12224,10.);
#3611=VECTOR('',#12225,10.);
#3612=VECTOR('',#12228,10.);
#3613=VECTOR('',#12229,10.);
#3614=VECTOR('',#12232,10.);
#3615=VECTOR('',#12233,10.);
#3616=VECTOR('',#12236,10.);
#3617=VECTOR('',#12237,10.);
#3618=VECTOR('',#12240,10.);
#3619=VECTOR('',#12241,10.);
#3620=VECTOR('',#12244,10.);
#3621=VECTOR('',#12245,10.);
#3622=VECTOR('',#12248,10.);
#3623=VECTOR('',#12249,10.);
#3624=VECTOR('',#12252,10.);
#3625=VECTOR('',#12253,10.);
#3626=VECTOR('',#12256,10.);
#3627=VECTOR('',#12257,10.);
#3628=VECTOR('',#12260,10.);
#3629=VECTOR('',#12261,10.);
#3630=VECTOR('',#12264,10.);
#3631=VECTOR('',#12273,10.);
#3632=VECTOR('',#12274,10.);
#3633=VECTOR('',#12275,10.);
#3634=VECTOR('',#12276,10.);
#3635=VECTOR('',#12279,10.);
#3636=VECTOR('',#12280,10.);
#3637=VECTOR('',#12281,10.);
#3638=VECTOR('',#12284,10.);
#3639=VECTOR('',#12285,10.);
#3640=VECTOR('',#12286,10.);
#3641=VECTOR('',#12289,10.);
#3642=VECTOR('',#12290,10.);
#3643=VECTOR('',#12291,10.);
#3644=VECTOR('',#12294,10.);
#3645=VECTOR('',#12295,10.);
#3646=VECTOR('',#12296,10.);
#3647=VECTOR('',#12299,10.);
#3648=VECTOR('',#12300,10.);
#3649=VECTOR('',#12301,10.);
#3650=VECTOR('',#12304,10.);
#3651=VECTOR('',#12305,10.);
#3652=VECTOR('',#12306,10.);
#3653=VECTOR('',#12309,10.);
#3654=VECTOR('',#12310,10.);
#3655=VECTOR('',#12311,10.);
#3656=VECTOR('',#12314,10.);
#3657=VECTOR('',#12315,10.);
#3658=VECTOR('',#12316,10.);
#3659=VECTOR('',#12319,10.);
#3660=VECTOR('',#12320,10.);
#3661=VECTOR('',#12321,10.);
#3662=VECTOR('',#12324,10.);
#3663=VECTOR('',#12325,10.);
#3664=VECTOR('',#12326,10.);
#3665=VECTOR('',#12329,10.);
#3666=VECTOR('',#12330,10.);
#3667=VECTOR('',#12337,10.);
#3668=VECTOR('',#12338,10.);
#3669=VECTOR('',#12339,10.);
#3670=VECTOR('',#12340,10.);
#3671=VECTOR('',#12343,10.);
#3672=VECTOR('',#12344,10.);
#3673=VECTOR('',#12345,10.);
#3674=VECTOR('',#12348,10.);
#3675=VECTOR('',#12349,10.);
#3676=VECTOR('',#12350,10.);
#3677=VECTOR('',#12353,10.);
#3678=VECTOR('',#12354,10.);
#3679=VECTOR('',#12355,10.);
#3680=VECTOR('',#12358,10.);
#3681=VECTOR('',#12359,10.);
#3682=VECTOR('',#12360,10.);
#3683=VECTOR('',#12363,10.);
#3684=VECTOR('',#12364,10.);
#3685=VECTOR('',#12365,10.);
#3686=VECTOR('',#12368,10.);
#3687=VECTOR('',#12369,10.);
#3688=VECTOR('',#12370,10.);
#3689=VECTOR('',#12373,10.);
#3690=VECTOR('',#12374,10.);
#3691=VECTOR('',#12375,10.);
#3692=VECTOR('',#12378,10.);
#3693=VECTOR('',#12379,10.);
#3694=VECTOR('',#12380,10.);
#3695=VECTOR('',#12383,10.);
#3696=VECTOR('',#12384,10.);
#3697=VECTOR('',#12391,10.);
#3698=VECTOR('',#12392,10.);
#3699=VECTOR('',#12393,10.);
#3700=VECTOR('',#12394,10.);
#3701=VECTOR('',#12397,10.);
#3702=VECTOR('',#12398,10.);
#3703=VECTOR('',#12399,10.);
#3704=VECTOR('',#12402,10.);
#3705=VECTOR('',#12403,10.);
#3706=VECTOR('',#12404,10.);
#3707=VECTOR('',#12407,10.);
#3708=VECTOR('',#12408,10.);
#3709=VECTOR('',#12413,10.);
#3710=VECTOR('',#12414,10.);
#3711=VECTOR('',#12415,10.);
#3712=VECTOR('',#12416,10.);
#3713=VECTOR('',#12417,10.);
#3714=VECTOR('',#12418,10.);
#3715=VECTOR('',#12419,10.);
#3716=VECTOR('',#12420,10.);
#3717=VECTOR('',#12421,10.);
#3718=VECTOR('',#12424,10.);
#3719=VECTOR('',#12425,10.);
#3720=VECTOR('',#12426,10.);
#3721=VECTOR('',#12427,10.);
#3722=VECTOR('',#12428,10.);
#3723=VECTOR('',#12429,10.);
#3724=VECTOR('',#12430,10.);
#3725=VECTOR('',#12431,10.);
#3726=VECTOR('',#12432,10.);
#3727=VECTOR('',#12433,10.);
#3728=VECTOR('',#12434,10.);
#3729=VECTOR('',#12437,10.);
#3730=VECTOR('',#12438,10.);
#3731=VECTOR('',#12445,10.);
#3732=VECTOR('',#12446,10.);
#3733=VECTOR('',#12447,10.);
#3734=VECTOR('',#12448,10.);
#3735=VECTOR('',#12451,10.);
#3736=VECTOR('',#12452,10.);
#3737=VECTOR('',#12453,10.);
#3738=VECTOR('',#12454,10.);
#3739=VECTOR('',#12455,10.);
#3740=VECTOR('',#12456,10.);
#3741=VECTOR('',#12457,10.);
#3742=VECTOR('',#12458,10.);
#3743=VECTOR('',#12459,10.);
#3744=VECTOR('',#12460,10.);
#3745=VECTOR('',#12461,10.);
#3746=VECTOR('',#12462,10.);
#3747=VECTOR('',#12463,10.);
#3748=VECTOR('',#12466,10.);
#3749=VECTOR('',#12467,10.);
#3750=VECTOR('',#12468,10.);
#3751=VECTOR('',#12469,10.);
#3752=VECTOR('',#12470,10.);
#3753=VECTOR('',#12471,10.);
#3754=VECTOR('',#12472,10.);
#3755=VECTOR('',#12473,10.);
#3756=VECTOR('',#12474,10.);
#3757=VECTOR('',#12475,10.);
#3758=VECTOR('',#12476,10.);
#3759=VECTOR('',#12479,10.);
#3760=VECTOR('',#12480,10.);
#3761=VECTOR('',#12481,10.);
#3762=VECTOR('',#12484,10.);
#3763=VECTOR('',#12485,10.);
#3764=VECTOR('',#12486,10.);
#3765=VECTOR('',#12489,10.);
#3766=VECTOR('',#12490,10.);
#3767=VECTOR('',#12497,10.);
#3768=VECTOR('',#12498,10.);
#3769=VECTOR('',#12499,10.);
#3770=VECTOR('',#12500,10.);
#3771=VECTOR('',#12503,10.);
#3772=VECTOR('',#12504,10.);
#3773=VECTOR('',#12505,10.);
#3774=VECTOR('',#12508,10.);
#3775=VECTOR('',#12509,10.);
#3776=VECTOR('',#12510,10.);
#3777=VECTOR('',#12513,10.);
#3778=VECTOR('',#12514,10.);
#3779=VECTOR('',#12515,10.);
#3780=VECTOR('',#12518,10.);
#3781=VECTOR('',#12519,10.);
#3782=VECTOR('',#12520,10.);
#3783=VECTOR('',#12523,10.);
#3784=VECTOR('',#12524,10.);
#3785=VECTOR('',#12525,10.);
#3786=VECTOR('',#12528,10.);
#3787=VECTOR('',#12529,10.);
#3788=VECTOR('',#12530,10.);
#3789=VECTOR('',#12533,10.);
#3790=VECTOR('',#12534,10.);
#3791=VECTOR('',#12541,10.);
#3792=VECTOR('',#12542,10.);
#3793=VECTOR('',#12543,10.);
#3794=VECTOR('',#12544,10.);
#3795=VECTOR('',#12545,10.);
#3796=VECTOR('',#12546,10.);
#3797=VECTOR('',#12547,10.);
#3798=VECTOR('',#12548,10.);
#3799=VECTOR('',#12549,10.);
#3800=VECTOR('',#12550,10.);
#3801=VECTOR('',#12553,10.);
#3802=VECTOR('',#12554,10.);
#3803=VECTOR('',#12555,10.);
#3804=VECTOR('',#12558,10.);
#3805=VECTOR('',#12559,10.);
#3806=VECTOR('',#12562,10.);
#3807=VECTOR('',#12563,10.);
#3808=VECTOR('',#12564,10.);
#3809=VECTOR('',#12565,10.);
#3810=VECTOR('',#12566,10.);
#3811=VECTOR('',#12567,10.);
#3812=VECTOR('',#12568,10.);
#3813=VECTOR('',#12569,10.);
#3814=VECTOR('',#12570,10.);
#3815=VECTOR('',#12571,10.);
#3816=VECTOR('',#12572,10.);
#3817=VECTOR('',#12575,10.);
#3818=VECTOR('',#12576,10.);
#3819=VECTOR('',#12577,10.);
#3820=VECTOR('',#12580,10.);
#3821=VECTOR('',#12581,10.);
#3822=VECTOR('',#12582,10.);
#3823=VECTOR('',#12585,10.);
#3824=VECTOR('',#12586,10.);
#3825=VECTOR('',#12587,10.);
#3826=VECTOR('',#12590,10.);
#3827=VECTOR('',#12591,10.);
#3828=VECTOR('',#12602,4.40000000000003);
#3829=VERTEX_POINT('',#12624);
#3830=VERTEX_POINT('',#12625);
#3831=VERTEX_POINT('',#12627);
#3832=VERTEX_POINT('',#12629);
#3833=VERTEX_POINT('',#12631);
#3834=VERTEX_POINT('',#12633);
#3835=VERTEX_POINT('',#12635);
#3836=VERTEX_POINT('',#12637);
#3837=VERTEX_POINT('',#12639);
#3838=VERTEX_POINT('',#12643);
#3839=VERTEX_POINT('',#12645);
#3840=VERTEX_POINT('',#12647);
#3841=VERTEX_POINT('',#12649);
#3842=VERTEX_POINT('',#12653);
#3843=VERTEX_POINT('',#12655);
#3844=VERTEX_POINT('',#12659);
#3845=VERTEX_POINT('',#12663);
#3846=VERTEX_POINT('',#12673);
#3847=VERTEX_POINT('',#12675);
#3848=VERTEX_POINT('',#12679);
#3849=VERTEX_POINT('',#12683);
#3850=VERTEX_POINT('',#12685);
#3851=VERTEX_POINT('',#12689);
#3852=VERTEX_POINT('',#12693);
#3853=VERTEX_POINT('',#12694);
#3854=VERTEX_POINT('',#12696);
#3855=VERTEX_POINT('',#12698);
#3856=VERTEX_POINT('',#12700);
#3857=VERTEX_POINT('',#12702);
#3858=VERTEX_POINT('',#12706);
#3859=VERTEX_POINT('',#12708);
#3860=VERTEX_POINT('',#12710);
#3861=VERTEX_POINT('',#12714);
#3862=VERTEX_POINT('',#12716);
#3863=VERTEX_POINT('',#12718);
#3864=VERTEX_POINT('',#12722);
#3865=VERTEX_POINT('',#12726);
#3866=VERTEX_POINT('',#12730);
#3867=VERTEX_POINT('',#12734);
#3868=VERTEX_POINT('',#12735);
#3869=VERTEX_POINT('',#12742);
#3870=VERTEX_POINT('',#12743);
#3871=VERTEX_POINT('',#12745);
#3872=VERTEX_POINT('',#12747);
#3873=VERTEX_POINT('',#12749);
#3874=VERTEX_POINT('',#12751);
#3875=VERTEX_POINT('',#12755);
#3876=VERTEX_POINT('',#12757);
#3877=VERTEX_POINT('',#12761);
#3878=VERTEX_POINT('',#12767);
#3879=VERTEX_POINT('',#12769);
#3880=VERTEX_POINT('',#12771);
#3881=VERTEX_POINT('',#12775);
#3882=VERTEX_POINT('',#12779);
#3883=VERTEX_POINT('',#12781);
#3884=VERTEX_POINT('',#12783);
#3885=VERTEX_POINT('',#12785);
#3886=VERTEX_POINT('',#12787);
#3887=VERTEX_POINT('',#12789);
#3888=VERTEX_POINT('',#12791);
#3889=VERTEX_POINT('',#12793);
#3890=VERTEX_POINT('',#12795);
#3891=VERTEX_POINT('',#12797);
#3892=VERTEX_POINT('',#12799);
#3893=VERTEX_POINT('',#12801);
#3894=VERTEX_POINT('',#12803);
#3895=VERTEX_POINT('',#12805);
#3896=VERTEX_POINT('',#12807);
#3897=VERTEX_POINT('',#12809);
#3898=VERTEX_POINT('',#12811);
#3899=VERTEX_POINT('',#12813);
#3900=VERTEX_POINT('',#12815);
#3901=VERTEX_POINT('',#12817);
#3902=VERTEX_POINT('',#12819);
#3903=VERTEX_POINT('',#12821);
#3904=VERTEX_POINT('',#12823);
#3905=VERTEX_POINT('',#12825);
#3906=VERTEX_POINT('',#12827);
#3907=VERTEX_POINT('',#12829);
#3908=VERTEX_POINT('',#12831);
#3909=VERTEX_POINT('',#12838);
#3910=VERTEX_POINT('',#12842);
#3911=VERTEX_POINT('',#12848);
#3912=VERTEX_POINT('',#12850);
#3913=VERTEX_POINT('',#12852);
#3914=VERTEX_POINT('',#12856);
#3915=VERTEX_POINT('',#12858);
#3916=VERTEX_POINT('',#12860);
#3917=VERTEX_POINT('',#12862);
#3918=VERTEX_POINT('',#12866);
#3919=VERTEX_POINT('',#12870);
#3920=VERTEX_POINT('',#12871);
#3921=VERTEX_POINT('',#12873);
#3922=VERTEX_POINT('',#12875);
#3923=VERTEX_POINT('',#12877);
#3924=VERTEX_POINT('',#12881);
#3925=VERTEX_POINT('',#12883);
#3926=VERTEX_POINT('',#12888);
#3927=VERTEX_POINT('',#12890);
#3928=VERTEX_POINT('',#12892);
#3929=VERTEX_POINT('',#12894);
#3930=VERTEX_POINT('',#12896);
#3931=VERTEX_POINT('',#12900);
#3932=VERTEX_POINT('',#12902);
#3933=VERTEX_POINT('',#12906);
#3934=VERTEX_POINT('',#12910);
#3935=VERTEX_POINT('',#12911);
#3936=VERTEX_POINT('',#12913);
#3937=VERTEX_POINT('',#12915);
#3938=VERTEX_POINT('',#12917);
#3939=VERTEX_POINT('',#12921);
#3940=VERTEX_POINT('',#12923);
#3941=VERTEX_POINT('',#12928);
#3942=VERTEX_POINT('',#12930);
#3943=VERTEX_POINT('',#12932);
#3944=VERTEX_POINT('',#12934);
#3945=VERTEX_POINT('',#12936);
#3946=VERTEX_POINT('',#12940);
#3947=VERTEX_POINT('',#12942);
#3948=VERTEX_POINT('',#12946);
#3949=VERTEX_POINT('',#12950);
#3950=VERTEX_POINT('',#12951);
#3951=VERTEX_POINT('',#12953);
#3952=VERTEX_POINT('',#12955);
#3953=VERTEX_POINT('',#12957);
#3954=VERTEX_POINT('',#12961);
#3955=VERTEX_POINT('',#12963);
#3956=VERTEX_POINT('',#12968);
#3957=VERTEX_POINT('',#12970);
#3958=VERTEX_POINT('',#12972);
#3959=VERTEX_POINT('',#12974);
#3960=VERTEX_POINT('',#12976);
#3961=VERTEX_POINT('',#12980);
#3962=VERTEX_POINT('',#12982);
#3963=VERTEX_POINT('',#12986);
#3964=VERTEX_POINT('',#12990);
#3965=VERTEX_POINT('',#12991);
#3966=VERTEX_POINT('',#12993);
#3967=VERTEX_POINT('',#12995);
#3968=VERTEX_POINT('',#12997);
#3969=VERTEX_POINT('',#13001);
#3970=VERTEX_POINT('',#13003);
#3971=VERTEX_POINT('',#13008);
#3972=VERTEX_POINT('',#13010);
#3973=VERTEX_POINT('',#13012);
#3974=VERTEX_POINT('',#13014);
#3975=VERTEX_POINT('',#13016);
#3976=VERTEX_POINT('',#13020);
#3977=VERTEX_POINT('',#13022);
#3978=VERTEX_POINT('',#13026);
#3979=VERTEX_POINT('',#13030);
#3980=VERTEX_POINT('',#13031);
#3981=VERTEX_POINT('',#13033);
#3982=VERTEX_POINT('',#13035);
#3983=VERTEX_POINT('',#13037);
#3984=VERTEX_POINT('',#13041);
#3985=VERTEX_POINT('',#13043);
#3986=VERTEX_POINT('',#13048);
#3987=VERTEX_POINT('',#13050);
#3988=VERTEX_POINT('',#13052);
#3989=VERTEX_POINT('',#13054);
#3990=VERTEX_POINT('',#13056);
#3991=VERTEX_POINT('',#13060);
#3992=VERTEX_POINT('',#13062);
#3993=VERTEX_POINT('',#13066);
#3994=VERTEX_POINT('',#13070);
#3995=VERTEX_POINT('',#13072);
#3996=VERTEX_POINT('',#13074);
#3997=VERTEX_POINT('',#13078);
#3998=VERTEX_POINT('',#13080);
#3999=VERTEX_POINT('',#13086);
#4000=VERTEX_POINT('',#13088);
#4001=VERTEX_POINT('',#13092);
#4002=VERTEX_POINT('',#13093);
#4003=VERTEX_POINT('',#13098);
#4004=VERTEX_POINT('',#13100);
#4005=VERTEX_POINT('',#13104);
#4006=VERTEX_POINT('',#13106);
#4007=VERTEX_POINT('',#13110);
#4008=VERTEX_POINT('',#13112);
#4009=VERTEX_POINT('',#13116);
#4010=VERTEX_POINT('',#13123);
#4011=VERTEX_POINT('',#13127);
#4012=VERTEX_POINT('',#13131);
#4013=VERTEX_POINT('',#13132);
#4014=VERTEX_POINT('',#13137);
#4015=VERTEX_POINT('',#13139);
#4016=VERTEX_POINT('',#13143);
#4017=VERTEX_POINT('',#13145);
#4018=VERTEX_POINT('',#13149);
#4019=VERTEX_POINT('',#13151);
#4020=VERTEX_POINT('',#13155);
#4021=VERTEX_POINT('',#13162);
#4022=VERTEX_POINT('',#13164);
#4023=VERTEX_POINT('',#13168);
#4024=VERTEX_POINT('',#13172);
#4025=VERTEX_POINT('',#13173);
#4026=VERTEX_POINT('',#13178);
#4027=VERTEX_POINT('',#13180);
#4028=VERTEX_POINT('',#13184);
#4029=VERTEX_POINT('',#13186);
#4030=VERTEX_POINT('',#13190);
#4031=VERTEX_POINT('',#13192);
#4032=VERTEX_POINT('',#13196);
#4033=VERTEX_POINT('',#13203);
#4034=VERTEX_POINT('',#13205);
#4035=VERTEX_POINT('',#13209);
#4036=VERTEX_POINT('',#13213);
#4037=VERTEX_POINT('',#13214);
#4038=VERTEX_POINT('',#13219);
#4039=VERTEX_POINT('',#13221);
#4040=VERTEX_POINT('',#13225);
#4041=VERTEX_POINT('',#13227);
#4042=VERTEX_POINT('',#13231);
#4043=VERTEX_POINT('',#13233);
#4044=VERTEX_POINT('',#13237);
#4045=VERTEX_POINT('',#13244);
#4046=VERTEX_POINT('',#13246);
#4047=VERTEX_POINT('',#13250);
#4048=VERTEX_POINT('',#13254);
#4049=VERTEX_POINT('',#13255);
#4050=VERTEX_POINT('',#13260);
#4051=VERTEX_POINT('',#13262);
#4052=VERTEX_POINT('',#13266);
#4053=VERTEX_POINT('',#13268);
#4054=VERTEX_POINT('',#13272);
#4055=VERTEX_POINT('',#13274);
#4056=VERTEX_POINT('',#13278);
#4057=VERTEX_POINT('',#13285);
#4058=VERTEX_POINT('',#13287);
#4059=VERTEX_POINT('',#13291);
#4060=VERTEX_POINT('',#13295);
#4061=VERTEX_POINT('',#13296);
#4062=VERTEX_POINT('',#13301);
#4063=VERTEX_POINT('',#13303);
#4064=VERTEX_POINT('',#13307);
#4065=VERTEX_POINT('',#13309);
#4066=VERTEX_POINT('',#13313);
#4067=VERTEX_POINT('',#13315);
#4068=VERTEX_POINT('',#13319);
#4069=VERTEX_POINT('',#13326);
#4070=VERTEX_POINT('',#13328);
#4071=VERTEX_POINT('',#13334);
#4072=VERTEX_POINT('',#13340);
#4073=VERTEX_POINT('',#13346);
#4074=VERTEX_POINT('',#13352);
#4075=VERTEX_POINT('',#13358);
#4076=VERTEX_POINT('',#13459);
#4077=VERTEX_POINT('',#13460);
#4078=VERTEX_POINT('',#13462);
#4079=VERTEX_POINT('',#13502);
#4080=VERTEX_POINT('',#13503);
#4081=VERTEX_POINT('',#13505);
#4082=VERTEX_POINT('',#13507);
#4083=VERTEX_POINT('',#13509);
#4084=VERTEX_POINT('',#13511);
#4085=VERTEX_POINT('',#13513);
#4086=VERTEX_POINT('',#13515);
#4087=VERTEX_POINT('',#13517);
#4088=VERTEX_POINT('',#13519);
#4089=VERTEX_POINT('',#13521);
#4090=VERTEX_POINT('',#13523);
#4091=VERTEX_POINT('',#13525);
#4092=VERTEX_POINT('',#13527);
#4093=VERTEX_POINT('',#13529);
#4094=VERTEX_POINT('',#13531);
#4095=VERTEX_POINT('',#13533);
#4096=VERTEX_POINT('',#13535);
#4097=VERTEX_POINT('',#13537);
#4098=VERTEX_POINT('',#13539);
#4099=VERTEX_POINT('',#13541);
#4100=VERTEX_POINT('',#13543);
#4101=VERTEX_POINT('',#13545);
#4102=VERTEX_POINT('',#13547);
#4103=VERTEX_POINT('',#13549);
#4104=VERTEX_POINT('',#13551);
#4105=VERTEX_POINT('',#13553);
#4106=VERTEX_POINT('',#13555);
#4107=VERTEX_POINT('',#13557);
#4108=VERTEX_POINT('',#13559);
#4109=VERTEX_POINT('',#13561);
#4110=VERTEX_POINT('',#13563);
#4111=VERTEX_POINT('',#13565);
#4112=VERTEX_POINT('',#13567);
#4113=VERTEX_POINT('',#13569);
#4114=VERTEX_POINT('',#13571);
#4115=VERTEX_POINT('',#13573);
#4116=VERTEX_POINT('',#13575);
#4117=VERTEX_POINT('',#13577);
#4118=VERTEX_POINT('',#13579);
#4119=VERTEX_POINT('',#13582);
#4120=VERTEX_POINT('',#13665);
#4121=VERTEX_POINT('',#13667);
#4122=VERTEX_POINT('',#13697);
#4123=VERTEX_POINT('',#13708);
#4124=VERTEX_POINT('',#13709);
#4125=VERTEX_POINT('',#13716);
#4126=VERTEX_POINT('',#13720);
#4127=VERTEX_POINT('',#13724);
#4128=VERTEX_POINT('',#13728);
#4129=VERTEX_POINT('',#13737);
#4130=VERTEX_POINT('',#13741);
#4131=VERTEX_POINT('',#13745);
#4132=VERTEX_POINT('',#13749);
#4133=VERTEX_POINT('',#13758);
#4134=VERTEX_POINT('',#13762);
#4135=VERTEX_POINT('',#13766);
#4136=VERTEX_POINT('',#13770);
#4137=VERTEX_POINT('',#13779);
#4138=VERTEX_POINT('',#13783);
#4139=VERTEX_POINT('',#13787);
#4140=VERTEX_POINT('',#13791);
#4141=VERTEX_POINT('',#13800);
#4142=VERTEX_POINT('',#13804);
#4143=VERTEX_POINT('',#13808);
#4144=VERTEX_POINT('',#13812);
#4145=VERTEX_POINT('',#13821);
#4146=VERTEX_POINT('',#13825);
#4147=VERTEX_POINT('',#13829);
#4148=VERTEX_POINT('',#13833);
#4149=VERTEX_POINT('',#13837);
#4150=VERTEX_POINT('',#13850);
#4151=VERTEX_POINT('',#13918);
#4152=VERTEX_POINT('',#13921);
#4153=VERTEX_POINT('',#13926);
#4154=VERTEX_POINT('',#13929);
#4155=VERTEX_POINT('',#13934);
#4156=VERTEX_POINT('',#13937);
#4157=VERTEX_POINT('',#13942);
#4158=VERTEX_POINT('',#13945);
#4159=VERTEX_POINT('',#13950);
#4160=VERTEX_POINT('',#13953);
#4161=VERTEX_POINT('',#13958);
#4162=VERTEX_POINT('',#13961);
#4163=VERTEX_POINT('',#13966);
#4164=VERTEX_POINT('',#13967);
#4165=VERTEX_POINT('',#13969);
#4166=VERTEX_POINT('',#13971);
#4167=VERTEX_POINT('',#13974);
#4168=VERTEX_POINT('',#13975);
#4169=VERTEX_POINT('',#13977);
#4170=VERTEX_POINT('',#13979);
#4171=VERTEX_POINT('',#13982);
#4172=VERTEX_POINT('',#13983);
#4173=VERTEX_POINT('',#13985);
#4174=VERTEX_POINT('',#13987);
#4175=VERTEX_POINT('',#13990);
#4176=VERTEX_POINT('',#13991);
#4177=VERTEX_POINT('',#13993);
#4178=VERTEX_POINT('',#13995);
#4179=VERTEX_POINT('',#13998);
#4180=VERTEX_POINT('',#13999);
#4181=VERTEX_POINT('',#14001);
#4182=VERTEX_POINT('',#14003);
#4183=VERTEX_POINT('',#14006);
#4184=VERTEX_POINT('',#14007);
#4185=VERTEX_POINT('',#14009);
#4186=VERTEX_POINT('',#14011);
#4187=VERTEX_POINT('',#14014);
#4188=VERTEX_POINT('',#14015);
#4189=VERTEX_POINT('',#14017);
#4190=VERTEX_POINT('',#14019);
#4191=VERTEX_POINT('',#14023);
#4192=VERTEX_POINT('',#14025);
#4193=VERTEX_POINT('',#14029);
#4194=VERTEX_POINT('',#14031);
#4195=VERTEX_POINT('',#14035);
#4196=VERTEX_POINT('',#14037);
#4197=VERTEX_POINT('',#14041);
#4198=VERTEX_POINT('',#14043);
#4199=VERTEX_POINT('',#14047);
#4200=VERTEX_POINT('',#14049);
#4201=VERTEX_POINT('',#14053);
#4202=VERTEX_POINT('',#14055);
#4203=VERTEX_POINT('',#14059);
#4204=VERTEX_POINT('',#14061);
#4205=VERTEX_POINT('',#14065);
#4206=VERTEX_POINT('',#14067);
#4207=VERTEX_POINT('',#14071);
#4208=VERTEX_POINT('',#14073);
#4209=VERTEX_POINT('',#14077);
#4210=VERTEX_POINT('',#14079);
#4211=VERTEX_POINT('',#14083);
#4212=VERTEX_POINT('',#14085);
#4213=VERTEX_POINT('',#14091);
#4214=VERTEX_POINT('',#14096);
#4215=VERTEX_POINT('',#14101);
#4216=VERTEX_POINT('',#14106);
#4217=VERTEX_POINT('',#14111);
#4218=VERTEX_POINT('',#14114);
#4219=VERTEX_POINT('',#14116);
#4220=VERTEX_POINT('',#14119);
#4221=VERTEX_POINT('',#14122);
#4222=VERTEX_POINT('',#14126);
#4223=VERTEX_POINT('',#14130);
#4224=VERTEX_POINT('',#14134);
#4225=VERTEX_POINT('',#14138);
#4226=VERTEX_POINT('',#14142);
#4227=VERTEX_POINT('',#14143);
#4228=VERTEX_POINT('',#14145);
#4229=VERTEX_POINT('',#14147);
#4230=VERTEX_POINT('',#14151);
#4231=VERTEX_POINT('',#14153);
#4232=VERTEX_POINT('',#14157);
#4233=VERTEX_POINT('',#14159);
#4234=VERTEX_POINT('',#14166);
#4235=VERTEX_POINT('',#14168);
#4236=VERTEX_POINT('',#14172);
#4237=VERTEX_POINT('',#14176);
#4238=VERTEX_POINT('',#14181);
#4239=VERTEX_POINT('',#14184);
#4240=VERTEX_POINT('',#14185);
#4241=VERTEX_POINT('',#14187);
#4242=VERTEX_POINT('',#14189);
#4243=VERTEX_POINT('',#14221);
#4244=VERTEX_POINT('',#14224);
#4245=VERTEX_POINT('',#14229);
#4246=VERTEX_POINT('',#14231);
#4247=VERTEX_POINT('',#14235);
#4248=VERTEX_POINT('',#14240);
#4249=VERTEX_POINT('',#14244);
#4250=VERTEX_POINT('',#14247);
#4251=VERTEX_POINT('',#14249);
#4252=VERTEX_POINT('',#14253);
#4253=VERTEX_POINT('',#14258);
#4254=VERTEX_POINT('',#14264);
#4255=VERTEX_POINT('',#14265);
#4256=VERTEX_POINT('',#14267);
#4257=VERTEX_POINT('',#14269);
#4258=VERTEX_POINT('',#14273);
#4259=VERTEX_POINT('',#14275);
#4260=VERTEX_POINT('',#14279);
#4261=VERTEX_POINT('',#14280);
#4262=VERTEX_POINT('',#14285);
#4263=VERTEX_POINT('',#14287);
#4264=VERTEX_POINT('',#14291);
#4265=VERTEX_POINT('',#14292);
#4266=VERTEX_POINT('',#14297);
#4267=VERTEX_POINT('',#14299);
#4268=VERTEX_POINT('',#14303);
#4269=VERTEX_POINT('',#14304);
#4270=VERTEX_POINT('',#14309);
#4271=VERTEX_POINT('',#14311);
#4272=VERTEX_POINT('',#14315);
#4273=VERTEX_POINT('',#14316);
#4274=VERTEX_POINT('',#14321);
#4275=VERTEX_POINT('',#14323);
#4276=VERTEX_POINT('',#14327);
#4277=VERTEX_POINT('',#14331);
#4278=VERTEX_POINT('',#14335);
#4279=VERTEX_POINT('',#14339);
#4280=VERTEX_POINT('',#14343);
#4281=VERTEX_POINT('',#14347);
#4282=VERTEX_POINT('',#14352);
#4283=VERTEX_POINT('',#14354);
#4284=VERTEX_POINT('',#14356);
#4285=VERTEX_POINT('',#14358);
#4286=VERTEX_POINT('',#14360);
#4287=VERTEX_POINT('',#14362);
#4288=VERTEX_POINT('',#14366);
#4289=VERTEX_POINT('',#14368);
#4290=VERTEX_POINT('',#14371);
#4291=VERTEX_POINT('',#14373);
#4292=VERTEX_POINT('',#14376);
#4293=VERTEX_POINT('',#14377);
#4294=VERTEX_POINT('',#14379);
#4295=VERTEX_POINT('',#14385);
#4296=VERTEX_POINT('',#14391);
#4297=VERTEX_POINT('',#14397);
#4298=VERTEX_POINT('',#14403);
#4299=VERTEX_POINT('',#14409);
#4300=VERTEX_POINT('',#14415);
#4301=VERTEX_POINT('',#14421);
#4302=VERTEX_POINT('',#14423);
#4303=VERTEX_POINT('',#14425);
#4304=VERTEX_POINT('',#14428);
#4305=VERTEX_POINT('',#14429);
#4306=VERTEX_POINT('',#14431);
#4307=VERTEX_POINT('',#14433);
#4308=VERTEX_POINT('',#14435);
#4309=VERTEX_POINT('',#14437);
#4310=VERTEX_POINT('',#14439);
#4311=VERTEX_POINT('',#14441);
#4312=VERTEX_POINT('',#14444);
#4313=VERTEX_POINT('',#14445);
#4314=VERTEX_POINT('',#14447);
#4315=VERTEX_POINT('',#14449);
#4316=VERTEX_POINT('',#14455);
#4317=VERTEX_POINT('',#14461);
#4318=VERTEX_POINT('',#14467);
#4319=VERTEX_POINT('',#14473);
#4320=VERTEX_POINT('',#14479);
#4321=VERTEX_POINT('',#14485);
#4322=VERTEX_POINT('',#14491);
#4323=VERTEX_POINT('',#14497);
#4324=VERTEX_POINT('',#14503);
#4325=VERTEX_POINT('',#14509);
#4326=VERTEX_POINT('',#14511);
#4327=VERTEX_POINT('',#14517);
#4328=VERTEX_POINT('',#14523);
#4329=VERTEX_POINT('',#14529);
#4330=VERTEX_POINT('',#14535);
#4331=VERTEX_POINT('',#14541);
#4332=VERTEX_POINT('',#14547);
#4333=VERTEX_POINT('',#14553);
#4334=VERTEX_POINT('',#14559);
#4335=VERTEX_POINT('',#14561);
#4336=VERTEX_POINT('',#14564);
#4337=VERTEX_POINT('',#14565);
#4338=VERTEX_POINT('',#14571);
#4339=VERTEX_POINT('',#14577);
#4340=VERTEX_POINT('',#14583);
#4341=VERTEX_POINT('',#14589);
#4342=VERTEX_POINT('',#14595);
#4343=VERTEX_POINT('',#14601);
#4344=VERTEX_POINT('',#14607);
#4345=VERTEX_POINT('',#14613);
#4346=VERTEX_POINT('',#14615);
#4347=VERTEX_POINT('',#14621);
#4348=VERTEX_POINT('',#14627);
#4349=VERTEX_POINT('',#14633);
#4350=VERTEX_POINT('',#14639);
#4351=VERTEX_POINT('',#14645);
#4352=VERTEX_POINT('',#14651);
#4353=VERTEX_POINT('',#14657);
#4354=VERTEX_POINT('',#14664);
#4355=VERTEX_POINT('',#14665);
#4356=VERTEX_POINT('',#14667);
#4357=VERTEX_POINT('',#14669);
#4358=VERTEX_POINT('',#14672);
#4359=VERTEX_POINT('',#14673);
#4360=VERTEX_POINT('',#14675);
#4361=VERTEX_POINT('',#14677);
#4362=VERTEX_POINT('',#14679);
#4363=VERTEX_POINT('',#14681);
#4364=VERTEX_POINT('',#14683);
#4365=VERTEX_POINT('',#14685);
#4366=VERTEX_POINT('',#14687);
#4367=VERTEX_POINT('',#14689);
#4368=VERTEX_POINT('',#14692);
#4369=VERTEX_POINT('',#14693);
#4370=VERTEX_POINT('',#14695);
#4371=VERTEX_POINT('',#14697);
#4372=VERTEX_POINT('',#14699);
#4373=VERTEX_POINT('',#14701);
#4374=VERTEX_POINT('',#14703);
#4375=VERTEX_POINT('',#14705);
#4376=VERTEX_POINT('',#14707);
#4377=VERTEX_POINT('',#14709);
#4378=VERTEX_POINT('',#14711);
#4379=VERTEX_POINT('',#14713);
#4380=VERTEX_POINT('',#14717);
#4381=VERTEX_POINT('',#14719);
#4382=VERTEX_POINT('',#14728);
#4383=VERTEX_POINT('',#14730);
#4384=VERTEX_POINT('',#14739);
#4385=VERTEX_POINT('',#14740);
#4386=VERTEX_POINT('',#14742);
#4387=VERTEX_POINT('',#14744);
#4388=VERTEX_POINT('',#14757);
#4389=VERTEX_POINT('',#14763);
#4390=VERTEX_POINT('',#14780);
#4391=VERTEX_POINT('',#14786);
#4392=VERTEX_POINT('',#14803);
#4393=VERTEX_POINT('',#14809);
#4394=VERTEX_POINT('',#14826);
#4395=VERTEX_POINT('',#14832);
#4396=VERTEX_POINT('',#14849);
#4397=VERTEX_POINT('',#14855);
#4398=VERTEX_POINT('',#14872);
#4399=VERTEX_POINT('',#14878);
#4400=VERTEX_POINT('',#14886);
#4401=VERTEX_POINT('',#14888);
#4402=VERTEX_POINT('',#14895);
#4403=VERTEX_POINT('',#14896);
#4404=VERTEX_POINT('',#14910);
#4405=VERTEX_POINT('',#14927);
#4406=VERTEX_POINT('',#14944);
#4407=VERTEX_POINT('',#14961);
#4408=VERTEX_POINT('',#14978);
#4409=VERTEX_POINT('',#14995);
#4410=VERTEX_POINT('',#15012);
#4411=VERTEX_POINT('',#15020);
#4412=VERTEX_POINT('',#15024);
#4413=VERTEX_POINT('',#15028);
#4414=VERTEX_POINT('',#15035);
#4415=VERTEX_POINT('',#15036);
#4416=VERTEX_POINT('',#15041);
#4417=VERTEX_POINT('',#15045);
#4418=VERTEX_POINT('',#15049);
#4419=VERTEX_POINT('',#15053);
#4420=VERTEX_POINT('',#15057);
#4421=VERTEX_POINT('',#15061);
#4422=VERTEX_POINT('',#15068);
#4423=VERTEX_POINT('',#15069);
#4424=VERTEX_POINT('',#15074);
#4425=VERTEX_POINT('',#15087);
#4426=VERTEX_POINT('',#15104);
#4427=VERTEX_POINT('',#15121);
#4428=VERTEX_POINT('',#15138);
#4429=VERTEX_POINT('',#15155);
#4430=VERTEX_POINT('',#15172);
#4431=VERTEX_POINT('',#15189);
#4432=VERTEX_POINT('',#15206);
#4433=VERTEX_POINT('',#15223);
#4434=VERTEX_POINT('',#15240);
#4435=VERTEX_POINT('',#15248);
#4436=VERTEX_POINT('',#15261);
#4437=VERTEX_POINT('',#15278);
#4438=VERTEX_POINT('',#15295);
#4439=VERTEX_POINT('',#15312);
#4440=VERTEX_POINT('',#15329);
#4441=VERTEX_POINT('',#15346);
#4442=VERTEX_POINT('',#15363);
#4443=VERTEX_POINT('',#15380);
#4444=VERTEX_POINT('',#15388);
#4445=VERTEX_POINT('',#15392);
#4446=VERTEX_POINT('',#15408);
#4447=VERTEX_POINT('',#15409);
#4448=VERTEX_POINT('',#15427);
#4449=VERTEX_POINT('',#15444);
#4450=VERTEX_POINT('',#15461);
#4451=VERTEX_POINT('',#15478);
#4452=VERTEX_POINT('',#15495);
#4453=VERTEX_POINT('',#15512);
#4454=VERTEX_POINT('',#15529);
#4455=VERTEX_POINT('',#15537);
#4456=VERTEX_POINT('',#15550);
#4457=VERTEX_POINT('',#15567);
#4458=VERTEX_POINT('',#15584);
#4459=VERTEX_POINT('',#15601);
#4460=VERTEX_POINT('',#15618);
#4461=VERTEX_POINT('',#15635);
#4462=VERTEX_POINT('',#15652);
#4463=VERTEX_POINT('',#15669);
#4464=VERTEX_POINT('',#15680);
#4465=VERTEX_POINT('',#15681);
#4466=VERTEX_POINT('',#15686);
#4467=VERTEX_POINT('',#15690);
#4468=VERTEX_POINT('',#15697);
#4469=VERTEX_POINT('',#15698);
#4470=VERTEX_POINT('',#15703);
#4471=VERTEX_POINT('',#15707);
#4472=VERTEX_POINT('',#15711);
#4473=VERTEX_POINT('',#15715);
#4474=VERTEX_POINT('',#15719);
#4475=VERTEX_POINT('',#15723);
#4476=VERTEX_POINT('',#15727);
#4477=VERTEX_POINT('',#15731);
#4478=VERTEX_POINT('',#15738);
#4479=VERTEX_POINT('',#15739);
#4480=VERTEX_POINT('',#15744);
#4481=VERTEX_POINT('',#15748);
#4482=VERTEX_POINT('',#15752);
#4483=VERTEX_POINT('',#15756);
#4484=VERTEX_POINT('',#15760);
#4485=VERTEX_POINT('',#15764);
#4486=VERTEX_POINT('',#15768);
#4487=VERTEX_POINT('',#15772);
#4488=VERTEX_POINT('',#15776);
#4489=VERTEX_POINT('',#15780);
#4490=VERTEX_POINT('',#15789);
#4491=VERTEX_POINT('',#15790);
#4492=VERTEX_POINT('',#15792);
#4493=VERTEX_POINT('',#15794);
#4494=VERTEX_POINT('',#15798);
#4495=VERTEX_POINT('',#15800);
#4496=VERTEX_POINT('',#15804);
#4497=VERTEX_POINT('',#15806);
#4498=VERTEX_POINT('',#15810);
#4499=VERTEX_POINT('',#15812);
#4500=VERTEX_POINT('',#15816);
#4501=VERTEX_POINT('',#15818);
#4502=VERTEX_POINT('',#15822);
#4503=VERTEX_POINT('',#15824);
#4504=VERTEX_POINT('',#15828);
#4505=VERTEX_POINT('',#15830);
#4506=VERTEX_POINT('',#15834);
#4507=VERTEX_POINT('',#15836);
#4508=VERTEX_POINT('',#15840);
#4509=VERTEX_POINT('',#15842);
#4510=VERTEX_POINT('',#15846);
#4511=VERTEX_POINT('',#15848);
#4512=VERTEX_POINT('',#15852);
#4513=VERTEX_POINT('',#15854);
#4514=VERTEX_POINT('',#15863);
#4515=VERTEX_POINT('',#15864);
#4516=VERTEX_POINT('',#15866);
#4517=VERTEX_POINT('',#15868);
#4518=VERTEX_POINT('',#15872);
#4519=VERTEX_POINT('',#15874);
#4520=VERTEX_POINT('',#15878);
#4521=VERTEX_POINT('',#15880);
#4522=VERTEX_POINT('',#15884);
#4523=VERTEX_POINT('',#15886);
#4524=VERTEX_POINT('',#15890);
#4525=VERTEX_POINT('',#15892);
#4526=VERTEX_POINT('',#15896);
#4527=VERTEX_POINT('',#15898);
#4528=VERTEX_POINT('',#15902);
#4529=VERTEX_POINT('',#15904);
#4530=VERTEX_POINT('',#15908);
#4531=VERTEX_POINT('',#15910);
#4532=VERTEX_POINT('',#15914);
#4533=VERTEX_POINT('',#15916);
#4534=VERTEX_POINT('',#15925);
#4535=VERTEX_POINT('',#15926);
#4536=VERTEX_POINT('',#15928);
#4537=VERTEX_POINT('',#15930);
#4538=VERTEX_POINT('',#15934);
#4539=VERTEX_POINT('',#15936);
#4540=VERTEX_POINT('',#15940);
#4541=VERTEX_POINT('',#15942);
#4542=VERTEX_POINT('',#15960);
#4543=VERTEX_POINT('',#15961);
#4544=VERTEX_POINT('',#15967);
#4545=VERTEX_POINT('',#15969);
#4546=VERTEX_POINT('',#15986);
#4547=VERTEX_POINT('',#15992);
#4548=VERTEX_POINT('',#16009);
#4549=VERTEX_POINT('',#16015);
#4550=VERTEX_POINT('',#16032);
#4551=VERTEX_POINT('',#16038);
#4552=VERTEX_POINT('',#16055);
#4553=VERTEX_POINT('',#16061);
#4554=VERTEX_POINT('',#16078);
#4555=VERTEX_POINT('',#16084);
#4556=VERTEX_POINT('',#16101);
#4557=VERTEX_POINT('',#16107);
#4558=VERTEX_POINT('',#16124);
#4559=VERTEX_POINT('',#16130);
#4560=VERTEX_POINT('',#16138);
#4561=VERTEX_POINT('',#16140);
#4562=VERTEX_POINT('',#16153);
#4563=VERTEX_POINT('',#16159);
#4564=VERTEX_POINT('',#16176);
#4565=VERTEX_POINT('',#16182);
#4566=VERTEX_POINT('',#16199);
#4567=VERTEX_POINT('',#16205);
#4568=VERTEX_POINT('',#16222);
#4569=VERTEX_POINT('',#16228);
#4570=VERTEX_POINT('',#16245);
#4571=VERTEX_POINT('',#16251);
#4572=VERTEX_POINT('',#16268);
#4573=VERTEX_POINT('',#16274);
#4574=VERTEX_POINT('',#16291);
#4575=VERTEX_POINT('',#16297);
#4576=VERTEX_POINT('',#16314);
#4577=VERTEX_POINT('',#16320);
#4578=VERTEX_POINT('',#16333);
#4579=VERTEX_POINT('',#16334);
#4580=VERTEX_POINT('',#16336);
#4581=VERTEX_POINT('',#16338);
#4582=VERTEX_POINT('',#16342);
#4583=VERTEX_POINT('',#16344);
#4584=VERTEX_POINT('',#16357);
#4585=VERTEX_POINT('',#16363);
#4586=VERTEX_POINT('',#16380);
#4587=VERTEX_POINT('',#16386);
#4588=VERTEX_POINT('',#16403);
#4589=VERTEX_POINT('',#16409);
#4590=VERTEX_POINT('',#16426);
#4591=VERTEX_POINT('',#16432);
#4592=VERTEX_POINT('',#16449);
#4593=VERTEX_POINT('',#16455);
#4594=VERTEX_POINT('',#16472);
#4595=VERTEX_POINT('',#16478);
#4596=VERTEX_POINT('',#16495);
#4597=VERTEX_POINT('',#16501);
#4598=VERTEX_POINT('',#16518);
#4599=VERTEX_POINT('',#16524);
#4600=VERTEX_POINT('',#16541);
#4601=VERTEX_POINT('',#16547);
#4602=VERTEX_POINT('',#16564);
#4603=VERTEX_POINT('',#16570);
#4604=VERTEX_POINT('',#16578);
#4605=VERTEX_POINT('',#16580);
#4606=VERTEX_POINT('',#16593);
#4607=VERTEX_POINT('',#16599);
#4608=VERTEX_POINT('',#16616);
#4609=VERTEX_POINT('',#16622);
#4610=VERTEX_POINT('',#16639);
#4611=VERTEX_POINT('',#16645);
#4612=VERTEX_POINT('',#16662);
#4613=VERTEX_POINT('',#16668);
#4614=VERTEX_POINT('',#16685);
#4615=VERTEX_POINT('',#16691);
#4616=VERTEX_POINT('',#16708);
#4617=VERTEX_POINT('',#16714);
#4618=VERTEX_POINT('',#16731);
#4619=VERTEX_POINT('',#16737);
#4620=VERTEX_POINT('',#16754);
#4621=VERTEX_POINT('',#16760);
#4622=VERTEX_POINT('',#16768);
#4623=VERTEX_POINT('',#16770);
#4624=VERTEX_POINT('',#16774);
#4625=VERTEX_POINT('',#16776);
#4626=VERTEX_POINT('',#16785);
#4627=VERTEX_POINT('',#16786);
#4628=VERTEX_POINT('',#16788);
#4629=VERTEX_POINT('',#16790);
#4630=VERTEX_POINT('',#16794);
#4631=VERTEX_POINT('',#16796);
#4632=VERTEX_POINT('',#16800);
#4633=VERTEX_POINT('',#16802);
#4634=VERTEX_POINT('',#16806);
#4635=VERTEX_POINT('',#16808);
#4636=VERTEX_POINT('',#16812);
#4637=VERTEX_POINT('',#16814);
#4638=VERTEX_POINT('',#16818);
#4639=VERTEX_POINT('',#16820);
#4640=VERTEX_POINT('',#16824);
#4641=VERTEX_POINT('',#16826);
#4642=VERTEX_POINT('',#16835);
#4643=VERTEX_POINT('',#16836);
#4644=VERTEX_POINT('',#16838);
#4645=VERTEX_POINT('',#16840);
#4646=VERTEX_POINT('',#16853);
#4647=VERTEX_POINT('',#16859);
#4648=VERTEX_POINT('',#16876);
#4649=VERTEX_POINT('',#16882);
#4650=VERTEX_POINT('',#16899);
#4651=VERTEX_POINT('',#16905);
#4652=VERTEX_POINT('',#16922);
#4653=VERTEX_POINT('',#16928);
#4654=VERTEX_POINT('',#16945);
#4655=VERTEX_POINT('',#16951);
#4656=VERTEX_POINT('',#16968);
#4657=VERTEX_POINT('',#16974);
#4658=VERTEX_POINT('',#16982);
#4659=VERTEX_POINT('',#16984);
#4660=VERTEX_POINT('',#16991);
#4661=VERTEX_POINT('',#16992);
#4662=VERTEX_POINT('',#16994);
#4663=VERTEX_POINT('',#16996);
#4664=VERTEX_POINT('',#17009);
#4665=VERTEX_POINT('',#17015);
#4666=VERTEX_POINT('',#17032);
#4667=VERTEX_POINT('',#17038);
#4668=VERTEX_POINT('',#17055);
#4669=VERTEX_POINT('',#17061);
#4670=VERTEX_POINT('',#17078);
#4671=VERTEX_POINT('',#17084);
#4672=VERTEX_POINT('',#17101);
#4673=VERTEX_POINT('',#17107);
#4674=VERTEX_POINT('',#17124);
#4675=VERTEX_POINT('',#17130);
#4676=VERTEX_POINT('',#17147);
#4677=VERTEX_POINT('',#17153);
#4678=VERTEX_POINT('',#17161);
#4679=VERTEX_POINT('',#17163);
#4680=VERTEX_POINT('',#17167);
#4681=VERTEX_POINT('',#17169);
#4682=VERTEX_POINT('',#17173);
#4683=VERTEX_POINT('',#17175);
#4684=VERTEX_POINT('',#17185);
#4685=VERTEX_POINT('',#17187);
#4686=EDGE_CURVE('',#3829,#3830,#1811,.T.);
#4687=EDGE_CURVE('',#3830,#3831,#1812,.T.);
#4688=EDGE_CURVE('',#3831,#3832,#1813,.T.);
#4689=EDGE_CURVE('',#3833,#3832,#1814,.T.);
#4690=EDGE_CURVE('',#3833,#3834,#1815,.T.);
#4691=EDGE_CURVE('',#3835,#3834,#1816,.T.);
#4692=EDGE_CURVE('',#3836,#3835,#1817,.T.);
#4693=EDGE_CURVE('',#3837,#3836,#1818,.T.);
#4694=EDGE_CURVE('',#3829,#3837,#1819,.T.);
#4695=EDGE_CURVE('',#3838,#3830,#1820,.T.);
#4696=EDGE_CURVE('',#3839,#3838,#516,.T.);
#4697=EDGE_CURVE('',#3840,#3839,#1821,.T.);
#4698=EDGE_CURVE('',#3841,#3840,#517,.T.);
#4699=EDGE_CURVE('',#3831,#3841,#1822,.T.);
#4700=EDGE_CURVE('',#3842,#3840,#1823,.T.);
#4701=EDGE_CURVE('',#3842,#3843,#518,.T.);
#4702=EDGE_CURVE('',#3843,#3841,#1824,.T.);
#4703=EDGE_CURVE('',#3844,#3839,#1825,.T.);
#4704=EDGE_CURVE('',#3844,#3842,#1826,.T.);
#4705=EDGE_CURVE('',#3845,#3838,#1827,.T.);
#4706=EDGE_CURVE('',#3845,#3844,#519,.T.);
#4707=EDGE_CURVE('',#3829,#3845,#1828,.T.);
#4708=EDGE_CURVE('',#3843,#3832,#1829,.T.);
#4709=EDGE_CURVE('',#3832,#3829,#1830,.T.);
#4710=EDGE_CURVE('',#3846,#3846,#520,.T.);
#4711=EDGE_CURVE('',#3846,#3847,#1831,.T.);
#4712=EDGE_CURVE('',#3847,#3847,#521,.T.);
#4713=EDGE_CURVE('',#3846,#3848,#1832,.T.);
#4714=EDGE_CURVE('',#3848,#3848,#522,.T.);
#4715=EDGE_CURVE('',#3849,#3849,#523,.T.);
#4716=EDGE_CURVE('',#3849,#3850,#1833,.T.);
#4717=EDGE_CURVE('',#3850,#3850,#524,.T.);
#4718=EDGE_CURVE('',#3849,#3851,#1834,.T.);
#4719=EDGE_CURVE('',#3851,#3851,#525,.T.);
#4720=EDGE_CURVE('',#3852,#3853,#1835,.T.);
#4721=EDGE_CURVE('',#3854,#3852,#1836,.T.);
#4722=EDGE_CURVE('',#3855,#3854,#1837,.T.);
#4723=EDGE_CURVE('',#3856,#3855,#1838,.T.);
#4724=EDGE_CURVE('',#3857,#3856,#1839,.T.);
#4725=EDGE_CURVE('',#3853,#3857,#1840,.T.);
#4726=EDGE_CURVE('',#3853,#3858,#1841,.T.);
#4727=EDGE_CURVE('',#3859,#3858,#1842,.T.);
#4728=EDGE_CURVE('',#3859,#3860,#1843,.T.);
#4729=EDGE_CURVE('',#3860,#3852,#1844,.T.);
#4730=EDGE_CURVE('',#3858,#3861,#1845,.T.);
#4731=EDGE_CURVE('',#3857,#3862,#1846,.T.);
#4732=EDGE_CURVE('',#3862,#3863,#1847,.T.);
#4733=EDGE_CURVE('',#3863,#3861,#1848,.T.);
#4734=EDGE_CURVE('',#3864,#3859,#1849,.T.);
#4735=EDGE_CURVE('',#3860,#3864,#1850,.T.);
#4736=EDGE_CURVE('',#3860,#3865,#1851,.T.);
#4737=EDGE_CURVE('',#3854,#3865,#1852,.T.);
#4738=EDGE_CURVE('',#3865,#3866,#1853,.T.);
#4739=EDGE_CURVE('',#3866,#3855,#1854,.T.);
#4740=EDGE_CURVE('',#3867,#3868,#1855,.T.);
#4741=EDGE_CURVE('',#3868,#3862,#1856,.T.);
#4742=EDGE_CURVE('',#3856,#3867,#1857,.T.);
#4743=EDGE_CURVE('',#3866,#3867,#1858,.T.);
#4744=EDGE_CURVE('',#3869,#3870,#1859,.T.);
#4745=EDGE_CURVE('',#3871,#3869,#1860,.T.);
#4746=EDGE_CURVE('',#3872,#3871,#1861,.T.);
#4747=EDGE_CURVE('',#3873,#3872,#1862,.T.);
#4748=EDGE_CURVE('',#3874,#3873,#1863,.T.);
#4749=EDGE_CURVE('',#3870,#3874,#1864,.T.);
#4750=EDGE_CURVE('',#3875,#3869,#1865,.T.);
#4751=EDGE_CURVE('',#3870,#3876,#1866,.T.);
#4752=EDGE_CURVE('',#3876,#3875,#1867,.T.);
#4753=EDGE_CURVE('',#3877,#3868,#1868,.T.);
#4754=EDGE_CURVE('',#3834,#3877,#1869,.T.);
#4755=EDGE_CURVE('',#3875,#3833,#1870,.T.);
#4756=EDGE_CURVE('',#3863,#3876,#1871,.T.);
#4757=EDGE_CURVE('',#3874,#3878,#1872,.T.);
#4758=EDGE_CURVE('',#3878,#3879,#1873,.T.);
#4759=EDGE_CURVE('',#3880,#3879,#1874,.T.);
#4760=EDGE_CURVE('',#3876,#3880,#1875,.F.);
#4761=EDGE_CURVE('',#3863,#3881,#1876,.T.);
#4762=EDGE_CURVE('',#3880,#3881,#1877,.T.);
#4763=EDGE_CURVE('',#3879,#3882,#1878,.T.);
#4764=EDGE_CURVE('',#3883,#3882,#1879,.F.);
#4765=EDGE_CURVE('',#3883,#3884,#1880,.T.);
#4766=EDGE_CURVE('',#3885,#3884,#1881,.T.);
#4767=EDGE_CURVE('',#3886,#3885,#526,.T.);
#4768=EDGE_CURVE('',#3887,#3886,#1882,.T.);
#4769=EDGE_CURVE('',#3888,#3887,#1883,.T.);
#4770=EDGE_CURVE('',#3889,#3888,#1884,.T.);
#4771=EDGE_CURVE('',#3890,#3889,#527,.T.);
#4772=EDGE_CURVE('',#3891,#3890,#1885,.T.);
#4773=EDGE_CURVE('',#3892,#3891,#1886,.T.);
#4774=EDGE_CURVE('',#3893,#3892,#1887,.T.);
#4775=EDGE_CURVE('',#3894,#3893,#528,.T.);
#4776=EDGE_CURVE('',#3895,#3894,#1888,.T.);
#4777=EDGE_CURVE('',#3896,#3895,#1889,.T.);
#4778=EDGE_CURVE('',#3897,#3896,#1890,.T.);
#4779=EDGE_CURVE('',#3898,#3897,#529,.T.);
#4780=EDGE_CURVE('',#3899,#3898,#1891,.T.);
#4781=EDGE_CURVE('',#3900,#3899,#1892,.T.);
#4782=EDGE_CURVE('',#3901,#3900,#1893,.T.);
#4783=EDGE_CURVE('',#3902,#3901,#530,.T.);
#4784=EDGE_CURVE('',#3903,#3902,#1894,.T.);
#4785=EDGE_CURVE('',#3904,#3903,#1895,.T.);
#4786=EDGE_CURVE('',#3905,#3904,#1896,.T.);
#4787=EDGE_CURVE('',#3906,#3905,#531,.T.);
#4788=EDGE_CURVE('',#3907,#3906,#1897,.T.);
#4789=EDGE_CURVE('',#3907,#3908,#1898,.T.);
#4790=EDGE_CURVE('',#3908,#3864,#1899,.T.);
#4791=EDGE_CURVE('',#3861,#3881,#1900,.T.);
#4792=EDGE_CURVE('',#3837,#3871,#1901,.T.);
#4793=EDGE_CURVE('',#3909,#3878,#1902,.T.);
#4794=EDGE_CURVE('',#3873,#3909,#1903,.T.);
#4795=EDGE_CURVE('',#3910,#3909,#1904,.T.);
#4796=EDGE_CURVE('',#3872,#3910,#1905,.T.);
#4797=EDGE_CURVE('',#3837,#3910,#1906,.T.);
#4798=EDGE_CURVE('',#3911,#3884,#1907,.T.);
#4799=EDGE_CURVE('',#3884,#3912,#1908,.T.);
#4800=EDGE_CURVE('',#3912,#3913,#1909,.F.);
#4801=EDGE_CURVE('',#3913,#3911,#1910,.T.);
#4802=EDGE_CURVE('',#3912,#3914,#1911,.T.);
#4803=EDGE_CURVE('',#3915,#3883,#1912,.T.);
#4804=EDGE_CURVE('',#3916,#3915,#1913,.T.);
#4805=EDGE_CURVE('',#3917,#3916,#1914,.T.);
#4806=EDGE_CURVE('',#3914,#3917,#1915,.T.);
#4807=EDGE_CURVE('',#3911,#3918,#1916,.T.);
#4808=EDGE_CURVE('',#3918,#3885,#1917,.T.);
#4809=EDGE_CURVE('',#3919,#3920,#1918,.T.);
#4810=EDGE_CURVE('',#3920,#3921,#1919,.T.);
#4811=EDGE_CURVE('',#3921,#3922,#1920,.F.);
#4812=EDGE_CURVE('',#3922,#3923,#1921,.T.);
#4813=EDGE_CURVE('',#3923,#3919,#1922,.T.);
#4814=EDGE_CURVE('',#3923,#3924,#1923,.T.);
#4815=EDGE_CURVE('',#3925,#3924,#1924,.T.);
#4816=EDGE_CURVE('',#3888,#3925,#1925,.T.);
#4817=EDGE_CURVE('',#3887,#3919,#1926,.T.);
#4818=EDGE_CURVE('',#3926,#3922,#1927,.T.);
#4819=EDGE_CURVE('',#3927,#3926,#1928,.T.);
#4820=EDGE_CURVE('',#3928,#3927,#1929,.T.);
#4821=EDGE_CURVE('',#3929,#3928,#1930,.T.);
#4822=EDGE_CURVE('',#3930,#3929,#1931,.T.);
#4823=EDGE_CURVE('',#3924,#3930,#1932,.T.);
#4824=EDGE_CURVE('',#3930,#3931,#1933,.F.);
#4825=EDGE_CURVE('',#3931,#3932,#1934,.T.);
#4826=EDGE_CURVE('',#3932,#3925,#1935,.T.);
#4827=EDGE_CURVE('',#3932,#3933,#1936,.T.);
#4828=EDGE_CURVE('',#3933,#3889,#1937,.T.);
#4829=EDGE_CURVE('',#3934,#3935,#1938,.T.);
#4830=EDGE_CURVE('',#3935,#3936,#1939,.T.);
#4831=EDGE_CURVE('',#3936,#3937,#1940,.F.);
#4832=EDGE_CURVE('',#3937,#3938,#1941,.T.);
#4833=EDGE_CURVE('',#3938,#3934,#1942,.T.);
#4834=EDGE_CURVE('',#3938,#3939,#1943,.T.);
#4835=EDGE_CURVE('',#3940,#3939,#1944,.T.);
#4836=EDGE_CURVE('',#3892,#3940,#1945,.T.);
#4837=EDGE_CURVE('',#3891,#3934,#1946,.T.);
#4838=EDGE_CURVE('',#3941,#3937,#1947,.T.);
#4839=EDGE_CURVE('',#3942,#3941,#1948,.T.);
#4840=EDGE_CURVE('',#3943,#3942,#1949,.T.);
#4841=EDGE_CURVE('',#3944,#3943,#1950,.T.);
#4842=EDGE_CURVE('',#3945,#3944,#1951,.T.);
#4843=EDGE_CURVE('',#3939,#3945,#1952,.T.);
#4844=EDGE_CURVE('',#3945,#3946,#1953,.F.);
#4845=EDGE_CURVE('',#3946,#3947,#1954,.T.);
#4846=EDGE_CURVE('',#3947,#3940,#1955,.T.);
#4847=EDGE_CURVE('',#3947,#3948,#1956,.T.);
#4848=EDGE_CURVE('',#3948,#3893,#1957,.T.);
#4849=EDGE_CURVE('',#3949,#3950,#1958,.T.);
#4850=EDGE_CURVE('',#3950,#3951,#1959,.T.);
#4851=EDGE_CURVE('',#3951,#3952,#1960,.F.);
#4852=EDGE_CURVE('',#3952,#3953,#1961,.T.);
#4853=EDGE_CURVE('',#3953,#3949,#1962,.T.);
#4854=EDGE_CURVE('',#3953,#3954,#1963,.T.);
#4855=EDGE_CURVE('',#3955,#3954,#1964,.T.);
#4856=EDGE_CURVE('',#3896,#3955,#1965,.T.);
#4857=EDGE_CURVE('',#3895,#3949,#1966,.T.);
#4858=EDGE_CURVE('',#3956,#3952,#1967,.T.);
#4859=EDGE_CURVE('',#3957,#3956,#1968,.T.);
#4860=EDGE_CURVE('',#3958,#3957,#1969,.T.);
#4861=EDGE_CURVE('',#3959,#3958,#1970,.T.);
#4862=EDGE_CURVE('',#3960,#3959,#1971,.T.);
#4863=EDGE_CURVE('',#3954,#3960,#1972,.T.);
#4864=EDGE_CURVE('',#3960,#3961,#1973,.F.);
#4865=EDGE_CURVE('',#3961,#3962,#1974,.T.);
#4866=EDGE_CURVE('',#3962,#3955,#1975,.T.);
#4867=EDGE_CURVE('',#3962,#3963,#1976,.T.);
#4868=EDGE_CURVE('',#3963,#3897,#1977,.T.);
#4869=EDGE_CURVE('',#3964,#3965,#1978,.T.);
#4870=EDGE_CURVE('',#3965,#3966,#1979,.T.);
#4871=EDGE_CURVE('',#3966,#3967,#1980,.F.);
#4872=EDGE_CURVE('',#3967,#3968,#1981,.T.);
#4873=EDGE_CURVE('',#3968,#3964,#1982,.T.);
#4874=EDGE_CURVE('',#3968,#3969,#1983,.T.);
#4875=EDGE_CURVE('',#3970,#3969,#1984,.T.);
#4876=EDGE_CURVE('',#3900,#3970,#1985,.T.);
#4877=EDGE_CURVE('',#3899,#3964,#1986,.T.);
#4878=EDGE_CURVE('',#3971,#3967,#1987,.T.);
#4879=EDGE_CURVE('',#3972,#3971,#1988,.T.);
#4880=EDGE_CURVE('',#3973,#3972,#1989,.T.);
#4881=EDGE_CURVE('',#3974,#3973,#1990,.T.);
#4882=EDGE_CURVE('',#3975,#3974,#1991,.T.);
#4883=EDGE_CURVE('',#3969,#3975,#1992,.T.);
#4884=EDGE_CURVE('',#3975,#3976,#1993,.F.);
#4885=EDGE_CURVE('',#3976,#3977,#1994,.T.);
#4886=EDGE_CURVE('',#3977,#3970,#1995,.T.);
#4887=EDGE_CURVE('',#3977,#3978,#1996,.T.);
#4888=EDGE_CURVE('',#3978,#3901,#1997,.T.);
#4889=EDGE_CURVE('',#3979,#3980,#1998,.T.);
#4890=EDGE_CURVE('',#3980,#3981,#1999,.T.);
#4891=EDGE_CURVE('',#3981,#3982,#2000,.F.);
#4892=EDGE_CURVE('',#3982,#3983,#2001,.T.);
#4893=EDGE_CURVE('',#3983,#3979,#2002,.T.);
#4894=EDGE_CURVE('',#3983,#3984,#2003,.T.);
#4895=EDGE_CURVE('',#3985,#3984,#2004,.T.);
#4896=EDGE_CURVE('',#3904,#3985,#2005,.T.);
#4897=EDGE_CURVE('',#3903,#3979,#2006,.T.);
#4898=EDGE_CURVE('',#3986,#3982,#2007,.T.);
#4899=EDGE_CURVE('',#3987,#3986,#2008,.T.);
#4900=EDGE_CURVE('',#3988,#3987,#2009,.T.);
#4901=EDGE_CURVE('',#3989,#3988,#2010,.T.);
#4902=EDGE_CURVE('',#3990,#3989,#2011,.T.);
#4903=EDGE_CURVE('',#3984,#3990,#2012,.T.);
#4904=EDGE_CURVE('',#3990,#3991,#2013,.F.);
#4905=EDGE_CURVE('',#3991,#3992,#2014,.T.);
#4906=EDGE_CURVE('',#3992,#3985,#2015,.T.);
#4907=EDGE_CURVE('',#3992,#3993,#2016,.T.);
#4908=EDGE_CURVE('',#3993,#3905,#2017,.T.);
#4909=EDGE_CURVE('',#3907,#3994,#2018,.T.);
#4910=EDGE_CURVE('',#3994,#3995,#2019,.T.);
#4911=EDGE_CURVE('',#3995,#3996,#2020,.F.);
#4912=EDGE_CURVE('',#3996,#3907,#2021,.T.);
#4913=EDGE_CURVE('',#3997,#3994,#2022,.T.);
#4914=EDGE_CURVE('',#3997,#3998,#2023,.T.);
#4915=EDGE_CURVE('',#3998,#3995,#2024,.T.);
#4916=EDGE_CURVE('',#3997,#3906,#2025,.T.);
#4917=EDGE_CURVE('',#3995,#3999,#2026,.T.);
#4918=EDGE_CURVE('',#3999,#4000,#2027,.T.);
#4919=EDGE_CURVE('',#4000,#3996,#2028,.T.);
#4920=EDGE_CURVE('',#4001,#4002,#2029,.T.);
#4921=EDGE_CURVE('',#4002,#4000,#532,.T.);
#4922=EDGE_CURVE('',#3999,#4001,#533,.T.);
#4923=EDGE_CURVE('',#4001,#4003,#2030,.T.);
#4924=EDGE_CURVE('',#4003,#4004,#2031,.T.);
#4925=EDGE_CURVE('',#4004,#4002,#2032,.T.);
#4926=EDGE_CURVE('',#4003,#4005,#534,.T.);
#4927=EDGE_CURVE('',#4005,#4006,#2033,.T.);
#4928=EDGE_CURVE('',#4006,#4004,#535,.T.);
#4929=EDGE_CURVE('',#4005,#4007,#2034,.T.);
#4930=EDGE_CURVE('',#4007,#4008,#2035,.T.);
#4931=EDGE_CURVE('',#4008,#4006,#2036,.T.);
#4932=EDGE_CURVE('',#4009,#3989,#2037,.T.);
#4933=EDGE_CURVE('',#3989,#4008,#536,.T.);
#4934=EDGE_CURVE('',#4007,#4009,#537,.T.);
#4935=EDGE_CURVE('',#4009,#3991,#2038,.T.);
#4936=EDGE_CURVE('',#4010,#3998,#538,.T.);
#4937=EDGE_CURVE('',#3991,#4010,#2039,.T.);
#4938=EDGE_CURVE('',#3981,#4011,#2040,.T.);
#4939=EDGE_CURVE('',#4011,#3986,#2041,.T.);
#4940=EDGE_CURVE('',#4012,#4013,#2042,.T.);
#4941=EDGE_CURVE('',#4013,#3986,#539,.T.);
#4942=EDGE_CURVE('',#4011,#4012,#540,.T.);
#4943=EDGE_CURVE('',#4012,#4014,#2043,.T.);
#4944=EDGE_CURVE('',#4014,#4015,#2044,.T.);
#4945=EDGE_CURVE('',#4015,#4013,#2045,.T.);
#4946=EDGE_CURVE('',#4014,#4016,#541,.T.);
#4947=EDGE_CURVE('',#4016,#4017,#2046,.T.);
#4948=EDGE_CURVE('',#4017,#4015,#542,.T.);
#4949=EDGE_CURVE('',#4016,#4018,#2047,.T.);
#4950=EDGE_CURVE('',#4018,#4019,#2048,.T.);
#4951=EDGE_CURVE('',#4019,#4017,#2049,.T.);
#4952=EDGE_CURVE('',#4020,#3974,#2050,.T.);
#4953=EDGE_CURVE('',#3974,#4019,#543,.T.);
#4954=EDGE_CURVE('',#4018,#4020,#544,.T.);
#4955=EDGE_CURVE('',#4020,#3976,#2051,.T.);
#4956=EDGE_CURVE('',#4021,#3981,#2052,.T.);
#4957=EDGE_CURVE('',#4022,#4021,#545,.T.);
#4958=EDGE_CURVE('',#3976,#4022,#2053,.T.);
#4959=EDGE_CURVE('',#3966,#4023,#2054,.T.);
#4960=EDGE_CURVE('',#4023,#3971,#2055,.T.);
#4961=EDGE_CURVE('',#4024,#4025,#2056,.T.);
#4962=EDGE_CURVE('',#4025,#3971,#546,.T.);
#4963=EDGE_CURVE('',#4023,#4024,#547,.T.);
#4964=EDGE_CURVE('',#4024,#4026,#2057,.T.);
#4965=EDGE_CURVE('',#4026,#4027,#2058,.T.);
#4966=EDGE_CURVE('',#4027,#4025,#2059,.T.);
#4967=EDGE_CURVE('',#4026,#4028,#548,.T.);
#4968=EDGE_CURVE('',#4028,#4029,#2060,.T.);
#4969=EDGE_CURVE('',#4029,#4027,#549,.T.);
#4970=EDGE_CURVE('',#4028,#4030,#2061,.T.);
#4971=EDGE_CURVE('',#4030,#4031,#2062,.T.);
#4972=EDGE_CURVE('',#4031,#4029,#2063,.T.);
#4973=EDGE_CURVE('',#4032,#3959,#2064,.T.);
#4974=EDGE_CURVE('',#3959,#4031,#550,.T.);
#4975=EDGE_CURVE('',#4030,#4032,#551,.T.);
#4976=EDGE_CURVE('',#4032,#3961,#2065,.T.);
#4977=EDGE_CURVE('',#4033,#3966,#2066,.T.);
#4978=EDGE_CURVE('',#4034,#4033,#552,.T.);
#4979=EDGE_CURVE('',#3961,#4034,#2067,.T.);
#4980=EDGE_CURVE('',#3951,#4035,#2068,.T.);
#4981=EDGE_CURVE('',#4035,#3956,#2069,.T.);
#4982=EDGE_CURVE('',#4036,#4037,#2070,.T.);
#4983=EDGE_CURVE('',#4037,#3956,#553,.T.);
#4984=EDGE_CURVE('',#4035,#4036,#554,.T.);
#4985=EDGE_CURVE('',#4036,#4038,#2071,.T.);
#4986=EDGE_CURVE('',#4038,#4039,#2072,.T.);
#4987=EDGE_CURVE('',#4039,#4037,#2073,.T.);
#4988=EDGE_CURVE('',#4038,#4040,#555,.T.);
#4989=EDGE_CURVE('',#4040,#4041,#2074,.T.);
#4990=EDGE_CURVE('',#4041,#4039,#556,.T.);
#4991=EDGE_CURVE('',#4040,#4042,#2075,.T.);
#4992=EDGE_CURVE('',#4042,#4043,#2076,.T.);
#4993=EDGE_CURVE('',#4043,#4041,#2077,.T.);
#4994=EDGE_CURVE('',#4044,#3944,#2078,.T.);
#4995=EDGE_CURVE('',#3944,#4043,#557,.T.);
#4996=EDGE_CURVE('',#4042,#4044,#558,.T.);
#4997=EDGE_CURVE('',#4044,#3946,#2079,.T.);
#4998=EDGE_CURVE('',#4045,#3951,#2080,.T.);
#4999=EDGE_CURVE('',#4046,#4045,#559,.T.);
#5000=EDGE_CURVE('',#3946,#4046,#2081,.T.);
#5001=EDGE_CURVE('',#3936,#4047,#2082,.T.);
#5002=EDGE_CURVE('',#4047,#3941,#2083,.T.);
#5003=EDGE_CURVE('',#4048,#4049,#2084,.T.);
#5004=EDGE_CURVE('',#4049,#3941,#560,.T.);
#5005=EDGE_CURVE('',#4047,#4048,#561,.T.);
#5006=EDGE_CURVE('',#4048,#4050,#2085,.T.);
#5007=EDGE_CURVE('',#4050,#4051,#2086,.T.);
#5008=EDGE_CURVE('',#4051,#4049,#2087,.T.);
#5009=EDGE_CURVE('',#4050,#4052,#562,.T.);
#5010=EDGE_CURVE('',#4052,#4053,#2088,.T.);
#5011=EDGE_CURVE('',#4053,#4051,#563,.T.);
#5012=EDGE_CURVE('',#4052,#4054,#2089,.T.);
#5013=EDGE_CURVE('',#4054,#4055,#2090,.T.);
#5014=EDGE_CURVE('',#4055,#4053,#2091,.T.);
#5015=EDGE_CURVE('',#4056,#3929,#2092,.T.);
#5016=EDGE_CURVE('',#3929,#4055,#564,.T.);
#5017=EDGE_CURVE('',#4054,#4056,#565,.T.);
#5018=EDGE_CURVE('',#4056,#3931,#2093,.T.);
#5019=EDGE_CURVE('',#4057,#3936,#2094,.T.);
#5020=EDGE_CURVE('',#4058,#4057,#566,.T.);
#5021=EDGE_CURVE('',#3931,#4058,#2095,.T.);
#5022=EDGE_CURVE('',#3921,#4059,#2096,.T.);
#5023=EDGE_CURVE('',#4059,#3926,#2097,.T.);
#5024=EDGE_CURVE('',#4060,#4061,#2098,.T.);
#5025=EDGE_CURVE('',#4061,#3926,#567,.T.);
#5026=EDGE_CURVE('',#4059,#4060,#568,.T.);
#5027=EDGE_CURVE('',#4060,#4062,#2099,.T.);
#5028=EDGE_CURVE('',#4062,#4063,#2100,.T.);
#5029=EDGE_CURVE('',#4063,#4061,#2101,.T.);
#5030=EDGE_CURVE('',#4062,#4064,#569,.T.);
#5031=EDGE_CURVE('',#4064,#4065,#2102,.T.);
#5032=EDGE_CURVE('',#4065,#4063,#570,.T.);
#5033=EDGE_CURVE('',#4064,#4066,#2103,.T.);
#5034=EDGE_CURVE('',#4066,#4067,#2104,.T.);
#5035=EDGE_CURVE('',#4067,#4065,#2105,.T.);
#5036=EDGE_CURVE('',#4068,#3914,#2106,.T.);
#5037=EDGE_CURVE('',#3914,#4067,#571,.T.);
#5038=EDGE_CURVE('',#4066,#4068,#572,.T.);
#5039=EDGE_CURVE('',#4068,#3913,#2107,.T.);
#5040=EDGE_CURVE('',#4069,#3921,#2108,.T.);
#5041=EDGE_CURVE('',#4070,#4069,#573,.T.);
#5042=EDGE_CURVE('',#3913,#4070,#2109,.T.);
#5043=EDGE_CURVE('',#3993,#3997,#574,.T.);
#5044=EDGE_CURVE('',#4071,#3902,#2110,.T.);
#5045=EDGE_CURVE('',#3978,#4071,#575,.T.);
#5046=EDGE_CURVE('',#4071,#3980,#2111,.T.);
#5047=EDGE_CURVE('',#4072,#3898,#2112,.T.);
#5048=EDGE_CURVE('',#3963,#4072,#576,.T.);
#5049=EDGE_CURVE('',#4072,#3965,#2113,.T.);
#5050=EDGE_CURVE('',#4073,#3894,#2114,.T.);
#5051=EDGE_CURVE('',#3948,#4073,#577,.T.);
#5052=EDGE_CURVE('',#4073,#3950,#2115,.T.);
#5053=EDGE_CURVE('',#4074,#3890,#2116,.T.);
#5054=EDGE_CURVE('',#3933,#4074,#578,.T.);
#5055=EDGE_CURVE('',#4074,#3935,#2117,.T.);
#5056=EDGE_CURVE('',#4075,#3886,#2118,.T.);
#5057=EDGE_CURVE('',#3918,#4075,#579,.T.);
#5058=EDGE_CURVE('',#4075,#3920,#2119,.T.);
#5059=EDGE_CURVE('',#3993,#4010,#2120,.T.);
#5060=EDGE_CURVE('',#4071,#4021,#2121,.T.);
#5061=EDGE_CURVE('',#3978,#4022,#2122,.T.);
#5062=EDGE_CURVE('',#4072,#4033,#2123,.T.);
#5063=EDGE_CURVE('',#3963,#4034,#2124,.T.);
#5064=EDGE_CURVE('',#4073,#4045,#2125,.T.);
#5065=EDGE_CURVE('',#3948,#4046,#2126,.T.);
#5066=EDGE_CURVE('',#4074,#4057,#2127,.T.);
#5067=EDGE_CURVE('',#3933,#4058,#2128,.T.);
#5068=EDGE_CURVE('',#4075,#4069,#2129,.T.);
#5069=EDGE_CURVE('',#3918,#4070,#2130,.T.);
#5070=EDGE_CURVE('',#4076,#4077,#2131,.T.);
#5071=EDGE_CURVE('',#4077,#4078,#87,.T.);
#5072=EDGE_CURVE('',#4078,#4077,#88,.T.);
#5073=EDGE_CURVE('',#4076,#4076,#89,.T.);
#5074=EDGE_CURVE('',#4079,#4080,#2132,.T.);
#5075=EDGE_CURVE('',#4081,#4079,#2133,.T.);
#5076=EDGE_CURVE('',#4082,#4081,#2134,.T.);
#5077=EDGE_CURVE('',#4083,#4082,#580,.T.);
#5078=EDGE_CURVE('',#4084,#4083,#2135,.T.);
#5079=EDGE_CURVE('',#4085,#4084,#581,.T.);
#5080=EDGE_CURVE('',#4086,#4085,#2136,.T.);
#5081=EDGE_CURVE('',#4087,#4086,#582,.T.);
#5082=EDGE_CURVE('',#4088,#4087,#2137,.T.);
#5083=EDGE_CURVE('',#4089,#4088,#583,.T.);
#5084=EDGE_CURVE('',#4090,#4089,#2138,.T.);
#5085=EDGE_CURVE('',#4091,#4090,#584,.T.);
#5086=EDGE_CURVE('',#4092,#4091,#2139,.T.);
#5087=EDGE_CURVE('',#4093,#4092,#585,.T.);
#5088=EDGE_CURVE('',#4094,#4093,#2140,.T.);
#5089=EDGE_CURVE('',#4095,#4094,#586,.T.);
#5090=EDGE_CURVE('',#4096,#4095,#2141,.T.);
#5091=EDGE_CURVE('',#4097,#4096,#587,.T.);
#5092=EDGE_CURVE('',#4098,#4097,#2142,.T.);
#5093=EDGE_CURVE('',#4099,#4098,#588,.T.);
#5094=EDGE_CURVE('',#4100,#4099,#2143,.T.);
#5095=EDGE_CURVE('',#4101,#4100,#589,.T.);
#5096=EDGE_CURVE('',#4102,#4101,#2144,.T.);
#5097=EDGE_CURVE('',#4103,#4102,#590,.T.);
#5098=EDGE_CURVE('',#4104,#4103,#2145,.T.);
#5099=EDGE_CURVE('',#4105,#4104,#591,.T.);
#5100=EDGE_CURVE('',#4106,#4105,#2146,.T.);
#5101=EDGE_CURVE('',#4107,#4106,#592,.T.);
#5102=EDGE_CURVE('',#4108,#4107,#2147,.T.);
#5103=EDGE_CURVE('',#4109,#4108,#593,.T.);
#5104=EDGE_CURVE('',#4110,#4109,#2148,.T.);
#5105=EDGE_CURVE('',#4111,#4110,#594,.T.);
#5106=EDGE_CURVE('',#4112,#4111,#2149,.T.);
#5107=EDGE_CURVE('',#4113,#4112,#595,.T.);
#5108=EDGE_CURVE('',#4114,#4113,#2150,.T.);
#5109=EDGE_CURVE('',#4115,#4114,#596,.T.);
#5110=EDGE_CURVE('',#4116,#4115,#2151,.T.);
#5111=EDGE_CURVE('',#4117,#4116,#597,.T.);
#5112=EDGE_CURVE('',#4118,#4117,#2152,.T.);
#5113=EDGE_CURVE('',#4080,#4118,#2153,.T.);
#5114=EDGE_CURVE('',#4119,#4119,#90,.T.);
#5115=EDGE_CURVE('',#4078,#3850,#2154,.T.);
#5116=EDGE_CURVE('',#4119,#4120,#2155,.T.);
#5117=EDGE_CURVE('',#4120,#4121,#91,.T.);
#5118=EDGE_CURVE('',#4121,#4120,#92,.T.);
#5119=EDGE_CURVE('',#4121,#3847,#2156,.T.);
#5120=EDGE_CURVE('',#3909,#3883,#2157,.T.);
#5121=EDGE_CURVE('',#3882,#3878,#2158,.T.);
#5122=EDGE_CURVE('',#3908,#3865,#2159,.T.);
#5123=EDGE_CURVE('',#3908,#4122,#2160,.T.);
#5124=EDGE_CURVE('',#3866,#4122,#2161,.T.);
#5125=EDGE_CURVE('',#3836,#3915,#2162,.T.);
#5126=EDGE_CURVE('',#3915,#3910,#2163,.T.);
#5127=EDGE_CURVE('',#4118,#3835,#2164,.T.);
#5128=EDGE_CURVE('',#3916,#4118,#2165,.T.);
#5129=EDGE_CURVE('',#3835,#3916,#2166,.T.);
#5130=EDGE_CURVE('',#4123,#4124,#2167,.T.);
#5131=EDGE_CURVE('',#4081,#4123,#2168,.T.);
#5132=EDGE_CURVE('',#4124,#4081,#2169,.T.);
#5133=EDGE_CURVE('',#4117,#3917,#2170,.T.);
#5134=EDGE_CURVE('',#4116,#4125,#2171,.T.);
#5135=EDGE_CURVE('',#4125,#3917,#598,.T.);
#5136=EDGE_CURVE('',#4115,#4126,#2172,.T.);
#5137=EDGE_CURVE('',#4126,#4125,#2173,.T.);
#5138=EDGE_CURVE('',#4114,#4127,#2174,.T.);
#5139=EDGE_CURVE('',#4127,#4126,#599,.T.);
#5140=EDGE_CURVE('',#4113,#4128,#2175,.T.);
#5141=EDGE_CURVE('',#4128,#4127,#2176,.T.);
#5142=EDGE_CURVE('',#4112,#3927,#2177,.T.);
#5143=EDGE_CURVE('',#3927,#4128,#600,.T.);
#5144=EDGE_CURVE('',#4111,#3928,#2178,.T.);
#5145=EDGE_CURVE('',#4110,#4129,#2179,.T.);
#5146=EDGE_CURVE('',#4129,#3928,#601,.T.);
#5147=EDGE_CURVE('',#4109,#4130,#2180,.T.);
#5148=EDGE_CURVE('',#4130,#4129,#2181,.T.);
#5149=EDGE_CURVE('',#4108,#4131,#2182,.T.);
#5150=EDGE_CURVE('',#4131,#4130,#602,.T.);
#5151=EDGE_CURVE('',#4107,#4132,#2183,.T.);
#5152=EDGE_CURVE('',#4132,#4131,#2184,.T.);
#5153=EDGE_CURVE('',#4106,#3942,#2185,.T.);
#5154=EDGE_CURVE('',#3942,#4132,#603,.T.);
#5155=EDGE_CURVE('',#4105,#3943,#2186,.T.);
#5156=EDGE_CURVE('',#4104,#4133,#2187,.T.);
#5157=EDGE_CURVE('',#4133,#3943,#604,.T.);
#5158=EDGE_CURVE('',#4103,#4134,#2188,.T.);
#5159=EDGE_CURVE('',#4134,#4133,#2189,.T.);
#5160=EDGE_CURVE('',#4102,#4135,#2190,.T.);
#5161=EDGE_CURVE('',#4135,#4134,#605,.T.);
#5162=EDGE_CURVE('',#4101,#4136,#2191,.T.);
#5163=EDGE_CURVE('',#4136,#4135,#2192,.T.);
#5164=EDGE_CURVE('',#4100,#3957,#2193,.T.);
#5165=EDGE_CURVE('',#3957,#4136,#606,.T.);
#5166=EDGE_CURVE('',#4099,#3958,#2194,.T.);
#5167=EDGE_CURVE('',#4098,#4137,#2195,.T.);
#5168=EDGE_CURVE('',#4137,#3958,#607,.T.);
#5169=EDGE_CURVE('',#4097,#4138,#2196,.T.);
#5170=EDGE_CURVE('',#4138,#4137,#2197,.T.);
#5171=EDGE_CURVE('',#4096,#4139,#2198,.T.);
#5172=EDGE_CURVE('',#4139,#4138,#608,.T.);
#5173=EDGE_CURVE('',#4095,#4140,#2199,.T.);
#5174=EDGE_CURVE('',#4140,#4139,#2200,.T.);
#5175=EDGE_CURVE('',#4094,#3972,#2201,.T.);
#5176=EDGE_CURVE('',#3972,#4140,#609,.T.);
#5177=EDGE_CURVE('',#4093,#3973,#2202,.T.);
#5178=EDGE_CURVE('',#4092,#4141,#2203,.T.);
#5179=EDGE_CURVE('',#4141,#3973,#610,.T.);
#5180=EDGE_CURVE('',#4091,#4142,#2204,.T.);
#5181=EDGE_CURVE('',#4142,#4141,#2205,.T.);
#5182=EDGE_CURVE('',#4090,#4143,#2206,.T.);
#5183=EDGE_CURVE('',#4143,#4142,#611,.T.);
#5184=EDGE_CURVE('',#4089,#4144,#2207,.T.);
#5185=EDGE_CURVE('',#4144,#4143,#2208,.T.);
#5186=EDGE_CURVE('',#4088,#3987,#2209,.T.);
#5187=EDGE_CURVE('',#3987,#4144,#612,.T.);
#5188=EDGE_CURVE('',#4087,#3988,#2210,.T.);
#5189=EDGE_CURVE('',#4086,#4145,#2211,.T.);
#5190=EDGE_CURVE('',#4145,#3988,#613,.T.);
#5191=EDGE_CURVE('',#4085,#4146,#2212,.T.);
#5192=EDGE_CURVE('',#4146,#4145,#2213,.T.);
#5193=EDGE_CURVE('',#4084,#4147,#2214,.T.);
#5194=EDGE_CURVE('',#4147,#4146,#614,.T.);
#5195=EDGE_CURVE('',#4083,#4148,#2215,.T.);
#5196=EDGE_CURVE('',#4148,#4147,#2216,.T.);
#5197=EDGE_CURVE('',#4082,#4149,#2217,.T.);
#5198=EDGE_CURVE('',#4149,#4148,#615,.T.);
#5199=EDGE_CURVE('',#4123,#4149,#2218,.T.);
#5200=EDGE_CURVE('',#3877,#4079,#2219,.T.);
#5201=EDGE_CURVE('',#4080,#3834,#2220,.T.);
#5202=EDGE_CURVE('',#3877,#4124,#2221,.T.);
#5203=EDGE_CURVE('',#4122,#4123,#2222,.T.);
#5204=EDGE_CURVE('',#4124,#4150,#2223,.T.);
#5205=EDGE_CURVE('',#4150,#4122,#2224,.T.);
#5206=EDGE_CURVE('',#4150,#3867,#2225,.T.);
#5207=EDGE_CURVE('',#4137,#4031,#2226,.T.);
#5208=EDGE_CURVE('',#4029,#4138,#2227,.T.);
#5209=EDGE_CURVE('',#4027,#4139,#2228,.T.);
#5210=EDGE_CURVE('',#4025,#4140,#2229,.T.);
#5211=EDGE_CURVE('',#4141,#4019,#2230,.T.);
#5212=EDGE_CURVE('',#4017,#4142,#2231,.T.);
#5213=EDGE_CURVE('',#4015,#4143,#2232,.T.);
#5214=EDGE_CURVE('',#4013,#4144,#2233,.T.);
#5215=EDGE_CURVE('',#4145,#4008,#2234,.T.);
#5216=EDGE_CURVE('',#4006,#4146,#2235,.T.);
#5217=EDGE_CURVE('',#4004,#4147,#2236,.T.);
#5218=EDGE_CURVE('',#4002,#4148,#2237,.T.);
#5219=EDGE_CURVE('',#4149,#4000,#2238,.T.);
#5220=EDGE_CURVE('',#4037,#4136,#2239,.T.);
#5221=EDGE_CURVE('',#4039,#4135,#2240,.T.);
#5222=EDGE_CURVE('',#4133,#4043,#2241,.T.);
#5223=EDGE_CURVE('',#4049,#4132,#2242,.T.);
#5224=EDGE_CURVE('',#4129,#4055,#2243,.T.);
#5225=EDGE_CURVE('',#4061,#4128,#2244,.T.);
#5226=EDGE_CURVE('',#4125,#4067,#2245,.T.);
#5227=EDGE_CURVE('',#4041,#4134,#2246,.T.);
#5228=EDGE_CURVE('',#4051,#4131,#2247,.T.);
#5229=EDGE_CURVE('',#4053,#4130,#2248,.T.);
#5230=EDGE_CURVE('',#4063,#4127,#2249,.T.);
#5231=EDGE_CURVE('',#4065,#4126,#2250,.T.);
#5232=EDGE_CURVE('',#4151,#4151,#616,.T.);
#5233=EDGE_CURVE('',#4151,#4152,#2251,.T.);
#5234=EDGE_CURVE('',#4152,#4152,#617,.T.);
#5235=EDGE_CURVE('',#4153,#4153,#618,.T.);
#5236=EDGE_CURVE('',#4153,#4154,#2252,.T.);
#5237=EDGE_CURVE('',#4154,#4154,#619,.T.);
#5238=EDGE_CURVE('',#4155,#4155,#620,.T.);
#5239=EDGE_CURVE('',#4155,#4156,#2253,.T.);
#5240=EDGE_CURVE('',#4156,#4156,#621,.T.);
#5241=EDGE_CURVE('',#4157,#4157,#622,.T.);
#5242=EDGE_CURVE('',#4157,#4158,#2254,.T.);
#5243=EDGE_CURVE('',#4158,#4158,#623,.T.);
#5244=EDGE_CURVE('',#4159,#4159,#624,.T.);
#5245=EDGE_CURVE('',#4159,#4160,#2255,.T.);
#5246=EDGE_CURVE('',#4160,#4160,#625,.T.);
#5247=EDGE_CURVE('',#4161,#4161,#626,.T.);
#5248=EDGE_CURVE('',#4161,#4162,#2256,.T.);
#5249=EDGE_CURVE('',#4162,#4162,#627,.T.);
#5250=EDGE_CURVE('',#4163,#4164,#2257,.T.);
#5251=EDGE_CURVE('',#4164,#4165,#2258,.T.);
#5252=EDGE_CURVE('',#4165,#4166,#2259,.T.);
#5253=EDGE_CURVE('',#4166,#4163,#2260,.T.);
#5254=EDGE_CURVE('',#4167,#4168,#2261,.T.);
#5255=EDGE_CURVE('',#4168,#4169,#2262,.T.);
#5256=EDGE_CURVE('',#4169,#4170,#2263,.T.);
#5257=EDGE_CURVE('',#4170,#4167,#2264,.T.);
#5258=EDGE_CURVE('',#4171,#4172,#2265,.T.);
#5259=EDGE_CURVE('',#4172,#4173,#2266,.T.);
#5260=EDGE_CURVE('',#4173,#4174,#2267,.T.);
#5261=EDGE_CURVE('',#4174,#4171,#2268,.T.);
#5262=EDGE_CURVE('',#4175,#4176,#2269,.T.);
#5263=EDGE_CURVE('',#4176,#4177,#2270,.T.);
#5264=EDGE_CURVE('',#4177,#4178,#2271,.T.);
#5265=EDGE_CURVE('',#4178,#4175,#2272,.T.);
#5266=EDGE_CURVE('',#4179,#4180,#2273,.T.);
#5267=EDGE_CURVE('',#4180,#4181,#2274,.T.);
#5268=EDGE_CURVE('',#4181,#4182,#2275,.T.);
#5269=EDGE_CURVE('',#4182,#4179,#2276,.T.);
#5270=EDGE_CURVE('',#4183,#4184,#2277,.T.);
#5271=EDGE_CURVE('',#4184,#4185,#2278,.T.);
#5272=EDGE_CURVE('',#4185,#4186,#2279,.T.);
#5273=EDGE_CURVE('',#4186,#4183,#2280,.T.);
#5274=EDGE_CURVE('',#4187,#4188,#2281,.T.);
#5275=EDGE_CURVE('',#4188,#4189,#2282,.T.);
#5276=EDGE_CURVE('',#4189,#4190,#2283,.T.);
#5277=EDGE_CURVE('',#4190,#4187,#2284,.T.);
#5278=EDGE_CURVE('',#4191,#4179,#2285,.T.);
#5279=EDGE_CURVE('',#4192,#4182,#2286,.T.);
#5280=EDGE_CURVE('',#4191,#4192,#2287,.T.);
#5281=EDGE_CURVE('',#4193,#4176,#2288,.T.);
#5282=EDGE_CURVE('',#4194,#4193,#2289,.T.);
#5283=EDGE_CURVE('',#4194,#4177,#2290,.T.);
#5284=EDGE_CURVE('',#4195,#4174,#2291,.T.);
#5285=EDGE_CURVE('',#4196,#4173,#2292,.T.);
#5286=EDGE_CURVE('',#4195,#4196,#2293,.T.);
#5287=EDGE_CURVE('',#4197,#4184,#2294,.T.);
#5288=EDGE_CURVE('',#4198,#4197,#2295,.T.);
#5289=EDGE_CURVE('',#4198,#4185,#2296,.T.);
#5290=EDGE_CURVE('',#4199,#4190,#2297,.T.);
#5291=EDGE_CURVE('',#4200,#4189,#2298,.T.);
#5292=EDGE_CURVE('',#4199,#4200,#2299,.T.);
#5293=EDGE_CURVE('',#4201,#4168,#2300,.T.);
#5294=EDGE_CURVE('',#4202,#4201,#2301,.T.);
#5295=EDGE_CURVE('',#4202,#4169,#2302,.T.);
#5296=EDGE_CURVE('',#4203,#4180,#2303,.T.);
#5297=EDGE_CURVE('',#4204,#4203,#2304,.T.);
#5298=EDGE_CURVE('',#4204,#4181,#2305,.T.);
#5299=EDGE_CURVE('',#4205,#4187,#2306,.T.);
#5300=EDGE_CURVE('',#4206,#4205,#2307,.T.);
#5301=EDGE_CURVE('',#4206,#4188,#2308,.T.);
#5302=EDGE_CURVE('',#4207,#4171,#2309,.T.);
#5303=EDGE_CURVE('',#4208,#4207,#2310,.T.);
#5304=EDGE_CURVE('',#4208,#4172,#2311,.T.);
#5305=EDGE_CURVE('',#4209,#4175,#2312,.T.);
#5306=EDGE_CURVE('',#4210,#4178,#2313,.T.);
#5307=EDGE_CURVE('',#4209,#4210,#2314,.T.);
#5308=EDGE_CURVE('',#4211,#4183,#2315,.T.);
#5309=EDGE_CURVE('',#4212,#4186,#2316,.T.);
#5310=EDGE_CURVE('',#4211,#4212,#2317,.T.);
#5311=EDGE_CURVE('',#4203,#4191,#2318,.T.);
#5312=EDGE_CURVE('',#4192,#4204,#2319,.T.);
#5313=EDGE_CURVE('',#4213,#4213,#628,.T.);
#5314=EDGE_CURVE('',#4193,#4209,#2320,.T.);
#5315=EDGE_CURVE('',#4210,#4194,#2321,.T.);
#5316=EDGE_CURVE('',#4214,#4214,#629,.T.);
#5317=EDGE_CURVE('',#4207,#4195,#2322,.T.);
#5318=EDGE_CURVE('',#4196,#4208,#2323,.T.);
#5319=EDGE_CURVE('',#4215,#4215,#630,.T.);
#5320=EDGE_CURVE('',#4197,#4211,#2324,.T.);
#5321=EDGE_CURVE('',#4212,#4198,#2325,.T.);
#5322=EDGE_CURVE('',#4216,#4216,#631,.T.);
#5323=EDGE_CURVE('',#4205,#4199,#2326,.T.);
#5324=EDGE_CURVE('',#4200,#4206,#2327,.T.);
#5325=EDGE_CURVE('',#4217,#4217,#632,.T.);
#5326=EDGE_CURVE('',#4201,#4218,#2328,.T.);
#5327=EDGE_CURVE('',#4218,#4219,#2329,.T.);
#5328=EDGE_CURVE('',#4219,#4202,#2330,.T.);
#5329=EDGE_CURVE('',#4220,#4220,#633,.T.);
#5330=EDGE_CURVE('',#4221,#4221,#634,.T.);
#5331=EDGE_CURVE('',#4221,#4213,#2331,.T.);
#5332=EDGE_CURVE('',#4222,#4222,#635,.T.);
#5333=EDGE_CURVE('',#4222,#4217,#2332,.T.);
#5334=EDGE_CURVE('',#4223,#4223,#636,.T.);
#5335=EDGE_CURVE('',#4223,#4220,#2333,.T.);
#5336=EDGE_CURVE('',#4224,#4224,#637,.T.);
#5337=EDGE_CURVE('',#4224,#4215,#2334,.T.);
#5338=EDGE_CURVE('',#4225,#4225,#638,.T.);
#5339=EDGE_CURVE('',#4225,#4216,#2335,.T.);
#5340=EDGE_CURVE('',#4226,#4227,#2336,.T.);
#5341=EDGE_CURVE('',#4227,#4228,#2337,.T.);
#5342=EDGE_CURVE('',#4228,#4229,#2338,.T.);
#5343=EDGE_CURVE('',#4226,#4229,#2339,.T.);
#5344=EDGE_CURVE('',#4227,#4230,#2340,.T.);
#5345=EDGE_CURVE('',#4230,#4231,#2341,.T.);
#5346=EDGE_CURVE('',#4231,#4228,#2342,.T.);
#5347=EDGE_CURVE('',#4230,#4232,#2343,.T.);
#5348=EDGE_CURVE('',#4232,#4233,#2344,.T.);
#5349=EDGE_CURVE('',#4233,#4231,#2345,.T.);
#5350=EDGE_CURVE('',#4229,#4233,#2346,.T.);
#5351=EDGE_CURVE('',#4232,#4226,#2347,.T.);
#5352=EDGE_CURVE('',#4234,#4229,#2348,.T.);
#5353=EDGE_CURVE('',#4235,#4234,#2349,.T.);
#5354=EDGE_CURVE('',#4235,#4233,#2350,.T.);
#5355=EDGE_CURVE('',#4236,#4228,#2351,.T.);
#5356=EDGE_CURVE('',#4234,#4236,#2352,.T.);
#5357=EDGE_CURVE('',#4237,#4237,#639,.T.);
#5358=EDGE_CURVE('',#4237,#4214,#2353,.T.);
#5359=EDGE_CURVE('',#4236,#4238,#2354,.T.);
#5360=EDGE_CURVE('',#4238,#4235,#2355,.T.);
#5361=EDGE_CURVE('',#4239,#4240,#2356,.T.);
#5362=EDGE_CURVE('',#4241,#4239,#2357,.T.);
#5363=EDGE_CURVE('',#4242,#4241,#2358,.T.);
#5364=EDGE_CURVE('',#4240,#4242,#2359,.T.);
#5365=EDGE_CURVE('',#4238,#4231,#2360,.T.);
#5366=EDGE_CURVE('',#4218,#4167,#2361,.T.);
#5367=EDGE_CURVE('',#4219,#4170,#2362,.T.);
#5368=EDGE_CURVE('',#4240,#4163,#2363,.T.);
#5369=EDGE_CURVE('',#4239,#4166,#2364,.T.);
#5370=EDGE_CURVE('',#4241,#4165,#2365,.T.);
#5371=EDGE_CURVE('',#4242,#4164,#2366,.T.);
#5372=EDGE_CURVE('',#4243,#4243,#640,.T.);
#5373=EDGE_CURVE('',#4243,#4244,#2367,.T.);
#5374=EDGE_CURVE('',#4244,#4244,#641,.T.);
#5375=EDGE_CURVE('',#4245,#4245,#642,.T.);
#5376=EDGE_CURVE('',#4245,#4246,#2368,.T.);
#5377=EDGE_CURVE('',#4246,#4246,#643,.T.);
#5378=EDGE_CURVE('',#4246,#4247,#2369,.T.);
#5379=EDGE_CURVE('',#4247,#4247,#644,.T.);
#5380=EDGE_CURVE('',#4247,#4248,#2370,.T.);
#5381=EDGE_CURVE('',#4248,#4248,#645,.T.);
#5382=EDGE_CURVE('',#4249,#4249,#646,.T.);
#5383=EDGE_CURVE('',#4250,#4250,#647,.T.);
#5384=EDGE_CURVE('',#4250,#4251,#2371,.T.);
#5385=EDGE_CURVE('',#4251,#4251,#648,.T.);
#5386=EDGE_CURVE('',#4252,#4252,#649,.T.);
#5387=EDGE_CURVE('',#4251,#4249,#2372,.T.);
#5388=EDGE_CURVE('',#4252,#4253,#2373,.T.);
#5389=EDGE_CURVE('',#4253,#4253,#650,.T.);
#5390=EDGE_CURVE('',#4254,#4255,#2374,.F.);
#5391=EDGE_CURVE('',#4255,#4256,#2375,.T.);
#5392=EDGE_CURVE('',#4256,#4257,#2376,.T.);
#5393=EDGE_CURVE('',#4257,#4254,#2377,.T.);
#5394=EDGE_CURVE('',#4256,#4258,#651,.T.);
#5395=EDGE_CURVE('',#4258,#4259,#2378,.T.);
#5396=EDGE_CURVE('',#4259,#4257,#652,.T.);
#5397=EDGE_CURVE('',#4260,#4261,#2379,.T.);
#5398=EDGE_CURVE('',#4261,#4259,#2380,.T.);
#5399=EDGE_CURVE('',#4258,#4260,#2381,.T.);
#5400=EDGE_CURVE('',#4260,#4262,#653,.T.);
#5401=EDGE_CURVE('',#4262,#4263,#2382,.T.);
#5402=EDGE_CURVE('',#4263,#4261,#654,.T.);
#5403=EDGE_CURVE('',#4264,#4265,#2383,.T.);
#5404=EDGE_CURVE('',#4265,#4263,#2384,.T.);
#5405=EDGE_CURVE('',#4262,#4264,#2385,.T.);
#5406=EDGE_CURVE('',#4264,#4266,#655,.T.);
#5407=EDGE_CURVE('',#4266,#4267,#2386,.T.);
#5408=EDGE_CURVE('',#4267,#4265,#656,.T.);
#5409=EDGE_CURVE('',#4268,#4269,#2387,.T.);
#5410=EDGE_CURVE('',#4269,#4267,#2388,.T.);
#5411=EDGE_CURVE('',#4266,#4268,#2389,.T.);
#5412=EDGE_CURVE('',#4268,#4270,#657,.T.);
#5413=EDGE_CURVE('',#4270,#4271,#2390,.T.);
#5414=EDGE_CURVE('',#4271,#4269,#658,.T.);
#5415=EDGE_CURVE('',#4272,#4273,#2391,.F.);
#5416=EDGE_CURVE('',#4273,#4271,#2392,.T.);
#5417=EDGE_CURVE('',#4270,#4272,#2393,.T.);
#5418=EDGE_CURVE('',#4268,#4274,#2394,.T.);
#5419=EDGE_CURVE('',#4274,#4275,#659,.T.);
#5420=EDGE_CURVE('',#4275,#4270,#2395,.T.);
#5421=EDGE_CURVE('',#4276,#4266,#2396,.T.);
#5422=EDGE_CURVE('',#4274,#4276,#2397,.T.);
#5423=EDGE_CURVE('',#4264,#4277,#2398,.T.);
#5424=EDGE_CURVE('',#4277,#4276,#660,.T.);
#5425=EDGE_CURVE('',#4278,#4262,#2399,.T.);
#5426=EDGE_CURVE('',#4277,#4278,#2400,.T.);
#5427=EDGE_CURVE('',#4260,#4279,#2401,.T.);
#5428=EDGE_CURVE('',#4279,#4278,#661,.T.);
#5429=EDGE_CURVE('',#4280,#4258,#2402,.T.);
#5430=EDGE_CURVE('',#4279,#4280,#2403,.T.);
#5431=EDGE_CURVE('',#4256,#4281,#2404,.T.);
#5432=EDGE_CURVE('',#4281,#4280,#662,.T.);
#5433=EDGE_CURVE('',#4281,#4275,#2405,.T.);
#5434=EDGE_CURVE('',#4255,#4282,#2406,.T.);
#5435=EDGE_CURVE('',#4282,#4283,#2407,.T.);
#5436=EDGE_CURVE('',#4283,#4284,#2408,.T.);
#5437=EDGE_CURVE('',#4285,#4284,#2409,.T.);
#5438=EDGE_CURVE('',#4285,#4286,#2410,.T.);
#5439=EDGE_CURVE('',#4286,#4287,#2411,.T.);
#5440=EDGE_CURVE('',#4287,#4272,#2412,.T.);
#5441=EDGE_CURVE('',#4273,#4288,#2413,.T.);
#5442=EDGE_CURVE('',#4288,#4289,#663,.T.);
#5443=EDGE_CURVE('',#4289,#4285,#2414,.T.);
#5444=EDGE_CURVE('',#4284,#4290,#2415,.T.);
#5445=EDGE_CURVE('',#4290,#4291,#664,.T.);
#5446=EDGE_CURVE('',#4291,#4254,#2416,.T.);
#5447=EDGE_CURVE('',#4292,#4293,#2417,.T.);
#5448=EDGE_CURVE('',#4293,#4294,#93,.T.);
#5449=EDGE_CURVE('',#4294,#4295,#94,.T.);
#5450=EDGE_CURVE('',#4295,#4296,#95,.T.);
#5451=EDGE_CURVE('',#4296,#4297,#96,.T.);
#5452=EDGE_CURVE('',#4297,#4298,#97,.T.);
#5453=EDGE_CURVE('',#4298,#4299,#98,.T.);
#5454=EDGE_CURVE('',#4299,#4300,#99,.T.);
#5455=EDGE_CURVE('',#4300,#4301,#2418,.T.);
#5456=EDGE_CURVE('',#4301,#4302,#2419,.T.);
#5457=EDGE_CURVE('',#4302,#4303,#2420,.T.);
#5458=EDGE_CURVE('',#4303,#4292,#2421,.T.);
#5459=EDGE_CURVE('',#4304,#4305,#2422,.T.);
#5460=EDGE_CURVE('',#4305,#4306,#2423,.T.);
#5461=EDGE_CURVE('',#4306,#4307,#2424,.T.);
#5462=EDGE_CURVE('',#4307,#4308,#2425,.T.);
#5463=EDGE_CURVE('',#4308,#4309,#2426,.T.);
#5464=EDGE_CURVE('',#4309,#4310,#2427,.T.);
#5465=EDGE_CURVE('',#4310,#4311,#2428,.T.);
#5466=EDGE_CURVE('',#4311,#4304,#2429,.T.);
#5467=EDGE_CURVE('',#4312,#4313,#2430,.T.);
#5468=EDGE_CURVE('',#4313,#4314,#2431,.T.);
#5469=EDGE_CURVE('',#4314,#4315,#100,.T.);
#5470=EDGE_CURVE('',#4315,#4316,#101,.T.);
#5471=EDGE_CURVE('',#4316,#4317,#102,.T.);
#5472=EDGE_CURVE('',#4317,#4318,#103,.T.);
#5473=EDGE_CURVE('',#4318,#4319,#104,.T.);
#5474=EDGE_CURVE('',#4319,#4320,#105,.T.);
#5475=EDGE_CURVE('',#4320,#4321,#106,.T.);
#5476=EDGE_CURVE('',#4321,#4322,#107,.T.);
#5477=EDGE_CURVE('',#4322,#4323,#108,.T.);
#5478=EDGE_CURVE('',#4323,#4324,#109,.T.);
#5479=EDGE_CURVE('',#4324,#4325,#2432,.T.);
#5480=EDGE_CURVE('',#4325,#4326,#110,.T.);
#5481=EDGE_CURVE('',#4326,#4327,#111,.T.);
#5482=EDGE_CURVE('',#4327,#4328,#112,.T.);
#5483=EDGE_CURVE('',#4328,#4329,#113,.T.);
#5484=EDGE_CURVE('',#4329,#4330,#114,.T.);
#5485=EDGE_CURVE('',#4330,#4331,#115,.T.);
#5486=EDGE_CURVE('',#4331,#4332,#116,.T.);
#5487=EDGE_CURVE('',#4332,#4333,#117,.T.);
#5488=EDGE_CURVE('',#4333,#4334,#2433,.T.);
#5489=EDGE_CURVE('',#4334,#4335,#2434,.T.);
#5490=EDGE_CURVE('',#4335,#4312,#2435,.T.);
#5491=EDGE_CURVE('',#4336,#4337,#118,.T.);
#5492=EDGE_CURVE('',#4337,#4338,#119,.T.);
#5493=EDGE_CURVE('',#4338,#4339,#120,.T.);
#5494=EDGE_CURVE('',#4339,#4340,#121,.T.);
#5495=EDGE_CURVE('',#4340,#4341,#122,.T.);
#5496=EDGE_CURVE('',#4341,#4342,#123,.T.);
#5497=EDGE_CURVE('',#4342,#4343,#124,.T.);
#5498=EDGE_CURVE('',#4343,#4344,#125,.T.);
#5499=EDGE_CURVE('',#4344,#4345,#2436,.T.);
#5500=EDGE_CURVE('',#4345,#4346,#126,.T.);
#5501=EDGE_CURVE('',#4346,#4347,#127,.T.);
#5502=EDGE_CURVE('',#4347,#4348,#128,.T.);
#5503=EDGE_CURVE('',#4348,#4349,#129,.T.);
#5504=EDGE_CURVE('',#4349,#4350,#130,.T.);
#5505=EDGE_CURVE('',#4350,#4351,#131,.T.);
#5506=EDGE_CURVE('',#4351,#4352,#132,.T.);
#5507=EDGE_CURVE('',#4352,#4353,#133,.T.);
#5508=EDGE_CURVE('',#4353,#4336,#2437,.T.);
#5509=EDGE_CURVE('',#4354,#4355,#2438,.T.);
#5510=EDGE_CURVE('',#4355,#4356,#2439,.T.);
#5511=EDGE_CURVE('',#4356,#4357,#2440,.T.);
#5512=EDGE_CURVE('',#4357,#4354,#2441,.T.);
#5513=EDGE_CURVE('',#4358,#4359,#2442,.T.);
#5514=EDGE_CURVE('',#4359,#4360,#2443,.T.);
#5515=EDGE_CURVE('',#4360,#4361,#2444,.T.);
#5516=EDGE_CURVE('',#4361,#4362,#2445,.T.);
#5517=EDGE_CURVE('',#4362,#4363,#2446,.T.);
#5518=EDGE_CURVE('',#4363,#4364,#2447,.T.);
#5519=EDGE_CURVE('',#4364,#4365,#2448,.T.);
#5520=EDGE_CURVE('',#4365,#4366,#2449,.T.);
#5521=EDGE_CURVE('',#4366,#4367,#2450,.T.);
#5522=EDGE_CURVE('',#4367,#4358,#2451,.T.);
#5523=EDGE_CURVE('',#4368,#4369,#2452,.T.);
#5524=EDGE_CURVE('',#4369,#4370,#2453,.T.);
#5525=EDGE_CURVE('',#4370,#4371,#2454,.T.);
#5526=EDGE_CURVE('',#4371,#4372,#2455,.T.);
#5527=EDGE_CURVE('',#4372,#4373,#2456,.T.);
#5528=EDGE_CURVE('',#4373,#4374,#2457,.T.);
#5529=EDGE_CURVE('',#4374,#4375,#2458,.T.);
#5530=EDGE_CURVE('',#4375,#4376,#2459,.T.);
#5531=EDGE_CURVE('',#4376,#4377,#2460,.T.);
#5532=EDGE_CURVE('',#4377,#4378,#2461,.T.);
#5533=EDGE_CURVE('',#4378,#4379,#2462,.T.);
#5534=EDGE_CURVE('',#4379,#4368,#2463,.T.);
#5535=EDGE_CURVE('',#4288,#4380,#2464,.T.);
#5536=EDGE_CURVE('',#4381,#4380,#665,.T.);
#5537=EDGE_CURVE('',#4289,#4381,#2465,.T.);
#5538=EDGE_CURVE('',#4286,#4381,#2466,.T.);
#5539=EDGE_CURVE('',#4380,#4287,#2467,.T.);
#5540=EDGE_CURVE('',#4290,#4382,#2468,.T.);
#5541=EDGE_CURVE('',#4383,#4382,#666,.T.);
#5542=EDGE_CURVE('',#4291,#4383,#2469,.T.);
#5543=EDGE_CURVE('',#4282,#4383,#2470,.T.);
#5544=EDGE_CURVE('',#4382,#4283,#2471,.T.);
#5545=EDGE_CURVE('',#4384,#4385,#2472,.T.);
#5546=EDGE_CURVE('',#4385,#4386,#2473,.T.);
#5547=EDGE_CURVE('',#4387,#4386,#2474,.T.);
#5548=EDGE_CURVE('',#4384,#4387,#2475,.T.);
#5549=EDGE_CURVE('',#4385,#4388,#134,.T.);
#5550=EDGE_CURVE('',#4388,#4389,#2476,.T.);
#5551=EDGE_CURVE('',#4386,#4389,#135,.T.);
#5552=EDGE_CURVE('',#4388,#4390,#136,.T.);
#5553=EDGE_CURVE('',#4390,#4391,#2477,.T.);
#5554=EDGE_CURVE('',#4389,#4391,#137,.T.);
#5555=EDGE_CURVE('',#4390,#4392,#138,.T.);
#5556=EDGE_CURVE('',#4392,#4393,#2478,.T.);
#5557=EDGE_CURVE('',#4391,#4393,#139,.T.);
#5558=EDGE_CURVE('',#4392,#4394,#140,.T.);
#5559=EDGE_CURVE('',#4394,#4395,#2479,.T.);
#5560=EDGE_CURVE('',#4393,#4395,#141,.T.);
#5561=EDGE_CURVE('',#4394,#4396,#142,.T.);
#5562=EDGE_CURVE('',#4396,#4397,#2480,.T.);
#5563=EDGE_CURVE('',#4395,#4397,#143,.T.);
#5564=EDGE_CURVE('',#4396,#4398,#144,.T.);
#5565=EDGE_CURVE('',#4398,#4399,#2481,.T.);
#5566=EDGE_CURVE('',#4397,#4399,#145,.T.);
#5567=EDGE_CURVE('',#4398,#4400,#2482,.T.);
#5568=EDGE_CURVE('',#4400,#4401,#2483,.T.);
#5569=EDGE_CURVE('',#4399,#4401,#2484,.T.);
#5570=EDGE_CURVE('',#4400,#4384,#2485,.T.);
#5571=EDGE_CURVE('',#4401,#4387,#2486,.T.);
#5572=EDGE_CURVE('',#4402,#4403,#2487,.T.);
#5573=EDGE_CURVE('',#4403,#4293,#2488,.T.);
#5574=EDGE_CURVE('',#4402,#4292,#2489,.T.);
#5575=EDGE_CURVE('',#4403,#4404,#146,.T.);
#5576=EDGE_CURVE('',#4404,#4294,#2490,.T.);
#5577=EDGE_CURVE('',#4404,#4405,#147,.T.);
#5578=EDGE_CURVE('',#4405,#4295,#2491,.T.);
#5579=EDGE_CURVE('',#4405,#4406,#148,.T.);
#5580=EDGE_CURVE('',#4406,#4296,#2492,.T.);
#5581=EDGE_CURVE('',#4406,#4407,#149,.T.);
#5582=EDGE_CURVE('',#4407,#4297,#2493,.T.);
#5583=EDGE_CURVE('',#4407,#4408,#150,.T.);
#5584=EDGE_CURVE('',#4408,#4298,#2494,.T.);
#5585=EDGE_CURVE('',#4408,#4409,#151,.T.);
#5586=EDGE_CURVE('',#4409,#4299,#2495,.T.);
#5587=EDGE_CURVE('',#4409,#4410,#152,.T.);
#5588=EDGE_CURVE('',#4410,#4300,#2496,.T.);
#5589=EDGE_CURVE('',#4410,#4411,#2497,.T.);
#5590=EDGE_CURVE('',#4411,#4301,#2498,.T.);
#5591=EDGE_CURVE('',#4411,#4412,#2499,.T.);
#5592=EDGE_CURVE('',#4412,#4302,#2500,.T.);
#5593=EDGE_CURVE('',#4412,#4413,#2501,.T.);
#5594=EDGE_CURVE('',#4413,#4303,#2502,.T.);
#5595=EDGE_CURVE('',#4413,#4402,#2503,.T.);
#5596=EDGE_CURVE('',#4414,#4415,#2504,.T.);
#5597=EDGE_CURVE('',#4415,#4305,#2505,.T.);
#5598=EDGE_CURVE('',#4414,#4304,#2506,.T.);
#5599=EDGE_CURVE('',#4415,#4416,#2507,.T.);
#5600=EDGE_CURVE('',#4416,#4306,#2508,.T.);
#5601=EDGE_CURVE('',#4416,#4417,#2509,.T.);
#5602=EDGE_CURVE('',#4417,#4307,#2510,.T.);
#5603=EDGE_CURVE('',#4417,#4418,#2511,.T.);
#5604=EDGE_CURVE('',#4418,#4308,#2512,.T.);
#5605=EDGE_CURVE('',#4418,#4419,#2513,.T.);
#5606=EDGE_CURVE('',#4419,#4309,#2514,.T.);
#5607=EDGE_CURVE('',#4419,#4420,#2515,.T.);
#5608=EDGE_CURVE('',#4420,#4310,#2516,.T.);
#5609=EDGE_CURVE('',#4420,#4421,#2517,.T.);
#5610=EDGE_CURVE('',#4421,#4311,#2518,.T.);
#5611=EDGE_CURVE('',#4421,#4414,#2519,.T.);
#5612=EDGE_CURVE('',#4422,#4423,#2520,.T.);
#5613=EDGE_CURVE('',#4423,#4313,#2521,.T.);
#5614=EDGE_CURVE('',#4422,#4312,#2522,.T.);
#5615=EDGE_CURVE('',#4423,#4424,#2523,.T.);
#5616=EDGE_CURVE('',#4424,#4314,#2524,.T.);
#5617=EDGE_CURVE('',#4424,#4425,#153,.T.);
#5618=EDGE_CURVE('',#4425,#4315,#2525,.T.);
#5619=EDGE_CURVE('',#4425,#4426,#154,.T.);
#5620=EDGE_CURVE('',#4426,#4316,#2526,.T.);
#5621=EDGE_CURVE('',#4426,#4427,#155,.T.);
#5622=EDGE_CURVE('',#4427,#4317,#2527,.T.);
#5623=EDGE_CURVE('',#4427,#4428,#156,.T.);
#5624=EDGE_CURVE('',#4428,#4318,#2528,.T.);
#5625=EDGE_CURVE('',#4428,#4429,#157,.T.);
#5626=EDGE_CURVE('',#4429,#4319,#2529,.T.);
#5627=EDGE_CURVE('',#4429,#4430,#158,.T.);
#5628=EDGE_CURVE('',#4430,#4320,#2530,.T.);
#5629=EDGE_CURVE('',#4430,#4431,#159,.T.);
#5630=EDGE_CURVE('',#4431,#4321,#2531,.T.);
#5631=EDGE_CURVE('',#4431,#4432,#160,.T.);
#5632=EDGE_CURVE('',#4432,#4322,#2532,.T.);
#5633=EDGE_CURVE('',#4432,#4433,#161,.T.);
#5634=EDGE_CURVE('',#4433,#4323,#2533,.T.);
#5635=EDGE_CURVE('',#4433,#4434,#162,.T.);
#5636=EDGE_CURVE('',#4434,#4324,#2534,.T.);
#5637=EDGE_CURVE('',#4434,#4435,#2535,.T.);
#5638=EDGE_CURVE('',#4435,#4325,#2536,.T.);
#5639=EDGE_CURVE('',#4435,#4436,#163,.T.);
#5640=EDGE_CURVE('',#4436,#4326,#2537,.T.);
#5641=EDGE_CURVE('',#4436,#4437,#164,.T.);
#5642=EDGE_CURVE('',#4437,#4327,#2538,.T.);
#5643=EDGE_CURVE('',#4437,#4438,#165,.T.);
#5644=EDGE_CURVE('',#4438,#4328,#2539,.T.);
#5645=EDGE_CURVE('',#4438,#4439,#166,.T.);
#5646=EDGE_CURVE('',#4439,#4329,#2540,.T.);
#5647=EDGE_CURVE('',#4439,#4440,#167,.T.);
#5648=EDGE_CURVE('',#4440,#4330,#2541,.T.);
#5649=EDGE_CURVE('',#4440,#4441,#168,.T.);
#5650=EDGE_CURVE('',#4441,#4331,#2542,.T.);
#5651=EDGE_CURVE('',#4441,#4442,#169,.T.);
#5652=EDGE_CURVE('',#4442,#4332,#2543,.T.);
#5653=EDGE_CURVE('',#4442,#4443,#170,.T.);
#5654=EDGE_CURVE('',#4443,#4333,#2544,.T.);
#5655=EDGE_CURVE('',#4443,#4444,#2545,.T.);
#5656=EDGE_CURVE('',#4444,#4334,#2546,.T.);
#5657=EDGE_CURVE('',#4444,#4445,#2547,.T.);
#5658=EDGE_CURVE('',#4445,#4335,#2548,.T.);
#5659=EDGE_CURVE('',#4445,#4422,#2549,.T.);
#5660=EDGE_CURVE('',#4446,#4447,#171,.T.);
#5661=EDGE_CURVE('',#4447,#4337,#2550,.T.);
#5662=EDGE_CURVE('',#4446,#4336,#2551,.T.);
#5663=EDGE_CURVE('',#4447,#4448,#172,.T.);
#5664=EDGE_CURVE('',#4448,#4338,#2552,.T.);
#5665=EDGE_CURVE('',#4448,#4449,#173,.T.);
#5666=EDGE_CURVE('',#4449,#4339,#2553,.T.);
#5667=EDGE_CURVE('',#4449,#4450,#174,.T.);
#5668=EDGE_CURVE('',#4450,#4340,#2554,.T.);
#5669=EDGE_CURVE('',#4450,#4451,#175,.T.);
#5670=EDGE_CURVE('',#4451,#4341,#2555,.T.);
#5671=EDGE_CURVE('',#4451,#4452,#176,.T.);
#5672=EDGE_CURVE('',#4452,#4342,#2556,.T.);
#5673=EDGE_CURVE('',#4452,#4453,#177,.T.);
#5674=EDGE_CURVE('',#4453,#4343,#2557,.T.);
#5675=EDGE_CURVE('',#4453,#4454,#178,.T.);
#5676=EDGE_CURVE('',#4454,#4344,#2558,.T.);
#5677=EDGE_CURVE('',#4454,#4455,#2559,.T.);
#5678=EDGE_CURVE('',#4455,#4345,#2560,.T.);
#5679=EDGE_CURVE('',#4455,#4456,#179,.T.);
#5680=EDGE_CURVE('',#4456,#4346,#2561,.T.);
#5681=EDGE_CURVE('',#4456,#4457,#180,.T.);
#5682=EDGE_CURVE('',#4457,#4347,#2562,.T.);
#5683=EDGE_CURVE('',#4457,#4458,#181,.T.);
#5684=EDGE_CURVE('',#4458,#4348,#2563,.T.);
#5685=EDGE_CURVE('',#4458,#4459,#182,.T.);
#5686=EDGE_CURVE('',#4459,#4349,#2564,.T.);
#5687=EDGE_CURVE('',#4459,#4460,#183,.T.);
#5688=EDGE_CURVE('',#4460,#4350,#2565,.T.);
#5689=EDGE_CURVE('',#4460,#4461,#184,.T.);
#5690=EDGE_CURVE('',#4461,#4351,#2566,.T.);
#5691=EDGE_CURVE('',#4461,#4462,#185,.T.);
#5692=EDGE_CURVE('',#4462,#4352,#2567,.T.);
#5693=EDGE_CURVE('',#4462,#4463,#186,.T.);
#5694=EDGE_CURVE('',#4463,#4353,#2568,.T.);
#5695=EDGE_CURVE('',#4463,#4446,#2569,.T.);
#5696=EDGE_CURVE('',#4464,#4465,#2570,.T.);
#5697=EDGE_CURVE('',#4465,#4355,#2571,.T.);
#5698=EDGE_CURVE('',#4464,#4354,#2572,.T.);
#5699=EDGE_CURVE('',#4465,#4466,#2573,.T.);
#5700=EDGE_CURVE('',#4466,#4356,#2574,.T.);
#5701=EDGE_CURVE('',#4466,#4467,#2575,.T.);
#5702=EDGE_CURVE('',#4467,#4357,#2576,.T.);
#5703=EDGE_CURVE('',#4467,#4464,#2577,.T.);
#5704=EDGE_CURVE('',#4468,#4469,#2578,.T.);
#5705=EDGE_CURVE('',#4469,#4359,#2579,.T.);
#5706=EDGE_CURVE('',#4468,#4358,#2580,.T.);
#5707=EDGE_CURVE('',#4469,#4470,#2581,.T.);
#5708=EDGE_CURVE('',#4470,#4360,#2582,.T.);
#5709=EDGE_CURVE('',#4470,#4471,#2583,.T.);
#5710=EDGE_CURVE('',#4471,#4361,#2584,.T.);
#5711=EDGE_CURVE('',#4471,#4472,#2585,.T.);
#5712=EDGE_CURVE('',#4472,#4362,#2586,.T.);
#5713=EDGE_CURVE('',#4472,#4473,#2587,.T.);
#5714=EDGE_CURVE('',#4473,#4363,#2588,.T.);
#5715=EDGE_CURVE('',#4473,#4474,#2589,.T.);
#5716=EDGE_CURVE('',#4474,#4364,#2590,.T.);
#5717=EDGE_CURVE('',#4474,#4475,#2591,.T.);
#5718=EDGE_CURVE('',#4475,#4365,#2592,.T.);
#5719=EDGE_CURVE('',#4475,#4476,#2593,.T.);
#5720=EDGE_CURVE('',#4476,#4366,#2594,.T.);
#5721=EDGE_CURVE('',#4476,#4477,#2595,.T.);
#5722=EDGE_CURVE('',#4477,#4367,#2596,.T.);
#5723=EDGE_CURVE('',#4477,#4468,#2597,.T.);
#5724=EDGE_CURVE('',#4478,#4479,#2598,.T.);
#5725=EDGE_CURVE('',#4479,#4369,#2599,.T.);
#5726=EDGE_CURVE('',#4478,#4368,#2600,.T.);
#5727=EDGE_CURVE('',#4479,#4480,#2601,.T.);
#5728=EDGE_CURVE('',#4480,#4370,#2602,.T.);
#5729=EDGE_CURVE('',#4480,#4481,#2603,.T.);
#5730=EDGE_CURVE('',#4481,#4371,#2604,.T.);
#5731=EDGE_CURVE('',#4481,#4482,#2605,.T.);
#5732=EDGE_CURVE('',#4482,#4372,#2606,.T.);
#5733=EDGE_CURVE('',#4482,#4483,#2607,.T.);
#5734=EDGE_CURVE('',#4483,#4373,#2608,.T.);
#5735=EDGE_CURVE('',#4483,#4484,#2609,.T.);
#5736=EDGE_CURVE('',#4484,#4374,#2610,.T.);
#5737=EDGE_CURVE('',#4484,#4485,#2611,.T.);
#5738=EDGE_CURVE('',#4485,#4375,#2612,.T.);
#5739=EDGE_CURVE('',#4485,#4486,#2613,.T.);
#5740=EDGE_CURVE('',#4486,#4376,#2614,.T.);
#5741=EDGE_CURVE('',#4486,#4487,#2615,.T.);
#5742=EDGE_CURVE('',#4487,#4377,#2616,.T.);
#5743=EDGE_CURVE('',#4487,#4488,#2617,.T.);
#5744=EDGE_CURVE('',#4488,#4378,#2618,.T.);
#5745=EDGE_CURVE('',#4488,#4489,#2619,.T.);
#5746=EDGE_CURVE('',#4489,#4379,#2620,.T.);
#5747=EDGE_CURVE('',#4489,#4478,#2621,.T.);
#5748=EDGE_CURVE('',#4490,#4491,#2622,.T.);
#5749=EDGE_CURVE('',#4490,#4492,#2623,.T.);
#5750=EDGE_CURVE('',#4493,#4492,#2624,.T.);
#5751=EDGE_CURVE('',#4491,#4493,#2625,.T.);
#5752=EDGE_CURVE('',#4491,#4494,#2626,.T.);
#5753=EDGE_CURVE('',#4495,#4493,#2627,.T.);
#5754=EDGE_CURVE('',#4494,#4495,#2628,.T.);
#5755=EDGE_CURVE('',#4494,#4496,#2629,.T.);
#5756=EDGE_CURVE('',#4497,#4495,#2630,.T.);
#5757=EDGE_CURVE('',#4496,#4497,#2631,.T.);
#5758=EDGE_CURVE('',#4496,#4498,#2632,.T.);
#5759=EDGE_CURVE('',#4499,#4497,#2633,.T.);
#5760=EDGE_CURVE('',#4498,#4499,#2634,.T.);
#5761=EDGE_CURVE('',#4498,#4500,#2635,.T.);
#5762=EDGE_CURVE('',#4501,#4499,#2636,.T.);
#5763=EDGE_CURVE('',#4500,#4501,#2637,.T.);
#5764=EDGE_CURVE('',#4500,#4502,#2638,.T.);
#5765=EDGE_CURVE('',#4503,#4501,#2639,.T.);
#5766=EDGE_CURVE('',#4502,#4503,#2640,.T.);
#5767=EDGE_CURVE('',#4502,#4504,#2641,.T.);
#5768=EDGE_CURVE('',#4505,#4503,#2642,.T.);
#5769=EDGE_CURVE('',#4504,#4505,#2643,.T.);
#5770=EDGE_CURVE('',#4504,#4506,#2644,.T.);
#5771=EDGE_CURVE('',#4507,#4505,#2645,.T.);
#5772=EDGE_CURVE('',#4506,#4507,#2646,.T.);
#5773=EDGE_CURVE('',#4506,#4508,#2647,.T.);
#5774=EDGE_CURVE('',#4509,#4507,#2648,.T.);
#5775=EDGE_CURVE('',#4508,#4509,#2649,.T.);
#5776=EDGE_CURVE('',#4508,#4510,#2650,.T.);
#5777=EDGE_CURVE('',#4511,#4509,#2651,.T.);
#5778=EDGE_CURVE('',#4510,#4511,#2652,.T.);
#5779=EDGE_CURVE('',#4510,#4512,#2653,.T.);
#5780=EDGE_CURVE('',#4513,#4511,#2654,.T.);
#5781=EDGE_CURVE('',#4512,#4513,#2655,.T.);
#5782=EDGE_CURVE('',#4512,#4490,#2656,.T.);
#5783=EDGE_CURVE('',#4492,#4513,#2657,.T.);
#5784=EDGE_CURVE('',#4514,#4515,#2658,.T.);
#5785=EDGE_CURVE('',#4514,#4516,#2659,.T.);
#5786=EDGE_CURVE('',#4517,#4516,#2660,.T.);
#5787=EDGE_CURVE('',#4515,#4517,#2661,.T.);
#5788=EDGE_CURVE('',#4515,#4518,#2662,.T.);
#5789=EDGE_CURVE('',#4519,#4517,#2663,.T.);
#5790=EDGE_CURVE('',#4518,#4519,#2664,.T.);
#5791=EDGE_CURVE('',#4518,#4520,#2665,.T.);
#5792=EDGE_CURVE('',#4521,#4519,#2666,.T.);
#5793=EDGE_CURVE('',#4520,#4521,#2667,.T.);
#5794=EDGE_CURVE('',#4520,#4522,#2668,.T.);
#5795=EDGE_CURVE('',#4523,#4521,#2669,.T.);
#5796=EDGE_CURVE('',#4522,#4523,#2670,.T.);
#5797=EDGE_CURVE('',#4522,#4524,#2671,.T.);
#5798=EDGE_CURVE('',#4525,#4523,#2672,.T.);
#5799=EDGE_CURVE('',#4524,#4525,#2673,.T.);
#5800=EDGE_CURVE('',#4524,#4526,#2674,.T.);
#5801=EDGE_CURVE('',#4527,#4525,#2675,.T.);
#5802=EDGE_CURVE('',#4526,#4527,#2676,.T.);
#5803=EDGE_CURVE('',#4526,#4528,#2677,.T.);
#5804=EDGE_CURVE('',#4529,#4527,#2678,.T.);
#5805=EDGE_CURVE('',#4528,#4529,#2679,.T.);
#5806=EDGE_CURVE('',#4528,#4530,#2680,.T.);
#5807=EDGE_CURVE('',#4531,#4529,#2681,.T.);
#5808=EDGE_CURVE('',#4530,#4531,#2682,.T.);
#5809=EDGE_CURVE('',#4530,#4532,#2683,.T.);
#5810=EDGE_CURVE('',#4533,#4531,#2684,.T.);
#5811=EDGE_CURVE('',#4532,#4533,#2685,.T.);
#5812=EDGE_CURVE('',#4532,#4514,#2686,.T.);
#5813=EDGE_CURVE('',#4516,#4533,#2687,.T.);
#5814=EDGE_CURVE('',#4534,#4535,#2688,.T.);
#5815=EDGE_CURVE('',#4534,#4536,#2689,.T.);
#5816=EDGE_CURVE('',#4537,#4536,#2690,.T.);
#5817=EDGE_CURVE('',#4535,#4537,#2691,.T.);
#5818=EDGE_CURVE('',#4535,#4538,#2692,.T.);
#5819=EDGE_CURVE('',#4539,#4537,#2693,.T.);
#5820=EDGE_CURVE('',#4538,#4539,#2694,.T.);
#5821=EDGE_CURVE('',#4538,#4540,#2695,.T.);
#5822=EDGE_CURVE('',#4541,#4539,#2696,.T.);
#5823=EDGE_CURVE('',#4540,#4541,#2697,.T.);
#5824=EDGE_CURVE('',#4540,#4534,#2698,.T.);
#5825=EDGE_CURVE('',#4536,#4541,#2699,.T.);
#5826=EDGE_CURVE('',#4542,#4543,#187,.T.);
#5827=EDGE_CURVE('',#4542,#4544,#2700,.T.);
#5828=EDGE_CURVE('',#4545,#4544,#188,.T.);
#5829=EDGE_CURVE('',#4543,#4545,#2701,.T.);
#5830=EDGE_CURVE('',#4543,#4546,#189,.T.);
#5831=EDGE_CURVE('',#4547,#4545,#190,.T.);
#5832=EDGE_CURVE('',#4546,#4547,#2702,.T.);
#5833=EDGE_CURVE('',#4546,#4548,#191,.T.);
#5834=EDGE_CURVE('',#4549,#4547,#192,.T.);
#5835=EDGE_CURVE('',#4548,#4549,#2703,.T.);
#5836=EDGE_CURVE('',#4548,#4550,#193,.T.);
#5837=EDGE_CURVE('',#4551,#4549,#194,.T.);
#5838=EDGE_CURVE('',#4550,#4551,#2704,.T.);
#5839=EDGE_CURVE('',#4550,#4552,#195,.T.);
#5840=EDGE_CURVE('',#4553,#4551,#196,.T.);
#5841=EDGE_CURVE('',#4552,#4553,#2705,.T.);
#5842=EDGE_CURVE('',#4552,#4554,#197,.T.);
#5843=EDGE_CURVE('',#4555,#4553,#198,.T.);
#5844=EDGE_CURVE('',#4554,#4555,#2706,.T.);
#5845=EDGE_CURVE('',#4554,#4556,#199,.T.);
#5846=EDGE_CURVE('',#4557,#4555,#200,.T.);
#5847=EDGE_CURVE('',#4556,#4557,#2707,.T.);
#5848=EDGE_CURVE('',#4556,#4558,#201,.T.);
#5849=EDGE_CURVE('',#4559,#4557,#202,.T.);
#5850=EDGE_CURVE('',#4558,#4559,#2708,.T.);
#5851=EDGE_CURVE('',#4558,#4560,#2709,.T.);
#5852=EDGE_CURVE('',#4561,#4559,#2710,.T.);
#5853=EDGE_CURVE('',#4560,#4561,#2711,.T.);
#5854=EDGE_CURVE('',#4560,#4562,#203,.T.);
#5855=EDGE_CURVE('',#4563,#4561,#204,.T.);
#5856=EDGE_CURVE('',#4562,#4563,#2712,.T.);
#5857=EDGE_CURVE('',#4562,#4564,#205,.T.);
#5858=EDGE_CURVE('',#4565,#4563,#206,.T.);
#5859=EDGE_CURVE('',#4564,#4565,#2713,.T.);
#5860=EDGE_CURVE('',#4564,#4566,#207,.T.);
#5861=EDGE_CURVE('',#4567,#4565,#208,.T.);
#5862=EDGE_CURVE('',#4566,#4567,#2714,.T.);
#5863=EDGE_CURVE('',#4566,#4568,#209,.T.);
#5864=EDGE_CURVE('',#4569,#4567,#210,.T.);
#5865=EDGE_CURVE('',#4568,#4569,#2715,.T.);
#5866=EDGE_CURVE('',#4568,#4570,#211,.T.);
#5867=EDGE_CURVE('',#4571,#4569,#212,.T.);
#5868=EDGE_CURVE('',#4570,#4571,#2716,.T.);
#5869=EDGE_CURVE('',#4570,#4572,#213,.T.);
#5870=EDGE_CURVE('',#4573,#4571,#214,.T.);
#5871=EDGE_CURVE('',#4572,#4573,#2717,.T.);
#5872=EDGE_CURVE('',#4572,#4574,#215,.T.);
#5873=EDGE_CURVE('',#4575,#4573,#216,.T.);
#5874=EDGE_CURVE('',#4574,#4575,#2718,.T.);
#5875=EDGE_CURVE('',#4574,#4576,#217,.T.);
#5876=EDGE_CURVE('',#4577,#4575,#218,.T.);
#5877=EDGE_CURVE('',#4576,#4577,#2719,.T.);
#5878=EDGE_CURVE('',#4576,#4542,#2720,.T.);
#5879=EDGE_CURVE('',#4544,#4577,#2721,.T.);
#5880=EDGE_CURVE('',#4578,#4579,#2722,.T.);
#5881=EDGE_CURVE('',#4578,#4580,#2723,.T.);
#5882=EDGE_CURVE('',#4581,#4580,#2724,.T.);
#5883=EDGE_CURVE('',#4579,#4581,#2725,.T.);
#5884=EDGE_CURVE('',#4579,#4582,#2726,.T.);
#5885=EDGE_CURVE('',#4583,#4581,#2727,.T.);
#5886=EDGE_CURVE('',#4582,#4583,#2728,.T.);
#5887=EDGE_CURVE('',#4582,#4584,#219,.T.);
#5888=EDGE_CURVE('',#4585,#4583,#220,.T.);
#5889=EDGE_CURVE('',#4584,#4585,#2729,.T.);
#5890=EDGE_CURVE('',#4584,#4586,#221,.T.);
#5891=EDGE_CURVE('',#4587,#4585,#222,.T.);
#5892=EDGE_CURVE('',#4586,#4587,#2730,.T.);
#5893=EDGE_CURVE('',#4586,#4588,#223,.T.);
#5894=EDGE_CURVE('',#4589,#4587,#224,.T.);
#5895=EDGE_CURVE('',#4588,#4589,#2731,.T.);
#5896=EDGE_CURVE('',#4588,#4590,#225,.T.);
#5897=EDGE_CURVE('',#4591,#4589,#226,.T.);
#5898=EDGE_CURVE('',#4590,#4591,#2732,.T.);
#5899=EDGE_CURVE('',#4590,#4592,#227,.T.);
#5900=EDGE_CURVE('',#4593,#4591,#228,.T.);
#5901=EDGE_CURVE('',#4592,#4593,#2733,.T.);
#5902=EDGE_CURVE('',#4592,#4594,#229,.T.);
#5903=EDGE_CURVE('',#4595,#4593,#230,.T.);
#5904=EDGE_CURVE('',#4594,#4595,#2734,.T.);
#5905=EDGE_CURVE('',#4594,#4596,#231,.T.);
#5906=EDGE_CURVE('',#4597,#4595,#232,.T.);
#5907=EDGE_CURVE('',#4596,#4597,#2735,.T.);
#5908=EDGE_CURVE('',#4596,#4598,#233,.T.);
#5909=EDGE_CURVE('',#4599,#4597,#234,.T.);
#5910=EDGE_CURVE('',#4598,#4599,#2736,.T.);
#5911=EDGE_CURVE('',#4598,#4600,#235,.T.);
#5912=EDGE_CURVE('',#4601,#4599,#236,.T.);
#5913=EDGE_CURVE('',#4600,#4601,#2737,.T.);
#5914=EDGE_CURVE('',#4600,#4602,#237,.T.);
#5915=EDGE_CURVE('',#4603,#4601,#238,.T.);
#5916=EDGE_CURVE('',#4602,#4603,#2738,.T.);
#5917=EDGE_CURVE('',#4602,#4604,#2739,.T.);
#5918=EDGE_CURVE('',#4605,#4603,#2740,.T.);
#5919=EDGE_CURVE('',#4604,#4605,#2741,.T.);
#5920=EDGE_CURVE('',#4604,#4606,#239,.T.);
#5921=EDGE_CURVE('',#4607,#4605,#240,.T.);
#5922=EDGE_CURVE('',#4606,#4607,#2742,.T.);
#5923=EDGE_CURVE('',#4606,#4608,#241,.T.);
#5924=EDGE_CURVE('',#4609,#4607,#242,.T.);
#5925=EDGE_CURVE('',#4608,#4609,#2743,.T.);
#5926=EDGE_CURVE('',#4608,#4610,#243,.T.);
#5927=EDGE_CURVE('',#4611,#4609,#244,.T.);
#5928=EDGE_CURVE('',#4610,#4611,#2744,.T.);
#5929=EDGE_CURVE('',#4610,#4612,#245,.T.);
#5930=EDGE_CURVE('',#4613,#4611,#246,.T.);
#5931=EDGE_CURVE('',#4612,#4613,#2745,.T.);
#5932=EDGE_CURVE('',#4612,#4614,#247,.T.);
#5933=EDGE_CURVE('',#4615,#4613,#248,.T.);
#5934=EDGE_CURVE('',#4614,#4615,#2746,.T.);
#5935=EDGE_CURVE('',#4614,#4616,#249,.T.);
#5936=EDGE_CURVE('',#4617,#4615,#250,.T.);
#5937=EDGE_CURVE('',#4616,#4617,#2747,.T.);
#5938=EDGE_CURVE('',#4616,#4618,#251,.T.);
#5939=EDGE_CURVE('',#4619,#4617,#252,.T.);
#5940=EDGE_CURVE('',#4618,#4619,#2748,.T.);
#5941=EDGE_CURVE('',#4618,#4620,#253,.T.);
#5942=EDGE_CURVE('',#4621,#4619,#254,.T.);
#5943=EDGE_CURVE('',#4620,#4621,#2749,.T.);
#5944=EDGE_CURVE('',#4620,#4622,#2750,.T.);
#5945=EDGE_CURVE('',#4623,#4621,#2751,.T.);
#5946=EDGE_CURVE('',#4622,#4623,#2752,.T.);
#5947=EDGE_CURVE('',#4622,#4624,#2753,.T.);
#5948=EDGE_CURVE('',#4625,#4623,#2754,.T.);
#5949=EDGE_CURVE('',#4624,#4625,#2755,.T.);
#5950=EDGE_CURVE('',#4624,#4578,#2756,.T.);
#5951=EDGE_CURVE('',#4580,#4625,#2757,.T.);
#5952=EDGE_CURVE('',#4626,#4627,#2758,.T.);
#5953=EDGE_CURVE('',#4626,#4628,#2759,.T.);
#5954=EDGE_CURVE('',#4629,#4628,#2760,.T.);
#5955=EDGE_CURVE('',#4627,#4629,#2761,.T.);
#5956=EDGE_CURVE('',#4627,#4630,#2762,.T.);
#5957=EDGE_CURVE('',#4631,#4629,#2763,.T.);
#5958=EDGE_CURVE('',#4630,#4631,#2764,.T.);
#5959=EDGE_CURVE('',#4630,#4632,#2765,.T.);
#5960=EDGE_CURVE('',#4633,#4631,#2766,.T.);
#5961=EDGE_CURVE('',#4632,#4633,#2767,.T.);
#5962=EDGE_CURVE('',#4632,#4634,#2768,.T.);
#5963=EDGE_CURVE('',#4635,#4633,#2769,.T.);
#5964=EDGE_CURVE('',#4634,#4635,#2770,.T.);
#5965=EDGE_CURVE('',#4634,#4636,#2771,.T.);
#5966=EDGE_CURVE('',#4637,#4635,#2772,.T.);
#5967=EDGE_CURVE('',#4636,#4637,#2773,.T.);
#5968=EDGE_CURVE('',#4636,#4638,#2774,.T.);
#5969=EDGE_CURVE('',#4639,#4637,#2775,.T.);
#5970=EDGE_CURVE('',#4638,#4639,#2776,.T.);
#5971=EDGE_CURVE('',#4638,#4640,#2777,.T.);
#5972=EDGE_CURVE('',#4641,#4639,#2778,.T.);
#5973=EDGE_CURVE('',#4640,#4641,#2779,.T.);
#5974=EDGE_CURVE('',#4640,#4626,#2780,.T.);
#5975=EDGE_CURVE('',#4628,#4641,#2781,.T.);
#5976=EDGE_CURVE('',#4642,#4643,#2782,.T.);
#5977=EDGE_CURVE('',#4642,#4644,#2783,.T.);
#5978=EDGE_CURVE('',#4645,#4644,#2784,.T.);
#5979=EDGE_CURVE('',#4643,#4645,#2785,.T.);
#5980=EDGE_CURVE('',#4643,#4646,#255,.T.);
#5981=EDGE_CURVE('',#4647,#4645,#256,.T.);
#5982=EDGE_CURVE('',#4646,#4647,#2786,.T.);
#5983=EDGE_CURVE('',#4646,#4648,#257,.T.);
#5984=EDGE_CURVE('',#4649,#4647,#258,.T.);
#5985=EDGE_CURVE('',#4648,#4649,#2787,.T.);
#5986=EDGE_CURVE('',#4648,#4650,#259,.T.);
#5987=EDGE_CURVE('',#4651,#4649,#260,.T.);
#5988=EDGE_CURVE('',#4650,#4651,#2788,.T.);
#5989=EDGE_CURVE('',#4650,#4652,#261,.T.);
#5990=EDGE_CURVE('',#4653,#4651,#262,.T.);
#5991=EDGE_CURVE('',#4652,#4653,#2789,.T.);
#5992=EDGE_CURVE('',#4652,#4654,#263,.T.);
#5993=EDGE_CURVE('',#4655,#4653,#264,.T.);
#5994=EDGE_CURVE('',#4654,#4655,#2790,.T.);
#5995=EDGE_CURVE('',#4654,#4656,#265,.T.);
#5996=EDGE_CURVE('',#4657,#4655,#266,.T.);
#5997=EDGE_CURVE('',#4656,#4657,#2791,.T.);
#5998=EDGE_CURVE('',#4656,#4658,#2792,.T.);
#5999=EDGE_CURVE('',#4659,#4657,#2793,.T.);
#6000=EDGE_CURVE('',#4658,#4659,#2794,.T.);
#6001=EDGE_CURVE('',#4658,#4642,#2795,.T.);
#6002=EDGE_CURVE('',#4644,#4659,#2796,.T.);
#6003=EDGE_CURVE('',#4660,#4661,#2797,.T.);
#6004=EDGE_CURVE('',#4660,#4662,#2798,.T.);
#6005=EDGE_CURVE('',#4663,#4662,#2799,.T.);
#6006=EDGE_CURVE('',#4661,#4663,#2800,.T.);
#6007=EDGE_CURVE('',#4661,#4664,#267,.T.);
#6008=EDGE_CURVE('',#4665,#4663,#268,.T.);
#6009=EDGE_CURVE('',#4664,#4665,#2801,.T.);
#6010=EDGE_CURVE('',#4664,#4666,#269,.T.);
#6011=EDGE_CURVE('',#4667,#4665,#270,.T.);
#6012=EDGE_CURVE('',#4666,#4667,#2802,.T.);
#6013=EDGE_CURVE('',#4666,#4668,#271,.T.);
#6014=EDGE_CURVE('',#4669,#4667,#272,.T.);
#6015=EDGE_CURVE('',#4668,#4669,#2803,.T.);
#6016=EDGE_CURVE('',#4668,#4670,#273,.T.);
#6017=EDGE_CURVE('',#4671,#4669,#274,.T.);
#6018=EDGE_CURVE('',#4670,#4671,#2804,.T.);
#6019=EDGE_CURVE('',#4670,#4672,#275,.T.);
#6020=EDGE_CURVE('',#4673,#4671,#276,.T.);
#6021=EDGE_CURVE('',#4672,#4673,#2805,.T.);
#6022=EDGE_CURVE('',#4672,#4674,#277,.T.);
#6023=EDGE_CURVE('',#4675,#4673,#278,.T.);
#6024=EDGE_CURVE('',#4674,#4675,#2806,.T.);
#6025=EDGE_CURVE('',#4674,#4676,#279,.T.);
#6026=EDGE_CURVE('',#4677,#4675,#280,.T.);
#6027=EDGE_CURVE('',#4676,#4677,#2807,.T.);
#6028=EDGE_CURVE('',#4676,#4678,#2808,.T.);
#6029=EDGE_CURVE('',#4679,#4677,#2809,.T.);
#6030=EDGE_CURVE('',#4678,#4679,#2810,.T.);
#6031=EDGE_CURVE('',#4678,#4680,#2811,.T.);
#6032=EDGE_CURVE('',#4681,#4679,#2812,.T.);
#6033=EDGE_CURVE('',#4680,#4681,#2813,.T.);
#6034=EDGE_CURVE('',#4680,#4682,#2814,.T.);
#6035=EDGE_CURVE('',#4683,#4681,#2815,.T.);
#6036=EDGE_CURVE('',#4682,#4683,#2816,.T.);
#6037=EDGE_CURVE('',#4682,#4660,#2817,.T.);
#6038=EDGE_CURVE('',#4662,#4683,#2818,.T.);
#6039=EDGE_CURVE('',#4684,#4684,#14,.T.);
#6040=EDGE_CURVE('',#4684,#4685,#2819,.T.);
#6041=EDGE_CURVE('',#4685,#4685,#667,.T.);
#6042=ORIENTED_EDGE('',*,*,#4686,.T.);
#6043=ORIENTED_EDGE('',*,*,#4687,.T.);
#6044=ORIENTED_EDGE('',*,*,#4688,.T.);
#6045=ORIENTED_EDGE('',*,*,#4689,.F.);
#6046=ORIENTED_EDGE('',*,*,#4690,.T.);
#6047=ORIENTED_EDGE('',*,*,#4691,.F.);
#6048=ORIENTED_EDGE('',*,*,#4692,.F.);
#6049=ORIENTED_EDGE('',*,*,#4693,.F.);
#6050=ORIENTED_EDGE('',*,*,#4694,.F.);
#6051=ORIENTED_EDGE('',*,*,#4687,.F.);
#6052=ORIENTED_EDGE('',*,*,#4695,.F.);
#6053=ORIENTED_EDGE('',*,*,#4696,.F.);
#6054=ORIENTED_EDGE('',*,*,#4697,.F.);
#6055=ORIENTED_EDGE('',*,*,#4698,.F.);
#6056=ORIENTED_EDGE('',*,*,#4699,.F.);
#6057=ORIENTED_EDGE('',*,*,#4700,.F.);
#6058=ORIENTED_EDGE('',*,*,#4701,.T.);
#6059=ORIENTED_EDGE('',*,*,#4702,.T.);
#6060=ORIENTED_EDGE('',*,*,#4698,.T.);
#6061=ORIENTED_EDGE('',*,*,#4703,.F.);
#6062=ORIENTED_EDGE('',*,*,#4704,.T.);
#6063=ORIENTED_EDGE('',*,*,#4700,.T.);
#6064=ORIENTED_EDGE('',*,*,#4697,.T.);
#6065=ORIENTED_EDGE('',*,*,#4705,.F.);
#6066=ORIENTED_EDGE('',*,*,#4706,.T.);
#6067=ORIENTED_EDGE('',*,*,#4703,.T.);
#6068=ORIENTED_EDGE('',*,*,#4696,.T.);
#6069=ORIENTED_EDGE('',*,*,#4686,.F.);
#6070=ORIENTED_EDGE('',*,*,#4707,.T.);
#6071=ORIENTED_EDGE('',*,*,#4705,.T.);
#6072=ORIENTED_EDGE('',*,*,#4695,.T.);
#6073=ORIENTED_EDGE('',*,*,#4702,.F.);
#6074=ORIENTED_EDGE('',*,*,#4708,.T.);
#6075=ORIENTED_EDGE('',*,*,#4688,.F.);
#6076=ORIENTED_EDGE('',*,*,#4699,.T.);
#6077=ORIENTED_EDGE('',*,*,#4709,.F.);
#6078=ORIENTED_EDGE('',*,*,#4708,.F.);
#6079=ORIENTED_EDGE('',*,*,#4701,.F.);
#6080=ORIENTED_EDGE('',*,*,#4704,.F.);
#6081=ORIENTED_EDGE('',*,*,#4706,.F.);
#6082=ORIENTED_EDGE('',*,*,#4707,.F.);
#6083=ORIENTED_EDGE('',*,*,#4710,.T.);
#6084=ORIENTED_EDGE('',*,*,#4711,.T.);
#6085=ORIENTED_EDGE('',*,*,#4712,.T.);
#6086=ORIENTED_EDGE('',*,*,#4711,.F.);
#6087=ORIENTED_EDGE('',*,*,#4710,.F.);
#6088=ORIENTED_EDGE('',*,*,#4713,.T.);
#6089=ORIENTED_EDGE('',*,*,#4714,.T.);
#6090=ORIENTED_EDGE('',*,*,#4713,.F.);
#6091=ORIENTED_EDGE('',*,*,#4715,.T.);
#6092=ORIENTED_EDGE('',*,*,#4716,.T.);
#6093=ORIENTED_EDGE('',*,*,#4717,.F.);
#6094=ORIENTED_EDGE('',*,*,#4716,.F.);
#6095=ORIENTED_EDGE('',*,*,#4715,.F.);
#6096=ORIENTED_EDGE('',*,*,#4718,.T.);
#6097=ORIENTED_EDGE('',*,*,#4719,.T.);
#6098=ORIENTED_EDGE('',*,*,#4718,.F.);
#6099=ORIENTED_EDGE('',*,*,#4720,.F.);
#6100=ORIENTED_EDGE('',*,*,#4721,.F.);
#6101=ORIENTED_EDGE('',*,*,#4722,.F.);
#6102=ORIENTED_EDGE('',*,*,#4723,.F.);
#6103=ORIENTED_EDGE('',*,*,#4724,.F.);
#6104=ORIENTED_EDGE('',*,*,#4725,.F.);
#6105=ORIENTED_EDGE('',*,*,#4719,.F.);
#6106=ORIENTED_EDGE('',*,*,#4726,.T.);
#6107=ORIENTED_EDGE('',*,*,#4727,.F.);
#6108=ORIENTED_EDGE('',*,*,#4728,.T.);
#6109=ORIENTED_EDGE('',*,*,#4729,.T.);
#6110=ORIENTED_EDGE('',*,*,#4720,.T.);
#6111=ORIENTED_EDGE('',*,*,#4730,.F.);
#6112=ORIENTED_EDGE('',*,*,#4726,.F.);
#6113=ORIENTED_EDGE('',*,*,#4725,.T.);
#6114=ORIENTED_EDGE('',*,*,#4731,.T.);
#6115=ORIENTED_EDGE('',*,*,#4732,.T.);
#6116=ORIENTED_EDGE('',*,*,#4733,.T.);
#6117=ORIENTED_EDGE('',*,*,#4728,.F.);
#6118=ORIENTED_EDGE('',*,*,#4734,.F.);
#6119=ORIENTED_EDGE('',*,*,#4735,.F.);
#6120=ORIENTED_EDGE('',*,*,#4729,.F.);
#6121=ORIENTED_EDGE('',*,*,#4736,.T.);
#6122=ORIENTED_EDGE('',*,*,#4737,.F.);
#6123=ORIENTED_EDGE('',*,*,#4721,.T.);
#6124=ORIENTED_EDGE('',*,*,#4738,.T.);
#6125=ORIENTED_EDGE('',*,*,#4739,.T.);
#6126=ORIENTED_EDGE('',*,*,#4722,.T.);
#6127=ORIENTED_EDGE('',*,*,#4737,.T.);
#6128=ORIENTED_EDGE('',*,*,#4740,.T.);
#6129=ORIENTED_EDGE('',*,*,#4741,.T.);
#6130=ORIENTED_EDGE('',*,*,#4731,.F.);
#6131=ORIENTED_EDGE('',*,*,#4724,.T.);
#6132=ORIENTED_EDGE('',*,*,#4742,.T.);
#6133=ORIENTED_EDGE('',*,*,#4743,.T.);
#6134=ORIENTED_EDGE('',*,*,#4742,.F.);
#6135=ORIENTED_EDGE('',*,*,#4723,.T.);
#6136=ORIENTED_EDGE('',*,*,#4739,.F.);
#6137=ORIENTED_EDGE('',*,*,#4744,.F.);
#6138=ORIENTED_EDGE('',*,*,#4745,.F.);
#6139=ORIENTED_EDGE('',*,*,#4746,.F.);
#6140=ORIENTED_EDGE('',*,*,#4747,.F.);
#6141=ORIENTED_EDGE('',*,*,#4748,.F.);
#6142=ORIENTED_EDGE('',*,*,#4749,.F.);
#6143=ORIENTED_EDGE('',*,*,#4714,.F.);
#6144=ORIENTED_EDGE('',*,*,#4750,.T.);
#6145=ORIENTED_EDGE('',*,*,#4744,.T.);
#6146=ORIENTED_EDGE('',*,*,#4751,.T.);
#6147=ORIENTED_EDGE('',*,*,#4752,.T.);
#6148=ORIENTED_EDGE('',*,*,#4741,.F.);
#6149=ORIENTED_EDGE('',*,*,#4753,.F.);
#6150=ORIENTED_EDGE('',*,*,#4754,.F.);
#6151=ORIENTED_EDGE('',*,*,#4690,.F.);
#6152=ORIENTED_EDGE('',*,*,#4755,.F.);
#6153=ORIENTED_EDGE('',*,*,#4752,.F.);
#6154=ORIENTED_EDGE('',*,*,#4756,.F.);
#6155=ORIENTED_EDGE('',*,*,#4732,.F.);
#6156=ORIENTED_EDGE('',*,*,#4751,.F.);
#6157=ORIENTED_EDGE('',*,*,#4749,.T.);
#6158=ORIENTED_EDGE('',*,*,#4757,.T.);
#6159=ORIENTED_EDGE('',*,*,#4758,.T.);
#6160=ORIENTED_EDGE('',*,*,#4759,.F.);
#6161=ORIENTED_EDGE('',*,*,#4760,.F.);
#6162=ORIENTED_EDGE('',*,*,#4761,.F.);
#6163=ORIENTED_EDGE('',*,*,#4756,.T.);
#6164=ORIENTED_EDGE('',*,*,#4760,.T.);
#6165=ORIENTED_EDGE('',*,*,#4762,.T.);
#6166=ORIENTED_EDGE('',*,*,#4762,.F.);
#6167=ORIENTED_EDGE('',*,*,#4759,.T.);
#6168=ORIENTED_EDGE('',*,*,#4763,.T.);
#6169=ORIENTED_EDGE('',*,*,#4764,.F.);
#6170=ORIENTED_EDGE('',*,*,#4765,.T.);
#6171=ORIENTED_EDGE('',*,*,#4766,.F.);
#6172=ORIENTED_EDGE('',*,*,#4767,.F.);
#6173=ORIENTED_EDGE('',*,*,#4768,.F.);
#6174=ORIENTED_EDGE('',*,*,#4769,.F.);
#6175=ORIENTED_EDGE('',*,*,#4770,.F.);
#6176=ORIENTED_EDGE('',*,*,#4771,.F.);
#6177=ORIENTED_EDGE('',*,*,#4772,.F.);
#6178=ORIENTED_EDGE('',*,*,#4773,.F.);
#6179=ORIENTED_EDGE('',*,*,#4774,.F.);
#6180=ORIENTED_EDGE('',*,*,#4775,.F.);
#6181=ORIENTED_EDGE('',*,*,#4776,.F.);
#6182=ORIENTED_EDGE('',*,*,#4777,.F.);
#6183=ORIENTED_EDGE('',*,*,#4778,.F.);
#6184=ORIENTED_EDGE('',*,*,#4779,.F.);
#6185=ORIENTED_EDGE('',*,*,#4780,.F.);
#6186=ORIENTED_EDGE('',*,*,#4781,.F.);
#6187=ORIENTED_EDGE('',*,*,#4782,.F.);
#6188=ORIENTED_EDGE('',*,*,#4783,.F.);
#6189=ORIENTED_EDGE('',*,*,#4784,.F.);
#6190=ORIENTED_EDGE('',*,*,#4785,.F.);
#6191=ORIENTED_EDGE('',*,*,#4786,.F.);
#6192=ORIENTED_EDGE('',*,*,#4787,.F.);
#6193=ORIENTED_EDGE('',*,*,#4788,.F.);
#6194=ORIENTED_EDGE('',*,*,#4789,.T.);
#6195=ORIENTED_EDGE('',*,*,#4790,.T.);
#6196=ORIENTED_EDGE('',*,*,#4734,.T.);
#6197=ORIENTED_EDGE('',*,*,#4727,.T.);
#6198=ORIENTED_EDGE('',*,*,#4730,.T.);
#6199=ORIENTED_EDGE('',*,*,#4791,.T.);
#6200=ORIENTED_EDGE('',*,*,#4750,.F.);
#6201=ORIENTED_EDGE('',*,*,#4755,.T.);
#6202=ORIENTED_EDGE('',*,*,#4689,.T.);
#6203=ORIENTED_EDGE('',*,*,#4709,.T.);
#6204=ORIENTED_EDGE('',*,*,#4694,.T.);
#6205=ORIENTED_EDGE('',*,*,#4792,.T.);
#6206=ORIENTED_EDGE('',*,*,#4745,.T.);
#6207=ORIENTED_EDGE('',*,*,#4793,.T.);
#6208=ORIENTED_EDGE('',*,*,#4757,.F.);
#6209=ORIENTED_EDGE('',*,*,#4748,.T.);
#6210=ORIENTED_EDGE('',*,*,#4794,.T.);
#6211=ORIENTED_EDGE('',*,*,#4795,.T.);
#6212=ORIENTED_EDGE('',*,*,#4794,.F.);
#6213=ORIENTED_EDGE('',*,*,#4747,.T.);
#6214=ORIENTED_EDGE('',*,*,#4796,.T.);
#6215=ORIENTED_EDGE('',*,*,#4797,.T.);
#6216=ORIENTED_EDGE('',*,*,#4796,.F.);
#6217=ORIENTED_EDGE('',*,*,#4746,.T.);
#6218=ORIENTED_EDGE('',*,*,#4792,.F.);
#6219=ORIENTED_EDGE('',*,*,#4798,.T.);
#6220=ORIENTED_EDGE('',*,*,#4799,.T.);
#6221=ORIENTED_EDGE('',*,*,#4800,.T.);
#6222=ORIENTED_EDGE('',*,*,#4801,.T.);
#6223=ORIENTED_EDGE('',*,*,#4802,.F.);
#6224=ORIENTED_EDGE('',*,*,#4799,.F.);
#6225=ORIENTED_EDGE('',*,*,#4765,.F.);
#6226=ORIENTED_EDGE('',*,*,#4803,.F.);
#6227=ORIENTED_EDGE('',*,*,#4804,.F.);
#6228=ORIENTED_EDGE('',*,*,#4805,.F.);
#6229=ORIENTED_EDGE('',*,*,#4806,.F.);
#6230=ORIENTED_EDGE('',*,*,#4798,.F.);
#6231=ORIENTED_EDGE('',*,*,#4807,.T.);
#6232=ORIENTED_EDGE('',*,*,#4808,.T.);
#6233=ORIENTED_EDGE('',*,*,#4766,.T.);
#6234=ORIENTED_EDGE('',*,*,#4809,.T.);
#6235=ORIENTED_EDGE('',*,*,#4810,.T.);
#6236=ORIENTED_EDGE('',*,*,#4811,.T.);
#6237=ORIENTED_EDGE('',*,*,#4812,.T.);
#6238=ORIENTED_EDGE('',*,*,#4813,.T.);
#6239=ORIENTED_EDGE('',*,*,#4813,.F.);
#6240=ORIENTED_EDGE('',*,*,#4814,.T.);
#6241=ORIENTED_EDGE('',*,*,#4815,.F.);
#6242=ORIENTED_EDGE('',*,*,#4816,.F.);
#6243=ORIENTED_EDGE('',*,*,#4769,.T.);
#6244=ORIENTED_EDGE('',*,*,#4817,.T.);
#6245=ORIENTED_EDGE('',*,*,#4812,.F.);
#6246=ORIENTED_EDGE('',*,*,#4818,.F.);
#6247=ORIENTED_EDGE('',*,*,#4819,.F.);
#6248=ORIENTED_EDGE('',*,*,#4820,.F.);
#6249=ORIENTED_EDGE('',*,*,#4821,.F.);
#6250=ORIENTED_EDGE('',*,*,#4822,.F.);
#6251=ORIENTED_EDGE('',*,*,#4823,.F.);
#6252=ORIENTED_EDGE('',*,*,#4814,.F.);
#6253=ORIENTED_EDGE('',*,*,#4815,.T.);
#6254=ORIENTED_EDGE('',*,*,#4823,.T.);
#6255=ORIENTED_EDGE('',*,*,#4824,.T.);
#6256=ORIENTED_EDGE('',*,*,#4825,.T.);
#6257=ORIENTED_EDGE('',*,*,#4826,.T.);
#6258=ORIENTED_EDGE('',*,*,#4826,.F.);
#6259=ORIENTED_EDGE('',*,*,#4827,.T.);
#6260=ORIENTED_EDGE('',*,*,#4828,.T.);
#6261=ORIENTED_EDGE('',*,*,#4770,.T.);
#6262=ORIENTED_EDGE('',*,*,#4816,.T.);
#6263=ORIENTED_EDGE('',*,*,#4829,.T.);
#6264=ORIENTED_EDGE('',*,*,#4830,.T.);
#6265=ORIENTED_EDGE('',*,*,#4831,.T.);
#6266=ORIENTED_EDGE('',*,*,#4832,.T.);
#6267=ORIENTED_EDGE('',*,*,#4833,.T.);
#6268=ORIENTED_EDGE('',*,*,#4833,.F.);
#6269=ORIENTED_EDGE('',*,*,#4834,.T.);
#6270=ORIENTED_EDGE('',*,*,#4835,.F.);
#6271=ORIENTED_EDGE('',*,*,#4836,.F.);
#6272=ORIENTED_EDGE('',*,*,#4773,.T.);
#6273=ORIENTED_EDGE('',*,*,#4837,.T.);
#6274=ORIENTED_EDGE('',*,*,#4832,.F.);
#6275=ORIENTED_EDGE('',*,*,#4838,.F.);
#6276=ORIENTED_EDGE('',*,*,#4839,.F.);
#6277=ORIENTED_EDGE('',*,*,#4840,.F.);
#6278=ORIENTED_EDGE('',*,*,#4841,.F.);
#6279=ORIENTED_EDGE('',*,*,#4842,.F.);
#6280=ORIENTED_EDGE('',*,*,#4843,.F.);
#6281=ORIENTED_EDGE('',*,*,#4834,.F.);
#6282=ORIENTED_EDGE('',*,*,#4835,.T.);
#6283=ORIENTED_EDGE('',*,*,#4843,.T.);
#6284=ORIENTED_EDGE('',*,*,#4844,.T.);
#6285=ORIENTED_EDGE('',*,*,#4845,.T.);
#6286=ORIENTED_EDGE('',*,*,#4846,.T.);
#6287=ORIENTED_EDGE('',*,*,#4846,.F.);
#6288=ORIENTED_EDGE('',*,*,#4847,.T.);
#6289=ORIENTED_EDGE('',*,*,#4848,.T.);
#6290=ORIENTED_EDGE('',*,*,#4774,.T.);
#6291=ORIENTED_EDGE('',*,*,#4836,.T.);
#6292=ORIENTED_EDGE('',*,*,#4849,.T.);
#6293=ORIENTED_EDGE('',*,*,#4850,.T.);
#6294=ORIENTED_EDGE('',*,*,#4851,.T.);
#6295=ORIENTED_EDGE('',*,*,#4852,.T.);
#6296=ORIENTED_EDGE('',*,*,#4853,.T.);
#6297=ORIENTED_EDGE('',*,*,#4853,.F.);
#6298=ORIENTED_EDGE('',*,*,#4854,.T.);
#6299=ORIENTED_EDGE('',*,*,#4855,.F.);
#6300=ORIENTED_EDGE('',*,*,#4856,.F.);
#6301=ORIENTED_EDGE('',*,*,#4777,.T.);
#6302=ORIENTED_EDGE('',*,*,#4857,.T.);
#6303=ORIENTED_EDGE('',*,*,#4852,.F.);
#6304=ORIENTED_EDGE('',*,*,#4858,.F.);
#6305=ORIENTED_EDGE('',*,*,#4859,.F.);
#6306=ORIENTED_EDGE('',*,*,#4860,.F.);
#6307=ORIENTED_EDGE('',*,*,#4861,.F.);
#6308=ORIENTED_EDGE('',*,*,#4862,.F.);
#6309=ORIENTED_EDGE('',*,*,#4863,.F.);
#6310=ORIENTED_EDGE('',*,*,#4854,.F.);
#6311=ORIENTED_EDGE('',*,*,#4855,.T.);
#6312=ORIENTED_EDGE('',*,*,#4863,.T.);
#6313=ORIENTED_EDGE('',*,*,#4864,.T.);
#6314=ORIENTED_EDGE('',*,*,#4865,.T.);
#6315=ORIENTED_EDGE('',*,*,#4866,.T.);
#6316=ORIENTED_EDGE('',*,*,#4866,.F.);
#6317=ORIENTED_EDGE('',*,*,#4867,.T.);
#6318=ORIENTED_EDGE('',*,*,#4868,.T.);
#6319=ORIENTED_EDGE('',*,*,#4778,.T.);
#6320=ORIENTED_EDGE('',*,*,#4856,.T.);
#6321=ORIENTED_EDGE('',*,*,#4869,.T.);
#6322=ORIENTED_EDGE('',*,*,#4870,.T.);
#6323=ORIENTED_EDGE('',*,*,#4871,.T.);
#6324=ORIENTED_EDGE('',*,*,#4872,.T.);
#6325=ORIENTED_EDGE('',*,*,#4873,.T.);
#6326=ORIENTED_EDGE('',*,*,#4873,.F.);
#6327=ORIENTED_EDGE('',*,*,#4874,.T.);
#6328=ORIENTED_EDGE('',*,*,#4875,.F.);
#6329=ORIENTED_EDGE('',*,*,#4876,.F.);
#6330=ORIENTED_EDGE('',*,*,#4781,.T.);
#6331=ORIENTED_EDGE('',*,*,#4877,.T.);
#6332=ORIENTED_EDGE('',*,*,#4872,.F.);
#6333=ORIENTED_EDGE('',*,*,#4878,.F.);
#6334=ORIENTED_EDGE('',*,*,#4879,.F.);
#6335=ORIENTED_EDGE('',*,*,#4880,.F.);
#6336=ORIENTED_EDGE('',*,*,#4881,.F.);
#6337=ORIENTED_EDGE('',*,*,#4882,.F.);
#6338=ORIENTED_EDGE('',*,*,#4883,.F.);
#6339=ORIENTED_EDGE('',*,*,#4874,.F.);
#6340=ORIENTED_EDGE('',*,*,#4875,.T.);
#6341=ORIENTED_EDGE('',*,*,#4883,.T.);
#6342=ORIENTED_EDGE('',*,*,#4884,.T.);
#6343=ORIENTED_EDGE('',*,*,#4885,.T.);
#6344=ORIENTED_EDGE('',*,*,#4886,.T.);
#6345=ORIENTED_EDGE('',*,*,#4886,.F.);
#6346=ORIENTED_EDGE('',*,*,#4887,.T.);
#6347=ORIENTED_EDGE('',*,*,#4888,.T.);
#6348=ORIENTED_EDGE('',*,*,#4782,.T.);
#6349=ORIENTED_EDGE('',*,*,#4876,.T.);
#6350=ORIENTED_EDGE('',*,*,#4889,.T.);
#6351=ORIENTED_EDGE('',*,*,#4890,.T.);
#6352=ORIENTED_EDGE('',*,*,#4891,.T.);
#6353=ORIENTED_EDGE('',*,*,#4892,.T.);
#6354=ORIENTED_EDGE('',*,*,#4893,.T.);
#6355=ORIENTED_EDGE('',*,*,#4893,.F.);
#6356=ORIENTED_EDGE('',*,*,#4894,.T.);
#6357=ORIENTED_EDGE('',*,*,#4895,.F.);
#6358=ORIENTED_EDGE('',*,*,#4896,.F.);
#6359=ORIENTED_EDGE('',*,*,#4785,.T.);
#6360=ORIENTED_EDGE('',*,*,#4897,.T.);
#6361=ORIENTED_EDGE('',*,*,#4892,.F.);
#6362=ORIENTED_EDGE('',*,*,#4898,.F.);
#6363=ORIENTED_EDGE('',*,*,#4899,.F.);
#6364=ORIENTED_EDGE('',*,*,#4900,.F.);
#6365=ORIENTED_EDGE('',*,*,#4901,.F.);
#6366=ORIENTED_EDGE('',*,*,#4902,.F.);
#6367=ORIENTED_EDGE('',*,*,#4903,.F.);
#6368=ORIENTED_EDGE('',*,*,#4894,.F.);
#6369=ORIENTED_EDGE('',*,*,#4895,.T.);
#6370=ORIENTED_EDGE('',*,*,#4903,.T.);
#6371=ORIENTED_EDGE('',*,*,#4904,.T.);
#6372=ORIENTED_EDGE('',*,*,#4905,.T.);
#6373=ORIENTED_EDGE('',*,*,#4906,.T.);
#6374=ORIENTED_EDGE('',*,*,#4906,.F.);
#6375=ORIENTED_EDGE('',*,*,#4907,.T.);
#6376=ORIENTED_EDGE('',*,*,#4908,.T.);
#6377=ORIENTED_EDGE('',*,*,#4786,.T.);
#6378=ORIENTED_EDGE('',*,*,#4896,.T.);
#6379=ORIENTED_EDGE('',*,*,#4909,.T.);
#6380=ORIENTED_EDGE('',*,*,#4910,.T.);
#6381=ORIENTED_EDGE('',*,*,#4911,.T.);
#6382=ORIENTED_EDGE('',*,*,#4912,.T.);
#6383=ORIENTED_EDGE('',*,*,#4910,.F.);
#6384=ORIENTED_EDGE('',*,*,#4913,.F.);
#6385=ORIENTED_EDGE('',*,*,#4914,.T.);
#6386=ORIENTED_EDGE('',*,*,#4915,.T.);
#6387=ORIENTED_EDGE('',*,*,#4909,.F.);
#6388=ORIENTED_EDGE('',*,*,#4788,.T.);
#6389=ORIENTED_EDGE('',*,*,#4916,.F.);
#6390=ORIENTED_EDGE('',*,*,#4913,.T.);
#6391=ORIENTED_EDGE('',*,*,#4917,.T.);
#6392=ORIENTED_EDGE('',*,*,#4918,.T.);
#6393=ORIENTED_EDGE('',*,*,#4919,.T.);
#6394=ORIENTED_EDGE('',*,*,#4911,.F.);
#6395=ORIENTED_EDGE('',*,*,#4920,.T.);
#6396=ORIENTED_EDGE('',*,*,#4921,.T.);
#6397=ORIENTED_EDGE('',*,*,#4918,.F.);
#6398=ORIENTED_EDGE('',*,*,#4922,.T.);
#6399=ORIENTED_EDGE('',*,*,#4920,.F.);
#6400=ORIENTED_EDGE('',*,*,#4923,.T.);
#6401=ORIENTED_EDGE('',*,*,#4924,.T.);
#6402=ORIENTED_EDGE('',*,*,#4925,.T.);
#6403=ORIENTED_EDGE('',*,*,#4924,.F.);
#6404=ORIENTED_EDGE('',*,*,#4926,.T.);
#6405=ORIENTED_EDGE('',*,*,#4927,.T.);
#6406=ORIENTED_EDGE('',*,*,#4928,.T.);
#6407=ORIENTED_EDGE('',*,*,#4927,.F.);
#6408=ORIENTED_EDGE('',*,*,#4929,.T.);
#6409=ORIENTED_EDGE('',*,*,#4930,.T.);
#6410=ORIENTED_EDGE('',*,*,#4931,.T.);
#6411=ORIENTED_EDGE('',*,*,#4932,.T.);
#6412=ORIENTED_EDGE('',*,*,#4933,.T.);
#6413=ORIENTED_EDGE('',*,*,#4930,.F.);
#6414=ORIENTED_EDGE('',*,*,#4934,.T.);
#6415=ORIENTED_EDGE('',*,*,#4902,.T.);
#6416=ORIENTED_EDGE('',*,*,#4932,.F.);
#6417=ORIENTED_EDGE('',*,*,#4935,.T.);
#6418=ORIENTED_EDGE('',*,*,#4904,.F.);
#6419=ORIENTED_EDGE('',*,*,#4935,.F.);
#6420=ORIENTED_EDGE('',*,*,#4934,.F.);
#6421=ORIENTED_EDGE('',*,*,#4929,.F.);
#6422=ORIENTED_EDGE('',*,*,#4926,.F.);
#6423=ORIENTED_EDGE('',*,*,#4923,.F.);
#6424=ORIENTED_EDGE('',*,*,#4922,.F.);
#6425=ORIENTED_EDGE('',*,*,#4917,.F.);
#6426=ORIENTED_EDGE('',*,*,#4915,.F.);
#6427=ORIENTED_EDGE('',*,*,#4936,.F.);
#6428=ORIENTED_EDGE('',*,*,#4937,.F.);
#6429=ORIENTED_EDGE('',*,*,#4938,.T.);
#6430=ORIENTED_EDGE('',*,*,#4939,.T.);
#6431=ORIENTED_EDGE('',*,*,#4898,.T.);
#6432=ORIENTED_EDGE('',*,*,#4891,.F.);
#6433=ORIENTED_EDGE('',*,*,#4940,.T.);
#6434=ORIENTED_EDGE('',*,*,#4941,.T.);
#6435=ORIENTED_EDGE('',*,*,#4939,.F.);
#6436=ORIENTED_EDGE('',*,*,#4942,.T.);
#6437=ORIENTED_EDGE('',*,*,#4940,.F.);
#6438=ORIENTED_EDGE('',*,*,#4943,.T.);
#6439=ORIENTED_EDGE('',*,*,#4944,.T.);
#6440=ORIENTED_EDGE('',*,*,#4945,.T.);
#6441=ORIENTED_EDGE('',*,*,#4944,.F.);
#6442=ORIENTED_EDGE('',*,*,#4946,.T.);
#6443=ORIENTED_EDGE('',*,*,#4947,.T.);
#6444=ORIENTED_EDGE('',*,*,#4948,.T.);
#6445=ORIENTED_EDGE('',*,*,#4947,.F.);
#6446=ORIENTED_EDGE('',*,*,#4949,.T.);
#6447=ORIENTED_EDGE('',*,*,#4950,.T.);
#6448=ORIENTED_EDGE('',*,*,#4951,.T.);
#6449=ORIENTED_EDGE('',*,*,#4952,.T.);
#6450=ORIENTED_EDGE('',*,*,#4953,.T.);
#6451=ORIENTED_EDGE('',*,*,#4950,.F.);
#6452=ORIENTED_EDGE('',*,*,#4954,.T.);
#6453=ORIENTED_EDGE('',*,*,#4882,.T.);
#6454=ORIENTED_EDGE('',*,*,#4952,.F.);
#6455=ORIENTED_EDGE('',*,*,#4955,.T.);
#6456=ORIENTED_EDGE('',*,*,#4884,.F.);
#6457=ORIENTED_EDGE('',*,*,#4955,.F.);
#6458=ORIENTED_EDGE('',*,*,#4954,.F.);
#6459=ORIENTED_EDGE('',*,*,#4949,.F.);
#6460=ORIENTED_EDGE('',*,*,#4946,.F.);
#6461=ORIENTED_EDGE('',*,*,#4943,.F.);
#6462=ORIENTED_EDGE('',*,*,#4942,.F.);
#6463=ORIENTED_EDGE('',*,*,#4938,.F.);
#6464=ORIENTED_EDGE('',*,*,#4956,.F.);
#6465=ORIENTED_EDGE('',*,*,#4957,.F.);
#6466=ORIENTED_EDGE('',*,*,#4958,.F.);
#6467=ORIENTED_EDGE('',*,*,#4959,.T.);
#6468=ORIENTED_EDGE('',*,*,#4960,.T.);
#6469=ORIENTED_EDGE('',*,*,#4878,.T.);
#6470=ORIENTED_EDGE('',*,*,#4871,.F.);
#6471=ORIENTED_EDGE('',*,*,#4961,.T.);
#6472=ORIENTED_EDGE('',*,*,#4962,.T.);
#6473=ORIENTED_EDGE('',*,*,#4960,.F.);
#6474=ORIENTED_EDGE('',*,*,#4963,.T.);
#6475=ORIENTED_EDGE('',*,*,#4961,.F.);
#6476=ORIENTED_EDGE('',*,*,#4964,.T.);
#6477=ORIENTED_EDGE('',*,*,#4965,.T.);
#6478=ORIENTED_EDGE('',*,*,#4966,.T.);
#6479=ORIENTED_EDGE('',*,*,#4965,.F.);
#6480=ORIENTED_EDGE('',*,*,#4967,.T.);
#6481=ORIENTED_EDGE('',*,*,#4968,.T.);
#6482=ORIENTED_EDGE('',*,*,#4969,.T.);
#6483=ORIENTED_EDGE('',*,*,#4968,.F.);
#6484=ORIENTED_EDGE('',*,*,#4970,.T.);
#6485=ORIENTED_EDGE('',*,*,#4971,.T.);
#6486=ORIENTED_EDGE('',*,*,#4972,.T.);
#6487=ORIENTED_EDGE('',*,*,#4973,.T.);
#6488=ORIENTED_EDGE('',*,*,#4974,.T.);
#6489=ORIENTED_EDGE('',*,*,#4971,.F.);
#6490=ORIENTED_EDGE('',*,*,#4975,.T.);
#6491=ORIENTED_EDGE('',*,*,#4862,.T.);
#6492=ORIENTED_EDGE('',*,*,#4973,.F.);
#6493=ORIENTED_EDGE('',*,*,#4976,.T.);
#6494=ORIENTED_EDGE('',*,*,#4864,.F.);
#6495=ORIENTED_EDGE('',*,*,#4976,.F.);
#6496=ORIENTED_EDGE('',*,*,#4975,.F.);
#6497=ORIENTED_EDGE('',*,*,#4970,.F.);
#6498=ORIENTED_EDGE('',*,*,#4967,.F.);
#6499=ORIENTED_EDGE('',*,*,#4964,.F.);
#6500=ORIENTED_EDGE('',*,*,#4963,.F.);
#6501=ORIENTED_EDGE('',*,*,#4959,.F.);
#6502=ORIENTED_EDGE('',*,*,#4977,.F.);
#6503=ORIENTED_EDGE('',*,*,#4978,.F.);
#6504=ORIENTED_EDGE('',*,*,#4979,.F.);
#6505=ORIENTED_EDGE('',*,*,#4980,.T.);
#6506=ORIENTED_EDGE('',*,*,#4981,.T.);
#6507=ORIENTED_EDGE('',*,*,#4858,.T.);
#6508=ORIENTED_EDGE('',*,*,#4851,.F.);
#6509=ORIENTED_EDGE('',*,*,#4982,.T.);
#6510=ORIENTED_EDGE('',*,*,#4983,.T.);
#6511=ORIENTED_EDGE('',*,*,#4981,.F.);
#6512=ORIENTED_EDGE('',*,*,#4984,.T.);
#6513=ORIENTED_EDGE('',*,*,#4982,.F.);
#6514=ORIENTED_EDGE('',*,*,#4985,.T.);
#6515=ORIENTED_EDGE('',*,*,#4986,.T.);
#6516=ORIENTED_EDGE('',*,*,#4987,.T.);
#6517=ORIENTED_EDGE('',*,*,#4986,.F.);
#6518=ORIENTED_EDGE('',*,*,#4988,.T.);
#6519=ORIENTED_EDGE('',*,*,#4989,.T.);
#6520=ORIENTED_EDGE('',*,*,#4990,.T.);
#6521=ORIENTED_EDGE('',*,*,#4989,.F.);
#6522=ORIENTED_EDGE('',*,*,#4991,.T.);
#6523=ORIENTED_EDGE('',*,*,#4992,.T.);
#6524=ORIENTED_EDGE('',*,*,#4993,.T.);
#6525=ORIENTED_EDGE('',*,*,#4994,.T.);
#6526=ORIENTED_EDGE('',*,*,#4995,.T.);
#6527=ORIENTED_EDGE('',*,*,#4992,.F.);
#6528=ORIENTED_EDGE('',*,*,#4996,.T.);
#6529=ORIENTED_EDGE('',*,*,#4842,.T.);
#6530=ORIENTED_EDGE('',*,*,#4994,.F.);
#6531=ORIENTED_EDGE('',*,*,#4997,.T.);
#6532=ORIENTED_EDGE('',*,*,#4844,.F.);
#6533=ORIENTED_EDGE('',*,*,#4997,.F.);
#6534=ORIENTED_EDGE('',*,*,#4996,.F.);
#6535=ORIENTED_EDGE('',*,*,#4991,.F.);
#6536=ORIENTED_EDGE('',*,*,#4988,.F.);
#6537=ORIENTED_EDGE('',*,*,#4985,.F.);
#6538=ORIENTED_EDGE('',*,*,#4984,.F.);
#6539=ORIENTED_EDGE('',*,*,#4980,.F.);
#6540=ORIENTED_EDGE('',*,*,#4998,.F.);
#6541=ORIENTED_EDGE('',*,*,#4999,.F.);
#6542=ORIENTED_EDGE('',*,*,#5000,.F.);
#6543=ORIENTED_EDGE('',*,*,#5001,.T.);
#6544=ORIENTED_EDGE('',*,*,#5002,.T.);
#6545=ORIENTED_EDGE('',*,*,#4838,.T.);
#6546=ORIENTED_EDGE('',*,*,#4831,.F.);
#6547=ORIENTED_EDGE('',*,*,#5003,.T.);
#6548=ORIENTED_EDGE('',*,*,#5004,.T.);
#6549=ORIENTED_EDGE('',*,*,#5002,.F.);
#6550=ORIENTED_EDGE('',*,*,#5005,.T.);
#6551=ORIENTED_EDGE('',*,*,#5003,.F.);
#6552=ORIENTED_EDGE('',*,*,#5006,.T.);
#6553=ORIENTED_EDGE('',*,*,#5007,.T.);
#6554=ORIENTED_EDGE('',*,*,#5008,.T.);
#6555=ORIENTED_EDGE('',*,*,#5007,.F.);
#6556=ORIENTED_EDGE('',*,*,#5009,.T.);
#6557=ORIENTED_EDGE('',*,*,#5010,.T.);
#6558=ORIENTED_EDGE('',*,*,#5011,.T.);
#6559=ORIENTED_EDGE('',*,*,#5010,.F.);
#6560=ORIENTED_EDGE('',*,*,#5012,.T.);
#6561=ORIENTED_EDGE('',*,*,#5013,.T.);
#6562=ORIENTED_EDGE('',*,*,#5014,.T.);
#6563=ORIENTED_EDGE('',*,*,#5015,.T.);
#6564=ORIENTED_EDGE('',*,*,#5016,.T.);
#6565=ORIENTED_EDGE('',*,*,#5013,.F.);
#6566=ORIENTED_EDGE('',*,*,#5017,.T.);
#6567=ORIENTED_EDGE('',*,*,#4822,.T.);
#6568=ORIENTED_EDGE('',*,*,#5015,.F.);
#6569=ORIENTED_EDGE('',*,*,#5018,.T.);
#6570=ORIENTED_EDGE('',*,*,#4824,.F.);
#6571=ORIENTED_EDGE('',*,*,#5018,.F.);
#6572=ORIENTED_EDGE('',*,*,#5017,.F.);
#6573=ORIENTED_EDGE('',*,*,#5012,.F.);
#6574=ORIENTED_EDGE('',*,*,#5009,.F.);
#6575=ORIENTED_EDGE('',*,*,#5006,.F.);
#6576=ORIENTED_EDGE('',*,*,#5005,.F.);
#6577=ORIENTED_EDGE('',*,*,#5001,.F.);
#6578=ORIENTED_EDGE('',*,*,#5019,.F.);
#6579=ORIENTED_EDGE('',*,*,#5020,.F.);
#6580=ORIENTED_EDGE('',*,*,#5021,.F.);
#6581=ORIENTED_EDGE('',*,*,#5022,.T.);
#6582=ORIENTED_EDGE('',*,*,#5023,.T.);
#6583=ORIENTED_EDGE('',*,*,#4818,.T.);
#6584=ORIENTED_EDGE('',*,*,#4811,.F.);
#6585=ORIENTED_EDGE('',*,*,#5024,.T.);
#6586=ORIENTED_EDGE('',*,*,#5025,.T.);
#6587=ORIENTED_EDGE('',*,*,#5023,.F.);
#6588=ORIENTED_EDGE('',*,*,#5026,.T.);
#6589=ORIENTED_EDGE('',*,*,#5024,.F.);
#6590=ORIENTED_EDGE('',*,*,#5027,.T.);
#6591=ORIENTED_EDGE('',*,*,#5028,.T.);
#6592=ORIENTED_EDGE('',*,*,#5029,.T.);
#6593=ORIENTED_EDGE('',*,*,#5028,.F.);
#6594=ORIENTED_EDGE('',*,*,#5030,.T.);
#6595=ORIENTED_EDGE('',*,*,#5031,.T.);
#6596=ORIENTED_EDGE('',*,*,#5032,.T.);
#6597=ORIENTED_EDGE('',*,*,#5031,.F.);
#6598=ORIENTED_EDGE('',*,*,#5033,.T.);
#6599=ORIENTED_EDGE('',*,*,#5034,.T.);
#6600=ORIENTED_EDGE('',*,*,#5035,.T.);
#6601=ORIENTED_EDGE('',*,*,#5036,.T.);
#6602=ORIENTED_EDGE('',*,*,#5037,.T.);
#6603=ORIENTED_EDGE('',*,*,#5034,.F.);
#6604=ORIENTED_EDGE('',*,*,#5038,.T.);
#6605=ORIENTED_EDGE('',*,*,#4802,.T.);
#6606=ORIENTED_EDGE('',*,*,#5036,.F.);
#6607=ORIENTED_EDGE('',*,*,#5039,.T.);
#6608=ORIENTED_EDGE('',*,*,#4800,.F.);
#6609=ORIENTED_EDGE('',*,*,#5039,.F.);
#6610=ORIENTED_EDGE('',*,*,#5038,.F.);
#6611=ORIENTED_EDGE('',*,*,#5033,.F.);
#6612=ORIENTED_EDGE('',*,*,#5030,.F.);
#6613=ORIENTED_EDGE('',*,*,#5027,.F.);
#6614=ORIENTED_EDGE('',*,*,#5026,.F.);
#6615=ORIENTED_EDGE('',*,*,#5022,.F.);
#6616=ORIENTED_EDGE('',*,*,#5040,.F.);
#6617=ORIENTED_EDGE('',*,*,#5041,.F.);
#6618=ORIENTED_EDGE('',*,*,#5042,.F.);
#6619=ORIENTED_EDGE('',*,*,#4916,.T.);
#6620=ORIENTED_EDGE('',*,*,#4787,.T.);
#6621=ORIENTED_EDGE('',*,*,#4908,.F.);
#6622=ORIENTED_EDGE('',*,*,#5043,.T.);
#6623=ORIENTED_EDGE('',*,*,#5044,.T.);
#6624=ORIENTED_EDGE('',*,*,#4783,.T.);
#6625=ORIENTED_EDGE('',*,*,#4888,.F.);
#6626=ORIENTED_EDGE('',*,*,#5045,.T.);
#6627=ORIENTED_EDGE('',*,*,#4889,.F.);
#6628=ORIENTED_EDGE('',*,*,#4897,.F.);
#6629=ORIENTED_EDGE('',*,*,#4784,.T.);
#6630=ORIENTED_EDGE('',*,*,#5044,.F.);
#6631=ORIENTED_EDGE('',*,*,#5046,.T.);
#6632=ORIENTED_EDGE('',*,*,#5047,.T.);
#6633=ORIENTED_EDGE('',*,*,#4779,.T.);
#6634=ORIENTED_EDGE('',*,*,#4868,.F.);
#6635=ORIENTED_EDGE('',*,*,#5048,.T.);
#6636=ORIENTED_EDGE('',*,*,#4869,.F.);
#6637=ORIENTED_EDGE('',*,*,#4877,.F.);
#6638=ORIENTED_EDGE('',*,*,#4780,.T.);
#6639=ORIENTED_EDGE('',*,*,#5047,.F.);
#6640=ORIENTED_EDGE('',*,*,#5049,.T.);
#6641=ORIENTED_EDGE('',*,*,#5050,.T.);
#6642=ORIENTED_EDGE('',*,*,#4775,.T.);
#6643=ORIENTED_EDGE('',*,*,#4848,.F.);
#6644=ORIENTED_EDGE('',*,*,#5051,.T.);
#6645=ORIENTED_EDGE('',*,*,#4849,.F.);
#6646=ORIENTED_EDGE('',*,*,#4857,.F.);
#6647=ORIENTED_EDGE('',*,*,#4776,.T.);
#6648=ORIENTED_EDGE('',*,*,#5050,.F.);
#6649=ORIENTED_EDGE('',*,*,#5052,.T.);
#6650=ORIENTED_EDGE('',*,*,#5053,.T.);
#6651=ORIENTED_EDGE('',*,*,#4771,.T.);
#6652=ORIENTED_EDGE('',*,*,#4828,.F.);
#6653=ORIENTED_EDGE('',*,*,#5054,.T.);
#6654=ORIENTED_EDGE('',*,*,#4829,.F.);
#6655=ORIENTED_EDGE('',*,*,#4837,.F.);
#6656=ORIENTED_EDGE('',*,*,#4772,.T.);
#6657=ORIENTED_EDGE('',*,*,#5053,.F.);
#6658=ORIENTED_EDGE('',*,*,#5055,.T.);
#6659=ORIENTED_EDGE('',*,*,#5056,.T.);
#6660=ORIENTED_EDGE('',*,*,#4767,.T.);
#6661=ORIENTED_EDGE('',*,*,#4808,.F.);
#6662=ORIENTED_EDGE('',*,*,#5057,.T.);
#6663=ORIENTED_EDGE('',*,*,#4809,.F.);
#6664=ORIENTED_EDGE('',*,*,#4817,.F.);
#6665=ORIENTED_EDGE('',*,*,#4768,.T.);
#6666=ORIENTED_EDGE('',*,*,#5056,.F.);
#6667=ORIENTED_EDGE('',*,*,#5058,.T.);
#6668=ORIENTED_EDGE('',*,*,#5043,.F.);
#6669=ORIENTED_EDGE('',*,*,#5059,.T.);
#6670=ORIENTED_EDGE('',*,*,#4936,.T.);
#6671=ORIENTED_EDGE('',*,*,#4914,.F.);
#6672=ORIENTED_EDGE('',*,*,#4905,.F.);
#6673=ORIENTED_EDGE('',*,*,#4937,.T.);
#6674=ORIENTED_EDGE('',*,*,#5059,.F.);
#6675=ORIENTED_EDGE('',*,*,#4907,.F.);
#6676=ORIENTED_EDGE('',*,*,#4890,.F.);
#6677=ORIENTED_EDGE('',*,*,#5046,.F.);
#6678=ORIENTED_EDGE('',*,*,#5060,.T.);
#6679=ORIENTED_EDGE('',*,*,#4956,.T.);
#6680=ORIENTED_EDGE('',*,*,#5045,.F.);
#6681=ORIENTED_EDGE('',*,*,#5061,.T.);
#6682=ORIENTED_EDGE('',*,*,#4957,.T.);
#6683=ORIENTED_EDGE('',*,*,#5060,.F.);
#6684=ORIENTED_EDGE('',*,*,#4885,.F.);
#6685=ORIENTED_EDGE('',*,*,#4958,.T.);
#6686=ORIENTED_EDGE('',*,*,#5061,.F.);
#6687=ORIENTED_EDGE('',*,*,#4887,.F.);
#6688=ORIENTED_EDGE('',*,*,#4870,.F.);
#6689=ORIENTED_EDGE('',*,*,#5049,.F.);
#6690=ORIENTED_EDGE('',*,*,#5062,.T.);
#6691=ORIENTED_EDGE('',*,*,#4977,.T.);
#6692=ORIENTED_EDGE('',*,*,#5048,.F.);
#6693=ORIENTED_EDGE('',*,*,#5063,.T.);
#6694=ORIENTED_EDGE('',*,*,#4978,.T.);
#6695=ORIENTED_EDGE('',*,*,#5062,.F.);
#6696=ORIENTED_EDGE('',*,*,#4865,.F.);
#6697=ORIENTED_EDGE('',*,*,#4979,.T.);
#6698=ORIENTED_EDGE('',*,*,#5063,.F.);
#6699=ORIENTED_EDGE('',*,*,#4867,.F.);
#6700=ORIENTED_EDGE('',*,*,#4850,.F.);
#6701=ORIENTED_EDGE('',*,*,#5052,.F.);
#6702=ORIENTED_EDGE('',*,*,#5064,.T.);
#6703=ORIENTED_EDGE('',*,*,#4998,.T.);
#6704=ORIENTED_EDGE('',*,*,#5051,.F.);
#6705=ORIENTED_EDGE('',*,*,#5065,.T.);
#6706=ORIENTED_EDGE('',*,*,#4999,.T.);
#6707=ORIENTED_EDGE('',*,*,#5064,.F.);
#6708=ORIENTED_EDGE('',*,*,#4845,.F.);
#6709=ORIENTED_EDGE('',*,*,#5000,.T.);
#6710=ORIENTED_EDGE('',*,*,#5065,.F.);
#6711=ORIENTED_EDGE('',*,*,#4847,.F.);
#6712=ORIENTED_EDGE('',*,*,#4830,.F.);
#6713=ORIENTED_EDGE('',*,*,#5055,.F.);
#6714=ORIENTED_EDGE('',*,*,#5066,.T.);
#6715=ORIENTED_EDGE('',*,*,#5019,.T.);
#6716=ORIENTED_EDGE('',*,*,#5054,.F.);
#6717=ORIENTED_EDGE('',*,*,#5067,.T.);
#6718=ORIENTED_EDGE('',*,*,#5020,.T.);
#6719=ORIENTED_EDGE('',*,*,#5066,.F.);
#6720=ORIENTED_EDGE('',*,*,#4825,.F.);
#6721=ORIENTED_EDGE('',*,*,#5021,.T.);
#6722=ORIENTED_EDGE('',*,*,#5067,.F.);
#6723=ORIENTED_EDGE('',*,*,#4827,.F.);
#6724=ORIENTED_EDGE('',*,*,#4810,.F.);
#6725=ORIENTED_EDGE('',*,*,#5058,.F.);
#6726=ORIENTED_EDGE('',*,*,#5068,.T.);
#6727=ORIENTED_EDGE('',*,*,#5040,.T.);
#6728=ORIENTED_EDGE('',*,*,#5057,.F.);
#6729=ORIENTED_EDGE('',*,*,#5069,.T.);
#6730=ORIENTED_EDGE('',*,*,#5041,.T.);
#6731=ORIENTED_EDGE('',*,*,#5068,.F.);
#6732=ORIENTED_EDGE('',*,*,#4801,.F.);
#6733=ORIENTED_EDGE('',*,*,#5042,.T.);
#6734=ORIENTED_EDGE('',*,*,#5069,.F.);
#6735=ORIENTED_EDGE('',*,*,#4807,.F.);
#6736=ORIENTED_EDGE('',*,*,#5070,.T.);
#6737=ORIENTED_EDGE('',*,*,#5071,.T.);
#6738=ORIENTED_EDGE('',*,*,#5072,.T.);
#6739=ORIENTED_EDGE('',*,*,#5070,.F.);
#6740=ORIENTED_EDGE('',*,*,#5073,.T.);
#6741=ORIENTED_EDGE('',*,*,#5074,.F.);
#6742=ORIENTED_EDGE('',*,*,#5075,.F.);
#6743=ORIENTED_EDGE('',*,*,#5076,.F.);
#6744=ORIENTED_EDGE('',*,*,#5077,.F.);
#6745=ORIENTED_EDGE('',*,*,#5078,.F.);
#6746=ORIENTED_EDGE('',*,*,#5079,.F.);
#6747=ORIENTED_EDGE('',*,*,#5080,.F.);
#6748=ORIENTED_EDGE('',*,*,#5081,.F.);
#6749=ORIENTED_EDGE('',*,*,#5082,.F.);
#6750=ORIENTED_EDGE('',*,*,#5083,.F.);
#6751=ORIENTED_EDGE('',*,*,#5084,.F.);
#6752=ORIENTED_EDGE('',*,*,#5085,.F.);
#6753=ORIENTED_EDGE('',*,*,#5086,.F.);
#6754=ORIENTED_EDGE('',*,*,#5087,.F.);
#6755=ORIENTED_EDGE('',*,*,#5088,.F.);
#6756=ORIENTED_EDGE('',*,*,#5089,.F.);
#6757=ORIENTED_EDGE('',*,*,#5090,.F.);
#6758=ORIENTED_EDGE('',*,*,#5091,.F.);
#6759=ORIENTED_EDGE('',*,*,#5092,.F.);
#6760=ORIENTED_EDGE('',*,*,#5093,.F.);
#6761=ORIENTED_EDGE('',*,*,#5094,.F.);
#6762=ORIENTED_EDGE('',*,*,#5095,.F.);
#6763=ORIENTED_EDGE('',*,*,#5096,.F.);
#6764=ORIENTED_EDGE('',*,*,#5097,.F.);
#6765=ORIENTED_EDGE('',*,*,#5098,.F.);
#6766=ORIENTED_EDGE('',*,*,#5099,.F.);
#6767=ORIENTED_EDGE('',*,*,#5100,.F.);
#6768=ORIENTED_EDGE('',*,*,#5101,.F.);
#6769=ORIENTED_EDGE('',*,*,#5102,.F.);
#6770=ORIENTED_EDGE('',*,*,#5103,.F.);
#6771=ORIENTED_EDGE('',*,*,#5104,.F.);
#6772=ORIENTED_EDGE('',*,*,#5105,.F.);
#6773=ORIENTED_EDGE('',*,*,#5106,.F.);
#6774=ORIENTED_EDGE('',*,*,#5107,.F.);
#6775=ORIENTED_EDGE('',*,*,#5108,.F.);
#6776=ORIENTED_EDGE('',*,*,#5109,.F.);
#6777=ORIENTED_EDGE('',*,*,#5110,.F.);
#6778=ORIENTED_EDGE('',*,*,#5111,.F.);
#6779=ORIENTED_EDGE('',*,*,#5112,.F.);
#6780=ORIENTED_EDGE('',*,*,#5113,.F.);
#6781=ORIENTED_EDGE('',*,*,#5114,.F.);
#6782=ORIENTED_EDGE('',*,*,#5073,.F.);
#6783=ORIENTED_EDGE('',*,*,#5071,.F.);
#6784=ORIENTED_EDGE('',*,*,#5072,.F.);
#6785=ORIENTED_EDGE('',*,*,#5115,.T.);
#6786=ORIENTED_EDGE('',*,*,#4717,.T.);
#6787=ORIENTED_EDGE('',*,*,#5115,.F.);
#6788=ORIENTED_EDGE('',*,*,#5116,.T.);
#6789=ORIENTED_EDGE('',*,*,#5117,.T.);
#6790=ORIENTED_EDGE('',*,*,#5118,.T.);
#6791=ORIENTED_EDGE('',*,*,#5116,.F.);
#6792=ORIENTED_EDGE('',*,*,#5114,.T.);
#6793=ORIENTED_EDGE('',*,*,#5117,.F.);
#6794=ORIENTED_EDGE('',*,*,#5118,.F.);
#6795=ORIENTED_EDGE('',*,*,#5119,.T.);
#6796=ORIENTED_EDGE('',*,*,#4712,.F.);
#6797=ORIENTED_EDGE('',*,*,#5119,.F.);
#6798=ORIENTED_EDGE('',*,*,#4793,.F.);
#6799=ORIENTED_EDGE('',*,*,#5120,.T.);
#6800=ORIENTED_EDGE('',*,*,#4764,.T.);
#6801=ORIENTED_EDGE('',*,*,#5121,.T.);
#6802=ORIENTED_EDGE('',*,*,#4758,.F.);
#6803=ORIENTED_EDGE('',*,*,#5121,.F.);
#6804=ORIENTED_EDGE('',*,*,#4763,.F.);
#6805=ORIENTED_EDGE('',*,*,#4736,.F.);
#6806=ORIENTED_EDGE('',*,*,#4735,.T.);
#6807=ORIENTED_EDGE('',*,*,#4790,.F.);
#6808=ORIENTED_EDGE('',*,*,#5122,.T.);
#6809=ORIENTED_EDGE('',*,*,#4738,.F.);
#6810=ORIENTED_EDGE('',*,*,#5122,.F.);
#6811=ORIENTED_EDGE('',*,*,#5123,.T.);
#6812=ORIENTED_EDGE('',*,*,#5124,.F.);
#6813=ORIENTED_EDGE('',*,*,#4797,.F.);
#6814=ORIENTED_EDGE('',*,*,#4693,.T.);
#6815=ORIENTED_EDGE('',*,*,#5125,.T.);
#6816=ORIENTED_EDGE('',*,*,#5126,.T.);
#6817=ORIENTED_EDGE('',*,*,#5127,.F.);
#6818=ORIENTED_EDGE('',*,*,#5128,.F.);
#6819=ORIENTED_EDGE('',*,*,#5129,.F.);
#6820=ORIENTED_EDGE('',*,*,#5130,.F.);
#6821=ORIENTED_EDGE('',*,*,#5131,.F.);
#6822=ORIENTED_EDGE('',*,*,#5132,.F.);
#6823=ORIENTED_EDGE('',*,*,#5133,.T.);
#6824=ORIENTED_EDGE('',*,*,#4805,.T.);
#6825=ORIENTED_EDGE('',*,*,#5128,.T.);
#6826=ORIENTED_EDGE('',*,*,#5112,.T.);
#6827=ORIENTED_EDGE('',*,*,#5134,.T.);
#6828=ORIENTED_EDGE('',*,*,#5135,.T.);
#6829=ORIENTED_EDGE('',*,*,#5133,.F.);
#6830=ORIENTED_EDGE('',*,*,#5111,.T.);
#6831=ORIENTED_EDGE('',*,*,#5134,.F.);
#6832=ORIENTED_EDGE('',*,*,#5110,.T.);
#6833=ORIENTED_EDGE('',*,*,#5136,.T.);
#6834=ORIENTED_EDGE('',*,*,#5137,.T.);
#6835=ORIENTED_EDGE('',*,*,#5136,.F.);
#6836=ORIENTED_EDGE('',*,*,#5109,.T.);
#6837=ORIENTED_EDGE('',*,*,#5138,.T.);
#6838=ORIENTED_EDGE('',*,*,#5139,.T.);
#6839=ORIENTED_EDGE('',*,*,#5138,.F.);
#6840=ORIENTED_EDGE('',*,*,#5108,.T.);
#6841=ORIENTED_EDGE('',*,*,#5140,.T.);
#6842=ORIENTED_EDGE('',*,*,#5141,.T.);
#6843=ORIENTED_EDGE('',*,*,#5142,.T.);
#6844=ORIENTED_EDGE('',*,*,#5143,.T.);
#6845=ORIENTED_EDGE('',*,*,#5140,.F.);
#6846=ORIENTED_EDGE('',*,*,#5107,.T.);
#6847=ORIENTED_EDGE('',*,*,#5144,.T.);
#6848=ORIENTED_EDGE('',*,*,#4820,.T.);
#6849=ORIENTED_EDGE('',*,*,#5142,.F.);
#6850=ORIENTED_EDGE('',*,*,#5106,.T.);
#6851=ORIENTED_EDGE('',*,*,#5145,.T.);
#6852=ORIENTED_EDGE('',*,*,#5146,.T.);
#6853=ORIENTED_EDGE('',*,*,#5144,.F.);
#6854=ORIENTED_EDGE('',*,*,#5105,.T.);
#6855=ORIENTED_EDGE('',*,*,#5145,.F.);
#6856=ORIENTED_EDGE('',*,*,#5104,.T.);
#6857=ORIENTED_EDGE('',*,*,#5147,.T.);
#6858=ORIENTED_EDGE('',*,*,#5148,.T.);
#6859=ORIENTED_EDGE('',*,*,#5147,.F.);
#6860=ORIENTED_EDGE('',*,*,#5103,.T.);
#6861=ORIENTED_EDGE('',*,*,#5149,.T.);
#6862=ORIENTED_EDGE('',*,*,#5150,.T.);
#6863=ORIENTED_EDGE('',*,*,#5149,.F.);
#6864=ORIENTED_EDGE('',*,*,#5102,.T.);
#6865=ORIENTED_EDGE('',*,*,#5151,.T.);
#6866=ORIENTED_EDGE('',*,*,#5152,.T.);
#6867=ORIENTED_EDGE('',*,*,#5153,.T.);
#6868=ORIENTED_EDGE('',*,*,#5154,.T.);
#6869=ORIENTED_EDGE('',*,*,#5151,.F.);
#6870=ORIENTED_EDGE('',*,*,#5101,.T.);
#6871=ORIENTED_EDGE('',*,*,#5155,.T.);
#6872=ORIENTED_EDGE('',*,*,#4840,.T.);
#6873=ORIENTED_EDGE('',*,*,#5153,.F.);
#6874=ORIENTED_EDGE('',*,*,#5100,.T.);
#6875=ORIENTED_EDGE('',*,*,#5156,.T.);
#6876=ORIENTED_EDGE('',*,*,#5157,.T.);
#6877=ORIENTED_EDGE('',*,*,#5155,.F.);
#6878=ORIENTED_EDGE('',*,*,#5099,.T.);
#6879=ORIENTED_EDGE('',*,*,#5156,.F.);
#6880=ORIENTED_EDGE('',*,*,#5098,.T.);
#6881=ORIENTED_EDGE('',*,*,#5158,.T.);
#6882=ORIENTED_EDGE('',*,*,#5159,.T.);
#6883=ORIENTED_EDGE('',*,*,#5158,.F.);
#6884=ORIENTED_EDGE('',*,*,#5097,.T.);
#6885=ORIENTED_EDGE('',*,*,#5160,.T.);
#6886=ORIENTED_EDGE('',*,*,#5161,.T.);
#6887=ORIENTED_EDGE('',*,*,#5160,.F.);
#6888=ORIENTED_EDGE('',*,*,#5096,.T.);
#6889=ORIENTED_EDGE('',*,*,#5162,.T.);
#6890=ORIENTED_EDGE('',*,*,#5163,.T.);
#6891=ORIENTED_EDGE('',*,*,#5164,.T.);
#6892=ORIENTED_EDGE('',*,*,#5165,.T.);
#6893=ORIENTED_EDGE('',*,*,#5162,.F.);
#6894=ORIENTED_EDGE('',*,*,#5095,.T.);
#6895=ORIENTED_EDGE('',*,*,#5166,.T.);
#6896=ORIENTED_EDGE('',*,*,#4860,.T.);
#6897=ORIENTED_EDGE('',*,*,#5164,.F.);
#6898=ORIENTED_EDGE('',*,*,#5094,.T.);
#6899=ORIENTED_EDGE('',*,*,#5167,.T.);
#6900=ORIENTED_EDGE('',*,*,#5168,.T.);
#6901=ORIENTED_EDGE('',*,*,#5166,.F.);
#6902=ORIENTED_EDGE('',*,*,#5093,.T.);
#6903=ORIENTED_EDGE('',*,*,#5167,.F.);
#6904=ORIENTED_EDGE('',*,*,#5092,.T.);
#6905=ORIENTED_EDGE('',*,*,#5169,.T.);
#6906=ORIENTED_EDGE('',*,*,#5170,.T.);
#6907=ORIENTED_EDGE('',*,*,#5169,.F.);
#6908=ORIENTED_EDGE('',*,*,#5091,.T.);
#6909=ORIENTED_EDGE('',*,*,#5171,.T.);
#6910=ORIENTED_EDGE('',*,*,#5172,.T.);
#6911=ORIENTED_EDGE('',*,*,#5171,.F.);
#6912=ORIENTED_EDGE('',*,*,#5090,.T.);
#6913=ORIENTED_EDGE('',*,*,#5173,.T.);
#6914=ORIENTED_EDGE('',*,*,#5174,.T.);
#6915=ORIENTED_EDGE('',*,*,#5175,.T.);
#6916=ORIENTED_EDGE('',*,*,#5176,.T.);
#6917=ORIENTED_EDGE('',*,*,#5173,.F.);
#6918=ORIENTED_EDGE('',*,*,#5089,.T.);
#6919=ORIENTED_EDGE('',*,*,#5177,.T.);
#6920=ORIENTED_EDGE('',*,*,#4880,.T.);
#6921=ORIENTED_EDGE('',*,*,#5175,.F.);
#6922=ORIENTED_EDGE('',*,*,#5088,.T.);
#6923=ORIENTED_EDGE('',*,*,#5178,.T.);
#6924=ORIENTED_EDGE('',*,*,#5179,.T.);
#6925=ORIENTED_EDGE('',*,*,#5177,.F.);
#6926=ORIENTED_EDGE('',*,*,#5087,.T.);
#6927=ORIENTED_EDGE('',*,*,#5178,.F.);
#6928=ORIENTED_EDGE('',*,*,#5086,.T.);
#6929=ORIENTED_EDGE('',*,*,#5180,.T.);
#6930=ORIENTED_EDGE('',*,*,#5181,.T.);
#6931=ORIENTED_EDGE('',*,*,#5180,.F.);
#6932=ORIENTED_EDGE('',*,*,#5085,.T.);
#6933=ORIENTED_EDGE('',*,*,#5182,.T.);
#6934=ORIENTED_EDGE('',*,*,#5183,.T.);
#6935=ORIENTED_EDGE('',*,*,#5182,.F.);
#6936=ORIENTED_EDGE('',*,*,#5084,.T.);
#6937=ORIENTED_EDGE('',*,*,#5184,.T.);
#6938=ORIENTED_EDGE('',*,*,#5185,.T.);
#6939=ORIENTED_EDGE('',*,*,#5186,.T.);
#6940=ORIENTED_EDGE('',*,*,#5187,.T.);
#6941=ORIENTED_EDGE('',*,*,#5184,.F.);
#6942=ORIENTED_EDGE('',*,*,#5083,.T.);
#6943=ORIENTED_EDGE('',*,*,#5188,.T.);
#6944=ORIENTED_EDGE('',*,*,#4900,.T.);
#6945=ORIENTED_EDGE('',*,*,#5186,.F.);
#6946=ORIENTED_EDGE('',*,*,#5082,.T.);
#6947=ORIENTED_EDGE('',*,*,#5189,.T.);
#6948=ORIENTED_EDGE('',*,*,#5190,.T.);
#6949=ORIENTED_EDGE('',*,*,#5188,.F.);
#6950=ORIENTED_EDGE('',*,*,#5081,.T.);
#6951=ORIENTED_EDGE('',*,*,#5189,.F.);
#6952=ORIENTED_EDGE('',*,*,#5080,.T.);
#6953=ORIENTED_EDGE('',*,*,#5191,.T.);
#6954=ORIENTED_EDGE('',*,*,#5192,.T.);
#6955=ORIENTED_EDGE('',*,*,#5191,.F.);
#6956=ORIENTED_EDGE('',*,*,#5079,.T.);
#6957=ORIENTED_EDGE('',*,*,#5193,.T.);
#6958=ORIENTED_EDGE('',*,*,#5194,.T.);
#6959=ORIENTED_EDGE('',*,*,#5193,.F.);
#6960=ORIENTED_EDGE('',*,*,#5078,.T.);
#6961=ORIENTED_EDGE('',*,*,#5195,.T.);
#6962=ORIENTED_EDGE('',*,*,#5196,.T.);
#6963=ORIENTED_EDGE('',*,*,#5197,.T.);
#6964=ORIENTED_EDGE('',*,*,#5198,.T.);
#6965=ORIENTED_EDGE('',*,*,#5195,.F.);
#6966=ORIENTED_EDGE('',*,*,#5077,.T.);
#6967=ORIENTED_EDGE('',*,*,#5197,.F.);
#6968=ORIENTED_EDGE('',*,*,#5076,.T.);
#6969=ORIENTED_EDGE('',*,*,#5131,.T.);
#6970=ORIENTED_EDGE('',*,*,#5199,.T.);
#6971=ORIENTED_EDGE('',*,*,#4754,.T.);
#6972=ORIENTED_EDGE('',*,*,#5200,.T.);
#6973=ORIENTED_EDGE('',*,*,#5074,.T.);
#6974=ORIENTED_EDGE('',*,*,#5201,.T.);
#6975=ORIENTED_EDGE('',*,*,#5202,.T.);
#6976=ORIENTED_EDGE('',*,*,#5132,.T.);
#6977=ORIENTED_EDGE('',*,*,#5075,.T.);
#6978=ORIENTED_EDGE('',*,*,#5200,.F.);
#6979=ORIENTED_EDGE('',*,*,#5113,.T.);
#6980=ORIENTED_EDGE('',*,*,#5127,.T.);
#6981=ORIENTED_EDGE('',*,*,#4691,.T.);
#6982=ORIENTED_EDGE('',*,*,#5201,.F.);
#6983=ORIENTED_EDGE('',*,*,#5203,.T.);
#6984=ORIENTED_EDGE('',*,*,#5130,.T.);
#6985=ORIENTED_EDGE('',*,*,#5204,.T.);
#6986=ORIENTED_EDGE('',*,*,#5205,.T.);
#6987=ORIENTED_EDGE('',*,*,#4692,.T.);
#6988=ORIENTED_EDGE('',*,*,#5129,.T.);
#6989=ORIENTED_EDGE('',*,*,#4804,.T.);
#6990=ORIENTED_EDGE('',*,*,#5125,.F.);
#6991=ORIENTED_EDGE('',*,*,#4743,.F.);
#6992=ORIENTED_EDGE('',*,*,#5124,.T.);
#6993=ORIENTED_EDGE('',*,*,#5205,.F.);
#6994=ORIENTED_EDGE('',*,*,#5206,.T.);
#6995=ORIENTED_EDGE('',*,*,#4974,.F.);
#6996=ORIENTED_EDGE('',*,*,#4861,.T.);
#6997=ORIENTED_EDGE('',*,*,#5168,.F.);
#6998=ORIENTED_EDGE('',*,*,#5207,.T.);
#6999=ORIENTED_EDGE('',*,*,#4972,.F.);
#7000=ORIENTED_EDGE('',*,*,#5207,.F.);
#7001=ORIENTED_EDGE('',*,*,#5170,.F.);
#7002=ORIENTED_EDGE('',*,*,#5208,.F.);
#7003=ORIENTED_EDGE('',*,*,#4969,.F.);
#7004=ORIENTED_EDGE('',*,*,#5208,.T.);
#7005=ORIENTED_EDGE('',*,*,#5172,.F.);
#7006=ORIENTED_EDGE('',*,*,#5209,.F.);
#7007=ORIENTED_EDGE('',*,*,#4966,.F.);
#7008=ORIENTED_EDGE('',*,*,#5209,.T.);
#7009=ORIENTED_EDGE('',*,*,#5174,.F.);
#7010=ORIENTED_EDGE('',*,*,#5210,.F.);
#7011=ORIENTED_EDGE('',*,*,#4962,.F.);
#7012=ORIENTED_EDGE('',*,*,#5210,.T.);
#7013=ORIENTED_EDGE('',*,*,#5176,.F.);
#7014=ORIENTED_EDGE('',*,*,#4879,.T.);
#7015=ORIENTED_EDGE('',*,*,#4953,.F.);
#7016=ORIENTED_EDGE('',*,*,#4881,.T.);
#7017=ORIENTED_EDGE('',*,*,#5179,.F.);
#7018=ORIENTED_EDGE('',*,*,#5211,.T.);
#7019=ORIENTED_EDGE('',*,*,#4951,.F.);
#7020=ORIENTED_EDGE('',*,*,#5211,.F.);
#7021=ORIENTED_EDGE('',*,*,#5181,.F.);
#7022=ORIENTED_EDGE('',*,*,#5212,.F.);
#7023=ORIENTED_EDGE('',*,*,#4948,.F.);
#7024=ORIENTED_EDGE('',*,*,#5212,.T.);
#7025=ORIENTED_EDGE('',*,*,#5183,.F.);
#7026=ORIENTED_EDGE('',*,*,#5213,.F.);
#7027=ORIENTED_EDGE('',*,*,#4945,.F.);
#7028=ORIENTED_EDGE('',*,*,#5213,.T.);
#7029=ORIENTED_EDGE('',*,*,#5185,.F.);
#7030=ORIENTED_EDGE('',*,*,#5214,.F.);
#7031=ORIENTED_EDGE('',*,*,#4941,.F.);
#7032=ORIENTED_EDGE('',*,*,#5214,.T.);
#7033=ORIENTED_EDGE('',*,*,#5187,.F.);
#7034=ORIENTED_EDGE('',*,*,#4899,.T.);
#7035=ORIENTED_EDGE('',*,*,#4933,.F.);
#7036=ORIENTED_EDGE('',*,*,#4901,.T.);
#7037=ORIENTED_EDGE('',*,*,#5190,.F.);
#7038=ORIENTED_EDGE('',*,*,#5215,.T.);
#7039=ORIENTED_EDGE('',*,*,#4931,.F.);
#7040=ORIENTED_EDGE('',*,*,#5215,.F.);
#7041=ORIENTED_EDGE('',*,*,#5192,.F.);
#7042=ORIENTED_EDGE('',*,*,#5216,.F.);
#7043=ORIENTED_EDGE('',*,*,#4928,.F.);
#7044=ORIENTED_EDGE('',*,*,#5216,.T.);
#7045=ORIENTED_EDGE('',*,*,#5194,.F.);
#7046=ORIENTED_EDGE('',*,*,#5217,.F.);
#7047=ORIENTED_EDGE('',*,*,#4925,.F.);
#7048=ORIENTED_EDGE('',*,*,#5217,.T.);
#7049=ORIENTED_EDGE('',*,*,#5196,.F.);
#7050=ORIENTED_EDGE('',*,*,#5218,.F.);
#7051=ORIENTED_EDGE('',*,*,#4921,.F.);
#7052=ORIENTED_EDGE('',*,*,#5218,.T.);
#7053=ORIENTED_EDGE('',*,*,#5198,.F.);
#7054=ORIENTED_EDGE('',*,*,#5219,.T.);
#7055=ORIENTED_EDGE('',*,*,#4919,.F.);
#7056=ORIENTED_EDGE('',*,*,#5219,.F.);
#7057=ORIENTED_EDGE('',*,*,#5199,.F.);
#7058=ORIENTED_EDGE('',*,*,#5203,.F.);
#7059=ORIENTED_EDGE('',*,*,#5123,.F.);
#7060=ORIENTED_EDGE('',*,*,#4789,.F.);
#7061=ORIENTED_EDGE('',*,*,#4912,.F.);
#7062=ORIENTED_EDGE('',*,*,#4740,.F.);
#7063=ORIENTED_EDGE('',*,*,#5206,.F.);
#7064=ORIENTED_EDGE('',*,*,#5204,.F.);
#7065=ORIENTED_EDGE('',*,*,#5202,.F.);
#7066=ORIENTED_EDGE('',*,*,#4753,.T.);
#7067=ORIENTED_EDGE('',*,*,#4983,.F.);
#7068=ORIENTED_EDGE('',*,*,#5220,.T.);
#7069=ORIENTED_EDGE('',*,*,#5165,.F.);
#7070=ORIENTED_EDGE('',*,*,#4859,.T.);
#7071=ORIENTED_EDGE('',*,*,#4987,.F.);
#7072=ORIENTED_EDGE('',*,*,#5221,.T.);
#7073=ORIENTED_EDGE('',*,*,#5163,.F.);
#7074=ORIENTED_EDGE('',*,*,#5220,.F.);
#7075=ORIENTED_EDGE('',*,*,#4995,.F.);
#7076=ORIENTED_EDGE('',*,*,#4841,.T.);
#7077=ORIENTED_EDGE('',*,*,#5157,.F.);
#7078=ORIENTED_EDGE('',*,*,#5222,.T.);
#7079=ORIENTED_EDGE('',*,*,#5004,.F.);
#7080=ORIENTED_EDGE('',*,*,#5223,.T.);
#7081=ORIENTED_EDGE('',*,*,#5154,.F.);
#7082=ORIENTED_EDGE('',*,*,#4839,.T.);
#7083=ORIENTED_EDGE('',*,*,#5016,.F.);
#7084=ORIENTED_EDGE('',*,*,#4821,.T.);
#7085=ORIENTED_EDGE('',*,*,#5146,.F.);
#7086=ORIENTED_EDGE('',*,*,#5224,.T.);
#7087=ORIENTED_EDGE('',*,*,#5025,.F.);
#7088=ORIENTED_EDGE('',*,*,#5225,.T.);
#7089=ORIENTED_EDGE('',*,*,#5143,.F.);
#7090=ORIENTED_EDGE('',*,*,#4819,.T.);
#7091=ORIENTED_EDGE('',*,*,#5037,.F.);
#7092=ORIENTED_EDGE('',*,*,#4806,.T.);
#7093=ORIENTED_EDGE('',*,*,#5135,.F.);
#7094=ORIENTED_EDGE('',*,*,#5226,.T.);
#7095=ORIENTED_EDGE('',*,*,#4791,.F.);
#7096=ORIENTED_EDGE('',*,*,#4733,.F.);
#7097=ORIENTED_EDGE('',*,*,#4761,.T.);
#7098=ORIENTED_EDGE('',*,*,#4990,.F.);
#7099=ORIENTED_EDGE('',*,*,#5227,.T.);
#7100=ORIENTED_EDGE('',*,*,#5161,.F.);
#7101=ORIENTED_EDGE('',*,*,#5221,.F.);
#7102=ORIENTED_EDGE('',*,*,#4993,.F.);
#7103=ORIENTED_EDGE('',*,*,#5222,.F.);
#7104=ORIENTED_EDGE('',*,*,#5159,.F.);
#7105=ORIENTED_EDGE('',*,*,#5227,.F.);
#7106=ORIENTED_EDGE('',*,*,#5008,.F.);
#7107=ORIENTED_EDGE('',*,*,#5228,.T.);
#7108=ORIENTED_EDGE('',*,*,#5152,.F.);
#7109=ORIENTED_EDGE('',*,*,#5223,.F.);
#7110=ORIENTED_EDGE('',*,*,#5011,.F.);
#7111=ORIENTED_EDGE('',*,*,#5229,.T.);
#7112=ORIENTED_EDGE('',*,*,#5150,.F.);
#7113=ORIENTED_EDGE('',*,*,#5228,.F.);
#7114=ORIENTED_EDGE('',*,*,#5014,.F.);
#7115=ORIENTED_EDGE('',*,*,#5224,.F.);
#7116=ORIENTED_EDGE('',*,*,#5148,.F.);
#7117=ORIENTED_EDGE('',*,*,#5229,.F.);
#7118=ORIENTED_EDGE('',*,*,#5029,.F.);
#7119=ORIENTED_EDGE('',*,*,#5230,.T.);
#7120=ORIENTED_EDGE('',*,*,#5141,.F.);
#7121=ORIENTED_EDGE('',*,*,#5225,.F.);
#7122=ORIENTED_EDGE('',*,*,#5032,.F.);
#7123=ORIENTED_EDGE('',*,*,#5231,.T.);
#7124=ORIENTED_EDGE('',*,*,#5139,.F.);
#7125=ORIENTED_EDGE('',*,*,#5230,.F.);
#7126=ORIENTED_EDGE('',*,*,#5035,.F.);
#7127=ORIENTED_EDGE('',*,*,#5226,.F.);
#7128=ORIENTED_EDGE('',*,*,#5137,.F.);
#7129=ORIENTED_EDGE('',*,*,#5231,.F.);
#7130=ORIENTED_EDGE('',*,*,#4795,.F.);
#7131=ORIENTED_EDGE('',*,*,#5126,.F.);
#7132=ORIENTED_EDGE('',*,*,#4803,.T.);
#7133=ORIENTED_EDGE('',*,*,#5120,.F.);
#7134=ORIENTED_EDGE('',*,*,#5232,.F.);
#7135=ORIENTED_EDGE('',*,*,#5232,.T.);
#7136=ORIENTED_EDGE('',*,*,#5233,.T.);
#7137=ORIENTED_EDGE('',*,*,#5234,.F.);
#7138=ORIENTED_EDGE('',*,*,#5233,.F.);
#7139=ORIENTED_EDGE('',*,*,#5234,.T.);
#7140=ORIENTED_EDGE('',*,*,#5235,.F.);
#7141=ORIENTED_EDGE('',*,*,#5235,.T.);
#7142=ORIENTED_EDGE('',*,*,#5236,.T.);
#7143=ORIENTED_EDGE('',*,*,#5237,.F.);
#7144=ORIENTED_EDGE('',*,*,#5236,.F.);
#7145=ORIENTED_EDGE('',*,*,#5237,.T.);
#7146=ORIENTED_EDGE('',*,*,#5238,.F.);
#7147=ORIENTED_EDGE('',*,*,#5238,.T.);
#7148=ORIENTED_EDGE('',*,*,#5239,.T.);
#7149=ORIENTED_EDGE('',*,*,#5240,.F.);
#7150=ORIENTED_EDGE('',*,*,#5239,.F.);
#7151=ORIENTED_EDGE('',*,*,#5240,.T.);
#7152=ORIENTED_EDGE('',*,*,#5241,.F.);
#7153=ORIENTED_EDGE('',*,*,#5241,.T.);
#7154=ORIENTED_EDGE('',*,*,#5242,.T.);
#7155=ORIENTED_EDGE('',*,*,#5243,.F.);
#7156=ORIENTED_EDGE('',*,*,#5242,.F.);
#7157=ORIENTED_EDGE('',*,*,#5243,.T.);
#7158=ORIENTED_EDGE('',*,*,#5244,.F.);
#7159=ORIENTED_EDGE('',*,*,#5244,.T.);
#7160=ORIENTED_EDGE('',*,*,#5245,.T.);
#7161=ORIENTED_EDGE('',*,*,#5246,.F.);
#7162=ORIENTED_EDGE('',*,*,#5245,.F.);
#7163=ORIENTED_EDGE('',*,*,#5246,.T.);
#7164=ORIENTED_EDGE('',*,*,#5247,.F.);
#7165=ORIENTED_EDGE('',*,*,#5247,.T.);
#7166=ORIENTED_EDGE('',*,*,#5248,.T.);
#7167=ORIENTED_EDGE('',*,*,#5249,.F.);
#7168=ORIENTED_EDGE('',*,*,#5248,.F.);
#7169=ORIENTED_EDGE('',*,*,#5249,.T.);
#7170=ORIENTED_EDGE('',*,*,#5250,.T.);
#7171=ORIENTED_EDGE('',*,*,#5251,.T.);
#7172=ORIENTED_EDGE('',*,*,#5252,.T.);
#7173=ORIENTED_EDGE('',*,*,#5253,.T.);
#7174=ORIENTED_EDGE('',*,*,#5254,.T.);
#7175=ORIENTED_EDGE('',*,*,#5255,.T.);
#7176=ORIENTED_EDGE('',*,*,#5256,.T.);
#7177=ORIENTED_EDGE('',*,*,#5257,.T.);
#7178=ORIENTED_EDGE('',*,*,#5258,.T.);
#7179=ORIENTED_EDGE('',*,*,#5259,.T.);
#7180=ORIENTED_EDGE('',*,*,#5260,.T.);
#7181=ORIENTED_EDGE('',*,*,#5261,.T.);
#7182=ORIENTED_EDGE('',*,*,#5262,.T.);
#7183=ORIENTED_EDGE('',*,*,#5263,.T.);
#7184=ORIENTED_EDGE('',*,*,#5264,.T.);
#7185=ORIENTED_EDGE('',*,*,#5265,.T.);
#7186=ORIENTED_EDGE('',*,*,#5266,.T.);
#7187=ORIENTED_EDGE('',*,*,#5267,.T.);
#7188=ORIENTED_EDGE('',*,*,#5268,.T.);
#7189=ORIENTED_EDGE('',*,*,#5269,.T.);
#7190=ORIENTED_EDGE('',*,*,#5270,.T.);
#7191=ORIENTED_EDGE('',*,*,#5271,.T.);
#7192=ORIENTED_EDGE('',*,*,#5272,.T.);
#7193=ORIENTED_EDGE('',*,*,#5273,.T.);
#7194=ORIENTED_EDGE('',*,*,#5274,.T.);
#7195=ORIENTED_EDGE('',*,*,#5275,.T.);
#7196=ORIENTED_EDGE('',*,*,#5276,.T.);
#7197=ORIENTED_EDGE('',*,*,#5277,.T.);
#7198=ORIENTED_EDGE('',*,*,#5278,.T.);
#7199=ORIENTED_EDGE('',*,*,#5269,.F.);
#7200=ORIENTED_EDGE('',*,*,#5279,.F.);
#7201=ORIENTED_EDGE('',*,*,#5280,.F.);
#7202=ORIENTED_EDGE('',*,*,#5281,.F.);
#7203=ORIENTED_EDGE('',*,*,#5282,.F.);
#7204=ORIENTED_EDGE('',*,*,#5283,.T.);
#7205=ORIENTED_EDGE('',*,*,#5263,.F.);
#7206=ORIENTED_EDGE('',*,*,#5284,.T.);
#7207=ORIENTED_EDGE('',*,*,#5260,.F.);
#7208=ORIENTED_EDGE('',*,*,#5285,.F.);
#7209=ORIENTED_EDGE('',*,*,#5286,.F.);
#7210=ORIENTED_EDGE('',*,*,#5287,.F.);
#7211=ORIENTED_EDGE('',*,*,#5288,.F.);
#7212=ORIENTED_EDGE('',*,*,#5289,.T.);
#7213=ORIENTED_EDGE('',*,*,#5271,.F.);
#7214=ORIENTED_EDGE('',*,*,#5290,.T.);
#7215=ORIENTED_EDGE('',*,*,#5276,.F.);
#7216=ORIENTED_EDGE('',*,*,#5291,.F.);
#7217=ORIENTED_EDGE('',*,*,#5292,.F.);
#7218=ORIENTED_EDGE('',*,*,#5293,.F.);
#7219=ORIENTED_EDGE('',*,*,#5294,.F.);
#7220=ORIENTED_EDGE('',*,*,#5295,.T.);
#7221=ORIENTED_EDGE('',*,*,#5255,.F.);
#7222=ORIENTED_EDGE('',*,*,#5296,.F.);
#7223=ORIENTED_EDGE('',*,*,#5297,.F.);
#7224=ORIENTED_EDGE('',*,*,#5298,.T.);
#7225=ORIENTED_EDGE('',*,*,#5267,.F.);
#7226=ORIENTED_EDGE('',*,*,#5299,.F.);
#7227=ORIENTED_EDGE('',*,*,#5300,.F.);
#7228=ORIENTED_EDGE('',*,*,#5301,.T.);
#7229=ORIENTED_EDGE('',*,*,#5274,.F.);
#7230=ORIENTED_EDGE('',*,*,#5302,.F.);
#7231=ORIENTED_EDGE('',*,*,#5303,.F.);
#7232=ORIENTED_EDGE('',*,*,#5304,.T.);
#7233=ORIENTED_EDGE('',*,*,#5258,.F.);
#7234=ORIENTED_EDGE('',*,*,#5305,.T.);
#7235=ORIENTED_EDGE('',*,*,#5265,.F.);
#7236=ORIENTED_EDGE('',*,*,#5306,.F.);
#7237=ORIENTED_EDGE('',*,*,#5307,.F.);
#7238=ORIENTED_EDGE('',*,*,#5308,.T.);
#7239=ORIENTED_EDGE('',*,*,#5273,.F.);
#7240=ORIENTED_EDGE('',*,*,#5309,.F.);
#7241=ORIENTED_EDGE('',*,*,#5310,.F.);
#7242=ORIENTED_EDGE('',*,*,#5311,.T.);
#7243=ORIENTED_EDGE('',*,*,#5280,.T.);
#7244=ORIENTED_EDGE('',*,*,#5312,.T.);
#7245=ORIENTED_EDGE('',*,*,#5297,.T.);
#7246=ORIENTED_EDGE('',*,*,#5313,.T.);
#7247=ORIENTED_EDGE('',*,*,#5314,.T.);
#7248=ORIENTED_EDGE('',*,*,#5307,.T.);
#7249=ORIENTED_EDGE('',*,*,#5315,.T.);
#7250=ORIENTED_EDGE('',*,*,#5282,.T.);
#7251=ORIENTED_EDGE('',*,*,#5316,.T.);
#7252=ORIENTED_EDGE('',*,*,#5317,.T.);
#7253=ORIENTED_EDGE('',*,*,#5286,.T.);
#7254=ORIENTED_EDGE('',*,*,#5318,.T.);
#7255=ORIENTED_EDGE('',*,*,#5303,.T.);
#7256=ORIENTED_EDGE('',*,*,#5319,.T.);
#7257=ORIENTED_EDGE('',*,*,#5320,.T.);
#7258=ORIENTED_EDGE('',*,*,#5310,.T.);
#7259=ORIENTED_EDGE('',*,*,#5321,.T.);
#7260=ORIENTED_EDGE('',*,*,#5288,.T.);
#7261=ORIENTED_EDGE('',*,*,#5322,.T.);
#7262=ORIENTED_EDGE('',*,*,#5323,.T.);
#7263=ORIENTED_EDGE('',*,*,#5292,.T.);
#7264=ORIENTED_EDGE('',*,*,#5324,.T.);
#7265=ORIENTED_EDGE('',*,*,#5300,.T.);
#7266=ORIENTED_EDGE('',*,*,#5325,.T.);
#7267=ORIENTED_EDGE('',*,*,#5326,.T.);
#7268=ORIENTED_EDGE('',*,*,#5327,.T.);
#7269=ORIENTED_EDGE('',*,*,#5328,.T.);
#7270=ORIENTED_EDGE('',*,*,#5294,.T.);
#7271=ORIENTED_EDGE('',*,*,#5329,.T.);
#7272=ORIENTED_EDGE('',*,*,#5330,.F.);
#7273=ORIENTED_EDGE('',*,*,#5331,.T.);
#7274=ORIENTED_EDGE('',*,*,#5313,.F.);
#7275=ORIENTED_EDGE('',*,*,#5331,.F.);
#7276=ORIENTED_EDGE('',*,*,#5332,.F.);
#7277=ORIENTED_EDGE('',*,*,#5333,.T.);
#7278=ORIENTED_EDGE('',*,*,#5325,.F.);
#7279=ORIENTED_EDGE('',*,*,#5333,.F.);
#7280=ORIENTED_EDGE('',*,*,#5334,.F.);
#7281=ORIENTED_EDGE('',*,*,#5335,.T.);
#7282=ORIENTED_EDGE('',*,*,#5329,.F.);
#7283=ORIENTED_EDGE('',*,*,#5335,.F.);
#7284=ORIENTED_EDGE('',*,*,#5336,.F.);
#7285=ORIENTED_EDGE('',*,*,#5337,.T.);
#7286=ORIENTED_EDGE('',*,*,#5319,.F.);
#7287=ORIENTED_EDGE('',*,*,#5337,.F.);
#7288=ORIENTED_EDGE('',*,*,#5338,.F.);
#7289=ORIENTED_EDGE('',*,*,#5339,.T.);
#7290=ORIENTED_EDGE('',*,*,#5322,.F.);
#7291=ORIENTED_EDGE('',*,*,#5339,.F.);
#7292=ORIENTED_EDGE('',*,*,#5340,.T.);
#7293=ORIENTED_EDGE('',*,*,#5341,.T.);
#7294=ORIENTED_EDGE('',*,*,#5342,.T.);
#7295=ORIENTED_EDGE('',*,*,#5343,.F.);
#7296=ORIENTED_EDGE('',*,*,#5344,.T.);
#7297=ORIENTED_EDGE('',*,*,#5345,.T.);
#7298=ORIENTED_EDGE('',*,*,#5346,.T.);
#7299=ORIENTED_EDGE('',*,*,#5341,.F.);
#7300=ORIENTED_EDGE('',*,*,#5347,.T.);
#7301=ORIENTED_EDGE('',*,*,#5348,.T.);
#7302=ORIENTED_EDGE('',*,*,#5349,.T.);
#7303=ORIENTED_EDGE('',*,*,#5345,.F.);
#7304=ORIENTED_EDGE('',*,*,#5350,.T.);
#7305=ORIENTED_EDGE('',*,*,#5348,.F.);
#7306=ORIENTED_EDGE('',*,*,#5351,.T.);
#7307=ORIENTED_EDGE('',*,*,#5343,.T.);
#7308=ORIENTED_EDGE('',*,*,#5350,.F.);
#7309=ORIENTED_EDGE('',*,*,#5352,.F.);
#7310=ORIENTED_EDGE('',*,*,#5353,.F.);
#7311=ORIENTED_EDGE('',*,*,#5354,.T.);
#7312=ORIENTED_EDGE('',*,*,#5342,.F.);
#7313=ORIENTED_EDGE('',*,*,#5355,.F.);
#7314=ORIENTED_EDGE('',*,*,#5356,.F.);
#7315=ORIENTED_EDGE('',*,*,#5352,.T.);
#7316=ORIENTED_EDGE('',*,*,#5340,.F.);
#7317=ORIENTED_EDGE('',*,*,#5351,.F.);
#7318=ORIENTED_EDGE('',*,*,#5347,.F.);
#7319=ORIENTED_EDGE('',*,*,#5344,.F.);
#7320=ORIENTED_EDGE('',*,*,#5330,.T.);
#7321=ORIENTED_EDGE('',*,*,#5332,.T.);
#7322=ORIENTED_EDGE('',*,*,#5334,.T.);
#7323=ORIENTED_EDGE('',*,*,#5336,.T.);
#7324=ORIENTED_EDGE('',*,*,#5338,.T.);
#7325=ORIENTED_EDGE('',*,*,#5357,.T.);
#7326=ORIENTED_EDGE('',*,*,#5357,.F.);
#7327=ORIENTED_EDGE('',*,*,#5358,.T.);
#7328=ORIENTED_EDGE('',*,*,#5316,.F.);
#7329=ORIENTED_EDGE('',*,*,#5358,.F.);
#7330=ORIENTED_EDGE('',*,*,#5359,.T.);
#7331=ORIENTED_EDGE('',*,*,#5360,.T.);
#7332=ORIENTED_EDGE('',*,*,#5353,.T.);
#7333=ORIENTED_EDGE('',*,*,#5356,.T.);
#7334=ORIENTED_EDGE('',*,*,#5361,.F.);
#7335=ORIENTED_EDGE('',*,*,#5362,.F.);
#7336=ORIENTED_EDGE('',*,*,#5363,.F.);
#7337=ORIENTED_EDGE('',*,*,#5364,.F.);
#7338=ORIENTED_EDGE('',*,*,#5349,.F.);
#7339=ORIENTED_EDGE('',*,*,#5354,.F.);
#7340=ORIENTED_EDGE('',*,*,#5360,.F.);
#7341=ORIENTED_EDGE('',*,*,#5365,.T.);
#7342=ORIENTED_EDGE('',*,*,#5346,.F.);
#7343=ORIENTED_EDGE('',*,*,#5365,.F.);
#7344=ORIENTED_EDGE('',*,*,#5359,.F.);
#7345=ORIENTED_EDGE('',*,*,#5355,.T.);
#7346=ORIENTED_EDGE('',*,*,#5312,.F.);
#7347=ORIENTED_EDGE('',*,*,#5279,.T.);
#7348=ORIENTED_EDGE('',*,*,#5268,.F.);
#7349=ORIENTED_EDGE('',*,*,#5298,.F.);
#7350=ORIENTED_EDGE('',*,*,#5366,.T.);
#7351=ORIENTED_EDGE('',*,*,#5257,.F.);
#7352=ORIENTED_EDGE('',*,*,#5367,.F.);
#7353=ORIENTED_EDGE('',*,*,#5327,.F.);
#7354=ORIENTED_EDGE('',*,*,#5315,.F.);
#7355=ORIENTED_EDGE('',*,*,#5306,.T.);
#7356=ORIENTED_EDGE('',*,*,#5264,.F.);
#7357=ORIENTED_EDGE('',*,*,#5283,.F.);
#7358=ORIENTED_EDGE('',*,*,#5361,.T.);
#7359=ORIENTED_EDGE('',*,*,#5368,.T.);
#7360=ORIENTED_EDGE('',*,*,#5253,.F.);
#7361=ORIENTED_EDGE('',*,*,#5369,.F.);
#7362=ORIENTED_EDGE('',*,*,#5362,.T.);
#7363=ORIENTED_EDGE('',*,*,#5369,.T.);
#7364=ORIENTED_EDGE('',*,*,#5252,.F.);
#7365=ORIENTED_EDGE('',*,*,#5370,.F.);
#7366=ORIENTED_EDGE('',*,*,#5363,.T.);
#7367=ORIENTED_EDGE('',*,*,#5370,.T.);
#7368=ORIENTED_EDGE('',*,*,#5251,.F.);
#7369=ORIENTED_EDGE('',*,*,#5371,.F.);
#7370=ORIENTED_EDGE('',*,*,#5364,.T.);
#7371=ORIENTED_EDGE('',*,*,#5371,.T.);
#7372=ORIENTED_EDGE('',*,*,#5250,.F.);
#7373=ORIENTED_EDGE('',*,*,#5368,.F.);
#7374=ORIENTED_EDGE('',*,*,#5311,.F.);
#7375=ORIENTED_EDGE('',*,*,#5296,.T.);
#7376=ORIENTED_EDGE('',*,*,#5266,.F.);
#7377=ORIENTED_EDGE('',*,*,#5278,.F.);
#7378=ORIENTED_EDGE('',*,*,#5324,.F.);
#7379=ORIENTED_EDGE('',*,*,#5291,.T.);
#7380=ORIENTED_EDGE('',*,*,#5275,.F.);
#7381=ORIENTED_EDGE('',*,*,#5301,.F.);
#7382=ORIENTED_EDGE('',*,*,#5328,.F.);
#7383=ORIENTED_EDGE('',*,*,#5367,.T.);
#7384=ORIENTED_EDGE('',*,*,#5256,.F.);
#7385=ORIENTED_EDGE('',*,*,#5295,.F.);
#7386=ORIENTED_EDGE('',*,*,#5318,.F.);
#7387=ORIENTED_EDGE('',*,*,#5285,.T.);
#7388=ORIENTED_EDGE('',*,*,#5259,.F.);
#7389=ORIENTED_EDGE('',*,*,#5304,.F.);
#7390=ORIENTED_EDGE('',*,*,#5321,.F.);
#7391=ORIENTED_EDGE('',*,*,#5309,.T.);
#7392=ORIENTED_EDGE('',*,*,#5272,.F.);
#7393=ORIENTED_EDGE('',*,*,#5289,.F.);
#7394=ORIENTED_EDGE('',*,*,#5314,.F.);
#7395=ORIENTED_EDGE('',*,*,#5281,.T.);
#7396=ORIENTED_EDGE('',*,*,#5262,.F.);
#7397=ORIENTED_EDGE('',*,*,#5305,.F.);
#7398=ORIENTED_EDGE('',*,*,#5317,.F.);
#7399=ORIENTED_EDGE('',*,*,#5302,.T.);
#7400=ORIENTED_EDGE('',*,*,#5261,.F.);
#7401=ORIENTED_EDGE('',*,*,#5284,.F.);
#7402=ORIENTED_EDGE('',*,*,#5320,.F.);
#7403=ORIENTED_EDGE('',*,*,#5287,.T.);
#7404=ORIENTED_EDGE('',*,*,#5270,.F.);
#7405=ORIENTED_EDGE('',*,*,#5308,.F.);
#7406=ORIENTED_EDGE('',*,*,#5323,.F.);
#7407=ORIENTED_EDGE('',*,*,#5299,.T.);
#7408=ORIENTED_EDGE('',*,*,#5277,.F.);
#7409=ORIENTED_EDGE('',*,*,#5290,.F.);
#7410=ORIENTED_EDGE('',*,*,#5326,.F.);
#7411=ORIENTED_EDGE('',*,*,#5293,.T.);
#7412=ORIENTED_EDGE('',*,*,#5254,.F.);
#7413=ORIENTED_EDGE('',*,*,#5366,.F.);
#7414=ORIENTED_EDGE('',*,*,#5372,.T.);
#7415=ORIENTED_EDGE('',*,*,#5372,.F.);
#7416=ORIENTED_EDGE('',*,*,#5373,.T.);
#7417=ORIENTED_EDGE('',*,*,#5374,.F.);
#7418=ORIENTED_EDGE('',*,*,#5373,.F.);
#7419=ORIENTED_EDGE('',*,*,#5374,.T.);
#7420=ORIENTED_EDGE('',*,*,#5375,.T.);
#7421=ORIENTED_EDGE('',*,*,#5376,.T.);
#7422=ORIENTED_EDGE('',*,*,#5377,.T.);
#7423=ORIENTED_EDGE('',*,*,#5376,.F.);
#7424=ORIENTED_EDGE('',*,*,#5377,.F.);
#7425=ORIENTED_EDGE('',*,*,#5378,.T.);
#7426=ORIENTED_EDGE('',*,*,#5379,.F.);
#7427=ORIENTED_EDGE('',*,*,#5378,.F.);
#7428=ORIENTED_EDGE('',*,*,#5375,.F.);
#7429=ORIENTED_EDGE('',*,*,#5379,.T.);
#7430=ORIENTED_EDGE('',*,*,#5380,.T.);
#7431=ORIENTED_EDGE('',*,*,#5381,.T.);
#7432=ORIENTED_EDGE('',*,*,#5380,.F.);
#7433=ORIENTED_EDGE('',*,*,#5381,.F.);
#7434=ORIENTED_EDGE('',*,*,#5382,.T.);
#7435=ORIENTED_EDGE('',*,*,#5383,.T.);
#7436=ORIENTED_EDGE('',*,*,#5384,.T.);
#7437=ORIENTED_EDGE('',*,*,#5385,.T.);
#7438=ORIENTED_EDGE('',*,*,#5384,.F.);
#7439=ORIENTED_EDGE('',*,*,#5383,.F.);
#7440=ORIENTED_EDGE('',*,*,#5386,.T.);
#7441=ORIENTED_EDGE('',*,*,#5385,.F.);
#7442=ORIENTED_EDGE('',*,*,#5387,.T.);
#7443=ORIENTED_EDGE('',*,*,#5382,.F.);
#7444=ORIENTED_EDGE('',*,*,#5387,.F.);
#7445=ORIENTED_EDGE('',*,*,#5386,.F.);
#7446=ORIENTED_EDGE('',*,*,#5388,.T.);
#7447=ORIENTED_EDGE('',*,*,#5389,.F.);
#7448=ORIENTED_EDGE('',*,*,#5388,.F.);
#7449=ORIENTED_EDGE('',*,*,#5389,.T.);
#7450=ORIENTED_EDGE('',*,*,#5390,.T.);
#7451=ORIENTED_EDGE('',*,*,#5391,.T.);
#7452=ORIENTED_EDGE('',*,*,#5392,.T.);
#7453=ORIENTED_EDGE('',*,*,#5393,.T.);
#7454=ORIENTED_EDGE('',*,*,#5392,.F.);
#7455=ORIENTED_EDGE('',*,*,#5394,.T.);
#7456=ORIENTED_EDGE('',*,*,#5395,.T.);
#7457=ORIENTED_EDGE('',*,*,#5396,.T.);
#7458=ORIENTED_EDGE('',*,*,#5397,.T.);
#7459=ORIENTED_EDGE('',*,*,#5398,.T.);
#7460=ORIENTED_EDGE('',*,*,#5395,.F.);
#7461=ORIENTED_EDGE('',*,*,#5399,.T.);
#7462=ORIENTED_EDGE('',*,*,#5397,.F.);
#7463=ORIENTED_EDGE('',*,*,#5400,.T.);
#7464=ORIENTED_EDGE('',*,*,#5401,.T.);
#7465=ORIENTED_EDGE('',*,*,#5402,.T.);
#7466=ORIENTED_EDGE('',*,*,#5403,.T.);
#7467=ORIENTED_EDGE('',*,*,#5404,.T.);
#7468=ORIENTED_EDGE('',*,*,#5401,.F.);
#7469=ORIENTED_EDGE('',*,*,#5405,.T.);
#7470=ORIENTED_EDGE('',*,*,#5403,.F.);
#7471=ORIENTED_EDGE('',*,*,#5406,.T.);
#7472=ORIENTED_EDGE('',*,*,#5407,.T.);
#7473=ORIENTED_EDGE('',*,*,#5408,.T.);
#7474=ORIENTED_EDGE('',*,*,#5409,.T.);
#7475=ORIENTED_EDGE('',*,*,#5410,.T.);
#7476=ORIENTED_EDGE('',*,*,#5407,.F.);
#7477=ORIENTED_EDGE('',*,*,#5411,.T.);
#7478=ORIENTED_EDGE('',*,*,#5409,.F.);
#7479=ORIENTED_EDGE('',*,*,#5412,.T.);
#7480=ORIENTED_EDGE('',*,*,#5413,.T.);
#7481=ORIENTED_EDGE('',*,*,#5414,.T.);
#7482=ORIENTED_EDGE('',*,*,#5415,.T.);
#7483=ORIENTED_EDGE('',*,*,#5416,.T.);
#7484=ORIENTED_EDGE('',*,*,#5413,.F.);
#7485=ORIENTED_EDGE('',*,*,#5417,.T.);
#7486=ORIENTED_EDGE('',*,*,#5412,.F.);
#7487=ORIENTED_EDGE('',*,*,#5418,.T.);
#7488=ORIENTED_EDGE('',*,*,#5419,.T.);
#7489=ORIENTED_EDGE('',*,*,#5420,.T.);
#7490=ORIENTED_EDGE('',*,*,#5411,.F.);
#7491=ORIENTED_EDGE('',*,*,#5421,.F.);
#7492=ORIENTED_EDGE('',*,*,#5422,.F.);
#7493=ORIENTED_EDGE('',*,*,#5418,.F.);
#7494=ORIENTED_EDGE('',*,*,#5406,.F.);
#7495=ORIENTED_EDGE('',*,*,#5423,.T.);
#7496=ORIENTED_EDGE('',*,*,#5424,.T.);
#7497=ORIENTED_EDGE('',*,*,#5421,.T.);
#7498=ORIENTED_EDGE('',*,*,#5405,.F.);
#7499=ORIENTED_EDGE('',*,*,#5425,.F.);
#7500=ORIENTED_EDGE('',*,*,#5426,.F.);
#7501=ORIENTED_EDGE('',*,*,#5423,.F.);
#7502=ORIENTED_EDGE('',*,*,#5400,.F.);
#7503=ORIENTED_EDGE('',*,*,#5427,.T.);
#7504=ORIENTED_EDGE('',*,*,#5428,.T.);
#7505=ORIENTED_EDGE('',*,*,#5425,.T.);
#7506=ORIENTED_EDGE('',*,*,#5399,.F.);
#7507=ORIENTED_EDGE('',*,*,#5429,.F.);
#7508=ORIENTED_EDGE('',*,*,#5430,.F.);
#7509=ORIENTED_EDGE('',*,*,#5427,.F.);
#7510=ORIENTED_EDGE('',*,*,#5394,.F.);
#7511=ORIENTED_EDGE('',*,*,#5431,.T.);
#7512=ORIENTED_EDGE('',*,*,#5432,.T.);
#7513=ORIENTED_EDGE('',*,*,#5429,.T.);
#7514=ORIENTED_EDGE('',*,*,#5417,.F.);
#7515=ORIENTED_EDGE('',*,*,#5420,.F.);
#7516=ORIENTED_EDGE('',*,*,#5433,.F.);
#7517=ORIENTED_EDGE('',*,*,#5431,.F.);
#7518=ORIENTED_EDGE('',*,*,#5391,.F.);
#7519=ORIENTED_EDGE('',*,*,#5434,.T.);
#7520=ORIENTED_EDGE('',*,*,#5435,.T.);
#7521=ORIENTED_EDGE('',*,*,#5436,.T.);
#7522=ORIENTED_EDGE('',*,*,#5437,.F.);
#7523=ORIENTED_EDGE('',*,*,#5438,.T.);
#7524=ORIENTED_EDGE('',*,*,#5439,.T.);
#7525=ORIENTED_EDGE('',*,*,#5440,.T.);
#7526=ORIENTED_EDGE('',*,*,#5441,.T.);
#7527=ORIENTED_EDGE('',*,*,#5442,.T.);
#7528=ORIENTED_EDGE('',*,*,#5443,.T.);
#7529=ORIENTED_EDGE('',*,*,#5437,.T.);
#7530=ORIENTED_EDGE('',*,*,#5444,.T.);
#7531=ORIENTED_EDGE('',*,*,#5445,.T.);
#7532=ORIENTED_EDGE('',*,*,#5446,.T.);
#7533=ORIENTED_EDGE('',*,*,#5393,.F.);
#7534=ORIENTED_EDGE('',*,*,#5396,.F.);
#7535=ORIENTED_EDGE('',*,*,#5398,.F.);
#7536=ORIENTED_EDGE('',*,*,#5402,.F.);
#7537=ORIENTED_EDGE('',*,*,#5404,.F.);
#7538=ORIENTED_EDGE('',*,*,#5408,.F.);
#7539=ORIENTED_EDGE('',*,*,#5410,.F.);
#7540=ORIENTED_EDGE('',*,*,#5414,.F.);
#7541=ORIENTED_EDGE('',*,*,#5416,.F.);
#7542=ORIENTED_EDGE('',*,*,#5447,.T.);
#7543=ORIENTED_EDGE('',*,*,#5448,.T.);
#7544=ORIENTED_EDGE('',*,*,#5449,.T.);
#7545=ORIENTED_EDGE('',*,*,#5450,.T.);
#7546=ORIENTED_EDGE('',*,*,#5451,.T.);
#7547=ORIENTED_EDGE('',*,*,#5452,.T.);
#7548=ORIENTED_EDGE('',*,*,#5453,.T.);
#7549=ORIENTED_EDGE('',*,*,#5454,.T.);
#7550=ORIENTED_EDGE('',*,*,#5455,.T.);
#7551=ORIENTED_EDGE('',*,*,#5456,.T.);
#7552=ORIENTED_EDGE('',*,*,#5457,.T.);
#7553=ORIENTED_EDGE('',*,*,#5458,.T.);
#7554=ORIENTED_EDGE('',*,*,#5459,.T.);
#7555=ORIENTED_EDGE('',*,*,#5460,.T.);
#7556=ORIENTED_EDGE('',*,*,#5461,.T.);
#7557=ORIENTED_EDGE('',*,*,#5462,.T.);
#7558=ORIENTED_EDGE('',*,*,#5463,.T.);
#7559=ORIENTED_EDGE('',*,*,#5464,.T.);
#7560=ORIENTED_EDGE('',*,*,#5465,.T.);
#7561=ORIENTED_EDGE('',*,*,#5466,.T.);
#7562=ORIENTED_EDGE('',*,*,#5467,.T.);
#7563=ORIENTED_EDGE('',*,*,#5468,.T.);
#7564=ORIENTED_EDGE('',*,*,#5469,.T.);
#7565=ORIENTED_EDGE('',*,*,#5470,.T.);
#7566=ORIENTED_EDGE('',*,*,#5471,.T.);
#7567=ORIENTED_EDGE('',*,*,#5472,.T.);
#7568=ORIENTED_EDGE('',*,*,#5473,.T.);
#7569=ORIENTED_EDGE('',*,*,#5474,.T.);
#7570=ORIENTED_EDGE('',*,*,#5475,.T.);
#7571=ORIENTED_EDGE('',*,*,#5476,.T.);
#7572=ORIENTED_EDGE('',*,*,#5477,.T.);
#7573=ORIENTED_EDGE('',*,*,#5478,.T.);
#7574=ORIENTED_EDGE('',*,*,#5479,.T.);
#7575=ORIENTED_EDGE('',*,*,#5480,.T.);
#7576=ORIENTED_EDGE('',*,*,#5481,.T.);
#7577=ORIENTED_EDGE('',*,*,#5482,.T.);
#7578=ORIENTED_EDGE('',*,*,#5483,.T.);
#7579=ORIENTED_EDGE('',*,*,#5484,.T.);
#7580=ORIENTED_EDGE('',*,*,#5485,.T.);
#7581=ORIENTED_EDGE('',*,*,#5486,.T.);
#7582=ORIENTED_EDGE('',*,*,#5487,.T.);
#7583=ORIENTED_EDGE('',*,*,#5488,.T.);
#7584=ORIENTED_EDGE('',*,*,#5489,.T.);
#7585=ORIENTED_EDGE('',*,*,#5490,.T.);
#7586=ORIENTED_EDGE('',*,*,#5491,.T.);
#7587=ORIENTED_EDGE('',*,*,#5492,.T.);
#7588=ORIENTED_EDGE('',*,*,#5493,.T.);
#7589=ORIENTED_EDGE('',*,*,#5494,.T.);
#7590=ORIENTED_EDGE('',*,*,#5495,.T.);
#7591=ORIENTED_EDGE('',*,*,#5496,.T.);
#7592=ORIENTED_EDGE('',*,*,#5497,.T.);
#7593=ORIENTED_EDGE('',*,*,#5498,.T.);
#7594=ORIENTED_EDGE('',*,*,#5499,.T.);
#7595=ORIENTED_EDGE('',*,*,#5500,.T.);
#7596=ORIENTED_EDGE('',*,*,#5501,.T.);
#7597=ORIENTED_EDGE('',*,*,#5502,.T.);
#7598=ORIENTED_EDGE('',*,*,#5503,.T.);
#7599=ORIENTED_EDGE('',*,*,#5504,.T.);
#7600=ORIENTED_EDGE('',*,*,#5505,.T.);
#7601=ORIENTED_EDGE('',*,*,#5506,.T.);
#7602=ORIENTED_EDGE('',*,*,#5507,.T.);
#7603=ORIENTED_EDGE('',*,*,#5508,.T.);
#7604=ORIENTED_EDGE('',*,*,#5509,.T.);
#7605=ORIENTED_EDGE('',*,*,#5510,.T.);
#7606=ORIENTED_EDGE('',*,*,#5511,.T.);
#7607=ORIENTED_EDGE('',*,*,#5512,.T.);
#7608=ORIENTED_EDGE('',*,*,#5513,.T.);
#7609=ORIENTED_EDGE('',*,*,#5514,.T.);
#7610=ORIENTED_EDGE('',*,*,#5515,.T.);
#7611=ORIENTED_EDGE('',*,*,#5516,.T.);
#7612=ORIENTED_EDGE('',*,*,#5517,.T.);
#7613=ORIENTED_EDGE('',*,*,#5518,.T.);
#7614=ORIENTED_EDGE('',*,*,#5519,.T.);
#7615=ORIENTED_EDGE('',*,*,#5520,.T.);
#7616=ORIENTED_EDGE('',*,*,#5521,.T.);
#7617=ORIENTED_EDGE('',*,*,#5522,.T.);
#7618=ORIENTED_EDGE('',*,*,#5523,.T.);
#7619=ORIENTED_EDGE('',*,*,#5524,.T.);
#7620=ORIENTED_EDGE('',*,*,#5525,.T.);
#7621=ORIENTED_EDGE('',*,*,#5526,.T.);
#7622=ORIENTED_EDGE('',*,*,#5527,.T.);
#7623=ORIENTED_EDGE('',*,*,#5528,.T.);
#7624=ORIENTED_EDGE('',*,*,#5529,.T.);
#7625=ORIENTED_EDGE('',*,*,#5530,.T.);
#7626=ORIENTED_EDGE('',*,*,#5531,.T.);
#7627=ORIENTED_EDGE('',*,*,#5532,.T.);
#7628=ORIENTED_EDGE('',*,*,#5533,.T.);
#7629=ORIENTED_EDGE('',*,*,#5534,.T.);
#7630=ORIENTED_EDGE('',*,*,#5442,.F.);
#7631=ORIENTED_EDGE('',*,*,#5535,.T.);
#7632=ORIENTED_EDGE('',*,*,#5536,.F.);
#7633=ORIENTED_EDGE('',*,*,#5537,.F.);
#7634=ORIENTED_EDGE('',*,*,#5443,.F.);
#7635=ORIENTED_EDGE('',*,*,#5537,.T.);
#7636=ORIENTED_EDGE('',*,*,#5538,.F.);
#7637=ORIENTED_EDGE('',*,*,#5438,.F.);
#7638=ORIENTED_EDGE('',*,*,#5441,.F.);
#7639=ORIENTED_EDGE('',*,*,#5415,.F.);
#7640=ORIENTED_EDGE('',*,*,#5440,.F.);
#7641=ORIENTED_EDGE('',*,*,#5539,.F.);
#7642=ORIENTED_EDGE('',*,*,#5535,.F.);
#7643=ORIENTED_EDGE('',*,*,#5539,.T.);
#7644=ORIENTED_EDGE('',*,*,#5439,.F.);
#7645=ORIENTED_EDGE('',*,*,#5538,.T.);
#7646=ORIENTED_EDGE('',*,*,#5536,.T.);
#7647=ORIENTED_EDGE('',*,*,#5445,.F.);
#7648=ORIENTED_EDGE('',*,*,#5540,.T.);
#7649=ORIENTED_EDGE('',*,*,#5541,.F.);
#7650=ORIENTED_EDGE('',*,*,#5542,.F.);
#7651=ORIENTED_EDGE('',*,*,#5446,.F.);
#7652=ORIENTED_EDGE('',*,*,#5542,.T.);
#7653=ORIENTED_EDGE('',*,*,#5543,.F.);
#7654=ORIENTED_EDGE('',*,*,#5434,.F.);
#7655=ORIENTED_EDGE('',*,*,#5390,.F.);
#7656=ORIENTED_EDGE('',*,*,#5444,.F.);
#7657=ORIENTED_EDGE('',*,*,#5436,.F.);
#7658=ORIENTED_EDGE('',*,*,#5544,.F.);
#7659=ORIENTED_EDGE('',*,*,#5540,.F.);
#7660=ORIENTED_EDGE('',*,*,#5544,.T.);
#7661=ORIENTED_EDGE('',*,*,#5435,.F.);
#7662=ORIENTED_EDGE('',*,*,#5543,.T.);
#7663=ORIENTED_EDGE('',*,*,#5541,.T.);
#7664=ORIENTED_EDGE('',*,*,#5545,.T.);
#7665=ORIENTED_EDGE('',*,*,#5546,.T.);
#7666=ORIENTED_EDGE('',*,*,#5547,.F.);
#7667=ORIENTED_EDGE('',*,*,#5548,.F.);
#7668=ORIENTED_EDGE('',*,*,#5549,.T.);
#7669=ORIENTED_EDGE('',*,*,#5550,.T.);
#7670=ORIENTED_EDGE('',*,*,#5551,.F.);
#7671=ORIENTED_EDGE('',*,*,#5546,.F.);
#7672=ORIENTED_EDGE('',*,*,#5552,.T.);
#7673=ORIENTED_EDGE('',*,*,#5553,.T.);
#7674=ORIENTED_EDGE('',*,*,#5554,.F.);
#7675=ORIENTED_EDGE('',*,*,#5550,.F.);
#7676=ORIENTED_EDGE('',*,*,#5555,.T.);
#7677=ORIENTED_EDGE('',*,*,#5556,.T.);
#7678=ORIENTED_EDGE('',*,*,#5557,.F.);
#7679=ORIENTED_EDGE('',*,*,#5553,.F.);
#7680=ORIENTED_EDGE('',*,*,#5558,.T.);
#7681=ORIENTED_EDGE('',*,*,#5559,.T.);
#7682=ORIENTED_EDGE('',*,*,#5560,.F.);
#7683=ORIENTED_EDGE('',*,*,#5556,.F.);
#7684=ORIENTED_EDGE('',*,*,#5561,.T.);
#7685=ORIENTED_EDGE('',*,*,#5562,.T.);
#7686=ORIENTED_EDGE('',*,*,#5563,.F.);
#7687=ORIENTED_EDGE('',*,*,#5559,.F.);
#7688=ORIENTED_EDGE('',*,*,#5564,.T.);
#7689=ORIENTED_EDGE('',*,*,#5565,.T.);
#7690=ORIENTED_EDGE('',*,*,#5566,.F.);
#7691=ORIENTED_EDGE('',*,*,#5562,.F.);
#7692=ORIENTED_EDGE('',*,*,#5567,.T.);
#7693=ORIENTED_EDGE('',*,*,#5568,.T.);
#7694=ORIENTED_EDGE('',*,*,#5569,.F.);
#7695=ORIENTED_EDGE('',*,*,#5565,.F.);
#7696=ORIENTED_EDGE('',*,*,#5570,.T.);
#7697=ORIENTED_EDGE('',*,*,#5548,.T.);
#7698=ORIENTED_EDGE('',*,*,#5571,.F.);
#7699=ORIENTED_EDGE('',*,*,#5568,.F.);
#7700=ORIENTED_EDGE('',*,*,#5572,.T.);
#7701=ORIENTED_EDGE('',*,*,#5573,.T.);
#7702=ORIENTED_EDGE('',*,*,#5447,.F.);
#7703=ORIENTED_EDGE('',*,*,#5574,.F.);
#7704=ORIENTED_EDGE('',*,*,#5575,.T.);
#7705=ORIENTED_EDGE('',*,*,#5576,.T.);
#7706=ORIENTED_EDGE('',*,*,#5448,.F.);
#7707=ORIENTED_EDGE('',*,*,#5573,.F.);
#7708=ORIENTED_EDGE('',*,*,#5577,.T.);
#7709=ORIENTED_EDGE('',*,*,#5578,.T.);
#7710=ORIENTED_EDGE('',*,*,#5449,.F.);
#7711=ORIENTED_EDGE('',*,*,#5576,.F.);
#7712=ORIENTED_EDGE('',*,*,#5579,.T.);
#7713=ORIENTED_EDGE('',*,*,#5580,.T.);
#7714=ORIENTED_EDGE('',*,*,#5450,.F.);
#7715=ORIENTED_EDGE('',*,*,#5578,.F.);
#7716=ORIENTED_EDGE('',*,*,#5581,.T.);
#7717=ORIENTED_EDGE('',*,*,#5582,.T.);
#7718=ORIENTED_EDGE('',*,*,#5451,.F.);
#7719=ORIENTED_EDGE('',*,*,#5580,.F.);
#7720=ORIENTED_EDGE('',*,*,#5583,.T.);
#7721=ORIENTED_EDGE('',*,*,#5584,.T.);
#7722=ORIENTED_EDGE('',*,*,#5452,.F.);
#7723=ORIENTED_EDGE('',*,*,#5582,.F.);
#7724=ORIENTED_EDGE('',*,*,#5585,.T.);
#7725=ORIENTED_EDGE('',*,*,#5586,.T.);
#7726=ORIENTED_EDGE('',*,*,#5453,.F.);
#7727=ORIENTED_EDGE('',*,*,#5584,.F.);
#7728=ORIENTED_EDGE('',*,*,#5587,.T.);
#7729=ORIENTED_EDGE('',*,*,#5588,.T.);
#7730=ORIENTED_EDGE('',*,*,#5454,.F.);
#7731=ORIENTED_EDGE('',*,*,#5586,.F.);
#7732=ORIENTED_EDGE('',*,*,#5589,.T.);
#7733=ORIENTED_EDGE('',*,*,#5590,.T.);
#7734=ORIENTED_EDGE('',*,*,#5455,.F.);
#7735=ORIENTED_EDGE('',*,*,#5588,.F.);
#7736=ORIENTED_EDGE('',*,*,#5591,.T.);
#7737=ORIENTED_EDGE('',*,*,#5592,.T.);
#7738=ORIENTED_EDGE('',*,*,#5456,.F.);
#7739=ORIENTED_EDGE('',*,*,#5590,.F.);
#7740=ORIENTED_EDGE('',*,*,#5593,.T.);
#7741=ORIENTED_EDGE('',*,*,#5594,.T.);
#7742=ORIENTED_EDGE('',*,*,#5457,.F.);
#7743=ORIENTED_EDGE('',*,*,#5592,.F.);
#7744=ORIENTED_EDGE('',*,*,#5595,.T.);
#7745=ORIENTED_EDGE('',*,*,#5574,.T.);
#7746=ORIENTED_EDGE('',*,*,#5458,.F.);
#7747=ORIENTED_EDGE('',*,*,#5594,.F.);
#7748=ORIENTED_EDGE('',*,*,#5595,.F.);
#7749=ORIENTED_EDGE('',*,*,#5593,.F.);
#7750=ORIENTED_EDGE('',*,*,#5591,.F.);
#7751=ORIENTED_EDGE('',*,*,#5589,.F.);
#7752=ORIENTED_EDGE('',*,*,#5587,.F.);
#7753=ORIENTED_EDGE('',*,*,#5585,.F.);
#7754=ORIENTED_EDGE('',*,*,#5583,.F.);
#7755=ORIENTED_EDGE('',*,*,#5581,.F.);
#7756=ORIENTED_EDGE('',*,*,#5579,.F.);
#7757=ORIENTED_EDGE('',*,*,#5577,.F.);
#7758=ORIENTED_EDGE('',*,*,#5575,.F.);
#7759=ORIENTED_EDGE('',*,*,#5572,.F.);
#7760=ORIENTED_EDGE('',*,*,#5570,.F.);
#7761=ORIENTED_EDGE('',*,*,#5567,.F.);
#7762=ORIENTED_EDGE('',*,*,#5564,.F.);
#7763=ORIENTED_EDGE('',*,*,#5561,.F.);
#7764=ORIENTED_EDGE('',*,*,#5558,.F.);
#7765=ORIENTED_EDGE('',*,*,#5555,.F.);
#7766=ORIENTED_EDGE('',*,*,#5552,.F.);
#7767=ORIENTED_EDGE('',*,*,#5549,.F.);
#7768=ORIENTED_EDGE('',*,*,#5545,.F.);
#7769=ORIENTED_EDGE('',*,*,#5596,.T.);
#7770=ORIENTED_EDGE('',*,*,#5597,.T.);
#7771=ORIENTED_EDGE('',*,*,#5459,.F.);
#7772=ORIENTED_EDGE('',*,*,#5598,.F.);
#7773=ORIENTED_EDGE('',*,*,#5599,.T.);
#7774=ORIENTED_EDGE('',*,*,#5600,.T.);
#7775=ORIENTED_EDGE('',*,*,#5460,.F.);
#7776=ORIENTED_EDGE('',*,*,#5597,.F.);
#7777=ORIENTED_EDGE('',*,*,#5601,.T.);
#7778=ORIENTED_EDGE('',*,*,#5602,.T.);
#7779=ORIENTED_EDGE('',*,*,#5461,.F.);
#7780=ORIENTED_EDGE('',*,*,#5600,.F.);
#7781=ORIENTED_EDGE('',*,*,#5603,.T.);
#7782=ORIENTED_EDGE('',*,*,#5604,.T.);
#7783=ORIENTED_EDGE('',*,*,#5462,.F.);
#7784=ORIENTED_EDGE('',*,*,#5602,.F.);
#7785=ORIENTED_EDGE('',*,*,#5605,.T.);
#7786=ORIENTED_EDGE('',*,*,#5606,.T.);
#7787=ORIENTED_EDGE('',*,*,#5463,.F.);
#7788=ORIENTED_EDGE('',*,*,#5604,.F.);
#7789=ORIENTED_EDGE('',*,*,#5607,.T.);
#7790=ORIENTED_EDGE('',*,*,#5608,.T.);
#7791=ORIENTED_EDGE('',*,*,#5464,.F.);
#7792=ORIENTED_EDGE('',*,*,#5606,.F.);
#7793=ORIENTED_EDGE('',*,*,#5609,.T.);
#7794=ORIENTED_EDGE('',*,*,#5610,.T.);
#7795=ORIENTED_EDGE('',*,*,#5465,.F.);
#7796=ORIENTED_EDGE('',*,*,#5608,.F.);
#7797=ORIENTED_EDGE('',*,*,#5611,.T.);
#7798=ORIENTED_EDGE('',*,*,#5598,.T.);
#7799=ORIENTED_EDGE('',*,*,#5466,.F.);
#7800=ORIENTED_EDGE('',*,*,#5610,.F.);
#7801=ORIENTED_EDGE('',*,*,#5611,.F.);
#7802=ORIENTED_EDGE('',*,*,#5609,.F.);
#7803=ORIENTED_EDGE('',*,*,#5607,.F.);
#7804=ORIENTED_EDGE('',*,*,#5605,.F.);
#7805=ORIENTED_EDGE('',*,*,#5603,.F.);
#7806=ORIENTED_EDGE('',*,*,#5601,.F.);
#7807=ORIENTED_EDGE('',*,*,#5599,.F.);
#7808=ORIENTED_EDGE('',*,*,#5596,.F.);
#7809=ORIENTED_EDGE('',*,*,#5612,.T.);
#7810=ORIENTED_EDGE('',*,*,#5613,.T.);
#7811=ORIENTED_EDGE('',*,*,#5467,.F.);
#7812=ORIENTED_EDGE('',*,*,#5614,.F.);
#7813=ORIENTED_EDGE('',*,*,#5615,.T.);
#7814=ORIENTED_EDGE('',*,*,#5616,.T.);
#7815=ORIENTED_EDGE('',*,*,#5468,.F.);
#7816=ORIENTED_EDGE('',*,*,#5613,.F.);
#7817=ORIENTED_EDGE('',*,*,#5617,.T.);
#7818=ORIENTED_EDGE('',*,*,#5618,.T.);
#7819=ORIENTED_EDGE('',*,*,#5469,.F.);
#7820=ORIENTED_EDGE('',*,*,#5616,.F.);
#7821=ORIENTED_EDGE('',*,*,#5619,.T.);
#7822=ORIENTED_EDGE('',*,*,#5620,.T.);
#7823=ORIENTED_EDGE('',*,*,#5470,.F.);
#7824=ORIENTED_EDGE('',*,*,#5618,.F.);
#7825=ORIENTED_EDGE('',*,*,#5621,.T.);
#7826=ORIENTED_EDGE('',*,*,#5622,.T.);
#7827=ORIENTED_EDGE('',*,*,#5471,.F.);
#7828=ORIENTED_EDGE('',*,*,#5620,.F.);
#7829=ORIENTED_EDGE('',*,*,#5623,.T.);
#7830=ORIENTED_EDGE('',*,*,#5624,.T.);
#7831=ORIENTED_EDGE('',*,*,#5472,.F.);
#7832=ORIENTED_EDGE('',*,*,#5622,.F.);
#7833=ORIENTED_EDGE('',*,*,#5625,.T.);
#7834=ORIENTED_EDGE('',*,*,#5626,.T.);
#7835=ORIENTED_EDGE('',*,*,#5473,.F.);
#7836=ORIENTED_EDGE('',*,*,#5624,.F.);
#7837=ORIENTED_EDGE('',*,*,#5627,.T.);
#7838=ORIENTED_EDGE('',*,*,#5628,.T.);
#7839=ORIENTED_EDGE('',*,*,#5474,.F.);
#7840=ORIENTED_EDGE('',*,*,#5626,.F.);
#7841=ORIENTED_EDGE('',*,*,#5629,.T.);
#7842=ORIENTED_EDGE('',*,*,#5630,.T.);
#7843=ORIENTED_EDGE('',*,*,#5475,.F.);
#7844=ORIENTED_EDGE('',*,*,#5628,.F.);
#7845=ORIENTED_EDGE('',*,*,#5631,.T.);
#7846=ORIENTED_EDGE('',*,*,#5632,.T.);
#7847=ORIENTED_EDGE('',*,*,#5476,.F.);
#7848=ORIENTED_EDGE('',*,*,#5630,.F.);
#7849=ORIENTED_EDGE('',*,*,#5633,.T.);
#7850=ORIENTED_EDGE('',*,*,#5634,.T.);
#7851=ORIENTED_EDGE('',*,*,#5477,.F.);
#7852=ORIENTED_EDGE('',*,*,#5632,.F.);
#7853=ORIENTED_EDGE('',*,*,#5635,.T.);
#7854=ORIENTED_EDGE('',*,*,#5636,.T.);
#7855=ORIENTED_EDGE('',*,*,#5478,.F.);
#7856=ORIENTED_EDGE('',*,*,#5634,.F.);
#7857=ORIENTED_EDGE('',*,*,#5637,.T.);
#7858=ORIENTED_EDGE('',*,*,#5638,.T.);
#7859=ORIENTED_EDGE('',*,*,#5479,.F.);
#7860=ORIENTED_EDGE('',*,*,#5636,.F.);
#7861=ORIENTED_EDGE('',*,*,#5639,.T.);
#7862=ORIENTED_EDGE('',*,*,#5640,.T.);
#7863=ORIENTED_EDGE('',*,*,#5480,.F.);
#7864=ORIENTED_EDGE('',*,*,#5638,.F.);
#7865=ORIENTED_EDGE('',*,*,#5641,.T.);
#7866=ORIENTED_EDGE('',*,*,#5642,.T.);
#7867=ORIENTED_EDGE('',*,*,#5481,.F.);
#7868=ORIENTED_EDGE('',*,*,#5640,.F.);
#7869=ORIENTED_EDGE('',*,*,#5643,.T.);
#7870=ORIENTED_EDGE('',*,*,#5644,.T.);
#7871=ORIENTED_EDGE('',*,*,#5482,.F.);
#7872=ORIENTED_EDGE('',*,*,#5642,.F.);
#7873=ORIENTED_EDGE('',*,*,#5645,.T.);
#7874=ORIENTED_EDGE('',*,*,#5646,.T.);
#7875=ORIENTED_EDGE('',*,*,#5483,.F.);
#7876=ORIENTED_EDGE('',*,*,#5644,.F.);
#7877=ORIENTED_EDGE('',*,*,#5647,.T.);
#7878=ORIENTED_EDGE('',*,*,#5648,.T.);
#7879=ORIENTED_EDGE('',*,*,#5484,.F.);
#7880=ORIENTED_EDGE('',*,*,#5646,.F.);
#7881=ORIENTED_EDGE('',*,*,#5649,.T.);
#7882=ORIENTED_EDGE('',*,*,#5650,.T.);
#7883=ORIENTED_EDGE('',*,*,#5485,.F.);
#7884=ORIENTED_EDGE('',*,*,#5648,.F.);
#7885=ORIENTED_EDGE('',*,*,#5651,.T.);
#7886=ORIENTED_EDGE('',*,*,#5652,.T.);
#7887=ORIENTED_EDGE('',*,*,#5486,.F.);
#7888=ORIENTED_EDGE('',*,*,#5650,.F.);
#7889=ORIENTED_EDGE('',*,*,#5653,.T.);
#7890=ORIENTED_EDGE('',*,*,#5654,.T.);
#7891=ORIENTED_EDGE('',*,*,#5487,.F.);
#7892=ORIENTED_EDGE('',*,*,#5652,.F.);
#7893=ORIENTED_EDGE('',*,*,#5655,.T.);
#7894=ORIENTED_EDGE('',*,*,#5656,.T.);
#7895=ORIENTED_EDGE('',*,*,#5488,.F.);
#7896=ORIENTED_EDGE('',*,*,#5654,.F.);
#7897=ORIENTED_EDGE('',*,*,#5657,.T.);
#7898=ORIENTED_EDGE('',*,*,#5658,.T.);
#7899=ORIENTED_EDGE('',*,*,#5489,.F.);
#7900=ORIENTED_EDGE('',*,*,#5656,.F.);
#7901=ORIENTED_EDGE('',*,*,#5659,.T.);
#7902=ORIENTED_EDGE('',*,*,#5614,.T.);
#7903=ORIENTED_EDGE('',*,*,#5490,.F.);
#7904=ORIENTED_EDGE('',*,*,#5658,.F.);
#7905=ORIENTED_EDGE('',*,*,#5659,.F.);
#7906=ORIENTED_EDGE('',*,*,#5657,.F.);
#7907=ORIENTED_EDGE('',*,*,#5655,.F.);
#7908=ORIENTED_EDGE('',*,*,#5653,.F.);
#7909=ORIENTED_EDGE('',*,*,#5651,.F.);
#7910=ORIENTED_EDGE('',*,*,#5649,.F.);
#7911=ORIENTED_EDGE('',*,*,#5647,.F.);
#7912=ORIENTED_EDGE('',*,*,#5645,.F.);
#7913=ORIENTED_EDGE('',*,*,#5643,.F.);
#7914=ORIENTED_EDGE('',*,*,#5641,.F.);
#7915=ORIENTED_EDGE('',*,*,#5639,.F.);
#7916=ORIENTED_EDGE('',*,*,#5637,.F.);
#7917=ORIENTED_EDGE('',*,*,#5635,.F.);
#7918=ORIENTED_EDGE('',*,*,#5633,.F.);
#7919=ORIENTED_EDGE('',*,*,#5631,.F.);
#7920=ORIENTED_EDGE('',*,*,#5629,.F.);
#7921=ORIENTED_EDGE('',*,*,#5627,.F.);
#7922=ORIENTED_EDGE('',*,*,#5625,.F.);
#7923=ORIENTED_EDGE('',*,*,#5623,.F.);
#7924=ORIENTED_EDGE('',*,*,#5621,.F.);
#7925=ORIENTED_EDGE('',*,*,#5619,.F.);
#7926=ORIENTED_EDGE('',*,*,#5617,.F.);
#7927=ORIENTED_EDGE('',*,*,#5615,.F.);
#7928=ORIENTED_EDGE('',*,*,#5612,.F.);
#7929=ORIENTED_EDGE('',*,*,#5660,.T.);
#7930=ORIENTED_EDGE('',*,*,#5661,.T.);
#7931=ORIENTED_EDGE('',*,*,#5491,.F.);
#7932=ORIENTED_EDGE('',*,*,#5662,.F.);
#7933=ORIENTED_EDGE('',*,*,#5663,.T.);
#7934=ORIENTED_EDGE('',*,*,#5664,.T.);
#7935=ORIENTED_EDGE('',*,*,#5492,.F.);
#7936=ORIENTED_EDGE('',*,*,#5661,.F.);
#7937=ORIENTED_EDGE('',*,*,#5665,.T.);
#7938=ORIENTED_EDGE('',*,*,#5666,.T.);
#7939=ORIENTED_EDGE('',*,*,#5493,.F.);
#7940=ORIENTED_EDGE('',*,*,#5664,.F.);
#7941=ORIENTED_EDGE('',*,*,#5667,.T.);
#7942=ORIENTED_EDGE('',*,*,#5668,.T.);
#7943=ORIENTED_EDGE('',*,*,#5494,.F.);
#7944=ORIENTED_EDGE('',*,*,#5666,.F.);
#7945=ORIENTED_EDGE('',*,*,#5669,.T.);
#7946=ORIENTED_EDGE('',*,*,#5670,.T.);
#7947=ORIENTED_EDGE('',*,*,#5495,.F.);
#7948=ORIENTED_EDGE('',*,*,#5668,.F.);
#7949=ORIENTED_EDGE('',*,*,#5671,.T.);
#7950=ORIENTED_EDGE('',*,*,#5672,.T.);
#7951=ORIENTED_EDGE('',*,*,#5496,.F.);
#7952=ORIENTED_EDGE('',*,*,#5670,.F.);
#7953=ORIENTED_EDGE('',*,*,#5673,.T.);
#7954=ORIENTED_EDGE('',*,*,#5674,.T.);
#7955=ORIENTED_EDGE('',*,*,#5497,.F.);
#7956=ORIENTED_EDGE('',*,*,#5672,.F.);
#7957=ORIENTED_EDGE('',*,*,#5675,.T.);
#7958=ORIENTED_EDGE('',*,*,#5676,.T.);
#7959=ORIENTED_EDGE('',*,*,#5498,.F.);
#7960=ORIENTED_EDGE('',*,*,#5674,.F.);
#7961=ORIENTED_EDGE('',*,*,#5677,.T.);
#7962=ORIENTED_EDGE('',*,*,#5678,.T.);
#7963=ORIENTED_EDGE('',*,*,#5499,.F.);
#7964=ORIENTED_EDGE('',*,*,#5676,.F.);
#7965=ORIENTED_EDGE('',*,*,#5679,.T.);
#7966=ORIENTED_EDGE('',*,*,#5680,.T.);
#7967=ORIENTED_EDGE('',*,*,#5500,.F.);
#7968=ORIENTED_EDGE('',*,*,#5678,.F.);
#7969=ORIENTED_EDGE('',*,*,#5681,.T.);
#7970=ORIENTED_EDGE('',*,*,#5682,.T.);
#7971=ORIENTED_EDGE('',*,*,#5501,.F.);
#7972=ORIENTED_EDGE('',*,*,#5680,.F.);
#7973=ORIENTED_EDGE('',*,*,#5683,.T.);
#7974=ORIENTED_EDGE('',*,*,#5684,.T.);
#7975=ORIENTED_EDGE('',*,*,#5502,.F.);
#7976=ORIENTED_EDGE('',*,*,#5682,.F.);
#7977=ORIENTED_EDGE('',*,*,#5685,.T.);
#7978=ORIENTED_EDGE('',*,*,#5686,.T.);
#7979=ORIENTED_EDGE('',*,*,#5503,.F.);
#7980=ORIENTED_EDGE('',*,*,#5684,.F.);
#7981=ORIENTED_EDGE('',*,*,#5687,.T.);
#7982=ORIENTED_EDGE('',*,*,#5688,.T.);
#7983=ORIENTED_EDGE('',*,*,#5504,.F.);
#7984=ORIENTED_EDGE('',*,*,#5686,.F.);
#7985=ORIENTED_EDGE('',*,*,#5689,.T.);
#7986=ORIENTED_EDGE('',*,*,#5690,.T.);
#7987=ORIENTED_EDGE('',*,*,#5505,.F.);
#7988=ORIENTED_EDGE('',*,*,#5688,.F.);
#7989=ORIENTED_EDGE('',*,*,#5691,.T.);
#7990=ORIENTED_EDGE('',*,*,#5692,.T.);
#7991=ORIENTED_EDGE('',*,*,#5506,.F.);
#7992=ORIENTED_EDGE('',*,*,#5690,.F.);
#7993=ORIENTED_EDGE('',*,*,#5693,.T.);
#7994=ORIENTED_EDGE('',*,*,#5694,.T.);
#7995=ORIENTED_EDGE('',*,*,#5507,.F.);
#7996=ORIENTED_EDGE('',*,*,#5692,.F.);
#7997=ORIENTED_EDGE('',*,*,#5695,.T.);
#7998=ORIENTED_EDGE('',*,*,#5662,.T.);
#7999=ORIENTED_EDGE('',*,*,#5508,.F.);
#8000=ORIENTED_EDGE('',*,*,#5694,.F.);
#8001=ORIENTED_EDGE('',*,*,#5695,.F.);
#8002=ORIENTED_EDGE('',*,*,#5693,.F.);
#8003=ORIENTED_EDGE('',*,*,#5691,.F.);
#8004=ORIENTED_EDGE('',*,*,#5689,.F.);
#8005=ORIENTED_EDGE('',*,*,#5687,.F.);
#8006=ORIENTED_EDGE('',*,*,#5685,.F.);
#8007=ORIENTED_EDGE('',*,*,#5683,.F.);
#8008=ORIENTED_EDGE('',*,*,#5681,.F.);
#8009=ORIENTED_EDGE('',*,*,#5679,.F.);
#8010=ORIENTED_EDGE('',*,*,#5677,.F.);
#8011=ORIENTED_EDGE('',*,*,#5675,.F.);
#8012=ORIENTED_EDGE('',*,*,#5673,.F.);
#8013=ORIENTED_EDGE('',*,*,#5671,.F.);
#8014=ORIENTED_EDGE('',*,*,#5669,.F.);
#8015=ORIENTED_EDGE('',*,*,#5667,.F.);
#8016=ORIENTED_EDGE('',*,*,#5665,.F.);
#8017=ORIENTED_EDGE('',*,*,#5663,.F.);
#8018=ORIENTED_EDGE('',*,*,#5660,.F.);
#8019=ORIENTED_EDGE('',*,*,#5696,.T.);
#8020=ORIENTED_EDGE('',*,*,#5697,.T.);
#8021=ORIENTED_EDGE('',*,*,#5509,.F.);
#8022=ORIENTED_EDGE('',*,*,#5698,.F.);
#8023=ORIENTED_EDGE('',*,*,#5699,.T.);
#8024=ORIENTED_EDGE('',*,*,#5700,.T.);
#8025=ORIENTED_EDGE('',*,*,#5510,.F.);
#8026=ORIENTED_EDGE('',*,*,#5697,.F.);
#8027=ORIENTED_EDGE('',*,*,#5701,.T.);
#8028=ORIENTED_EDGE('',*,*,#5702,.T.);
#8029=ORIENTED_EDGE('',*,*,#5511,.F.);
#8030=ORIENTED_EDGE('',*,*,#5700,.F.);
#8031=ORIENTED_EDGE('',*,*,#5703,.T.);
#8032=ORIENTED_EDGE('',*,*,#5698,.T.);
#8033=ORIENTED_EDGE('',*,*,#5512,.F.);
#8034=ORIENTED_EDGE('',*,*,#5702,.F.);
#8035=ORIENTED_EDGE('',*,*,#5703,.F.);
#8036=ORIENTED_EDGE('',*,*,#5701,.F.);
#8037=ORIENTED_EDGE('',*,*,#5699,.F.);
#8038=ORIENTED_EDGE('',*,*,#5696,.F.);
#8039=ORIENTED_EDGE('',*,*,#5704,.T.);
#8040=ORIENTED_EDGE('',*,*,#5705,.T.);
#8041=ORIENTED_EDGE('',*,*,#5513,.F.);
#8042=ORIENTED_EDGE('',*,*,#5706,.F.);
#8043=ORIENTED_EDGE('',*,*,#5707,.T.);
#8044=ORIENTED_EDGE('',*,*,#5708,.T.);
#8045=ORIENTED_EDGE('',*,*,#5514,.F.);
#8046=ORIENTED_EDGE('',*,*,#5705,.F.);
#8047=ORIENTED_EDGE('',*,*,#5709,.T.);
#8048=ORIENTED_EDGE('',*,*,#5710,.T.);
#8049=ORIENTED_EDGE('',*,*,#5515,.F.);
#8050=ORIENTED_EDGE('',*,*,#5708,.F.);
#8051=ORIENTED_EDGE('',*,*,#5711,.T.);
#8052=ORIENTED_EDGE('',*,*,#5712,.T.);
#8053=ORIENTED_EDGE('',*,*,#5516,.F.);
#8054=ORIENTED_EDGE('',*,*,#5710,.F.);
#8055=ORIENTED_EDGE('',*,*,#5713,.T.);
#8056=ORIENTED_EDGE('',*,*,#5714,.T.);
#8057=ORIENTED_EDGE('',*,*,#5517,.F.);
#8058=ORIENTED_EDGE('',*,*,#5712,.F.);
#8059=ORIENTED_EDGE('',*,*,#5715,.T.);
#8060=ORIENTED_EDGE('',*,*,#5716,.T.);
#8061=ORIENTED_EDGE('',*,*,#5518,.F.);
#8062=ORIENTED_EDGE('',*,*,#5714,.F.);
#8063=ORIENTED_EDGE('',*,*,#5717,.T.);
#8064=ORIENTED_EDGE('',*,*,#5718,.T.);
#8065=ORIENTED_EDGE('',*,*,#5519,.F.);
#8066=ORIENTED_EDGE('',*,*,#5716,.F.);
#8067=ORIENTED_EDGE('',*,*,#5719,.T.);
#8068=ORIENTED_EDGE('',*,*,#5720,.T.);
#8069=ORIENTED_EDGE('',*,*,#5520,.F.);
#8070=ORIENTED_EDGE('',*,*,#5718,.F.);
#8071=ORIENTED_EDGE('',*,*,#5721,.T.);
#8072=ORIENTED_EDGE('',*,*,#5722,.T.);
#8073=ORIENTED_EDGE('',*,*,#5521,.F.);
#8074=ORIENTED_EDGE('',*,*,#5720,.F.);
#8075=ORIENTED_EDGE('',*,*,#5723,.T.);
#8076=ORIENTED_EDGE('',*,*,#5706,.T.);
#8077=ORIENTED_EDGE('',*,*,#5522,.F.);
#8078=ORIENTED_EDGE('',*,*,#5722,.F.);
#8079=ORIENTED_EDGE('',*,*,#5723,.F.);
#8080=ORIENTED_EDGE('',*,*,#5721,.F.);
#8081=ORIENTED_EDGE('',*,*,#5719,.F.);
#8082=ORIENTED_EDGE('',*,*,#5717,.F.);
#8083=ORIENTED_EDGE('',*,*,#5715,.F.);
#8084=ORIENTED_EDGE('',*,*,#5713,.F.);
#8085=ORIENTED_EDGE('',*,*,#5711,.F.);
#8086=ORIENTED_EDGE('',*,*,#5709,.F.);
#8087=ORIENTED_EDGE('',*,*,#5707,.F.);
#8088=ORIENTED_EDGE('',*,*,#5704,.F.);
#8089=ORIENTED_EDGE('',*,*,#5724,.T.);
#8090=ORIENTED_EDGE('',*,*,#5725,.T.);
#8091=ORIENTED_EDGE('',*,*,#5523,.F.);
#8092=ORIENTED_EDGE('',*,*,#5726,.F.);
#8093=ORIENTED_EDGE('',*,*,#5727,.T.);
#8094=ORIENTED_EDGE('',*,*,#5728,.T.);
#8095=ORIENTED_EDGE('',*,*,#5524,.F.);
#8096=ORIENTED_EDGE('',*,*,#5725,.F.);
#8097=ORIENTED_EDGE('',*,*,#5729,.T.);
#8098=ORIENTED_EDGE('',*,*,#5730,.T.);
#8099=ORIENTED_EDGE('',*,*,#5525,.F.);
#8100=ORIENTED_EDGE('',*,*,#5728,.F.);
#8101=ORIENTED_EDGE('',*,*,#5731,.T.);
#8102=ORIENTED_EDGE('',*,*,#5732,.T.);
#8103=ORIENTED_EDGE('',*,*,#5526,.F.);
#8104=ORIENTED_EDGE('',*,*,#5730,.F.);
#8105=ORIENTED_EDGE('',*,*,#5733,.T.);
#8106=ORIENTED_EDGE('',*,*,#5734,.T.);
#8107=ORIENTED_EDGE('',*,*,#5527,.F.);
#8108=ORIENTED_EDGE('',*,*,#5732,.F.);
#8109=ORIENTED_EDGE('',*,*,#5735,.T.);
#8110=ORIENTED_EDGE('',*,*,#5736,.T.);
#8111=ORIENTED_EDGE('',*,*,#5528,.F.);
#8112=ORIENTED_EDGE('',*,*,#5734,.F.);
#8113=ORIENTED_EDGE('',*,*,#5737,.T.);
#8114=ORIENTED_EDGE('',*,*,#5738,.T.);
#8115=ORIENTED_EDGE('',*,*,#5529,.F.);
#8116=ORIENTED_EDGE('',*,*,#5736,.F.);
#8117=ORIENTED_EDGE('',*,*,#5739,.T.);
#8118=ORIENTED_EDGE('',*,*,#5740,.T.);
#8119=ORIENTED_EDGE('',*,*,#5530,.F.);
#8120=ORIENTED_EDGE('',*,*,#5738,.F.);
#8121=ORIENTED_EDGE('',*,*,#5741,.T.);
#8122=ORIENTED_EDGE('',*,*,#5742,.T.);
#8123=ORIENTED_EDGE('',*,*,#5531,.F.);
#8124=ORIENTED_EDGE('',*,*,#5740,.F.);
#8125=ORIENTED_EDGE('',*,*,#5743,.T.);
#8126=ORIENTED_EDGE('',*,*,#5744,.T.);
#8127=ORIENTED_EDGE('',*,*,#5532,.F.);
#8128=ORIENTED_EDGE('',*,*,#5742,.F.);
#8129=ORIENTED_EDGE('',*,*,#5745,.T.);
#8130=ORIENTED_EDGE('',*,*,#5746,.T.);
#8131=ORIENTED_EDGE('',*,*,#5533,.F.);
#8132=ORIENTED_EDGE('',*,*,#5744,.F.);
#8133=ORIENTED_EDGE('',*,*,#5747,.T.);
#8134=ORIENTED_EDGE('',*,*,#5726,.T.);
#8135=ORIENTED_EDGE('',*,*,#5534,.F.);
#8136=ORIENTED_EDGE('',*,*,#5746,.F.);
#8137=ORIENTED_EDGE('',*,*,#5747,.F.);
#8138=ORIENTED_EDGE('',*,*,#5745,.F.);
#8139=ORIENTED_EDGE('',*,*,#5743,.F.);
#8140=ORIENTED_EDGE('',*,*,#5741,.F.);
#8141=ORIENTED_EDGE('',*,*,#5739,.F.);
#8142=ORIENTED_EDGE('',*,*,#5737,.F.);
#8143=ORIENTED_EDGE('',*,*,#5735,.F.);
#8144=ORIENTED_EDGE('',*,*,#5733,.F.);
#8145=ORIENTED_EDGE('',*,*,#5731,.F.);
#8146=ORIENTED_EDGE('',*,*,#5729,.F.);
#8147=ORIENTED_EDGE('',*,*,#5727,.F.);
#8148=ORIENTED_EDGE('',*,*,#5724,.F.);
#8149=ORIENTED_EDGE('',*,*,#5432,.F.);
#8150=ORIENTED_EDGE('',*,*,#5433,.T.);
#8151=ORIENTED_EDGE('',*,*,#5419,.F.);
#8152=ORIENTED_EDGE('',*,*,#5422,.T.);
#8153=ORIENTED_EDGE('',*,*,#5424,.F.);
#8154=ORIENTED_EDGE('',*,*,#5426,.T.);
#8155=ORIENTED_EDGE('',*,*,#5428,.F.);
#8156=ORIENTED_EDGE('',*,*,#5430,.T.);
#8157=ORIENTED_EDGE('',*,*,#5547,.T.);
#8158=ORIENTED_EDGE('',*,*,#5551,.T.);
#8159=ORIENTED_EDGE('',*,*,#5554,.T.);
#8160=ORIENTED_EDGE('',*,*,#5557,.T.);
#8161=ORIENTED_EDGE('',*,*,#5560,.T.);
#8162=ORIENTED_EDGE('',*,*,#5563,.T.);
#8163=ORIENTED_EDGE('',*,*,#5566,.T.);
#8164=ORIENTED_EDGE('',*,*,#5569,.T.);
#8165=ORIENTED_EDGE('',*,*,#5571,.T.);
#8166=ORIENTED_EDGE('',*,*,#5748,.F.);
#8167=ORIENTED_EDGE('',*,*,#5749,.T.);
#8168=ORIENTED_EDGE('',*,*,#5750,.F.);
#8169=ORIENTED_EDGE('',*,*,#5751,.F.);
#8170=ORIENTED_EDGE('',*,*,#5752,.F.);
#8171=ORIENTED_EDGE('',*,*,#5751,.T.);
#8172=ORIENTED_EDGE('',*,*,#5753,.F.);
#8173=ORIENTED_EDGE('',*,*,#5754,.F.);
#8174=ORIENTED_EDGE('',*,*,#5755,.F.);
#8175=ORIENTED_EDGE('',*,*,#5754,.T.);
#8176=ORIENTED_EDGE('',*,*,#5756,.F.);
#8177=ORIENTED_EDGE('',*,*,#5757,.F.);
#8178=ORIENTED_EDGE('',*,*,#5758,.F.);
#8179=ORIENTED_EDGE('',*,*,#5757,.T.);
#8180=ORIENTED_EDGE('',*,*,#5759,.F.);
#8181=ORIENTED_EDGE('',*,*,#5760,.F.);
#8182=ORIENTED_EDGE('',*,*,#5761,.F.);
#8183=ORIENTED_EDGE('',*,*,#5760,.T.);
#8184=ORIENTED_EDGE('',*,*,#5762,.F.);
#8185=ORIENTED_EDGE('',*,*,#5763,.F.);
#8186=ORIENTED_EDGE('',*,*,#5764,.F.);
#8187=ORIENTED_EDGE('',*,*,#5763,.T.);
#8188=ORIENTED_EDGE('',*,*,#5765,.F.);
#8189=ORIENTED_EDGE('',*,*,#5766,.F.);
#8190=ORIENTED_EDGE('',*,*,#5767,.F.);
#8191=ORIENTED_EDGE('',*,*,#5766,.T.);
#8192=ORIENTED_EDGE('',*,*,#5768,.F.);
#8193=ORIENTED_EDGE('',*,*,#5769,.F.);
#8194=ORIENTED_EDGE('',*,*,#5770,.F.);
#8195=ORIENTED_EDGE('',*,*,#5769,.T.);
#8196=ORIENTED_EDGE('',*,*,#5771,.F.);
#8197=ORIENTED_EDGE('',*,*,#5772,.F.);
#8198=ORIENTED_EDGE('',*,*,#5773,.F.);
#8199=ORIENTED_EDGE('',*,*,#5772,.T.);
#8200=ORIENTED_EDGE('',*,*,#5774,.F.);
#8201=ORIENTED_EDGE('',*,*,#5775,.F.);
#8202=ORIENTED_EDGE('',*,*,#5776,.F.);
#8203=ORIENTED_EDGE('',*,*,#5775,.T.);
#8204=ORIENTED_EDGE('',*,*,#5777,.F.);
#8205=ORIENTED_EDGE('',*,*,#5778,.F.);
#8206=ORIENTED_EDGE('',*,*,#5779,.F.);
#8207=ORIENTED_EDGE('',*,*,#5778,.T.);
#8208=ORIENTED_EDGE('',*,*,#5780,.F.);
#8209=ORIENTED_EDGE('',*,*,#5781,.F.);
#8210=ORIENTED_EDGE('',*,*,#5782,.F.);
#8211=ORIENTED_EDGE('',*,*,#5781,.T.);
#8212=ORIENTED_EDGE('',*,*,#5783,.F.);
#8213=ORIENTED_EDGE('',*,*,#5749,.F.);
#8214=ORIENTED_EDGE('',*,*,#5782,.T.);
#8215=ORIENTED_EDGE('',*,*,#5748,.T.);
#8216=ORIENTED_EDGE('',*,*,#5752,.T.);
#8217=ORIENTED_EDGE('',*,*,#5755,.T.);
#8218=ORIENTED_EDGE('',*,*,#5758,.T.);
#8219=ORIENTED_EDGE('',*,*,#5761,.T.);
#8220=ORIENTED_EDGE('',*,*,#5764,.T.);
#8221=ORIENTED_EDGE('',*,*,#5767,.T.);
#8222=ORIENTED_EDGE('',*,*,#5770,.T.);
#8223=ORIENTED_EDGE('',*,*,#5773,.T.);
#8224=ORIENTED_EDGE('',*,*,#5776,.T.);
#8225=ORIENTED_EDGE('',*,*,#5779,.T.);
#8226=ORIENTED_EDGE('',*,*,#5783,.T.);
#8227=ORIENTED_EDGE('',*,*,#5780,.T.);
#8228=ORIENTED_EDGE('',*,*,#5777,.T.);
#8229=ORIENTED_EDGE('',*,*,#5774,.T.);
#8230=ORIENTED_EDGE('',*,*,#5771,.T.);
#8231=ORIENTED_EDGE('',*,*,#5768,.T.);
#8232=ORIENTED_EDGE('',*,*,#5765,.T.);
#8233=ORIENTED_EDGE('',*,*,#5762,.T.);
#8234=ORIENTED_EDGE('',*,*,#5759,.T.);
#8235=ORIENTED_EDGE('',*,*,#5756,.T.);
#8236=ORIENTED_EDGE('',*,*,#5753,.T.);
#8237=ORIENTED_EDGE('',*,*,#5750,.T.);
#8238=ORIENTED_EDGE('',*,*,#5784,.F.);
#8239=ORIENTED_EDGE('',*,*,#5785,.T.);
#8240=ORIENTED_EDGE('',*,*,#5786,.F.);
#8241=ORIENTED_EDGE('',*,*,#5787,.F.);
#8242=ORIENTED_EDGE('',*,*,#5788,.F.);
#8243=ORIENTED_EDGE('',*,*,#5787,.T.);
#8244=ORIENTED_EDGE('',*,*,#5789,.F.);
#8245=ORIENTED_EDGE('',*,*,#5790,.F.);
#8246=ORIENTED_EDGE('',*,*,#5791,.F.);
#8247=ORIENTED_EDGE('',*,*,#5790,.T.);
#8248=ORIENTED_EDGE('',*,*,#5792,.F.);
#8249=ORIENTED_EDGE('',*,*,#5793,.F.);
#8250=ORIENTED_EDGE('',*,*,#5794,.F.);
#8251=ORIENTED_EDGE('',*,*,#5793,.T.);
#8252=ORIENTED_EDGE('',*,*,#5795,.F.);
#8253=ORIENTED_EDGE('',*,*,#5796,.F.);
#8254=ORIENTED_EDGE('',*,*,#5797,.F.);
#8255=ORIENTED_EDGE('',*,*,#5796,.T.);
#8256=ORIENTED_EDGE('',*,*,#5798,.F.);
#8257=ORIENTED_EDGE('',*,*,#5799,.F.);
#8258=ORIENTED_EDGE('',*,*,#5800,.F.);
#8259=ORIENTED_EDGE('',*,*,#5799,.T.);
#8260=ORIENTED_EDGE('',*,*,#5801,.F.);
#8261=ORIENTED_EDGE('',*,*,#5802,.F.);
#8262=ORIENTED_EDGE('',*,*,#5803,.F.);
#8263=ORIENTED_EDGE('',*,*,#5802,.T.);
#8264=ORIENTED_EDGE('',*,*,#5804,.F.);
#8265=ORIENTED_EDGE('',*,*,#5805,.F.);
#8266=ORIENTED_EDGE('',*,*,#5806,.F.);
#8267=ORIENTED_EDGE('',*,*,#5805,.T.);
#8268=ORIENTED_EDGE('',*,*,#5807,.F.);
#8269=ORIENTED_EDGE('',*,*,#5808,.F.);
#8270=ORIENTED_EDGE('',*,*,#5809,.F.);
#8271=ORIENTED_EDGE('',*,*,#5808,.T.);
#8272=ORIENTED_EDGE('',*,*,#5810,.F.);
#8273=ORIENTED_EDGE('',*,*,#5811,.F.);
#8274=ORIENTED_EDGE('',*,*,#5812,.F.);
#8275=ORIENTED_EDGE('',*,*,#5811,.T.);
#8276=ORIENTED_EDGE('',*,*,#5813,.F.);
#8277=ORIENTED_EDGE('',*,*,#5785,.F.);
#8278=ORIENTED_EDGE('',*,*,#5812,.T.);
#8279=ORIENTED_EDGE('',*,*,#5784,.T.);
#8280=ORIENTED_EDGE('',*,*,#5788,.T.);
#8281=ORIENTED_EDGE('',*,*,#5791,.T.);
#8282=ORIENTED_EDGE('',*,*,#5794,.T.);
#8283=ORIENTED_EDGE('',*,*,#5797,.T.);
#8284=ORIENTED_EDGE('',*,*,#5800,.T.);
#8285=ORIENTED_EDGE('',*,*,#5803,.T.);
#8286=ORIENTED_EDGE('',*,*,#5806,.T.);
#8287=ORIENTED_EDGE('',*,*,#5809,.T.);
#8288=ORIENTED_EDGE('',*,*,#5813,.T.);
#8289=ORIENTED_EDGE('',*,*,#5810,.T.);
#8290=ORIENTED_EDGE('',*,*,#5807,.T.);
#8291=ORIENTED_EDGE('',*,*,#5804,.T.);
#8292=ORIENTED_EDGE('',*,*,#5801,.T.);
#8293=ORIENTED_EDGE('',*,*,#5798,.T.);
#8294=ORIENTED_EDGE('',*,*,#5795,.T.);
#8295=ORIENTED_EDGE('',*,*,#5792,.T.);
#8296=ORIENTED_EDGE('',*,*,#5789,.T.);
#8297=ORIENTED_EDGE('',*,*,#5786,.T.);
#8298=ORIENTED_EDGE('',*,*,#5814,.F.);
#8299=ORIENTED_EDGE('',*,*,#5815,.T.);
#8300=ORIENTED_EDGE('',*,*,#5816,.F.);
#8301=ORIENTED_EDGE('',*,*,#5817,.F.);
#8302=ORIENTED_EDGE('',*,*,#5818,.F.);
#8303=ORIENTED_EDGE('',*,*,#5817,.T.);
#8304=ORIENTED_EDGE('',*,*,#5819,.F.);
#8305=ORIENTED_EDGE('',*,*,#5820,.F.);
#8306=ORIENTED_EDGE('',*,*,#5821,.F.);
#8307=ORIENTED_EDGE('',*,*,#5820,.T.);
#8308=ORIENTED_EDGE('',*,*,#5822,.F.);
#8309=ORIENTED_EDGE('',*,*,#5823,.F.);
#8310=ORIENTED_EDGE('',*,*,#5824,.F.);
#8311=ORIENTED_EDGE('',*,*,#5823,.T.);
#8312=ORIENTED_EDGE('',*,*,#5825,.F.);
#8313=ORIENTED_EDGE('',*,*,#5815,.F.);
#8314=ORIENTED_EDGE('',*,*,#5824,.T.);
#8315=ORIENTED_EDGE('',*,*,#5814,.T.);
#8316=ORIENTED_EDGE('',*,*,#5818,.T.);
#8317=ORIENTED_EDGE('',*,*,#5821,.T.);
#8318=ORIENTED_EDGE('',*,*,#5825,.T.);
#8319=ORIENTED_EDGE('',*,*,#5822,.T.);
#8320=ORIENTED_EDGE('',*,*,#5819,.T.);
#8321=ORIENTED_EDGE('',*,*,#5816,.T.);
#8322=ORIENTED_EDGE('',*,*,#5826,.F.);
#8323=ORIENTED_EDGE('',*,*,#5827,.T.);
#8324=ORIENTED_EDGE('',*,*,#5828,.F.);
#8325=ORIENTED_EDGE('',*,*,#5829,.F.);
#8326=ORIENTED_EDGE('',*,*,#5830,.F.);
#8327=ORIENTED_EDGE('',*,*,#5829,.T.);
#8328=ORIENTED_EDGE('',*,*,#5831,.F.);
#8329=ORIENTED_EDGE('',*,*,#5832,.F.);
#8330=ORIENTED_EDGE('',*,*,#5833,.F.);
#8331=ORIENTED_EDGE('',*,*,#5832,.T.);
#8332=ORIENTED_EDGE('',*,*,#5834,.F.);
#8333=ORIENTED_EDGE('',*,*,#5835,.F.);
#8334=ORIENTED_EDGE('',*,*,#5836,.F.);
#8335=ORIENTED_EDGE('',*,*,#5835,.T.);
#8336=ORIENTED_EDGE('',*,*,#5837,.F.);
#8337=ORIENTED_EDGE('',*,*,#5838,.F.);
#8338=ORIENTED_EDGE('',*,*,#5839,.F.);
#8339=ORIENTED_EDGE('',*,*,#5838,.T.);
#8340=ORIENTED_EDGE('',*,*,#5840,.F.);
#8341=ORIENTED_EDGE('',*,*,#5841,.F.);
#8342=ORIENTED_EDGE('',*,*,#5842,.F.);
#8343=ORIENTED_EDGE('',*,*,#5841,.T.);
#8344=ORIENTED_EDGE('',*,*,#5843,.F.);
#8345=ORIENTED_EDGE('',*,*,#5844,.F.);
#8346=ORIENTED_EDGE('',*,*,#5845,.F.);
#8347=ORIENTED_EDGE('',*,*,#5844,.T.);
#8348=ORIENTED_EDGE('',*,*,#5846,.F.);
#8349=ORIENTED_EDGE('',*,*,#5847,.F.);
#8350=ORIENTED_EDGE('',*,*,#5848,.F.);
#8351=ORIENTED_EDGE('',*,*,#5847,.T.);
#8352=ORIENTED_EDGE('',*,*,#5849,.F.);
#8353=ORIENTED_EDGE('',*,*,#5850,.F.);
#8354=ORIENTED_EDGE('',*,*,#5851,.F.);
#8355=ORIENTED_EDGE('',*,*,#5850,.T.);
#8356=ORIENTED_EDGE('',*,*,#5852,.F.);
#8357=ORIENTED_EDGE('',*,*,#5853,.F.);
#8358=ORIENTED_EDGE('',*,*,#5854,.F.);
#8359=ORIENTED_EDGE('',*,*,#5853,.T.);
#8360=ORIENTED_EDGE('',*,*,#5855,.F.);
#8361=ORIENTED_EDGE('',*,*,#5856,.F.);
#8362=ORIENTED_EDGE('',*,*,#5857,.F.);
#8363=ORIENTED_EDGE('',*,*,#5856,.T.);
#8364=ORIENTED_EDGE('',*,*,#5858,.F.);
#8365=ORIENTED_EDGE('',*,*,#5859,.F.);
#8366=ORIENTED_EDGE('',*,*,#5860,.F.);
#8367=ORIENTED_EDGE('',*,*,#5859,.T.);
#8368=ORIENTED_EDGE('',*,*,#5861,.F.);
#8369=ORIENTED_EDGE('',*,*,#5862,.F.);
#8370=ORIENTED_EDGE('',*,*,#5863,.F.);
#8371=ORIENTED_EDGE('',*,*,#5862,.T.);
#8372=ORIENTED_EDGE('',*,*,#5864,.F.);
#8373=ORIENTED_EDGE('',*,*,#5865,.F.);
#8374=ORIENTED_EDGE('',*,*,#5866,.F.);
#8375=ORIENTED_EDGE('',*,*,#5865,.T.);
#8376=ORIENTED_EDGE('',*,*,#5867,.F.);
#8377=ORIENTED_EDGE('',*,*,#5868,.F.);
#8378=ORIENTED_EDGE('',*,*,#5869,.F.);
#8379=ORIENTED_EDGE('',*,*,#5868,.T.);
#8380=ORIENTED_EDGE('',*,*,#5870,.F.);
#8381=ORIENTED_EDGE('',*,*,#5871,.F.);
#8382=ORIENTED_EDGE('',*,*,#5872,.F.);
#8383=ORIENTED_EDGE('',*,*,#5871,.T.);
#8384=ORIENTED_EDGE('',*,*,#5873,.F.);
#8385=ORIENTED_EDGE('',*,*,#5874,.F.);
#8386=ORIENTED_EDGE('',*,*,#5875,.F.);
#8387=ORIENTED_EDGE('',*,*,#5874,.T.);
#8388=ORIENTED_EDGE('',*,*,#5876,.F.);
#8389=ORIENTED_EDGE('',*,*,#5877,.F.);
#8390=ORIENTED_EDGE('',*,*,#5878,.F.);
#8391=ORIENTED_EDGE('',*,*,#5877,.T.);
#8392=ORIENTED_EDGE('',*,*,#5879,.F.);
#8393=ORIENTED_EDGE('',*,*,#5827,.F.);
#8394=ORIENTED_EDGE('',*,*,#5878,.T.);
#8395=ORIENTED_EDGE('',*,*,#5826,.T.);
#8396=ORIENTED_EDGE('',*,*,#5830,.T.);
#8397=ORIENTED_EDGE('',*,*,#5833,.T.);
#8398=ORIENTED_EDGE('',*,*,#5836,.T.);
#8399=ORIENTED_EDGE('',*,*,#5839,.T.);
#8400=ORIENTED_EDGE('',*,*,#5842,.T.);
#8401=ORIENTED_EDGE('',*,*,#5845,.T.);
#8402=ORIENTED_EDGE('',*,*,#5848,.T.);
#8403=ORIENTED_EDGE('',*,*,#5851,.T.);
#8404=ORIENTED_EDGE('',*,*,#5854,.T.);
#8405=ORIENTED_EDGE('',*,*,#5857,.T.);
#8406=ORIENTED_EDGE('',*,*,#5860,.T.);
#8407=ORIENTED_EDGE('',*,*,#5863,.T.);
#8408=ORIENTED_EDGE('',*,*,#5866,.T.);
#8409=ORIENTED_EDGE('',*,*,#5869,.T.);
#8410=ORIENTED_EDGE('',*,*,#5872,.T.);
#8411=ORIENTED_EDGE('',*,*,#5875,.T.);
#8412=ORIENTED_EDGE('',*,*,#5879,.T.);
#8413=ORIENTED_EDGE('',*,*,#5876,.T.);
#8414=ORIENTED_EDGE('',*,*,#5873,.T.);
#8415=ORIENTED_EDGE('',*,*,#5870,.T.);
#8416=ORIENTED_EDGE('',*,*,#5867,.T.);
#8417=ORIENTED_EDGE('',*,*,#5864,.T.);
#8418=ORIENTED_EDGE('',*,*,#5861,.T.);
#8419=ORIENTED_EDGE('',*,*,#5858,.T.);
#8420=ORIENTED_EDGE('',*,*,#5855,.T.);
#8421=ORIENTED_EDGE('',*,*,#5852,.T.);
#8422=ORIENTED_EDGE('',*,*,#5849,.T.);
#8423=ORIENTED_EDGE('',*,*,#5846,.T.);
#8424=ORIENTED_EDGE('',*,*,#5843,.T.);
#8425=ORIENTED_EDGE('',*,*,#5840,.T.);
#8426=ORIENTED_EDGE('',*,*,#5837,.T.);
#8427=ORIENTED_EDGE('',*,*,#5834,.T.);
#8428=ORIENTED_EDGE('',*,*,#5831,.T.);
#8429=ORIENTED_EDGE('',*,*,#5828,.T.);
#8430=ORIENTED_EDGE('',*,*,#5880,.F.);
#8431=ORIENTED_EDGE('',*,*,#5881,.T.);
#8432=ORIENTED_EDGE('',*,*,#5882,.F.);
#8433=ORIENTED_EDGE('',*,*,#5883,.F.);
#8434=ORIENTED_EDGE('',*,*,#5884,.F.);
#8435=ORIENTED_EDGE('',*,*,#5883,.T.);
#8436=ORIENTED_EDGE('',*,*,#5885,.F.);
#8437=ORIENTED_EDGE('',*,*,#5886,.F.);
#8438=ORIENTED_EDGE('',*,*,#5887,.F.);
#8439=ORIENTED_EDGE('',*,*,#5886,.T.);
#8440=ORIENTED_EDGE('',*,*,#5888,.F.);
#8441=ORIENTED_EDGE('',*,*,#5889,.F.);
#8442=ORIENTED_EDGE('',*,*,#5890,.F.);
#8443=ORIENTED_EDGE('',*,*,#5889,.T.);
#8444=ORIENTED_EDGE('',*,*,#5891,.F.);
#8445=ORIENTED_EDGE('',*,*,#5892,.F.);
#8446=ORIENTED_EDGE('',*,*,#5893,.F.);
#8447=ORIENTED_EDGE('',*,*,#5892,.T.);
#8448=ORIENTED_EDGE('',*,*,#5894,.F.);
#8449=ORIENTED_EDGE('',*,*,#5895,.F.);
#8450=ORIENTED_EDGE('',*,*,#5896,.F.);
#8451=ORIENTED_EDGE('',*,*,#5895,.T.);
#8452=ORIENTED_EDGE('',*,*,#5897,.F.);
#8453=ORIENTED_EDGE('',*,*,#5898,.F.);
#8454=ORIENTED_EDGE('',*,*,#5899,.F.);
#8455=ORIENTED_EDGE('',*,*,#5898,.T.);
#8456=ORIENTED_EDGE('',*,*,#5900,.F.);
#8457=ORIENTED_EDGE('',*,*,#5901,.F.);
#8458=ORIENTED_EDGE('',*,*,#5902,.F.);
#8459=ORIENTED_EDGE('',*,*,#5901,.T.);
#8460=ORIENTED_EDGE('',*,*,#5903,.F.);
#8461=ORIENTED_EDGE('',*,*,#5904,.F.);
#8462=ORIENTED_EDGE('',*,*,#5905,.F.);
#8463=ORIENTED_EDGE('',*,*,#5904,.T.);
#8464=ORIENTED_EDGE('',*,*,#5906,.F.);
#8465=ORIENTED_EDGE('',*,*,#5907,.F.);
#8466=ORIENTED_EDGE('',*,*,#5908,.F.);
#8467=ORIENTED_EDGE('',*,*,#5907,.T.);
#8468=ORIENTED_EDGE('',*,*,#5909,.F.);
#8469=ORIENTED_EDGE('',*,*,#5910,.F.);
#8470=ORIENTED_EDGE('',*,*,#5911,.F.);
#8471=ORIENTED_EDGE('',*,*,#5910,.T.);
#8472=ORIENTED_EDGE('',*,*,#5912,.F.);
#8473=ORIENTED_EDGE('',*,*,#5913,.F.);
#8474=ORIENTED_EDGE('',*,*,#5914,.F.);
#8475=ORIENTED_EDGE('',*,*,#5913,.T.);
#8476=ORIENTED_EDGE('',*,*,#5915,.F.);
#8477=ORIENTED_EDGE('',*,*,#5916,.F.);
#8478=ORIENTED_EDGE('',*,*,#5917,.F.);
#8479=ORIENTED_EDGE('',*,*,#5916,.T.);
#8480=ORIENTED_EDGE('',*,*,#5918,.F.);
#8481=ORIENTED_EDGE('',*,*,#5919,.F.);
#8482=ORIENTED_EDGE('',*,*,#5920,.F.);
#8483=ORIENTED_EDGE('',*,*,#5919,.T.);
#8484=ORIENTED_EDGE('',*,*,#5921,.F.);
#8485=ORIENTED_EDGE('',*,*,#5922,.F.);
#8486=ORIENTED_EDGE('',*,*,#5923,.F.);
#8487=ORIENTED_EDGE('',*,*,#5922,.T.);
#8488=ORIENTED_EDGE('',*,*,#5924,.F.);
#8489=ORIENTED_EDGE('',*,*,#5925,.F.);
#8490=ORIENTED_EDGE('',*,*,#5926,.F.);
#8491=ORIENTED_EDGE('',*,*,#5925,.T.);
#8492=ORIENTED_EDGE('',*,*,#5927,.F.);
#8493=ORIENTED_EDGE('',*,*,#5928,.F.);
#8494=ORIENTED_EDGE('',*,*,#5929,.F.);
#8495=ORIENTED_EDGE('',*,*,#5928,.T.);
#8496=ORIENTED_EDGE('',*,*,#5930,.F.);
#8497=ORIENTED_EDGE('',*,*,#5931,.F.);
#8498=ORIENTED_EDGE('',*,*,#5932,.F.);
#8499=ORIENTED_EDGE('',*,*,#5931,.T.);
#8500=ORIENTED_EDGE('',*,*,#5933,.F.);
#8501=ORIENTED_EDGE('',*,*,#5934,.F.);
#8502=ORIENTED_EDGE('',*,*,#5935,.F.);
#8503=ORIENTED_EDGE('',*,*,#5934,.T.);
#8504=ORIENTED_EDGE('',*,*,#5936,.F.);
#8505=ORIENTED_EDGE('',*,*,#5937,.F.);
#8506=ORIENTED_EDGE('',*,*,#5938,.F.);
#8507=ORIENTED_EDGE('',*,*,#5937,.T.);
#8508=ORIENTED_EDGE('',*,*,#5939,.F.);
#8509=ORIENTED_EDGE('',*,*,#5940,.F.);
#8510=ORIENTED_EDGE('',*,*,#5941,.F.);
#8511=ORIENTED_EDGE('',*,*,#5940,.T.);
#8512=ORIENTED_EDGE('',*,*,#5942,.F.);
#8513=ORIENTED_EDGE('',*,*,#5943,.F.);
#8514=ORIENTED_EDGE('',*,*,#5944,.F.);
#8515=ORIENTED_EDGE('',*,*,#5943,.T.);
#8516=ORIENTED_EDGE('',*,*,#5945,.F.);
#8517=ORIENTED_EDGE('',*,*,#5946,.F.);
#8518=ORIENTED_EDGE('',*,*,#5947,.F.);
#8519=ORIENTED_EDGE('',*,*,#5946,.T.);
#8520=ORIENTED_EDGE('',*,*,#5948,.F.);
#8521=ORIENTED_EDGE('',*,*,#5949,.F.);
#8522=ORIENTED_EDGE('',*,*,#5950,.F.);
#8523=ORIENTED_EDGE('',*,*,#5949,.T.);
#8524=ORIENTED_EDGE('',*,*,#5951,.F.);
#8525=ORIENTED_EDGE('',*,*,#5881,.F.);
#8526=ORIENTED_EDGE('',*,*,#5950,.T.);
#8527=ORIENTED_EDGE('',*,*,#5880,.T.);
#8528=ORIENTED_EDGE('',*,*,#5884,.T.);
#8529=ORIENTED_EDGE('',*,*,#5887,.T.);
#8530=ORIENTED_EDGE('',*,*,#5890,.T.);
#8531=ORIENTED_EDGE('',*,*,#5893,.T.);
#8532=ORIENTED_EDGE('',*,*,#5896,.T.);
#8533=ORIENTED_EDGE('',*,*,#5899,.T.);
#8534=ORIENTED_EDGE('',*,*,#5902,.T.);
#8535=ORIENTED_EDGE('',*,*,#5905,.T.);
#8536=ORIENTED_EDGE('',*,*,#5908,.T.);
#8537=ORIENTED_EDGE('',*,*,#5911,.T.);
#8538=ORIENTED_EDGE('',*,*,#5914,.T.);
#8539=ORIENTED_EDGE('',*,*,#5917,.T.);
#8540=ORIENTED_EDGE('',*,*,#5920,.T.);
#8541=ORIENTED_EDGE('',*,*,#5923,.T.);
#8542=ORIENTED_EDGE('',*,*,#5926,.T.);
#8543=ORIENTED_EDGE('',*,*,#5929,.T.);
#8544=ORIENTED_EDGE('',*,*,#5932,.T.);
#8545=ORIENTED_EDGE('',*,*,#5935,.T.);
#8546=ORIENTED_EDGE('',*,*,#5938,.T.);
#8547=ORIENTED_EDGE('',*,*,#5941,.T.);
#8548=ORIENTED_EDGE('',*,*,#5944,.T.);
#8549=ORIENTED_EDGE('',*,*,#5947,.T.);
#8550=ORIENTED_EDGE('',*,*,#5951,.T.);
#8551=ORIENTED_EDGE('',*,*,#5948,.T.);
#8552=ORIENTED_EDGE('',*,*,#5945,.T.);
#8553=ORIENTED_EDGE('',*,*,#5942,.T.);
#8554=ORIENTED_EDGE('',*,*,#5939,.T.);
#8555=ORIENTED_EDGE('',*,*,#5936,.T.);
#8556=ORIENTED_EDGE('',*,*,#5933,.T.);
#8557=ORIENTED_EDGE('',*,*,#5930,.T.);
#8558=ORIENTED_EDGE('',*,*,#5927,.T.);
#8559=ORIENTED_EDGE('',*,*,#5924,.T.);
#8560=ORIENTED_EDGE('',*,*,#5921,.T.);
#8561=ORIENTED_EDGE('',*,*,#5918,.T.);
#8562=ORIENTED_EDGE('',*,*,#5915,.T.);
#8563=ORIENTED_EDGE('',*,*,#5912,.T.);
#8564=ORIENTED_EDGE('',*,*,#5909,.T.);
#8565=ORIENTED_EDGE('',*,*,#5906,.T.);
#8566=ORIENTED_EDGE('',*,*,#5903,.T.);
#8567=ORIENTED_EDGE('',*,*,#5900,.T.);
#8568=ORIENTED_EDGE('',*,*,#5897,.T.);
#8569=ORIENTED_EDGE('',*,*,#5894,.T.);
#8570=ORIENTED_EDGE('',*,*,#5891,.T.);
#8571=ORIENTED_EDGE('',*,*,#5888,.T.);
#8572=ORIENTED_EDGE('',*,*,#5885,.T.);
#8573=ORIENTED_EDGE('',*,*,#5882,.T.);
#8574=ORIENTED_EDGE('',*,*,#5952,.F.);
#8575=ORIENTED_EDGE('',*,*,#5953,.T.);
#8576=ORIENTED_EDGE('',*,*,#5954,.F.);
#8577=ORIENTED_EDGE('',*,*,#5955,.F.);
#8578=ORIENTED_EDGE('',*,*,#5956,.F.);
#8579=ORIENTED_EDGE('',*,*,#5955,.T.);
#8580=ORIENTED_EDGE('',*,*,#5957,.F.);
#8581=ORIENTED_EDGE('',*,*,#5958,.F.);
#8582=ORIENTED_EDGE('',*,*,#5959,.F.);
#8583=ORIENTED_EDGE('',*,*,#5958,.T.);
#8584=ORIENTED_EDGE('',*,*,#5960,.F.);
#8585=ORIENTED_EDGE('',*,*,#5961,.F.);
#8586=ORIENTED_EDGE('',*,*,#5962,.F.);
#8587=ORIENTED_EDGE('',*,*,#5961,.T.);
#8588=ORIENTED_EDGE('',*,*,#5963,.F.);
#8589=ORIENTED_EDGE('',*,*,#5964,.F.);
#8590=ORIENTED_EDGE('',*,*,#5965,.F.);
#8591=ORIENTED_EDGE('',*,*,#5964,.T.);
#8592=ORIENTED_EDGE('',*,*,#5966,.F.);
#8593=ORIENTED_EDGE('',*,*,#5967,.F.);
#8594=ORIENTED_EDGE('',*,*,#5968,.F.);
#8595=ORIENTED_EDGE('',*,*,#5967,.T.);
#8596=ORIENTED_EDGE('',*,*,#5969,.F.);
#8597=ORIENTED_EDGE('',*,*,#5970,.F.);
#8598=ORIENTED_EDGE('',*,*,#5971,.F.);
#8599=ORIENTED_EDGE('',*,*,#5970,.T.);
#8600=ORIENTED_EDGE('',*,*,#5972,.F.);
#8601=ORIENTED_EDGE('',*,*,#5973,.F.);
#8602=ORIENTED_EDGE('',*,*,#5974,.F.);
#8603=ORIENTED_EDGE('',*,*,#5973,.T.);
#8604=ORIENTED_EDGE('',*,*,#5975,.F.);
#8605=ORIENTED_EDGE('',*,*,#5953,.F.);
#8606=ORIENTED_EDGE('',*,*,#5974,.T.);
#8607=ORIENTED_EDGE('',*,*,#5952,.T.);
#8608=ORIENTED_EDGE('',*,*,#5956,.T.);
#8609=ORIENTED_EDGE('',*,*,#5959,.T.);
#8610=ORIENTED_EDGE('',*,*,#5962,.T.);
#8611=ORIENTED_EDGE('',*,*,#5965,.T.);
#8612=ORIENTED_EDGE('',*,*,#5968,.T.);
#8613=ORIENTED_EDGE('',*,*,#5971,.T.);
#8614=ORIENTED_EDGE('',*,*,#5975,.T.);
#8615=ORIENTED_EDGE('',*,*,#5972,.T.);
#8616=ORIENTED_EDGE('',*,*,#5969,.T.);
#8617=ORIENTED_EDGE('',*,*,#5966,.T.);
#8618=ORIENTED_EDGE('',*,*,#5963,.T.);
#8619=ORIENTED_EDGE('',*,*,#5960,.T.);
#8620=ORIENTED_EDGE('',*,*,#5957,.T.);
#8621=ORIENTED_EDGE('',*,*,#5954,.T.);
#8622=ORIENTED_EDGE('',*,*,#5976,.F.);
#8623=ORIENTED_EDGE('',*,*,#5977,.T.);
#8624=ORIENTED_EDGE('',*,*,#5978,.F.);
#8625=ORIENTED_EDGE('',*,*,#5979,.F.);
#8626=ORIENTED_EDGE('',*,*,#5980,.F.);
#8627=ORIENTED_EDGE('',*,*,#5979,.T.);
#8628=ORIENTED_EDGE('',*,*,#5981,.F.);
#8629=ORIENTED_EDGE('',*,*,#5982,.F.);
#8630=ORIENTED_EDGE('',*,*,#5983,.F.);
#8631=ORIENTED_EDGE('',*,*,#5982,.T.);
#8632=ORIENTED_EDGE('',*,*,#5984,.F.);
#8633=ORIENTED_EDGE('',*,*,#5985,.F.);
#8634=ORIENTED_EDGE('',*,*,#5986,.F.);
#8635=ORIENTED_EDGE('',*,*,#5985,.T.);
#8636=ORIENTED_EDGE('',*,*,#5987,.F.);
#8637=ORIENTED_EDGE('',*,*,#5988,.F.);
#8638=ORIENTED_EDGE('',*,*,#5989,.F.);
#8639=ORIENTED_EDGE('',*,*,#5988,.T.);
#8640=ORIENTED_EDGE('',*,*,#5990,.F.);
#8641=ORIENTED_EDGE('',*,*,#5991,.F.);
#8642=ORIENTED_EDGE('',*,*,#5992,.F.);
#8643=ORIENTED_EDGE('',*,*,#5991,.T.);
#8644=ORIENTED_EDGE('',*,*,#5993,.F.);
#8645=ORIENTED_EDGE('',*,*,#5994,.F.);
#8646=ORIENTED_EDGE('',*,*,#5995,.F.);
#8647=ORIENTED_EDGE('',*,*,#5994,.T.);
#8648=ORIENTED_EDGE('',*,*,#5996,.F.);
#8649=ORIENTED_EDGE('',*,*,#5997,.F.);
#8650=ORIENTED_EDGE('',*,*,#5998,.F.);
#8651=ORIENTED_EDGE('',*,*,#5997,.T.);
#8652=ORIENTED_EDGE('',*,*,#5999,.F.);
#8653=ORIENTED_EDGE('',*,*,#6000,.F.);
#8654=ORIENTED_EDGE('',*,*,#6001,.F.);
#8655=ORIENTED_EDGE('',*,*,#6000,.T.);
#8656=ORIENTED_EDGE('',*,*,#6002,.F.);
#8657=ORIENTED_EDGE('',*,*,#5977,.F.);
#8658=ORIENTED_EDGE('',*,*,#6003,.F.);
#8659=ORIENTED_EDGE('',*,*,#6004,.T.);
#8660=ORIENTED_EDGE('',*,*,#6005,.F.);
#8661=ORIENTED_EDGE('',*,*,#6006,.F.);
#8662=ORIENTED_EDGE('',*,*,#6007,.F.);
#8663=ORIENTED_EDGE('',*,*,#6006,.T.);
#8664=ORIENTED_EDGE('',*,*,#6008,.F.);
#8665=ORIENTED_EDGE('',*,*,#6009,.F.);
#8666=ORIENTED_EDGE('',*,*,#6010,.F.);
#8667=ORIENTED_EDGE('',*,*,#6009,.T.);
#8668=ORIENTED_EDGE('',*,*,#6011,.F.);
#8669=ORIENTED_EDGE('',*,*,#6012,.F.);
#8670=ORIENTED_EDGE('',*,*,#6013,.F.);
#8671=ORIENTED_EDGE('',*,*,#6012,.T.);
#8672=ORIENTED_EDGE('',*,*,#6014,.F.);
#8673=ORIENTED_EDGE('',*,*,#6015,.F.);
#8674=ORIENTED_EDGE('',*,*,#6016,.F.);
#8675=ORIENTED_EDGE('',*,*,#6015,.T.);
#8676=ORIENTED_EDGE('',*,*,#6017,.F.);
#8677=ORIENTED_EDGE('',*,*,#6018,.F.);
#8678=ORIENTED_EDGE('',*,*,#6019,.F.);
#8679=ORIENTED_EDGE('',*,*,#6018,.T.);
#8680=ORIENTED_EDGE('',*,*,#6020,.F.);
#8681=ORIENTED_EDGE('',*,*,#6021,.F.);
#8682=ORIENTED_EDGE('',*,*,#6022,.F.);
#8683=ORIENTED_EDGE('',*,*,#6021,.T.);
#8684=ORIENTED_EDGE('',*,*,#6023,.F.);
#8685=ORIENTED_EDGE('',*,*,#6024,.F.);
#8686=ORIENTED_EDGE('',*,*,#6025,.F.);
#8687=ORIENTED_EDGE('',*,*,#6024,.T.);
#8688=ORIENTED_EDGE('',*,*,#6026,.F.);
#8689=ORIENTED_EDGE('',*,*,#6027,.F.);
#8690=ORIENTED_EDGE('',*,*,#6028,.F.);
#8691=ORIENTED_EDGE('',*,*,#6027,.T.);
#8692=ORIENTED_EDGE('',*,*,#6029,.F.);
#8693=ORIENTED_EDGE('',*,*,#6030,.F.);
#8694=ORIENTED_EDGE('',*,*,#6031,.F.);
#8695=ORIENTED_EDGE('',*,*,#6030,.T.);
#8696=ORIENTED_EDGE('',*,*,#6032,.F.);
#8697=ORIENTED_EDGE('',*,*,#6033,.F.);
#8698=ORIENTED_EDGE('',*,*,#6034,.F.);
#8699=ORIENTED_EDGE('',*,*,#6033,.T.);
#8700=ORIENTED_EDGE('',*,*,#6035,.F.);
#8701=ORIENTED_EDGE('',*,*,#6036,.F.);
#8702=ORIENTED_EDGE('',*,*,#6037,.F.);
#8703=ORIENTED_EDGE('',*,*,#6036,.T.);
#8704=ORIENTED_EDGE('',*,*,#6038,.F.);
#8705=ORIENTED_EDGE('',*,*,#6004,.F.);
#8706=ORIENTED_EDGE('',*,*,#6037,.T.);
#8707=ORIENTED_EDGE('',*,*,#6003,.T.);
#8708=ORIENTED_EDGE('',*,*,#6007,.T.);
#8709=ORIENTED_EDGE('',*,*,#6010,.T.);
#8710=ORIENTED_EDGE('',*,*,#6013,.T.);
#8711=ORIENTED_EDGE('',*,*,#6016,.T.);
#8712=ORIENTED_EDGE('',*,*,#6019,.T.);
#8713=ORIENTED_EDGE('',*,*,#6022,.T.);
#8714=ORIENTED_EDGE('',*,*,#6025,.T.);
#8715=ORIENTED_EDGE('',*,*,#6028,.T.);
#8716=ORIENTED_EDGE('',*,*,#6031,.T.);
#8717=ORIENTED_EDGE('',*,*,#6034,.T.);
#8718=ORIENTED_EDGE('',*,*,#6001,.T.);
#8719=ORIENTED_EDGE('',*,*,#5976,.T.);
#8720=ORIENTED_EDGE('',*,*,#5980,.T.);
#8721=ORIENTED_EDGE('',*,*,#5983,.T.);
#8722=ORIENTED_EDGE('',*,*,#5986,.T.);
#8723=ORIENTED_EDGE('',*,*,#5989,.T.);
#8724=ORIENTED_EDGE('',*,*,#5992,.T.);
#8725=ORIENTED_EDGE('',*,*,#5995,.T.);
#8726=ORIENTED_EDGE('',*,*,#5998,.T.);
#8727=ORIENTED_EDGE('',*,*,#6038,.T.);
#8728=ORIENTED_EDGE('',*,*,#6035,.T.);
#8729=ORIENTED_EDGE('',*,*,#6032,.T.);
#8730=ORIENTED_EDGE('',*,*,#6029,.T.);
#8731=ORIENTED_EDGE('',*,*,#6026,.T.);
#8732=ORIENTED_EDGE('',*,*,#6023,.T.);
#8733=ORIENTED_EDGE('',*,*,#6020,.T.);
#8734=ORIENTED_EDGE('',*,*,#6017,.T.);
#8735=ORIENTED_EDGE('',*,*,#6014,.T.);
#8736=ORIENTED_EDGE('',*,*,#6011,.T.);
#8737=ORIENTED_EDGE('',*,*,#6008,.T.);
#8738=ORIENTED_EDGE('',*,*,#6005,.T.);
#8739=ORIENTED_EDGE('',*,*,#6002,.T.);
#8740=ORIENTED_EDGE('',*,*,#5999,.T.);
#8741=ORIENTED_EDGE('',*,*,#5996,.T.);
#8742=ORIENTED_EDGE('',*,*,#5993,.T.);
#8743=ORIENTED_EDGE('',*,*,#5990,.T.);
#8744=ORIENTED_EDGE('',*,*,#5987,.T.);
#8745=ORIENTED_EDGE('',*,*,#5984,.T.);
#8746=ORIENTED_EDGE('',*,*,#5981,.T.);
#8747=ORIENTED_EDGE('',*,*,#5978,.T.);
#8748=ORIENTED_EDGE('',*,*,#6039,.T.);
#8749=ORIENTED_EDGE('',*,*,#6040,.T.);
#8750=ORIENTED_EDGE('',*,*,#6041,.F.);
#8751=ORIENTED_EDGE('',*,*,#6040,.F.);
#8752=ORIENTED_EDGE('',*,*,#6041,.T.);
#8753=ORIENTED_EDGE('',*,*,#6039,.F.);
#8754=PLANE('',#9739);
#8755=PLANE('',#9740);
#8756=PLANE('',#9745);
#8757=PLANE('',#9748);
#8758=PLANE('',#9749);
#8759=PLANE('',#9750);
#8760=PLANE('',#9761);
#8761=PLANE('',#9762);
#8762=PLANE('',#9763);
#8763=PLANE('',#9764);
#8764=PLANE('',#9765);
#8765=PLANE('',#9766);
#8766=PLANE('',#9767);
#8767=PLANE('',#9768);
#8768=PLANE('',#9769);
#8769=PLANE('',#9770);
#8770=PLANE('',#9771);
#8771=PLANE('',#9772);
#8772=PLANE('',#9773);
#8773=PLANE('',#9774);
#8774=PLANE('',#9781);
#8775=PLANE('',#9782);
#8776=PLANE('',#9783);
#8777=PLANE('',#9784);
#8778=PLANE('',#9785);
#8779=PLANE('',#9786);
#8780=PLANE('',#9787);
#8781=PLANE('',#9788);
#8782=PLANE('',#9789);
#8783=PLANE('',#9790);
#8784=PLANE('',#9791);
#8785=PLANE('',#9792);
#8786=PLANE('',#9793);
#8787=PLANE('',#9794);
#8788=PLANE('',#9795);
#8789=PLANE('',#9796);
#8790=PLANE('',#9797);
#8791=PLANE('',#9798);
#8792=PLANE('',#9799);
#8793=PLANE('',#9800);
#8794=PLANE('',#9801);
#8795=PLANE('',#9802);
#8796=PLANE('',#9803);
#8797=PLANE('',#9804);
#8798=PLANE('',#9805);
#8799=PLANE('',#9806);
#8800=PLANE('',#9807);
#8801=PLANE('',#9808);
#8802=PLANE('',#9809);
#8803=PLANE('',#9810);
#8804=PLANE('',#9811);
#8805=PLANE('',#9812);
#8806=PLANE('',#9813);
#8807=PLANE('',#9814);
#8808=PLANE('',#9815);
#8809=PLANE('',#9816);
#8810=PLANE('',#9820);
#8811=PLANE('',#9824);
#8812=PLANE('',#9828);
#8813=PLANE('',#9829);
#8814=PLANE('',#9831);
#8815=PLANE('',#9835);
#8816=PLANE('',#9839);
#8817=PLANE('',#9843);
#8818=PLANE('',#9844);
#8819=PLANE('',#9846);
#8820=PLANE('',#9850);
#8821=PLANE('',#9854);
#8822=PLANE('',#9858);
#8823=PLANE('',#9859);
#8824=PLANE('',#9861);
#8825=PLANE('',#9865);
#8826=PLANE('',#9869);
#8827=PLANE('',#9873);
#8828=PLANE('',#9874);
#8829=PLANE('',#9876);
#8830=PLANE('',#9880);
#8831=PLANE('',#9884);
#8832=PLANE('',#9888);
#8833=PLANE('',#9889);
#8834=PLANE('',#9891);
#8835=PLANE('',#9895);
#8836=PLANE('',#9899);
#8837=PLANE('',#9903);
#8838=PLANE('',#9904);
#8839=PLANE('',#9910);
#8840=PLANE('',#9913);
#8841=PLANE('',#9916);
#8842=PLANE('',#9919);
#8843=PLANE('',#9922);
#8844=PLANE('',#9924);
#8845=PLANE('',#9925);
#8846=PLANE('',#9927);
#8847=PLANE('',#9928);
#8848=PLANE('',#9930);
#8849=PLANE('',#9931);
#8850=PLANE('',#9933);
#8851=PLANE('',#9934);
#8852=PLANE('',#9936);
#8853=PLANE('',#9937);
#8854=PLANE('',#9939);
#8855=PLANE('',#9940);
#8856=PLANE('',#9961);
#8857=PLANE('',#9962);
#8858=PLANE('',#9963);
#8859=PLANE('',#9964);
#8860=PLANE('',#9965);
#8861=PLANE('',#9966);
#8862=PLANE('',#9967);
#8863=PLANE('',#9968);
#8864=PLANE('',#9971);
#8865=PLANE('',#9974);
#8866=PLANE('',#9977);
#8867=PLANE('',#9980);
#8868=PLANE('',#9983);
#8869=PLANE('',#9986);
#8870=PLANE('',#9989);
#8871=PLANE('',#9992);
#8872=PLANE('',#9995);
#8873=PLANE('',#9998);
#8874=PLANE('',#10001);
#8875=PLANE('',#10004);
#8876=PLANE('',#10007);
#8877=PLANE('',#10010);
#8878=PLANE('',#10013);
#8879=PLANE('',#10016);
#8880=PLANE('',#10019);
#8881=PLANE('',#10022);
#8882=PLANE('',#10023);
#8883=PLANE('',#10024);
#8884=PLANE('',#10025);
#8885=PLANE('',#10026);
#8886=PLANE('',#10027);
#8887=PLANE('',#10028);
#8888=PLANE('',#10030);
#8889=PLANE('',#10032);
#8890=PLANE('',#10035);
#8891=PLANE('',#10037);
#8892=PLANE('',#10040);
#8893=PLANE('',#10042);
#8894=PLANE('',#10044);
#8895=PLANE('',#10045);
#8896=PLANE('',#10047);
#8897=PLANE('',#10053);
#8898=PLANE('',#10055);
#8899=PLANE('',#10056);
#8900=PLANE('',#10058);
#8901=PLANE('',#10059);
#8902=PLANE('',#10061);
#8903=PLANE('',#10062);
#8904=PLANE('',#10065);
#8905=PLANE('',#10069);
#8906=PLANE('',#10070);
#8907=PLANE('',#10074);
#8908=PLANE('',#10075);
#8909=PLANE('',#10079);
#8910=PLANE('',#10080);
#8911=PLANE('',#10084);
#8912=PLANE('',#10085);
#8913=PLANE('',#10089);
#8914=PLANE('',#10090);
#8915=PLANE('',#10094);
#8916=PLANE('',#10095);
#8917=PLANE('',#10096);
#8918=PLANE('',#10097);
#8919=PLANE('',#10098);
#8920=PLANE('',#10099);
#8921=PLANE('',#10100);
#8922=PLANE('',#10101);
#8923=PLANE('',#10102);
#8924=PLANE('',#10103);
#8925=PLANE('',#10104);
#8926=PLANE('',#10105);
#8927=PLANE('',#10106);
#8928=PLANE('',#10107);
#8929=PLANE('',#10109);
#8930=PLANE('',#10111);
#8931=PLANE('',#10113);
#8932=PLANE('',#10115);
#8933=PLANE('',#10117);
#8934=PLANE('',#10129);
#8935=PLANE('',#10130);
#8936=PLANE('',#10131);
#8937=PLANE('',#10132);
#8938=PLANE('',#10133);
#8939=PLANE('',#10134);
#8940=PLANE('',#10135);
#8941=PLANE('',#10138);
#8942=PLANE('',#10139);
#8943=PLANE('',#10140);
#8944=PLANE('',#10141);
#8945=PLANE('',#10142);
#8946=PLANE('',#10143);
#8947=PLANE('',#10144);
#8948=PLANE('',#10145);
#8949=PLANE('',#10146);
#8950=PLANE('',#10147);
#8951=PLANE('',#10148);
#8952=PLANE('',#10149);
#8953=PLANE('',#10150);
#8954=PLANE('',#10151);
#8955=PLANE('',#10152);
#8956=PLANE('',#10153);
#8957=PLANE('',#10154);
#8958=PLANE('',#10155);
#8959=PLANE('',#10156);
#8960=PLANE('',#10157);
#8961=PLANE('',#10160);
#8962=PLANE('',#10164);
#8963=PLANE('',#10170);
#8964=PLANE('',#10173);
#8965=PLANE('',#10178);
#8966=PLANE('',#10183);
#8967=PLANE('',#10185);
#8968=PLANE('',#10189);
#8969=PLANE('',#10193);
#8970=PLANE('',#10197);
#8971=PLANE('',#10201);
#8972=PLANE('',#10204);
#8973=PLANE('',#10207);
#8974=PLANE('',#10210);
#8975=PLANE('',#10213);
#8976=PLANE('',#10214);
#8977=PLANE('',#10219);
#8978=PLANE('',#10220);
#8979=PLANE('',#10221);
#8980=PLANE('',#10224);
#8981=PLANE('',#10225);
#8982=PLANE('',#10226);
#8983=PLANE('',#10227);
#8984=PLANE('',#10228);
#8985=PLANE('',#10229);
#8986=PLANE('',#10230);
#8987=PLANE('',#10231);
#8988=PLANE('',#10232);
#8989=PLANE('',#10233);
#8990=PLANE('',#10234);
#8991=PLANE('',#10235);
#8992=PLANE('',#10236);
#8993=PLANE('',#10237);
#8994=PLANE('',#10238);
#8995=PLANE('',#10239);
#8996=PLANE('',#10240);
#8997=PLANE('',#10241);
#8998=PLANE('',#10242);
#8999=PLANE('',#10243);
#9000=PLANE('',#10244);
#9001=PLANE('',#10245);
#9002=PLANE('',#10246);
#9003=PLANE('',#10247);
#9004=PLANE('',#10248);
#9005=PLANE('',#10249);
#9006=PLANE('',#10250);
#9007=PLANE('',#10251);
#9008=PLANE('',#10252);
#9009=PLANE('',#10253);
#9010=PLANE('',#10254);
#9011=PLANE('',#10255);
#9012=PLANE('',#10256);
#9013=PLANE('',#10257);
#9014=PLANE('',#10258);
#9015=PLANE('',#10259);
#9016=PLANE('',#10260);
#9017=PLANE('',#10261);
#9018=PLANE('',#10262);
#9019=PLANE('',#10263);
#9020=PLANE('',#10264);
#9021=PLANE('',#10265);
#9022=PLANE('',#10266);
#9023=PLANE('',#10267);
#9024=PLANE('',#10268);
#9025=PLANE('',#10269);
#9026=PLANE('',#10270);
#9027=PLANE('',#10271);
#9028=PLANE('',#10272);
#9029=PLANE('',#10273);
#9030=PLANE('',#10274);
#9031=PLANE('',#10275);
#9032=PLANE('',#10276);
#9033=PLANE('',#10277);
#9034=PLANE('',#10278);
#9035=PLANE('',#10279);
#9036=PLANE('',#10280);
#9037=PLANE('',#10281);
#9038=PLANE('',#10282);
#9039=PLANE('',#10283);
#9040=PLANE('',#10284);
#9041=PLANE('',#10285);
#9042=PLANE('',#10286);
#9043=PLANE('',#10287);
#9044=PLANE('',#10288);
#9045=PLANE('',#10289);
#9046=PLANE('',#10290);
#9047=PLANE('',#10291);
#9048=PLANE('',#10292);
#9049=PLANE('',#10293);
#9050=PLANE('',#10294);
#9051=PLANE('',#10295);
#9052=PLANE('',#10296);
#9053=PLANE('',#10297);
#9054=PLANE('',#10298);
#9055=PLANE('',#10299);
#9056=PLANE('',#10300);
#9057=PLANE('',#10301);
#9058=PLANE('',#10302);
#9059=PLANE('',#10303);
#9060=PLANE('',#10304);
#9061=PLANE('',#10305);
#9062=PLANE('',#10306);
#9063=PLANE('',#10307);
#9064=PLANE('',#10308);
#9065=PLANE('',#10309);
#9066=PLANE('',#10310);
#9067=PLANE('',#10311);
#9068=PLANE('',#10312);
#9069=PLANE('',#10313);
#9070=PLANE('',#10314);
#9071=PLANE('',#10315);
#9072=PLANE('',#10316);
#9073=PLANE('',#10317);
#9074=PLANE('',#10318);
#9075=PLANE('',#10319);
#9076=PLANE('',#10320);
#9077=PLANE('',#10321);
#9078=PLANE('',#10322);
#9079=PLANE('',#10323);
#9080=PLANE('',#10324);
#9081=PLANE('',#10325);
#9082=PLANE('',#10326);
#9083=PLANE('',#10327);
#9084=PLANE('',#10328);
#9085=PLANE('',#10329);
#9086=PLANE('',#10330);
#9087=PLANE('',#10331);
#9088=PLANE('',#10332);
#9089=PLANE('',#10333);
#9090=PLANE('',#10334);
#9091=PLANE('',#10335);
#9092=PLANE('',#10336);
#9093=PLANE('',#10337);
#9094=PLANE('',#10338);
#9095=PLANE('',#10339);
#9096=PLANE('',#10340);
#9097=PLANE('',#10341);
#9098=PLANE('',#10342);
#9099=PLANE('',#10343);
#9100=PLANE('',#10344);
#9101=PLANE('',#10345);
#9102=PLANE('',#10346);
#9103=PLANE('',#10347);
#9104=PLANE('',#10348);
#9105=PLANE('',#10349);
#9106=PLANE('',#10354);
#9107=PLANE('',#10355);
#9108=ADVANCED_FACE('',(#668),#8754,.F.);
#9109=ADVANCED_FACE('',(#669),#8755,.T.);
#9110=ADVANCED_FACE('',(#670),#463,.F.);
#9111=ADVANCED_FACE('',(#671),#8756,.F.);
#9112=ADVANCED_FACE('',(#672),#464,.F.);
#9113=ADVANCED_FACE('',(#673),#8757,.F.);
#9114=ADVANCED_FACE('',(#674),#8758,.F.);
#9115=ADVANCED_FACE('',(#675),#8759,.F.);
#9116=ADVANCED_FACE('',(#676),#412,.F.);
#9117=ADVANCED_FACE('',(#677),#465,.F.);
#9118=ADVANCED_FACE('',(#678),#413,.F.);
#9119=ADVANCED_FACE('',(#679),#466,.F.);
#9120=ADVANCED_FACE('',(#680,#377),#8760,.T.);
#9121=ADVANCED_FACE('',(#681),#8761,.T.);
#9122=ADVANCED_FACE('',(#682),#8762,.T.);
#9123=ADVANCED_FACE('',(#683),#8763,.T.);
#9124=ADVANCED_FACE('',(#684),#8764,.T.);
#9125=ADVANCED_FACE('',(#685),#8765,.T.);
#9126=ADVANCED_FACE('',(#686),#8766,.T.);
#9127=ADVANCED_FACE('',(#687),#8767,.T.);
#9128=ADVANCED_FACE('',(#688,#378),#8768,.F.);
#9129=ADVANCED_FACE('',(#689),#8769,.T.);
#9130=ADVANCED_FACE('',(#690),#8770,.T.);
#9131=ADVANCED_FACE('',(#691),#8771,.T.);
#9132=ADVANCED_FACE('',(#692),#8772,.T.);
#9133=ADVANCED_FACE('',(#693),#8773,.T.);
#9134=ADVANCED_FACE('',(#694),#8774,.T.);
#9135=ADVANCED_FACE('',(#695),#8775,.T.);
#9136=ADVANCED_FACE('',(#696),#8776,.T.);
#9137=ADVANCED_FACE('',(#697),#8777,.T.);
#9138=ADVANCED_FACE('',(#698),#8778,.T.);
#9139=ADVANCED_FACE('',(#699),#8779,.T.);
#9140=ADVANCED_FACE('',(#700),#8780,.T.);
#9141=ADVANCED_FACE('',(#701),#8781,.T.);
#9142=ADVANCED_FACE('',(#702),#8782,.T.);
#9143=ADVANCED_FACE('',(#703),#8783,.T.);
#9144=ADVANCED_FACE('',(#704),#8784,.T.);
#9145=ADVANCED_FACE('',(#705),#8785,.T.);
#9146=ADVANCED_FACE('',(#706),#8786,.T.);
#9147=ADVANCED_FACE('',(#707),#8787,.T.);
#9148=ADVANCED_FACE('',(#708),#8788,.T.);
#9149=ADVANCED_FACE('',(#709),#8789,.T.);
#9150=ADVANCED_FACE('',(#710),#8790,.T.);
#9151=ADVANCED_FACE('',(#711),#8791,.T.);
#9152=ADVANCED_FACE('',(#712),#8792,.T.);
#9153=ADVANCED_FACE('',(#713),#8793,.T.);
#9154=ADVANCED_FACE('',(#714),#8794,.T.);
#9155=ADVANCED_FACE('',(#715),#8795,.T.);
#9156=ADVANCED_FACE('',(#716),#8796,.T.);
#9157=ADVANCED_FACE('',(#717),#8797,.T.);
#9158=ADVANCED_FACE('',(#718),#8798,.T.);
#9159=ADVANCED_FACE('',(#719),#8799,.T.);
#9160=ADVANCED_FACE('',(#720),#8800,.T.);
#9161=ADVANCED_FACE('',(#721),#8801,.T.);
#9162=ADVANCED_FACE('',(#722),#8802,.T.);
#9163=ADVANCED_FACE('',(#723),#8803,.T.);
#9164=ADVANCED_FACE('',(#724),#8804,.T.);
#9165=ADVANCED_FACE('',(#725),#8805,.T.);
#9166=ADVANCED_FACE('',(#726),#8806,.T.);
#9167=ADVANCED_FACE('',(#727),#8807,.F.);
#9168=ADVANCED_FACE('',(#728),#8808,.T.);
#9169=ADVANCED_FACE('',(#729),#8809,.T.);
#9170=ADVANCED_FACE('',(#730),#414,.T.);
#9171=ADVANCED_FACE('',(#731),#8810,.T.);
#9172=ADVANCED_FACE('',(#732),#415,.F.);
#9173=ADVANCED_FACE('',(#733),#8811,.T.);
#9174=ADVANCED_FACE('',(#734),#416,.T.);
#9175=ADVANCED_FACE('',(#735),#8812,.T.);
#9176=ADVANCED_FACE('',(#736),#8813,.T.);
#9177=ADVANCED_FACE('',(#737),#8814,.T.);
#9178=ADVANCED_FACE('',(#738),#417,.T.);
#9179=ADVANCED_FACE('',(#739),#8815,.T.);
#9180=ADVANCED_FACE('',(#740),#418,.F.);
#9181=ADVANCED_FACE('',(#741),#8816,.T.);
#9182=ADVANCED_FACE('',(#742),#419,.T.);
#9183=ADVANCED_FACE('',(#743),#8817,.T.);
#9184=ADVANCED_FACE('',(#744),#8818,.T.);
#9185=ADVANCED_FACE('',(#745),#8819,.T.);
#9186=ADVANCED_FACE('',(#746),#420,.T.);
#9187=ADVANCED_FACE('',(#747),#8820,.T.);
#9188=ADVANCED_FACE('',(#748),#421,.F.);
#9189=ADVANCED_FACE('',(#749),#8821,.T.);
#9190=ADVANCED_FACE('',(#750),#422,.T.);
#9191=ADVANCED_FACE('',(#751),#8822,.T.);
#9192=ADVANCED_FACE('',(#752),#8823,.T.);
#9193=ADVANCED_FACE('',(#753),#8824,.T.);
#9194=ADVANCED_FACE('',(#754),#423,.T.);
#9195=ADVANCED_FACE('',(#755),#8825,.T.);
#9196=ADVANCED_FACE('',(#756),#424,.F.);
#9197=ADVANCED_FACE('',(#757),#8826,.T.);
#9198=ADVANCED_FACE('',(#758),#425,.T.);
#9199=ADVANCED_FACE('',(#759),#8827,.T.);
#9200=ADVANCED_FACE('',(#760),#8828,.T.);
#9201=ADVANCED_FACE('',(#761),#8829,.T.);
#9202=ADVANCED_FACE('',(#762),#426,.T.);
#9203=ADVANCED_FACE('',(#763),#8830,.T.);
#9204=ADVANCED_FACE('',(#764),#427,.F.);
#9205=ADVANCED_FACE('',(#765),#8831,.T.);
#9206=ADVANCED_FACE('',(#766),#428,.T.);
#9207=ADVANCED_FACE('',(#767),#8832,.T.);
#9208=ADVANCED_FACE('',(#768),#8833,.T.);
#9209=ADVANCED_FACE('',(#769),#8834,.T.);
#9210=ADVANCED_FACE('',(#770),#429,.T.);
#9211=ADVANCED_FACE('',(#771),#8835,.T.);
#9212=ADVANCED_FACE('',(#772),#430,.F.);
#9213=ADVANCED_FACE('',(#773),#8836,.T.);
#9214=ADVANCED_FACE('',(#774),#431,.T.);
#9215=ADVANCED_FACE('',(#775),#8837,.T.);
#9216=ADVANCED_FACE('',(#776),#8838,.T.);
#9217=ADVANCED_FACE('',(#777),#432,.F.);
#9218=ADVANCED_FACE('',(#778),#433,.F.);
#9219=ADVANCED_FACE('',(#779),#8839,.T.);
#9220=ADVANCED_FACE('',(#780),#434,.F.);
#9221=ADVANCED_FACE('',(#781),#8840,.T.);
#9222=ADVANCED_FACE('',(#782),#435,.F.);
#9223=ADVANCED_FACE('',(#783),#8841,.T.);
#9224=ADVANCED_FACE('',(#784),#436,.F.);
#9225=ADVANCED_FACE('',(#785),#8842,.T.);
#9226=ADVANCED_FACE('',(#786),#437,.F.);
#9227=ADVANCED_FACE('',(#787),#8843,.T.);
#9228=ADVANCED_FACE('',(#788),#467,.F.);
#9229=ADVANCED_FACE('',(#789),#8844,.F.);
#9230=ADVANCED_FACE('',(#790),#8845,.F.);
#9231=ADVANCED_FACE('',(#791),#468,.F.);
#9232=ADVANCED_FACE('',(#792),#8846,.F.);
#9233=ADVANCED_FACE('',(#793),#8847,.F.);
#9234=ADVANCED_FACE('',(#794),#469,.F.);
#9235=ADVANCED_FACE('',(#795),#8848,.F.);
#9236=ADVANCED_FACE('',(#796),#8849,.F.);
#9237=ADVANCED_FACE('',(#797),#470,.F.);
#9238=ADVANCED_FACE('',(#798),#8850,.F.);
#9239=ADVANCED_FACE('',(#799),#8851,.F.);
#9240=ADVANCED_FACE('',(#800),#471,.F.);
#9241=ADVANCED_FACE('',(#801),#8852,.F.);
#9242=ADVANCED_FACE('',(#802),#8853,.F.);
#9243=ADVANCED_FACE('',(#803),#472,.F.);
#9244=ADVANCED_FACE('',(#804),#8854,.F.);
#9245=ADVANCED_FACE('',(#805),#281,.T.);
#9246=ADVANCED_FACE('',(#806,#379,#380),#8855,.T.);
#9247=ADVANCED_FACE('',(#807),#473,.F.);
#9248=ADVANCED_FACE('',(#808),#282,.T.);
#9249=ADVANCED_FACE('',(#809),#474,.F.);
#9250=ADVANCED_FACE('',(#810),#8856,.T.);
#9251=ADVANCED_FACE('',(#811),#8857,.F.);
#9252=ADVANCED_FACE('',(#812),#8858,.T.);
#9253=ADVANCED_FACE('',(#813),#8859,.T.);
#9254=ADVANCED_FACE('',(#814),#8860,.T.);
#9255=ADVANCED_FACE('',(#815),#8861,.T.);
#9256=ADVANCED_FACE('',(#816),#8862,.T.);
#9257=ADVANCED_FACE('',(#817),#8863,.T.);
#9258=ADVANCED_FACE('',(#818),#438,.T.);
#9259=ADVANCED_FACE('',(#819),#8864,.T.);
#9260=ADVANCED_FACE('',(#820),#439,.F.);
#9261=ADVANCED_FACE('',(#821),#8865,.T.);
#9262=ADVANCED_FACE('',(#822),#440,.T.);
#9263=ADVANCED_FACE('',(#823),#8866,.T.);
#9264=ADVANCED_FACE('',(#824),#441,.T.);
#9265=ADVANCED_FACE('',(#825),#8867,.T.);
#9266=ADVANCED_FACE('',(#826),#442,.F.);
#9267=ADVANCED_FACE('',(#827),#8868,.T.);
#9268=ADVANCED_FACE('',(#828),#443,.T.);
#9269=ADVANCED_FACE('',(#829),#8869,.T.);
#9270=ADVANCED_FACE('',(#830),#444,.T.);
#9271=ADVANCED_FACE('',(#831),#8870,.T.);
#9272=ADVANCED_FACE('',(#832),#445,.F.);
#9273=ADVANCED_FACE('',(#833),#8871,.T.);
#9274=ADVANCED_FACE('',(#834),#446,.T.);
#9275=ADVANCED_FACE('',(#835),#8872,.T.);
#9276=ADVANCED_FACE('',(#836),#447,.T.);
#9277=ADVANCED_FACE('',(#837),#8873,.T.);
#9278=ADVANCED_FACE('',(#838),#448,.F.);
#9279=ADVANCED_FACE('',(#839),#8874,.T.);
#9280=ADVANCED_FACE('',(#840),#449,.T.);
#9281=ADVANCED_FACE('',(#841),#8875,.T.);
#9282=ADVANCED_FACE('',(#842),#450,.T.);
#9283=ADVANCED_FACE('',(#843),#8876,.T.);
#9284=ADVANCED_FACE('',(#844),#451,.F.);
#9285=ADVANCED_FACE('',(#845),#8877,.T.);
#9286=ADVANCED_FACE('',(#846),#452,.T.);
#9287=ADVANCED_FACE('',(#847),#8878,.T.);
#9288=ADVANCED_FACE('',(#848),#453,.T.);
#9289=ADVANCED_FACE('',(#849),#8879,.T.);
#9290=ADVANCED_FACE('',(#850),#454,.F.);
#9291=ADVANCED_FACE('',(#851),#8880,.T.);
#9292=ADVANCED_FACE('',(#852),#455,.T.);
#9293=ADVANCED_FACE('',(#853),#8881,.T.);
#9294=ADVANCED_FACE('',(#854),#8882,.T.);
#9295=ADVANCED_FACE('',(#855),#8883,.T.);
#9296=ADVANCED_FACE('',(#856),#8884,.T.);
#9297=ADVANCED_FACE('',(#857),#8885,.T.);
#9298=ADVANCED_FACE('',(#858),#8886,.T.);
#9299=ADVANCED_FACE('',(#859),#8887,.T.);
#9300=ADVANCED_FACE('',(#860),#475,.T.);
#9301=ADVANCED_FACE('',(#861),#8888,.F.);
#9302=ADVANCED_FACE('',(#862),#476,.F.);
#9303=ADVANCED_FACE('',(#863),#8889,.F.);
#9304=ADVANCED_FACE('',(#864),#477,.T.);
#9305=ADVANCED_FACE('',(#865),#478,.T.);
#9306=ADVANCED_FACE('',(#866),#8890,.F.);
#9307=ADVANCED_FACE('',(#867),#479,.F.);
#9308=ADVANCED_FACE('',(#868),#8891,.F.);
#9309=ADVANCED_FACE('',(#869),#480,.T.);
#9310=ADVANCED_FACE('',(#870),#481,.T.);
#9311=ADVANCED_FACE('',(#871),#8892,.F.);
#9312=ADVANCED_FACE('',(#872),#482,.F.);
#9313=ADVANCED_FACE('',(#873),#8893,.F.);
#9314=ADVANCED_FACE('',(#874),#483,.T.);
#9315=ADVANCED_FACE('',(#875),#8894,.T.);
#9316=ADVANCED_FACE('',(#876),#8895,.T.);
#9317=ADVANCED_FACE('',(#877),#484,.T.);
#9318=ADVANCED_FACE('',(#878),#8896,.F.);
#9319=ADVANCED_FACE('',(#879),#485,.T.);
#9320=ADVANCED_FACE('',(#880),#486,.T.);
#9321=ADVANCED_FACE('',(#881),#487,.T.);
#9322=ADVANCED_FACE('',(#882),#488,.T.);
#9323=ADVANCED_FACE('',(#883),#489,.T.);
#9324=ADVANCED_FACE('',(#884),#8897,.T.);
#9325=ADVANCED_FACE('',(#885),#490,.F.);
#9326=ADVANCED_FACE('',(#886),#8898,.F.);
#9327=ADVANCED_FACE('',(#887),#8899,.F.);
#9328=ADVANCED_FACE('',(#888),#491,.F.);
#9329=ADVANCED_FACE('',(#889),#8900,.F.);
#9330=ADVANCED_FACE('',(#890),#8901,.F.);
#9331=ADVANCED_FACE('',(#891),#492,.F.);
#9332=ADVANCED_FACE('',(#892),#8902,.F.);
#9333=ADVANCED_FACE('',(#893),#8903,.F.);
#9334=ADVANCED_FACE('',(#894),#8904,.F.);
#9335=ADVANCED_FACE('',(#895),#493,.T.);
#9336=ADVANCED_FACE('',(#896),#8905,.T.);
#9337=ADVANCED_FACE('',(#897),#8906,.F.);
#9338=ADVANCED_FACE('',(#898),#494,.T.);
#9339=ADVANCED_FACE('',(#899),#8907,.T.);
#9340=ADVANCED_FACE('',(#900),#8908,.F.);
#9341=ADVANCED_FACE('',(#901),#495,.T.);
#9342=ADVANCED_FACE('',(#902),#8909,.T.);
#9343=ADVANCED_FACE('',(#903),#8910,.F.);
#9344=ADVANCED_FACE('',(#904),#496,.T.);
#9345=ADVANCED_FACE('',(#905),#8911,.T.);
#9346=ADVANCED_FACE('',(#906),#8912,.F.);
#9347=ADVANCED_FACE('',(#907),#497,.T.);
#9348=ADVANCED_FACE('',(#908),#8913,.T.);
#9349=ADVANCED_FACE('',(#909),#8914,.F.);
#9350=ADVANCED_FACE('',(#910),#498,.T.);
#9351=ADVANCED_FACE('',(#911),#8915,.T.);
#9352=ADVANCED_FACE('',(#912,#381,#382,#383,#384,#385,#386),#8916,.T.);
#9353=ADVANCED_FACE('',(#913),#8917,.T.);
#9354=ADVANCED_FACE('',(#914),#8918,.T.);
#9355=ADVANCED_FACE('',(#915),#8919,.T.);
#9356=ADVANCED_FACE('',(#916),#8920,.T.);
#9357=ADVANCED_FACE('',(#917),#8921,.T.);
#9358=ADVANCED_FACE('',(#918),#8922,.T.);
#9359=ADVANCED_FACE('',(#919),#8923,.T.);
#9360=ADVANCED_FACE('',(#920),#8924,.T.);
#9361=ADVANCED_FACE('',(#921),#8925,.T.);
#9362=ADVANCED_FACE('',(#922),#8926,.T.);
#9363=ADVANCED_FACE('',(#923),#8927,.T.);
#9364=ADVANCED_FACE('',(#924,#387),#8928,.F.);
#9365=ADVANCED_FACE('',(#925,#388),#8929,.F.);
#9366=ADVANCED_FACE('',(#926,#389),#8930,.F.);
#9367=ADVANCED_FACE('',(#927,#390),#8931,.F.);
#9368=ADVANCED_FACE('',(#928,#391),#8932,.F.);
#9369=ADVANCED_FACE('',(#929,#392),#8933,.F.);
#9370=ADVANCED_FACE('',(#930),#499,.F.);
#9371=ADVANCED_FACE('',(#931),#500,.F.);
#9372=ADVANCED_FACE('',(#932),#501,.F.);
#9373=ADVANCED_FACE('',(#933),#502,.F.);
#9374=ADVANCED_FACE('',(#934),#503,.F.);
#9375=ADVANCED_FACE('',(#935),#8934,.T.);
#9376=ADVANCED_FACE('',(#936),#8935,.T.);
#9377=ADVANCED_FACE('',(#937),#8936,.T.);
#9378=ADVANCED_FACE('',(#938),#8937,.T.);
#9379=ADVANCED_FACE('',(#939),#8938,.T.);
#9380=ADVANCED_FACE('',(#940),#8939,.T.);
#9381=ADVANCED_FACE('',(#941,#393,#394,#395,#396,#397,#398),#8940,.T.);
#9382=ADVANCED_FACE('',(#942),#504,.F.);
#9383=ADVANCED_FACE('',(#943,#399),#8941,.F.);
#9384=ADVANCED_FACE('',(#944),#8942,.T.);
#9385=ADVANCED_FACE('',(#945),#8943,.T.);
#9386=ADVANCED_FACE('',(#946),#8944,.T.);
#9387=ADVANCED_FACE('',(#947),#8945,.T.);
#9388=ADVANCED_FACE('',(#948),#8946,.T.);
#9389=ADVANCED_FACE('',(#949),#8947,.T.);
#9390=ADVANCED_FACE('',(#950),#8948,.T.);
#9391=ADVANCED_FACE('',(#951),#8949,.T.);
#9392=ADVANCED_FACE('',(#952),#8950,.T.);
#9393=ADVANCED_FACE('',(#953),#8951,.T.);
#9394=ADVANCED_FACE('',(#954),#8952,.T.);
#9395=ADVANCED_FACE('',(#955),#8953,.T.);
#9396=ADVANCED_FACE('',(#956),#8954,.T.);
#9397=ADVANCED_FACE('',(#957),#8955,.T.);
#9398=ADVANCED_FACE('',(#958),#8956,.T.);
#9399=ADVANCED_FACE('',(#959),#8957,.T.);
#9400=ADVANCED_FACE('',(#960),#8958,.T.);
#9401=ADVANCED_FACE('',(#961),#8959,.T.);
#9402=ADVANCED_FACE('',(#962),#8960,.T.);
#9403=ADVANCED_FACE('',(#963),#8961,.F.);
#9404=ADVANCED_FACE('',(#964),#505,.F.);
#9405=ADVANCED_FACE('',(#965),#8962,.T.);
#9406=ADVANCED_FACE('',(#966),#456,.T.);
#9407=ADVANCED_FACE('',(#967),#506,.T.);
#9408=ADVANCED_FACE('',(#968),#8963,.T.);
#9409=ADVANCED_FACE('',(#969),#457,.T.);
#9410=ADVANCED_FACE('',(#970,#400),#8964,.F.);
#9411=ADVANCED_FACE('',(#971),#458,.T.);
#9412=ADVANCED_FACE('',(#972,#401),#8965,.F.);
#9413=ADVANCED_FACE('',(#973),#507,.T.);
#9414=ADVANCED_FACE('',(#974),#508,.F.);
#9415=ADVANCED_FACE('',(#975),#8966,.F.);
#9416=ADVANCED_FACE('',(#976),#8967,.T.);
#9417=ADVANCED_FACE('',(#977),#459,.T.);
#9418=ADVANCED_FACE('',(#978),#8968,.T.);
#9419=ADVANCED_FACE('',(#979),#460,.T.);
#9420=ADVANCED_FACE('',(#980),#8969,.T.);
#9421=ADVANCED_FACE('',(#981),#461,.T.);
#9422=ADVANCED_FACE('',(#982),#8970,.T.);
#9423=ADVANCED_FACE('',(#983),#462,.T.);
#9424=ADVANCED_FACE('',(#984),#8971,.T.);
#9425=ADVANCED_FACE('',(#985),#509,.T.);
#9426=ADVANCED_FACE('',(#986),#8972,.T.);
#9427=ADVANCED_FACE('',(#987),#510,.T.);
#9428=ADVANCED_FACE('',(#988),#8973,.T.);
#9429=ADVANCED_FACE('',(#989),#511,.T.);
#9430=ADVANCED_FACE('',(#990),#8974,.T.);
#9431=ADVANCED_FACE('',(#991),#512,.T.);
#9432=ADVANCED_FACE('',(#992),#8975,.T.);
#9433=ADVANCED_FACE('',(#993,#402,#403,#404,#405,#406,#407,#408),#8976,
 .T.);
#9434=ADVANCED_FACE('',(#994),#513,.T.);
#9435=ADVANCED_FACE('',(#995),#8977,.T.);
#9436=ADVANCED_FACE('',(#996),#8978,.T.);
#9437=ADVANCED_FACE('',(#997),#8979,.F.);
#9438=ADVANCED_FACE('',(#998),#514,.T.);
#9439=ADVANCED_FACE('',(#999),#8980,.T.);
#9440=ADVANCED_FACE('',(#1000),#8981,.T.);
#9441=ADVANCED_FACE('',(#1001),#8982,.F.);
#9442=ADVANCED_FACE('',(#1002),#8983,.F.);
#9443=ADVANCED_FACE('',(#1003),#283,.F.);
#9444=ADVANCED_FACE('',(#1004),#284,.F.);
#9445=ADVANCED_FACE('',(#1005),#285,.F.);
#9446=ADVANCED_FACE('',(#1006),#286,.F.);
#9447=ADVANCED_FACE('',(#1007),#287,.F.);
#9448=ADVANCED_FACE('',(#1008),#288,.F.);
#9449=ADVANCED_FACE('',(#1009),#8984,.F.);
#9450=ADVANCED_FACE('',(#1010),#8985,.F.);
#9451=ADVANCED_FACE('',(#1011),#8986,.F.);
#9452=ADVANCED_FACE('',(#1012),#289,.F.);
#9453=ADVANCED_FACE('',(#1013),#290,.F.);
#9454=ADVANCED_FACE('',(#1014),#291,.F.);
#9455=ADVANCED_FACE('',(#1015),#292,.F.);
#9456=ADVANCED_FACE('',(#1016),#293,.F.);
#9457=ADVANCED_FACE('',(#1017),#294,.F.);
#9458=ADVANCED_FACE('',(#1018),#295,.F.);
#9459=ADVANCED_FACE('',(#1019),#8987,.F.);
#9460=ADVANCED_FACE('',(#1020),#8988,.F.);
#9461=ADVANCED_FACE('',(#1021),#8989,.F.);
#9462=ADVANCED_FACE('',(#1022),#8990,.F.);
#9463=ADVANCED_FACE('',(#1023,#409),#8991,.F.);
#9464=ADVANCED_FACE('',(#1024),#8992,.F.);
#9465=ADVANCED_FACE('',(#1025),#8993,.F.);
#9466=ADVANCED_FACE('',(#1026),#8994,.F.);
#9467=ADVANCED_FACE('',(#1027),#8995,.F.);
#9468=ADVANCED_FACE('',(#1028),#8996,.F.);
#9469=ADVANCED_FACE('',(#1029),#8997,.F.);
#9470=ADVANCED_FACE('',(#1030),#8998,.F.);
#9471=ADVANCED_FACE('',(#1031),#8999,.F.);
#9472=ADVANCED_FACE('',(#1032),#9000,.F.);
#9473=ADVANCED_FACE('',(#1033),#9001,.F.);
#9474=ADVANCED_FACE('',(#1034),#9002,.F.);
#9475=ADVANCED_FACE('',(#1035),#296,.F.);
#9476=ADVANCED_FACE('',(#1036),#297,.F.);
#9477=ADVANCED_FACE('',(#1037),#298,.F.);
#9478=ADVANCED_FACE('',(#1038),#299,.F.);
#9479=ADVANCED_FACE('',(#1039),#300,.F.);
#9480=ADVANCED_FACE('',(#1040),#301,.F.);
#9481=ADVANCED_FACE('',(#1041),#302,.F.);
#9482=ADVANCED_FACE('',(#1042),#303,.F.);
#9483=ADVANCED_FACE('',(#1043),#304,.F.);
#9484=ADVANCED_FACE('',(#1044),#305,.F.);
#9485=ADVANCED_FACE('',(#1045),#9003,.F.);
#9486=ADVANCED_FACE('',(#1046),#306,.F.);
#9487=ADVANCED_FACE('',(#1047),#307,.F.);
#9488=ADVANCED_FACE('',(#1048),#308,.F.);
#9489=ADVANCED_FACE('',(#1049),#309,.F.);
#9490=ADVANCED_FACE('',(#1050),#310,.F.);
#9491=ADVANCED_FACE('',(#1051),#311,.F.);
#9492=ADVANCED_FACE('',(#1052),#312,.F.);
#9493=ADVANCED_FACE('',(#1053),#313,.F.);
#9494=ADVANCED_FACE('',(#1054),#9004,.F.);
#9495=ADVANCED_FACE('',(#1055),#9005,.F.);
#9496=ADVANCED_FACE('',(#1056),#9006,.F.);
#9497=ADVANCED_FACE('',(#1057),#9007,.F.);
#9498=ADVANCED_FACE('',(#1058),#314,.F.);
#9499=ADVANCED_FACE('',(#1059),#315,.F.);
#9500=ADVANCED_FACE('',(#1060),#316,.F.);
#9501=ADVANCED_FACE('',(#1061),#317,.F.);
#9502=ADVANCED_FACE('',(#1062),#318,.F.);
#9503=ADVANCED_FACE('',(#1063),#319,.F.);
#9504=ADVANCED_FACE('',(#1064),#320,.F.);
#9505=ADVANCED_FACE('',(#1065),#321,.F.);
#9506=ADVANCED_FACE('',(#1066),#9008,.F.);
#9507=ADVANCED_FACE('',(#1067),#322,.F.);
#9508=ADVANCED_FACE('',(#1068),#323,.F.);
#9509=ADVANCED_FACE('',(#1069),#324,.F.);
#9510=ADVANCED_FACE('',(#1070),#325,.F.);
#9511=ADVANCED_FACE('',(#1071),#326,.F.);
#9512=ADVANCED_FACE('',(#1072),#327,.F.);
#9513=ADVANCED_FACE('',(#1073),#328,.F.);
#9514=ADVANCED_FACE('',(#1074),#329,.F.);
#9515=ADVANCED_FACE('',(#1075),#9009,.F.);
#9516=ADVANCED_FACE('',(#1076),#9010,.F.);
#9517=ADVANCED_FACE('',(#1077),#9011,.F.);
#9518=ADVANCED_FACE('',(#1078),#9012,.F.);
#9519=ADVANCED_FACE('',(#1079),#9013,.F.);
#9520=ADVANCED_FACE('',(#1080),#9014,.F.);
#9521=ADVANCED_FACE('',(#1081),#9015,.F.);
#9522=ADVANCED_FACE('',(#1082),#9016,.F.);
#9523=ADVANCED_FACE('',(#1083),#9017,.F.);
#9524=ADVANCED_FACE('',(#1084),#9018,.F.);
#9525=ADVANCED_FACE('',(#1085),#9019,.F.);
#9526=ADVANCED_FACE('',(#1086),#9020,.F.);
#9527=ADVANCED_FACE('',(#1087),#9021,.F.);
#9528=ADVANCED_FACE('',(#1088),#9022,.F.);
#9529=ADVANCED_FACE('',(#1089),#9023,.F.);
#9530=ADVANCED_FACE('',(#1090),#9024,.F.);
#9531=ADVANCED_FACE('',(#1091),#9025,.F.);
#9532=ADVANCED_FACE('',(#1092),#9026,.F.);
#9533=ADVANCED_FACE('',(#1093),#9027,.F.);
#9534=ADVANCED_FACE('',(#1094),#9028,.F.);
#9535=ADVANCED_FACE('',(#1095),#9029,.F.);
#9536=ADVANCED_FACE('',(#1096),#9030,.F.);
#9537=ADVANCED_FACE('',(#1097),#9031,.F.);
#9538=ADVANCED_FACE('',(#1098),#9032,.F.);
#9539=ADVANCED_FACE('',(#1099),#9033,.F.);
#9540=ADVANCED_FACE('',(#1100),#9034,.F.);
#9541=ADVANCED_FACE('',(#1101),#9035,.F.);
#9542=ADVANCED_FACE('',(#1102),#9036,.F.);
#9543=ADVANCED_FACE('',(#1103),#9037,.F.);
#9544=ADVANCED_FACE('',(#1104),#9038,.F.);
#9545=ADVANCED_FACE('',(#1105),#9039,.F.);
#9546=ADVANCED_FACE('',(#1106),#9040,.T.);
#9547=ADVANCED_FACE('',(#1107),#9041,.T.);
#9548=ADVANCED_FACE('',(#1108),#9042,.T.);
#9549=ADVANCED_FACE('',(#1109),#9043,.T.);
#9550=ADVANCED_FACE('',(#1110),#9044,.T.);
#9551=ADVANCED_FACE('',(#1111),#9045,.T.);
#9552=ADVANCED_FACE('',(#1112),#9046,.T.);
#9553=ADVANCED_FACE('',(#1113),#9047,.T.);
#9554=ADVANCED_FACE('',(#1114),#9048,.T.);
#9555=ADVANCED_FACE('',(#1115),#9049,.T.);
#9556=ADVANCED_FACE('',(#1116),#9050,.T.);
#9557=ADVANCED_FACE('',(#1117),#9051,.T.);
#9558=ADVANCED_FACE('',(#1118),#9052,.T.);
#9559=ADVANCED_FACE('',(#1119),#9053,.T.);
#9560=ADVANCED_FACE('',(#1120),#9054,.T.);
#9561=ADVANCED_FACE('',(#1121),#9055,.T.);
#9562=ADVANCED_FACE('',(#1122),#9056,.T.);
#9563=ADVANCED_FACE('',(#1123),#9057,.T.);
#9564=ADVANCED_FACE('',(#1124),#9058,.T.);
#9565=ADVANCED_FACE('',(#1125),#9059,.T.);
#9566=ADVANCED_FACE('',(#1126),#9060,.T.);
#9567=ADVANCED_FACE('',(#1127),#9061,.T.);
#9568=ADVANCED_FACE('',(#1128),#9062,.T.);
#9569=ADVANCED_FACE('',(#1129),#9063,.T.);
#9570=ADVANCED_FACE('',(#1130),#9064,.T.);
#9571=ADVANCED_FACE('',(#1131),#9065,.T.);
#9572=ADVANCED_FACE('',(#1132),#9066,.T.);
#9573=ADVANCED_FACE('',(#1133),#9067,.T.);
#9574=ADVANCED_FACE('',(#1134),#9068,.T.);
#9575=ADVANCED_FACE('',(#1135),#9069,.T.);
#9576=ADVANCED_FACE('',(#1136),#9070,.T.);
#9577=ADVANCED_FACE('',(#1137),#9071,.T.);
#9578=ADVANCED_FACE('',(#1138),#9072,.T.);
#9579=ADVANCED_FACE('',(#1139),#9073,.T.);
#9580=ADVANCED_FACE('',(#1140),#330,.T.);
#9581=ADVANCED_FACE('',(#1141),#331,.T.);
#9582=ADVANCED_FACE('',(#1142),#332,.T.);
#9583=ADVANCED_FACE('',(#1143),#333,.T.);
#9584=ADVANCED_FACE('',(#1144),#334,.T.);
#9585=ADVANCED_FACE('',(#1145),#335,.T.);
#9586=ADVANCED_FACE('',(#1146),#336,.T.);
#9587=ADVANCED_FACE('',(#1147),#337,.T.);
#9588=ADVANCED_FACE('',(#1148),#9074,.T.);
#9589=ADVANCED_FACE('',(#1149),#338,.T.);
#9590=ADVANCED_FACE('',(#1150),#339,.T.);
#9591=ADVANCED_FACE('',(#1151),#340,.T.);
#9592=ADVANCED_FACE('',(#1152),#341,.T.);
#9593=ADVANCED_FACE('',(#1153),#342,.T.);
#9594=ADVANCED_FACE('',(#1154),#343,.T.);
#9595=ADVANCED_FACE('',(#1155),#344,.T.);
#9596=ADVANCED_FACE('',(#1156),#345,.T.);
#9597=ADVANCED_FACE('',(#1157),#9075,.T.);
#9598=ADVANCED_FACE('',(#1158),#9076,.T.);
#9599=ADVANCED_FACE('',(#1159),#9077,.F.);
#9600=ADVANCED_FACE('',(#1160),#9078,.T.);
#9601=ADVANCED_FACE('',(#1161),#9079,.T.);
#9602=ADVANCED_FACE('',(#1162),#346,.T.);
#9603=ADVANCED_FACE('',(#1163),#347,.T.);
#9604=ADVANCED_FACE('',(#1164),#348,.T.);
#9605=ADVANCED_FACE('',(#1165),#349,.T.);
#9606=ADVANCED_FACE('',(#1166),#350,.T.);
#9607=ADVANCED_FACE('',(#1167),#351,.T.);
#9608=ADVANCED_FACE('',(#1168),#352,.T.);
#9609=ADVANCED_FACE('',(#1169),#353,.T.);
#9610=ADVANCED_FACE('',(#1170),#354,.T.);
#9611=ADVANCED_FACE('',(#1171),#355,.T.);
#9612=ADVANCED_FACE('',(#1172),#9080,.T.);
#9613=ADVANCED_FACE('',(#1173),#356,.T.);
#9614=ADVANCED_FACE('',(#1174),#357,.T.);
#9615=ADVANCED_FACE('',(#1175),#358,.T.);
#9616=ADVANCED_FACE('',(#1176),#359,.T.);
#9617=ADVANCED_FACE('',(#1177),#360,.T.);
#9618=ADVANCED_FACE('',(#1178),#361,.T.);
#9619=ADVANCED_FACE('',(#1179),#362,.T.);
#9620=ADVANCED_FACE('',(#1180),#363,.T.);
#9621=ADVANCED_FACE('',(#1181),#9081,.T.);
#9622=ADVANCED_FACE('',(#1182),#9082,.T.);
#9623=ADVANCED_FACE('',(#1183),#9083,.T.);
#9624=ADVANCED_FACE('',(#1184),#9084,.T.);
#9625=ADVANCED_FACE('',(#1185),#9085,.F.);
#9626=ADVANCED_FACE('',(#1186),#9086,.T.);
#9627=ADVANCED_FACE('',(#1187),#9087,.T.);
#9628=ADVANCED_FACE('',(#1188),#9088,.T.);
#9629=ADVANCED_FACE('',(#1189),#9089,.T.);
#9630=ADVANCED_FACE('',(#1190),#9090,.T.);
#9631=ADVANCED_FACE('',(#1191),#9091,.T.);
#9632=ADVANCED_FACE('',(#1192),#9092,.T.);
#9633=ADVANCED_FACE('',(#1193),#9093,.T.);
#9634=ADVANCED_FACE('',(#1194),#9094,.T.);
#9635=ADVANCED_FACE('',(#1195),#9095,.T.);
#9636=ADVANCED_FACE('',(#1196),#9096,.T.);
#9637=ADVANCED_FACE('',(#1197),#364,.T.);
#9638=ADVANCED_FACE('',(#1198),#365,.T.);
#9639=ADVANCED_FACE('',(#1199),#366,.T.);
#9640=ADVANCED_FACE('',(#1200),#367,.T.);
#9641=ADVANCED_FACE('',(#1201),#368,.T.);
#9642=ADVANCED_FACE('',(#1202),#369,.T.);
#9643=ADVANCED_FACE('',(#1203),#9097,.T.);
#9644=ADVANCED_FACE('',(#1204),#9098,.T.);
#9645=ADVANCED_FACE('',(#1205),#9099,.T.);
#9646=ADVANCED_FACE('',(#1206),#370,.T.);
#9647=ADVANCED_FACE('',(#1207),#371,.T.);
#9648=ADVANCED_FACE('',(#1208),#372,.T.);
#9649=ADVANCED_FACE('',(#1209),#373,.T.);
#9650=ADVANCED_FACE('',(#1210),#374,.T.);
#9651=ADVANCED_FACE('',(#1211),#375,.T.);
#9652=ADVANCED_FACE('',(#1212),#376,.T.);
#9653=ADVANCED_FACE('',(#1213),#9100,.T.);
#9654=ADVANCED_FACE('',(#1214),#9101,.T.);
#9655=ADVANCED_FACE('',(#1215),#9102,.T.);
#9656=ADVANCED_FACE('',(#1216),#9103,.T.);
#9657=ADVANCED_FACE('',(#1217,#410),#9104,.T.);
#9658=ADVANCED_FACE('',(#1218,#411),#9105,.F.);
#9659=ADVANCED_FACE('',(#1219),#515,.T.);
#9660=ADVANCED_FACE('',(#1220),#9106,.T.);
#9661=ADVANCED_FACE('',(#1221),#9107,.T.);
#9662=CLOSED_SHELL('',(#9108,#9109,#9110,#9111,#9112,#9113,#9114,#9115,
#9116,#9117,#9118,#9119,#9120,#9121,#9122,#9123,#9124,#9125,#9126,#9127,
#9128,#9129,#9130,#9131,#9132,#9133,#9134,#9135,#9136,#9137,#9138,#9139,
#9140,#9141,#9142,#9143,#9144,#9145,#9146,#9147,#9148,#9149,#9150,#9151,
#9152,#9153,#9154,#9155,#9156,#9157,#9158,#9159,#9160,#9161,#9162,#9163,
#9164,#9165,#9166,#9167,#9168,#9169,#9170,#9171,#9172,#9173,#9174,#9175,
#9176,#9177,#9178,#9179,#9180,#9181,#9182,#9183,#9184,#9185,#9186,#9187,
#9188,#9189,#9190,#9191,#9192,#9193,#9194,#9195,#9196,#9197,#9198,#9199,
#9200,#9201,#9202,#9203,#9204,#9205,#9206,#9207,#9208,#9209,#9210,#9211,
#9212,#9213,#9214,#9215,#9216,#9217,#9218,#9219,#9220,#9221,#9222,#9223,
#9224,#9225,#9226,#9227,#9228,#9229,#9230,#9231,#9232,#9233,#9234,#9235,
#9236,#9237,#9238,#9239,#9240,#9241,#9242,#9243,#9244,#9245,#9246,#9247,
#9248,#9249,#9250,#9251,#9252,#9253,#9254,#9255,#9256,#9257,#9258,#9259,
#9260,#9261,#9262,#9263,#9264,#9265,#9266,#9267,#9268,#9269,#9270,#9271,
#9272,#9273,#9274,#9275,#9276,#9277,#9278,#9279,#9280,#9281,#9282,#9283,
#9284,#9285,#9286,#9287,#9288,#9289,#9290,#9291,#9292,#9293,#9294,#9295,
#9296,#9297,#9298,#9299,#9300,#9301,#9302,#9303,#9304,#9305,#9306,#9307,
#9308,#9309,#9310,#9311,#9312,#9313,#9314,#9315,#9316,#9317,#9318,#9319,
#9320,#9321,#9322,#9323,#9324,#9325,#9326,#9327,#9328,#9329,#9330,#9331,
#9332,#9333));
#9663=CLOSED_SHELL('',(#9334,#9335,#9336));
#9664=CLOSED_SHELL('',(#9337,#9338,#9339));
#9665=CLOSED_SHELL('',(#9340,#9341,#9342));
#9666=CLOSED_SHELL('',(#9343,#9344,#9345));
#9667=CLOSED_SHELL('',(#9346,#9347,#9348));
#9668=CLOSED_SHELL('',(#9349,#9350,#9351));
#9669=CLOSED_SHELL('',(#9352,#9353,#9354,#9355,#9356,#9357,#9358,#9359,
#9360,#9361,#9362,#9363,#9364,#9365,#9366,#9367,#9368,#9369,#9370,#9371,
#9372,#9373,#9374,#9375,#9376,#9377,#9378,#9379,#9380,#9381,#9382,#9383,
#9384,#9385,#9386,#9387,#9388,#9389,#9390,#9391,#9392,#9393,#9394,#9395,
#9396,#9397,#9398,#9399,#9400,#9401,#9402));
#9670=CLOSED_SHELL('',(#9403,#9404,#9405));
#9671=CLOSED_SHELL('',(#9406,#9407,#9408,#9409,#9410,#9411,#9412,#9413,
#9414,#9415));
#9672=CLOSED_SHELL('',(#9416,#9417,#9418,#9419,#9420,#9421,#9422,#9423,
#9424,#9425,#9426,#9427,#9428,#9429,#9430,#9431,#9432,#9433,#9434,#9435,
#9436,#9437,#9438,#9439,#9440,#9441,#9442,#9443,#9444,#9445,#9446,#9447,
#9448,#9449,#9450,#9451,#9452,#9453,#9454,#9455,#9456,#9457,#9458,#9459,
#9460,#9461,#9462,#9463,#9464,#9465,#9466,#9467,#9468,#9469,#9470,#9471,
#9472,#9473,#9474,#9475,#9476,#9477,#9478,#9479,#9480,#9481,#9482,#9483,
#9484,#9485,#9486,#9487,#9488,#9489,#9490,#9491,#9492,#9493,#9494,#9495,
#9496,#9497,#9498,#9499,#9500,#9501,#9502,#9503,#9504,#9505,#9506,#9507,
#9508,#9509,#9510,#9511,#9512,#9513,#9514,#9515,#9516,#9517,#9518,#9519,
#9520,#9521,#9522,#9523,#9524,#9525,#9526,#9527,#9528,#9529,#9530,#9531,
#9532,#9533,#9534,#9535,#9536,#9537,#9538,#9539,#9540,#9541,#9542,#9543,
#9544,#9545,#9546,#9547));
#9673=CLOSED_SHELL('',(#9548,#9549,#9550,#9551,#9552,#9553,#9554,#9555,
#9556,#9557,#9558,#9559,#9560,#9561));
#9674=CLOSED_SHELL('',(#9562,#9563,#9564,#9565,#9566,#9567,#9568,#9569,
#9570,#9571,#9572,#9573));
#9675=CLOSED_SHELL('',(#9574,#9575,#9576,#9577,#9578,#9579));
#9676=CLOSED_SHELL('',(#9580,#9581,#9582,#9583,#9584,#9585,#9586,#9587,
#9588,#9589,#9590,#9591,#9592,#9593,#9594,#9595,#9596,#9597,#9598,#9599));
#9677=CLOSED_SHELL('',(#9600,#9601,#9602,#9603,#9604,#9605,#9606,#9607,
#9608,#9609,#9610,#9611,#9612,#9613,#9614,#9615,#9616,#9617,#9618,#9619,
#9620,#9621,#9622,#9623,#9624,#9625));
#9678=CLOSED_SHELL('',(#9626,#9627,#9628,#9629,#9630,#9631,#9632,#9633,
#9634,#9635));
#9679=CLOSED_SHELL('',(#9636,#9637,#9638,#9639,#9640,#9641,#9642,#9643,
#9644,#9645,#9646,#9647,#9648,#9649,#9650,#9651,#9652,#9653,#9654,#9655,
#9656,#9657,#9658));
#9680=CLOSED_SHELL('',(#9659,#9660,#9661));
#9681=DERIVED_UNIT_ELEMENT(#9691,1.);
#9682=DERIVED_UNIT_ELEMENT(#17215,-3.);
#9683=DERIVED_UNIT_ELEMENT(#9691,1.);
#9684=DERIVED_UNIT_ELEMENT(#17215,-3.);
#9685=DERIVED_UNIT_ELEMENT(#9691,1.);
#9686=DERIVED_UNIT_ELEMENT(#17215,-3.);
#9687=DERIVED_UNIT_ELEMENT(#9691,1.);
#9688=DERIVED_UNIT_ELEMENT(#17215,-3.);
#9689=DERIVED_UNIT_ELEMENT(#9691,1.);
#9690=DERIVED_UNIT_ELEMENT(#17215,-3.);
#9691=(
MASS_UNIT()
NAMED_UNIT(*)
SI_UNIT(.KILO.,.GRAM.)
);
#9692=DERIVED_UNIT((#9681,#9682));
#9693=DERIVED_UNIT((#9683,#9684));
#9694=DERIVED_UNIT((#9685,#9686));
#9695=DERIVED_UNIT((#9687,#9688));
#9696=DERIVED_UNIT((#9689,#9690));
#9697=MEASURE_REPRESENTATION_ITEM('density measure',
POSITIVE_RATIO_MEASURE(100.),#9692);
#9698=MEASURE_REPRESENTATION_ITEM('density measure',
POSITIVE_RATIO_MEASURE(100.),#9693);
#9699=MEASURE_REPRESENTATION_ITEM('density measure',
POSITIVE_RATIO_MEASURE(100.),#9694);
#9700=MEASURE_REPRESENTATION_ITEM('density measure',
POSITIVE_RATIO_MEASURE(100.),#9695);
#9701=MEASURE_REPRESENTATION_ITEM('density measure',
POSITIVE_RATIO_MEASURE(100.),#9696);
#9702=PROPERTY_DEFINITION_REPRESENTATION(#9727,#9712);
#9703=PROPERTY_DEFINITION_REPRESENTATION(#9728,#9713);
#9704=PROPERTY_DEFINITION_REPRESENTATION(#9729,#9714);
#9705=PROPERTY_DEFINITION_REPRESENTATION(#9730,#9715);
#9706=PROPERTY_DEFINITION_REPRESENTATION(#9731,#9716);
#9707=PROPERTY_DEFINITION_REPRESENTATION(#9732,#9717);
#9708=PROPERTY_DEFINITION_REPRESENTATION(#9733,#9718);
#9709=PROPERTY_DEFINITION_REPRESENTATION(#9734,#9719);
#9710=PROPERTY_DEFINITION_REPRESENTATION(#9735,#9720);
#9711=PROPERTY_DEFINITION_REPRESENTATION(#9736,#9721);
#9712=REPRESENTATION('material name',(#9722),#17207);
#9713=REPRESENTATION('density',(#9697),#17207);
#9714=REPRESENTATION('material name',(#9723),#17209);
#9715=REPRESENTATION('density',(#9698),#17209);
#9716=REPRESENTATION('material name',(#9724),#17210);
#9717=REPRESENTATION('density',(#9699),#17210);
#9718=REPRESENTATION('material name',(#9725),#17211);
#9719=REPRESENTATION('density',(#9700),#17211);
#9720=REPRESENTATION('material name',(#9726),#17212);
#9721=REPRESENTATION('density',(#9701),#17212);
#9722=DESCRIPTIVE_REPRESENTATION_ITEM('Grobspanplatte','Grobspanplatte');
#9723=DESCRIPTIVE_REPRESENTATION_ITEM('Grobspanplatte','Grobspanplatte');
#9724=DESCRIPTIVE_REPRESENTATION_ITEM('Grobspanplatte','Grobspanplatte');
#9725=DESCRIPTIVE_REPRESENTATION_ITEM('Grobspanplatte','Grobspanplatte');
#9726=DESCRIPTIVE_REPRESENTATION_ITEM('Grobspanplatte','Grobspanplatte');
#9727=PROPERTY_DEFINITION('material property','material name',#17247);
#9728=PROPERTY_DEFINITION('material property','density of part',#17247);
#9729=PROPERTY_DEFINITION('material property','material name',#17249);
#9730=PROPERTY_DEFINITION('material property','density of part',#17249);
#9731=PROPERTY_DEFINITION('material property','material name',#17250);
#9732=PROPERTY_DEFINITION('material property','density of part',#17250);
#9733=PROPERTY_DEFINITION('material property','material name',#17251);
#9734=PROPERTY_DEFINITION('material property','density of part',#17251);
#9735=PROPERTY_DEFINITION('material property','material name',#17252);
#9736=PROPERTY_DEFINITION('material property','density of part',#17252);
#9737=AXIS2_PLACEMENT_3D('',#12621,#10362,#10363);
#9738=AXIS2_PLACEMENT_3D('',#12622,#10364,#10365);
#9739=AXIS2_PLACEMENT_3D('',#12623,#10366,#10367);
#9740=AXIS2_PLACEMENT_3D('',#12642,#10377,#10378);
#9741=AXIS2_PLACEMENT_3D('',#12646,#10380,#10381);
#9742=AXIS2_PLACEMENT_3D('',#12650,#10383,#10384);
#9743=AXIS2_PLACEMENT_3D('',#12652,#10386,#10387);
#9744=AXIS2_PLACEMENT_3D('',#12656,#10389,#10390);
#9745=AXIS2_PLACEMENT_3D('',#12658,#10392,#10393);
#9746=AXIS2_PLACEMENT_3D('',#12662,#10396,#10397);
#9747=AXIS2_PLACEMENT_3D('',#12665,#10399,#10400);
#9748=AXIS2_PLACEMENT_3D('',#12666,#10401,#10402);
#9749=AXIS2_PLACEMENT_3D('',#12668,#10404,#10405);
#9750=AXIS2_PLACEMENT_3D('',#12670,#10407,#10408);
#9751=AXIS2_PLACEMENT_3D('',#12672,#10410,#10411);
#9752=AXIS2_PLACEMENT_3D('',#12674,#10412,#10413);
#9753=AXIS2_PLACEMENT_3D('',#12677,#10415,#10416);
#9754=AXIS2_PLACEMENT_3D('',#12678,#10417,#10418);
#9755=AXIS2_PLACEMENT_3D('',#12681,#10420,#10421);
#9756=AXIS2_PLACEMENT_3D('',#12682,#10422,#10423);
#9757=AXIS2_PLACEMENT_3D('',#12684,#10424,#10425);
#9758=AXIS2_PLACEMENT_3D('',#12687,#10427,#10428);
#9759=AXIS2_PLACEMENT_3D('',#12688,#10429,#10430);
#9760=AXIS2_PLACEMENT_3D('',#12691,#10432,#10433);
#9761=AXIS2_PLACEMENT_3D('',#12692,#10434,#10435);
#9762=AXIS2_PLACEMENT_3D('',#12705,#10442,#10443);
#9763=AXIS2_PLACEMENT_3D('',#12713,#10448,#10449);
#9764=AXIS2_PLACEMENT_3D('',#12721,#10454,#10455);
#9765=AXIS2_PLACEMENT_3D('',#12725,#10458,#10459);
#9766=AXIS2_PLACEMENT_3D('',#12729,#10462,#10463);
#9767=AXIS2_PLACEMENT_3D('',#12733,#10466,#10467);
#9768=AXIS2_PLACEMENT_3D('',#12739,#10471,#10472);
#9769=AXIS2_PLACEMENT_3D('',#12741,#10474,#10475);
#9770=AXIS2_PLACEMENT_3D('',#12754,#10482,#10483);
#9771=AXIS2_PLACEMENT_3D('',#12760,#10487,#10488);
#9772=AXIS2_PLACEMENT_3D('',#12766,#10493,#10494);
#9773=AXIS2_PLACEMENT_3D('',#12774,#10499,#10500);
#9774=AXIS2_PLACEMENT_3D('',#12778,#10503,#10504);
#9775=AXIS2_PLACEMENT_3D('',#12788,#10509,#10510);
#9776=AXIS2_PLACEMENT_3D('',#12796,#10514,#10515);
#9777=AXIS2_PLACEMENT_3D('',#12804,#10519,#10520);
#9778=AXIS2_PLACEMENT_3D('',#12812,#10524,#10525);
#9779=AXIS2_PLACEMENT_3D('',#12820,#10529,#10530);
#9780=AXIS2_PLACEMENT_3D('',#12828,#10534,#10535);
#9781=AXIS2_PLACEMENT_3D('',#12835,#10540,#10541);
#9782=AXIS2_PLACEMENT_3D('',#12837,#10543,#10544);
#9783=AXIS2_PLACEMENT_3D('',#12841,#10547,#10548);
#9784=AXIS2_PLACEMENT_3D('',#12845,#10551,#10552);
#9785=AXIS2_PLACEMENT_3D('',#12847,#10554,#10555);
#9786=AXIS2_PLACEMENT_3D('',#12855,#10560,#10561);
#9787=AXIS2_PLACEMENT_3D('',#12865,#10567,#10568);
#9788=AXIS2_PLACEMENT_3D('',#12869,#10571,#10572);
#9789=AXIS2_PLACEMENT_3D('',#12880,#10578,#10579);
#9790=AXIS2_PLACEMENT_3D('',#12887,#10584,#10585);
#9791=AXIS2_PLACEMENT_3D('',#12899,#10592,#10593);
#9792=AXIS2_PLACEMENT_3D('',#12905,#10597,#10598);
#9793=AXIS2_PLACEMENT_3D('',#12909,#10601,#10602);
#9794=AXIS2_PLACEMENT_3D('',#12920,#10608,#10609);
#9795=AXIS2_PLACEMENT_3D('',#12927,#10614,#10615);
#9796=AXIS2_PLACEMENT_3D('',#12939,#10622,#10623);
#9797=AXIS2_PLACEMENT_3D('',#12945,#10627,#10628);
#9798=AXIS2_PLACEMENT_3D('',#12949,#10631,#10632);
#9799=AXIS2_PLACEMENT_3D('',#12960,#10638,#10639);
#9800=AXIS2_PLACEMENT_3D('',#12967,#10644,#10645);
#9801=AXIS2_PLACEMENT_3D('',#12979,#10652,#10653);
#9802=AXIS2_PLACEMENT_3D('',#12985,#10657,#10658);
#9803=AXIS2_PLACEMENT_3D('',#12989,#10661,#10662);
#9804=AXIS2_PLACEMENT_3D('',#13000,#10668,#10669);
#9805=AXIS2_PLACEMENT_3D('',#13007,#10674,#10675);
#9806=AXIS2_PLACEMENT_3D('',#13019,#10682,#10683);
#9807=AXIS2_PLACEMENT_3D('',#13025,#10687,#10688);
#9808=AXIS2_PLACEMENT_3D('',#13029,#10691,#10692);
#9809=AXIS2_PLACEMENT_3D('',#13040,#10698,#10699);
#9810=AXIS2_PLACEMENT_3D('',#13047,#10704,#10705);
#9811=AXIS2_PLACEMENT_3D('',#13059,#10712,#10713);
#9812=AXIS2_PLACEMENT_3D('',#13065,#10717,#10718);
#9813=AXIS2_PLACEMENT_3D('',#13069,#10721,#10722);
#9814=AXIS2_PLACEMENT_3D('',#13077,#10727,#10728);
#9815=AXIS2_PLACEMENT_3D('',#13083,#10732,#10733);
#9816=AXIS2_PLACEMENT_3D('',#13085,#10735,#10736);
#9817=AXIS2_PLACEMENT_3D('',#13091,#10740,#10741);
#9818=AXIS2_PLACEMENT_3D('',#13095,#10743,#10744);
#9819=AXIS2_PLACEMENT_3D('',#13096,#10745,#10746);
#9820=AXIS2_PLACEMENT_3D('',#13097,#10747,#10748);
#9821=AXIS2_PLACEMENT_3D('',#13103,#10752,#10753);
#9822=AXIS2_PLACEMENT_3D('',#13105,#10754,#10755);
#9823=AXIS2_PLACEMENT_3D('',#13108,#10757,#10758);
#9824=AXIS2_PLACEMENT_3D('',#13109,#10759,#10760);
#9825=AXIS2_PLACEMENT_3D('',#13115,#10764,#10765);
#9826=AXIS2_PLACEMENT_3D('',#13118,#10767,#10768);
#9827=AXIS2_PLACEMENT_3D('',#13119,#10769,#10770);
#9828=AXIS2_PLACEMENT_3D('',#13120,#10771,#10772);
#9829=AXIS2_PLACEMENT_3D('',#13122,#10774,#10775);
#9830=AXIS2_PLACEMENT_3D('',#13124,#10776,#10777);
#9831=AXIS2_PLACEMENT_3D('',#13126,#10779,#10780);
#9832=AXIS2_PLACEMENT_3D('',#13130,#10783,#10784);
#9833=AXIS2_PLACEMENT_3D('',#13134,#10786,#10787);
#9834=AXIS2_PLACEMENT_3D('',#13135,#10788,#10789);
#9835=AXIS2_PLACEMENT_3D('',#13136,#10790,#10791);
#9836=AXIS2_PLACEMENT_3D('',#13142,#10795,#10796);
#9837=AXIS2_PLACEMENT_3D('',#13144,#10797,#10798);
#9838=AXIS2_PLACEMENT_3D('',#13147,#10800,#10801);
#9839=AXIS2_PLACEMENT_3D('',#13148,#10802,#10803);
#9840=AXIS2_PLACEMENT_3D('',#13154,#10807,#10808);
#9841=AXIS2_PLACEMENT_3D('',#13157,#10810,#10811);
#9842=AXIS2_PLACEMENT_3D('',#13158,#10812,#10813);
#9843=AXIS2_PLACEMENT_3D('',#13159,#10814,#10815);
#9844=AXIS2_PLACEMENT_3D('',#13161,#10817,#10818);
#9845=AXIS2_PLACEMENT_3D('',#13165,#10820,#10821);
#9846=AXIS2_PLACEMENT_3D('',#13167,#10823,#10824);
#9847=AXIS2_PLACEMENT_3D('',#13171,#10827,#10828);
#9848=AXIS2_PLACEMENT_3D('',#13175,#10830,#10831);
#9849=AXIS2_PLACEMENT_3D('',#13176,#10832,#10833);
#9850=AXIS2_PLACEMENT_3D('',#13177,#10834,#10835);
#9851=AXIS2_PLACEMENT_3D('',#13183,#10839,#10840);
#9852=AXIS2_PLACEMENT_3D('',#13185,#10841,#10842);
#9853=AXIS2_PLACEMENT_3D('',#13188,#10844,#10845);
#9854=AXIS2_PLACEMENT_3D('',#13189,#10846,#10847);
#9855=AXIS2_PLACEMENT_3D('',#13195,#10851,#10852);
#9856=AXIS2_PLACEMENT_3D('',#13198,#10854,#10855);
#9857=AXIS2_PLACEMENT_3D('',#13199,#10856,#10857);
#9858=AXIS2_PLACEMENT_3D('',#13200,#10858,#10859);
#9859=AXIS2_PLACEMENT_3D('',#13202,#10861,#10862);
#9860=AXIS2_PLACEMENT_3D('',#13206,#10864,#10865);
#9861=AXIS2_PLACEMENT_3D('',#13208,#10867,#10868);
#9862=AXIS2_PLACEMENT_3D('',#13212,#10871,#10872);
#9863=AXIS2_PLACEMENT_3D('',#13216,#10874,#10875);
#9864=AXIS2_PLACEMENT_3D('',#13217,#10876,#10877);
#9865=AXIS2_PLACEMENT_3D('',#13218,#10878,#10879);
#9866=AXIS2_PLACEMENT_3D('',#13224,#10883,#10884);
#9867=AXIS2_PLACEMENT_3D('',#13226,#10885,#10886);
#9868=AXIS2_PLACEMENT_3D('',#13229,#10888,#10889);
#9869=AXIS2_PLACEMENT_3D('',#13230,#10890,#10891);
#9870=AXIS2_PLACEMENT_3D('',#13236,#10895,#10896);
#9871=AXIS2_PLACEMENT_3D('',#13239,#10898,#10899);
#9872=AXIS2_PLACEMENT_3D('',#13240,#10900,#10901);
#9873=AXIS2_PLACEMENT_3D('',#13241,#10902,#10903);
#9874=AXIS2_PLACEMENT_3D('',#13243,#10905,#10906);
#9875=AXIS2_PLACEMENT_3D('',#13247,#10908,#10909);
#9876=AXIS2_PLACEMENT_3D('',#13249,#10911,#10912);
#9877=AXIS2_PLACEMENT_3D('',#13253,#10915,#10916);
#9878=AXIS2_PLACEMENT_3D('',#13257,#10918,#10919);
#9879=AXIS2_PLACEMENT_3D('',#13258,#10920,#10921);
#9880=AXIS2_PLACEMENT_3D('',#13259,#10922,#10923);
#9881=AXIS2_PLACEMENT_3D('',#13265,#10927,#10928);
#9882=AXIS2_PLACEMENT_3D('',#13267,#10929,#10930);
#9883=AXIS2_PLACEMENT_3D('',#13270,#10932,#10933);
#9884=AXIS2_PLACEMENT_3D('',#13271,#10934,#10935);
#9885=AXIS2_PLACEMENT_3D('',#13277,#10939,#10940);
#9886=AXIS2_PLACEMENT_3D('',#13280,#10942,#10943);
#9887=AXIS2_PLACEMENT_3D('',#13281,#10944,#10945);
#9888=AXIS2_PLACEMENT_3D('',#13282,#10946,#10947);
#9889=AXIS2_PLACEMENT_3D('',#13284,#10949,#10950);
#9890=AXIS2_PLACEMENT_3D('',#13288,#10952,#10953);
#9891=AXIS2_PLACEMENT_3D('',#13290,#10955,#10956);
#9892=AXIS2_PLACEMENT_3D('',#13294,#10959,#10960);
#9893=AXIS2_PLACEMENT_3D('',#13298,#10962,#10963);
#9894=AXIS2_PLACEMENT_3D('',#13299,#10964,#10965);
#9895=AXIS2_PLACEMENT_3D('',#13300,#10966,#10967);
#9896=AXIS2_PLACEMENT_3D('',#13306,#10971,#10972);
#9897=AXIS2_PLACEMENT_3D('',#13308,#10973,#10974);
#9898=AXIS2_PLACEMENT_3D('',#13311,#10976,#10977);
#9899=AXIS2_PLACEMENT_3D('',#13312,#10978,#10979);
#9900=AXIS2_PLACEMENT_3D('',#13318,#10983,#10984);
#9901=AXIS2_PLACEMENT_3D('',#13321,#10986,#10987);
#9902=AXIS2_PLACEMENT_3D('',#13322,#10988,#10989);
#9903=AXIS2_PLACEMENT_3D('',#13323,#10990,#10991);
#9904=AXIS2_PLACEMENT_3D('',#13325,#10993,#10994);
#9905=AXIS2_PLACEMENT_3D('',#13329,#10996,#10997);
#9906=AXIS2_PLACEMENT_3D('',#13331,#10999,#11000);
#9907=AXIS2_PLACEMENT_3D('',#13332,#11001,#11002);
#9908=AXIS2_PLACEMENT_3D('',#13333,#11003,#11004);
#9909=AXIS2_PLACEMENT_3D('',#13336,#11006,#11007);
#9910=AXIS2_PLACEMENT_3D('',#13337,#11008,#11009);
#9911=AXIS2_PLACEMENT_3D('',#13339,#11011,#11012);
#9912=AXIS2_PLACEMENT_3D('',#13342,#11014,#11015);
#9913=AXIS2_PLACEMENT_3D('',#13343,#11016,#11017);
#9914=AXIS2_PLACEMENT_3D('',#13345,#11019,#11020);
#9915=AXIS2_PLACEMENT_3D('',#13348,#11022,#11023);
#9916=AXIS2_PLACEMENT_3D('',#13349,#11024,#11025);
#9917=AXIS2_PLACEMENT_3D('',#13351,#11027,#11028);
#9918=AXIS2_PLACEMENT_3D('',#13354,#11030,#11031);
#9919=AXIS2_PLACEMENT_3D('',#13355,#11032,#11033);
#9920=AXIS2_PLACEMENT_3D('',#13357,#11035,#11036);
#9921=AXIS2_PLACEMENT_3D('',#13360,#11038,#11039);
#9922=AXIS2_PLACEMENT_3D('',#13361,#11040,#11041);
#9923=AXIS2_PLACEMENT_3D('',#13363,#11043,#11044);
#9924=AXIS2_PLACEMENT_3D('',#13365,#11046,#11047);
#9925=AXIS2_PLACEMENT_3D('',#13366,#11048,#11049);
#9926=AXIS2_PLACEMENT_3D('',#13368,#11051,#11052);
#9927=AXIS2_PLACEMENT_3D('',#13370,#11054,#11055);
#9928=AXIS2_PLACEMENT_3D('',#13371,#11056,#11057);
#9929=AXIS2_PLACEMENT_3D('',#13373,#11059,#11060);
#9930=AXIS2_PLACEMENT_3D('',#13375,#11062,#11063);
#9931=AXIS2_PLACEMENT_3D('',#13376,#11064,#11065);
#9932=AXIS2_PLACEMENT_3D('',#13378,#11067,#11068);
#9933=AXIS2_PLACEMENT_3D('',#13380,#11070,#11071);
#9934=AXIS2_PLACEMENT_3D('',#13381,#11072,#11073);
#9935=AXIS2_PLACEMENT_3D('',#13383,#11075,#11076);
#9936=AXIS2_PLACEMENT_3D('',#13385,#11078,#11079);
#9937=AXIS2_PLACEMENT_3D('',#13386,#11080,#11081);
#9938=AXIS2_PLACEMENT_3D('',#13388,#11083,#11084);
#9939=AXIS2_PLACEMENT_3D('',#13390,#11086,#11087);
#9940=AXIS2_PLACEMENT_3D('',#13501,#11089,#11090);
#9941=AXIS2_PLACEMENT_3D('',#13510,#11094,#11095);
#9942=AXIS2_PLACEMENT_3D('',#13514,#11097,#11098);
#9943=AXIS2_PLACEMENT_3D('',#13518,#11100,#11101);
#9944=AXIS2_PLACEMENT_3D('',#13522,#11103,#11104);
#9945=AXIS2_PLACEMENT_3D('',#13526,#11106,#11107);
#9946=AXIS2_PLACEMENT_3D('',#13530,#11109,#11110);
#9947=AXIS2_PLACEMENT_3D('',#13534,#11112,#11113);
#9948=AXIS2_PLACEMENT_3D('',#13538,#11115,#11116);
#9949=AXIS2_PLACEMENT_3D('',#13542,#11118,#11119);
#9950=AXIS2_PLACEMENT_3D('',#13546,#11121,#11122);
#9951=AXIS2_PLACEMENT_3D('',#13550,#11124,#11125);
#9952=AXIS2_PLACEMENT_3D('',#13554,#11127,#11128);
#9953=AXIS2_PLACEMENT_3D('',#13558,#11130,#11131);
#9954=AXIS2_PLACEMENT_3D('',#13562,#11133,#11134);
#9955=AXIS2_PLACEMENT_3D('',#13566,#11136,#11137);
#9956=AXIS2_PLACEMENT_3D('',#13570,#11139,#11140);
#9957=AXIS2_PLACEMENT_3D('',#13574,#11142,#11143);
#9958=AXIS2_PLACEMENT_3D('',#13578,#11145,#11146);
#9959=AXIS2_PLACEMENT_3D('',#13599,#11149,#11150);
#9960=AXIS2_PLACEMENT_3D('',#13688,#11153,#11154);
#9961=AXIS2_PLACEMENT_3D('',#13690,#11156,#11157);
#9962=AXIS2_PLACEMENT_3D('',#13693,#11160,#11161);
#9963=AXIS2_PLACEMENT_3D('',#13694,#11162,#11163);
#9964=AXIS2_PLACEMENT_3D('',#13696,#11165,#11166);
#9965=AXIS2_PLACEMENT_3D('',#13700,#11169,#11170);
#9966=AXIS2_PLACEMENT_3D('',#13703,#11173,#11174);
#9967=AXIS2_PLACEMENT_3D('',#13707,#11178,#11179);
#9968=AXIS2_PLACEMENT_3D('',#13713,#11183,#11184);
#9969=AXIS2_PLACEMENT_3D('',#13715,#11186,#11187);
#9970=AXIS2_PLACEMENT_3D('',#13718,#11189,#11190);
#9971=AXIS2_PLACEMENT_3D('',#13719,#11191,#11192);
#9972=AXIS2_PLACEMENT_3D('',#13723,#11195,#11196);
#9973=AXIS2_PLACEMENT_3D('',#13726,#11198,#11199);
#9974=AXIS2_PLACEMENT_3D('',#13727,#11200,#11201);
#9975=AXIS2_PLACEMENT_3D('',#13731,#11204,#11205);
#9976=AXIS2_PLACEMENT_3D('',#13733,#11207,#11208);
#9977=AXIS2_PLACEMENT_3D('',#13734,#11209,#11210);
#9978=AXIS2_PLACEMENT_3D('',#13736,#11212,#11213);
#9979=AXIS2_PLACEMENT_3D('',#13739,#11215,#11216);
#9980=AXIS2_PLACEMENT_3D('',#13740,#11217,#11218);
#9981=AXIS2_PLACEMENT_3D('',#13744,#11221,#11222);
#9982=AXIS2_PLACEMENT_3D('',#13747,#11224,#11225);
#9983=AXIS2_PLACEMENT_3D('',#13748,#11226,#11227);
#9984=AXIS2_PLACEMENT_3D('',#13752,#11230,#11231);
#9985=AXIS2_PLACEMENT_3D('',#13754,#11233,#11234);
#9986=AXIS2_PLACEMENT_3D('',#13755,#11235,#11236);
#9987=AXIS2_PLACEMENT_3D('',#13757,#11238,#11239);
#9988=AXIS2_PLACEMENT_3D('',#13760,#11241,#11242);
#9989=AXIS2_PLACEMENT_3D('',#13761,#11243,#11244);
#9990=AXIS2_PLACEMENT_3D('',#13765,#11247,#11248);
#9991=AXIS2_PLACEMENT_3D('',#13768,#11250,#11251);
#9992=AXIS2_PLACEMENT_3D('',#13769,#11252,#11253);
#9993=AXIS2_PLACEMENT_3D('',#13773,#11256,#11257);
#9994=AXIS2_PLACEMENT_3D('',#13775,#11259,#11260);
#9995=AXIS2_PLACEMENT_3D('',#13776,#11261,#11262);
#9996=AXIS2_PLACEMENT_3D('',#13778,#11264,#11265);
#9997=AXIS2_PLACEMENT_3D('',#13781,#11267,#11268);
#9998=AXIS2_PLACEMENT_3D('',#13782,#11269,#11270);
#9999=AXIS2_PLACEMENT_3D('',#13786,#11273,#11274);
#10000=AXIS2_PLACEMENT_3D('',#13789,#11276,#11277);
#10001=AXIS2_PLACEMENT_3D('',#13790,#11278,#11279);
#10002=AXIS2_PLACEMENT_3D('',#13794,#11282,#11283);
#10003=AXIS2_PLACEMENT_3D('',#13796,#11285,#11286);
#10004=AXIS2_PLACEMENT_3D('',#13797,#11287,#11288);
#10005=AXIS2_PLACEMENT_3D('',#13799,#11290,#11291);
#10006=AXIS2_PLACEMENT_3D('',#13802,#11293,#11294);
#10007=AXIS2_PLACEMENT_3D('',#13803,#11295,#11296);
#10008=AXIS2_PLACEMENT_3D('',#13807,#11299,#11300);
#10009=AXIS2_PLACEMENT_3D('',#13810,#11302,#11303);
#10010=AXIS2_PLACEMENT_3D('',#13811,#11304,#11305);
#10011=AXIS2_PLACEMENT_3D('',#13815,#11308,#11309);
#10012=AXIS2_PLACEMENT_3D('',#13817,#11311,#11312);
#10013=AXIS2_PLACEMENT_3D('',#13818,#11313,#11314);
#10014=AXIS2_PLACEMENT_3D('',#13820,#11316,#11317);
#10015=AXIS2_PLACEMENT_3D('',#13823,#11319,#11320);
#10016=AXIS2_PLACEMENT_3D('',#13824,#11321,#11322);
#10017=AXIS2_PLACEMENT_3D('',#13828,#11325,#11326);
#10018=AXIS2_PLACEMENT_3D('',#13831,#11328,#11329);
#10019=AXIS2_PLACEMENT_3D('',#13832,#11330,#11331);
#10020=AXIS2_PLACEMENT_3D('',#13836,#11334,#11335);
#10021=AXIS2_PLACEMENT_3D('',#13839,#11337,#11338);
#10022=AXIS2_PLACEMENT_3D('',#13840,#11339,#11340);
#10023=AXIS2_PLACEMENT_3D('',#13842,#11342,#11343);
#10024=AXIS2_PLACEMENT_3D('',#13845,#11346,#11347);
#10025=AXIS2_PLACEMENT_3D('',#13847,#11349,#11350);
#10026=AXIS2_PLACEMENT_3D('',#13848,#11351,#11352);
#10027=AXIS2_PLACEMENT_3D('',#13853,#11356,#11357);
#10028=AXIS2_PLACEMENT_3D('',#13854,#11358,#11359);
#10029=AXIS2_PLACEMENT_3D('',#13856,#11361,#11362);
#10030=AXIS2_PLACEMENT_3D('',#13858,#11364,#11365);
#10031=AXIS2_PLACEMENT_3D('',#13860,#11367,#11368);
#10032=AXIS2_PLACEMENT_3D('',#13862,#11370,#11371);
#10033=AXIS2_PLACEMENT_3D('',#13864,#11373,#11374);
#10034=AXIS2_PLACEMENT_3D('',#13865,#11375,#11376);
#10035=AXIS2_PLACEMENT_3D('',#13867,#11378,#11379);
#10036=AXIS2_PLACEMENT_3D('',#13869,#11381,#11382);
#10037=AXIS2_PLACEMENT_3D('',#13871,#11384,#11385);
#10038=AXIS2_PLACEMENT_3D('',#13873,#11387,#11388);
#10039=AXIS2_PLACEMENT_3D('',#13874,#11389,#11390);
#10040=AXIS2_PLACEMENT_3D('',#13876,#11392,#11393);
#10041=AXIS2_PLACEMENT_3D('',#13878,#11395,#11396);
#10042=AXIS2_PLACEMENT_3D('',#13880,#11398,#11399);
#10043=AXIS2_PLACEMENT_3D('',#13882,#11401,#11402);
#10044=AXIS2_PLACEMENT_3D('',#13884,#11404,#11405);
#10045=AXIS2_PLACEMENT_3D('',#13885,#11406,#11407);
#10046=AXIS2_PLACEMENT_3D('',#13886,#11408,#11409);
#10047=AXIS2_PLACEMENT_3D('',#13888,#11411,#11412);
#10048=AXIS2_PLACEMENT_3D('',#13890,#11414,#11415);
#10049=AXIS2_PLACEMENT_3D('',#13892,#11417,#11418);
#10050=AXIS2_PLACEMENT_3D('',#13894,#11420,#11421);
#10051=AXIS2_PLACEMENT_3D('',#13896,#11423,#11424);
#10052=AXIS2_PLACEMENT_3D('',#13898,#11426,#11427);
#10053=AXIS2_PLACEMENT_3D('',#13900,#11429,#11430);
#10054=AXIS2_PLACEMENT_3D('',#13901,#11431,#11432);
#10055=AXIS2_PLACEMENT_3D('',#13903,#11434,#11435);
#10056=AXIS2_PLACEMENT_3D('',#13904,#11436,#11437);
#10057=AXIS2_PLACEMENT_3D('',#13906,#11439,#11440);
#10058=AXIS2_PLACEMENT_3D('',#13908,#11442,#11443);
#10059=AXIS2_PLACEMENT_3D('',#13909,#11444,#11445);
#10060=AXIS2_PLACEMENT_3D('',#13911,#11447,#11448);
#10061=AXIS2_PLACEMENT_3D('',#13913,#11450,#11451);
#10062=AXIS2_PLACEMENT_3D('',#13914,#11452,#11453);
#10063=AXIS2_PLACEMENT_3D('',#13915,#11454,#11455);
#10064=AXIS2_PLACEMENT_3D('',#13916,#11456,#11457);
#10065=AXIS2_PLACEMENT_3D('',#13917,#11458,#11459);
#10066=AXIS2_PLACEMENT_3D('',#13919,#11460,#11461);
#10067=AXIS2_PLACEMENT_3D('',#13920,#11462,#11463);
#10068=AXIS2_PLACEMENT_3D('',#13923,#11465,#11466);
#10069=AXIS2_PLACEMENT_3D('',#13924,#11467,#11468);
#10070=AXIS2_PLACEMENT_3D('',#13925,#11469,#11470);
#10071=AXIS2_PLACEMENT_3D('',#13927,#11471,#11472);
#10072=AXIS2_PLACEMENT_3D('',#13928,#11473,#11474);
#10073=AXIS2_PLACEMENT_3D('',#13931,#11476,#11477);
#10074=AXIS2_PLACEMENT_3D('',#13932,#11478,#11479);
#10075=AXIS2_PLACEMENT_3D('',#13933,#11480,#11481);
#10076=AXIS2_PLACEMENT_3D('',#13935,#11482,#11483);
#10077=AXIS2_PLACEMENT_3D('',#13936,#11484,#11485);
#10078=AXIS2_PLACEMENT_3D('',#13939,#11487,#11488);
#10079=AXIS2_PLACEMENT_3D('',#13940,#11489,#11490);
#10080=AXIS2_PLACEMENT_3D('',#13941,#11491,#11492);
#10081=AXIS2_PLACEMENT_3D('',#13943,#11493,#11494);
#10082=AXIS2_PLACEMENT_3D('',#13944,#11495,#11496);
#10083=AXIS2_PLACEMENT_3D('',#13947,#11498,#11499);
#10084=AXIS2_PLACEMENT_3D('',#13948,#11500,#11501);
#10085=AXIS2_PLACEMENT_3D('',#13949,#11502,#11503);
#10086=AXIS2_PLACEMENT_3D('',#13951,#11504,#11505);
#10087=AXIS2_PLACEMENT_3D('',#13952,#11506,#11507);
#10088=AXIS2_PLACEMENT_3D('',#13955,#11509,#11510);
#10089=AXIS2_PLACEMENT_3D('',#13956,#11511,#11512);
#10090=AXIS2_PLACEMENT_3D('',#13957,#11513,#11514);
#10091=AXIS2_PLACEMENT_3D('',#13959,#11515,#11516);
#10092=AXIS2_PLACEMENT_3D('',#13960,#11517,#11518);
#10093=AXIS2_PLACEMENT_3D('',#13963,#11520,#11521);
#10094=AXIS2_PLACEMENT_3D('',#13964,#11522,#11523);
#10095=AXIS2_PLACEMENT_3D('',#13965,#11524,#11525);
#10096=AXIS2_PLACEMENT_3D('',#14022,#11554,#11555);
#10097=AXIS2_PLACEMENT_3D('',#14028,#11559,#11560);
#10098=AXIS2_PLACEMENT_3D('',#14034,#11564,#11565);
#10099=AXIS2_PLACEMENT_3D('',#14040,#11569,#11570);
#10100=AXIS2_PLACEMENT_3D('',#14046,#11574,#11575);
#10101=AXIS2_PLACEMENT_3D('',#14052,#11579,#11580);
#10102=AXIS2_PLACEMENT_3D('',#14058,#11584,#11585);
#10103=AXIS2_PLACEMENT_3D('',#14064,#11589,#11590);
#10104=AXIS2_PLACEMENT_3D('',#14070,#11594,#11595);
#10105=AXIS2_PLACEMENT_3D('',#14076,#11599,#11600);
#10106=AXIS2_PLACEMENT_3D('',#14082,#11604,#11605);
#10107=AXIS2_PLACEMENT_3D('',#14088,#11609,#11610);
#10108=AXIS2_PLACEMENT_3D('',#14092,#11613,#11614);
#10109=AXIS2_PLACEMENT_3D('',#14093,#11615,#11616);
#10110=AXIS2_PLACEMENT_3D('',#14097,#11619,#11620);
#10111=AXIS2_PLACEMENT_3D('',#14098,#11621,#11622);
#10112=AXIS2_PLACEMENT_3D('',#14102,#11625,#11626);
#10113=AXIS2_PLACEMENT_3D('',#14103,#11627,#11628);
#10114=AXIS2_PLACEMENT_3D('',#14107,#11631,#11632);
#10115=AXIS2_PLACEMENT_3D('',#14108,#11633,#11634);
#10116=AXIS2_PLACEMENT_3D('',#14112,#11637,#11638);
#10117=AXIS2_PLACEMENT_3D('',#14113,#11639,#11640);
#10118=AXIS2_PLACEMENT_3D('',#14120,#11644,#11645);
#10119=AXIS2_PLACEMENT_3D('',#14121,#11646,#11647);
#10120=AXIS2_PLACEMENT_3D('',#14123,#11648,#11649);
#10121=AXIS2_PLACEMENT_3D('',#14125,#11651,#11652);
#10122=AXIS2_PLACEMENT_3D('',#14127,#11653,#11654);
#10123=AXIS2_PLACEMENT_3D('',#14129,#11656,#11657);
#10124=AXIS2_PLACEMENT_3D('',#14131,#11658,#11659);
#10125=AXIS2_PLACEMENT_3D('',#14133,#11661,#11662);
#10126=AXIS2_PLACEMENT_3D('',#14135,#11663,#11664);
#10127=AXIS2_PLACEMENT_3D('',#14137,#11666,#11667);
#10128=AXIS2_PLACEMENT_3D('',#14139,#11668,#11669);
#10129=AXIS2_PLACEMENT_3D('',#14141,#11671,#11672);
#10130=AXIS2_PLACEMENT_3D('',#14150,#11677,#11678);
#10131=AXIS2_PLACEMENT_3D('',#14156,#11682,#11683);
#10132=AXIS2_PLACEMENT_3D('',#14162,#11687,#11688);
#10133=AXIS2_PLACEMENT_3D('',#14165,#11691,#11692);
#10134=AXIS2_PLACEMENT_3D('',#14171,#11696,#11697);
#10135=AXIS2_PLACEMENT_3D('',#14175,#11700,#11701);
#10136=AXIS2_PLACEMENT_3D('',#14177,#11702,#11703);
#10137=AXIS2_PLACEMENT_3D('',#14178,#11704,#11705);
#10138=AXIS2_PLACEMENT_3D('',#14180,#11707,#11708);
#10139=AXIS2_PLACEMENT_3D('',#14192,#11715,#11716);
#10140=AXIS2_PLACEMENT_3D('',#14194,#11718,#11719);
#10141=AXIS2_PLACEMENT_3D('',#14195,#11720,#11721);
#10142=AXIS2_PLACEMENT_3D('',#14196,#11722,#11723);
#10143=AXIS2_PLACEMENT_3D('',#14199,#11726,#11727);
#10144=AXIS2_PLACEMENT_3D('',#14200,#11728,#11729);
#10145=AXIS2_PLACEMENT_3D('',#14203,#11732,#11733);
#10146=AXIS2_PLACEMENT_3D('',#14205,#11735,#11736);
#10147=AXIS2_PLACEMENT_3D('',#14207,#11738,#11739);
#10148=AXIS2_PLACEMENT_3D('',#14208,#11740,#11741);
#10149=AXIS2_PLACEMENT_3D('',#14209,#11742,#11743);
#10150=AXIS2_PLACEMENT_3D('',#14210,#11744,#11745);
#10151=AXIS2_PLACEMENT_3D('',#14211,#11746,#11747);
#10152=AXIS2_PLACEMENT_3D('',#14212,#11748,#11749);
#10153=AXIS2_PLACEMENT_3D('',#14213,#11750,#11751);
#10154=AXIS2_PLACEMENT_3D('',#14214,#11752,#11753);
#10155=AXIS2_PLACEMENT_3D('',#14215,#11754,#11755);
#10156=AXIS2_PLACEMENT_3D('',#14216,#11756,#11757);
#10157=AXIS2_PLACEMENT_3D('',#14217,#11758,#11759);
#10158=AXIS2_PLACEMENT_3D('',#14218,#11760,#11761);
#10159=AXIS2_PLACEMENT_3D('',#14219,#11762,#11763);
#10160=AXIS2_PLACEMENT_3D('',#14220,#11764,#11765);
#10161=AXIS2_PLACEMENT_3D('',#14222,#11766,#11767);
#10162=AXIS2_PLACEMENT_3D('',#14223,#11768,#11769);
#10163=AXIS2_PLACEMENT_3D('',#14226,#11771,#11772);
#10164=AXIS2_PLACEMENT_3D('',#14227,#11773,#11774);
#10165=AXIS2_PLACEMENT_3D('',#14228,#11775,#11776);
#10166=AXIS2_PLACEMENT_3D('',#14230,#11777,#11778);
#10167=AXIS2_PLACEMENT_3D('',#14233,#11780,#11781);
#10168=AXIS2_PLACEMENT_3D('',#14234,#11782,#11783);
#10169=AXIS2_PLACEMENT_3D('',#14237,#11785,#11786);
#10170=AXIS2_PLACEMENT_3D('',#14238,#11787,#11788);
#10171=AXIS2_PLACEMENT_3D('',#14239,#11789,#11790);
#10172=AXIS2_PLACEMENT_3D('',#14242,#11792,#11793);
#10173=AXIS2_PLACEMENT_3D('',#14243,#11794,#11795);
#10174=AXIS2_PLACEMENT_3D('',#14245,#11796,#11797);
#10175=AXIS2_PLACEMENT_3D('',#14246,#11798,#11799);
#10176=AXIS2_PLACEMENT_3D('',#14248,#11800,#11801);
#10177=AXIS2_PLACEMENT_3D('',#14251,#11803,#11804);
#10178=AXIS2_PLACEMENT_3D('',#14252,#11805,#11806);
#10179=AXIS2_PLACEMENT_3D('',#14254,#11807,#11808);
#10180=AXIS2_PLACEMENT_3D('',#14255,#11809,#11810);
#10181=AXIS2_PLACEMENT_3D('',#14257,#11812,#11813);
#10182=AXIS2_PLACEMENT_3D('',#14260,#11815,#11816);
#10183=AXIS2_PLACEMENT_3D('',#14261,#11817,#11818);
#10184=AXIS2_PLACEMENT_3D('',#14262,#11819,#11820);
#10185=AXIS2_PLACEMENT_3D('',#14263,#11821,#11822);
#10186=AXIS2_PLACEMENT_3D('',#14272,#11827,#11828);
#10187=AXIS2_PLACEMENT_3D('',#14274,#11829,#11830);
#10188=AXIS2_PLACEMENT_3D('',#14277,#11832,#11833);
#10189=AXIS2_PLACEMENT_3D('',#14278,#11834,#11835);
#10190=AXIS2_PLACEMENT_3D('',#14284,#11839,#11840);
#10191=AXIS2_PLACEMENT_3D('',#14286,#11841,#11842);
#10192=AXIS2_PLACEMENT_3D('',#14289,#11844,#11845);
#10193=AXIS2_PLACEMENT_3D('',#14290,#11846,#11847);
#10194=AXIS2_PLACEMENT_3D('',#14296,#11851,#11852);
#10195=AXIS2_PLACEMENT_3D('',#14298,#11853,#11854);
#10196=AXIS2_PLACEMENT_3D('',#14301,#11856,#11857);
#10197=AXIS2_PLACEMENT_3D('',#14302,#11858,#11859);
#10198=AXIS2_PLACEMENT_3D('',#14308,#11863,#11864);
#10199=AXIS2_PLACEMENT_3D('',#14310,#11865,#11866);
#10200=AXIS2_PLACEMENT_3D('',#14313,#11868,#11869);
#10201=AXIS2_PLACEMENT_3D('',#14314,#11870,#11871);
#10202=AXIS2_PLACEMENT_3D('',#14320,#11875,#11876);
#10203=AXIS2_PLACEMENT_3D('',#14324,#11878,#11879);
#10204=AXIS2_PLACEMENT_3D('',#14326,#11881,#11882);
#10205=AXIS2_PLACEMENT_3D('',#14330,#11885,#11886);
#10206=AXIS2_PLACEMENT_3D('',#14333,#11888,#11889);
#10207=AXIS2_PLACEMENT_3D('',#14334,#11890,#11891);
#10208=AXIS2_PLACEMENT_3D('',#14338,#11894,#11895);
#10209=AXIS2_PLACEMENT_3D('',#14341,#11897,#11898);
#10210=AXIS2_PLACEMENT_3D('',#14342,#11899,#11900);
#10211=AXIS2_PLACEMENT_3D('',#14346,#11903,#11904);
#10212=AXIS2_PLACEMENT_3D('',#14349,#11906,#11907);
#10213=AXIS2_PLACEMENT_3D('',#14350,#11908,#11909);
#10214=AXIS2_PLACEMENT_3D('',#14365,#11918,#11919);
#10215=AXIS2_PLACEMENT_3D('',#14369,#11921,#11922);
#10216=AXIS2_PLACEMENT_3D('',#14374,#11925,#11926);
#10217=AXIS2_PLACEMENT_3D('',#14716,#11975,#11976);
#10218=AXIS2_PLACEMENT_3D('',#14720,#11978,#11979);
#10219=AXIS2_PLACEMENT_3D('',#14722,#11981,#11982);
#10220=AXIS2_PLACEMENT_3D('',#14724,#11984,#11985);
#10221=AXIS2_PLACEMENT_3D('',#14726,#11987,#11988);
#10222=AXIS2_PLACEMENT_3D('',#14727,#11989,#11990);
#10223=AXIS2_PLACEMENT_3D('',#14731,#11992,#11993);
#10224=AXIS2_PLACEMENT_3D('',#14733,#11995,#11996);
#10225=AXIS2_PLACEMENT_3D('',#14735,#11998,#11999);
#10226=AXIS2_PLACEMENT_3D('',#14737,#12001,#12002);
#10227=AXIS2_PLACEMENT_3D('',#14738,#12003,#12004);
#10228=AXIS2_PLACEMENT_3D('',#14885,#12015,#12016);
#10229=AXIS2_PLACEMENT_3D('',#14891,#12020,#12021);
#10230=AXIS2_PLACEMENT_3D('',#14894,#12024,#12025);
#10231=AXIS2_PLACEMENT_3D('',#15019,#12036,#12037);
#10232=AXIS2_PLACEMENT_3D('',#15023,#12040,#12041);
#10233=AXIS2_PLACEMENT_3D('',#15027,#12044,#12045);
#10234=AXIS2_PLACEMENT_3D('',#15031,#12048,#12049);
#10235=AXIS2_PLACEMENT_3D('',#15033,#12051,#12052);
#10236=AXIS2_PLACEMENT_3D('',#15034,#12053,#12054);
#10237=AXIS2_PLACEMENT_3D('',#15040,#12058,#12059);
#10238=AXIS2_PLACEMENT_3D('',#15044,#12062,#12063);
#10239=AXIS2_PLACEMENT_3D('',#15048,#12066,#12067);
#10240=AXIS2_PLACEMENT_3D('',#15052,#12070,#12071);
#10241=AXIS2_PLACEMENT_3D('',#15056,#12074,#12075);
#10242=AXIS2_PLACEMENT_3D('',#15060,#12078,#12079);
#10243=AXIS2_PLACEMENT_3D('',#15064,#12082,#12083);
#10244=AXIS2_PLACEMENT_3D('',#15066,#12085,#12086);
#10245=AXIS2_PLACEMENT_3D('',#15067,#12087,#12088);
#10246=AXIS2_PLACEMENT_3D('',#15073,#12092,#12093);
#10247=AXIS2_PLACEMENT_3D('',#15247,#12106,#12107);
#10248=AXIS2_PLACEMENT_3D('',#15387,#12118,#12119);
#10249=AXIS2_PLACEMENT_3D('',#15391,#12122,#12123);
#10250=AXIS2_PLACEMENT_3D('',#15395,#12126,#12127);
#10251=AXIS2_PLACEMENT_3D('',#15397,#12129,#12130);
#10252=AXIS2_PLACEMENT_3D('',#15536,#12140,#12141);
#10253=AXIS2_PLACEMENT_3D('',#15676,#12152,#12153);
#10254=AXIS2_PLACEMENT_3D('',#15678,#12155,#12156);
#10255=AXIS2_PLACEMENT_3D('',#15679,#12157,#12158);
#10256=AXIS2_PLACEMENT_3D('',#15685,#12162,#12163);
#10257=AXIS2_PLACEMENT_3D('',#15689,#12166,#12167);
#10258=AXIS2_PLACEMENT_3D('',#15693,#12170,#12171);
#10259=AXIS2_PLACEMENT_3D('',#15695,#12173,#12174);
#10260=AXIS2_PLACEMENT_3D('',#15696,#12175,#12176);
#10261=AXIS2_PLACEMENT_3D('',#15702,#12180,#12181);
#10262=AXIS2_PLACEMENT_3D('',#15706,#12184,#12185);
#10263=AXIS2_PLACEMENT_3D('',#15710,#12188,#12189);
#10264=AXIS2_PLACEMENT_3D('',#15714,#12192,#12193);
#10265=AXIS2_PLACEMENT_3D('',#15718,#12196,#12197);
#10266=AXIS2_PLACEMENT_3D('',#15722,#12200,#12201);
#10267=AXIS2_PLACEMENT_3D('',#15726,#12204,#12205);
#10268=AXIS2_PLACEMENT_3D('',#15730,#12208,#12209);
#10269=AXIS2_PLACEMENT_3D('',#15734,#12212,#12213);
#10270=AXIS2_PLACEMENT_3D('',#15736,#12215,#12216);
#10271=AXIS2_PLACEMENT_3D('',#15737,#12217,#12218);
#10272=AXIS2_PLACEMENT_3D('',#15743,#12222,#12223);
#10273=AXIS2_PLACEMENT_3D('',#15747,#12226,#12227);
#10274=AXIS2_PLACEMENT_3D('',#15751,#12230,#12231);
#10275=AXIS2_PLACEMENT_3D('',#15755,#12234,#12235);
#10276=AXIS2_PLACEMENT_3D('',#15759,#12238,#12239);
#10277=AXIS2_PLACEMENT_3D('',#15763,#12242,#12243);
#10278=AXIS2_PLACEMENT_3D('',#15767,#12246,#12247);
#10279=AXIS2_PLACEMENT_3D('',#15771,#12250,#12251);
#10280=AXIS2_PLACEMENT_3D('',#15775,#12254,#12255);
#10281=AXIS2_PLACEMENT_3D('',#15779,#12258,#12259);
#10282=AXIS2_PLACEMENT_3D('',#15783,#12262,#12263);
#10283=AXIS2_PLACEMENT_3D('',#15785,#12265,#12266);
#10284=AXIS2_PLACEMENT_3D('',#15786,#12267,#12268);
#10285=AXIS2_PLACEMENT_3D('',#15787,#12269,#12270);
#10286=AXIS2_PLACEMENT_3D('',#15788,#12271,#12272);
#10287=AXIS2_PLACEMENT_3D('',#15797,#12277,#12278);
#10288=AXIS2_PLACEMENT_3D('',#15803,#12282,#12283);
#10289=AXIS2_PLACEMENT_3D('',#15809,#12287,#12288);
#10290=AXIS2_PLACEMENT_3D('',#15815,#12292,#12293);
#10291=AXIS2_PLACEMENT_3D('',#15821,#12297,#12298);
#10292=AXIS2_PLACEMENT_3D('',#15827,#12302,#12303);
#10293=AXIS2_PLACEMENT_3D('',#15833,#12307,#12308);
#10294=AXIS2_PLACEMENT_3D('',#15839,#12312,#12313);
#10295=AXIS2_PLACEMENT_3D('',#15845,#12317,#12318);
#10296=AXIS2_PLACEMENT_3D('',#15851,#12322,#12323);
#10297=AXIS2_PLACEMENT_3D('',#15857,#12327,#12328);
#10298=AXIS2_PLACEMENT_3D('',#15860,#12331,#12332);
#10299=AXIS2_PLACEMENT_3D('',#15861,#12333,#12334);
#10300=AXIS2_PLACEMENT_3D('',#15862,#12335,#12336);
#10301=AXIS2_PLACEMENT_3D('',#15871,#12341,#12342);
#10302=AXIS2_PLACEMENT_3D('',#15877,#12346,#12347);
#10303=AXIS2_PLACEMENT_3D('',#15883,#12351,#12352);
#10304=AXIS2_PLACEMENT_3D('',#15889,#12356,#12357);
#10305=AXIS2_PLACEMENT_3D('',#15895,#12361,#12362);
#10306=AXIS2_PLACEMENT_3D('',#15901,#12366,#12367);
#10307=AXIS2_PLACEMENT_3D('',#15907,#12371,#12372);
#10308=AXIS2_PLACEMENT_3D('',#15913,#12376,#12377);
#10309=AXIS2_PLACEMENT_3D('',#15919,#12381,#12382);
#10310=AXIS2_PLACEMENT_3D('',#15922,#12385,#12386);
#10311=AXIS2_PLACEMENT_3D('',#15923,#12387,#12388);
#10312=AXIS2_PLACEMENT_3D('',#15924,#12389,#12390);
#10313=AXIS2_PLACEMENT_3D('',#15933,#12395,#12396);
#10314=AXIS2_PLACEMENT_3D('',#15939,#12400,#12401);
#10315=AXIS2_PLACEMENT_3D('',#15945,#12405,#12406);
#10316=AXIS2_PLACEMENT_3D('',#15948,#12409,#12410);
#10317=AXIS2_PLACEMENT_3D('',#15949,#12411,#12412);
#10318=AXIS2_PLACEMENT_3D('',#16137,#12422,#12423);
#10319=AXIS2_PLACEMENT_3D('',#16327,#12435,#12436);
#10320=AXIS2_PLACEMENT_3D('',#16330,#12439,#12440);
#10321=AXIS2_PLACEMENT_3D('',#16331,#12441,#12442);
#10322=AXIS2_PLACEMENT_3D('',#16332,#12443,#12444);
#10323=AXIS2_PLACEMENT_3D('',#16341,#12449,#12450);
#10324=AXIS2_PLACEMENT_3D('',#16577,#12464,#12465);
#10325=AXIS2_PLACEMENT_3D('',#16767,#12477,#12478);
#10326=AXIS2_PLACEMENT_3D('',#16773,#12482,#12483);
#10327=AXIS2_PLACEMENT_3D('',#16779,#12487,#12488);
#10328=AXIS2_PLACEMENT_3D('',#16782,#12491,#12492);
#10329=AXIS2_PLACEMENT_3D('',#16783,#12493,#12494);
#10330=AXIS2_PLACEMENT_3D('',#16784,#12495,#12496);
#10331=AXIS2_PLACEMENT_3D('',#16793,#12501,#12502);
#10332=AXIS2_PLACEMENT_3D('',#16799,#12506,#12507);
#10333=AXIS2_PLACEMENT_3D('',#16805,#12511,#12512);
#10334=AXIS2_PLACEMENT_3D('',#16811,#12516,#12517);
#10335=AXIS2_PLACEMENT_3D('',#16817,#12521,#12522);
#10336=AXIS2_PLACEMENT_3D('',#16823,#12526,#12527);
#10337=AXIS2_PLACEMENT_3D('',#16829,#12531,#12532);
#10338=AXIS2_PLACEMENT_3D('',#16832,#12535,#12536);
#10339=AXIS2_PLACEMENT_3D('',#16833,#12537,#12538);
#10340=AXIS2_PLACEMENT_3D('',#16834,#12539,#12540);
#10341=AXIS2_PLACEMENT_3D('',#16981,#12551,#12552);
#10342=AXIS2_PLACEMENT_3D('',#16987,#12556,#12557);
#10343=AXIS2_PLACEMENT_3D('',#16990,#12560,#12561);
#10344=AXIS2_PLACEMENT_3D('',#17160,#12573,#12574);
#10345=AXIS2_PLACEMENT_3D('',#17166,#12578,#12579);
#10346=AXIS2_PLACEMENT_3D('',#17172,#12583,#12584);
#10347=AXIS2_PLACEMENT_3D('',#17178,#12588,#12589);
#10348=AXIS2_PLACEMENT_3D('',#17181,#12592,#12593);
#10349=AXIS2_PLACEMENT_3D('',#17182,#12594,#12595);
#10350=AXIS2_PLACEMENT_3D('',#17183,#12596,#12597);
#10351=AXIS2_PLACEMENT_3D('',#17184,#12598,#12599);
#10352=AXIS2_PLACEMENT_3D('',#17186,#12600,#12601);
#10353=AXIS2_PLACEMENT_3D('',#17189,#12603,#12604);
#10354=AXIS2_PLACEMENT_3D('',#17190,#12605,#12606);
#10355=AXIS2_PLACEMENT_3D('',#17191,#12607,#12608);
#10356=AXIS2_PLACEMENT_3D('',#17192,#12609,#12610);
#10357=AXIS2_PLACEMENT_3D('',#17193,#12611,#12612);
#10358=AXIS2_PLACEMENT_3D('',#17194,#12613,#12614);
#10359=AXIS2_PLACEMENT_3D('',#17195,#12615,#12616);
#10360=AXIS2_PLACEMENT_3D('',#17196,#12617,#12618);
#10361=AXIS2_PLACEMENT_3D('',#17197,#12619,#12620);
#10362=DIRECTION('axis',(0.,0.,1.));
#10363=DIRECTION('refdir',(1.,0.,0.));
#10364=DIRECTION('axis',(0.,0.,1.));
#10365=DIRECTION('refdir',(1.,0.,0.));
#10366=DIRECTION('center_axis',(1.,0.,0.));
#10367=DIRECTION('ref_axis',(0.,1.,0.));
#10368=DIRECTION('',(0.,-1.,0.));
#10369=DIRECTION('',(0.,0.,-1.));
#10370=DIRECTION('',(0.,1.,0.));
#10371=DIRECTION('',(0.,0.,1.));
#10372=DIRECTION('',(0.,-0.707106781186544,-0.707106781186551));
#10373=DIRECTION('',(0.,0.707106781186547,-0.707106781186548));
#10374=DIRECTION('',(0.,-0.707106781186552,-0.707106781186543));
#10375=DIRECTION('',(0.,-1.,0.));
#10376=DIRECTION('',(0.,0.,1.));
#10377=DIRECTION('center_axis',(0.,1.,0.));
#10378=DIRECTION('ref_axis',(-1.,0.,0.));
#10379=DIRECTION('',(-1.,0.,0.));
#10380=DIRECTION('center_axis',(0.,-1.,0.));
#10381=DIRECTION('ref_axis',(-0.955769224074817,0.,0.294117647058829));
#10382=DIRECTION('',(-1.08460258114386E-13,0.,1.));
#10383=DIRECTION('center_axis',(0.,-1.,0.));
#10384=DIRECTION('ref_axis',(0.999999999999757,0.,-6.97519699515549E-7));
#10385=DIRECTION('',(1.,0.,0.));
#10386=DIRECTION('center_axis',(0.,-1.,0.));
#10387=DIRECTION('ref_axis',(0.999999999999757,0.,-6.97519699515549E-7));
#10388=DIRECTION('',(0.,-1.,0.));
#10389=DIRECTION('center_axis',(0.,1.,0.));
#10390=DIRECTION('ref_axis',(0.999999999999757,0.,-6.97519699515549E-7));
#10391=DIRECTION('',(0.,-1.,0.));
#10392=DIRECTION('center_axis',(1.,0.,1.08460258114386E-13));
#10393=DIRECTION('ref_axis',(-1.08460258114386E-13,0.,1.));
#10394=DIRECTION('',(0.,-1.,0.));
#10395=DIRECTION('',(1.08460258114386E-13,0.,-1.));
#10396=DIRECTION('center_axis',(0.,-1.,0.));
#10397=DIRECTION('ref_axis',(-0.955769224074817,0.,0.294117647058829));
#10398=DIRECTION('',(0.,-1.,0.));
#10399=DIRECTION('center_axis',(0.,1.,0.));
#10400=DIRECTION('ref_axis',(-0.955769224074817,0.,0.294117647058829));
#10401=DIRECTION('center_axis',(0.,0.,1.));
#10402=DIRECTION('ref_axis',(-1.,0.,0.));
#10403=DIRECTION('',(1.,0.,0.));
#10404=DIRECTION('center_axis',(0.,0.,-1.));
#10405=DIRECTION('ref_axis',(1.,0.,0.));
#10406=DIRECTION('',(-1.,0.,0.));
#10407=DIRECTION('center_axis',(0.,1.,0.));
#10408=DIRECTION('ref_axis',(-1.,0.,0.));
#10409=DIRECTION('',(0.,0.,1.));
#10410=DIRECTION('center_axis',(0.,-1.,0.));
#10411=DIRECTION('ref_axis',(1.,0.,0.));
#10412=DIRECTION('center_axis',(0.,1.,0.));
#10413=DIRECTION('ref_axis',(1.,0.,0.));
#10414=DIRECTION('',(-0.707106781186548,-0.707106781186547,8.65956056235494E-17));
#10415=DIRECTION('center_axis',(0.,-1.,0.));
#10416=DIRECTION('ref_axis',(1.,0.,0.));
#10417=DIRECTION('center_axis',(0.,-1.,0.));
#10418=DIRECTION('ref_axis',(1.,0.,0.));
#10419=DIRECTION('',(0.,1.,0.));
#10420=DIRECTION('center_axis',(0.,1.,0.));
#10421=DIRECTION('ref_axis',(1.,0.,0.));
#10422=DIRECTION('center_axis',(0.,-1.,0.));
#10423=DIRECTION('ref_axis',(-1.,0.,0.));
#10424=DIRECTION('center_axis',(0.,1.,0.));
#10425=DIRECTION('ref_axis',(-1.,0.,0.));
#10426=DIRECTION('',(0.707106781186546,-0.707106781186549,-8.65956056235491E-17));
#10427=DIRECTION('center_axis',(0.,1.,0.));
#10428=DIRECTION('ref_axis',(-1.,0.,0.));
#10429=DIRECTION('center_axis',(0.,1.,0.));
#10430=DIRECTION('ref_axis',(-1.,0.,0.));
#10431=DIRECTION('',(0.,1.,0.));
#10432=DIRECTION('center_axis',(0.,1.,0.));
#10433=DIRECTION('ref_axis',(-1.,0.,0.));
#10434=DIRECTION('center_axis',(0.,1.,0.));
#10435=DIRECTION('ref_axis',(0.,0.,-1.));
#10436=DIRECTION('',(0.,0.,-1.));
#10437=DIRECTION('',(-0.707106781186548,0.,-0.707106781186548));
#10438=DIRECTION('',(-1.,0.,0.));
#10439=DIRECTION('',(-0.707106781186548,0.,0.707106781186548));
#10440=DIRECTION('',(0.,0.,1.));
#10441=DIRECTION('',(1.,0.,0.));
#10442=DIRECTION('center_axis',(-0.707106781186555,0.70710678118654,0.));
#10443=DIRECTION('ref_axis',(0.,0.,1.));
#10444=DIRECTION('',(-0.357406744336589,-0.357406744336597,-0.862856209461017));
#10445=DIRECTION('',(0.577350269189618,0.57735026918963,-0.577350269189629));
#10446=DIRECTION('',(0.,0.,1.));
#10447=DIRECTION('',(0.678598344545819,0.678598344545834,-0.28108463771492));
#10448=DIRECTION('center_axis',(0.,0.923879532511286,-0.382683432365093));
#10449=DIRECTION('ref_axis',(0.,0.382683432365093,0.923879532511286));
#10450=DIRECTION('',(-1.,0.,0.));
#10451=DIRECTION('',(0.357406744336573,-0.357406744336599,-0.862856209461023));
#10452=DIRECTION('',(-1.,0.,0.));
#10453=DIRECTION('',(0.,0.382683432365093,0.923879532511286));
#10454=DIRECTION('center_axis',(-1.,0.,0.));
#10455=DIRECTION('ref_axis',(0.,0.,1.));
#10456=DIRECTION('',(0.,0.707106781186548,-0.707106781186547));
#10457=DIRECTION('',(0.,-1.,0.));
#10458=DIRECTION('center_axis',(-0.499999999999977,0.707106781186581,0.499999999999977));
#10459=DIRECTION('ref_axis',(0.707106781186548,0.,0.707106781186548));
#10460=DIRECTION('',(0.707106781186548,0.,0.707106781186548));
#10461=DIRECTION('',(-0.281084637714849,-0.678598344545848,0.678598344545833));
#10462=DIRECTION('center_axis',(0.,0.70710678118654,0.707106781186555));
#10463=DIRECTION('ref_axis',(1.,0.,0.));
#10464=DIRECTION('',(1.,0.,0.));
#10465=DIRECTION('',(-0.281084637714886,0.678598344545841,-0.678598344545826));
#10466=DIRECTION('center_axis',(0.707106781186555,0.70710678118654,0.));
#10467=DIRECTION('ref_axis',(0.,0.,-1.));
#10468=DIRECTION('',(0.,0.,-1.));
#10469=DIRECTION('',(-0.577350269189615,0.577350269189628,0.577350269189634));
#10470=DIRECTION('',(0.678598344545826,-0.678598344545841,0.281084637714886));
#10471=DIRECTION('center_axis',(0.499999999999976,0.707106781186581,0.499999999999976));
#10472=DIRECTION('ref_axis',(0.707106781186548,0.,-0.707106781186548));
#10473=DIRECTION('',(0.707106781186548,0.,-0.707106781186548));
#10474=DIRECTION('center_axis',(0.,-1.,0.));
#10475=DIRECTION('ref_axis',(0.,0.,-1.));
#10476=DIRECTION('',(1.,0.,0.));
#10477=DIRECTION('',(0.,0.,-1.));
#10478=DIRECTION('',(-0.707106781186555,0.,-0.70710678118654));
#10479=DIRECTION('',(-1.,0.,0.));
#10480=DIRECTION('',(-0.707106781186555,0.,0.70710678118654));
#10481=DIRECTION('',(0.,0.,1.));
#10482=DIRECTION('center_axis',(0.,0.923879532511286,-0.382683432365093));
#10483=DIRECTION('ref_axis',(0.,0.382683432365093,0.923879532511286));
#10484=DIRECTION('',(0.357406744336596,0.357406744336596,0.862856209461015));
#10485=DIRECTION('',(0.357406744336596,-0.357406744336596,-0.862856209461015));
#10486=DIRECTION('',(-1.,0.,0.));
#10487=DIRECTION('center_axis',(0.,0.707106781186551,-0.707106781186544));
#10488=DIRECTION('ref_axis',(0.,0.707106781186544,0.707106781186551));
#10489=DIRECTION('',(0.,0.707106781186544,0.707106781186551));
#10490=DIRECTION('',(1.,0.,0.));
#10491=DIRECTION('',(-0.577350269189624,-0.577350269189624,-0.577350269189629));
#10492=DIRECTION('',(-1.,0.,0.));
#10493=DIRECTION('center_axis',(0.707106781186548,0.707106781186548,0.));
#10494=DIRECTION('ref_axis',(0.,0.,-1.));
#10495=DIRECTION('',(0.678598344545855,-0.678598344545845,0.281084637714807));
#10496=DIRECTION('',(0.,0.,-1.));
#10497=DIRECTION('',(0.577350269189626,-0.577350269189626,0.577350269189625));
#10498=DIRECTION('',(-5.64251977339473E-15,5.64251977339473E-15,-1.));
#10499=DIRECTION('center_axis',(0.,1.,5.64251977339473E-15));
#10500=DIRECTION('ref_axis',(0.,-5.64251977339473E-15,1.));
#10501=DIRECTION('',(0.,-5.64251977339473E-15,1.));
#10502=DIRECTION('',(1.,0.,0.));
#10503=DIRECTION('center_axis',(0.,0.707106781186547,0.707106781186548));
#10504=DIRECTION('ref_axis',(0.,-0.707106781186548,0.707106781186547));
#10505=DIRECTION('',(0.,-0.707106781186548,0.707106781186547));
#10506=DIRECTION('',(-0.577350269189634,-0.577350269189622,0.577350269189621));
#10507=DIRECTION('',(1.,0.,0.));
#10508=DIRECTION('',(2.77555756156289E-16,-0.707106781186548,0.707106781186547));
#10509=DIRECTION('center_axis',(0.,0.707106781186547,0.707106781186548));
#10510=DIRECTION('ref_axis',(-1.,0.,0.));
#10511=DIRECTION('',(-5.55111512312578E-16,0.707106781186548,-0.707106781186547));
#10512=DIRECTION('',(-1.,0.,0.));
#10513=DIRECTION('',(2.77555756156289E-16,-0.707106781186548,0.707106781186547));
#10514=DIRECTION('center_axis',(0.,0.707106781186547,0.707106781186548));
#10515=DIRECTION('ref_axis',(-1.,0.,0.));
#10516=DIRECTION('',(-5.55111512312578E-16,0.707106781186548,-0.707106781186547));
#10517=DIRECTION('',(-1.,0.,0.));
#10518=DIRECTION('',(2.77555756156289E-16,-0.707106781186548,0.707106781186547));
#10519=DIRECTION('center_axis',(0.,0.707106781186547,0.707106781186548));
#10520=DIRECTION('ref_axis',(-1.,0.,0.));
#10521=DIRECTION('',(-5.55111512312578E-16,0.707106781186548,-0.707106781186547));
#10522=DIRECTION('',(-1.,0.,0.));
#10523=DIRECTION('',(2.77555756156289E-16,-0.707106781186548,0.707106781186547));
#10524=DIRECTION('center_axis',(0.,0.707106781186547,0.707106781186548));
#10525=DIRECTION('ref_axis',(-1.,0.,0.));
#10526=DIRECTION('',(-5.55111512312578E-16,0.707106781186548,-0.707106781186547));
#10527=DIRECTION('',(-1.,0.,0.));
#10528=DIRECTION('',(2.77555756156289E-16,-0.707106781186548,0.707106781186547));
#10529=DIRECTION('center_axis',(0.,0.707106781186547,0.707106781186548));
#10530=DIRECTION('ref_axis',(-1.,0.,0.));
#10531=DIRECTION('',(-5.55111512312578E-16,0.707106781186548,-0.707106781186547));
#10532=DIRECTION('',(-1.,0.,0.));
#10533=DIRECTION('',(2.77555756156289E-16,-0.707106781186548,0.707106781186547));
#10534=DIRECTION('center_axis',(0.,0.707106781186547,0.707106781186548));
#10535=DIRECTION('ref_axis',(-1.,0.,0.));
#10536=DIRECTION('',(-5.55111512312578E-16,0.707106781186548,-0.707106781186547));
#10537=DIRECTION('',(1.,0.,0.));
#10538=DIRECTION('',(-0.577350269189625,0.577350269189627,-0.577350269189625));
#10539=DIRECTION('',(0.,-0.707106781186548,0.707106781186547));
#10540=DIRECTION('center_axis',(-0.707106781186548,0.707106781186548,0.));
#10541=DIRECTION('ref_axis',(0.,0.,1.));
#10542=DIRECTION('',(0.678598344545839,0.678598344545844,-0.281084637714847));
#10543=DIRECTION('center_axis',(0.499999999999992,0.707106781186551,0.500000000000003));
#10544=DIRECTION('ref_axis',(0.707106781186555,0.,-0.70710678118654));
#10545=DIRECTION('',(0.707106781186555,0.,-0.70710678118654));
#10546=DIRECTION('',(0.281084637714835,-0.678598344545851,0.678598344545836));
#10547=DIRECTION('center_axis',(0.,0.70710678118654,0.707106781186555));
#10548=DIRECTION('ref_axis',(1.,0.,0.));
#10549=DIRECTION('',(1.,0.,0.));
#10550=DIRECTION('',(-0.281084637714845,-0.678598344545849,0.678598344545834));
#10551=DIRECTION('center_axis',(-0.49999999999999,0.707106781186554,0.500000000000001));
#10552=DIRECTION('ref_axis',(0.707106781186555,0.,0.70710678118654));
#10553=DIRECTION('',(0.707106781186555,0.,0.70710678118654));
#10554=DIRECTION('center_axis',(0.707106781186556,-0.499999999999991,0.499999999999997));
#10555=DIRECTION('ref_axis',(0.577350269189619,0.,-0.816496580927731));
#10556=DIRECTION('',(-0.57735026918962,-1.85886393017079E-15,0.81649658092773));
#10557=DIRECTION('',(2.31727890908672E-30,-0.707106781186552,-0.707106781186543));
#10558=DIRECTION('',(-0.577350269189598,-0.816496580927745,-3.41860033134871E-14));
#10559=DIRECTION('',(-2.31727890908672E-30,0.707106781186552,0.707106781186543));
#10560=DIRECTION('center_axis',(0.,-0.707106781186543,0.707106781186552));
#10561=DIRECTION('ref_axis',(0.,-0.707106781186552,-0.707106781186543));
#10562=DIRECTION('',(1.,0.,0.));
#10563=DIRECTION('',(1.,0.,0.));
#10564=DIRECTION('',(0.,0.707106781186552,0.707106781186543));
#10565=DIRECTION('',(-1.,0.,0.));
#10566=DIRECTION('',(1.45446229400124E-30,-0.707106781186552,-0.707106781186543));
#10567=DIRECTION('center_axis',(0.707106781186552,0.499999999999996,0.499999999999997));
#10568=DIRECTION('ref_axis',(0.577350269189621,0.,-0.816496580927729));
#10569=DIRECTION('',(-2.77555756156289E-16,0.707106781186548,-0.707106781186547));
#10570=DIRECTION('',(-0.707106781186542,0.500000000000001,0.500000000000007));
#10571=DIRECTION('center_axis',(-0.707106781186558,-0.499999999999989,0.499999999999995));
#10572=DIRECTION('ref_axis',(0.577350269189616,0.,0.816496580927733));
#10573=DIRECTION('',(-0.577350269189616,-5.1279004970229E-16,-0.816496580927733));
#10574=DIRECTION('',(4.63455781817344E-30,-0.707106781186552,-0.707106781186543));
#10575=DIRECTION('',(-0.577350269189596,0.816496580927747,3.41860033134872E-14));
#10576=DIRECTION('',(-4.63455781817344E-30,0.707106781186552,0.707106781186543));
#10577=DIRECTION('',(-0.577350269189612,0.816496580927736,0.));
#10578=DIRECTION('center_axis',(0.,0.,1.));
#10579=DIRECTION('ref_axis',(1.,0.,0.));
#10580=DIRECTION('',(1.,0.,0.));
#10581=DIRECTION('',(-0.577350269189617,-0.816496580927732,0.));
#10582=DIRECTION('',(0.577350269189623,-0.816496580927728,0.));
#10583=DIRECTION('',(-0.577350269189625,-0.816496580927726,0.));
#10584=DIRECTION('center_axis',(0.,-0.707106781186543,0.707106781186552));
#10585=DIRECTION('ref_axis',(0.,-0.707106781186552,-0.707106781186543));
#10586=DIRECTION('',(1.,0.,0.));
#10587=DIRECTION('',(-2.90892458800248E-30,0.707106781186552,0.707106781186543));
#10588=DIRECTION('',(-1.,0.,0.));
#10589=DIRECTION('',(1.45446229400124E-30,-0.707106781186552,-0.707106781186543));
#10590=DIRECTION('',(1.,0.,0.));
#10591=DIRECTION('',(2.31727890908672E-30,-0.707106781186552,-0.707106781186543));
#10592=DIRECTION('center_axis',(0.707106781186553,-0.499999999999993,0.499999999999999));
#10593=DIRECTION('ref_axis',(0.577350269189622,0.,-0.816496580927729));
#10594=DIRECTION('',(-0.577350269189601,-0.816496580927743,-3.41860033134871E-14));
#10595=DIRECTION('',(-2.31727890908672E-30,0.707106781186552,0.707106781186543));
#10596=DIRECTION('',(-0.577350269189625,-6.15348059642743E-15,0.816496580927727));
#10597=DIRECTION('center_axis',(0.707106781186546,0.500000000000001,0.500000000000001));
#10598=DIRECTION('ref_axis',(0.577350269189628,0.,-0.816496580927725));
#10599=DIRECTION('',(-2.77555756156289E-16,0.707106781186548,-0.707106781186547));
#10600=DIRECTION('',(-0.707106781186548,0.499999999999996,0.500000000000004));
#10601=DIRECTION('center_axis',(-0.707106781186538,-0.500000000000004,0.50000000000001));
#10602=DIRECTION('ref_axis',(0.577350269189639,0.,0.816496580927717));
#10603=DIRECTION('',(-0.577350269189625,-2.91008353206047E-14,-0.816496580927726));
#10604=DIRECTION('',(4.63455781817344E-30,-0.707106781186552,-0.707106781186543));
#10605=DIRECTION('',(-0.577350269189618,0.816496580927731,3.41860033134865E-14));
#10606=DIRECTION('',(-4.63455781817344E-30,0.707106781186552,0.707106781186543));
#10607=DIRECTION('',(-0.577350269189634,0.81649658092772,0.));
#10608=DIRECTION('center_axis',(0.,0.,1.));
#10609=DIRECTION('ref_axis',(1.,0.,0.));
#10610=DIRECTION('',(1.,0.,0.));
#10611=DIRECTION('',(-0.577350269189623,-0.816496580927728,0.));
#10612=DIRECTION('',(0.577350269189625,-0.816496580927726,0.));
#10613=DIRECTION('',(-0.577350269189625,-0.816496580927726,0.));
#10614=DIRECTION('center_axis',(0.,-0.707106781186543,0.707106781186552));
#10615=DIRECTION('ref_axis',(0.,-0.707106781186552,-0.707106781186543));
#10616=DIRECTION('',(1.,0.,0.));
#10617=DIRECTION('',(-2.90892458800248E-30,0.707106781186552,0.707106781186543));
#10618=DIRECTION('',(-1.,0.,0.));
#10619=DIRECTION('',(1.45446229400124E-30,-0.707106781186552,-0.707106781186543));
#10620=DIRECTION('',(1.,0.,0.));
#10621=DIRECTION('',(2.31727890908672E-30,-0.707106781186552,-0.707106781186543));
#10622=DIRECTION('center_axis',(0.707106781186548,-0.499999999999997,0.500000000000003));
#10623=DIRECTION('ref_axis',(0.577350269189628,0.,-0.816496580927725));
#10624=DIRECTION('',(-0.577350269189607,-0.816496580927739,-3.41860033134869E-14));
#10625=DIRECTION('',(-2.31727890908672E-30,0.707106781186552,0.707106781186543));
#10626=DIRECTION('',(-0.577350269189628,-1.28197512425571E-16,0.816496580927725));
#10627=DIRECTION('center_axis',(0.707106781186546,0.500000000000001,0.500000000000001));
#10628=DIRECTION('ref_axis',(0.577350269189628,0.,-0.816496580927725));
#10629=DIRECTION('',(-2.77555756156289E-16,0.707106781186548,-0.707106781186547));
#10630=DIRECTION('',(-0.707106781186547,0.499999999999998,0.500000000000003));
#10631=DIRECTION('center_axis',(-0.707106781186548,-0.499999999999997,0.500000000000003));
#10632=DIRECTION('ref_axis',(0.577350269189628,0.,0.816496580927725));
#10633=DIRECTION('',(-0.577350269189626,-3.33313532306486E-15,-0.816496580927726));
#10634=DIRECTION('',(4.63455781817344E-30,-0.707106781186552,-0.707106781186543));
#10635=DIRECTION('',(-0.577350269189607,0.816496580927739,3.41860033134869E-14));
#10636=DIRECTION('',(-4.63455781817344E-30,0.707106781186552,0.707106781186543));
#10637=DIRECTION('',(-0.577350269189623,0.816496580927728,0.));
#10638=DIRECTION('center_axis',(0.,0.,1.));
#10639=DIRECTION('ref_axis',(1.,0.,0.));
#10640=DIRECTION('',(1.,0.,0.));
#10641=DIRECTION('',(-0.577350269189623,-0.816496580927728,0.));
#10642=DIRECTION('',(0.577350269189627,-0.816496580927725,0.));
#10643=DIRECTION('',(-0.577350269189639,-0.816496580927717,0.));
#10644=DIRECTION('center_axis',(0.,-0.707106781186543,0.707106781186552));
#10645=DIRECTION('ref_axis',(0.,-0.707106781186552,-0.707106781186543));
#10646=DIRECTION('',(1.,0.,0.));
#10647=DIRECTION('',(-2.90892458800248E-30,0.707106781186552,0.707106781186543));
#10648=DIRECTION('',(-1.,0.,0.));
#10649=DIRECTION('',(1.45446229400124E-30,-0.707106781186552,-0.707106781186543));
#10650=DIRECTION('',(1.,0.,0.));
#10651=DIRECTION('',(2.31727890908672E-30,-0.707106781186552,-0.707106781186543));
#10652=DIRECTION('center_axis',(0.707106781186548,-0.499999999999997,0.500000000000003));
#10653=DIRECTION('ref_axis',(0.577350269189628,0.,-0.816496580927725));
#10654=DIRECTION('',(-0.577350269189607,-0.816496580927739,-3.41860033134869E-14));
#10655=DIRECTION('',(-2.31727890908672E-30,0.707106781186552,0.707106781186543));
#10656=DIRECTION('',(-0.577350269189628,-1.15377761183014E-15,0.816496580927724));
#10657=DIRECTION('center_axis',(0.707106781186545,0.500000000000001,0.500000000000002));
#10658=DIRECTION('ref_axis',(0.577350269189629,0.,-0.816496580927724));
#10659=DIRECTION('',(-2.77555756156289E-16,0.707106781186548,-0.707106781186547));
#10660=DIRECTION('',(-0.707106781186548,0.499999999999996,0.500000000000004));
#10661=DIRECTION('center_axis',(-0.707106781186548,-0.499999999999997,0.500000000000003));
#10662=DIRECTION('ref_axis',(0.577350269189628,0.,0.816496580927725));
#10663=DIRECTION('',(-0.577350269189627,-1.21787636804293E-15,-0.816496580927725));
#10664=DIRECTION('',(4.63455781817344E-30,-0.707106781186552,-0.707106781186543));
#10665=DIRECTION('',(-0.577350269189607,0.816496580927739,3.41860033134869E-14));
#10666=DIRECTION('',(-4.63455781817344E-30,0.707106781186552,0.707106781186543));
#10667=DIRECTION('',(-0.577350269189623,0.816496580927728,0.));
#10668=DIRECTION('center_axis',(0.,0.,1.));
#10669=DIRECTION('ref_axis',(1.,0.,0.));
#10670=DIRECTION('',(1.,0.,0.));
#10671=DIRECTION('',(-0.577350269189623,-0.816496580927728,0.));
#10672=DIRECTION('',(0.577350269189627,-0.816496580927725,0.));
#10673=DIRECTION('',(-0.577350269189641,-0.816496580927715,0.));
#10674=DIRECTION('center_axis',(0.,-0.707106781186543,0.707106781186552));
#10675=DIRECTION('ref_axis',(0.,-0.707106781186552,-0.707106781186543));
#10676=DIRECTION('',(1.,0.,0.));
#10677=DIRECTION('',(-2.90892458800248E-30,0.707106781186552,0.707106781186543));
#10678=DIRECTION('',(-1.,0.,0.));
#10679=DIRECTION('',(1.45446229400124E-30,-0.707106781186552,-0.707106781186543));
#10680=DIRECTION('',(1.,0.,0.));
#10681=DIRECTION('',(2.31727890908672E-30,-0.707106781186552,-0.707106781186543));
#10682=DIRECTION('center_axis',(0.707106781186548,-0.499999999999997,0.500000000000003));
#10683=DIRECTION('ref_axis',(0.577350269189628,0.,-0.816496580927725));
#10684=DIRECTION('',(-0.577350269189607,-0.816496580927739,-3.41860033134869E-14));
#10685=DIRECTION('',(-2.31727890908672E-30,0.707106781186552,0.707106781186543));
#10686=DIRECTION('',(-0.577350269189629,-2.24345646744749E-15,0.816496580927724));
#10687=DIRECTION('center_axis',(0.707106781186544,0.500000000000002,0.500000000000003));
#10688=DIRECTION('ref_axis',(0.57735026918963,0.,-0.816496580927723));
#10689=DIRECTION('',(-2.77555756156289E-16,0.707106781186548,-0.707106781186547));
#10690=DIRECTION('',(-0.707106781186548,0.499999999999996,0.500000000000004));
#10691=DIRECTION('center_axis',(-0.707106781186558,-0.499999999999989,0.499999999999995));
#10692=DIRECTION('ref_axis',(0.577350269189616,0.,0.816496580927733));
#10693=DIRECTION('',(-0.577350269189616,-1.28197512425572E-16,-0.816496580927733));
#10694=DIRECTION('',(4.63455781817344E-30,-0.707106781186552,-0.707106781186543));
#10695=DIRECTION('',(-0.577350269189596,0.816496580927747,3.41860033134872E-14));
#10696=DIRECTION('',(-4.63455781817344E-30,0.707106781186552,0.707106781186543));
#10697=DIRECTION('',(-0.577350269189612,0.816496580927736,0.));
#10698=DIRECTION('center_axis',(0.,0.,1.));
#10699=DIRECTION('ref_axis',(1.,0.,0.));
#10700=DIRECTION('',(1.,0.,0.));
#10701=DIRECTION('',(-0.577350269189612,-0.816496580927736,0.));
#10702=DIRECTION('',(0.577350269189618,-0.816496580927732,0.));
#10703=DIRECTION('',(-0.57735026918961,-0.816496580927737,3.41860033134854E-14));
#10704=DIRECTION('center_axis',(0.,-0.707106781186543,0.707106781186552));
#10705=DIRECTION('ref_axis',(0.,-0.707106781186552,-0.707106781186543));
#10706=DIRECTION('',(1.,0.,0.));
#10707=DIRECTION('',(-2.90892458800248E-30,0.707106781186552,0.707106781186543));
#10708=DIRECTION('',(-1.,0.,0.));
#10709=DIRECTION('',(1.45446229400124E-30,-0.707106781186552,-0.707106781186543));
#10710=DIRECTION('',(1.,0.,0.));
#10711=DIRECTION('',(2.31727890908672E-30,-0.707106781186552,-0.707106781186543));
#10712=DIRECTION('center_axis',(0.707106781186558,-0.499999999999989,0.499999999999995));
#10713=DIRECTION('ref_axis',(0.577350269189616,0.,-0.816496580927733));
#10714=DIRECTION('',(-0.577350269189596,-0.816496580927747,-3.41860033134872E-14));
#10715=DIRECTION('',(-2.31727890908672E-30,0.707106781186552,0.707106781186543));
#10716=DIRECTION('',(-0.577350269189617,-2.24345646744752E-15,0.816496580927732));
#10717=DIRECTION('center_axis',(0.707106781186555,0.499999999999995,0.499999999999995));
#10718=DIRECTION('ref_axis',(0.577350269189618,0.,-0.816496580927731));
#10719=DIRECTION('',(-2.77555756156289E-16,0.707106781186548,-0.707106781186547));
#10720=DIRECTION('',(-0.707106781186537,0.500000000000003,0.500000000000011));
#10721=DIRECTION('center_axis',(-0.707106781186558,-0.499999999999989,0.499999999999995));
#10722=DIRECTION('ref_axis',(0.577350269189616,0.,0.816496580927733));
#10723=DIRECTION('',(-0.577350269189613,-7.5636532331088E-15,-0.816496580927735));
#10724=DIRECTION('',(4.63455781817344E-30,-0.707106781186552,-0.707106781186543));
#10725=DIRECTION('',(-0.577350269189596,0.816496580927747,3.41860033134872E-14));
#10726=DIRECTION('',(-4.63455781817344E-30,0.707106781186552,0.707106781186543));
#10727=DIRECTION('center_axis',(1.,3.92523114670944E-16,-3.92523114670942E-16));
#10728=DIRECTION('ref_axis',(5.55111512312578E-16,-0.707106781186548,0.707106781186547));
#10729=DIRECTION('',(5.55111512312578E-16,-0.707106781186548,0.707106781186547));
#10730=DIRECTION('',(0.,-0.707106781186546,-0.707106781186549));
#10731=DIRECTION('',(5.55111512312578E-16,-0.707106781186548,0.707106781186547));
#10732=DIRECTION('center_axis',(-0.707106781186564,0.499999999999988,0.499999999999989));
#10733=DIRECTION('ref_axis',(0.577350269189609,0.,0.816496580927738));
#10734=DIRECTION('',(0.707106781186526,0.500000000000015,0.500000000000015));
#10735=DIRECTION('center_axis',(0.,-4.18691322315683E-14,1.));
#10736=DIRECTION('ref_axis',(1.,0.,0.));
#10737=DIRECTION('',(-1.,0.,0.));
#10738=DIRECTION('',(0.,-1.,-4.18691322315685E-14));
#10739=DIRECTION('',(1.,0.,0.));
#10740=DIRECTION('center_axis',(0.,-0.707106781186559,-0.707106781186536));
#10741=DIRECTION('ref_axis',(-0.707106781186552,-0.499999999999998,0.499999999999997));
#10742=DIRECTION('',(-0.707106781186648,-0.499999999999937,-0.499999999999921));
#10743=DIRECTION('center_axis',(0.,0.707106781186547,0.707106781186548));
#10744=DIRECTION('ref_axis',(-0.707106781186552,-0.499999999999997,0.499999999999997));
#10745=DIRECTION('center_axis',(0.,-0.707106781186547,-0.707106781186548));
#10746=DIRECTION('ref_axis',(-0.707106781186552,-0.499999999999998,0.499999999999997));
#10747=DIRECTION('center_axis',(-0.707106781186557,0.499999999999992,0.499999999999994));
#10748=DIRECTION('ref_axis',(0.577350269189616,0.,0.816496580927733));
#10749=DIRECTION('',(-5.55111512312578E-16,0.707106781186548,-0.707106781186547));
#10750=DIRECTION('',(-0.707106781186538,-0.500000000000001,-0.500000000000012));
#10751=DIRECTION('',(5.55111512312578E-16,-0.707106781186548,0.707106781186547));
#10752=DIRECTION('center_axis',(0.,0.70710678118654,0.707106781186555));
#10753=DIRECTION('ref_axis',(-1.,0.,0.));
#10754=DIRECTION('center_axis',(0.,0.707106781186547,0.707106781186548));
#10755=DIRECTION('ref_axis',(-1.,0.,0.));
#10756=DIRECTION('',(0.707106781186538,-0.500000000000001,-0.500000000000012));
#10757=DIRECTION('center_axis',(0.,-0.707106781186547,-0.707106781186548));
#10758=DIRECTION('ref_axis',(-1.,0.,0.));
#10759=DIRECTION('center_axis',(0.707106781186554,0.499999999999995,0.499999999999996));
#10760=DIRECTION('ref_axis',(0.577350269189619,0.,-0.816496580927731));
#10761=DIRECTION('',(2.77555756156289E-16,-0.707106781186548,0.707106781186547));
#10762=DIRECTION('',(0.707106781186538,-0.500000000000001,-0.500000000000012));
#10763=DIRECTION('',(-2.77555756156289E-16,0.707106781186548,-0.707106781186547));
#10764=DIRECTION('center_axis',(0.,-0.707106781186536,-0.707106781186559));
#10765=DIRECTION('ref_axis',(0.707106781186547,-0.499999999999999,0.500000000000002));
#10766=DIRECTION('',(0.,-1.,1.25607396694717E-13));
#10767=DIRECTION('center_axis',(0.,0.707106781186547,0.707106781186548));
#10768=DIRECTION('ref_axis',(0.707106781186547,-0.499999999999997,0.500000000000004));
#10769=DIRECTION('center_axis',(0.,-0.707106781186547,-0.707106781186548));
#10770=DIRECTION('ref_axis',(0.707106781186547,-0.500000000000001,0.5));
#10771=DIRECTION('center_axis',(0.,-4.18691322315683E-14,1.));
#10772=DIRECTION('ref_axis',(1.,0.,0.));
#10773=DIRECTION('',(-1.,0.,0.));
#10774=DIRECTION('center_axis',(0.,0.707106781186547,0.707106781186548));
#10775=DIRECTION('ref_axis',(-1.,0.,0.));
#10776=DIRECTION('center_axis',(0.,-0.707106781186547,-0.707106781186548));
#10777=DIRECTION('ref_axis',(-1.,0.,0.));
#10778=DIRECTION('',(-2.77555756156289E-16,0.707106781186548,-0.707106781186547));
#10779=DIRECTION('center_axis',(0.,-4.18691322315683E-14,1.));
#10780=DIRECTION('ref_axis',(1.,0.,0.));
#10781=DIRECTION('',(-1.,0.,0.));
#10782=DIRECTION('',(0.,-1.,-4.18691322315685E-14));
#10783=DIRECTION('center_axis',(0.,-0.707106781186559,-0.707106781186536));
#10784=DIRECTION('ref_axis',(-0.707106781186552,-0.499999999999998,0.499999999999997));
#10785=DIRECTION('',(-0.707106781186648,-0.499999999999937,-0.499999999999921));
#10786=DIRECTION('center_axis',(0.,0.707106781186547,0.707106781186548));
#10787=DIRECTION('ref_axis',(-0.707106781186552,-0.499999999999997,0.499999999999997));
#10788=DIRECTION('center_axis',(0.,-0.707106781186547,-0.707106781186548));
#10789=DIRECTION('ref_axis',(-0.707106781186552,-0.499999999999998,0.499999999999997));
#10790=DIRECTION('center_axis',(-0.707106781186557,0.499999999999992,0.499999999999994));
#10791=DIRECTION('ref_axis',(0.577350269189616,0.,0.816496580927733));
#10792=DIRECTION('',(-5.55111512312578E-16,0.707106781186548,-0.707106781186547));
#10793=DIRECTION('',(-0.707106781186538,-0.500000000000001,-0.500000000000012));
#10794=DIRECTION('',(5.55111512312578E-16,-0.707106781186548,0.707106781186547));
#10795=DIRECTION('center_axis',(0.,0.70710678118654,0.707106781186555));
#10796=DIRECTION('ref_axis',(-1.,0.,0.));
#10797=DIRECTION('center_axis',(0.,0.707106781186547,0.707106781186548));
#10798=DIRECTION('ref_axis',(-1.,0.,0.));
#10799=DIRECTION('',(0.707106781186538,-0.500000000000001,-0.500000000000012));
#10800=DIRECTION('center_axis',(0.,-0.707106781186547,-0.707106781186548));
#10801=DIRECTION('ref_axis',(-1.,0.,0.));
#10802=DIRECTION('center_axis',(0.707106781186554,0.499999999999995,0.499999999999996));
#10803=DIRECTION('ref_axis',(0.577350269189619,0.,-0.816496580927731));
#10804=DIRECTION('',(2.77555756156289E-16,-0.707106781186548,0.707106781186547));
#10805=DIRECTION('',(0.707106781186538,-0.500000000000001,-0.500000000000012));
#10806=DIRECTION('',(-2.77555756156289E-16,0.707106781186548,-0.707106781186547));
#10807=DIRECTION('center_axis',(0.,-0.707106781186536,-0.707106781186559));
#10808=DIRECTION('ref_axis',(0.707106781186547,-0.499999999999999,0.500000000000002));
#10809=DIRECTION('',(0.,-1.,1.25607396694717E-13));
#10810=DIRECTION('center_axis',(0.,0.707106781186547,0.707106781186548));
#10811=DIRECTION('ref_axis',(0.707106781186547,-0.499999999999997,0.500000000000004));
#10812=DIRECTION('center_axis',(0.,-0.707106781186547,-0.707106781186548));
#10813=DIRECTION('ref_axis',(0.707106781186547,-0.500000000000001,0.5));
#10814=DIRECTION('center_axis',(0.,-4.18691322315683E-14,1.));
#10815=DIRECTION('ref_axis',(1.,0.,0.));
#10816=DIRECTION('',(-1.,0.,0.));
#10817=DIRECTION('center_axis',(0.,0.707106781186547,0.707106781186548));
#10818=DIRECTION('ref_axis',(-1.,0.,0.));
#10819=DIRECTION('',(5.55111512312578E-16,-0.707106781186548,0.707106781186547));
#10820=DIRECTION('center_axis',(0.,-0.707106781186547,-0.707106781186548));
#10821=DIRECTION('ref_axis',(-1.,0.,0.));
#10822=DIRECTION('',(-2.77555756156289E-16,0.707106781186548,-0.707106781186547));
#10823=DIRECTION('center_axis',(0.,-4.18691322315683E-14,1.));
#10824=DIRECTION('ref_axis',(1.,0.,0.));
#10825=DIRECTION('',(-1.,0.,0.));
#10826=DIRECTION('',(0.,-1.,-4.18691322315685E-14));
#10827=DIRECTION('center_axis',(0.,-0.707106781186533,-0.707106781186562));
#10828=DIRECTION('ref_axis',(-0.707106781186552,-0.499999999999998,0.499999999999997));
#10829=DIRECTION('',(-0.707106781186656,-0.499999999999934,-0.499999999999913));
#10830=DIRECTION('center_axis',(0.,0.707106781186547,0.707106781186548));
#10831=DIRECTION('ref_axis',(-0.707106781186552,-0.499999999999998,0.499999999999997));
#10832=DIRECTION('center_axis',(0.,-0.707106781186547,-0.707106781186548));
#10833=DIRECTION('ref_axis',(-0.707106781186552,-0.499999999999998,0.499999999999997));
#10834=DIRECTION('center_axis',(-0.707106781186547,0.5,0.500000000000001));
#10835=DIRECTION('ref_axis',(0.577350269189627,0.,0.816496580927725));
#10836=DIRECTION('',(-5.55111512312578E-16,0.707106781186548,-0.707106781186547));
#10837=DIRECTION('',(-0.707106781186549,-0.499999999999994,-0.500000000000004));
#10838=DIRECTION('',(5.55111512312578E-16,-0.707106781186548,0.707106781186547));
#10839=DIRECTION('center_axis',(0.,0.70710678118654,0.707106781186555));
#10840=DIRECTION('ref_axis',(-1.,0.,0.));
#10841=DIRECTION('center_axis',(0.,0.707106781186547,0.707106781186548));
#10842=DIRECTION('ref_axis',(-1.,0.,0.));
#10843=DIRECTION('',(0.707106781186538,-0.500000000000001,-0.500000000000012));
#10844=DIRECTION('center_axis',(0.,-0.707106781186547,-0.707106781186548));
#10845=DIRECTION('ref_axis',(-1.,0.,0.));
#10846=DIRECTION('center_axis',(0.707106781186543,0.500000000000003,0.500000000000003));
#10847=DIRECTION('ref_axis',(0.577350269189631,0.,-0.816496580927722));
#10848=DIRECTION('',(2.77555756156289E-16,-0.707106781186548,0.707106781186547));
#10849=DIRECTION('',(0.707106781186549,-0.499999999999994,-0.500000000000004));
#10850=DIRECTION('',(-2.77555756156289E-16,0.707106781186548,-0.707106781186547));
#10851=DIRECTION('center_axis',(0.,-0.707106781186536,-0.707106781186559));
#10852=DIRECTION('ref_axis',(0.707106781186547,-0.499999999999999,0.500000000000002));
#10853=DIRECTION('',(0.,-1.,1.25607396694717E-13));
#10854=DIRECTION('center_axis',(0.,0.707106781186547,0.707106781186548));
#10855=DIRECTION('ref_axis',(0.707106781186547,-0.499999999999997,0.500000000000004));
#10856=DIRECTION('center_axis',(0.,-0.707106781186547,-0.707106781186548));
#10857=DIRECTION('ref_axis',(0.707106781186547,-0.500000000000001,0.5));
#10858=DIRECTION('center_axis',(0.,-4.18691322315683E-14,1.));
#10859=DIRECTION('ref_axis',(1.,0.,0.));
#10860=DIRECTION('',(-1.,0.,0.));
#10861=DIRECTION('center_axis',(0.,0.707106781186547,0.707106781186548));
#10862=DIRECTION('ref_axis',(-1.,0.,0.));
#10863=DIRECTION('',(5.55111512312578E-16,-0.707106781186548,0.707106781186547));
#10864=DIRECTION('center_axis',(0.,-0.707106781186547,-0.707106781186548));
#10865=DIRECTION('ref_axis',(-1.,0.,0.));
#10866=DIRECTION('',(-2.77555756156289E-16,0.707106781186548,-0.707106781186547));
#10867=DIRECTION('center_axis',(0.,-4.18691322315683E-14,1.));
#10868=DIRECTION('ref_axis',(1.,0.,0.));
#10869=DIRECTION('',(-1.,0.,0.));
#10870=DIRECTION('',(0.,-1.,-4.18691322315685E-14));
#10871=DIRECTION('center_axis',(0.,-0.707106781186533,-0.707106781186562));
#10872=DIRECTION('ref_axis',(-0.707106781186552,-0.499999999999998,0.499999999999997));
#10873=DIRECTION('',(-0.707106781186656,-0.499999999999934,-0.499999999999913));
#10874=DIRECTION('center_axis',(0.,0.707106781186547,0.707106781186548));
#10875=DIRECTION('ref_axis',(-0.707106781186552,-0.499999999999998,0.499999999999997));
#10876=DIRECTION('center_axis',(0.,-0.707106781186547,-0.707106781186548));
#10877=DIRECTION('ref_axis',(-0.707106781186552,-0.499999999999998,0.499999999999997));
#10878=DIRECTION('center_axis',(-0.707106781186547,0.5,0.500000000000001));
#10879=DIRECTION('ref_axis',(0.577350269189627,0.,0.816496580927725));
#10880=DIRECTION('',(-5.55111512312578E-16,0.707106781186548,-0.707106781186547));
#10881=DIRECTION('',(-0.707106781186549,-0.499999999999994,-0.500000000000004));
#10882=DIRECTION('',(5.55111512312578E-16,-0.707106781186548,0.707106781186547));
#10883=DIRECTION('center_axis',(0.,0.70710678118654,0.707106781186555));
#10884=DIRECTION('ref_axis',(-1.,0.,0.));
#10885=DIRECTION('center_axis',(0.,0.707106781186547,0.707106781186548));
#10886=DIRECTION('ref_axis',(-1.,0.,0.));
#10887=DIRECTION('',(0.707106781186538,-0.500000000000001,-0.500000000000012));
#10888=DIRECTION('center_axis',(0.,-0.707106781186547,-0.707106781186548));
#10889=DIRECTION('ref_axis',(-1.,0.,0.));
#10890=DIRECTION('center_axis',(0.707106781186543,0.500000000000003,0.500000000000003));
#10891=DIRECTION('ref_axis',(0.577350269189631,0.,-0.816496580927722));
#10892=DIRECTION('',(2.77555756156289E-16,-0.707106781186548,0.707106781186547));
#10893=DIRECTION('',(0.707106781186549,-0.499999999999994,-0.500000000000004));
#10894=DIRECTION('',(-2.77555756156289E-16,0.707106781186548,-0.707106781186547));
#10895=DIRECTION('center_axis',(0.,-0.707106781186536,-0.707106781186559));
#10896=DIRECTION('ref_axis',(0.707106781186547,-0.499999999999999,0.500000000000002));
#10897=DIRECTION('',(0.,-1.,1.25607396694717E-13));
#10898=DIRECTION('center_axis',(0.,0.707106781186547,0.707106781186548));
#10899=DIRECTION('ref_axis',(0.707106781186547,-0.499999999999997,0.500000000000004));
#10900=DIRECTION('center_axis',(0.,-0.707106781186547,-0.707106781186548));
#10901=DIRECTION('ref_axis',(0.707106781186547,-0.500000000000001,0.5));
#10902=DIRECTION('center_axis',(0.,-4.18691322315683E-14,1.));
#10903=DIRECTION('ref_axis',(1.,0.,0.));
#10904=DIRECTION('',(-1.,0.,0.));
#10905=DIRECTION('center_axis',(0.,0.707106781186547,0.707106781186548));
#10906=DIRECTION('ref_axis',(-1.,0.,0.));
#10907=DIRECTION('',(5.55111512312578E-16,-0.707106781186548,0.707106781186547));
#10908=DIRECTION('center_axis',(0.,-0.707106781186547,-0.707106781186548));
#10909=DIRECTION('ref_axis',(-1.,0.,0.));
#10910=DIRECTION('',(-2.77555756156289E-16,0.707106781186548,-0.707106781186547));
#10911=DIRECTION('center_axis',(0.,-4.18691322315683E-14,1.));
#10912=DIRECTION('ref_axis',(1.,0.,0.));
#10913=DIRECTION('',(-1.,0.,0.));
#10914=DIRECTION('',(0.,-1.,-4.18691322315685E-14));
#10915=DIRECTION('center_axis',(0.,-0.707106781186533,-0.707106781186562));
#10916=DIRECTION('ref_axis',(-0.707106781186552,-0.499999999999997,0.499999999999997));
#10917=DIRECTION('',(-0.707106781186658,-0.49999999999993,-0.499999999999914));
#10918=DIRECTION('center_axis',(0.,0.707106781186547,0.707106781186548));
#10919=DIRECTION('ref_axis',(-0.707106781186552,-0.499999999999997,0.499999999999997));
#10920=DIRECTION('center_axis',(0.,-0.707106781186547,-0.707106781186548));
#10921=DIRECTION('ref_axis',(-0.707106781186552,-0.499999999999998,0.499999999999997));
#10922=DIRECTION('center_axis',(-0.707106781186552,0.499999999999996,0.499999999999997));
#10923=DIRECTION('ref_axis',(0.577350269189621,0.,0.816496580927729));
#10924=DIRECTION('',(-5.55111512312578E-16,0.707106781186548,-0.707106781186547));
#10925=DIRECTION('',(-0.707106781186544,-0.499999999999997,-0.500000000000008));
#10926=DIRECTION('',(5.55111512312578E-16,-0.707106781186548,0.707106781186547));
#10927=DIRECTION('center_axis',(0.,0.70710678118654,0.707106781186555));
#10928=DIRECTION('ref_axis',(-1.,0.,0.));
#10929=DIRECTION('center_axis',(0.,0.707106781186547,0.707106781186548));
#10930=DIRECTION('ref_axis',(-1.,0.,0.));
#10931=DIRECTION('',(0.707106781186538,-0.500000000000001,-0.500000000000012));
#10932=DIRECTION('center_axis',(0.,-0.707106781186547,-0.707106781186548));
#10933=DIRECTION('ref_axis',(-1.,0.,0.));
#10934=DIRECTION('center_axis',(0.707106781186543,0.500000000000003,0.500000000000003));
#10935=DIRECTION('ref_axis',(0.577350269189631,0.,-0.816496580927722));
#10936=DIRECTION('',(2.77555756156289E-16,-0.707106781186548,0.707106781186547));
#10937=DIRECTION('',(0.707106781186549,-0.499999999999994,-0.500000000000004));
#10938=DIRECTION('',(-2.77555756156289E-16,0.707106781186548,-0.707106781186547));
#10939=DIRECTION('center_axis',(0.,-0.707106781186536,-0.707106781186559));
#10940=DIRECTION('ref_axis',(0.707106781186547,-0.499999999999999,0.500000000000002));
#10941=DIRECTION('',(0.,-1.,1.25607396694717E-13));
#10942=DIRECTION('center_axis',(0.,0.707106781186547,0.707106781186548));
#10943=DIRECTION('ref_axis',(0.707106781186547,-0.499999999999997,0.500000000000004));
#10944=DIRECTION('center_axis',(0.,-0.707106781186547,-0.707106781186548));
#10945=DIRECTION('ref_axis',(0.707106781186547,-0.500000000000001,0.5));
#10946=DIRECTION('center_axis',(0.,-4.18691322315683E-14,1.));
#10947=DIRECTION('ref_axis',(1.,0.,0.));
#10948=DIRECTION('',(-1.,0.,0.));
#10949=DIRECTION('center_axis',(0.,0.707106781186547,0.707106781186548));
#10950=DIRECTION('ref_axis',(-1.,0.,0.));
#10951=DIRECTION('',(5.55111512312578E-16,-0.707106781186548,0.707106781186547));
#10952=DIRECTION('center_axis',(0.,-0.707106781186547,-0.707106781186548));
#10953=DIRECTION('ref_axis',(-1.,0.,0.));
#10954=DIRECTION('',(-2.77555756156289E-16,0.707106781186548,-0.707106781186547));
#10955=DIRECTION('center_axis',(0.,-4.18691322315683E-14,1.));
#10956=DIRECTION('ref_axis',(1.,0.,0.));
#10957=DIRECTION('',(-1.,0.,0.));
#10958=DIRECTION('',(0.,-1.,-4.18691322315685E-14));
#10959=DIRECTION('center_axis',(0.,-0.707106781186533,-0.707106781186562));
#10960=DIRECTION('ref_axis',(-0.707106781186552,-0.499999999999997,0.499999999999997));
#10961=DIRECTION('',(-0.707106781186663,-0.499999999999926,-0.49999999999991));
#10962=DIRECTION('center_axis',(0.,0.707106781186547,0.707106781186548));
#10963=DIRECTION('ref_axis',(-0.707106781186552,-0.499999999999997,0.499999999999997));
#10964=DIRECTION('center_axis',(0.,-0.707106781186547,-0.707106781186548));
#10965=DIRECTION('ref_axis',(-0.707106781186552,-0.499999999999998,0.499999999999997));
#10966=DIRECTION('center_axis',(-0.707106781186552,0.499999999999996,0.499999999999997));
#10967=DIRECTION('ref_axis',(0.577350269189621,0.,0.816496580927729));
#10968=DIRECTION('',(-5.55111512312578E-16,0.707106781186548,-0.707106781186547));
#10969=DIRECTION('',(-0.707106781186544,-0.499999999999997,-0.500000000000008));
#10970=DIRECTION('',(5.55111512312578E-16,-0.707106781186548,0.707106781186547));
#10971=DIRECTION('center_axis',(0.,0.70710678118654,0.707106781186555));
#10972=DIRECTION('ref_axis',(-1.,0.,0.));
#10973=DIRECTION('center_axis',(0.,0.707106781186547,0.707106781186548));
#10974=DIRECTION('ref_axis',(-1.,0.,0.));
#10975=DIRECTION('',(0.707106781186538,-0.500000000000001,-0.500000000000012));
#10976=DIRECTION('center_axis',(0.,-0.707106781186547,-0.707106781186548));
#10977=DIRECTION('ref_axis',(-1.,0.,0.));
#10978=DIRECTION('center_axis',(0.707106781186546,0.500000000000001,0.500000000000002));
#10979=DIRECTION('ref_axis',(0.577350269189628,0.,-0.816496580927725));
#10980=DIRECTION('',(2.77555756156289E-16,-0.707106781186548,0.707106781186547));
#10981=DIRECTION('',(0.707106781186544,-0.499999999999997,-0.500000000000008));
#10982=DIRECTION('',(-2.77555756156289E-16,0.707106781186548,-0.707106781186547));
#10983=DIRECTION('center_axis',(0.,-0.707106781186536,-0.707106781186559));
#10984=DIRECTION('ref_axis',(0.707106781186547,-0.499999999999999,0.500000000000002));
#10985=DIRECTION('',(0.,-1.,8.37382644631444E-14));
#10986=DIRECTION('center_axis',(0.,0.707106781186547,0.707106781186548));
#10987=DIRECTION('ref_axis',(0.707106781186547,-0.499999999999997,0.500000000000004));
#10988=DIRECTION('center_axis',(0.,-0.707106781186547,-0.707106781186548));
#10989=DIRECTION('ref_axis',(0.707106781186547,-0.500000000000001,0.5));
#10990=DIRECTION('center_axis',(0.,-4.18691322315683E-14,1.));
#10991=DIRECTION('ref_axis',(1.,0.,0.));
#10992=DIRECTION('',(-1.,0.,0.));
#10993=DIRECTION('center_axis',(0.,0.707106781186547,0.707106781186548));
#10994=DIRECTION('ref_axis',(-1.,0.,0.));
#10995=DIRECTION('',(5.55111512312578E-16,-0.707106781186548,0.707106781186547));
#10996=DIRECTION('center_axis',(0.,-0.707106781186547,-0.707106781186548));
#10997=DIRECTION('ref_axis',(-1.,0.,0.));
#10998=DIRECTION('',(-2.77555756156289E-16,0.707106781186548,-0.707106781186547));
#10999=DIRECTION('center_axis',(0.,0.707106781186542,0.707106781186553));
#11000=DIRECTION('ref_axis',(-1.,0.,0.));
#11001=DIRECTION('center_axis',(0.,-0.707106781186547,-0.707106781186548));
#11002=DIRECTION('ref_axis',(-1.,0.,0.));
#11003=DIRECTION('center_axis',(0.,0.707106781186542,0.707106781186553));
#11004=DIRECTION('ref_axis',(-1.,0.,0.));
#11005=DIRECTION('',(0.707106781186526,0.500000000000015,0.500000000000015));
#11006=DIRECTION('center_axis',(0.,-0.707106781186547,-0.707106781186548));
#11007=DIRECTION('ref_axis',(-1.,0.,0.));
#11008=DIRECTION('center_axis',(-0.707106781186557,0.499999999999993,0.499999999999994));
#11009=DIRECTION('ref_axis',(0.577350269189616,0.,0.816496580927733));
#11010=DIRECTION('',(5.55111512312578E-16,-0.707106781186548,0.707106781186547));
#11011=DIRECTION('center_axis',(0.,0.707106781186542,0.707106781186553));
#11012=DIRECTION('ref_axis',(-1.,0.,0.));
#11013=DIRECTION('',(0.707106781186526,0.500000000000015,0.500000000000015));
#11014=DIRECTION('center_axis',(0.,-0.707106781186547,-0.707106781186548));
#11015=DIRECTION('ref_axis',(-1.,0.,0.));
#11016=DIRECTION('center_axis',(-0.707106781186548,0.499999999999999,0.500000000000001));
#11017=DIRECTION('ref_axis',(0.577350269189626,0.,0.816496580927726));
#11018=DIRECTION('',(5.55111512312578E-16,-0.707106781186548,0.707106781186547));
#11019=DIRECTION('center_axis',(0.,0.707106781186542,0.707106781186553));
#11020=DIRECTION('ref_axis',(-1.,0.,0.));
#11021=DIRECTION('',(0.707106781186526,0.500000000000015,0.500000000000015));
#11022=DIRECTION('center_axis',(0.,-0.707106781186547,-0.707106781186548));
#11023=DIRECTION('ref_axis',(-1.,0.,0.));
#11024=DIRECTION('center_axis',(-0.707106781186549,0.499999999999998,0.5));
#11025=DIRECTION('ref_axis',(0.577350269189624,0.,0.816496580927727));
#11026=DIRECTION('',(5.55111512312578E-16,-0.707106781186548,0.707106781186547));
#11027=DIRECTION('center_axis',(0.,0.707106781186542,0.707106781186553));
#11028=DIRECTION('ref_axis',(-1.,0.,0.));
#11029=DIRECTION('',(0.707106781186526,0.500000000000015,0.500000000000015));
#11030=DIRECTION('center_axis',(0.,-0.707106781186547,-0.707106781186548));
#11031=DIRECTION('ref_axis',(-1.,0.,0.));
#11032=DIRECTION('center_axis',(-0.707106781186561,0.49999999999999,0.499999999999991));
#11033=DIRECTION('ref_axis',(0.577350269189611,0.,0.816496580927736));
#11034=DIRECTION('',(5.55111512312578E-16,-0.707106781186548,0.707106781186547));
#11035=DIRECTION('center_axis',(0.,0.707106781186542,0.707106781186553));
#11036=DIRECTION('ref_axis',(-1.,0.,0.));
#11037=DIRECTION('',(0.707106781186531,0.500000000000011,0.500000000000011));
#11038=DIRECTION('center_axis',(0.,-0.707106781186547,-0.707106781186548));
#11039=DIRECTION('ref_axis',(-1.,0.,0.));
#11040=DIRECTION('center_axis',(-0.707106781186557,0.499999999999992,0.499999999999994));
#11041=DIRECTION('ref_axis',(0.577350269189616,0.,0.816496580927733));
#11042=DIRECTION('',(5.55111512312578E-16,-0.707106781186548,0.707106781186547));
#11043=DIRECTION('center_axis',(0.,-0.707106781186546,-0.707106781186549));
#11044=DIRECTION('ref_axis',(-1.,0.,0.));
#11045=DIRECTION('',(0.,-0.707106781186546,-0.707106781186549));
#11046=DIRECTION('center_axis',(-1.,-1.96261557335472E-16,1.96261557335471E-16));
#11047=DIRECTION('ref_axis',(-2.77555756156289E-16,0.707106781186548,-0.707106781186547));
#11048=DIRECTION('center_axis',(1.,3.92523114670944E-16,-3.92523114670942E-16));
#11049=DIRECTION('ref_axis',(5.55111512312578E-16,-0.707106781186548,0.707106781186547));
#11050=DIRECTION('',(0.,-0.707106781186546,-0.707106781186549));
#11051=DIRECTION('center_axis',(0.,-0.707106781186546,-0.707106781186549));
#11052=DIRECTION('ref_axis',(-1.,0.,0.));
#11053=DIRECTION('',(0.,-0.707106781186546,-0.707106781186549));
#11054=DIRECTION('center_axis',(-1.,-1.96261557335472E-16,1.96261557335471E-16));
#11055=DIRECTION('ref_axis',(-2.77555756156289E-16,0.707106781186548,-0.707106781186547));
#11056=DIRECTION('center_axis',(1.,3.92523114670944E-16,-3.92523114670942E-16));
#11057=DIRECTION('ref_axis',(5.55111512312578E-16,-0.707106781186548,0.707106781186547));
#11058=DIRECTION('',(0.,-0.707106781186546,-0.707106781186549));
#11059=DIRECTION('center_axis',(0.,-0.707106781186546,-0.707106781186549));
#11060=DIRECTION('ref_axis',(-1.,0.,0.));
#11061=DIRECTION('',(0.,-0.707106781186546,-0.707106781186549));
#11062=DIRECTION('center_axis',(-1.,-1.96261557335472E-16,1.96261557335471E-16));
#11063=DIRECTION('ref_axis',(-2.77555756156289E-16,0.707106781186548,-0.707106781186547));
#11064=DIRECTION('center_axis',(1.,3.92523114670944E-16,-3.92523114670942E-16));
#11065=DIRECTION('ref_axis',(5.55111512312578E-16,-0.707106781186548,0.707106781186547));
#11066=DIRECTION('',(0.,-0.707106781186546,-0.707106781186549));
#11067=DIRECTION('center_axis',(0.,-0.707106781186546,-0.707106781186549));
#11068=DIRECTION('ref_axis',(-1.,0.,0.));
#11069=DIRECTION('',(0.,-0.707106781186546,-0.707106781186549));
#11070=DIRECTION('center_axis',(-1.,-1.96261557335472E-16,1.96261557335471E-16));
#11071=DIRECTION('ref_axis',(-2.77555756156289E-16,0.707106781186548,-0.707106781186547));
#11072=DIRECTION('center_axis',(1.,3.92523114670944E-16,-3.92523114670942E-16));
#11073=DIRECTION('ref_axis',(5.55111512312578E-16,-0.707106781186548,0.707106781186547));
#11074=DIRECTION('',(0.,-0.707106781186546,-0.707106781186549));
#11075=DIRECTION('center_axis',(0.,-0.707106781186546,-0.707106781186549));
#11076=DIRECTION('ref_axis',(-1.,0.,0.));
#11077=DIRECTION('',(0.,-0.707106781186546,-0.707106781186549));
#11078=DIRECTION('center_axis',(-1.,-1.96261557335472E-16,1.96261557335471E-16));
#11079=DIRECTION('ref_axis',(-2.77555756156289E-16,0.707106781186548,-0.707106781186547));
#11080=DIRECTION('center_axis',(1.,3.92523114670944E-16,-3.92523114670942E-16));
#11081=DIRECTION('ref_axis',(5.55111512312578E-16,-0.707106781186548,0.707106781186547));
#11082=DIRECTION('',(0.,-0.707106781186546,-0.707106781186549));
#11083=DIRECTION('center_axis',(0.,-0.707106781186546,-0.707106781186549));
#11084=DIRECTION('ref_axis',(-1.,0.,0.));
#11085=DIRECTION('',(0.,-0.707106781186546,-0.707106781186549));
#11086=DIRECTION('center_axis',(-1.,-1.96261557335472E-16,1.96261557335471E-16));
#11087=DIRECTION('ref_axis',(-2.77555756156289E-16,0.707106781186548,-0.707106781186547));
#11088=DIRECTION('',(0.,0.382683432365083,0.92387953251129));
#11089=DIRECTION('center_axis',(0.,-0.707106781186548,-0.707106781186547));
#11090=DIRECTION('ref_axis',(0.,0.707106781186547,-0.707106781186548));
#11091=DIRECTION('',(-1.,0.,0.));
#11092=DIRECTION('',(0.,0.707106781186547,-0.707106781186548));
#11093=DIRECTION('',(1.,0.,0.));
#11094=DIRECTION('center_axis',(0.,0.707106781186548,0.707106781186547));
#11095=DIRECTION('ref_axis',(-0.707106781186552,-0.499999999999997,0.499999999999997));
#11096=DIRECTION('',(5.55111512312578E-16,-0.707106781186547,0.707106781186548));
#11097=DIRECTION('center_axis',(0.,-0.707106781186548,-0.707106781186547));
#11098=DIRECTION('ref_axis',(-1.,0.,0.));
#11099=DIRECTION('',(-2.77555756156289E-16,0.707106781186547,-0.707106781186548));
#11100=DIRECTION('center_axis',(0.,0.707106781186548,0.707106781186547));
#11101=DIRECTION('ref_axis',(0.707106781186547,-0.5,0.500000000000001));
#11102=DIRECTION('',(1.,0.,0.));
#11103=DIRECTION('center_axis',(0.,0.707106781186548,0.707106781186547));
#11104=DIRECTION('ref_axis',(-0.707106781186552,-0.499999999999997,0.499999999999997));
#11105=DIRECTION('',(5.55111512312578E-16,-0.707106781186547,0.707106781186548));
#11106=DIRECTION('center_axis',(0.,-0.707106781186548,-0.707106781186547));
#11107=DIRECTION('ref_axis',(-1.,0.,0.));
#11108=DIRECTION('',(-2.77555756156289E-16,0.707106781186547,-0.707106781186548));
#11109=DIRECTION('center_axis',(0.,0.707106781186548,0.707106781186547));
#11110=DIRECTION('ref_axis',(0.707106781186547,-0.5,0.500000000000001));
#11111=DIRECTION('',(1.,0.,0.));
#11112=DIRECTION('center_axis',(0.,0.707106781186548,0.707106781186547));
#11113=DIRECTION('ref_axis',(-0.707106781186552,-0.499999999999997,0.499999999999997));
#11114=DIRECTION('',(5.55111512312578E-16,-0.707106781186547,0.707106781186548));
#11115=DIRECTION('center_axis',(0.,-0.707106781186548,-0.707106781186547));
#11116=DIRECTION('ref_axis',(-1.,0.,0.));
#11117=DIRECTION('',(-2.77555756156289E-16,0.707106781186547,-0.707106781186548));
#11118=DIRECTION('center_axis',(0.,0.707106781186548,0.707106781186547));
#11119=DIRECTION('ref_axis',(0.707106781186547,-0.5,0.500000000000001));
#11120=DIRECTION('',(1.,0.,0.));
#11121=DIRECTION('center_axis',(0.,0.707106781186548,0.707106781186547));
#11122=DIRECTION('ref_axis',(-0.707106781186552,-0.499999999999997,0.499999999999997));
#11123=DIRECTION('',(5.55111512312578E-16,-0.707106781186547,0.707106781186548));
#11124=DIRECTION('center_axis',(0.,-0.707106781186548,-0.707106781186547));
#11125=DIRECTION('ref_axis',(-1.,0.,0.));
#11126=DIRECTION('',(-2.77555756156289E-16,0.707106781186547,-0.707106781186548));
#11127=DIRECTION('center_axis',(0.,0.707106781186548,0.707106781186547));
#11128=DIRECTION('ref_axis',(0.707106781186547,-0.5,0.500000000000001));
#11129=DIRECTION('',(1.,0.,0.));
#11130=DIRECTION('center_axis',(0.,0.707106781186548,0.707106781186547));
#11131=DIRECTION('ref_axis',(-0.707106781186551,-0.499999999999997,0.499999999999997));
#11132=DIRECTION('',(5.55111512312578E-16,-0.707106781186547,0.707106781186548));
#11133=DIRECTION('center_axis',(0.,-0.707106781186548,-0.707106781186547));
#11134=DIRECTION('ref_axis',(-1.,0.,0.));
#11135=DIRECTION('',(-2.77555756156289E-16,0.707106781186547,-0.707106781186548));
#11136=DIRECTION('center_axis',(0.,0.707106781186548,0.707106781186547));
#11137=DIRECTION('ref_axis',(0.707106781186547,-0.500000000000001,0.500000000000001));
#11138=DIRECTION('',(1.,0.,0.));
#11139=DIRECTION('center_axis',(0.,0.707106781186548,0.707106781186547));
#11140=DIRECTION('ref_axis',(-0.707106781186551,-0.499999999999997,0.499999999999997));
#11141=DIRECTION('',(5.55111512312578E-16,-0.707106781186547,0.707106781186548));
#11142=DIRECTION('center_axis',(0.,-0.707106781186548,-0.707106781186547));
#11143=DIRECTION('ref_axis',(-1.,0.,0.));
#11144=DIRECTION('',(-2.77555756156289E-16,0.707106781186547,-0.707106781186548));
#11145=DIRECTION('center_axis',(0.,0.707106781186548,0.707106781186547));
#11146=DIRECTION('ref_axis',(0.707106781186547,-0.5,0.500000000000001));
#11147=DIRECTION('',(1.,0.,0.));
#11148=DIRECTION('',(0.,-0.707106781186547,0.707106781186548));
#11149=DIRECTION('center_axis',(0.,1.,0.));
#11150=DIRECTION('ref_axis',(-1.,0.,0.));
#11151=DIRECTION('',(0.,1.,0.));
#11152=DIRECTION('',(0.,0.382683432365083,0.92387953251129));
#11153=DIRECTION('center_axis',(0.,-1.,0.));
#11154=DIRECTION('ref_axis',(1.,0.,0.));
#11155=DIRECTION('',(0.,1.,0.));
#11156=DIRECTION('center_axis',(0.70710678118654,0.,0.707106781186555));
#11157=DIRECTION('ref_axis',(0.707106781186555,0.,-0.70710678118654));
#11158=DIRECTION('',(0.,-1.,0.));
#11159=DIRECTION('',(0.,1.,0.));
#11160=DIRECTION('center_axis',(-1.,0.,0.));
#11161=DIRECTION('ref_axis',(0.,0.,1.));
#11162=DIRECTION('center_axis',(-0.707106781186548,0.,0.707106781186548));
#11163=DIRECTION('ref_axis',(0.707106781186548,0.,0.707106781186548));
#11164=DIRECTION('',(0.,1.,0.));
#11165=DIRECTION('center_axis',(0.,0.,1.));
#11166=DIRECTION('ref_axis',(0.,1.,0.));
#11167=DIRECTION('',(1.,0.,0.));
#11168=DIRECTION('',(0.,-1.,0.));
#11169=DIRECTION('center_axis',(-0.70710678118654,0.,0.707106781186555));
#11170=DIRECTION('ref_axis',(0.707106781186555,0.,0.70710678118654));
#11171=DIRECTION('',(0.67859834454585,-0.28108463771484,0.678598344545835));
#11172=DIRECTION('',(0.,1.,0.));
#11173=DIRECTION('center_axis',(-0.577350269189622,-0.816496580927729,4.27325041418565E-15));
#11174=DIRECTION('ref_axis',(7.40148683083434E-15,0.,1.));
#11175=DIRECTION('',(-0.707106781186545,0.500000000000002,0.500000000000002));
#11176=DIRECTION('',(0.,-5.23364152894584E-15,-1.));
#11177=DIRECTION('',(0.707106781186549,-0.499999999999994,0.500000000000004));
#11178=DIRECTION('center_axis',(0.577350269189603,-0.816496580927742,4.27325041418572E-15));
#11179=DIRECTION('ref_axis',(7.40148683083471E-15,0.,-1.));
#11180=DIRECTION('',(0.707106781186563,0.499999999999979,-0.499999999999999));
#11181=DIRECTION('',(0.,5.23364152894584E-15,1.));
#11182=DIRECTION('',(-0.707106781186561,-0.499999999999982,-0.499999999999998));
#11183=DIRECTION('center_axis',(0.,-1.,5.23364152894584E-15));
#11184=DIRECTION('ref_axis',(0.,-5.23364152894584E-15,-1.));
#11185=DIRECTION('',(1.04672830578917E-14,5.23364152894584E-15,1.));
#11186=DIRECTION('center_axis',(0.,0.707106781186533,0.707106781186562));
#11187=DIRECTION('ref_axis',(0.707106781186547,-0.499999999999999,0.500000000000002));
#11188=DIRECTION('',(0.707106781186552,0.499999999999984,0.50000000000001));
#11189=DIRECTION('center_axis',(0.,-0.707106781186548,-0.707106781186547));
#11190=DIRECTION('ref_axis',(0.707106781186547,-0.499999999999997,0.500000000000004));
#11191=DIRECTION('center_axis',(0.707106781186554,-0.499999999999995,-0.499999999999995));
#11192=DIRECTION('ref_axis',(-0.577350269189619,0.,-0.816496580927731));
#11193=DIRECTION('',(0.707106781186543,0.500000000000004,0.500000000000004));
#11194=DIRECTION('',(2.77555756156289E-16,-0.707106781186547,0.707106781186548));
#11195=DIRECTION('center_axis',(0.,-0.707106781186549,-0.707106781186546));
#11196=DIRECTION('ref_axis',(-1.,0.,0.));
#11197=DIRECTION('',(-0.707106781186539,0.500000000000007,0.500000000000005));
#11198=DIRECTION('center_axis',(0.,0.707106781186548,0.707106781186547));
#11199=DIRECTION('ref_axis',(-1.,0.,0.));
#11200=DIRECTION('center_axis',(-0.707106781186557,-0.499999999999994,-0.499999999999993));
#11201=DIRECTION('ref_axis',(-0.577350269189616,0.,0.816496580927733));
#11202=DIRECTION('',(-0.707106781186536,0.500000000000005,0.50000000000001));
#11203=DIRECTION('',(-5.55111512312578E-16,0.707106781186547,-0.707106781186548));
#11204=DIRECTION('center_axis',(0.,0.70710678118654,0.707106781186555));
#11205=DIRECTION('ref_axis',(-0.707106781186552,-0.499999999999997,0.499999999999997));
#11206=DIRECTION('',(0.,2.61682076447303E-14,1.));
#11207=DIRECTION('center_axis',(0.,-0.707106781186548,-0.707106781186547));
#11208=DIRECTION('ref_axis',(-0.707106781186552,-0.499999999999997,0.499999999999997));
#11209=DIRECTION('center_axis',(0.,-1.,5.23364152894584E-15));
#11210=DIRECTION('ref_axis',(0.,-5.23364152894584E-15,-1.));
#11211=DIRECTION('',(0.,5.23364152894584E-15,1.));
#11212=DIRECTION('center_axis',(0.,0.707106781186533,0.707106781186562));
#11213=DIRECTION('ref_axis',(0.707106781186547,-0.499999999999999,0.500000000000002));
#11214=DIRECTION('',(0.707106781186549,0.499999999999986,0.500000000000012));
#11215=DIRECTION('center_axis',(0.,-0.707106781186548,-0.707106781186547));
#11216=DIRECTION('ref_axis',(0.707106781186547,-0.499999999999997,0.500000000000004));
#11217=DIRECTION('center_axis',(0.707106781186547,-0.500000000000001,-0.500000000000001));
#11218=DIRECTION('ref_axis',(-0.577350269189627,0.,-0.816496580927725));
#11219=DIRECTION('',(0.70710678118655,0.499999999999998,0.499999999999998));
#11220=DIRECTION('',(2.77555756156289E-16,-0.707106781186547,0.707106781186548));
#11221=DIRECTION('center_axis',(0.,-0.707106781186549,-0.707106781186546));
#11222=DIRECTION('ref_axis',(-1.,0.,0.));
#11223=DIRECTION('',(-0.707106781186539,0.500000000000007,0.500000000000005));
#11224=DIRECTION('center_axis',(0.,0.707106781186548,0.707106781186547));
#11225=DIRECTION('ref_axis',(-1.,0.,0.));
#11226=DIRECTION('center_axis',(-0.707106781186555,-0.499999999999995,-0.499999999999994));
#11227=DIRECTION('ref_axis',(-0.577350269189617,0.,0.816496580927732));
#11228=DIRECTION('',(-0.707106781186535,0.500000000000009,0.500000000000009));
#11229=DIRECTION('',(-5.55111512312578E-16,0.707106781186547,-0.707106781186548));
#11230=DIRECTION('center_axis',(0.,0.70710678118654,0.707106781186555));
#11231=DIRECTION('ref_axis',(-0.707106781186552,-0.499999999999997,0.499999999999997));
#11232=DIRECTION('',(0.,2.61682076447303E-14,1.));
#11233=DIRECTION('center_axis',(0.,-0.707106781186548,-0.707106781186547));
#11234=DIRECTION('ref_axis',(-0.707106781186552,-0.499999999999997,0.499999999999997));
#11235=DIRECTION('center_axis',(0.,-1.,5.23364152894584E-15));
#11236=DIRECTION('ref_axis',(0.,-5.23364152894584E-15,-1.));
#11237=DIRECTION('',(0.,5.23364152894584E-15,1.));
#11238=DIRECTION('center_axis',(0.,0.707106781186562,0.707106781186533));
#11239=DIRECTION('ref_axis',(0.707106781186547,-0.499999999999999,0.500000000000002));
#11240=DIRECTION('',(0.707106781186567,0.499999999999996,0.499999999999975));
#11241=DIRECTION('center_axis',(0.,-0.707106781186548,-0.707106781186547));
#11242=DIRECTION('ref_axis',(0.707106781186547,-0.499999999999997,0.500000000000004));
#11243=DIRECTION('center_axis',(0.707106781186552,-0.499999999999997,-0.499999999999997));
#11244=DIRECTION('ref_axis',(-0.577350269189621,0.,-0.816496580927729));
#11245=DIRECTION('',(0.707106781186545,0.500000000000002,0.500000000000002));
#11246=DIRECTION('',(2.77555756156289E-16,-0.707106781186547,0.707106781186548));
#11247=DIRECTION('center_axis',(0.,-0.707106781186549,-0.707106781186546));
#11248=DIRECTION('ref_axis',(-1.,0.,0.));
#11249=DIRECTION('',(-0.707106781186544,0.500000000000004,0.500000000000001));
#11250=DIRECTION('center_axis',(0.,0.707106781186548,0.707106781186547));
#11251=DIRECTION('ref_axis',(-1.,0.,0.));
#11252=DIRECTION('center_axis',(-0.707106781186552,-0.499999999999997,-0.499999999999997));
#11253=DIRECTION('ref_axis',(-0.577350269189621,0.,0.816496580927729));
#11254=DIRECTION('',(-0.707106781186545,0.500000000000002,0.500000000000002));
#11255=DIRECTION('',(-5.55111512312578E-16,0.707106781186547,-0.707106781186548));
#11256=DIRECTION('center_axis',(0.,0.707106781186544,0.707106781186551));
#11257=DIRECTION('ref_axis',(-0.707106781186552,-0.499999999999997,0.499999999999997));
#11258=DIRECTION('',(0.,-5.23364152894606E-15,1.));
#11259=DIRECTION('center_axis',(0.,-0.707106781186548,-0.707106781186547));
#11260=DIRECTION('ref_axis',(-0.707106781186552,-0.499999999999998,0.499999999999997));
#11261=DIRECTION('center_axis',(0.,-1.,5.23364152894584E-15));
#11262=DIRECTION('ref_axis',(0.,-5.23364152894584E-15,-1.));
#11263=DIRECTION('',(0.,5.23364152894584E-15,1.));
#11264=DIRECTION('center_axis',(0.,0.707106781186562,0.707106781186533));
#11265=DIRECTION('ref_axis',(0.707106781186547,-0.499999999999999,0.500000000000002));
#11266=DIRECTION('',(0.707106781186567,0.499999999999996,0.499999999999975));
#11267=DIRECTION('center_axis',(0.,-0.707106781186548,-0.707106781186547));
#11268=DIRECTION('ref_axis',(0.707106781186547,-0.499999999999997,0.500000000000004));
#11269=DIRECTION('center_axis',(0.707106781186553,-0.499999999999996,-0.499999999999996));
#11270=DIRECTION('ref_axis',(-0.577350269189619,0.,-0.81649658092773));
#11271=DIRECTION('',(0.707106781186543,0.500000000000006,0.5));
#11272=DIRECTION('',(2.77555756156289E-16,-0.707106781186547,0.707106781186548));
#11273=DIRECTION('center_axis',(0.,-0.707106781186549,-0.707106781186546));
#11274=DIRECTION('ref_axis',(-1.,0.,0.));
#11275=DIRECTION('',(-0.707106781186544,0.500000000000004,0.500000000000001));
#11276=DIRECTION('center_axis',(0.,0.707106781186548,0.707106781186547));
#11277=DIRECTION('ref_axis',(-1.,0.,0.));
#11278=DIRECTION('center_axis',(-0.707106781186552,-0.499999999999997,-0.499999999999997));
#11279=DIRECTION('ref_axis',(-0.577350269189621,0.,0.816496580927729));
#11280=DIRECTION('',(-0.707106781186545,0.500000000000002,0.500000000000002));
#11281=DIRECTION('',(-5.55111512312578E-16,0.707106781186547,-0.707106781186548));
#11282=DIRECTION('center_axis',(0.,0.707106781186544,0.707106781186551));
#11283=DIRECTION('ref_axis',(-0.707106781186552,-0.499999999999997,0.499999999999997));
#11284=DIRECTION('',(0.,-5.23364152894606E-15,1.));
#11285=DIRECTION('center_axis',(0.,-0.707106781186548,-0.707106781186547));
#11286=DIRECTION('ref_axis',(-0.707106781186552,-0.499999999999998,0.499999999999997));
#11287=DIRECTION('center_axis',(0.,-1.,5.23364152894584E-15));
#11288=DIRECTION('ref_axis',(0.,-5.23364152894584E-15,-1.));
#11289=DIRECTION('',(0.,5.23364152894584E-15,1.));
#11290=DIRECTION('center_axis',(0.,0.707106781186562,0.707106781186533));
#11291=DIRECTION('ref_axis',(0.707106781186547,-0.499999999999999,0.500000000000002));
#11292=DIRECTION('',(0.707106781186578,0.499999999999989,0.499999999999968));
#11293=DIRECTION('center_axis',(0.,-0.707106781186548,-0.707106781186547));
#11294=DIRECTION('ref_axis',(0.707106781186547,-0.499999999999997,0.500000000000004));
#11295=DIRECTION('center_axis',(0.707106781186566,-0.499999999999987,-0.499999999999987));
#11296=DIRECTION('ref_axis',(-0.577350269189606,0.,-0.81649658092774));
#11297=DIRECTION('',(0.707106781186532,0.500000000000015,0.500000000000007));
#11298=DIRECTION('',(2.77555756156289E-16,-0.707106781186547,0.707106781186548));
#11299=DIRECTION('center_axis',(0.,-0.707106781186549,-0.707106781186546));
#11300=DIRECTION('ref_axis',(-1.,0.,0.));
#11301=DIRECTION('',(-0.707106781186534,0.500000000000011,0.500000000000008));
#11302=DIRECTION('center_axis',(0.,0.707106781186548,0.707106781186547));
#11303=DIRECTION('ref_axis',(-1.,0.,0.));
#11304=DIRECTION('center_axis',(-0.707106781186564,-0.499999999999989,-0.499999999999988));
#11305=DIRECTION('ref_axis',(-0.577350269189608,0.,0.816496580927739));
#11306=DIRECTION('',(-0.707106781186533,0.500000000000013,0.500000000000008));
#11307=DIRECTION('',(-5.55111512312578E-16,0.707106781186547,-0.707106781186548));
#11308=DIRECTION('center_axis',(0.,0.707106781186551,0.707106781186544));
#11309=DIRECTION('ref_axis',(-0.707106781186552,-0.499999999999997,0.499999999999997));
#11310=DIRECTION('',(0.,1.57009245868388E-14,1.));
#11311=DIRECTION('center_axis',(0.,-0.707106781186548,-0.707106781186547));
#11312=DIRECTION('ref_axis',(-0.707106781186552,-0.499999999999997,0.499999999999997));
#11313=DIRECTION('center_axis',(0.,-1.,5.23364152894584E-15));
#11314=DIRECTION('ref_axis',(0.,-5.23364152894584E-15,-1.));
#11315=DIRECTION('',(0.,5.23364152894584E-15,1.));
#11316=DIRECTION('center_axis',(0.,0.707106781186562,0.707106781186533));
#11317=DIRECTION('ref_axis',(0.707106781186547,-0.499999999999999,0.500000000000002));
#11318=DIRECTION('',(0.707106781186578,0.499999999999989,0.499999999999968));
#11319=DIRECTION('center_axis',(0.,-0.707106781186548,-0.707106781186547));
#11320=DIRECTION('ref_axis',(0.707106781186547,-0.499999999999997,0.500000000000004));
#11321=DIRECTION('center_axis',(0.707106781186566,-0.499999999999987,-0.499999999999987));
#11322=DIRECTION('ref_axis',(-0.577350269189606,0.,-0.81649658092774));
#11323=DIRECTION('',(0.707106781186532,0.500000000000015,0.500000000000007));
#11324=DIRECTION('',(2.77555756156289E-16,-0.707106781186547,0.707106781186548));
#11325=DIRECTION('center_axis',(0.,-0.707106781186549,-0.707106781186546));
#11326=DIRECTION('ref_axis',(-1.,0.,0.));
#11327=DIRECTION('',(-0.707106781186534,0.500000000000011,0.500000000000008));
#11328=DIRECTION('center_axis',(0.,0.707106781186548,0.707106781186547));
#11329=DIRECTION('ref_axis',(-1.,0.,0.));
#11330=DIRECTION('center_axis',(-0.707106781186585,-0.499999999999974,-0.499999999999973));
#11331=DIRECTION('ref_axis',(-0.577350269189585,0.,0.816496580927755));
#11332=DIRECTION('',(-0.707106781186512,0.500000000000028,0.500000000000023));
#11333=DIRECTION('',(-5.55111512312578E-16,0.707106781186547,-0.707106781186548));
#11334=DIRECTION('center_axis',(0.,0.707106781186551,0.707106781186544));
#11335=DIRECTION('ref_axis',(-0.707106781186552,-0.499999999999997,0.499999999999997));
#11336=DIRECTION('',(0.,-3.14018491736764E-14,1.));
#11337=DIRECTION('center_axis',(0.,-0.707106781186548,-0.707106781186547));
#11338=DIRECTION('ref_axis',(-0.707106781186552,-0.499999999999998,0.499999999999997));
#11339=DIRECTION('center_axis',(0.,-1.,5.23364152894584E-15));
#11340=DIRECTION('ref_axis',(0.,-5.23364152894584E-15,-1.));
#11341=DIRECTION('',(-1.,0.,0.));
#11342=DIRECTION('center_axis',(0.,0.,-1.));
#11343=DIRECTION('ref_axis',(-1.,0.,0.));
#11344=DIRECTION('',(-0.577350269189639,-0.816496580927717,0.));
#11345=DIRECTION('',(-0.577350269189627,0.816496580927725,0.));
#11346=DIRECTION('center_axis',(0.707106781186536,-0.500000000000009,-0.500000000000008));
#11347=DIRECTION('ref_axis',(-0.577350269189639,0.,-0.816496580927717));
#11348=DIRECTION('',(0.,-0.707106781186547,0.707106781186548));
#11349=DIRECTION('center_axis',(-0.707106781186548,-0.5,-0.5));
#11350=DIRECTION('ref_axis',(-0.577350269189625,0.,0.816496580927726));
#11351=DIRECTION('center_axis',(0.707106781186534,-0.500000000000007,0.500000000000013));
#11352=DIRECTION('ref_axis',(0.577350269189643,0.,-0.816496580927714));
#11353=DIRECTION('',(0.,-0.707106781186552,-0.707106781186543));
#11354=DIRECTION('',(0.,0.707106781186552,0.707106781186543));
#11355=DIRECTION('',(-0.678598344545845,-0.281084637714829,0.678598344545845));
#11356=DIRECTION('center_axis',(-0.707106781186546,-0.499999999999998,0.500000000000004));
#11357=DIRECTION('ref_axis',(0.57735026918963,0.,0.816496580927723));
#11358=DIRECTION('center_axis',(0.707106781186548,0.,0.707106781186548));
#11359=DIRECTION('ref_axis',(0.707106781186548,0.,-0.707106781186548));
#11360=DIRECTION('',(0.,1.,0.));
#11361=DIRECTION('center_axis',(-1.45446229400124E-30,0.707106781186552,
0.707106781186543));
#11362=DIRECTION('ref_axis',(0.707106781186547,-0.499999999999997,0.500000000000004));
#11363=DIRECTION('',(-1.45446229400124E-30,0.707106781186552,0.707106781186543));
#11364=DIRECTION('center_axis',(-1.,-1.96261557335472E-16,1.96261557335472E-16));
#11365=DIRECTION('ref_axis',(-2.77555756156289E-16,0.707106781186548,-0.707106781186547));
#11366=DIRECTION('',(0.,-0.707106781186548,-0.707106781186547));
#11367=DIRECTION('center_axis',(0.,-0.707106781186548,-0.707106781186547));
#11368=DIRECTION('ref_axis',(-1.,0.,0.));
#11369=DIRECTION('',(0.,-0.707106781186548,-0.707106781186547));
#11370=DIRECTION('center_axis',(1.,3.92523114670943E-16,-3.92523114670944E-16));
#11371=DIRECTION('ref_axis',(5.55111512312578E-16,-0.707106781186548,0.707106781186547));
#11372=DIRECTION('',(2.90892458800248E-30,-0.707106781186552,-0.707106781186543));
#11373=DIRECTION('center_axis',(2.90892458800248E-30,-0.707106781186552,
-0.707106781186543));
#11374=DIRECTION('ref_axis',(-0.707106781186552,-0.499999999999998,0.499999999999997));
#11375=DIRECTION('center_axis',(-1.45446229400124E-30,0.707106781186552,
0.707106781186543));
#11376=DIRECTION('ref_axis',(0.707106781186547,-0.499999999999997,0.500000000000004));
#11377=DIRECTION('',(-1.45446229400124E-30,0.707106781186552,0.707106781186543));
#11378=DIRECTION('center_axis',(-1.,-1.96261557335472E-16,1.96261557335472E-16));
#11379=DIRECTION('ref_axis',(-2.77555756156289E-16,0.707106781186548,-0.707106781186547));
#11380=DIRECTION('',(0.,-0.707106781186548,-0.707106781186547));
#11381=DIRECTION('center_axis',(0.,-0.707106781186548,-0.707106781186547));
#11382=DIRECTION('ref_axis',(-1.,0.,0.));
#11383=DIRECTION('',(0.,-0.707106781186548,-0.707106781186547));
#11384=DIRECTION('center_axis',(1.,3.92523114670943E-16,-3.92523114670944E-16));
#11385=DIRECTION('ref_axis',(5.55111512312578E-16,-0.707106781186548,0.707106781186547));
#11386=DIRECTION('',(2.90892458800248E-30,-0.707106781186552,-0.707106781186543));
#11387=DIRECTION('center_axis',(2.90892458800248E-30,-0.707106781186552,
-0.707106781186543));
#11388=DIRECTION('ref_axis',(-0.707106781186552,-0.499999999999998,0.499999999999997));
#11389=DIRECTION('center_axis',(-1.45446229400124E-30,0.707106781186552,
0.707106781186543));
#11390=DIRECTION('ref_axis',(0.707106781186547,-0.499999999999997,0.500000000000004));
#11391=DIRECTION('',(-1.45446229400124E-30,0.707106781186552,0.707106781186543));
#11392=DIRECTION('center_axis',(-1.,-1.96261557335472E-16,1.96261557335472E-16));
#11393=DIRECTION('ref_axis',(-2.77555756156289E-16,0.707106781186548,-0.707106781186547));
#11394=DIRECTION('',(0.,-0.707106781186548,-0.707106781186547));
#11395=DIRECTION('center_axis',(0.,-0.707106781186548,-0.707106781186547));
#11396=DIRECTION('ref_axis',(-1.,0.,0.));
#11397=DIRECTION('',(0.,-0.707106781186548,-0.707106781186547));
#11398=DIRECTION('center_axis',(1.,3.92523114670943E-16,-3.92523114670944E-16));
#11399=DIRECTION('ref_axis',(5.55111512312578E-16,-0.707106781186548,0.707106781186547));
#11400=DIRECTION('',(2.90892458800248E-30,-0.707106781186552,-0.707106781186543));
#11401=DIRECTION('center_axis',(2.90892458800248E-30,-0.707106781186552,
-0.707106781186543));
#11402=DIRECTION('ref_axis',(-0.707106781186552,-0.499999999999998,0.499999999999997));
#11403=DIRECTION('',(-2.90892458800248E-30,0.707106781186552,0.707106781186543));
#11404=DIRECTION('center_axis',(0.,-0.707106781186543,0.707106781186552));
#11405=DIRECTION('ref_axis',(0.,-0.707106781186552,-0.707106781186543));
#11406=DIRECTION('center_axis',(1.,0.,0.));
#11407=DIRECTION('ref_axis',(0.,0.,-1.));
#11408=DIRECTION('center_axis',(2.90892458800248E-30,-0.707106781186552,
-0.707106781186543));
#11409=DIRECTION('ref_axis',(-0.707106781186552,-0.499999999999998,0.499999999999997));
#11410=DIRECTION('',(2.90892458800248E-30,-0.707106781186552,-0.707106781186543));
#11411=DIRECTION('center_axis',(1.,3.92523114670943E-16,-3.92523114670944E-16));
#11412=DIRECTION('ref_axis',(5.55111512312578E-16,-0.707106781186548,0.707106781186547));
#11413=DIRECTION('',(0.,-0.707106781186548,-0.707106781186547));
#11414=DIRECTION('center_axis',(-1.45446229400124E-30,0.707106781186552,
0.707106781186543));
#11415=DIRECTION('ref_axis',(0.707106781186547,-0.499999999999997,0.500000000000004));
#11416=DIRECTION('',(-1.45446229400124E-30,0.707106781186552,0.707106781186543));
#11417=DIRECTION('center_axis',(2.90892458800248E-30,-0.707106781186552,
-0.707106781186543));
#11418=DIRECTION('ref_axis',(-0.707106781186552,-0.499999999999998,0.499999999999997));
#11419=DIRECTION('',(2.90892458800248E-30,-0.707106781186552,-0.707106781186543));
#11420=DIRECTION('center_axis',(-1.45446229400124E-30,0.707106781186552,
0.707106781186543));
#11421=DIRECTION('ref_axis',(0.707106781186547,-0.499999999999997,0.500000000000004));
#11422=DIRECTION('',(-1.45446229400124E-30,0.707106781186552,0.707106781186543));
#11423=DIRECTION('center_axis',(2.90892458800248E-30,-0.707106781186552,
-0.707106781186543));
#11424=DIRECTION('ref_axis',(-0.707106781186552,-0.499999999999998,0.499999999999997));
#11425=DIRECTION('',(2.90892458800248E-30,-0.707106781186552,-0.707106781186543));
#11426=DIRECTION('center_axis',(-1.45446229400124E-30,0.707106781186552,
0.707106781186543));
#11427=DIRECTION('ref_axis',(0.707106781186547,-0.499999999999997,0.500000000000004));
#11428=DIRECTION('',(-1.45446229400124E-30,0.707106781186552,0.707106781186543));
#11429=DIRECTION('center_axis',(-1.,0.,0.));
#11430=DIRECTION('ref_axis',(0.,0.,1.));
#11431=DIRECTION('center_axis',(0.,-0.707106781186548,-0.707106781186547));
#11432=DIRECTION('ref_axis',(-1.,0.,0.));
#11433=DIRECTION('',(0.,-0.707106781186548,-0.707106781186547));
#11434=DIRECTION('center_axis',(-1.,-1.96261557335472E-16,1.96261557335472E-16));
#11435=DIRECTION('ref_axis',(-2.77555756156289E-16,0.707106781186548,-0.707106781186547));
#11436=DIRECTION('center_axis',(1.,3.92523114670943E-16,-3.92523114670944E-16));
#11437=DIRECTION('ref_axis',(5.55111512312578E-16,-0.707106781186548,0.707106781186547));
#11438=DIRECTION('',(0.,-0.707106781186548,-0.707106781186547));
#11439=DIRECTION('center_axis',(0.,-0.707106781186548,-0.707106781186547));
#11440=DIRECTION('ref_axis',(-1.,0.,0.));
#11441=DIRECTION('',(0.,-0.707106781186548,-0.707106781186547));
#11442=DIRECTION('center_axis',(-1.,-1.96261557335472E-16,1.96261557335472E-16));
#11443=DIRECTION('ref_axis',(-2.77555756156289E-16,0.707106781186548,-0.707106781186547));
#11444=DIRECTION('center_axis',(1.,3.92523114670943E-16,-3.92523114670944E-16));
#11445=DIRECTION('ref_axis',(5.55111512312578E-16,-0.707106781186548,0.707106781186547));
#11446=DIRECTION('',(0.,-0.707106781186548,-0.707106781186547));
#11447=DIRECTION('center_axis',(0.,-0.707106781186548,-0.707106781186547));
#11448=DIRECTION('ref_axis',(-1.,0.,0.));
#11449=DIRECTION('',(0.,-0.707106781186548,-0.707106781186547));
#11450=DIRECTION('center_axis',(-1.,-1.96261557335472E-16,1.96261557335472E-16));
#11451=DIRECTION('ref_axis',(-2.77555756156289E-16,0.707106781186548,-0.707106781186547));
#11452=DIRECTION('center_axis',(0.,0.,-1.));
#11453=DIRECTION('ref_axis',(0.,1.,0.));
#11454=DIRECTION('axis',(0.,0.,1.));
#11455=DIRECTION('refdir',(1.,0.,0.));
#11456=DIRECTION('axis',(0.,0.,1.));
#11457=DIRECTION('refdir',(1.,0.,0.));
#11458=DIRECTION('center_axis',(0.,-1.,0.));
#11459=DIRECTION('ref_axis',(1.,0.,0.));
#11460=DIRECTION('center_axis',(0.,-1.,0.));
#11461=DIRECTION('ref_axis',(1.,0.,0.));
#11462=DIRECTION('center_axis',(0.,1.,0.));
#11463=DIRECTION('ref_axis',(1.,0.,0.));
#11464=DIRECTION('',(0.,-1.,0.));
#11465=DIRECTION('center_axis',(0.,-1.,0.));
#11466=DIRECTION('ref_axis',(1.,0.,0.));
#11467=DIRECTION('center_axis',(0.,-1.,0.));
#11468=DIRECTION('ref_axis',(1.,0.,0.));
#11469=DIRECTION('center_axis',(0.,-1.,0.));
#11470=DIRECTION('ref_axis',(1.,0.,0.));
#11471=DIRECTION('center_axis',(0.,-1.,0.));
#11472=DIRECTION('ref_axis',(1.,0.,0.));
#11473=DIRECTION('center_axis',(0.,1.,0.));
#11474=DIRECTION('ref_axis',(1.,0.,0.));
#11475=DIRECTION('',(0.,-1.,0.));
#11476=DIRECTION('center_axis',(0.,-1.,0.));
#11477=DIRECTION('ref_axis',(1.,0.,0.));
#11478=DIRECTION('center_axis',(0.,-1.,0.));
#11479=DIRECTION('ref_axis',(1.,0.,0.));
#11480=DIRECTION('center_axis',(0.,-1.,0.));
#11481=DIRECTION('ref_axis',(1.,0.,0.));
#11482=DIRECTION('center_axis',(0.,-1.,0.));
#11483=DIRECTION('ref_axis',(1.,0.,0.));
#11484=DIRECTION('center_axis',(0.,1.,0.));
#11485=DIRECTION('ref_axis',(1.,0.,0.));
#11486=DIRECTION('',(0.,-1.,0.));
#11487=DIRECTION('center_axis',(0.,-1.,0.));
#11488=DIRECTION('ref_axis',(1.,0.,0.));
#11489=DIRECTION('center_axis',(0.,-1.,0.));
#11490=DIRECTION('ref_axis',(1.,0.,0.));
#11491=DIRECTION('center_axis',(0.,-1.,0.));
#11492=DIRECTION('ref_axis',(1.,0.,0.));
#11493=DIRECTION('center_axis',(0.,-1.,0.));
#11494=DIRECTION('ref_axis',(1.,0.,0.));
#11495=DIRECTION('center_axis',(0.,1.,0.));
#11496=DIRECTION('ref_axis',(1.,0.,0.));
#11497=DIRECTION('',(0.,-1.,0.));
#11498=DIRECTION('center_axis',(0.,-1.,0.));
#11499=DIRECTION('ref_axis',(1.,0.,0.));
#11500=DIRECTION('center_axis',(0.,-1.,0.));
#11501=DIRECTION('ref_axis',(1.,0.,0.));
#11502=DIRECTION('center_axis',(0.,-1.,0.));
#11503=DIRECTION('ref_axis',(1.,0.,0.));
#11504=DIRECTION('center_axis',(0.,-1.,0.));
#11505=DIRECTION('ref_axis',(1.,0.,0.));
#11506=DIRECTION('center_axis',(0.,1.,0.));
#11507=DIRECTION('ref_axis',(1.,0.,0.));
#11508=DIRECTION('',(0.,-1.,0.));
#11509=DIRECTION('center_axis',(0.,-1.,0.));
#11510=DIRECTION('ref_axis',(1.,0.,0.));
#11511=DIRECTION('center_axis',(0.,-1.,0.));
#11512=DIRECTION('ref_axis',(1.,0.,0.));
#11513=DIRECTION('center_axis',(0.,-1.,0.));
#11514=DIRECTION('ref_axis',(1.,0.,0.));
#11515=DIRECTION('center_axis',(0.,-1.,0.));
#11516=DIRECTION('ref_axis',(1.,0.,0.));
#11517=DIRECTION('center_axis',(0.,1.,0.));
#11518=DIRECTION('ref_axis',(1.,0.,0.));
#11519=DIRECTION('',(0.,-1.,0.));
#11520=DIRECTION('center_axis',(0.,-1.,0.));
#11521=DIRECTION('ref_axis',(1.,0.,0.));
#11522=DIRECTION('center_axis',(0.,-1.,0.));
#11523=DIRECTION('ref_axis',(1.,0.,0.));
#11524=DIRECTION('center_axis',(0.,1.,0.));
#11525=DIRECTION('ref_axis',(0.,0.,1.));
#11526=DIRECTION('',(1.,0.,0.));
#11527=DIRECTION('',(0.,0.,-1.));
#11528=DIRECTION('',(-1.,0.,0.));
#11529=DIRECTION('',(8.70763156568747E-16,0.,1.));
#11530=DIRECTION('',(-4.5547611266673E-15,0.,1.));
#11531=DIRECTION('',(-1.,0.,0.));
#11532=DIRECTION('',(0.,0.,-1.));
#11533=DIRECTION('',(1.,0.,0.));
#11534=DIRECTION('',(1.,0.,0.));
#11535=DIRECTION('',(-4.5547611266673E-15,0.,1.));
#11536=DIRECTION('',(-1.,0.,0.));
#11537=DIRECTION('',(0.,0.,-1.));
#11538=DIRECTION('',(-4.5547611266673E-15,0.,1.));
#11539=DIRECTION('',(-1.,0.,0.));
#11540=DIRECTION('',(0.,0.,-1.));
#11541=DIRECTION('',(1.,0.,0.));
#11542=DIRECTION('',(0.,0.,-1.));
#11543=DIRECTION('',(1.,0.,0.));
#11544=DIRECTION('',(0.,0.,1.));
#11545=DIRECTION('',(-1.,0.,0.));
#11546=DIRECTION('',(-4.5547611266673E-15,0.,1.));
#11547=DIRECTION('',(-1.,0.,0.));
#11548=DIRECTION('',(0.,0.,-1.));
#11549=DIRECTION('',(1.,0.,0.));
#11550=DIRECTION('',(1.,0.,0.));
#11551=DIRECTION('',(-4.5547611266673E-15,0.,1.));
#11552=DIRECTION('',(-1.,0.,0.));
#11553=DIRECTION('',(0.,0.,-1.));
#11554=DIRECTION('center_axis',(0.,0.,-1.));
#11555=DIRECTION('ref_axis',(-1.,0.,0.));
#11556=DIRECTION('',(0.,1.,0.));
#11557=DIRECTION('',(0.,1.,0.));
#11558=DIRECTION('',(1.,0.,0.));
#11559=DIRECTION('center_axis',(0.,0.,-1.));
#11560=DIRECTION('ref_axis',(-1.,0.,0.));
#11561=DIRECTION('',(0.,1.,0.));
#11562=DIRECTION('',(1.,0.,0.));
#11563=DIRECTION('',(0.,1.,0.));
#11564=DIRECTION('center_axis',(0.,0.,-1.));
#11565=DIRECTION('ref_axis',(-1.,0.,0.));
#11566=DIRECTION('',(0.,1.,0.));
#11567=DIRECTION('',(0.,1.,0.));
#11568=DIRECTION('',(1.,0.,0.));
#11569=DIRECTION('center_axis',(0.,0.,-1.));
#11570=DIRECTION('ref_axis',(-1.,0.,0.));
#11571=DIRECTION('',(0.,1.,0.));
#11572=DIRECTION('',(1.,0.,0.));
#11573=DIRECTION('',(0.,1.,0.));
#11574=DIRECTION('center_axis',(0.,0.,-1.));
#11575=DIRECTION('ref_axis',(-1.,0.,0.));
#11576=DIRECTION('',(0.,1.,0.));
#11577=DIRECTION('',(0.,1.,0.));
#11578=DIRECTION('',(1.,0.,0.));
#11579=DIRECTION('center_axis',(0.,0.,-1.));
#11580=DIRECTION('ref_axis',(-1.,0.,0.));
#11581=DIRECTION('',(0.,1.,0.));
#11582=DIRECTION('',(1.,0.,0.));
#11583=DIRECTION('',(0.,1.,0.));
#11584=DIRECTION('center_axis',(0.,0.,1.));
#11585=DIRECTION('ref_axis',(1.,0.,0.));
#11586=DIRECTION('',(0.,1.,0.));
#11587=DIRECTION('',(-1.,0.,0.));
#11588=DIRECTION('',(0.,1.,0.));
#11589=DIRECTION('center_axis',(0.,0.,1.));
#11590=DIRECTION('ref_axis',(1.,0.,0.));
#11591=DIRECTION('',(0.,1.,0.));
#11592=DIRECTION('',(-1.,0.,0.));
#11593=DIRECTION('',(0.,1.,0.));
#11594=DIRECTION('center_axis',(0.,0.,1.));
#11595=DIRECTION('ref_axis',(1.,0.,0.));
#11596=DIRECTION('',(0.,1.,0.));
#11597=DIRECTION('',(-1.,0.,0.));
#11598=DIRECTION('',(0.,1.,0.));
#11599=DIRECTION('center_axis',(0.,0.,1.));
#11600=DIRECTION('ref_axis',(1.,0.,0.));
#11601=DIRECTION('',(0.,1.,0.));
#11602=DIRECTION('',(0.,1.,0.));
#11603=DIRECTION('',(-1.,0.,0.));
#11604=DIRECTION('center_axis',(0.,0.,1.));
#11605=DIRECTION('ref_axis',(1.,0.,0.));
#11606=DIRECTION('',(0.,1.,0.));
#11607=DIRECTION('',(0.,1.,0.));
#11608=DIRECTION('',(-1.,0.,0.));
#11609=DIRECTION('center_axis',(0.,-1.,0.));
#11610=DIRECTION('ref_axis',(1.,0.,0.));
#11611=DIRECTION('',(0.,0.,1.));
#11612=DIRECTION('',(0.,0.,-1.));
#11613=DIRECTION('center_axis',(0.,-1.,0.));
#11614=DIRECTION('ref_axis',(1.,0.,0.));
#11615=DIRECTION('center_axis',(0.,-1.,0.));
#11616=DIRECTION('ref_axis',(1.,0.,0.));
#11617=DIRECTION('',(4.5547611266673E-15,0.,-1.));
#11618=DIRECTION('',(0.,0.,1.));
#11619=DIRECTION('center_axis',(0.,-1.,0.));
#11620=DIRECTION('ref_axis',(1.,0.,0.));
#11621=DIRECTION('center_axis',(0.,-1.,0.));
#11622=DIRECTION('ref_axis',(1.,0.,0.));
#11623=DIRECTION('',(0.,0.,1.));
#11624=DIRECTION('',(4.5547611266673E-15,0.,-1.));
#11625=DIRECTION('center_axis',(0.,-1.,0.));
#11626=DIRECTION('ref_axis',(1.,0.,0.));
#11627=DIRECTION('center_axis',(0.,-1.,0.));
#11628=DIRECTION('ref_axis',(1.,0.,0.));
#11629=DIRECTION('',(4.5547611266673E-15,0.,-1.));
#11630=DIRECTION('',(0.,0.,1.));
#11631=DIRECTION('center_axis',(0.,-1.,0.));
#11632=DIRECTION('ref_axis',(1.,0.,0.));
#11633=DIRECTION('center_axis',(0.,-1.,0.));
#11634=DIRECTION('ref_axis',(1.,0.,0.));
#11635=DIRECTION('',(0.,0.,1.));
#11636=DIRECTION('',(4.5547611266673E-15,0.,-1.));
#11637=DIRECTION('center_axis',(0.,-1.,0.));
#11638=DIRECTION('ref_axis',(1.,0.,0.));
#11639=DIRECTION('center_axis',(0.,-1.,0.));
#11640=DIRECTION('ref_axis',(1.,0.,0.));
#11641=DIRECTION('',(4.5547611266673E-15,0.,-1.));
#11642=DIRECTION('',(-1.,0.,0.));
#11643=DIRECTION('',(0.,0.,1.));
#11644=DIRECTION('center_axis',(0.,-1.,0.));
#11645=DIRECTION('ref_axis',(1.,0.,0.));
#11646=DIRECTION('center_axis',(0.,1.,0.));
#11647=DIRECTION('ref_axis',(1.,0.,0.));
#11648=DIRECTION('center_axis',(0.,1.,0.));
#11649=DIRECTION('ref_axis',(1.,0.,0.));
#11650=DIRECTION('',(0.,1.,0.));
#11651=DIRECTION('center_axis',(0.,1.,0.));
#11652=DIRECTION('ref_axis',(1.,0.,0.));
#11653=DIRECTION('center_axis',(0.,1.,0.));
#11654=DIRECTION('ref_axis',(1.,0.,0.));
#11655=DIRECTION('',(0.,1.,0.));
#11656=DIRECTION('center_axis',(0.,1.,0.));
#11657=DIRECTION('ref_axis',(1.,0.,0.));
#11658=DIRECTION('center_axis',(0.,1.,0.));
#11659=DIRECTION('ref_axis',(1.,0.,0.));
#11660=DIRECTION('',(0.,1.,0.));
#11661=DIRECTION('center_axis',(0.,1.,0.));
#11662=DIRECTION('ref_axis',(1.,0.,0.));
#11663=DIRECTION('center_axis',(0.,1.,0.));
#11664=DIRECTION('ref_axis',(1.,0.,0.));
#11665=DIRECTION('',(0.,1.,0.));
#11666=DIRECTION('center_axis',(0.,1.,0.));
#11667=DIRECTION('ref_axis',(1.,0.,0.));
#11668=DIRECTION('center_axis',(0.,1.,0.));
#11669=DIRECTION('ref_axis',(1.,0.,0.));
#11670=DIRECTION('',(0.,1.,0.));
#11671=DIRECTION('center_axis',(0.707106781186555,-0.70710678118654,0.));
#11672=DIRECTION('ref_axis',(0.,0.,-1.));
#11673=DIRECTION('',(0.,0.,-1.));
#11674=DIRECTION('',(0.577350269189622,0.577350269189634,-0.577350269189622));
#11675=DIRECTION('',(0.,0.,1.));
#11676=DIRECTION('',(0.577350269189622,0.577350269189634,0.577350269189622));
#11677=DIRECTION('center_axis',(-1.1418854244973E-16,-0.70710678118654,
-0.707106781186555));
#11678=DIRECTION('ref_axis',(-1.,0.,1.61486985400023E-16));
#11679=DIRECTION('',(-1.,0.,1.61486985400023E-16));
#11680=DIRECTION('',(-0.57735026918963,0.57735026918963,-0.577350269189618));
#11681=DIRECTION('',(1.,0.,-1.61486985400023E-16));
#11682=DIRECTION('center_axis',(-0.707106781186547,-0.707106781186548,0.));
#11683=DIRECTION('ref_axis',(0.,0.,1.));
#11684=DIRECTION('',(0.,0.,1.));
#11685=DIRECTION('',(-0.577350269189622,0.577350269189634,0.577350269189622));
#11686=DIRECTION('',(0.,0.,-1.));
#11687=DIRECTION('center_axis',(0.,-0.70710678118654,0.707106781186555));
#11688=DIRECTION('ref_axis',(1.,0.,0.));
#11689=DIRECTION('',(-1.,0.,0.));
#11690=DIRECTION('',(1.,0.,0.));
#11691=DIRECTION('center_axis',(0.,0.,1.));
#11692=DIRECTION('ref_axis',(-1.,0.,0.));
#11693=DIRECTION('',(0.,-1.,0.));
#11694=DIRECTION('',(1.,0.,0.));
#11695=DIRECTION('',(0.,-1.,0.));
#11696=DIRECTION('center_axis',(1.,0.,0.));
#11697=DIRECTION('ref_axis',(0.,0.,1.));
#11698=DIRECTION('',(0.,-1.,0.));
#11699=DIRECTION('',(0.,0.,-1.));
#11700=DIRECTION('center_axis',(0.,-1.,0.));
#11701=DIRECTION('ref_axis',(0.,0.,-1.));
#11702=DIRECTION('center_axis',(0.,1.,0.));
#11703=DIRECTION('ref_axis',(1.,0.,0.));
#11704=DIRECTION('center_axis',(0.,1.,0.));
#11705=DIRECTION('ref_axis',(1.,0.,0.));
#11706=DIRECTION('',(0.,1.,0.));
#11707=DIRECTION('center_axis',(0.,-1.,0.));
#11708=DIRECTION('ref_axis',(1.,0.,0.));
#11709=DIRECTION('',(-1.,0.,1.61486985400023E-16));
#11710=DIRECTION('',(0.,0.,1.));
#11711=DIRECTION('',(8.70763156568747E-16,0.,1.));
#11712=DIRECTION('',(-1.,0.,0.));
#11713=DIRECTION('',(0.,0.,-1.));
#11714=DIRECTION('',(1.,0.,0.));
#11715=DIRECTION('center_axis',(-1.,0.,0.));
#11716=DIRECTION('ref_axis',(0.,0.,-1.));
#11717=DIRECTION('',(0.,-1.,0.));
#11718=DIRECTION('center_axis',(-1.61486985400023E-16,0.,-1.));
#11719=DIRECTION('ref_axis',(1.,0.,-1.61486985400023E-16));
#11720=DIRECTION('center_axis',(-1.,0.,0.));
#11721=DIRECTION('ref_axis',(0.,0.,1.));
#11722=DIRECTION('center_axis',(0.,0.,1.));
#11723=DIRECTION('ref_axis',(1.,0.,0.));
#11724=DIRECTION('',(0.,1.,0.));
#11725=DIRECTION('',(0.,1.,0.));
#11726=DIRECTION('center_axis',(1.,0.,0.));
#11727=DIRECTION('ref_axis',(0.,0.,-1.));
#11728=DIRECTION('center_axis',(-1.,0.,8.70763156568748E-16));
#11729=DIRECTION('ref_axis',(8.70763156568747E-16,0.,1.));
#11730=DIRECTION('',(0.,1.,0.));
#11731=DIRECTION('',(0.,1.,0.));
#11732=DIRECTION('center_axis',(0.,0.,-1.));
#11733=DIRECTION('ref_axis',(-1.,0.,0.));
#11734=DIRECTION('',(0.,1.,0.));
#11735=DIRECTION('center_axis',(1.,0.,0.));
#11736=DIRECTION('ref_axis',(0.,0.,-1.));
#11737=DIRECTION('',(0.,1.,0.));
#11738=DIRECTION('center_axis',(0.,0.,1.));
#11739=DIRECTION('ref_axis',(1.,0.,0.));
#11740=DIRECTION('center_axis',(1.,0.,0.));
#11741=DIRECTION('ref_axis',(0.,0.,-1.));
#11742=DIRECTION('center_axis',(-1.,0.,-4.5547611266673E-15));
#11743=DIRECTION('ref_axis',(-4.5547611266673E-15,0.,1.));
#11744=DIRECTION('center_axis',(1.,0.,0.));
#11745=DIRECTION('ref_axis',(0.,0.,-1.));
#11746=DIRECTION('center_axis',(-1.,0.,-4.5547611266673E-15));
#11747=DIRECTION('ref_axis',(-4.5547611266673E-15,0.,1.));
#11748=DIRECTION('center_axis',(1.,0.,0.));
#11749=DIRECTION('ref_axis',(0.,0.,-1.));
#11750=DIRECTION('center_axis',(-1.,0.,-4.5547611266673E-15));
#11751=DIRECTION('ref_axis',(-4.5547611266673E-15,0.,1.));
#11752=DIRECTION('center_axis',(1.,0.,0.));
#11753=DIRECTION('ref_axis',(0.,0.,-1.));
#11754=DIRECTION('center_axis',(-1.,0.,-4.5547611266673E-15));
#11755=DIRECTION('ref_axis',(-4.5547611266673E-15,0.,1.));
#11756=DIRECTION('center_axis',(1.,0.,0.));
#11757=DIRECTION('ref_axis',(0.,0.,-1.));
#11758=DIRECTION('center_axis',(-1.,0.,-4.5547611266673E-15));
#11759=DIRECTION('ref_axis',(-4.5547611266673E-15,0.,1.));
#11760=DIRECTION('',(0.,0.,1.));
#11761=DIRECTION('',(1.,0.,0.));
#11762=DIRECTION('axis',(0.,0.,1.));
#11763=DIRECTION('refdir',(1.,0.,0.));
#11764=DIRECTION('center_axis',(0.,0.707106781186547,0.707106781186548));
#11765=DIRECTION('ref_axis',(-1.,0.,0.));
#11766=DIRECTION('center_axis',(0.,-0.707106781186547,-0.707106781186548));
#11767=DIRECTION('ref_axis',(-1.,0.,0.));
#11768=DIRECTION('center_axis',(0.,0.707106781186549,0.707106781186546));
#11769=DIRECTION('ref_axis',(-1.,0.,0.));
#11770=DIRECTION('',(0.,-0.707106781186549,-0.707106781186546));
#11771=DIRECTION('center_axis',(0.,0.707106781186547,0.707106781186548));
#11772=DIRECTION('ref_axis',(-1.,0.,0.));
#11773=DIRECTION('center_axis',(0.,0.707106781186547,0.707106781186548));
#11774=DIRECTION('ref_axis',(-1.,0.,0.));
#11775=DIRECTION('center_axis',(0.,-0.707106781186546,-0.707106781186549));
#11776=DIRECTION('ref_axis',(-1.,0.,0.));
#11777=DIRECTION('center_axis',(0.,-0.707106781186547,-0.707106781186548));
#11778=DIRECTION('ref_axis',(-1.,0.,0.));
#11779=DIRECTION('',(0.707106781186541,-0.500000000000003,-0.500000000000006));
#11780=DIRECTION('center_axis',(0.,0.707106781186547,0.707106781186548));
#11781=DIRECTION('ref_axis',(-1.,0.,0.));
#11782=DIRECTION('center_axis',(0.,0.707106781186548,0.707106781186548));
#11783=DIRECTION('ref_axis',(-1.,0.,0.));
#11784=DIRECTION('',(0.,-0.707106781186547,-0.707106781186547));
#11785=DIRECTION('center_axis',(0.,-0.707106781186547,-0.707106781186548));
#11786=DIRECTION('ref_axis',(-1.,0.,0.));
#11787=DIRECTION('center_axis',(0.,0.707106781186547,0.707106781186548));
#11788=DIRECTION('ref_axis',(-1.,0.,0.));
#11789=DIRECTION('center_axis',(0.,0.707106781186548,0.707106781186548));
#11790=DIRECTION('ref_axis',(-1.,0.,0.));
#11791=DIRECTION('',(-0.707106781186543,-0.500000000000004,-0.500000000000003));
#11792=DIRECTION('center_axis',(0.,0.707106781186547,0.707106781186548));
#11793=DIRECTION('ref_axis',(-1.,0.,0.));
#11794=DIRECTION('center_axis',(0.,0.707106781186547,0.707106781186548));
#11795=DIRECTION('ref_axis',(-1.,0.,0.));
#11796=DIRECTION('center_axis',(0.,0.707106781186547,0.707106781186548));
#11797=DIRECTION('ref_axis',(-1.,0.,0.));
#11798=DIRECTION('center_axis',(0.,0.707106781186546,0.707106781186549));
#11799=DIRECTION('ref_axis',(-1.,0.,0.));
#11800=DIRECTION('center_axis',(0.,0.707106781186547,0.707106781186548));
#11801=DIRECTION('ref_axis',(-1.,0.,0.));
#11802=DIRECTION('',(0.707106781186549,0.499999999999998,0.5));
#11803=DIRECTION('center_axis',(0.,-0.707106781186547,-0.707106781186548));
#11804=DIRECTION('ref_axis',(-1.,0.,0.));
#11805=DIRECTION('center_axis',(0.,0.707106781186547,0.707106781186548));
#11806=DIRECTION('ref_axis',(-1.,0.,0.));
#11807=DIRECTION('center_axis',(0.,0.707106781186547,0.707106781186548));
#11808=DIRECTION('ref_axis',(-1.,0.,0.));
#11809=DIRECTION('center_axis',(0.,-0.707106781186544,-0.707106781186551));
#11810=DIRECTION('ref_axis',(-1.,0.,0.));
#11811=DIRECTION('',(0.,0.707106781186544,0.707106781186551));
#11812=DIRECTION('center_axis',(0.,-0.707106781186544,-0.707106781186551));
#11813=DIRECTION('ref_axis',(-1.,0.,0.));
#11814=DIRECTION('',(0.,0.707106781186544,0.707106781186551));
#11815=DIRECTION('center_axis',(0.,-0.707106781186547,-0.707106781186548));
#11816=DIRECTION('ref_axis',(-1.,0.,0.));
#11817=DIRECTION('center_axis',(0.,0.707106781186547,0.707106781186548));
#11818=DIRECTION('ref_axis',(-1.,0.,0.));
#11819=DIRECTION('axis',(0.,0.,1.));
#11820=DIRECTION('refdir',(1.,0.,0.));
#11821=DIRECTION('center_axis',(0.707106781186546,-0.707106781186549,0.));
#11822=DIRECTION('ref_axis',(0.,0.,-1.));
#11823=DIRECTION('',(-0.707106781186549,-0.707106781186546,0.));
#11824=DIRECTION('',(0.,0.,1.));
#11825=DIRECTION('',(-0.707106781186549,-0.707106781186546,0.));
#11826=DIRECTION('',(0.,0.,-1.));
#11827=DIRECTION('center_axis',(0.,1.,0.));
#11828=DIRECTION('ref_axis',(0.707106781186555,0.,0.70710678118654));
#11829=DIRECTION('center_axis',(0.,-1.,0.));
#11830=DIRECTION('ref_axis',(0.707106781186555,0.,0.70710678118654));
#11831=DIRECTION('',(0.,-0.707106781186534,-0.707106781186561));
#11832=DIRECTION('center_axis',(0.,1.,0.));
#11833=DIRECTION('ref_axis',(0.707106781186555,0.,0.70710678118654));
#11834=DIRECTION('center_axis',(0.,-0.707106781186541,0.707106781186554));
#11835=DIRECTION('ref_axis',(1.,0.,0.));
#11836=DIRECTION('',(0.,-0.707106781186554,-0.707106781186541));
#11837=DIRECTION('',(1.,0.,0.));
#11838=DIRECTION('',(-1.,0.,0.));
#11839=DIRECTION('center_axis',(0.,1.,0.));
#11840=DIRECTION('ref_axis',(-0.707106781186543,0.,0.707106781186552));
#11841=DIRECTION('center_axis',(0.,-1.,0.));
#11842=DIRECTION('ref_axis',(-0.707106781186543,0.,0.707106781186553));
#11843=DIRECTION('',(0.707106781186552,-0.707106781186543,0.));
#11844=DIRECTION('center_axis',(0.,1.,0.));
#11845=DIRECTION('ref_axis',(-0.707106781186543,0.,0.707106781186552));
#11846=DIRECTION('center_axis',(-0.707106781186546,-0.707106781186549,0.));
#11847=DIRECTION('ref_axis',(0.,0.,1.));
#11848=DIRECTION('',(0.707106781186549,-0.707106781186546,0.));
#11849=DIRECTION('',(0.,0.,1.));
#11850=DIRECTION('',(0.,0.,-1.));
#11851=DIRECTION('center_axis',(0.,1.,0.));
#11852=DIRECTION('ref_axis',(-0.707106781186555,0.,-0.70710678118654));
#11853=DIRECTION('center_axis',(0.,-1.,0.));
#11854=DIRECTION('ref_axis',(-0.707106781186555,0.,-0.70710678118654));
#11855=DIRECTION('',(0.,-0.707106781186534,0.707106781186561));
#11856=DIRECTION('center_axis',(0.,1.,0.));
#11857=DIRECTION('ref_axis',(-0.707106781186555,0.,-0.70710678118654));
#11858=DIRECTION('center_axis',(0.,-0.707106781186541,-0.707106781186554));
#11859=DIRECTION('ref_axis',(-1.,0.,0.));
#11860=DIRECTION('',(0.,-0.707106781186554,0.707106781186541));
#11861=DIRECTION('',(-1.,0.,0.));
#11862=DIRECTION('',(1.,0.,0.));
#11863=DIRECTION('center_axis',(0.,1.,0.));
#11864=DIRECTION('ref_axis',(0.707106781186542,0.,-0.707106781186553));
#11865=DIRECTION('center_axis',(0.,-1.,0.));
#11866=DIRECTION('ref_axis',(0.707106781186542,0.,-0.707106781186553));
#11867=DIRECTION('',(-0.707106781186552,-0.707106781186543,0.));
#11868=DIRECTION('center_axis',(0.,1.,0.));
#11869=DIRECTION('ref_axis',(0.707106781186542,0.,-0.707106781186553));
#11870=DIRECTION('center_axis',(0.707106781186546,-0.707106781186549,0.));
#11871=DIRECTION('ref_axis',(0.,0.,-1.));
#11872=DIRECTION('',(0.707106781186549,0.707106781186546,0.));
#11873=DIRECTION('',(0.,0.,-1.));
#11874=DIRECTION('',(0.,0.,1.));
#11875=DIRECTION('center_axis',(0.,-1.,0.));
#11876=DIRECTION('ref_axis',(0.707106781186542,0.,-0.707106781186553));
#11877=DIRECTION('',(0.,1.,0.));
#11878=DIRECTION('center_axis',(0.,-1.,-1.22464679914735E-16));
#11879=DIRECTION('ref_axis',(0.707106781186542,0.,-0.707106781186553));
#11880=DIRECTION('',(0.,-1.,0.));
#11881=DIRECTION('center_axis',(0.,0.,-1.));
#11882=DIRECTION('ref_axis',(1.,0.,0.));
#11883=DIRECTION('',(0.,-1.,0.));
#11884=DIRECTION('',(-1.,0.,0.));
#11885=DIRECTION('center_axis',(0.,-1.,0.));
#11886=DIRECTION('ref_axis',(-0.707106781186555,0.,-0.70710678118654));
#11887=DIRECTION('',(0.,1.,0.));
#11888=DIRECTION('center_axis',(0.,-1.,-1.22464679914735E-16));
#11889=DIRECTION('ref_axis',(-0.707106781186555,0.,-0.70710678118654));
#11890=DIRECTION('center_axis',(-1.,0.,0.));
#11891=DIRECTION('ref_axis',(0.,0.,-1.));
#11892=DIRECTION('',(0.,-1.,0.));
#11893=DIRECTION('',(0.,0.,1.));
#11894=DIRECTION('center_axis',(0.,-1.,0.));
#11895=DIRECTION('ref_axis',(-0.707106781186543,0.,0.707106781186553));
#11896=DIRECTION('',(0.,1.,0.));
#11897=DIRECTION('center_axis',(0.,-1.,-1.22464679914735E-16));
#11898=DIRECTION('ref_axis',(-0.707106781186543,0.,0.707106781186553));
#11899=DIRECTION('center_axis',(0.,0.,1.));
#11900=DIRECTION('ref_axis',(-1.,0.,0.));
#11901=DIRECTION('',(0.,-1.,0.));
#11902=DIRECTION('',(1.,0.,0.));
#11903=DIRECTION('center_axis',(0.,-1.,0.));
#11904=DIRECTION('ref_axis',(0.707106781186555,0.,0.70710678118654));
#11905=DIRECTION('',(0.,1.,0.));
#11906=DIRECTION('center_axis',(0.,-1.,-1.22464679914735E-16));
#11907=DIRECTION('ref_axis',(0.707106781186555,0.,0.70710678118654));
#11908=DIRECTION('center_axis',(1.,0.,0.));
#11909=DIRECTION('ref_axis',(0.,0.,1.));
#11910=DIRECTION('',(0.,0.,-1.));
#11911=DIRECTION('',(0.,1.,0.));
#11912=DIRECTION('',(0.,0.,-1.));
#11913=DIRECTION('',(0.,-1.,0.));
#11914=DIRECTION('',(0.,0.,1.));
#11915=DIRECTION('',(0.,1.,0.));
#11916=DIRECTION('',(0.,0.,-1.));
#11917=DIRECTION('',(0.,-1.,0.));
#11918=DIRECTION('center_axis',(0.,-1.,0.));
#11919=DIRECTION('ref_axis',(0.,0.,-1.));
#11920=DIRECTION('',(1.,0.,0.));
#11921=DIRECTION('center_axis',(0.,-1.,0.));
#11922=DIRECTION('ref_axis',(-1.,0.,0.));
#11923=DIRECTION('',(-1.,0.,0.));
#11924=DIRECTION('',(1.,0.,0.));
#11925=DIRECTION('center_axis',(0.,-1.,0.));
#11926=DIRECTION('ref_axis',(-1.,0.,0.));
#11927=DIRECTION('',(-1.,0.,0.));
#11928=DIRECTION('',(2.02258601648617E-15,0.,1.));
#11929=DIRECTION('',(-1.75689417504655E-15,0.,-1.));
#11930=DIRECTION('',(1.,0.,0.));
#11931=DIRECTION('',(-2.29108489850634E-15,0.,-1.));
#11932=DIRECTION('',(-1.,0.,0.));
#11933=DIRECTION('',(-1.99745734552097E-15,0.,-1.));
#11934=DIRECTION('',(-1.,0.,0.));
#11935=DIRECTION('',(1.98888481012443E-15,0.,1.));
#11936=DIRECTION('',(1.,0.,0.));
#11937=DIRECTION('',(-2.0020598744652E-15,0.,-1.));
#11938=DIRECTION('',(1.,0.,0.));
#11939=DIRECTION('',(-2.29108583786439E-15,0.,-1.));
#11940=DIRECTION('',(-1.,0.,0.));
#11941=DIRECTION('',(2.03731884349475E-15,0.,1.));
#11942=DIRECTION('',(1.,0.,0.));
#11943=DIRECTION('',(0.183884785027124,0.,-0.982947804227431));
#11944=DIRECTION('',(-1.,0.,0.));
#11945=DIRECTION('',(-2.00047522492821E-15,0.,-1.));
#11946=DIRECTION('',(-1.,0.,0.));
#11947=DIRECTION('',(0.232368968282681,0.,-0.972627710164194));
#11948=DIRECTION('',(0.302244039399358,0.,0.953230581049286));
#11949=DIRECTION('',(2.04758823261225E-15,0.,1.));
#11950=DIRECTION('',(1.,0.,0.));
#11951=DIRECTION('',(-2.04758823261225E-15,0.,-1.));
#11952=DIRECTION('',(-1.,0.,0.));
#11953=DIRECTION('',(1.99624584223618E-15,0.,1.));
#11954=DIRECTION('',(1.,0.,0.));
#11955=DIRECTION('',(-1.99769601570378E-15,0.,-1.));
#11956=DIRECTION('',(1.,0.,0.));
#11957=DIRECTION('',(2.03152629991097E-15,0.,1.));
#11958=DIRECTION('',(1.,0.,0.));
#11959=DIRECTION('',(-2.03152629991097E-15,0.,-1.));
#11960=DIRECTION('',(1.,0.,0.));
#11961=DIRECTION('',(-2.29109147402889E-15,0.,-1.));
#11962=DIRECTION('',(-1.,0.,0.));
#11963=DIRECTION('',(2.00162554973907E-15,0.,1.));
#11964=DIRECTION('',(1.,0.,0.));
#11965=DIRECTION('',(-2.00047563416721E-15,0.,-1.));
#11966=DIRECTION('',(1.,0.,0.));
#11967=DIRECTION('',(1.99639896572146E-15,0.,1.));
#11968=DIRECTION('',(1.,0.,0.));
#11969=DIRECTION('',(-1.99639896572146E-15,0.,-1.));
#11970=DIRECTION('',(1.,0.,0.));
#11971=DIRECTION('',(1.93208311223727E-15,0.,1.));
#11972=DIRECTION('',(1.,0.,0.));
#11973=DIRECTION('',(-2.02738740602467E-15,0.,-1.));
#11974=DIRECTION('',(-1.,0.,0.));
#11975=DIRECTION('center_axis',(0.,1.,0.));
#11976=DIRECTION('ref_axis',(0.790569415042093,0.,-0.612372435695796));
#11977=DIRECTION('',(0.,1.,0.));
#11978=DIRECTION('center_axis',(0.,1.,0.));
#11979=DIRECTION('ref_axis',(-1.,0.,0.));
#11980=DIRECTION('',(0.,1.,0.));
#11981=DIRECTION('center_axis',(0.,0.,1.));
#11982=DIRECTION('ref_axis',(1.,0.,0.));
#11983=DIRECTION('',(1.,0.,0.));
#11984=DIRECTION('center_axis',(0.,0.,-1.));
#11985=DIRECTION('ref_axis',(-1.,0.,0.));
#11986=DIRECTION('',(-1.,0.,0.));
#11987=DIRECTION('center_axis',(0.,-1.,0.));
#11988=DIRECTION('ref_axis',(-1.,0.,0.));
#11989=DIRECTION('center_axis',(0.,1.,0.));
#11990=DIRECTION('ref_axis',(0.790569415042093,0.,0.612372435695797));
#11991=DIRECTION('',(0.,1.,0.));
#11992=DIRECTION('center_axis',(0.,1.,0.));
#11993=DIRECTION('ref_axis',(-1.,0.,0.));
#11994=DIRECTION('',(0.,1.,0.));
#11995=DIRECTION('center_axis',(0.,0.,1.));
#11996=DIRECTION('ref_axis',(1.,0.,0.));
#11997=DIRECTION('',(1.,0.,0.));
#11998=DIRECTION('center_axis',(0.,0.,-1.));
#11999=DIRECTION('ref_axis',(-1.,0.,0.));
#12000=DIRECTION('',(-1.,0.,0.));
#12001=DIRECTION('center_axis',(0.,-1.,0.));
#12002=DIRECTION('ref_axis',(-1.,0.,0.));
#12003=DIRECTION('center_axis',(-1.,0.,2.09309019333697E-15));
#12004=DIRECTION('ref_axis',(-2.09309019333697E-15,1.22464679914735E-16,
-1.));
#12005=DIRECTION('',(2.09309019333697E-15,-1.22464679914735E-16,1.));
#12006=DIRECTION('',(0.,-1.,0.));
#12007=DIRECTION('',(2.09309019333697E-15,0.,1.));
#12008=DIRECTION('',(0.,-1.,0.));
#12009=DIRECTION('',(0.,-1.,0.));
#12010=DIRECTION('',(0.,-1.,0.));
#12011=DIRECTION('',(0.,-1.,0.));
#12012=DIRECTION('',(0.,-1.,0.));
#12013=DIRECTION('',(0.,-1.,0.));
#12014=DIRECTION('',(0.,-1.,0.));
#12015=DIRECTION('center_axis',(1.,0.,-2.00069444943837E-15));
#12016=DIRECTION('ref_axis',(2.00069444943837E-15,-1.22464679914735E-16,
1.));
#12017=DIRECTION('',(-2.00069444943837E-15,1.22464679914735E-16,-1.));
#12018=DIRECTION('',(0.,-1.,0.));
#12019=DIRECTION('',(-2.00069444943837E-15,0.,-1.));
#12020=DIRECTION('center_axis',(0.,0.,1.));
#12021=DIRECTION('ref_axis',(-1.,0.,0.));
#12022=DIRECTION('',(1.,0.,0.));
#12023=DIRECTION('',(1.,0.,0.));
#12024=DIRECTION('center_axis',(-1.,0.,2.02258601648617E-15));
#12025=DIRECTION('ref_axis',(-2.02258601648617E-15,1.22464679914735E-16,
-1.));
#12026=DIRECTION('',(2.02258601648617E-15,-1.22464679914735E-16,1.));
#12027=DIRECTION('',(0.,-1.,0.));
#12028=DIRECTION('',(0.,-1.,0.));
#12029=DIRECTION('',(0.,-1.,0.));
#12030=DIRECTION('',(0.,-1.,0.));
#12031=DIRECTION('',(0.,-1.,0.));
#12032=DIRECTION('',(0.,-1.,0.));
#12033=DIRECTION('',(0.,-1.,0.));
#12034=DIRECTION('',(0.,-1.,0.));
#12035=DIRECTION('',(0.,-1.,0.));
#12036=DIRECTION('center_axis',(1.,0.,-1.75689417504655E-15));
#12037=DIRECTION('ref_axis',(1.75689417504655E-15,-1.22464679914735E-16,
1.));
#12038=DIRECTION('',(-1.75689417504655E-15,1.22464679914735E-16,-1.));
#12039=DIRECTION('',(0.,-1.,0.));
#12040=DIRECTION('center_axis',(0.,0.,1.));
#12041=DIRECTION('ref_axis',(-1.,0.,0.));
#12042=DIRECTION('',(1.,0.,0.));
#12043=DIRECTION('',(0.,-1.,0.));
#12044=DIRECTION('center_axis',(1.,0.,-2.29108489850634E-15));
#12045=DIRECTION('ref_axis',(2.29108489850634E-15,-1.22464679914735E-16,
1.));
#12046=DIRECTION('',(-2.29108489850634E-15,1.22464679914735E-16,-1.));
#12047=DIRECTION('',(0.,-1.,0.));
#12048=DIRECTION('center_axis',(0.,0.,-1.));
#12049=DIRECTION('ref_axis',(1.,0.,0.));
#12050=DIRECTION('',(-1.,0.,0.));
#12051=DIRECTION('center_axis',(0.,1.,1.22464679914735E-16));
#12052=DIRECTION('ref_axis',(-1.,0.,0.));
#12053=DIRECTION('center_axis',(1.,0.,-1.99745734552097E-15));
#12054=DIRECTION('ref_axis',(1.99745734552097E-15,-1.22464679914735E-16,
1.));
#12055=DIRECTION('',(-1.99745734552097E-15,1.22464679914735E-16,-1.));
#12056=DIRECTION('',(0.,-1.,0.));
#12057=DIRECTION('',(0.,-1.,0.));
#12058=DIRECTION('center_axis',(0.,0.,-1.));
#12059=DIRECTION('ref_axis',(1.,0.,0.));
#12060=DIRECTION('',(-1.,0.,0.));
#12061=DIRECTION('',(0.,-1.,0.));
#12062=DIRECTION('center_axis',(-1.,0.,1.98888481012443E-15));
#12063=DIRECTION('ref_axis',(-1.98888481012443E-15,1.22464679914735E-16,
-1.));
#12064=DIRECTION('',(1.98888481012443E-15,-1.22464679914735E-16,1.));
#12065=DIRECTION('',(0.,-1.,0.));
#12066=DIRECTION('center_axis',(0.,0.,1.));
#12067=DIRECTION('ref_axis',(-1.,0.,0.));
#12068=DIRECTION('',(1.,0.,0.));
#12069=DIRECTION('',(0.,-1.,0.));
#12070=DIRECTION('center_axis',(1.,0.,-2.0020598744652E-15));
#12071=DIRECTION('ref_axis',(2.0020598744652E-15,-1.22464679914735E-16,
1.));
#12072=DIRECTION('',(-2.0020598744652E-15,1.22464679914735E-16,-1.));
#12073=DIRECTION('',(0.,-1.,0.));
#12074=DIRECTION('center_axis',(0.,0.,1.));
#12075=DIRECTION('ref_axis',(-1.,0.,0.));
#12076=DIRECTION('',(1.,0.,0.));
#12077=DIRECTION('',(0.,-1.,0.));
#12078=DIRECTION('center_axis',(1.,0.,-2.29108583786439E-15));
#12079=DIRECTION('ref_axis',(2.29108583786439E-15,-1.22464679914735E-16,
1.));
#12080=DIRECTION('',(-2.29108583786439E-15,1.22464679914735E-16,-1.));
#12081=DIRECTION('',(0.,-1.,0.));
#12082=DIRECTION('center_axis',(0.,0.,-1.));
#12083=DIRECTION('ref_axis',(1.,0.,0.));
#12084=DIRECTION('',(-1.,0.,0.));
#12085=DIRECTION('center_axis',(0.,1.,1.22464679914735E-16));
#12086=DIRECTION('ref_axis',(-1.,0.,0.));
#12087=DIRECTION('center_axis',(-1.,0.,2.03731884349475E-15));
#12088=DIRECTION('ref_axis',(-2.03731884349475E-15,1.22464679914735E-16,
-1.));
#12089=DIRECTION('',(2.03731884349475E-15,-1.22464679914735E-16,1.));
#12090=DIRECTION('',(0.,-1.,0.));
#12091=DIRECTION('',(0.,-1.,0.));
#12092=DIRECTION('center_axis',(0.,0.,1.));
#12093=DIRECTION('ref_axis',(-1.,0.,0.));
#12094=DIRECTION('',(1.,0.,0.));
#12095=DIRECTION('',(0.,-1.,0.));
#12096=DIRECTION('',(0.,-1.,0.));
#12097=DIRECTION('',(0.,-1.,0.));
#12098=DIRECTION('',(0.,-1.,0.));
#12099=DIRECTION('',(0.,-1.,0.));
#12100=DIRECTION('',(0.,-1.,0.));
#12101=DIRECTION('',(0.,-1.,0.));
#12102=DIRECTION('',(0.,-1.,0.));
#12103=DIRECTION('',(0.,-1.,0.));
#12104=DIRECTION('',(0.,-1.,0.));
#12105=DIRECTION('',(0.,-1.,0.));
#12106=DIRECTION('center_axis',(0.982947804227431,0.,0.183884785027124));
#12107=DIRECTION('ref_axis',(-0.183884785027124,-1.20376388217604E-16,0.982947804227431));
#12108=DIRECTION('',(0.183884785027124,1.20376388217604E-16,-0.982947804227431));
#12109=DIRECTION('',(0.,-1.,0.));
#12110=DIRECTION('',(0.,-1.,0.));
#12111=DIRECTION('',(0.,-1.,0.));
#12112=DIRECTION('',(0.,-1.,0.));
#12113=DIRECTION('',(0.,-1.,0.));
#12114=DIRECTION('',(0.,-1.,0.));
#12115=DIRECTION('',(0.,-1.,0.));
#12116=DIRECTION('',(0.,-1.,0.));
#12117=DIRECTION('',(0.,-1.,0.));
#12118=DIRECTION('center_axis',(0.,0.,-1.));
#12119=DIRECTION('ref_axis',(1.,0.,0.));
#12120=DIRECTION('',(-1.,0.,0.));
#12121=DIRECTION('',(0.,-1.,0.));
#12122=DIRECTION('center_axis',(1.,0.,-2.00047522492821E-15));
#12123=DIRECTION('ref_axis',(2.00047522492821E-15,-1.22464679914735E-16,
1.));
#12124=DIRECTION('',(-2.00047522492821E-15,1.22464679914735E-16,-1.));
#12125=DIRECTION('',(0.,-1.,0.));
#12126=DIRECTION('center_axis',(0.,0.,-1.));
#12127=DIRECTION('ref_axis',(1.,0.,0.));
#12128=DIRECTION('',(-1.,0.,0.));
#12129=DIRECTION('center_axis',(0.,1.,1.22464679914735E-16));
#12130=DIRECTION('ref_axis',(-1.,0.,0.));
#12131=DIRECTION('',(0.,-1.,0.));
#12132=DIRECTION('',(0.,-1.,0.));
#12133=DIRECTION('',(0.,-1.,0.));
#12134=DIRECTION('',(0.,-1.,0.));
#12135=DIRECTION('',(0.,-1.,0.));
#12136=DIRECTION('',(0.,-1.,0.));
#12137=DIRECTION('',(0.,-1.,0.));
#12138=DIRECTION('',(0.,-1.,0.));
#12139=DIRECTION('',(0.,-1.,0.));
#12140=DIRECTION('center_axis',(0.972627710164194,0.,0.232368968282681));
#12141=DIRECTION('ref_axis',(-0.232368968282681,-1.1911254120146E-16,0.972627710164194));
#12142=DIRECTION('',(0.232368968282681,1.1911254120146E-16,-0.972627710164194));
#12143=DIRECTION('',(0.,-1.,0.));
#12144=DIRECTION('',(0.,-1.,0.));
#12145=DIRECTION('',(0.,-1.,0.));
#12146=DIRECTION('',(0.,-1.,0.));
#12147=DIRECTION('',(0.,-1.,0.));
#12148=DIRECTION('',(0.,-1.,0.));
#12149=DIRECTION('',(0.,-1.,0.));
#12150=DIRECTION('',(0.,-1.,0.));
#12151=DIRECTION('',(0.,-1.,0.));
#12152=DIRECTION('center_axis',(-0.953230581049286,0.,0.302244039399358));
#12153=DIRECTION('ref_axis',(-0.302244039399358,1.16737077993138E-16,-0.953230581049286));
#12154=DIRECTION('',(0.302244039399358,-1.16737077993138E-16,0.953230581049286));
#12155=DIRECTION('center_axis',(0.,1.,1.22464679914735E-16));
#12156=DIRECTION('ref_axis',(-1.,0.,0.));
#12157=DIRECTION('center_axis',(-1.,0.,2.04758823261225E-15));
#12158=DIRECTION('ref_axis',(-2.04758823261225E-15,1.22464679914735E-16,
-1.));
#12159=DIRECTION('',(2.04758823261225E-15,-1.22464679914735E-16,1.));
#12160=DIRECTION('',(0.,-1.,0.));
#12161=DIRECTION('',(0.,-1.,0.));
#12162=DIRECTION('center_axis',(0.,0.,1.));
#12163=DIRECTION('ref_axis',(-1.,0.,0.));
#12164=DIRECTION('',(1.,0.,0.));
#12165=DIRECTION('',(0.,-1.,0.));
#12166=DIRECTION('center_axis',(1.,0.,-2.04758823261225E-15));
#12167=DIRECTION('ref_axis',(2.04758823261225E-15,-1.22464679914735E-16,
1.));
#12168=DIRECTION('',(-2.04758823261225E-15,1.22464679914735E-16,-1.));
#12169=DIRECTION('',(0.,-1.,0.));
#12170=DIRECTION('center_axis',(0.,0.,-1.));
#12171=DIRECTION('ref_axis',(1.,0.,0.));
#12172=DIRECTION('',(-1.,0.,0.));
#12173=DIRECTION('center_axis',(0.,1.,1.22464679914735E-16));
#12174=DIRECTION('ref_axis',(-1.,0.,0.));
#12175=DIRECTION('center_axis',(-1.,0.,1.99624584223618E-15));
#12176=DIRECTION('ref_axis',(-1.99624584223618E-15,1.22464679914735E-16,
-1.));
#12177=DIRECTION('',(1.99624584223618E-15,-1.22464679914735E-16,1.));
#12178=DIRECTION('',(0.,-1.,0.));
#12179=DIRECTION('',(0.,-1.,0.));
#12180=DIRECTION('center_axis',(0.,0.,1.));
#12181=DIRECTION('ref_axis',(-1.,0.,0.));
#12182=DIRECTION('',(1.,0.,0.));
#12183=DIRECTION('',(0.,-1.,0.));
#12184=DIRECTION('center_axis',(1.,0.,-1.99769601570378E-15));
#12185=DIRECTION('ref_axis',(1.99769601570378E-15,-1.22464679914735E-16,
1.));
#12186=DIRECTION('',(-1.99769601570378E-15,1.22464679914735E-16,-1.));
#12187=DIRECTION('',(0.,-1.,0.));
#12188=DIRECTION('center_axis',(0.,0.,1.));
#12189=DIRECTION('ref_axis',(-1.,0.,0.));
#12190=DIRECTION('',(1.,0.,0.));
#12191=DIRECTION('',(0.,-1.,0.));
#12192=DIRECTION('center_axis',(-1.,0.,2.03152629991097E-15));
#12193=DIRECTION('ref_axis',(-2.03152629991097E-15,1.22464679914735E-16,
-1.));
#12194=DIRECTION('',(2.03152629991097E-15,-1.22464679914735E-16,1.));
#12195=DIRECTION('',(0.,-1.,0.));
#12196=DIRECTION('center_axis',(0.,0.,1.));
#12197=DIRECTION('ref_axis',(-1.,0.,0.));
#12198=DIRECTION('',(1.,0.,0.));
#12199=DIRECTION('',(0.,-1.,0.));
#12200=DIRECTION('center_axis',(1.,0.,-2.03152629991097E-15));
#12201=DIRECTION('ref_axis',(2.03152629991097E-15,-1.22464679914735E-16,
1.));
#12202=DIRECTION('',(-2.03152629991097E-15,1.22464679914735E-16,-1.));
#12203=DIRECTION('',(0.,-1.,0.));
#12204=DIRECTION('center_axis',(0.,0.,1.));
#12205=DIRECTION('ref_axis',(-1.,0.,0.));
#12206=DIRECTION('',(1.,0.,0.));
#12207=DIRECTION('',(0.,-1.,0.));
#12208=DIRECTION('center_axis',(1.,0.,-2.29109147402889E-15));
#12209=DIRECTION('ref_axis',(2.29109147402889E-15,-1.22464679914735E-16,
1.));
#12210=DIRECTION('',(-2.29109147402889E-15,1.22464679914735E-16,-1.));
#12211=DIRECTION('',(0.,-1.,0.));
#12212=DIRECTION('center_axis',(0.,0.,-1.));
#12213=DIRECTION('ref_axis',(1.,0.,0.));
#12214=DIRECTION('',(-1.,0.,0.));
#12215=DIRECTION('center_axis',(0.,1.,1.22464679914735E-16));
#12216=DIRECTION('ref_axis',(-1.,0.,0.));
#12217=DIRECTION('center_axis',(-1.,0.,2.00162554973907E-15));
#12218=DIRECTION('ref_axis',(-2.00162554973907E-15,1.22464679914735E-16,
-1.));
#12219=DIRECTION('',(2.00162554973907E-15,-1.22464679914735E-16,1.));
#12220=DIRECTION('',(0.,-1.,0.));
#12221=DIRECTION('',(0.,-1.,0.));
#12222=DIRECTION('center_axis',(0.,0.,1.));
#12223=DIRECTION('ref_axis',(-1.,0.,0.));
#12224=DIRECTION('',(1.,0.,0.));
#12225=DIRECTION('',(0.,-1.,0.));
#12226=DIRECTION('center_axis',(1.,0.,-2.00047563416721E-15));
#12227=DIRECTION('ref_axis',(2.00047563416721E-15,-1.22464679914735E-16,
1.));
#12228=DIRECTION('',(-2.00047563416721E-15,1.22464679914735E-16,-1.));
#12229=DIRECTION('',(0.,-1.,0.));
#12230=DIRECTION('center_axis',(0.,0.,1.));
#12231=DIRECTION('ref_axis',(-1.,0.,0.));
#12232=DIRECTION('',(1.,0.,0.));
#12233=DIRECTION('',(0.,-1.,0.));
#12234=DIRECTION('center_axis',(-1.,0.,1.99639896572146E-15));
#12235=DIRECTION('ref_axis',(-1.99639896572146E-15,1.22464679914735E-16,
-1.));
#12236=DIRECTION('',(1.99639896572146E-15,-1.22464679914735E-16,1.));
#12237=DIRECTION('',(0.,-1.,0.));
#12238=DIRECTION('center_axis',(0.,0.,1.));
#12239=DIRECTION('ref_axis',(-1.,0.,0.));
#12240=DIRECTION('',(1.,0.,0.));
#12241=DIRECTION('',(0.,-1.,0.));
#12242=DIRECTION('center_axis',(1.,0.,-1.99639896572146E-15));
#12243=DIRECTION('ref_axis',(1.99639896572146E-15,-1.22464679914735E-16,
1.));
#12244=DIRECTION('',(-1.99639896572146E-15,1.22464679914735E-16,-1.));
#12245=DIRECTION('',(0.,-1.,0.));
#12246=DIRECTION('center_axis',(0.,0.,1.));
#12247=DIRECTION('ref_axis',(-1.,0.,0.));
#12248=DIRECTION('',(1.,0.,0.));
#12249=DIRECTION('',(0.,-1.,0.));
#12250=DIRECTION('center_axis',(-1.,0.,1.93208311223727E-15));
#12251=DIRECTION('ref_axis',(-1.93208311223727E-15,1.22464679914735E-16,
-1.));
#12252=DIRECTION('',(1.93208311223727E-15,-1.22464679914735E-16,1.));
#12253=DIRECTION('',(0.,-1.,0.));
#12254=DIRECTION('center_axis',(0.,0.,1.));
#12255=DIRECTION('ref_axis',(-1.,0.,0.));
#12256=DIRECTION('',(1.,0.,0.));
#12257=DIRECTION('',(0.,-1.,0.));
#12258=DIRECTION('center_axis',(1.,0.,-2.02738740602467E-15));
#12259=DIRECTION('ref_axis',(2.02738740602467E-15,-1.22464679914735E-16,
1.));
#12260=DIRECTION('',(-2.02738740602467E-15,1.22464679914735E-16,-1.));
#12261=DIRECTION('',(0.,-1.,0.));
#12262=DIRECTION('center_axis',(0.,0.,-1.));
#12263=DIRECTION('ref_axis',(1.,0.,0.));
#12264=DIRECTION('',(-1.,0.,0.));
#12265=DIRECTION('center_axis',(0.,1.,1.22464679914735E-16));
#12266=DIRECTION('ref_axis',(-1.,0.,0.));
#12267=DIRECTION('center_axis',(0.,1.,1.22464679914735E-16));
#12268=DIRECTION('ref_axis',(-1.,0.,0.));
#12269=DIRECTION('center_axis',(0.,-1.,0.));
#12270=DIRECTION('ref_axis',(0.,0.,-1.));
#12271=DIRECTION('center_axis',(-1.,0.,2.00162554973907E-15));
#12272=DIRECTION('ref_axis',(-2.00162554973907E-15,1.22464679914735E-16,
-1.));
#12273=DIRECTION('',(2.00162554973907E-15,-1.22464679914735E-16,1.));
#12274=DIRECTION('',(0.,-1.,0.));
#12275=DIRECTION('',(-2.00162554973907E-15,1.22464679914735E-16,-1.));
#12276=DIRECTION('',(0.,-1.,0.));
#12277=DIRECTION('center_axis',(0.,0.,1.));
#12278=DIRECTION('ref_axis',(-1.,0.,0.));
#12279=DIRECTION('',(1.,0.,0.));
#12280=DIRECTION('',(-1.,0.,0.));
#12281=DIRECTION('',(0.,-1.,0.));
#12282=DIRECTION('center_axis',(1.,0.,-2.00047563416721E-15));
#12283=DIRECTION('ref_axis',(2.00047563416721E-15,-1.22464679914735E-16,
1.));
#12284=DIRECTION('',(-2.00047563416721E-15,1.22464679914735E-16,-1.));
#12285=DIRECTION('',(2.00047563416721E-15,-1.22464679914735E-16,1.));
#12286=DIRECTION('',(0.,-1.,0.));
#12287=DIRECTION('center_axis',(0.,0.,1.));
#12288=DIRECTION('ref_axis',(-1.,0.,0.));
#12289=DIRECTION('',(1.,0.,0.));
#12290=DIRECTION('',(-1.,0.,0.));
#12291=DIRECTION('',(0.,-1.,0.));
#12292=DIRECTION('center_axis',(-1.,0.,1.99639896572146E-15));
#12293=DIRECTION('ref_axis',(-1.99639896572146E-15,1.22464679914735E-16,
-1.));
#12294=DIRECTION('',(1.99639896572146E-15,-1.22464679914735E-16,1.));
#12295=DIRECTION('',(-1.99639896572146E-15,1.22464679914735E-16,-1.));
#12296=DIRECTION('',(0.,-1.,0.));
#12297=DIRECTION('center_axis',(0.,0.,1.));
#12298=DIRECTION('ref_axis',(-1.,0.,0.));
#12299=DIRECTION('',(1.,0.,0.));
#12300=DIRECTION('',(-1.,0.,0.));
#12301=DIRECTION('',(0.,-1.,0.));
#12302=DIRECTION('center_axis',(1.,0.,-1.99639896572146E-15));
#12303=DIRECTION('ref_axis',(1.99639896572146E-15,-1.22464679914735E-16,
1.));
#12304=DIRECTION('',(-1.99639896572146E-15,1.22464679914735E-16,-1.));
#12305=DIRECTION('',(1.99639896572146E-15,-1.22464679914735E-16,1.));
#12306=DIRECTION('',(0.,-1.,0.));
#12307=DIRECTION('center_axis',(0.,0.,1.));
#12308=DIRECTION('ref_axis',(-1.,0.,0.));
#12309=DIRECTION('',(1.,0.,0.));
#12310=DIRECTION('',(-1.,0.,0.));
#12311=DIRECTION('',(0.,-1.,0.));
#12312=DIRECTION('center_axis',(-1.,0.,1.93208311223727E-15));
#12313=DIRECTION('ref_axis',(-1.93208311223727E-15,1.22464679914735E-16,
-1.));
#12314=DIRECTION('',(1.93208311223727E-15,-1.22464679914735E-16,1.));
#12315=DIRECTION('',(-1.93208311223727E-15,1.22464679914735E-16,-1.));
#12316=DIRECTION('',(0.,-1.,0.));
#12317=DIRECTION('center_axis',(0.,0.,1.));
#12318=DIRECTION('ref_axis',(-1.,0.,0.));
#12319=DIRECTION('',(1.,0.,0.));
#12320=DIRECTION('',(-1.,0.,0.));
#12321=DIRECTION('',(0.,-1.,0.));
#12322=DIRECTION('center_axis',(1.,0.,-2.02738740602467E-15));
#12323=DIRECTION('ref_axis',(2.02738740602467E-15,-1.22464679914735E-16,
1.));
#12324=DIRECTION('',(-2.02738740602467E-15,1.22464679914735E-16,-1.));
#12325=DIRECTION('',(2.02738740602467E-15,-1.22464679914735E-16,1.));
#12326=DIRECTION('',(0.,-1.,0.));
#12327=DIRECTION('center_axis',(0.,0.,-1.));
#12328=DIRECTION('ref_axis',(1.,0.,0.));
#12329=DIRECTION('',(-1.,0.,0.));
#12330=DIRECTION('',(1.,0.,0.));
#12331=DIRECTION('center_axis',(0.,1.,1.22464679914735E-16));
#12332=DIRECTION('ref_axis',(-1.,0.,0.));
#12333=DIRECTION('center_axis',(0.,-1.,0.));
#12334=DIRECTION('ref_axis',(0.,0.,-1.));
#12335=DIRECTION('center_axis',(-1.,0.,1.99624584223618E-15));
#12336=DIRECTION('ref_axis',(-1.99624584223618E-15,1.22464679914735E-16,
-1.));
#12337=DIRECTION('',(1.99624584223618E-15,-1.22464679914735E-16,1.));
#12338=DIRECTION('',(0.,-1.,0.));
#12339=DIRECTION('',(-1.99624584223618E-15,1.22464679914735E-16,-1.));
#12340=DIRECTION('',(0.,-1.,0.));
#12341=DIRECTION('center_axis',(0.,0.,1.));
#12342=DIRECTION('ref_axis',(-1.,0.,0.));
#12343=DIRECTION('',(1.,0.,0.));
#12344=DIRECTION('',(-1.,0.,0.));
#12345=DIRECTION('',(0.,-1.,0.));
#12346=DIRECTION('center_axis',(1.,0.,-1.99769601570378E-15));
#12347=DIRECTION('ref_axis',(1.99769601570378E-15,-1.22464679914735E-16,
1.));
#12348=DIRECTION('',(-1.99769601570378E-15,1.22464679914735E-16,-1.));
#12349=DIRECTION('',(1.99769601570378E-15,-1.22464679914735E-16,1.));
#12350=DIRECTION('',(0.,-1.,0.));
#12351=DIRECTION('center_axis',(0.,0.,1.));
#12352=DIRECTION('ref_axis',(-1.,0.,0.));
#12353=DIRECTION('',(1.,0.,0.));
#12354=DIRECTION('',(-1.,0.,0.));
#12355=DIRECTION('',(0.,-1.,0.));
#12356=DIRECTION('center_axis',(-1.,0.,2.03152629991097E-15));
#12357=DIRECTION('ref_axis',(-2.03152629991097E-15,1.22464679914735E-16,
-1.));
#12358=DIRECTION('',(2.03152629991097E-15,-1.22464679914735E-16,1.));
#12359=DIRECTION('',(-2.03152629991097E-15,1.22464679914735E-16,-1.));
#12360=DIRECTION('',(0.,-1.,0.));
#12361=DIRECTION('center_axis',(0.,0.,1.));
#12362=DIRECTION('ref_axis',(-1.,0.,0.));
#12363=DIRECTION('',(1.,0.,0.));
#12364=DIRECTION('',(-1.,0.,0.));
#12365=DIRECTION('',(0.,-1.,0.));
#12366=DIRECTION('center_axis',(1.,0.,-2.03152629991097E-15));
#12367=DIRECTION('ref_axis',(2.03152629991097E-15,-1.22464679914735E-16,
1.));
#12368=DIRECTION('',(-2.03152629991097E-15,1.22464679914735E-16,-1.));
#12369=DIRECTION('',(2.03152629991097E-15,-1.22464679914735E-16,1.));
#12370=DIRECTION('',(0.,-1.,0.));
#12371=DIRECTION('center_axis',(0.,0.,1.));
#12372=DIRECTION('ref_axis',(-1.,0.,0.));
#12373=DIRECTION('',(1.,0.,0.));
#12374=DIRECTION('',(-1.,0.,0.));
#12375=DIRECTION('',(0.,-1.,0.));
#12376=DIRECTION('center_axis',(1.,0.,-2.29109147402889E-15));
#12377=DIRECTION('ref_axis',(2.29109147402889E-15,-1.22464679914735E-16,
1.));
#12378=DIRECTION('',(-2.29109147402889E-15,1.22464679914735E-16,-1.));
#12379=DIRECTION('',(2.29109147402889E-15,-1.22464679914735E-16,1.));
#12380=DIRECTION('',(0.,-1.,0.));
#12381=DIRECTION('center_axis',(0.,0.,-1.));
#12382=DIRECTION('ref_axis',(1.,0.,0.));
#12383=DIRECTION('',(-1.,0.,0.));
#12384=DIRECTION('',(1.,0.,0.));
#12385=DIRECTION('center_axis',(0.,1.,1.22464679914735E-16));
#12386=DIRECTION('ref_axis',(-1.,0.,0.));
#12387=DIRECTION('center_axis',(0.,-1.,0.));
#12388=DIRECTION('ref_axis',(0.,0.,-1.));
#12389=DIRECTION('center_axis',(-1.,0.,2.04758823261225E-15));
#12390=DIRECTION('ref_axis',(-2.04758823261225E-15,1.22464679914735E-16,
-1.));
#12391=DIRECTION('',(2.04758823261225E-15,-1.22464679914735E-16,1.));
#12392=DIRECTION('',(0.,-1.,0.));
#12393=DIRECTION('',(-2.04758823261225E-15,1.22464679914735E-16,-1.));
#12394=DIRECTION('',(0.,-1.,0.));
#12395=DIRECTION('center_axis',(0.,0.,1.));
#12396=DIRECTION('ref_axis',(-1.,0.,0.));
#12397=DIRECTION('',(1.,0.,0.));
#12398=DIRECTION('',(-1.,0.,0.));
#12399=DIRECTION('',(0.,-1.,0.));
#12400=DIRECTION('center_axis',(1.,0.,-2.04758823261225E-15));
#12401=DIRECTION('ref_axis',(2.04758823261225E-15,-1.22464679914735E-16,
1.));
#12402=DIRECTION('',(-2.04758823261225E-15,1.22464679914735E-16,-1.));
#12403=DIRECTION('',(2.04758823261225E-15,-1.22464679914735E-16,1.));
#12404=DIRECTION('',(0.,-1.,0.));
#12405=DIRECTION('center_axis',(0.,0.,-1.));
#12406=DIRECTION('ref_axis',(1.,0.,0.));
#12407=DIRECTION('',(-1.,0.,0.));
#12408=DIRECTION('',(1.,0.,0.));
#12409=DIRECTION('center_axis',(0.,1.,1.22464679914735E-16));
#12410=DIRECTION('ref_axis',(-1.,0.,0.));
#12411=DIRECTION('center_axis',(0.,-1.,0.));
#12412=DIRECTION('ref_axis',(0.,0.,-1.));
#12413=DIRECTION('',(0.,-1.,0.));
#12414=DIRECTION('',(0.,-1.,0.));
#12415=DIRECTION('',(0.,-1.,0.));
#12416=DIRECTION('',(0.,-1.,0.));
#12417=DIRECTION('',(0.,-1.,0.));
#12418=DIRECTION('',(0.,-1.,0.));
#12419=DIRECTION('',(0.,-1.,0.));
#12420=DIRECTION('',(0.,-1.,0.));
#12421=DIRECTION('',(0.,-1.,0.));
#12422=DIRECTION('center_axis',(0.972627710164194,0.,0.232368968282681));
#12423=DIRECTION('ref_axis',(-0.232368968282681,-1.1911254120146E-16,0.972627710164194));
#12424=DIRECTION('',(0.232368968282681,1.1911254120146E-16,-0.972627710164194));
#12425=DIRECTION('',(-0.232368968282681,-1.1911254120146E-16,0.972627710164194));
#12426=DIRECTION('',(0.,-1.,0.));
#12427=DIRECTION('',(0.,-1.,0.));
#12428=DIRECTION('',(0.,-1.,0.));
#12429=DIRECTION('',(0.,-1.,0.));
#12430=DIRECTION('',(0.,-1.,0.));
#12431=DIRECTION('',(0.,-1.,0.));
#12432=DIRECTION('',(0.,-1.,0.));
#12433=DIRECTION('',(0.,-1.,0.));
#12434=DIRECTION('',(0.,-1.,0.));
#12435=DIRECTION('center_axis',(-0.953230581049286,0.,0.302244039399358));
#12436=DIRECTION('ref_axis',(-0.302244039399358,1.16737077993138E-16,-0.953230581049286));
#12437=DIRECTION('',(0.302244039399358,-1.16737077993138E-16,0.953230581049286));
#12438=DIRECTION('',(-0.302244039399358,1.16737077993138E-16,-0.953230581049286));
#12439=DIRECTION('center_axis',(0.,1.,1.22464679914735E-16));
#12440=DIRECTION('ref_axis',(-1.,0.,0.));
#12441=DIRECTION('center_axis',(0.,1.,1.22464679914735E-16));
#12442=DIRECTION('ref_axis',(-1.,0.,0.));
#12443=DIRECTION('center_axis',(-1.,0.,2.03731884349475E-15));
#12444=DIRECTION('ref_axis',(-2.03731884349475E-15,1.22464679914735E-16,
-1.));
#12445=DIRECTION('',(2.03731884349475E-15,-1.22464679914735E-16,1.));
#12446=DIRECTION('',(0.,-1.,0.));
#12447=DIRECTION('',(-2.03731884349475E-15,1.22464679914735E-16,-1.));
#12448=DIRECTION('',(0.,-1.,0.));
#12449=DIRECTION('center_axis',(0.,0.,1.));
#12450=DIRECTION('ref_axis',(-1.,0.,0.));
#12451=DIRECTION('',(1.,0.,0.));
#12452=DIRECTION('',(-1.,0.,0.));
#12453=DIRECTION('',(0.,-1.,0.));
#12454=DIRECTION('',(0.,-1.,0.));
#12455=DIRECTION('',(0.,-1.,0.));
#12456=DIRECTION('',(0.,-1.,0.));
#12457=DIRECTION('',(0.,-1.,0.));
#12458=DIRECTION('',(0.,-1.,0.));
#12459=DIRECTION('',(0.,-1.,0.));
#12460=DIRECTION('',(0.,-1.,0.));
#12461=DIRECTION('',(0.,-1.,0.));
#12462=DIRECTION('',(0.,-1.,0.));
#12463=DIRECTION('',(0.,-1.,0.));
#12464=DIRECTION('center_axis',(0.982947804227431,0.,0.183884785027124));
#12465=DIRECTION('ref_axis',(-0.183884785027124,-1.20376388217604E-16,0.982947804227431));
#12466=DIRECTION('',(0.183884785027124,1.20376388217604E-16,-0.982947804227431));
#12467=DIRECTION('',(-0.183884785027124,-1.20376388217604E-16,0.982947804227431));
#12468=DIRECTION('',(0.,-1.,0.));
#12469=DIRECTION('',(0.,-1.,0.));
#12470=DIRECTION('',(0.,-1.,0.));
#12471=DIRECTION('',(0.,-1.,0.));
#12472=DIRECTION('',(0.,-1.,0.));
#12473=DIRECTION('',(0.,-1.,0.));
#12474=DIRECTION('',(0.,-1.,0.));
#12475=DIRECTION('',(0.,-1.,0.));
#12476=DIRECTION('',(0.,-1.,0.));
#12477=DIRECTION('center_axis',(0.,0.,-1.));
#12478=DIRECTION('ref_axis',(1.,0.,0.));
#12479=DIRECTION('',(-1.,0.,0.));
#12480=DIRECTION('',(1.,0.,0.));
#12481=DIRECTION('',(0.,-1.,0.));
#12482=DIRECTION('center_axis',(1.,0.,-2.00047522492821E-15));
#12483=DIRECTION('ref_axis',(2.00047522492821E-15,-1.22464679914735E-16,
1.));
#12484=DIRECTION('',(-2.00047522492821E-15,1.22464679914735E-16,-1.));
#12485=DIRECTION('',(2.00047522492821E-15,-1.22464679914735E-16,1.));
#12486=DIRECTION('',(0.,-1.,0.));
#12487=DIRECTION('center_axis',(0.,0.,-1.));
#12488=DIRECTION('ref_axis',(1.,0.,0.));
#12489=DIRECTION('',(-1.,0.,0.));
#12490=DIRECTION('',(1.,0.,0.));
#12491=DIRECTION('center_axis',(0.,1.,1.22464679914735E-16));
#12492=DIRECTION('ref_axis',(-1.,0.,0.));
#12493=DIRECTION('center_axis',(0.,1.,1.22464679914735E-16));
#12494=DIRECTION('ref_axis',(-1.,0.,0.));
#12495=DIRECTION('center_axis',(1.,0.,-1.99745734552097E-15));
#12496=DIRECTION('ref_axis',(1.99745734552097E-15,-1.22464679914735E-16,
1.));
#12497=DIRECTION('',(-1.99745734552097E-15,1.22464679914735E-16,-1.));
#12498=DIRECTION('',(0.,-1.,0.));
#12499=DIRECTION('',(1.99745734552097E-15,-1.22464679914735E-16,1.));
#12500=DIRECTION('',(0.,-1.,0.));
#12501=DIRECTION('center_axis',(0.,0.,-1.));
#12502=DIRECTION('ref_axis',(1.,0.,0.));
#12503=DIRECTION('',(-1.,0.,0.));
#12504=DIRECTION('',(1.,0.,0.));
#12505=DIRECTION('',(0.,-1.,0.));
#12506=DIRECTION('center_axis',(-1.,0.,1.98888481012443E-15));
#12507=DIRECTION('ref_axis',(-1.98888481012443E-15,1.22464679914735E-16,
-1.));
#12508=DIRECTION('',(1.98888481012443E-15,-1.22464679914735E-16,1.));
#12509=DIRECTION('',(-1.98888481012443E-15,1.22464679914735E-16,-1.));
#12510=DIRECTION('',(0.,-1.,0.));
#12511=DIRECTION('center_axis',(0.,0.,1.));
#12512=DIRECTION('ref_axis',(-1.,0.,0.));
#12513=DIRECTION('',(1.,0.,0.));
#12514=DIRECTION('',(-1.,0.,0.));
#12515=DIRECTION('',(0.,-1.,0.));
#12516=DIRECTION('center_axis',(1.,0.,-2.0020598744652E-15));
#12517=DIRECTION('ref_axis',(2.0020598744652E-15,-1.22464679914735E-16,
1.));
#12518=DIRECTION('',(-2.0020598744652E-15,1.22464679914735E-16,-1.));
#12519=DIRECTION('',(2.0020598744652E-15,-1.22464679914735E-16,1.));
#12520=DIRECTION('',(0.,-1.,0.));
#12521=DIRECTION('center_axis',(0.,0.,1.));
#12522=DIRECTION('ref_axis',(-1.,0.,0.));
#12523=DIRECTION('',(1.,0.,0.));
#12524=DIRECTION('',(-1.,0.,0.));
#12525=DIRECTION('',(0.,-1.,0.));
#12526=DIRECTION('center_axis',(1.,0.,-2.29108583786439E-15));
#12527=DIRECTION('ref_axis',(2.29108583786439E-15,-1.22464679914735E-16,
1.));
#12528=DIRECTION('',(-2.29108583786439E-15,1.22464679914735E-16,-1.));
#12529=DIRECTION('',(2.29108583786439E-15,-1.22464679914735E-16,1.));
#12530=DIRECTION('',(0.,-1.,0.));
#12531=DIRECTION('center_axis',(0.,0.,-1.));
#12532=DIRECTION('ref_axis',(1.,0.,0.));
#12533=DIRECTION('',(-1.,0.,0.));
#12534=DIRECTION('',(1.,0.,0.));
#12535=DIRECTION('center_axis',(0.,1.,1.22464679914735E-16));
#12536=DIRECTION('ref_axis',(-1.,0.,0.));
#12537=DIRECTION('center_axis',(0.,-1.,0.));
#12538=DIRECTION('ref_axis',(0.,0.,-1.));
#12539=DIRECTION('center_axis',(-1.,0.,2.09309019333697E-15));
#12540=DIRECTION('ref_axis',(-2.09309019333697E-15,1.22464679914735E-16,
-1.));
#12541=DIRECTION('',(2.09309019333697E-15,-1.22464679914735E-16,1.));
#12542=DIRECTION('',(0.,-1.,0.));
#12543=DIRECTION('',(-2.09309019333697E-15,1.22464679914735E-16,-1.));
#12544=DIRECTION('',(0.,-1.,0.));
#12545=DIRECTION('',(0.,-1.,0.));
#12546=DIRECTION('',(0.,-1.,0.));
#12547=DIRECTION('',(0.,-1.,0.));
#12548=DIRECTION('',(0.,-1.,0.));
#12549=DIRECTION('',(0.,-1.,0.));
#12550=DIRECTION('',(0.,-1.,0.));
#12551=DIRECTION('center_axis',(1.,0.,-2.00069444943837E-15));
#12552=DIRECTION('ref_axis',(2.00069444943837E-15,-1.22464679914735E-16,
1.));
#12553=DIRECTION('',(-2.00069444943837E-15,1.22464679914735E-16,-1.));
#12554=DIRECTION('',(2.00069444943837E-15,-1.22464679914735E-16,1.));
#12555=DIRECTION('',(0.,-1.,0.));
#12556=DIRECTION('center_axis',(0.,0.,1.));
#12557=DIRECTION('ref_axis',(-1.,0.,0.));
#12558=DIRECTION('',(1.,0.,0.));
#12559=DIRECTION('',(-1.,0.,0.));
#12560=DIRECTION('center_axis',(-1.,0.,2.02258601648617E-15));
#12561=DIRECTION('ref_axis',(-2.02258601648617E-15,1.22464679914735E-16,
-1.));
#12562=DIRECTION('',(2.02258601648617E-15,-1.22464679914735E-16,1.));
#12563=DIRECTION('',(0.,-1.,0.));
#12564=DIRECTION('',(-2.02258601648617E-15,1.22464679914735E-16,-1.));
#12565=DIRECTION('',(0.,-1.,0.));
#12566=DIRECTION('',(0.,-1.,0.));
#12567=DIRECTION('',(0.,-1.,0.));
#12568=DIRECTION('',(0.,-1.,0.));
#12569=DIRECTION('',(0.,-1.,0.));
#12570=DIRECTION('',(0.,-1.,0.));
#12571=DIRECTION('',(0.,-1.,0.));
#12572=DIRECTION('',(0.,-1.,0.));
#12573=DIRECTION('center_axis',(1.,0.,-1.75689417504655E-15));
#12574=DIRECTION('ref_axis',(1.75689417504655E-15,-1.22464679914735E-16,
1.));
#12575=DIRECTION('',(-1.75689417504655E-15,1.22464679914735E-16,-1.));
#12576=DIRECTION('',(1.75689417504655E-15,-1.22464679914735E-16,1.));
#12577=DIRECTION('',(0.,-1.,0.));
#12578=DIRECTION('center_axis',(0.,0.,1.));
#12579=DIRECTION('ref_axis',(-1.,0.,0.));
#12580=DIRECTION('',(1.,0.,0.));
#12581=DIRECTION('',(-1.,0.,0.));
#12582=DIRECTION('',(0.,-1.,0.));
#12583=DIRECTION('center_axis',(1.,0.,-2.29108489850634E-15));
#12584=DIRECTION('ref_axis',(2.29108489850634E-15,-1.22464679914735E-16,
1.));
#12585=DIRECTION('',(-2.29108489850634E-15,1.22464679914735E-16,-1.));
#12586=DIRECTION('',(2.29108489850634E-15,-1.22464679914735E-16,1.));
#12587=DIRECTION('',(0.,-1.,0.));
#12588=DIRECTION('center_axis',(0.,0.,-1.));
#12589=DIRECTION('ref_axis',(1.,0.,0.));
#12590=DIRECTION('',(-1.,0.,0.));
#12591=DIRECTION('',(1.,0.,0.));
#12592=DIRECTION('center_axis',(0.,1.,1.22464679914735E-16));
#12593=DIRECTION('ref_axis',(-1.,0.,0.));
#12594=DIRECTION('center_axis',(0.,1.,1.22464679914735E-16));
#12595=DIRECTION('ref_axis',(-1.,0.,0.));
#12596=DIRECTION('axis',(0.,0.,1.));
#12597=DIRECTION('refdir',(1.,0.,0.));
#12598=DIRECTION('center_axis',(0.,-1.,0.));
#12599=DIRECTION('ref_axis',(1.,0.,0.));
#12600=DIRECTION('center_axis',(0.,0.707106781186548,0.707106781186547));
#12601=DIRECTION('ref_axis',(0.,-0.707106781186547,0.707106781186548));
#12602=DIRECTION('',(0.,1.,0.));
#12603=DIRECTION('center_axis',(0.,1.,0.));
#12604=DIRECTION('ref_axis',(1.,0.,0.));
#12605=DIRECTION('center_axis',(0.,1.,0.));
#12606=DIRECTION('ref_axis',(1.,0.,0.));
#12607=DIRECTION('center_axis',(0.,-0.707106781186548,-0.707106781186547));
#12608=DIRECTION('ref_axis',(-1.,0.,0.));
#12609=DIRECTION('',(0.,0.,1.));
#12610=DIRECTION('',(1.,0.,0.));
#12611=DIRECTION('',(0.,0.,1.));
#12612=DIRECTION('',(1.,0.,0.));
#12613=DIRECTION('',(0.,0.,1.));
#12614=DIRECTION('',(1.,0.,0.));
#12615=DIRECTION('',(0.,0.,1.));
#12616=DIRECTION('',(1.,0.,0.));
#12617=DIRECTION('',(0.,0.,1.));
#12618=DIRECTION('',(1.,0.,0.));
#12619=DIRECTION('center_axis',(0.,0.,1.));
#12620=DIRECTION('ref_axis',(1.,0.,0.));
#12621=CARTESIAN_POINT('',(0.,0.,0.));
#12622=CARTESIAN_POINT('',(0.,0.,0.));
#12623=CARTESIAN_POINT('Origin',(10.,-11.3137084989847,256.313708498985));
#12624=CARTESIAN_POINT('',(10.,-0.6,264.727416997969));
#12625=CARTESIAN_POINT('',(10.,-2.2,264.727416997969));
#12626=CARTESIAN_POINT('',(10.,-5.95685424949237,264.727416997969));
#12627=CARTESIAN_POINT('',(10.,-2.2,258.527416997969));
#12628=CARTESIAN_POINT('',(10.,-2.2,258.970562748477));
#12629=CARTESIAN_POINT('',(10.,-0.6,258.527416997969));
#12630=CARTESIAN_POINT('',(10.,-5.95685424949237,258.527416997969));
#12631=CARTESIAN_POINT('',(10.,-0.600000000000001,244.4));
#12632=CARTESIAN_POINT('',(10.,-0.600000000000001,261.970562748477));
#12633=CARTESIAN_POINT('',(10.,-3.81837661840737,241.181623381593));
#12634=CARTESIAN_POINT('',(10.,-4.24264068711931,240.757359312881));
#12635=CARTESIAN_POINT('',(10.,-26.0215295476649,263.38477631085));
#12636=CARTESIAN_POINT('',(10.,-20.7889393668845,258.15218613007));
#12637=CARTESIAN_POINT('',(10.,-22.3788888605456,267.027416997969));
#12638=CARTESIAN_POINT('',(10.,-22.2031529292575,267.203152929258));
#12639=CARTESIAN_POINT('',(10.,-0.600000000000003,267.027416997969));
#12640=CARTESIAN_POINT('',(10.,-16.9705627484771,267.027416997969));
#12641=CARTESIAN_POINT('',(10.,-0.600000000000001,261.970562748477));
#12642=CARTESIAN_POINT('Origin',(10.3,-2.2,261.627416997969));
#12643=CARTESIAN_POINT('',(16.3751923190728,-2.2,264.727416997969));
#12644=CARTESIAN_POINT('',(10.,-2.2,264.727416997969));
#12645=CARTESIAN_POINT('',(19.7,-2.2,264.22741539097));
#12646=CARTESIAN_POINT('Origin',(18.,-2.2,264.227416997969));
#12647=CARTESIAN_POINT('',(19.7000000000005,-2.2,259.027415812186));
#12648=CARTESIAN_POINT('',(19.7,-2.2,264.22741539097));
#12649=CARTESIAN_POINT('',(16.3751923190728,-2.2,258.527416997969));
#12650=CARTESIAN_POINT('Origin',(18.,-2.2,259.027416997969));
#12651=CARTESIAN_POINT('',(16.3751923190728,-2.2,258.527416997969));
#12652=CARTESIAN_POINT('Origin',(18.,-0.6,259.027416997969));
#12653=CARTESIAN_POINT('',(19.7000000000005,-0.6,259.027415812186));
#12654=CARTESIAN_POINT('',(19.7000000000005,-0.6,259.027415812186));
#12655=CARTESIAN_POINT('',(16.3751923190728,-0.6,258.527416997969));
#12656=CARTESIAN_POINT('Origin',(18.,-0.6,259.027416997969));
#12657=CARTESIAN_POINT('',(16.3751923190728,-0.6,258.527416997969));
#12658=CARTESIAN_POINT('Origin',(19.7000000000005,-0.6,259.027415812186));
#12659=CARTESIAN_POINT('',(19.7,-0.6,264.22741539097));
#12660=CARTESIAN_POINT('',(19.7,-0.6,264.22741539097));
#12661=CARTESIAN_POINT('',(19.7,-0.6,264.22741539097));
#12662=CARTESIAN_POINT('Origin',(18.,-0.6,264.227416997969));
#12663=CARTESIAN_POINT('',(16.3751923190728,-0.6,264.727416997969));
#12664=CARTESIAN_POINT('',(16.3751923190728,-0.6,264.727416997969));
#12665=CARTESIAN_POINT('Origin',(18.,-0.6,264.227416997969));
#12666=CARTESIAN_POINT('Origin',(16.3751923190728,-0.6,264.727416997969));
#12667=CARTESIAN_POINT('',(10.,-0.6,264.727416997969));
#12668=CARTESIAN_POINT('Origin',(10.,-0.6,258.527416997969));
#12669=CARTESIAN_POINT('',(16.3751923190728,-0.6,258.527416997969));
#12670=CARTESIAN_POINT('Origin',(10.3,-0.6,261.627416997969));
#12671=CARTESIAN_POINT('',(10.,-0.600000000000001,261.970562748477));
#12672=CARTESIAN_POINT('Origin',(16.6,-4.67,252.071067811865));
#12673=CARTESIAN_POINT('',(14.5,-3.47,252.071067811865));
#12674=CARTESIAN_POINT('Origin',(16.6,-3.47,252.071067811865));
#12675=CARTESIAN_POINT('',(12.1,-5.87,252.071067811865));
#12676=CARTESIAN_POINT('',(13.3,-4.67,252.071067811865));
#12677=CARTESIAN_POINT('Origin',(16.6,-5.87,252.071067811865));
#12678=CARTESIAN_POINT('Origin',(16.6,-26.87,252.071067811865));
#12679=CARTESIAN_POINT('',(14.5,0.,252.071067811865));
#12680=CARTESIAN_POINT('',(14.5,-26.87,252.071067811865));
#12681=CARTESIAN_POINT('Origin',(16.6,0.,252.071067811865));
#12682=CARTESIAN_POINT('Origin',(223.4,-4.67,252.071067811865));
#12683=CARTESIAN_POINT('',(225.5,-3.47,252.071067811865));
#12684=CARTESIAN_POINT('Origin',(223.4,-3.47,252.071067811865));
#12685=CARTESIAN_POINT('',(227.9,-5.87,252.071067811865));
#12686=CARTESIAN_POINT('',(226.7,-4.67,252.071067811865));
#12687=CARTESIAN_POINT('Origin',(223.4,-5.87,252.071067811865));
#12688=CARTESIAN_POINT('Origin',(223.4,-26.87,252.071067811865));
#12689=CARTESIAN_POINT('',(225.5,0.,252.071067811865));
#12690=CARTESIAN_POINT('',(225.5,-26.87,252.071067811865));
#12691=CARTESIAN_POINT('Origin',(223.4,0.,252.071067811865));
#12692=CARTESIAN_POINT('Origin',(230.,0.,267.627416997969));
#12693=CARTESIAN_POINT('',(218.6,0.,266.778888860546));
#12694=CARTESIAN_POINT('',(218.6,0.,245.6));
#12695=CARTESIAN_POINT('',(218.6,0.,261.970562748477));
#12696=CARTESIAN_POINT('',(218.848528137424,0.,267.027416997969));
#12697=CARTESIAN_POINT('',(221.724264068712,0.,269.903152929257));
#12698=CARTESIAN_POINT('',(229.151471862576,0.,267.027416997969));
#12699=CARTESIAN_POINT('',(230.,0.,267.027416997969));
#12700=CARTESIAN_POINT('',(229.4,0.,266.778888860546));
#12701=CARTESIAN_POINT('',(229.275735931288,0.,266.903152929257));
#12702=CARTESIAN_POINT('',(229.4,0.,245.6));
#12703=CARTESIAN_POINT('',(229.4,0.,260.909902576697));
#12704=CARTESIAN_POINT('',(175.,0.,245.6));
#12705=CARTESIAN_POINT('Origin',(218.3,-0.3,261.970562748477));
#12706=CARTESIAN_POINT('',(218.424264068712,-0.175735931288061,245.175735931288));
#12707=CARTESIAN_POINT('',(218.208702142286,-0.391297857714212,244.655323404979));
#12708=CARTESIAN_POINT('',(218.,-0.600000000000001,245.6));
#12709=CARTESIAN_POINT('',(199.238239541921,-19.3617604580795,264.361760458079));
#12710=CARTESIAN_POINT('',(218.,-0.600000000000003,267.027416997969));
#12711=CARTESIAN_POINT('',(218.,-0.600000000000001,261.970562748477));
#12712=CARTESIAN_POINT('',(219.203669680356,0.603669680355898,266.528840691749));
#12713=CARTESIAN_POINT('Origin',(175.,-0.212132034355965,245.087867965644));
#12714=CARTESIAN_POINT('',(218.,-0.175735931288068,245.175735931288));
#12715=CARTESIAN_POINT('',(147.5,-0.175735931288061,245.175735931288));
#12716=CARTESIAN_POINT('',(229.824264068712,-0.42426406871193,244.575735931288));
#12717=CARTESIAN_POINT('',(229.4,0.,245.6));
#12718=CARTESIAN_POINT('',(218.,-0.424264068711931,244.575735931288));
#12719=CARTESIAN_POINT('',(175.,-0.42426406871193,244.575735931288));
#12720=CARTESIAN_POINT('',(218.,0.959440840897847,247.91629509039));
#12721=CARTESIAN_POINT('Origin',(218.,-11.3137084989847,256.313708498985));
#12722=CARTESIAN_POINT('',(218.,-22.0274169979695,267.027416997969));
#12723=CARTESIAN_POINT('',(218.,-5.65685424949238,250.656854249492));
#12724=CARTESIAN_POINT('',(218.,-16.9705627484771,267.027416997969));
#12725=CARTESIAN_POINT('Origin',(221.512132034356,-0.300000000000001,270.115284963613));
#12726=CARTESIAN_POINT('',(218.6,-0.600000000000001,267.627416997969));
#12727=CARTESIAN_POINT('',(221.3,-0.600000000000003,270.327416997969));
#12728=CARTESIAN_POINT('',(218.848528137424,0.,267.027416997969));
#12729=CARTESIAN_POINT('Origin',(230.,-0.3,267.327416997969));
#12730=CARTESIAN_POINT('',(229.4,-0.600000000000001,267.627416997969));
#12731=CARTESIAN_POINT('',(230.,-0.600000000000001,267.627416997969));
#12732=CARTESIAN_POINT('',(229.4,-0.600000000000001,267.627416997969));
#12733=CARTESIAN_POINT('Origin',(229.7,-0.3,260.909902576697));
#12734=CARTESIAN_POINT('',(230.,-0.600000000000001,267.027416997969));
#12735=CARTESIAN_POINT('',(230.,-0.600000000000001,244.4));
#12736=CARTESIAN_POINT('',(230.,-0.600000000000001,260.909902576697));
#12737=CARTESIAN_POINT('',(210.029229799591,19.3707702004095,264.37077020041));
#12738=CARTESIAN_POINT('',(229.4,0.,266.778888860546));
#12739=CARTESIAN_POINT('Origin',(229.487867965644,-0.300000000000001,267.115284963613));
#12740=CARTESIAN_POINT('',(229.7,-0.600000000000002,267.327416997969));
#12741=CARTESIAN_POINT('Origin',(10.,0.,267.627416997969));
#12742=CARTESIAN_POINT('',(10.6,0.,245.6));
#12743=CARTESIAN_POINT('',(21.4,0.,245.6));
#12744=CARTESIAN_POINT('',(65.,0.,245.6));
#12745=CARTESIAN_POINT('',(10.6,0.,266.778888860546));
#12746=CARTESIAN_POINT('',(10.6,0.,261.970562748477));
#12747=CARTESIAN_POINT('',(10.8485281374239,0.,267.027416997969));
#12748=CARTESIAN_POINT('',(10.7242640687119,0.,266.903152929257));
#12749=CARTESIAN_POINT('',(21.1514718625761,0.,267.027416997969));
#12750=CARTESIAN_POINT('',(10.,0.,267.027416997969));
#12751=CARTESIAN_POINT('',(21.4,0.,266.778888860546));
#12752=CARTESIAN_POINT('',(18.275735931288,0.,269.903152929257));
#12753=CARTESIAN_POINT('',(21.4,0.,261.970562748477));
#12754=CARTESIAN_POINT('Origin',(65.,-0.212132034355965,245.087867965644));
#12755=CARTESIAN_POINT('',(10.1757359312881,-0.42426406871193,244.575735931288));
#12756=CARTESIAN_POINT('',(16.4679416062527,5.86794160625267,259.766464209028));
#12757=CARTESIAN_POINT('',(21.8242640687119,-0.424264068711931,244.575735931288));
#12758=CARTESIAN_POINT('',(21.7912978577143,-0.391297857714274,244.655323404979));
#12759=CARTESIAN_POINT('',(65.,-0.42426406871193,244.575735931288));
#12760=CARTESIAN_POINT('Origin',(120.,-4.24264068711931,240.757359312881));
#12761=CARTESIAN_POINT('',(230.,-3.81837661840738,241.181623381593));
#12762=CARTESIAN_POINT('',(230.,-4.24264068711931,240.757359312881));
#12763=CARTESIAN_POINT('',(120.,-3.81837661840737,241.181623381593));
#12764=CARTESIAN_POINT('',(30.1475468957063,19.5475468957063,264.547546895706));
#12765=CARTESIAN_POINT('',(120.,-0.424264068711931,244.575735931288));
#12766=CARTESIAN_POINT('Origin',(21.7,-0.3,261.970562748477));
#12767=CARTESIAN_POINT('',(22.,-0.600000000000001,267.027416997969));
#12768=CARTESIAN_POINT('',(21.4,0.,266.778888860546));
#12769=CARTESIAN_POINT('',(22.,-0.600000000000001,245.6));
#12770=CARTESIAN_POINT('',(22.,-0.600000000000001,261.970562748477));
#12771=CARTESIAN_POINT('',(21.8242640687119,-0.424264068711935,245.424264068712));
#12772=CARTESIAN_POINT('',(40.7617604580795,-19.3617604580795,264.36176045808));
#12773=CARTESIAN_POINT('',(21.824264068712,-0.424264068711981,253.485281374239));
#12774=CARTESIAN_POINT('Origin',(120.,-0.424264068711933,245.));
#12775=CARTESIAN_POINT('',(218.,-0.424264068711933,245.424264068712));
#12776=CARTESIAN_POINT('',(218.,-0.424264068711965,250.656854249492));
#12777=CARTESIAN_POINT('',(120.,-0.424264068711936,245.424264068712));
#12778=CARTESIAN_POINT('Origin',(120.,0.,245.));
#12779=CARTESIAN_POINT('',(22.,-22.0274169979695,267.027416997969));
#12780=CARTESIAN_POINT('',(22.,0.,245.));
#12781=CARTESIAN_POINT('',(21.4,-22.6274169979695,267.627416997969));
#12782=CARTESIAN_POINT('',(46.4186147075724,2.39119770960242,242.608802290398));
#12783=CARTESIAN_POINT('',(23.,-22.6274169979695,267.627416997969));
#12784=CARTESIAN_POINT('',(10.,-22.6274169979695,267.627416997969));
#12785=CARTESIAN_POINT('',(23.,-11.3137084989848,256.313708498985));
#12786=CARTESIAN_POINT('',(23.,-11.3137084989848,256.313708498985));
#12787=CARTESIAN_POINT('',(52.4,-11.3137084989848,256.313708498985));
#12788=CARTESIAN_POINT('Origin',(37.7,-11.3137084989848,256.313708498985));
#12789=CARTESIAN_POINT('',(52.4,-22.2031529292576,267.203152929257));
#12790=CARTESIAN_POINT('',(52.4,-5.65685424949239,250.656854249492));
#12791=CARTESIAN_POINT('',(56.,-22.2031529292575,267.203152929257));
#12792=CARTESIAN_POINT('',(120.,-22.2031529292575,267.203152929257));
#12793=CARTESIAN_POINT('',(56.,-11.3137084989848,256.313708498985));
#12794=CARTESIAN_POINT('',(56.,-11.3137084989848,256.313708498985));
#12795=CARTESIAN_POINT('',(85.4,-11.3137084989848,256.313708498985));
#12796=CARTESIAN_POINT('Origin',(70.7,-11.3137084989848,256.313708498985));
#12797=CARTESIAN_POINT('',(85.4,-22.2031529292576,267.203152929257));
#12798=CARTESIAN_POINT('',(85.4,-5.65685424949238,250.656854249492));
#12799=CARTESIAN_POINT('',(89.,-22.2031529292575,267.203152929257));
#12800=CARTESIAN_POINT('',(120.,-22.2031529292575,267.203152929257));
#12801=CARTESIAN_POINT('',(89.,-11.3137084989848,256.313708498985));
#12802=CARTESIAN_POINT('',(89.,-11.3137084989848,256.313708498985));
#12803=CARTESIAN_POINT('',(118.4,-11.3137084989848,256.313708498985));
#12804=CARTESIAN_POINT('Origin',(103.7,-11.3137084989848,256.313708498985));
#12805=CARTESIAN_POINT('',(118.4,-22.2031529292575,267.203152929257));
#12806=CARTESIAN_POINT('',(118.4,-5.65685424949238,250.656854249492));
#12807=CARTESIAN_POINT('',(122.,-22.2031529292575,267.203152929257));
#12808=CARTESIAN_POINT('',(120.,-22.2031529292575,267.203152929257));
#12809=CARTESIAN_POINT('',(122.,-11.3137084989848,256.313708498985));
#12810=CARTESIAN_POINT('',(122.,-11.3137084989848,256.313708498985));
#12811=CARTESIAN_POINT('',(151.4,-11.3137084989848,256.313708498985));
#12812=CARTESIAN_POINT('Origin',(136.7,-11.3137084989848,256.313708498985));
#12813=CARTESIAN_POINT('',(151.4,-22.2031529292575,267.203152929257));
#12814=CARTESIAN_POINT('',(151.4,-5.65685424949238,250.656854249492));
#12815=CARTESIAN_POINT('',(155.,-22.2031529292575,267.203152929257));
#12816=CARTESIAN_POINT('',(120.,-22.2031529292575,267.203152929257));
#12817=CARTESIAN_POINT('',(155.,-11.3137084989848,256.313708498985));
#12818=CARTESIAN_POINT('',(155.,-11.3137084989848,256.313708498985));
#12819=CARTESIAN_POINT('',(184.4,-11.3137084989848,256.313708498985));
#12820=CARTESIAN_POINT('Origin',(169.7,-11.3137084989848,256.313708498985));
#12821=CARTESIAN_POINT('',(184.4,-22.2031529292575,267.203152929257));
#12822=CARTESIAN_POINT('',(184.4,-5.65685424949237,250.656854249492));
#12823=CARTESIAN_POINT('',(188.,-22.2031529292575,267.203152929257));
#12824=CARTESIAN_POINT('',(120.,-22.2031529292575,267.203152929257));
#12825=CARTESIAN_POINT('',(188.,-11.3137084989847,256.313708498985));
#12826=CARTESIAN_POINT('',(188.,-11.3137084989848,256.313708498985));
#12827=CARTESIAN_POINT('',(217.4,-11.3137084989848,256.313708498985));
#12828=CARTESIAN_POINT('Origin',(202.7,-11.3137084989848,256.313708498985));
#12829=CARTESIAN_POINT('',(217.4,-22.6274169979695,267.627416997969));
#12830=CARTESIAN_POINT('',(217.4,-5.65685424949235,250.656854249492));
#12831=CARTESIAN_POINT('',(218.6,-22.6274169979695,267.627416997969));
#12832=CARTESIAN_POINT('',(120.,-22.6274169979695,267.627416997969));
#12833=CARTESIAN_POINT('',(193.581385292428,2.39119770960241,242.608802290398));
#12834=CARTESIAN_POINT('',(218.,-5.65685424949238,250.656854249492));
#12835=CARTESIAN_POINT('Origin',(10.3,-0.3,261.970562748477));
#12836=CARTESIAN_POINT('',(10.,-0.600000000000001,267.027416997969));
#12837=CARTESIAN_POINT('Origin',(18.487867965644,-0.300000000000001,270.115284963613));
#12838=CARTESIAN_POINT('',(21.4,-0.600000000000003,267.627416997969));
#12839=CARTESIAN_POINT('',(18.6999999999999,-0.600000000000002,270.327416997969));
#12840=CARTESIAN_POINT('',(21.1514718625761,0.,267.027416997969));
#12841=CARTESIAN_POINT('Origin',(10.,-0.3,267.327416997969));
#12842=CARTESIAN_POINT('',(10.6,-0.600000000000001,267.627416997969));
#12843=CARTESIAN_POINT('',(10.,-0.600000000000001,267.627416997969));
#12844=CARTESIAN_POINT('',(10.8485281374239,0.,267.027416997969));
#12845=CARTESIAN_POINT('Origin',(10.5121320343559,-0.300000000000001,267.115284963613));
#12846=CARTESIAN_POINT('',(10.3,-0.600000000000002,267.327416997969));
#12847=CARTESIAN_POINT('Origin',(23.3,-22.4152849636135,267.415284963613));
#12848=CARTESIAN_POINT('',(23.6,-22.6274169979695,266.778888860546));
#12849=CARTESIAN_POINT('',(25.8666666666667,-22.6274169979695,263.573338119167));
#12850=CARTESIAN_POINT('',(23.,-25.3144227664784,264.940411229461));
#12851=CARTESIAN_POINT('',(23.,-22.6274169979695,267.627416997969));
#12852=CARTESIAN_POINT('',(23.6,-24.4658946290546,264.940411229461));
#12853=CARTESIAN_POINT('',(33.1416666666658,-10.9719402214115,264.940411229461));
#12854=CARTESIAN_POINT('',(23.6,-22.2031529292576,267.203152929257));
#12855=CARTESIAN_POINT('Origin',(120.,-22.6274169979695,267.627416997969));
#12856=CARTESIAN_POINT('',(26.6,-25.3144227664783,264.940411229461));
#12857=CARTESIAN_POINT('',(78.85,-25.3144227664784,264.940411229461));
#12858=CARTESIAN_POINT('',(10.6,-22.6274169979695,267.627416997969));
#12859=CARTESIAN_POINT('',(10.,-22.6274169979695,267.627416997969));
#12860=CARTESIAN_POINT('',(10.6,-26.4457936163769,263.809040379562));
#12861=CARTESIAN_POINT('',(10.6,-22.6274169979694,267.627416997969));
#12862=CARTESIAN_POINT('',(26.6,-26.4457936163769,263.809040379562));
#12863=CARTESIAN_POINT('',(120.,-26.4457936163769,263.809040379562));
#12864=CARTESIAN_POINT('',(26.6,-22.6274169979695,267.627416997969));
#12865=CARTESIAN_POINT('Origin',(23.3,-11.5258405333408,256.101576464629));
#12866=CARTESIAN_POINT('',(23.6,-11.7379725676967,255.889444430273));
#12867=CARTESIAN_POINT('',(23.6,-11.7379725676967,255.889444430273));
#12868=CARTESIAN_POINT('',(23.6,-11.7379725676967,255.889444430273));
#12869=CARTESIAN_POINT('Origin',(52.1,-22.4152849636135,267.415284963613));
#12870=CARTESIAN_POINT('',(52.1,-22.6274169979695,267.203152929257));
#12871=CARTESIAN_POINT('',(51.8,-22.6274169979695,266.778888860546));
#12872=CARTESIAN_POINT('',(48.2000000000001,-22.6274169979695,261.687720036002));
#12873=CARTESIAN_POINT('',(51.8,-24.4658946290546,264.940411229461));
#12874=CARTESIAN_POINT('',(51.8,-22.2031529292575,267.203152929258));
#12875=CARTESIAN_POINT('',(52.4,-25.3144227664784,264.940411229461));
#12876=CARTESIAN_POINT('',(55.9749999999995,-30.3702362519619,264.94041122946));
#12877=CARTESIAN_POINT('',(52.4,-23.0516810666814,267.203152929257));
#12878=CARTESIAN_POINT('',(52.4,-22.6274169979694,267.627416997969));
#12879=CARTESIAN_POINT('',(63.3666666666661,-38.5608898007061,267.203152929257));
#12880=CARTESIAN_POINT('Origin',(120.,-22.6274169979695,267.203152929257));
#12881=CARTESIAN_POINT('',(56.,-23.0516810666814,267.203152929257));
#12882=CARTESIAN_POINT('',(120.,-23.0516810666814,267.203152929257));
#12883=CARTESIAN_POINT('',(56.3,-22.6274169979695,267.203152929257));
#12884=CARTESIAN_POINT('',(66.9666666666664,-7.54247233265659,267.203152929257));
#12885=CARTESIAN_POINT('',(56.,-22.2031529292575,267.203152929257));
#12886=CARTESIAN_POINT('',(52.4,-22.2031529292575,267.203152929257));
#12887=CARTESIAN_POINT('Origin',(120.,-22.6274169979695,267.627416997969));
#12888=CARTESIAN_POINT('',(48.8,-25.3144227664784,264.940411229461));
#12889=CARTESIAN_POINT('',(78.85,-25.3144227664784,264.940411229461));
#12890=CARTESIAN_POINT('',(48.8,-26.4457936163769,263.809040379562));
#12891=CARTESIAN_POINT('',(48.8,-22.6274169979694,267.627416997969));
#12892=CARTESIAN_POINT('',(59.6,-26.4457936163769,263.809040379562));
#12893=CARTESIAN_POINT('',(120.,-26.4457936163769,263.809040379562));
#12894=CARTESIAN_POINT('',(59.6,-25.3144227664783,264.940411229461));
#12895=CARTESIAN_POINT('',(59.6,-22.6274169979695,267.627416997969));
#12896=CARTESIAN_POINT('',(56.,-25.3144227664784,264.940411229461));
#12897=CARTESIAN_POINT('',(95.35,-25.3144227664784,264.940411229461));
#12898=CARTESIAN_POINT('',(56.,-22.6274169979695,267.627416997969));
#12899=CARTESIAN_POINT('Origin',(56.3,-22.4152849636135,267.415284963613));
#12900=CARTESIAN_POINT('',(56.6,-24.4658946290546,264.940411229461));
#12901=CARTESIAN_POINT('',(63.3916666666661,-14.8610275179374,264.940411229461));
#12902=CARTESIAN_POINT('',(56.6,-22.6274169979695,266.778888860546));
#12903=CARTESIAN_POINT('',(56.6,-22.2031529292576,267.203152929257));
#12904=CARTESIAN_POINT('',(58.8666666666667,-22.6274169979695,263.573338119167));
#12905=CARTESIAN_POINT('Origin',(56.3,-11.5258405333408,256.101576464629));
#12906=CARTESIAN_POINT('',(56.6,-11.7379725676967,255.889444430273));
#12907=CARTESIAN_POINT('',(56.6,-11.7379725676967,255.889444430273));
#12908=CARTESIAN_POINT('',(56.6,-11.7379725676967,255.889444430273));
#12909=CARTESIAN_POINT('Origin',(85.1,-22.4152849636135,267.415284963613));
#12910=CARTESIAN_POINT('',(85.1,-22.6274169979695,267.203152929257));
#12911=CARTESIAN_POINT('',(84.8,-22.6274169979695,266.778888860546));
#12912=CARTESIAN_POINT('',(81.2000000000002,-22.6274169979697,261.687720036003));
#12913=CARTESIAN_POINT('',(84.8,-24.4658946290546,264.940411229461));
#12914=CARTESIAN_POINT('',(84.8,-22.2031529292575,267.203152929258));
#12915=CARTESIAN_POINT('',(85.4,-25.3144227664784,264.940411229461));
#12916=CARTESIAN_POINT('',(86.2249999999999,-26.4811489554361,264.94041122946));
#12917=CARTESIAN_POINT('',(85.4,-23.0516810666814,267.203152929257));
#12918=CARTESIAN_POINT('',(85.4,-22.6274169979694,267.627416997969));
#12919=CARTESIAN_POINT('',(90.8666666666668,-30.7827152076544,267.203152929257));
#12920=CARTESIAN_POINT('Origin',(120.,-22.6274169979695,267.203152929257));
#12921=CARTESIAN_POINT('',(89.,-23.0516810666814,267.203152929257));
#12922=CARTESIAN_POINT('',(120.,-23.0516810666814,267.203152929257));
#12923=CARTESIAN_POINT('',(89.3,-22.6274169979695,267.203152929257));
#12924=CARTESIAN_POINT('',(94.4666666666666,-15.3206469257085,267.203152929257));
#12925=CARTESIAN_POINT('',(89.,-22.2031529292575,267.203152929257));
#12926=CARTESIAN_POINT('',(85.4,-22.2031529292575,267.203152929257));
#12927=CARTESIAN_POINT('Origin',(120.,-22.6274169979695,267.627416997969));
#12928=CARTESIAN_POINT('',(81.8,-25.3144227664784,264.940411229461));
#12929=CARTESIAN_POINT('',(95.35,-25.3144227664784,264.940411229461));
#12930=CARTESIAN_POINT('',(81.8,-26.4457936163769,263.809040379562));
#12931=CARTESIAN_POINT('',(81.8,-22.6274169979694,267.627416997969));
#12932=CARTESIAN_POINT('',(92.6,-26.4457936163769,263.809040379562));
#12933=CARTESIAN_POINT('',(120.,-26.4457936163769,263.809040379562));
#12934=CARTESIAN_POINT('',(92.6,-25.3144227664783,264.940411229461));
#12935=CARTESIAN_POINT('',(92.6,-22.6274169979695,267.627416997969));
#12936=CARTESIAN_POINT('',(89.,-25.3144227664784,264.940411229461));
#12937=CARTESIAN_POINT('',(111.85,-25.3144227664784,264.940411229461));
#12938=CARTESIAN_POINT('',(89.,-22.6274169979695,267.627416997969));
#12939=CARTESIAN_POINT('Origin',(89.3,-22.4152849636135,267.415284963613));
#12940=CARTESIAN_POINT('',(89.6,-24.4658946290546,264.940411229461));
#12941=CARTESIAN_POINT('',(93.6416666666664,-18.7501148144633,264.940411229461));
#12942=CARTESIAN_POINT('',(89.6,-22.6274169979695,266.778888860546));
#12943=CARTESIAN_POINT('',(89.6,-22.2031529292576,267.203152929257));
#12944=CARTESIAN_POINT('',(91.8666666666667,-22.6274169979695,263.573338119167));
#12945=CARTESIAN_POINT('Origin',(89.3,-11.5258405333407,256.101576464629));
#12946=CARTESIAN_POINT('',(89.6,-11.7379725676967,255.889444430273));
#12947=CARTESIAN_POINT('',(89.6,-11.7379725676967,255.889444430273));
#12948=CARTESIAN_POINT('',(89.6,-11.7379725676967,255.889444430273));
#12949=CARTESIAN_POINT('Origin',(118.1,-22.4152849636135,267.415284963613));
#12950=CARTESIAN_POINT('',(118.1,-22.6274169979695,267.203152929257));
#12951=CARTESIAN_POINT('',(117.8,-22.6274169979695,266.778888860546));
#12952=CARTESIAN_POINT('',(114.2,-22.6274169979695,261.687720036002));
#12953=CARTESIAN_POINT('',(117.8,-24.4658946290546,264.940411229461));
#12954=CARTESIAN_POINT('',(117.8,-22.2031529292575,267.203152929258));
#12955=CARTESIAN_POINT('',(118.4,-25.3144227664784,264.940411229461));
#12956=CARTESIAN_POINT('',(116.475,-22.5920616589101,264.940411229461));
#12957=CARTESIAN_POINT('',(118.4,-23.0516810666814,267.203152929257));
#12958=CARTESIAN_POINT('',(118.4,-22.6274169979694,267.627416997969));
#12959=CARTESIAN_POINT('',(118.366666666667,-23.0045406146023,267.203152929257));
#12960=CARTESIAN_POINT('Origin',(120.,-22.6274169979695,267.203152929257));
#12961=CARTESIAN_POINT('',(122.,-23.0516810666814,267.203152929257));
#12962=CARTESIAN_POINT('',(120.,-23.0516810666814,267.203152929257));
#12963=CARTESIAN_POINT('',(122.3,-22.6274169979695,267.203152929257));
#12964=CARTESIAN_POINT('',(121.966666666667,-23.0988215187605,267.203152929257));
#12965=CARTESIAN_POINT('',(122.,-22.2031529292575,267.203152929257));
#12966=CARTESIAN_POINT('',(118.4,-22.2031529292575,267.203152929257));
#12967=CARTESIAN_POINT('Origin',(120.,-22.6274169979695,267.627416997969));
#12968=CARTESIAN_POINT('',(114.8,-25.3144227664784,264.940411229461));
#12969=CARTESIAN_POINT('',(111.85,-25.3144227664784,264.940411229461));
#12970=CARTESIAN_POINT('',(114.8,-26.4457936163769,263.809040379562));
#12971=CARTESIAN_POINT('',(114.8,-22.6274169979694,267.627416997969));
#12972=CARTESIAN_POINT('',(125.6,-26.4457936163769,263.809040379562));
#12973=CARTESIAN_POINT('',(120.,-26.4457936163769,263.809040379562));
#12974=CARTESIAN_POINT('',(125.6,-25.3144227664783,264.940411229461));
#12975=CARTESIAN_POINT('',(125.6,-22.6274169979695,267.627416997969));
#12976=CARTESIAN_POINT('',(122.,-25.3144227664784,264.940411229461));
#12977=CARTESIAN_POINT('',(128.35,-25.3144227664784,264.940411229461));
#12978=CARTESIAN_POINT('',(122.,-22.6274169979695,267.627416997969));
#12979=CARTESIAN_POINT('Origin',(122.3,-22.4152849636135,267.415284963613));
#12980=CARTESIAN_POINT('',(122.6,-24.4658946290546,264.940411229461));
#12981=CARTESIAN_POINT('',(123.891666666667,-22.6392021109892,264.940411229461));
#12982=CARTESIAN_POINT('',(122.6,-22.6274169979695,266.778888860546));
#12983=CARTESIAN_POINT('',(122.6,-22.2031529292576,267.203152929257));
#12984=CARTESIAN_POINT('',(124.866666666667,-22.6274169979695,263.573338119167));
#12985=CARTESIAN_POINT('Origin',(122.3,-11.5258405333407,256.101576464629));
#12986=CARTESIAN_POINT('',(122.6,-11.7379725676967,255.889444430273));
#12987=CARTESIAN_POINT('',(122.6,-11.7379725676967,255.889444430273));
#12988=CARTESIAN_POINT('',(122.6,-11.7379725676967,255.889444430273));
#12989=CARTESIAN_POINT('Origin',(151.1,-22.4152849636135,267.415284963613));
#12990=CARTESIAN_POINT('',(151.1,-22.6274169979695,267.203152929257));
#12991=CARTESIAN_POINT('',(150.8,-22.6274169979695,266.778888860546));
#12992=CARTESIAN_POINT('',(147.2,-22.6274169979695,261.687720036002));
#12993=CARTESIAN_POINT('',(150.8,-24.4658946290546,264.940411229461));
#12994=CARTESIAN_POINT('',(150.8,-22.2031529292575,267.203152929258));
#12995=CARTESIAN_POINT('',(151.4,-25.3144227664784,264.940411229461));
#12996=CARTESIAN_POINT('',(146.725,-18.7029743623842,264.940411229461));
#12997=CARTESIAN_POINT('',(151.4,-23.0516810666814,267.203152929257));
#12998=CARTESIAN_POINT('',(151.4,-22.6274169979694,267.627416997969));
#12999=CARTESIAN_POINT('',(145.866666666667,-15.2263660215503,267.203152929257));
#13000=CARTESIAN_POINT('Origin',(120.,-22.6274169979695,267.203152929257));
#13001=CARTESIAN_POINT('',(155.,-23.0516810666814,267.203152929257));
#13002=CARTESIAN_POINT('',(120.,-23.0516810666814,267.203152929257));
#13003=CARTESIAN_POINT('',(155.3,-22.6274169979695,267.203152929257));
#13004=CARTESIAN_POINT('',(149.466666666667,-30.8769961118125,267.203152929257));
#13005=CARTESIAN_POINT('',(155.,-22.2031529292575,267.203152929257));
#13006=CARTESIAN_POINT('',(151.4,-22.2031529292575,267.203152929257));
#13007=CARTESIAN_POINT('Origin',(120.,-22.6274169979695,267.627416997969));
#13008=CARTESIAN_POINT('',(147.8,-25.3144227664784,264.940411229461));
#13009=CARTESIAN_POINT('',(128.35,-25.3144227664784,264.940411229461));
#13010=CARTESIAN_POINT('',(147.8,-26.4457936163769,263.809040379562));
#13011=CARTESIAN_POINT('',(147.8,-22.6274169979694,267.627416997969));
#13012=CARTESIAN_POINT('',(158.6,-26.4457936163769,263.809040379562));
#13013=CARTESIAN_POINT('',(120.,-26.4457936163769,263.809040379562));
#13014=CARTESIAN_POINT('',(158.6,-25.3144227664783,264.940411229461));
#13015=CARTESIAN_POINT('',(158.6,-22.6274169979695,267.627416997969));
#13016=CARTESIAN_POINT('',(155.,-25.3144227664784,264.940411229461));
#13017=CARTESIAN_POINT('',(144.85,-25.3144227664784,264.940411229461));
#13018=CARTESIAN_POINT('',(155.,-22.6274169979695,267.627416997969));
#13019=CARTESIAN_POINT('Origin',(155.3,-22.4152849636135,267.415284963613));
#13020=CARTESIAN_POINT('',(155.6,-24.4658946290546,264.940411229461));
#13021=CARTESIAN_POINT('',(154.141666666667,-26.5282894075152,264.94041122946));
#13022=CARTESIAN_POINT('',(155.6,-22.6274169979695,266.778888860546));
#13023=CARTESIAN_POINT('',(155.6,-22.2031529292576,267.203152929257));
#13024=CARTESIAN_POINT('',(157.866666666667,-22.6274169979695,263.573338119167));
#13025=CARTESIAN_POINT('Origin',(155.3,-11.5258405333407,256.101576464629));
#13026=CARTESIAN_POINT('',(155.6,-11.7379725676967,255.889444430273));
#13027=CARTESIAN_POINT('',(155.6,-11.7379725676967,255.889444430273));
#13028=CARTESIAN_POINT('',(155.6,-11.7379725676967,255.889444430273));
#13029=CARTESIAN_POINT('Origin',(184.1,-22.4152849636135,267.415284963613));
#13030=CARTESIAN_POINT('',(184.1,-22.6274169979695,267.203152929257));
#13031=CARTESIAN_POINT('',(183.8,-22.6274169979695,266.778888860546));
#13032=CARTESIAN_POINT('',(180.2,-22.6274169979695,261.687720036002));
#13033=CARTESIAN_POINT('',(183.8,-24.4658946290546,264.940411229461));
#13034=CARTESIAN_POINT('',(183.8,-22.2031529292575,267.203152929258));
#13035=CARTESIAN_POINT('',(184.4,-25.3144227664784,264.940411229461));
#13036=CARTESIAN_POINT('',(176.975000000001,-14.8138870658583,264.940411229461));
#13037=CARTESIAN_POINT('',(184.4,-23.0516810666814,267.203152929257));
#13038=CARTESIAN_POINT('',(184.4,-22.6274169979694,267.627416997969));
#13039=CARTESIAN_POINT('',(173.366666666667,-7.44819142849843,267.203152929257));
#13040=CARTESIAN_POINT('Origin',(120.,-22.6274169979695,267.203152929257));
#13041=CARTESIAN_POINT('',(188.,-23.0516810666814,267.203152929257));
#13042=CARTESIAN_POINT('',(120.,-23.0516810666814,267.203152929257));
#13043=CARTESIAN_POINT('',(188.3,-22.6274169979695,267.203152929257));
#13044=CARTESIAN_POINT('',(176.966666666667,-38.6551707048644,267.203152929257));
#13045=CARTESIAN_POINT('',(188.,-22.2031529292575,267.203152929257));
#13046=CARTESIAN_POINT('',(184.4,-22.2031529292575,267.203152929257));
#13047=CARTESIAN_POINT('Origin',(120.,-22.6274169979695,267.627416997969));
#13048=CARTESIAN_POINT('',(180.8,-25.3144227664784,264.940411229461));
#13049=CARTESIAN_POINT('',(144.85,-25.3144227664784,264.940411229461));
#13050=CARTESIAN_POINT('',(180.8,-26.4457936163769,263.809040379562));
#13051=CARTESIAN_POINT('',(180.8,-22.6274169979694,267.627416997969));
#13052=CARTESIAN_POINT('',(191.6,-26.4457936163769,263.809040379562));
#13053=CARTESIAN_POINT('',(120.,-26.4457936163769,263.809040379562));
#13054=CARTESIAN_POINT('',(191.6,-25.3144227664783,264.940411229461));
#13055=CARTESIAN_POINT('',(191.6,-22.6274169979695,267.627416997969));
#13056=CARTESIAN_POINT('',(188.,-25.3144227664784,264.940411229461));
#13057=CARTESIAN_POINT('',(161.35,-25.3144227664784,264.940411229461));
#13058=CARTESIAN_POINT('',(188.,-22.6274169979695,267.627416997969));
#13059=CARTESIAN_POINT('Origin',(188.3,-22.4152849636135,267.415284963613));
#13060=CARTESIAN_POINT('',(188.6,-24.4658946290546,264.940411229461));
#13061=CARTESIAN_POINT('',(184.391666666667,-30.4173767040411,264.94041122946));
#13062=CARTESIAN_POINT('',(188.6,-22.6274169979695,266.778888860546));
#13063=CARTESIAN_POINT('',(188.6,-22.2031529292575,267.203152929257));
#13064=CARTESIAN_POINT('',(190.866666666667,-22.6274169979695,263.573338119167));
#13065=CARTESIAN_POINT('Origin',(188.3,-11.5258405333407,256.101576464629));
#13066=CARTESIAN_POINT('',(188.6,-11.7379725676967,255.889444430273));
#13067=CARTESIAN_POINT('',(188.6,-11.7379725676967,255.889444430273));
#13068=CARTESIAN_POINT('',(188.6,-11.7379725676967,255.889444430273));
#13069=CARTESIAN_POINT('Origin',(217.1,-22.4152849636135,267.415284963613));
#13070=CARTESIAN_POINT('',(216.8,-22.6274169979695,266.778888860546));
#13071=CARTESIAN_POINT('',(213.2,-22.6274169979695,261.687720036002));
#13072=CARTESIAN_POINT('',(216.8,-24.4658946290546,264.940411229461));
#13073=CARTESIAN_POINT('',(216.8,-22.2031529292575,267.203152929258));
#13074=CARTESIAN_POINT('',(217.4,-25.3144227664784,264.940411229461));
#13075=CARTESIAN_POINT('',(207.225000000001,-10.9247997693324,264.940411229461));
#13076=CARTESIAN_POINT('',(217.4,-22.6274169979694,267.627416997969));
#13077=CARTESIAN_POINT('Origin',(216.8,-11.3137084989848,256.313708498985));
#13078=CARTESIAN_POINT('',(216.8,-11.7379725676967,255.889444430273));
#13079=CARTESIAN_POINT('',(216.8,-6.08111831820429,250.23259018078));
#13080=CARTESIAN_POINT('',(216.8,-13.5764501987817,254.050966799188));
#13081=CARTESIAN_POINT('',(216.8,-11.3137084989848,256.313708498985));
#13082=CARTESIAN_POINT('',(216.8,-13.5764501987817,254.050966799188));
#13083=CARTESIAN_POINT('Origin',(217.1,-5.86898628384832,250.444722215136));
#13084=CARTESIAN_POINT('',(216.8,-11.7379725676967,255.889444430273));
#13085=CARTESIAN_POINT('Origin',(161.35,-24.8901586977665,264.940411229461));
#13086=CARTESIAN_POINT('',(213.8,-24.4658946290546,264.940411229461));
#13087=CARTESIAN_POINT('',(161.35,-24.4658946290546,264.940411229461));
#13088=CARTESIAN_POINT('',(213.8,-25.3144227664784,264.940411229461));
#13089=CARTESIAN_POINT('',(213.8,-24.4658946290546,264.940411229461));
#13090=CARTESIAN_POINT('',(161.35,-25.3144227664784,264.940411229461));
#13091=CARTESIAN_POINT('Origin',(213.8,-21.5667568261896,261.617009357884));
#13092=CARTESIAN_POINT('',(209.4,-21.3546247918337,261.82914139224));
#13093=CARTESIAN_POINT('',(208.8,-21.7788888605455,261.404877323528));
#13094=CARTESIAN_POINT('',(209.4,-21.3546247918337,261.82914139224));
#13095=CARTESIAN_POINT('Origin',(213.8,-21.7788888605456,261.404877323528));
#13096=CARTESIAN_POINT('Origin',(213.8,-21.3546247918337,261.82914139224));
#13097=CARTESIAN_POINT('Origin',(209.1,-14.1244579542013,254.174710485895));
#13098=CARTESIAN_POINT('',(209.4,-13.5764501987817,254.050966799188));
#13099=CARTESIAN_POINT('',(209.4,-13.9123259198453,254.386842520251));
#13100=CARTESIAN_POINT('',(208.8,-14.0007142674937,253.626702730476));
#13101=CARTESIAN_POINT('',(209.4,-13.5764501987817,254.050966799188));
#13102=CARTESIAN_POINT('',(208.8,-14.3365899885573,253.962578451539));
#13103=CARTESIAN_POINT('Origin',(202.7,-13.7885822331377,253.838834764832));
#13104=CARTESIAN_POINT('',(196.,-13.5764501987817,254.050966799188));
#13105=CARTESIAN_POINT('Origin',(202.7,-13.5764501987817,254.050966799188));
#13106=CARTESIAN_POINT('',(196.6,-14.0007142674937,253.626702730476));
#13107=CARTESIAN_POINT('',(196.,-13.5764501987817,254.050966799188));
#13108=CARTESIAN_POINT('Origin',(202.7,-14.0007142674937,253.626702730476));
#13109=CARTESIAN_POINT('Origin',(196.3,-19.7813122036937,259.831564735388));
#13110=CARTESIAN_POINT('',(196.,-21.3546247918337,261.82914139224));
#13111=CARTESIAN_POINT('',(196.,-19.5691801693377,260.043696769744));
#13112=CARTESIAN_POINT('',(196.6,-21.7788888605456,261.404877323528));
#13113=CARTESIAN_POINT('',(196.,-21.3546247918337,261.82914139224));
#13114=CARTESIAN_POINT('',(196.6,-19.9934442380497,259.619432701032));
#13115=CARTESIAN_POINT('Origin',(191.6,-21.5667568261896,261.617009357884));
#13116=CARTESIAN_POINT('',(191.6,-24.4658946290545,264.940411229461));
#13117=CARTESIAN_POINT('',(191.6,-24.4658946290545,264.940411229461));
#13118=CARTESIAN_POINT('Origin',(191.6,-21.7788888605455,261.404877323528));
#13119=CARTESIAN_POINT('Origin',(191.6,-21.3546247918337,261.82914139224));
#13120=CARTESIAN_POINT('Origin',(161.35,-24.8901586977665,264.940411229461));
#13121=CARTESIAN_POINT('',(161.35,-24.4658946290546,264.940411229461));
#13122=CARTESIAN_POINT('Origin',(202.7,-14.2482016409089,254.722718241315));
#13123=CARTESIAN_POINT('',(188.6,-13.5764501987817,254.050966799188));
#13124=CARTESIAN_POINT('Origin',(202.7,-13.5764501987817,254.050966799188));
#13125=CARTESIAN_POINT('',(188.6,-13.5764501987817,254.050966799188));
#13126=CARTESIAN_POINT('Origin',(144.85,-24.8901586977665,264.940411229461));
#13127=CARTESIAN_POINT('',(180.8,-24.4658946290546,264.940411229461));
#13128=CARTESIAN_POINT('',(144.85,-24.4658946290546,264.940411229461));
#13129=CARTESIAN_POINT('',(180.8,-24.4658946290546,264.940411229461));
#13130=CARTESIAN_POINT('Origin',(180.8,-21.5667568261896,261.617009357884));
#13131=CARTESIAN_POINT('',(176.4,-21.3546247918337,261.82914139224));
#13132=CARTESIAN_POINT('',(175.8,-21.7788888605455,261.404877323528));
#13133=CARTESIAN_POINT('',(176.4,-21.3546247918337,261.82914139224));
#13134=CARTESIAN_POINT('Origin',(180.8,-21.7788888605456,261.404877323528));
#13135=CARTESIAN_POINT('Origin',(180.8,-21.3546247918337,261.82914139224));
#13136=CARTESIAN_POINT('Origin',(176.1,-14.1244579542013,254.174710485895));
#13137=CARTESIAN_POINT('',(176.4,-13.5764501987817,254.050966799188));
#13138=CARTESIAN_POINT('',(176.4,-13.9123259198453,254.386842520251));
#13139=CARTESIAN_POINT('',(175.8,-14.0007142674937,253.626702730476));
#13140=CARTESIAN_POINT('',(176.4,-13.5764501987817,254.050966799188));
#13141=CARTESIAN_POINT('',(175.8,-14.3365899885573,253.962578451539));
#13142=CARTESIAN_POINT('Origin',(169.7,-13.7885822331377,253.838834764832));
#13143=CARTESIAN_POINT('',(163.,-13.5764501987817,254.050966799188));
#13144=CARTESIAN_POINT('Origin',(169.7,-13.5764501987817,254.050966799188));
#13145=CARTESIAN_POINT('',(163.6,-14.0007142674937,253.626702730476));
#13146=CARTESIAN_POINT('',(163.,-13.5764501987817,254.050966799188));
#13147=CARTESIAN_POINT('Origin',(169.7,-14.0007142674937,253.626702730476));
#13148=CARTESIAN_POINT('Origin',(163.3,-19.7813122036937,259.831564735388));
#13149=CARTESIAN_POINT('',(163.,-21.3546247918337,261.82914139224));
#13150=CARTESIAN_POINT('',(163.,-19.5691801693377,260.043696769744));
#13151=CARTESIAN_POINT('',(163.6,-21.7788888605456,261.404877323528));
#13152=CARTESIAN_POINT('',(163.,-21.3546247918337,261.82914139224));
#13153=CARTESIAN_POINT('',(163.6,-19.9934442380497,259.619432701032));
#13154=CARTESIAN_POINT('Origin',(158.6,-21.5667568261896,261.617009357884));
#13155=CARTESIAN_POINT('',(158.6,-24.4658946290545,264.940411229461));
#13156=CARTESIAN_POINT('',(158.6,-24.4658946290545,264.940411229461));
#13157=CARTESIAN_POINT('Origin',(158.6,-21.7788888605455,261.404877323528));
#13158=CARTESIAN_POINT('Origin',(158.6,-21.3546247918337,261.82914139224));
#13159=CARTESIAN_POINT('Origin',(144.85,-24.8901586977665,264.940411229461));
#13160=CARTESIAN_POINT('',(144.85,-24.4658946290546,264.940411229461));
#13161=CARTESIAN_POINT('Origin',(169.7,-14.2482016409089,254.722718241315));
#13162=CARTESIAN_POINT('',(183.8,-13.5764501987817,254.050966799188));
#13163=CARTESIAN_POINT('',(183.8,-13.5764501987817,254.050966799188));
#13164=CARTESIAN_POINT('',(155.6,-13.5764501987817,254.050966799188));
#13165=CARTESIAN_POINT('Origin',(169.7,-13.5764501987817,254.050966799188));
#13166=CARTESIAN_POINT('',(155.6,-13.5764501987817,254.050966799188));
#13167=CARTESIAN_POINT('Origin',(128.35,-24.8901586977665,264.940411229461));
#13168=CARTESIAN_POINT('',(147.8,-24.4658946290546,264.940411229461));
#13169=CARTESIAN_POINT('',(128.35,-24.4658946290546,264.940411229461));
#13170=CARTESIAN_POINT('',(147.8,-24.4658946290546,264.940411229461));
#13171=CARTESIAN_POINT('Origin',(147.8,-21.5667568261897,261.617009357884));
#13172=CARTESIAN_POINT('',(143.4,-21.3546247918337,261.82914139224));
#13173=CARTESIAN_POINT('',(142.8,-21.7788888605456,261.404877323528));
#13174=CARTESIAN_POINT('',(143.4,-21.3546247918337,261.82914139224));
#13175=CARTESIAN_POINT('Origin',(147.8,-21.7788888605456,261.404877323528));
#13176=CARTESIAN_POINT('Origin',(147.8,-21.3546247918337,261.82914139224));
#13177=CARTESIAN_POINT('Origin',(143.1,-14.1244579542013,254.174710485895));
#13178=CARTESIAN_POINT('',(143.4,-13.5764501987817,254.050966799188));
#13179=CARTESIAN_POINT('',(143.4,-13.9123259198453,254.386842520251));
#13180=CARTESIAN_POINT('',(142.8,-14.0007142674937,253.626702730476));
#13181=CARTESIAN_POINT('',(143.4,-13.5764501987817,254.050966799188));
#13182=CARTESIAN_POINT('',(142.8,-14.3365899885573,253.962578451539));
#13183=CARTESIAN_POINT('Origin',(136.7,-13.7885822331377,253.838834764832));
#13184=CARTESIAN_POINT('',(130.,-13.5764501987817,254.050966799188));
#13185=CARTESIAN_POINT('Origin',(136.7,-13.5764501987817,254.050966799188));
#13186=CARTESIAN_POINT('',(130.6,-14.0007142674937,253.626702730476));
#13187=CARTESIAN_POINT('',(130.,-13.5764501987817,254.050966799188));
#13188=CARTESIAN_POINT('Origin',(136.7,-14.0007142674937,253.626702730476));
#13189=CARTESIAN_POINT('Origin',(130.3,-19.7813122036937,259.831564735388));
#13190=CARTESIAN_POINT('',(130.,-21.3546247918337,261.82914139224));
#13191=CARTESIAN_POINT('',(130.,-19.5691801693377,260.043696769744));
#13192=CARTESIAN_POINT('',(130.6,-21.7788888605456,261.404877323528));
#13193=CARTESIAN_POINT('',(130.,-21.3546247918337,261.82914139224));
#13194=CARTESIAN_POINT('',(130.6,-19.9934442380497,259.619432701032));
#13195=CARTESIAN_POINT('Origin',(125.6,-21.5667568261896,261.617009357884));
#13196=CARTESIAN_POINT('',(125.6,-24.4658946290545,264.940411229461));
#13197=CARTESIAN_POINT('',(125.6,-24.4658946290545,264.940411229461));
#13198=CARTESIAN_POINT('Origin',(125.6,-21.7788888605455,261.404877323528));
#13199=CARTESIAN_POINT('Origin',(125.6,-21.3546247918337,261.82914139224));
#13200=CARTESIAN_POINT('Origin',(128.35,-24.8901586977665,264.940411229461));
#13201=CARTESIAN_POINT('',(128.35,-24.4658946290546,264.940411229461));
#13202=CARTESIAN_POINT('Origin',(136.7,-14.2482016409089,254.722718241315));
#13203=CARTESIAN_POINT('',(150.8,-13.5764501987817,254.050966799188));
#13204=CARTESIAN_POINT('',(150.8,-13.5764501987817,254.050966799188));
#13205=CARTESIAN_POINT('',(122.6,-13.5764501987817,254.050966799188));
#13206=CARTESIAN_POINT('Origin',(136.7,-13.5764501987817,254.050966799188));
#13207=CARTESIAN_POINT('',(122.6,-13.5764501987817,254.050966799188));
#13208=CARTESIAN_POINT('Origin',(111.85,-24.8901586977665,264.940411229461));
#13209=CARTESIAN_POINT('',(114.8,-24.4658946290546,264.940411229461));
#13210=CARTESIAN_POINT('',(111.85,-24.4658946290546,264.940411229461));
#13211=CARTESIAN_POINT('',(114.8,-24.4658946290546,264.940411229461));
#13212=CARTESIAN_POINT('Origin',(114.8,-21.5667568261897,261.617009357884));
#13213=CARTESIAN_POINT('',(110.4,-21.3546247918337,261.82914139224));
#13214=CARTESIAN_POINT('',(109.8,-21.7788888605456,261.404877323528));
#13215=CARTESIAN_POINT('',(110.4,-21.3546247918337,261.82914139224));
#13216=CARTESIAN_POINT('Origin',(114.8,-21.7788888605456,261.404877323528));
#13217=CARTESIAN_POINT('Origin',(114.8,-21.3546247918337,261.82914139224));
#13218=CARTESIAN_POINT('Origin',(110.1,-14.1244579542013,254.174710485895));
#13219=CARTESIAN_POINT('',(110.4,-13.5764501987817,254.050966799188));
#13220=CARTESIAN_POINT('',(110.4,-13.9123259198453,254.386842520251));
#13221=CARTESIAN_POINT('',(109.8,-14.0007142674937,253.626702730476));
#13222=CARTESIAN_POINT('',(110.4,-13.5764501987817,254.050966799188));
#13223=CARTESIAN_POINT('',(109.8,-14.3365899885573,253.962578451539));
#13224=CARTESIAN_POINT('Origin',(103.7,-13.7885822331377,253.838834764832));
#13225=CARTESIAN_POINT('',(97.,-13.5764501987817,254.050966799188));
#13226=CARTESIAN_POINT('Origin',(103.7,-13.5764501987817,254.050966799188));
#13227=CARTESIAN_POINT('',(97.6,-14.0007142674937,253.626702730476));
#13228=CARTESIAN_POINT('',(97.,-13.5764501987817,254.050966799188));
#13229=CARTESIAN_POINT('Origin',(103.7,-14.0007142674937,253.626702730476));
#13230=CARTESIAN_POINT('Origin',(97.3,-19.7813122036937,259.831564735388));
#13231=CARTESIAN_POINT('',(97.,-21.3546247918337,261.82914139224));
#13232=CARTESIAN_POINT('',(97.,-19.5691801693377,260.043696769744));
#13233=CARTESIAN_POINT('',(97.6,-21.7788888605456,261.404877323528));
#13234=CARTESIAN_POINT('',(97.,-21.3546247918337,261.82914139224));
#13235=CARTESIAN_POINT('',(97.6,-19.9934442380497,259.619432701032));
#13236=CARTESIAN_POINT('Origin',(92.6,-21.5667568261896,261.617009357884));
#13237=CARTESIAN_POINT('',(92.6,-24.4658946290545,264.940411229461));
#13238=CARTESIAN_POINT('',(92.6,-24.4658946290545,264.940411229461));
#13239=CARTESIAN_POINT('Origin',(92.6,-21.7788888605455,261.404877323528));
#13240=CARTESIAN_POINT('Origin',(92.6,-21.3546247918337,261.82914139224));
#13241=CARTESIAN_POINT('Origin',(111.85,-24.8901586977665,264.940411229461));
#13242=CARTESIAN_POINT('',(111.85,-24.4658946290546,264.940411229461));
#13243=CARTESIAN_POINT('Origin',(103.7,-14.2482016409089,254.722718241315));
#13244=CARTESIAN_POINT('',(117.8,-13.5764501987817,254.050966799188));
#13245=CARTESIAN_POINT('',(117.8,-13.5764501987817,254.050966799188));
#13246=CARTESIAN_POINT('',(89.6,-13.5764501987817,254.050966799188));
#13247=CARTESIAN_POINT('Origin',(103.7,-13.5764501987817,254.050966799188));
#13248=CARTESIAN_POINT('',(89.6,-13.5764501987817,254.050966799188));
#13249=CARTESIAN_POINT('Origin',(95.35,-24.8901586977665,264.940411229461));
#13250=CARTESIAN_POINT('',(81.8,-24.4658946290546,264.940411229461));
#13251=CARTESIAN_POINT('',(95.35,-24.4658946290546,264.940411229461));
#13252=CARTESIAN_POINT('',(81.8,-24.4658946290546,264.940411229461));
#13253=CARTESIAN_POINT('Origin',(81.8,-21.5667568261897,261.617009357884));
#13254=CARTESIAN_POINT('',(77.4,-21.3546247918337,261.82914139224));
#13255=CARTESIAN_POINT('',(76.8,-21.7788888605456,261.404877323528));
#13256=CARTESIAN_POINT('',(77.4,-21.3546247918337,261.82914139224));
#13257=CARTESIAN_POINT('Origin',(81.8,-21.7788888605456,261.404877323528));
#13258=CARTESIAN_POINT('Origin',(81.8,-21.3546247918337,261.82914139224));
#13259=CARTESIAN_POINT('Origin',(77.1,-14.1244579542013,254.174710485895));
#13260=CARTESIAN_POINT('',(77.4,-13.5764501987817,254.050966799188));
#13261=CARTESIAN_POINT('',(77.4,-13.9123259198453,254.386842520251));
#13262=CARTESIAN_POINT('',(76.8,-14.0007142674937,253.626702730476));
#13263=CARTESIAN_POINT('',(77.4,-13.5764501987817,254.050966799188));
#13264=CARTESIAN_POINT('',(76.8,-14.3365899885573,253.962578451539));
#13265=CARTESIAN_POINT('Origin',(70.7,-13.7885822331377,253.838834764832));
#13266=CARTESIAN_POINT('',(64.,-13.5764501987817,254.050966799188));
#13267=CARTESIAN_POINT('Origin',(70.7,-13.5764501987817,254.050966799188));
#13268=CARTESIAN_POINT('',(64.6,-14.0007142674937,253.626702730476));
#13269=CARTESIAN_POINT('',(64.,-13.5764501987817,254.050966799188));
#13270=CARTESIAN_POINT('Origin',(70.7,-14.0007142674937,253.626702730476));
#13271=CARTESIAN_POINT('Origin',(64.3,-19.7813122036937,259.831564735388));
#13272=CARTESIAN_POINT('',(64.,-21.3546247918337,261.82914139224));
#13273=CARTESIAN_POINT('',(64.,-19.5691801693377,260.043696769744));
#13274=CARTESIAN_POINT('',(64.6,-21.7788888605456,261.404877323528));
#13275=CARTESIAN_POINT('',(64.,-21.3546247918337,261.82914139224));
#13276=CARTESIAN_POINT('',(64.6,-19.9934442380497,259.619432701032));
#13277=CARTESIAN_POINT('Origin',(59.6,-21.5667568261896,261.617009357884));
#13278=CARTESIAN_POINT('',(59.6,-24.4658946290545,264.940411229461));
#13279=CARTESIAN_POINT('',(59.6,-24.4658946290545,264.940411229461));
#13280=CARTESIAN_POINT('Origin',(59.6,-21.7788888605455,261.404877323528));
#13281=CARTESIAN_POINT('Origin',(59.6,-21.3546247918337,261.82914139224));
#13282=CARTESIAN_POINT('Origin',(95.35,-24.8901586977665,264.940411229461));
#13283=CARTESIAN_POINT('',(95.35,-24.4658946290546,264.940411229461));
#13284=CARTESIAN_POINT('Origin',(70.7,-14.2482016409089,254.722718241315));
#13285=CARTESIAN_POINT('',(84.8,-13.5764501987817,254.050966799188));
#13286=CARTESIAN_POINT('',(84.8,-13.5764501987817,254.050966799188));
#13287=CARTESIAN_POINT('',(56.6,-13.5764501987817,254.050966799188));
#13288=CARTESIAN_POINT('Origin',(70.7,-13.5764501987817,254.050966799188));
#13289=CARTESIAN_POINT('',(56.6,-13.5764501987817,254.050966799188));
#13290=CARTESIAN_POINT('Origin',(78.85,-24.8901586977665,264.940411229461));
#13291=CARTESIAN_POINT('',(48.8,-24.4658946290546,264.940411229461));
#13292=CARTESIAN_POINT('',(78.85,-24.4658946290546,264.940411229461));
#13293=CARTESIAN_POINT('',(48.8,-24.4658946290546,264.940411229461));
#13294=CARTESIAN_POINT('Origin',(48.8,-21.5667568261897,261.617009357884));
#13295=CARTESIAN_POINT('',(44.4,-21.3546247918337,261.82914139224));
#13296=CARTESIAN_POINT('',(43.8,-21.7788888605456,261.404877323528));
#13297=CARTESIAN_POINT('',(44.4,-21.3546247918337,261.82914139224));
#13298=CARTESIAN_POINT('Origin',(48.8,-21.7788888605456,261.404877323528));
#13299=CARTESIAN_POINT('Origin',(48.8,-21.3546247918337,261.82914139224));
#13300=CARTESIAN_POINT('Origin',(44.1,-14.1244579542013,254.174710485895));
#13301=CARTESIAN_POINT('',(44.4,-13.5764501987817,254.050966799188));
#13302=CARTESIAN_POINT('',(44.4,-13.9123259198453,254.386842520251));
#13303=CARTESIAN_POINT('',(43.8,-14.0007142674937,253.626702730476));
#13304=CARTESIAN_POINT('',(44.4,-13.5764501987817,254.050966799188));
#13305=CARTESIAN_POINT('',(43.8,-14.3365899885573,253.962578451539));
#13306=CARTESIAN_POINT('Origin',(37.7,-13.7885822331377,253.838834764832));
#13307=CARTESIAN_POINT('',(31.,-13.5764501987817,254.050966799188));
#13308=CARTESIAN_POINT('Origin',(37.7,-13.5764501987817,254.050966799188));
#13309=CARTESIAN_POINT('',(31.6,-14.0007142674937,253.626702730476));
#13310=CARTESIAN_POINT('',(31.,-13.5764501987817,254.050966799188));
#13311=CARTESIAN_POINT('Origin',(37.7,-14.0007142674937,253.626702730476));
#13312=CARTESIAN_POINT('Origin',(31.3,-19.7813122036937,259.831564735388));
#13313=CARTESIAN_POINT('',(31.,-21.3546247918337,261.82914139224));
#13314=CARTESIAN_POINT('',(31.,-19.5691801693377,260.043696769744));
#13315=CARTESIAN_POINT('',(31.6,-21.7788888605456,261.404877323528));
#13316=CARTESIAN_POINT('',(31.,-21.3546247918337,261.82914139224));
#13317=CARTESIAN_POINT('',(31.6,-19.9934442380497,259.619432701032));
#13318=CARTESIAN_POINT('Origin',(26.6,-21.5667568261896,261.617009357884));
#13319=CARTESIAN_POINT('',(26.6,-24.4658946290545,264.940411229461));
#13320=CARTESIAN_POINT('',(26.6,-24.4658946290545,264.940411229461));
#13321=CARTESIAN_POINT('Origin',(26.6,-21.7788888605455,261.404877323528));
#13322=CARTESIAN_POINT('Origin',(26.6,-21.3546247918337,261.82914139224));
#13323=CARTESIAN_POINT('Origin',(78.85,-24.8901586977665,264.940411229461));
#13324=CARTESIAN_POINT('',(78.85,-24.4658946290546,264.940411229461));
#13325=CARTESIAN_POINT('Origin',(37.7,-14.2482016409089,254.722718241315));
#13326=CARTESIAN_POINT('',(51.8,-13.5764501987817,254.050966799188));
#13327=CARTESIAN_POINT('',(51.8,-13.5764501987817,254.050966799188));
#13328=CARTESIAN_POINT('',(23.6,-13.5764501987817,254.050966799188));
#13329=CARTESIAN_POINT('Origin',(37.7,-13.5764501987817,254.050966799188));
#13330=CARTESIAN_POINT('',(23.6,-13.5764501987817,254.050966799188));
#13331=CARTESIAN_POINT('Origin',(202.7,-11.5258405333407,256.101576464629));
#13332=CARTESIAN_POINT('Origin',(202.7,-11.7379725676967,255.889444430273));
#13333=CARTESIAN_POINT('Origin',(169.7,-11.5258405333407,256.101576464629));
#13334=CARTESIAN_POINT('',(183.8,-11.7379725676967,255.889444430273));
#13335=CARTESIAN_POINT('',(183.8,-11.7379725676967,255.889444430273));
#13336=CARTESIAN_POINT('Origin',(169.7,-11.7379725676967,255.889444430273));
#13337=CARTESIAN_POINT('Origin',(184.1,-5.86898628384834,250.444722215136));
#13338=CARTESIAN_POINT('',(183.8,-6.0811183182043,250.23259018078));
#13339=CARTESIAN_POINT('Origin',(136.7,-11.5258405333407,256.101576464629));
#13340=CARTESIAN_POINT('',(150.8,-11.7379725676967,255.889444430273));
#13341=CARTESIAN_POINT('',(150.8,-11.7379725676967,255.889444430273));
#13342=CARTESIAN_POINT('Origin',(136.7,-11.7379725676967,255.889444430273));
#13343=CARTESIAN_POINT('Origin',(151.1,-5.86898628384834,250.444722215136));
#13344=CARTESIAN_POINT('',(150.8,-6.0811183182043,250.23259018078));
#13345=CARTESIAN_POINT('Origin',(103.7,-11.5258405333407,256.101576464629));
#13346=CARTESIAN_POINT('',(117.8,-11.7379725676967,255.889444430273));
#13347=CARTESIAN_POINT('',(117.8,-11.7379725676967,255.889444430273));
#13348=CARTESIAN_POINT('Origin',(103.7,-11.7379725676967,255.889444430273));
#13349=CARTESIAN_POINT('Origin',(118.1,-5.86898628384835,250.444722215136));
#13350=CARTESIAN_POINT('',(117.8,-6.08111831820431,250.23259018078));
#13351=CARTESIAN_POINT('Origin',(70.7,-11.5258405333407,256.101576464629));
#13352=CARTESIAN_POINT('',(84.8,-11.7379725676967,255.889444430273));
#13353=CARTESIAN_POINT('',(84.8,-11.7379725676967,255.889444430273));
#13354=CARTESIAN_POINT('Origin',(70.7,-11.7379725676967,255.889444430273));
#13355=CARTESIAN_POINT('Origin',(85.1,-5.86898628384835,250.444722215136));
#13356=CARTESIAN_POINT('',(84.8,-6.08111831820432,250.23259018078));
#13357=CARTESIAN_POINT('Origin',(37.7,-11.5258405333407,256.101576464629));
#13358=CARTESIAN_POINT('',(51.8,-11.7379725676967,255.889444430273));
#13359=CARTESIAN_POINT('',(51.8,-11.7379725676967,255.889444430273));
#13360=CARTESIAN_POINT('Origin',(37.7,-11.7379725676967,255.889444430273));
#13361=CARTESIAN_POINT('Origin',(52.1,-5.86898628384836,250.444722215136));
#13362=CARTESIAN_POINT('',(51.8,-6.08111831820433,250.23259018078));
#13363=CARTESIAN_POINT('Origin',(202.7,-11.3137084989848,256.313708498985));
#13364=CARTESIAN_POINT('',(188.6,-11.3137084989848,256.313708498985));
#13365=CARTESIAN_POINT('Origin',(188.6,-22.6274169979695,267.62741699797));
#13366=CARTESIAN_POINT('Origin',(183.8,-11.3137084989848,256.313708498985));
#13367=CARTESIAN_POINT('',(183.8,-11.3137084989848,256.313708498985));
#13368=CARTESIAN_POINT('Origin',(169.7,-11.3137084989848,256.313708498985));
#13369=CARTESIAN_POINT('',(155.6,-11.3137084989848,256.313708498985));
#13370=CARTESIAN_POINT('Origin',(155.6,-22.6274169979695,267.62741699797));
#13371=CARTESIAN_POINT('Origin',(150.8,-11.3137084989848,256.313708498985));
#13372=CARTESIAN_POINT('',(150.8,-11.3137084989848,256.313708498985));
#13373=CARTESIAN_POINT('Origin',(136.7,-11.3137084989848,256.313708498985));
#13374=CARTESIAN_POINT('',(122.6,-11.3137084989848,256.313708498985));
#13375=CARTESIAN_POINT('Origin',(122.6,-22.6274169979695,267.62741699797));
#13376=CARTESIAN_POINT('Origin',(117.8,-11.3137084989848,256.313708498985));
#13377=CARTESIAN_POINT('',(117.8,-11.3137084989848,256.313708498985));
#13378=CARTESIAN_POINT('Origin',(103.7,-11.3137084989848,256.313708498985));
#13379=CARTESIAN_POINT('',(89.6,-11.3137084989848,256.313708498985));
#13380=CARTESIAN_POINT('Origin',(89.6,-22.6274169979695,267.62741699797));
#13381=CARTESIAN_POINT('Origin',(84.8,-11.3137084989848,256.313708498985));
#13382=CARTESIAN_POINT('',(84.8,-11.3137084989848,256.313708498985));
#13383=CARTESIAN_POINT('Origin',(70.7,-11.3137084989848,256.313708498985));
#13384=CARTESIAN_POINT('',(56.6,-11.3137084989848,256.313708498985));
#13385=CARTESIAN_POINT('Origin',(56.6,-22.6274169979695,267.62741699797));
#13386=CARTESIAN_POINT('Origin',(51.8,-11.3137084989848,256.313708498985));
#13387=CARTESIAN_POINT('',(51.8,-11.3137084989848,256.313708498985));
#13388=CARTESIAN_POINT('Origin',(37.7,-11.3137084989848,256.313708498985));
#13389=CARTESIAN_POINT('',(23.6,-11.3137084989848,256.313708498985));
#13390=CARTESIAN_POINT('Origin',(23.6,-22.6274169979695,267.62741699797));
#13391=CARTESIAN_POINT('Ctrl Pts',(223.4,-10.6320851173921,247.146803743153));
#13392=CARTESIAN_POINT('Ctrl Pts',(222.599862061712,-10.6320851173921,247.146803743153));
#13393=CARTESIAN_POINT('Ctrl Pts',(221.014819546246,-11.0048641017852,247.519582727546));
#13394=CARTESIAN_POINT('Ctrl Pts',(218.611805715298,-12.9280733170408,249.442791942802));
#13395=CARTESIAN_POINT('Ctrl Pts',(217.992094556524,-15.732269303185,252.246987928946));
#13396=CARTESIAN_POINT('Ctrl Pts',(219.062296461507,-18.453926158368,254.968644784129));
#13397=CARTESIAN_POINT('Ctrl Pts',(220.556619732004,-19.8691158135691,256.38383443933));
#13398=CARTESIAN_POINT('Ctrl Pts',(222.58669343666,-20.4999983917053,257.014717017467));
#13399=CARTESIAN_POINT('Ctrl Pts',(224.213140318766,-20.5005856719354,257.015304297697));
#13400=CARTESIAN_POINT('Ctrl Pts',(225.987589715901,-19.9480479288022,256.462766554563));
#13401=CARTESIAN_POINT('Ctrl Pts',(227.578858843952,-18.6644046043468,255.179123230108));
#13402=CARTESIAN_POINT('Ctrl Pts',(228.539247129573,-16.6589630941876,253.173681719949));
#13403=CARTESIAN_POINT('Ctrl Pts',(228.539339410718,-14.4544710952513,250.969189721013));
#13404=CARTESIAN_POINT('Ctrl Pts',(227.578832867636,-12.4493118866262,248.964030512387));
#13405=CARTESIAN_POINT('Ctrl Pts',(225.788969222532,-11.0038977128697,247.518616338631));
#13406=CARTESIAN_POINT('Ctrl Pts',(224.200137938288,-10.6320851173921,247.146803743153));
#13407=CARTESIAN_POINT('Ctrl Pts',(223.4,-10.6320851173921,247.146803743153));
#13408=CARTESIAN_POINT('Ctrl Pts',(223.4,-10.5735064736294,247.288225099391));
#13409=CARTESIAN_POINT('Ctrl Pts',(222.612255302517,-10.5735064736294,247.288225099391));
#13410=CARTESIAN_POINT('Ctrl Pts',(221.053054495886,-10.9404656987915,247.672023043152));
#13411=CARTESIAN_POINT('Ctrl Pts',(218.7302876207,-12.8343115630236,249.624613330359));
#13412=CARTESIAN_POINT('Ctrl Pts',(218.213993958188,-15.5929800196964,252.398916613138));
#13413=CARTESIAN_POINT('Ctrl Pts',(219.331002731947,-18.2383389561178,255.010021891949));
#13414=CARTESIAN_POINT('Ctrl Pts',(220.792244663963,-19.5820318329302,256.316730611039));
#13415=CARTESIAN_POINT('Ctrl Pts',(222.663440904116,-20.1571164301644,256.871179020195));
#13416=CARTESIAN_POINT('Ctrl Pts',(224.136620857474,-20.157764870736,256.87189969656));
#13417=CARTESIAN_POINT('Ctrl Pts',(225.771765001585,-19.6531650254841,256.385046804591));
#13418=CARTESIAN_POINT('Ctrl Pts',(227.309127547726,-18.4406687168707,255.207617983594));
#13419=CARTESIAN_POINT('Ctrl Pts',(228.298043261135,-16.4958515918619,253.292801877942));
#13420=CARTESIAN_POINT('Ctrl Pts',(228.365304823595,-14.3358807972546,251.136048952251));
#13421=CARTESIAN_POINT('Ctrl Pts',(227.47978377018,-12.3628894043632,249.137550856923));
#13422=CARTESIAN_POINT('Ctrl Pts',(225.750978196732,-10.9395167244384,247.671430535387));
#13423=CARTESIAN_POINT('Ctrl Pts',(224.187744697483,-10.5735064736294,247.288225099391));
#13424=CARTESIAN_POINT('Ctrl Pts',(223.4,-10.5735064736294,247.288225099391));
#13425=CARTESIAN_POINT('Ctrl Pts',(223.4,-10.5149278298667,247.429646455628));
#13426=CARTESIAN_POINT('Ctrl Pts',(222.624648543323,-10.5149278298667,247.429646455628));
#13427=CARTESIAN_POINT('Ctrl Pts',(221.091289445525,-10.8760672957978,247.824463358758));
#13428=CARTESIAN_POINT('Ctrl Pts',(218.848769526101,-12.7405498090065,249.806434717917));
#13429=CARTESIAN_POINT('Ctrl Pts',(218.435893359851,-15.4536907362078,252.55084529733));
#13430=CARTESIAN_POINT('Ctrl Pts',(219.599709002387,-18.0227517538676,255.051398999769));
#13431=CARTESIAN_POINT('Ctrl Pts',(221.027869595922,-19.2949478522912,256.249626782747));
#13432=CARTESIAN_POINT('Ctrl Pts',(222.740188371573,-19.8142344686234,256.727641022923));
#13433=CARTESIAN_POINT('Ctrl Pts',(224.060101396183,-19.8149440695366,256.728495095422));
#13434=CARTESIAN_POINT('Ctrl Pts',(225.555940287269,-19.358282122166,256.307327054617));
#13435=CARTESIAN_POINT('Ctrl Pts',(227.0393962515,-18.2169328293945,255.23611273708));
#13436=CARTESIAN_POINT('Ctrl Pts',(228.056839392698,-16.3327400895361,253.411922035934));
#13437=CARTESIAN_POINT('Ctrl Pts',(228.191270236473,-14.2172904992579,251.302908183489));
#13438=CARTESIAN_POINT('Ctrl Pts',(227.380734672724,-12.2764669221001,249.311071201458));
#13439=CARTESIAN_POINT('Ctrl Pts',(225.712987170933,-10.875135736007,247.824244732142));
#13440=CARTESIAN_POINT('Ctrl Pts',(224.175351456677,-10.5149278298667,247.429646455628));
#13441=CARTESIAN_POINT('Ctrl Pts',(223.4,-10.5149278298667,247.429646455628));
#13442=CARTESIAN_POINT('Ctrl Pts',(223.4,-10.456349186104,247.571067811865));
#13443=CARTESIAN_POINT('Ctrl Pts',(222.637041784128,-10.456349186104,247.571067811865));
#13444=CARTESIAN_POINT('Ctrl Pts',(221.129524395164,-10.8116688928041,247.976903674363));
#13445=CARTESIAN_POINT('Ctrl Pts',(218.967251431502,-12.6467880549894,249.988256105474));
#13446=CARTESIAN_POINT('Ctrl Pts',(218.657792761515,-15.3144014527192,252.702773981522));
#13447=CARTESIAN_POINT('Ctrl Pts',(219.868415272827,-17.8071645516174,255.092776107588));
#13448=CARTESIAN_POINT('Ctrl Pts',(221.263494527882,-19.0078638716523,256.182522954456));
#13449=CARTESIAN_POINT('Ctrl Pts',(222.816935839029,-19.4713525070825,256.584103025651));
#13450=CARTESIAN_POINT('Ctrl Pts',(223.983581934892,-19.4721232683372,256.585090494285));
#13451=CARTESIAN_POINT('Ctrl Pts',(225.340115572953,-19.0633992188479,256.229607304645));
#13452=CARTESIAN_POINT('Ctrl Pts',(226.769664955274,-17.9931969419184,255.264607490566));
#13453=CARTESIAN_POINT('Ctrl Pts',(227.81563552426,-16.1696285872104,253.531042193927));
#13454=CARTESIAN_POINT('Ctrl Pts',(228.01723564935,-14.0987002012612,251.469767414727));
#13455=CARTESIAN_POINT('Ctrl Pts',(227.281685575269,-12.190044439837,249.484591545993));
#13456=CARTESIAN_POINT('Ctrl Pts',(225.674996145134,-10.8107547475756,247.977058928898));
#13457=CARTESIAN_POINT('Ctrl Pts',(224.162958215872,-10.456349186104,247.571067811865));
#13458=CARTESIAN_POINT('Ctrl Pts',(223.4,-10.456349186104,247.571067811865));
#13459=CARTESIAN_POINT('',(223.4,-10.6320851173921,247.146803743153));
#13460=CARTESIAN_POINT('',(223.4,-10.456349186104,247.571067811865));
#13461=CARTESIAN_POINT('',(223.4,-10.6320851173921,247.146803743153));
#13462=CARTESIAN_POINT('',(227.899436464055,-14.7083454204118,252.071147786665));
#13463=CARTESIAN_POINT('Ctrl Pts',(223.4,-10.456349186104,247.571067811865));
#13464=CARTESIAN_POINT('Ctrl Pts',(222.637041784128,-10.456349186104,247.571067811865));
#13465=CARTESIAN_POINT('Ctrl Pts',(221.129524395164,-10.8116688928041,247.976903674363));
#13466=CARTESIAN_POINT('Ctrl Pts',(218.967251431502,-12.6467880549894,249.988256105474));
#13467=CARTESIAN_POINT('Ctrl Pts',(218.657792761515,-15.3144014527192,252.702773981522));
#13468=CARTESIAN_POINT('Ctrl Pts',(219.868415272827,-17.8071645516174,255.092776107588));
#13469=CARTESIAN_POINT('Ctrl Pts',(221.263494527882,-19.0078638716523,256.182522954456));
#13470=CARTESIAN_POINT('Ctrl Pts',(222.816935839029,-19.4713525070825,256.584103025651));
#13471=CARTESIAN_POINT('Ctrl Pts',(223.983581934892,-19.4721232683372,256.585090494285));
#13472=CARTESIAN_POINT('Ctrl Pts',(225.340115572953,-19.0633992188479,256.229607304645));
#13473=CARTESIAN_POINT('Ctrl Pts',(226.769664955274,-17.9931969419184,255.264607490566));
#13474=CARTESIAN_POINT('Ctrl Pts',(227.714455705255,-16.3460277341296,253.698735079509));
#13475=CARTESIAN_POINT('Ctrl Pts',(227.899181362606,-15.1861917687228,252.551045693048));
#13476=CARTESIAN_POINT('Ctrl Pts',(227.899436464055,-14.7083454204118,252.071147786665));
#13477=CARTESIAN_POINT('Ctrl Pts',(227.899436464055,-14.7083454204118,252.071147786665));
#13478=CARTESIAN_POINT('Ctrl Pts',(227.899540761078,-14.5129801955939,251.87494379201));
#13479=CARTESIAN_POINT('Ctrl Pts',(227.843204220039,-13.6471115169192,251.000074043681));
#13480=CARTESIAN_POINT('Ctrl Pts',(227.281685575269,-12.190044439837,249.484591545993));
#13481=CARTESIAN_POINT('Ctrl Pts',(225.674996145134,-10.8107547475756,247.977058928898));
#13482=CARTESIAN_POINT('Ctrl Pts',(224.162958215872,-10.456349186104,247.571067811865));
#13483=CARTESIAN_POINT('Ctrl Pts',(223.4,-10.456349186104,247.571067811865));
#13484=CARTESIAN_POINT('Ctrl Pts',(223.4,-10.6320851173921,247.146803743153));
#13485=CARTESIAN_POINT('Ctrl Pts',(224.200137938288,-10.6320851173921,247.146803743153));
#13486=CARTESIAN_POINT('Ctrl Pts',(225.788969222532,-11.0038977128697,247.518616338631));
#13487=CARTESIAN_POINT('Ctrl Pts',(227.578832867636,-12.4493118866262,248.964030512387));
#13488=CARTESIAN_POINT('Ctrl Pts',(228.539339410718,-14.4544710952513,250.969189721013));
#13489=CARTESIAN_POINT('Ctrl Pts',(228.539247129573,-16.6589630941876,253.173681719949));
#13490=CARTESIAN_POINT('Ctrl Pts',(227.578858843952,-18.6644046043468,255.179123230108));
#13491=CARTESIAN_POINT('Ctrl Pts',(225.987589715901,-19.9480479288022,256.462766554563));
#13492=CARTESIAN_POINT('Ctrl Pts',(224.213140318766,-20.5005856719354,257.015304297697));
#13493=CARTESIAN_POINT('Ctrl Pts',(222.58669343666,-20.4999983917053,257.014717017467));
#13494=CARTESIAN_POINT('Ctrl Pts',(220.556619732004,-19.8691158135691,256.38383443933));
#13495=CARTESIAN_POINT('Ctrl Pts',(219.062296461507,-18.453926158368,254.968644784129));
#13496=CARTESIAN_POINT('Ctrl Pts',(217.992094556524,-15.732269303185,252.246987928946));
#13497=CARTESIAN_POINT('Ctrl Pts',(218.611805715298,-12.9280733170408,249.442791942802));
#13498=CARTESIAN_POINT('Ctrl Pts',(221.014819546246,-11.0048641017852,247.519582727546));
#13499=CARTESIAN_POINT('Ctrl Pts',(222.599862061712,-10.6320851173921,247.146803743153));
#13500=CARTESIAN_POINT('Ctrl Pts',(223.4,-10.6320851173921,247.146803743153));
#13501=CARTESIAN_POINT('Origin',(120.,-26.8700576850888,263.38477631085));
#13502=CARTESIAN_POINT('',(229.4,-4.66690475583124,241.181623381593));
#13503=CARTESIAN_POINT('',(10.6,-4.66690475583124,241.181623381593));
#13504=CARTESIAN_POINT('',(120.,-4.66690475583124,241.181623381593));
#13505=CARTESIAN_POINT('',(229.4,-26.4457936163769,262.960512242138));
#13506=CARTESIAN_POINT('',(229.4,-21.2132034355964,257.727922061358));
#13507=CARTESIAN_POINT('',(213.8,-26.4457936163769,262.960512242138));
#13508=CARTESIAN_POINT('',(120.,-26.4457936163769,262.960512242138));
#13509=CARTESIAN_POINT('',(209.4,-23.3345237791561,259.849242404917));
#13510=CARTESIAN_POINT('Origin',(213.8,-23.3345237791561,259.849242404917));
#13511=CARTESIAN_POINT('',(209.4,-15.5563491861041,252.071067811865));
#13512=CARTESIAN_POINT('',(209.4,-21.2132034355964,257.727922061358));
#13513=CARTESIAN_POINT('',(196.,-15.5563491861041,252.071067811865));
#13514=CARTESIAN_POINT('Origin',(202.7,-15.5563491861041,252.071067811865));
#13515=CARTESIAN_POINT('',(196.,-23.3345237791561,259.849242404917));
#13516=CARTESIAN_POINT('',(196.,-26.8700576850888,263.38477631085));
#13517=CARTESIAN_POINT('',(191.6,-26.4457936163769,262.960512242138));
#13518=CARTESIAN_POINT('Origin',(191.6,-23.3345237791561,259.849242404917));
#13519=CARTESIAN_POINT('',(180.8,-26.4457936163769,262.960512242138));
#13520=CARTESIAN_POINT('',(120.,-26.4457936163769,262.960512242138));
#13521=CARTESIAN_POINT('',(176.4,-23.3345237791561,259.849242404917));
#13522=CARTESIAN_POINT('Origin',(180.8,-23.3345237791561,259.849242404917));
#13523=CARTESIAN_POINT('',(176.4,-15.5563491861041,252.071067811865));
#13524=CARTESIAN_POINT('',(176.4,-21.2132034355964,257.727922061358));
#13525=CARTESIAN_POINT('',(163.,-15.5563491861041,252.071067811865));
#13526=CARTESIAN_POINT('Origin',(169.7,-15.5563491861041,252.071067811865));
#13527=CARTESIAN_POINT('',(163.,-23.3345237791561,259.849242404917));
#13528=CARTESIAN_POINT('',(163.,-26.8700576850888,263.38477631085));
#13529=CARTESIAN_POINT('',(158.6,-26.4457936163769,262.960512242138));
#13530=CARTESIAN_POINT('Origin',(158.6,-23.3345237791561,259.849242404917));
#13531=CARTESIAN_POINT('',(147.8,-26.4457936163769,262.960512242138));
#13532=CARTESIAN_POINT('',(120.,-26.4457936163769,262.960512242138));
#13533=CARTESIAN_POINT('',(143.4,-23.3345237791561,259.849242404917));
#13534=CARTESIAN_POINT('Origin',(147.8,-23.3345237791561,259.849242404917));
#13535=CARTESIAN_POINT('',(143.4,-15.5563491861041,252.071067811865));
#13536=CARTESIAN_POINT('',(143.4,-21.2132034355964,257.727922061358));
#13537=CARTESIAN_POINT('',(130.,-15.5563491861041,252.071067811865));
#13538=CARTESIAN_POINT('Origin',(136.7,-15.5563491861041,252.071067811865));
#13539=CARTESIAN_POINT('',(130.,-23.3345237791561,259.849242404917));
#13540=CARTESIAN_POINT('',(130.,-26.8700576850888,263.38477631085));
#13541=CARTESIAN_POINT('',(125.6,-26.4457936163769,262.960512242138));
#13542=CARTESIAN_POINT('Origin',(125.6,-23.3345237791561,259.849242404917));
#13543=CARTESIAN_POINT('',(114.8,-26.4457936163769,262.960512242138));
#13544=CARTESIAN_POINT('',(120.,-26.4457936163769,262.960512242138));
#13545=CARTESIAN_POINT('',(110.4,-23.3345237791561,259.849242404917));
#13546=CARTESIAN_POINT('Origin',(114.8,-23.3345237791561,259.849242404917));
#13547=CARTESIAN_POINT('',(110.4,-15.5563491861041,252.071067811865));
#13548=CARTESIAN_POINT('',(110.4,-21.2132034355964,257.727922061358));
#13549=CARTESIAN_POINT('',(97.,-15.5563491861041,252.071067811865));
#13550=CARTESIAN_POINT('Origin',(103.7,-15.5563491861041,252.071067811865));
#13551=CARTESIAN_POINT('',(97.,-23.3345237791561,259.849242404917));
#13552=CARTESIAN_POINT('',(97.,-26.8700576850888,263.38477631085));
#13553=CARTESIAN_POINT('',(92.6,-26.4457936163769,262.960512242138));
#13554=CARTESIAN_POINT('Origin',(92.6,-23.3345237791561,259.849242404917));
#13555=CARTESIAN_POINT('',(81.8,-26.4457936163769,262.960512242138));
#13556=CARTESIAN_POINT('',(120.,-26.4457936163769,262.960512242138));
#13557=CARTESIAN_POINT('',(77.4,-23.3345237791561,259.849242404917));
#13558=CARTESIAN_POINT('Origin',(81.8,-23.3345237791561,259.849242404917));
#13559=CARTESIAN_POINT('',(77.4,-15.5563491861041,252.071067811865));
#13560=CARTESIAN_POINT('',(77.4,-21.2132034355964,257.727922061358));
#13561=CARTESIAN_POINT('',(64.,-15.5563491861041,252.071067811865));
#13562=CARTESIAN_POINT('Origin',(70.7,-15.5563491861041,252.071067811865));
#13563=CARTESIAN_POINT('',(64.,-23.3345237791561,259.849242404917));
#13564=CARTESIAN_POINT('',(64.,-26.8700576850888,263.38477631085));
#13565=CARTESIAN_POINT('',(59.6,-26.4457936163769,262.960512242138));
#13566=CARTESIAN_POINT('Origin',(59.6,-23.3345237791561,259.849242404917));
#13567=CARTESIAN_POINT('',(48.8,-26.4457936163769,262.960512242138));
#13568=CARTESIAN_POINT('',(120.,-26.4457936163769,262.960512242138));
#13569=CARTESIAN_POINT('',(44.4,-23.3345237791561,259.849242404917));
#13570=CARTESIAN_POINT('Origin',(48.8,-23.3345237791561,259.849242404917));
#13571=CARTESIAN_POINT('',(44.4,-15.5563491861041,252.071067811865));
#13572=CARTESIAN_POINT('',(44.4,-21.2132034355965,257.727922061358));
#13573=CARTESIAN_POINT('',(31.,-15.5563491861041,252.071067811865));
#13574=CARTESIAN_POINT('Origin',(37.7,-15.5563491861041,252.071067811865));
#13575=CARTESIAN_POINT('',(31.,-23.3345237791561,259.849242404917));
#13576=CARTESIAN_POINT('',(31.,-26.8700576850888,263.38477631085));
#13577=CARTESIAN_POINT('',(26.6,-26.4457936163769,262.960512242138));
#13578=CARTESIAN_POINT('Origin',(26.6,-23.3345237791561,259.849242404917));
#13579=CARTESIAN_POINT('',(10.6,-26.4457936163769,262.960512242138));
#13580=CARTESIAN_POINT('',(120.,-26.4457936163769,262.960512242138));
#13581=CARTESIAN_POINT('',(10.6,-21.2132034355964,257.727922061358));
#13582=CARTESIAN_POINT('',(16.6,-10.6320851173921,247.146803743153));
#13583=CARTESIAN_POINT('Ctrl Pts',(16.6,-10.6320851173921,247.146803743153));
#13584=CARTESIAN_POINT('Ctrl Pts',(17.4001379382881,-10.6320851173921,247.146803743153));
#13585=CARTESIAN_POINT('Ctrl Pts',(18.9848160260182,-11.0050773692266,247.519795994988));
#13586=CARTESIAN_POINT('Ctrl Pts',(21.3828014589765,-12.9289559168294,249.443674542591));
#13587=CARTESIAN_POINT('Ctrl Pts',(22.0729926043772,-15.986349164879,252.50106779064));
#13588=CARTESIAN_POINT('Ctrl Pts',(20.7764514566917,-18.665049047871,255.179767673632));
#13589=CARTESIAN_POINT('Ctrl Pts',(19.1892521302336,-19.9474458474696,256.462164473231));
#13590=CARTESIAN_POINT('Ctrl Pts',(17.413339462209,-20.5004090134655,257.015127639227));
#13591=CARTESIAN_POINT('Ctrl Pts',(15.7872371758272,-20.4997275135348,257.014446139296));
#13592=CARTESIAN_POINT('Ctrl Pts',(13.7565716595438,-19.8689599822212,256.383678607983));
#13593=CARTESIAN_POINT('Ctrl Pts',(12.2620206996215,-18.4537822254104,254.968500851172));
#13594=CARTESIAN_POINT('Ctrl Pts',(11.1915826242115,-15.732089747617,252.246808373378));
#13595=CARTESIAN_POINT('Ctrl Pts',(11.8115772945154,-12.9279829109778,249.442701536739));
#13596=CARTESIAN_POINT('Ctrl Pts',(14.2147844709575,-11.0048017591345,247.519520384896));
#13597=CARTESIAN_POINT('Ctrl Pts',(15.7998620617119,-10.6320851173921,247.146803743153));
#13598=CARTESIAN_POINT('Ctrl Pts',(16.6,-10.6320851173921,247.146803743153));
#13599=CARTESIAN_POINT('Origin',(223.4,-26.87,252.071067811865));
#13600=CARTESIAN_POINT('',(227.9,-26.87,252.071067811865));
#13601=CARTESIAN_POINT('Ctrl Pts',(16.6,-10.6320851173921,247.146803743153));
#13602=CARTESIAN_POINT('Ctrl Pts',(15.7998620617119,-10.6320851173921,247.146803743153));
#13603=CARTESIAN_POINT('Ctrl Pts',(14.2147844709575,-11.0048017591345,247.519520384896));
#13604=CARTESIAN_POINT('Ctrl Pts',(11.8115772945154,-12.9279829109778,249.442701536739));
#13605=CARTESIAN_POINT('Ctrl Pts',(11.1915826242115,-15.732089747617,252.246808373378));
#13606=CARTESIAN_POINT('Ctrl Pts',(12.2620206996215,-18.4537822254104,254.968500851172));
#13607=CARTESIAN_POINT('Ctrl Pts',(13.7565716595438,-19.8689599822212,256.383678607983));
#13608=CARTESIAN_POINT('Ctrl Pts',(15.7872371758272,-20.4997275135348,257.014446139296));
#13609=CARTESIAN_POINT('Ctrl Pts',(17.413339462209,-20.5004090134655,257.015127639227));
#13610=CARTESIAN_POINT('Ctrl Pts',(19.1892521302336,-19.9474458474696,256.462164473231));
#13611=CARTESIAN_POINT('Ctrl Pts',(20.7764514566917,-18.665049047871,255.179767673632));
#13612=CARTESIAN_POINT('Ctrl Pts',(22.0729926043772,-15.986349164879,252.50106779064));
#13613=CARTESIAN_POINT('Ctrl Pts',(21.3828014589765,-12.9289559168294,249.443674542591));
#13614=CARTESIAN_POINT('Ctrl Pts',(18.9848160260182,-11.0050773692266,247.519795994988));
#13615=CARTESIAN_POINT('Ctrl Pts',(17.4001379382881,-10.6320851173921,247.146803743153));
#13616=CARTESIAN_POINT('Ctrl Pts',(16.6,-10.6320851173921,247.146803743153));
#13617=CARTESIAN_POINT('Ctrl Pts',(16.6,-10.5735064736294,247.288225099391));
#13618=CARTESIAN_POINT('Ctrl Pts',(15.8122553025174,-10.5735064736294,247.288225099391));
#13619=CARTESIAN_POINT('Ctrl Pts',(14.2530241177886,-10.9404085325127,247.671951121155));
#13620=CARTESIAN_POINT('Ctrl Pts',(11.9300603951898,-12.8342367146807,249.624547900836));
#13621=CARTESIAN_POINT('Ctrl Pts',(11.4134704827957,-15.5928056774658,252.39879940459));
#13622=CARTESIAN_POINT('Ctrl Pts',(12.5307365597136,-18.238206089718,255.009934082793));
#13623=CARTESIAN_POINT('Ctrl Pts',(13.9921949079542,-19.5818393374177,256.31657330675));
#13624=CARTESIAN_POINT('Ctrl Pts',(15.8640093523581,-20.1567846821626,256.870909880407));
#13625=CARTESIAN_POINT('Ctrl Pts',(17.3368225832074,-20.1575369181945,256.871699209467));
#13626=CARTESIAN_POINT('Ctrl Pts',(18.9735338351604,-19.652500981112,256.384548565522));
#13627=CARTESIAN_POINT('Ctrl Pts',(20.5065484068623,-18.441315015995,255.208016788454));
#13628=CARTESIAN_POINT('Ctrl Pts',(21.842256254993,-15.8432446941117,252.651545411422));
#13629=CARTESIAN_POINT('Ctrl Pts',(21.2638522726798,-12.8351544293296,249.624825699076));
#13630=CARTESIAN_POINT('Ctrl Pts',(18.9465413728437,-10.9407408894025,247.672218890766));
#13631=CARTESIAN_POINT('Ctrl Pts',(17.3877446974826,-10.5735064736294,247.288225099391));
#13632=CARTESIAN_POINT('Ctrl Pts',(16.6,-10.5735064736294,247.288225099391));
#13633=CARTESIAN_POINT('Ctrl Pts',(16.6,-10.5149278298667,247.429646455628));
#13634=CARTESIAN_POINT('Ctrl Pts',(15.8246485433228,-10.5149278298667,247.429646455628));
#13635=CARTESIAN_POINT('Ctrl Pts',(14.2912637646197,-10.8760153058908,247.824381857415));
#13636=CARTESIAN_POINT('Ctrl Pts',(12.0485434958642,-12.7404905183836,249.806394264933));
#13637=CARTESIAN_POINT('Ctrl Pts',(11.6353583413798,-15.4535216073146,252.550790435802));
#13638=CARTESIAN_POINT('Ctrl Pts',(12.7994524198058,-18.0226299540256,255.051367314414));
#13639=CARTESIAN_POINT('Ctrl Pts',(14.2278181563645,-19.2947186926142,256.249468005518));
#13640=CARTESIAN_POINT('Ctrl Pts',(15.9407815288889,-19.8138418507904,256.727373621518));
#13641=CARTESIAN_POINT('Ctrl Pts',(17.2603057042057,-19.8146648229236,256.728270779707));
#13642=CARTESIAN_POINT('Ctrl Pts',(18.7578155400873,-19.3575561147544,256.306932657814));
#13643=CARTESIAN_POINT('Ctrl Pts',(20.2366453570328,-18.2175809841191,255.236265903275));
#13644=CARTESIAN_POINT('Ctrl Pts',(21.6115199056088,-15.7001402233443,252.802023032204));
#13645=CARTESIAN_POINT('Ctrl Pts',(21.144903086383,-12.7413529418298,249.805976855562));
#13646=CARTESIAN_POINT('Ctrl Pts',(18.9082667196692,-10.8764044095785,247.824641786544));
#13647=CARTESIAN_POINT('Ctrl Pts',(17.3753514566772,-10.5149278298667,247.429646455628));
#13648=CARTESIAN_POINT('Ctrl Pts',(16.6,-10.5149278298667,247.429646455628));
#13649=CARTESIAN_POINT('Ctrl Pts',(16.6,-10.456349186104,247.571067811865));
#13650=CARTESIAN_POINT('Ctrl Pts',(15.8370417841282,-10.456349186104,247.571067811865));
#13651=CARTESIAN_POINT('Ctrl Pts',(14.3295034114508,-10.811622079269,247.976812593675));
#13652=CARTESIAN_POINT('Ctrl Pts',(12.1670265965386,-12.6467443220864,249.98824062903));
#13653=CARTESIAN_POINT('Ctrl Pts',(11.8572461999639,-15.3142375371634,252.702781467014));
#13654=CARTESIAN_POINT('Ctrl Pts',(13.0681682798979,-17.8070538183331,255.092800546035));
#13655=CARTESIAN_POINT('Ctrl Pts',(14.4634414047748,-19.0075980478107,256.182362704285));
#13656=CARTESIAN_POINT('Ctrl Pts',(16.0175537054197,-19.4708990194182,256.583837362629));
#13657=CARTESIAN_POINT('Ctrl Pts',(17.183788825204,-19.4717927276527,256.584842349947));
#13658=CARTESIAN_POINT('Ctrl Pts',(18.5420972450141,-19.0626112483967,256.229316750106));
#13659=CARTESIAN_POINT('Ctrl Pts',(19.9667423072033,-17.9938469522431,255.264515018097));
#13660=CARTESIAN_POINT('Ctrl Pts',(21.3807835562246,-15.557035752577,252.952500652986));
#13661=CARTESIAN_POINT('Ctrl Pts',(21.0259539000863,-12.64755145433,249.987128012047));
#13662=CARTESIAN_POINT('Ctrl Pts',(18.8699920664947,-10.8120679297545,247.977064682322));
#13663=CARTESIAN_POINT('Ctrl Pts',(17.3629582158718,-10.456349186104,247.571067811865));
#13664=CARTESIAN_POINT('Ctrl Pts',(16.6,-10.456349186104,247.571067811865));
#13665=CARTESIAN_POINT('',(16.6,-10.456349186104,247.571067811865));
#13666=CARTESIAN_POINT('',(16.6,-10.6320851173921,247.146803743153));
#13667=CARTESIAN_POINT('',(12.1076171648089,-14.7091158150598,252.070067112804));
#13668=CARTESIAN_POINT('Ctrl Pts',(16.6,-10.456349186104,247.571067811865));
#13669=CARTESIAN_POINT('Ctrl Pts',(15.8370417841282,-10.456349186104,247.571067811865));
#13670=CARTESIAN_POINT('Ctrl Pts',(14.3295034114508,-10.811622079269,247.976812593675));
#13671=CARTESIAN_POINT('Ctrl Pts',(12.550758728614,-12.3211013528766,249.631312146283));
#13672=CARTESIAN_POINT('Ctrl Pts',(12.1101085370421,-13.8416089489002,251.198136299461));
#13673=CARTESIAN_POINT('Ctrl Pts',(12.1076171648089,-14.7091158150598,252.070067112804));
#13674=CARTESIAN_POINT('Ctrl Pts',(12.1076171648089,-14.7091158150598,252.070067112804));
#13675=CARTESIAN_POINT('Ctrl Pts',(12.1062465397513,-15.1863735417518,252.549758668043));
#13676=CARTESIAN_POINT('Ctrl Pts',(12.2478287689545,-16.1182947124804,253.473681434311));
#13677=CARTESIAN_POINT('Ctrl Pts',(13.0681682798979,-17.8070538183331,255.092800546035));
#13678=CARTESIAN_POINT('Ctrl Pts',(14.4634414047748,-19.0075980478107,256.182362704285));
#13679=CARTESIAN_POINT('Ctrl Pts',(16.0175537054197,-19.4708990194182,256.583837362629));
#13680=CARTESIAN_POINT('Ctrl Pts',(17.183788825204,-19.4717927276527,256.584842349947));
#13681=CARTESIAN_POINT('Ctrl Pts',(18.5420972450141,-19.0626112483967,256.229316750106));
#13682=CARTESIAN_POINT('Ctrl Pts',(19.9667423072033,-17.9938469522431,255.264515018097));
#13683=CARTESIAN_POINT('Ctrl Pts',(21.3807835562246,-15.557035752577,252.952500652986));
#13684=CARTESIAN_POINT('Ctrl Pts',(21.0259539000863,-12.64755145433,249.987128012047));
#13685=CARTESIAN_POINT('Ctrl Pts',(18.8699920664947,-10.8120679297545,247.977064682322));
#13686=CARTESIAN_POINT('Ctrl Pts',(17.3629582158718,-10.456349186104,247.571067811865));
#13687=CARTESIAN_POINT('Ctrl Pts',(16.6,-10.456349186104,247.571067811865));
#13688=CARTESIAN_POINT('Origin',(16.6,-26.87,252.071067811865));
#13689=CARTESIAN_POINT('',(12.1,-26.87,252.071067811865));
#13690=CARTESIAN_POINT('Origin',(21.7,-16.9705627484771,267.327416997969));
#13691=CARTESIAN_POINT('',(21.4,-16.9705627484771,267.627416997969));
#13692=CARTESIAN_POINT('',(22.,-16.9705627484771,267.027416997969));
#13693=CARTESIAN_POINT('Origin',(22.,-11.3137084989847,256.313708498985));
#13694=CARTESIAN_POINT('Origin',(218.3,-16.9705627484771,267.327416997969));
#13695=CARTESIAN_POINT('',(218.6,-16.9705627484771,267.627416997969));
#13696=CARTESIAN_POINT('Origin',(230.,-22.6274169979695,267.627416997969));
#13697=CARTESIAN_POINT('',(229.4,-22.6274169979695,267.627416997969));
#13698=CARTESIAN_POINT('',(120.,-22.6274169979695,267.627416997969));
#13699=CARTESIAN_POINT('',(229.4,-18.0312229202569,267.627416997969));
#13700=CARTESIAN_POINT('Origin',(10.3,-16.9705627484771,267.327416997969));
#13701=CARTESIAN_POINT('',(10.,-22.3788888605456,267.027416997969));
#13702=CARTESIAN_POINT('',(10.6,-16.9705627484771,267.627416997969));
#13703=CARTESIAN_POINT('Origin',(10.6,-26.4457936163769,263.809040379562));
#13704=CARTESIAN_POINT('',(10.6,-26.4457936163769,262.960512242138));
#13705=CARTESIAN_POINT('',(10.6,-26.4457936163769,263.809040379562));
#13706=CARTESIAN_POINT('',(10.,-26.0215295476649,263.38477631085));
#13707=CARTESIAN_POINT('Origin',(229.4,-26.4457936163769,262.960512242138));
#13708=CARTESIAN_POINT('',(229.4,-26.4457936163769,263.809040379562));
#13709=CARTESIAN_POINT('',(230.,-26.021529547665,263.38477631085));
#13710=CARTESIAN_POINT('',(229.4,-26.4457936163769,263.809040379562));
#13711=CARTESIAN_POINT('',(229.4,-26.4457936163769,262.960512242138));
#13712=CARTESIAN_POINT('',(230.,-26.021529547665,263.38477631085));
#13713=CARTESIAN_POINT('Origin',(120.,-26.4457936163769,263.38477631085));
#13714=CARTESIAN_POINT('',(26.6,-26.4457936163769,262.960512242138));
#13715=CARTESIAN_POINT('Origin',(26.6,-23.1223917448001,260.061374439273));
#13716=CARTESIAN_POINT('',(31.6,-22.9102597104442,260.273506473629));
#13717=CARTESIAN_POINT('',(31.,-23.3345237791561,259.849242404917));
#13718=CARTESIAN_POINT('Origin',(26.6,-22.9102597104441,260.273506473629));
#13719=CARTESIAN_POINT('Origin',(31.3,-26.6579256507329,263.596908345206));
#13720=CARTESIAN_POINT('',(31.6,-15.1320851173921,252.495331880577));
#13721=CARTESIAN_POINT('',(31.,-15.5563491861041,252.071067811865));
#13722=CARTESIAN_POINT('',(31.6,-26.4457936163769,263.809040379562));
#13723=CARTESIAN_POINT('Origin',(37.7,-15.3442171517481,252.283199846221));
#13724=CARTESIAN_POINT('',(43.8,-15.1320851173921,252.495331880577));
#13725=CARTESIAN_POINT('',(44.4,-15.5563491861041,252.071067811865));
#13726=CARTESIAN_POINT('Origin',(37.7,-15.1320851173921,252.495331880577));
#13727=CARTESIAN_POINT('Origin',(44.1,-21.0010714012405,257.940054095714));
#13728=CARTESIAN_POINT('',(43.8,-22.9102597104442,260.273506473629));
#13729=CARTESIAN_POINT('',(44.4,-23.3345237791561,259.849242404917));
#13730=CARTESIAN_POINT('',(43.8,-20.7889393668845,258.15218613007));
#13731=CARTESIAN_POINT('Origin',(48.8,-23.1223917448001,260.061374439273));
#13732=CARTESIAN_POINT('',(48.8,-26.4457936163769,262.960512242138));
#13733=CARTESIAN_POINT('Origin',(48.8,-22.9102597104442,260.273506473629));
#13734=CARTESIAN_POINT('Origin',(120.,-26.4457936163769,263.38477631085));
#13735=CARTESIAN_POINT('',(59.6,-26.4457936163769,262.960512242138));
#13736=CARTESIAN_POINT('Origin',(59.6,-23.1223917448001,260.061374439273));
#13737=CARTESIAN_POINT('',(64.6,-22.9102597104442,260.273506473629));
#13738=CARTESIAN_POINT('',(64.,-23.3345237791561,259.849242404917));
#13739=CARTESIAN_POINT('Origin',(59.6,-22.9102597104441,260.273506473629));
#13740=CARTESIAN_POINT('Origin',(64.3,-26.6579256507329,263.596908345206));
#13741=CARTESIAN_POINT('',(64.6,-15.1320851173921,252.495331880577));
#13742=CARTESIAN_POINT('',(64.,-15.5563491861041,252.071067811865));
#13743=CARTESIAN_POINT('',(64.6,-26.4457936163769,263.809040379562));
#13744=CARTESIAN_POINT('Origin',(70.7,-15.3442171517481,252.283199846221));
#13745=CARTESIAN_POINT('',(76.8,-15.1320851173921,252.495331880577));
#13746=CARTESIAN_POINT('',(77.4,-15.5563491861041,252.071067811865));
#13747=CARTESIAN_POINT('Origin',(70.7,-15.1320851173921,252.495331880577));
#13748=CARTESIAN_POINT('Origin',(77.1,-21.0010714012405,257.940054095714));
#13749=CARTESIAN_POINT('',(76.8,-22.9102597104442,260.273506473629));
#13750=CARTESIAN_POINT('',(77.4,-23.3345237791561,259.849242404917));
#13751=CARTESIAN_POINT('',(76.8,-20.7889393668845,258.15218613007));
#13752=CARTESIAN_POINT('Origin',(81.8,-23.1223917448001,260.061374439273));
#13753=CARTESIAN_POINT('',(81.8,-26.4457936163769,262.960512242138));
#13754=CARTESIAN_POINT('Origin',(81.8,-22.9102597104442,260.273506473629));
#13755=CARTESIAN_POINT('Origin',(120.,-26.4457936163769,263.38477631085));
#13756=CARTESIAN_POINT('',(92.6,-26.4457936163769,262.960512242138));
#13757=CARTESIAN_POINT('Origin',(92.6,-23.1223917448001,260.061374439273));
#13758=CARTESIAN_POINT('',(97.6,-22.9102597104442,260.273506473629));
#13759=CARTESIAN_POINT('',(97.,-23.3345237791561,259.849242404917));
#13760=CARTESIAN_POINT('Origin',(92.6,-22.9102597104442,260.273506473629));
#13761=CARTESIAN_POINT('Origin',(97.3,-26.6579256507329,263.596908345206));
#13762=CARTESIAN_POINT('',(97.6,-15.1320851173921,252.495331880577));
#13763=CARTESIAN_POINT('',(97.,-15.5563491861041,252.071067811865));
#13764=CARTESIAN_POINT('',(97.6,-26.4457936163769,263.809040379562));
#13765=CARTESIAN_POINT('Origin',(103.7,-15.3442171517481,252.283199846221));
#13766=CARTESIAN_POINT('',(109.8,-15.1320851173921,252.495331880577));
#13767=CARTESIAN_POINT('',(110.4,-15.5563491861041,252.071067811865));
#13768=CARTESIAN_POINT('Origin',(103.7,-15.1320851173921,252.495331880577));
#13769=CARTESIAN_POINT('Origin',(110.1,-21.0010714012405,257.940054095714));
#13770=CARTESIAN_POINT('',(109.8,-22.9102597104441,260.273506473629));
#13771=CARTESIAN_POINT('',(110.4,-23.3345237791561,259.849242404917));
#13772=CARTESIAN_POINT('',(109.8,-20.7889393668845,258.15218613007));
#13773=CARTESIAN_POINT('Origin',(114.8,-23.1223917448001,260.061374439273));
#13774=CARTESIAN_POINT('',(114.8,-26.4457936163769,262.960512242138));
#13775=CARTESIAN_POINT('Origin',(114.8,-22.9102597104442,260.273506473629));
#13776=CARTESIAN_POINT('Origin',(120.,-26.4457936163769,263.38477631085));
#13777=CARTESIAN_POINT('',(125.6,-26.4457936163769,262.960512242138));
#13778=CARTESIAN_POINT('Origin',(125.6,-23.1223917448001,260.061374439273));
#13779=CARTESIAN_POINT('',(130.6,-22.9102597104442,260.273506473629));
#13780=CARTESIAN_POINT('',(130.,-23.3345237791561,259.849242404917));
#13781=CARTESIAN_POINT('Origin',(125.6,-22.9102597104442,260.273506473629));
#13782=CARTESIAN_POINT('Origin',(130.3,-26.6579256507329,263.596908345206));
#13783=CARTESIAN_POINT('',(130.6,-15.1320851173921,252.495331880577));
#13784=CARTESIAN_POINT('',(130.,-15.5563491861041,252.071067811865));
#13785=CARTESIAN_POINT('',(130.6,-26.4457936163769,263.809040379562));
#13786=CARTESIAN_POINT('Origin',(136.7,-15.3442171517481,252.283199846221));
#13787=CARTESIAN_POINT('',(142.8,-15.1320851173921,252.495331880577));
#13788=CARTESIAN_POINT('',(143.4,-15.5563491861041,252.071067811865));
#13789=CARTESIAN_POINT('Origin',(136.7,-15.1320851173921,252.495331880577));
#13790=CARTESIAN_POINT('Origin',(143.1,-21.0010714012405,257.940054095714));
#13791=CARTESIAN_POINT('',(142.8,-22.9102597104441,260.273506473629));
#13792=CARTESIAN_POINT('',(143.4,-23.3345237791561,259.849242404917));
#13793=CARTESIAN_POINT('',(142.8,-20.7889393668845,258.15218613007));
#13794=CARTESIAN_POINT('Origin',(147.8,-23.1223917448001,260.061374439273));
#13795=CARTESIAN_POINT('',(147.8,-26.4457936163769,262.960512242138));
#13796=CARTESIAN_POINT('Origin',(147.8,-22.9102597104442,260.273506473629));
#13797=CARTESIAN_POINT('Origin',(120.,-26.4457936163769,263.38477631085));
#13798=CARTESIAN_POINT('',(158.6,-26.4457936163769,262.960512242138));
#13799=CARTESIAN_POINT('Origin',(158.6,-23.1223917448001,260.061374439273));
#13800=CARTESIAN_POINT('',(163.6,-22.9102597104442,260.273506473629));
#13801=CARTESIAN_POINT('',(163.,-23.3345237791561,259.849242404917));
#13802=CARTESIAN_POINT('Origin',(158.6,-22.9102597104442,260.273506473629));
#13803=CARTESIAN_POINT('Origin',(163.3,-26.6579256507329,263.596908345206));
#13804=CARTESIAN_POINT('',(163.6,-15.1320851173921,252.495331880577));
#13805=CARTESIAN_POINT('',(163.,-15.5563491861041,252.071067811865));
#13806=CARTESIAN_POINT('',(163.6,-26.4457936163769,263.809040379562));
#13807=CARTESIAN_POINT('Origin',(169.7,-15.3442171517481,252.283199846221));
#13808=CARTESIAN_POINT('',(175.8,-15.1320851173921,252.495331880577));
#13809=CARTESIAN_POINT('',(176.4,-15.5563491861041,252.071067811865));
#13810=CARTESIAN_POINT('Origin',(169.7,-15.1320851173921,252.495331880577));
#13811=CARTESIAN_POINT('Origin',(176.1,-21.0010714012405,257.940054095714));
#13812=CARTESIAN_POINT('',(175.8,-22.9102597104441,260.273506473629));
#13813=CARTESIAN_POINT('',(176.4,-23.3345237791561,259.849242404917));
#13814=CARTESIAN_POINT('',(175.8,-20.7889393668845,258.15218613007));
#13815=CARTESIAN_POINT('Origin',(180.8,-23.1223917448001,260.061374439273));
#13816=CARTESIAN_POINT('',(180.8,-26.4457936163769,262.960512242138));
#13817=CARTESIAN_POINT('Origin',(180.8,-22.9102597104442,260.273506473629));
#13818=CARTESIAN_POINT('Origin',(120.,-26.4457936163769,263.38477631085));
#13819=CARTESIAN_POINT('',(191.6,-26.4457936163769,262.960512242138));
#13820=CARTESIAN_POINT('Origin',(191.6,-23.1223917448001,260.061374439273));
#13821=CARTESIAN_POINT('',(196.6,-22.9102597104442,260.273506473629));
#13822=CARTESIAN_POINT('',(196.,-23.3345237791561,259.849242404917));
#13823=CARTESIAN_POINT('Origin',(191.6,-22.9102597104442,260.273506473629));
#13824=CARTESIAN_POINT('Origin',(196.3,-26.6579256507329,263.596908345206));
#13825=CARTESIAN_POINT('',(196.6,-15.1320851173921,252.495331880577));
#13826=CARTESIAN_POINT('',(196.,-15.5563491861041,252.071067811865));
#13827=CARTESIAN_POINT('',(196.6,-26.4457936163769,263.809040379562));
#13828=CARTESIAN_POINT('Origin',(202.7,-15.3442171517481,252.283199846221));
#13829=CARTESIAN_POINT('',(208.8,-15.1320851173921,252.495331880577));
#13830=CARTESIAN_POINT('',(209.4,-15.5563491861041,252.071067811865));
#13831=CARTESIAN_POINT('Origin',(202.7,-15.1320851173921,252.495331880577));
#13832=CARTESIAN_POINT('Origin',(209.1,-21.0010714012405,257.940054095714));
#13833=CARTESIAN_POINT('',(208.8,-22.9102597104441,260.273506473629));
#13834=CARTESIAN_POINT('',(209.4,-23.3345237791561,259.849242404917));
#13835=CARTESIAN_POINT('',(208.8,-20.7889393668845,258.15218613007));
#13836=CARTESIAN_POINT('Origin',(213.8,-23.1223917448001,260.061374439273));
#13837=CARTESIAN_POINT('',(213.8,-26.4457936163769,263.809040379562));
#13838=CARTESIAN_POINT('',(213.8,-26.4457936163769,262.960512242138));
#13839=CARTESIAN_POINT('Origin',(213.8,-22.9102597104442,260.273506473629));
#13840=CARTESIAN_POINT('Origin',(120.,-26.4457936163769,263.38477631085));
#13841=CARTESIAN_POINT('',(120.,-26.4457936163769,263.809040379562));
#13842=CARTESIAN_POINT('Origin',(120.,-4.24264068711931,241.181623381593));
#13843=CARTESIAN_POINT('',(230.,-3.81837661840738,241.181623381593));
#13844=CARTESIAN_POINT('',(10.6,-4.66690475583124,241.181623381593));
#13845=CARTESIAN_POINT('Origin',(229.7,-21.0010714012405,257.940054095714));
#13846=CARTESIAN_POINT('',(230.,-20.7889393668845,258.15218613007));
#13847=CARTESIAN_POINT('Origin',(10.3,-21.0010714012405,257.940054095714));
#13848=CARTESIAN_POINT('Origin',(229.7,-23.4759451353933,266.354624791834));
#13849=CARTESIAN_POINT('',(229.4,-23.6880771697493,266.56675682619));
#13850=CARTESIAN_POINT('',(230.,-22.3788888605456,267.027416997969));
#13851=CARTESIAN_POINT('',(230.,-23.2638131010373,266.142492757478));
#13852=CARTESIAN_POINT('',(230.,-22.3788888605456,267.027416997969));
#13853=CARTESIAN_POINT('Origin',(10.3,-22.4152849636135,267.415284963613));
#13854=CARTESIAN_POINT('Origin',(229.7,-18.0312229202569,267.327416997969));
#13855=CARTESIAN_POINT('',(230.,-18.0312229202569,267.027416997969));
#13856=CARTESIAN_POINT('Origin',(125.6,-19.0918830920368,264.091883092037));
#13857=CARTESIAN_POINT('',(130.6,-19.0918830920368,264.091883092037));
#13858=CARTESIAN_POINT('Origin',(130.6,-22.6274169979695,267.62741699797));
#13859=CARTESIAN_POINT('',(130.6,-11.3137084989848,256.313708498985));
#13860=CARTESIAN_POINT('Origin',(136.7,-11.3137084989848,256.313708498985));
#13861=CARTESIAN_POINT('',(142.8,-11.3137084989848,256.313708498985));
#13862=CARTESIAN_POINT('Origin',(142.8,-11.3137084989848,256.313708498985));
#13863=CARTESIAN_POINT('',(142.8,-19.0918830920367,264.091883092037));
#13864=CARTESIAN_POINT('Origin',(147.8,-19.0918830920367,264.091883092037));
#13865=CARTESIAN_POINT('Origin',(158.6,-19.0918830920368,264.091883092037));
#13866=CARTESIAN_POINT('',(163.6,-19.0918830920368,264.091883092037));
#13867=CARTESIAN_POINT('Origin',(163.6,-22.6274169979695,267.62741699797));
#13868=CARTESIAN_POINT('',(163.6,-11.3137084989848,256.313708498985));
#13869=CARTESIAN_POINT('Origin',(169.7,-11.3137084989848,256.313708498985));
#13870=CARTESIAN_POINT('',(175.8,-11.3137084989848,256.313708498985));
#13871=CARTESIAN_POINT('Origin',(175.8,-11.3137084989848,256.313708498985));
#13872=CARTESIAN_POINT('',(175.8,-19.0918830920367,264.091883092037));
#13873=CARTESIAN_POINT('Origin',(180.8,-19.0918830920367,264.091883092037));
#13874=CARTESIAN_POINT('Origin',(191.6,-19.0918830920368,264.091883092037));
#13875=CARTESIAN_POINT('',(196.6,-19.0918830920368,264.091883092037));
#13876=CARTESIAN_POINT('Origin',(196.6,-22.6274169979695,267.62741699797));
#13877=CARTESIAN_POINT('',(196.6,-11.3137084989848,256.313708498985));
#13878=CARTESIAN_POINT('Origin',(202.7,-11.3137084989848,256.313708498985));
#13879=CARTESIAN_POINT('',(208.8,-11.3137084989848,256.313708498985));
#13880=CARTESIAN_POINT('Origin',(208.8,-11.3137084989848,256.313708498985));
#13881=CARTESIAN_POINT('',(208.8,-19.0918830920367,264.091883092037));
#13882=CARTESIAN_POINT('Origin',(213.8,-19.0918830920367,264.091883092037));
#13883=CARTESIAN_POINT('',(213.8,-22.6274169979694,267.627416997969));
#13884=CARTESIAN_POINT('Origin',(120.,-22.6274169979695,267.627416997969));
#13885=CARTESIAN_POINT('Origin',(230.,-13.4350288425444,254.192388155425));
#13886=CARTESIAN_POINT('Origin',(114.8,-19.0918830920367,264.091883092037));
#13887=CARTESIAN_POINT('',(109.8,-19.0918830920367,264.091883092037));
#13888=CARTESIAN_POINT('Origin',(109.8,-11.3137084989848,256.313708498985));
#13889=CARTESIAN_POINT('',(109.8,-11.3137084989848,256.313708498985));
#13890=CARTESIAN_POINT('Origin',(92.6,-19.0918830920368,264.091883092037));
#13891=CARTESIAN_POINT('',(97.6,-19.0918830920368,264.091883092037));
#13892=CARTESIAN_POINT('Origin',(81.8,-19.0918830920367,264.091883092037));
#13893=CARTESIAN_POINT('',(76.8,-19.0918830920367,264.091883092037));
#13894=CARTESIAN_POINT('Origin',(59.6,-19.0918830920368,264.091883092037));
#13895=CARTESIAN_POINT('',(64.6,-19.0918830920368,264.091883092037));
#13896=CARTESIAN_POINT('Origin',(48.8,-19.0918830920367,264.091883092037));
#13897=CARTESIAN_POINT('',(43.8,-19.0918830920367,264.091883092037));
#13898=CARTESIAN_POINT('Origin',(26.6,-19.0918830920368,264.091883092037));
#13899=CARTESIAN_POINT('',(31.6,-19.0918830920368,264.091883092037));
#13900=CARTESIAN_POINT('Origin',(218.,-11.3137084989847,256.313708498985));
#13901=CARTESIAN_POINT('Origin',(103.7,-11.3137084989848,256.313708498985));
#13902=CARTESIAN_POINT('',(97.6,-11.3137084989848,256.313708498985));
#13903=CARTESIAN_POINT('Origin',(97.6,-22.6274169979695,267.62741699797));
#13904=CARTESIAN_POINT('Origin',(76.8,-11.3137084989848,256.313708498985));
#13905=CARTESIAN_POINT('',(76.8,-11.3137084989848,256.313708498985));
#13906=CARTESIAN_POINT('Origin',(70.7,-11.3137084989848,256.313708498985));
#13907=CARTESIAN_POINT('',(64.6,-11.3137084989848,256.313708498985));
#13908=CARTESIAN_POINT('Origin',(64.6,-22.6274169979695,267.62741699797));
#13909=CARTESIAN_POINT('Origin',(43.8,-11.3137084989848,256.313708498985));
#13910=CARTESIAN_POINT('',(43.8,-11.3137084989848,256.313708498985));
#13911=CARTESIAN_POINT('Origin',(37.7,-11.3137084989848,256.313708498985));
#13912=CARTESIAN_POINT('',(31.6,-11.3137084989848,256.313708498985));
#13913=CARTESIAN_POINT('Origin',(31.6,-22.6274169979695,267.62741699797));
#13914=CARTESIAN_POINT('Origin',(10.,-22.6274169979695,267.627416997969));
#13915=CARTESIAN_POINT('',(0.,0.,0.));
#13916=CARTESIAN_POINT('',(0.,0.,0.));
#13917=CARTESIAN_POINT('Origin',(37.7,-6.2,274.327416997969));
#13918=CARTESIAN_POINT('',(34.2,-6.2,274.327416997969));
#13919=CARTESIAN_POINT('Origin',(37.7,-6.2,274.327416997969));
#13920=CARTESIAN_POINT('Origin',(37.7,-6.6,274.327416997969));
#13921=CARTESIAN_POINT('',(34.2,-6.6,274.327416997969));
#13922=CARTESIAN_POINT('',(34.2,-6.6,274.327416997969));
#13923=CARTESIAN_POINT('Origin',(37.7,-6.6,274.327416997969));
#13924=CARTESIAN_POINT('Origin',(37.7,-6.6,274.327416997969));
#13925=CARTESIAN_POINT('Origin',(70.7,-6.2,274.327416997969));
#13926=CARTESIAN_POINT('',(67.2,-6.2,274.327416997969));
#13927=CARTESIAN_POINT('Origin',(70.7,-6.2,274.327416997969));
#13928=CARTESIAN_POINT('Origin',(70.7,-6.6,274.327416997969));
#13929=CARTESIAN_POINT('',(67.2,-6.6,274.327416997969));
#13930=CARTESIAN_POINT('',(67.2,-6.6,274.327416997969));
#13931=CARTESIAN_POINT('Origin',(70.7,-6.6,274.327416997969));
#13932=CARTESIAN_POINT('Origin',(70.7,-6.6,274.327416997969));
#13933=CARTESIAN_POINT('Origin',(103.7,-6.2,274.327416997969));
#13934=CARTESIAN_POINT('',(100.2,-6.2,274.327416997969));
#13935=CARTESIAN_POINT('Origin',(103.7,-6.2,274.327416997969));
#13936=CARTESIAN_POINT('Origin',(103.7,-6.6,274.327416997969));
#13937=CARTESIAN_POINT('',(100.2,-6.6,274.327416997969));
#13938=CARTESIAN_POINT('',(100.2,-6.6,274.327416997969));
#13939=CARTESIAN_POINT('Origin',(103.7,-6.6,274.327416997969));
#13940=CARTESIAN_POINT('Origin',(103.7,-6.6,274.327416997969));
#13941=CARTESIAN_POINT('Origin',(136.7,-6.2,274.327416997969));
#13942=CARTESIAN_POINT('',(133.2,-6.2,274.327416997969));
#13943=CARTESIAN_POINT('Origin',(136.7,-6.2,274.327416997969));
#13944=CARTESIAN_POINT('Origin',(136.7,-6.6,274.327416997969));
#13945=CARTESIAN_POINT('',(133.2,-6.6,274.327416997969));
#13946=CARTESIAN_POINT('',(133.2,-6.6,274.327416997969));
#13947=CARTESIAN_POINT('Origin',(136.7,-6.6,274.327416997969));
#13948=CARTESIAN_POINT('Origin',(136.7,-6.6,274.327416997969));
#13949=CARTESIAN_POINT('Origin',(169.7,-6.2,274.327416997969));
#13950=CARTESIAN_POINT('',(166.2,-6.2,274.327416997969));
#13951=CARTESIAN_POINT('Origin',(169.7,-6.2,274.327416997969));
#13952=CARTESIAN_POINT('Origin',(169.7,-6.6,274.327416997969));
#13953=CARTESIAN_POINT('',(166.2,-6.6,274.327416997969));
#13954=CARTESIAN_POINT('',(166.2,-6.6,274.327416997969));
#13955=CARTESIAN_POINT('Origin',(169.7,-6.6,274.327416997969));
#13956=CARTESIAN_POINT('Origin',(169.7,-6.6,274.327416997969));
#13957=CARTESIAN_POINT('Origin',(202.7,-6.2,274.327416997969));
#13958=CARTESIAN_POINT('',(199.2,-6.2,274.327416997969));
#13959=CARTESIAN_POINT('Origin',(202.7,-6.2,274.327416997969));
#13960=CARTESIAN_POINT('Origin',(202.7,-6.6,274.327416997969));
#13961=CARTESIAN_POINT('',(199.2,-6.6,274.327416997969));
#13962=CARTESIAN_POINT('',(199.2,-6.6,274.327416997969));
#13963=CARTESIAN_POINT('Origin',(202.7,-6.6,274.327416997969));
#13964=CARTESIAN_POINT('Origin',(202.7,-6.6,274.327416997969));
#13965=CARTESIAN_POINT('Origin',(153.2,-2.8,274.327416997969));
#13966=CARTESIAN_POINT('',(11.6000000000003,-2.8,279.427416997969));
#13967=CARTESIAN_POINT('',(228.4,-2.8,279.427416997969));
#13968=CARTESIAN_POINT('',(11.6000000000002,-2.8,279.427416997969));
#13969=CARTESIAN_POINT('',(228.4,-2.8,269.227416997969));
#13970=CARTESIAN_POINT('',(228.4,-2.8,279.427416997969));
#13971=CARTESIAN_POINT('',(11.6000000000002,-2.8,269.227416997969));
#13972=CARTESIAN_POINT('',(228.4,-2.8,269.227416997969));
#13973=CARTESIAN_POINT('',(11.6000000000002,-2.8,269.227416997969));
#13974=CARTESIAN_POINT('',(152.6,-2.8,270.427416997969));
#13975=CARTESIAN_POINT('',(152.6,-2.8,278.227416997969));
#13976=CARTESIAN_POINT('',(152.6,-2.8,278.227416997969));
#13977=CARTESIAN_POINT('',(120.8,-2.8,278.227416997969));
#13978=CARTESIAN_POINT('',(12.8000000000002,-2.8,278.227416997969));
#13979=CARTESIAN_POINT('',(120.8,-2.8,270.427416997969));
#13980=CARTESIAN_POINT('',(120.8,-2.8,270.427416997969));
#13981=CARTESIAN_POINT('',(227.2,-2.8,270.427416997969));
#13982=CARTESIAN_POINT('',(87.8,-2.8,270.427416997969));
#13983=CARTESIAN_POINT('',(119.6,-2.8,270.427416997969));
#13984=CARTESIAN_POINT('',(227.2,-2.8,270.427416997969));
#13985=CARTESIAN_POINT('',(119.6,-2.8,278.227416997969));
#13986=CARTESIAN_POINT('',(119.6,-2.8,278.227416997969));
#13987=CARTESIAN_POINT('',(87.8,-2.8,278.227416997969));
#13988=CARTESIAN_POINT('',(12.8000000000002,-2.8,278.227416997969));
#13989=CARTESIAN_POINT('',(87.8,-2.8,270.427416997969));
#13990=CARTESIAN_POINT('',(53.6,-2.8,270.427416997969));
#13991=CARTESIAN_POINT('',(53.6,-2.8,278.227416997969));
#13992=CARTESIAN_POINT('',(53.6,-2.8,278.227416997969));
#13993=CARTESIAN_POINT('',(12.8000000000002,-2.8,278.227416997969));
#13994=CARTESIAN_POINT('',(12.8000000000002,-2.8,278.227416997969));
#13995=CARTESIAN_POINT('',(12.8000000000002,-2.8,270.427416997969));
#13996=CARTESIAN_POINT('',(12.8000000000002,-2.8,270.427416997969));
#13997=CARTESIAN_POINT('',(227.2,-2.8,270.427416997969));
#13998=CARTESIAN_POINT('',(186.8,-2.8,278.227416997969));
#13999=CARTESIAN_POINT('',(186.8,-2.8,270.427416997969));
#14000=CARTESIAN_POINT('',(186.8,-2.8,270.427416997969));
#14001=CARTESIAN_POINT('',(227.2,-2.8,270.427416997969));
#14002=CARTESIAN_POINT('',(227.2,-2.8,270.427416997969));
#14003=CARTESIAN_POINT('',(227.2,-2.8,278.227416997969));
#14004=CARTESIAN_POINT('',(227.2,-2.8,278.227416997969));
#14005=CARTESIAN_POINT('',(12.8000000000002,-2.8,278.227416997969));
#14006=CARTESIAN_POINT('',(86.6,-2.8,270.427416997969));
#14007=CARTESIAN_POINT('',(86.6,-2.8,278.227416997969));
#14008=CARTESIAN_POINT('',(86.6,-2.8,278.227416997969));
#14009=CARTESIAN_POINT('',(54.8,-2.8,278.227416997969));
#14010=CARTESIAN_POINT('',(12.8000000000002,-2.8,278.227416997969));
#14011=CARTESIAN_POINT('',(54.8,-2.8,270.427416997969));
#14012=CARTESIAN_POINT('',(54.8,-2.8,270.427416997969));
#14013=CARTESIAN_POINT('',(227.2,-2.8,270.427416997969));
#14014=CARTESIAN_POINT('',(153.8,-2.8,270.427416997969));
#14015=CARTESIAN_POINT('',(185.6,-2.8,270.427416997969));
#14016=CARTESIAN_POINT('',(227.2,-2.8,270.427416997969));
#14017=CARTESIAN_POINT('',(185.6,-2.8,278.227416997969));
#14018=CARTESIAN_POINT('',(185.6,-2.8,278.227416997969));
#14019=CARTESIAN_POINT('',(153.8,-2.8,278.227416997969));
#14020=CARTESIAN_POINT('',(12.8000000000002,-2.8,278.227416997969));
#14021=CARTESIAN_POINT('',(153.8,-2.8,270.427416997969));
#14022=CARTESIAN_POINT('Origin',(227.2,-5.4,278.227416997969));
#14023=CARTESIAN_POINT('',(186.8,-5.4,278.227416997969));
#14024=CARTESIAN_POINT('',(186.8,-5.4,278.227416997969));
#14025=CARTESIAN_POINT('',(227.2,-5.4,278.227416997969));
#14026=CARTESIAN_POINT('',(227.2,-5.4,278.227416997969));
#14027=CARTESIAN_POINT('',(12.8000000000002,-5.4,278.227416997969));
#14028=CARTESIAN_POINT('Origin',(227.2,-5.4,278.227416997969));
#14029=CARTESIAN_POINT('',(53.6,-5.4,278.227416997969));
#14030=CARTESIAN_POINT('',(53.6,-5.4,278.227416997969));
#14031=CARTESIAN_POINT('',(12.8000000000002,-5.4,278.227416997969));
#14032=CARTESIAN_POINT('',(12.8000000000002,-5.4,278.227416997969));
#14033=CARTESIAN_POINT('',(12.8000000000002,-5.4,278.227416997969));
#14034=CARTESIAN_POINT('Origin',(227.2,-5.4,278.227416997969));
#14035=CARTESIAN_POINT('',(87.8,-5.4,278.227416997969));
#14036=CARTESIAN_POINT('',(87.8,-5.4,278.227416997969));
#14037=CARTESIAN_POINT('',(119.6,-5.4,278.227416997969));
#14038=CARTESIAN_POINT('',(119.6,-5.4,278.227416997969));
#14039=CARTESIAN_POINT('',(12.8000000000002,-5.4,278.227416997969));
#14040=CARTESIAN_POINT('Origin',(227.2,-5.4,278.227416997969));
#14041=CARTESIAN_POINT('',(86.6,-5.4,278.227416997969));
#14042=CARTESIAN_POINT('',(86.6,-5.4,278.227416997969));
#14043=CARTESIAN_POINT('',(54.8,-5.4,278.227416997969));
#14044=CARTESIAN_POINT('',(12.8000000000002,-5.4,278.227416997969));
#14045=CARTESIAN_POINT('',(54.8,-5.4,278.227416997969));
#14046=CARTESIAN_POINT('Origin',(227.2,-5.4,278.227416997969));
#14047=CARTESIAN_POINT('',(153.8,-5.4,278.227416997969));
#14048=CARTESIAN_POINT('',(153.8,-5.4,278.227416997969));
#14049=CARTESIAN_POINT('',(185.6,-5.4,278.227416997969));
#14050=CARTESIAN_POINT('',(185.6,-5.4,278.227416997969));
#14051=CARTESIAN_POINT('',(12.8000000000002,-5.4,278.227416997969));
#14052=CARTESIAN_POINT('Origin',(227.2,-5.4,278.227416997969));
#14053=CARTESIAN_POINT('',(152.6,-5.4,278.227416997969));
#14054=CARTESIAN_POINT('',(152.6,-5.4,278.227416997969));
#14055=CARTESIAN_POINT('',(120.8,-5.4,278.227416997969));
#14056=CARTESIAN_POINT('',(12.8000000000002,-5.4,278.227416997969));
#14057=CARTESIAN_POINT('',(120.8,-5.4,278.227416997969));
#14058=CARTESIAN_POINT('Origin',(12.8000000000003,-5.4,270.427416997969));
#14059=CARTESIAN_POINT('',(186.8,-5.4,270.427416997969));
#14060=CARTESIAN_POINT('',(186.8,-5.4,270.427416997969));
#14061=CARTESIAN_POINT('',(227.2,-5.4,270.427416997969));
#14062=CARTESIAN_POINT('',(227.2,-5.4,270.427416997969));
#14063=CARTESIAN_POINT('',(227.2,-5.4,270.427416997969));
#14064=CARTESIAN_POINT('Origin',(12.8000000000003,-5.4,270.427416997969));
#14065=CARTESIAN_POINT('',(153.8,-5.4,270.427416997969));
#14066=CARTESIAN_POINT('',(153.8,-5.4,270.427416997969));
#14067=CARTESIAN_POINT('',(185.6,-5.4,270.427416997969));
#14068=CARTESIAN_POINT('',(227.2,-5.4,270.427416997969));
#14069=CARTESIAN_POINT('',(185.6,-5.4,270.427416997969));
#14070=CARTESIAN_POINT('Origin',(12.8000000000003,-5.4,270.427416997969));
#14071=CARTESIAN_POINT('',(87.8,-5.4,270.427416997969));
#14072=CARTESIAN_POINT('',(87.8,-5.4,270.427416997969));
#14073=CARTESIAN_POINT('',(119.6,-5.4,270.427416997969));
#14074=CARTESIAN_POINT('',(227.2,-5.4,270.427416997969));
#14075=CARTESIAN_POINT('',(119.6,-5.4,270.427416997969));
#14076=CARTESIAN_POINT('Origin',(12.8000000000003,-5.4,270.427416997969));
#14077=CARTESIAN_POINT('',(53.6,-5.4,270.427416997969));
#14078=CARTESIAN_POINT('',(53.6,-5.4,270.427416997969));
#14079=CARTESIAN_POINT('',(12.8000000000002,-5.4,270.427416997969));
#14080=CARTESIAN_POINT('',(12.8000000000002,-5.4,270.427416997969));
#14081=CARTESIAN_POINT('',(227.2,-5.4,270.427416997969));
#14082=CARTESIAN_POINT('Origin',(12.8000000000003,-5.4,270.427416997969));
#14083=CARTESIAN_POINT('',(86.6,-5.4,270.427416997969));
#14084=CARTESIAN_POINT('',(86.6,-5.4,270.427416997969));
#14085=CARTESIAN_POINT('',(54.8,-5.4,270.427416997969));
#14086=CARTESIAN_POINT('',(54.8,-5.4,270.427416997969));
#14087=CARTESIAN_POINT('',(227.2,-5.4,270.427416997969));
#14088=CARTESIAN_POINT('Origin',(120.,-5.4,274.327416997969));
#14089=CARTESIAN_POINT('',(186.8,-5.4,270.427416997969));
#14090=CARTESIAN_POINT('',(227.2,-5.4,278.227416997969));
#14091=CARTESIAN_POINT('',(199.2,-5.4,274.327416997969));
#14092=CARTESIAN_POINT('Origin',(202.7,-5.4,274.327416997969));
#14093=CARTESIAN_POINT('Origin',(120.,-5.4,274.327416997969));
#14094=CARTESIAN_POINT('',(53.6,-5.4,278.227416997969));
#14095=CARTESIAN_POINT('',(12.8000000000002,-5.4,270.427416997969));
#14096=CARTESIAN_POINT('',(34.2,-5.4,274.327416997969));
#14097=CARTESIAN_POINT('Origin',(37.7,-5.4,274.327416997969));
#14098=CARTESIAN_POINT('Origin',(120.,-5.4,274.327416997969));
#14099=CARTESIAN_POINT('',(87.8,-5.4,270.427416997969));
#14100=CARTESIAN_POINT('',(119.6,-5.4,278.227416997969));
#14101=CARTESIAN_POINT('',(100.2,-5.4,274.327416997969));
#14102=CARTESIAN_POINT('Origin',(103.7,-5.4,274.327416997969));
#14103=CARTESIAN_POINT('Origin',(120.,-5.4,274.327416997969));
#14104=CARTESIAN_POINT('',(86.6,-5.4,278.227416997969));
#14105=CARTESIAN_POINT('',(54.8,-5.4,270.427416997969));
#14106=CARTESIAN_POINT('',(67.2,-5.4,274.327416997969));
#14107=CARTESIAN_POINT('Origin',(70.7,-5.4,274.327416997969));
#14108=CARTESIAN_POINT('Origin',(120.,-5.4,274.327416997969));
#14109=CARTESIAN_POINT('',(153.8,-5.4,270.427416997969));
#14110=CARTESIAN_POINT('',(185.6,-5.4,278.227416997969));
#14111=CARTESIAN_POINT('',(166.2,-5.4,274.327416997969));
#14112=CARTESIAN_POINT('Origin',(169.7,-5.4,274.327416997969));
#14113=CARTESIAN_POINT('Origin',(120.,-5.4,274.327416997969));
#14114=CARTESIAN_POINT('',(152.6,-5.4,270.427416997969));
#14115=CARTESIAN_POINT('',(152.6,-5.4,278.227416997969));
#14116=CARTESIAN_POINT('',(120.8,-5.4,270.427416997969));
#14117=CARTESIAN_POINT('',(227.2,-5.4,270.427416997969));
#14118=CARTESIAN_POINT('',(120.8,-5.4,270.427416997969));
#14119=CARTESIAN_POINT('',(133.2,-5.4,274.327416997969));
#14120=CARTESIAN_POINT('Origin',(136.7,-5.4,274.327416997969));
#14121=CARTESIAN_POINT('Origin',(202.7,-6.6,274.327416997969));
#14122=CARTESIAN_POINT('',(199.2,-6.6,274.327416997969));
#14123=CARTESIAN_POINT('Origin',(202.7,-6.6,274.327416997969));
#14124=CARTESIAN_POINT('',(199.2,-6.6,274.327416997969));
#14125=CARTESIAN_POINT('Origin',(169.7,-6.6,274.327416997969));
#14126=CARTESIAN_POINT('',(166.2,-6.6,274.327416997969));
#14127=CARTESIAN_POINT('Origin',(169.7,-6.6,274.327416997969));
#14128=CARTESIAN_POINT('',(166.2,-6.6,274.327416997969));
#14129=CARTESIAN_POINT('Origin',(136.7,-6.6,274.327416997969));
#14130=CARTESIAN_POINT('',(133.2,-6.6,274.327416997969));
#14131=CARTESIAN_POINT('Origin',(136.7,-6.6,274.327416997969));
#14132=CARTESIAN_POINT('',(133.2,-6.6,274.327416997969));
#14133=CARTESIAN_POINT('Origin',(103.7,-6.6,274.327416997969));
#14134=CARTESIAN_POINT('',(100.2,-6.6,274.327416997969));
#14135=CARTESIAN_POINT('Origin',(103.7,-6.6,274.327416997969));
#14136=CARTESIAN_POINT('',(100.2,-6.6,274.327416997969));
#14137=CARTESIAN_POINT('Origin',(70.7,-6.6,274.327416997969));
#14138=CARTESIAN_POINT('',(67.2,-6.6,274.327416997969));
#14139=CARTESIAN_POINT('Origin',(70.7,-6.6,274.327416997969));
#14140=CARTESIAN_POINT('',(67.2,-6.6,274.327416997969));
#14141=CARTESIAN_POINT('Origin',(229.6,-6.2,270.977416997969));
#14142=CARTESIAN_POINT('',(229.2,-6.6,280.227416997969));
#14143=CARTESIAN_POINT('',(229.2,-6.6,268.427416997969));
#14144=CARTESIAN_POINT('',(229.2,-6.6,270.977416997969));
#14145=CARTESIAN_POINT('',(230.,-5.8,267.627416997969));
#14146=CARTESIAN_POINT('',(229.2,-6.6,268.427416997969));
#14147=CARTESIAN_POINT('',(230.,-5.8,281.027416997969));
#14148=CARTESIAN_POINT('',(230.,-5.8,270.977416997969));
#14149=CARTESIAN_POINT('',(229.2,-6.6,280.227416997969));
#14150=CARTESIAN_POINT('Origin',(65.,-6.2,268.027416997969));
#14151=CARTESIAN_POINT('',(10.8,-6.6,268.427416997969));
#14152=CARTESIAN_POINT('',(65.,-6.6,268.427416997969));
#14153=CARTESIAN_POINT('',(10.,-5.8,267.627416997969));
#14154=CARTESIAN_POINT('',(10.8,-6.6,268.427416997969));
#14155=CARTESIAN_POINT('',(65.,-5.8,267.627416997969));
#14156=CARTESIAN_POINT('Origin',(10.4,-6.2,277.677416997969));
#14157=CARTESIAN_POINT('',(10.8,-6.6,280.227416997969));
#14158=CARTESIAN_POINT('',(10.8,-6.6,277.677416997969));
#14159=CARTESIAN_POINT('',(10.,-5.8,281.027416997969));
#14160=CARTESIAN_POINT('',(10.8,-6.6,280.227416997969));
#14161=CARTESIAN_POINT('',(10.,-5.8,277.677416997969));
#14162=CARTESIAN_POINT('Origin',(175.,-6.2,280.627416997969));
#14163=CARTESIAN_POINT('',(175.,-5.8,281.027416997969));
#14164=CARTESIAN_POINT('',(175.,-6.6,280.227416997969));
#14165=CARTESIAN_POINT('Origin',(230.,-5.4,281.027416997969));
#14166=CARTESIAN_POINT('',(230.,-5.4,281.027416997969));
#14167=CARTESIAN_POINT('',(230.,-5.4,281.027416997969));
#14168=CARTESIAN_POINT('',(10.,-5.4,281.027416997969));
#14169=CARTESIAN_POINT('',(10.,-5.4,281.027416997969));
#14170=CARTESIAN_POINT('',(10.,-5.4,281.027416997969));
#14171=CARTESIAN_POINT('Origin',(230.,-5.4,267.627416997969));
#14172=CARTESIAN_POINT('',(230.,-5.4,267.627416997969));
#14173=CARTESIAN_POINT('',(230.,-5.4,267.627416997969));
#14174=CARTESIAN_POINT('',(230.,-5.4,281.027416997969));
#14175=CARTESIAN_POINT('Origin',(120.,-6.6,274.327416997969));
#14176=CARTESIAN_POINT('',(34.2,-6.6,274.327416997969));
#14177=CARTESIAN_POINT('Origin',(37.7,-6.6,274.327416997969));
#14178=CARTESIAN_POINT('Origin',(37.7,-6.6,274.327416997969));
#14179=CARTESIAN_POINT('',(34.2,-6.6,274.327416997969));
#14180=CARTESIAN_POINT('Origin',(120.,-5.4,274.327416997969));
#14181=CARTESIAN_POINT('',(10.,-5.4,267.627416997969));
#14182=CARTESIAN_POINT('',(230.,-5.4,267.627416997969));
#14183=CARTESIAN_POINT('',(10.,-5.4,267.627416997969));
#14184=CARTESIAN_POINT('',(11.6000000000002,-5.4,269.227416997969));
#14185=CARTESIAN_POINT('',(11.6000000000002,-5.4,279.427416997969));
#14186=CARTESIAN_POINT('',(11.6000000000002,-5.4,269.227416997969));
#14187=CARTESIAN_POINT('',(228.4,-5.4,269.227416997969));
#14188=CARTESIAN_POINT('',(228.4,-5.4,269.227416997969));
#14189=CARTESIAN_POINT('',(228.4,-5.4,279.427416997969));
#14190=CARTESIAN_POINT('',(228.4,-5.4,279.427416997969));
#14191=CARTESIAN_POINT('',(11.6000000000002,-5.4,279.427416997969));
#14192=CARTESIAN_POINT('Origin',(10.,-5.4,281.027416997969));
#14193=CARTESIAN_POINT('',(10.,-5.4,267.627416997969));
#14194=CARTESIAN_POINT('Origin',(10.,-5.4,267.627416997969));
#14195=CARTESIAN_POINT('Origin',(227.2,-5.4,270.427416997969));
#14196=CARTESIAN_POINT('Origin',(12.8000000000003,-5.4,270.427416997969));
#14197=CARTESIAN_POINT('',(152.6,-5.4,270.427416997969));
#14198=CARTESIAN_POINT('',(120.8,-5.4,270.427416997969));
#14199=CARTESIAN_POINT('Origin',(12.8000000000002,-5.4,278.227416997969));
#14200=CARTESIAN_POINT('Origin',(11.6000000000002,-5.4,269.227416997969));
#14201=CARTESIAN_POINT('',(11.6000000000002,-5.4,279.427416997969));
#14202=CARTESIAN_POINT('',(11.6000000000002,-5.4,269.227416997969));
#14203=CARTESIAN_POINT('Origin',(228.4,-5.4,269.227416997969));
#14204=CARTESIAN_POINT('',(228.4,-5.4,269.227416997969));
#14205=CARTESIAN_POINT('Origin',(228.4,-5.4,279.427416997969));
#14206=CARTESIAN_POINT('',(228.4,-5.4,279.427416997969));
#14207=CARTESIAN_POINT('Origin',(11.6000000000002,-5.4,279.427416997969));
#14208=CARTESIAN_POINT('Origin',(186.8,-5.4,278.227416997969));
#14209=CARTESIAN_POINT('Origin',(185.6,-5.4,270.427416997969));
#14210=CARTESIAN_POINT('Origin',(120.8,-5.4,278.227416997969));
#14211=CARTESIAN_POINT('Origin',(119.6,-5.4,270.427416997969));
#14212=CARTESIAN_POINT('Origin',(54.8,-5.4,278.227416997969));
#14213=CARTESIAN_POINT('Origin',(53.6,-5.4,270.427416997969));
#14214=CARTESIAN_POINT('Origin',(87.8,-5.4,278.227416997969));
#14215=CARTESIAN_POINT('Origin',(86.6,-5.4,270.427416997969));
#14216=CARTESIAN_POINT('Origin',(153.8,-5.4,278.227416997969));
#14217=CARTESIAN_POINT('Origin',(152.6,-5.4,270.427416997969));
#14218=CARTESIAN_POINT('',(0.,0.,0.));
#14219=CARTESIAN_POINT('',(0.,0.,0.));
#14220=CARTESIAN_POINT('Origin',(37.7,-11.879393923934,255.748023074035));
#14221=CARTESIAN_POINT('',(50.4,-11.8793939239341,255.748023074035));
#14222=CARTESIAN_POINT('Origin',(37.7,-11.8793939239341,255.748023074035));
#14223=CARTESIAN_POINT('Origin',(37.7,-13.5764501987818,254.050966799188));
#14224=CARTESIAN_POINT('',(50.4,-12.8693434175952,254.758073580374));
#14225=CARTESIAN_POINT('',(50.4,-13.5764501987818,254.050966799188));
#14226=CARTESIAN_POINT('Origin',(37.7,-12.8693434175952,254.758073580374));
#14227=CARTESIAN_POINT('Origin',(37.7,-12.8693434175952,254.758073580374));
#14228=CARTESIAN_POINT('Origin',(37.7,-11.5258405333408,256.101576464629));
#14229=CARTESIAN_POINT('',(51.,-11.3137084989848,256.313708498985));
#14230=CARTESIAN_POINT('Origin',(37.7,-11.3137084989848,256.313708498985));
#14231=CARTESIAN_POINT('',(51.6,-11.7379725676967,255.889444430273));
#14232=CARTESIAN_POINT('',(51.3,-11.5258405333408,256.101576464629));
#14233=CARTESIAN_POINT('Origin',(37.7,-11.7379725676967,255.889444430273));
#14234=CARTESIAN_POINT('Origin',(37.7,-13.5764501987818,254.050966799188));
#14235=CARTESIAN_POINT('',(51.6,-13.1521861300698,254.4752308679));
#14236=CARTESIAN_POINT('',(51.6,-13.5764501987818,254.050966799188));
#14237=CARTESIAN_POINT('Origin',(37.7,-13.1521861300698,254.4752308679));
#14238=CARTESIAN_POINT('Origin',(37.7,-11.3137084989848,256.313708498985));
#14239=CARTESIAN_POINT('Origin',(37.7,-13.3643181644258,254.263098833544));
#14240=CARTESIAN_POINT('',(51.,-13.5764501987818,254.050966799188));
#14241=CARTESIAN_POINT('',(51.3,-13.3643181644258,254.263098833544));
#14242=CARTESIAN_POINT('Origin',(37.7,-13.5764501987818,254.050966799188));
#14243=CARTESIAN_POINT('Origin',(37.7,-13.5764501987818,254.050966799188));
#14244=CARTESIAN_POINT('',(43.725,-13.5764501987817,254.050966799188));
#14245=CARTESIAN_POINT('Origin',(37.7,-13.5764501987817,254.050966799188));
#14246=CARTESIAN_POINT('Origin',(37.7,-16.6170093578838,251.010407640086));
#14247=CARTESIAN_POINT('',(42.725,-16.970562748477,250.656854249492));
#14248=CARTESIAN_POINT('Origin',(37.7,-16.970562748477,250.656854249492));
#14249=CARTESIAN_POINT('',(43.725,-16.2634559672905,251.363961030679));
#14250=CARTESIAN_POINT('',(43.225,-16.6170093578838,251.010407640086));
#14251=CARTESIAN_POINT('Origin',(37.7,-16.2634559672905,251.363961030679));
#14252=CARTESIAN_POINT('Origin',(37.7,-16.9705627484771,250.656854249492));
#14253=CARTESIAN_POINT('',(41.725,-16.9705627484771,250.656854249492));
#14254=CARTESIAN_POINT('Origin',(37.7,-16.9705627484771,250.656854249492));
#14255=CARTESIAN_POINT('Origin',(37.7,-13.5764501987817,254.050966799188));
#14256=CARTESIAN_POINT('',(43.725,-13.5764501987817,254.050966799188));
#14257=CARTESIAN_POINT('Origin',(37.7,-13.5764501987817,254.050966799188));
#14258=CARTESIAN_POINT('',(41.725,-13.5764501987817,254.050966799188));
#14259=CARTESIAN_POINT('',(41.725,-13.5764501987817,254.050966799188));
#14260=CARTESIAN_POINT('Origin',(37.7,-13.5764501987817,254.050966799188));
#14261=CARTESIAN_POINT('Origin',(37.7,-13.5764501987818,254.050966799188));
#14262=CARTESIAN_POINT('',(0.,0.,0.));
#14263=CARTESIAN_POINT('Origin',(9.7,-1.7,253.681624648191));
#14264=CARTESIAN_POINT('',(9.4,-2.,264.627416997969));
#14265=CARTESIAN_POINT('',(10.,-1.4,264.627416997969));
#14266=CARTESIAN_POINT('',(9.7,-1.7,264.627416997969));
#14267=CARTESIAN_POINT('',(10.,-1.4,289.181623381593));
#14268=CARTESIAN_POINT('',(10.,-1.4,253.681624648191));
#14269=CARTESIAN_POINT('',(9.4,-2.,289.181623381593));
#14270=CARTESIAN_POINT('',(10.,-1.4,289.181623381593));
#14271=CARTESIAN_POINT('',(9.4,-2.,253.681624648191));
#14272=CARTESIAN_POINT('Origin',(8.,-1.7,289.181623381593));
#14273=CARTESIAN_POINT('',(8.,-1.4,291.181623381593));
#14274=CARTESIAN_POINT('Origin',(8.,-1.4,289.181623381593));
#14275=CARTESIAN_POINT('',(8.,-2.,290.581623381593));
#14276=CARTESIAN_POINT('',(8.,-1.4,291.181623381593));
#14277=CARTESIAN_POINT('Origin',(8.,-2.,289.181623381593));
#14278=CARTESIAN_POINT('Origin',(6.25000000000003,-1.7,290.881623381593));
#14279=CARTESIAN_POINT('',(-3.,-1.4,291.181623381593));
#14280=CARTESIAN_POINT('',(-3.,-2.,290.581623381593));
#14281=CARTESIAN_POINT('',(-3.,-1.4,291.181623381593));
#14282=CARTESIAN_POINT('',(6.25000000000003,-2.,290.581623381593));
#14283=CARTESIAN_POINT('',(6.25000000000003,-1.4,291.181623381593));
#14284=CARTESIAN_POINT('Origin',(-3.,-1.7,289.181623381593));
#14285=CARTESIAN_POINT('',(-5.,-1.4,289.181623381593));
#14286=CARTESIAN_POINT('Origin',(-3.,-1.4,289.181623381593));
#14287=CARTESIAN_POINT('',(-4.4,-2.,289.181623381593));
#14288=CARTESIAN_POINT('',(-5.,-1.4,289.181623381593));
#14289=CARTESIAN_POINT('Origin',(-3.,-2.,289.181623381593));
#14290=CARTESIAN_POINT('Origin',(-4.7,-1.7,278.681624648191));
#14291=CARTESIAN_POINT('',(-5.,-1.4,243.181623381593));
#14292=CARTESIAN_POINT('',(-4.4,-2.,243.181623381593));
#14293=CARTESIAN_POINT('',(-5.,-1.4,243.181623381593));
#14294=CARTESIAN_POINT('',(-4.4,-2.,278.681624648191));
#14295=CARTESIAN_POINT('',(-5.,-1.4,278.681624648191));
#14296=CARTESIAN_POINT('Origin',(-3.,-1.7,243.181623381593));
#14297=CARTESIAN_POINT('',(-3.,-1.4,241.181623381593));
#14298=CARTESIAN_POINT('Origin',(-3.,-1.4,243.181623381593));
#14299=CARTESIAN_POINT('',(-3.,-2.,241.781623381593));
#14300=CARTESIAN_POINT('',(-3.,-1.4,241.181623381593));
#14301=CARTESIAN_POINT('Origin',(-3.,-2.,243.181623381593));
#14302=CARTESIAN_POINT('Origin',(-1.24999999999997,-1.7,241.481623381593));
#14303=CARTESIAN_POINT('',(8.,-1.4,241.181623381593));
#14304=CARTESIAN_POINT('',(8.,-2.,241.781623381593));
#14305=CARTESIAN_POINT('',(8.,-1.4,241.181623381593));
#14306=CARTESIAN_POINT('',(-1.24999999999997,-2.,241.781623381593));
#14307=CARTESIAN_POINT('',(-1.24999999999997,-1.4,241.181623381593));
#14308=CARTESIAN_POINT('Origin',(8.,-1.7,243.181623381593));
#14309=CARTESIAN_POINT('',(10.,-1.4,243.181623381593));
#14310=CARTESIAN_POINT('Origin',(8.,-1.4,243.181623381593));
#14311=CARTESIAN_POINT('',(9.39999999999999,-2.,243.181623381593));
#14312=CARTESIAN_POINT('',(10.,-1.4,243.181623381593));
#14313=CARTESIAN_POINT('Origin',(8.,-2.,243.181623381593));
#14314=CARTESIAN_POINT('Origin',(9.7,-1.7,253.681624648191));
#14315=CARTESIAN_POINT('',(10.,-1.4,258.627416997969));
#14316=CARTESIAN_POINT('',(9.4,-2.,258.627416997969));
#14317=CARTESIAN_POINT('',(11.3127016653793,-0.0872983346207398,258.627416997969));
#14318=CARTESIAN_POINT('',(9.4,-2.,253.681624648191));
#14319=CARTESIAN_POINT('',(10.,-1.4,253.681624648191));
#14320=CARTESIAN_POINT('Origin',(8.,0.,243.181623381593));
#14321=CARTESIAN_POINT('',(8.,0.,241.181623381593));
#14322=CARTESIAN_POINT('',(8.,0.,241.181623381593));
#14323=CARTESIAN_POINT('',(10.,0.,243.181623381593));
#14324=CARTESIAN_POINT('Origin',(8.,-3.102272088454E-22,243.181623381593));
#14325=CARTESIAN_POINT('',(10.,0.,243.181623381593));
#14326=CARTESIAN_POINT('Origin',(-5.,0.,241.181623381593));
#14327=CARTESIAN_POINT('',(-3.,0.,241.181623381593));
#14328=CARTESIAN_POINT('',(-3.,0.,241.181623381593));
#14329=CARTESIAN_POINT('',(10.,0.,241.181623381593));
#14330=CARTESIAN_POINT('Origin',(-3.,0.,243.181623381593));
#14331=CARTESIAN_POINT('',(-5.,0.,243.181623381593));
#14332=CARTESIAN_POINT('',(-5.,0.,243.181623381593));
#14333=CARTESIAN_POINT('Origin',(-3.,-3.102272088454E-22,243.181623381593));
#14334=CARTESIAN_POINT('Origin',(-5.,0.,291.181623381593));
#14335=CARTESIAN_POINT('',(-5.,0.,289.181623381593));
#14336=CARTESIAN_POINT('',(-5.,0.,289.181623381593));
#14337=CARTESIAN_POINT('',(-5.,0.,241.181623381593));
#14338=CARTESIAN_POINT('Origin',(-3.,0.,289.181623381593));
#14339=CARTESIAN_POINT('',(-3.,0.,291.181623381593));
#14340=CARTESIAN_POINT('',(-3.,0.,291.181623381593));
#14341=CARTESIAN_POINT('Origin',(-3.,-3.102272088454E-22,289.181623381593));
#14342=CARTESIAN_POINT('Origin',(10.,0.,291.181623381593));
#14343=CARTESIAN_POINT('',(8.,0.,291.181623381593));
#14344=CARTESIAN_POINT('',(8.,0.,291.181623381593));
#14345=CARTESIAN_POINT('',(-5.,0.,291.181623381593));
#14346=CARTESIAN_POINT('Origin',(8.,0.,289.181623381593));
#14347=CARTESIAN_POINT('',(10.,0.,289.181623381593));
#14348=CARTESIAN_POINT('',(10.,0.,289.181623381593));
#14349=CARTESIAN_POINT('Origin',(8.,-3.102272088454E-22,289.181623381593));
#14350=CARTESIAN_POINT('Origin',(10.,0.,241.181623381593));
#14351=CARTESIAN_POINT('',(10.,0.,291.181623381593));
#14352=CARTESIAN_POINT('',(10.,-0.599999999999998,264.627416997969));
#14353=CARTESIAN_POINT('',(10.,-0.999999999999999,264.627416997969));
#14354=CARTESIAN_POINT('',(10.,-0.599999999999998,262.627416997969));
#14355=CARTESIAN_POINT('',(10.,-0.599999999999998,252.704520189781));
#14356=CARTESIAN_POINT('',(10.,-2.,262.627416997969));
#14357=CARTESIAN_POINT('',(10.,-0.999999999999999,262.627416997969));
#14358=CARTESIAN_POINT('',(10.,-2.,260.627416997969));
#14359=CARTESIAN_POINT('',(10.,-2.,291.181623381593));
#14360=CARTESIAN_POINT('',(10.,-0.599999999999998,260.627416997969));
#14361=CARTESIAN_POINT('',(10.,-0.999999999999999,260.627416997969));
#14362=CARTESIAN_POINT('',(10.,-0.599999999999998,258.627416997969));
#14363=CARTESIAN_POINT('',(10.,-0.599999999999998,250.104520189781));
#14364=CARTESIAN_POINT('',(10.,-0.999999999999999,258.627416997969));
#14365=CARTESIAN_POINT('Origin',(2.50000000000006,-2.,266.18162591479));
#14366=CARTESIAN_POINT('',(16.450806661517,-2.,258.627416997969));
#14367=CARTESIAN_POINT('',(10.,-2.,258.627416997969));
#14368=CARTESIAN_POINT('',(18.,-2.,260.627416997969));
#14369=CARTESIAN_POINT('Origin',(18.,-2.,259.027416997969));
#14370=CARTESIAN_POINT('',(18.,-2.,260.627416997969));
#14371=CARTESIAN_POINT('',(18.,-2.,262.627416997969));
#14372=CARTESIAN_POINT('',(10.,-2.,262.627416997969));
#14373=CARTESIAN_POINT('',(16.450806661517,-2.,264.627416997969));
#14374=CARTESIAN_POINT('Origin',(18.,-2.,264.227416997969));
#14375=CARTESIAN_POINT('',(18.,-2.,264.627416997969));
#14376=CARTESIAN_POINT('',(-1.10000073909759,-2.,244.709316981055));
#14377=CARTESIAN_POINT('',(-1.10000073909759,-2.,247.042195689895));
#14378=CARTESIAN_POINT('',(-1.10000073909757,-2.,256.611910802342));
#14379=CARTESIAN_POINT('',(-0.9919512271881,-2.,248.770981919982));
#14380=CARTESIAN_POINT('Ctrl Pts',(-1.10000073909759,-2.,247.042195689895));
#14381=CARTESIAN_POINT('Ctrl Pts',(-1.10278704918828,-2.,247.40816802114));
#14382=CARTESIAN_POINT('Ctrl Pts',(-1.10719780659728,-2.,247.987505969534));
#14383=CARTESIAN_POINT('Ctrl Pts',(-1.0229712182779,-2.,248.560100025469));
#14384=CARTESIAN_POINT('Ctrl Pts',(-0.9919512271881,-2.,248.770981919982));
#14385=CARTESIAN_POINT('',(-0.287176370620715,-2.,249.807271254279));
#14386=CARTESIAN_POINT('Ctrl Pts',(-0.9919512271881,-2.,248.770981919982));
#14387=CARTESIAN_POINT('Ctrl Pts',(-0.920449913912302,-2.,248.970097782313));
#14388=CARTESIAN_POINT('Ctrl Pts',(-0.774762076509137,-2.,249.375807244792));
#14389=CARTESIAN_POINT('Ctrl Pts',(-0.451689815854881,-2.,249.661693502844));
#14390=CARTESIAN_POINT('Ctrl Pts',(-0.287176370620715,-2.,249.807271254279));
#14391=CARTESIAN_POINT('',(1.11500620841981,-2.,250.224733841636));
#14392=CARTESIAN_POINT('Ctrl Pts',(-0.287176370620715,-2.,249.807271254279));
#14393=CARTESIAN_POINT('Ctrl Pts',(-0.0852139694142573,-2.,249.928907778083));
#14394=CARTESIAN_POINT('Ctrl Pts',(0.345097787645974,-2.,250.188072978971));
#14395=CARTESIAN_POINT('Ctrl Pts',(0.848088838465629,-2.,250.212023990985));
#14396=CARTESIAN_POINT('Ctrl Pts',(1.11500620841981,-2.,250.224733841636));
#14397=CARTESIAN_POINT('',(2.22987711429597,-2.,249.984078896262));
#14398=CARTESIAN_POINT('Ctrl Pts',(1.11500620841981,-2.,250.224733841636));
#14399=CARTESIAN_POINT('Ctrl Pts',(1.32133940973481,-2.,250.217694173745));
#14400=CARTESIAN_POINT('Ctrl Pts',(1.70801326776865,-2.,250.204501650558));
#14401=CARTESIAN_POINT('Ctrl Pts',(2.06389676220286,-2.,250.054185010358));
#14402=CARTESIAN_POINT('Ctrl Pts',(2.22987711429597,-2.,249.984078896262));
#14403=CARTESIAN_POINT('',(2.93956339359285,-2.,249.372619283416));
#14404=CARTESIAN_POINT('Ctrl Pts',(2.22987711429597,-2.,249.984078896262));
#14405=CARTESIAN_POINT('Ctrl Pts',(2.37089310363149,-2.,249.900578225097));
#14406=CARTESIAN_POINT('Ctrl Pts',(2.64401331347473,-2.,249.738853863638));
#14407=CARTESIAN_POINT('Ctrl Pts',(2.8432132971261,-2.,249.492012711155));
#14408=CARTESIAN_POINT('Ctrl Pts',(2.93956339359285,-2.,249.372619283416));
#14409=CARTESIAN_POINT('',(3.28090071678163,-2.,248.6187307956));
#14410=CARTESIAN_POINT('Ctrl Pts',(2.93956339359285,-2.,249.372619283416));
#14411=CARTESIAN_POINT('Ctrl Pts',(3.01768331306368,-2.,249.250999493589));
#14412=CARTESIAN_POINT('Ctrl Pts',(3.16844543960245,-2.,249.01628780587));
#14413=CARTESIAN_POINT('Ctrl Pts',(3.24433473169597,-2.,248.74800052907));
#14414=CARTESIAN_POINT('Ctrl Pts',(3.28090071678163,-2.,248.6187307956));
#14415=CARTESIAN_POINT('',(3.38403820991517,-2.,247.110954416015));
#14416=CARTESIAN_POINT('Ctrl Pts',(3.28090071678163,-2.,248.6187307956));
#14417=CARTESIAN_POINT('Ctrl Pts',(3.31081118189741,-2.,248.406626830789));
#14418=CARTESIAN_POINT('Ctrl Pts',(3.3813020035133,-2.,247.90675554194));
#14419=CARTESIAN_POINT('Ctrl Pts',(3.38303852455008,-2.,247.401703951052));
#14420=CARTESIAN_POINT('Ctrl Pts',(3.38403820991517,-2.,247.110954416015));
#14421=CARTESIAN_POINT('',(3.38403820991517,-2.,246.163068902709));
#14422=CARTESIAN_POINT('',(3.38403820991518,-2.,256.172347408749));
#14423=CARTESIAN_POINT('',(6.10000014305115,-2.,246.163068902709));
#14424=CARTESIAN_POINT('',(4.3000000715256,-2.,246.163068902709));
#14425=CARTESIAN_POINT('',(6.10000014305115,-2.,244.709316981055));
#14426=CARTESIAN_POINT('',(6.10000014305117,-2.,255.445471447923));
#14427=CARTESIAN_POINT('',(0.699999630451233,-2.,244.709316981055));
#14428=CARTESIAN_POINT('',(0.11800765991214,-2.,259.747789991118));
#14429=CARTESIAN_POINT('',(0.118007659912137,-2.,257.611364019133));
#14430=CARTESIAN_POINT('',(0.118007659912146,-2.,261.896494966962));
#14431=CARTESIAN_POINT('',(-1.10000073909757,-2.,257.611364019133));
#14432=CARTESIAN_POINT('',(0.699999630451245,-2.,257.611364019133));
#14433=CARTESIAN_POINT('',(-1.10000073909756,-2.,263.333055865981));
#14434=CARTESIAN_POINT('',(-1.10000073909755,-2.,264.757340890385));
#14435=CARTESIAN_POINT('',(0.118007659912148,-2.,263.333055865981));
#14436=CARTESIAN_POINT('',(1.3090038299561,-2.,263.333055865981));
#14437=CARTESIAN_POINT('',(0.118007659912144,-2.,261.201541316726));
#14438=CARTESIAN_POINT('',(0.118007659912149,-2.,263.691583615758));
#14439=CARTESIAN_POINT('',(6.10000014305118,-2.,261.201541316726));
#14440=CARTESIAN_POINT('',(4.30000007152562,-2.,261.201541316726));
#14441=CARTESIAN_POINT('',(6.10000014305118,-2.,259.747789991118));
#14442=CARTESIAN_POINT('',(6.10000014305119,-2.,262.964707952954));
#14443=CARTESIAN_POINT('',(1.3090038299561,-2.,259.747789991118));
#14444=CARTESIAN_POINT('',(2.23969936370854,-2.,267.620642078139));
#14445=CARTESIAN_POINT('',(2.23969936370855,-2.,270.754065406539));
#14446=CARTESIAN_POINT('',(2.23969936370855,-2.,268.467845660664));
#14447=CARTESIAN_POINT('',(5.107913017273,-2.,270.754065406539));
#14448=CARTESIAN_POINT('',(3.80395650863653,-2.,270.754065406539));
#14449=CARTESIAN_POINT('',(5.88635802268987,-2.,269.430463206984));
#14450=CARTESIAN_POINT('Ctrl Pts',(5.107913017273,-2.,270.754065406539));
#14451=CARTESIAN_POINT('Ctrl Pts',(5.25524555222785,-2.,270.572923649869));
#14452=CARTESIAN_POINT('Ctrl Pts',(5.58147208290998,-2.,270.171836090641));
#14453=CARTESIAN_POINT('Ctrl Pts',(5.77837931036947,-2.,269.693028576133));
#14454=CARTESIAN_POINT('Ctrl Pts',(5.88635802268987,-2.,269.430463206984));
#14455=CARTESIAN_POINT('',(6.22278332710271,-2.,267.674665343978));
#14456=CARTESIAN_POINT('Ctrl Pts',(5.88635802268987,-2.,269.430463206984));
#14457=CARTESIAN_POINT('Ctrl Pts',(5.98447799585244,-2.,269.142341501411));
#14458=CARTESIAN_POINT('Ctrl Pts',(6.17848018731859,-2.,268.572669084179));
#14459=CARTESIAN_POINT('Ctrl Pts',(6.20812961280435,-2.,267.971689218852));
#14460=CARTESIAN_POINT('Ctrl Pts',(6.22278332710271,-2.,267.674665343978));
#14461=CARTESIAN_POINT('',(5.74884057044987,-2.,265.70522536061));
#14462=CARTESIAN_POINT('Ctrl Pts',(6.22278332710271,-2.,267.674665343978));
#14463=CARTESIAN_POINT('Ctrl Pts',(6.20652306459166,-2.,267.31655388172));
#14464=CARTESIAN_POINT('Ctrl Pts',(6.17529714181203,-2.,266.628842913995));
#14465=CARTESIAN_POINT('Ctrl Pts',(5.88700868994573,-2.,266.004469197038));
#14466=CARTESIAN_POINT('Ctrl Pts',(5.74884057044987,-2.,265.70522536061));
#14467=CARTESIAN_POINT('',(4.39331531524662,-2.,264.443013560988));
#14468=CARTESIAN_POINT('Ctrl Pts',(5.74884057044987,-2.,265.70522536061));
#14469=CARTESIAN_POINT('Ctrl Pts',(5.57334241173711,-2.,265.442419651689));
#14470=CARTESIAN_POINT('Ctrl Pts',(5.22106135407391,-2.,264.91488435572));
#14471=CARTESIAN_POINT('Ctrl Pts',(4.66990067417987,-2.,264.60068577808));
#14472=CARTESIAN_POINT('Ctrl Pts',(4.39331531524662,-2.,264.443013560988));
#14473=CARTESIAN_POINT('',(2.47544288635258,-2.,264.020640742995));
#14474=CARTESIAN_POINT('Ctrl Pts',(4.39331531524662,-2.,264.443013560988));
#14475=CARTESIAN_POINT('Ctrl Pts',(4.09046776075289,-2.,264.319829439738));
#14476=CARTESIAN_POINT('Ctrl Pts',(3.47545966959667,-2.,264.069673114727));
#14477=CARTESIAN_POINT('Ctrl Pts',(2.81213005022199,-2.,264.037149036109));
#14478=CARTESIAN_POINT('Ctrl Pts',(2.47544288635258,-2.,264.020640742995));
#14479=CARTESIAN_POINT('',(0.476534366607707,-2.,264.492127788283));
#14480=CARTESIAN_POINT('Ctrl Pts',(2.47544288635258,-2.,264.020640742995));
#14481=CARTESIAN_POINT('Ctrl Pts',(2.11605562930692,-2.,264.037604693531));
#14482=CARTESIAN_POINT('Ctrl Pts',(1.41989641027315,-2.,264.070465097803));
#14483=CARTESIAN_POINT('Ctrl Pts',(0.784103633706433,-2.,264.35465089323));
#14484=CARTESIAN_POINT('Ctrl Pts',(0.476534366607707,-2.,264.492127788283));
#14485=CARTESIAN_POINT('',(-0.86425662040706,-2.,265.872208965041));
#14486=CARTESIAN_POINT('Ctrl Pts',(0.476534366607707,-2.,264.492127788283));
#14487=CARTESIAN_POINT('Ctrl Pts',(0.201543320954424,-2.,264.668620110412));
#14488=CARTESIAN_POINT('Ctrl Pts',(-0.352580843146433,-2.,265.024263183216));
#14489=CARTESIAN_POINT('Ctrl Pts',(-0.692850191285881,-2.,265.588155341614));
#14490=CARTESIAN_POINT('Ctrl Pts',(-0.86425662040706,-2.,265.872208965041));
#14491=CARTESIAN_POINT('',(-1.22278332710261,-2.,267.596084964492));
#14492=CARTESIAN_POINT('Ctrl Pts',(-0.86425662040706,-2.,265.872208965041));
#14493=CARTESIAN_POINT('Ctrl Pts',(-0.968680676894577,-2.,266.128070163731));
#14494=CARTESIAN_POINT('Ctrl Pts',(-1.19384181742213,-2.,266.679762956097));
#14495=CARTESIAN_POINT('Ctrl Pts',(-1.21268118364436,-2.,267.276239300428));
#14496=CARTESIAN_POINT('Ctrl Pts',(-1.22278332710261,-2.,267.596084964492));
#14497=CARTESIAN_POINT('',(-0.660436749458261,-2.,269.690763843276));
#14498=CARTESIAN_POINT('Ctrl Pts',(-1.22278332710261,-2.,267.596084964492));
#14499=CARTESIAN_POINT('Ctrl Pts',(-1.20960945629708,-2.,268.00370646697));
#14500=CARTESIAN_POINT('Ctrl Pts',(-1.18553901739105,-2.,268.748485933615));
#14501=CARTESIAN_POINT('Ctrl Pts',(-0.824071361399417,-2.,269.397127175708));
#14502=CARTESIAN_POINT('Ctrl Pts',(-0.660436749458261,-2.,269.690763843276));
#14503=CARTESIAN_POINT('',(0.893996953964287,-2.,270.660750758864));
#14504=CARTESIAN_POINT('Ctrl Pts',(-0.660436749458261,-2.,269.690763843276));
#14505=CARTESIAN_POINT('Ctrl Pts',(-0.451727300788055,-2.,269.920359531934));
#14506=CARTESIAN_POINT('Ctrl Pts',(-0.0253265360062738,-2.,270.389431621664));
#14507=CARTESIAN_POINT('Ctrl Pts',(0.583282467013293,-2.,270.569049864201));
#14508=CARTESIAN_POINT('Ctrl Pts',(0.893996953964287,-2.,270.660750758864));
#14509=CARTESIAN_POINT('',(1.16411983966832,-2.,269.216821086623));
#14510=CARTESIAN_POINT('',(1.46100977495423,-2.,267.629809361083));
#14511=CARTESIAN_POINT('',(0.326738953590443,-2.,268.644652259566));
#14512=CARTESIAN_POINT('Ctrl Pts',(1.16411983966832,-2.,269.216821086623));
#14513=CARTESIAN_POINT('Ctrl Pts',(0.997475672131205,-2.,269.156072319273));
#14514=CARTESIAN_POINT('Ctrl Pts',(0.669450116493019,-2.,269.036493287742));
#14515=CARTESIAN_POINT('Ctrl Pts',(0.439747573297349,-2.,268.773861396974));
#14516=CARTESIAN_POINT('Ctrl Pts',(0.326738953590443,-2.,268.644652259566));
#14517=CARTESIAN_POINT('',(0.0197815895081044,-2.,267.596084964492));
#14518=CARTESIAN_POINT('Ctrl Pts',(0.326738953590443,-2.,268.644652259566));
#14519=CARTESIAN_POINT('Ctrl Pts',(0.237272659313541,-2.,268.49112555968));
#14520=CARTESIAN_POINT('Ctrl Pts',(0.0487483523856502,-2.,268.16761249898));
#14521=CARTESIAN_POINT('Ctrl Pts',(0.0297592194534491,-2.,267.792948185515));
#14522=CARTESIAN_POINT('Ctrl Pts',(0.0197815895081044,-2.,267.596084964492));
#14523=CARTESIAN_POINT('',(0.623874068260237,-2.,266.080942046859));
#14524=CARTESIAN_POINT('Ctrl Pts',(0.0197815895081044,-2.,267.596084964492));
#14525=CARTESIAN_POINT('Ctrl Pts',(0.0405950103378649,-2.,267.29894817258));
#14526=CARTESIAN_POINT('Ctrl Pts',(0.0805943591388825,-2.,266.727909020559));
#14527=CARTESIAN_POINT('Ctrl Pts',(0.447760583017046,-2.,266.290667546749));
#14528=CARTESIAN_POINT('Ctrl Pts',(0.623874068260237,-2.,266.080942046859));
#14529=CARTESIAN_POINT('',(2.41650700569157,-2.,265.518593681075));
#14530=CARTESIAN_POINT('Ctrl Pts',(0.623874068260237,-2.,266.080942046859));
#14531=CARTESIAN_POINT('Ctrl Pts',(0.866239334686192,-2.,265.917350281976));
#14532=CARTESIAN_POINT('Ctrl Pts',(1.40482344835328,-2.,265.55381664949));
#14533=CARTESIAN_POINT('Ctrl Pts',(2.05752440601138,-2.,265.531092087991));
#14534=CARTESIAN_POINT('Ctrl Pts',(2.41650700569157,-2.,265.518593681075));
#14535=CARTESIAN_POINT('',(4.33929085731511,-2.,266.088306796767));
#14536=CARTESIAN_POINT('Ctrl Pts',(2.41650700569157,-2.,265.518593681075));
#14537=CARTESIAN_POINT('Ctrl Pts',(2.8018441255203,-2.,265.530054527785));
#14538=CARTESIAN_POINT('Ctrl Pts',(3.49663586565294,-2.,265.550719294347));
#14539=CARTESIAN_POINT('Ctrl Pts',(4.07962999045505,-2.,265.922651293302));
#14540=CARTESIAN_POINT('Ctrl Pts',(4.33929085731511,-2.,266.088306796767));
#14541=CARTESIAN_POINT('',(4.98021841049199,-2.,267.581350696303));
#14542=CARTESIAN_POINT('Ctrl Pts',(4.33929085731511,-2.,266.088306796767));
#14543=CARTESIAN_POINT('Ctrl Pts',(4.5262048553503,-2.,266.296075721975));
#14544=CARTESIAN_POINT('Ctrl Pts',(4.90810212615399,-2.,266.720583176359));
#14545=CARTESIAN_POINT('Ctrl Pts',(4.95584340028094,-2.,267.290414782444));
#14546=CARTESIAN_POINT('Ctrl Pts',(4.98021841049199,-2.,267.581350696303));
#14547=CARTESIAN_POINT('',(4.80095505714421,-2.,268.497311961867));
#14548=CARTESIAN_POINT('Ctrl Pts',(4.98021841049199,-2.,267.581350696303));
#14549=CARTESIAN_POINT('Ctrl Pts',(4.97218151206352,-2.,267.735143407891));
#14550=CARTESIAN_POINT('Ctrl Pts',(4.9557869455926,-2.,268.048867023452));
#14551=CARTESIAN_POINT('Ctrl Pts',(4.85323452004839,-2.,268.345893150424));
#14552=CARTESIAN_POINT('Ctrl Pts',(4.80095505714421,-2.,268.497311961867));
#14553=CARTESIAN_POINT('',(4.36630249023443,-2.,269.285581004836));
#14554=CARTESIAN_POINT('Ctrl Pts',(4.80095505714421,-2.,268.497311961867));
#14555=CARTESIAN_POINT('Ctrl Pts',(4.73999447650729,-2.,268.64238941796));
#14556=CARTESIAN_POINT('Ctrl Pts',(4.6230624527256,-2.,268.920670897053));
#14557=CARTESIAN_POINT('Ctrl Pts',(4.44941953755505,-2.,269.16745413489));
#14558=CARTESIAN_POINT('Ctrl Pts',(4.36630249023443,-2.,269.285581004836));
#14559=CARTESIAN_POINT('',(3.45279693603521,-2.,269.285581004836));
#14560=CARTESIAN_POINT('',(2.97639846801763,-2.,269.285581004836));
#14561=CARTESIAN_POINT('',(3.4527969360352,-2.,267.620642078139));
#14562=CARTESIAN_POINT('',(3.4527969360352,-2.,266.901133996465));
#14563=CARTESIAN_POINT('',(2.3698496818543,-2.,267.620642078139));
#14564=CARTESIAN_POINT('',(3.89972686767586,-2.,281.460749995925));
#14565=CARTESIAN_POINT('',(5.65061450004585,-2.,280.382716548659));
#14566=CARTESIAN_POINT('Ctrl Pts',(3.89972686767586,-2.,281.460749995925));
#14567=CARTESIAN_POINT('Ctrl Pts',(4.25956047577129,-2.,281.344550541241));
#14568=CARTESIAN_POINT('Ctrl Pts',(4.93284321603507,-2.,281.127130362841));
#14569=CARTESIAN_POINT('Ctrl Pts',(5.42260444751355,-2.,280.619189972239));
#14570=CARTESIAN_POINT('Ctrl Pts',(5.65061450004585,-2.,280.382716548659));
#14571=CARTESIAN_POINT('',(6.22278332710273,-2.,278.469755542495));
#14572=CARTESIAN_POINT('Ctrl Pts',(5.65061450004585,-2.,280.382716548659));
#14573=CARTESIAN_POINT('Ctrl Pts',(5.817361831775,-2.,280.104981719277));
#14574=CARTESIAN_POINT('Ctrl Pts',(6.17013014307198,-2.,279.517409817925));
#14575=CARTESIAN_POINT('Ctrl Pts',(6.20460442667388,-2.,278.831465914004));
#14576=CARTESIAN_POINT('Ctrl Pts',(6.22278332710273,-2.,278.469755542495));
#14577=CARTESIAN_POINT('',(5.24297475814826,-2.,276.112320316054));
#14578=CARTESIAN_POINT('Ctrl Pts',(6.22278332710273,-2.,278.469755542495));
#14579=CARTESIAN_POINT('Ctrl Pts',(6.18496019080551,-2.,278.015869437504));
#14580=CARTESIAN_POINT('Ctrl Pts',(6.11064390389058,-2.,277.124057353489));
#14581=CARTESIAN_POINT('Ctrl Pts',(5.52872641908048,-2.,276.445518217919));
#14582=CARTESIAN_POINT('Ctrl Pts',(5.24297475814826,-2.,276.112320316054));
#14583=CARTESIAN_POINT('',(2.56384730339057,-2.,275.188991916396));
#14584=CARTESIAN_POINT('Ctrl Pts',(5.24297475814826,-2.,276.112320316054));
#14585=CARTESIAN_POINT('Ctrl Pts',(4.87011042148431,-2.,275.843316634885));
#14586=CARTESIAN_POINT('Ctrl Pts',(4.07299186645468,-2.,275.268233945159));
#14587=CARTESIAN_POINT('Ctrl Pts',(3.08806149986697,-2.,275.216517308894));
#14588=CARTESIAN_POINT('Ctrl Pts',(2.56384730339057,-2.,275.188991916396));
#14589=CARTESIAN_POINT('',(-0.228240489959652,-2.,276.117231738784));
#14590=CARTESIAN_POINT('Ctrl Pts',(2.56384730339057,-2.,275.188991916396));
#14591=CARTESIAN_POINT('Ctrl Pts',(2.01341218620103,-2.,275.214295309593));
#14592=CARTESIAN_POINT('Ctrl Pts',(0.991109568265496,-2.,275.261290358238));
#14593=CARTESIAN_POINT('Ctrl Pts',(0.156837258092825,-2.,275.846920537286));
#14594=CARTESIAN_POINT('Ctrl Pts',(-0.228240489959652,-2.,276.117231738784));
#14595=CARTESIAN_POINT('',(-1.22278332710259,-2.,278.558161151625));
#14596=CARTESIAN_POINT('Ctrl Pts',(-0.228240489959652,-2.,276.117231738784));
#14597=CARTESIAN_POINT('Ctrl Pts',(-0.518242564391608,-2.,276.458179362732));
#14598=CARTESIAN_POINT('Ctrl Pts',(-1.11623099092001,-2.,277.16121824124));
#14599=CARTESIAN_POINT('Ctrl Pts',(-1.1865608338252,-2.,278.083270060607));
#14600=CARTESIAN_POINT('Ctrl Pts',(-1.22278332710259,-2.,278.558161151625));
#14601=CARTESIAN_POINT('',(-0.441883206367419,-2.,280.704409969069));
#14602=CARTESIAN_POINT('Ctrl Pts',(-1.22278332710259,-2.,278.558161151625));
#14603=CARTESIAN_POINT('Ctrl Pts',(-1.19606454918783,-2.,278.971523323427));
#14604=CARTESIAN_POINT('Ctrl Pts',(-1.14477853086659,-2.,279.764961555667));
#14605=CARTESIAN_POINT('Ctrl Pts',(-0.669535896669747,-2.,280.400142816825));
#14606=CARTESIAN_POINT('Ctrl Pts',(-0.441883206367419,-2.,280.704409969069));
#14607=CARTESIAN_POINT('',(0.884174108505325,-2.,281.441104305007));
#14608=CARTESIAN_POINT('Ctrl Pts',(-0.441883206367419,-2.,280.704409969069));
#14609=CARTESIAN_POINT('Ctrl Pts',(-0.261704153083003,-2.,280.86043219997));
#14610=CARTESIAN_POINT('Ctrl Pts',(0.128016893157615,-2.,281.197902876805));
#14611=CARTESIAN_POINT('Ctrl Pts',(0.619771534796566,-2.,281.356065000691));
#14612=CARTESIAN_POINT('Ctrl Pts',(0.884174108505325,-2.,281.441104305007));
#14613=CARTESIAN_POINT('',(1.22796714305885,-2.,280.002088439681));
#14614=CARTESIAN_POINT('',(2.82408004995704,-2.,273.321232328501));
#14615=CARTESIAN_POINT('',(0.343928933143687,-2.,279.46921099446));
#14616=CARTESIAN_POINT('Ctrl Pts',(1.22796714305885,-2.,280.002088439681));
#14617=CARTESIAN_POINT('Ctrl Pts',(1.0527489991207,-2.,279.949910843485));
#14618=CARTESIAN_POINT('Ctrl Pts',(0.711716251195919,-2.,279.848355898257));
#14619=CARTESIAN_POINT('Ctrl Pts',(0.464250186207659,-2.,279.593247870335));
#14620=CARTESIAN_POINT('Ctrl Pts',(0.343928933143687,-2.,279.46921099446));
#14621=CARTESIAN_POINT('',(0.0197815895081255,-2.,278.484489810683));
#14622=CARTESIAN_POINT('Ctrl Pts',(0.343928933143687,-2.,279.46921099446));
#14623=CARTESIAN_POINT('Ctrl Pts',(0.249409592246257,-2.,279.324136085157));
#14624=CARTESIAN_POINT('Ctrl Pts',(0.0545108367093528,-2.,279.024991814638));
#14625=CARTESIAN_POINT('Ctrl Pts',(0.031587750128963,-2.,278.668232735993));
#14626=CARTESIAN_POINT('Ctrl Pts',(0.0197815895081255,-2.,278.484489810683));
#14627=CARTESIAN_POINT('',(0.594406127929754,-2.,277.185444724776));
#14628=CARTESIAN_POINT('Ctrl Pts',(0.0197815895081255,-2.,278.484489810683));
#14629=CARTESIAN_POINT('Ctrl Pts',(0.0422903821453302,-2.,278.231485389109));
#14630=CARTESIAN_POINT('Ctrl Pts',(0.0866581723107218,-2.,277.732780404429));
#14631=CARTESIAN_POINT('Ctrl Pts',(0.426817427143427,-2.,277.366099859734));
#14632=CARTESIAN_POINT('Ctrl Pts',(0.594406127929754,-2.,277.185444724776));
#14633=CARTESIAN_POINT('',(2.45579838752753,-2.,276.686944854476));
#14634=CARTESIAN_POINT('Ctrl Pts',(0.594406127929754,-2.,277.185444724776));
#14635=CARTESIAN_POINT('Ctrl Pts',(0.83938643192859,-2.,277.040769734253));
#14636=CARTESIAN_POINT('Ctrl Pts',(1.40960043753918,-2.,276.704025495997));
#14637=CARTESIAN_POINT('Ctrl Pts',(2.07581100339673,-2.,276.693148678801));
#14638=CARTESIAN_POINT('Ctrl Pts',(2.45579838752753,-2.,276.686944854476));
#14639=CARTESIAN_POINT('',(4.40068244934089,-2.,277.178077590682));
#14640=CARTESIAN_POINT('Ctrl Pts',(2.45579838752753,-2.,276.686944854476));
#14641=CARTESIAN_POINT('Ctrl Pts',(2.85574474438982,-2.,276.691163611525));
#14642=CARTESIAN_POINT('Ctrl Pts',(3.54798840515647,-2.,276.698465610339));
#14643=CARTESIAN_POINT('Ctrl Pts',(4.14752876745859,-2.,277.035687082003));
#14644=CARTESIAN_POINT('Ctrl Pts',(4.40068244934089,-2.,277.178077590682));
#14645=CARTESIAN_POINT('',(4.98021841049201,-2.,278.455021274306));
#14646=CARTESIAN_POINT('Ctrl Pts',(4.40068244934089,-2.,277.178077590682));
#14647=CARTESIAN_POINT('Ctrl Pts',(4.56970892240548,-2.,277.355321897852));
#14648=CARTESIAN_POINT('Ctrl Pts',(4.91109262200015,-2.,277.7133032023));
#14649=CARTESIAN_POINT('Ctrl Pts',(4.95702709249437,-2.,278.206178981903));
#14650=CARTESIAN_POINT('Ctrl Pts',(4.98021841049201,-2.,278.455021274306));
#14651=CARTESIAN_POINT('',(4.61186885833747,-2.,279.452021014907));
#14652=CARTESIAN_POINT('Ctrl Pts',(4.98021841049201,-2.,278.455021274306));
#14653=CARTESIAN_POINT('Ctrl Pts',(4.9655621905202,-2.,278.64065916795));
#14654=CARTESIAN_POINT('Ctrl Pts',(4.93657084994407,-2.,279.007867862199));
#14655=CARTESIAN_POINT('Ctrl Pts',(4.71930071599043,-2.,279.305067194138));
#14656=CARTESIAN_POINT('Ctrl Pts',(4.61186885833747,-2.,279.452021014907));
#14657=CARTESIAN_POINT('',(3.45279693603523,-2.,280.051202666976));
#14658=CARTESIAN_POINT('Ctrl Pts',(4.61186885833747,-2.,279.452021014907));
#14659=CARTESIAN_POINT('Ctrl Pts',(4.46039481202744,-2.,279.583648961605));
#14660=CARTESIAN_POINT('Ctrl Pts',(4.12382867439183,-2.,279.876118270402));
#14661=CARTESIAN_POINT('Ctrl Pts',(3.69088896814137,-2.,279.989080121368));
#14662=CARTESIAN_POINT('Ctrl Pts',(3.45279693603523,-2.,280.051202666976));
#14663=CARTESIAN_POINT('',(1.63477238508165,-2.,274.317436659509));
#14664=CARTESIAN_POINT('',(2.7995908260346,-2.,271.927873981215));
#14665=CARTESIAN_POINT('',(2.79959082603461,-2.,274.638924491622));
#14666=CARTESIAN_POINT('',(2.7995908260346,-2.,270.410275203206));
#14667=CARTESIAN_POINT('',(4.17967319488532,-2.,274.638924491622));
#14668=CARTESIAN_POINT('',(3.33983659744269,-2.,274.638924491622));
#14669=CARTESIAN_POINT('',(4.17967319488531,-2.,271.927873981215));
#14670=CARTESIAN_POINT('',(4.17967319488531,-2.,269.054749948003));
#14671=CARTESIAN_POINT('',(2.64979541301733,-2.,271.927873981215));
#14672=CARTESIAN_POINT('',(-1.10000073909752,-2.,282.718055141188));
#14673=CARTESIAN_POINT('',(-1.10000073909751,-2.,287.653934848525));
#14674=CARTESIAN_POINT('',(-1.10000073909753,-2.,276.917780381657));
#14675=CARTESIAN_POINT('',(0.118007659912197,-2.,287.653934848525));
#14676=CARTESIAN_POINT('',(1.30900382995613,-2.,287.653934848525));
#14677=CARTESIAN_POINT('',(0.11800765991219,-2.,284.171802890517));
#14678=CARTESIAN_POINT('',(0.118007659912172,-2.,275.176714402654));
#14679=CARTESIAN_POINT('',(1.82223677635201,-2.,284.171802890517));
#14680=CARTESIAN_POINT('',(2.16111838817603,-2.,284.171802890517));
#14681=CARTESIAN_POINT('',(1.82223677635202,-2.,287.177536380507));
#14682=CARTESIAN_POINT('',(1.82223677635199,-2.,276.679581147649));
#14683=CARTESIAN_POINT('',(3.04024577140817,-2.,287.177536380507));
#14684=CARTESIAN_POINT('',(2.77012288570411,-2.,287.177536380507));
#14685=CARTESIAN_POINT('',(3.04024577140816,-2.,284.171802890517));
#14686=CARTESIAN_POINT('',(3.04024577140814,-2.,275.176714402654));
#14687=CARTESIAN_POINT('',(6.10000014305123,-2.,284.171802890517));
#14688=CARTESIAN_POINT('',(4.30000007152564,-2.,284.171802890517));
#14689=CARTESIAN_POINT('',(6.10000014305123,-2.,282.718055141188));
#14690=CARTESIAN_POINT('',(6.10000014305121,-2.,274.449840527989));
#14691=CARTESIAN_POINT('',(0.69999963045127,-2.,282.718055141188));
#14692=CARTESIAN_POINT('',(-1.10000073909758,-2.,251.418185126998));
#14693=CARTESIAN_POINT('',(-1.10000073909757,-2.,256.756794345595));
#14694=CARTESIAN_POINT('',(-1.10000073909756,-2.,261.469210130193));
#14695=CARTESIAN_POINT('',(0.118007659912135,-2.,256.756794345595));
#14696=CARTESIAN_POINT('',(1.3090038299561,-2.,256.756794345595));
#14697=CARTESIAN_POINT('',(0.118007659912127,-2.,252.871937644698));
#14698=CARTESIAN_POINT('',(0.11800765991214,-2.,259.526781779744));
#14699=CARTESIAN_POINT('',(1.71418786048891,-2.,252.871937644698));
#14700=CARTESIAN_POINT('',(2.10709393024448,-2.,252.871937644698));
#14701=CARTESIAN_POINT('',(1.71418786048892,-2.,256.486670863845));
#14702=CARTESIAN_POINT('',(1.71418786048893,-2.,261.334148389317));
#14703=CARTESIAN_POINT('',(2.92728483676913,-2.,256.486670863845));
#14704=CARTESIAN_POINT('',(2.71364241838459,-2.,256.486670863845));
#14705=CARTESIAN_POINT('',(2.92728483676912,-2.,252.871937644698));
#14706=CARTESIAN_POINT('',(2.92728483676914,-2.,259.526781779744));
#14707=CARTESIAN_POINT('',(4.8869037628174,-2.,252.871937644698));
#14708=CARTESIAN_POINT('',(3.69345188140873,-2.,252.871937644698));
#14709=CARTESIAN_POINT('',(4.88690376281741,-2.,256.894311797835));
#14710=CARTESIAN_POINT('',(4.88690376281742,-2.,261.537968856313));
#14711=CARTESIAN_POINT('',(6.10000014305117,-2.,256.894311797835));
#14712=CARTESIAN_POINT('',(4.30000007152562,-2.,256.894311797835));
#14713=CARTESIAN_POINT('',(6.10000014305116,-2.,251.418185126998));
#14714=CARTESIAN_POINT('',(6.10000014305118,-2.,258.799905520894));
#14715=CARTESIAN_POINT('',(0.699999630451239,-2.,251.418185126998));
#14716=CARTESIAN_POINT('Origin',(18.,-2.,259.027416997969));
#14717=CARTESIAN_POINT('',(16.450806661517,-0.599999999999998,258.627416997969));
#14718=CARTESIAN_POINT('',(16.450806661517,-2.,258.627416997969));
#14719=CARTESIAN_POINT('',(18.,-0.599999999999998,260.627416997969));
#14720=CARTESIAN_POINT('Origin',(18.,-0.599999999999998,259.027416997969));
#14721=CARTESIAN_POINT('',(18.,-2.,260.627416997969));
#14722=CARTESIAN_POINT('Origin',(10.,-2.,260.627416997969));
#14723=CARTESIAN_POINT('',(18.,-0.599999999999998,260.627416997969));
#14724=CARTESIAN_POINT('Origin',(16.450806661517,-2.,258.627416997969));
#14725=CARTESIAN_POINT('',(10.,-0.599999999999998,258.627416997969));
#14726=CARTESIAN_POINT('Origin',(14.8,-0.599999999999998,259.027416997969));
#14727=CARTESIAN_POINT('Origin',(18.,-2.,264.227416997969));
#14728=CARTESIAN_POINT('',(18.,-0.599999999999998,262.627416997969));
#14729=CARTESIAN_POINT('',(18.,-2.,262.627416997969));
#14730=CARTESIAN_POINT('',(16.450806661517,-0.599999999999998,264.627416997969));
#14731=CARTESIAN_POINT('Origin',(18.,-0.599999999999998,264.227416997969));
#14732=CARTESIAN_POINT('',(16.450806661517,-2.,264.627416997969));
#14733=CARTESIAN_POINT('Origin',(10.,-2.,264.627416997969));
#14734=CARTESIAN_POINT('',(18.,-0.599999999999998,264.627416997969));
#14735=CARTESIAN_POINT('Origin',(18.,-2.,262.627416997969));
#14736=CARTESIAN_POINT('',(10.,-0.599999999999998,262.627416997969));
#14737=CARTESIAN_POINT('Origin',(14.8,-0.599999999999998,264.227416997969));
#14738=CARTESIAN_POINT('Origin',(2.16111838817597,-1.4,246.958703291633));
#14739=CARTESIAN_POINT('',(2.16111838817597,-1.4,246.163068902709));
#14740=CARTESIAN_POINT('',(2.16111838817597,-1.4,246.958703291633));
#14741=CARTESIAN_POINT('',(2.16111838817597,-1.4,246.163068902709));
#14742=CARTESIAN_POINT('',(2.16111838817597,-2.,246.958703291633));
#14743=CARTESIAN_POINT('',(2.16111838817597,-1.4,246.958703291633));
#14744=CARTESIAN_POINT('',(2.16111838817597,-2.,246.163068902709));
#14745=CARTESIAN_POINT('',(2.16111838817599,-2.,256.570164603211));
#14746=CARTESIAN_POINT('',(2.16111838817597,-1.4,246.163068902709));
#14747=CARTESIAN_POINT('Ctrl Pts',(2.04815804958344,-1.4,248.107952964522));
#14748=CARTESIAN_POINT('Ctrl Pts',(2.04815804958344,-2.,248.107952964522));
#14749=CARTESIAN_POINT('Ctrl Pts',(2.08066964929748,-1.4,247.964387291387));
#14750=CARTESIAN_POINT('Ctrl Pts',(2.08066964929748,-2.,247.964387291387));
#14751=CARTESIAN_POINT('Ctrl Pts',(2.16615464906377,-1.4,247.58690012858));
#14752=CARTESIAN_POINT('Ctrl Pts',(2.16615464906377,-2.,247.58690012858));
#14753=CARTESIAN_POINT('Ctrl Pts',(2.16304523308481,-1.4,247.199047845656));
#14754=CARTESIAN_POINT('Ctrl Pts',(2.16304523308481,-2.,247.199047845656));
#14755=CARTESIAN_POINT('Ctrl Pts',(2.16111838817597,-1.4,246.958703291633));
#14756=CARTESIAN_POINT('Ctrl Pts',(2.16111838817597,-2.,246.958703291633));
#14757=CARTESIAN_POINT('',(2.04815804958344,-1.4,248.107952964522));
#14758=CARTESIAN_POINT('Ctrl Pts',(2.16111838817597,-1.4,246.958703291633));
#14759=CARTESIAN_POINT('Ctrl Pts',(2.16304523308481,-1.4,247.199047845656));
#14760=CARTESIAN_POINT('Ctrl Pts',(2.16615464906377,-1.4,247.58690012858));
#14761=CARTESIAN_POINT('Ctrl Pts',(2.08066964929748,-1.4,247.964387291387));
#14762=CARTESIAN_POINT('Ctrl Pts',(2.04815804958344,-1.4,248.107952964522));
#14763=CARTESIAN_POINT('',(2.04815804958344,-2.,248.107952964522));
#14764=CARTESIAN_POINT('',(2.04815804958344,-1.4,248.107952964522));
#14765=CARTESIAN_POINT('Ctrl Pts',(2.16111838817597,-2.,246.958703291633));
#14766=CARTESIAN_POINT('Ctrl Pts',(2.16304523308481,-2.,247.199047845656));
#14767=CARTESIAN_POINT('Ctrl Pts',(2.16615464906377,-2.,247.58690012858));
#14768=CARTESIAN_POINT('Ctrl Pts',(2.08066964929748,-2.,247.964387291387));
#14769=CARTESIAN_POINT('Ctrl Pts',(2.04815804958344,-2.,248.107952964522));
#14770=CARTESIAN_POINT('Ctrl Pts',(1.69454276561738,-1.4,248.562250626304));
#14771=CARTESIAN_POINT('Ctrl Pts',(1.69454276561738,-2.,248.562250626304));
#14772=CARTESIAN_POINT('Ctrl Pts',(1.76975195967486,-1.4,248.501378928641));
#14773=CARTESIAN_POINT('Ctrl Pts',(1.76975195967486,-2.,248.501378928641));
#14774=CARTESIAN_POINT('Ctrl Pts',(1.9228183386995,-1.4,248.377492341861));
#14775=CARTESIAN_POINT('Ctrl Pts',(1.9228183386995,-2.,248.377492341861));
#14776=CARTESIAN_POINT('Ctrl Pts',(2.00589905753719,-1.4,248.198829689247));
#14777=CARTESIAN_POINT('Ctrl Pts',(2.00589905753719,-2.,248.198829689247));
#14778=CARTESIAN_POINT('Ctrl Pts',(2.04815804958344,-1.4,248.107952964522));
#14779=CARTESIAN_POINT('Ctrl Pts',(2.04815804958344,-2.,248.107952964522));
#14780=CARTESIAN_POINT('',(1.69454276561738,-1.4,248.562250626304));
#14781=CARTESIAN_POINT('Ctrl Pts',(2.04815804958344,-1.4,248.107952964522));
#14782=CARTESIAN_POINT('Ctrl Pts',(2.00589905753719,-1.4,248.198829689247));
#14783=CARTESIAN_POINT('Ctrl Pts',(1.9228183386995,-1.4,248.377492341861));
#14784=CARTESIAN_POINT('Ctrl Pts',(1.76975195967486,-1.4,248.501378928641));
#14785=CARTESIAN_POINT('Ctrl Pts',(1.69454276561738,-1.4,248.562250626304));
#14786=CARTESIAN_POINT('',(1.69454276561738,-2.,248.562250626304));
#14787=CARTESIAN_POINT('',(1.69454276561738,-1.4,248.562250626304));
#14788=CARTESIAN_POINT('Ctrl Pts',(2.04815804958344,-2.,248.107952964522));
#14789=CARTESIAN_POINT('Ctrl Pts',(2.00589905753719,-2.,248.198829689247));
#14790=CARTESIAN_POINT('Ctrl Pts',(1.9228183386995,-2.,248.377492341861));
#14791=CARTESIAN_POINT('Ctrl Pts',(1.76975195967486,-2.,248.501378928641));
#14792=CARTESIAN_POINT('Ctrl Pts',(1.69454276561738,-2.,248.562250626304));
#14793=CARTESIAN_POINT('Ctrl Pts',(1.13465189933778,-1.4,248.726779711463));
#14794=CARTESIAN_POINT('Ctrl Pts',(1.13465189933778,-2.,248.726779711463));
#14795=CARTESIAN_POINT('Ctrl Pts',(1.23676369244037,-1.4,248.720614981326));
#14796=CARTESIAN_POINT('Ctrl Pts',(1.23676369244037,-2.,248.720614981326));
#14797=CARTESIAN_POINT('Ctrl Pts',(1.43614725348748,-1.4,248.708577724802));
#14798=CARTESIAN_POINT('Ctrl Pts',(1.43614725348748,-2.,248.708577724802));
#14799=CARTESIAN_POINT('Ctrl Pts',(1.60981619630464,-1.4,248.610230534898));
#14800=CARTESIAN_POINT('Ctrl Pts',(1.60981619630464,-2.,248.610230534898));
#14801=CARTESIAN_POINT('Ctrl Pts',(1.69454276561738,-1.4,248.562250626304));
#14802=CARTESIAN_POINT('Ctrl Pts',(1.69454276561738,-2.,248.562250626304));
#14803=CARTESIAN_POINT('',(1.13465189933778,-1.4,248.726779711463));
#14804=CARTESIAN_POINT('Ctrl Pts',(1.69454276561738,-1.4,248.562250626304));
#14805=CARTESIAN_POINT('Ctrl Pts',(1.60981619630464,-1.4,248.610230534898));
#14806=CARTESIAN_POINT('Ctrl Pts',(1.43614725348748,-1.4,248.708577724802));
#14807=CARTESIAN_POINT('Ctrl Pts',(1.23676369244037,-1.4,248.720614981326));
#14808=CARTESIAN_POINT('Ctrl Pts',(1.13465189933778,-1.4,248.726779711463));
#14809=CARTESIAN_POINT('',(1.13465189933778,-2.,248.726779711463));
#14810=CARTESIAN_POINT('',(1.13465189933778,-1.4,248.726779711463));
#14811=CARTESIAN_POINT('Ctrl Pts',(1.69454276561738,-2.,248.562250626304));
#14812=CARTESIAN_POINT('Ctrl Pts',(1.60981619630464,-2.,248.610230534898));
#14813=CARTESIAN_POINT('Ctrl Pts',(1.43614725348748,-2.,248.708577724802));
#14814=CARTESIAN_POINT('Ctrl Pts',(1.23676369244037,-2.,248.720614981326));
#14815=CARTESIAN_POINT('Ctrl Pts',(1.13465189933778,-2.,248.726779711463));
#14816=CARTESIAN_POINT('Ctrl Pts',(0.486357212066659,-1.4,248.495947611548));
#14817=CARTESIAN_POINT('Ctrl Pts',(0.486357212066659,-2.,248.495947611548));
#14818=CARTESIAN_POINT('Ctrl Pts',(0.57945485065383,-1.4,248.563248877898));
#14819=CARTESIAN_POINT('Ctrl Pts',(0.57945485065383,-2.,248.563248877898));
#14820=CARTESIAN_POINT('Ctrl Pts',(0.772709446679856,-1.4,248.702954666766));
#14821=CARTESIAN_POINT('Ctrl Pts',(0.772709446679856,-2.,248.702954666766));
#14822=CARTESIAN_POINT('Ctrl Pts',(1.01110170372316,-1.4,248.718646957454));
#14823=CARTESIAN_POINT('Ctrl Pts',(1.01110170372316,-2.,248.718646957454));
#14824=CARTESIAN_POINT('Ctrl Pts',(1.13465189933778,-1.4,248.726779711463));
#14825=CARTESIAN_POINT('Ctrl Pts',(1.13465189933778,-2.,248.726779711463));
#14826=CARTESIAN_POINT('',(0.486357212066659,-1.4,248.495947611548));
#14827=CARTESIAN_POINT('Ctrl Pts',(1.13465189933778,-1.4,248.726779711463));
#14828=CARTESIAN_POINT('Ctrl Pts',(1.01110170372316,-1.4,248.718646957454));
#14829=CARTESIAN_POINT('Ctrl Pts',(0.772709446679856,-1.4,248.702954666766));
#14830=CARTESIAN_POINT('Ctrl Pts',(0.57945485065383,-1.4,248.563248877898));
#14831=CARTESIAN_POINT('Ctrl Pts',(0.486357212066659,-1.4,248.495947611548));
#14832=CARTESIAN_POINT('',(0.486357212066659,-2.,248.495947611548));
#14833=CARTESIAN_POINT('',(0.486357212066659,-1.4,248.495947611548));
#14834=CARTESIAN_POINT('Ctrl Pts',(1.13465189933778,-2.,248.726779711463));
#14835=CARTESIAN_POINT('Ctrl Pts',(1.01110170372316,-2.,248.718646957454));
#14836=CARTESIAN_POINT('Ctrl Pts',(0.772709446679856,-2.,248.702954666766));
#14837=CARTESIAN_POINT('Ctrl Pts',(0.57945485065383,-2.,248.563248877898));
#14838=CARTESIAN_POINT('Ctrl Pts',(0.486357212066659,-2.,248.495947611548));
#14839=CARTESIAN_POINT('Ctrl Pts',(0.167121291160591,-1.4,247.911500227668));
#14840=CARTESIAN_POINT('Ctrl Pts',(0.167121291160591,-2.,247.911500227668));
#14841=CARTESIAN_POINT('Ctrl Pts',(0.195880137089434,-1.4,248.023796748126));
#14842=CARTESIAN_POINT('Ctrl Pts',(0.195880137089434,-2.,248.023796748126));
#14843=CARTESIAN_POINT('Ctrl Pts',(0.252736705699325,-1.4,248.245808258457));
#14844=CARTESIAN_POINT('Ctrl Pts',(0.252736705699325,-2.,248.245808258457));
#14845=CARTESIAN_POINT('Ctrl Pts',(0.409089729744485,-1.4,248.413216697454));
#14846=CARTESIAN_POINT('Ctrl Pts',(0.409089729744485,-2.,248.413216697454));
#14847=CARTESIAN_POINT('Ctrl Pts',(0.486357212066659,-1.4,248.495947611548));
#14848=CARTESIAN_POINT('Ctrl Pts',(0.486357212066659,-2.,248.495947611548));
#14849=CARTESIAN_POINT('',(0.167121291160591,-1.4,247.911500227668));
#14850=CARTESIAN_POINT('Ctrl Pts',(0.486357212066659,-1.4,248.495947611548));
#14851=CARTESIAN_POINT('Ctrl Pts',(0.409089729744485,-1.4,248.413216697454));
#14852=CARTESIAN_POINT('Ctrl Pts',(0.252736705699325,-1.4,248.245808258457));
#14853=CARTESIAN_POINT('Ctrl Pts',(0.195880137089434,-1.4,248.023796748126));
#14854=CARTESIAN_POINT('Ctrl Pts',(0.167121291160591,-1.4,247.911500227668));
#14855=CARTESIAN_POINT('',(0.167121291160591,-2.,247.911500227668));
#14856=CARTESIAN_POINT('',(0.167121291160591,-1.4,247.911500227668));
#14857=CARTESIAN_POINT('Ctrl Pts',(0.486357212066659,-2.,248.495947611548));
#14858=CARTESIAN_POINT('Ctrl Pts',(0.409089729744485,-2.,248.413216697454));
#14859=CARTESIAN_POINT('Ctrl Pts',(0.252736705699325,-2.,248.245808258457));
#14860=CARTESIAN_POINT('Ctrl Pts',(0.195880137089434,-2.,248.023796748126));
#14861=CARTESIAN_POINT('Ctrl Pts',(0.167121291160591,-2.,247.911500227668));
#14862=CARTESIAN_POINT('Ctrl Pts',(0.118007659912116,-1.4,246.865388047911));
#14863=CARTESIAN_POINT('Ctrl Pts',(0.118007659912116,-2.,246.865388047911));
#14864=CARTESIAN_POINT('Ctrl Pts',(0.116998852695932,-1.4,247.083820047042));
#14865=CARTESIAN_POINT('Ctrl Pts',(0.116998852695932,-2.,247.083820047042));
#14866=CARTESIAN_POINT('Ctrl Pts',(0.115383717772716,-1.4,247.433537162943));
#14867=CARTESIAN_POINT('Ctrl Pts',(0.115383717772716,-2.,247.433537162943));
#14868=CARTESIAN_POINT('Ctrl Pts',(0.152999998363413,-1.4,247.781044623718));
#14869=CARTESIAN_POINT('Ctrl Pts',(0.152999998363413,-2.,247.781044623718));
#14870=CARTESIAN_POINT('Ctrl Pts',(0.167121291160591,-1.4,247.911500227668));
#14871=CARTESIAN_POINT('Ctrl Pts',(0.167121291160591,-2.,247.911500227668));
#14872=CARTESIAN_POINT('',(0.118007659912116,-1.4,246.865388047911));
#14873=CARTESIAN_POINT('Ctrl Pts',(0.167121291160591,-1.4,247.911500227668));
#14874=CARTESIAN_POINT('Ctrl Pts',(0.152999998363413,-1.4,247.781044623718));
#14875=CARTESIAN_POINT('Ctrl Pts',(0.115383717772716,-1.4,247.433537162943));
#14876=CARTESIAN_POINT('Ctrl Pts',(0.116998852695932,-1.4,247.083820047042));
#14877=CARTESIAN_POINT('Ctrl Pts',(0.118007659912116,-1.4,246.865388047911));
#14878=CARTESIAN_POINT('',(0.118007659912116,-2.,246.865388047911));
#14879=CARTESIAN_POINT('',(0.118007659912116,-1.4,246.865388047911));
#14880=CARTESIAN_POINT('Ctrl Pts',(0.167121291160591,-2.,247.911500227668));
#14881=CARTESIAN_POINT('Ctrl Pts',(0.152999998363413,-2.,247.781044623718));
#14882=CARTESIAN_POINT('Ctrl Pts',(0.115383717772716,-2.,247.433537162943));
#14883=CARTESIAN_POINT('Ctrl Pts',(0.116998852695932,-2.,247.083820047042));
#14884=CARTESIAN_POINT('Ctrl Pts',(0.118007659912116,-2.,246.865388047911));
#14885=CARTESIAN_POINT('Origin',(0.118007659912115,-1.4,246.163068902709));
#14886=CARTESIAN_POINT('',(0.118007659912114,-1.4,246.163068902709));
#14887=CARTESIAN_POINT('',(0.118007659912116,-1.4,246.865388047911));
#14888=CARTESIAN_POINT('',(0.118007659912114,-2.,246.163068902709));
#14889=CARTESIAN_POINT('',(0.118007659912114,-1.4,246.163068902709));
#14890=CARTESIAN_POINT('',(0.118007659912134,-2.,256.172347408749));
#14891=CARTESIAN_POINT('Origin',(2.16111838817597,-1.4,246.163068902709));
#14892=CARTESIAN_POINT('',(0.118007659912114,-1.4,246.163068902709));
#14893=CARTESIAN_POINT('',(2.33055919408801,-2.,246.163068902709));
#14894=CARTESIAN_POINT('Origin',(-1.10000073909759,-1.4,247.042195689895));
#14895=CARTESIAN_POINT('',(-1.10000073909759,-1.4,244.709316981055));
#14896=CARTESIAN_POINT('',(-1.10000073909759,-1.4,247.042195689895));
#14897=CARTESIAN_POINT('',(-1.10000073909759,-1.4,244.709316981055));
#14898=CARTESIAN_POINT('',(-1.10000073909759,-1.4,247.042195689895));
#14899=CARTESIAN_POINT('',(-1.10000073909759,-1.4,244.709316981055));
#14900=CARTESIAN_POINT('Ctrl Pts',(-0.9919512271881,-1.4,248.770981919982));
#14901=CARTESIAN_POINT('Ctrl Pts',(-0.9919512271881,-2.,248.770981919982));
#14902=CARTESIAN_POINT('Ctrl Pts',(-1.0229712182779,-1.4,248.560100025469));
#14903=CARTESIAN_POINT('Ctrl Pts',(-1.0229712182779,-2.,248.560100025469));
#14904=CARTESIAN_POINT('Ctrl Pts',(-1.10719780659728,-1.4,247.987505969534));
#14905=CARTESIAN_POINT('Ctrl Pts',(-1.10719780659728,-2.,247.987505969534));
#14906=CARTESIAN_POINT('Ctrl Pts',(-1.10278704918828,-1.4,247.40816802114));
#14907=CARTESIAN_POINT('Ctrl Pts',(-1.10278704918828,-2.,247.40816802114));
#14908=CARTESIAN_POINT('Ctrl Pts',(-1.10000073909759,-1.4,247.042195689895));
#14909=CARTESIAN_POINT('Ctrl Pts',(-1.10000073909759,-2.,247.042195689895));
#14910=CARTESIAN_POINT('',(-0.9919512271881,-1.4,248.770981919982));
#14911=CARTESIAN_POINT('Ctrl Pts',(-1.10000073909759,-1.4,247.042195689895));
#14912=CARTESIAN_POINT('Ctrl Pts',(-1.10278704918828,-1.4,247.40816802114));
#14913=CARTESIAN_POINT('Ctrl Pts',(-1.10719780659728,-1.4,247.987505969534));
#14914=CARTESIAN_POINT('Ctrl Pts',(-1.0229712182779,-1.4,248.560100025469));
#14915=CARTESIAN_POINT('Ctrl Pts',(-0.9919512271881,-1.4,248.770981919982));
#14916=CARTESIAN_POINT('',(-0.9919512271881,-1.4,248.770981919982));
#14917=CARTESIAN_POINT('Ctrl Pts',(-0.287176370620715,-1.4,249.807271254279));
#14918=CARTESIAN_POINT('Ctrl Pts',(-0.287176370620715,-2.,249.807271254279));
#14919=CARTESIAN_POINT('Ctrl Pts',(-0.451689815854881,-1.4,249.661693502844));
#14920=CARTESIAN_POINT('Ctrl Pts',(-0.451689815854881,-2.,249.661693502844));
#14921=CARTESIAN_POINT('Ctrl Pts',(-0.774762076509137,-1.4,249.375807244792));
#14922=CARTESIAN_POINT('Ctrl Pts',(-0.774762076509137,-2.,249.375807244792));
#14923=CARTESIAN_POINT('Ctrl Pts',(-0.920449913912302,-1.4,248.970097782313));
#14924=CARTESIAN_POINT('Ctrl Pts',(-0.920449913912302,-2.,248.970097782313));
#14925=CARTESIAN_POINT('Ctrl Pts',(-0.9919512271881,-1.4,248.770981919982));
#14926=CARTESIAN_POINT('Ctrl Pts',(-0.9919512271881,-2.,248.770981919982));
#14927=CARTESIAN_POINT('',(-0.287176370620715,-1.4,249.807271254279));
#14928=CARTESIAN_POINT('Ctrl Pts',(-0.9919512271881,-1.4,248.770981919982));
#14929=CARTESIAN_POINT('Ctrl Pts',(-0.920449913912302,-1.4,248.970097782313));
#14930=CARTESIAN_POINT('Ctrl Pts',(-0.774762076509137,-1.4,249.375807244792));
#14931=CARTESIAN_POINT('Ctrl Pts',(-0.451689815854881,-1.4,249.661693502844));
#14932=CARTESIAN_POINT('Ctrl Pts',(-0.287176370620715,-1.4,249.807271254279));
#14933=CARTESIAN_POINT('',(-0.287176370620715,-1.4,249.807271254279));
#14934=CARTESIAN_POINT('Ctrl Pts',(1.11500620841981,-1.4,250.224733841636));
#14935=CARTESIAN_POINT('Ctrl Pts',(1.11500620841981,-2.,250.224733841636));
#14936=CARTESIAN_POINT('Ctrl Pts',(0.848088838465629,-1.4,250.212023990985));
#14937=CARTESIAN_POINT('Ctrl Pts',(0.848088838465629,-2.,250.212023990985));
#14938=CARTESIAN_POINT('Ctrl Pts',(0.345097787645974,-1.4,250.188072978971));
#14939=CARTESIAN_POINT('Ctrl Pts',(0.345097787645974,-2.,250.188072978971));
#14940=CARTESIAN_POINT('Ctrl Pts',(-0.0852139694142573,-1.4,249.928907778083));
#14941=CARTESIAN_POINT('Ctrl Pts',(-0.0852139694142573,-2.,249.928907778083));
#14942=CARTESIAN_POINT('Ctrl Pts',(-0.287176370620715,-1.4,249.807271254279));
#14943=CARTESIAN_POINT('Ctrl Pts',(-0.287176370620715,-2.,249.807271254279));
#14944=CARTESIAN_POINT('',(1.11500620841981,-1.4,250.224733841636));
#14945=CARTESIAN_POINT('Ctrl Pts',(-0.287176370620715,-1.4,249.807271254279));
#14946=CARTESIAN_POINT('Ctrl Pts',(-0.0852139694142573,-1.4,249.928907778083));
#14947=CARTESIAN_POINT('Ctrl Pts',(0.345097787645974,-1.4,250.188072978971));
#14948=CARTESIAN_POINT('Ctrl Pts',(0.848088838465629,-1.4,250.212023990985));
#14949=CARTESIAN_POINT('Ctrl Pts',(1.11500620841981,-1.4,250.224733841636));
#14950=CARTESIAN_POINT('',(1.11500620841981,-1.4,250.224733841636));
#14951=CARTESIAN_POINT('Ctrl Pts',(2.22987711429597,-1.4,249.984078896262));
#14952=CARTESIAN_POINT('Ctrl Pts',(2.22987711429597,-2.,249.984078896262));
#14953=CARTESIAN_POINT('Ctrl Pts',(2.06389676220286,-1.4,250.054185010358));
#14954=CARTESIAN_POINT('Ctrl Pts',(2.06389676220286,-2.,250.054185010358));
#14955=CARTESIAN_POINT('Ctrl Pts',(1.70801326776865,-1.4,250.204501650558));
#14956=CARTESIAN_POINT('Ctrl Pts',(1.70801326776865,-2.,250.204501650558));
#14957=CARTESIAN_POINT('Ctrl Pts',(1.32133940973481,-1.4,250.217694173745));
#14958=CARTESIAN_POINT('Ctrl Pts',(1.32133940973481,-2.,250.217694173745));
#14959=CARTESIAN_POINT('Ctrl Pts',(1.11500620841981,-1.4,250.224733841636));
#14960=CARTESIAN_POINT('Ctrl Pts',(1.11500620841981,-2.,250.224733841636));
#14961=CARTESIAN_POINT('',(2.22987711429597,-1.4,249.984078896262));
#14962=CARTESIAN_POINT('Ctrl Pts',(1.11500620841981,-1.4,250.224733841636));
#14963=CARTESIAN_POINT('Ctrl Pts',(1.32133940973481,-1.4,250.217694173745));
#14964=CARTESIAN_POINT('Ctrl Pts',(1.70801326776865,-1.4,250.204501650558));
#14965=CARTESIAN_POINT('Ctrl Pts',(2.06389676220286,-1.4,250.054185010358));
#14966=CARTESIAN_POINT('Ctrl Pts',(2.22987711429597,-1.4,249.984078896262));
#14967=CARTESIAN_POINT('',(2.22987711429597,-1.4,249.984078896262));
#14968=CARTESIAN_POINT('Ctrl Pts',(2.93956339359285,-1.4,249.372619283416));
#14969=CARTESIAN_POINT('Ctrl Pts',(2.93956339359285,-2.,249.372619283416));
#14970=CARTESIAN_POINT('Ctrl Pts',(2.8432132971261,-1.4,249.492012711155));
#14971=CARTESIAN_POINT('Ctrl Pts',(2.8432132971261,-2.,249.492012711155));
#14972=CARTESIAN_POINT('Ctrl Pts',(2.64401331347473,-1.4,249.738853863638));
#14973=CARTESIAN_POINT('Ctrl Pts',(2.64401331347473,-2.,249.738853863638));
#14974=CARTESIAN_POINT('Ctrl Pts',(2.37089310363149,-1.4,249.900578225097));
#14975=CARTESIAN_POINT('Ctrl Pts',(2.37089310363149,-2.,249.900578225097));
#14976=CARTESIAN_POINT('Ctrl Pts',(2.22987711429597,-1.4,249.984078896262));
#14977=CARTESIAN_POINT('Ctrl Pts',(2.22987711429597,-2.,249.984078896262));
#14978=CARTESIAN_POINT('',(2.93956339359285,-1.4,249.372619283416));
#14979=CARTESIAN_POINT('Ctrl Pts',(2.22987711429597,-1.4,249.984078896262));
#14980=CARTESIAN_POINT('Ctrl Pts',(2.37089310363149,-1.4,249.900578225097));
#14981=CARTESIAN_POINT('Ctrl Pts',(2.64401331347473,-1.4,249.738853863638));
#14982=CARTESIAN_POINT('Ctrl Pts',(2.8432132971261,-1.4,249.492012711155));
#14983=CARTESIAN_POINT('Ctrl Pts',(2.93956339359285,-1.4,249.372619283416));
#14984=CARTESIAN_POINT('',(2.93956339359285,-1.4,249.372619283416));
#14985=CARTESIAN_POINT('Ctrl Pts',(3.28090071678163,-1.4,248.6187307956));
#14986=CARTESIAN_POINT('Ctrl Pts',(3.28090071678163,-2.,248.6187307956));
#14987=CARTESIAN_POINT('Ctrl Pts',(3.24433473169597,-1.4,248.74800052907));
#14988=CARTESIAN_POINT('Ctrl Pts',(3.24433473169597,-2.,248.74800052907));
#14989=CARTESIAN_POINT('Ctrl Pts',(3.16844543960245,-1.4,249.01628780587));
#14990=CARTESIAN_POINT('Ctrl Pts',(3.16844543960245,-2.,249.01628780587));
#14991=CARTESIAN_POINT('Ctrl Pts',(3.01768331306368,-1.4,249.250999493589));
#14992=CARTESIAN_POINT('Ctrl Pts',(3.01768331306368,-2.,249.250999493589));
#14993=CARTESIAN_POINT('Ctrl Pts',(2.93956339359285,-1.4,249.372619283416));
#14994=CARTESIAN_POINT('Ctrl Pts',(2.93956339359285,-2.,249.372619283416));
#14995=CARTESIAN_POINT('',(3.28090071678163,-1.4,248.6187307956));
#14996=CARTESIAN_POINT('Ctrl Pts',(2.93956339359285,-1.4,249.372619283416));
#14997=CARTESIAN_POINT('Ctrl Pts',(3.01768331306368,-1.4,249.250999493589));
#14998=CARTESIAN_POINT('Ctrl Pts',(3.16844543960245,-1.4,249.01628780587));
#14999=CARTESIAN_POINT('Ctrl Pts',(3.24433473169597,-1.4,248.74800052907));
#15000=CARTESIAN_POINT('Ctrl Pts',(3.28090071678163,-1.4,248.6187307956));
#15001=CARTESIAN_POINT('',(3.28090071678163,-1.4,248.6187307956));
#15002=CARTESIAN_POINT('Ctrl Pts',(3.38403820991517,-1.4,247.110954416015));
#15003=CARTESIAN_POINT('Ctrl Pts',(3.38403820991517,-2.,247.110954416015));
#15004=CARTESIAN_POINT('Ctrl Pts',(3.38303852455008,-1.4,247.401703951052));
#15005=CARTESIAN_POINT('Ctrl Pts',(3.38303852455008,-2.,247.401703951052));
#15006=CARTESIAN_POINT('Ctrl Pts',(3.3813020035133,-1.4,247.90675554194));
#15007=CARTESIAN_POINT('Ctrl Pts',(3.3813020035133,-2.,247.90675554194));
#15008=CARTESIAN_POINT('Ctrl Pts',(3.31081118189741,-1.4,248.406626830789));
#15009=CARTESIAN_POINT('Ctrl Pts',(3.31081118189741,-2.,248.406626830789));
#15010=CARTESIAN_POINT('Ctrl Pts',(3.28090071678163,-1.4,248.6187307956));
#15011=CARTESIAN_POINT('Ctrl Pts',(3.28090071678163,-2.,248.6187307956));
#15012=CARTESIAN_POINT('',(3.38403820991517,-1.4,247.110954416015));
#15013=CARTESIAN_POINT('Ctrl Pts',(3.28090071678163,-1.4,248.6187307956));
#15014=CARTESIAN_POINT('Ctrl Pts',(3.31081118189741,-1.4,248.406626830789));
#15015=CARTESIAN_POINT('Ctrl Pts',(3.3813020035133,-1.4,247.90675554194));
#15016=CARTESIAN_POINT('Ctrl Pts',(3.38303852455008,-1.4,247.401703951052));
#15017=CARTESIAN_POINT('Ctrl Pts',(3.38403820991517,-1.4,247.110954416015));
#15018=CARTESIAN_POINT('',(3.38403820991517,-1.4,247.110954416015));
#15019=CARTESIAN_POINT('Origin',(3.38403820991517,-1.4,246.163068902709));
#15020=CARTESIAN_POINT('',(3.38403820991517,-1.4,246.163068902709));
#15021=CARTESIAN_POINT('',(3.38403820991517,-1.4,247.110954416015));
#15022=CARTESIAN_POINT('',(3.38403820991517,-1.4,246.163068902709));
#15023=CARTESIAN_POINT('Origin',(6.10000014305115,-1.4,246.163068902709));
#15024=CARTESIAN_POINT('',(6.10000014305115,-1.4,246.163068902709));
#15025=CARTESIAN_POINT('',(3.38403820991517,-1.4,246.163068902709));
#15026=CARTESIAN_POINT('',(6.10000014305115,-1.4,246.163068902709));
#15027=CARTESIAN_POINT('Origin',(6.10000014305115,-1.4,244.709316981055));
#15028=CARTESIAN_POINT('',(6.10000014305115,-1.4,244.709316981055));
#15029=CARTESIAN_POINT('',(6.10000014305115,-1.4,246.163068902709));
#15030=CARTESIAN_POINT('',(6.10000014305115,-1.4,244.709316981055));
#15031=CARTESIAN_POINT('Origin',(-1.10000073909759,-1.4,244.709316981055));
#15032=CARTESIAN_POINT('',(6.10000014305115,-1.4,244.709316981055));
#15033=CARTESIAN_POINT('Origin',(2.50000000000006,-1.4,266.18162591479));
#15034=CARTESIAN_POINT('Origin',(0.118007659912137,-1.4,257.611364019133));
#15035=CARTESIAN_POINT('',(0.11800765991214,-1.4,259.747789991118));
#15036=CARTESIAN_POINT('',(0.118007659912137,-1.4,257.611364019133));
#15037=CARTESIAN_POINT('',(0.118007659912142,-1.4,259.747789991118));
#15038=CARTESIAN_POINT('',(0.118007659912137,-1.4,257.611364019133));
#15039=CARTESIAN_POINT('',(0.11800765991214,-1.4,259.747789991118));
#15040=CARTESIAN_POINT('Origin',(-1.10000073909757,-1.4,257.611364019133));
#15041=CARTESIAN_POINT('',(-1.10000073909757,-1.4,257.611364019133));
#15042=CARTESIAN_POINT('',(0.118007659912137,-1.4,257.611364019133));
#15043=CARTESIAN_POINT('',(-1.10000073909757,-1.4,257.611364019133));
#15044=CARTESIAN_POINT('Origin',(-1.10000073909756,-1.4,263.333055865981));
#15045=CARTESIAN_POINT('',(-1.10000073909756,-1.4,263.333055865981));
#15046=CARTESIAN_POINT('',(-1.10000073909757,-1.4,257.611364019133));
#15047=CARTESIAN_POINT('',(-1.10000073909756,-1.4,263.333055865981));
#15048=CARTESIAN_POINT('Origin',(0.118007659912148,-1.4,263.333055865981));
#15049=CARTESIAN_POINT('',(0.118007659912148,-1.4,263.333055865981));
#15050=CARTESIAN_POINT('',(-1.10000073909756,-1.4,263.333055865981));
#15051=CARTESIAN_POINT('',(0.118007659912148,-1.4,263.333055865981));
#15052=CARTESIAN_POINT('Origin',(0.118007659912144,-1.4,261.201541316726));
#15053=CARTESIAN_POINT('',(0.118007659912144,-1.4,261.201541316726));
#15054=CARTESIAN_POINT('',(0.118007659912148,-1.4,263.333055865981));
#15055=CARTESIAN_POINT('',(0.118007659912144,-1.4,261.201541316726));
#15056=CARTESIAN_POINT('Origin',(6.10000014305118,-1.4,261.201541316726));
#15057=CARTESIAN_POINT('',(6.10000014305118,-1.4,261.201541316726));
#15058=CARTESIAN_POINT('',(0.118007659912144,-1.4,261.201541316726));
#15059=CARTESIAN_POINT('',(6.10000014305118,-1.4,261.201541316726));
#15060=CARTESIAN_POINT('Origin',(6.10000014305118,-1.4,259.747789991118));
#15061=CARTESIAN_POINT('',(6.10000014305118,-1.4,259.747789991118));
#15062=CARTESIAN_POINT('',(6.10000014305118,-1.4,261.201541316726));
#15063=CARTESIAN_POINT('',(6.10000014305118,-1.4,259.747789991118));
#15064=CARTESIAN_POINT('Origin',(0.11800765991214,-1.4,259.747789991118));
#15065=CARTESIAN_POINT('',(6.10000014305118,-1.4,259.747789991118));
#15066=CARTESIAN_POINT('Origin',(2.50000000000006,-1.4,266.18162591479));
#15067=CARTESIAN_POINT('Origin',(2.23969936370855,-1.4,270.754065406539));
#15068=CARTESIAN_POINT('',(2.23969936370854,-1.4,267.620642078139));
#15069=CARTESIAN_POINT('',(2.23969936370855,-1.4,270.754065406539));
#15070=CARTESIAN_POINT('',(2.23969936370854,-1.4,267.620642078139));
#15071=CARTESIAN_POINT('',(2.23969936370855,-1.4,270.754065406539));
#15072=CARTESIAN_POINT('',(2.23969936370854,-1.4,267.620642078139));
#15073=CARTESIAN_POINT('Origin',(5.107913017273,-1.4,270.754065406539));
#15074=CARTESIAN_POINT('',(5.107913017273,-1.4,270.754065406539));
#15075=CARTESIAN_POINT('',(2.23969936370855,-1.4,270.754065406539));
#15076=CARTESIAN_POINT('',(5.107913017273,-1.4,270.754065406539));
#15077=CARTESIAN_POINT('Ctrl Pts',(5.88635802268987,-1.4,269.430463206984));
#15078=CARTESIAN_POINT('Ctrl Pts',(5.88635802268987,-2.,269.430463206984));
#15079=CARTESIAN_POINT('Ctrl Pts',(5.77837931036947,-1.4,269.693028576133));
#15080=CARTESIAN_POINT('Ctrl Pts',(5.77837931036947,-2.,269.693028576133));
#15081=CARTESIAN_POINT('Ctrl Pts',(5.58147208290998,-1.4,270.171836090641));
#15082=CARTESIAN_POINT('Ctrl Pts',(5.58147208290998,-2.,270.171836090641));
#15083=CARTESIAN_POINT('Ctrl Pts',(5.25524555222785,-1.4,270.572923649869));
#15084=CARTESIAN_POINT('Ctrl Pts',(5.25524555222785,-2.,270.572923649869));
#15085=CARTESIAN_POINT('Ctrl Pts',(5.107913017273,-1.4,270.754065406539));
#15086=CARTESIAN_POINT('Ctrl Pts',(5.107913017273,-2.,270.754065406539));
#15087=CARTESIAN_POINT('',(5.88635802268987,-1.4,269.430463206984));
#15088=CARTESIAN_POINT('Ctrl Pts',(5.107913017273,-1.4,270.754065406539));
#15089=CARTESIAN_POINT('Ctrl Pts',(5.25524555222785,-1.4,270.572923649869));
#15090=CARTESIAN_POINT('Ctrl Pts',(5.58147208290998,-1.4,270.171836090641));
#15091=CARTESIAN_POINT('Ctrl Pts',(5.77837931036947,-1.4,269.693028576133));
#15092=CARTESIAN_POINT('Ctrl Pts',(5.88635802268987,-1.4,269.430463206984));
#15093=CARTESIAN_POINT('',(5.88635802268987,-1.4,269.430463206984));
#15094=CARTESIAN_POINT('Ctrl Pts',(6.22278332710271,-1.4,267.674665343978));
#15095=CARTESIAN_POINT('Ctrl Pts',(6.22278332710271,-2.,267.674665343978));
#15096=CARTESIAN_POINT('Ctrl Pts',(6.20812961280435,-1.4,267.971689218852));
#15097=CARTESIAN_POINT('Ctrl Pts',(6.20812961280435,-2.,267.971689218852));
#15098=CARTESIAN_POINT('Ctrl Pts',(6.17848018731859,-1.4,268.572669084179));
#15099=CARTESIAN_POINT('Ctrl Pts',(6.17848018731859,-2.,268.572669084179));
#15100=CARTESIAN_POINT('Ctrl Pts',(5.98447799585244,-1.4,269.142341501411));
#15101=CARTESIAN_POINT('Ctrl Pts',(5.98447799585244,-2.,269.142341501411));
#15102=CARTESIAN_POINT('Ctrl Pts',(5.88635802268987,-1.4,269.430463206984));
#15103=CARTESIAN_POINT('Ctrl Pts',(5.88635802268987,-2.,269.430463206984));
#15104=CARTESIAN_POINT('',(6.22278332710271,-1.4,267.674665343978));
#15105=CARTESIAN_POINT('Ctrl Pts',(5.88635802268987,-1.4,269.430463206984));
#15106=CARTESIAN_POINT('Ctrl Pts',(5.98447799585244,-1.4,269.142341501411));
#15107=CARTESIAN_POINT('Ctrl Pts',(6.17848018731859,-1.4,268.572669084179));
#15108=CARTESIAN_POINT('Ctrl Pts',(6.20812961280435,-1.4,267.971689218852));
#15109=CARTESIAN_POINT('Ctrl Pts',(6.22278332710271,-1.4,267.674665343978));
#15110=CARTESIAN_POINT('',(6.22278332710271,-1.4,267.674665343978));
#15111=CARTESIAN_POINT('Ctrl Pts',(5.74884057044987,-1.4,265.70522536061));
#15112=CARTESIAN_POINT('Ctrl Pts',(5.74884057044987,-2.,265.70522536061));
#15113=CARTESIAN_POINT('Ctrl Pts',(5.88700868994573,-1.4,266.004469197038));
#15114=CARTESIAN_POINT('Ctrl Pts',(5.88700868994573,-2.,266.004469197038));
#15115=CARTESIAN_POINT('Ctrl Pts',(6.17529714181203,-1.4,266.628842913995));
#15116=CARTESIAN_POINT('Ctrl Pts',(6.17529714181203,-2.,266.628842913995));
#15117=CARTESIAN_POINT('Ctrl Pts',(6.20652306459166,-1.4,267.31655388172));
#15118=CARTESIAN_POINT('Ctrl Pts',(6.20652306459166,-2.,267.31655388172));
#15119=CARTESIAN_POINT('Ctrl Pts',(6.22278332710271,-1.4,267.674665343978));
#15120=CARTESIAN_POINT('Ctrl Pts',(6.22278332710271,-2.,267.674665343978));
#15121=CARTESIAN_POINT('',(5.74884057044987,-1.4,265.70522536061));
#15122=CARTESIAN_POINT('Ctrl Pts',(6.22278332710271,-1.4,267.674665343978));
#15123=CARTESIAN_POINT('Ctrl Pts',(6.20652306459166,-1.4,267.31655388172));
#15124=CARTESIAN_POINT('Ctrl Pts',(6.17529714181203,-1.4,266.628842913995));
#15125=CARTESIAN_POINT('Ctrl Pts',(5.88700868994573,-1.4,266.004469197038));
#15126=CARTESIAN_POINT('Ctrl Pts',(5.74884057044987,-1.4,265.70522536061));
#15127=CARTESIAN_POINT('',(5.74884057044987,-1.4,265.70522536061));
#15128=CARTESIAN_POINT('Ctrl Pts',(4.39331531524662,-1.4,264.443013560988));
#15129=CARTESIAN_POINT('Ctrl Pts',(4.39331531524662,-2.,264.443013560988));
#15130=CARTESIAN_POINT('Ctrl Pts',(4.66990067417987,-1.4,264.60068577808));
#15131=CARTESIAN_POINT('Ctrl Pts',(4.66990067417987,-2.,264.60068577808));
#15132=CARTESIAN_POINT('Ctrl Pts',(5.22106135407391,-1.4,264.91488435572));
#15133=CARTESIAN_POINT('Ctrl Pts',(5.22106135407391,-2.,264.91488435572));
#15134=CARTESIAN_POINT('Ctrl Pts',(5.57334241173711,-1.4,265.442419651689));
#15135=CARTESIAN_POINT('Ctrl Pts',(5.57334241173711,-2.,265.442419651689));
#15136=CARTESIAN_POINT('Ctrl Pts',(5.74884057044987,-1.4,265.70522536061));
#15137=CARTESIAN_POINT('Ctrl Pts',(5.74884057044987,-2.,265.70522536061));
#15138=CARTESIAN_POINT('',(4.39331531524662,-1.4,264.443013560988));
#15139=CARTESIAN_POINT('Ctrl Pts',(5.74884057044987,-1.4,265.70522536061));
#15140=CARTESIAN_POINT('Ctrl Pts',(5.57334241173711,-1.4,265.442419651689));
#15141=CARTESIAN_POINT('Ctrl Pts',(5.22106135407391,-1.4,264.91488435572));
#15142=CARTESIAN_POINT('Ctrl Pts',(4.66990067417987,-1.4,264.60068577808));
#15143=CARTESIAN_POINT('Ctrl Pts',(4.39331531524662,-1.4,264.443013560988));
#15144=CARTESIAN_POINT('',(4.39331531524662,-1.4,264.443013560988));
#15145=CARTESIAN_POINT('Ctrl Pts',(2.47544288635258,-1.4,264.020640742995));
#15146=CARTESIAN_POINT('Ctrl Pts',(2.47544288635258,-2.,264.020640742995));
#15147=CARTESIAN_POINT('Ctrl Pts',(2.81213005022199,-1.4,264.037149036109));
#15148=CARTESIAN_POINT('Ctrl Pts',(2.81213005022199,-2.,264.037149036109));
#15149=CARTESIAN_POINT('Ctrl Pts',(3.47545966959667,-1.4,264.069673114727));
#15150=CARTESIAN_POINT('Ctrl Pts',(3.47545966959667,-2.,264.069673114727));
#15151=CARTESIAN_POINT('Ctrl Pts',(4.09046776075289,-1.4,264.319829439738));
#15152=CARTESIAN_POINT('Ctrl Pts',(4.09046776075289,-2.,264.319829439738));
#15153=CARTESIAN_POINT('Ctrl Pts',(4.39331531524662,-1.4,264.443013560988));
#15154=CARTESIAN_POINT('Ctrl Pts',(4.39331531524662,-2.,264.443013560988));
#15155=CARTESIAN_POINT('',(2.47544288635258,-1.4,264.020640742995));
#15156=CARTESIAN_POINT('Ctrl Pts',(4.39331531524662,-1.4,264.443013560988));
#15157=CARTESIAN_POINT('Ctrl Pts',(4.09046776075289,-1.4,264.319829439738));
#15158=CARTESIAN_POINT('Ctrl Pts',(3.47545966959667,-1.4,264.069673114727));
#15159=CARTESIAN_POINT('Ctrl Pts',(2.81213005022199,-1.4,264.037149036109));
#15160=CARTESIAN_POINT('Ctrl Pts',(2.47544288635258,-1.4,264.020640742995));
#15161=CARTESIAN_POINT('',(2.47544288635258,-1.4,264.020640742995));
#15162=CARTESIAN_POINT('Ctrl Pts',(0.476534366607707,-1.4,264.492127788283));
#15163=CARTESIAN_POINT('Ctrl Pts',(0.476534366607707,-2.,264.492127788283));
#15164=CARTESIAN_POINT('Ctrl Pts',(0.784103633706433,-1.4,264.35465089323));
#15165=CARTESIAN_POINT('Ctrl Pts',(0.784103633706433,-2.,264.35465089323));
#15166=CARTESIAN_POINT('Ctrl Pts',(1.41989641027315,-1.4,264.070465097803));
#15167=CARTESIAN_POINT('Ctrl Pts',(1.41989641027315,-2.,264.070465097803));
#15168=CARTESIAN_POINT('Ctrl Pts',(2.11605562930692,-1.4,264.037604693531));
#15169=CARTESIAN_POINT('Ctrl Pts',(2.11605562930692,-2.,264.037604693531));
#15170=CARTESIAN_POINT('Ctrl Pts',(2.47544288635258,-1.4,264.020640742995));
#15171=CARTESIAN_POINT('Ctrl Pts',(2.47544288635258,-2.,264.020640742995));
#15172=CARTESIAN_POINT('',(0.476534366607707,-1.4,264.492127788283));
#15173=CARTESIAN_POINT('Ctrl Pts',(2.47544288635258,-1.4,264.020640742995));
#15174=CARTESIAN_POINT('Ctrl Pts',(2.11605562930692,-1.4,264.037604693531));
#15175=CARTESIAN_POINT('Ctrl Pts',(1.41989641027315,-1.4,264.070465097803));
#15176=CARTESIAN_POINT('Ctrl Pts',(0.784103633706433,-1.4,264.35465089323));
#15177=CARTESIAN_POINT('Ctrl Pts',(0.476534366607707,-1.4,264.492127788283));
#15178=CARTESIAN_POINT('',(0.476534366607707,-1.4,264.492127788283));
#15179=CARTESIAN_POINT('Ctrl Pts',(-0.86425662040706,-1.4,265.872208965041));
#15180=CARTESIAN_POINT('Ctrl Pts',(-0.86425662040706,-2.,265.872208965041));
#15181=CARTESIAN_POINT('Ctrl Pts',(-0.692850191285881,-1.4,265.588155341614));
#15182=CARTESIAN_POINT('Ctrl Pts',(-0.692850191285881,-2.,265.588155341614));
#15183=CARTESIAN_POINT('Ctrl Pts',(-0.352580843146433,-1.4,265.024263183216));
#15184=CARTESIAN_POINT('Ctrl Pts',(-0.352580843146433,-2.,265.024263183216));
#15185=CARTESIAN_POINT('Ctrl Pts',(0.201543320954424,-1.4,264.668620110412));
#15186=CARTESIAN_POINT('Ctrl Pts',(0.201543320954424,-2.,264.668620110412));
#15187=CARTESIAN_POINT('Ctrl Pts',(0.476534366607707,-1.4,264.492127788283));
#15188=CARTESIAN_POINT('Ctrl Pts',(0.476534366607707,-2.,264.492127788283));
#15189=CARTESIAN_POINT('',(-0.86425662040706,-1.4,265.872208965041));
#15190=CARTESIAN_POINT('Ctrl Pts',(0.476534366607707,-1.4,264.492127788283));
#15191=CARTESIAN_POINT('Ctrl Pts',(0.201543320954424,-1.4,264.668620110412));
#15192=CARTESIAN_POINT('Ctrl Pts',(-0.352580843146433,-1.4,265.024263183216));
#15193=CARTESIAN_POINT('Ctrl Pts',(-0.692850191285881,-1.4,265.588155341614));
#15194=CARTESIAN_POINT('Ctrl Pts',(-0.86425662040706,-1.4,265.872208965041));
#15195=CARTESIAN_POINT('',(-0.86425662040706,-1.4,265.872208965041));
#15196=CARTESIAN_POINT('Ctrl Pts',(-1.22278332710261,-1.4,267.596084964492));
#15197=CARTESIAN_POINT('Ctrl Pts',(-1.22278332710261,-2.,267.596084964492));
#15198=CARTESIAN_POINT('Ctrl Pts',(-1.21268118364436,-1.4,267.276239300428));
#15199=CARTESIAN_POINT('Ctrl Pts',(-1.21268118364436,-2.,267.276239300428));
#15200=CARTESIAN_POINT('Ctrl Pts',(-1.19384181742213,-1.4,266.679762956097));
#15201=CARTESIAN_POINT('Ctrl Pts',(-1.19384181742213,-2.,266.679762956097));
#15202=CARTESIAN_POINT('Ctrl Pts',(-0.968680676894577,-1.4,266.128070163731));
#15203=CARTESIAN_POINT('Ctrl Pts',(-0.968680676894577,-2.,266.128070163731));
#15204=CARTESIAN_POINT('Ctrl Pts',(-0.86425662040706,-1.4,265.872208965041));
#15205=CARTESIAN_POINT('Ctrl Pts',(-0.86425662040706,-2.,265.872208965041));
#15206=CARTESIAN_POINT('',(-1.22278332710261,-1.4,267.596084964492));
#15207=CARTESIAN_POINT('Ctrl Pts',(-0.86425662040706,-1.4,265.872208965041));
#15208=CARTESIAN_POINT('Ctrl Pts',(-0.968680676894577,-1.4,266.128070163731));
#15209=CARTESIAN_POINT('Ctrl Pts',(-1.19384181742213,-1.4,266.679762956097));
#15210=CARTESIAN_POINT('Ctrl Pts',(-1.21268118364436,-1.4,267.276239300428));
#15211=CARTESIAN_POINT('Ctrl Pts',(-1.22278332710261,-1.4,267.596084964492));
#15212=CARTESIAN_POINT('',(-1.22278332710261,-1.4,267.596084964492));
#15213=CARTESIAN_POINT('Ctrl Pts',(-0.660436749458261,-1.4,269.690763843276));
#15214=CARTESIAN_POINT('Ctrl Pts',(-0.660436749458261,-2.,269.690763843276));
#15215=CARTESIAN_POINT('Ctrl Pts',(-0.824071361399417,-1.4,269.397127175708));
#15216=CARTESIAN_POINT('Ctrl Pts',(-0.824071361399417,-2.,269.397127175708));
#15217=CARTESIAN_POINT('Ctrl Pts',(-1.18553901739105,-1.4,268.748485933615));
#15218=CARTESIAN_POINT('Ctrl Pts',(-1.18553901739105,-2.,268.748485933615));
#15219=CARTESIAN_POINT('Ctrl Pts',(-1.20960945629708,-1.4,268.00370646697));
#15220=CARTESIAN_POINT('Ctrl Pts',(-1.20960945629708,-2.,268.00370646697));
#15221=CARTESIAN_POINT('Ctrl Pts',(-1.22278332710261,-1.4,267.596084964492));
#15222=CARTESIAN_POINT('Ctrl Pts',(-1.22278332710261,-2.,267.596084964492));
#15223=CARTESIAN_POINT('',(-0.660436749458261,-1.4,269.690763843276));
#15224=CARTESIAN_POINT('Ctrl Pts',(-1.22278332710261,-1.4,267.596084964492));
#15225=CARTESIAN_POINT('Ctrl Pts',(-1.20960945629708,-1.4,268.00370646697));
#15226=CARTESIAN_POINT('Ctrl Pts',(-1.18553901739105,-1.4,268.748485933615));
#15227=CARTESIAN_POINT('Ctrl Pts',(-0.824071361399417,-1.4,269.397127175708));
#15228=CARTESIAN_POINT('Ctrl Pts',(-0.660436749458261,-1.4,269.690763843276));
#15229=CARTESIAN_POINT('',(-0.660436749458261,-1.4,269.690763843276));
#15230=CARTESIAN_POINT('Ctrl Pts',(0.893996953964287,-1.4,270.660750758864));
#15231=CARTESIAN_POINT('Ctrl Pts',(0.893996953964287,-2.,270.660750758864));
#15232=CARTESIAN_POINT('Ctrl Pts',(0.583282467013293,-1.4,270.569049864201));
#15233=CARTESIAN_POINT('Ctrl Pts',(0.583282467013293,-2.,270.569049864201));
#15234=CARTESIAN_POINT('Ctrl Pts',(-0.0253265360062738,-1.4,270.389431621664));
#15235=CARTESIAN_POINT('Ctrl Pts',(-0.0253265360062738,-2.,270.389431621664));
#15236=CARTESIAN_POINT('Ctrl Pts',(-0.451727300788055,-1.4,269.920359531934));
#15237=CARTESIAN_POINT('Ctrl Pts',(-0.451727300788055,-2.,269.920359531934));
#15238=CARTESIAN_POINT('Ctrl Pts',(-0.660436749458261,-1.4,269.690763843276));
#15239=CARTESIAN_POINT('Ctrl Pts',(-0.660436749458261,-2.,269.690763843276));
#15240=CARTESIAN_POINT('',(0.893996953964287,-1.4,270.660750758864));
#15241=CARTESIAN_POINT('Ctrl Pts',(-0.660436749458261,-1.4,269.690763843276));
#15242=CARTESIAN_POINT('Ctrl Pts',(-0.451727300788055,-1.4,269.920359531934));
#15243=CARTESIAN_POINT('Ctrl Pts',(-0.0253265360062738,-1.4,270.389431621664));
#15244=CARTESIAN_POINT('Ctrl Pts',(0.583282467013293,-1.4,270.569049864201));
#15245=CARTESIAN_POINT('Ctrl Pts',(0.893996953964287,-1.4,270.660750758864));
#15246=CARTESIAN_POINT('',(0.893996953964287,-1.4,270.660750758864));
#15247=CARTESIAN_POINT('Origin',(1.16411983966832,-1.4,269.216821086623));
#15248=CARTESIAN_POINT('',(1.16411983966832,-1.4,269.216821086623));
#15249=CARTESIAN_POINT('',(0.893996953964287,-1.4,270.660750758864));
#15250=CARTESIAN_POINT('',(1.16411983966832,-1.4,269.216821086623));
#15251=CARTESIAN_POINT('Ctrl Pts',(0.326738953590443,-1.4,268.644652259566));
#15252=CARTESIAN_POINT('Ctrl Pts',(0.326738953590443,-2.,268.644652259566));
#15253=CARTESIAN_POINT('Ctrl Pts',(0.439747573297349,-1.4,268.773861396974));
#15254=CARTESIAN_POINT('Ctrl Pts',(0.439747573297349,-2.,268.773861396974));
#15255=CARTESIAN_POINT('Ctrl Pts',(0.669450116493019,-1.4,269.036493287742));
#15256=CARTESIAN_POINT('Ctrl Pts',(0.669450116493019,-2.,269.036493287742));
#15257=CARTESIAN_POINT('Ctrl Pts',(0.997475672131205,-1.4,269.156072319273));
#15258=CARTESIAN_POINT('Ctrl Pts',(0.997475672131205,-2.,269.156072319273));
#15259=CARTESIAN_POINT('Ctrl Pts',(1.16411983966832,-1.4,269.216821086623));
#15260=CARTESIAN_POINT('Ctrl Pts',(1.16411983966832,-2.,269.216821086623));
#15261=CARTESIAN_POINT('',(0.326738953590443,-1.4,268.644652259566));
#15262=CARTESIAN_POINT('Ctrl Pts',(1.16411983966832,-1.4,269.216821086623));
#15263=CARTESIAN_POINT('Ctrl Pts',(0.997475672131205,-1.4,269.156072319273));
#15264=CARTESIAN_POINT('Ctrl Pts',(0.669450116493019,-1.4,269.036493287742));
#15265=CARTESIAN_POINT('Ctrl Pts',(0.439747573297349,-1.4,268.773861396974));
#15266=CARTESIAN_POINT('Ctrl Pts',(0.326738953590443,-1.4,268.644652259566));
#15267=CARTESIAN_POINT('',(0.326738953590443,-1.4,268.644652259566));
#15268=CARTESIAN_POINT('Ctrl Pts',(0.0197815895081044,-1.4,267.596084964492));
#15269=CARTESIAN_POINT('Ctrl Pts',(0.0197815895081044,-2.,267.596084964492));
#15270=CARTESIAN_POINT('Ctrl Pts',(0.0297592194534491,-1.4,267.792948185515));
#15271=CARTESIAN_POINT('Ctrl Pts',(0.0297592194534491,-2.,267.792948185515));
#15272=CARTESIAN_POINT('Ctrl Pts',(0.0487483523856502,-1.4,268.16761249898));
#15273=CARTESIAN_POINT('Ctrl Pts',(0.0487483523856502,-2.,268.16761249898));
#15274=CARTESIAN_POINT('Ctrl Pts',(0.237272659313541,-1.4,268.49112555968));
#15275=CARTESIAN_POINT('Ctrl Pts',(0.237272659313541,-2.,268.49112555968));
#15276=CARTESIAN_POINT('Ctrl Pts',(0.326738953590443,-1.4,268.644652259566));
#15277=CARTESIAN_POINT('Ctrl Pts',(0.326738953590443,-2.,268.644652259566));
#15278=CARTESIAN_POINT('',(0.0197815895081044,-1.4,267.596084964492));
#15279=CARTESIAN_POINT('Ctrl Pts',(0.326738953590443,-1.4,268.644652259566));
#15280=CARTESIAN_POINT('Ctrl Pts',(0.237272659313541,-1.4,268.49112555968));
#15281=CARTESIAN_POINT('Ctrl Pts',(0.0487483523856502,-1.4,268.16761249898));
#15282=CARTESIAN_POINT('Ctrl Pts',(0.0297592194534491,-1.4,267.792948185515));
#15283=CARTESIAN_POINT('Ctrl Pts',(0.0197815895081044,-1.4,267.596084964492));
#15284=CARTESIAN_POINT('',(0.0197815895081044,-1.4,267.596084964492));
#15285=CARTESIAN_POINT('Ctrl Pts',(0.623874068260237,-1.4,266.080942046859));
#15286=CARTESIAN_POINT('Ctrl Pts',(0.623874068260237,-2.,266.080942046859));
#15287=CARTESIAN_POINT('Ctrl Pts',(0.447760583017046,-1.4,266.290667546749));
#15288=CARTESIAN_POINT('Ctrl Pts',(0.447760583017046,-2.,266.290667546749));
#15289=CARTESIAN_POINT('Ctrl Pts',(0.0805943591388825,-1.4,266.727909020559));
#15290=CARTESIAN_POINT('Ctrl Pts',(0.0805943591388825,-2.,266.727909020559));
#15291=CARTESIAN_POINT('Ctrl Pts',(0.0405950103378649,-1.4,267.29894817258));
#15292=CARTESIAN_POINT('Ctrl Pts',(0.0405950103378649,-2.,267.29894817258));
#15293=CARTESIAN_POINT('Ctrl Pts',(0.0197815895081044,-1.4,267.596084964492));
#15294=CARTESIAN_POINT('Ctrl Pts',(0.0197815895081044,-2.,267.596084964492));
#15295=CARTESIAN_POINT('',(0.623874068260237,-1.4,266.080942046859));
#15296=CARTESIAN_POINT('Ctrl Pts',(0.0197815895081044,-1.4,267.596084964492));
#15297=CARTESIAN_POINT('Ctrl Pts',(0.0405950103378649,-1.4,267.29894817258));
#15298=CARTESIAN_POINT('Ctrl Pts',(0.0805943591388825,-1.4,266.727909020559));
#15299=CARTESIAN_POINT('Ctrl Pts',(0.447760583017046,-1.4,266.290667546749));
#15300=CARTESIAN_POINT('Ctrl Pts',(0.623874068260237,-1.4,266.080942046859));
#15301=CARTESIAN_POINT('',(0.623874068260237,-1.4,266.080942046859));
#15302=CARTESIAN_POINT('Ctrl Pts',(2.41650700569157,-1.4,265.518593681075));
#15303=CARTESIAN_POINT('Ctrl Pts',(2.41650700569157,-2.,265.518593681075));
#15304=CARTESIAN_POINT('Ctrl Pts',(2.05752440601138,-1.4,265.531092087991));
#15305=CARTESIAN_POINT('Ctrl Pts',(2.05752440601138,-2.,265.531092087991));
#15306=CARTESIAN_POINT('Ctrl Pts',(1.40482344835328,-1.4,265.55381664949));
#15307=CARTESIAN_POINT('Ctrl Pts',(1.40482344835328,-2.,265.55381664949));
#15308=CARTESIAN_POINT('Ctrl Pts',(0.866239334686192,-1.4,265.917350281976));
#15309=CARTESIAN_POINT('Ctrl Pts',(0.866239334686192,-2.,265.917350281976));
#15310=CARTESIAN_POINT('Ctrl Pts',(0.623874068260237,-1.4,266.080942046859));
#15311=CARTESIAN_POINT('Ctrl Pts',(0.623874068260237,-2.,266.080942046859));
#15312=CARTESIAN_POINT('',(2.41650700569157,-1.4,265.518593681075));
#15313=CARTESIAN_POINT('Ctrl Pts',(0.623874068260237,-1.4,266.080942046859));
#15314=CARTESIAN_POINT('Ctrl Pts',(0.866239334686192,-1.4,265.917350281976));
#15315=CARTESIAN_POINT('Ctrl Pts',(1.40482344835328,-1.4,265.55381664949));
#15316=CARTESIAN_POINT('Ctrl Pts',(2.05752440601138,-1.4,265.531092087991));
#15317=CARTESIAN_POINT('Ctrl Pts',(2.41650700569157,-1.4,265.518593681075));
#15318=CARTESIAN_POINT('',(2.41650700569157,-1.4,265.518593681075));
#15319=CARTESIAN_POINT('Ctrl Pts',(4.33929085731511,-1.4,266.088306796767));
#15320=CARTESIAN_POINT('Ctrl Pts',(4.33929085731511,-2.,266.088306796767));
#15321=CARTESIAN_POINT('Ctrl Pts',(4.07962999045505,-1.4,265.922651293302));
#15322=CARTESIAN_POINT('Ctrl Pts',(4.07962999045505,-2.,265.922651293302));
#15323=CARTESIAN_POINT('Ctrl Pts',(3.49663586565294,-1.4,265.550719294347));
#15324=CARTESIAN_POINT('Ctrl Pts',(3.49663586565294,-2.,265.550719294347));
#15325=CARTESIAN_POINT('Ctrl Pts',(2.8018441255203,-1.4,265.530054527785));
#15326=CARTESIAN_POINT('Ctrl Pts',(2.8018441255203,-2.,265.530054527785));
#15327=CARTESIAN_POINT('Ctrl Pts',(2.41650700569157,-1.4,265.518593681075));
#15328=CARTESIAN_POINT('Ctrl Pts',(2.41650700569157,-2.,265.518593681075));
#15329=CARTESIAN_POINT('',(4.33929085731511,-1.4,266.088306796767));
#15330=CARTESIAN_POINT('Ctrl Pts',(2.41650700569157,-1.4,265.518593681075));
#15331=CARTESIAN_POINT('Ctrl Pts',(2.8018441255203,-1.4,265.530054527785));
#15332=CARTESIAN_POINT('Ctrl Pts',(3.49663586565294,-1.4,265.550719294347));
#15333=CARTESIAN_POINT('Ctrl Pts',(4.07962999045505,-1.4,265.922651293302));
#15334=CARTESIAN_POINT('Ctrl Pts',(4.33929085731511,-1.4,266.088306796767));
#15335=CARTESIAN_POINT('',(4.33929085731511,-1.4,266.088306796767));
#15336=CARTESIAN_POINT('Ctrl Pts',(4.98021841049199,-1.4,267.581350696303));
#15337=CARTESIAN_POINT('Ctrl Pts',(4.98021841049199,-2.,267.581350696303));
#15338=CARTESIAN_POINT('Ctrl Pts',(4.95584340028094,-1.4,267.290414782444));
#15339=CARTESIAN_POINT('Ctrl Pts',(4.95584340028094,-2.,267.290414782444));
#15340=CARTESIAN_POINT('Ctrl Pts',(4.90810212615399,-1.4,266.720583176359));
#15341=CARTESIAN_POINT('Ctrl Pts',(4.90810212615399,-2.,266.720583176359));
#15342=CARTESIAN_POINT('Ctrl Pts',(4.5262048553503,-1.4,266.296075721975));
#15343=CARTESIAN_POINT('Ctrl Pts',(4.5262048553503,-2.,266.296075721975));
#15344=CARTESIAN_POINT('Ctrl Pts',(4.33929085731511,-1.4,266.088306796767));
#15345=CARTESIAN_POINT('Ctrl Pts',(4.33929085731511,-2.,266.088306796767));
#15346=CARTESIAN_POINT('',(4.98021841049199,-1.4,267.581350696303));
#15347=CARTESIAN_POINT('Ctrl Pts',(4.33929085731511,-1.4,266.088306796767));
#15348=CARTESIAN_POINT('Ctrl Pts',(4.5262048553503,-1.4,266.296075721975));
#15349=CARTESIAN_POINT('Ctrl Pts',(4.90810212615399,-1.4,266.720583176359));
#15350=CARTESIAN_POINT('Ctrl Pts',(4.95584340028094,-1.4,267.290414782444));
#15351=CARTESIAN_POINT('Ctrl Pts',(4.98021841049199,-1.4,267.581350696303));
#15352=CARTESIAN_POINT('',(4.98021841049199,-1.4,267.581350696303));
#15353=CARTESIAN_POINT('Ctrl Pts',(4.80095505714421,-1.4,268.497311961867));
#15354=CARTESIAN_POINT('Ctrl Pts',(4.80095505714421,-2.,268.497311961867));
#15355=CARTESIAN_POINT('Ctrl Pts',(4.85323452004839,-1.4,268.345893150424));
#15356=CARTESIAN_POINT('Ctrl Pts',(4.85323452004839,-2.,268.345893150424));
#15357=CARTESIAN_POINT('Ctrl Pts',(4.9557869455926,-1.4,268.048867023452));
#15358=CARTESIAN_POINT('Ctrl Pts',(4.9557869455926,-2.,268.048867023452));
#15359=CARTESIAN_POINT('Ctrl Pts',(4.97218151206352,-1.4,267.735143407891));
#15360=CARTESIAN_POINT('Ctrl Pts',(4.97218151206352,-2.,267.735143407891));
#15361=CARTESIAN_POINT('Ctrl Pts',(4.98021841049199,-1.4,267.581350696303));
#15362=CARTESIAN_POINT('Ctrl Pts',(4.98021841049199,-2.,267.581350696303));
#15363=CARTESIAN_POINT('',(4.80095505714421,-1.4,268.497311961867));
#15364=CARTESIAN_POINT('Ctrl Pts',(4.98021841049199,-1.4,267.581350696303));
#15365=CARTESIAN_POINT('Ctrl Pts',(4.97218151206352,-1.4,267.735143407891));
#15366=CARTESIAN_POINT('Ctrl Pts',(4.9557869455926,-1.4,268.048867023452));
#15367=CARTESIAN_POINT('Ctrl Pts',(4.85323452004839,-1.4,268.345893150424));
#15368=CARTESIAN_POINT('Ctrl Pts',(4.80095505714421,-1.4,268.497311961867));
#15369=CARTESIAN_POINT('',(4.80095505714421,-1.4,268.497311961867));
#15370=CARTESIAN_POINT('Ctrl Pts',(4.36630249023443,-1.4,269.285581004836));
#15371=CARTESIAN_POINT('Ctrl Pts',(4.36630249023443,-2.,269.285581004836));
#15372=CARTESIAN_POINT('Ctrl Pts',(4.44941953755505,-1.4,269.16745413489));
#15373=CARTESIAN_POINT('Ctrl Pts',(4.44941953755505,-2.,269.16745413489));
#15374=CARTESIAN_POINT('Ctrl Pts',(4.6230624527256,-1.4,268.920670897053));
#15375=CARTESIAN_POINT('Ctrl Pts',(4.6230624527256,-2.,268.920670897053));
#15376=CARTESIAN_POINT('Ctrl Pts',(4.73999447650729,-1.4,268.64238941796));
#15377=CARTESIAN_POINT('Ctrl Pts',(4.73999447650729,-2.,268.64238941796));
#15378=CARTESIAN_POINT('Ctrl Pts',(4.80095505714421,-1.4,268.497311961867));
#15379=CARTESIAN_POINT('Ctrl Pts',(4.80095505714421,-2.,268.497311961867));
#15380=CARTESIAN_POINT('',(4.36630249023443,-1.4,269.285581004836));
#15381=CARTESIAN_POINT('Ctrl Pts',(4.80095505714421,-1.4,268.497311961867));
#15382=CARTESIAN_POINT('Ctrl Pts',(4.73999447650729,-1.4,268.64238941796));
#15383=CARTESIAN_POINT('Ctrl Pts',(4.6230624527256,-1.4,268.920670897053));
#15384=CARTESIAN_POINT('Ctrl Pts',(4.44941953755505,-1.4,269.16745413489));
#15385=CARTESIAN_POINT('Ctrl Pts',(4.36630249023443,-1.4,269.285581004836));
#15386=CARTESIAN_POINT('',(4.36630249023443,-1.4,269.285581004836));
#15387=CARTESIAN_POINT('Origin',(3.45279693603521,-1.4,269.285581004836));
#15388=CARTESIAN_POINT('',(3.45279693603521,-1.4,269.285581004836));
#15389=CARTESIAN_POINT('',(4.36630249023443,-1.4,269.285581004836));
#15390=CARTESIAN_POINT('',(3.45279693603521,-1.4,269.285581004836));
#15391=CARTESIAN_POINT('Origin',(3.4527969360352,-1.4,267.620642078139));
#15392=CARTESIAN_POINT('',(3.4527969360352,-1.4,267.620642078139));
#15393=CARTESIAN_POINT('',(3.45279693603521,-1.4,269.285581004836));
#15394=CARTESIAN_POINT('',(3.4527969360352,-1.4,267.620642078139));
#15395=CARTESIAN_POINT('Origin',(2.23969936370854,-1.4,267.620642078139));
#15396=CARTESIAN_POINT('',(3.4527969360352,-1.4,267.620642078139));
#15397=CARTESIAN_POINT('Origin',(2.50000000000006,-1.4,266.18162591479));
#15398=CARTESIAN_POINT('Ctrl Pts',(5.65061450004585,-1.4,280.382716548659));
#15399=CARTESIAN_POINT('Ctrl Pts',(5.65061450004585,-2.,280.382716548659));
#15400=CARTESIAN_POINT('Ctrl Pts',(5.42260444751355,-1.4,280.619189972239));
#15401=CARTESIAN_POINT('Ctrl Pts',(5.42260444751355,-2.,280.619189972239));
#15402=CARTESIAN_POINT('Ctrl Pts',(4.93284321603507,-1.4,281.127130362841));
#15403=CARTESIAN_POINT('Ctrl Pts',(4.93284321603507,-2.,281.127130362841));
#15404=CARTESIAN_POINT('Ctrl Pts',(4.25956047577129,-1.4,281.344550541241));
#15405=CARTESIAN_POINT('Ctrl Pts',(4.25956047577129,-2.,281.344550541241));
#15406=CARTESIAN_POINT('Ctrl Pts',(3.89972686767586,-1.4,281.460749995925));
#15407=CARTESIAN_POINT('Ctrl Pts',(3.89972686767586,-2.,281.460749995925));
#15408=CARTESIAN_POINT('',(3.89972686767586,-1.4,281.460749995925));
#15409=CARTESIAN_POINT('',(5.65061450004585,-1.4,280.382716548659));
#15410=CARTESIAN_POINT('Ctrl Pts',(3.89972686767586,-1.4,281.460749995925));
#15411=CARTESIAN_POINT('Ctrl Pts',(4.25956047577129,-1.4,281.344550541241));
#15412=CARTESIAN_POINT('Ctrl Pts',(4.93284321603507,-1.4,281.127130362841));
#15413=CARTESIAN_POINT('Ctrl Pts',(5.42260444751355,-1.4,280.619189972239));
#15414=CARTESIAN_POINT('Ctrl Pts',(5.65061450004585,-1.4,280.382716548659));
#15415=CARTESIAN_POINT('',(5.65061450004585,-1.4,280.382716548659));
#15416=CARTESIAN_POINT('',(3.89972686767586,-1.4,281.460749995925));
#15417=CARTESIAN_POINT('Ctrl Pts',(6.22278332710273,-1.4,278.469755542495));
#15418=CARTESIAN_POINT('Ctrl Pts',(6.22278332710273,-2.,278.469755542495));
#15419=CARTESIAN_POINT('Ctrl Pts',(6.20460442667388,-1.4,278.831465914004));
#15420=CARTESIAN_POINT('Ctrl Pts',(6.20460442667388,-2.,278.831465914004));
#15421=CARTESIAN_POINT('Ctrl Pts',(6.17013014307198,-1.4,279.517409817925));
#15422=CARTESIAN_POINT('Ctrl Pts',(6.17013014307198,-2.,279.517409817925));
#15423=CARTESIAN_POINT('Ctrl Pts',(5.817361831775,-1.4,280.104981719277));
#15424=CARTESIAN_POINT('Ctrl Pts',(5.817361831775,-2.,280.104981719277));
#15425=CARTESIAN_POINT('Ctrl Pts',(5.65061450004585,-1.4,280.382716548659));
#15426=CARTESIAN_POINT('Ctrl Pts',(5.65061450004585,-2.,280.382716548659));
#15427=CARTESIAN_POINT('',(6.22278332710273,-1.4,278.469755542495));
#15428=CARTESIAN_POINT('Ctrl Pts',(5.65061450004585,-1.4,280.382716548659));
#15429=CARTESIAN_POINT('Ctrl Pts',(5.817361831775,-1.4,280.104981719277));
#15430=CARTESIAN_POINT('Ctrl Pts',(6.17013014307198,-1.4,279.517409817925));
#15431=CARTESIAN_POINT('Ctrl Pts',(6.20460442667388,-1.4,278.831465914004));
#15432=CARTESIAN_POINT('Ctrl Pts',(6.22278332710273,-1.4,278.469755542495));
#15433=CARTESIAN_POINT('',(6.22278332710273,-1.4,278.469755542495));
#15434=CARTESIAN_POINT('Ctrl Pts',(5.24297475814826,-1.4,276.112320316054));
#15435=CARTESIAN_POINT('Ctrl Pts',(5.24297475814826,-2.,276.112320316054));
#15436=CARTESIAN_POINT('Ctrl Pts',(5.52872641908048,-1.4,276.445518217919));
#15437=CARTESIAN_POINT('Ctrl Pts',(5.52872641908048,-2.,276.445518217919));
#15438=CARTESIAN_POINT('Ctrl Pts',(6.11064390389058,-1.4,277.124057353489));
#15439=CARTESIAN_POINT('Ctrl Pts',(6.11064390389058,-2.,277.124057353489));
#15440=CARTESIAN_POINT('Ctrl Pts',(6.18496019080551,-1.4,278.015869437504));
#15441=CARTESIAN_POINT('Ctrl Pts',(6.18496019080551,-2.,278.015869437504));
#15442=CARTESIAN_POINT('Ctrl Pts',(6.22278332710273,-1.4,278.469755542495));
#15443=CARTESIAN_POINT('Ctrl Pts',(6.22278332710273,-2.,278.469755542495));
#15444=CARTESIAN_POINT('',(5.24297475814826,-1.4,276.112320316054));
#15445=CARTESIAN_POINT('Ctrl Pts',(6.22278332710273,-1.4,278.469755542495));
#15446=CARTESIAN_POINT('Ctrl Pts',(6.18496019080551,-1.4,278.015869437504));
#15447=CARTESIAN_POINT('Ctrl Pts',(6.11064390389058,-1.4,277.124057353489));
#15448=CARTESIAN_POINT('Ctrl Pts',(5.52872641908048,-1.4,276.445518217919));
#15449=CARTESIAN_POINT('Ctrl Pts',(5.24297475814826,-1.4,276.112320316054));
#15450=CARTESIAN_POINT('',(5.24297475814826,-1.4,276.112320316054));
#15451=CARTESIAN_POINT('Ctrl Pts',(2.56384730339057,-1.4,275.188991916396));
#15452=CARTESIAN_POINT('Ctrl Pts',(2.56384730339057,-2.,275.188991916396));
#15453=CARTESIAN_POINT('Ctrl Pts',(3.08806149986697,-1.4,275.216517308894));
#15454=CARTESIAN_POINT('Ctrl Pts',(3.08806149986697,-2.,275.216517308894));
#15455=CARTESIAN_POINT('Ctrl Pts',(4.07299186645468,-1.4,275.268233945159));
#15456=CARTESIAN_POINT('Ctrl Pts',(4.07299186645468,-2.,275.268233945159));
#15457=CARTESIAN_POINT('Ctrl Pts',(4.87011042148431,-1.4,275.843316634885));
#15458=CARTESIAN_POINT('Ctrl Pts',(4.87011042148431,-2.,275.843316634885));
#15459=CARTESIAN_POINT('Ctrl Pts',(5.24297475814826,-1.4,276.112320316054));
#15460=CARTESIAN_POINT('Ctrl Pts',(5.24297475814826,-2.,276.112320316054));
#15461=CARTESIAN_POINT('',(2.56384730339057,-1.4,275.188991916396));
#15462=CARTESIAN_POINT('Ctrl Pts',(5.24297475814826,-1.4,276.112320316054));
#15463=CARTESIAN_POINT('Ctrl Pts',(4.87011042148431,-1.4,275.843316634885));
#15464=CARTESIAN_POINT('Ctrl Pts',(4.07299186645468,-1.4,275.268233945159));
#15465=CARTESIAN_POINT('Ctrl Pts',(3.08806149986697,-1.4,275.216517308894));
#15466=CARTESIAN_POINT('Ctrl Pts',(2.56384730339057,-1.4,275.188991916396));
#15467=CARTESIAN_POINT('',(2.56384730339057,-1.4,275.188991916396));
#15468=CARTESIAN_POINT('Ctrl Pts',(-0.228240489959652,-1.4,276.117231738784));
#15469=CARTESIAN_POINT('Ctrl Pts',(-0.228240489959652,-2.,276.117231738784));
#15470=CARTESIAN_POINT('Ctrl Pts',(0.156837258092825,-1.4,275.846920537286));
#15471=CARTESIAN_POINT('Ctrl Pts',(0.156837258092825,-2.,275.846920537286));
#15472=CARTESIAN_POINT('Ctrl Pts',(0.991109568265496,-1.4,275.261290358238));
#15473=CARTESIAN_POINT('Ctrl Pts',(0.991109568265496,-2.,275.261290358238));
#15474=CARTESIAN_POINT('Ctrl Pts',(2.01341218620103,-1.4,275.214295309593));
#15475=CARTESIAN_POINT('Ctrl Pts',(2.01341218620103,-2.,275.214295309593));
#15476=CARTESIAN_POINT('Ctrl Pts',(2.56384730339057,-1.4,275.188991916396));
#15477=CARTESIAN_POINT('Ctrl Pts',(2.56384730339057,-2.,275.188991916396));
#15478=CARTESIAN_POINT('',(-0.228240489959652,-1.4,276.117231738784));
#15479=CARTESIAN_POINT('Ctrl Pts',(2.56384730339057,-1.4,275.188991916396));
#15480=CARTESIAN_POINT('Ctrl Pts',(2.01341218620103,-1.4,275.214295309593));
#15481=CARTESIAN_POINT('Ctrl Pts',(0.991109568265496,-1.4,275.261290358238));
#15482=CARTESIAN_POINT('Ctrl Pts',(0.156837258092825,-1.4,275.846920537286));
#15483=CARTESIAN_POINT('Ctrl Pts',(-0.228240489959652,-1.4,276.117231738784));
#15484=CARTESIAN_POINT('',(-0.228240489959652,-1.4,276.117231738784));
#15485=CARTESIAN_POINT('Ctrl Pts',(-1.22278332710259,-1.4,278.558161151625));
#15486=CARTESIAN_POINT('Ctrl Pts',(-1.22278332710259,-2.,278.558161151625));
#15487=CARTESIAN_POINT('Ctrl Pts',(-1.1865608338252,-1.4,278.083270060607));
#15488=CARTESIAN_POINT('Ctrl Pts',(-1.1865608338252,-2.,278.083270060607));
#15489=CARTESIAN_POINT('Ctrl Pts',(-1.11623099092001,-1.4,277.16121824124));
#15490=CARTESIAN_POINT('Ctrl Pts',(-1.11623099092001,-2.,277.16121824124));
#15491=CARTESIAN_POINT('Ctrl Pts',(-0.518242564391608,-1.4,276.458179362732));
#15492=CARTESIAN_POINT('Ctrl Pts',(-0.518242564391608,-2.,276.458179362732));
#15493=CARTESIAN_POINT('Ctrl Pts',(-0.228240489959652,-1.4,276.117231738784));
#15494=CARTESIAN_POINT('Ctrl Pts',(-0.228240489959652,-2.,276.117231738784));
#15495=CARTESIAN_POINT('',(-1.22278332710259,-1.4,278.558161151625));
#15496=CARTESIAN_POINT('Ctrl Pts',(-0.228240489959652,-1.4,276.117231738784));
#15497=CARTESIAN_POINT('Ctrl Pts',(-0.518242564391608,-1.4,276.458179362732));
#15498=CARTESIAN_POINT('Ctrl Pts',(-1.11623099092001,-1.4,277.16121824124));
#15499=CARTESIAN_POINT('Ctrl Pts',(-1.1865608338252,-1.4,278.083270060607));
#15500=CARTESIAN_POINT('Ctrl Pts',(-1.22278332710259,-1.4,278.558161151625));
#15501=CARTESIAN_POINT('',(-1.22278332710259,-1.4,278.558161151625));
#15502=CARTESIAN_POINT('Ctrl Pts',(-0.441883206367419,-1.4,280.704409969069));
#15503=CARTESIAN_POINT('Ctrl Pts',(-0.441883206367419,-2.,280.704409969069));
#15504=CARTESIAN_POINT('Ctrl Pts',(-0.669535896669747,-1.4,280.400142816825));
#15505=CARTESIAN_POINT('Ctrl Pts',(-0.669535896669747,-2.,280.400142816825));
#15506=CARTESIAN_POINT('Ctrl Pts',(-1.14477853086659,-1.4,279.764961555667));
#15507=CARTESIAN_POINT('Ctrl Pts',(-1.14477853086659,-2.,279.764961555667));
#15508=CARTESIAN_POINT('Ctrl Pts',(-1.19606454918783,-1.4,278.971523323427));
#15509=CARTESIAN_POINT('Ctrl Pts',(-1.19606454918783,-2.,278.971523323427));
#15510=CARTESIAN_POINT('Ctrl Pts',(-1.22278332710259,-1.4,278.558161151625));
#15511=CARTESIAN_POINT('Ctrl Pts',(-1.22278332710259,-2.,278.558161151625));
#15512=CARTESIAN_POINT('',(-0.441883206367419,-1.4,280.704409969069));
#15513=CARTESIAN_POINT('Ctrl Pts',(-1.22278332710259,-1.4,278.558161151625));
#15514=CARTESIAN_POINT('Ctrl Pts',(-1.19606454918783,-1.4,278.971523323427));
#15515=CARTESIAN_POINT('Ctrl Pts',(-1.14477853086659,-1.4,279.764961555667));
#15516=CARTESIAN_POINT('Ctrl Pts',(-0.669535896669747,-1.4,280.400142816825));
#15517=CARTESIAN_POINT('Ctrl Pts',(-0.441883206367419,-1.4,280.704409969069));
#15518=CARTESIAN_POINT('',(-0.441883206367419,-1.4,280.704409969069));
#15519=CARTESIAN_POINT('Ctrl Pts',(0.884174108505325,-1.4,281.441104305007));
#15520=CARTESIAN_POINT('Ctrl Pts',(0.884174108505325,-2.,281.441104305007));
#15521=CARTESIAN_POINT('Ctrl Pts',(0.619771534796566,-1.4,281.356065000691));
#15522=CARTESIAN_POINT('Ctrl Pts',(0.619771534796566,-2.,281.356065000691));
#15523=CARTESIAN_POINT('Ctrl Pts',(0.128016893157615,-1.4,281.197902876805));
#15524=CARTESIAN_POINT('Ctrl Pts',(0.128016893157615,-2.,281.197902876805));
#15525=CARTESIAN_POINT('Ctrl Pts',(-0.261704153083003,-1.4,280.86043219997));
#15526=CARTESIAN_POINT('Ctrl Pts',(-0.261704153083003,-2.,280.86043219997));
#15527=CARTESIAN_POINT('Ctrl Pts',(-0.441883206367419,-1.4,280.704409969069));
#15528=CARTESIAN_POINT('Ctrl Pts',(-0.441883206367419,-2.,280.704409969069));
#15529=CARTESIAN_POINT('',(0.884174108505325,-1.4,281.441104305007));
#15530=CARTESIAN_POINT('Ctrl Pts',(-0.441883206367419,-1.4,280.704409969069));
#15531=CARTESIAN_POINT('Ctrl Pts',(-0.261704153083003,-1.4,280.86043219997));
#15532=CARTESIAN_POINT('Ctrl Pts',(0.128016893157615,-1.4,281.197902876805));
#15533=CARTESIAN_POINT('Ctrl Pts',(0.619771534796566,-1.4,281.356065000691));
#15534=CARTESIAN_POINT('Ctrl Pts',(0.884174108505325,-1.4,281.441104305007));
#15535=CARTESIAN_POINT('',(0.884174108505325,-1.4,281.441104305007));
#15536=CARTESIAN_POINT('Origin',(1.22796714305885,-1.4,280.002088439681));
#15537=CARTESIAN_POINT('',(1.22796714305885,-1.4,280.002088439681));
#15538=CARTESIAN_POINT('',(0.884174108505325,-1.4,281.441104305007));
#15539=CARTESIAN_POINT('',(1.22796714305885,-1.4,280.002088439681));
#15540=CARTESIAN_POINT('Ctrl Pts',(0.343928933143687,-1.4,279.46921099446));
#15541=CARTESIAN_POINT('Ctrl Pts',(0.343928933143687,-2.,279.46921099446));
#15542=CARTESIAN_POINT('Ctrl Pts',(0.464250186207659,-1.4,279.593247870335));
#15543=CARTESIAN_POINT('Ctrl Pts',(0.464250186207659,-2.,279.593247870335));
#15544=CARTESIAN_POINT('Ctrl Pts',(0.711716251195919,-1.4,279.848355898257));
#15545=CARTESIAN_POINT('Ctrl Pts',(0.711716251195919,-2.,279.848355898257));
#15546=CARTESIAN_POINT('Ctrl Pts',(1.0527489991207,-1.4,279.949910843485));
#15547=CARTESIAN_POINT('Ctrl Pts',(1.0527489991207,-2.,279.949910843485));
#15548=CARTESIAN_POINT('Ctrl Pts',(1.22796714305885,-1.4,280.002088439681));
#15549=CARTESIAN_POINT('Ctrl Pts',(1.22796714305885,-2.,280.002088439681));
#15550=CARTESIAN_POINT('',(0.343928933143687,-1.4,279.46921099446));
#15551=CARTESIAN_POINT('Ctrl Pts',(1.22796714305885,-1.4,280.002088439681));
#15552=CARTESIAN_POINT('Ctrl Pts',(1.0527489991207,-1.4,279.949910843485));
#15553=CARTESIAN_POINT('Ctrl Pts',(0.711716251195919,-1.4,279.848355898257));
#15554=CARTESIAN_POINT('Ctrl Pts',(0.464250186207659,-1.4,279.593247870335));
#15555=CARTESIAN_POINT('Ctrl Pts',(0.343928933143687,-1.4,279.46921099446));
#15556=CARTESIAN_POINT('',(0.343928933143687,-1.4,279.46921099446));
#15557=CARTESIAN_POINT('Ctrl Pts',(0.0197815895081255,-1.4,278.484489810683));
#15558=CARTESIAN_POINT('Ctrl Pts',(0.0197815895081255,-2.,278.484489810683));
#15559=CARTESIAN_POINT('Ctrl Pts',(0.031587750128963,-1.4,278.668232735993));
#15560=CARTESIAN_POINT('Ctrl Pts',(0.031587750128963,-2.,278.668232735993));
#15561=CARTESIAN_POINT('Ctrl Pts',(0.0545108367093528,-1.4,279.024991814638));
#15562=CARTESIAN_POINT('Ctrl Pts',(0.0545108367093528,-2.,279.024991814638));
#15563=CARTESIAN_POINT('Ctrl Pts',(0.249409592246257,-1.4,279.324136085157));
#15564=CARTESIAN_POINT('Ctrl Pts',(0.249409592246257,-2.,279.324136085157));
#15565=CARTESIAN_POINT('Ctrl Pts',(0.343928933143687,-1.4,279.46921099446));
#15566=CARTESIAN_POINT('Ctrl Pts',(0.343928933143687,-2.,279.46921099446));
#15567=CARTESIAN_POINT('',(0.0197815895081255,-1.4,278.484489810683));
#15568=CARTESIAN_POINT('Ctrl Pts',(0.343928933143687,-1.4,279.46921099446));
#15569=CARTESIAN_POINT('Ctrl Pts',(0.249409592246257,-1.4,279.324136085157));
#15570=CARTESIAN_POINT('Ctrl Pts',(0.0545108367093528,-1.4,279.024991814638));
#15571=CARTESIAN_POINT('Ctrl Pts',(0.031587750128963,-1.4,278.668232735993));
#15572=CARTESIAN_POINT('Ctrl Pts',(0.0197815895081255,-1.4,278.484489810683));
#15573=CARTESIAN_POINT('',(0.0197815895081255,-1.4,278.484489810683));
#15574=CARTESIAN_POINT('Ctrl Pts',(0.594406127929754,-1.4,277.185444724776));
#15575=CARTESIAN_POINT('Ctrl Pts',(0.594406127929754,-2.,277.185444724776));
#15576=CARTESIAN_POINT('Ctrl Pts',(0.426817427143427,-1.4,277.366099859734));
#15577=CARTESIAN_POINT('Ctrl Pts',(0.426817427143427,-2.,277.366099859734));
#15578=CARTESIAN_POINT('Ctrl Pts',(0.0866581723107218,-1.4,277.732780404429));
#15579=CARTESIAN_POINT('Ctrl Pts',(0.0866581723107218,-2.,277.732780404429));
#15580=CARTESIAN_POINT('Ctrl Pts',(0.0422903821453302,-1.4,278.231485389109));
#15581=CARTESIAN_POINT('Ctrl Pts',(0.0422903821453302,-2.,278.231485389109));
#15582=CARTESIAN_POINT('Ctrl Pts',(0.0197815895081255,-1.4,278.484489810683));
#15583=CARTESIAN_POINT('Ctrl Pts',(0.0197815895081255,-2.,278.484489810683));
#15584=CARTESIAN_POINT('',(0.594406127929754,-1.4,277.185444724776));
#15585=CARTESIAN_POINT('Ctrl Pts',(0.0197815895081255,-1.4,278.484489810683));
#15586=CARTESIAN_POINT('Ctrl Pts',(0.0422903821453302,-1.4,278.231485389109));
#15587=CARTESIAN_POINT('Ctrl Pts',(0.0866581723107218,-1.4,277.732780404429));
#15588=CARTESIAN_POINT('Ctrl Pts',(0.426817427143427,-1.4,277.366099859734));
#15589=CARTESIAN_POINT('Ctrl Pts',(0.594406127929754,-1.4,277.185444724776));
#15590=CARTESIAN_POINT('',(0.594406127929754,-1.4,277.185444724776));
#15591=CARTESIAN_POINT('Ctrl Pts',(2.45579838752753,-1.4,276.686944854476));
#15592=CARTESIAN_POINT('Ctrl Pts',(2.45579838752753,-2.,276.686944854476));
#15593=CARTESIAN_POINT('Ctrl Pts',(2.07581100339673,-1.4,276.693148678801));
#15594=CARTESIAN_POINT('Ctrl Pts',(2.07581100339673,-2.,276.693148678801));
#15595=CARTESIAN_POINT('Ctrl Pts',(1.40960043753918,-1.4,276.704025495997));
#15596=CARTESIAN_POINT('Ctrl Pts',(1.40960043753918,-2.,276.704025495997));
#15597=CARTESIAN_POINT('Ctrl Pts',(0.83938643192859,-1.4,277.040769734253));
#15598=CARTESIAN_POINT('Ctrl Pts',(0.83938643192859,-2.,277.040769734253));
#15599=CARTESIAN_POINT('Ctrl Pts',(0.594406127929754,-1.4,277.185444724776));
#15600=CARTESIAN_POINT('Ctrl Pts',(0.594406127929754,-2.,277.185444724776));
#15601=CARTESIAN_POINT('',(2.45579838752753,-1.4,276.686944854476));
#15602=CARTESIAN_POINT('Ctrl Pts',(0.594406127929754,-1.4,277.185444724776));
#15603=CARTESIAN_POINT('Ctrl Pts',(0.83938643192859,-1.4,277.040769734253));
#15604=CARTESIAN_POINT('Ctrl Pts',(1.40960043753918,-1.4,276.704025495997));
#15605=CARTESIAN_POINT('Ctrl Pts',(2.07581100339673,-1.4,276.693148678801));
#15606=CARTESIAN_POINT('Ctrl Pts',(2.45579838752753,-1.4,276.686944854476));
#15607=CARTESIAN_POINT('',(2.45579838752753,-1.4,276.686944854476));
#15608=CARTESIAN_POINT('Ctrl Pts',(4.40068244934089,-1.4,277.178077590682));
#15609=CARTESIAN_POINT('Ctrl Pts',(4.40068244934089,-2.,277.178077590682));
#15610=CARTESIAN_POINT('Ctrl Pts',(4.14752876745859,-1.4,277.035687082003));
#15611=CARTESIAN_POINT('Ctrl Pts',(4.14752876745859,-2.,277.035687082003));
#15612=CARTESIAN_POINT('Ctrl Pts',(3.54798840515647,-1.4,276.698465610339));
#15613=CARTESIAN_POINT('Ctrl Pts',(3.54798840515647,-2.,276.698465610339));
#15614=CARTESIAN_POINT('Ctrl Pts',(2.85574474438982,-1.4,276.691163611525));
#15615=CARTESIAN_POINT('Ctrl Pts',(2.85574474438982,-2.,276.691163611525));
#15616=CARTESIAN_POINT('Ctrl Pts',(2.45579838752753,-1.4,276.686944854476));
#15617=CARTESIAN_POINT('Ctrl Pts',(2.45579838752753,-2.,276.686944854476));
#15618=CARTESIAN_POINT('',(4.40068244934089,-1.4,277.178077590682));
#15619=CARTESIAN_POINT('Ctrl Pts',(2.45579838752753,-1.4,276.686944854476));
#15620=CARTESIAN_POINT('Ctrl Pts',(2.85574474438982,-1.4,276.691163611525));
#15621=CARTESIAN_POINT('Ctrl Pts',(3.54798840515647,-1.4,276.698465610339));
#15622=CARTESIAN_POINT('Ctrl Pts',(4.14752876745859,-1.4,277.035687082003));
#15623=CARTESIAN_POINT('Ctrl Pts',(4.40068244934089,-1.4,277.178077590682));
#15624=CARTESIAN_POINT('',(4.40068244934089,-1.4,277.178077590682));
#15625=CARTESIAN_POINT('Ctrl Pts',(4.98021841049201,-1.4,278.455021274306));
#15626=CARTESIAN_POINT('Ctrl Pts',(4.98021841049201,-2.,278.455021274306));
#15627=CARTESIAN_POINT('Ctrl Pts',(4.95702709249437,-1.4,278.206178981903));
#15628=CARTESIAN_POINT('Ctrl Pts',(4.95702709249437,-2.,278.206178981903));
#15629=CARTESIAN_POINT('Ctrl Pts',(4.91109262200015,-1.4,277.7133032023));
#15630=CARTESIAN_POINT('Ctrl Pts',(4.91109262200015,-2.,277.7133032023));
#15631=CARTESIAN_POINT('Ctrl Pts',(4.56970892240548,-1.4,277.355321897852));
#15632=CARTESIAN_POINT('Ctrl Pts',(4.56970892240548,-2.,277.355321897852));
#15633=CARTESIAN_POINT('Ctrl Pts',(4.40068244934089,-1.4,277.178077590682));
#15634=CARTESIAN_POINT('Ctrl Pts',(4.40068244934089,-2.,277.178077590682));
#15635=CARTESIAN_POINT('',(4.98021841049201,-1.4,278.455021274306));
#15636=CARTESIAN_POINT('Ctrl Pts',(4.40068244934089,-1.4,277.178077590682));
#15637=CARTESIAN_POINT('Ctrl Pts',(4.56970892240548,-1.4,277.355321897852));
#15638=CARTESIAN_POINT('Ctrl Pts',(4.91109262200015,-1.4,277.7133032023));
#15639=CARTESIAN_POINT('Ctrl Pts',(4.95702709249437,-1.4,278.206178981903));
#15640=CARTESIAN_POINT('Ctrl Pts',(4.98021841049201,-1.4,278.455021274306));
#15641=CARTESIAN_POINT('',(4.98021841049201,-1.4,278.455021274306));
#15642=CARTESIAN_POINT('Ctrl Pts',(4.61186885833747,-1.4,279.452021014907));
#15643=CARTESIAN_POINT('Ctrl Pts',(4.61186885833747,-2.,279.452021014907));
#15644=CARTESIAN_POINT('Ctrl Pts',(4.71930071599043,-1.4,279.305067194138));
#15645=CARTESIAN_POINT('Ctrl Pts',(4.71930071599043,-2.,279.305067194138));
#15646=CARTESIAN_POINT('Ctrl Pts',(4.93657084994407,-1.4,279.007867862199));
#15647=CARTESIAN_POINT('Ctrl Pts',(4.93657084994407,-2.,279.007867862199));
#15648=CARTESIAN_POINT('Ctrl Pts',(4.9655621905202,-1.4,278.64065916795));
#15649=CARTESIAN_POINT('Ctrl Pts',(4.9655621905202,-2.,278.64065916795));
#15650=CARTESIAN_POINT('Ctrl Pts',(4.98021841049201,-1.4,278.455021274306));
#15651=CARTESIAN_POINT('Ctrl Pts',(4.98021841049201,-2.,278.455021274306));
#15652=CARTESIAN_POINT('',(4.61186885833747,-1.4,279.452021014907));
#15653=CARTESIAN_POINT('Ctrl Pts',(4.98021841049201,-1.4,278.455021274306));
#15654=CARTESIAN_POINT('Ctrl Pts',(4.9655621905202,-1.4,278.64065916795));
#15655=CARTESIAN_POINT('Ctrl Pts',(4.93657084994407,-1.4,279.007867862199));
#15656=CARTESIAN_POINT('Ctrl Pts',(4.71930071599043,-1.4,279.305067194138));
#15657=CARTESIAN_POINT('Ctrl Pts',(4.61186885833747,-1.4,279.452021014907));
#15658=CARTESIAN_POINT('',(4.61186885833747,-1.4,279.452021014907));
#15659=CARTESIAN_POINT('Ctrl Pts',(3.45279693603523,-1.4,280.051202666976));
#15660=CARTESIAN_POINT('Ctrl Pts',(3.45279693603523,-2.,280.051202666976));
#15661=CARTESIAN_POINT('Ctrl Pts',(3.69088896814137,-1.4,279.989080121368));
#15662=CARTESIAN_POINT('Ctrl Pts',(3.69088896814137,-2.,279.989080121368));
#15663=CARTESIAN_POINT('Ctrl Pts',(4.12382867439183,-1.4,279.876118270402));
#15664=CARTESIAN_POINT('Ctrl Pts',(4.12382867439183,-2.,279.876118270402));
#15665=CARTESIAN_POINT('Ctrl Pts',(4.46039481202744,-1.4,279.583648961605));
#15666=CARTESIAN_POINT('Ctrl Pts',(4.46039481202744,-2.,279.583648961605));
#15667=CARTESIAN_POINT('Ctrl Pts',(4.61186885833747,-1.4,279.452021014907));
#15668=CARTESIAN_POINT('Ctrl Pts',(4.61186885833747,-2.,279.452021014907));
#15669=CARTESIAN_POINT('',(3.45279693603523,-1.4,280.051202666976));
#15670=CARTESIAN_POINT('Ctrl Pts',(4.61186885833747,-1.4,279.452021014907));
#15671=CARTESIAN_POINT('Ctrl Pts',(4.46039481202744,-1.4,279.583648961605));
#15672=CARTESIAN_POINT('Ctrl Pts',(4.12382867439183,-1.4,279.876118270402));
#15673=CARTESIAN_POINT('Ctrl Pts',(3.69088896814137,-1.4,279.989080121368));
#15674=CARTESIAN_POINT('Ctrl Pts',(3.45279693603523,-1.4,280.051202666976));
#15675=CARTESIAN_POINT('',(3.45279693603523,-1.4,280.051202666976));
#15676=CARTESIAN_POINT('Origin',(3.89972686767586,-1.4,281.460749995925));
#15677=CARTESIAN_POINT('',(3.45279693603523,-1.4,280.051202666976));
#15678=CARTESIAN_POINT('Origin',(2.50000000000006,-1.4,266.18162591479));
#15679=CARTESIAN_POINT('Origin',(2.79959082603461,-1.4,274.638924491622));
#15680=CARTESIAN_POINT('',(2.7995908260346,-1.4,271.927873981215));
#15681=CARTESIAN_POINT('',(2.79959082603461,-1.4,274.638924491622));
#15682=CARTESIAN_POINT('',(2.7995908260346,-1.4,271.927873981215));
#15683=CARTESIAN_POINT('',(2.79959082603461,-1.4,274.638924491622));
#15684=CARTESIAN_POINT('',(2.7995908260346,-1.4,271.927873981215));
#15685=CARTESIAN_POINT('Origin',(4.17967319488532,-1.4,274.638924491622));
#15686=CARTESIAN_POINT('',(4.17967319488532,-1.4,274.638924491622));
#15687=CARTESIAN_POINT('',(2.79959082603461,-1.4,274.638924491622));
#15688=CARTESIAN_POINT('',(4.17967319488532,-1.4,274.638924491622));
#15689=CARTESIAN_POINT('Origin',(4.17967319488531,-1.4,271.927873981215));
#15690=CARTESIAN_POINT('',(4.17967319488531,-1.4,271.927873981215));
#15691=CARTESIAN_POINT('',(4.17967319488532,-1.4,274.638924491622));
#15692=CARTESIAN_POINT('',(4.17967319488531,-1.4,271.927873981215));
#15693=CARTESIAN_POINT('Origin',(2.7995908260346,-1.4,271.927873981215));
#15694=CARTESIAN_POINT('',(4.17967319488531,-1.4,271.927873981215));
#15695=CARTESIAN_POINT('Origin',(2.50000000000006,-1.4,266.18162591479));
#15696=CARTESIAN_POINT('Origin',(-1.10000073909751,-1.4,287.653934848525));
#15697=CARTESIAN_POINT('',(-1.10000073909752,-1.4,282.718055141188));
#15698=CARTESIAN_POINT('',(-1.10000073909751,-1.4,287.653934848525));
#15699=CARTESIAN_POINT('',(-1.10000073909752,-1.4,282.718055141188));
#15700=CARTESIAN_POINT('',(-1.10000073909751,-1.4,287.653934848525));
#15701=CARTESIAN_POINT('',(-1.10000073909752,-1.4,282.718055141188));
#15702=CARTESIAN_POINT('Origin',(0.118007659912197,-1.4,287.653934848525));
#15703=CARTESIAN_POINT('',(0.118007659912197,-1.4,287.653934848525));
#15704=CARTESIAN_POINT('',(-1.10000073909751,-1.4,287.653934848525));
#15705=CARTESIAN_POINT('',(0.118007659912197,-1.4,287.653934848525));
#15706=CARTESIAN_POINT('Origin',(0.11800765991219,-1.4,284.171802890517));
#15707=CARTESIAN_POINT('',(0.11800765991219,-1.4,284.171802890517));
#15708=CARTESIAN_POINT('',(0.118007659912197,-1.4,287.653934848525));
#15709=CARTESIAN_POINT('',(0.11800765991219,-1.4,284.171802890517));
#15710=CARTESIAN_POINT('Origin',(1.82223677635201,-1.4,284.171802890517));
#15711=CARTESIAN_POINT('',(1.82223677635201,-1.4,284.171802890517));
#15712=CARTESIAN_POINT('',(0.11800765991219,-1.4,284.171802890517));
#15713=CARTESIAN_POINT('',(1.82223677635201,-1.4,284.171802890517));
#15714=CARTESIAN_POINT('Origin',(1.82223677635202,-1.4,287.177536380507));
#15715=CARTESIAN_POINT('',(1.82223677635202,-1.4,287.177536380507));
#15716=CARTESIAN_POINT('',(1.82223677635201,-1.4,284.171802890517));
#15717=CARTESIAN_POINT('',(1.82223677635202,-1.4,287.177536380507));
#15718=CARTESIAN_POINT('Origin',(3.04024577140817,-1.4,287.177536380507));
#15719=CARTESIAN_POINT('',(3.04024577140817,-1.4,287.177536380507));
#15720=CARTESIAN_POINT('',(1.82223677635202,-1.4,287.177536380507));
#15721=CARTESIAN_POINT('',(3.04024577140817,-1.4,287.177536380507));
#15722=CARTESIAN_POINT('Origin',(3.04024577140816,-1.4,284.171802890517));
#15723=CARTESIAN_POINT('',(3.04024577140816,-1.4,284.171802890517));
#15724=CARTESIAN_POINT('',(3.04024577140817,-1.4,287.177536380507));
#15725=CARTESIAN_POINT('',(3.04024577140816,-1.4,284.171802890517));
#15726=CARTESIAN_POINT('Origin',(6.10000014305123,-1.4,284.171802890517));
#15727=CARTESIAN_POINT('',(6.10000014305123,-1.4,284.171802890517));
#15728=CARTESIAN_POINT('',(3.04024577140816,-1.4,284.171802890517));
#15729=CARTESIAN_POINT('',(6.10000014305123,-1.4,284.171802890517));
#15730=CARTESIAN_POINT('Origin',(6.10000014305122,-1.4,282.718055141188));
#15731=CARTESIAN_POINT('',(6.10000014305123,-1.4,282.718055141188));
#15732=CARTESIAN_POINT('',(6.10000014305123,-1.4,284.171802890517));
#15733=CARTESIAN_POINT('',(6.10000014305123,-1.4,282.718055141188));
#15734=CARTESIAN_POINT('Origin',(-1.10000073909752,-1.4,282.718055141188));
#15735=CARTESIAN_POINT('',(6.10000014305123,-1.4,282.718055141188));
#15736=CARTESIAN_POINT('Origin',(2.50000000000006,-1.4,266.18162591479));
#15737=CARTESIAN_POINT('Origin',(-1.10000073909757,-1.4,256.756794345595));
#15738=CARTESIAN_POINT('',(-1.10000073909758,-1.4,251.418185126998));
#15739=CARTESIAN_POINT('',(-1.10000073909757,-1.4,256.756794345595));
#15740=CARTESIAN_POINT('',(-1.10000073909758,-1.4,251.418185126998));
#15741=CARTESIAN_POINT('',(-1.10000073909757,-1.4,256.756794345595));
#15742=CARTESIAN_POINT('',(-1.10000073909758,-1.4,251.418185126998));
#15743=CARTESIAN_POINT('Origin',(0.118007659912135,-1.4,256.756794345595));
#15744=CARTESIAN_POINT('',(0.118007659912135,-1.4,256.756794345595));
#15745=CARTESIAN_POINT('',(-1.10000073909757,-1.4,256.756794345595));
#15746=CARTESIAN_POINT('',(0.118007659912135,-1.4,256.756794345595));
#15747=CARTESIAN_POINT('Origin',(0.118007659912127,-1.4,252.871937644698));
#15748=CARTESIAN_POINT('',(0.118007659912127,-1.4,252.871937644698));
#15749=CARTESIAN_POINT('',(0.118007659912135,-1.4,256.756794345595));
#15750=CARTESIAN_POINT('',(0.118007659912127,-1.4,252.871937644698));
#15751=CARTESIAN_POINT('Origin',(1.71418786048891,-1.4,252.871937644698));
#15752=CARTESIAN_POINT('',(1.71418786048891,-1.4,252.871937644698));
#15753=CARTESIAN_POINT('',(0.118007659912127,-1.4,252.871937644698));
#15754=CARTESIAN_POINT('',(1.71418786048891,-1.4,252.871937644698));
#15755=CARTESIAN_POINT('Origin',(1.71418786048892,-1.4,256.486670863845));
#15756=CARTESIAN_POINT('',(1.71418786048892,-1.4,256.486670863845));
#15757=CARTESIAN_POINT('',(1.71418786048891,-1.4,252.871937644698));
#15758=CARTESIAN_POINT('',(1.71418786048892,-1.4,256.486670863845));
#15759=CARTESIAN_POINT('Origin',(2.92728483676913,-1.4,256.486670863845));
#15760=CARTESIAN_POINT('',(2.92728483676913,-1.4,256.486670863845));
#15761=CARTESIAN_POINT('',(1.71418786048892,-1.4,256.486670863845));
#15762=CARTESIAN_POINT('',(2.92728483676913,-1.4,256.486670863845));
#15763=CARTESIAN_POINT('Origin',(2.92728483676912,-1.4,252.871937644698));
#15764=CARTESIAN_POINT('',(2.92728483676912,-1.4,252.871937644698));
#15765=CARTESIAN_POINT('',(2.92728483676913,-1.4,256.486670863845));
#15766=CARTESIAN_POINT('',(2.92728483676912,-1.4,252.871937644698));
#15767=CARTESIAN_POINT('Origin',(4.8869037628174,-1.4,252.871937644698));
#15768=CARTESIAN_POINT('',(4.8869037628174,-1.4,252.871937644698));
#15769=CARTESIAN_POINT('',(2.92728483676912,-1.4,252.871937644698));
#15770=CARTESIAN_POINT('',(4.8869037628174,-1.4,252.871937644698));
#15771=CARTESIAN_POINT('Origin',(4.88690376281741,-1.4,256.894311797835));
#15772=CARTESIAN_POINT('',(4.88690376281741,-1.4,256.894311797835));
#15773=CARTESIAN_POINT('',(4.8869037628174,-1.4,252.871937644698));
#15774=CARTESIAN_POINT('',(4.88690376281741,-1.4,256.894311797835));
#15775=CARTESIAN_POINT('Origin',(6.10000014305117,-1.4,256.894311797835));
#15776=CARTESIAN_POINT('',(6.10000014305117,-1.4,256.894311797835));
#15777=CARTESIAN_POINT('',(4.88690376281741,-1.4,256.894311797835));
#15778=CARTESIAN_POINT('',(6.10000014305117,-1.4,256.894311797835));
#15779=CARTESIAN_POINT('Origin',(6.10000014305116,-1.4,251.418185126998));
#15780=CARTESIAN_POINT('',(6.10000014305116,-1.4,251.418185126998));
#15781=CARTESIAN_POINT('',(6.10000014305117,-1.4,256.894311797835));
#15782=CARTESIAN_POINT('',(6.10000014305116,-1.4,251.418185126998));
#15783=CARTESIAN_POINT('Origin',(-1.10000073909758,-1.4,251.418185126998));
#15784=CARTESIAN_POINT('',(6.10000014305116,-1.4,251.418185126998));
#15785=CARTESIAN_POINT('Origin',(2.50000000000006,-1.4,266.18162591479));
#15786=CARTESIAN_POINT('Origin',(2.50000000000006,-3.102272088454E-22,266.18162591479));
#15787=CARTESIAN_POINT('Origin',(2.50000000000006,-2.,266.18162591479));
#15788=CARTESIAN_POINT('Origin',(-1.10000073909757,-1.4,256.756794345595));
#15789=CARTESIAN_POINT('',(-1.10000073909758,-1.4,251.418185126998));
#15790=CARTESIAN_POINT('',(-1.10000073909757,-1.4,256.756794345595));
#15791=CARTESIAN_POINT('',(-1.10000073909758,-1.4,251.418185126998));
#15792=CARTESIAN_POINT('',(-1.10000073909758,-2.,251.418185126998));
#15793=CARTESIAN_POINT('',(-1.10000073909758,-1.4,251.418185126998));
#15794=CARTESIAN_POINT('',(-1.10000073909757,-2.,256.756794345595));
#15795=CARTESIAN_POINT('',(-1.10000073909758,-2.,251.418185126998));
#15796=CARTESIAN_POINT('',(-1.10000073909757,-1.4,256.756794345595));
#15797=CARTESIAN_POINT('Origin',(0.118007659912135,-1.4,256.756794345595));
#15798=CARTESIAN_POINT('',(0.118007659912135,-1.4,256.756794345595));
#15799=CARTESIAN_POINT('',(-1.10000073909757,-1.4,256.756794345595));
#15800=CARTESIAN_POINT('',(0.118007659912135,-2.,256.756794345595));
#15801=CARTESIAN_POINT('',(-1.10000073909757,-2.,256.756794345595));
#15802=CARTESIAN_POINT('',(0.118007659912135,-1.4,256.756794345595));
#15803=CARTESIAN_POINT('Origin',(0.118007659912127,-1.4,252.871937644698));
#15804=CARTESIAN_POINT('',(0.118007659912127,-1.4,252.871937644698));
#15805=CARTESIAN_POINT('',(0.118007659912135,-1.4,256.756794345595));
#15806=CARTESIAN_POINT('',(0.118007659912127,-2.,252.871937644698));
#15807=CARTESIAN_POINT('',(0.118007659912135,-2.,256.756794345595));
#15808=CARTESIAN_POINT('',(0.118007659912127,-1.4,252.871937644698));
#15809=CARTESIAN_POINT('Origin',(1.71418786048891,-1.4,252.871937644698));
#15810=CARTESIAN_POINT('',(1.71418786048891,-1.4,252.871937644698));
#15811=CARTESIAN_POINT('',(0.118007659912127,-1.4,252.871937644698));
#15812=CARTESIAN_POINT('',(1.71418786048891,-2.,252.871937644698));
#15813=CARTESIAN_POINT('',(0.118007659912127,-2.,252.871937644698));
#15814=CARTESIAN_POINT('',(1.71418786048891,-1.4,252.871937644698));
#15815=CARTESIAN_POINT('Origin',(1.71418786048892,-1.4,256.486670863845));
#15816=CARTESIAN_POINT('',(1.71418786048892,-1.4,256.486670863845));
#15817=CARTESIAN_POINT('',(1.71418786048891,-1.4,252.871937644698));
#15818=CARTESIAN_POINT('',(1.71418786048892,-2.,256.486670863845));
#15819=CARTESIAN_POINT('',(1.71418786048891,-2.,252.871937644698));
#15820=CARTESIAN_POINT('',(1.71418786048892,-1.4,256.486670863845));
#15821=CARTESIAN_POINT('Origin',(2.92728483676913,-1.4,256.486670863845));
#15822=CARTESIAN_POINT('',(2.92728483676913,-1.4,256.486670863845));
#15823=CARTESIAN_POINT('',(1.71418786048892,-1.4,256.486670863845));
#15824=CARTESIAN_POINT('',(2.92728483676913,-2.,256.486670863845));
#15825=CARTESIAN_POINT('',(1.71418786048892,-2.,256.486670863845));
#15826=CARTESIAN_POINT('',(2.92728483676913,-1.4,256.486670863845));
#15827=CARTESIAN_POINT('Origin',(2.92728483676912,-1.4,252.871937644698));
#15828=CARTESIAN_POINT('',(2.92728483676912,-1.4,252.871937644698));
#15829=CARTESIAN_POINT('',(2.92728483676913,-1.4,256.486670863845));
#15830=CARTESIAN_POINT('',(2.92728483676912,-2.,252.871937644698));
#15831=CARTESIAN_POINT('',(2.92728483676913,-2.,256.486670863845));
#15832=CARTESIAN_POINT('',(2.92728483676912,-1.4,252.871937644698));
#15833=CARTESIAN_POINT('Origin',(4.8869037628174,-1.4,252.871937644698));
#15834=CARTESIAN_POINT('',(4.8869037628174,-1.4,252.871937644698));
#15835=CARTESIAN_POINT('',(2.92728483676912,-1.4,252.871937644698));
#15836=CARTESIAN_POINT('',(4.8869037628174,-2.,252.871937644698));
#15837=CARTESIAN_POINT('',(2.92728483676912,-2.,252.871937644698));
#15838=CARTESIAN_POINT('',(4.8869037628174,-1.4,252.871937644698));
#15839=CARTESIAN_POINT('Origin',(4.88690376281741,-1.4,256.894311797835));
#15840=CARTESIAN_POINT('',(4.88690376281741,-1.4,256.894311797835));
#15841=CARTESIAN_POINT('',(4.8869037628174,-1.4,252.871937644698));
#15842=CARTESIAN_POINT('',(4.88690376281741,-2.,256.894311797835));
#15843=CARTESIAN_POINT('',(4.8869037628174,-2.,252.871937644698));
#15844=CARTESIAN_POINT('',(4.88690376281741,-1.4,256.894311797835));
#15845=CARTESIAN_POINT('Origin',(6.10000014305117,-1.4,256.894311797835));
#15846=CARTESIAN_POINT('',(6.10000014305117,-1.4,256.894311797835));
#15847=CARTESIAN_POINT('',(4.88690376281741,-1.4,256.894311797835));
#15848=CARTESIAN_POINT('',(6.10000014305117,-2.,256.894311797835));
#15849=CARTESIAN_POINT('',(4.88690376281741,-2.,256.894311797835));
#15850=CARTESIAN_POINT('',(6.10000014305117,-1.4,256.894311797835));
#15851=CARTESIAN_POINT('Origin',(6.10000014305116,-1.4,251.418185126998));
#15852=CARTESIAN_POINT('',(6.10000014305116,-1.4,251.418185126998));
#15853=CARTESIAN_POINT('',(6.10000014305117,-1.4,256.894311797835));
#15854=CARTESIAN_POINT('',(6.10000014305116,-2.,251.418185126998));
#15855=CARTESIAN_POINT('',(6.10000014305117,-2.,256.894311797835));
#15856=CARTESIAN_POINT('',(6.10000014305116,-1.4,251.418185126998));
#15857=CARTESIAN_POINT('Origin',(-1.10000073909758,-1.4,251.418185126998));
#15858=CARTESIAN_POINT('',(6.10000014305116,-1.4,251.418185126998));
#15859=CARTESIAN_POINT('',(6.10000014305116,-2.,251.418185126998));
#15860=CARTESIAN_POINT('Origin',(2.50000000000006,-1.4,266.18162591479));
#15861=CARTESIAN_POINT('Origin',(2.50000000000006,-2.,266.18162591479));
#15862=CARTESIAN_POINT('Origin',(-1.10000073909751,-1.4,287.653934848525));
#15863=CARTESIAN_POINT('',(-1.10000073909752,-1.4,282.718055141188));
#15864=CARTESIAN_POINT('',(-1.10000073909751,-1.4,287.653934848525));
#15865=CARTESIAN_POINT('',(-1.10000073909752,-1.4,282.718055141188));
#15866=CARTESIAN_POINT('',(-1.10000073909752,-2.,282.718055141188));
#15867=CARTESIAN_POINT('',(-1.10000073909752,-1.4,282.718055141188));
#15868=CARTESIAN_POINT('',(-1.10000073909751,-2.,287.653934848525));
#15869=CARTESIAN_POINT('',(-1.10000073909752,-2.,282.718055141188));
#15870=CARTESIAN_POINT('',(-1.10000073909751,-1.4,287.653934848525));
#15871=CARTESIAN_POINT('Origin',(0.118007659912197,-1.4,287.653934848525));
#15872=CARTESIAN_POINT('',(0.118007659912197,-1.4,287.653934848525));
#15873=CARTESIAN_POINT('',(-1.10000073909751,-1.4,287.653934848525));
#15874=CARTESIAN_POINT('',(0.118007659912197,-2.,287.653934848525));
#15875=CARTESIAN_POINT('',(-1.10000073909751,-2.,287.653934848525));
#15876=CARTESIAN_POINT('',(0.118007659912197,-1.4,287.653934848525));
#15877=CARTESIAN_POINT('Origin',(0.11800765991219,-1.4,284.171802890517));
#15878=CARTESIAN_POINT('',(0.11800765991219,-1.4,284.171802890517));
#15879=CARTESIAN_POINT('',(0.118007659912197,-1.4,287.653934848525));
#15880=CARTESIAN_POINT('',(0.11800765991219,-2.,284.171802890517));
#15881=CARTESIAN_POINT('',(0.118007659912197,-2.,287.653934848525));
#15882=CARTESIAN_POINT('',(0.11800765991219,-1.4,284.171802890517));
#15883=CARTESIAN_POINT('Origin',(1.82223677635201,-1.4,284.171802890517));
#15884=CARTESIAN_POINT('',(1.82223677635201,-1.4,284.171802890517));
#15885=CARTESIAN_POINT('',(0.11800765991219,-1.4,284.171802890517));
#15886=CARTESIAN_POINT('',(1.82223677635201,-2.,284.171802890517));
#15887=CARTESIAN_POINT('',(0.11800765991219,-2.,284.171802890517));
#15888=CARTESIAN_POINT('',(1.82223677635201,-1.4,284.171802890517));
#15889=CARTESIAN_POINT('Origin',(1.82223677635202,-1.4,287.177536380507));
#15890=CARTESIAN_POINT('',(1.82223677635202,-1.4,287.177536380507));
#15891=CARTESIAN_POINT('',(1.82223677635201,-1.4,284.171802890517));
#15892=CARTESIAN_POINT('',(1.82223677635202,-2.,287.177536380507));
#15893=CARTESIAN_POINT('',(1.82223677635201,-2.,284.171802890517));
#15894=CARTESIAN_POINT('',(1.82223677635202,-1.4,287.177536380507));
#15895=CARTESIAN_POINT('Origin',(3.04024577140817,-1.4,287.177536380507));
#15896=CARTESIAN_POINT('',(3.04024577140817,-1.4,287.177536380507));
#15897=CARTESIAN_POINT('',(1.82223677635202,-1.4,287.177536380507));
#15898=CARTESIAN_POINT('',(3.04024577140817,-2.,287.177536380507));
#15899=CARTESIAN_POINT('',(1.82223677635202,-2.,287.177536380507));
#15900=CARTESIAN_POINT('',(3.04024577140817,-1.4,287.177536380507));
#15901=CARTESIAN_POINT('Origin',(3.04024577140816,-1.4,284.171802890517));
#15902=CARTESIAN_POINT('',(3.04024577140816,-1.4,284.171802890517));
#15903=CARTESIAN_POINT('',(3.04024577140817,-1.4,287.177536380507));
#15904=CARTESIAN_POINT('',(3.04024577140816,-2.,284.171802890517));
#15905=CARTESIAN_POINT('',(3.04024577140817,-2.,287.177536380507));
#15906=CARTESIAN_POINT('',(3.04024577140816,-1.4,284.171802890517));
#15907=CARTESIAN_POINT('Origin',(6.10000014305123,-1.4,284.171802890517));
#15908=CARTESIAN_POINT('',(6.10000014305123,-1.4,284.171802890517));
#15909=CARTESIAN_POINT('',(3.04024577140816,-1.4,284.171802890517));
#15910=CARTESIAN_POINT('',(6.10000014305123,-2.,284.171802890517));
#15911=CARTESIAN_POINT('',(3.04024577140816,-2.,284.171802890517));
#15912=CARTESIAN_POINT('',(6.10000014305123,-1.4,284.171802890517));
#15913=CARTESIAN_POINT('Origin',(6.10000014305122,-1.4,282.718055141188));
#15914=CARTESIAN_POINT('',(6.10000014305123,-1.4,282.718055141188));
#15915=CARTESIAN_POINT('',(6.10000014305123,-1.4,284.171802890517));
#15916=CARTESIAN_POINT('',(6.10000014305123,-2.,282.718055141188));
#15917=CARTESIAN_POINT('',(6.10000014305123,-2.,284.171802890517));
#15918=CARTESIAN_POINT('',(6.10000014305123,-1.4,282.718055141188));
#15919=CARTESIAN_POINT('Origin',(-1.10000073909752,-1.4,282.718055141188));
#15920=CARTESIAN_POINT('',(6.10000014305123,-1.4,282.718055141188));
#15921=CARTESIAN_POINT('',(6.10000014305123,-2.,282.718055141188));
#15922=CARTESIAN_POINT('Origin',(2.50000000000006,-1.4,266.18162591479));
#15923=CARTESIAN_POINT('Origin',(2.50000000000006,-2.,266.18162591479));
#15924=CARTESIAN_POINT('Origin',(2.79959082603461,-1.4,274.638924491622));
#15925=CARTESIAN_POINT('',(2.7995908260346,-1.4,271.927873981215));
#15926=CARTESIAN_POINT('',(2.79959082603461,-1.4,274.638924491622));
#15927=CARTESIAN_POINT('',(2.7995908260346,-1.4,271.927873981215));
#15928=CARTESIAN_POINT('',(2.7995908260346,-2.,271.927873981215));
#15929=CARTESIAN_POINT('',(2.7995908260346,-1.4,271.927873981215));
#15930=CARTESIAN_POINT('',(2.79959082603461,-2.,274.638924491622));
#15931=CARTESIAN_POINT('',(2.7995908260346,-2.,271.927873981215));
#15932=CARTESIAN_POINT('',(2.79959082603461,-1.4,274.638924491622));
#15933=CARTESIAN_POINT('Origin',(4.17967319488532,-1.4,274.638924491622));
#15934=CARTESIAN_POINT('',(4.17967319488532,-1.4,274.638924491622));
#15935=CARTESIAN_POINT('',(2.79959082603461,-1.4,274.638924491622));
#15936=CARTESIAN_POINT('',(4.17967319488532,-2.,274.638924491622));
#15937=CARTESIAN_POINT('',(2.79959082603461,-2.,274.638924491622));
#15938=CARTESIAN_POINT('',(4.17967319488532,-1.4,274.638924491622));
#15939=CARTESIAN_POINT('Origin',(4.17967319488531,-1.4,271.927873981215));
#15940=CARTESIAN_POINT('',(4.17967319488531,-1.4,271.927873981215));
#15941=CARTESIAN_POINT('',(4.17967319488532,-1.4,274.638924491622));
#15942=CARTESIAN_POINT('',(4.17967319488531,-2.,271.927873981215));
#15943=CARTESIAN_POINT('',(4.17967319488532,-2.,274.638924491622));
#15944=CARTESIAN_POINT('',(4.17967319488531,-1.4,271.927873981215));
#15945=CARTESIAN_POINT('Origin',(2.7995908260346,-1.4,271.927873981215));
#15946=CARTESIAN_POINT('',(4.17967319488531,-1.4,271.927873981215));
#15947=CARTESIAN_POINT('',(4.17967319488531,-2.,271.927873981215));
#15948=CARTESIAN_POINT('Origin',(2.50000000000006,-1.4,266.18162591479));
#15949=CARTESIAN_POINT('Origin',(2.50000000000006,-2.,266.18162591479));
#15950=CARTESIAN_POINT('Ctrl Pts',(5.65061450004585,-1.4,280.382716548659));
#15951=CARTESIAN_POINT('Ctrl Pts',(5.65061450004585,-2.,280.382716548659));
#15952=CARTESIAN_POINT('Ctrl Pts',(5.42260444751355,-1.4,280.619189972239));
#15953=CARTESIAN_POINT('Ctrl Pts',(5.42260444751355,-2.,280.619189972239));
#15954=CARTESIAN_POINT('Ctrl Pts',(4.93284321603507,-1.4,281.127130362841));
#15955=CARTESIAN_POINT('Ctrl Pts',(4.93284321603507,-2.,281.127130362841));
#15956=CARTESIAN_POINT('Ctrl Pts',(4.25956047577129,-1.4,281.344550541241));
#15957=CARTESIAN_POINT('Ctrl Pts',(4.25956047577129,-2.,281.344550541241));
#15958=CARTESIAN_POINT('Ctrl Pts',(3.89972686767586,-1.4,281.460749995925));
#15959=CARTESIAN_POINT('Ctrl Pts',(3.89972686767586,-2.,281.460749995925));
#15960=CARTESIAN_POINT('',(3.89972686767586,-1.4,281.460749995925));
#15961=CARTESIAN_POINT('',(5.65061450004585,-1.4,280.382716548659));
#15962=CARTESIAN_POINT('Ctrl Pts',(3.89972686767586,-1.4,281.460749995925));
#15963=CARTESIAN_POINT('Ctrl Pts',(4.25956047577129,-1.4,281.344550541241));
#15964=CARTESIAN_POINT('Ctrl Pts',(4.93284321603507,-1.4,281.127130362841));
#15965=CARTESIAN_POINT('Ctrl Pts',(5.42260444751355,-1.4,280.619189972239));
#15966=CARTESIAN_POINT('Ctrl Pts',(5.65061450004585,-1.4,280.382716548659));
#15967=CARTESIAN_POINT('',(3.89972686767586,-2.,281.460749995925));
#15968=CARTESIAN_POINT('',(3.89972686767586,-1.4,281.460749995925));
#15969=CARTESIAN_POINT('',(5.65061450004585,-2.,280.382716548659));
#15970=CARTESIAN_POINT('Ctrl Pts',(5.65061450004585,-2.,280.382716548659));
#15971=CARTESIAN_POINT('Ctrl Pts',(5.42260444751355,-2.,280.619189972239));
#15972=CARTESIAN_POINT('Ctrl Pts',(4.93284321603507,-2.,281.127130362841));
#15973=CARTESIAN_POINT('Ctrl Pts',(4.25956047577129,-2.,281.344550541241));
#15974=CARTESIAN_POINT('Ctrl Pts',(3.89972686767586,-2.,281.460749995925));
#15975=CARTESIAN_POINT('',(5.65061450004585,-1.4,280.382716548659));
#15976=CARTESIAN_POINT('Ctrl Pts',(6.22278332710273,-1.4,278.469755542495));
#15977=CARTESIAN_POINT('Ctrl Pts',(6.22278332710273,-2.,278.469755542495));
#15978=CARTESIAN_POINT('Ctrl Pts',(6.20460442667388,-1.4,278.831465914004));
#15979=CARTESIAN_POINT('Ctrl Pts',(6.20460442667388,-2.,278.831465914004));
#15980=CARTESIAN_POINT('Ctrl Pts',(6.17013014307198,-1.4,279.517409817925));
#15981=CARTESIAN_POINT('Ctrl Pts',(6.17013014307198,-2.,279.517409817925));
#15982=CARTESIAN_POINT('Ctrl Pts',(5.817361831775,-1.4,280.104981719277));
#15983=CARTESIAN_POINT('Ctrl Pts',(5.817361831775,-2.,280.104981719277));
#15984=CARTESIAN_POINT('Ctrl Pts',(5.65061450004585,-1.4,280.382716548659));
#15985=CARTESIAN_POINT('Ctrl Pts',(5.65061450004585,-2.,280.382716548659));
#15986=CARTESIAN_POINT('',(6.22278332710273,-1.4,278.469755542495));
#15987=CARTESIAN_POINT('Ctrl Pts',(5.65061450004585,-1.4,280.382716548659));
#15988=CARTESIAN_POINT('Ctrl Pts',(5.817361831775,-1.4,280.104981719277));
#15989=CARTESIAN_POINT('Ctrl Pts',(6.17013014307198,-1.4,279.517409817925));
#15990=CARTESIAN_POINT('Ctrl Pts',(6.20460442667388,-1.4,278.831465914004));
#15991=CARTESIAN_POINT('Ctrl Pts',(6.22278332710273,-1.4,278.469755542495));
#15992=CARTESIAN_POINT('',(6.22278332710273,-2.,278.469755542495));
#15993=CARTESIAN_POINT('Ctrl Pts',(6.22278332710273,-2.,278.469755542495));
#15994=CARTESIAN_POINT('Ctrl Pts',(6.20460442667388,-2.,278.831465914004));
#15995=CARTESIAN_POINT('Ctrl Pts',(6.17013014307198,-2.,279.517409817925));
#15996=CARTESIAN_POINT('Ctrl Pts',(5.817361831775,-2.,280.104981719277));
#15997=CARTESIAN_POINT('Ctrl Pts',(5.65061450004585,-2.,280.382716548659));
#15998=CARTESIAN_POINT('',(6.22278332710273,-1.4,278.469755542495));
#15999=CARTESIAN_POINT('Ctrl Pts',(5.24297475814826,-1.4,276.112320316054));
#16000=CARTESIAN_POINT('Ctrl Pts',(5.24297475814826,-2.,276.112320316054));
#16001=CARTESIAN_POINT('Ctrl Pts',(5.52872641908048,-1.4,276.445518217919));
#16002=CARTESIAN_POINT('Ctrl Pts',(5.52872641908048,-2.,276.445518217919));
#16003=CARTESIAN_POINT('Ctrl Pts',(6.11064390389058,-1.4,277.124057353489));
#16004=CARTESIAN_POINT('Ctrl Pts',(6.11064390389058,-2.,277.124057353489));
#16005=CARTESIAN_POINT('Ctrl Pts',(6.18496019080551,-1.4,278.015869437504));
#16006=CARTESIAN_POINT('Ctrl Pts',(6.18496019080551,-2.,278.015869437504));
#16007=CARTESIAN_POINT('Ctrl Pts',(6.22278332710273,-1.4,278.469755542495));
#16008=CARTESIAN_POINT('Ctrl Pts',(6.22278332710273,-2.,278.469755542495));
#16009=CARTESIAN_POINT('',(5.24297475814826,-1.4,276.112320316054));
#16010=CARTESIAN_POINT('Ctrl Pts',(6.22278332710273,-1.4,278.469755542495));
#16011=CARTESIAN_POINT('Ctrl Pts',(6.18496019080551,-1.4,278.015869437504));
#16012=CARTESIAN_POINT('Ctrl Pts',(6.11064390389058,-1.4,277.124057353489));
#16013=CARTESIAN_POINT('Ctrl Pts',(5.52872641908048,-1.4,276.445518217919));
#16014=CARTESIAN_POINT('Ctrl Pts',(5.24297475814826,-1.4,276.112320316054));
#16015=CARTESIAN_POINT('',(5.24297475814826,-2.,276.112320316054));
#16016=CARTESIAN_POINT('Ctrl Pts',(5.24297475814826,-2.,276.112320316054));
#16017=CARTESIAN_POINT('Ctrl Pts',(5.52872641908048,-2.,276.445518217919));
#16018=CARTESIAN_POINT('Ctrl Pts',(6.11064390389058,-2.,277.124057353489));
#16019=CARTESIAN_POINT('Ctrl Pts',(6.18496019080551,-2.,278.015869437504));
#16020=CARTESIAN_POINT('Ctrl Pts',(6.22278332710273,-2.,278.469755542495));
#16021=CARTESIAN_POINT('',(5.24297475814826,-1.4,276.112320316054));
#16022=CARTESIAN_POINT('Ctrl Pts',(2.56384730339057,-1.4,275.188991916396));
#16023=CARTESIAN_POINT('Ctrl Pts',(2.56384730339057,-2.,275.188991916396));
#16024=CARTESIAN_POINT('Ctrl Pts',(3.08806149986697,-1.4,275.216517308894));
#16025=CARTESIAN_POINT('Ctrl Pts',(3.08806149986697,-2.,275.216517308894));
#16026=CARTESIAN_POINT('Ctrl Pts',(4.07299186645468,-1.4,275.268233945159));
#16027=CARTESIAN_POINT('Ctrl Pts',(4.07299186645468,-2.,275.268233945159));
#16028=CARTESIAN_POINT('Ctrl Pts',(4.87011042148431,-1.4,275.843316634885));
#16029=CARTESIAN_POINT('Ctrl Pts',(4.87011042148431,-2.,275.843316634885));
#16030=CARTESIAN_POINT('Ctrl Pts',(5.24297475814826,-1.4,276.112320316054));
#16031=CARTESIAN_POINT('Ctrl Pts',(5.24297475814826,-2.,276.112320316054));
#16032=CARTESIAN_POINT('',(2.56384730339057,-1.4,275.188991916396));
#16033=CARTESIAN_POINT('Ctrl Pts',(5.24297475814826,-1.4,276.112320316054));
#16034=CARTESIAN_POINT('Ctrl Pts',(4.87011042148431,-1.4,275.843316634885));
#16035=CARTESIAN_POINT('Ctrl Pts',(4.07299186645468,-1.4,275.268233945159));
#16036=CARTESIAN_POINT('Ctrl Pts',(3.08806149986697,-1.4,275.216517308894));
#16037=CARTESIAN_POINT('Ctrl Pts',(2.56384730339057,-1.4,275.188991916396));
#16038=CARTESIAN_POINT('',(2.56384730339057,-2.,275.188991916396));
#16039=CARTESIAN_POINT('Ctrl Pts',(2.56384730339057,-2.,275.188991916396));
#16040=CARTESIAN_POINT('Ctrl Pts',(3.08806149986697,-2.,275.216517308894));
#16041=CARTESIAN_POINT('Ctrl Pts',(4.07299186645468,-2.,275.268233945159));
#16042=CARTESIAN_POINT('Ctrl Pts',(4.87011042148431,-2.,275.843316634885));
#16043=CARTESIAN_POINT('Ctrl Pts',(5.24297475814826,-2.,276.112320316054));
#16044=CARTESIAN_POINT('',(2.56384730339057,-1.4,275.188991916396));
#16045=CARTESIAN_POINT('Ctrl Pts',(-0.228240489959652,-1.4,276.117231738784));
#16046=CARTESIAN_POINT('Ctrl Pts',(-0.228240489959652,-2.,276.117231738784));
#16047=CARTESIAN_POINT('Ctrl Pts',(0.156837258092825,-1.4,275.846920537286));
#16048=CARTESIAN_POINT('Ctrl Pts',(0.156837258092825,-2.,275.846920537286));
#16049=CARTESIAN_POINT('Ctrl Pts',(0.991109568265496,-1.4,275.261290358238));
#16050=CARTESIAN_POINT('Ctrl Pts',(0.991109568265496,-2.,275.261290358238));
#16051=CARTESIAN_POINT('Ctrl Pts',(2.01341218620103,-1.4,275.214295309593));
#16052=CARTESIAN_POINT('Ctrl Pts',(2.01341218620103,-2.,275.214295309593));
#16053=CARTESIAN_POINT('Ctrl Pts',(2.56384730339057,-1.4,275.188991916396));
#16054=CARTESIAN_POINT('Ctrl Pts',(2.56384730339057,-2.,275.188991916396));
#16055=CARTESIAN_POINT('',(-0.228240489959652,-1.4,276.117231738784));
#16056=CARTESIAN_POINT('Ctrl Pts',(2.56384730339057,-1.4,275.188991916396));
#16057=CARTESIAN_POINT('Ctrl Pts',(2.01341218620103,-1.4,275.214295309593));
#16058=CARTESIAN_POINT('Ctrl Pts',(0.991109568265496,-1.4,275.261290358238));
#16059=CARTESIAN_POINT('Ctrl Pts',(0.156837258092825,-1.4,275.846920537286));
#16060=CARTESIAN_POINT('Ctrl Pts',(-0.228240489959652,-1.4,276.117231738784));
#16061=CARTESIAN_POINT('',(-0.228240489959652,-2.,276.117231738784));
#16062=CARTESIAN_POINT('Ctrl Pts',(-0.228240489959652,-2.,276.117231738784));
#16063=CARTESIAN_POINT('Ctrl Pts',(0.156837258092825,-2.,275.846920537286));
#16064=CARTESIAN_POINT('Ctrl Pts',(0.991109568265496,-2.,275.261290358238));
#16065=CARTESIAN_POINT('Ctrl Pts',(2.01341218620103,-2.,275.214295309593));
#16066=CARTESIAN_POINT('Ctrl Pts',(2.56384730339057,-2.,275.188991916396));
#16067=CARTESIAN_POINT('',(-0.228240489959652,-1.4,276.117231738784));
#16068=CARTESIAN_POINT('Ctrl Pts',(-1.22278332710259,-1.4,278.558161151625));
#16069=CARTESIAN_POINT('Ctrl Pts',(-1.22278332710259,-2.,278.558161151625));
#16070=CARTESIAN_POINT('Ctrl Pts',(-1.1865608338252,-1.4,278.083270060607));
#16071=CARTESIAN_POINT('Ctrl Pts',(-1.1865608338252,-2.,278.083270060607));
#16072=CARTESIAN_POINT('Ctrl Pts',(-1.11623099092001,-1.4,277.16121824124));
#16073=CARTESIAN_POINT('Ctrl Pts',(-1.11623099092001,-2.,277.16121824124));
#16074=CARTESIAN_POINT('Ctrl Pts',(-0.518242564391608,-1.4,276.458179362732));
#16075=CARTESIAN_POINT('Ctrl Pts',(-0.518242564391608,-2.,276.458179362732));
#16076=CARTESIAN_POINT('Ctrl Pts',(-0.228240489959652,-1.4,276.117231738784));
#16077=CARTESIAN_POINT('Ctrl Pts',(-0.228240489959652,-2.,276.117231738784));
#16078=CARTESIAN_POINT('',(-1.22278332710259,-1.4,278.558161151625));
#16079=CARTESIAN_POINT('Ctrl Pts',(-0.228240489959652,-1.4,276.117231738784));
#16080=CARTESIAN_POINT('Ctrl Pts',(-0.518242564391608,-1.4,276.458179362732));
#16081=CARTESIAN_POINT('Ctrl Pts',(-1.11623099092001,-1.4,277.16121824124));
#16082=CARTESIAN_POINT('Ctrl Pts',(-1.1865608338252,-1.4,278.083270060607));
#16083=CARTESIAN_POINT('Ctrl Pts',(-1.22278332710259,-1.4,278.558161151625));
#16084=CARTESIAN_POINT('',(-1.22278332710259,-2.,278.558161151625));
#16085=CARTESIAN_POINT('Ctrl Pts',(-1.22278332710259,-2.,278.558161151625));
#16086=CARTESIAN_POINT('Ctrl Pts',(-1.1865608338252,-2.,278.083270060607));
#16087=CARTESIAN_POINT('Ctrl Pts',(-1.11623099092001,-2.,277.16121824124));
#16088=CARTESIAN_POINT('Ctrl Pts',(-0.518242564391608,-2.,276.458179362732));
#16089=CARTESIAN_POINT('Ctrl Pts',(-0.228240489959652,-2.,276.117231738784));
#16090=CARTESIAN_POINT('',(-1.22278332710259,-1.4,278.558161151625));
#16091=CARTESIAN_POINT('Ctrl Pts',(-0.441883206367419,-1.4,280.704409969069));
#16092=CARTESIAN_POINT('Ctrl Pts',(-0.441883206367419,-2.,280.704409969069));
#16093=CARTESIAN_POINT('Ctrl Pts',(-0.669535896669747,-1.4,280.400142816825));
#16094=CARTESIAN_POINT('Ctrl Pts',(-0.669535896669747,-2.,280.400142816825));
#16095=CARTESIAN_POINT('Ctrl Pts',(-1.14477853086659,-1.4,279.764961555667));
#16096=CARTESIAN_POINT('Ctrl Pts',(-1.14477853086659,-2.,279.764961555667));
#16097=CARTESIAN_POINT('Ctrl Pts',(-1.19606454918783,-1.4,278.971523323427));
#16098=CARTESIAN_POINT('Ctrl Pts',(-1.19606454918783,-2.,278.971523323427));
#16099=CARTESIAN_POINT('Ctrl Pts',(-1.22278332710259,-1.4,278.558161151625));
#16100=CARTESIAN_POINT('Ctrl Pts',(-1.22278332710259,-2.,278.558161151625));
#16101=CARTESIAN_POINT('',(-0.441883206367419,-1.4,280.704409969069));
#16102=CARTESIAN_POINT('Ctrl Pts',(-1.22278332710259,-1.4,278.558161151625));
#16103=CARTESIAN_POINT('Ctrl Pts',(-1.19606454918783,-1.4,278.971523323427));
#16104=CARTESIAN_POINT('Ctrl Pts',(-1.14477853086659,-1.4,279.764961555667));
#16105=CARTESIAN_POINT('Ctrl Pts',(-0.669535896669747,-1.4,280.400142816825));
#16106=CARTESIAN_POINT('Ctrl Pts',(-0.441883206367419,-1.4,280.704409969069));
#16107=CARTESIAN_POINT('',(-0.441883206367419,-2.,280.704409969069));
#16108=CARTESIAN_POINT('Ctrl Pts',(-0.441883206367419,-2.,280.704409969069));
#16109=CARTESIAN_POINT('Ctrl Pts',(-0.669535896669747,-2.,280.400142816825));
#16110=CARTESIAN_POINT('Ctrl Pts',(-1.14477853086659,-2.,279.764961555667));
#16111=CARTESIAN_POINT('Ctrl Pts',(-1.19606454918783,-2.,278.971523323427));
#16112=CARTESIAN_POINT('Ctrl Pts',(-1.22278332710259,-2.,278.558161151625));
#16113=CARTESIAN_POINT('',(-0.441883206367419,-1.4,280.704409969069));
#16114=CARTESIAN_POINT('Ctrl Pts',(0.884174108505325,-1.4,281.441104305007));
#16115=CARTESIAN_POINT('Ctrl Pts',(0.884174108505325,-2.,281.441104305007));
#16116=CARTESIAN_POINT('Ctrl Pts',(0.619771534796566,-1.4,281.356065000691));
#16117=CARTESIAN_POINT('Ctrl Pts',(0.619771534796566,-2.,281.356065000691));
#16118=CARTESIAN_POINT('Ctrl Pts',(0.128016893157615,-1.4,281.197902876805));
#16119=CARTESIAN_POINT('Ctrl Pts',(0.128016893157615,-2.,281.197902876805));
#16120=CARTESIAN_POINT('Ctrl Pts',(-0.261704153083003,-1.4,280.86043219997));
#16121=CARTESIAN_POINT('Ctrl Pts',(-0.261704153083003,-2.,280.86043219997));
#16122=CARTESIAN_POINT('Ctrl Pts',(-0.441883206367419,-1.4,280.704409969069));
#16123=CARTESIAN_POINT('Ctrl Pts',(-0.441883206367419,-2.,280.704409969069));
#16124=CARTESIAN_POINT('',(0.884174108505325,-1.4,281.441104305007));
#16125=CARTESIAN_POINT('Ctrl Pts',(-0.441883206367419,-1.4,280.704409969069));
#16126=CARTESIAN_POINT('Ctrl Pts',(-0.261704153083003,-1.4,280.86043219997));
#16127=CARTESIAN_POINT('Ctrl Pts',(0.128016893157615,-1.4,281.197902876805));
#16128=CARTESIAN_POINT('Ctrl Pts',(0.619771534796566,-1.4,281.356065000691));
#16129=CARTESIAN_POINT('Ctrl Pts',(0.884174108505325,-1.4,281.441104305007));
#16130=CARTESIAN_POINT('',(0.884174108505325,-2.,281.441104305007));
#16131=CARTESIAN_POINT('Ctrl Pts',(0.884174108505325,-2.,281.441104305007));
#16132=CARTESIAN_POINT('Ctrl Pts',(0.619771534796566,-2.,281.356065000691));
#16133=CARTESIAN_POINT('Ctrl Pts',(0.128016893157615,-2.,281.197902876805));
#16134=CARTESIAN_POINT('Ctrl Pts',(-0.261704153083003,-2.,280.86043219997));
#16135=CARTESIAN_POINT('Ctrl Pts',(-0.441883206367419,-2.,280.704409969069));
#16136=CARTESIAN_POINT('',(0.884174108505325,-1.4,281.441104305007));
#16137=CARTESIAN_POINT('Origin',(1.22796714305885,-1.4,280.002088439681));
#16138=CARTESIAN_POINT('',(1.22796714305885,-1.4,280.002088439681));
#16139=CARTESIAN_POINT('',(0.884174108505325,-1.4,281.441104305007));
#16140=CARTESIAN_POINT('',(1.22796714305885,-2.,280.002088439681));
#16141=CARTESIAN_POINT('',(0.884174108505325,-2.,281.441104305007));
#16142=CARTESIAN_POINT('',(1.22796714305885,-1.4,280.002088439681));
#16143=CARTESIAN_POINT('Ctrl Pts',(0.343928933143687,-1.4,279.46921099446));
#16144=CARTESIAN_POINT('Ctrl Pts',(0.343928933143687,-2.,279.46921099446));
#16145=CARTESIAN_POINT('Ctrl Pts',(0.464250186207659,-1.4,279.593247870335));
#16146=CARTESIAN_POINT('Ctrl Pts',(0.464250186207659,-2.,279.593247870335));
#16147=CARTESIAN_POINT('Ctrl Pts',(0.711716251195919,-1.4,279.848355898257));
#16148=CARTESIAN_POINT('Ctrl Pts',(0.711716251195919,-2.,279.848355898257));
#16149=CARTESIAN_POINT('Ctrl Pts',(1.0527489991207,-1.4,279.949910843485));
#16150=CARTESIAN_POINT('Ctrl Pts',(1.0527489991207,-2.,279.949910843485));
#16151=CARTESIAN_POINT('Ctrl Pts',(1.22796714305885,-1.4,280.002088439681));
#16152=CARTESIAN_POINT('Ctrl Pts',(1.22796714305885,-2.,280.002088439681));
#16153=CARTESIAN_POINT('',(0.343928933143687,-1.4,279.46921099446));
#16154=CARTESIAN_POINT('Ctrl Pts',(1.22796714305885,-1.4,280.002088439681));
#16155=CARTESIAN_POINT('Ctrl Pts',(1.0527489991207,-1.4,279.949910843485));
#16156=CARTESIAN_POINT('Ctrl Pts',(0.711716251195919,-1.4,279.848355898257));
#16157=CARTESIAN_POINT('Ctrl Pts',(0.464250186207659,-1.4,279.593247870335));
#16158=CARTESIAN_POINT('Ctrl Pts',(0.343928933143687,-1.4,279.46921099446));
#16159=CARTESIAN_POINT('',(0.343928933143687,-2.,279.46921099446));
#16160=CARTESIAN_POINT('Ctrl Pts',(0.343928933143687,-2.,279.46921099446));
#16161=CARTESIAN_POINT('Ctrl Pts',(0.464250186207659,-2.,279.593247870335));
#16162=CARTESIAN_POINT('Ctrl Pts',(0.711716251195919,-2.,279.848355898257));
#16163=CARTESIAN_POINT('Ctrl Pts',(1.0527489991207,-2.,279.949910843485));
#16164=CARTESIAN_POINT('Ctrl Pts',(1.22796714305885,-2.,280.002088439681));
#16165=CARTESIAN_POINT('',(0.343928933143687,-1.4,279.46921099446));
#16166=CARTESIAN_POINT('Ctrl Pts',(0.0197815895081255,-1.4,278.484489810683));
#16167=CARTESIAN_POINT('Ctrl Pts',(0.0197815895081255,-2.,278.484489810683));
#16168=CARTESIAN_POINT('Ctrl Pts',(0.031587750128963,-1.4,278.668232735993));
#16169=CARTESIAN_POINT('Ctrl Pts',(0.031587750128963,-2.,278.668232735993));
#16170=CARTESIAN_POINT('Ctrl Pts',(0.0545108367093528,-1.4,279.024991814638));
#16171=CARTESIAN_POINT('Ctrl Pts',(0.0545108367093528,-2.,279.024991814638));
#16172=CARTESIAN_POINT('Ctrl Pts',(0.249409592246257,-1.4,279.324136085157));
#16173=CARTESIAN_POINT('Ctrl Pts',(0.249409592246257,-2.,279.324136085157));
#16174=CARTESIAN_POINT('Ctrl Pts',(0.343928933143687,-1.4,279.46921099446));
#16175=CARTESIAN_POINT('Ctrl Pts',(0.343928933143687,-2.,279.46921099446));
#16176=CARTESIAN_POINT('',(0.0197815895081255,-1.4,278.484489810683));
#16177=CARTESIAN_POINT('Ctrl Pts',(0.343928933143687,-1.4,279.46921099446));
#16178=CARTESIAN_POINT('Ctrl Pts',(0.249409592246257,-1.4,279.324136085157));
#16179=CARTESIAN_POINT('Ctrl Pts',(0.0545108367093528,-1.4,279.024991814638));
#16180=CARTESIAN_POINT('Ctrl Pts',(0.031587750128963,-1.4,278.668232735993));
#16181=CARTESIAN_POINT('Ctrl Pts',(0.0197815895081255,-1.4,278.484489810683));
#16182=CARTESIAN_POINT('',(0.0197815895081255,-2.,278.484489810683));
#16183=CARTESIAN_POINT('Ctrl Pts',(0.0197815895081255,-2.,278.484489810683));
#16184=CARTESIAN_POINT('Ctrl Pts',(0.031587750128963,-2.,278.668232735993));
#16185=CARTESIAN_POINT('Ctrl Pts',(0.0545108367093528,-2.,279.024991814638));
#16186=CARTESIAN_POINT('Ctrl Pts',(0.249409592246257,-2.,279.324136085157));
#16187=CARTESIAN_POINT('Ctrl Pts',(0.343928933143687,-2.,279.46921099446));
#16188=CARTESIAN_POINT('',(0.0197815895081255,-1.4,278.484489810683));
#16189=CARTESIAN_POINT('Ctrl Pts',(0.594406127929754,-1.4,277.185444724776));
#16190=CARTESIAN_POINT('Ctrl Pts',(0.594406127929754,-2.,277.185444724776));
#16191=CARTESIAN_POINT('Ctrl Pts',(0.426817427143427,-1.4,277.366099859734));
#16192=CARTESIAN_POINT('Ctrl Pts',(0.426817427143427,-2.,277.366099859734));
#16193=CARTESIAN_POINT('Ctrl Pts',(0.0866581723107218,-1.4,277.732780404429));
#16194=CARTESIAN_POINT('Ctrl Pts',(0.0866581723107218,-2.,277.732780404429));
#16195=CARTESIAN_POINT('Ctrl Pts',(0.0422903821453302,-1.4,278.231485389109));
#16196=CARTESIAN_POINT('Ctrl Pts',(0.0422903821453302,-2.,278.231485389109));
#16197=CARTESIAN_POINT('Ctrl Pts',(0.0197815895081255,-1.4,278.484489810683));
#16198=CARTESIAN_POINT('Ctrl Pts',(0.0197815895081255,-2.,278.484489810683));
#16199=CARTESIAN_POINT('',(0.594406127929754,-1.4,277.185444724776));
#16200=CARTESIAN_POINT('Ctrl Pts',(0.0197815895081255,-1.4,278.484489810683));
#16201=CARTESIAN_POINT('Ctrl Pts',(0.0422903821453302,-1.4,278.231485389109));
#16202=CARTESIAN_POINT('Ctrl Pts',(0.0866581723107218,-1.4,277.732780404429));
#16203=CARTESIAN_POINT('Ctrl Pts',(0.426817427143427,-1.4,277.366099859734));
#16204=CARTESIAN_POINT('Ctrl Pts',(0.594406127929754,-1.4,277.185444724776));
#16205=CARTESIAN_POINT('',(0.594406127929754,-2.,277.185444724776));
#16206=CARTESIAN_POINT('Ctrl Pts',(0.594406127929754,-2.,277.185444724776));
#16207=CARTESIAN_POINT('Ctrl Pts',(0.426817427143427,-2.,277.366099859734));
#16208=CARTESIAN_POINT('Ctrl Pts',(0.0866581723107218,-2.,277.732780404429));
#16209=CARTESIAN_POINT('Ctrl Pts',(0.0422903821453302,-2.,278.231485389109));
#16210=CARTESIAN_POINT('Ctrl Pts',(0.0197815895081255,-2.,278.484489810683));
#16211=CARTESIAN_POINT('',(0.594406127929754,-1.4,277.185444724776));
#16212=CARTESIAN_POINT('Ctrl Pts',(2.45579838752753,-1.4,276.686944854476));
#16213=CARTESIAN_POINT('Ctrl Pts',(2.45579838752753,-2.,276.686944854476));
#16214=CARTESIAN_POINT('Ctrl Pts',(2.07581100339673,-1.4,276.693148678801));
#16215=CARTESIAN_POINT('Ctrl Pts',(2.07581100339673,-2.,276.693148678801));
#16216=CARTESIAN_POINT('Ctrl Pts',(1.40960043753918,-1.4,276.704025495997));
#16217=CARTESIAN_POINT('Ctrl Pts',(1.40960043753918,-2.,276.704025495997));
#16218=CARTESIAN_POINT('Ctrl Pts',(0.83938643192859,-1.4,277.040769734253));
#16219=CARTESIAN_POINT('Ctrl Pts',(0.83938643192859,-2.,277.040769734253));
#16220=CARTESIAN_POINT('Ctrl Pts',(0.594406127929754,-1.4,277.185444724776));
#16221=CARTESIAN_POINT('Ctrl Pts',(0.594406127929754,-2.,277.185444724776));
#16222=CARTESIAN_POINT('',(2.45579838752753,-1.4,276.686944854476));
#16223=CARTESIAN_POINT('Ctrl Pts',(0.594406127929754,-1.4,277.185444724776));
#16224=CARTESIAN_POINT('Ctrl Pts',(0.83938643192859,-1.4,277.040769734253));
#16225=CARTESIAN_POINT('Ctrl Pts',(1.40960043753918,-1.4,276.704025495997));
#16226=CARTESIAN_POINT('Ctrl Pts',(2.07581100339673,-1.4,276.693148678801));
#16227=CARTESIAN_POINT('Ctrl Pts',(2.45579838752753,-1.4,276.686944854476));
#16228=CARTESIAN_POINT('',(2.45579838752753,-2.,276.686944854476));
#16229=CARTESIAN_POINT('Ctrl Pts',(2.45579838752753,-2.,276.686944854476));
#16230=CARTESIAN_POINT('Ctrl Pts',(2.07581100339673,-2.,276.693148678801));
#16231=CARTESIAN_POINT('Ctrl Pts',(1.40960043753918,-2.,276.704025495997));
#16232=CARTESIAN_POINT('Ctrl Pts',(0.83938643192859,-2.,277.040769734253));
#16233=CARTESIAN_POINT('Ctrl Pts',(0.594406127929754,-2.,277.185444724776));
#16234=CARTESIAN_POINT('',(2.45579838752753,-1.4,276.686944854476));
#16235=CARTESIAN_POINT('Ctrl Pts',(4.40068244934089,-1.4,277.178077590682));
#16236=CARTESIAN_POINT('Ctrl Pts',(4.40068244934089,-2.,277.178077590682));
#16237=CARTESIAN_POINT('Ctrl Pts',(4.14752876745859,-1.4,277.035687082003));
#16238=CARTESIAN_POINT('Ctrl Pts',(4.14752876745859,-2.,277.035687082003));
#16239=CARTESIAN_POINT('Ctrl Pts',(3.54798840515647,-1.4,276.698465610339));
#16240=CARTESIAN_POINT('Ctrl Pts',(3.54798840515647,-2.,276.698465610339));
#16241=CARTESIAN_POINT('Ctrl Pts',(2.85574474438982,-1.4,276.691163611525));
#16242=CARTESIAN_POINT('Ctrl Pts',(2.85574474438982,-2.,276.691163611525));
#16243=CARTESIAN_POINT('Ctrl Pts',(2.45579838752753,-1.4,276.686944854476));
#16244=CARTESIAN_POINT('Ctrl Pts',(2.45579838752753,-2.,276.686944854476));
#16245=CARTESIAN_POINT('',(4.40068244934089,-1.4,277.178077590682));
#16246=CARTESIAN_POINT('Ctrl Pts',(2.45579838752753,-1.4,276.686944854476));
#16247=CARTESIAN_POINT('Ctrl Pts',(2.85574474438982,-1.4,276.691163611525));
#16248=CARTESIAN_POINT('Ctrl Pts',(3.54798840515647,-1.4,276.698465610339));
#16249=CARTESIAN_POINT('Ctrl Pts',(4.14752876745859,-1.4,277.035687082003));
#16250=CARTESIAN_POINT('Ctrl Pts',(4.40068244934089,-1.4,277.178077590682));
#16251=CARTESIAN_POINT('',(4.40068244934089,-2.,277.178077590682));
#16252=CARTESIAN_POINT('Ctrl Pts',(4.40068244934089,-2.,277.178077590682));
#16253=CARTESIAN_POINT('Ctrl Pts',(4.14752876745859,-2.,277.035687082003));
#16254=CARTESIAN_POINT('Ctrl Pts',(3.54798840515647,-2.,276.698465610339));
#16255=CARTESIAN_POINT('Ctrl Pts',(2.85574474438982,-2.,276.691163611525));
#16256=CARTESIAN_POINT('Ctrl Pts',(2.45579838752753,-2.,276.686944854476));
#16257=CARTESIAN_POINT('',(4.40068244934089,-1.4,277.178077590682));
#16258=CARTESIAN_POINT('Ctrl Pts',(4.98021841049201,-1.4,278.455021274306));
#16259=CARTESIAN_POINT('Ctrl Pts',(4.98021841049201,-2.,278.455021274306));
#16260=CARTESIAN_POINT('Ctrl Pts',(4.95702709249437,-1.4,278.206178981903));
#16261=CARTESIAN_POINT('Ctrl Pts',(4.95702709249437,-2.,278.206178981903));
#16262=CARTESIAN_POINT('Ctrl Pts',(4.91109262200015,-1.4,277.7133032023));
#16263=CARTESIAN_POINT('Ctrl Pts',(4.91109262200015,-2.,277.7133032023));
#16264=CARTESIAN_POINT('Ctrl Pts',(4.56970892240548,-1.4,277.355321897852));
#16265=CARTESIAN_POINT('Ctrl Pts',(4.56970892240548,-2.,277.355321897852));
#16266=CARTESIAN_POINT('Ctrl Pts',(4.40068244934089,-1.4,277.178077590682));
#16267=CARTESIAN_POINT('Ctrl Pts',(4.40068244934089,-2.,277.178077590682));
#16268=CARTESIAN_POINT('',(4.98021841049201,-1.4,278.455021274306));
#16269=CARTESIAN_POINT('Ctrl Pts',(4.40068244934089,-1.4,277.178077590682));
#16270=CARTESIAN_POINT('Ctrl Pts',(4.56970892240548,-1.4,277.355321897852));
#16271=CARTESIAN_POINT('Ctrl Pts',(4.91109262200015,-1.4,277.7133032023));
#16272=CARTESIAN_POINT('Ctrl Pts',(4.95702709249437,-1.4,278.206178981903));
#16273=CARTESIAN_POINT('Ctrl Pts',(4.98021841049201,-1.4,278.455021274306));
#16274=CARTESIAN_POINT('',(4.98021841049201,-2.,278.455021274306));
#16275=CARTESIAN_POINT('Ctrl Pts',(4.98021841049201,-2.,278.455021274306));
#16276=CARTESIAN_POINT('Ctrl Pts',(4.95702709249437,-2.,278.206178981903));
#16277=CARTESIAN_POINT('Ctrl Pts',(4.91109262200015,-2.,277.7133032023));
#16278=CARTESIAN_POINT('Ctrl Pts',(4.56970892240548,-2.,277.355321897852));
#16279=CARTESIAN_POINT('Ctrl Pts',(4.40068244934089,-2.,277.178077590682));
#16280=CARTESIAN_POINT('',(4.98021841049201,-1.4,278.455021274306));
#16281=CARTESIAN_POINT('Ctrl Pts',(4.61186885833747,-1.4,279.452021014907));
#16282=CARTESIAN_POINT('Ctrl Pts',(4.61186885833747,-2.,279.452021014907));
#16283=CARTESIAN_POINT('Ctrl Pts',(4.71930071599043,-1.4,279.305067194138));
#16284=CARTESIAN_POINT('Ctrl Pts',(4.71930071599043,-2.,279.305067194138));
#16285=CARTESIAN_POINT('Ctrl Pts',(4.93657084994407,-1.4,279.007867862199));
#16286=CARTESIAN_POINT('Ctrl Pts',(4.93657084994407,-2.,279.007867862199));
#16287=CARTESIAN_POINT('Ctrl Pts',(4.9655621905202,-1.4,278.64065916795));
#16288=CARTESIAN_POINT('Ctrl Pts',(4.9655621905202,-2.,278.64065916795));
#16289=CARTESIAN_POINT('Ctrl Pts',(4.98021841049201,-1.4,278.455021274306));
#16290=CARTESIAN_POINT('Ctrl Pts',(4.98021841049201,-2.,278.455021274306));
#16291=CARTESIAN_POINT('',(4.61186885833747,-1.4,279.452021014907));
#16292=CARTESIAN_POINT('Ctrl Pts',(4.98021841049201,-1.4,278.455021274306));
#16293=CARTESIAN_POINT('Ctrl Pts',(4.9655621905202,-1.4,278.64065916795));
#16294=CARTESIAN_POINT('Ctrl Pts',(4.93657084994407,-1.4,279.007867862199));
#16295=CARTESIAN_POINT('Ctrl Pts',(4.71930071599043,-1.4,279.305067194138));
#16296=CARTESIAN_POINT('Ctrl Pts',(4.61186885833747,-1.4,279.452021014907));
#16297=CARTESIAN_POINT('',(4.61186885833747,-2.,279.452021014907));
#16298=CARTESIAN_POINT('Ctrl Pts',(4.61186885833747,-2.,279.452021014907));
#16299=CARTESIAN_POINT('Ctrl Pts',(4.71930071599043,-2.,279.305067194138));
#16300=CARTESIAN_POINT('Ctrl Pts',(4.93657084994407,-2.,279.007867862199));
#16301=CARTESIAN_POINT('Ctrl Pts',(4.9655621905202,-2.,278.64065916795));
#16302=CARTESIAN_POINT('Ctrl Pts',(4.98021841049201,-2.,278.455021274306));
#16303=CARTESIAN_POINT('',(4.61186885833747,-1.4,279.452021014907));
#16304=CARTESIAN_POINT('Ctrl Pts',(3.45279693603523,-1.4,280.051202666976));
#16305=CARTESIAN_POINT('Ctrl Pts',(3.45279693603523,-2.,280.051202666976));
#16306=CARTESIAN_POINT('Ctrl Pts',(3.69088896814137,-1.4,279.989080121368));
#16307=CARTESIAN_POINT('Ctrl Pts',(3.69088896814137,-2.,279.989080121368));
#16308=CARTESIAN_POINT('Ctrl Pts',(4.12382867439183,-1.4,279.876118270402));
#16309=CARTESIAN_POINT('Ctrl Pts',(4.12382867439183,-2.,279.876118270402));
#16310=CARTESIAN_POINT('Ctrl Pts',(4.46039481202744,-1.4,279.583648961605));
#16311=CARTESIAN_POINT('Ctrl Pts',(4.46039481202744,-2.,279.583648961605));
#16312=CARTESIAN_POINT('Ctrl Pts',(4.61186885833747,-1.4,279.452021014907));
#16313=CARTESIAN_POINT('Ctrl Pts',(4.61186885833747,-2.,279.452021014907));
#16314=CARTESIAN_POINT('',(3.45279693603523,-1.4,280.051202666976));
#16315=CARTESIAN_POINT('Ctrl Pts',(4.61186885833747,-1.4,279.452021014907));
#16316=CARTESIAN_POINT('Ctrl Pts',(4.46039481202744,-1.4,279.583648961605));
#16317=CARTESIAN_POINT('Ctrl Pts',(4.12382867439183,-1.4,279.876118270402));
#16318=CARTESIAN_POINT('Ctrl Pts',(3.69088896814137,-1.4,279.989080121368));
#16319=CARTESIAN_POINT('Ctrl Pts',(3.45279693603523,-1.4,280.051202666976));
#16320=CARTESIAN_POINT('',(3.45279693603523,-2.,280.051202666976));
#16321=CARTESIAN_POINT('Ctrl Pts',(3.45279693603523,-2.,280.051202666976));
#16322=CARTESIAN_POINT('Ctrl Pts',(3.69088896814137,-2.,279.989080121368));
#16323=CARTESIAN_POINT('Ctrl Pts',(4.12382867439183,-2.,279.876118270402));
#16324=CARTESIAN_POINT('Ctrl Pts',(4.46039481202744,-2.,279.583648961605));
#16325=CARTESIAN_POINT('Ctrl Pts',(4.61186885833747,-2.,279.452021014907));
#16326=CARTESIAN_POINT('',(3.45279693603523,-1.4,280.051202666976));
#16327=CARTESIAN_POINT('Origin',(3.89972686767586,-1.4,281.460749995925));
#16328=CARTESIAN_POINT('',(3.45279693603523,-1.4,280.051202666976));
#16329=CARTESIAN_POINT('',(3.45279693603523,-2.,280.051202666976));
#16330=CARTESIAN_POINT('Origin',(2.50000000000006,-1.4,266.18162591479));
#16331=CARTESIAN_POINT('Origin',(2.50000000000006,-2.,266.18162591479));
#16332=CARTESIAN_POINT('Origin',(2.23969936370855,-1.4,270.754065406539));
#16333=CARTESIAN_POINT('',(2.23969936370854,-1.4,267.620642078139));
#16334=CARTESIAN_POINT('',(2.23969936370855,-1.4,270.754065406539));
#16335=CARTESIAN_POINT('',(2.23969936370854,-1.4,267.620642078139));
#16336=CARTESIAN_POINT('',(2.23969936370854,-2.,267.620642078139));
#16337=CARTESIAN_POINT('',(2.23969936370854,-1.4,267.620642078139));
#16338=CARTESIAN_POINT('',(2.23969936370855,-2.,270.754065406539));
#16339=CARTESIAN_POINT('',(2.23969936370854,-2.,267.620642078139));
#16340=CARTESIAN_POINT('',(2.23969936370855,-1.4,270.754065406539));
#16341=CARTESIAN_POINT('Origin',(5.107913017273,-1.4,270.754065406539));
#16342=CARTESIAN_POINT('',(5.107913017273,-1.4,270.754065406539));
#16343=CARTESIAN_POINT('',(2.23969936370855,-1.4,270.754065406539));
#16344=CARTESIAN_POINT('',(5.107913017273,-2.,270.754065406539));
#16345=CARTESIAN_POINT('',(2.23969936370855,-2.,270.754065406539));
#16346=CARTESIAN_POINT('',(5.107913017273,-1.4,270.754065406539));
#16347=CARTESIAN_POINT('Ctrl Pts',(5.88635802268987,-1.4,269.430463206984));
#16348=CARTESIAN_POINT('Ctrl Pts',(5.88635802268987,-2.,269.430463206984));
#16349=CARTESIAN_POINT('Ctrl Pts',(5.77837931036947,-1.4,269.693028576133));
#16350=CARTESIAN_POINT('Ctrl Pts',(5.77837931036947,-2.,269.693028576133));
#16351=CARTESIAN_POINT('Ctrl Pts',(5.58147208290998,-1.4,270.171836090641));
#16352=CARTESIAN_POINT('Ctrl Pts',(5.58147208290998,-2.,270.171836090641));
#16353=CARTESIAN_POINT('Ctrl Pts',(5.25524555222785,-1.4,270.572923649869));
#16354=CARTESIAN_POINT('Ctrl Pts',(5.25524555222785,-2.,270.572923649869));
#16355=CARTESIAN_POINT('Ctrl Pts',(5.107913017273,-1.4,270.754065406539));
#16356=CARTESIAN_POINT('Ctrl Pts',(5.107913017273,-2.,270.754065406539));
#16357=CARTESIAN_POINT('',(5.88635802268987,-1.4,269.430463206984));
#16358=CARTESIAN_POINT('Ctrl Pts',(5.107913017273,-1.4,270.754065406539));
#16359=CARTESIAN_POINT('Ctrl Pts',(5.25524555222785,-1.4,270.572923649869));
#16360=CARTESIAN_POINT('Ctrl Pts',(5.58147208290998,-1.4,270.171836090641));
#16361=CARTESIAN_POINT('Ctrl Pts',(5.77837931036947,-1.4,269.693028576133));
#16362=CARTESIAN_POINT('Ctrl Pts',(5.88635802268987,-1.4,269.430463206984));
#16363=CARTESIAN_POINT('',(5.88635802268987,-2.,269.430463206984));
#16364=CARTESIAN_POINT('Ctrl Pts',(5.88635802268987,-2.,269.430463206984));
#16365=CARTESIAN_POINT('Ctrl Pts',(5.77837931036947,-2.,269.693028576133));
#16366=CARTESIAN_POINT('Ctrl Pts',(5.58147208290998,-2.,270.171836090641));
#16367=CARTESIAN_POINT('Ctrl Pts',(5.25524555222785,-2.,270.572923649869));
#16368=CARTESIAN_POINT('Ctrl Pts',(5.107913017273,-2.,270.754065406539));
#16369=CARTESIAN_POINT('',(5.88635802268987,-1.4,269.430463206984));
#16370=CARTESIAN_POINT('Ctrl Pts',(6.22278332710271,-1.4,267.674665343978));
#16371=CARTESIAN_POINT('Ctrl Pts',(6.22278332710271,-2.,267.674665343978));
#16372=CARTESIAN_POINT('Ctrl Pts',(6.20812961280435,-1.4,267.971689218852));
#16373=CARTESIAN_POINT('Ctrl Pts',(6.20812961280435,-2.,267.971689218852));
#16374=CARTESIAN_POINT('Ctrl Pts',(6.17848018731859,-1.4,268.572669084179));
#16375=CARTESIAN_POINT('Ctrl Pts',(6.17848018731859,-2.,268.572669084179));
#16376=CARTESIAN_POINT('Ctrl Pts',(5.98447799585244,-1.4,269.142341501411));
#16377=CARTESIAN_POINT('Ctrl Pts',(5.98447799585244,-2.,269.142341501411));
#16378=CARTESIAN_POINT('Ctrl Pts',(5.88635802268987,-1.4,269.430463206984));
#16379=CARTESIAN_POINT('Ctrl Pts',(5.88635802268987,-2.,269.430463206984));
#16380=CARTESIAN_POINT('',(6.22278332710271,-1.4,267.674665343978));
#16381=CARTESIAN_POINT('Ctrl Pts',(5.88635802268987,-1.4,269.430463206984));
#16382=CARTESIAN_POINT('Ctrl Pts',(5.98447799585244,-1.4,269.142341501411));
#16383=CARTESIAN_POINT('Ctrl Pts',(6.17848018731859,-1.4,268.572669084179));
#16384=CARTESIAN_POINT('Ctrl Pts',(6.20812961280435,-1.4,267.971689218852));
#16385=CARTESIAN_POINT('Ctrl Pts',(6.22278332710271,-1.4,267.674665343978));
#16386=CARTESIAN_POINT('',(6.22278332710271,-2.,267.674665343978));
#16387=CARTESIAN_POINT('Ctrl Pts',(6.22278332710271,-2.,267.674665343978));
#16388=CARTESIAN_POINT('Ctrl Pts',(6.20812961280435,-2.,267.971689218852));
#16389=CARTESIAN_POINT('Ctrl Pts',(6.17848018731859,-2.,268.572669084179));
#16390=CARTESIAN_POINT('Ctrl Pts',(5.98447799585244,-2.,269.142341501411));
#16391=CARTESIAN_POINT('Ctrl Pts',(5.88635802268987,-2.,269.430463206984));
#16392=CARTESIAN_POINT('',(6.22278332710271,-1.4,267.674665343978));
#16393=CARTESIAN_POINT('Ctrl Pts',(5.74884057044987,-1.4,265.70522536061));
#16394=CARTESIAN_POINT('Ctrl Pts',(5.74884057044987,-2.,265.70522536061));
#16395=CARTESIAN_POINT('Ctrl Pts',(5.88700868994573,-1.4,266.004469197038));
#16396=CARTESIAN_POINT('Ctrl Pts',(5.88700868994573,-2.,266.004469197038));
#16397=CARTESIAN_POINT('Ctrl Pts',(6.17529714181203,-1.4,266.628842913995));
#16398=CARTESIAN_POINT('Ctrl Pts',(6.17529714181203,-2.,266.628842913995));
#16399=CARTESIAN_POINT('Ctrl Pts',(6.20652306459166,-1.4,267.31655388172));
#16400=CARTESIAN_POINT('Ctrl Pts',(6.20652306459166,-2.,267.31655388172));
#16401=CARTESIAN_POINT('Ctrl Pts',(6.22278332710271,-1.4,267.674665343978));
#16402=CARTESIAN_POINT('Ctrl Pts',(6.22278332710271,-2.,267.674665343978));
#16403=CARTESIAN_POINT('',(5.74884057044987,-1.4,265.70522536061));
#16404=CARTESIAN_POINT('Ctrl Pts',(6.22278332710271,-1.4,267.674665343978));
#16405=CARTESIAN_POINT('Ctrl Pts',(6.20652306459166,-1.4,267.31655388172));
#16406=CARTESIAN_POINT('Ctrl Pts',(6.17529714181203,-1.4,266.628842913995));
#16407=CARTESIAN_POINT('Ctrl Pts',(5.88700868994573,-1.4,266.004469197038));
#16408=CARTESIAN_POINT('Ctrl Pts',(5.74884057044987,-1.4,265.70522536061));
#16409=CARTESIAN_POINT('',(5.74884057044987,-2.,265.70522536061));
#16410=CARTESIAN_POINT('Ctrl Pts',(5.74884057044987,-2.,265.70522536061));
#16411=CARTESIAN_POINT('Ctrl Pts',(5.88700868994573,-2.,266.004469197038));
#16412=CARTESIAN_POINT('Ctrl Pts',(6.17529714181203,-2.,266.628842913995));
#16413=CARTESIAN_POINT('Ctrl Pts',(6.20652306459166,-2.,267.31655388172));
#16414=CARTESIAN_POINT('Ctrl Pts',(6.22278332710271,-2.,267.674665343978));
#16415=CARTESIAN_POINT('',(5.74884057044987,-1.4,265.70522536061));
#16416=CARTESIAN_POINT('Ctrl Pts',(4.39331531524662,-1.4,264.443013560988));
#16417=CARTESIAN_POINT('Ctrl Pts',(4.39331531524662,-2.,264.443013560988));
#16418=CARTESIAN_POINT('Ctrl Pts',(4.66990067417987,-1.4,264.60068577808));
#16419=CARTESIAN_POINT('Ctrl Pts',(4.66990067417987,-2.,264.60068577808));
#16420=CARTESIAN_POINT('Ctrl Pts',(5.22106135407391,-1.4,264.91488435572));
#16421=CARTESIAN_POINT('Ctrl Pts',(5.22106135407391,-2.,264.91488435572));
#16422=CARTESIAN_POINT('Ctrl Pts',(5.57334241173711,-1.4,265.442419651689));
#16423=CARTESIAN_POINT('Ctrl Pts',(5.57334241173711,-2.,265.442419651689));
#16424=CARTESIAN_POINT('Ctrl Pts',(5.74884057044987,-1.4,265.70522536061));
#16425=CARTESIAN_POINT('Ctrl Pts',(5.74884057044987,-2.,265.70522536061));
#16426=CARTESIAN_POINT('',(4.39331531524662,-1.4,264.443013560988));
#16427=CARTESIAN_POINT('Ctrl Pts',(5.74884057044987,-1.4,265.70522536061));
#16428=CARTESIAN_POINT('Ctrl Pts',(5.57334241173711,-1.4,265.442419651689));
#16429=CARTESIAN_POINT('Ctrl Pts',(5.22106135407391,-1.4,264.91488435572));
#16430=CARTESIAN_POINT('Ctrl Pts',(4.66990067417987,-1.4,264.60068577808));
#16431=CARTESIAN_POINT('Ctrl Pts',(4.39331531524662,-1.4,264.443013560988));
#16432=CARTESIAN_POINT('',(4.39331531524662,-2.,264.443013560988));
#16433=CARTESIAN_POINT('Ctrl Pts',(4.39331531524662,-2.,264.443013560988));
#16434=CARTESIAN_POINT('Ctrl Pts',(4.66990067417987,-2.,264.60068577808));
#16435=CARTESIAN_POINT('Ctrl Pts',(5.22106135407391,-2.,264.91488435572));
#16436=CARTESIAN_POINT('Ctrl Pts',(5.57334241173711,-2.,265.442419651689));
#16437=CARTESIAN_POINT('Ctrl Pts',(5.74884057044987,-2.,265.70522536061));
#16438=CARTESIAN_POINT('',(4.39331531524662,-1.4,264.443013560988));
#16439=CARTESIAN_POINT('Ctrl Pts',(2.47544288635258,-1.4,264.020640742995));
#16440=CARTESIAN_POINT('Ctrl Pts',(2.47544288635258,-2.,264.020640742995));
#16441=CARTESIAN_POINT('Ctrl Pts',(2.81213005022199,-1.4,264.037149036109));
#16442=CARTESIAN_POINT('Ctrl Pts',(2.81213005022199,-2.,264.037149036109));
#16443=CARTESIAN_POINT('Ctrl Pts',(3.47545966959667,-1.4,264.069673114727));
#16444=CARTESIAN_POINT('Ctrl Pts',(3.47545966959667,-2.,264.069673114727));
#16445=CARTESIAN_POINT('Ctrl Pts',(4.09046776075289,-1.4,264.319829439738));
#16446=CARTESIAN_POINT('Ctrl Pts',(4.09046776075289,-2.,264.319829439738));
#16447=CARTESIAN_POINT('Ctrl Pts',(4.39331531524662,-1.4,264.443013560988));
#16448=CARTESIAN_POINT('Ctrl Pts',(4.39331531524662,-2.,264.443013560988));
#16449=CARTESIAN_POINT('',(2.47544288635258,-1.4,264.020640742995));
#16450=CARTESIAN_POINT('Ctrl Pts',(4.39331531524662,-1.4,264.443013560988));
#16451=CARTESIAN_POINT('Ctrl Pts',(4.09046776075289,-1.4,264.319829439738));
#16452=CARTESIAN_POINT('Ctrl Pts',(3.47545966959667,-1.4,264.069673114727));
#16453=CARTESIAN_POINT('Ctrl Pts',(2.81213005022199,-1.4,264.037149036109));
#16454=CARTESIAN_POINT('Ctrl Pts',(2.47544288635258,-1.4,264.020640742995));
#16455=CARTESIAN_POINT('',(2.47544288635258,-2.,264.020640742995));
#16456=CARTESIAN_POINT('Ctrl Pts',(2.47544288635258,-2.,264.020640742995));
#16457=CARTESIAN_POINT('Ctrl Pts',(2.81213005022199,-2.,264.037149036109));
#16458=CARTESIAN_POINT('Ctrl Pts',(3.47545966959667,-2.,264.069673114727));
#16459=CARTESIAN_POINT('Ctrl Pts',(4.09046776075289,-2.,264.319829439738));
#16460=CARTESIAN_POINT('Ctrl Pts',(4.39331531524662,-2.,264.443013560988));
#16461=CARTESIAN_POINT('',(2.47544288635258,-1.4,264.020640742995));
#16462=CARTESIAN_POINT('Ctrl Pts',(0.476534366607707,-1.4,264.492127788283));
#16463=CARTESIAN_POINT('Ctrl Pts',(0.476534366607707,-2.,264.492127788283));
#16464=CARTESIAN_POINT('Ctrl Pts',(0.784103633706433,-1.4,264.35465089323));
#16465=CARTESIAN_POINT('Ctrl Pts',(0.784103633706433,-2.,264.35465089323));
#16466=CARTESIAN_POINT('Ctrl Pts',(1.41989641027315,-1.4,264.070465097803));
#16467=CARTESIAN_POINT('Ctrl Pts',(1.41989641027315,-2.,264.070465097803));
#16468=CARTESIAN_POINT('Ctrl Pts',(2.11605562930692,-1.4,264.037604693531));
#16469=CARTESIAN_POINT('Ctrl Pts',(2.11605562930692,-2.,264.037604693531));
#16470=CARTESIAN_POINT('Ctrl Pts',(2.47544288635258,-1.4,264.020640742995));
#16471=CARTESIAN_POINT('Ctrl Pts',(2.47544288635258,-2.,264.020640742995));
#16472=CARTESIAN_POINT('',(0.476534366607707,-1.4,264.492127788283));
#16473=CARTESIAN_POINT('Ctrl Pts',(2.47544288635258,-1.4,264.020640742995));
#16474=CARTESIAN_POINT('Ctrl Pts',(2.11605562930692,-1.4,264.037604693531));
#16475=CARTESIAN_POINT('Ctrl Pts',(1.41989641027315,-1.4,264.070465097803));
#16476=CARTESIAN_POINT('Ctrl Pts',(0.784103633706433,-1.4,264.35465089323));
#16477=CARTESIAN_POINT('Ctrl Pts',(0.476534366607707,-1.4,264.492127788283));
#16478=CARTESIAN_POINT('',(0.476534366607707,-2.,264.492127788283));
#16479=CARTESIAN_POINT('Ctrl Pts',(0.476534366607707,-2.,264.492127788283));
#16480=CARTESIAN_POINT('Ctrl Pts',(0.784103633706433,-2.,264.35465089323));
#16481=CARTESIAN_POINT('Ctrl Pts',(1.41989641027315,-2.,264.070465097803));
#16482=CARTESIAN_POINT('Ctrl Pts',(2.11605562930692,-2.,264.037604693531));
#16483=CARTESIAN_POINT('Ctrl Pts',(2.47544288635258,-2.,264.020640742995));
#16484=CARTESIAN_POINT('',(0.476534366607707,-1.4,264.492127788283));
#16485=CARTESIAN_POINT('Ctrl Pts',(-0.86425662040706,-1.4,265.872208965041));
#16486=CARTESIAN_POINT('Ctrl Pts',(-0.86425662040706,-2.,265.872208965041));
#16487=CARTESIAN_POINT('Ctrl Pts',(-0.692850191285881,-1.4,265.588155341614));
#16488=CARTESIAN_POINT('Ctrl Pts',(-0.692850191285881,-2.,265.588155341614));
#16489=CARTESIAN_POINT('Ctrl Pts',(-0.352580843146433,-1.4,265.024263183216));
#16490=CARTESIAN_POINT('Ctrl Pts',(-0.352580843146433,-2.,265.024263183216));
#16491=CARTESIAN_POINT('Ctrl Pts',(0.201543320954424,-1.4,264.668620110412));
#16492=CARTESIAN_POINT('Ctrl Pts',(0.201543320954424,-2.,264.668620110412));
#16493=CARTESIAN_POINT('Ctrl Pts',(0.476534366607707,-1.4,264.492127788283));
#16494=CARTESIAN_POINT('Ctrl Pts',(0.476534366607707,-2.,264.492127788283));
#16495=CARTESIAN_POINT('',(-0.86425662040706,-1.4,265.872208965041));
#16496=CARTESIAN_POINT('Ctrl Pts',(0.476534366607707,-1.4,264.492127788283));
#16497=CARTESIAN_POINT('Ctrl Pts',(0.201543320954424,-1.4,264.668620110412));
#16498=CARTESIAN_POINT('Ctrl Pts',(-0.352580843146433,-1.4,265.024263183216));
#16499=CARTESIAN_POINT('Ctrl Pts',(-0.692850191285881,-1.4,265.588155341614));
#16500=CARTESIAN_POINT('Ctrl Pts',(-0.86425662040706,-1.4,265.872208965041));
#16501=CARTESIAN_POINT('',(-0.86425662040706,-2.,265.872208965041));
#16502=CARTESIAN_POINT('Ctrl Pts',(-0.86425662040706,-2.,265.872208965041));
#16503=CARTESIAN_POINT('Ctrl Pts',(-0.692850191285881,-2.,265.588155341614));
#16504=CARTESIAN_POINT('Ctrl Pts',(-0.352580843146433,-2.,265.024263183216));
#16505=CARTESIAN_POINT('Ctrl Pts',(0.201543320954424,-2.,264.668620110412));
#16506=CARTESIAN_POINT('Ctrl Pts',(0.476534366607707,-2.,264.492127788283));
#16507=CARTESIAN_POINT('',(-0.86425662040706,-1.4,265.872208965041));
#16508=CARTESIAN_POINT('Ctrl Pts',(-1.22278332710261,-1.4,267.596084964492));
#16509=CARTESIAN_POINT('Ctrl Pts',(-1.22278332710261,-2.,267.596084964492));
#16510=CARTESIAN_POINT('Ctrl Pts',(-1.21268118364436,-1.4,267.276239300428));
#16511=CARTESIAN_POINT('Ctrl Pts',(-1.21268118364436,-2.,267.276239300428));
#16512=CARTESIAN_POINT('Ctrl Pts',(-1.19384181742213,-1.4,266.679762956097));
#16513=CARTESIAN_POINT('Ctrl Pts',(-1.19384181742213,-2.,266.679762956097));
#16514=CARTESIAN_POINT('Ctrl Pts',(-0.968680676894577,-1.4,266.128070163731));
#16515=CARTESIAN_POINT('Ctrl Pts',(-0.968680676894577,-2.,266.128070163731));
#16516=CARTESIAN_POINT('Ctrl Pts',(-0.86425662040706,-1.4,265.872208965041));
#16517=CARTESIAN_POINT('Ctrl Pts',(-0.86425662040706,-2.,265.872208965041));
#16518=CARTESIAN_POINT('',(-1.22278332710261,-1.4,267.596084964492));
#16519=CARTESIAN_POINT('Ctrl Pts',(-0.86425662040706,-1.4,265.872208965041));
#16520=CARTESIAN_POINT('Ctrl Pts',(-0.968680676894577,-1.4,266.128070163731));
#16521=CARTESIAN_POINT('Ctrl Pts',(-1.19384181742213,-1.4,266.679762956097));
#16522=CARTESIAN_POINT('Ctrl Pts',(-1.21268118364436,-1.4,267.276239300428));
#16523=CARTESIAN_POINT('Ctrl Pts',(-1.22278332710261,-1.4,267.596084964492));
#16524=CARTESIAN_POINT('',(-1.22278332710261,-2.,267.596084964492));
#16525=CARTESIAN_POINT('Ctrl Pts',(-1.22278332710261,-2.,267.596084964492));
#16526=CARTESIAN_POINT('Ctrl Pts',(-1.21268118364436,-2.,267.276239300428));
#16527=CARTESIAN_POINT('Ctrl Pts',(-1.19384181742213,-2.,266.679762956097));
#16528=CARTESIAN_POINT('Ctrl Pts',(-0.968680676894577,-2.,266.128070163731));
#16529=CARTESIAN_POINT('Ctrl Pts',(-0.86425662040706,-2.,265.872208965041));
#16530=CARTESIAN_POINT('',(-1.22278332710261,-1.4,267.596084964492));
#16531=CARTESIAN_POINT('Ctrl Pts',(-0.660436749458261,-1.4,269.690763843276));
#16532=CARTESIAN_POINT('Ctrl Pts',(-0.660436749458261,-2.,269.690763843276));
#16533=CARTESIAN_POINT('Ctrl Pts',(-0.824071361399417,-1.4,269.397127175708));
#16534=CARTESIAN_POINT('Ctrl Pts',(-0.824071361399417,-2.,269.397127175708));
#16535=CARTESIAN_POINT('Ctrl Pts',(-1.18553901739105,-1.4,268.748485933615));
#16536=CARTESIAN_POINT('Ctrl Pts',(-1.18553901739105,-2.,268.748485933615));
#16537=CARTESIAN_POINT('Ctrl Pts',(-1.20960945629708,-1.4,268.00370646697));
#16538=CARTESIAN_POINT('Ctrl Pts',(-1.20960945629708,-2.,268.00370646697));
#16539=CARTESIAN_POINT('Ctrl Pts',(-1.22278332710261,-1.4,267.596084964492));
#16540=CARTESIAN_POINT('Ctrl Pts',(-1.22278332710261,-2.,267.596084964492));
#16541=CARTESIAN_POINT('',(-0.660436749458261,-1.4,269.690763843276));
#16542=CARTESIAN_POINT('Ctrl Pts',(-1.22278332710261,-1.4,267.596084964492));
#16543=CARTESIAN_POINT('Ctrl Pts',(-1.20960945629708,-1.4,268.00370646697));
#16544=CARTESIAN_POINT('Ctrl Pts',(-1.18553901739105,-1.4,268.748485933615));
#16545=CARTESIAN_POINT('Ctrl Pts',(-0.824071361399417,-1.4,269.397127175708));
#16546=CARTESIAN_POINT('Ctrl Pts',(-0.660436749458261,-1.4,269.690763843276));
#16547=CARTESIAN_POINT('',(-0.660436749458261,-2.,269.690763843276));
#16548=CARTESIAN_POINT('Ctrl Pts',(-0.660436749458261,-2.,269.690763843276));
#16549=CARTESIAN_POINT('Ctrl Pts',(-0.824071361399417,-2.,269.397127175708));
#16550=CARTESIAN_POINT('Ctrl Pts',(-1.18553901739105,-2.,268.748485933615));
#16551=CARTESIAN_POINT('Ctrl Pts',(-1.20960945629708,-2.,268.00370646697));
#16552=CARTESIAN_POINT('Ctrl Pts',(-1.22278332710261,-2.,267.596084964492));
#16553=CARTESIAN_POINT('',(-0.660436749458261,-1.4,269.690763843276));
#16554=CARTESIAN_POINT('Ctrl Pts',(0.893996953964287,-1.4,270.660750758864));
#16555=CARTESIAN_POINT('Ctrl Pts',(0.893996953964287,-2.,270.660750758864));
#16556=CARTESIAN_POINT('Ctrl Pts',(0.583282467013293,-1.4,270.569049864201));
#16557=CARTESIAN_POINT('Ctrl Pts',(0.583282467013293,-2.,270.569049864201));
#16558=CARTESIAN_POINT('Ctrl Pts',(-0.0253265360062738,-1.4,270.389431621664));
#16559=CARTESIAN_POINT('Ctrl Pts',(-0.0253265360062738,-2.,270.389431621664));
#16560=CARTESIAN_POINT('Ctrl Pts',(-0.451727300788055,-1.4,269.920359531934));
#16561=CARTESIAN_POINT('Ctrl Pts',(-0.451727300788055,-2.,269.920359531934));
#16562=CARTESIAN_POINT('Ctrl Pts',(-0.660436749458261,-1.4,269.690763843276));
#16563=CARTESIAN_POINT('Ctrl Pts',(-0.660436749458261,-2.,269.690763843276));
#16564=CARTESIAN_POINT('',(0.893996953964287,-1.4,270.660750758864));
#16565=CARTESIAN_POINT('Ctrl Pts',(-0.660436749458261,-1.4,269.690763843276));
#16566=CARTESIAN_POINT('Ctrl Pts',(-0.451727300788055,-1.4,269.920359531934));
#16567=CARTESIAN_POINT('Ctrl Pts',(-0.0253265360062738,-1.4,270.389431621664));
#16568=CARTESIAN_POINT('Ctrl Pts',(0.583282467013293,-1.4,270.569049864201));
#16569=CARTESIAN_POINT('Ctrl Pts',(0.893996953964287,-1.4,270.660750758864));
#16570=CARTESIAN_POINT('',(0.893996953964287,-2.,270.660750758864));
#16571=CARTESIAN_POINT('Ctrl Pts',(0.893996953964287,-2.,270.660750758864));
#16572=CARTESIAN_POINT('Ctrl Pts',(0.583282467013293,-2.,270.569049864201));
#16573=CARTESIAN_POINT('Ctrl Pts',(-0.0253265360062738,-2.,270.389431621664));
#16574=CARTESIAN_POINT('Ctrl Pts',(-0.451727300788055,-2.,269.920359531934));
#16575=CARTESIAN_POINT('Ctrl Pts',(-0.660436749458261,-2.,269.690763843276));
#16576=CARTESIAN_POINT('',(0.893996953964287,-1.4,270.660750758864));
#16577=CARTESIAN_POINT('Origin',(1.16411983966832,-1.4,269.216821086623));
#16578=CARTESIAN_POINT('',(1.16411983966832,-1.4,269.216821086623));
#16579=CARTESIAN_POINT('',(0.893996953964287,-1.4,270.660750758864));
#16580=CARTESIAN_POINT('',(1.16411983966832,-2.,269.216821086623));
#16581=CARTESIAN_POINT('',(0.893996953964287,-2.,270.660750758864));
#16582=CARTESIAN_POINT('',(1.16411983966832,-1.4,269.216821086623));
#16583=CARTESIAN_POINT('Ctrl Pts',(0.326738953590443,-1.4,268.644652259566));
#16584=CARTESIAN_POINT('Ctrl Pts',(0.326738953590443,-2.,268.644652259566));
#16585=CARTESIAN_POINT('Ctrl Pts',(0.439747573297349,-1.4,268.773861396974));
#16586=CARTESIAN_POINT('Ctrl Pts',(0.439747573297349,-2.,268.773861396974));
#16587=CARTESIAN_POINT('Ctrl Pts',(0.669450116493019,-1.4,269.036493287742));
#16588=CARTESIAN_POINT('Ctrl Pts',(0.669450116493019,-2.,269.036493287742));
#16589=CARTESIAN_POINT('Ctrl Pts',(0.997475672131205,-1.4,269.156072319273));
#16590=CARTESIAN_POINT('Ctrl Pts',(0.997475672131205,-2.,269.156072319273));
#16591=CARTESIAN_POINT('Ctrl Pts',(1.16411983966832,-1.4,269.216821086623));
#16592=CARTESIAN_POINT('Ctrl Pts',(1.16411983966832,-2.,269.216821086623));
#16593=CARTESIAN_POINT('',(0.326738953590443,-1.4,268.644652259566));
#16594=CARTESIAN_POINT('Ctrl Pts',(1.16411983966832,-1.4,269.216821086623));
#16595=CARTESIAN_POINT('Ctrl Pts',(0.997475672131205,-1.4,269.156072319273));
#16596=CARTESIAN_POINT('Ctrl Pts',(0.669450116493019,-1.4,269.036493287742));
#16597=CARTESIAN_POINT('Ctrl Pts',(0.439747573297349,-1.4,268.773861396974));
#16598=CARTESIAN_POINT('Ctrl Pts',(0.326738953590443,-1.4,268.644652259566));
#16599=CARTESIAN_POINT('',(0.326738953590443,-2.,268.644652259566));
#16600=CARTESIAN_POINT('Ctrl Pts',(0.326738953590443,-2.,268.644652259566));
#16601=CARTESIAN_POINT('Ctrl Pts',(0.439747573297349,-2.,268.773861396974));
#16602=CARTESIAN_POINT('Ctrl Pts',(0.669450116493019,-2.,269.036493287742));
#16603=CARTESIAN_POINT('Ctrl Pts',(0.997475672131205,-2.,269.156072319273));
#16604=CARTESIAN_POINT('Ctrl Pts',(1.16411983966832,-2.,269.216821086623));
#16605=CARTESIAN_POINT('',(0.326738953590443,-1.4,268.644652259566));
#16606=CARTESIAN_POINT('Ctrl Pts',(0.0197815895081044,-1.4,267.596084964492));
#16607=CARTESIAN_POINT('Ctrl Pts',(0.0197815895081044,-2.,267.596084964492));
#16608=CARTESIAN_POINT('Ctrl Pts',(0.0297592194534491,-1.4,267.792948185515));
#16609=CARTESIAN_POINT('Ctrl Pts',(0.0297592194534491,-2.,267.792948185515));
#16610=CARTESIAN_POINT('Ctrl Pts',(0.0487483523856502,-1.4,268.16761249898));
#16611=CARTESIAN_POINT('Ctrl Pts',(0.0487483523856502,-2.,268.16761249898));
#16612=CARTESIAN_POINT('Ctrl Pts',(0.237272659313541,-1.4,268.49112555968));
#16613=CARTESIAN_POINT('Ctrl Pts',(0.237272659313541,-2.,268.49112555968));
#16614=CARTESIAN_POINT('Ctrl Pts',(0.326738953590443,-1.4,268.644652259566));
#16615=CARTESIAN_POINT('Ctrl Pts',(0.326738953590443,-2.,268.644652259566));
#16616=CARTESIAN_POINT('',(0.0197815895081044,-1.4,267.596084964492));
#16617=CARTESIAN_POINT('Ctrl Pts',(0.326738953590443,-1.4,268.644652259566));
#16618=CARTESIAN_POINT('Ctrl Pts',(0.237272659313541,-1.4,268.49112555968));
#16619=CARTESIAN_POINT('Ctrl Pts',(0.0487483523856502,-1.4,268.16761249898));
#16620=CARTESIAN_POINT('Ctrl Pts',(0.0297592194534491,-1.4,267.792948185515));
#16621=CARTESIAN_POINT('Ctrl Pts',(0.0197815895081044,-1.4,267.596084964492));
#16622=CARTESIAN_POINT('',(0.0197815895081044,-2.,267.596084964492));
#16623=CARTESIAN_POINT('Ctrl Pts',(0.0197815895081044,-2.,267.596084964492));
#16624=CARTESIAN_POINT('Ctrl Pts',(0.0297592194534491,-2.,267.792948185515));
#16625=CARTESIAN_POINT('Ctrl Pts',(0.0487483523856502,-2.,268.16761249898));
#16626=CARTESIAN_POINT('Ctrl Pts',(0.237272659313541,-2.,268.49112555968));
#16627=CARTESIAN_POINT('Ctrl Pts',(0.326738953590443,-2.,268.644652259566));
#16628=CARTESIAN_POINT('',(0.0197815895081044,-1.4,267.596084964492));
#16629=CARTESIAN_POINT('Ctrl Pts',(0.623874068260237,-1.4,266.080942046859));
#16630=CARTESIAN_POINT('Ctrl Pts',(0.623874068260237,-2.,266.080942046859));
#16631=CARTESIAN_POINT('Ctrl Pts',(0.447760583017046,-1.4,266.290667546749));
#16632=CARTESIAN_POINT('Ctrl Pts',(0.447760583017046,-2.,266.290667546749));
#16633=CARTESIAN_POINT('Ctrl Pts',(0.0805943591388825,-1.4,266.727909020559));
#16634=CARTESIAN_POINT('Ctrl Pts',(0.0805943591388825,-2.,266.727909020559));
#16635=CARTESIAN_POINT('Ctrl Pts',(0.0405950103378649,-1.4,267.29894817258));
#16636=CARTESIAN_POINT('Ctrl Pts',(0.0405950103378649,-2.,267.29894817258));
#16637=CARTESIAN_POINT('Ctrl Pts',(0.0197815895081044,-1.4,267.596084964492));
#16638=CARTESIAN_POINT('Ctrl Pts',(0.0197815895081044,-2.,267.596084964492));
#16639=CARTESIAN_POINT('',(0.623874068260237,-1.4,266.080942046859));
#16640=CARTESIAN_POINT('Ctrl Pts',(0.0197815895081044,-1.4,267.596084964492));
#16641=CARTESIAN_POINT('Ctrl Pts',(0.0405950103378649,-1.4,267.29894817258));
#16642=CARTESIAN_POINT('Ctrl Pts',(0.0805943591388825,-1.4,266.727909020559));
#16643=CARTESIAN_POINT('Ctrl Pts',(0.447760583017046,-1.4,266.290667546749));
#16644=CARTESIAN_POINT('Ctrl Pts',(0.623874068260237,-1.4,266.080942046859));
#16645=CARTESIAN_POINT('',(0.623874068260237,-2.,266.080942046859));
#16646=CARTESIAN_POINT('Ctrl Pts',(0.623874068260237,-2.,266.080942046859));
#16647=CARTESIAN_POINT('Ctrl Pts',(0.447760583017046,-2.,266.290667546749));
#16648=CARTESIAN_POINT('Ctrl Pts',(0.0805943591388825,-2.,266.727909020559));
#16649=CARTESIAN_POINT('Ctrl Pts',(0.0405950103378649,-2.,267.29894817258));
#16650=CARTESIAN_POINT('Ctrl Pts',(0.0197815895081044,-2.,267.596084964492));
#16651=CARTESIAN_POINT('',(0.623874068260237,-1.4,266.080942046859));
#16652=CARTESIAN_POINT('Ctrl Pts',(2.41650700569157,-1.4,265.518593681075));
#16653=CARTESIAN_POINT('Ctrl Pts',(2.41650700569157,-2.,265.518593681075));
#16654=CARTESIAN_POINT('Ctrl Pts',(2.05752440601138,-1.4,265.531092087991));
#16655=CARTESIAN_POINT('Ctrl Pts',(2.05752440601138,-2.,265.531092087991));
#16656=CARTESIAN_POINT('Ctrl Pts',(1.40482344835328,-1.4,265.55381664949));
#16657=CARTESIAN_POINT('Ctrl Pts',(1.40482344835328,-2.,265.55381664949));
#16658=CARTESIAN_POINT('Ctrl Pts',(0.866239334686192,-1.4,265.917350281976));
#16659=CARTESIAN_POINT('Ctrl Pts',(0.866239334686192,-2.,265.917350281976));
#16660=CARTESIAN_POINT('Ctrl Pts',(0.623874068260237,-1.4,266.080942046859));
#16661=CARTESIAN_POINT('Ctrl Pts',(0.623874068260237,-2.,266.080942046859));
#16662=CARTESIAN_POINT('',(2.41650700569157,-1.4,265.518593681075));
#16663=CARTESIAN_POINT('Ctrl Pts',(0.623874068260237,-1.4,266.080942046859));
#16664=CARTESIAN_POINT('Ctrl Pts',(0.866239334686192,-1.4,265.917350281976));
#16665=CARTESIAN_POINT('Ctrl Pts',(1.40482344835328,-1.4,265.55381664949));
#16666=CARTESIAN_POINT('Ctrl Pts',(2.05752440601138,-1.4,265.531092087991));
#16667=CARTESIAN_POINT('Ctrl Pts',(2.41650700569157,-1.4,265.518593681075));
#16668=CARTESIAN_POINT('',(2.41650700569157,-2.,265.518593681075));
#16669=CARTESIAN_POINT('Ctrl Pts',(2.41650700569157,-2.,265.518593681075));
#16670=CARTESIAN_POINT('Ctrl Pts',(2.05752440601138,-2.,265.531092087991));
#16671=CARTESIAN_POINT('Ctrl Pts',(1.40482344835328,-2.,265.55381664949));
#16672=CARTESIAN_POINT('Ctrl Pts',(0.866239334686192,-2.,265.917350281976));
#16673=CARTESIAN_POINT('Ctrl Pts',(0.623874068260237,-2.,266.080942046859));
#16674=CARTESIAN_POINT('',(2.41650700569157,-1.4,265.518593681075));
#16675=CARTESIAN_POINT('Ctrl Pts',(4.33929085731511,-1.4,266.088306796767));
#16676=CARTESIAN_POINT('Ctrl Pts',(4.33929085731511,-2.,266.088306796767));
#16677=CARTESIAN_POINT('Ctrl Pts',(4.07962999045505,-1.4,265.922651293302));
#16678=CARTESIAN_POINT('Ctrl Pts',(4.07962999045505,-2.,265.922651293302));
#16679=CARTESIAN_POINT('Ctrl Pts',(3.49663586565294,-1.4,265.550719294347));
#16680=CARTESIAN_POINT('Ctrl Pts',(3.49663586565294,-2.,265.550719294347));
#16681=CARTESIAN_POINT('Ctrl Pts',(2.8018441255203,-1.4,265.530054527785));
#16682=CARTESIAN_POINT('Ctrl Pts',(2.8018441255203,-2.,265.530054527785));
#16683=CARTESIAN_POINT('Ctrl Pts',(2.41650700569157,-1.4,265.518593681075));
#16684=CARTESIAN_POINT('Ctrl Pts',(2.41650700569157,-2.,265.518593681075));
#16685=CARTESIAN_POINT('',(4.33929085731511,-1.4,266.088306796767));
#16686=CARTESIAN_POINT('Ctrl Pts',(2.41650700569157,-1.4,265.518593681075));
#16687=CARTESIAN_POINT('Ctrl Pts',(2.8018441255203,-1.4,265.530054527785));
#16688=CARTESIAN_POINT('Ctrl Pts',(3.49663586565294,-1.4,265.550719294347));
#16689=CARTESIAN_POINT('Ctrl Pts',(4.07962999045505,-1.4,265.922651293302));
#16690=CARTESIAN_POINT('Ctrl Pts',(4.33929085731511,-1.4,266.088306796767));
#16691=CARTESIAN_POINT('',(4.33929085731511,-2.,266.088306796767));
#16692=CARTESIAN_POINT('Ctrl Pts',(4.33929085731511,-2.,266.088306796767));
#16693=CARTESIAN_POINT('Ctrl Pts',(4.07962999045505,-2.,265.922651293302));
#16694=CARTESIAN_POINT('Ctrl Pts',(3.49663586565294,-2.,265.550719294347));
#16695=CARTESIAN_POINT('Ctrl Pts',(2.8018441255203,-2.,265.530054527785));
#16696=CARTESIAN_POINT('Ctrl Pts',(2.41650700569157,-2.,265.518593681075));
#16697=CARTESIAN_POINT('',(4.33929085731511,-1.4,266.088306796767));
#16698=CARTESIAN_POINT('Ctrl Pts',(4.98021841049199,-1.4,267.581350696303));
#16699=CARTESIAN_POINT('Ctrl Pts',(4.98021841049199,-2.,267.581350696303));
#16700=CARTESIAN_POINT('Ctrl Pts',(4.95584340028094,-1.4,267.290414782444));
#16701=CARTESIAN_POINT('Ctrl Pts',(4.95584340028094,-2.,267.290414782444));
#16702=CARTESIAN_POINT('Ctrl Pts',(4.90810212615399,-1.4,266.720583176359));
#16703=CARTESIAN_POINT('Ctrl Pts',(4.90810212615399,-2.,266.720583176359));
#16704=CARTESIAN_POINT('Ctrl Pts',(4.5262048553503,-1.4,266.296075721975));
#16705=CARTESIAN_POINT('Ctrl Pts',(4.5262048553503,-2.,266.296075721975));
#16706=CARTESIAN_POINT('Ctrl Pts',(4.33929085731511,-1.4,266.088306796767));
#16707=CARTESIAN_POINT('Ctrl Pts',(4.33929085731511,-2.,266.088306796767));
#16708=CARTESIAN_POINT('',(4.98021841049199,-1.4,267.581350696303));
#16709=CARTESIAN_POINT('Ctrl Pts',(4.33929085731511,-1.4,266.088306796767));
#16710=CARTESIAN_POINT('Ctrl Pts',(4.5262048553503,-1.4,266.296075721975));
#16711=CARTESIAN_POINT('Ctrl Pts',(4.90810212615399,-1.4,266.720583176359));
#16712=CARTESIAN_POINT('Ctrl Pts',(4.95584340028094,-1.4,267.290414782444));
#16713=CARTESIAN_POINT('Ctrl Pts',(4.98021841049199,-1.4,267.581350696303));
#16714=CARTESIAN_POINT('',(4.98021841049199,-2.,267.581350696303));
#16715=CARTESIAN_POINT('Ctrl Pts',(4.98021841049199,-2.,267.581350696303));
#16716=CARTESIAN_POINT('Ctrl Pts',(4.95584340028094,-2.,267.290414782444));
#16717=CARTESIAN_POINT('Ctrl Pts',(4.90810212615399,-2.,266.720583176359));
#16718=CARTESIAN_POINT('Ctrl Pts',(4.5262048553503,-2.,266.296075721975));
#16719=CARTESIAN_POINT('Ctrl Pts',(4.33929085731511,-2.,266.088306796767));
#16720=CARTESIAN_POINT('',(4.98021841049199,-1.4,267.581350696303));
#16721=CARTESIAN_POINT('Ctrl Pts',(4.80095505714421,-1.4,268.497311961867));
#16722=CARTESIAN_POINT('Ctrl Pts',(4.80095505714421,-2.,268.497311961867));
#16723=CARTESIAN_POINT('Ctrl Pts',(4.85323452004839,-1.4,268.345893150424));
#16724=CARTESIAN_POINT('Ctrl Pts',(4.85323452004839,-2.,268.345893150424));
#16725=CARTESIAN_POINT('Ctrl Pts',(4.9557869455926,-1.4,268.048867023452));
#16726=CARTESIAN_POINT('Ctrl Pts',(4.9557869455926,-2.,268.048867023452));
#16727=CARTESIAN_POINT('Ctrl Pts',(4.97218151206352,-1.4,267.735143407891));
#16728=CARTESIAN_POINT('Ctrl Pts',(4.97218151206352,-2.,267.735143407891));
#16729=CARTESIAN_POINT('Ctrl Pts',(4.98021841049199,-1.4,267.581350696303));
#16730=CARTESIAN_POINT('Ctrl Pts',(4.98021841049199,-2.,267.581350696303));
#16731=CARTESIAN_POINT('',(4.80095505714421,-1.4,268.497311961867));
#16732=CARTESIAN_POINT('Ctrl Pts',(4.98021841049199,-1.4,267.581350696303));
#16733=CARTESIAN_POINT('Ctrl Pts',(4.97218151206352,-1.4,267.735143407891));
#16734=CARTESIAN_POINT('Ctrl Pts',(4.9557869455926,-1.4,268.048867023452));
#16735=CARTESIAN_POINT('Ctrl Pts',(4.85323452004839,-1.4,268.345893150424));
#16736=CARTESIAN_POINT('Ctrl Pts',(4.80095505714421,-1.4,268.497311961867));
#16737=CARTESIAN_POINT('',(4.80095505714421,-2.,268.497311961867));
#16738=CARTESIAN_POINT('Ctrl Pts',(4.80095505714421,-2.,268.497311961867));
#16739=CARTESIAN_POINT('Ctrl Pts',(4.85323452004839,-2.,268.345893150424));
#16740=CARTESIAN_POINT('Ctrl Pts',(4.9557869455926,-2.,268.048867023452));
#16741=CARTESIAN_POINT('Ctrl Pts',(4.97218151206352,-2.,267.735143407891));
#16742=CARTESIAN_POINT('Ctrl Pts',(4.98021841049199,-2.,267.581350696303));
#16743=CARTESIAN_POINT('',(4.80095505714421,-1.4,268.497311961867));
#16744=CARTESIAN_POINT('Ctrl Pts',(4.36630249023443,-1.4,269.285581004836));
#16745=CARTESIAN_POINT('Ctrl Pts',(4.36630249023443,-2.,269.285581004836));
#16746=CARTESIAN_POINT('Ctrl Pts',(4.44941953755505,-1.4,269.16745413489));
#16747=CARTESIAN_POINT('Ctrl Pts',(4.44941953755505,-2.,269.16745413489));
#16748=CARTESIAN_POINT('Ctrl Pts',(4.6230624527256,-1.4,268.920670897053));
#16749=CARTESIAN_POINT('Ctrl Pts',(4.6230624527256,-2.,268.920670897053));
#16750=CARTESIAN_POINT('Ctrl Pts',(4.73999447650729,-1.4,268.64238941796));
#16751=CARTESIAN_POINT('Ctrl Pts',(4.73999447650729,-2.,268.64238941796));
#16752=CARTESIAN_POINT('Ctrl Pts',(4.80095505714421,-1.4,268.497311961867));
#16753=CARTESIAN_POINT('Ctrl Pts',(4.80095505714421,-2.,268.497311961867));
#16754=CARTESIAN_POINT('',(4.36630249023443,-1.4,269.285581004836));
#16755=CARTESIAN_POINT('Ctrl Pts',(4.80095505714421,-1.4,268.497311961867));
#16756=CARTESIAN_POINT('Ctrl Pts',(4.73999447650729,-1.4,268.64238941796));
#16757=CARTESIAN_POINT('Ctrl Pts',(4.6230624527256,-1.4,268.920670897053));
#16758=CARTESIAN_POINT('Ctrl Pts',(4.44941953755505,-1.4,269.16745413489));
#16759=CARTESIAN_POINT('Ctrl Pts',(4.36630249023443,-1.4,269.285581004836));
#16760=CARTESIAN_POINT('',(4.36630249023443,-2.,269.285581004836));
#16761=CARTESIAN_POINT('Ctrl Pts',(4.36630249023443,-2.,269.285581004836));
#16762=CARTESIAN_POINT('Ctrl Pts',(4.44941953755505,-2.,269.16745413489));
#16763=CARTESIAN_POINT('Ctrl Pts',(4.6230624527256,-2.,268.920670897053));
#16764=CARTESIAN_POINT('Ctrl Pts',(4.73999447650729,-2.,268.64238941796));
#16765=CARTESIAN_POINT('Ctrl Pts',(4.80095505714421,-2.,268.497311961867));
#16766=CARTESIAN_POINT('',(4.36630249023443,-1.4,269.285581004836));
#16767=CARTESIAN_POINT('Origin',(3.45279693603521,-1.4,269.285581004836));
#16768=CARTESIAN_POINT('',(3.45279693603521,-1.4,269.285581004836));
#16769=CARTESIAN_POINT('',(4.36630249023443,-1.4,269.285581004836));
#16770=CARTESIAN_POINT('',(3.45279693603521,-2.,269.285581004836));
#16771=CARTESIAN_POINT('',(4.36630249023443,-2.,269.285581004836));
#16772=CARTESIAN_POINT('',(3.45279693603521,-1.4,269.285581004836));
#16773=CARTESIAN_POINT('Origin',(3.4527969360352,-1.4,267.620642078139));
#16774=CARTESIAN_POINT('',(3.4527969360352,-1.4,267.620642078139));
#16775=CARTESIAN_POINT('',(3.45279693603521,-1.4,269.285581004836));
#16776=CARTESIAN_POINT('',(3.4527969360352,-2.,267.620642078139));
#16777=CARTESIAN_POINT('',(3.45279693603521,-2.,269.285581004836));
#16778=CARTESIAN_POINT('',(3.4527969360352,-1.4,267.620642078139));
#16779=CARTESIAN_POINT('Origin',(2.23969936370854,-1.4,267.620642078139));
#16780=CARTESIAN_POINT('',(3.4527969360352,-1.4,267.620642078139));
#16781=CARTESIAN_POINT('',(3.4527969360352,-2.,267.620642078139));
#16782=CARTESIAN_POINT('Origin',(2.50000000000006,-1.4,266.18162591479));
#16783=CARTESIAN_POINT('Origin',(2.50000000000006,-2.,266.18162591479));
#16784=CARTESIAN_POINT('Origin',(0.118007659912137,-1.4,257.611364019133));
#16785=CARTESIAN_POINT('',(0.11800765991214,-1.4,259.747789991118));
#16786=CARTESIAN_POINT('',(0.118007659912137,-1.4,257.611364019133));
#16787=CARTESIAN_POINT('',(0.118007659912142,-1.4,259.747789991118));
#16788=CARTESIAN_POINT('',(0.11800765991214,-2.,259.747789991118));
#16789=CARTESIAN_POINT('',(0.11800765991214,-1.4,259.747789991118));
#16790=CARTESIAN_POINT('',(0.118007659912137,-2.,257.611364019133));
#16791=CARTESIAN_POINT('',(0.118007659912142,-2.,259.747789991118));
#16792=CARTESIAN_POINT('',(0.118007659912137,-1.4,257.611364019133));
#16793=CARTESIAN_POINT('Origin',(-1.10000073909757,-1.4,257.611364019133));
#16794=CARTESIAN_POINT('',(-1.10000073909757,-1.4,257.611364019133));
#16795=CARTESIAN_POINT('',(0.118007659912137,-1.4,257.611364019133));
#16796=CARTESIAN_POINT('',(-1.10000073909757,-2.,257.611364019133));
#16797=CARTESIAN_POINT('',(0.118007659912137,-2.,257.611364019133));
#16798=CARTESIAN_POINT('',(-1.10000073909757,-1.4,257.611364019133));
#16799=CARTESIAN_POINT('Origin',(-1.10000073909756,-1.4,263.333055865981));
#16800=CARTESIAN_POINT('',(-1.10000073909756,-1.4,263.333055865981));
#16801=CARTESIAN_POINT('',(-1.10000073909757,-1.4,257.611364019133));
#16802=CARTESIAN_POINT('',(-1.10000073909756,-2.,263.333055865981));
#16803=CARTESIAN_POINT('',(-1.10000073909757,-2.,257.611364019133));
#16804=CARTESIAN_POINT('',(-1.10000073909756,-1.4,263.333055865981));
#16805=CARTESIAN_POINT('Origin',(0.118007659912148,-1.4,263.333055865981));
#16806=CARTESIAN_POINT('',(0.118007659912148,-1.4,263.333055865981));
#16807=CARTESIAN_POINT('',(-1.10000073909756,-1.4,263.333055865981));
#16808=CARTESIAN_POINT('',(0.118007659912148,-2.,263.333055865981));
#16809=CARTESIAN_POINT('',(-1.10000073909756,-2.,263.333055865981));
#16810=CARTESIAN_POINT('',(0.118007659912148,-1.4,263.333055865981));
#16811=CARTESIAN_POINT('Origin',(0.118007659912144,-1.4,261.201541316726));
#16812=CARTESIAN_POINT('',(0.118007659912144,-1.4,261.201541316726));
#16813=CARTESIAN_POINT('',(0.118007659912148,-1.4,263.333055865981));
#16814=CARTESIAN_POINT('',(0.118007659912144,-2.,261.201541316726));
#16815=CARTESIAN_POINT('',(0.118007659912148,-2.,263.333055865981));
#16816=CARTESIAN_POINT('',(0.118007659912144,-1.4,261.201541316726));
#16817=CARTESIAN_POINT('Origin',(6.10000014305118,-1.4,261.201541316726));
#16818=CARTESIAN_POINT('',(6.10000014305118,-1.4,261.201541316726));
#16819=CARTESIAN_POINT('',(0.118007659912144,-1.4,261.201541316726));
#16820=CARTESIAN_POINT('',(6.10000014305118,-2.,261.201541316726));
#16821=CARTESIAN_POINT('',(0.118007659912144,-2.,261.201541316726));
#16822=CARTESIAN_POINT('',(6.10000014305118,-1.4,261.201541316726));
#16823=CARTESIAN_POINT('Origin',(6.10000014305118,-1.4,259.747789991118));
#16824=CARTESIAN_POINT('',(6.10000014305118,-1.4,259.747789991118));
#16825=CARTESIAN_POINT('',(6.10000014305118,-1.4,261.201541316726));
#16826=CARTESIAN_POINT('',(6.10000014305118,-2.,259.747789991118));
#16827=CARTESIAN_POINT('',(6.10000014305118,-2.,261.201541316726));
#16828=CARTESIAN_POINT('',(6.10000014305118,-1.4,259.747789991118));
#16829=CARTESIAN_POINT('Origin',(0.11800765991214,-1.4,259.747789991118));
#16830=CARTESIAN_POINT('',(6.10000014305118,-1.4,259.747789991118));
#16831=CARTESIAN_POINT('',(6.10000014305118,-2.,259.747789991118));
#16832=CARTESIAN_POINT('Origin',(2.50000000000006,-1.4,266.18162591479));
#16833=CARTESIAN_POINT('Origin',(2.50000000000006,-2.,266.18162591479));
#16834=CARTESIAN_POINT('Origin',(2.16111838817597,-1.4,246.958703291633));
#16835=CARTESIAN_POINT('',(2.16111838817597,-1.4,246.163068902709));
#16836=CARTESIAN_POINT('',(2.16111838817597,-1.4,246.958703291633));
#16837=CARTESIAN_POINT('',(2.16111838817597,-1.4,246.163068902709));
#16838=CARTESIAN_POINT('',(2.16111838817597,-2.,246.163068902709));
#16839=CARTESIAN_POINT('',(2.16111838817597,-1.4,246.163068902709));
#16840=CARTESIAN_POINT('',(2.16111838817597,-2.,246.958703291633));
#16841=CARTESIAN_POINT('',(2.16111838817597,-2.,246.163068902709));
#16842=CARTESIAN_POINT('',(2.16111838817597,-1.4,246.958703291633));
#16843=CARTESIAN_POINT('Ctrl Pts',(2.04815804958344,-1.4,248.107952964522));
#16844=CARTESIAN_POINT('Ctrl Pts',(2.04815804958344,-2.,248.107952964522));
#16845=CARTESIAN_POINT('Ctrl Pts',(2.08066964929748,-1.4,247.964387291387));
#16846=CARTESIAN_POINT('Ctrl Pts',(2.08066964929748,-2.,247.964387291387));
#16847=CARTESIAN_POINT('Ctrl Pts',(2.16615464906377,-1.4,247.58690012858));
#16848=CARTESIAN_POINT('Ctrl Pts',(2.16615464906377,-2.,247.58690012858));
#16849=CARTESIAN_POINT('Ctrl Pts',(2.16304523308481,-1.4,247.199047845656));
#16850=CARTESIAN_POINT('Ctrl Pts',(2.16304523308481,-2.,247.199047845656));
#16851=CARTESIAN_POINT('Ctrl Pts',(2.16111838817597,-1.4,246.958703291633));
#16852=CARTESIAN_POINT('Ctrl Pts',(2.16111838817597,-2.,246.958703291633));
#16853=CARTESIAN_POINT('',(2.04815804958344,-1.4,248.107952964522));
#16854=CARTESIAN_POINT('Ctrl Pts',(2.16111838817597,-1.4,246.958703291633));
#16855=CARTESIAN_POINT('Ctrl Pts',(2.16304523308481,-1.4,247.199047845656));
#16856=CARTESIAN_POINT('Ctrl Pts',(2.16615464906377,-1.4,247.58690012858));
#16857=CARTESIAN_POINT('Ctrl Pts',(2.08066964929748,-1.4,247.964387291387));
#16858=CARTESIAN_POINT('Ctrl Pts',(2.04815804958344,-1.4,248.107952964522));
#16859=CARTESIAN_POINT('',(2.04815804958344,-2.,248.107952964522));
#16860=CARTESIAN_POINT('Ctrl Pts',(2.04815804958344,-2.,248.107952964522));
#16861=CARTESIAN_POINT('Ctrl Pts',(2.08066964929748,-2.,247.964387291387));
#16862=CARTESIAN_POINT('Ctrl Pts',(2.16615464906377,-2.,247.58690012858));
#16863=CARTESIAN_POINT('Ctrl Pts',(2.16304523308481,-2.,247.199047845656));
#16864=CARTESIAN_POINT('Ctrl Pts',(2.16111838817597,-2.,246.958703291633));
#16865=CARTESIAN_POINT('',(2.04815804958344,-1.4,248.107952964522));
#16866=CARTESIAN_POINT('Ctrl Pts',(1.69454276561738,-1.4,248.562250626304));
#16867=CARTESIAN_POINT('Ctrl Pts',(1.69454276561738,-2.,248.562250626304));
#16868=CARTESIAN_POINT('Ctrl Pts',(1.76975195967486,-1.4,248.501378928641));
#16869=CARTESIAN_POINT('Ctrl Pts',(1.76975195967486,-2.,248.501378928641));
#16870=CARTESIAN_POINT('Ctrl Pts',(1.9228183386995,-1.4,248.377492341861));
#16871=CARTESIAN_POINT('Ctrl Pts',(1.9228183386995,-2.,248.377492341861));
#16872=CARTESIAN_POINT('Ctrl Pts',(2.00589905753719,-1.4,248.198829689247));
#16873=CARTESIAN_POINT('Ctrl Pts',(2.00589905753719,-2.,248.198829689247));
#16874=CARTESIAN_POINT('Ctrl Pts',(2.04815804958344,-1.4,248.107952964522));
#16875=CARTESIAN_POINT('Ctrl Pts',(2.04815804958344,-2.,248.107952964522));
#16876=CARTESIAN_POINT('',(1.69454276561738,-1.4,248.562250626304));
#16877=CARTESIAN_POINT('Ctrl Pts',(2.04815804958344,-1.4,248.107952964522));
#16878=CARTESIAN_POINT('Ctrl Pts',(2.00589905753719,-1.4,248.198829689247));
#16879=CARTESIAN_POINT('Ctrl Pts',(1.9228183386995,-1.4,248.377492341861));
#16880=CARTESIAN_POINT('Ctrl Pts',(1.76975195967486,-1.4,248.501378928641));
#16881=CARTESIAN_POINT('Ctrl Pts',(1.69454276561738,-1.4,248.562250626304));
#16882=CARTESIAN_POINT('',(1.69454276561738,-2.,248.562250626304));
#16883=CARTESIAN_POINT('Ctrl Pts',(1.69454276561738,-2.,248.562250626304));
#16884=CARTESIAN_POINT('Ctrl Pts',(1.76975195967486,-2.,248.501378928641));
#16885=CARTESIAN_POINT('Ctrl Pts',(1.9228183386995,-2.,248.377492341861));
#16886=CARTESIAN_POINT('Ctrl Pts',(2.00589905753719,-2.,248.198829689247));
#16887=CARTESIAN_POINT('Ctrl Pts',(2.04815804958344,-2.,248.107952964522));
#16888=CARTESIAN_POINT('',(1.69454276561738,-1.4,248.562250626304));
#16889=CARTESIAN_POINT('Ctrl Pts',(1.13465189933778,-1.4,248.726779711463));
#16890=CARTESIAN_POINT('Ctrl Pts',(1.13465189933778,-2.,248.726779711463));
#16891=CARTESIAN_POINT('Ctrl Pts',(1.23676369244037,-1.4,248.720614981326));
#16892=CARTESIAN_POINT('Ctrl Pts',(1.23676369244037,-2.,248.720614981326));
#16893=CARTESIAN_POINT('Ctrl Pts',(1.43614725348748,-1.4,248.708577724802));
#16894=CARTESIAN_POINT('Ctrl Pts',(1.43614725348748,-2.,248.708577724802));
#16895=CARTESIAN_POINT('Ctrl Pts',(1.60981619630464,-1.4,248.610230534898));
#16896=CARTESIAN_POINT('Ctrl Pts',(1.60981619630464,-2.,248.610230534898));
#16897=CARTESIAN_POINT('Ctrl Pts',(1.69454276561738,-1.4,248.562250626304));
#16898=CARTESIAN_POINT('Ctrl Pts',(1.69454276561738,-2.,248.562250626304));
#16899=CARTESIAN_POINT('',(1.13465189933778,-1.4,248.726779711463));
#16900=CARTESIAN_POINT('Ctrl Pts',(1.69454276561738,-1.4,248.562250626304));
#16901=CARTESIAN_POINT('Ctrl Pts',(1.60981619630464,-1.4,248.610230534898));
#16902=CARTESIAN_POINT('Ctrl Pts',(1.43614725348748,-1.4,248.708577724802));
#16903=CARTESIAN_POINT('Ctrl Pts',(1.23676369244037,-1.4,248.720614981326));
#16904=CARTESIAN_POINT('Ctrl Pts',(1.13465189933778,-1.4,248.726779711463));
#16905=CARTESIAN_POINT('',(1.13465189933778,-2.,248.726779711463));
#16906=CARTESIAN_POINT('Ctrl Pts',(1.13465189933778,-2.,248.726779711463));
#16907=CARTESIAN_POINT('Ctrl Pts',(1.23676369244037,-2.,248.720614981326));
#16908=CARTESIAN_POINT('Ctrl Pts',(1.43614725348748,-2.,248.708577724802));
#16909=CARTESIAN_POINT('Ctrl Pts',(1.60981619630464,-2.,248.610230534898));
#16910=CARTESIAN_POINT('Ctrl Pts',(1.69454276561738,-2.,248.562250626304));
#16911=CARTESIAN_POINT('',(1.13465189933778,-1.4,248.726779711463));
#16912=CARTESIAN_POINT('Ctrl Pts',(0.486357212066659,-1.4,248.495947611548));
#16913=CARTESIAN_POINT('Ctrl Pts',(0.486357212066659,-2.,248.495947611548));
#16914=CARTESIAN_POINT('Ctrl Pts',(0.57945485065383,-1.4,248.563248877898));
#16915=CARTESIAN_POINT('Ctrl Pts',(0.57945485065383,-2.,248.563248877898));
#16916=CARTESIAN_POINT('Ctrl Pts',(0.772709446679856,-1.4,248.702954666766));
#16917=CARTESIAN_POINT('Ctrl Pts',(0.772709446679856,-2.,248.702954666766));
#16918=CARTESIAN_POINT('Ctrl Pts',(1.01110170372316,-1.4,248.718646957454));
#16919=CARTESIAN_POINT('Ctrl Pts',(1.01110170372316,-2.,248.718646957454));
#16920=CARTESIAN_POINT('Ctrl Pts',(1.13465189933778,-1.4,248.726779711463));
#16921=CARTESIAN_POINT('Ctrl Pts',(1.13465189933778,-2.,248.726779711463));
#16922=CARTESIAN_POINT('',(0.486357212066659,-1.4,248.495947611548));
#16923=CARTESIAN_POINT('Ctrl Pts',(1.13465189933778,-1.4,248.726779711463));
#16924=CARTESIAN_POINT('Ctrl Pts',(1.01110170372316,-1.4,248.718646957454));
#16925=CARTESIAN_POINT('Ctrl Pts',(0.772709446679856,-1.4,248.702954666766));
#16926=CARTESIAN_POINT('Ctrl Pts',(0.57945485065383,-1.4,248.563248877898));
#16927=CARTESIAN_POINT('Ctrl Pts',(0.486357212066659,-1.4,248.495947611548));
#16928=CARTESIAN_POINT('',(0.486357212066659,-2.,248.495947611548));
#16929=CARTESIAN_POINT('Ctrl Pts',(0.486357212066659,-2.,248.495947611548));
#16930=CARTESIAN_POINT('Ctrl Pts',(0.57945485065383,-2.,248.563248877898));
#16931=CARTESIAN_POINT('Ctrl Pts',(0.772709446679856,-2.,248.702954666766));
#16932=CARTESIAN_POINT('Ctrl Pts',(1.01110170372316,-2.,248.718646957454));
#16933=CARTESIAN_POINT('Ctrl Pts',(1.13465189933778,-2.,248.726779711463));
#16934=CARTESIAN_POINT('',(0.486357212066659,-1.4,248.495947611548));
#16935=CARTESIAN_POINT('Ctrl Pts',(0.167121291160591,-1.4,247.911500227668));
#16936=CARTESIAN_POINT('Ctrl Pts',(0.167121291160591,-2.,247.911500227668));
#16937=CARTESIAN_POINT('Ctrl Pts',(0.195880137089434,-1.4,248.023796748126));
#16938=CARTESIAN_POINT('Ctrl Pts',(0.195880137089434,-2.,248.023796748126));
#16939=CARTESIAN_POINT('Ctrl Pts',(0.252736705699325,-1.4,248.245808258457));
#16940=CARTESIAN_POINT('Ctrl Pts',(0.252736705699325,-2.,248.245808258457));
#16941=CARTESIAN_POINT('Ctrl Pts',(0.409089729744485,-1.4,248.413216697454));
#16942=CARTESIAN_POINT('Ctrl Pts',(0.409089729744485,-2.,248.413216697454));
#16943=CARTESIAN_POINT('Ctrl Pts',(0.486357212066659,-1.4,248.495947611548));
#16944=CARTESIAN_POINT('Ctrl Pts',(0.486357212066659,-2.,248.495947611548));
#16945=CARTESIAN_POINT('',(0.167121291160591,-1.4,247.911500227668));
#16946=CARTESIAN_POINT('Ctrl Pts',(0.486357212066659,-1.4,248.495947611548));
#16947=CARTESIAN_POINT('Ctrl Pts',(0.409089729744485,-1.4,248.413216697454));
#16948=CARTESIAN_POINT('Ctrl Pts',(0.252736705699325,-1.4,248.245808258457));
#16949=CARTESIAN_POINT('Ctrl Pts',(0.195880137089434,-1.4,248.023796748126));
#16950=CARTESIAN_POINT('Ctrl Pts',(0.167121291160591,-1.4,247.911500227668));
#16951=CARTESIAN_POINT('',(0.167121291160591,-2.,247.911500227668));
#16952=CARTESIAN_POINT('Ctrl Pts',(0.167121291160591,-2.,247.911500227668));
#16953=CARTESIAN_POINT('Ctrl Pts',(0.195880137089434,-2.,248.023796748126));
#16954=CARTESIAN_POINT('Ctrl Pts',(0.252736705699325,-2.,248.245808258457));
#16955=CARTESIAN_POINT('Ctrl Pts',(0.409089729744485,-2.,248.413216697454));
#16956=CARTESIAN_POINT('Ctrl Pts',(0.486357212066659,-2.,248.495947611548));
#16957=CARTESIAN_POINT('',(0.167121291160591,-1.4,247.911500227668));
#16958=CARTESIAN_POINT('Ctrl Pts',(0.118007659912116,-1.4,246.865388047911));
#16959=CARTESIAN_POINT('Ctrl Pts',(0.118007659912116,-2.,246.865388047911));
#16960=CARTESIAN_POINT('Ctrl Pts',(0.116998852695932,-1.4,247.083820047042));
#16961=CARTESIAN_POINT('Ctrl Pts',(0.116998852695932,-2.,247.083820047042));
#16962=CARTESIAN_POINT('Ctrl Pts',(0.115383717772716,-1.4,247.433537162943));
#16963=CARTESIAN_POINT('Ctrl Pts',(0.115383717772716,-2.,247.433537162943));
#16964=CARTESIAN_POINT('Ctrl Pts',(0.152999998363413,-1.4,247.781044623718));
#16965=CARTESIAN_POINT('Ctrl Pts',(0.152999998363413,-2.,247.781044623718));
#16966=CARTESIAN_POINT('Ctrl Pts',(0.167121291160591,-1.4,247.911500227668));
#16967=CARTESIAN_POINT('Ctrl Pts',(0.167121291160591,-2.,247.911500227668));
#16968=CARTESIAN_POINT('',(0.118007659912116,-1.4,246.865388047911));
#16969=CARTESIAN_POINT('Ctrl Pts',(0.167121291160591,-1.4,247.911500227668));
#16970=CARTESIAN_POINT('Ctrl Pts',(0.152999998363413,-1.4,247.781044623718));
#16971=CARTESIAN_POINT('Ctrl Pts',(0.115383717772716,-1.4,247.433537162943));
#16972=CARTESIAN_POINT('Ctrl Pts',(0.116998852695932,-1.4,247.083820047042));
#16973=CARTESIAN_POINT('Ctrl Pts',(0.118007659912116,-1.4,246.865388047911));
#16974=CARTESIAN_POINT('',(0.118007659912116,-2.,246.865388047911));
#16975=CARTESIAN_POINT('Ctrl Pts',(0.118007659912116,-2.,246.865388047911));
#16976=CARTESIAN_POINT('Ctrl Pts',(0.116998852695932,-2.,247.083820047042));
#16977=CARTESIAN_POINT('Ctrl Pts',(0.115383717772716,-2.,247.433537162943));
#16978=CARTESIAN_POINT('Ctrl Pts',(0.152999998363413,-2.,247.781044623718));
#16979=CARTESIAN_POINT('Ctrl Pts',(0.167121291160591,-2.,247.911500227668));
#16980=CARTESIAN_POINT('',(0.118007659912116,-1.4,246.865388047911));
#16981=CARTESIAN_POINT('Origin',(0.118007659912115,-1.4,246.163068902709));
#16982=CARTESIAN_POINT('',(0.118007659912114,-1.4,246.163068902709));
#16983=CARTESIAN_POINT('',(0.118007659912116,-1.4,246.865388047911));
#16984=CARTESIAN_POINT('',(0.118007659912114,-2.,246.163068902709));
#16985=CARTESIAN_POINT('',(0.118007659912116,-2.,246.865388047911));
#16986=CARTESIAN_POINT('',(0.118007659912114,-1.4,246.163068902709));
#16987=CARTESIAN_POINT('Origin',(2.16111838817597,-1.4,246.163068902709));
#16988=CARTESIAN_POINT('',(0.118007659912114,-1.4,246.163068902709));
#16989=CARTESIAN_POINT('',(0.118007659912114,-2.,246.163068902709));
#16990=CARTESIAN_POINT('Origin',(-1.10000073909759,-1.4,247.042195689895));
#16991=CARTESIAN_POINT('',(-1.10000073909759,-1.4,244.709316981055));
#16992=CARTESIAN_POINT('',(-1.10000073909759,-1.4,247.042195689895));
#16993=CARTESIAN_POINT('',(-1.10000073909759,-1.4,244.709316981055));
#16994=CARTESIAN_POINT('',(-1.10000073909759,-2.,244.709316981055));
#16995=CARTESIAN_POINT('',(-1.10000073909759,-1.4,244.709316981055));
#16996=CARTESIAN_POINT('',(-1.10000073909759,-2.,247.042195689895));
#16997=CARTESIAN_POINT('',(-1.10000073909759,-2.,244.709316981055));
#16998=CARTESIAN_POINT('',(-1.10000073909759,-1.4,247.042195689895));
#16999=CARTESIAN_POINT('Ctrl Pts',(-0.9919512271881,-1.4,248.770981919982));
#17000=CARTESIAN_POINT('Ctrl Pts',(-0.9919512271881,-2.,248.770981919982));
#17001=CARTESIAN_POINT('Ctrl Pts',(-1.0229712182779,-1.4,248.560100025469));
#17002=CARTESIAN_POINT('Ctrl Pts',(-1.0229712182779,-2.,248.560100025469));
#17003=CARTESIAN_POINT('Ctrl Pts',(-1.10719780659728,-1.4,247.987505969534));
#17004=CARTESIAN_POINT('Ctrl Pts',(-1.10719780659728,-2.,247.987505969534));
#17005=CARTESIAN_POINT('Ctrl Pts',(-1.10278704918828,-1.4,247.40816802114));
#17006=CARTESIAN_POINT('Ctrl Pts',(-1.10278704918828,-2.,247.40816802114));
#17007=CARTESIAN_POINT('Ctrl Pts',(-1.10000073909759,-1.4,247.042195689895));
#17008=CARTESIAN_POINT('Ctrl Pts',(-1.10000073909759,-2.,247.042195689895));
#17009=CARTESIAN_POINT('',(-0.9919512271881,-1.4,248.770981919982));
#17010=CARTESIAN_POINT('Ctrl Pts',(-1.10000073909759,-1.4,247.042195689895));
#17011=CARTESIAN_POINT('Ctrl Pts',(-1.10278704918828,-1.4,247.40816802114));
#17012=CARTESIAN_POINT('Ctrl Pts',(-1.10719780659728,-1.4,247.987505969534));
#17013=CARTESIAN_POINT('Ctrl Pts',(-1.0229712182779,-1.4,248.560100025469));
#17014=CARTESIAN_POINT('Ctrl Pts',(-0.9919512271881,-1.4,248.770981919982));
#17015=CARTESIAN_POINT('',(-0.9919512271881,-2.,248.770981919982));
#17016=CARTESIAN_POINT('Ctrl Pts',(-0.9919512271881,-2.,248.770981919982));
#17017=CARTESIAN_POINT('Ctrl Pts',(-1.0229712182779,-2.,248.560100025469));
#17018=CARTESIAN_POINT('Ctrl Pts',(-1.10719780659728,-2.,247.987505969534));
#17019=CARTESIAN_POINT('Ctrl Pts',(-1.10278704918828,-2.,247.40816802114));
#17020=CARTESIAN_POINT('Ctrl Pts',(-1.10000073909759,-2.,247.042195689895));
#17021=CARTESIAN_POINT('',(-0.9919512271881,-1.4,248.770981919982));
#17022=CARTESIAN_POINT('Ctrl Pts',(-0.287176370620715,-1.4,249.807271254279));
#17023=CARTESIAN_POINT('Ctrl Pts',(-0.287176370620715,-2.,249.807271254279));
#17024=CARTESIAN_POINT('Ctrl Pts',(-0.451689815854881,-1.4,249.661693502844));
#17025=CARTESIAN_POINT('Ctrl Pts',(-0.451689815854881,-2.,249.661693502844));
#17026=CARTESIAN_POINT('Ctrl Pts',(-0.774762076509137,-1.4,249.375807244792));
#17027=CARTESIAN_POINT('Ctrl Pts',(-0.774762076509137,-2.,249.375807244792));
#17028=CARTESIAN_POINT('Ctrl Pts',(-0.920449913912302,-1.4,248.970097782313));
#17029=CARTESIAN_POINT('Ctrl Pts',(-0.920449913912302,-2.,248.970097782313));
#17030=CARTESIAN_POINT('Ctrl Pts',(-0.9919512271881,-1.4,248.770981919982));
#17031=CARTESIAN_POINT('Ctrl Pts',(-0.9919512271881,-2.,248.770981919982));
#17032=CARTESIAN_POINT('',(-0.287176370620715,-1.4,249.807271254279));
#17033=CARTESIAN_POINT('Ctrl Pts',(-0.9919512271881,-1.4,248.770981919982));
#17034=CARTESIAN_POINT('Ctrl Pts',(-0.920449913912302,-1.4,248.970097782313));
#17035=CARTESIAN_POINT('Ctrl Pts',(-0.774762076509137,-1.4,249.375807244792));
#17036=CARTESIAN_POINT('Ctrl Pts',(-0.451689815854881,-1.4,249.661693502844));
#17037=CARTESIAN_POINT('Ctrl Pts',(-0.287176370620715,-1.4,249.807271254279));
#17038=CARTESIAN_POINT('',(-0.287176370620715,-2.,249.807271254279));
#17039=CARTESIAN_POINT('Ctrl Pts',(-0.287176370620715,-2.,249.807271254279));
#17040=CARTESIAN_POINT('Ctrl Pts',(-0.451689815854881,-2.,249.661693502844));
#17041=CARTESIAN_POINT('Ctrl Pts',(-0.774762076509137,-2.,249.375807244792));
#17042=CARTESIAN_POINT('Ctrl Pts',(-0.920449913912302,-2.,248.970097782313));
#17043=CARTESIAN_POINT('Ctrl Pts',(-0.9919512271881,-2.,248.770981919982));
#17044=CARTESIAN_POINT('',(-0.287176370620715,-1.4,249.807271254279));
#17045=CARTESIAN_POINT('Ctrl Pts',(1.11500620841981,-1.4,250.224733841636));
#17046=CARTESIAN_POINT('Ctrl Pts',(1.11500620841981,-2.,250.224733841636));
#17047=CARTESIAN_POINT('Ctrl Pts',(0.848088838465629,-1.4,250.212023990985));
#17048=CARTESIAN_POINT('Ctrl Pts',(0.848088838465629,-2.,250.212023990985));
#17049=CARTESIAN_POINT('Ctrl Pts',(0.345097787645974,-1.4,250.188072978971));
#17050=CARTESIAN_POINT('Ctrl Pts',(0.345097787645974,-2.,250.188072978971));
#17051=CARTESIAN_POINT('Ctrl Pts',(-0.0852139694142573,-1.4,249.928907778083));
#17052=CARTESIAN_POINT('Ctrl Pts',(-0.0852139694142573,-2.,249.928907778083));
#17053=CARTESIAN_POINT('Ctrl Pts',(-0.287176370620715,-1.4,249.807271254279));
#17054=CARTESIAN_POINT('Ctrl Pts',(-0.287176370620715,-2.,249.807271254279));
#17055=CARTESIAN_POINT('',(1.11500620841981,-1.4,250.224733841636));
#17056=CARTESIAN_POINT('Ctrl Pts',(-0.287176370620715,-1.4,249.807271254279));
#17057=CARTESIAN_POINT('Ctrl Pts',(-0.0852139694142573,-1.4,249.928907778083));
#17058=CARTESIAN_POINT('Ctrl Pts',(0.345097787645974,-1.4,250.188072978971));
#17059=CARTESIAN_POINT('Ctrl Pts',(0.848088838465629,-1.4,250.212023990985));
#17060=CARTESIAN_POINT('Ctrl Pts',(1.11500620841981,-1.4,250.224733841636));
#17061=CARTESIAN_POINT('',(1.11500620841981,-2.,250.224733841636));
#17062=CARTESIAN_POINT('Ctrl Pts',(1.11500620841981,-2.,250.224733841636));
#17063=CARTESIAN_POINT('Ctrl Pts',(0.848088838465629,-2.,250.212023990985));
#17064=CARTESIAN_POINT('Ctrl Pts',(0.345097787645974,-2.,250.188072978971));
#17065=CARTESIAN_POINT('Ctrl Pts',(-0.0852139694142573,-2.,249.928907778083));
#17066=CARTESIAN_POINT('Ctrl Pts',(-0.287176370620715,-2.,249.807271254279));
#17067=CARTESIAN_POINT('',(1.11500620841981,-1.4,250.224733841636));
#17068=CARTESIAN_POINT('Ctrl Pts',(2.22987711429597,-1.4,249.984078896262));
#17069=CARTESIAN_POINT('Ctrl Pts',(2.22987711429597,-2.,249.984078896262));
#17070=CARTESIAN_POINT('Ctrl Pts',(2.06389676220286,-1.4,250.054185010358));
#17071=CARTESIAN_POINT('Ctrl Pts',(2.06389676220286,-2.,250.054185010358));
#17072=CARTESIAN_POINT('Ctrl Pts',(1.70801326776865,-1.4,250.204501650558));
#17073=CARTESIAN_POINT('Ctrl Pts',(1.70801326776865,-2.,250.204501650558));
#17074=CARTESIAN_POINT('Ctrl Pts',(1.32133940973481,-1.4,250.217694173745));
#17075=CARTESIAN_POINT('Ctrl Pts',(1.32133940973481,-2.,250.217694173745));
#17076=CARTESIAN_POINT('Ctrl Pts',(1.11500620841981,-1.4,250.224733841636));
#17077=CARTESIAN_POINT('Ctrl Pts',(1.11500620841981,-2.,250.224733841636));
#17078=CARTESIAN_POINT('',(2.22987711429597,-1.4,249.984078896262));
#17079=CARTESIAN_POINT('Ctrl Pts',(1.11500620841981,-1.4,250.224733841636));
#17080=CARTESIAN_POINT('Ctrl Pts',(1.32133940973481,-1.4,250.217694173745));
#17081=CARTESIAN_POINT('Ctrl Pts',(1.70801326776865,-1.4,250.204501650558));
#17082=CARTESIAN_POINT('Ctrl Pts',(2.06389676220286,-1.4,250.054185010358));
#17083=CARTESIAN_POINT('Ctrl Pts',(2.22987711429597,-1.4,249.984078896262));
#17084=CARTESIAN_POINT('',(2.22987711429597,-2.,249.984078896262));
#17085=CARTESIAN_POINT('Ctrl Pts',(2.22987711429597,-2.,249.984078896262));
#17086=CARTESIAN_POINT('Ctrl Pts',(2.06389676220286,-2.,250.054185010358));
#17087=CARTESIAN_POINT('Ctrl Pts',(1.70801326776865,-2.,250.204501650558));
#17088=CARTESIAN_POINT('Ctrl Pts',(1.32133940973481,-2.,250.217694173745));
#17089=CARTESIAN_POINT('Ctrl Pts',(1.11500620841981,-2.,250.224733841636));
#17090=CARTESIAN_POINT('',(2.22987711429597,-1.4,249.984078896262));
#17091=CARTESIAN_POINT('Ctrl Pts',(2.93956339359285,-1.4,249.372619283416));
#17092=CARTESIAN_POINT('Ctrl Pts',(2.93956339359285,-2.,249.372619283416));
#17093=CARTESIAN_POINT('Ctrl Pts',(2.8432132971261,-1.4,249.492012711155));
#17094=CARTESIAN_POINT('Ctrl Pts',(2.8432132971261,-2.,249.492012711155));
#17095=CARTESIAN_POINT('Ctrl Pts',(2.64401331347473,-1.4,249.738853863638));
#17096=CARTESIAN_POINT('Ctrl Pts',(2.64401331347473,-2.,249.738853863638));
#17097=CARTESIAN_POINT('Ctrl Pts',(2.37089310363149,-1.4,249.900578225097));
#17098=CARTESIAN_POINT('Ctrl Pts',(2.37089310363149,-2.,249.900578225097));
#17099=CARTESIAN_POINT('Ctrl Pts',(2.22987711429597,-1.4,249.984078896262));
#17100=CARTESIAN_POINT('Ctrl Pts',(2.22987711429597,-2.,249.984078896262));
#17101=CARTESIAN_POINT('',(2.93956339359285,-1.4,249.372619283416));
#17102=CARTESIAN_POINT('Ctrl Pts',(2.22987711429597,-1.4,249.984078896262));
#17103=CARTESIAN_POINT('Ctrl Pts',(2.37089310363149,-1.4,249.900578225097));
#17104=CARTESIAN_POINT('Ctrl Pts',(2.64401331347473,-1.4,249.738853863638));
#17105=CARTESIAN_POINT('Ctrl Pts',(2.8432132971261,-1.4,249.492012711155));
#17106=CARTESIAN_POINT('Ctrl Pts',(2.93956339359285,-1.4,249.372619283416));
#17107=CARTESIAN_POINT('',(2.93956339359285,-2.,249.372619283416));
#17108=CARTESIAN_POINT('Ctrl Pts',(2.93956339359285,-2.,249.372619283416));
#17109=CARTESIAN_POINT('Ctrl Pts',(2.8432132971261,-2.,249.492012711155));
#17110=CARTESIAN_POINT('Ctrl Pts',(2.64401331347473,-2.,249.738853863638));
#17111=CARTESIAN_POINT('Ctrl Pts',(2.37089310363149,-2.,249.900578225097));
#17112=CARTESIAN_POINT('Ctrl Pts',(2.22987711429597,-2.,249.984078896262));
#17113=CARTESIAN_POINT('',(2.93956339359285,-1.4,249.372619283416));
#17114=CARTESIAN_POINT('Ctrl Pts',(3.28090071678163,-1.4,248.6187307956));
#17115=CARTESIAN_POINT('Ctrl Pts',(3.28090071678163,-2.,248.6187307956));
#17116=CARTESIAN_POINT('Ctrl Pts',(3.24433473169597,-1.4,248.74800052907));
#17117=CARTESIAN_POINT('Ctrl Pts',(3.24433473169597,-2.,248.74800052907));
#17118=CARTESIAN_POINT('Ctrl Pts',(3.16844543960245,-1.4,249.01628780587));
#17119=CARTESIAN_POINT('Ctrl Pts',(3.16844543960245,-2.,249.01628780587));
#17120=CARTESIAN_POINT('Ctrl Pts',(3.01768331306368,-1.4,249.250999493589));
#17121=CARTESIAN_POINT('Ctrl Pts',(3.01768331306368,-2.,249.250999493589));
#17122=CARTESIAN_POINT('Ctrl Pts',(2.93956339359285,-1.4,249.372619283416));
#17123=CARTESIAN_POINT('Ctrl Pts',(2.93956339359285,-2.,249.372619283416));
#17124=CARTESIAN_POINT('',(3.28090071678163,-1.4,248.6187307956));
#17125=CARTESIAN_POINT('Ctrl Pts',(2.93956339359285,-1.4,249.372619283416));
#17126=CARTESIAN_POINT('Ctrl Pts',(3.01768331306368,-1.4,249.250999493589));
#17127=CARTESIAN_POINT('Ctrl Pts',(3.16844543960245,-1.4,249.01628780587));
#17128=CARTESIAN_POINT('Ctrl Pts',(3.24433473169597,-1.4,248.74800052907));
#17129=CARTESIAN_POINT('Ctrl Pts',(3.28090071678163,-1.4,248.6187307956));
#17130=CARTESIAN_POINT('',(3.28090071678163,-2.,248.6187307956));
#17131=CARTESIAN_POINT('Ctrl Pts',(3.28090071678163,-2.,248.6187307956));
#17132=CARTESIAN_POINT('Ctrl Pts',(3.24433473169597,-2.,248.74800052907));
#17133=CARTESIAN_POINT('Ctrl Pts',(3.16844543960245,-2.,249.01628780587));
#17134=CARTESIAN_POINT('Ctrl Pts',(3.01768331306368,-2.,249.250999493589));
#17135=CARTESIAN_POINT('Ctrl Pts',(2.93956339359285,-2.,249.372619283416));
#17136=CARTESIAN_POINT('',(3.28090071678163,-1.4,248.6187307956));
#17137=CARTESIAN_POINT('Ctrl Pts',(3.38403820991517,-1.4,247.110954416015));
#17138=CARTESIAN_POINT('Ctrl Pts',(3.38403820991517,-2.,247.110954416015));
#17139=CARTESIAN_POINT('Ctrl Pts',(3.38303852455008,-1.4,247.401703951052));
#17140=CARTESIAN_POINT('Ctrl Pts',(3.38303852455008,-2.,247.401703951052));
#17141=CARTESIAN_POINT('Ctrl Pts',(3.3813020035133,-1.4,247.90675554194));
#17142=CARTESIAN_POINT('Ctrl Pts',(3.3813020035133,-2.,247.90675554194));
#17143=CARTESIAN_POINT('Ctrl Pts',(3.31081118189741,-1.4,248.406626830789));
#17144=CARTESIAN_POINT('Ctrl Pts',(3.31081118189741,-2.,248.406626830789));
#17145=CARTESIAN_POINT('Ctrl Pts',(3.28090071678163,-1.4,248.6187307956));
#17146=CARTESIAN_POINT('Ctrl Pts',(3.28090071678163,-2.,248.6187307956));
#17147=CARTESIAN_POINT('',(3.38403820991517,-1.4,247.110954416015));
#17148=CARTESIAN_POINT('Ctrl Pts',(3.28090071678163,-1.4,248.6187307956));
#17149=CARTESIAN_POINT('Ctrl Pts',(3.31081118189741,-1.4,248.406626830789));
#17150=CARTESIAN_POINT('Ctrl Pts',(3.3813020035133,-1.4,247.90675554194));
#17151=CARTESIAN_POINT('Ctrl Pts',(3.38303852455008,-1.4,247.401703951052));
#17152=CARTESIAN_POINT('Ctrl Pts',(3.38403820991517,-1.4,247.110954416015));
#17153=CARTESIAN_POINT('',(3.38403820991517,-2.,247.110954416015));
#17154=CARTESIAN_POINT('Ctrl Pts',(3.38403820991517,-2.,247.110954416015));
#17155=CARTESIAN_POINT('Ctrl Pts',(3.38303852455008,-2.,247.401703951052));
#17156=CARTESIAN_POINT('Ctrl Pts',(3.3813020035133,-2.,247.90675554194));
#17157=CARTESIAN_POINT('Ctrl Pts',(3.31081118189741,-2.,248.406626830789));
#17158=CARTESIAN_POINT('Ctrl Pts',(3.28090071678163,-2.,248.6187307956));
#17159=CARTESIAN_POINT('',(3.38403820991517,-1.4,247.110954416015));
#17160=CARTESIAN_POINT('Origin',(3.38403820991517,-1.4,246.163068902709));
#17161=CARTESIAN_POINT('',(3.38403820991517,-1.4,246.163068902709));
#17162=CARTESIAN_POINT('',(3.38403820991517,-1.4,247.110954416015));
#17163=CARTESIAN_POINT('',(3.38403820991517,-2.,246.163068902709));
#17164=CARTESIAN_POINT('',(3.38403820991517,-2.,247.110954416015));
#17165=CARTESIAN_POINT('',(3.38403820991517,-1.4,246.163068902709));
#17166=CARTESIAN_POINT('Origin',(6.10000014305115,-1.4,246.163068902709));
#17167=CARTESIAN_POINT('',(6.10000014305115,-1.4,246.163068902709));
#17168=CARTESIAN_POINT('',(3.38403820991517,-1.4,246.163068902709));
#17169=CARTESIAN_POINT('',(6.10000014305115,-2.,246.163068902709));
#17170=CARTESIAN_POINT('',(3.38403820991517,-2.,246.163068902709));
#17171=CARTESIAN_POINT('',(6.10000014305115,-1.4,246.163068902709));
#17172=CARTESIAN_POINT('Origin',(6.10000014305115,-1.4,244.709316981055));
#17173=CARTESIAN_POINT('',(6.10000014305115,-1.4,244.709316981055));
#17174=CARTESIAN_POINT('',(6.10000014305115,-1.4,246.163068902709));
#17175=CARTESIAN_POINT('',(6.10000014305115,-2.,244.709316981055));
#17176=CARTESIAN_POINT('',(6.10000014305115,-2.,246.163068902709));
#17177=CARTESIAN_POINT('',(6.10000014305115,-1.4,244.709316981055));
#17178=CARTESIAN_POINT('Origin',(-1.10000073909759,-1.4,244.709316981055));
#17179=CARTESIAN_POINT('',(6.10000014305115,-1.4,244.709316981055));
#17180=CARTESIAN_POINT('',(6.10000014305115,-2.,244.709316981055));
#17181=CARTESIAN_POINT('Origin',(2.50000000000006,-1.4,266.18162591479));
#17182=CARTESIAN_POINT('Origin',(2.50000000000006,-2.,266.18162591479));
#17183=CARTESIAN_POINT('',(0.,0.,0.));
#17184=CARTESIAN_POINT('Origin',(16.6,-7.,252.071067811865));
#17185=CARTESIAN_POINT('',(12.2,-15.556349186104,252.071067811865));
#17186=CARTESIAN_POINT('Origin',(16.6,-15.556349186104,252.071067811865));
#17187=CARTESIAN_POINT('',(12.2,-7.,252.071067811865));
#17188=CARTESIAN_POINT('',(12.2,-7.,252.071067811865));
#17189=CARTESIAN_POINT('Origin',(16.6,-7.,252.071067811865));
#17190=CARTESIAN_POINT('Origin',(16.6,-7.,252.071067811865));
#17191=CARTESIAN_POINT('Origin',(16.6,-15.556349186104,252.071067811865));
#17192=CARTESIAN_POINT('',(0.,0.,0.));
#17193=CARTESIAN_POINT('',(0.,0.,0.));
#17194=CARTESIAN_POINT('',(0.,0.,0.));
#17195=CARTESIAN_POINT('',(0.,0.,0.));
#17196=CARTESIAN_POINT('',(0.,0.,0.));
#17197=CARTESIAN_POINT('Origin',(0.,0.,0.));
#17198=UNCERTAINTY_MEASURE_WITH_UNIT(LENGTH_MEASURE(0.01),#17214,
'DISTANCE_ACCURACY_VALUE',
'Maximum model space distance between geometric entities at asserted c
onnectivities');
#17199=UNCERTAINTY_MEASURE_WITH_UNIT(LENGTH_MEASURE(0.01),#17214,
'DISTANCE_ACCURACY_VALUE',
'Maximum model space distance between geometric entities at asserted c
onnectivities');
#17200=UNCERTAINTY_MEASURE_WITH_UNIT(LENGTH_MEASURE(0.01),#17214,
'DISTANCE_ACCURACY_VALUE',
'Maximum model space distance between geometric entities at asserted c
onnectivities');
#17201=UNCERTAINTY_MEASURE_WITH_UNIT(LENGTH_MEASURE(0.01),#17214,
'DISTANCE_ACCURACY_VALUE',
'Maximum model space distance between geometric entities at asserted c
onnectivities');
#17202=UNCERTAINTY_MEASURE_WITH_UNIT(LENGTH_MEASURE(0.01),#17214,
'DISTANCE_ACCURACY_VALUE',
'Maximum model space distance between geometric entities at asserted c
onnectivities');
#17203=UNCERTAINTY_MEASURE_WITH_UNIT(LENGTH_MEASURE(0.01),#17214,
'DISTANCE_ACCURACY_VALUE',
'Maximum model space distance between geometric entities at asserted c
onnectivities');
#17204=UNCERTAINTY_MEASURE_WITH_UNIT(LENGTH_MEASURE(0.01),#17214,
'DISTANCE_ACCURACY_VALUE',
'Maximum model space distance between geometric entities at asserted c
onnectivities');
#17205=UNCERTAINTY_MEASURE_WITH_UNIT(LENGTH_MEASURE(0.01),#17214,
'DISTANCE_ACCURACY_VALUE',
'Maximum model space distance between geometric entities at asserted c
onnectivities');
#17206=(
GEOMETRIC_REPRESENTATION_CONTEXT(3)
GLOBAL_UNCERTAINTY_ASSIGNED_CONTEXT((#17198))
GLOBAL_UNIT_ASSIGNED_CONTEXT((#17214,#17216,#17217))
REPRESENTATION_CONTEXT('','3D')
);
#17207=(
GEOMETRIC_REPRESENTATION_CONTEXT(3)
GLOBAL_UNCERTAINTY_ASSIGNED_CONTEXT((#17199))
GLOBAL_UNIT_ASSIGNED_CONTEXT((#17214,#17216,#17217))
REPRESENTATION_CONTEXT('','3D')
);
#17208=(
GEOMETRIC_REPRESENTATION_CONTEXT(3)
GLOBAL_UNCERTAINTY_ASSIGNED_CONTEXT((#17200))
GLOBAL_UNIT_ASSIGNED_CONTEXT((#17214,#17216,#17217))
REPRESENTATION_CONTEXT('','3D')
);
#17209=(
GEOMETRIC_REPRESENTATION_CONTEXT(3)
GLOBAL_UNCERTAINTY_ASSIGNED_CONTEXT((#17201))
GLOBAL_UNIT_ASSIGNED_CONTEXT((#17214,#17216,#17217))
REPRESENTATION_CONTEXT('','3D')
);
#17210=(
GEOMETRIC_REPRESENTATION_CONTEXT(3)
GLOBAL_UNCERTAINTY_ASSIGNED_CONTEXT((#17202))
GLOBAL_UNIT_ASSIGNED_CONTEXT((#17214,#17216,#17217))
REPRESENTATION_CONTEXT('','3D')
);
#17211=(
GEOMETRIC_REPRESENTATION_CONTEXT(3)
GLOBAL_UNCERTAINTY_ASSIGNED_CONTEXT((#17203))
GLOBAL_UNIT_ASSIGNED_CONTEXT((#17214,#17216,#17217))
REPRESENTATION_CONTEXT('','3D')
);
#17212=(
GEOMETRIC_REPRESENTATION_CONTEXT(3)
GLOBAL_UNCERTAINTY_ASSIGNED_CONTEXT((#17204))
GLOBAL_UNIT_ASSIGNED_CONTEXT((#17214,#17216,#17217))
REPRESENTATION_CONTEXT('','3D')
);
#17213=(
GEOMETRIC_REPRESENTATION_CONTEXT(3)
GLOBAL_UNCERTAINTY_ASSIGNED_CONTEXT((#17205))
GLOBAL_UNIT_ASSIGNED_CONTEXT((#17214,#17216,#17217))
REPRESENTATION_CONTEXT('','3D')
);
#17214=(
LENGTH_UNIT()
NAMED_UNIT(*)
SI_UNIT(.MILLI.,.METRE.)
);
#17215=(
LENGTH_UNIT()
NAMED_UNIT(*)
SI_UNIT($,.METRE.)
);
#17216=(
NAMED_UNIT(*)
PLANE_ANGLE_UNIT()
SI_UNIT($,.RADIAN.)
);
#17217=(
NAMED_UNIT(*)
SI_UNIT($,.STERADIAN.)
SOLID_ANGLE_UNIT()
);
#17218=SHAPE_DEFINITION_REPRESENTATION(#17225,#17238);
#17219=SHAPE_DEFINITION_REPRESENTATION(#17226,#17239);
#17220=SHAPE_DEFINITION_REPRESENTATION(#17227,#17240);
#17221=SHAPE_DEFINITION_REPRESENTATION(#17228,#17241);
#17222=SHAPE_DEFINITION_REPRESENTATION(#17230,#17242);
#17223=SHAPE_DEFINITION_REPRESENTATION(#17231,#17243);
#17224=SHAPE_DEFINITION_REPRESENTATION(#17232,#17244);
#17225=PRODUCT_DEFINITION_SHAPE('',$,#17246);
#17226=PRODUCT_DEFINITION_SHAPE('',$,#17247);
#17227=PRODUCT_DEFINITION_SHAPE('',$,#17248);
#17228=PRODUCT_DEFINITION_SHAPE('',$,#17249);
#17229=PRODUCT_DEFINITION_SHAPE($,$,#35);
#17230=PRODUCT_DEFINITION_SHAPE('',$,#17250);
#17231=PRODUCT_DEFINITION_SHAPE('',$,#17251);
#17232=PRODUCT_DEFINITION_SHAPE('',$,#17252);
#17233=PRODUCT_DEFINITION_SHAPE($,$,#36);
#17234=PRODUCT_DEFINITION_SHAPE($,$,#37);
#17235=PRODUCT_DEFINITION_SHAPE($,$,#38);
#17236=PRODUCT_DEFINITION_SHAPE($,$,#39);
#17237=PRODUCT_DEFINITION_SHAPE($,$,#40);
#17238=SHAPE_REPRESENTATION('',(#9737,#10356,#10357,#10358,#10359,#10360),
#17206);
#17239=SHAPE_REPRESENTATION('',(#9738),#17207);
#17240=SHAPE_REPRESENTATION('',(#10063,#10158),#17208);
#17241=SHAPE_REPRESENTATION('',(#10064),#17209);
#17242=SHAPE_REPRESENTATION('',(#10159),#17210);
#17243=SHAPE_REPRESENTATION('',(#10184),#17211);
#17244=SHAPE_REPRESENTATION('',(#10350),#17212);
#17245=PRODUCT_DEFINITION_CONTEXT('part definition',#17268,'design');
#17246=PRODUCT_DEFINITION('FilamentSampleRegal',
'FilamentSampleRegal v10',#17253,#17245);
#17247=PRODUCT_DEFINITION('Halter','Halter',#17254,#17245);
#17248=PRODUCT_DEFINITION('LED-Halter','LED-Halter',#17255,#17245);
#17249=PRODUCT_DEFINITION('LED-Halter-Deckel','LED-Halter-Deckel',#17256,
#17245);
#17250=PRODUCT_DEFINITION('SampleFuss','SampleFuss',#17257,#17245);
#17251=PRODUCT_DEFINITION('Schild','Schild',#17258,#17245);
#17252=PRODUCT_DEFINITION('SchraubenKappe','SchraubenKappe',#17259,#17245);
#17253=PRODUCT_DEFINITION_FORMATION('',$,#17270);
#17254=PRODUCT_DEFINITION_FORMATION('',$,#17271);
#17255=PRODUCT_DEFINITION_FORMATION('',$,#17272);
#17256=PRODUCT_DEFINITION_FORMATION('',$,#17273);
#17257=PRODUCT_DEFINITION_FORMATION('',$,#17274);
#17258=PRODUCT_DEFINITION_FORMATION('',$,#17275);
#17259=PRODUCT_DEFINITION_FORMATION('',$,#17276);
#17260=PRODUCT_RELATED_PRODUCT_CATEGORY('FilamentSampleRegal v10',
'FilamentSampleRegal v10',(#17270));
#17261=PRODUCT_RELATED_PRODUCT_CATEGORY('Halter','Halter',(#17271));
#17262=PRODUCT_RELATED_PRODUCT_CATEGORY('LED-Halter','LED-Halter',(#17272));
#17263=PRODUCT_RELATED_PRODUCT_CATEGORY('LED-Halter-Deckel',
'LED-Halter-Deckel',(#17273));
#17264=PRODUCT_RELATED_PRODUCT_CATEGORY('SampleFuss','SampleFuss',(#17274));
#17265=PRODUCT_RELATED_PRODUCT_CATEGORY('Schild','Schild',(#17275));
#17266=PRODUCT_RELATED_PRODUCT_CATEGORY('SchraubenKappe',
'SchraubenKappe',(#17276));
#17267=APPLICATION_PROTOCOL_DEFINITION('international standard',
'automotive_design',2009,#17268);
#17268=APPLICATION_CONTEXT(
'Core Data for Automotive Mechanical Design Process');
#17269=PRODUCT_CONTEXT('part definition',#17268,'mechanical');
#17270=PRODUCT('FilamentSampleRegal','FilamentSampleRegal v10',$,(#17269));
#17271=PRODUCT('Halter','Halter',$,(#17269));
#17272=PRODUCT('LED-Halter','LED-Halter',$,(#17269));
#17273=PRODUCT('LED-Halter-Deckel','LED-Halter-Deckel',$,(#17269));
#17274=PRODUCT('SampleFuss','SampleFuss',$,(#17269));
#17275=PRODUCT('Schild','Schild',$,(#17269));
#17276=PRODUCT('SchraubenKappe','SchraubenKappe',$,(#17269));
#17277=PRESENTATION_STYLE_ASSIGNMENT((#17282));
#17278=PRESENTATION_STYLE_ASSIGNMENT((#17283));
#17279=PRESENTATION_STYLE_ASSIGNMENT((#17284));
#17280=PRESENTATION_STYLE_ASSIGNMENT((#17285));
#17281=PRESENTATION_STYLE_ASSIGNMENT((NULL_STYLE(.NULL.)));
#17282=SURFACE_STYLE_USAGE(.BOTH.,#17286);
#17283=SURFACE_STYLE_USAGE(.BOTH.,#17287);
#17284=SURFACE_STYLE_USAGE(.BOTH.,#17288);
#17285=SURFACE_STYLE_USAGE(.BOTH.,#17289);
#17286=SURFACE_SIDE_STYLE('',(#17290));
#17287=SURFACE_SIDE_STYLE('',(#17291));
#17288=SURFACE_SIDE_STYLE('',(#17292));
#17289=SURFACE_SIDE_STYLE('',(#17293));
#17290=SURFACE_STYLE_FILL_AREA(#17294);
#17291=SURFACE_STYLE_FILL_AREA(#17295);
#17292=SURFACE_STYLE_FILL_AREA(#17296);
#17293=SURFACE_STYLE_FILL_AREA(#17297);
#17294=FILL_AREA_STYLE('Pulverbeschichtung - rau (Dunkelgrau)',(#17298));
#17295=FILL_AREA_STYLE('Oberfl\X\E4che - matt',(#17299));
#17296=FILL_AREA_STYLE('Pulverbeschichtung - rau (Wei\X\DF)',(#17300));
#17297=FILL_AREA_STYLE('3D Eiche - unbehandelt',(#17301));
#17298=FILL_AREA_STYLE_COLOUR('Pulverbeschichtung - rau (Dunkelgrau)',#17302);
#17299=FILL_AREA_STYLE_COLOUR('Oberfl\X\E4che - matt',#17303);
#17300=FILL_AREA_STYLE_COLOUR('Pulverbeschichtung - rau (Wei\X\DF)',#17304);
#17301=FILL_AREA_STYLE_COLOUR('3D Eiche - unbehandelt',#17305);
#17302=COLOUR_RGB('Pulverbeschichtung - rau (Dunkelgrau)',0.349019607843137,
0.349019607843137,0.349019607843137);
#17303=COLOUR_RGB('Oberfl\X\E4che - matt',0.701960784313725,0.701960784313725,
0.701960784313725);
#17304=COLOUR_RGB('Pulverbeschichtung - rau (Wei\X\DF)',0.964705882352941,
0.964705882352941,0.952941176470588);
#17305=COLOUR_RGB('3D Eiche - unbehandelt',0.894117647058824,0.803921568627451,
0.690196078431373);
ENDSEC;
END-ISO-10303-21;
