ISO-10303-21;
HEADER;
/* Generated by software containing ST-Developer
 * from STEP Tools, Inc. (www.steptools.com) 
 */

FILE_DESCRIPTION(
/* description */ (''),
/* implementation_level */ '2;1');

FILE_NAME(
/* name */ 'Schild.step',
/* time_stamp */ '2025-12-06T12:35:48+01:00',
/* author */ (''),
/* organization */ (''),
/* preprocessor_version */ 'ST-DEVELOPER v20.1',
/* originating_system */ 'Autodesk Translation Framework v14.21.0.0',
/* authorisation */ '');

FILE_SCHEMA (('AUTOMOTIVE_DESIGN { 1 0 10303 214 3 1 1 }'));
ENDSEC;

DATA;
#10=MECHANICAL_DESIGN_GEOMETRIC_PRESENTATION_REPRESENTATION('',(#13,#14,
#15,#16,#17,#18,#19,#20),#8379);
#11=SHAPE_REPRESENTATION_RELATIONSHIP('SRR','None',#8386,#12);
#12=ADVANCED_BREP_SHAPE_REPRESENTATION('',(#21,#22,#23,#24,#25,#26,#27,
#28),#8378);
#13=STYLED_ITEM('',(#8396),#21);
#14=STYLED_ITEM('',(#8395),#22);
#15=STYLED_ITEM('',(#8395),#23);
#16=STYLED_ITEM('',(#8395),#24);
#17=STYLED_ITEM('',(#8395),#25);
#18=STYLED_ITEM('',(#8395),#26);
#19=STYLED_ITEM('',(#8395),#27);
#20=STYLED_ITEM('',(#8395),#28);
#21=MANIFOLD_SOLID_BREP('K\X\F6rper1',#4492);
#22=MANIFOLD_SOLID_BREP('K\X\F6rper9',#4493);
#23=MANIFOLD_SOLID_BREP('K\X\F6rper10',#4494);
#24=MANIFOLD_SOLID_BREP('K\X\F6rper11',#4495);
#25=MANIFOLD_SOLID_BREP('K\X\F6rper12',#4496);
#26=MANIFOLD_SOLID_BREP('K\X\F6rper13',#4497);
#27=MANIFOLD_SOLID_BREP('K\X\F6rper14',#4498);
#28=MANIFOLD_SOLID_BREP('K\X\F6rper15',#4499);
#29=B_SPLINE_SURFACE_WITH_KNOTS('',3,1,((#5940,#5941),(#5942,#5943),(#5944,
#5945),(#5946,#5947),(#5948,#5949)),.UNSPECIFIED.,.F.,.F.,.F.,(4,1,4),(2,
2),(-0.115803082945262,-0.0717609294837226,0.),(0.,0.06),.UNSPECIFIED.);
#30=B_SPLINE_SURFACE_WITH_KNOTS('',3,1,((#5963,#5964),(#5965,#5966),(#5967,
#5968),(#5969,#5970),(#5971,#5972)),.UNSPECIFIED.,.F.,.F.,.F.,(4,1,4),(2,
2),(-0.0582517107698779,-0.0296297217518533,0.),(0.,0.06),.UNSPECIFIED.);
#31=B_SPLINE_SURFACE_WITH_KNOTS('',3,1,((#5986,#5987),(#5988,#5989),(#5990,
#5991),(#5992,#5993),(#5994,#5995)),.UNSPECIFIED.,.F.,.F.,.F.,(4,1,4),(2,
2),(-0.0590468855074333,-0.0288067627780418,0.),(0.,0.06),.UNSPECIFIED.);
#32=B_SPLINE_SURFACE_WITH_KNOTS('',3,1,((#6009,#6010),(#6011,#6012),(#6013,
#6014),(#6015,#6016),(#6017,#6018)),.UNSPECIFIED.,.F.,.F.,.F.,(4,1,4),(2,
2),(-0.0700687502545823,-0.0363141316240519,0.),(0.,0.06),.UNSPECIFIED.);
#33=B_SPLINE_SURFACE_WITH_KNOTS('',3,1,((#6032,#6033),(#6034,#6035),(#6036,
#6037),(#6038,#6039),(#6040,#6041)),.UNSPECIFIED.,.F.,.F.,.F.,(4,1,4),(2,
2),(-0.0675551342342487,-0.0333848044967094,0.),(0.,0.06),.UNSPECIFIED.);
#34=B_SPLINE_SURFACE_WITH_KNOTS('',3,1,((#6055,#6056),(#6057,#6058),(#6059,
#6060),(#6061,#6062),(#6063,#6064)),.UNSPECIFIED.,.F.,.F.,.F.,(4,1,4),(2,
2),(-0.104795560553242,-0.0393406464216633,0.),(0.,0.06),.UNSPECIFIED.);
#35=B_SPLINE_SURFACE_WITH_KNOTS('',3,1,((#6093,#6094),(#6095,#6096),(#6097,
#6098),(#6099,#6100),(#6101,#6102)),.UNSPECIFIED.,.F.,.F.,.F.,(4,1,4),(2,
2),(-0.173428091113908,-0.109555886998576,0.),(0.,0.06),.UNSPECIFIED.);
#36=B_SPLINE_SURFACE_WITH_KNOTS('',3,1,((#6110,#6111),(#6112,#6113),(#6114,
#6115),(#6116,#6117),(#6118,#6119)),.UNSPECIFIED.,.F.,.F.,.F.,(4,1,4),(2,
2),(-0.127138131582043,-0.0623974076188037,0.),(0.,0.06),.UNSPECIFIED.);
#37=B_SPLINE_SURFACE_WITH_KNOTS('',3,1,((#6127,#6128),(#6129,#6130),(#6131,
#6132),(#6133,#6134),(#6135,#6136)),.UNSPECIFIED.,.F.,.F.,.F.,(4,1,4),(2,
2),(-0.14834996098419,-0.0696265297140317,0.),(0.,0.06),.UNSPECIFIED.);
#38=B_SPLINE_SURFACE_WITH_KNOTS('',3,1,((#6144,#6145),(#6146,#6147),(#6148,
#6149),(#6150,#6151),(#6152,#6153)),.UNSPECIFIED.,.F.,.F.,.F.,(4,1,4),(2,
2),(-0.114913609352292,-0.0613190998038587,0.),(0.,0.06),.UNSPECIFIED.);
#39=B_SPLINE_SURFACE_WITH_KNOTS('',3,1,((#6161,#6162),(#6163,#6164),(#6165,
#6166),(#6167,#6168),(#6169,#6170)),.UNSPECIFIED.,.F.,.F.,.F.,(4,1,4),(2,
2),(-0.0943521600174443,-0.0487154106920161,0.),(0.,0.06),.UNSPECIFIED.);
#40=B_SPLINE_SURFACE_WITH_KNOTS('',3,1,((#6178,#6179),(#6180,#6181),(#6182,
#6183),(#6184,#6185),(#6186,#6187)),.UNSPECIFIED.,.F.,.F.,.F.,(4,1,4),(2,
2),(-0.0831614930757539,-0.0430915196760753,0.),(0.,0.06),.UNSPECIFIED.);
#41=B_SPLINE_SURFACE_WITH_KNOTS('',3,1,((#6195,#6196),(#6197,#6198),(#6199,
#6200),(#6201,#6202),(#6203,#6204)),.UNSPECIFIED.,.F.,.F.,.F.,(4,1,4),(2,
2),(-0.151283575491248,-0.064192216853115,0.),(0.,0.06),.UNSPECIFIED.);
#42=B_SPLINE_SURFACE_WITH_KNOTS('',3,1,((#6270,#6271),(#6272,#6273),(#6274,
#6275),(#6276,#6277),(#6278,#6279)),.UNSPECIFIED.,.F.,.F.,.F.,(4,1,4),(2,
2),(-0.154287077002762,-0.0696801272356949,0.),(0.,0.06),.UNSPECIFIED.);
#43=B_SPLINE_SURFACE_WITH_KNOTS('',3,1,((#6287,#6288),(#6289,#6290),(#6291,
#6292),(#6293,#6294),(#6295,#6296)),.UNSPECIFIED.,.F.,.F.,.F.,(4,1,4),(2,
2),(-0.179554904830592,-0.0908130073688295,0.),(0.,0.06),.UNSPECIFIED.);
#44=B_SPLINE_SURFACE_WITH_KNOTS('',3,1,((#6304,#6305),(#6306,#6307),(#6308,
#6309),(#6310,#6311),(#6312,#6313)),.UNSPECIFIED.,.F.,.F.,.F.,(4,1,4),(2,
2),(-0.204286266199798,-0.106377907204039,0.),(0.,0.06),.UNSPECIFIED.);
#45=B_SPLINE_SURFACE_WITH_KNOTS('',3,1,((#6321,#6322),(#6323,#6324),(#6325,
#6326),(#6327,#6328),(#6329,#6330)),.UNSPECIFIED.,.F.,.F.,.F.,(4,1,4),(2,
2),(-0.187501783264847,-0.0934089897896259,0.),(0.,0.06),.UNSPECIFIED.);
#46=B_SPLINE_SURFACE_WITH_KNOTS('',3,1,((#6338,#6339),(#6340,#6341),(#6342,
#6343),(#6344,#6345),(#6346,#6347)),.UNSPECIFIED.,.F.,.F.,.F.,(4,1,4),(2,
2),(-0.197644145357598,-0.0973256237475205,0.),(0.,0.06),.UNSPECIFIED.);
#47=B_SPLINE_SURFACE_WITH_KNOTS('',3,1,((#6355,#6356),(#6357,#6358),(#6359,
#6360),(#6361,#6362),(#6363,#6364)),.UNSPECIFIED.,.F.,.F.,.F.,(4,1,4),(2,
2),(-0.206994525504222,-0.106859455007551,0.),(0.,0.06),.UNSPECIFIED.);
#48=B_SPLINE_SURFACE_WITH_KNOTS('',3,1,((#6372,#6373),(#6374,#6375),(#6376,
#6377),(#6378,#6379),(#6380,#6381)),.UNSPECIFIED.,.F.,.F.,.F.,(4,1,4),(2,
2),(-0.194716232262971,-0.0966303651502849,0.),(0.,0.06),.UNSPECIFIED.);
#49=B_SPLINE_SURFACE_WITH_KNOTS('',3,1,((#6389,#6390),(#6391,#6392),(#6393,
#6394),(#6395,#6396),(#6397,#6398)),.UNSPECIFIED.,.F.,.F.,.F.,(4,1,4),(2,
2),(-0.177331049980536,-0.0822416671756541,0.),(0.,0.06),.UNSPECIFIED.);
#50=B_SPLINE_SURFACE_WITH_KNOTS('',3,1,((#6406,#6407),(#6408,#6409),(#6410,
#6411),(#6412,#6413),(#6414,#6415)),.UNSPECIFIED.,.F.,.F.,.F.,(4,1,4),(2,
2),(-0.219679107561864,-0.120231467028579,0.),(0.,0.06),.UNSPECIFIED.);
#51=B_SPLINE_SURFACE_WITH_KNOTS('',3,1,((#6423,#6424),(#6425,#6426),(#6427,
#6428),(#6429,#6430),(#6431,#6432)),.UNSPECIFIED.,.F.,.F.,.F.,(4,1,4),(2,
2),(-0.186388578513244,-0.0912312093995209,0.),(0.,0.06),.UNSPECIFIED.);
#52=B_SPLINE_SURFACE_WITH_KNOTS('',3,1,((#6444,#6445),(#6446,#6447),(#6448,
#6449),(#6450,#6451),(#6452,#6453)),.UNSPECIFIED.,.F.,.F.,.F.,(4,1,4),(2,
2),(-0.102893522359949,-0.0522721632016639,0.),(0.,0.06),.UNSPECIFIED.);
#53=B_SPLINE_SURFACE_WITH_KNOTS('',3,1,((#6461,#6462),(#6463,#6464),(#6465,
#6466),(#6467,#6468),(#6469,#6470)),.UNSPECIFIED.,.F.,.F.,.F.,(4,1,4),(2,
2),(-0.110679431145997,-0.0525241477805586,0.),(0.,0.06),.UNSPECIFIED.);
#54=B_SPLINE_SURFACE_WITH_KNOTS('',3,1,((#6478,#6479),(#6480,#6481),(#6482,
#6483),(#6484,#6485),(#6486,#6487)),.UNSPECIFIED.,.F.,.F.,.F.,(4,1,4),(2,
2),(-0.166892747803375,-0.0868416386163318,0.),(0.,0.06),.UNSPECIFIED.);
#55=B_SPLINE_SURFACE_WITH_KNOTS('',3,1,((#6495,#6496),(#6497,#6498),(#6499,
#6500),(#6501,#6502),(#6503,#6504)),.UNSPECIFIED.,.F.,.F.,.F.,(4,1,4),(2,
2),(-0.191249849849451,-0.0860632900905392,0.),(0.,0.06),.UNSPECIFIED.);
#56=B_SPLINE_SURFACE_WITH_KNOTS('',3,1,((#6512,#6513),(#6514,#6515),(#6516,
#6517),(#6518,#6519),(#6520,#6521)),.UNSPECIFIED.,.F.,.F.,.F.,(4,1,4),(2,
2),(-0.203861160139876,-0.113063048616908,0.),(0.,0.06),.UNSPECIFIED.);
#57=B_SPLINE_SURFACE_WITH_KNOTS('',3,1,((#6529,#6530),(#6531,#6532),(#6533,
#6534),(#6535,#6536),(#6537,#6538)),.UNSPECIFIED.,.F.,.F.,.F.,(4,1,4),(2,
2),(-0.1665139115447,-0.0814977830813001,0.),(0.,0.06),.UNSPECIFIED.);
#58=B_SPLINE_SURFACE_WITH_KNOTS('',3,1,((#6546,#6547),(#6548,#6549),(#6550,
#6551),(#6552,#6553),(#6554,#6555)),.UNSPECIFIED.,.F.,.F.,.F.,(4,1,4),(2,
2),(-0.0937453691791716,-0.0459555921511445,0.),(0.,0.06),.UNSPECIFIED.);
#59=B_SPLINE_SURFACE_WITH_KNOTS('',3,1,((#6563,#6564),(#6565,#6566),(#6567,
#6568),(#6569,#6570),(#6571,#6572)),.UNSPECIFIED.,.F.,.F.,.F.,(4,1,4),(2,
2),(-0.0902491851154756,-0.0470499230982283,0.),(0.,0.06),.UNSPECIFIED.);
#60=B_SPLINE_SURFACE_WITH_KNOTS('',3,1,((#6591,#6592),(#6593,#6594),(#6595,
#6596),(#6597,#6598),(#6599,#6600)),.UNSPECIFIED.,.F.,.F.,.F.,(4,1,4),(2,
2),(-0.208453479354235,-0.111407233707927,0.),(0.,0.06),.UNSPECIFIED.);
#61=B_SPLINE_SURFACE_WITH_KNOTS('',3,1,((#6610,#6611),(#6612,#6613),(#6614,
#6615),(#6616,#6617),(#6618,#6619)),.UNSPECIFIED.,.F.,.F.,.F.,(4,1,4),(2,
2),(-0.202421683961679,-0.095681144263308,0.),(0.,0.06),.UNSPECIFIED.);
#62=B_SPLINE_SURFACE_WITH_KNOTS('',3,1,((#6627,#6628),(#6629,#6630),(#6631,
#6632),(#6633,#6634),(#6635,#6636)),.UNSPECIFIED.,.F.,.F.,.F.,(4,1,4),(2,
2),(-0.261162265940303,-0.132918050543308,0.),(0.,0.06),.UNSPECIFIED.);
#63=B_SPLINE_SURFACE_WITH_KNOTS('',3,1,((#6644,#6645),(#6646,#6647),(#6648,
#6649),(#6650,#6651),(#6652,#6653)),.UNSPECIFIED.,.F.,.F.,.F.,(4,1,4),(2,
2),(-0.288758713818714,-0.135071283442836,0.),(0.,0.06),.UNSPECIFIED.);
#64=B_SPLINE_SURFACE_WITH_KNOTS('',3,1,((#6661,#6662),(#6663,#6664),(#6665,
#6666),(#6667,#6668),(#6669,#6670)),.UNSPECIFIED.,.F.,.F.,.F.,(4,1,4),(2,
2),(-0.2996822343134,-0.161356943501754,0.),(0.,0.06),.UNSPECIFIED.);
#65=B_SPLINE_SURFACE_WITH_KNOTS('',3,1,((#6678,#6679),(#6680,#6681),(#6682,
#6683),(#6684,#6685),(#6686,#6687)),.UNSPECIFIED.,.F.,.F.,.F.,(4,1,4),(2,
2),(-0.26969143271654,-0.130790282009927,0.),(0.,0.06),.UNSPECIFIED.);
#66=B_SPLINE_SURFACE_WITH_KNOTS('',3,1,((#6695,#6696),(#6697,#6698),(#6699,
#6700),(#6701,#6702),(#6703,#6704)),.UNSPECIFIED.,.F.,.F.,.F.,(4,1,4),(2,
2),(-0.23282210066728,-0.121294696000988,0.),(0.,0.06),.UNSPECIFIED.);
#67=B_SPLINE_SURFACE_WITH_KNOTS('',3,1,((#6712,#6713),(#6714,#6715),(#6716,
#6717),(#6718,#6719),(#6720,#6721)),.UNSPECIFIED.,.F.,.F.,.F.,(4,1,4),(2,
2),(-0.153083877243655,-0.0707750026357042,0.),(0.,0.06),.UNSPECIFIED.);
#68=B_SPLINE_SURFACE_WITH_KNOTS('',3,1,((#6733,#6734),(#6735,#6736),(#6737,
#6738),(#6739,#6740),(#6741,#6742)),.UNSPECIFIED.,.F.,.F.,.F.,(4,1,4),(2,
2),(-0.104775503734012,-0.0538322768302208,0.),(0.,0.06),.UNSPECIFIED.);
#69=B_SPLINE_SURFACE_WITH_KNOTS('',3,1,((#6750,#6751),(#6752,#6753),(#6754,
#6755),(#6756,#6757),(#6758,#6759)),.UNSPECIFIED.,.F.,.F.,.F.,(4,1,4),(2,
2),(-0.105243178804312,-0.0510394018018778,0.),(0.,0.06),.UNSPECIFIED.);
#70=B_SPLINE_SURFACE_WITH_KNOTS('',3,1,((#6767,#6768),(#6769,#6770),(#6771,
#6772),(#6773,#6774),(#6775,#6776)),.UNSPECIFIED.,.F.,.F.,.F.,(4,1,4),(2,
2),(-0.145691867762931,-0.0739128099050714,0.),(0.,0.06),.UNSPECIFIED.);
#71=B_SPLINE_SURFACE_WITH_KNOTS('',3,1,((#6784,#6785),(#6786,#6787),(#6788,
#6789),(#6790,#6791),(#6792,#6793)),.UNSPECIFIED.,.F.,.F.,.F.,(4,1,4),(2,
2),(-0.195611916426358,-0.0840404940608385,0.),(0.,0.06),.UNSPECIFIED.);
#72=B_SPLINE_SURFACE_WITH_KNOTS('',3,1,((#6801,#6802),(#6803,#6804),(#6805,
#6806),(#6807,#6808),(#6809,#6810)),.UNSPECIFIED.,.F.,.F.,.F.,(4,1,4),(2,
2),(-0.203430236670646,-0.117532577968213,0.),(0.,0.06),.UNSPECIFIED.);
#73=B_SPLINE_SURFACE_WITH_KNOTS('',3,1,((#6818,#6819),(#6820,#6821),(#6822,
#6823),(#6824,#6825),(#6826,#6827)),.UNSPECIFIED.,.F.,.F.,.F.,(4,1,4),(2,
2),(-0.143941787759718,-0.0712687007040039,0.),(0.,0.06),.UNSPECIFIED.);
#74=B_SPLINE_SURFACE_WITH_KNOTS('',3,1,((#6835,#6836),(#6837,#6838),(#6839,
#6840),(#6841,#6842),(#6843,#6844)),.UNSPECIFIED.,.F.,.F.,.F.,(4,1,4),(2,
2),(-0.108168162615952,-0.0546831003237797,0.),(0.,0.06),.UNSPECIFIED.);
#75=B_SPLINE_SURFACE_WITH_KNOTS('',3,1,((#6852,#6853),(#6854,#6855),(#6856,
#6857),(#6858,#6859),(#6860,#6861)),.UNSPECIFIED.,.F.,.F.,.F.,(4,1,4),(2,
2),(-0.132044045996346,-0.0594273864825614,0.),(0.,0.06),.UNSPECIFIED.);
#76=B_SPLINE_SURFACE_WITH_KNOTS('',3,1,((#7143,#7144),(#7145,#7146),(#7147,
#7148),(#7149,#7150),(#7151,#7152)),.UNSPECIFIED.,.F.,.F.,.F.,(4,1,4),(2,
2),(-0.208453479354235,-0.111407233707927,0.),(0.,0.06),.UNSPECIFIED.);
#77=B_SPLINE_SURFACE_WITH_KNOTS('',3,1,((#7169,#7170),(#7171,#7172),(#7173,
#7174),(#7175,#7176),(#7177,#7178)),.UNSPECIFIED.,.F.,.F.,.F.,(4,1,4),(2,
2),(-0.202421683961679,-0.095681144263308,0.),(0.,0.06),.UNSPECIFIED.);
#78=B_SPLINE_SURFACE_WITH_KNOTS('',3,1,((#7192,#7193),(#7194,#7195),(#7196,
#7197),(#7198,#7199),(#7200,#7201)),.UNSPECIFIED.,.F.,.F.,.F.,(4,1,4),(2,
2),(-0.261162265940303,-0.132918050543308,0.),(0.,0.06),.UNSPECIFIED.);
#79=B_SPLINE_SURFACE_WITH_KNOTS('',3,1,((#7215,#7216),(#7217,#7218),(#7219,
#7220),(#7221,#7222),(#7223,#7224)),.UNSPECIFIED.,.F.,.F.,.F.,(4,1,4),(2,
2),(-0.288758713818714,-0.135071283442836,0.),(0.,0.06),.UNSPECIFIED.);
#80=B_SPLINE_SURFACE_WITH_KNOTS('',3,1,((#7238,#7239),(#7240,#7241),(#7242,
#7243),(#7244,#7245),(#7246,#7247)),.UNSPECIFIED.,.F.,.F.,.F.,(4,1,4),(2,
2),(-0.2996822343134,-0.161356943501754,0.),(0.,0.06),.UNSPECIFIED.);
#81=B_SPLINE_SURFACE_WITH_KNOTS('',3,1,((#7261,#7262),(#7263,#7264),(#7265,
#7266),(#7267,#7268),(#7269,#7270)),.UNSPECIFIED.,.F.,.F.,.F.,(4,1,4),(2,
2),(-0.26969143271654,-0.130790282009927,0.),(0.,0.06),.UNSPECIFIED.);
#82=B_SPLINE_SURFACE_WITH_KNOTS('',3,1,((#7284,#7285),(#7286,#7287),(#7288,
#7289),(#7290,#7291),(#7292,#7293)),.UNSPECIFIED.,.F.,.F.,.F.,(4,1,4),(2,
2),(-0.23282210066728,-0.121294696000988,0.),(0.,0.06),.UNSPECIFIED.);
#83=B_SPLINE_SURFACE_WITH_KNOTS('',3,1,((#7307,#7308),(#7309,#7310),(#7311,
#7312),(#7313,#7314),(#7315,#7316)),.UNSPECIFIED.,.F.,.F.,.F.,(4,1,4),(2,
2),(-0.153083877243655,-0.0707750026357042,0.),(0.,0.06),.UNSPECIFIED.);
#84=B_SPLINE_SURFACE_WITH_KNOTS('',3,1,((#7336,#7337),(#7338,#7339),(#7340,
#7341),(#7342,#7343),(#7344,#7345)),.UNSPECIFIED.,.F.,.F.,.F.,(4,1,4),(2,
2),(-0.104775503734012,-0.0538322768302208,0.),(0.,0.06),.UNSPECIFIED.);
#85=B_SPLINE_SURFACE_WITH_KNOTS('',3,1,((#7359,#7360),(#7361,#7362),(#7363,
#7364),(#7365,#7366),(#7367,#7368)),.UNSPECIFIED.,.F.,.F.,.F.,(4,1,4),(2,
2),(-0.105243178804312,-0.0510394018018778,0.),(0.,0.06),.UNSPECIFIED.);
#86=B_SPLINE_SURFACE_WITH_KNOTS('',3,1,((#7382,#7383),(#7384,#7385),(#7386,
#7387),(#7388,#7389),(#7390,#7391)),.UNSPECIFIED.,.F.,.F.,.F.,(4,1,4),(2,
2),(-0.145691867762931,-0.0739128099050714,0.),(0.,0.06),.UNSPECIFIED.);
#87=B_SPLINE_SURFACE_WITH_KNOTS('',3,1,((#7405,#7406),(#7407,#7408),(#7409,
#7410),(#7411,#7412),(#7413,#7414)),.UNSPECIFIED.,.F.,.F.,.F.,(4,1,4),(2,
2),(-0.195611916426358,-0.0840404940608385,0.),(0.,0.06),.UNSPECIFIED.);
#88=B_SPLINE_SURFACE_WITH_KNOTS('',3,1,((#7428,#7429),(#7430,#7431),(#7432,
#7433),(#7434,#7435),(#7436,#7437)),.UNSPECIFIED.,.F.,.F.,.F.,(4,1,4),(2,
2),(-0.203430236670646,-0.117532577968213,0.),(0.,0.06),.UNSPECIFIED.);
#89=B_SPLINE_SURFACE_WITH_KNOTS('',3,1,((#7451,#7452),(#7453,#7454),(#7455,
#7456),(#7457,#7458),(#7459,#7460)),.UNSPECIFIED.,.F.,.F.,.F.,(4,1,4),(2,
2),(-0.143941787759718,-0.0712687007040039,0.),(0.,0.06),.UNSPECIFIED.);
#90=B_SPLINE_SURFACE_WITH_KNOTS('',3,1,((#7474,#7475),(#7476,#7477),(#7478,
#7479),(#7480,#7481),(#7482,#7483)),.UNSPECIFIED.,.F.,.F.,.F.,(4,1,4),(2,
2),(-0.108168162615952,-0.0546831003237797,0.),(0.,0.06),.UNSPECIFIED.);
#91=B_SPLINE_SURFACE_WITH_KNOTS('',3,1,((#7497,#7498),(#7499,#7500),(#7501,
#7502),(#7503,#7504),(#7505,#7506)),.UNSPECIFIED.,.F.,.F.,.F.,(4,1,4),(2,
2),(-0.132044045996346,-0.0594273864825614,0.),(0.,0.06),.UNSPECIFIED.);
#92=B_SPLINE_SURFACE_WITH_KNOTS('',3,1,((#7540,#7541),(#7542,#7543),(#7544,
#7545),(#7546,#7547),(#7548,#7549)),.UNSPECIFIED.,.F.,.F.,.F.,(4,1,4),(2,
2),(-0.154287077002762,-0.0696801272356949,0.),(0.,0.06),.UNSPECIFIED.);
#93=B_SPLINE_SURFACE_WITH_KNOTS('',3,1,((#7563,#7564),(#7565,#7566),(#7567,
#7568),(#7569,#7570),(#7571,#7572)),.UNSPECIFIED.,.F.,.F.,.F.,(4,1,4),(2,
2),(-0.179554904830592,-0.0908130073688295,0.),(0.,0.06),.UNSPECIFIED.);
#94=B_SPLINE_SURFACE_WITH_KNOTS('',3,1,((#7586,#7587),(#7588,#7589),(#7590,
#7591),(#7592,#7593),(#7594,#7595)),.UNSPECIFIED.,.F.,.F.,.F.,(4,1,4),(2,
2),(-0.204286266199798,-0.106377907204039,0.),(0.,0.06),.UNSPECIFIED.);
#95=B_SPLINE_SURFACE_WITH_KNOTS('',3,1,((#7609,#7610),(#7611,#7612),(#7613,
#7614),(#7615,#7616),(#7617,#7618)),.UNSPECIFIED.,.F.,.F.,.F.,(4,1,4),(2,
2),(-0.187501783264847,-0.0934089897896259,0.),(0.,0.06),.UNSPECIFIED.);
#96=B_SPLINE_SURFACE_WITH_KNOTS('',3,1,((#7632,#7633),(#7634,#7635),(#7636,
#7637),(#7638,#7639),(#7640,#7641)),.UNSPECIFIED.,.F.,.F.,.F.,(4,1,4),(2,
2),(-0.197644145357598,-0.0973256237475205,0.),(0.,0.06),.UNSPECIFIED.);
#97=B_SPLINE_SURFACE_WITH_KNOTS('',3,1,((#7655,#7656),(#7657,#7658),(#7659,
#7660),(#7661,#7662),(#7663,#7664)),.UNSPECIFIED.,.F.,.F.,.F.,(4,1,4),(2,
2),(-0.206994525504222,-0.106859455007551,0.),(0.,0.06),.UNSPECIFIED.);
#98=B_SPLINE_SURFACE_WITH_KNOTS('',3,1,((#7678,#7679),(#7680,#7681),(#7682,
#7683),(#7684,#7685),(#7686,#7687)),.UNSPECIFIED.,.F.,.F.,.F.,(4,1,4),(2,
2),(-0.194716232262971,-0.0966303651502849,0.),(0.,0.06),.UNSPECIFIED.);
#99=B_SPLINE_SURFACE_WITH_KNOTS('',3,1,((#7701,#7702),(#7703,#7704),(#7705,
#7706),(#7707,#7708),(#7709,#7710)),.UNSPECIFIED.,.F.,.F.,.F.,(4,1,4),(2,
2),(-0.177331049980536,-0.0822416671756541,0.),(0.,0.06),.UNSPECIFIED.);
#100=B_SPLINE_SURFACE_WITH_KNOTS('',3,1,((#7724,#7725),(#7726,#7727),(#7728,
#7729),(#7730,#7731),(#7732,#7733)),.UNSPECIFIED.,.F.,.F.,.F.,(4,1,4),(2,
2),(-0.219679107561864,-0.120231467028579,0.),(0.,0.06),.UNSPECIFIED.);
#101=B_SPLINE_SURFACE_WITH_KNOTS('',3,1,((#7747,#7748),(#7749,#7750),(#7751,
#7752),(#7753,#7754),(#7755,#7756)),.UNSPECIFIED.,.F.,.F.,.F.,(4,1,4),(2,
2),(-0.186388578513244,-0.0912312093995209,0.),(0.,0.06),.UNSPECIFIED.);
#102=B_SPLINE_SURFACE_WITH_KNOTS('',3,1,((#7776,#7777),(#7778,#7779),(#7780,
#7781),(#7782,#7783),(#7784,#7785)),.UNSPECIFIED.,.F.,.F.,.F.,(4,1,4),(2,
2),(-0.102893522359949,-0.0522721632016639,0.),(0.,0.06),.UNSPECIFIED.);
#103=B_SPLINE_SURFACE_WITH_KNOTS('',3,1,((#7799,#7800),(#7801,#7802),(#7803,
#7804),(#7805,#7806),(#7807,#7808)),.UNSPECIFIED.,.F.,.F.,.F.,(4,1,4),(2,
2),(-0.110679431145997,-0.0525241477805586,0.),(0.,0.06),.UNSPECIFIED.);
#104=B_SPLINE_SURFACE_WITH_KNOTS('',3,1,((#7822,#7823),(#7824,#7825),(#7826,
#7827),(#7828,#7829),(#7830,#7831)),.UNSPECIFIED.,.F.,.F.,.F.,(4,1,4),(2,
2),(-0.166892747803375,-0.0868416386163318,0.),(0.,0.06),.UNSPECIFIED.);
#105=B_SPLINE_SURFACE_WITH_KNOTS('',3,1,((#7845,#7846),(#7847,#7848),(#7849,
#7850),(#7851,#7852),(#7853,#7854)),.UNSPECIFIED.,.F.,.F.,.F.,(4,1,4),(2,
2),(-0.191249849849451,-0.0860632900905392,0.),(0.,0.06),.UNSPECIFIED.);
#106=B_SPLINE_SURFACE_WITH_KNOTS('',3,1,((#7868,#7869),(#7870,#7871),(#7872,
#7873),(#7874,#7875),(#7876,#7877)),.UNSPECIFIED.,.F.,.F.,.F.,(4,1,4),(2,
2),(-0.203861160139876,-0.113063048616908,0.),(0.,0.06),.UNSPECIFIED.);
#107=B_SPLINE_SURFACE_WITH_KNOTS('',3,1,((#7891,#7892),(#7893,#7894),(#7895,
#7896),(#7897,#7898),(#7899,#7900)),.UNSPECIFIED.,.F.,.F.,.F.,(4,1,4),(2,
2),(-0.1665139115447,-0.0814977830813001,0.),(0.,0.06),.UNSPECIFIED.);
#108=B_SPLINE_SURFACE_WITH_KNOTS('',3,1,((#7914,#7915),(#7916,#7917),(#7918,
#7919),(#7920,#7921),(#7922,#7923)),.UNSPECIFIED.,.F.,.F.,.F.,(4,1,4),(2,
2),(-0.0937453691791716,-0.0459555921511445,0.),(0.,0.06),.UNSPECIFIED.);
#109=B_SPLINE_SURFACE_WITH_KNOTS('',3,1,((#7937,#7938),(#7939,#7940),(#7941,
#7942),(#7943,#7944),(#7945,#7946)),.UNSPECIFIED.,.F.,.F.,.F.,(4,1,4),(2,
2),(-0.0902491851154756,-0.0470499230982283,0.),(0.,0.06),.UNSPECIFIED.);
#110=B_SPLINE_SURFACE_WITH_KNOTS('',3,1,((#8036,#8037),(#8038,#8039),(#8040,
#8041),(#8042,#8043),(#8044,#8045)),.UNSPECIFIED.,.F.,.F.,.F.,(4,1,4),(2,
2),(-0.115803082945262,-0.0717609294837226,0.),(0.,0.06),.UNSPECIFIED.);
#111=B_SPLINE_SURFACE_WITH_KNOTS('',3,1,((#8059,#8060),(#8061,#8062),(#8063,
#8064),(#8065,#8066),(#8067,#8068)),.UNSPECIFIED.,.F.,.F.,.F.,(4,1,4),(2,
2),(-0.0582517107698779,-0.0296297217518533,0.),(0.,0.06),.UNSPECIFIED.);
#112=B_SPLINE_SURFACE_WITH_KNOTS('',3,1,((#8082,#8083),(#8084,#8085),(#8086,
#8087),(#8088,#8089),(#8090,#8091)),.UNSPECIFIED.,.F.,.F.,.F.,(4,1,4),(2,
2),(-0.0590468855074333,-0.0288067627780418,0.),(0.,0.06),.UNSPECIFIED.);
#113=B_SPLINE_SURFACE_WITH_KNOTS('',3,1,((#8105,#8106),(#8107,#8108),(#8109,
#8110),(#8111,#8112),(#8113,#8114)),.UNSPECIFIED.,.F.,.F.,.F.,(4,1,4),(2,
2),(-0.0700687502545823,-0.0363141316240519,0.),(0.,0.06),.UNSPECIFIED.);
#114=B_SPLINE_SURFACE_WITH_KNOTS('',3,1,((#8128,#8129),(#8130,#8131),(#8132,
#8133),(#8134,#8135),(#8136,#8137)),.UNSPECIFIED.,.F.,.F.,.F.,(4,1,4),(2,
2),(-0.0675551342342487,-0.0333848044967094,0.),(0.,0.06),.UNSPECIFIED.);
#115=B_SPLINE_SURFACE_WITH_KNOTS('',3,1,((#8151,#8152),(#8153,#8154),(#8155,
#8156),(#8157,#8158),(#8159,#8160)),.UNSPECIFIED.,.F.,.F.,.F.,(4,1,4),(2,
2),(-0.104795560553242,-0.0393406464216633,0.),(0.,0.06),.UNSPECIFIED.);
#116=B_SPLINE_SURFACE_WITH_KNOTS('',3,1,((#8192,#8193),(#8194,#8195),(#8196,
#8197),(#8198,#8199),(#8200,#8201)),.UNSPECIFIED.,.F.,.F.,.F.,(4,1,4),(2,
2),(-0.173428091113908,-0.109555886998576,0.),(0.,0.06),.UNSPECIFIED.);
#117=B_SPLINE_SURFACE_WITH_KNOTS('',3,1,((#8215,#8216),(#8217,#8218),(#8219,
#8220),(#8221,#8222),(#8223,#8224)),.UNSPECIFIED.,.F.,.F.,.F.,(4,1,4),(2,
2),(-0.127138131582043,-0.0623974076188037,0.),(0.,0.06),.UNSPECIFIED.);
#118=B_SPLINE_SURFACE_WITH_KNOTS('',3,1,((#8238,#8239),(#8240,#8241),(#8242,
#8243),(#8244,#8245),(#8246,#8247)),.UNSPECIFIED.,.F.,.F.,.F.,(4,1,4),(2,
2),(-0.14834996098419,-0.0696265297140317,0.),(0.,0.06),.UNSPECIFIED.);
#119=B_SPLINE_SURFACE_WITH_KNOTS('',3,1,((#8261,#8262),(#8263,#8264),(#8265,
#8266),(#8267,#8268),(#8269,#8270)),.UNSPECIFIED.,.F.,.F.,.F.,(4,1,4),(2,
2),(-0.114913609352292,-0.0613190998038587,0.),(0.,0.06),.UNSPECIFIED.);
#120=B_SPLINE_SURFACE_WITH_KNOTS('',3,1,((#8284,#8285),(#8286,#8287),(#8288,
#8289),(#8290,#8291),(#8292,#8293)),.UNSPECIFIED.,.F.,.F.,.F.,(4,1,4),(2,
2),(-0.0943521600174443,-0.0487154106920161,0.),(0.,0.06),.UNSPECIFIED.);
#121=B_SPLINE_SURFACE_WITH_KNOTS('',3,1,((#8307,#8308),(#8309,#8310),(#8311,
#8312),(#8313,#8314),(#8315,#8316)),.UNSPECIFIED.,.F.,.F.,.F.,(4,1,4),(2,
2),(-0.0831614930757539,-0.0430915196760753,0.),(0.,0.06),.UNSPECIFIED.);
#122=B_SPLINE_SURFACE_WITH_KNOTS('',3,1,((#8330,#8331),(#8332,#8333),(#8334,
#8335),(#8336,#8337),(#8338,#8339)),.UNSPECIFIED.,.F.,.F.,.F.,(4,1,4),(2,
2),(-0.151283575491248,-0.064192216853115,0.),(0.,0.06),.UNSPECIFIED.);
#123=FACE_BOUND('',#608,.T.);
#124=FACE_BOUND('',#609,.T.);
#125=FACE_BOUND('',#610,.T.);
#126=FACE_BOUND('',#611,.T.);
#127=FACE_BOUND('',#612,.T.);
#128=FACE_BOUND('',#613,.T.);
#129=FACE_BOUND('',#614,.T.);
#130=FACE_BOUND('',#645,.T.);
#131=FACE_BOUND('',#840,.T.);
#132=FACE_BOUND('',#842,.T.);
#133=B_SPLINE_CURVE_WITH_KNOTS('',3,(#5573,#5574,#5575,#5576,#5577),
 .UNSPECIFIED.,.F.,.F.,(4,1,4),(0.,0.109555886998576,0.173428091113908),
 .UNSPECIFIED.);
#134=B_SPLINE_CURVE_WITH_KNOTS('',3,(#5579,#5580,#5581,#5582,#5583),
 .UNSPECIFIED.,.F.,.F.,(4,1,4),(0.,0.0623974076188037,0.127138131582043),
 .UNSPECIFIED.);
#135=B_SPLINE_CURVE_WITH_KNOTS('',3,(#5585,#5586,#5587,#5588,#5589),
 .UNSPECIFIED.,.F.,.F.,(4,1,4),(0.,0.0696265297140317,0.14834996098419),
 .UNSPECIFIED.);
#136=B_SPLINE_CURVE_WITH_KNOTS('',3,(#5591,#5592,#5593,#5594,#5595),
 .UNSPECIFIED.,.F.,.F.,(4,1,4),(0.,0.0613190998038587,0.114913609352292),
 .UNSPECIFIED.);
#137=B_SPLINE_CURVE_WITH_KNOTS('',3,(#5597,#5598,#5599,#5600,#5601),
 .UNSPECIFIED.,.F.,.F.,(4,1,4),(0.,0.0487154106920161,0.0943521600174443),
 .UNSPECIFIED.);
#138=B_SPLINE_CURVE_WITH_KNOTS('',3,(#5603,#5604,#5605,#5606,#5607),
 .UNSPECIFIED.,.F.,.F.,(4,1,4),(0.,0.0430915196760753,0.0831614930757539),
 .UNSPECIFIED.);
#139=B_SPLINE_CURVE_WITH_KNOTS('',3,(#5609,#5610,#5611,#5612,#5613),
 .UNSPECIFIED.,.F.,.F.,(4,1,4),(0.,0.064192216853115,0.151283575491248),
 .UNSPECIFIED.);
#140=B_SPLINE_CURVE_WITH_KNOTS('',3,(#5643,#5644,#5645,#5646,#5647),
 .UNSPECIFIED.,.F.,.F.,(4,1,4),(0.,0.0696801272356949,0.154287077002762),
 .UNSPECIFIED.);
#141=B_SPLINE_CURVE_WITH_KNOTS('',3,(#5649,#5650,#5651,#5652,#5653),
 .UNSPECIFIED.,.F.,.F.,(4,1,4),(0.,0.0908130073688295,0.179554904830592),
 .UNSPECIFIED.);
#142=B_SPLINE_CURVE_WITH_KNOTS('',3,(#5655,#5656,#5657,#5658,#5659),
 .UNSPECIFIED.,.F.,.F.,(4,1,4),(0.,0.106377907204039,0.204286266199798),
 .UNSPECIFIED.);
#143=B_SPLINE_CURVE_WITH_KNOTS('',3,(#5661,#5662,#5663,#5664,#5665),
 .UNSPECIFIED.,.F.,.F.,(4,1,4),(0.,0.0934089897896259,0.187501783264847),
 .UNSPECIFIED.);
#144=B_SPLINE_CURVE_WITH_KNOTS('',3,(#5667,#5668,#5669,#5670,#5671),
 .UNSPECIFIED.,.F.,.F.,(4,1,4),(0.,0.0973256237475205,0.197644145357598),
 .UNSPECIFIED.);
#145=B_SPLINE_CURVE_WITH_KNOTS('',3,(#5673,#5674,#5675,#5676,#5677),
 .UNSPECIFIED.,.F.,.F.,(4,1,4),(0.,0.106859455007551,0.206994525504222),
 .UNSPECIFIED.);
#146=B_SPLINE_CURVE_WITH_KNOTS('',3,(#5679,#5680,#5681,#5682,#5683),
 .UNSPECIFIED.,.F.,.F.,(4,1,4),(0.,0.0966303651502849,0.194716232262971),
 .UNSPECIFIED.);
#147=B_SPLINE_CURVE_WITH_KNOTS('',3,(#5685,#5686,#5687,#5688,#5689),
 .UNSPECIFIED.,.F.,.F.,(4,1,4),(0.,0.0822416671756541,0.177331049980536),
 .UNSPECIFIED.);
#148=B_SPLINE_CURVE_WITH_KNOTS('',3,(#5691,#5692,#5693,#5694,#5695),
 .UNSPECIFIED.,.F.,.F.,(4,1,4),(0.,0.120231467028579,0.219679107561864),
 .UNSPECIFIED.);
#149=B_SPLINE_CURVE_WITH_KNOTS('',3,(#5697,#5698,#5699,#5700,#5701),
 .UNSPECIFIED.,.F.,.F.,(4,1,4),(0.,0.0912312093995209,0.186388578513244),
 .UNSPECIFIED.);
#150=B_SPLINE_CURVE_WITH_KNOTS('',3,(#5705,#5706,#5707,#5708,#5709),
 .UNSPECIFIED.,.F.,.F.,(4,1,4),(0.,0.0522721632016639,0.102893522359949),
 .UNSPECIFIED.);
#151=B_SPLINE_CURVE_WITH_KNOTS('',3,(#5711,#5712,#5713,#5714,#5715),
 .UNSPECIFIED.,.F.,.F.,(4,1,4),(0.,0.0525241477805586,0.110679431145997),
 .UNSPECIFIED.);
#152=B_SPLINE_CURVE_WITH_KNOTS('',3,(#5717,#5718,#5719,#5720,#5721),
 .UNSPECIFIED.,.F.,.F.,(4,1,4),(0.,0.0868416386163318,0.166892747803375),
 .UNSPECIFIED.);
#153=B_SPLINE_CURVE_WITH_KNOTS('',3,(#5723,#5724,#5725,#5726,#5727),
 .UNSPECIFIED.,.F.,.F.,(4,1,4),(0.,0.0860632900905392,0.191249849849451),
 .UNSPECIFIED.);
#154=B_SPLINE_CURVE_WITH_KNOTS('',3,(#5729,#5730,#5731,#5732,#5733),
 .UNSPECIFIED.,.F.,.F.,(4,1,4),(0.,0.113063048616908,0.203861160139876),
 .UNSPECIFIED.);
#155=B_SPLINE_CURVE_WITH_KNOTS('',3,(#5735,#5736,#5737,#5738,#5739),
 .UNSPECIFIED.,.F.,.F.,(4,1,4),(0.,0.0814977830813001,0.1665139115447),
 .UNSPECIFIED.);
#156=B_SPLINE_CURVE_WITH_KNOTS('',3,(#5741,#5742,#5743,#5744,#5745),
 .UNSPECIFIED.,.F.,.F.,(4,1,4),(0.,0.0459555921511445,0.0937453691791716),
 .UNSPECIFIED.);
#157=B_SPLINE_CURVE_WITH_KNOTS('',3,(#5747,#5748,#5749,#5750,#5751),
 .UNSPECIFIED.,.F.,.F.,(4,1,4),(0.,0.0470499230982283,0.0902491851154756),
 .UNSPECIFIED.);
#158=B_SPLINE_CURVE_WITH_KNOTS('',3,(#5759,#5760,#5761,#5762,#5763),
 .UNSPECIFIED.,.F.,.F.,(4,1,4),(0.,0.111407233707927,0.208453479354235),
 .UNSPECIFIED.);
#159=B_SPLINE_CURVE_WITH_KNOTS('',3,(#5765,#5766,#5767,#5768,#5769),
 .UNSPECIFIED.,.F.,.F.,(4,1,4),(0.,0.095681144263308,0.202421683961679),
 .UNSPECIFIED.);
#160=B_SPLINE_CURVE_WITH_KNOTS('',3,(#5771,#5772,#5773,#5774,#5775),
 .UNSPECIFIED.,.F.,.F.,(4,1,4),(0.,0.132918050543308,0.261162265940303),
 .UNSPECIFIED.);
#161=B_SPLINE_CURVE_WITH_KNOTS('',3,(#5777,#5778,#5779,#5780,#5781),
 .UNSPECIFIED.,.F.,.F.,(4,1,4),(0.,0.135071283442836,0.288758713818714),
 .UNSPECIFIED.);
#162=B_SPLINE_CURVE_WITH_KNOTS('',3,(#5783,#5784,#5785,#5786,#5787),
 .UNSPECIFIED.,.F.,.F.,(4,1,4),(0.,0.161356943501754,0.2996822343134),
 .UNSPECIFIED.);
#163=B_SPLINE_CURVE_WITH_KNOTS('',3,(#5789,#5790,#5791,#5792,#5793),
 .UNSPECIFIED.,.F.,.F.,(4,1,4),(0.,0.130790282009927,0.26969143271654),
 .UNSPECIFIED.);
#164=B_SPLINE_CURVE_WITH_KNOTS('',3,(#5795,#5796,#5797,#5798,#5799),
 .UNSPECIFIED.,.F.,.F.,(4,1,4),(0.,0.121294696000988,0.23282210066728),
 .UNSPECIFIED.);
#165=B_SPLINE_CURVE_WITH_KNOTS('',3,(#5801,#5802,#5803,#5804,#5805),
 .UNSPECIFIED.,.F.,.F.,(4,1,4),(0.,0.0707750026357042,0.153083877243655),
 .UNSPECIFIED.);
#166=B_SPLINE_CURVE_WITH_KNOTS('',3,(#5809,#5810,#5811,#5812,#5813),
 .UNSPECIFIED.,.F.,.F.,(4,1,4),(0.,0.0538322768302208,0.104775503734012),
 .UNSPECIFIED.);
#167=B_SPLINE_CURVE_WITH_KNOTS('',3,(#5815,#5816,#5817,#5818,#5819),
 .UNSPECIFIED.,.F.,.F.,(4,1,4),(0.,0.0510394018018778,0.105243178804312),
 .UNSPECIFIED.);
#168=B_SPLINE_CURVE_WITH_KNOTS('',3,(#5821,#5822,#5823,#5824,#5825),
 .UNSPECIFIED.,.F.,.F.,(4,1,4),(0.,0.0739128099050714,0.145691867762931),
 .UNSPECIFIED.);
#169=B_SPLINE_CURVE_WITH_KNOTS('',3,(#5827,#5828,#5829,#5830,#5831),
 .UNSPECIFIED.,.F.,.F.,(4,1,4),(0.,0.0840404940608385,0.195611916426358),
 .UNSPECIFIED.);
#170=B_SPLINE_CURVE_WITH_KNOTS('',3,(#5833,#5834,#5835,#5836,#5837),
 .UNSPECIFIED.,.F.,.F.,(4,1,4),(0.,0.117532577968213,0.203430236670646),
 .UNSPECIFIED.);
#171=B_SPLINE_CURVE_WITH_KNOTS('',3,(#5839,#5840,#5841,#5842,#5843),
 .UNSPECIFIED.,.F.,.F.,(4,1,4),(0.,0.0712687007040039,0.143941787759718),
 .UNSPECIFIED.);
#172=B_SPLINE_CURVE_WITH_KNOTS('',3,(#5845,#5846,#5847,#5848,#5849),
 .UNSPECIFIED.,.F.,.F.,(4,1,4),(0.,0.0546831003237797,0.108168162615952),
 .UNSPECIFIED.);
#173=B_SPLINE_CURVE_WITH_KNOTS('',3,(#5851,#5852,#5853,#5854,#5855),
 .UNSPECIFIED.,.F.,.F.,(4,1,4),(0.,0.0594273864825614,0.132044045996346),
 .UNSPECIFIED.);
#174=B_SPLINE_CURVE_WITH_KNOTS('',3,(#5951,#5952,#5953,#5954,#5955),
 .UNSPECIFIED.,.F.,.F.,(4,1,4),(0.,0.0717609294837226,0.115803082945262),
 .UNSPECIFIED.);
#175=B_SPLINE_CURVE_WITH_KNOTS('',3,(#5958,#5959,#5960,#5961,#5962),
 .UNSPECIFIED.,.F.,.F.,(4,1,4),(0.,0.0717609294837226,0.115803082945262),
 .UNSPECIFIED.);
#176=B_SPLINE_CURVE_WITH_KNOTS('',3,(#5974,#5975,#5976,#5977,#5978),
 .UNSPECIFIED.,.F.,.F.,(4,1,4),(0.,0.0296297217518533,0.0582517107698779),
 .UNSPECIFIED.);
#177=B_SPLINE_CURVE_WITH_KNOTS('',3,(#5981,#5982,#5983,#5984,#5985),
 .UNSPECIFIED.,.F.,.F.,(4,1,4),(0.,0.0296297217518533,0.0582517107698779),
 .UNSPECIFIED.);
#178=B_SPLINE_CURVE_WITH_KNOTS('',3,(#5997,#5998,#5999,#6000,#6001),
 .UNSPECIFIED.,.F.,.F.,(4,1,4),(0.,0.0288067627780418,0.0590468855074333),
 .UNSPECIFIED.);
#179=B_SPLINE_CURVE_WITH_KNOTS('',3,(#6004,#6005,#6006,#6007,#6008),
 .UNSPECIFIED.,.F.,.F.,(4,1,4),(0.,0.0288067627780418,0.0590468855074333),
 .UNSPECIFIED.);
#180=B_SPLINE_CURVE_WITH_KNOTS('',3,(#6020,#6021,#6022,#6023,#6024),
 .UNSPECIFIED.,.F.,.F.,(4,1,4),(0.,0.0363141316240519,0.0700687502545823),
 .UNSPECIFIED.);
#181=B_SPLINE_CURVE_WITH_KNOTS('',3,(#6027,#6028,#6029,#6030,#6031),
 .UNSPECIFIED.,.F.,.F.,(4,1,4),(0.,0.0363141316240519,0.0700687502545823),
 .UNSPECIFIED.);
#182=B_SPLINE_CURVE_WITH_KNOTS('',3,(#6043,#6044,#6045,#6046,#6047),
 .UNSPECIFIED.,.F.,.F.,(4,1,4),(0.,0.0333848044967094,0.0675551342342487),
 .UNSPECIFIED.);
#183=B_SPLINE_CURVE_WITH_KNOTS('',3,(#6050,#6051,#6052,#6053,#6054),
 .UNSPECIFIED.,.F.,.F.,(4,1,4),(0.,0.0333848044967094,0.0675551342342487),
 .UNSPECIFIED.);
#184=B_SPLINE_CURVE_WITH_KNOTS('',3,(#6066,#6067,#6068,#6069,#6070),
 .UNSPECIFIED.,.F.,.F.,(4,1,4),(0.,0.0393406464216633,0.104795560553242),
 .UNSPECIFIED.);
#185=B_SPLINE_CURVE_WITH_KNOTS('',3,(#6073,#6074,#6075,#6076,#6077),
 .UNSPECIFIED.,.F.,.F.,(4,1,4),(0.,0.0393406464216633,0.104795560553242),
 .UNSPECIFIED.);
#186=B_SPLINE_CURVE_WITH_KNOTS('',3,(#6104,#6105,#6106,#6107,#6108),
 .UNSPECIFIED.,.F.,.F.,(4,1,4),(0.,0.109555886998576,0.173428091113908),
 .UNSPECIFIED.);
#187=B_SPLINE_CURVE_WITH_KNOTS('',3,(#6121,#6122,#6123,#6124,#6125),
 .UNSPECIFIED.,.F.,.F.,(4,1,4),(0.,0.0623974076188037,0.127138131582043),
 .UNSPECIFIED.);
#188=B_SPLINE_CURVE_WITH_KNOTS('',3,(#6138,#6139,#6140,#6141,#6142),
 .UNSPECIFIED.,.F.,.F.,(4,1,4),(0.,0.0696265297140317,0.14834996098419),
 .UNSPECIFIED.);
#189=B_SPLINE_CURVE_WITH_KNOTS('',3,(#6155,#6156,#6157,#6158,#6159),
 .UNSPECIFIED.,.F.,.F.,(4,1,4),(0.,0.0613190998038587,0.114913609352292),
 .UNSPECIFIED.);
#190=B_SPLINE_CURVE_WITH_KNOTS('',3,(#6172,#6173,#6174,#6175,#6176),
 .UNSPECIFIED.,.F.,.F.,(4,1,4),(0.,0.0487154106920161,0.0943521600174443),
 .UNSPECIFIED.);
#191=B_SPLINE_CURVE_WITH_KNOTS('',3,(#6189,#6190,#6191,#6192,#6193),
 .UNSPECIFIED.,.F.,.F.,(4,1,4),(0.,0.0430915196760753,0.0831614930757539),
 .UNSPECIFIED.);
#192=B_SPLINE_CURVE_WITH_KNOTS('',3,(#6206,#6207,#6208,#6209,#6210),
 .UNSPECIFIED.,.F.,.F.,(4,1,4),(0.,0.064192216853115,0.151283575491248),
 .UNSPECIFIED.);
#193=B_SPLINE_CURVE_WITH_KNOTS('',3,(#6281,#6282,#6283,#6284,#6285),
 .UNSPECIFIED.,.F.,.F.,(4,1,4),(0.,0.0696801272356949,0.154287077002762),
 .UNSPECIFIED.);
#194=B_SPLINE_CURVE_WITH_KNOTS('',3,(#6298,#6299,#6300,#6301,#6302),
 .UNSPECIFIED.,.F.,.F.,(4,1,4),(0.,0.0908130073688295,0.179554904830592),
 .UNSPECIFIED.);
#195=B_SPLINE_CURVE_WITH_KNOTS('',3,(#6315,#6316,#6317,#6318,#6319),
 .UNSPECIFIED.,.F.,.F.,(4,1,4),(0.,0.106377907204039,0.204286266199798),
 .UNSPECIFIED.);
#196=B_SPLINE_CURVE_WITH_KNOTS('',3,(#6332,#6333,#6334,#6335,#6336),
 .UNSPECIFIED.,.F.,.F.,(4,1,4),(0.,0.0934089897896259,0.187501783264847),
 .UNSPECIFIED.);
#197=B_SPLINE_CURVE_WITH_KNOTS('',3,(#6349,#6350,#6351,#6352,#6353),
 .UNSPECIFIED.,.F.,.F.,(4,1,4),(0.,0.0973256237475205,0.197644145357598),
 .UNSPECIFIED.);
#198=B_SPLINE_CURVE_WITH_KNOTS('',3,(#6366,#6367,#6368,#6369,#6370),
 .UNSPECIFIED.,.F.,.F.,(4,1,4),(0.,0.106859455007551,0.206994525504222),
 .UNSPECIFIED.);
#199=B_SPLINE_CURVE_WITH_KNOTS('',3,(#6383,#6384,#6385,#6386,#6387),
 .UNSPECIFIED.,.F.,.F.,(4,1,4),(0.,0.0966303651502849,0.194716232262971),
 .UNSPECIFIED.);
#200=B_SPLINE_CURVE_WITH_KNOTS('',3,(#6400,#6401,#6402,#6403,#6404),
 .UNSPECIFIED.,.F.,.F.,(4,1,4),(0.,0.0822416671756541,0.177331049980536),
 .UNSPECIFIED.);
#201=B_SPLINE_CURVE_WITH_KNOTS('',3,(#6417,#6418,#6419,#6420,#6421),
 .UNSPECIFIED.,.F.,.F.,(4,1,4),(0.,0.120231467028579,0.219679107561864),
 .UNSPECIFIED.);
#202=B_SPLINE_CURVE_WITH_KNOTS('',3,(#6434,#6435,#6436,#6437,#6438),
 .UNSPECIFIED.,.F.,.F.,(4,1,4),(0.,0.0912312093995209,0.186388578513244),
 .UNSPECIFIED.);
#203=B_SPLINE_CURVE_WITH_KNOTS('',3,(#6455,#6456,#6457,#6458,#6459),
 .UNSPECIFIED.,.F.,.F.,(4,1,4),(0.,0.0522721632016639,0.102893522359949),
 .UNSPECIFIED.);
#204=B_SPLINE_CURVE_WITH_KNOTS('',3,(#6472,#6473,#6474,#6475,#6476),
 .UNSPECIFIED.,.F.,.F.,(4,1,4),(0.,0.0525241477805586,0.110679431145997),
 .UNSPECIFIED.);
#205=B_SPLINE_CURVE_WITH_KNOTS('',3,(#6489,#6490,#6491,#6492,#6493),
 .UNSPECIFIED.,.F.,.F.,(4,1,4),(0.,0.0868416386163318,0.166892747803375),
 .UNSPECIFIED.);
#206=B_SPLINE_CURVE_WITH_KNOTS('',3,(#6506,#6507,#6508,#6509,#6510),
 .UNSPECIFIED.,.F.,.F.,(4,1,4),(0.,0.0860632900905392,0.191249849849451),
 .UNSPECIFIED.);
#207=B_SPLINE_CURVE_WITH_KNOTS('',3,(#6523,#6524,#6525,#6526,#6527),
 .UNSPECIFIED.,.F.,.F.,(4,1,4),(0.,0.113063048616908,0.203861160139876),
 .UNSPECIFIED.);
#208=B_SPLINE_CURVE_WITH_KNOTS('',3,(#6540,#6541,#6542,#6543,#6544),
 .UNSPECIFIED.,.F.,.F.,(4,1,4),(0.,0.0814977830813001,0.1665139115447),
 .UNSPECIFIED.);
#209=B_SPLINE_CURVE_WITH_KNOTS('',3,(#6557,#6558,#6559,#6560,#6561),
 .UNSPECIFIED.,.F.,.F.,(4,1,4),(0.,0.0459555921511445,0.0937453691791716),
 .UNSPECIFIED.);
#210=B_SPLINE_CURVE_WITH_KNOTS('',3,(#6574,#6575,#6576,#6577,#6578),
 .UNSPECIFIED.,.F.,.F.,(4,1,4),(0.,0.0470499230982283,0.0902491851154756),
 .UNSPECIFIED.);
#211=B_SPLINE_CURVE_WITH_KNOTS('',3,(#6603,#6604,#6605,#6606,#6607),
 .UNSPECIFIED.,.F.,.F.,(4,1,4),(0.,0.111407233707927,0.208453479354235),
 .UNSPECIFIED.);
#212=B_SPLINE_CURVE_WITH_KNOTS('',3,(#6621,#6622,#6623,#6624,#6625),
 .UNSPECIFIED.,.F.,.F.,(4,1,4),(0.,0.095681144263308,0.202421683961679),
 .UNSPECIFIED.);
#213=B_SPLINE_CURVE_WITH_KNOTS('',3,(#6638,#6639,#6640,#6641,#6642),
 .UNSPECIFIED.,.F.,.F.,(4,1,4),(0.,0.132918050543308,0.261162265940303),
 .UNSPECIFIED.);
#214=B_SPLINE_CURVE_WITH_KNOTS('',3,(#6655,#6656,#6657,#6658,#6659),
 .UNSPECIFIED.,.F.,.F.,(4,1,4),(0.,0.135071283442836,0.288758713818714),
 .UNSPECIFIED.);
#215=B_SPLINE_CURVE_WITH_KNOTS('',3,(#6672,#6673,#6674,#6675,#6676),
 .UNSPECIFIED.,.F.,.F.,(4,1,4),(0.,0.161356943501754,0.2996822343134),
 .UNSPECIFIED.);
#216=B_SPLINE_CURVE_WITH_KNOTS('',3,(#6689,#6690,#6691,#6692,#6693),
 .UNSPECIFIED.,.F.,.F.,(4,1,4),(0.,0.130790282009927,0.26969143271654),
 .UNSPECIFIED.);
#217=B_SPLINE_CURVE_WITH_KNOTS('',3,(#6706,#6707,#6708,#6709,#6710),
 .UNSPECIFIED.,.F.,.F.,(4,1,4),(0.,0.121294696000988,0.23282210066728),
 .UNSPECIFIED.);
#218=B_SPLINE_CURVE_WITH_KNOTS('',3,(#6723,#6724,#6725,#6726,#6727),
 .UNSPECIFIED.,.F.,.F.,(4,1,4),(0.,0.0707750026357042,0.153083877243655),
 .UNSPECIFIED.);
#219=B_SPLINE_CURVE_WITH_KNOTS('',3,(#6744,#6745,#6746,#6747,#6748),
 .UNSPECIFIED.,.F.,.F.,(4,1,4),(0.,0.0538322768302208,0.104775503734012),
 .UNSPECIFIED.);
#220=B_SPLINE_CURVE_WITH_KNOTS('',3,(#6761,#6762,#6763,#6764,#6765),
 .UNSPECIFIED.,.F.,.F.,(4,1,4),(0.,0.0510394018018778,0.105243178804312),
 .UNSPECIFIED.);
#221=B_SPLINE_CURVE_WITH_KNOTS('',3,(#6778,#6779,#6780,#6781,#6782),
 .UNSPECIFIED.,.F.,.F.,(4,1,4),(0.,0.0739128099050714,0.145691867762931),
 .UNSPECIFIED.);
#222=B_SPLINE_CURVE_WITH_KNOTS('',3,(#6795,#6796,#6797,#6798,#6799),
 .UNSPECIFIED.,.F.,.F.,(4,1,4),(0.,0.0840404940608385,0.195611916426358),
 .UNSPECIFIED.);
#223=B_SPLINE_CURVE_WITH_KNOTS('',3,(#6812,#6813,#6814,#6815,#6816),
 .UNSPECIFIED.,.F.,.F.,(4,1,4),(0.,0.117532577968213,0.203430236670646),
 .UNSPECIFIED.);
#224=B_SPLINE_CURVE_WITH_KNOTS('',3,(#6829,#6830,#6831,#6832,#6833),
 .UNSPECIFIED.,.F.,.F.,(4,1,4),(0.,0.0712687007040039,0.143941787759718),
 .UNSPECIFIED.);
#225=B_SPLINE_CURVE_WITH_KNOTS('',3,(#6846,#6847,#6848,#6849,#6850),
 .UNSPECIFIED.,.F.,.F.,(4,1,4),(0.,0.0546831003237797,0.108168162615952),
 .UNSPECIFIED.);
#226=B_SPLINE_CURVE_WITH_KNOTS('',3,(#6863,#6864,#6865,#6866,#6867),
 .UNSPECIFIED.,.F.,.F.,(4,1,4),(0.,0.0594273864825614,0.132044045996346),
 .UNSPECIFIED.);
#227=B_SPLINE_CURVE_WITH_KNOTS('',3,(#7155,#7156,#7157,#7158,#7159),
 .UNSPECIFIED.,.F.,.F.,(4,1,4),(0.,0.111407233707927,0.208453479354235),
 .UNSPECIFIED.);
#228=B_SPLINE_CURVE_WITH_KNOTS('',3,(#7163,#7164,#7165,#7166,#7167),
 .UNSPECIFIED.,.F.,.F.,(4,1,4),(-0.208453479354235,-0.111407233707927,0.),
 .UNSPECIFIED.);
#229=B_SPLINE_CURVE_WITH_KNOTS('',3,(#7180,#7181,#7182,#7183,#7184),
 .UNSPECIFIED.,.F.,.F.,(4,1,4),(0.,0.095681144263308,0.202421683961679),
 .UNSPECIFIED.);
#230=B_SPLINE_CURVE_WITH_KNOTS('',3,(#7186,#7187,#7188,#7189,#7190),
 .UNSPECIFIED.,.F.,.F.,(4,1,4),(-0.202421683961679,-0.095681144263308,0.),
 .UNSPECIFIED.);
#231=B_SPLINE_CURVE_WITH_KNOTS('',3,(#7203,#7204,#7205,#7206,#7207),
 .UNSPECIFIED.,.F.,.F.,(4,1,4),(0.,0.132918050543308,0.261162265940303),
 .UNSPECIFIED.);
#232=B_SPLINE_CURVE_WITH_KNOTS('',3,(#7209,#7210,#7211,#7212,#7213),
 .UNSPECIFIED.,.F.,.F.,(4,1,4),(-0.261162265940303,-0.132918050543308,0.),
 .UNSPECIFIED.);
#233=B_SPLINE_CURVE_WITH_KNOTS('',3,(#7226,#7227,#7228,#7229,#7230),
 .UNSPECIFIED.,.F.,.F.,(4,1,4),(0.,0.135071283442836,0.288758713818714),
 .UNSPECIFIED.);
#234=B_SPLINE_CURVE_WITH_KNOTS('',3,(#7232,#7233,#7234,#7235,#7236),
 .UNSPECIFIED.,.F.,.F.,(4,1,4),(-0.288758713818714,-0.135071283442836,0.),
 .UNSPECIFIED.);
#235=B_SPLINE_CURVE_WITH_KNOTS('',3,(#7249,#7250,#7251,#7252,#7253),
 .UNSPECIFIED.,.F.,.F.,(4,1,4),(0.,0.161356943501754,0.2996822343134),
 .UNSPECIFIED.);
#236=B_SPLINE_CURVE_WITH_KNOTS('',3,(#7255,#7256,#7257,#7258,#7259),
 .UNSPECIFIED.,.F.,.F.,(4,1,4),(-0.2996822343134,-0.161356943501754,0.),
 .UNSPECIFIED.);
#237=B_SPLINE_CURVE_WITH_KNOTS('',3,(#7272,#7273,#7274,#7275,#7276),
 .UNSPECIFIED.,.F.,.F.,(4,1,4),(0.,0.130790282009927,0.26969143271654),
 .UNSPECIFIED.);
#238=B_SPLINE_CURVE_WITH_KNOTS('',3,(#7278,#7279,#7280,#7281,#7282),
 .UNSPECIFIED.,.F.,.F.,(4,1,4),(-0.26969143271654,-0.130790282009927,0.),
 .UNSPECIFIED.);
#239=B_SPLINE_CURVE_WITH_KNOTS('',3,(#7295,#7296,#7297,#7298,#7299),
 .UNSPECIFIED.,.F.,.F.,(4,1,4),(0.,0.121294696000988,0.23282210066728),
 .UNSPECIFIED.);
#240=B_SPLINE_CURVE_WITH_KNOTS('',3,(#7301,#7302,#7303,#7304,#7305),
 .UNSPECIFIED.,.F.,.F.,(4,1,4),(-0.23282210066728,-0.121294696000988,0.),
 .UNSPECIFIED.);
#241=B_SPLINE_CURVE_WITH_KNOTS('',3,(#7318,#7319,#7320,#7321,#7322),
 .UNSPECIFIED.,.F.,.F.,(4,1,4),(0.,0.0707750026357042,0.153083877243655),
 .UNSPECIFIED.);
#242=B_SPLINE_CURVE_WITH_KNOTS('',3,(#7324,#7325,#7326,#7327,#7328),
 .UNSPECIFIED.,.F.,.F.,(4,1,4),(-0.153083877243655,-0.0707750026357042,
0.),.UNSPECIFIED.);
#243=B_SPLINE_CURVE_WITH_KNOTS('',3,(#7347,#7348,#7349,#7350,#7351),
 .UNSPECIFIED.,.F.,.F.,(4,1,4),(0.,0.0538322768302208,0.104775503734012),
 .UNSPECIFIED.);
#244=B_SPLINE_CURVE_WITH_KNOTS('',3,(#7353,#7354,#7355,#7356,#7357),
 .UNSPECIFIED.,.F.,.F.,(4,1,4),(-0.104775503734012,-0.0538322768302208,
0.),.UNSPECIFIED.);
#245=B_SPLINE_CURVE_WITH_KNOTS('',3,(#7370,#7371,#7372,#7373,#7374),
 .UNSPECIFIED.,.F.,.F.,(4,1,4),(0.,0.0510394018018778,0.105243178804312),
 .UNSPECIFIED.);
#246=B_SPLINE_CURVE_WITH_KNOTS('',3,(#7376,#7377,#7378,#7379,#7380),
 .UNSPECIFIED.,.F.,.F.,(4,1,4),(-0.105243178804312,-0.0510394018018778,
0.),.UNSPECIFIED.);
#247=B_SPLINE_CURVE_WITH_KNOTS('',3,(#7393,#7394,#7395,#7396,#7397),
 .UNSPECIFIED.,.F.,.F.,(4,1,4),(0.,0.0739128099050714,0.145691867762931),
 .UNSPECIFIED.);
#248=B_SPLINE_CURVE_WITH_KNOTS('',3,(#7399,#7400,#7401,#7402,#7403),
 .UNSPECIFIED.,.F.,.F.,(4,1,4),(-0.145691867762931,-0.0739128099050714,
0.),.UNSPECIFIED.);
#249=B_SPLINE_CURVE_WITH_KNOTS('',3,(#7416,#7417,#7418,#7419,#7420),
 .UNSPECIFIED.,.F.,.F.,(4,1,4),(0.,0.0840404940608385,0.195611916426358),
 .UNSPECIFIED.);
#250=B_SPLINE_CURVE_WITH_KNOTS('',3,(#7422,#7423,#7424,#7425,#7426),
 .UNSPECIFIED.,.F.,.F.,(4,1,4),(-0.195611916426358,-0.0840404940608385,
0.),.UNSPECIFIED.);
#251=B_SPLINE_CURVE_WITH_KNOTS('',3,(#7439,#7440,#7441,#7442,#7443),
 .UNSPECIFIED.,.F.,.F.,(4,1,4),(0.,0.117532577968213,0.203430236670646),
 .UNSPECIFIED.);
#252=B_SPLINE_CURVE_WITH_KNOTS('',3,(#7445,#7446,#7447,#7448,#7449),
 .UNSPECIFIED.,.F.,.F.,(4,1,4),(-0.203430236670646,-0.117532577968213,0.),
 .UNSPECIFIED.);
#253=B_SPLINE_CURVE_WITH_KNOTS('',3,(#7462,#7463,#7464,#7465,#7466),
 .UNSPECIFIED.,.F.,.F.,(4,1,4),(0.,0.0712687007040039,0.143941787759718),
 .UNSPECIFIED.);
#254=B_SPLINE_CURVE_WITH_KNOTS('',3,(#7468,#7469,#7470,#7471,#7472),
 .UNSPECIFIED.,.F.,.F.,(4,1,4),(-0.143941787759718,-0.0712687007040039,
0.),.UNSPECIFIED.);
#255=B_SPLINE_CURVE_WITH_KNOTS('',3,(#7485,#7486,#7487,#7488,#7489),
 .UNSPECIFIED.,.F.,.F.,(4,1,4),(0.,0.0546831003237797,0.108168162615952),
 .UNSPECIFIED.);
#256=B_SPLINE_CURVE_WITH_KNOTS('',3,(#7491,#7492,#7493,#7494,#7495),
 .UNSPECIFIED.,.F.,.F.,(4,1,4),(-0.108168162615952,-0.0546831003237797,
0.),.UNSPECIFIED.);
#257=B_SPLINE_CURVE_WITH_KNOTS('',3,(#7508,#7509,#7510,#7511,#7512),
 .UNSPECIFIED.,.F.,.F.,(4,1,4),(0.,0.0594273864825614,0.132044045996346),
 .UNSPECIFIED.);
#258=B_SPLINE_CURVE_WITH_KNOTS('',3,(#7514,#7515,#7516,#7517,#7518),
 .UNSPECIFIED.,.F.,.F.,(4,1,4),(-0.132044045996346,-0.0594273864825614,
0.),.UNSPECIFIED.);
#259=B_SPLINE_CURVE_WITH_KNOTS('',3,(#7551,#7552,#7553,#7554,#7555),
 .UNSPECIFIED.,.F.,.F.,(4,1,4),(0.,0.0696801272356949,0.154287077002762),
 .UNSPECIFIED.);
#260=B_SPLINE_CURVE_WITH_KNOTS('',3,(#7557,#7558,#7559,#7560,#7561),
 .UNSPECIFIED.,.F.,.F.,(4,1,4),(-0.154287077002762,-0.0696801272356949,
0.),.UNSPECIFIED.);
#261=B_SPLINE_CURVE_WITH_KNOTS('',3,(#7574,#7575,#7576,#7577,#7578),
 .UNSPECIFIED.,.F.,.F.,(4,1,4),(0.,0.0908130073688295,0.179554904830592),
 .UNSPECIFIED.);
#262=B_SPLINE_CURVE_WITH_KNOTS('',3,(#7580,#7581,#7582,#7583,#7584),
 .UNSPECIFIED.,.F.,.F.,(4,1,4),(-0.179554904830592,-0.0908130073688295,
0.),.UNSPECIFIED.);
#263=B_SPLINE_CURVE_WITH_KNOTS('',3,(#7597,#7598,#7599,#7600,#7601),
 .UNSPECIFIED.,.F.,.F.,(4,1,4),(0.,0.106377907204039,0.204286266199798),
 .UNSPECIFIED.);
#264=B_SPLINE_CURVE_WITH_KNOTS('',3,(#7603,#7604,#7605,#7606,#7607),
 .UNSPECIFIED.,.F.,.F.,(4,1,4),(-0.204286266199798,-0.106377907204039,0.),
 .UNSPECIFIED.);
#265=B_SPLINE_CURVE_WITH_KNOTS('',3,(#7620,#7621,#7622,#7623,#7624),
 .UNSPECIFIED.,.F.,.F.,(4,1,4),(0.,0.0934089897896259,0.187501783264847),
 .UNSPECIFIED.);
#266=B_SPLINE_CURVE_WITH_KNOTS('',3,(#7626,#7627,#7628,#7629,#7630),
 .UNSPECIFIED.,.F.,.F.,(4,1,4),(-0.187501783264847,-0.0934089897896259,
0.),.UNSPECIFIED.);
#267=B_SPLINE_CURVE_WITH_KNOTS('',3,(#7643,#7644,#7645,#7646,#7647),
 .UNSPECIFIED.,.F.,.F.,(4,1,4),(0.,0.0973256237475205,0.197644145357598),
 .UNSPECIFIED.);
#268=B_SPLINE_CURVE_WITH_KNOTS('',3,(#7649,#7650,#7651,#7652,#7653),
 .UNSPECIFIED.,.F.,.F.,(4,1,4),(-0.197644145357598,-0.0973256237475205,
0.),.UNSPECIFIED.);
#269=B_SPLINE_CURVE_WITH_KNOTS('',3,(#7666,#7667,#7668,#7669,#7670),
 .UNSPECIFIED.,.F.,.F.,(4,1,4),(0.,0.106859455007551,0.206994525504222),
 .UNSPECIFIED.);
#270=B_SPLINE_CURVE_WITH_KNOTS('',3,(#7672,#7673,#7674,#7675,#7676),
 .UNSPECIFIED.,.F.,.F.,(4,1,4),(-0.206994525504222,-0.106859455007551,0.),
 .UNSPECIFIED.);
#271=B_SPLINE_CURVE_WITH_KNOTS('',3,(#7689,#7690,#7691,#7692,#7693),
 .UNSPECIFIED.,.F.,.F.,(4,1,4),(0.,0.0966303651502849,0.194716232262971),
 .UNSPECIFIED.);
#272=B_SPLINE_CURVE_WITH_KNOTS('',3,(#7695,#7696,#7697,#7698,#7699),
 .UNSPECIFIED.,.F.,.F.,(4,1,4),(-0.194716232262971,-0.0966303651502849,
0.),.UNSPECIFIED.);
#273=B_SPLINE_CURVE_WITH_KNOTS('',3,(#7712,#7713,#7714,#7715,#7716),
 .UNSPECIFIED.,.F.,.F.,(4,1,4),(0.,0.0822416671756541,0.177331049980536),
 .UNSPECIFIED.);
#274=B_SPLINE_CURVE_WITH_KNOTS('',3,(#7718,#7719,#7720,#7721,#7722),
 .UNSPECIFIED.,.F.,.F.,(4,1,4),(-0.177331049980536,-0.0822416671756541,
0.),.UNSPECIFIED.);
#275=B_SPLINE_CURVE_WITH_KNOTS('',3,(#7735,#7736,#7737,#7738,#7739),
 .UNSPECIFIED.,.F.,.F.,(4,1,4),(0.,0.120231467028579,0.219679107561864),
 .UNSPECIFIED.);
#276=B_SPLINE_CURVE_WITH_KNOTS('',3,(#7741,#7742,#7743,#7744,#7745),
 .UNSPECIFIED.,.F.,.F.,(4,1,4),(-0.219679107561864,-0.120231467028579,0.),
 .UNSPECIFIED.);
#277=B_SPLINE_CURVE_WITH_KNOTS('',3,(#7758,#7759,#7760,#7761,#7762),
 .UNSPECIFIED.,.F.,.F.,(4,1,4),(0.,0.0912312093995209,0.186388578513244),
 .UNSPECIFIED.);
#278=B_SPLINE_CURVE_WITH_KNOTS('',3,(#7764,#7765,#7766,#7767,#7768),
 .UNSPECIFIED.,.F.,.F.,(4,1,4),(-0.186388578513244,-0.0912312093995209,
0.),.UNSPECIFIED.);
#279=B_SPLINE_CURVE_WITH_KNOTS('',3,(#7787,#7788,#7789,#7790,#7791),
 .UNSPECIFIED.,.F.,.F.,(4,1,4),(0.,0.0522721632016639,0.102893522359949),
 .UNSPECIFIED.);
#280=B_SPLINE_CURVE_WITH_KNOTS('',3,(#7793,#7794,#7795,#7796,#7797),
 .UNSPECIFIED.,.F.,.F.,(4,1,4),(-0.102893522359949,-0.0522721632016639,
0.),.UNSPECIFIED.);
#281=B_SPLINE_CURVE_WITH_KNOTS('',3,(#7810,#7811,#7812,#7813,#7814),
 .UNSPECIFIED.,.F.,.F.,(4,1,4),(0.,0.0525241477805586,0.110679431145997),
 .UNSPECIFIED.);
#282=B_SPLINE_CURVE_WITH_KNOTS('',3,(#7816,#7817,#7818,#7819,#7820),
 .UNSPECIFIED.,.F.,.F.,(4,1,4),(-0.110679431145997,-0.0525241477805586,
0.),.UNSPECIFIED.);
#283=B_SPLINE_CURVE_WITH_KNOTS('',3,(#7833,#7834,#7835,#7836,#7837),
 .UNSPECIFIED.,.F.,.F.,(4,1,4),(0.,0.0868416386163318,0.166892747803375),
 .UNSPECIFIED.);
#284=B_SPLINE_CURVE_WITH_KNOTS('',3,(#7839,#7840,#7841,#7842,#7843),
 .UNSPECIFIED.,.F.,.F.,(4,1,4),(-0.166892747803375,-0.0868416386163318,
0.),.UNSPECIFIED.);
#285=B_SPLINE_CURVE_WITH_KNOTS('',3,(#7856,#7857,#7858,#7859,#7860),
 .UNSPECIFIED.,.F.,.F.,(4,1,4),(0.,0.0860632900905392,0.191249849849451),
 .UNSPECIFIED.);
#286=B_SPLINE_CURVE_WITH_KNOTS('',3,(#7862,#7863,#7864,#7865,#7866),
 .UNSPECIFIED.,.F.,.F.,(4,1,4),(-0.191249849849451,-0.0860632900905392,
0.),.UNSPECIFIED.);
#287=B_SPLINE_CURVE_WITH_KNOTS('',3,(#7879,#7880,#7881,#7882,#7883),
 .UNSPECIFIED.,.F.,.F.,(4,1,4),(0.,0.113063048616908,0.203861160139876),
 .UNSPECIFIED.);
#288=B_SPLINE_CURVE_WITH_KNOTS('',3,(#7885,#7886,#7887,#7888,#7889),
 .UNSPECIFIED.,.F.,.F.,(4,1,4),(-0.203861160139876,-0.113063048616908,0.),
 .UNSPECIFIED.);
#289=B_SPLINE_CURVE_WITH_KNOTS('',3,(#7902,#7903,#7904,#7905,#7906),
 .UNSPECIFIED.,.F.,.F.,(4,1,4),(0.,0.0814977830813001,0.1665139115447),
 .UNSPECIFIED.);
#290=B_SPLINE_CURVE_WITH_KNOTS('',3,(#7908,#7909,#7910,#7911,#7912),
 .UNSPECIFIED.,.F.,.F.,(4,1,4),(-0.1665139115447,-0.0814977830813001,0.),
 .UNSPECIFIED.);
#291=B_SPLINE_CURVE_WITH_KNOTS('',3,(#7925,#7926,#7927,#7928,#7929),
 .UNSPECIFIED.,.F.,.F.,(4,1,4),(0.,0.0459555921511445,0.0937453691791716),
 .UNSPECIFIED.);
#292=B_SPLINE_CURVE_WITH_KNOTS('',3,(#7931,#7932,#7933,#7934,#7935),
 .UNSPECIFIED.,.F.,.F.,(4,1,4),(-0.0937453691791716,-0.0459555921511445,
0.),.UNSPECIFIED.);
#293=B_SPLINE_CURVE_WITH_KNOTS('',3,(#7948,#7949,#7950,#7951,#7952),
 .UNSPECIFIED.,.F.,.F.,(4,1,4),(0.,0.0470499230982283,0.0902491851154756),
 .UNSPECIFIED.);
#294=B_SPLINE_CURVE_WITH_KNOTS('',3,(#7954,#7955,#7956,#7957,#7958),
 .UNSPECIFIED.,.F.,.F.,(4,1,4),(-0.0902491851154756,-0.0470499230982283,
0.),.UNSPECIFIED.);
#295=B_SPLINE_CURVE_WITH_KNOTS('',3,(#8047,#8048,#8049,#8050,#8051),
 .UNSPECIFIED.,.F.,.F.,(4,1,4),(0.,0.0717609294837226,0.115803082945262),
 .UNSPECIFIED.);
#296=B_SPLINE_CURVE_WITH_KNOTS('',3,(#8053,#8054,#8055,#8056,#8057),
 .UNSPECIFIED.,.F.,.F.,(4,1,4),(-0.115803082945262,-0.0717609294837226,
0.),.UNSPECIFIED.);
#297=B_SPLINE_CURVE_WITH_KNOTS('',3,(#8070,#8071,#8072,#8073,#8074),
 .UNSPECIFIED.,.F.,.F.,(4,1,4),(0.,0.0296297217518533,0.0582517107698779),
 .UNSPECIFIED.);
#298=B_SPLINE_CURVE_WITH_KNOTS('',3,(#8076,#8077,#8078,#8079,#8080),
 .UNSPECIFIED.,.F.,.F.,(4,1,4),(-0.0582517107698779,-0.0296297217518533,
0.),.UNSPECIFIED.);
#299=B_SPLINE_CURVE_WITH_KNOTS('',3,(#8093,#8094,#8095,#8096,#8097),
 .UNSPECIFIED.,.F.,.F.,(4,1,4),(0.,0.0288067627780418,0.0590468855074333),
 .UNSPECIFIED.);
#300=B_SPLINE_CURVE_WITH_KNOTS('',3,(#8099,#8100,#8101,#8102,#8103),
 .UNSPECIFIED.,.F.,.F.,(4,1,4),(-0.0590468855074333,-0.0288067627780418,
0.),.UNSPECIFIED.);
#301=B_SPLINE_CURVE_WITH_KNOTS('',3,(#8116,#8117,#8118,#8119,#8120),
 .UNSPECIFIED.,.F.,.F.,(4,1,4),(0.,0.0363141316240519,0.0700687502545823),
 .UNSPECIFIED.);
#302=B_SPLINE_CURVE_WITH_KNOTS('',3,(#8122,#8123,#8124,#8125,#8126),
 .UNSPECIFIED.,.F.,.F.,(4,1,4),(-0.0700687502545823,-0.0363141316240519,
0.),.UNSPECIFIED.);
#303=B_SPLINE_CURVE_WITH_KNOTS('',3,(#8139,#8140,#8141,#8142,#8143),
 .UNSPECIFIED.,.F.,.F.,(4,1,4),(0.,0.0333848044967094,0.0675551342342487),
 .UNSPECIFIED.);
#304=B_SPLINE_CURVE_WITH_KNOTS('',3,(#8145,#8146,#8147,#8148,#8149),
 .UNSPECIFIED.,.F.,.F.,(4,1,4),(-0.0675551342342487,-0.0333848044967094,
0.),.UNSPECIFIED.);
#305=B_SPLINE_CURVE_WITH_KNOTS('',3,(#8162,#8163,#8164,#8165,#8166),
 .UNSPECIFIED.,.F.,.F.,(4,1,4),(0.,0.0393406464216633,0.104795560553242),
 .UNSPECIFIED.);
#306=B_SPLINE_CURVE_WITH_KNOTS('',3,(#8168,#8169,#8170,#8171,#8172),
 .UNSPECIFIED.,.F.,.F.,(4,1,4),(-0.104795560553242,-0.0393406464216633,
0.),.UNSPECIFIED.);
#307=B_SPLINE_CURVE_WITH_KNOTS('',3,(#8203,#8204,#8205,#8206,#8207),
 .UNSPECIFIED.,.F.,.F.,(4,1,4),(0.,0.109555886998576,0.173428091113908),
 .UNSPECIFIED.);
#308=B_SPLINE_CURVE_WITH_KNOTS('',3,(#8209,#8210,#8211,#8212,#8213),
 .UNSPECIFIED.,.F.,.F.,(4,1,4),(-0.173428091113908,-0.109555886998576,0.),
 .UNSPECIFIED.);
#309=B_SPLINE_CURVE_WITH_KNOTS('',3,(#8226,#8227,#8228,#8229,#8230),
 .UNSPECIFIED.,.F.,.F.,(4,1,4),(0.,0.0623974076188037,0.127138131582043),
 .UNSPECIFIED.);
#310=B_SPLINE_CURVE_WITH_KNOTS('',3,(#8232,#8233,#8234,#8235,#8236),
 .UNSPECIFIED.,.F.,.F.,(4,1,4),(-0.127138131582043,-0.0623974076188037,
0.),.UNSPECIFIED.);
#311=B_SPLINE_CURVE_WITH_KNOTS('',3,(#8249,#8250,#8251,#8252,#8253),
 .UNSPECIFIED.,.F.,.F.,(4,1,4),(0.,0.0696265297140317,0.14834996098419),
 .UNSPECIFIED.);
#312=B_SPLINE_CURVE_WITH_KNOTS('',3,(#8255,#8256,#8257,#8258,#8259),
 .UNSPECIFIED.,.F.,.F.,(4,1,4),(-0.14834996098419,-0.0696265297140317,0.),
 .UNSPECIFIED.);
#313=B_SPLINE_CURVE_WITH_KNOTS('',3,(#8272,#8273,#8274,#8275,#8276),
 .UNSPECIFIED.,.F.,.F.,(4,1,4),(0.,0.0613190998038587,0.114913609352292),
 .UNSPECIFIED.);
#314=B_SPLINE_CURVE_WITH_KNOTS('',3,(#8278,#8279,#8280,#8281,#8282),
 .UNSPECIFIED.,.F.,.F.,(4,1,4),(-0.114913609352292,-0.0613190998038587,
0.),.UNSPECIFIED.);
#315=B_SPLINE_CURVE_WITH_KNOTS('',3,(#8295,#8296,#8297,#8298,#8299),
 .UNSPECIFIED.,.F.,.F.,(4,1,4),(0.,0.0487154106920161,0.0943521600174443),
 .UNSPECIFIED.);
#316=B_SPLINE_CURVE_WITH_KNOTS('',3,(#8301,#8302,#8303,#8304,#8305),
 .UNSPECIFIED.,.F.,.F.,(4,1,4),(-0.0943521600174443,-0.0487154106920161,
0.),.UNSPECIFIED.);
#317=B_SPLINE_CURVE_WITH_KNOTS('',3,(#8318,#8319,#8320,#8321,#8322),
 .UNSPECIFIED.,.F.,.F.,(4,1,4),(0.,0.0430915196760753,0.0831614930757539),
 .UNSPECIFIED.);
#318=B_SPLINE_CURVE_WITH_KNOTS('',3,(#8324,#8325,#8326,#8327,#8328),
 .UNSPECIFIED.,.F.,.F.,(4,1,4),(-0.0831614930757539,-0.0430915196760753,
0.),.UNSPECIFIED.);
#319=B_SPLINE_CURVE_WITH_KNOTS('',3,(#8341,#8342,#8343,#8344,#8345),
 .UNSPECIFIED.,.F.,.F.,(4,1,4),(0.,0.064192216853115,0.151283575491248),
 .UNSPECIFIED.);
#320=B_SPLINE_CURVE_WITH_KNOTS('',3,(#8347,#8348,#8349,#8350,#8351),
 .UNSPECIFIED.,.F.,.F.,(4,1,4),(-0.151283575491248,-0.064192216853115,0.),
 .UNSPECIFIED.);
#321=CYLINDRICAL_SURFACE('',#4530,2.);
#322=CYLINDRICAL_SURFACE('',#4533,2.);
#323=CYLINDRICAL_SURFACE('',#4536,2.);
#324=CYLINDRICAL_SURFACE('',#4539,2.);
#325=CYLINDRICAL_SURFACE('',#4545,1.6);
#326=CYLINDRICAL_SURFACE('',#4550,1.6);
#327=CIRCLE('',#4515,2.);
#328=CIRCLE('',#4516,1.39999999999999);
#329=CIRCLE('',#4519,2.);
#330=CIRCLE('',#4520,1.39999999999999);
#331=CIRCLE('',#4523,2.);
#332=CIRCLE('',#4524,1.39999999999999);
#333=CIRCLE('',#4527,2.);
#334=CIRCLE('',#4528,1.39999999999999);
#335=CIRCLE('',#4531,2.);
#336=CIRCLE('',#4534,2.);
#337=CIRCLE('',#4537,2.);
#338=CIRCLE('',#4540,2.);
#339=CIRCLE('',#4543,1.6);
#340=CIRCLE('',#4544,1.6);
#341=CIRCLE('',#4546,1.6);
#342=CIRCLE('',#4551,1.6);
#343=CONICAL_SURFACE('',#4514,1.7,0.785398163397454);
#344=CONICAL_SURFACE('',#4518,1.7,0.785398163397454);
#345=CONICAL_SURFACE('',#4522,1.7,0.785398163397454);
#346=CONICAL_SURFACE('',#4526,1.7,0.785398163397454);
#347=FACE_OUTER_BOUND('',#590,.T.);
#348=FACE_OUTER_BOUND('',#591,.T.);
#349=FACE_OUTER_BOUND('',#592,.T.);
#350=FACE_OUTER_BOUND('',#593,.T.);
#351=FACE_OUTER_BOUND('',#594,.T.);
#352=FACE_OUTER_BOUND('',#595,.T.);
#353=FACE_OUTER_BOUND('',#596,.T.);
#354=FACE_OUTER_BOUND('',#597,.T.);
#355=FACE_OUTER_BOUND('',#598,.T.);
#356=FACE_OUTER_BOUND('',#599,.T.);
#357=FACE_OUTER_BOUND('',#600,.T.);
#358=FACE_OUTER_BOUND('',#601,.T.);
#359=FACE_OUTER_BOUND('',#602,.T.);
#360=FACE_OUTER_BOUND('',#603,.T.);
#361=FACE_OUTER_BOUND('',#604,.T.);
#362=FACE_OUTER_BOUND('',#605,.T.);
#363=FACE_OUTER_BOUND('',#606,.T.);
#364=FACE_OUTER_BOUND('',#607,.T.);
#365=FACE_OUTER_BOUND('',#615,.T.);
#366=FACE_OUTER_BOUND('',#616,.T.);
#367=FACE_OUTER_BOUND('',#617,.T.);
#368=FACE_OUTER_BOUND('',#618,.T.);
#369=FACE_OUTER_BOUND('',#619,.T.);
#370=FACE_OUTER_BOUND('',#620,.T.);
#371=FACE_OUTER_BOUND('',#621,.T.);
#372=FACE_OUTER_BOUND('',#622,.T.);
#373=FACE_OUTER_BOUND('',#623,.T.);
#374=FACE_OUTER_BOUND('',#624,.T.);
#375=FACE_OUTER_BOUND('',#625,.T.);
#376=FACE_OUTER_BOUND('',#626,.T.);
#377=FACE_OUTER_BOUND('',#627,.T.);
#378=FACE_OUTER_BOUND('',#628,.T.);
#379=FACE_OUTER_BOUND('',#629,.T.);
#380=FACE_OUTER_BOUND('',#630,.T.);
#381=FACE_OUTER_BOUND('',#631,.T.);
#382=FACE_OUTER_BOUND('',#632,.T.);
#383=FACE_OUTER_BOUND('',#633,.T.);
#384=FACE_OUTER_BOUND('',#634,.T.);
#385=FACE_OUTER_BOUND('',#635,.T.);
#386=FACE_OUTER_BOUND('',#636,.T.);
#387=FACE_OUTER_BOUND('',#637,.T.);
#388=FACE_OUTER_BOUND('',#638,.T.);
#389=FACE_OUTER_BOUND('',#639,.T.);
#390=FACE_OUTER_BOUND('',#640,.T.);
#391=FACE_OUTER_BOUND('',#641,.T.);
#392=FACE_OUTER_BOUND('',#642,.T.);
#393=FACE_OUTER_BOUND('',#643,.T.);
#394=FACE_OUTER_BOUND('',#644,.T.);
#395=FACE_OUTER_BOUND('',#646,.T.);
#396=FACE_OUTER_BOUND('',#647,.T.);
#397=FACE_OUTER_BOUND('',#648,.T.);
#398=FACE_OUTER_BOUND('',#649,.T.);
#399=FACE_OUTER_BOUND('',#650,.T.);
#400=FACE_OUTER_BOUND('',#651,.T.);
#401=FACE_OUTER_BOUND('',#652,.T.);
#402=FACE_OUTER_BOUND('',#653,.T.);
#403=FACE_OUTER_BOUND('',#654,.T.);
#404=FACE_OUTER_BOUND('',#655,.T.);
#405=FACE_OUTER_BOUND('',#656,.T.);
#406=FACE_OUTER_BOUND('',#657,.T.);
#407=FACE_OUTER_BOUND('',#658,.T.);
#408=FACE_OUTER_BOUND('',#659,.T.);
#409=FACE_OUTER_BOUND('',#660,.T.);
#410=FACE_OUTER_BOUND('',#661,.T.);
#411=FACE_OUTER_BOUND('',#662,.T.);
#412=FACE_OUTER_BOUND('',#663,.T.);
#413=FACE_OUTER_BOUND('',#664,.T.);
#414=FACE_OUTER_BOUND('',#665,.T.);
#415=FACE_OUTER_BOUND('',#666,.T.);
#416=FACE_OUTER_BOUND('',#667,.T.);
#417=FACE_OUTER_BOUND('',#668,.T.);
#418=FACE_OUTER_BOUND('',#669,.T.);
#419=FACE_OUTER_BOUND('',#670,.T.);
#420=FACE_OUTER_BOUND('',#671,.T.);
#421=FACE_OUTER_BOUND('',#672,.T.);
#422=FACE_OUTER_BOUND('',#673,.T.);
#423=FACE_OUTER_BOUND('',#674,.T.);
#424=FACE_OUTER_BOUND('',#675,.T.);
#425=FACE_OUTER_BOUND('',#676,.T.);
#426=FACE_OUTER_BOUND('',#677,.T.);
#427=FACE_OUTER_BOUND('',#678,.T.);
#428=FACE_OUTER_BOUND('',#679,.T.);
#429=FACE_OUTER_BOUND('',#680,.T.);
#430=FACE_OUTER_BOUND('',#681,.T.);
#431=FACE_OUTER_BOUND('',#682,.T.);
#432=FACE_OUTER_BOUND('',#683,.T.);
#433=FACE_OUTER_BOUND('',#684,.T.);
#434=FACE_OUTER_BOUND('',#685,.T.);
#435=FACE_OUTER_BOUND('',#686,.T.);
#436=FACE_OUTER_BOUND('',#687,.T.);
#437=FACE_OUTER_BOUND('',#688,.T.);
#438=FACE_OUTER_BOUND('',#689,.T.);
#439=FACE_OUTER_BOUND('',#690,.T.);
#440=FACE_OUTER_BOUND('',#691,.T.);
#441=FACE_OUTER_BOUND('',#692,.T.);
#442=FACE_OUTER_BOUND('',#693,.T.);
#443=FACE_OUTER_BOUND('',#694,.T.);
#444=FACE_OUTER_BOUND('',#695,.T.);
#445=FACE_OUTER_BOUND('',#696,.T.);
#446=FACE_OUTER_BOUND('',#697,.T.);
#447=FACE_OUTER_BOUND('',#698,.T.);
#448=FACE_OUTER_BOUND('',#699,.T.);
#449=FACE_OUTER_BOUND('',#700,.T.);
#450=FACE_OUTER_BOUND('',#701,.T.);
#451=FACE_OUTER_BOUND('',#702,.T.);
#452=FACE_OUTER_BOUND('',#703,.T.);
#453=FACE_OUTER_BOUND('',#704,.T.);
#454=FACE_OUTER_BOUND('',#705,.T.);
#455=FACE_OUTER_BOUND('',#706,.T.);
#456=FACE_OUTER_BOUND('',#707,.T.);
#457=FACE_OUTER_BOUND('',#708,.T.);
#458=FACE_OUTER_BOUND('',#709,.T.);
#459=FACE_OUTER_BOUND('',#710,.T.);
#460=FACE_OUTER_BOUND('',#711,.T.);
#461=FACE_OUTER_BOUND('',#712,.T.);
#462=FACE_OUTER_BOUND('',#713,.T.);
#463=FACE_OUTER_BOUND('',#714,.T.);
#464=FACE_OUTER_BOUND('',#715,.T.);
#465=FACE_OUTER_BOUND('',#716,.T.);
#466=FACE_OUTER_BOUND('',#717,.T.);
#467=FACE_OUTER_BOUND('',#718,.T.);
#468=FACE_OUTER_BOUND('',#719,.T.);
#469=FACE_OUTER_BOUND('',#720,.T.);
#470=FACE_OUTER_BOUND('',#721,.T.);
#471=FACE_OUTER_BOUND('',#722,.T.);
#472=FACE_OUTER_BOUND('',#723,.T.);
#473=FACE_OUTER_BOUND('',#724,.T.);
#474=FACE_OUTER_BOUND('',#725,.T.);
#475=FACE_OUTER_BOUND('',#726,.T.);
#476=FACE_OUTER_BOUND('',#727,.T.);
#477=FACE_OUTER_BOUND('',#728,.T.);
#478=FACE_OUTER_BOUND('',#729,.T.);
#479=FACE_OUTER_BOUND('',#730,.T.);
#480=FACE_OUTER_BOUND('',#731,.T.);
#481=FACE_OUTER_BOUND('',#732,.T.);
#482=FACE_OUTER_BOUND('',#733,.T.);
#483=FACE_OUTER_BOUND('',#734,.T.);
#484=FACE_OUTER_BOUND('',#735,.T.);
#485=FACE_OUTER_BOUND('',#736,.T.);
#486=FACE_OUTER_BOUND('',#737,.T.);
#487=FACE_OUTER_BOUND('',#738,.T.);
#488=FACE_OUTER_BOUND('',#739,.T.);
#489=FACE_OUTER_BOUND('',#740,.T.);
#490=FACE_OUTER_BOUND('',#741,.T.);
#491=FACE_OUTER_BOUND('',#742,.T.);
#492=FACE_OUTER_BOUND('',#743,.T.);
#493=FACE_OUTER_BOUND('',#744,.T.);
#494=FACE_OUTER_BOUND('',#745,.T.);
#495=FACE_OUTER_BOUND('',#746,.T.);
#496=FACE_OUTER_BOUND('',#747,.T.);
#497=FACE_OUTER_BOUND('',#748,.T.);
#498=FACE_OUTER_BOUND('',#749,.T.);
#499=FACE_OUTER_BOUND('',#750,.T.);
#500=FACE_OUTER_BOUND('',#751,.T.);
#501=FACE_OUTER_BOUND('',#752,.T.);
#502=FACE_OUTER_BOUND('',#753,.T.);
#503=FACE_OUTER_BOUND('',#754,.T.);
#504=FACE_OUTER_BOUND('',#755,.T.);
#505=FACE_OUTER_BOUND('',#756,.T.);
#506=FACE_OUTER_BOUND('',#757,.T.);
#507=FACE_OUTER_BOUND('',#758,.T.);
#508=FACE_OUTER_BOUND('',#759,.T.);
#509=FACE_OUTER_BOUND('',#760,.T.);
#510=FACE_OUTER_BOUND('',#761,.T.);
#511=FACE_OUTER_BOUND('',#762,.T.);
#512=FACE_OUTER_BOUND('',#763,.T.);
#513=FACE_OUTER_BOUND('',#764,.T.);
#514=FACE_OUTER_BOUND('',#765,.T.);
#515=FACE_OUTER_BOUND('',#766,.T.);
#516=FACE_OUTER_BOUND('',#767,.T.);
#517=FACE_OUTER_BOUND('',#768,.T.);
#518=FACE_OUTER_BOUND('',#769,.T.);
#519=FACE_OUTER_BOUND('',#770,.T.);
#520=FACE_OUTER_BOUND('',#771,.T.);
#521=FACE_OUTER_BOUND('',#772,.T.);
#522=FACE_OUTER_BOUND('',#773,.T.);
#523=FACE_OUTER_BOUND('',#774,.T.);
#524=FACE_OUTER_BOUND('',#775,.T.);
#525=FACE_OUTER_BOUND('',#776,.T.);
#526=FACE_OUTER_BOUND('',#777,.T.);
#527=FACE_OUTER_BOUND('',#778,.T.);
#528=FACE_OUTER_BOUND('',#779,.T.);
#529=FACE_OUTER_BOUND('',#780,.T.);
#530=FACE_OUTER_BOUND('',#781,.T.);
#531=FACE_OUTER_BOUND('',#782,.T.);
#532=FACE_OUTER_BOUND('',#783,.T.);
#533=FACE_OUTER_BOUND('',#784,.T.);
#534=FACE_OUTER_BOUND('',#785,.T.);
#535=FACE_OUTER_BOUND('',#786,.T.);
#536=FACE_OUTER_BOUND('',#787,.T.);
#537=FACE_OUTER_BOUND('',#788,.T.);
#538=FACE_OUTER_BOUND('',#789,.T.);
#539=FACE_OUTER_BOUND('',#790,.T.);
#540=FACE_OUTER_BOUND('',#791,.T.);
#541=FACE_OUTER_BOUND('',#792,.T.);
#542=FACE_OUTER_BOUND('',#793,.T.);
#543=FACE_OUTER_BOUND('',#794,.T.);
#544=FACE_OUTER_BOUND('',#795,.T.);
#545=FACE_OUTER_BOUND('',#796,.T.);
#546=FACE_OUTER_BOUND('',#797,.T.);
#547=FACE_OUTER_BOUND('',#798,.T.);
#548=FACE_OUTER_BOUND('',#799,.T.);
#549=FACE_OUTER_BOUND('',#800,.T.);
#550=FACE_OUTER_BOUND('',#801,.T.);
#551=FACE_OUTER_BOUND('',#802,.T.);
#552=FACE_OUTER_BOUND('',#803,.T.);
#553=FACE_OUTER_BOUND('',#804,.T.);
#554=FACE_OUTER_BOUND('',#805,.T.);
#555=FACE_OUTER_BOUND('',#806,.T.);
#556=FACE_OUTER_BOUND('',#807,.T.);
#557=FACE_OUTER_BOUND('',#808,.T.);
#558=FACE_OUTER_BOUND('',#809,.T.);
#559=FACE_OUTER_BOUND('',#810,.T.);
#560=FACE_OUTER_BOUND('',#811,.T.);
#561=FACE_OUTER_BOUND('',#812,.T.);
#562=FACE_OUTER_BOUND('',#813,.T.);
#563=FACE_OUTER_BOUND('',#814,.T.);
#564=FACE_OUTER_BOUND('',#815,.T.);
#565=FACE_OUTER_BOUND('',#816,.T.);
#566=FACE_OUTER_BOUND('',#817,.T.);
#567=FACE_OUTER_BOUND('',#818,.T.);
#568=FACE_OUTER_BOUND('',#819,.T.);
#569=FACE_OUTER_BOUND('',#820,.T.);
#570=FACE_OUTER_BOUND('',#821,.T.);
#571=FACE_OUTER_BOUND('',#822,.T.);
#572=FACE_OUTER_BOUND('',#823,.T.);
#573=FACE_OUTER_BOUND('',#824,.T.);
#574=FACE_OUTER_BOUND('',#825,.T.);
#575=FACE_OUTER_BOUND('',#826,.T.);
#576=FACE_OUTER_BOUND('',#827,.T.);
#577=FACE_OUTER_BOUND('',#828,.T.);
#578=FACE_OUTER_BOUND('',#829,.T.);
#579=FACE_OUTER_BOUND('',#830,.T.);
#580=FACE_OUTER_BOUND('',#831,.T.);
#581=FACE_OUTER_BOUND('',#832,.T.);
#582=FACE_OUTER_BOUND('',#833,.T.);
#583=FACE_OUTER_BOUND('',#834,.T.);
#584=FACE_OUTER_BOUND('',#835,.T.);
#585=FACE_OUTER_BOUND('',#836,.T.);
#586=FACE_OUTER_BOUND('',#837,.T.);
#587=FACE_OUTER_BOUND('',#838,.T.);
#588=FACE_OUTER_BOUND('',#839,.T.);
#589=FACE_OUTER_BOUND('',#841,.T.);
#590=EDGE_LOOP('',(#2812,#2813,#2814,#2815));
#591=EDGE_LOOP('',(#2816,#2817,#2818,#2819));
#592=EDGE_LOOP('',(#2820,#2821,#2822,#2823));
#593=EDGE_LOOP('',(#2824,#2825,#2826,#2827));
#594=EDGE_LOOP('',(#2828,#2829,#2830,#2831));
#595=EDGE_LOOP('',(#2832,#2833,#2834,#2835));
#596=EDGE_LOOP('',(#2836,#2837,#2838,#2839));
#597=EDGE_LOOP('',(#2840,#2841,#2842,#2843));
#598=EDGE_LOOP('',(#2844,#2845,#2846,#2847));
#599=EDGE_LOOP('',(#2848,#2849,#2850,#2851));
#600=EDGE_LOOP('',(#2852,#2853,#2854,#2855));
#601=EDGE_LOOP('',(#2856,#2857,#2858,#2859));
#602=EDGE_LOOP('',(#2860,#2861,#2862,#2863));
#603=EDGE_LOOP('',(#2864,#2865,#2866,#2867));
#604=EDGE_LOOP('',(#2868,#2869,#2870,#2871));
#605=EDGE_LOOP('',(#2872,#2873,#2874,#2875));
#606=EDGE_LOOP('',(#2876,#2877,#2878,#2879,#2880,#2881,#2882,#2883,#2884,
#2885,#2886,#2887));
#607=EDGE_LOOP('',(#2888,#2889,#2890,#2891,#2892,#2893,#2894,#2895,#2896,
#2897,#2898,#2899,#2900,#2901,#2902,#2903));
#608=EDGE_LOOP('',(#2904,#2905,#2906,#2907,#2908,#2909,#2910,#2911,#2912,
#2913,#2914,#2915));
#609=EDGE_LOOP('',(#2916,#2917,#2918,#2919,#2920,#2921,#2922,#2923));
#610=EDGE_LOOP('',(#2924,#2925,#2926,#2927,#2928,#2929,#2930,#2931,#2932,
#2933,#2934,#2935,#2936,#2937,#2938,#2939,#2940,#2941,#2942,#2943,#2944,
#2945,#2946,#2947));
#611=EDGE_LOOP('',(#2948,#2949,#2950,#2951,#2952,#2953,#2954,#2955,#2956,
#2957,#2958,#2959,#2960,#2961,#2962,#2963,#2964,#2965));
#612=EDGE_LOOP('',(#2966,#2967,#2968,#2969));
#613=EDGE_LOOP('',(#2970,#2971,#2972,#2973,#2974,#2975,#2976,#2977,#2978,
#2979));
#614=EDGE_LOOP('',(#2980,#2981,#2982,#2983,#2984,#2985,#2986,#2987,#2988,
#2989,#2990,#2991));
#615=EDGE_LOOP('',(#2992,#2993,#2994,#2995));
#616=EDGE_LOOP('',(#2996,#2997,#2998,#2999));
#617=EDGE_LOOP('',(#3000,#3001,#3002,#3003,#3004));
#618=EDGE_LOOP('',(#3005,#3006,#3007,#3008));
#619=EDGE_LOOP('',(#3009,#3010,#3011,#3012));
#620=EDGE_LOOP('',(#3013,#3014,#3015,#3016,#3017));
#621=EDGE_LOOP('',(#3018,#3019,#3020,#3021));
#622=EDGE_LOOP('',(#3022,#3023,#3024,#3025));
#623=EDGE_LOOP('',(#3026,#3027,#3028,#3029));
#624=EDGE_LOOP('',(#3030,#3031,#3032,#3033));
#625=EDGE_LOOP('',(#3034,#3035,#3036,#3037));
#626=EDGE_LOOP('',(#3038,#3039,#3040,#3041));
#627=EDGE_LOOP('',(#3042,#3043,#3044,#3045));
#628=EDGE_LOOP('',(#3046,#3047,#3048,#3049));
#629=EDGE_LOOP('',(#3050,#3051,#3052,#3053));
#630=EDGE_LOOP('',(#3054,#3055,#3056,#3057));
#631=EDGE_LOOP('',(#3058,#3059,#3060,#3061));
#632=EDGE_LOOP('',(#3062,#3063,#3064,#3065));
#633=EDGE_LOOP('',(#3066,#3067,#3068,#3069));
#634=EDGE_LOOP('',(#3070,#3071,#3072,#3073));
#635=EDGE_LOOP('',(#3074,#3075,#3076,#3077));
#636=EDGE_LOOP('',(#3078,#3079,#3080,#3081));
#637=EDGE_LOOP('',(#3082,#3083,#3084,#3085));
#638=EDGE_LOOP('',(#3086,#3087,#3088,#3089));
#639=EDGE_LOOP('',(#3090,#3091,#3092,#3093));
#640=EDGE_LOOP('',(#3094,#3095,#3096,#3097));
#641=EDGE_LOOP('',(#3098,#3099,#3100,#3101));
#642=EDGE_LOOP('',(#3102,#3103,#3104,#3105));
#643=EDGE_LOOP('',(#3106,#3107,#3108,#3109));
#644=EDGE_LOOP('',(#3110,#3111,#3112,#3113,#3114,#3115,#3116,#3117,#3118,
#3119,#3120,#3121));
#645=EDGE_LOOP('',(#3122,#3123,#3124,#3125,#3126,#3127,#3128,#3129,#3130));
#646=EDGE_LOOP('',(#3131,#3132,#3133,#3134));
#647=EDGE_LOOP('',(#3135,#3136,#3137,#3138));
#648=EDGE_LOOP('',(#3139,#3140,#3141,#3142));
#649=EDGE_LOOP('',(#3143,#3144,#3145,#3146));
#650=EDGE_LOOP('',(#3147,#3148,#3149,#3150));
#651=EDGE_LOOP('',(#3151,#3152,#3153,#3154));
#652=EDGE_LOOP('',(#3155,#3156,#3157,#3158));
#653=EDGE_LOOP('',(#3159,#3160,#3161,#3162));
#654=EDGE_LOOP('',(#3163,#3164,#3165,#3166,#3167,#3168,#3169,#3170));
#655=EDGE_LOOP('',(#3171,#3172,#3173,#3174));
#656=EDGE_LOOP('',(#3175,#3176,#3177,#3178));
#657=EDGE_LOOP('',(#3179,#3180,#3181,#3182));
#658=EDGE_LOOP('',(#3183,#3184,#3185,#3186));
#659=EDGE_LOOP('',(#3187,#3188,#3189,#3190));
#660=EDGE_LOOP('',(#3191,#3192,#3193,#3194));
#661=EDGE_LOOP('',(#3195,#3196,#3197,#3198));
#662=EDGE_LOOP('',(#3199,#3200,#3201,#3202));
#663=EDGE_LOOP('',(#3203,#3204,#3205,#3206));
#664=EDGE_LOOP('',(#3207,#3208,#3209,#3210));
#665=EDGE_LOOP('',(#3211,#3212,#3213,#3214));
#666=EDGE_LOOP('',(#3215,#3216,#3217,#3218));
#667=EDGE_LOOP('',(#3219,#3220,#3221,#3222));
#668=EDGE_LOOP('',(#3223,#3224,#3225,#3226));
#669=EDGE_LOOP('',(#3227,#3228,#3229,#3230));
#670=EDGE_LOOP('',(#3231,#3232,#3233,#3234));
#671=EDGE_LOOP('',(#3235,#3236,#3237,#3238));
#672=EDGE_LOOP('',(#3239,#3240,#3241,#3242));
#673=EDGE_LOOP('',(#3243,#3244,#3245,#3246));
#674=EDGE_LOOP('',(#3247,#3248,#3249,#3250));
#675=EDGE_LOOP('',(#3251,#3252,#3253,#3254));
#676=EDGE_LOOP('',(#3255,#3256,#3257,#3258));
#677=EDGE_LOOP('',(#3259,#3260,#3261,#3262));
#678=EDGE_LOOP('',(#3263,#3264,#3265,#3266));
#679=EDGE_LOOP('',(#3267,#3268,#3269,#3270,#3271,#3272,#3273,#3274,#3275,
#3276,#3277,#3278,#3279,#3280,#3281,#3282,#3283,#3284,#3285,#3286,#3287,
#3288,#3289,#3290));
#680=EDGE_LOOP('',(#3291,#3292,#3293,#3294));
#681=EDGE_LOOP('',(#3295,#3296,#3297,#3298));
#682=EDGE_LOOP('',(#3299,#3300,#3301,#3302));
#683=EDGE_LOOP('',(#3303,#3304,#3305,#3306));
#684=EDGE_LOOP('',(#3307,#3308,#3309,#3310));
#685=EDGE_LOOP('',(#3311,#3312,#3313,#3314));
#686=EDGE_LOOP('',(#3315,#3316,#3317,#3318));
#687=EDGE_LOOP('',(#3319,#3320,#3321,#3322));
#688=EDGE_LOOP('',(#3323,#3324,#3325,#3326));
#689=EDGE_LOOP('',(#3327,#3328,#3329,#3330));
#690=EDGE_LOOP('',(#3331,#3332,#3333,#3334));
#691=EDGE_LOOP('',(#3335,#3336,#3337,#3338));
#692=EDGE_LOOP('',(#3339,#3340,#3341,#3342));
#693=EDGE_LOOP('',(#3343,#3344,#3345,#3346));
#694=EDGE_LOOP('',(#3347,#3348,#3349,#3350));
#695=EDGE_LOOP('',(#3351,#3352,#3353,#3354));
#696=EDGE_LOOP('',(#3355,#3356,#3357,#3358));
#697=EDGE_LOOP('',(#3359,#3360,#3361,#3362));
#698=EDGE_LOOP('',(#3363,#3364,#3365,#3366,#3367,#3368,#3369,#3370,#3371,
#3372,#3373,#3374,#3375,#3376,#3377,#3378,#3379,#3380));
#699=EDGE_LOOP('',(#3381,#3382,#3383,#3384));
#700=EDGE_LOOP('',(#3385,#3386,#3387,#3388));
#701=EDGE_LOOP('',(#3389,#3390,#3391,#3392));
#702=EDGE_LOOP('',(#3393,#3394,#3395,#3396));
#703=EDGE_LOOP('',(#3397,#3398,#3399,#3400));
#704=EDGE_LOOP('',(#3401,#3402,#3403,#3404));
#705=EDGE_LOOP('',(#3405,#3406,#3407,#3408));
#706=EDGE_LOOP('',(#3409,#3410,#3411,#3412));
#707=EDGE_LOOP('',(#3413,#3414,#3415,#3416));
#708=EDGE_LOOP('',(#3417,#3418,#3419,#3420));
#709=EDGE_LOOP('',(#3421,#3422,#3423,#3424));
#710=EDGE_LOOP('',(#3425,#3426,#3427,#3428));
#711=EDGE_LOOP('',(#3429,#3430,#3431,#3432));
#712=EDGE_LOOP('',(#3433,#3434,#3435,#3436));
#713=EDGE_LOOP('',(#3437,#3438,#3439,#3440));
#714=EDGE_LOOP('',(#3441,#3442,#3443,#3444,#3445,#3446,#3447,#3448,#3449,
#3450));
#715=EDGE_LOOP('',(#3451,#3452,#3453,#3454));
#716=EDGE_LOOP('',(#3455,#3456,#3457,#3458));
#717=EDGE_LOOP('',(#3459,#3460,#3461,#3462));
#718=EDGE_LOOP('',(#3463,#3464,#3465,#3466));
#719=EDGE_LOOP('',(#3467,#3468,#3469,#3470));
#720=EDGE_LOOP('',(#3471,#3472,#3473,#3474));
#721=EDGE_LOOP('',(#3475,#3476,#3477,#3478));
#722=EDGE_LOOP('',(#3479,#3480,#3481,#3482));
#723=EDGE_LOOP('',(#3483,#3484,#3485,#3486));
#724=EDGE_LOOP('',(#3487,#3488,#3489,#3490));
#725=EDGE_LOOP('',(#3491,#3492,#3493,#3494));
#726=EDGE_LOOP('',(#3495,#3496,#3497,#3498));
#727=EDGE_LOOP('',(#3499,#3500,#3501,#3502,#3503,#3504,#3505,#3506,#3507,
#3508,#3509,#3510));
#728=EDGE_LOOP('',(#3511,#3512,#3513,#3514,#3515,#3516,#3517,#3518));
#729=EDGE_LOOP('',(#3519,#3520,#3521,#3522,#3523,#3524,#3525,#3526,#3527));
#730=EDGE_LOOP('',(#3528,#3529,#3530,#3531));
#731=EDGE_LOOP('',(#3532,#3533,#3534,#3535));
#732=EDGE_LOOP('',(#3536,#3537,#3538,#3539));
#733=EDGE_LOOP('',(#3540,#3541,#3542,#3543));
#734=EDGE_LOOP('',(#3544,#3545,#3546,#3547));
#735=EDGE_LOOP('',(#3548,#3549,#3550,#3551));
#736=EDGE_LOOP('',(#3552,#3553,#3554,#3555));
#737=EDGE_LOOP('',(#3556,#3557,#3558,#3559));
#738=EDGE_LOOP('',(#3560,#3561,#3562,#3563));
#739=EDGE_LOOP('',(#3564,#3565,#3566,#3567));
#740=EDGE_LOOP('',(#3568,#3569,#3570,#3571));
#741=EDGE_LOOP('',(#3572,#3573,#3574,#3575));
#742=EDGE_LOOP('',(#3576,#3577,#3578,#3579,#3580,#3581,#3582,#3583,#3584,
#3585,#3586,#3587));
#743=EDGE_LOOP('',(#3588,#3589,#3590,#3591,#3592,#3593,#3594,#3595,#3596,
#3597,#3598,#3599));
#744=EDGE_LOOP('',(#3600,#3601,#3602,#3603));
#745=EDGE_LOOP('',(#3604,#3605,#3606,#3607));
#746=EDGE_LOOP('',(#3608,#3609,#3610,#3611));
#747=EDGE_LOOP('',(#3612,#3613,#3614,#3615));
#748=EDGE_LOOP('',(#3616,#3617,#3618,#3619));
#749=EDGE_LOOP('',(#3620,#3621,#3622,#3623));
#750=EDGE_LOOP('',(#3624,#3625,#3626,#3627));
#751=EDGE_LOOP('',(#3628,#3629,#3630,#3631));
#752=EDGE_LOOP('',(#3632,#3633,#3634,#3635));
#753=EDGE_LOOP('',(#3636,#3637,#3638,#3639));
#754=EDGE_LOOP('',(#3640,#3641,#3642,#3643,#3644,#3645,#3646,#3647,#3648,
#3649));
#755=EDGE_LOOP('',(#3650,#3651,#3652,#3653,#3654,#3655,#3656,#3657,#3658,
#3659));
#756=EDGE_LOOP('',(#3660,#3661,#3662,#3663));
#757=EDGE_LOOP('',(#3664,#3665,#3666,#3667));
#758=EDGE_LOOP('',(#3668,#3669,#3670,#3671));
#759=EDGE_LOOP('',(#3672,#3673,#3674,#3675));
#760=EDGE_LOOP('',(#3676,#3677,#3678,#3679));
#761=EDGE_LOOP('',(#3680,#3681,#3682,#3683));
#762=EDGE_LOOP('',(#3684,#3685,#3686,#3687));
#763=EDGE_LOOP('',(#3688,#3689,#3690,#3691));
#764=EDGE_LOOP('',(#3692,#3693,#3694,#3695));
#765=EDGE_LOOP('',(#3696,#3697,#3698,#3699));
#766=EDGE_LOOP('',(#3700,#3701,#3702,#3703));
#767=EDGE_LOOP('',(#3704,#3705,#3706,#3707));
#768=EDGE_LOOP('',(#3708,#3709,#3710,#3711));
#769=EDGE_LOOP('',(#3712,#3713,#3714,#3715));
#770=EDGE_LOOP('',(#3716,#3717,#3718,#3719));
#771=EDGE_LOOP('',(#3720,#3721,#3722,#3723));
#772=EDGE_LOOP('',(#3724,#3725,#3726,#3727));
#773=EDGE_LOOP('',(#3728,#3729,#3730,#3731));
#774=EDGE_LOOP('',(#3732,#3733,#3734,#3735));
#775=EDGE_LOOP('',(#3736,#3737,#3738,#3739));
#776=EDGE_LOOP('',(#3740,#3741,#3742,#3743));
#777=EDGE_LOOP('',(#3744,#3745,#3746,#3747));
#778=EDGE_LOOP('',(#3748,#3749,#3750,#3751));
#779=EDGE_LOOP('',(#3752,#3753,#3754,#3755));
#780=EDGE_LOOP('',(#3756,#3757,#3758,#3759,#3760,#3761,#3762,#3763,#3764,
#3765,#3766,#3767,#3768,#3769,#3770,#3771,#3772,#3773));
#781=EDGE_LOOP('',(#3774,#3775,#3776,#3777,#3778,#3779,#3780,#3781,#3782,
#3783,#3784,#3785,#3786,#3787,#3788,#3789,#3790,#3791));
#782=EDGE_LOOP('',(#3792,#3793,#3794,#3795));
#783=EDGE_LOOP('',(#3796,#3797,#3798,#3799));
#784=EDGE_LOOP('',(#3800,#3801,#3802,#3803));
#785=EDGE_LOOP('',(#3804,#3805,#3806,#3807));
#786=EDGE_LOOP('',(#3808,#3809,#3810,#3811));
#787=EDGE_LOOP('',(#3812,#3813,#3814,#3815));
#788=EDGE_LOOP('',(#3816,#3817,#3818,#3819));
#789=EDGE_LOOP('',(#3820,#3821,#3822,#3823));
#790=EDGE_LOOP('',(#3824,#3825,#3826,#3827));
#791=EDGE_LOOP('',(#3828,#3829,#3830,#3831));
#792=EDGE_LOOP('',(#3832,#3833,#3834,#3835));
#793=EDGE_LOOP('',(#3836,#3837,#3838,#3839));
#794=EDGE_LOOP('',(#3840,#3841,#3842,#3843));
#795=EDGE_LOOP('',(#3844,#3845,#3846,#3847));
#796=EDGE_LOOP('',(#3848,#3849,#3850,#3851));
#797=EDGE_LOOP('',(#3852,#3853,#3854,#3855));
#798=EDGE_LOOP('',(#3856,#3857,#3858,#3859));
#799=EDGE_LOOP('',(#3860,#3861,#3862,#3863));
#800=EDGE_LOOP('',(#3864,#3865,#3866,#3867));
#801=EDGE_LOOP('',(#3868,#3869,#3870,#3871));
#802=EDGE_LOOP('',(#3872,#3873,#3874,#3875));
#803=EDGE_LOOP('',(#3876,#3877,#3878,#3879));
#804=EDGE_LOOP('',(#3880,#3881,#3882,#3883));
#805=EDGE_LOOP('',(#3884,#3885,#3886,#3887));
#806=EDGE_LOOP('',(#3888,#3889,#3890,#3891,#3892,#3893,#3894,#3895,#3896,
#3897,#3898,#3899,#3900,#3901,#3902,#3903,#3904,#3905,#3906,#3907,#3908,
#3909,#3910,#3911));
#807=EDGE_LOOP('',(#3912,#3913,#3914,#3915,#3916,#3917,#3918,#3919,#3920,
#3921,#3922,#3923,#3924,#3925,#3926,#3927,#3928,#3929,#3930,#3931,#3932,
#3933,#3934,#3935));
#808=EDGE_LOOP('',(#3936,#3937,#3938,#3939));
#809=EDGE_LOOP('',(#3940,#3941,#3942,#3943));
#810=EDGE_LOOP('',(#3944,#3945,#3946,#3947));
#811=EDGE_LOOP('',(#3948,#3949,#3950,#3951));
#812=EDGE_LOOP('',(#3952,#3953,#3954,#3955));
#813=EDGE_LOOP('',(#3956,#3957,#3958,#3959));
#814=EDGE_LOOP('',(#3960,#3961,#3962,#3963));
#815=EDGE_LOOP('',(#3964,#3965,#3966,#3967));
#816=EDGE_LOOP('',(#3968,#3969,#3970,#3971,#3972,#3973,#3974,#3975));
#817=EDGE_LOOP('',(#3976,#3977,#3978,#3979,#3980,#3981,#3982,#3983));
#818=EDGE_LOOP('',(#3984,#3985,#3986,#3987));
#819=EDGE_LOOP('',(#3988,#3989,#3990,#3991));
#820=EDGE_LOOP('',(#3992,#3993,#3994,#3995));
#821=EDGE_LOOP('',(#3996,#3997,#3998,#3999));
#822=EDGE_LOOP('',(#4000,#4001,#4002,#4003));
#823=EDGE_LOOP('',(#4004,#4005,#4006,#4007));
#824=EDGE_LOOP('',(#4008,#4009,#4010,#4011));
#825=EDGE_LOOP('',(#4012,#4013,#4014,#4015));
#826=EDGE_LOOP('',(#4016,#4017,#4018,#4019));
#827=EDGE_LOOP('',(#4020,#4021,#4022,#4023));
#828=EDGE_LOOP('',(#4024,#4025,#4026,#4027));
#829=EDGE_LOOP('',(#4028,#4029,#4030,#4031));
#830=EDGE_LOOP('',(#4032,#4033,#4034,#4035));
#831=EDGE_LOOP('',(#4036,#4037,#4038,#4039));
#832=EDGE_LOOP('',(#4040,#4041,#4042,#4043));
#833=EDGE_LOOP('',(#4044,#4045,#4046,#4047));
#834=EDGE_LOOP('',(#4048,#4049,#4050,#4051));
#835=EDGE_LOOP('',(#4052,#4053,#4054,#4055));
#836=EDGE_LOOP('',(#4056,#4057,#4058,#4059));
#837=EDGE_LOOP('',(#4060,#4061,#4062,#4063));
#838=EDGE_LOOP('',(#4064,#4065,#4066,#4067));
#839=EDGE_LOOP('',(#4068,#4069,#4070,#4071,#4072,#4073,#4074,#4075,#4076,
#4077,#4078,#4079));
#840=EDGE_LOOP('',(#4080,#4081,#4082,#4083,#4084,#4085,#4086,#4087,#4088));
#841=EDGE_LOOP('',(#4089,#4090,#4091,#4092,#4093,#4094,#4095,#4096,#4097,
#4098,#4099,#4100));
#842=EDGE_LOOP('',(#4101,#4102,#4103,#4104,#4105,#4106,#4107,#4108,#4109));
#843=LINE('',#5459,#1288);
#844=LINE('',#5461,#1289);
#845=LINE('',#5463,#1290);
#846=LINE('',#5464,#1291);
#847=LINE('',#5469,#1292);
#848=LINE('',#5474,#1293);
#849=LINE('',#5475,#1294);
#850=LINE('',#5476,#1295);
#851=LINE('',#5481,#1296);
#852=LINE('',#5486,#1297);
#853=LINE('',#5487,#1298);
#854=LINE('',#5488,#1299);
#855=LINE('',#5493,#1300);
#856=LINE('',#5498,#1301);
#857=LINE('',#5499,#1302);
#858=LINE('',#5500,#1303);
#859=LINE('',#5505,#1304);
#860=LINE('',#5510,#1305);
#861=LINE('',#5511,#1306);
#862=LINE('',#5512,#1307);
#863=LINE('',#5515,#1308);
#864=LINE('',#5518,#1309);
#865=LINE('',#5521,#1310);
#866=LINE('',#5522,#1311);
#867=LINE('',#5525,#1312);
#868=LINE('',#5529,#1313);
#869=LINE('',#5530,#1314);
#870=LINE('',#5533,#1315);
#871=LINE('',#5537,#1316);
#872=LINE('',#5538,#1317);
#873=LINE('',#5541,#1318);
#874=LINE('',#5544,#1319);
#875=LINE('',#5546,#1320);
#876=LINE('',#5548,#1321);
#877=LINE('',#5550,#1322);
#878=LINE('',#5552,#1323);
#879=LINE('',#5554,#1324);
#880=LINE('',#5556,#1325);
#881=LINE('',#5557,#1326);
#882=LINE('',#5560,#1327);
#883=LINE('',#5563,#1328);
#884=LINE('',#5565,#1329);
#885=LINE('',#5568,#1330);
#886=LINE('',#5571,#1331);
#887=LINE('',#5615,#1332);
#888=LINE('',#5617,#1333);
#889=LINE('',#5619,#1334);
#890=LINE('',#5620,#1335);
#891=LINE('',#5623,#1336);
#892=LINE('',#5625,#1337);
#893=LINE('',#5627,#1338);
#894=LINE('',#5629,#1339);
#895=LINE('',#5631,#1340);
#896=LINE('',#5633,#1341);
#897=LINE('',#5635,#1342);
#898=LINE('',#5636,#1343);
#899=LINE('',#5639,#1344);
#900=LINE('',#5641,#1345);
#901=LINE('',#5703,#1346);
#902=LINE('',#5753,#1347);
#903=LINE('',#5755,#1348);
#904=LINE('',#5756,#1349);
#905=LINE('',#5807,#1350);
#906=LINE('',#5856,#1351);
#907=LINE('',#5859,#1352);
#908=LINE('',#5861,#1353);
#909=LINE('',#5863,#1354);
#910=LINE('',#5864,#1355);
#911=LINE('',#5867,#1356);
#912=LINE('',#5869,#1357);
#913=LINE('',#5871,#1358);
#914=LINE('',#5873,#1359);
#915=LINE('',#5875,#1360);
#916=LINE('',#5877,#1361);
#917=LINE('',#5879,#1362);
#918=LINE('',#5881,#1363);
#919=LINE('',#5883,#1364);
#920=LINE('',#5884,#1365);
#921=LINE('',#5887,#1366);
#922=LINE('',#5889,#1367);
#923=LINE('',#5891,#1368);
#924=LINE('',#5893,#1369);
#925=LINE('',#5895,#1370);
#926=LINE('',#5897,#1371);
#927=LINE('',#5899,#1372);
#928=LINE('',#5901,#1373);
#929=LINE('',#5903,#1374);
#930=LINE('',#5905,#1375);
#931=LINE('',#5907,#1376);
#932=LINE('',#5908,#1377);
#933=LINE('',#5911,#1378);
#934=LINE('',#5914,#1379);
#935=LINE('',#5916,#1380);
#936=LINE('',#5918,#1381);
#937=LINE('',#5922,#1382);
#938=LINE('',#5925,#1383);
#939=LINE('',#5927,#1384);
#940=LINE('',#5929,#1385);
#941=LINE('',#5934,#1386);
#942=LINE('',#5936,#1387);
#943=LINE('',#5938,#1388);
#944=LINE('',#5939,#1389);
#945=LINE('',#5957,#1390);
#946=LINE('',#5980,#1391);
#947=LINE('',#6003,#1392);
#948=LINE('',#6026,#1393);
#949=LINE('',#6049,#1394);
#950=LINE('',#6072,#1395);
#951=LINE('',#6080,#1396);
#952=LINE('',#6082,#1397);
#953=LINE('',#6083,#1398);
#954=LINE('',#6085,#1399);
#955=LINE('',#6086,#1400);
#956=LINE('',#6090,#1401);
#957=LINE('',#6091,#1402);
#958=LINE('',#6092,#1403);
#959=LINE('',#6109,#1404);
#960=LINE('',#6126,#1405);
#961=LINE('',#6143,#1406);
#962=LINE('',#6160,#1407);
#963=LINE('',#6177,#1408);
#964=LINE('',#6194,#1409);
#965=LINE('',#6211,#1410);
#966=LINE('',#6214,#1411);
#967=LINE('',#6215,#1412);
#968=LINE('',#6218,#1413);
#969=LINE('',#6219,#1414);
#970=LINE('',#6222,#1415);
#971=LINE('',#6223,#1416);
#972=LINE('',#6225,#1417);
#973=LINE('',#6230,#1418);
#974=LINE('',#6231,#1419);
#975=LINE('',#6232,#1420);
#976=LINE('',#6235,#1421);
#977=LINE('',#6236,#1422);
#978=LINE('',#6239,#1423);
#979=LINE('',#6240,#1424);
#980=LINE('',#6243,#1425);
#981=LINE('',#6244,#1426);
#982=LINE('',#6247,#1427);
#983=LINE('',#6248,#1428);
#984=LINE('',#6251,#1429);
#985=LINE('',#6252,#1430);
#986=LINE('',#6255,#1431);
#987=LINE('',#6256,#1432);
#988=LINE('',#6258,#1433);
#989=LINE('',#6263,#1434);
#990=LINE('',#6264,#1435);
#991=LINE('',#6265,#1436);
#992=LINE('',#6268,#1437);
#993=LINE('',#6269,#1438);
#994=LINE('',#6286,#1439);
#995=LINE('',#6303,#1440);
#996=LINE('',#6320,#1441);
#997=LINE('',#6337,#1442);
#998=LINE('',#6354,#1443);
#999=LINE('',#6371,#1444);
#1000=LINE('',#6388,#1445);
#1001=LINE('',#6405,#1446);
#1002=LINE('',#6422,#1447);
#1003=LINE('',#6439,#1448);
#1004=LINE('',#6442,#1449);
#1005=LINE('',#6443,#1450);
#1006=LINE('',#6460,#1451);
#1007=LINE('',#6477,#1452);
#1008=LINE('',#6494,#1453);
#1009=LINE('',#6511,#1454);
#1010=LINE('',#6528,#1455);
#1011=LINE('',#6545,#1456);
#1012=LINE('',#6562,#1457);
#1013=LINE('',#6579,#1458);
#1014=LINE('',#6582,#1459);
#1015=LINE('',#6583,#1460);
#1016=LINE('',#6586,#1461);
#1017=LINE('',#6587,#1462);
#1018=LINE('',#6589,#1463);
#1019=LINE('',#6608,#1464);
#1020=LINE('',#6609,#1465);
#1021=LINE('',#6626,#1466);
#1022=LINE('',#6643,#1467);
#1023=LINE('',#6660,#1468);
#1024=LINE('',#6677,#1469);
#1025=LINE('',#6694,#1470);
#1026=LINE('',#6711,#1471);
#1027=LINE('',#6728,#1472);
#1028=LINE('',#6731,#1473);
#1029=LINE('',#6732,#1474);
#1030=LINE('',#6749,#1475);
#1031=LINE('',#6766,#1476);
#1032=LINE('',#6783,#1477);
#1033=LINE('',#6800,#1478);
#1034=LINE('',#6817,#1479);
#1035=LINE('',#6834,#1480);
#1036=LINE('',#6851,#1481);
#1037=LINE('',#6868,#1482);
#1038=LINE('',#6870,#1483);
#1039=LINE('',#6875,#1484);
#1040=LINE('',#6876,#1485);
#1041=LINE('',#6877,#1486);
#1042=LINE('',#6880,#1487);
#1043=LINE('',#6881,#1488);
#1044=LINE('',#6884,#1489);
#1045=LINE('',#6885,#1490);
#1046=LINE('',#6887,#1491);
#1047=LINE('',#6892,#1492);
#1048=LINE('',#6893,#1493);
#1049=LINE('',#6894,#1494);
#1050=LINE('',#6897,#1495);
#1051=LINE('',#6898,#1496);
#1052=LINE('',#6901,#1497);
#1053=LINE('',#6902,#1498);
#1054=LINE('',#6905,#1499);
#1055=LINE('',#6906,#1500);
#1056=LINE('',#6909,#1501);
#1057=LINE('',#6910,#1502);
#1058=LINE('',#6913,#1503);
#1059=LINE('',#6914,#1504);
#1060=LINE('',#6917,#1505);
#1061=LINE('',#6918,#1506);
#1062=LINE('',#6921,#1507);
#1063=LINE('',#6922,#1508);
#1064=LINE('',#6925,#1509);
#1065=LINE('',#6926,#1510);
#1066=LINE('',#6928,#1511);
#1067=LINE('',#6933,#1512);
#1068=LINE('',#6934,#1513);
#1069=LINE('',#6935,#1514);
#1070=LINE('',#6938,#1515);
#1071=LINE('',#6939,#1516);
#1072=LINE('',#6942,#1517);
#1073=LINE('',#6943,#1518);
#1074=LINE('',#6946,#1519);
#1075=LINE('',#6947,#1520);
#1076=LINE('',#6950,#1521);
#1077=LINE('',#6951,#1522);
#1078=LINE('',#6954,#1523);
#1079=LINE('',#6955,#1524);
#1080=LINE('',#6958,#1525);
#1081=LINE('',#6959,#1526);
#1082=LINE('',#6962,#1527);
#1083=LINE('',#6963,#1528);
#1084=LINE('',#6966,#1529);
#1085=LINE('',#6967,#1530);
#1086=LINE('',#6970,#1531);
#1087=LINE('',#6971,#1532);
#1088=LINE('',#6974,#1533);
#1089=LINE('',#6975,#1534);
#1090=LINE('',#6977,#1535);
#1091=LINE('',#6984,#1536);
#1092=LINE('',#6986,#1537);
#1093=LINE('',#6988,#1538);
#1094=LINE('',#6989,#1539);
#1095=LINE('',#6992,#1540);
#1096=LINE('',#6994,#1541);
#1097=LINE('',#6995,#1542);
#1098=LINE('',#6998,#1543);
#1099=LINE('',#7000,#1544);
#1100=LINE('',#7001,#1545);
#1101=LINE('',#7004,#1546);
#1102=LINE('',#7006,#1547);
#1103=LINE('',#7007,#1548);
#1104=LINE('',#7010,#1549);
#1105=LINE('',#7012,#1550);
#1106=LINE('',#7013,#1551);
#1107=LINE('',#7016,#1552);
#1108=LINE('',#7018,#1553);
#1109=LINE('',#7019,#1554);
#1110=LINE('',#7022,#1555);
#1111=LINE('',#7024,#1556);
#1112=LINE('',#7025,#1557);
#1113=LINE('',#7028,#1558);
#1114=LINE('',#7030,#1559);
#1115=LINE('',#7031,#1560);
#1116=LINE('',#7034,#1561);
#1117=LINE('',#7036,#1562);
#1118=LINE('',#7037,#1563);
#1119=LINE('',#7040,#1564);
#1120=LINE('',#7042,#1565);
#1121=LINE('',#7043,#1566);
#1122=LINE('',#7046,#1567);
#1123=LINE('',#7048,#1568);
#1124=LINE('',#7049,#1569);
#1125=LINE('',#7051,#1570);
#1126=LINE('',#7052,#1571);
#1127=LINE('',#7058,#1572);
#1128=LINE('',#7060,#1573);
#1129=LINE('',#7062,#1574);
#1130=LINE('',#7063,#1575);
#1131=LINE('',#7066,#1576);
#1132=LINE('',#7068,#1577);
#1133=LINE('',#7069,#1578);
#1134=LINE('',#7072,#1579);
#1135=LINE('',#7074,#1580);
#1136=LINE('',#7075,#1581);
#1137=LINE('',#7078,#1582);
#1138=LINE('',#7080,#1583);
#1139=LINE('',#7081,#1584);
#1140=LINE('',#7084,#1585);
#1141=LINE('',#7086,#1586);
#1142=LINE('',#7087,#1587);
#1143=LINE('',#7090,#1588);
#1144=LINE('',#7092,#1589);
#1145=LINE('',#7093,#1590);
#1146=LINE('',#7096,#1591);
#1147=LINE('',#7098,#1592);
#1148=LINE('',#7099,#1593);
#1149=LINE('',#7102,#1594);
#1150=LINE('',#7104,#1595);
#1151=LINE('',#7105,#1596);
#1152=LINE('',#7108,#1597);
#1153=LINE('',#7110,#1598);
#1154=LINE('',#7111,#1599);
#1155=LINE('',#7113,#1600);
#1156=LINE('',#7114,#1601);
#1157=LINE('',#7120,#1602);
#1158=LINE('',#7122,#1603);
#1159=LINE('',#7124,#1604);
#1160=LINE('',#7125,#1605);
#1161=LINE('',#7128,#1606);
#1162=LINE('',#7130,#1607);
#1163=LINE('',#7131,#1608);
#1164=LINE('',#7134,#1609);
#1165=LINE('',#7136,#1610);
#1166=LINE('',#7137,#1611);
#1167=LINE('',#7139,#1612);
#1168=LINE('',#7140,#1613);
#1169=LINE('',#7161,#1614);
#1170=LINE('',#7168,#1615);
#1171=LINE('',#7191,#1616);
#1172=LINE('',#7214,#1617);
#1173=LINE('',#7237,#1618);
#1174=LINE('',#7260,#1619);
#1175=LINE('',#7283,#1620);
#1176=LINE('',#7306,#1621);
#1177=LINE('',#7329,#1622);
#1178=LINE('',#7332,#1623);
#1179=LINE('',#7334,#1624);
#1180=LINE('',#7335,#1625);
#1181=LINE('',#7358,#1626);
#1182=LINE('',#7381,#1627);
#1183=LINE('',#7404,#1628);
#1184=LINE('',#7427,#1629);
#1185=LINE('',#7450,#1630);
#1186=LINE('',#7473,#1631);
#1187=LINE('',#7496,#1632);
#1188=LINE('',#7519,#1633);
#1189=LINE('',#7521,#1634);
#1190=LINE('',#7522,#1635);
#1191=LINE('',#7528,#1636);
#1192=LINE('',#7530,#1637);
#1193=LINE('',#7532,#1638);
#1194=LINE('',#7533,#1639);
#1195=LINE('',#7536,#1640);
#1196=LINE('',#7538,#1641);
#1197=LINE('',#7539,#1642);
#1198=LINE('',#7562,#1643);
#1199=LINE('',#7585,#1644);
#1200=LINE('',#7608,#1645);
#1201=LINE('',#7631,#1646);
#1202=LINE('',#7654,#1647);
#1203=LINE('',#7677,#1648);
#1204=LINE('',#7700,#1649);
#1205=LINE('',#7723,#1650);
#1206=LINE('',#7746,#1651);
#1207=LINE('',#7769,#1652);
#1208=LINE('',#7772,#1653);
#1209=LINE('',#7774,#1654);
#1210=LINE('',#7775,#1655);
#1211=LINE('',#7798,#1656);
#1212=LINE('',#7821,#1657);
#1213=LINE('',#7844,#1658);
#1214=LINE('',#7867,#1659);
#1215=LINE('',#7890,#1660);
#1216=LINE('',#7913,#1661);
#1217=LINE('',#7936,#1662);
#1218=LINE('',#7959,#1663);
#1219=LINE('',#7962,#1664);
#1220=LINE('',#7964,#1665);
#1221=LINE('',#7965,#1666);
#1222=LINE('',#7968,#1667);
#1223=LINE('',#7970,#1668);
#1224=LINE('',#7971,#1669);
#1225=LINE('',#7973,#1670);
#1226=LINE('',#7974,#1671);
#1227=LINE('',#7980,#1672);
#1228=LINE('',#7982,#1673);
#1229=LINE('',#7984,#1674);
#1230=LINE('',#7985,#1675);
#1231=LINE('',#7988,#1676);
#1232=LINE('',#7990,#1677);
#1233=LINE('',#7991,#1678);
#1234=LINE('',#7994,#1679);
#1235=LINE('',#7996,#1680);
#1236=LINE('',#7997,#1681);
#1237=LINE('',#8000,#1682);
#1238=LINE('',#8002,#1683);
#1239=LINE('',#8003,#1684);
#1240=LINE('',#8006,#1685);
#1241=LINE('',#8008,#1686);
#1242=LINE('',#8009,#1687);
#1243=LINE('',#8012,#1688);
#1244=LINE('',#8014,#1689);
#1245=LINE('',#8015,#1690);
#1246=LINE('',#8018,#1691);
#1247=LINE('',#8020,#1692);
#1248=LINE('',#8021,#1693);
#1249=LINE('',#8023,#1694);
#1250=LINE('',#8024,#1695);
#1251=LINE('',#8030,#1696);
#1252=LINE('',#8032,#1697);
#1253=LINE('',#8034,#1698);
#1254=LINE('',#8035,#1699);
#1255=LINE('',#8058,#1700);
#1256=LINE('',#8081,#1701);
#1257=LINE('',#8104,#1702);
#1258=LINE('',#8127,#1703);
#1259=LINE('',#8150,#1704);
#1260=LINE('',#8173,#1705);
#1261=LINE('',#8176,#1706);
#1262=LINE('',#8178,#1707);
#1263=LINE('',#8179,#1708);
#1264=LINE('',#8181,#1709);
#1265=LINE('',#8182,#1710);
#1266=LINE('',#8186,#1711);
#1267=LINE('',#8188,#1712);
#1268=LINE('',#8190,#1713);
#1269=LINE('',#8191,#1714);
#1270=LINE('',#8214,#1715);
#1271=LINE('',#8237,#1716);
#1272=LINE('',#8260,#1717);
#1273=LINE('',#8283,#1718);
#1274=LINE('',#8306,#1719);
#1275=LINE('',#8329,#1720);
#1276=LINE('',#8352,#1721);
#1277=LINE('',#8355,#1722);
#1278=LINE('',#8357,#1723);
#1279=LINE('',#8358,#1724);
#1280=LINE('',#8361,#1725);
#1281=LINE('',#8363,#1726);
#1282=LINE('',#8364,#1727);
#1283=LINE('',#8367,#1728);
#1284=LINE('',#8369,#1729);
#1285=LINE('',#8370,#1730);
#1286=LINE('',#8372,#1731);
#1287=LINE('',#8373,#1732);
#1288=VECTOR('',#4682,10.);
#1289=VECTOR('',#4683,10.);
#1290=VECTOR('',#4684,10.);
#1291=VECTOR('',#4685,10.);
#1292=VECTOR('',#4690,10.);
#1293=VECTOR('',#4695,10.);
#1294=VECTOR('',#4696,10.);
#1295=VECTOR('',#4697,10.);
#1296=VECTOR('',#4702,10.);
#1297=VECTOR('',#4707,10.);
#1298=VECTOR('',#4708,10.);
#1299=VECTOR('',#4709,10.);
#1300=VECTOR('',#4714,10.);
#1301=VECTOR('',#4719,10.);
#1302=VECTOR('',#4720,10.);
#1303=VECTOR('',#4721,10.);
#1304=VECTOR('',#4726,10.);
#1305=VECTOR('',#4731,10.);
#1306=VECTOR('',#4732,10.);
#1307=VECTOR('',#4733,10.);
#1308=VECTOR('',#4736,10.);
#1309=VECTOR('',#4739,10.);
#1310=VECTOR('',#4742,10.);
#1311=VECTOR('',#4743,10.);
#1312=VECTOR('',#4746,10.);
#1313=VECTOR('',#4751,10.);
#1314=VECTOR('',#4752,10.);
#1315=VECTOR('',#4755,10.);
#1316=VECTOR('',#4760,10.);
#1317=VECTOR('',#4761,10.);
#1318=VECTOR('',#4764,10.);
#1319=VECTOR('',#4769,10.);
#1320=VECTOR('',#4770,10.);
#1321=VECTOR('',#4771,10.);
#1322=VECTOR('',#4772,10.);
#1323=VECTOR('',#4773,10.);
#1324=VECTOR('',#4774,10.);
#1325=VECTOR('',#4775,10.);
#1326=VECTOR('',#4776,10.);
#1327=VECTOR('',#4779,10.);
#1328=VECTOR('',#4782,10.);
#1329=VECTOR('',#4783,10.);
#1330=VECTOR('',#4786,10.);
#1331=VECTOR('',#4787,10.);
#1332=VECTOR('',#4788,10.);
#1333=VECTOR('',#4789,10.);
#1334=VECTOR('',#4790,10.);
#1335=VECTOR('',#4791,10.);
#1336=VECTOR('',#4792,10.);
#1337=VECTOR('',#4793,10.);
#1338=VECTOR('',#4794,10.);
#1339=VECTOR('',#4795,10.);
#1340=VECTOR('',#4796,10.);
#1341=VECTOR('',#4797,10.);
#1342=VECTOR('',#4798,10.);
#1343=VECTOR('',#4799,10.);
#1344=VECTOR('',#4800,10.);
#1345=VECTOR('',#4801,10.);
#1346=VECTOR('',#4802,10.);
#1347=VECTOR('',#4803,10.);
#1348=VECTOR('',#4804,10.);
#1349=VECTOR('',#4805,10.);
#1350=VECTOR('',#4806,10.);
#1351=VECTOR('',#4807,10.);
#1352=VECTOR('',#4808,10.);
#1353=VECTOR('',#4809,10.);
#1354=VECTOR('',#4810,10.);
#1355=VECTOR('',#4811,10.);
#1356=VECTOR('',#4812,10.);
#1357=VECTOR('',#4813,10.);
#1358=VECTOR('',#4814,10.);
#1359=VECTOR('',#4815,10.);
#1360=VECTOR('',#4816,10.);
#1361=VECTOR('',#4817,10.);
#1362=VECTOR('',#4818,10.);
#1363=VECTOR('',#4819,10.);
#1364=VECTOR('',#4820,10.);
#1365=VECTOR('',#4821,10.);
#1366=VECTOR('',#4822,10.);
#1367=VECTOR('',#4823,10.);
#1368=VECTOR('',#4824,10.);
#1369=VECTOR('',#4825,10.);
#1370=VECTOR('',#4826,10.);
#1371=VECTOR('',#4827,10.);
#1372=VECTOR('',#4828,10.);
#1373=VECTOR('',#4829,10.);
#1374=VECTOR('',#4830,10.);
#1375=VECTOR('',#4831,10.);
#1376=VECTOR('',#4832,10.);
#1377=VECTOR('',#4833,10.);
#1378=VECTOR('',#4836,10.);
#1379=VECTOR('',#4839,10.);
#1380=VECTOR('',#4842,10.);
#1381=VECTOR('',#4845,10.);
#1382=VECTOR('',#4850,10.);
#1383=VECTOR('',#4853,10.);
#1384=VECTOR('',#4856,10.);
#1385=VECTOR('',#4859,10.);
#1386=VECTOR('',#4864,10.);
#1387=VECTOR('',#4865,10.);
#1388=VECTOR('',#4866,10.);
#1389=VECTOR('',#4867,10.);
#1390=VECTOR('',#4868,10.);
#1391=VECTOR('',#4869,10.);
#1392=VECTOR('',#4870,10.);
#1393=VECTOR('',#4871,10.);
#1394=VECTOR('',#4872,10.);
#1395=VECTOR('',#4873,10.);
#1396=VECTOR('',#4876,10.);
#1397=VECTOR('',#4877,10.);
#1398=VECTOR('',#4878,10.);
#1399=VECTOR('',#4881,10.);
#1400=VECTOR('',#4882,10.);
#1401=VECTOR('',#4885,10.);
#1402=VECTOR('',#4886,10.);
#1403=VECTOR('',#4887,10.);
#1404=VECTOR('',#4888,10.);
#1405=VECTOR('',#4889,10.);
#1406=VECTOR('',#4890,10.);
#1407=VECTOR('',#4891,10.);
#1408=VECTOR('',#4892,10.);
#1409=VECTOR('',#4893,10.);
#1410=VECTOR('',#4894,10.);
#1411=VECTOR('',#4897,10.);
#1412=VECTOR('',#4898,10.);
#1413=VECTOR('',#4901,10.);
#1414=VECTOR('',#4902,10.);
#1415=VECTOR('',#4905,10.);
#1416=VECTOR('',#4906,10.);
#1417=VECTOR('',#4909,10.);
#1418=VECTOR('',#4914,10.);
#1419=VECTOR('',#4915,10.);
#1420=VECTOR('',#4916,10.);
#1421=VECTOR('',#4919,10.);
#1422=VECTOR('',#4920,10.);
#1423=VECTOR('',#4923,10.);
#1424=VECTOR('',#4924,10.);
#1425=VECTOR('',#4927,10.);
#1426=VECTOR('',#4928,10.);
#1427=VECTOR('',#4931,10.);
#1428=VECTOR('',#4932,10.);
#1429=VECTOR('',#4935,10.);
#1430=VECTOR('',#4936,10.);
#1431=VECTOR('',#4939,10.);
#1432=VECTOR('',#4940,10.);
#1433=VECTOR('',#4943,10.);
#1434=VECTOR('',#4948,10.);
#1435=VECTOR('',#4949,10.);
#1436=VECTOR('',#4950,10.);
#1437=VECTOR('',#4953,10.);
#1438=VECTOR('',#4954,10.);
#1439=VECTOR('',#4955,10.);
#1440=VECTOR('',#4956,10.);
#1441=VECTOR('',#4957,10.);
#1442=VECTOR('',#4958,10.);
#1443=VECTOR('',#4959,10.);
#1444=VECTOR('',#4960,10.);
#1445=VECTOR('',#4961,10.);
#1446=VECTOR('',#4962,10.);
#1447=VECTOR('',#4963,10.);
#1448=VECTOR('',#4964,10.);
#1449=VECTOR('',#4967,10.);
#1450=VECTOR('',#4968,10.);
#1451=VECTOR('',#4969,10.);
#1452=VECTOR('',#4970,10.);
#1453=VECTOR('',#4971,10.);
#1454=VECTOR('',#4972,10.);
#1455=VECTOR('',#4973,10.);
#1456=VECTOR('',#4974,10.);
#1457=VECTOR('',#4975,10.);
#1458=VECTOR('',#4976,10.);
#1459=VECTOR('',#4979,10.);
#1460=VECTOR('',#4980,10.);
#1461=VECTOR('',#4983,10.);
#1462=VECTOR('',#4984,10.);
#1463=VECTOR('',#4987,10.);
#1464=VECTOR('',#4990,10.);
#1465=VECTOR('',#4991,10.);
#1466=VECTOR('',#4992,10.);
#1467=VECTOR('',#4993,10.);
#1468=VECTOR('',#4994,10.);
#1469=VECTOR('',#4995,10.);
#1470=VECTOR('',#4996,10.);
#1471=VECTOR('',#4997,10.);
#1472=VECTOR('',#4998,10.);
#1473=VECTOR('',#5001,10.);
#1474=VECTOR('',#5002,10.);
#1475=VECTOR('',#5003,10.);
#1476=VECTOR('',#5004,10.);
#1477=VECTOR('',#5005,10.);
#1478=VECTOR('',#5006,10.);
#1479=VECTOR('',#5007,10.);
#1480=VECTOR('',#5008,10.);
#1481=VECTOR('',#5009,10.);
#1482=VECTOR('',#5010,10.);
#1483=VECTOR('',#5013,10.);
#1484=VECTOR('',#5018,10.);
#1485=VECTOR('',#5019,10.);
#1486=VECTOR('',#5020,10.);
#1487=VECTOR('',#5023,10.);
#1488=VECTOR('',#5024,10.);
#1489=VECTOR('',#5027,10.);
#1490=VECTOR('',#5028,10.);
#1491=VECTOR('',#5031,10.);
#1492=VECTOR('',#5036,10.);
#1493=VECTOR('',#5037,10.);
#1494=VECTOR('',#5038,10.);
#1495=VECTOR('',#5041,10.);
#1496=VECTOR('',#5042,10.);
#1497=VECTOR('',#5045,10.);
#1498=VECTOR('',#5046,10.);
#1499=VECTOR('',#5049,10.);
#1500=VECTOR('',#5050,10.);
#1501=VECTOR('',#5053,10.);
#1502=VECTOR('',#5054,10.);
#1503=VECTOR('',#5057,10.);
#1504=VECTOR('',#5058,10.);
#1505=VECTOR('',#5061,10.);
#1506=VECTOR('',#5062,10.);
#1507=VECTOR('',#5065,10.);
#1508=VECTOR('',#5066,10.);
#1509=VECTOR('',#5069,10.);
#1510=VECTOR('',#5070,10.);
#1511=VECTOR('',#5073,10.);
#1512=VECTOR('',#5078,10.);
#1513=VECTOR('',#5079,10.);
#1514=VECTOR('',#5080,10.);
#1515=VECTOR('',#5083,10.);
#1516=VECTOR('',#5084,10.);
#1517=VECTOR('',#5087,10.);
#1518=VECTOR('',#5088,10.);
#1519=VECTOR('',#5091,10.);
#1520=VECTOR('',#5092,10.);
#1521=VECTOR('',#5095,10.);
#1522=VECTOR('',#5096,10.);
#1523=VECTOR('',#5099,10.);
#1524=VECTOR('',#5100,10.);
#1525=VECTOR('',#5103,10.);
#1526=VECTOR('',#5104,10.);
#1527=VECTOR('',#5107,10.);
#1528=VECTOR('',#5108,10.);
#1529=VECTOR('',#5111,10.);
#1530=VECTOR('',#5112,10.);
#1531=VECTOR('',#5115,10.);
#1532=VECTOR('',#5116,10.);
#1533=VECTOR('',#5119,10.);
#1534=VECTOR('',#5120,10.);
#1535=VECTOR('',#5123,10.);
#1536=VECTOR('',#5132,10.);
#1537=VECTOR('',#5133,10.);
#1538=VECTOR('',#5134,10.);
#1539=VECTOR('',#5135,10.);
#1540=VECTOR('',#5138,10.);
#1541=VECTOR('',#5139,10.);
#1542=VECTOR('',#5140,10.);
#1543=VECTOR('',#5143,10.);
#1544=VECTOR('',#5144,10.);
#1545=VECTOR('',#5145,10.);
#1546=VECTOR('',#5148,10.);
#1547=VECTOR('',#5149,10.);
#1548=VECTOR('',#5150,10.);
#1549=VECTOR('',#5153,10.);
#1550=VECTOR('',#5154,10.);
#1551=VECTOR('',#5155,10.);
#1552=VECTOR('',#5158,10.);
#1553=VECTOR('',#5159,10.);
#1554=VECTOR('',#5160,10.);
#1555=VECTOR('',#5163,10.);
#1556=VECTOR('',#5164,10.);
#1557=VECTOR('',#5165,10.);
#1558=VECTOR('',#5168,10.);
#1559=VECTOR('',#5169,10.);
#1560=VECTOR('',#5170,10.);
#1561=VECTOR('',#5173,10.);
#1562=VECTOR('',#5174,10.);
#1563=VECTOR('',#5175,10.);
#1564=VECTOR('',#5178,10.);
#1565=VECTOR('',#5179,10.);
#1566=VECTOR('',#5180,10.);
#1567=VECTOR('',#5183,10.);
#1568=VECTOR('',#5184,10.);
#1569=VECTOR('',#5185,10.);
#1570=VECTOR('',#5188,10.);
#1571=VECTOR('',#5189,10.);
#1572=VECTOR('',#5196,10.);
#1573=VECTOR('',#5197,10.);
#1574=VECTOR('',#5198,10.);
#1575=VECTOR('',#5199,10.);
#1576=VECTOR('',#5202,10.);
#1577=VECTOR('',#5203,10.);
#1578=VECTOR('',#5204,10.);
#1579=VECTOR('',#5207,10.);
#1580=VECTOR('',#5208,10.);
#1581=VECTOR('',#5209,10.);
#1582=VECTOR('',#5212,10.);
#1583=VECTOR('',#5213,10.);
#1584=VECTOR('',#5214,10.);
#1585=VECTOR('',#5217,10.);
#1586=VECTOR('',#5218,10.);
#1587=VECTOR('',#5219,10.);
#1588=VECTOR('',#5222,10.);
#1589=VECTOR('',#5223,10.);
#1590=VECTOR('',#5224,10.);
#1591=VECTOR('',#5227,10.);
#1592=VECTOR('',#5228,10.);
#1593=VECTOR('',#5229,10.);
#1594=VECTOR('',#5232,10.);
#1595=VECTOR('',#5233,10.);
#1596=VECTOR('',#5234,10.);
#1597=VECTOR('',#5237,10.);
#1598=VECTOR('',#5238,10.);
#1599=VECTOR('',#5239,10.);
#1600=VECTOR('',#5242,10.);
#1601=VECTOR('',#5243,10.);
#1602=VECTOR('',#5250,10.);
#1603=VECTOR('',#5251,10.);
#1604=VECTOR('',#5252,10.);
#1605=VECTOR('',#5253,10.);
#1606=VECTOR('',#5256,10.);
#1607=VECTOR('',#5257,10.);
#1608=VECTOR('',#5258,10.);
#1609=VECTOR('',#5261,10.);
#1610=VECTOR('',#5262,10.);
#1611=VECTOR('',#5263,10.);
#1612=VECTOR('',#5266,10.);
#1613=VECTOR('',#5267,10.);
#1614=VECTOR('',#5272,10.);
#1615=VECTOR('',#5273,10.);
#1616=VECTOR('',#5274,10.);
#1617=VECTOR('',#5275,10.);
#1618=VECTOR('',#5276,10.);
#1619=VECTOR('',#5277,10.);
#1620=VECTOR('',#5278,10.);
#1621=VECTOR('',#5279,10.);
#1622=VECTOR('',#5280,10.);
#1623=VECTOR('',#5283,10.);
#1624=VECTOR('',#5284,10.);
#1625=VECTOR('',#5285,10.);
#1626=VECTOR('',#5286,10.);
#1627=VECTOR('',#5287,10.);
#1628=VECTOR('',#5288,10.);
#1629=VECTOR('',#5289,10.);
#1630=VECTOR('',#5290,10.);
#1631=VECTOR('',#5291,10.);
#1632=VECTOR('',#5292,10.);
#1633=VECTOR('',#5293,10.);
#1634=VECTOR('',#5296,10.);
#1635=VECTOR('',#5297,10.);
#1636=VECTOR('',#5304,10.);
#1637=VECTOR('',#5305,10.);
#1638=VECTOR('',#5306,10.);
#1639=VECTOR('',#5307,10.);
#1640=VECTOR('',#5310,10.);
#1641=VECTOR('',#5311,10.);
#1642=VECTOR('',#5312,10.);
#1643=VECTOR('',#5313,10.);
#1644=VECTOR('',#5314,10.);
#1645=VECTOR('',#5315,10.);
#1646=VECTOR('',#5316,10.);
#1647=VECTOR('',#5317,10.);
#1648=VECTOR('',#5318,10.);
#1649=VECTOR('',#5319,10.);
#1650=VECTOR('',#5320,10.);
#1651=VECTOR('',#5321,10.);
#1652=VECTOR('',#5322,10.);
#1653=VECTOR('',#5325,10.);
#1654=VECTOR('',#5326,10.);
#1655=VECTOR('',#5327,10.);
#1656=VECTOR('',#5328,10.);
#1657=VECTOR('',#5329,10.);
#1658=VECTOR('',#5330,10.);
#1659=VECTOR('',#5331,10.);
#1660=VECTOR('',#5332,10.);
#1661=VECTOR('',#5333,10.);
#1662=VECTOR('',#5334,10.);
#1663=VECTOR('',#5335,10.);
#1664=VECTOR('',#5338,10.);
#1665=VECTOR('',#5339,10.);
#1666=VECTOR('',#5340,10.);
#1667=VECTOR('',#5343,10.);
#1668=VECTOR('',#5344,10.);
#1669=VECTOR('',#5345,10.);
#1670=VECTOR('',#5348,10.);
#1671=VECTOR('',#5349,10.);
#1672=VECTOR('',#5356,10.);
#1673=VECTOR('',#5357,10.);
#1674=VECTOR('',#5358,10.);
#1675=VECTOR('',#5359,10.);
#1676=VECTOR('',#5362,10.);
#1677=VECTOR('',#5363,10.);
#1678=VECTOR('',#5364,10.);
#1679=VECTOR('',#5367,10.);
#1680=VECTOR('',#5368,10.);
#1681=VECTOR('',#5369,10.);
#1682=VECTOR('',#5372,10.);
#1683=VECTOR('',#5373,10.);
#1684=VECTOR('',#5374,10.);
#1685=VECTOR('',#5377,10.);
#1686=VECTOR('',#5378,10.);
#1687=VECTOR('',#5379,10.);
#1688=VECTOR('',#5382,10.);
#1689=VECTOR('',#5383,10.);
#1690=VECTOR('',#5384,10.);
#1691=VECTOR('',#5387,10.);
#1692=VECTOR('',#5388,10.);
#1693=VECTOR('',#5389,10.);
#1694=VECTOR('',#5392,10.);
#1695=VECTOR('',#5393,10.);
#1696=VECTOR('',#5400,10.);
#1697=VECTOR('',#5401,10.);
#1698=VECTOR('',#5402,10.);
#1699=VECTOR('',#5403,10.);
#1700=VECTOR('',#5404,10.);
#1701=VECTOR('',#5405,10.);
#1702=VECTOR('',#5406,10.);
#1703=VECTOR('',#5407,10.);
#1704=VECTOR('',#5408,10.);
#1705=VECTOR('',#5409,10.);
#1706=VECTOR('',#5412,10.);
#1707=VECTOR('',#5413,10.);
#1708=VECTOR('',#5414,10.);
#1709=VECTOR('',#5417,10.);
#1710=VECTOR('',#5418,10.);
#1711=VECTOR('',#5421,10.);
#1712=VECTOR('',#5422,10.);
#1713=VECTOR('',#5423,10.);
#1714=VECTOR('',#5424,10.);
#1715=VECTOR('',#5425,10.);
#1716=VECTOR('',#5426,10.);
#1717=VECTOR('',#5427,10.);
#1718=VECTOR('',#5428,10.);
#1719=VECTOR('',#5429,10.);
#1720=VECTOR('',#5430,10.);
#1721=VECTOR('',#5431,10.);
#1722=VECTOR('',#5434,10.);
#1723=VECTOR('',#5435,10.);
#1724=VECTOR('',#5436,10.);
#1725=VECTOR('',#5439,10.);
#1726=VECTOR('',#5440,10.);
#1727=VECTOR('',#5441,10.);
#1728=VECTOR('',#5444,10.);
#1729=VECTOR('',#5445,10.);
#1730=VECTOR('',#5446,10.);
#1731=VECTOR('',#5449,10.);
#1732=VECTOR('',#5450,10.);
#1733=VERTEX_POINT('',#5457);
#1734=VERTEX_POINT('',#5458);
#1735=VERTEX_POINT('',#5460);
#1736=VERTEX_POINT('',#5462);
#1737=VERTEX_POINT('',#5466);
#1738=VERTEX_POINT('',#5468);
#1739=VERTEX_POINT('',#5472);
#1740=VERTEX_POINT('',#5473);
#1741=VERTEX_POINT('',#5478);
#1742=VERTEX_POINT('',#5480);
#1743=VERTEX_POINT('',#5484);
#1744=VERTEX_POINT('',#5485);
#1745=VERTEX_POINT('',#5490);
#1746=VERTEX_POINT('',#5492);
#1747=VERTEX_POINT('',#5496);
#1748=VERTEX_POINT('',#5497);
#1749=VERTEX_POINT('',#5502);
#1750=VERTEX_POINT('',#5504);
#1751=VERTEX_POINT('',#5508);
#1752=VERTEX_POINT('',#5509);
#1753=VERTEX_POINT('',#5514);
#1754=VERTEX_POINT('',#5516);
#1755=VERTEX_POINT('',#5520);
#1756=VERTEX_POINT('',#5524);
#1757=VERTEX_POINT('',#5528);
#1758=VERTEX_POINT('',#5532);
#1759=VERTEX_POINT('',#5536);
#1760=VERTEX_POINT('',#5540);
#1761=VERTEX_POINT('',#5545);
#1762=VERTEX_POINT('',#5547);
#1763=VERTEX_POINT('',#5549);
#1764=VERTEX_POINT('',#5551);
#1765=VERTEX_POINT('',#5553);
#1766=VERTEX_POINT('',#5555);
#1767=VERTEX_POINT('',#5559);
#1768=VERTEX_POINT('',#5561);
#1769=VERTEX_POINT('',#5564);
#1770=VERTEX_POINT('',#5566);
#1771=VERTEX_POINT('',#5569);
#1772=VERTEX_POINT('',#5570);
#1773=VERTEX_POINT('',#5572);
#1774=VERTEX_POINT('',#5578);
#1775=VERTEX_POINT('',#5584);
#1776=VERTEX_POINT('',#5590);
#1777=VERTEX_POINT('',#5596);
#1778=VERTEX_POINT('',#5602);
#1779=VERTEX_POINT('',#5608);
#1780=VERTEX_POINT('',#5614);
#1781=VERTEX_POINT('',#5616);
#1782=VERTEX_POINT('',#5618);
#1783=VERTEX_POINT('',#5621);
#1784=VERTEX_POINT('',#5622);
#1785=VERTEX_POINT('',#5624);
#1786=VERTEX_POINT('',#5626);
#1787=VERTEX_POINT('',#5628);
#1788=VERTEX_POINT('',#5630);
#1789=VERTEX_POINT('',#5632);
#1790=VERTEX_POINT('',#5634);
#1791=VERTEX_POINT('',#5637);
#1792=VERTEX_POINT('',#5638);
#1793=VERTEX_POINT('',#5640);
#1794=VERTEX_POINT('',#5642);
#1795=VERTEX_POINT('',#5648);
#1796=VERTEX_POINT('',#5654);
#1797=VERTEX_POINT('',#5660);
#1798=VERTEX_POINT('',#5666);
#1799=VERTEX_POINT('',#5672);
#1800=VERTEX_POINT('',#5678);
#1801=VERTEX_POINT('',#5684);
#1802=VERTEX_POINT('',#5690);
#1803=VERTEX_POINT('',#5696);
#1804=VERTEX_POINT('',#5702);
#1805=VERTEX_POINT('',#5704);
#1806=VERTEX_POINT('',#5710);
#1807=VERTEX_POINT('',#5716);
#1808=VERTEX_POINT('',#5722);
#1809=VERTEX_POINT('',#5728);
#1810=VERTEX_POINT('',#5734);
#1811=VERTEX_POINT('',#5740);
#1812=VERTEX_POINT('',#5746);
#1813=VERTEX_POINT('',#5752);
#1814=VERTEX_POINT('',#5754);
#1815=VERTEX_POINT('',#5757);
#1816=VERTEX_POINT('',#5758);
#1817=VERTEX_POINT('',#5764);
#1818=VERTEX_POINT('',#5770);
#1819=VERTEX_POINT('',#5776);
#1820=VERTEX_POINT('',#5782);
#1821=VERTEX_POINT('',#5788);
#1822=VERTEX_POINT('',#5794);
#1823=VERTEX_POINT('',#5800);
#1824=VERTEX_POINT('',#5806);
#1825=VERTEX_POINT('',#5808);
#1826=VERTEX_POINT('',#5814);
#1827=VERTEX_POINT('',#5820);
#1828=VERTEX_POINT('',#5826);
#1829=VERTEX_POINT('',#5832);
#1830=VERTEX_POINT('',#5838);
#1831=VERTEX_POINT('',#5844);
#1832=VERTEX_POINT('',#5850);
#1833=VERTEX_POINT('',#5857);
#1834=VERTEX_POINT('',#5858);
#1835=VERTEX_POINT('',#5860);
#1836=VERTEX_POINT('',#5862);
#1837=VERTEX_POINT('',#5865);
#1838=VERTEX_POINT('',#5866);
#1839=VERTEX_POINT('',#5868);
#1840=VERTEX_POINT('',#5870);
#1841=VERTEX_POINT('',#5872);
#1842=VERTEX_POINT('',#5874);
#1843=VERTEX_POINT('',#5876);
#1844=VERTEX_POINT('',#5878);
#1845=VERTEX_POINT('',#5880);
#1846=VERTEX_POINT('',#5882);
#1847=VERTEX_POINT('',#5885);
#1848=VERTEX_POINT('',#5886);
#1849=VERTEX_POINT('',#5888);
#1850=VERTEX_POINT('',#5890);
#1851=VERTEX_POINT('',#5892);
#1852=VERTEX_POINT('',#5894);
#1853=VERTEX_POINT('',#5896);
#1854=VERTEX_POINT('',#5898);
#1855=VERTEX_POINT('',#5900);
#1856=VERTEX_POINT('',#5902);
#1857=VERTEX_POINT('',#5904);
#1858=VERTEX_POINT('',#5906);
#1859=VERTEX_POINT('',#5910);
#1860=VERTEX_POINT('',#5912);
#1861=VERTEX_POINT('',#5921);
#1862=VERTEX_POINT('',#5923);
#1863=VERTEX_POINT('',#5932);
#1864=VERTEX_POINT('',#5933);
#1865=VERTEX_POINT('',#5935);
#1866=VERTEX_POINT('',#5937);
#1867=VERTEX_POINT('',#5950);
#1868=VERTEX_POINT('',#5956);
#1869=VERTEX_POINT('',#5973);
#1870=VERTEX_POINT('',#5979);
#1871=VERTEX_POINT('',#5996);
#1872=VERTEX_POINT('',#6002);
#1873=VERTEX_POINT('',#6019);
#1874=VERTEX_POINT('',#6025);
#1875=VERTEX_POINT('',#6042);
#1876=VERTEX_POINT('',#6048);
#1877=VERTEX_POINT('',#6065);
#1878=VERTEX_POINT('',#6071);
#1879=VERTEX_POINT('',#6079);
#1880=VERTEX_POINT('',#6081);
#1881=VERTEX_POINT('',#6088);
#1882=VERTEX_POINT('',#6089);
#1883=VERTEX_POINT('',#6103);
#1884=VERTEX_POINT('',#6120);
#1885=VERTEX_POINT('',#6137);
#1886=VERTEX_POINT('',#6154);
#1887=VERTEX_POINT('',#6171);
#1888=VERTEX_POINT('',#6188);
#1889=VERTEX_POINT('',#6205);
#1890=VERTEX_POINT('',#6213);
#1891=VERTEX_POINT('',#6217);
#1892=VERTEX_POINT('',#6221);
#1893=VERTEX_POINT('',#6228);
#1894=VERTEX_POINT('',#6229);
#1895=VERTEX_POINT('',#6234);
#1896=VERTEX_POINT('',#6238);
#1897=VERTEX_POINT('',#6242);
#1898=VERTEX_POINT('',#6246);
#1899=VERTEX_POINT('',#6250);
#1900=VERTEX_POINT('',#6254);
#1901=VERTEX_POINT('',#6261);
#1902=VERTEX_POINT('',#6262);
#1903=VERTEX_POINT('',#6267);
#1904=VERTEX_POINT('',#6280);
#1905=VERTEX_POINT('',#6297);
#1906=VERTEX_POINT('',#6314);
#1907=VERTEX_POINT('',#6331);
#1908=VERTEX_POINT('',#6348);
#1909=VERTEX_POINT('',#6365);
#1910=VERTEX_POINT('',#6382);
#1911=VERTEX_POINT('',#6399);
#1912=VERTEX_POINT('',#6416);
#1913=VERTEX_POINT('',#6433);
#1914=VERTEX_POINT('',#6441);
#1915=VERTEX_POINT('',#6454);
#1916=VERTEX_POINT('',#6471);
#1917=VERTEX_POINT('',#6488);
#1918=VERTEX_POINT('',#6505);
#1919=VERTEX_POINT('',#6522);
#1920=VERTEX_POINT('',#6539);
#1921=VERTEX_POINT('',#6556);
#1922=VERTEX_POINT('',#6573);
#1923=VERTEX_POINT('',#6581);
#1924=VERTEX_POINT('',#6585);
#1925=VERTEX_POINT('',#6601);
#1926=VERTEX_POINT('',#6602);
#1927=VERTEX_POINT('',#6620);
#1928=VERTEX_POINT('',#6637);
#1929=VERTEX_POINT('',#6654);
#1930=VERTEX_POINT('',#6671);
#1931=VERTEX_POINT('',#6688);
#1932=VERTEX_POINT('',#6705);
#1933=VERTEX_POINT('',#6722);
#1934=VERTEX_POINT('',#6730);
#1935=VERTEX_POINT('',#6743);
#1936=VERTEX_POINT('',#6760);
#1937=VERTEX_POINT('',#6777);
#1938=VERTEX_POINT('',#6794);
#1939=VERTEX_POINT('',#6811);
#1940=VERTEX_POINT('',#6828);
#1941=VERTEX_POINT('',#6845);
#1942=VERTEX_POINT('',#6862);
#1943=VERTEX_POINT('',#6873);
#1944=VERTEX_POINT('',#6874);
#1945=VERTEX_POINT('',#6879);
#1946=VERTEX_POINT('',#6883);
#1947=VERTEX_POINT('',#6890);
#1948=VERTEX_POINT('',#6891);
#1949=VERTEX_POINT('',#6896);
#1950=VERTEX_POINT('',#6900);
#1951=VERTEX_POINT('',#6904);
#1952=VERTEX_POINT('',#6908);
#1953=VERTEX_POINT('',#6912);
#1954=VERTEX_POINT('',#6916);
#1955=VERTEX_POINT('',#6920);
#1956=VERTEX_POINT('',#6924);
#1957=VERTEX_POINT('',#6931);
#1958=VERTEX_POINT('',#6932);
#1959=VERTEX_POINT('',#6937);
#1960=VERTEX_POINT('',#6941);
#1961=VERTEX_POINT('',#6945);
#1962=VERTEX_POINT('',#6949);
#1963=VERTEX_POINT('',#6953);
#1964=VERTEX_POINT('',#6957);
#1965=VERTEX_POINT('',#6961);
#1966=VERTEX_POINT('',#6965);
#1967=VERTEX_POINT('',#6969);
#1968=VERTEX_POINT('',#6973);
#1969=VERTEX_POINT('',#6982);
#1970=VERTEX_POINT('',#6983);
#1971=VERTEX_POINT('',#6985);
#1972=VERTEX_POINT('',#6987);
#1973=VERTEX_POINT('',#6991);
#1974=VERTEX_POINT('',#6993);
#1975=VERTEX_POINT('',#6997);
#1976=VERTEX_POINT('',#6999);
#1977=VERTEX_POINT('',#7003);
#1978=VERTEX_POINT('',#7005);
#1979=VERTEX_POINT('',#7009);
#1980=VERTEX_POINT('',#7011);
#1981=VERTEX_POINT('',#7015);
#1982=VERTEX_POINT('',#7017);
#1983=VERTEX_POINT('',#7021);
#1984=VERTEX_POINT('',#7023);
#1985=VERTEX_POINT('',#7027);
#1986=VERTEX_POINT('',#7029);
#1987=VERTEX_POINT('',#7033);
#1988=VERTEX_POINT('',#7035);
#1989=VERTEX_POINT('',#7039);
#1990=VERTEX_POINT('',#7041);
#1991=VERTEX_POINT('',#7045);
#1992=VERTEX_POINT('',#7047);
#1993=VERTEX_POINT('',#7056);
#1994=VERTEX_POINT('',#7057);
#1995=VERTEX_POINT('',#7059);
#1996=VERTEX_POINT('',#7061);
#1997=VERTEX_POINT('',#7065);
#1998=VERTEX_POINT('',#7067);
#1999=VERTEX_POINT('',#7071);
#2000=VERTEX_POINT('',#7073);
#2001=VERTEX_POINT('',#7077);
#2002=VERTEX_POINT('',#7079);
#2003=VERTEX_POINT('',#7083);
#2004=VERTEX_POINT('',#7085);
#2005=VERTEX_POINT('',#7089);
#2006=VERTEX_POINT('',#7091);
#2007=VERTEX_POINT('',#7095);
#2008=VERTEX_POINT('',#7097);
#2009=VERTEX_POINT('',#7101);
#2010=VERTEX_POINT('',#7103);
#2011=VERTEX_POINT('',#7107);
#2012=VERTEX_POINT('',#7109);
#2013=VERTEX_POINT('',#7118);
#2014=VERTEX_POINT('',#7119);
#2015=VERTEX_POINT('',#7121);
#2016=VERTEX_POINT('',#7123);
#2017=VERTEX_POINT('',#7127);
#2018=VERTEX_POINT('',#7129);
#2019=VERTEX_POINT('',#7133);
#2020=VERTEX_POINT('',#7135);
#2021=VERTEX_POINT('',#7153);
#2022=VERTEX_POINT('',#7154);
#2023=VERTEX_POINT('',#7160);
#2024=VERTEX_POINT('',#7162);
#2025=VERTEX_POINT('',#7179);
#2026=VERTEX_POINT('',#7185);
#2027=VERTEX_POINT('',#7202);
#2028=VERTEX_POINT('',#7208);
#2029=VERTEX_POINT('',#7225);
#2030=VERTEX_POINT('',#7231);
#2031=VERTEX_POINT('',#7248);
#2032=VERTEX_POINT('',#7254);
#2033=VERTEX_POINT('',#7271);
#2034=VERTEX_POINT('',#7277);
#2035=VERTEX_POINT('',#7294);
#2036=VERTEX_POINT('',#7300);
#2037=VERTEX_POINT('',#7317);
#2038=VERTEX_POINT('',#7323);
#2039=VERTEX_POINT('',#7331);
#2040=VERTEX_POINT('',#7333);
#2041=VERTEX_POINT('',#7346);
#2042=VERTEX_POINT('',#7352);
#2043=VERTEX_POINT('',#7369);
#2044=VERTEX_POINT('',#7375);
#2045=VERTEX_POINT('',#7392);
#2046=VERTEX_POINT('',#7398);
#2047=VERTEX_POINT('',#7415);
#2048=VERTEX_POINT('',#7421);
#2049=VERTEX_POINT('',#7438);
#2050=VERTEX_POINT('',#7444);
#2051=VERTEX_POINT('',#7461);
#2052=VERTEX_POINT('',#7467);
#2053=VERTEX_POINT('',#7484);
#2054=VERTEX_POINT('',#7490);
#2055=VERTEX_POINT('',#7507);
#2056=VERTEX_POINT('',#7513);
#2057=VERTEX_POINT('',#7526);
#2058=VERTEX_POINT('',#7527);
#2059=VERTEX_POINT('',#7529);
#2060=VERTEX_POINT('',#7531);
#2061=VERTEX_POINT('',#7535);
#2062=VERTEX_POINT('',#7537);
#2063=VERTEX_POINT('',#7550);
#2064=VERTEX_POINT('',#7556);
#2065=VERTEX_POINT('',#7573);
#2066=VERTEX_POINT('',#7579);
#2067=VERTEX_POINT('',#7596);
#2068=VERTEX_POINT('',#7602);
#2069=VERTEX_POINT('',#7619);
#2070=VERTEX_POINT('',#7625);
#2071=VERTEX_POINT('',#7642);
#2072=VERTEX_POINT('',#7648);
#2073=VERTEX_POINT('',#7665);
#2074=VERTEX_POINT('',#7671);
#2075=VERTEX_POINT('',#7688);
#2076=VERTEX_POINT('',#7694);
#2077=VERTEX_POINT('',#7711);
#2078=VERTEX_POINT('',#7717);
#2079=VERTEX_POINT('',#7734);
#2080=VERTEX_POINT('',#7740);
#2081=VERTEX_POINT('',#7757);
#2082=VERTEX_POINT('',#7763);
#2083=VERTEX_POINT('',#7771);
#2084=VERTEX_POINT('',#7773);
#2085=VERTEX_POINT('',#7786);
#2086=VERTEX_POINT('',#7792);
#2087=VERTEX_POINT('',#7809);
#2088=VERTEX_POINT('',#7815);
#2089=VERTEX_POINT('',#7832);
#2090=VERTEX_POINT('',#7838);
#2091=VERTEX_POINT('',#7855);
#2092=VERTEX_POINT('',#7861);
#2093=VERTEX_POINT('',#7878);
#2094=VERTEX_POINT('',#7884);
#2095=VERTEX_POINT('',#7901);
#2096=VERTEX_POINT('',#7907);
#2097=VERTEX_POINT('',#7924);
#2098=VERTEX_POINT('',#7930);
#2099=VERTEX_POINT('',#7947);
#2100=VERTEX_POINT('',#7953);
#2101=VERTEX_POINT('',#7961);
#2102=VERTEX_POINT('',#7963);
#2103=VERTEX_POINT('',#7967);
#2104=VERTEX_POINT('',#7969);
#2105=VERTEX_POINT('',#7978);
#2106=VERTEX_POINT('',#7979);
#2107=VERTEX_POINT('',#7981);
#2108=VERTEX_POINT('',#7983);
#2109=VERTEX_POINT('',#7987);
#2110=VERTEX_POINT('',#7989);
#2111=VERTEX_POINT('',#7993);
#2112=VERTEX_POINT('',#7995);
#2113=VERTEX_POINT('',#7999);
#2114=VERTEX_POINT('',#8001);
#2115=VERTEX_POINT('',#8005);
#2116=VERTEX_POINT('',#8007);
#2117=VERTEX_POINT('',#8011);
#2118=VERTEX_POINT('',#8013);
#2119=VERTEX_POINT('',#8017);
#2120=VERTEX_POINT('',#8019);
#2121=VERTEX_POINT('',#8028);
#2122=VERTEX_POINT('',#8029);
#2123=VERTEX_POINT('',#8031);
#2124=VERTEX_POINT('',#8033);
#2125=VERTEX_POINT('',#8046);
#2126=VERTEX_POINT('',#8052);
#2127=VERTEX_POINT('',#8069);
#2128=VERTEX_POINT('',#8075);
#2129=VERTEX_POINT('',#8092);
#2130=VERTEX_POINT('',#8098);
#2131=VERTEX_POINT('',#8115);
#2132=VERTEX_POINT('',#8121);
#2133=VERTEX_POINT('',#8138);
#2134=VERTEX_POINT('',#8144);
#2135=VERTEX_POINT('',#8161);
#2136=VERTEX_POINT('',#8167);
#2137=VERTEX_POINT('',#8175);
#2138=VERTEX_POINT('',#8177);
#2139=VERTEX_POINT('',#8184);
#2140=VERTEX_POINT('',#8185);
#2141=VERTEX_POINT('',#8187);
#2142=VERTEX_POINT('',#8189);
#2143=VERTEX_POINT('',#8202);
#2144=VERTEX_POINT('',#8208);
#2145=VERTEX_POINT('',#8225);
#2146=VERTEX_POINT('',#8231);
#2147=VERTEX_POINT('',#8248);
#2148=VERTEX_POINT('',#8254);
#2149=VERTEX_POINT('',#8271);
#2150=VERTEX_POINT('',#8277);
#2151=VERTEX_POINT('',#8294);
#2152=VERTEX_POINT('',#8300);
#2153=VERTEX_POINT('',#8317);
#2154=VERTEX_POINT('',#8323);
#2155=VERTEX_POINT('',#8340);
#2156=VERTEX_POINT('',#8346);
#2157=VERTEX_POINT('',#8354);
#2158=VERTEX_POINT('',#8356);
#2159=VERTEX_POINT('',#8360);
#2160=VERTEX_POINT('',#8362);
#2161=VERTEX_POINT('',#8366);
#2162=VERTEX_POINT('',#8368);
#2163=EDGE_CURVE('',#1733,#1734,#843,.F.);
#2164=EDGE_CURVE('',#1734,#1735,#844,.T.);
#2165=EDGE_CURVE('',#1735,#1736,#845,.T.);
#2166=EDGE_CURVE('',#1736,#1733,#846,.T.);
#2167=EDGE_CURVE('',#1735,#1737,#327,.T.);
#2168=EDGE_CURVE('',#1737,#1738,#847,.T.);
#2169=EDGE_CURVE('',#1738,#1736,#328,.T.);
#2170=EDGE_CURVE('',#1739,#1740,#848,.T.);
#2171=EDGE_CURVE('',#1740,#1738,#849,.T.);
#2172=EDGE_CURVE('',#1737,#1739,#850,.T.);
#2173=EDGE_CURVE('',#1739,#1741,#329,.T.);
#2174=EDGE_CURVE('',#1741,#1742,#851,.T.);
#2175=EDGE_CURVE('',#1742,#1740,#330,.T.);
#2176=EDGE_CURVE('',#1743,#1744,#852,.T.);
#2177=EDGE_CURVE('',#1744,#1742,#853,.T.);
#2178=EDGE_CURVE('',#1741,#1743,#854,.T.);
#2179=EDGE_CURVE('',#1743,#1745,#331,.T.);
#2180=EDGE_CURVE('',#1745,#1746,#855,.T.);
#2181=EDGE_CURVE('',#1746,#1744,#332,.T.);
#2182=EDGE_CURVE('',#1747,#1748,#856,.T.);
#2183=EDGE_CURVE('',#1748,#1746,#857,.T.);
#2184=EDGE_CURVE('',#1745,#1747,#858,.T.);
#2185=EDGE_CURVE('',#1747,#1749,#333,.T.);
#2186=EDGE_CURVE('',#1749,#1750,#859,.T.);
#2187=EDGE_CURVE('',#1750,#1748,#334,.T.);
#2188=EDGE_CURVE('',#1751,#1752,#860,.F.);
#2189=EDGE_CURVE('',#1752,#1750,#861,.T.);
#2190=EDGE_CURVE('',#1749,#1751,#862,.T.);
#2191=EDGE_CURVE('',#1747,#1753,#863,.T.);
#2192=EDGE_CURVE('',#1753,#1754,#335,.T.);
#2193=EDGE_CURVE('',#1754,#1749,#864,.T.);
#2194=EDGE_CURVE('',#1755,#1745,#865,.T.);
#2195=EDGE_CURVE('',#1753,#1755,#866,.T.);
#2196=EDGE_CURVE('',#1743,#1756,#867,.T.);
#2197=EDGE_CURVE('',#1756,#1755,#336,.T.);
#2198=EDGE_CURVE('',#1757,#1741,#868,.T.);
#2199=EDGE_CURVE('',#1756,#1757,#869,.T.);
#2200=EDGE_CURVE('',#1739,#1758,#870,.T.);
#2201=EDGE_CURVE('',#1758,#1757,#337,.T.);
#2202=EDGE_CURVE('',#1759,#1737,#871,.T.);
#2203=EDGE_CURVE('',#1758,#1759,#872,.T.);
#2204=EDGE_CURVE('',#1735,#1760,#873,.T.);
#2205=EDGE_CURVE('',#1760,#1759,#338,.T.);
#2206=EDGE_CURVE('',#1760,#1754,#874,.T.);
#2207=EDGE_CURVE('',#1734,#1761,#875,.T.);
#2208=EDGE_CURVE('',#1761,#1762,#876,.T.);
#2209=EDGE_CURVE('',#1762,#1763,#877,.T.);
#2210=EDGE_CURVE('',#1764,#1763,#878,.T.);
#2211=EDGE_CURVE('',#1764,#1765,#879,.T.);
#2212=EDGE_CURVE('',#1765,#1766,#880,.T.);
#2213=EDGE_CURVE('',#1766,#1751,#881,.T.);
#2214=EDGE_CURVE('',#1752,#1767,#882,.T.);
#2215=EDGE_CURVE('',#1767,#1768,#339,.T.);
#2216=EDGE_CURVE('',#1768,#1764,#883,.T.);
#2217=EDGE_CURVE('',#1763,#1769,#884,.T.);
#2218=EDGE_CURVE('',#1769,#1770,#340,.T.);
#2219=EDGE_CURVE('',#1770,#1733,#885,.T.);
#2220=EDGE_CURVE('',#1771,#1772,#886,.T.);
#2221=EDGE_CURVE('',#1772,#1773,#133,.T.);
#2222=EDGE_CURVE('',#1773,#1774,#134,.T.);
#2223=EDGE_CURVE('',#1774,#1775,#135,.T.);
#2224=EDGE_CURVE('',#1775,#1776,#136,.T.);
#2225=EDGE_CURVE('',#1776,#1777,#137,.T.);
#2226=EDGE_CURVE('',#1777,#1778,#138,.T.);
#2227=EDGE_CURVE('',#1778,#1779,#139,.T.);
#2228=EDGE_CURVE('',#1779,#1780,#887,.T.);
#2229=EDGE_CURVE('',#1780,#1781,#888,.T.);
#2230=EDGE_CURVE('',#1781,#1782,#889,.T.);
#2231=EDGE_CURVE('',#1782,#1771,#890,.T.);
#2232=EDGE_CURVE('',#1783,#1784,#891,.T.);
#2233=EDGE_CURVE('',#1784,#1785,#892,.T.);
#2234=EDGE_CURVE('',#1785,#1786,#893,.T.);
#2235=EDGE_CURVE('',#1786,#1787,#894,.T.);
#2236=EDGE_CURVE('',#1787,#1788,#895,.T.);
#2237=EDGE_CURVE('',#1788,#1789,#896,.T.);
#2238=EDGE_CURVE('',#1789,#1790,#897,.T.);
#2239=EDGE_CURVE('',#1790,#1783,#898,.T.);
#2240=EDGE_CURVE('',#1791,#1792,#899,.T.);
#2241=EDGE_CURVE('',#1792,#1793,#900,.T.);
#2242=EDGE_CURVE('',#1793,#1794,#140,.T.);
#2243=EDGE_CURVE('',#1794,#1795,#141,.T.);
#2244=EDGE_CURVE('',#1795,#1796,#142,.T.);
#2245=EDGE_CURVE('',#1796,#1797,#143,.T.);
#2246=EDGE_CURVE('',#1797,#1798,#144,.T.);
#2247=EDGE_CURVE('',#1798,#1799,#145,.T.);
#2248=EDGE_CURVE('',#1799,#1800,#146,.T.);
#2249=EDGE_CURVE('',#1800,#1801,#147,.T.);
#2250=EDGE_CURVE('',#1801,#1802,#148,.T.);
#2251=EDGE_CURVE('',#1802,#1803,#149,.T.);
#2252=EDGE_CURVE('',#1803,#1804,#901,.T.);
#2253=EDGE_CURVE('',#1804,#1805,#150,.T.);
#2254=EDGE_CURVE('',#1805,#1806,#151,.T.);
#2255=EDGE_CURVE('',#1806,#1807,#152,.T.);
#2256=EDGE_CURVE('',#1807,#1808,#153,.T.);
#2257=EDGE_CURVE('',#1808,#1809,#154,.T.);
#2258=EDGE_CURVE('',#1809,#1810,#155,.T.);
#2259=EDGE_CURVE('',#1810,#1811,#156,.T.);
#2260=EDGE_CURVE('',#1811,#1812,#157,.T.);
#2261=EDGE_CURVE('',#1812,#1813,#902,.T.);
#2262=EDGE_CURVE('',#1813,#1814,#903,.T.);
#2263=EDGE_CURVE('',#1814,#1791,#904,.T.);
#2264=EDGE_CURVE('',#1815,#1816,#158,.T.);
#2265=EDGE_CURVE('',#1816,#1817,#159,.T.);
#2266=EDGE_CURVE('',#1817,#1818,#160,.T.);
#2267=EDGE_CURVE('',#1818,#1819,#161,.T.);
#2268=EDGE_CURVE('',#1819,#1820,#162,.T.);
#2269=EDGE_CURVE('',#1820,#1821,#163,.T.);
#2270=EDGE_CURVE('',#1821,#1822,#164,.T.);
#2271=EDGE_CURVE('',#1822,#1823,#165,.T.);
#2272=EDGE_CURVE('',#1823,#1824,#905,.T.);
#2273=EDGE_CURVE('',#1824,#1825,#166,.T.);
#2274=EDGE_CURVE('',#1825,#1826,#167,.T.);
#2275=EDGE_CURVE('',#1826,#1827,#168,.T.);
#2276=EDGE_CURVE('',#1827,#1828,#169,.T.);
#2277=EDGE_CURVE('',#1828,#1829,#170,.T.);
#2278=EDGE_CURVE('',#1829,#1830,#171,.T.);
#2279=EDGE_CURVE('',#1830,#1831,#172,.T.);
#2280=EDGE_CURVE('',#1831,#1832,#173,.T.);
#2281=EDGE_CURVE('',#1832,#1815,#906,.T.);
#2282=EDGE_CURVE('',#1833,#1834,#907,.T.);
#2283=EDGE_CURVE('',#1834,#1835,#908,.T.);
#2284=EDGE_CURVE('',#1835,#1836,#909,.T.);
#2285=EDGE_CURVE('',#1836,#1833,#910,.T.);
#2286=EDGE_CURVE('',#1837,#1838,#911,.T.);
#2287=EDGE_CURVE('',#1838,#1839,#912,.T.);
#2288=EDGE_CURVE('',#1839,#1840,#913,.T.);
#2289=EDGE_CURVE('',#1840,#1841,#914,.T.);
#2290=EDGE_CURVE('',#1841,#1842,#915,.T.);
#2291=EDGE_CURVE('',#1842,#1843,#916,.T.);
#2292=EDGE_CURVE('',#1843,#1844,#917,.T.);
#2293=EDGE_CURVE('',#1844,#1845,#918,.T.);
#2294=EDGE_CURVE('',#1845,#1846,#919,.T.);
#2295=EDGE_CURVE('',#1846,#1837,#920,.T.);
#2296=EDGE_CURVE('',#1847,#1848,#921,.T.);
#2297=EDGE_CURVE('',#1848,#1849,#922,.T.);
#2298=EDGE_CURVE('',#1849,#1850,#923,.T.);
#2299=EDGE_CURVE('',#1850,#1851,#924,.T.);
#2300=EDGE_CURVE('',#1851,#1852,#925,.T.);
#2301=EDGE_CURVE('',#1852,#1853,#926,.T.);
#2302=EDGE_CURVE('',#1853,#1854,#927,.T.);
#2303=EDGE_CURVE('',#1854,#1855,#928,.T.);
#2304=EDGE_CURVE('',#1855,#1856,#929,.T.);
#2305=EDGE_CURVE('',#1856,#1857,#930,.T.);
#2306=EDGE_CURVE('',#1857,#1858,#931,.T.);
#2307=EDGE_CURVE('',#1858,#1847,#932,.T.);
#2308=EDGE_CURVE('',#1767,#1859,#933,.T.);
#2309=EDGE_CURVE('',#1860,#1859,#341,.T.);
#2310=EDGE_CURVE('',#1768,#1860,#934,.T.);
#2311=EDGE_CURVE('',#1765,#1860,#935,.T.);
#2312=EDGE_CURVE('',#1859,#1766,#936,.T.);
#2313=EDGE_CURVE('',#1769,#1861,#937,.T.);
#2314=EDGE_CURVE('',#1862,#1861,#342,.T.);
#2315=EDGE_CURVE('',#1770,#1862,#938,.T.);
#2316=EDGE_CURVE('',#1761,#1862,#939,.T.);
#2317=EDGE_CURVE('',#1861,#1762,#940,.T.);
#2318=EDGE_CURVE('',#1863,#1864,#941,.T.);
#2319=EDGE_CURVE('',#1864,#1865,#942,.T.);
#2320=EDGE_CURVE('',#1866,#1865,#943,.T.);
#2321=EDGE_CURVE('',#1863,#1866,#944,.T.);
#2322=EDGE_CURVE('',#1864,#1867,#174,.T.);
#2323=EDGE_CURVE('',#1867,#1868,#945,.T.);
#2324=EDGE_CURVE('',#1865,#1868,#175,.T.);
#2325=EDGE_CURVE('',#1867,#1869,#176,.T.);
#2326=EDGE_CURVE('',#1869,#1870,#946,.T.);
#2327=EDGE_CURVE('',#1868,#1870,#177,.T.);
#2328=EDGE_CURVE('',#1869,#1871,#178,.T.);
#2329=EDGE_CURVE('',#1871,#1872,#947,.T.);
#2330=EDGE_CURVE('',#1870,#1872,#179,.T.);
#2331=EDGE_CURVE('',#1871,#1873,#180,.T.);
#2332=EDGE_CURVE('',#1873,#1874,#948,.T.);
#2333=EDGE_CURVE('',#1872,#1874,#181,.T.);
#2334=EDGE_CURVE('',#1873,#1875,#182,.T.);
#2335=EDGE_CURVE('',#1875,#1876,#949,.T.);
#2336=EDGE_CURVE('',#1874,#1876,#183,.T.);
#2337=EDGE_CURVE('',#1875,#1877,#184,.T.);
#2338=EDGE_CURVE('',#1877,#1878,#950,.T.);
#2339=EDGE_CURVE('',#1876,#1878,#185,.T.);
#2340=EDGE_CURVE('',#1877,#1879,#951,.T.);
#2341=EDGE_CURVE('',#1879,#1880,#952,.T.);
#2342=EDGE_CURVE('',#1878,#1880,#953,.T.);
#2343=EDGE_CURVE('',#1879,#1863,#954,.T.);
#2344=EDGE_CURVE('',#1880,#1866,#955,.T.);
#2345=EDGE_CURVE('',#1881,#1882,#956,.T.);
#2346=EDGE_CURVE('',#1882,#1772,#957,.T.);
#2347=EDGE_CURVE('',#1881,#1771,#958,.T.);
#2348=EDGE_CURVE('',#1882,#1883,#186,.T.);
#2349=EDGE_CURVE('',#1883,#1773,#959,.T.);
#2350=EDGE_CURVE('',#1883,#1884,#187,.T.);
#2351=EDGE_CURVE('',#1884,#1774,#960,.T.);
#2352=EDGE_CURVE('',#1884,#1885,#188,.T.);
#2353=EDGE_CURVE('',#1885,#1775,#961,.T.);
#2354=EDGE_CURVE('',#1885,#1886,#189,.T.);
#2355=EDGE_CURVE('',#1886,#1776,#962,.T.);
#2356=EDGE_CURVE('',#1886,#1887,#190,.T.);
#2357=EDGE_CURVE('',#1887,#1777,#963,.T.);
#2358=EDGE_CURVE('',#1887,#1888,#191,.T.);
#2359=EDGE_CURVE('',#1888,#1778,#964,.T.);
#2360=EDGE_CURVE('',#1888,#1889,#192,.T.);
#2361=EDGE_CURVE('',#1889,#1779,#965,.T.);
#2362=EDGE_CURVE('',#1889,#1890,#966,.T.);
#2363=EDGE_CURVE('',#1890,#1780,#967,.T.);
#2364=EDGE_CURVE('',#1890,#1891,#968,.T.);
#2365=EDGE_CURVE('',#1891,#1781,#969,.T.);
#2366=EDGE_CURVE('',#1891,#1892,#970,.T.);
#2367=EDGE_CURVE('',#1892,#1782,#971,.T.);
#2368=EDGE_CURVE('',#1892,#1881,#972,.T.);
#2369=EDGE_CURVE('',#1893,#1894,#973,.T.);
#2370=EDGE_CURVE('',#1894,#1784,#974,.T.);
#2371=EDGE_CURVE('',#1893,#1783,#975,.T.);
#2372=EDGE_CURVE('',#1894,#1895,#976,.T.);
#2373=EDGE_CURVE('',#1895,#1785,#977,.T.);
#2374=EDGE_CURVE('',#1895,#1896,#978,.T.);
#2375=EDGE_CURVE('',#1896,#1786,#979,.T.);
#2376=EDGE_CURVE('',#1896,#1897,#980,.T.);
#2377=EDGE_CURVE('',#1897,#1787,#981,.T.);
#2378=EDGE_CURVE('',#1897,#1898,#982,.T.);
#2379=EDGE_CURVE('',#1898,#1788,#983,.T.);
#2380=EDGE_CURVE('',#1898,#1899,#984,.T.);
#2381=EDGE_CURVE('',#1899,#1789,#985,.T.);
#2382=EDGE_CURVE('',#1899,#1900,#986,.T.);
#2383=EDGE_CURVE('',#1900,#1790,#987,.T.);
#2384=EDGE_CURVE('',#1900,#1893,#988,.T.);
#2385=EDGE_CURVE('',#1901,#1902,#989,.T.);
#2386=EDGE_CURVE('',#1902,#1792,#990,.T.);
#2387=EDGE_CURVE('',#1901,#1791,#991,.T.);
#2388=EDGE_CURVE('',#1902,#1903,#992,.T.);
#2389=EDGE_CURVE('',#1903,#1793,#993,.T.);
#2390=EDGE_CURVE('',#1903,#1904,#193,.T.);
#2391=EDGE_CURVE('',#1904,#1794,#994,.T.);
#2392=EDGE_CURVE('',#1904,#1905,#194,.T.);
#2393=EDGE_CURVE('',#1905,#1795,#995,.T.);
#2394=EDGE_CURVE('',#1905,#1906,#195,.T.);
#2395=EDGE_CURVE('',#1906,#1796,#996,.T.);
#2396=EDGE_CURVE('',#1906,#1907,#196,.T.);
#2397=EDGE_CURVE('',#1907,#1797,#997,.T.);
#2398=EDGE_CURVE('',#1907,#1908,#197,.T.);
#2399=EDGE_CURVE('',#1908,#1798,#998,.T.);
#2400=EDGE_CURVE('',#1908,#1909,#198,.T.);
#2401=EDGE_CURVE('',#1909,#1799,#999,.T.);
#2402=EDGE_CURVE('',#1909,#1910,#199,.T.);
#2403=EDGE_CURVE('',#1910,#1800,#1000,.T.);
#2404=EDGE_CURVE('',#1910,#1911,#200,.T.);
#2405=EDGE_CURVE('',#1911,#1801,#1001,.T.);
#2406=EDGE_CURVE('',#1911,#1912,#201,.T.);
#2407=EDGE_CURVE('',#1912,#1802,#1002,.T.);
#2408=EDGE_CURVE('',#1912,#1913,#202,.T.);
#2409=EDGE_CURVE('',#1913,#1803,#1003,.T.);
#2410=EDGE_CURVE('',#1913,#1914,#1004,.T.);
#2411=EDGE_CURVE('',#1914,#1804,#1005,.T.);
#2412=EDGE_CURVE('',#1914,#1915,#203,.T.);
#2413=EDGE_CURVE('',#1915,#1805,#1006,.T.);
#2414=EDGE_CURVE('',#1915,#1916,#204,.T.);
#2415=EDGE_CURVE('',#1916,#1806,#1007,.T.);
#2416=EDGE_CURVE('',#1916,#1917,#205,.T.);
#2417=EDGE_CURVE('',#1917,#1807,#1008,.T.);
#2418=EDGE_CURVE('',#1917,#1918,#206,.T.);
#2419=EDGE_CURVE('',#1918,#1808,#1009,.T.);
#2420=EDGE_CURVE('',#1918,#1919,#207,.T.);
#2421=EDGE_CURVE('',#1919,#1809,#1010,.T.);
#2422=EDGE_CURVE('',#1919,#1920,#208,.T.);
#2423=EDGE_CURVE('',#1920,#1810,#1011,.T.);
#2424=EDGE_CURVE('',#1920,#1921,#209,.T.);
#2425=EDGE_CURVE('',#1921,#1811,#1012,.T.);
#2426=EDGE_CURVE('',#1921,#1922,#210,.T.);
#2427=EDGE_CURVE('',#1922,#1812,#1013,.T.);
#2428=EDGE_CURVE('',#1922,#1923,#1014,.T.);
#2429=EDGE_CURVE('',#1923,#1813,#1015,.T.);
#2430=EDGE_CURVE('',#1923,#1924,#1016,.T.);
#2431=EDGE_CURVE('',#1924,#1814,#1017,.T.);
#2432=EDGE_CURVE('',#1924,#1901,#1018,.T.);
#2433=EDGE_CURVE('',#1925,#1926,#211,.T.);
#2434=EDGE_CURVE('',#1926,#1816,#1019,.T.);
#2435=EDGE_CURVE('',#1925,#1815,#1020,.T.);
#2436=EDGE_CURVE('',#1926,#1927,#212,.T.);
#2437=EDGE_CURVE('',#1927,#1817,#1021,.T.);
#2438=EDGE_CURVE('',#1927,#1928,#213,.T.);
#2439=EDGE_CURVE('',#1928,#1818,#1022,.T.);
#2440=EDGE_CURVE('',#1928,#1929,#214,.T.);
#2441=EDGE_CURVE('',#1929,#1819,#1023,.T.);
#2442=EDGE_CURVE('',#1929,#1930,#215,.T.);
#2443=EDGE_CURVE('',#1930,#1820,#1024,.T.);
#2444=EDGE_CURVE('',#1930,#1931,#216,.T.);
#2445=EDGE_CURVE('',#1931,#1821,#1025,.T.);
#2446=EDGE_CURVE('',#1931,#1932,#217,.T.);
#2447=EDGE_CURVE('',#1932,#1822,#1026,.T.);
#2448=EDGE_CURVE('',#1932,#1933,#218,.T.);
#2449=EDGE_CURVE('',#1933,#1823,#1027,.T.);
#2450=EDGE_CURVE('',#1933,#1934,#1028,.T.);
#2451=EDGE_CURVE('',#1934,#1824,#1029,.T.);
#2452=EDGE_CURVE('',#1934,#1935,#219,.T.);
#2453=EDGE_CURVE('',#1935,#1825,#1030,.T.);
#2454=EDGE_CURVE('',#1935,#1936,#220,.T.);
#2455=EDGE_CURVE('',#1936,#1826,#1031,.T.);
#2456=EDGE_CURVE('',#1936,#1937,#221,.T.);
#2457=EDGE_CURVE('',#1937,#1827,#1032,.T.);
#2458=EDGE_CURVE('',#1937,#1938,#222,.T.);
#2459=EDGE_CURVE('',#1938,#1828,#1033,.T.);
#2460=EDGE_CURVE('',#1938,#1939,#223,.T.);
#2461=EDGE_CURVE('',#1939,#1829,#1034,.T.);
#2462=EDGE_CURVE('',#1939,#1940,#224,.T.);
#2463=EDGE_CURVE('',#1940,#1830,#1035,.T.);
#2464=EDGE_CURVE('',#1940,#1941,#225,.T.);
#2465=EDGE_CURVE('',#1941,#1831,#1036,.T.);
#2466=EDGE_CURVE('',#1941,#1942,#226,.T.);
#2467=EDGE_CURVE('',#1942,#1832,#1037,.T.);
#2468=EDGE_CURVE('',#1942,#1925,#1038,.T.);
#2469=EDGE_CURVE('',#1943,#1944,#1039,.T.);
#2470=EDGE_CURVE('',#1944,#1834,#1040,.T.);
#2471=EDGE_CURVE('',#1943,#1833,#1041,.T.);
#2472=EDGE_CURVE('',#1944,#1945,#1042,.T.);
#2473=EDGE_CURVE('',#1945,#1835,#1043,.T.);
#2474=EDGE_CURVE('',#1945,#1946,#1044,.T.);
#2475=EDGE_CURVE('',#1946,#1836,#1045,.T.);
#2476=EDGE_CURVE('',#1946,#1943,#1046,.T.);
#2477=EDGE_CURVE('',#1947,#1948,#1047,.T.);
#2478=EDGE_CURVE('',#1948,#1838,#1048,.T.);
#2479=EDGE_CURVE('',#1947,#1837,#1049,.T.);
#2480=EDGE_CURVE('',#1948,#1949,#1050,.T.);
#2481=EDGE_CURVE('',#1949,#1839,#1051,.T.);
#2482=EDGE_CURVE('',#1949,#1950,#1052,.T.);
#2483=EDGE_CURVE('',#1950,#1840,#1053,.T.);
#2484=EDGE_CURVE('',#1950,#1951,#1054,.T.);
#2485=EDGE_CURVE('',#1951,#1841,#1055,.T.);
#2486=EDGE_CURVE('',#1951,#1952,#1056,.T.);
#2487=EDGE_CURVE('',#1952,#1842,#1057,.T.);
#2488=EDGE_CURVE('',#1952,#1953,#1058,.T.);
#2489=EDGE_CURVE('',#1953,#1843,#1059,.T.);
#2490=EDGE_CURVE('',#1953,#1954,#1060,.T.);
#2491=EDGE_CURVE('',#1954,#1844,#1061,.T.);
#2492=EDGE_CURVE('',#1954,#1955,#1062,.T.);
#2493=EDGE_CURVE('',#1955,#1845,#1063,.T.);
#2494=EDGE_CURVE('',#1955,#1956,#1064,.T.);
#2495=EDGE_CURVE('',#1956,#1846,#1065,.T.);
#2496=EDGE_CURVE('',#1956,#1947,#1066,.T.);
#2497=EDGE_CURVE('',#1957,#1958,#1067,.T.);
#2498=EDGE_CURVE('',#1958,#1848,#1068,.T.);
#2499=EDGE_CURVE('',#1957,#1847,#1069,.T.);
#2500=EDGE_CURVE('',#1958,#1959,#1070,.T.);
#2501=EDGE_CURVE('',#1959,#1849,#1071,.T.);
#2502=EDGE_CURVE('',#1959,#1960,#1072,.T.);
#2503=EDGE_CURVE('',#1960,#1850,#1073,.T.);
#2504=EDGE_CURVE('',#1960,#1961,#1074,.T.);
#2505=EDGE_CURVE('',#1961,#1851,#1075,.T.);
#2506=EDGE_CURVE('',#1961,#1962,#1076,.T.);
#2507=EDGE_CURVE('',#1962,#1852,#1077,.T.);
#2508=EDGE_CURVE('',#1962,#1963,#1078,.T.);
#2509=EDGE_CURVE('',#1963,#1853,#1079,.T.);
#2510=EDGE_CURVE('',#1963,#1964,#1080,.T.);
#2511=EDGE_CURVE('',#1964,#1854,#1081,.T.);
#2512=EDGE_CURVE('',#1964,#1965,#1082,.T.);
#2513=EDGE_CURVE('',#1965,#1855,#1083,.T.);
#2514=EDGE_CURVE('',#1965,#1966,#1084,.T.);
#2515=EDGE_CURVE('',#1966,#1856,#1085,.T.);
#2516=EDGE_CURVE('',#1966,#1967,#1086,.T.);
#2517=EDGE_CURVE('',#1967,#1857,#1087,.T.);
#2518=EDGE_CURVE('',#1967,#1968,#1088,.T.);
#2519=EDGE_CURVE('',#1968,#1858,#1089,.T.);
#2520=EDGE_CURVE('',#1968,#1957,#1090,.T.);
#2521=EDGE_CURVE('',#1969,#1970,#1091,.T.);
#2522=EDGE_CURVE('',#1969,#1971,#1092,.T.);
#2523=EDGE_CURVE('',#1972,#1971,#1093,.T.);
#2524=EDGE_CURVE('',#1970,#1972,#1094,.T.);
#2525=EDGE_CURVE('',#1970,#1973,#1095,.T.);
#2526=EDGE_CURVE('',#1974,#1972,#1096,.T.);
#2527=EDGE_CURVE('',#1973,#1974,#1097,.T.);
#2528=EDGE_CURVE('',#1973,#1975,#1098,.T.);
#2529=EDGE_CURVE('',#1976,#1974,#1099,.T.);
#2530=EDGE_CURVE('',#1975,#1976,#1100,.T.);
#2531=EDGE_CURVE('',#1975,#1977,#1101,.T.);
#2532=EDGE_CURVE('',#1978,#1976,#1102,.T.);
#2533=EDGE_CURVE('',#1977,#1978,#1103,.T.);
#2534=EDGE_CURVE('',#1977,#1979,#1104,.T.);
#2535=EDGE_CURVE('',#1980,#1978,#1105,.T.);
#2536=EDGE_CURVE('',#1979,#1980,#1106,.T.);
#2537=EDGE_CURVE('',#1979,#1981,#1107,.T.);
#2538=EDGE_CURVE('',#1982,#1980,#1108,.T.);
#2539=EDGE_CURVE('',#1981,#1982,#1109,.T.);
#2540=EDGE_CURVE('',#1981,#1983,#1110,.T.);
#2541=EDGE_CURVE('',#1984,#1982,#1111,.T.);
#2542=EDGE_CURVE('',#1983,#1984,#1112,.T.);
#2543=EDGE_CURVE('',#1983,#1985,#1113,.T.);
#2544=EDGE_CURVE('',#1986,#1984,#1114,.T.);
#2545=EDGE_CURVE('',#1985,#1986,#1115,.T.);
#2546=EDGE_CURVE('',#1985,#1987,#1116,.T.);
#2547=EDGE_CURVE('',#1988,#1986,#1117,.T.);
#2548=EDGE_CURVE('',#1987,#1988,#1118,.T.);
#2549=EDGE_CURVE('',#1987,#1989,#1119,.T.);
#2550=EDGE_CURVE('',#1990,#1988,#1120,.T.);
#2551=EDGE_CURVE('',#1989,#1990,#1121,.T.);
#2552=EDGE_CURVE('',#1989,#1991,#1122,.T.);
#2553=EDGE_CURVE('',#1992,#1990,#1123,.T.);
#2554=EDGE_CURVE('',#1991,#1992,#1124,.T.);
#2555=EDGE_CURVE('',#1991,#1969,#1125,.T.);
#2556=EDGE_CURVE('',#1971,#1992,#1126,.T.);
#2557=EDGE_CURVE('',#1993,#1994,#1127,.T.);
#2558=EDGE_CURVE('',#1993,#1995,#1128,.T.);
#2559=EDGE_CURVE('',#1996,#1995,#1129,.T.);
#2560=EDGE_CURVE('',#1994,#1996,#1130,.T.);
#2561=EDGE_CURVE('',#1994,#1997,#1131,.T.);
#2562=EDGE_CURVE('',#1998,#1996,#1132,.T.);
#2563=EDGE_CURVE('',#1997,#1998,#1133,.T.);
#2564=EDGE_CURVE('',#1997,#1999,#1134,.T.);
#2565=EDGE_CURVE('',#2000,#1998,#1135,.T.);
#2566=EDGE_CURVE('',#1999,#2000,#1136,.T.);
#2567=EDGE_CURVE('',#1999,#2001,#1137,.T.);
#2568=EDGE_CURVE('',#2002,#2000,#1138,.T.);
#2569=EDGE_CURVE('',#2001,#2002,#1139,.T.);
#2570=EDGE_CURVE('',#2001,#2003,#1140,.T.);
#2571=EDGE_CURVE('',#2004,#2002,#1141,.T.);
#2572=EDGE_CURVE('',#2003,#2004,#1142,.T.);
#2573=EDGE_CURVE('',#2003,#2005,#1143,.T.);
#2574=EDGE_CURVE('',#2006,#2004,#1144,.T.);
#2575=EDGE_CURVE('',#2005,#2006,#1145,.T.);
#2576=EDGE_CURVE('',#2005,#2007,#1146,.T.);
#2577=EDGE_CURVE('',#2008,#2006,#1147,.T.);
#2578=EDGE_CURVE('',#2007,#2008,#1148,.T.);
#2579=EDGE_CURVE('',#2007,#2009,#1149,.T.);
#2580=EDGE_CURVE('',#2010,#2008,#1150,.T.);
#2581=EDGE_CURVE('',#2009,#2010,#1151,.T.);
#2582=EDGE_CURVE('',#2009,#2011,#1152,.T.);
#2583=EDGE_CURVE('',#2012,#2010,#1153,.T.);
#2584=EDGE_CURVE('',#2011,#2012,#1154,.T.);
#2585=EDGE_CURVE('',#2011,#1993,#1155,.T.);
#2586=EDGE_CURVE('',#1995,#2012,#1156,.T.);
#2587=EDGE_CURVE('',#2013,#2014,#1157,.T.);
#2588=EDGE_CURVE('',#2013,#2015,#1158,.T.);
#2589=EDGE_CURVE('',#2016,#2015,#1159,.T.);
#2590=EDGE_CURVE('',#2014,#2016,#1160,.T.);
#2591=EDGE_CURVE('',#2014,#2017,#1161,.T.);
#2592=EDGE_CURVE('',#2018,#2016,#1162,.T.);
#2593=EDGE_CURVE('',#2017,#2018,#1163,.T.);
#2594=EDGE_CURVE('',#2017,#2019,#1164,.T.);
#2595=EDGE_CURVE('',#2020,#2018,#1165,.T.);
#2596=EDGE_CURVE('',#2019,#2020,#1166,.T.);
#2597=EDGE_CURVE('',#2019,#2013,#1167,.T.);
#2598=EDGE_CURVE('',#2015,#2020,#1168,.T.);
#2599=EDGE_CURVE('',#2021,#2022,#227,.T.);
#2600=EDGE_CURVE('',#2021,#2023,#1169,.T.);
#2601=EDGE_CURVE('',#2024,#2023,#228,.T.);
#2602=EDGE_CURVE('',#2022,#2024,#1170,.T.);
#2603=EDGE_CURVE('',#2022,#2025,#229,.T.);
#2604=EDGE_CURVE('',#2026,#2024,#230,.T.);
#2605=EDGE_CURVE('',#2025,#2026,#1171,.T.);
#2606=EDGE_CURVE('',#2025,#2027,#231,.T.);
#2607=EDGE_CURVE('',#2028,#2026,#232,.T.);
#2608=EDGE_CURVE('',#2027,#2028,#1172,.T.);
#2609=EDGE_CURVE('',#2027,#2029,#233,.T.);
#2610=EDGE_CURVE('',#2030,#2028,#234,.T.);
#2611=EDGE_CURVE('',#2029,#2030,#1173,.T.);
#2612=EDGE_CURVE('',#2029,#2031,#235,.T.);
#2613=EDGE_CURVE('',#2032,#2030,#236,.T.);
#2614=EDGE_CURVE('',#2031,#2032,#1174,.T.);
#2615=EDGE_CURVE('',#2031,#2033,#237,.T.);
#2616=EDGE_CURVE('',#2034,#2032,#238,.T.);
#2617=EDGE_CURVE('',#2033,#2034,#1175,.T.);
#2618=EDGE_CURVE('',#2033,#2035,#239,.T.);
#2619=EDGE_CURVE('',#2036,#2034,#240,.T.);
#2620=EDGE_CURVE('',#2035,#2036,#1176,.T.);
#2621=EDGE_CURVE('',#2035,#2037,#241,.T.);
#2622=EDGE_CURVE('',#2038,#2036,#242,.T.);
#2623=EDGE_CURVE('',#2037,#2038,#1177,.T.);
#2624=EDGE_CURVE('',#2037,#2039,#1178,.T.);
#2625=EDGE_CURVE('',#2040,#2038,#1179,.T.);
#2626=EDGE_CURVE('',#2039,#2040,#1180,.T.);
#2627=EDGE_CURVE('',#2039,#2041,#243,.T.);
#2628=EDGE_CURVE('',#2042,#2040,#244,.T.);
#2629=EDGE_CURVE('',#2041,#2042,#1181,.T.);
#2630=EDGE_CURVE('',#2041,#2043,#245,.T.);
#2631=EDGE_CURVE('',#2044,#2042,#246,.T.);
#2632=EDGE_CURVE('',#2043,#2044,#1182,.T.);
#2633=EDGE_CURVE('',#2043,#2045,#247,.T.);
#2634=EDGE_CURVE('',#2046,#2044,#248,.T.);
#2635=EDGE_CURVE('',#2045,#2046,#1183,.T.);
#2636=EDGE_CURVE('',#2045,#2047,#249,.T.);
#2637=EDGE_CURVE('',#2048,#2046,#250,.T.);
#2638=EDGE_CURVE('',#2047,#2048,#1184,.T.);
#2639=EDGE_CURVE('',#2047,#2049,#251,.T.);
#2640=EDGE_CURVE('',#2050,#2048,#252,.T.);
#2641=EDGE_CURVE('',#2049,#2050,#1185,.T.);
#2642=EDGE_CURVE('',#2049,#2051,#253,.T.);
#2643=EDGE_CURVE('',#2052,#2050,#254,.T.);
#2644=EDGE_CURVE('',#2051,#2052,#1186,.T.);
#2645=EDGE_CURVE('',#2051,#2053,#255,.T.);
#2646=EDGE_CURVE('',#2054,#2052,#256,.T.);
#2647=EDGE_CURVE('',#2053,#2054,#1187,.T.);
#2648=EDGE_CURVE('',#2053,#2055,#257,.T.);
#2649=EDGE_CURVE('',#2056,#2054,#258,.T.);
#2650=EDGE_CURVE('',#2055,#2056,#1188,.T.);
#2651=EDGE_CURVE('',#2055,#2021,#1189,.T.);
#2652=EDGE_CURVE('',#2023,#2056,#1190,.T.);
#2653=EDGE_CURVE('',#2057,#2058,#1191,.T.);
#2654=EDGE_CURVE('',#2057,#2059,#1192,.T.);
#2655=EDGE_CURVE('',#2060,#2059,#1193,.T.);
#2656=EDGE_CURVE('',#2058,#2060,#1194,.T.);
#2657=EDGE_CURVE('',#2058,#2061,#1195,.T.);
#2658=EDGE_CURVE('',#2062,#2060,#1196,.T.);
#2659=EDGE_CURVE('',#2061,#2062,#1197,.T.);
#2660=EDGE_CURVE('',#2061,#2063,#259,.T.);
#2661=EDGE_CURVE('',#2064,#2062,#260,.T.);
#2662=EDGE_CURVE('',#2063,#2064,#1198,.T.);
#2663=EDGE_CURVE('',#2063,#2065,#261,.T.);
#2664=EDGE_CURVE('',#2066,#2064,#262,.T.);
#2665=EDGE_CURVE('',#2065,#2066,#1199,.T.);
#2666=EDGE_CURVE('',#2065,#2067,#263,.T.);
#2667=EDGE_CURVE('',#2068,#2066,#264,.T.);
#2668=EDGE_CURVE('',#2067,#2068,#1200,.T.);
#2669=EDGE_CURVE('',#2067,#2069,#265,.T.);
#2670=EDGE_CURVE('',#2070,#2068,#266,.T.);
#2671=EDGE_CURVE('',#2069,#2070,#1201,.T.);
#2672=EDGE_CURVE('',#2069,#2071,#267,.T.);
#2673=EDGE_CURVE('',#2072,#2070,#268,.T.);
#2674=EDGE_CURVE('',#2071,#2072,#1202,.T.);
#2675=EDGE_CURVE('',#2071,#2073,#269,.T.);
#2676=EDGE_CURVE('',#2074,#2072,#270,.T.);
#2677=EDGE_CURVE('',#2073,#2074,#1203,.T.);
#2678=EDGE_CURVE('',#2073,#2075,#271,.T.);
#2679=EDGE_CURVE('',#2076,#2074,#272,.T.);
#2680=EDGE_CURVE('',#2075,#2076,#1204,.T.);
#2681=EDGE_CURVE('',#2075,#2077,#273,.T.);
#2682=EDGE_CURVE('',#2078,#2076,#274,.T.);
#2683=EDGE_CURVE('',#2077,#2078,#1205,.T.);
#2684=EDGE_CURVE('',#2077,#2079,#275,.T.);
#2685=EDGE_CURVE('',#2080,#2078,#276,.T.);
#2686=EDGE_CURVE('',#2079,#2080,#1206,.T.);
#2687=EDGE_CURVE('',#2079,#2081,#277,.T.);
#2688=EDGE_CURVE('',#2082,#2080,#278,.T.);
#2689=EDGE_CURVE('',#2081,#2082,#1207,.T.);
#2690=EDGE_CURVE('',#2081,#2083,#1208,.T.);
#2691=EDGE_CURVE('',#2084,#2082,#1209,.T.);
#2692=EDGE_CURVE('',#2083,#2084,#1210,.T.);
#2693=EDGE_CURVE('',#2083,#2085,#279,.T.);
#2694=EDGE_CURVE('',#2086,#2084,#280,.T.);
#2695=EDGE_CURVE('',#2085,#2086,#1211,.T.);
#2696=EDGE_CURVE('',#2085,#2087,#281,.T.);
#2697=EDGE_CURVE('',#2088,#2086,#282,.T.);
#2698=EDGE_CURVE('',#2087,#2088,#1212,.T.);
#2699=EDGE_CURVE('',#2087,#2089,#283,.T.);
#2700=EDGE_CURVE('',#2090,#2088,#284,.T.);
#2701=EDGE_CURVE('',#2089,#2090,#1213,.T.);
#2702=EDGE_CURVE('',#2089,#2091,#285,.T.);
#2703=EDGE_CURVE('',#2092,#2090,#286,.T.);
#2704=EDGE_CURVE('',#2091,#2092,#1214,.T.);
#2705=EDGE_CURVE('',#2091,#2093,#287,.T.);
#2706=EDGE_CURVE('',#2094,#2092,#288,.T.);
#2707=EDGE_CURVE('',#2093,#2094,#1215,.T.);
#2708=EDGE_CURVE('',#2093,#2095,#289,.T.);
#2709=EDGE_CURVE('',#2096,#2094,#290,.T.);
#2710=EDGE_CURVE('',#2095,#2096,#1216,.T.);
#2711=EDGE_CURVE('',#2095,#2097,#291,.T.);
#2712=EDGE_CURVE('',#2098,#2096,#292,.T.);
#2713=EDGE_CURVE('',#2097,#2098,#1217,.T.);
#2714=EDGE_CURVE('',#2097,#2099,#293,.T.);
#2715=EDGE_CURVE('',#2100,#2098,#294,.T.);
#2716=EDGE_CURVE('',#2099,#2100,#1218,.T.);
#2717=EDGE_CURVE('',#2099,#2101,#1219,.T.);
#2718=EDGE_CURVE('',#2102,#2100,#1220,.T.);
#2719=EDGE_CURVE('',#2101,#2102,#1221,.T.);
#2720=EDGE_CURVE('',#2101,#2103,#1222,.T.);
#2721=EDGE_CURVE('',#2104,#2102,#1223,.T.);
#2722=EDGE_CURVE('',#2103,#2104,#1224,.T.);
#2723=EDGE_CURVE('',#2103,#2057,#1225,.T.);
#2724=EDGE_CURVE('',#2059,#2104,#1226,.T.);
#2725=EDGE_CURVE('',#2105,#2106,#1227,.T.);
#2726=EDGE_CURVE('',#2105,#2107,#1228,.T.);
#2727=EDGE_CURVE('',#2108,#2107,#1229,.T.);
#2728=EDGE_CURVE('',#2106,#2108,#1230,.T.);
#2729=EDGE_CURVE('',#2106,#2109,#1231,.T.);
#2730=EDGE_CURVE('',#2110,#2108,#1232,.T.);
#2731=EDGE_CURVE('',#2109,#2110,#1233,.T.);
#2732=EDGE_CURVE('',#2109,#2111,#1234,.T.);
#2733=EDGE_CURVE('',#2112,#2110,#1235,.T.);
#2734=EDGE_CURVE('',#2111,#2112,#1236,.T.);
#2735=EDGE_CURVE('',#2111,#2113,#1237,.T.);
#2736=EDGE_CURVE('',#2114,#2112,#1238,.T.);
#2737=EDGE_CURVE('',#2113,#2114,#1239,.T.);
#2738=EDGE_CURVE('',#2113,#2115,#1240,.T.);
#2739=EDGE_CURVE('',#2116,#2114,#1241,.T.);
#2740=EDGE_CURVE('',#2115,#2116,#1242,.T.);
#2741=EDGE_CURVE('',#2115,#2117,#1243,.T.);
#2742=EDGE_CURVE('',#2118,#2116,#1244,.T.);
#2743=EDGE_CURVE('',#2117,#2118,#1245,.T.);
#2744=EDGE_CURVE('',#2117,#2119,#1246,.T.);
#2745=EDGE_CURVE('',#2120,#2118,#1247,.T.);
#2746=EDGE_CURVE('',#2119,#2120,#1248,.T.);
#2747=EDGE_CURVE('',#2119,#2105,#1249,.T.);
#2748=EDGE_CURVE('',#2107,#2120,#1250,.T.);
#2749=EDGE_CURVE('',#2121,#2122,#1251,.T.);
#2750=EDGE_CURVE('',#2121,#2123,#1252,.T.);
#2751=EDGE_CURVE('',#2124,#2123,#1253,.T.);
#2752=EDGE_CURVE('',#2122,#2124,#1254,.T.);
#2753=EDGE_CURVE('',#2122,#2125,#295,.T.);
#2754=EDGE_CURVE('',#2126,#2124,#296,.T.);
#2755=EDGE_CURVE('',#2125,#2126,#1255,.T.);
#2756=EDGE_CURVE('',#2125,#2127,#297,.T.);
#2757=EDGE_CURVE('',#2128,#2126,#298,.T.);
#2758=EDGE_CURVE('',#2127,#2128,#1256,.T.);
#2759=EDGE_CURVE('',#2127,#2129,#299,.T.);
#2760=EDGE_CURVE('',#2130,#2128,#300,.T.);
#2761=EDGE_CURVE('',#2129,#2130,#1257,.T.);
#2762=EDGE_CURVE('',#2129,#2131,#301,.T.);
#2763=EDGE_CURVE('',#2132,#2130,#302,.T.);
#2764=EDGE_CURVE('',#2131,#2132,#1258,.T.);
#2765=EDGE_CURVE('',#2131,#2133,#303,.T.);
#2766=EDGE_CURVE('',#2134,#2132,#304,.T.);
#2767=EDGE_CURVE('',#2133,#2134,#1259,.T.);
#2768=EDGE_CURVE('',#2133,#2135,#305,.T.);
#2769=EDGE_CURVE('',#2136,#2134,#306,.T.);
#2770=EDGE_CURVE('',#2135,#2136,#1260,.T.);
#2771=EDGE_CURVE('',#2135,#2137,#1261,.T.);
#2772=EDGE_CURVE('',#2138,#2136,#1262,.T.);
#2773=EDGE_CURVE('',#2137,#2138,#1263,.T.);
#2774=EDGE_CURVE('',#2137,#2121,#1264,.T.);
#2775=EDGE_CURVE('',#2123,#2138,#1265,.T.);
#2776=EDGE_CURVE('',#2139,#2140,#1266,.T.);
#2777=EDGE_CURVE('',#2139,#2141,#1267,.T.);
#2778=EDGE_CURVE('',#2142,#2141,#1268,.T.);
#2779=EDGE_CURVE('',#2140,#2142,#1269,.T.);
#2780=EDGE_CURVE('',#2140,#2143,#307,.T.);
#2781=EDGE_CURVE('',#2144,#2142,#308,.T.);
#2782=EDGE_CURVE('',#2143,#2144,#1270,.T.);
#2783=EDGE_CURVE('',#2143,#2145,#309,.T.);
#2784=EDGE_CURVE('',#2146,#2144,#310,.T.);
#2785=EDGE_CURVE('',#2145,#2146,#1271,.T.);
#2786=EDGE_CURVE('',#2145,#2147,#311,.T.);
#2787=EDGE_CURVE('',#2148,#2146,#312,.T.);
#2788=EDGE_CURVE('',#2147,#2148,#1272,.T.);
#2789=EDGE_CURVE('',#2147,#2149,#313,.T.);
#2790=EDGE_CURVE('',#2150,#2148,#314,.T.);
#2791=EDGE_CURVE('',#2149,#2150,#1273,.T.);
#2792=EDGE_CURVE('',#2149,#2151,#315,.T.);
#2793=EDGE_CURVE('',#2152,#2150,#316,.T.);
#2794=EDGE_CURVE('',#2151,#2152,#1274,.T.);
#2795=EDGE_CURVE('',#2151,#2153,#317,.T.);
#2796=EDGE_CURVE('',#2154,#2152,#318,.T.);
#2797=EDGE_CURVE('',#2153,#2154,#1275,.T.);
#2798=EDGE_CURVE('',#2153,#2155,#319,.T.);
#2799=EDGE_CURVE('',#2156,#2154,#320,.T.);
#2800=EDGE_CURVE('',#2155,#2156,#1276,.T.);
#2801=EDGE_CURVE('',#2155,#2157,#1277,.T.);
#2802=EDGE_CURVE('',#2158,#2156,#1278,.T.);
#2803=EDGE_CURVE('',#2157,#2158,#1279,.T.);
#2804=EDGE_CURVE('',#2157,#2159,#1280,.T.);
#2805=EDGE_CURVE('',#2160,#2158,#1281,.T.);
#2806=EDGE_CURVE('',#2159,#2160,#1282,.T.);
#2807=EDGE_CURVE('',#2159,#2161,#1283,.T.);
#2808=EDGE_CURVE('',#2162,#2160,#1284,.T.);
#2809=EDGE_CURVE('',#2161,#2162,#1285,.T.);
#2810=EDGE_CURVE('',#2161,#2139,#1286,.T.);
#2811=EDGE_CURVE('',#2141,#2162,#1287,.T.);
#2812=ORIENTED_EDGE('',*,*,#2163,.T.);
#2813=ORIENTED_EDGE('',*,*,#2164,.T.);
#2814=ORIENTED_EDGE('',*,*,#2165,.T.);
#2815=ORIENTED_EDGE('',*,*,#2166,.T.);
#2816=ORIENTED_EDGE('',*,*,#2165,.F.);
#2817=ORIENTED_EDGE('',*,*,#2167,.T.);
#2818=ORIENTED_EDGE('',*,*,#2168,.T.);
#2819=ORIENTED_EDGE('',*,*,#2169,.T.);
#2820=ORIENTED_EDGE('',*,*,#2170,.T.);
#2821=ORIENTED_EDGE('',*,*,#2171,.T.);
#2822=ORIENTED_EDGE('',*,*,#2168,.F.);
#2823=ORIENTED_EDGE('',*,*,#2172,.T.);
#2824=ORIENTED_EDGE('',*,*,#2170,.F.);
#2825=ORIENTED_EDGE('',*,*,#2173,.T.);
#2826=ORIENTED_EDGE('',*,*,#2174,.T.);
#2827=ORIENTED_EDGE('',*,*,#2175,.T.);
#2828=ORIENTED_EDGE('',*,*,#2176,.T.);
#2829=ORIENTED_EDGE('',*,*,#2177,.T.);
#2830=ORIENTED_EDGE('',*,*,#2174,.F.);
#2831=ORIENTED_EDGE('',*,*,#2178,.T.);
#2832=ORIENTED_EDGE('',*,*,#2176,.F.);
#2833=ORIENTED_EDGE('',*,*,#2179,.T.);
#2834=ORIENTED_EDGE('',*,*,#2180,.T.);
#2835=ORIENTED_EDGE('',*,*,#2181,.T.);
#2836=ORIENTED_EDGE('',*,*,#2182,.T.);
#2837=ORIENTED_EDGE('',*,*,#2183,.T.);
#2838=ORIENTED_EDGE('',*,*,#2180,.F.);
#2839=ORIENTED_EDGE('',*,*,#2184,.T.);
#2840=ORIENTED_EDGE('',*,*,#2182,.F.);
#2841=ORIENTED_EDGE('',*,*,#2185,.T.);
#2842=ORIENTED_EDGE('',*,*,#2186,.T.);
#2843=ORIENTED_EDGE('',*,*,#2187,.T.);
#2844=ORIENTED_EDGE('',*,*,#2188,.T.);
#2845=ORIENTED_EDGE('',*,*,#2189,.T.);
#2846=ORIENTED_EDGE('',*,*,#2186,.F.);
#2847=ORIENTED_EDGE('',*,*,#2190,.T.);
#2848=ORIENTED_EDGE('',*,*,#2185,.F.);
#2849=ORIENTED_EDGE('',*,*,#2191,.T.);
#2850=ORIENTED_EDGE('',*,*,#2192,.T.);
#2851=ORIENTED_EDGE('',*,*,#2193,.T.);
#2852=ORIENTED_EDGE('',*,*,#2184,.F.);
#2853=ORIENTED_EDGE('',*,*,#2194,.F.);
#2854=ORIENTED_EDGE('',*,*,#2195,.F.);
#2855=ORIENTED_EDGE('',*,*,#2191,.F.);
#2856=ORIENTED_EDGE('',*,*,#2179,.F.);
#2857=ORIENTED_EDGE('',*,*,#2196,.T.);
#2858=ORIENTED_EDGE('',*,*,#2197,.T.);
#2859=ORIENTED_EDGE('',*,*,#2194,.T.);
#2860=ORIENTED_EDGE('',*,*,#2178,.F.);
#2861=ORIENTED_EDGE('',*,*,#2198,.F.);
#2862=ORIENTED_EDGE('',*,*,#2199,.F.);
#2863=ORIENTED_EDGE('',*,*,#2196,.F.);
#2864=ORIENTED_EDGE('',*,*,#2173,.F.);
#2865=ORIENTED_EDGE('',*,*,#2200,.T.);
#2866=ORIENTED_EDGE('',*,*,#2201,.T.);
#2867=ORIENTED_EDGE('',*,*,#2198,.T.);
#2868=ORIENTED_EDGE('',*,*,#2172,.F.);
#2869=ORIENTED_EDGE('',*,*,#2202,.F.);
#2870=ORIENTED_EDGE('',*,*,#2203,.F.);
#2871=ORIENTED_EDGE('',*,*,#2200,.F.);
#2872=ORIENTED_EDGE('',*,*,#2167,.F.);
#2873=ORIENTED_EDGE('',*,*,#2204,.T.);
#2874=ORIENTED_EDGE('',*,*,#2205,.T.);
#2875=ORIENTED_EDGE('',*,*,#2202,.T.);
#2876=ORIENTED_EDGE('',*,*,#2190,.F.);
#2877=ORIENTED_EDGE('',*,*,#2193,.F.);
#2878=ORIENTED_EDGE('',*,*,#2206,.F.);
#2879=ORIENTED_EDGE('',*,*,#2204,.F.);
#2880=ORIENTED_EDGE('',*,*,#2164,.F.);
#2881=ORIENTED_EDGE('',*,*,#2207,.T.);
#2882=ORIENTED_EDGE('',*,*,#2208,.T.);
#2883=ORIENTED_EDGE('',*,*,#2209,.T.);
#2884=ORIENTED_EDGE('',*,*,#2210,.F.);
#2885=ORIENTED_EDGE('',*,*,#2211,.T.);
#2886=ORIENTED_EDGE('',*,*,#2212,.T.);
#2887=ORIENTED_EDGE('',*,*,#2213,.T.);
#2888=ORIENTED_EDGE('',*,*,#2214,.T.);
#2889=ORIENTED_EDGE('',*,*,#2215,.T.);
#2890=ORIENTED_EDGE('',*,*,#2216,.T.);
#2891=ORIENTED_EDGE('',*,*,#2210,.T.);
#2892=ORIENTED_EDGE('',*,*,#2217,.T.);
#2893=ORIENTED_EDGE('',*,*,#2218,.T.);
#2894=ORIENTED_EDGE('',*,*,#2219,.T.);
#2895=ORIENTED_EDGE('',*,*,#2166,.F.);
#2896=ORIENTED_EDGE('',*,*,#2169,.F.);
#2897=ORIENTED_EDGE('',*,*,#2171,.F.);
#2898=ORIENTED_EDGE('',*,*,#2175,.F.);
#2899=ORIENTED_EDGE('',*,*,#2177,.F.);
#2900=ORIENTED_EDGE('',*,*,#2181,.F.);
#2901=ORIENTED_EDGE('',*,*,#2183,.F.);
#2902=ORIENTED_EDGE('',*,*,#2187,.F.);
#2903=ORIENTED_EDGE('',*,*,#2189,.F.);
#2904=ORIENTED_EDGE('',*,*,#2220,.T.);
#2905=ORIENTED_EDGE('',*,*,#2221,.T.);
#2906=ORIENTED_EDGE('',*,*,#2222,.T.);
#2907=ORIENTED_EDGE('',*,*,#2223,.T.);
#2908=ORIENTED_EDGE('',*,*,#2224,.T.);
#2909=ORIENTED_EDGE('',*,*,#2225,.T.);
#2910=ORIENTED_EDGE('',*,*,#2226,.T.);
#2911=ORIENTED_EDGE('',*,*,#2227,.T.);
#2912=ORIENTED_EDGE('',*,*,#2228,.T.);
#2913=ORIENTED_EDGE('',*,*,#2229,.T.);
#2914=ORIENTED_EDGE('',*,*,#2230,.T.);
#2915=ORIENTED_EDGE('',*,*,#2231,.T.);
#2916=ORIENTED_EDGE('',*,*,#2232,.T.);
#2917=ORIENTED_EDGE('',*,*,#2233,.T.);
#2918=ORIENTED_EDGE('',*,*,#2234,.T.);
#2919=ORIENTED_EDGE('',*,*,#2235,.T.);
#2920=ORIENTED_EDGE('',*,*,#2236,.T.);
#2921=ORIENTED_EDGE('',*,*,#2237,.T.);
#2922=ORIENTED_EDGE('',*,*,#2238,.T.);
#2923=ORIENTED_EDGE('',*,*,#2239,.T.);
#2924=ORIENTED_EDGE('',*,*,#2240,.T.);
#2925=ORIENTED_EDGE('',*,*,#2241,.T.);
#2926=ORIENTED_EDGE('',*,*,#2242,.T.);
#2927=ORIENTED_EDGE('',*,*,#2243,.T.);
#2928=ORIENTED_EDGE('',*,*,#2244,.T.);
#2929=ORIENTED_EDGE('',*,*,#2245,.T.);
#2930=ORIENTED_EDGE('',*,*,#2246,.T.);
#2931=ORIENTED_EDGE('',*,*,#2247,.T.);
#2932=ORIENTED_EDGE('',*,*,#2248,.T.);
#2933=ORIENTED_EDGE('',*,*,#2249,.T.);
#2934=ORIENTED_EDGE('',*,*,#2250,.T.);
#2935=ORIENTED_EDGE('',*,*,#2251,.T.);
#2936=ORIENTED_EDGE('',*,*,#2252,.T.);
#2937=ORIENTED_EDGE('',*,*,#2253,.T.);
#2938=ORIENTED_EDGE('',*,*,#2254,.T.);
#2939=ORIENTED_EDGE('',*,*,#2255,.T.);
#2940=ORIENTED_EDGE('',*,*,#2256,.T.);
#2941=ORIENTED_EDGE('',*,*,#2257,.T.);
#2942=ORIENTED_EDGE('',*,*,#2258,.T.);
#2943=ORIENTED_EDGE('',*,*,#2259,.T.);
#2944=ORIENTED_EDGE('',*,*,#2260,.T.);
#2945=ORIENTED_EDGE('',*,*,#2261,.T.);
#2946=ORIENTED_EDGE('',*,*,#2262,.T.);
#2947=ORIENTED_EDGE('',*,*,#2263,.T.);
#2948=ORIENTED_EDGE('',*,*,#2264,.T.);
#2949=ORIENTED_EDGE('',*,*,#2265,.T.);
#2950=ORIENTED_EDGE('',*,*,#2266,.T.);
#2951=ORIENTED_EDGE('',*,*,#2267,.T.);
#2952=ORIENTED_EDGE('',*,*,#2268,.T.);
#2953=ORIENTED_EDGE('',*,*,#2269,.T.);
#2954=ORIENTED_EDGE('',*,*,#2270,.T.);
#2955=ORIENTED_EDGE('',*,*,#2271,.T.);
#2956=ORIENTED_EDGE('',*,*,#2272,.T.);
#2957=ORIENTED_EDGE('',*,*,#2273,.T.);
#2958=ORIENTED_EDGE('',*,*,#2274,.T.);
#2959=ORIENTED_EDGE('',*,*,#2275,.T.);
#2960=ORIENTED_EDGE('',*,*,#2276,.T.);
#2961=ORIENTED_EDGE('',*,*,#2277,.T.);
#2962=ORIENTED_EDGE('',*,*,#2278,.T.);
#2963=ORIENTED_EDGE('',*,*,#2279,.T.);
#2964=ORIENTED_EDGE('',*,*,#2280,.T.);
#2965=ORIENTED_EDGE('',*,*,#2281,.T.);
#2966=ORIENTED_EDGE('',*,*,#2282,.T.);
#2967=ORIENTED_EDGE('',*,*,#2283,.T.);
#2968=ORIENTED_EDGE('',*,*,#2284,.T.);
#2969=ORIENTED_EDGE('',*,*,#2285,.T.);
#2970=ORIENTED_EDGE('',*,*,#2286,.T.);
#2971=ORIENTED_EDGE('',*,*,#2287,.T.);
#2972=ORIENTED_EDGE('',*,*,#2288,.T.);
#2973=ORIENTED_EDGE('',*,*,#2289,.T.);
#2974=ORIENTED_EDGE('',*,*,#2290,.T.);
#2975=ORIENTED_EDGE('',*,*,#2291,.T.);
#2976=ORIENTED_EDGE('',*,*,#2292,.T.);
#2977=ORIENTED_EDGE('',*,*,#2293,.T.);
#2978=ORIENTED_EDGE('',*,*,#2294,.T.);
#2979=ORIENTED_EDGE('',*,*,#2295,.T.);
#2980=ORIENTED_EDGE('',*,*,#2296,.T.);
#2981=ORIENTED_EDGE('',*,*,#2297,.T.);
#2982=ORIENTED_EDGE('',*,*,#2298,.T.);
#2983=ORIENTED_EDGE('',*,*,#2299,.T.);
#2984=ORIENTED_EDGE('',*,*,#2300,.T.);
#2985=ORIENTED_EDGE('',*,*,#2301,.T.);
#2986=ORIENTED_EDGE('',*,*,#2302,.T.);
#2987=ORIENTED_EDGE('',*,*,#2303,.T.);
#2988=ORIENTED_EDGE('',*,*,#2304,.T.);
#2989=ORIENTED_EDGE('',*,*,#2305,.T.);
#2990=ORIENTED_EDGE('',*,*,#2306,.T.);
#2991=ORIENTED_EDGE('',*,*,#2307,.T.);
#2992=ORIENTED_EDGE('',*,*,#2215,.F.);
#2993=ORIENTED_EDGE('',*,*,#2308,.T.);
#2994=ORIENTED_EDGE('',*,*,#2309,.F.);
#2995=ORIENTED_EDGE('',*,*,#2310,.F.);
#2996=ORIENTED_EDGE('',*,*,#2216,.F.);
#2997=ORIENTED_EDGE('',*,*,#2310,.T.);
#2998=ORIENTED_EDGE('',*,*,#2311,.F.);
#2999=ORIENTED_EDGE('',*,*,#2211,.F.);
#3000=ORIENTED_EDGE('',*,*,#2214,.F.);
#3001=ORIENTED_EDGE('',*,*,#2188,.F.);
#3002=ORIENTED_EDGE('',*,*,#2213,.F.);
#3003=ORIENTED_EDGE('',*,*,#2312,.F.);
#3004=ORIENTED_EDGE('',*,*,#2308,.F.);
#3005=ORIENTED_EDGE('',*,*,#2312,.T.);
#3006=ORIENTED_EDGE('',*,*,#2212,.F.);
#3007=ORIENTED_EDGE('',*,*,#2311,.T.);
#3008=ORIENTED_EDGE('',*,*,#2309,.T.);
#3009=ORIENTED_EDGE('',*,*,#2218,.F.);
#3010=ORIENTED_EDGE('',*,*,#2313,.T.);
#3011=ORIENTED_EDGE('',*,*,#2314,.F.);
#3012=ORIENTED_EDGE('',*,*,#2315,.F.);
#3013=ORIENTED_EDGE('',*,*,#2219,.F.);
#3014=ORIENTED_EDGE('',*,*,#2315,.T.);
#3015=ORIENTED_EDGE('',*,*,#2316,.F.);
#3016=ORIENTED_EDGE('',*,*,#2207,.F.);
#3017=ORIENTED_EDGE('',*,*,#2163,.F.);
#3018=ORIENTED_EDGE('',*,*,#2217,.F.);
#3019=ORIENTED_EDGE('',*,*,#2209,.F.);
#3020=ORIENTED_EDGE('',*,*,#2317,.F.);
#3021=ORIENTED_EDGE('',*,*,#2313,.F.);
#3022=ORIENTED_EDGE('',*,*,#2317,.T.);
#3023=ORIENTED_EDGE('',*,*,#2208,.F.);
#3024=ORIENTED_EDGE('',*,*,#2316,.T.);
#3025=ORIENTED_EDGE('',*,*,#2314,.T.);
#3026=ORIENTED_EDGE('',*,*,#2318,.T.);
#3027=ORIENTED_EDGE('',*,*,#2319,.T.);
#3028=ORIENTED_EDGE('',*,*,#2320,.F.);
#3029=ORIENTED_EDGE('',*,*,#2321,.F.);
#3030=ORIENTED_EDGE('',*,*,#2322,.T.);
#3031=ORIENTED_EDGE('',*,*,#2323,.T.);
#3032=ORIENTED_EDGE('',*,*,#2324,.F.);
#3033=ORIENTED_EDGE('',*,*,#2319,.F.);
#3034=ORIENTED_EDGE('',*,*,#2325,.T.);
#3035=ORIENTED_EDGE('',*,*,#2326,.T.);
#3036=ORIENTED_EDGE('',*,*,#2327,.F.);
#3037=ORIENTED_EDGE('',*,*,#2323,.F.);
#3038=ORIENTED_EDGE('',*,*,#2328,.T.);
#3039=ORIENTED_EDGE('',*,*,#2329,.T.);
#3040=ORIENTED_EDGE('',*,*,#2330,.F.);
#3041=ORIENTED_EDGE('',*,*,#2326,.F.);
#3042=ORIENTED_EDGE('',*,*,#2331,.T.);
#3043=ORIENTED_EDGE('',*,*,#2332,.T.);
#3044=ORIENTED_EDGE('',*,*,#2333,.F.);
#3045=ORIENTED_EDGE('',*,*,#2329,.F.);
#3046=ORIENTED_EDGE('',*,*,#2334,.T.);
#3047=ORIENTED_EDGE('',*,*,#2335,.T.);
#3048=ORIENTED_EDGE('',*,*,#2336,.F.);
#3049=ORIENTED_EDGE('',*,*,#2332,.F.);
#3050=ORIENTED_EDGE('',*,*,#2337,.T.);
#3051=ORIENTED_EDGE('',*,*,#2338,.T.);
#3052=ORIENTED_EDGE('',*,*,#2339,.F.);
#3053=ORIENTED_EDGE('',*,*,#2335,.F.);
#3054=ORIENTED_EDGE('',*,*,#2340,.T.);
#3055=ORIENTED_EDGE('',*,*,#2341,.T.);
#3056=ORIENTED_EDGE('',*,*,#2342,.F.);
#3057=ORIENTED_EDGE('',*,*,#2338,.F.);
#3058=ORIENTED_EDGE('',*,*,#2343,.T.);
#3059=ORIENTED_EDGE('',*,*,#2321,.T.);
#3060=ORIENTED_EDGE('',*,*,#2344,.F.);
#3061=ORIENTED_EDGE('',*,*,#2341,.F.);
#3062=ORIENTED_EDGE('',*,*,#2345,.T.);
#3063=ORIENTED_EDGE('',*,*,#2346,.T.);
#3064=ORIENTED_EDGE('',*,*,#2220,.F.);
#3065=ORIENTED_EDGE('',*,*,#2347,.F.);
#3066=ORIENTED_EDGE('',*,*,#2348,.T.);
#3067=ORIENTED_EDGE('',*,*,#2349,.T.);
#3068=ORIENTED_EDGE('',*,*,#2221,.F.);
#3069=ORIENTED_EDGE('',*,*,#2346,.F.);
#3070=ORIENTED_EDGE('',*,*,#2350,.T.);
#3071=ORIENTED_EDGE('',*,*,#2351,.T.);
#3072=ORIENTED_EDGE('',*,*,#2222,.F.);
#3073=ORIENTED_EDGE('',*,*,#2349,.F.);
#3074=ORIENTED_EDGE('',*,*,#2352,.T.);
#3075=ORIENTED_EDGE('',*,*,#2353,.T.);
#3076=ORIENTED_EDGE('',*,*,#2223,.F.);
#3077=ORIENTED_EDGE('',*,*,#2351,.F.);
#3078=ORIENTED_EDGE('',*,*,#2354,.T.);
#3079=ORIENTED_EDGE('',*,*,#2355,.T.);
#3080=ORIENTED_EDGE('',*,*,#2224,.F.);
#3081=ORIENTED_EDGE('',*,*,#2353,.F.);
#3082=ORIENTED_EDGE('',*,*,#2356,.T.);
#3083=ORIENTED_EDGE('',*,*,#2357,.T.);
#3084=ORIENTED_EDGE('',*,*,#2225,.F.);
#3085=ORIENTED_EDGE('',*,*,#2355,.F.);
#3086=ORIENTED_EDGE('',*,*,#2358,.T.);
#3087=ORIENTED_EDGE('',*,*,#2359,.T.);
#3088=ORIENTED_EDGE('',*,*,#2226,.F.);
#3089=ORIENTED_EDGE('',*,*,#2357,.F.);
#3090=ORIENTED_EDGE('',*,*,#2360,.T.);
#3091=ORIENTED_EDGE('',*,*,#2361,.T.);
#3092=ORIENTED_EDGE('',*,*,#2227,.F.);
#3093=ORIENTED_EDGE('',*,*,#2359,.F.);
#3094=ORIENTED_EDGE('',*,*,#2362,.T.);
#3095=ORIENTED_EDGE('',*,*,#2363,.T.);
#3096=ORIENTED_EDGE('',*,*,#2228,.F.);
#3097=ORIENTED_EDGE('',*,*,#2361,.F.);
#3098=ORIENTED_EDGE('',*,*,#2364,.T.);
#3099=ORIENTED_EDGE('',*,*,#2365,.T.);
#3100=ORIENTED_EDGE('',*,*,#2229,.F.);
#3101=ORIENTED_EDGE('',*,*,#2363,.F.);
#3102=ORIENTED_EDGE('',*,*,#2366,.T.);
#3103=ORIENTED_EDGE('',*,*,#2367,.T.);
#3104=ORIENTED_EDGE('',*,*,#2230,.F.);
#3105=ORIENTED_EDGE('',*,*,#2365,.F.);
#3106=ORIENTED_EDGE('',*,*,#2368,.T.);
#3107=ORIENTED_EDGE('',*,*,#2347,.T.);
#3108=ORIENTED_EDGE('',*,*,#2231,.F.);
#3109=ORIENTED_EDGE('',*,*,#2367,.F.);
#3110=ORIENTED_EDGE('',*,*,#2368,.F.);
#3111=ORIENTED_EDGE('',*,*,#2366,.F.);
#3112=ORIENTED_EDGE('',*,*,#2364,.F.);
#3113=ORIENTED_EDGE('',*,*,#2362,.F.);
#3114=ORIENTED_EDGE('',*,*,#2360,.F.);
#3115=ORIENTED_EDGE('',*,*,#2358,.F.);
#3116=ORIENTED_EDGE('',*,*,#2356,.F.);
#3117=ORIENTED_EDGE('',*,*,#2354,.F.);
#3118=ORIENTED_EDGE('',*,*,#2352,.F.);
#3119=ORIENTED_EDGE('',*,*,#2350,.F.);
#3120=ORIENTED_EDGE('',*,*,#2348,.F.);
#3121=ORIENTED_EDGE('',*,*,#2345,.F.);
#3122=ORIENTED_EDGE('',*,*,#2343,.F.);
#3123=ORIENTED_EDGE('',*,*,#2340,.F.);
#3124=ORIENTED_EDGE('',*,*,#2337,.F.);
#3125=ORIENTED_EDGE('',*,*,#2334,.F.);
#3126=ORIENTED_EDGE('',*,*,#2331,.F.);
#3127=ORIENTED_EDGE('',*,*,#2328,.F.);
#3128=ORIENTED_EDGE('',*,*,#2325,.F.);
#3129=ORIENTED_EDGE('',*,*,#2322,.F.);
#3130=ORIENTED_EDGE('',*,*,#2318,.F.);
#3131=ORIENTED_EDGE('',*,*,#2369,.T.);
#3132=ORIENTED_EDGE('',*,*,#2370,.T.);
#3133=ORIENTED_EDGE('',*,*,#2232,.F.);
#3134=ORIENTED_EDGE('',*,*,#2371,.F.);
#3135=ORIENTED_EDGE('',*,*,#2372,.T.);
#3136=ORIENTED_EDGE('',*,*,#2373,.T.);
#3137=ORIENTED_EDGE('',*,*,#2233,.F.);
#3138=ORIENTED_EDGE('',*,*,#2370,.F.);
#3139=ORIENTED_EDGE('',*,*,#2374,.T.);
#3140=ORIENTED_EDGE('',*,*,#2375,.T.);
#3141=ORIENTED_EDGE('',*,*,#2234,.F.);
#3142=ORIENTED_EDGE('',*,*,#2373,.F.);
#3143=ORIENTED_EDGE('',*,*,#2376,.T.);
#3144=ORIENTED_EDGE('',*,*,#2377,.T.);
#3145=ORIENTED_EDGE('',*,*,#2235,.F.);
#3146=ORIENTED_EDGE('',*,*,#2375,.F.);
#3147=ORIENTED_EDGE('',*,*,#2378,.T.);
#3148=ORIENTED_EDGE('',*,*,#2379,.T.);
#3149=ORIENTED_EDGE('',*,*,#2236,.F.);
#3150=ORIENTED_EDGE('',*,*,#2377,.F.);
#3151=ORIENTED_EDGE('',*,*,#2380,.T.);
#3152=ORIENTED_EDGE('',*,*,#2381,.T.);
#3153=ORIENTED_EDGE('',*,*,#2237,.F.);
#3154=ORIENTED_EDGE('',*,*,#2379,.F.);
#3155=ORIENTED_EDGE('',*,*,#2382,.T.);
#3156=ORIENTED_EDGE('',*,*,#2383,.T.);
#3157=ORIENTED_EDGE('',*,*,#2238,.F.);
#3158=ORIENTED_EDGE('',*,*,#2381,.F.);
#3159=ORIENTED_EDGE('',*,*,#2384,.T.);
#3160=ORIENTED_EDGE('',*,*,#2371,.T.);
#3161=ORIENTED_EDGE('',*,*,#2239,.F.);
#3162=ORIENTED_EDGE('',*,*,#2383,.F.);
#3163=ORIENTED_EDGE('',*,*,#2384,.F.);
#3164=ORIENTED_EDGE('',*,*,#2382,.F.);
#3165=ORIENTED_EDGE('',*,*,#2380,.F.);
#3166=ORIENTED_EDGE('',*,*,#2378,.F.);
#3167=ORIENTED_EDGE('',*,*,#2376,.F.);
#3168=ORIENTED_EDGE('',*,*,#2374,.F.);
#3169=ORIENTED_EDGE('',*,*,#2372,.F.);
#3170=ORIENTED_EDGE('',*,*,#2369,.F.);
#3171=ORIENTED_EDGE('',*,*,#2385,.T.);
#3172=ORIENTED_EDGE('',*,*,#2386,.T.);
#3173=ORIENTED_EDGE('',*,*,#2240,.F.);
#3174=ORIENTED_EDGE('',*,*,#2387,.F.);
#3175=ORIENTED_EDGE('',*,*,#2388,.T.);
#3176=ORIENTED_EDGE('',*,*,#2389,.T.);
#3177=ORIENTED_EDGE('',*,*,#2241,.F.);
#3178=ORIENTED_EDGE('',*,*,#2386,.F.);
#3179=ORIENTED_EDGE('',*,*,#2390,.T.);
#3180=ORIENTED_EDGE('',*,*,#2391,.T.);
#3181=ORIENTED_EDGE('',*,*,#2242,.F.);
#3182=ORIENTED_EDGE('',*,*,#2389,.F.);
#3183=ORIENTED_EDGE('',*,*,#2392,.T.);
#3184=ORIENTED_EDGE('',*,*,#2393,.T.);
#3185=ORIENTED_EDGE('',*,*,#2243,.F.);
#3186=ORIENTED_EDGE('',*,*,#2391,.F.);
#3187=ORIENTED_EDGE('',*,*,#2394,.T.);
#3188=ORIENTED_EDGE('',*,*,#2395,.T.);
#3189=ORIENTED_EDGE('',*,*,#2244,.F.);
#3190=ORIENTED_EDGE('',*,*,#2393,.F.);
#3191=ORIENTED_EDGE('',*,*,#2396,.T.);
#3192=ORIENTED_EDGE('',*,*,#2397,.T.);
#3193=ORIENTED_EDGE('',*,*,#2245,.F.);
#3194=ORIENTED_EDGE('',*,*,#2395,.F.);
#3195=ORIENTED_EDGE('',*,*,#2398,.T.);
#3196=ORIENTED_EDGE('',*,*,#2399,.T.);
#3197=ORIENTED_EDGE('',*,*,#2246,.F.);
#3198=ORIENTED_EDGE('',*,*,#2397,.F.);
#3199=ORIENTED_EDGE('',*,*,#2400,.T.);
#3200=ORIENTED_EDGE('',*,*,#2401,.T.);
#3201=ORIENTED_EDGE('',*,*,#2247,.F.);
#3202=ORIENTED_EDGE('',*,*,#2399,.F.);
#3203=ORIENTED_EDGE('',*,*,#2402,.T.);
#3204=ORIENTED_EDGE('',*,*,#2403,.T.);
#3205=ORIENTED_EDGE('',*,*,#2248,.F.);
#3206=ORIENTED_EDGE('',*,*,#2401,.F.);
#3207=ORIENTED_EDGE('',*,*,#2404,.T.);
#3208=ORIENTED_EDGE('',*,*,#2405,.T.);
#3209=ORIENTED_EDGE('',*,*,#2249,.F.);
#3210=ORIENTED_EDGE('',*,*,#2403,.F.);
#3211=ORIENTED_EDGE('',*,*,#2406,.T.);
#3212=ORIENTED_EDGE('',*,*,#2407,.T.);
#3213=ORIENTED_EDGE('',*,*,#2250,.F.);
#3214=ORIENTED_EDGE('',*,*,#2405,.F.);
#3215=ORIENTED_EDGE('',*,*,#2408,.T.);
#3216=ORIENTED_EDGE('',*,*,#2409,.T.);
#3217=ORIENTED_EDGE('',*,*,#2251,.F.);
#3218=ORIENTED_EDGE('',*,*,#2407,.F.);
#3219=ORIENTED_EDGE('',*,*,#2410,.T.);
#3220=ORIENTED_EDGE('',*,*,#2411,.T.);
#3221=ORIENTED_EDGE('',*,*,#2252,.F.);
#3222=ORIENTED_EDGE('',*,*,#2409,.F.);
#3223=ORIENTED_EDGE('',*,*,#2412,.T.);
#3224=ORIENTED_EDGE('',*,*,#2413,.T.);
#3225=ORIENTED_EDGE('',*,*,#2253,.F.);
#3226=ORIENTED_EDGE('',*,*,#2411,.F.);
#3227=ORIENTED_EDGE('',*,*,#2414,.T.);
#3228=ORIENTED_EDGE('',*,*,#2415,.T.);
#3229=ORIENTED_EDGE('',*,*,#2254,.F.);
#3230=ORIENTED_EDGE('',*,*,#2413,.F.);
#3231=ORIENTED_EDGE('',*,*,#2416,.T.);
#3232=ORIENTED_EDGE('',*,*,#2417,.T.);
#3233=ORIENTED_EDGE('',*,*,#2255,.F.);
#3234=ORIENTED_EDGE('',*,*,#2415,.F.);
#3235=ORIENTED_EDGE('',*,*,#2418,.T.);
#3236=ORIENTED_EDGE('',*,*,#2419,.T.);
#3237=ORIENTED_EDGE('',*,*,#2256,.F.);
#3238=ORIENTED_EDGE('',*,*,#2417,.F.);
#3239=ORIENTED_EDGE('',*,*,#2420,.T.);
#3240=ORIENTED_EDGE('',*,*,#2421,.T.);
#3241=ORIENTED_EDGE('',*,*,#2257,.F.);
#3242=ORIENTED_EDGE('',*,*,#2419,.F.);
#3243=ORIENTED_EDGE('',*,*,#2422,.T.);
#3244=ORIENTED_EDGE('',*,*,#2423,.T.);
#3245=ORIENTED_EDGE('',*,*,#2258,.F.);
#3246=ORIENTED_EDGE('',*,*,#2421,.F.);
#3247=ORIENTED_EDGE('',*,*,#2424,.T.);
#3248=ORIENTED_EDGE('',*,*,#2425,.T.);
#3249=ORIENTED_EDGE('',*,*,#2259,.F.);
#3250=ORIENTED_EDGE('',*,*,#2423,.F.);
#3251=ORIENTED_EDGE('',*,*,#2426,.T.);
#3252=ORIENTED_EDGE('',*,*,#2427,.T.);
#3253=ORIENTED_EDGE('',*,*,#2260,.F.);
#3254=ORIENTED_EDGE('',*,*,#2425,.F.);
#3255=ORIENTED_EDGE('',*,*,#2428,.T.);
#3256=ORIENTED_EDGE('',*,*,#2429,.T.);
#3257=ORIENTED_EDGE('',*,*,#2261,.F.);
#3258=ORIENTED_EDGE('',*,*,#2427,.F.);
#3259=ORIENTED_EDGE('',*,*,#2430,.T.);
#3260=ORIENTED_EDGE('',*,*,#2431,.T.);
#3261=ORIENTED_EDGE('',*,*,#2262,.F.);
#3262=ORIENTED_EDGE('',*,*,#2429,.F.);
#3263=ORIENTED_EDGE('',*,*,#2432,.T.);
#3264=ORIENTED_EDGE('',*,*,#2387,.T.);
#3265=ORIENTED_EDGE('',*,*,#2263,.F.);
#3266=ORIENTED_EDGE('',*,*,#2431,.F.);
#3267=ORIENTED_EDGE('',*,*,#2432,.F.);
#3268=ORIENTED_EDGE('',*,*,#2430,.F.);
#3269=ORIENTED_EDGE('',*,*,#2428,.F.);
#3270=ORIENTED_EDGE('',*,*,#2426,.F.);
#3271=ORIENTED_EDGE('',*,*,#2424,.F.);
#3272=ORIENTED_EDGE('',*,*,#2422,.F.);
#3273=ORIENTED_EDGE('',*,*,#2420,.F.);
#3274=ORIENTED_EDGE('',*,*,#2418,.F.);
#3275=ORIENTED_EDGE('',*,*,#2416,.F.);
#3276=ORIENTED_EDGE('',*,*,#2414,.F.);
#3277=ORIENTED_EDGE('',*,*,#2412,.F.);
#3278=ORIENTED_EDGE('',*,*,#2410,.F.);
#3279=ORIENTED_EDGE('',*,*,#2408,.F.);
#3280=ORIENTED_EDGE('',*,*,#2406,.F.);
#3281=ORIENTED_EDGE('',*,*,#2404,.F.);
#3282=ORIENTED_EDGE('',*,*,#2402,.F.);
#3283=ORIENTED_EDGE('',*,*,#2400,.F.);
#3284=ORIENTED_EDGE('',*,*,#2398,.F.);
#3285=ORIENTED_EDGE('',*,*,#2396,.F.);
#3286=ORIENTED_EDGE('',*,*,#2394,.F.);
#3287=ORIENTED_EDGE('',*,*,#2392,.F.);
#3288=ORIENTED_EDGE('',*,*,#2390,.F.);
#3289=ORIENTED_EDGE('',*,*,#2388,.F.);
#3290=ORIENTED_EDGE('',*,*,#2385,.F.);
#3291=ORIENTED_EDGE('',*,*,#2433,.T.);
#3292=ORIENTED_EDGE('',*,*,#2434,.T.);
#3293=ORIENTED_EDGE('',*,*,#2264,.F.);
#3294=ORIENTED_EDGE('',*,*,#2435,.F.);
#3295=ORIENTED_EDGE('',*,*,#2436,.T.);
#3296=ORIENTED_EDGE('',*,*,#2437,.T.);
#3297=ORIENTED_EDGE('',*,*,#2265,.F.);
#3298=ORIENTED_EDGE('',*,*,#2434,.F.);
#3299=ORIENTED_EDGE('',*,*,#2438,.T.);
#3300=ORIENTED_EDGE('',*,*,#2439,.T.);
#3301=ORIENTED_EDGE('',*,*,#2266,.F.);
#3302=ORIENTED_EDGE('',*,*,#2437,.F.);
#3303=ORIENTED_EDGE('',*,*,#2440,.T.);
#3304=ORIENTED_EDGE('',*,*,#2441,.T.);
#3305=ORIENTED_EDGE('',*,*,#2267,.F.);
#3306=ORIENTED_EDGE('',*,*,#2439,.F.);
#3307=ORIENTED_EDGE('',*,*,#2442,.T.);
#3308=ORIENTED_EDGE('',*,*,#2443,.T.);
#3309=ORIENTED_EDGE('',*,*,#2268,.F.);
#3310=ORIENTED_EDGE('',*,*,#2441,.F.);
#3311=ORIENTED_EDGE('',*,*,#2444,.T.);
#3312=ORIENTED_EDGE('',*,*,#2445,.T.);
#3313=ORIENTED_EDGE('',*,*,#2269,.F.);
#3314=ORIENTED_EDGE('',*,*,#2443,.F.);
#3315=ORIENTED_EDGE('',*,*,#2446,.T.);
#3316=ORIENTED_EDGE('',*,*,#2447,.T.);
#3317=ORIENTED_EDGE('',*,*,#2270,.F.);
#3318=ORIENTED_EDGE('',*,*,#2445,.F.);
#3319=ORIENTED_EDGE('',*,*,#2448,.T.);
#3320=ORIENTED_EDGE('',*,*,#2449,.T.);
#3321=ORIENTED_EDGE('',*,*,#2271,.F.);
#3322=ORIENTED_EDGE('',*,*,#2447,.F.);
#3323=ORIENTED_EDGE('',*,*,#2450,.T.);
#3324=ORIENTED_EDGE('',*,*,#2451,.T.);
#3325=ORIENTED_EDGE('',*,*,#2272,.F.);
#3326=ORIENTED_EDGE('',*,*,#2449,.F.);
#3327=ORIENTED_EDGE('',*,*,#2452,.T.);
#3328=ORIENTED_EDGE('',*,*,#2453,.T.);
#3329=ORIENTED_EDGE('',*,*,#2273,.F.);
#3330=ORIENTED_EDGE('',*,*,#2451,.F.);
#3331=ORIENTED_EDGE('',*,*,#2454,.T.);
#3332=ORIENTED_EDGE('',*,*,#2455,.T.);
#3333=ORIENTED_EDGE('',*,*,#2274,.F.);
#3334=ORIENTED_EDGE('',*,*,#2453,.F.);
#3335=ORIENTED_EDGE('',*,*,#2456,.T.);
#3336=ORIENTED_EDGE('',*,*,#2457,.T.);
#3337=ORIENTED_EDGE('',*,*,#2275,.F.);
#3338=ORIENTED_EDGE('',*,*,#2455,.F.);
#3339=ORIENTED_EDGE('',*,*,#2458,.T.);
#3340=ORIENTED_EDGE('',*,*,#2459,.T.);
#3341=ORIENTED_EDGE('',*,*,#2276,.F.);
#3342=ORIENTED_EDGE('',*,*,#2457,.F.);
#3343=ORIENTED_EDGE('',*,*,#2460,.T.);
#3344=ORIENTED_EDGE('',*,*,#2461,.T.);
#3345=ORIENTED_EDGE('',*,*,#2277,.F.);
#3346=ORIENTED_EDGE('',*,*,#2459,.F.);
#3347=ORIENTED_EDGE('',*,*,#2462,.T.);
#3348=ORIENTED_EDGE('',*,*,#2463,.T.);
#3349=ORIENTED_EDGE('',*,*,#2278,.F.);
#3350=ORIENTED_EDGE('',*,*,#2461,.F.);
#3351=ORIENTED_EDGE('',*,*,#2464,.T.);
#3352=ORIENTED_EDGE('',*,*,#2465,.T.);
#3353=ORIENTED_EDGE('',*,*,#2279,.F.);
#3354=ORIENTED_EDGE('',*,*,#2463,.F.);
#3355=ORIENTED_EDGE('',*,*,#2466,.T.);
#3356=ORIENTED_EDGE('',*,*,#2467,.T.);
#3357=ORIENTED_EDGE('',*,*,#2280,.F.);
#3358=ORIENTED_EDGE('',*,*,#2465,.F.);
#3359=ORIENTED_EDGE('',*,*,#2468,.T.);
#3360=ORIENTED_EDGE('',*,*,#2435,.T.);
#3361=ORIENTED_EDGE('',*,*,#2281,.F.);
#3362=ORIENTED_EDGE('',*,*,#2467,.F.);
#3363=ORIENTED_EDGE('',*,*,#2468,.F.);
#3364=ORIENTED_EDGE('',*,*,#2466,.F.);
#3365=ORIENTED_EDGE('',*,*,#2464,.F.);
#3366=ORIENTED_EDGE('',*,*,#2462,.F.);
#3367=ORIENTED_EDGE('',*,*,#2460,.F.);
#3368=ORIENTED_EDGE('',*,*,#2458,.F.);
#3369=ORIENTED_EDGE('',*,*,#2456,.F.);
#3370=ORIENTED_EDGE('',*,*,#2454,.F.);
#3371=ORIENTED_EDGE('',*,*,#2452,.F.);
#3372=ORIENTED_EDGE('',*,*,#2450,.F.);
#3373=ORIENTED_EDGE('',*,*,#2448,.F.);
#3374=ORIENTED_EDGE('',*,*,#2446,.F.);
#3375=ORIENTED_EDGE('',*,*,#2444,.F.);
#3376=ORIENTED_EDGE('',*,*,#2442,.F.);
#3377=ORIENTED_EDGE('',*,*,#2440,.F.);
#3378=ORIENTED_EDGE('',*,*,#2438,.F.);
#3379=ORIENTED_EDGE('',*,*,#2436,.F.);
#3380=ORIENTED_EDGE('',*,*,#2433,.F.);
#3381=ORIENTED_EDGE('',*,*,#2469,.T.);
#3382=ORIENTED_EDGE('',*,*,#2470,.T.);
#3383=ORIENTED_EDGE('',*,*,#2282,.F.);
#3384=ORIENTED_EDGE('',*,*,#2471,.F.);
#3385=ORIENTED_EDGE('',*,*,#2472,.T.);
#3386=ORIENTED_EDGE('',*,*,#2473,.T.);
#3387=ORIENTED_EDGE('',*,*,#2283,.F.);
#3388=ORIENTED_EDGE('',*,*,#2470,.F.);
#3389=ORIENTED_EDGE('',*,*,#2474,.T.);
#3390=ORIENTED_EDGE('',*,*,#2475,.T.);
#3391=ORIENTED_EDGE('',*,*,#2284,.F.);
#3392=ORIENTED_EDGE('',*,*,#2473,.F.);
#3393=ORIENTED_EDGE('',*,*,#2476,.T.);
#3394=ORIENTED_EDGE('',*,*,#2471,.T.);
#3395=ORIENTED_EDGE('',*,*,#2285,.F.);
#3396=ORIENTED_EDGE('',*,*,#2475,.F.);
#3397=ORIENTED_EDGE('',*,*,#2476,.F.);
#3398=ORIENTED_EDGE('',*,*,#2474,.F.);
#3399=ORIENTED_EDGE('',*,*,#2472,.F.);
#3400=ORIENTED_EDGE('',*,*,#2469,.F.);
#3401=ORIENTED_EDGE('',*,*,#2477,.T.);
#3402=ORIENTED_EDGE('',*,*,#2478,.T.);
#3403=ORIENTED_EDGE('',*,*,#2286,.F.);
#3404=ORIENTED_EDGE('',*,*,#2479,.F.);
#3405=ORIENTED_EDGE('',*,*,#2480,.T.);
#3406=ORIENTED_EDGE('',*,*,#2481,.T.);
#3407=ORIENTED_EDGE('',*,*,#2287,.F.);
#3408=ORIENTED_EDGE('',*,*,#2478,.F.);
#3409=ORIENTED_EDGE('',*,*,#2482,.T.);
#3410=ORIENTED_EDGE('',*,*,#2483,.T.);
#3411=ORIENTED_EDGE('',*,*,#2288,.F.);
#3412=ORIENTED_EDGE('',*,*,#2481,.F.);
#3413=ORIENTED_EDGE('',*,*,#2484,.T.);
#3414=ORIENTED_EDGE('',*,*,#2485,.T.);
#3415=ORIENTED_EDGE('',*,*,#2289,.F.);
#3416=ORIENTED_EDGE('',*,*,#2483,.F.);
#3417=ORIENTED_EDGE('',*,*,#2486,.T.);
#3418=ORIENTED_EDGE('',*,*,#2487,.T.);
#3419=ORIENTED_EDGE('',*,*,#2290,.F.);
#3420=ORIENTED_EDGE('',*,*,#2485,.F.);
#3421=ORIENTED_EDGE('',*,*,#2488,.T.);
#3422=ORIENTED_EDGE('',*,*,#2489,.T.);
#3423=ORIENTED_EDGE('',*,*,#2291,.F.);
#3424=ORIENTED_EDGE('',*,*,#2487,.F.);
#3425=ORIENTED_EDGE('',*,*,#2490,.T.);
#3426=ORIENTED_EDGE('',*,*,#2491,.T.);
#3427=ORIENTED_EDGE('',*,*,#2292,.F.);
#3428=ORIENTED_EDGE('',*,*,#2489,.F.);
#3429=ORIENTED_EDGE('',*,*,#2492,.T.);
#3430=ORIENTED_EDGE('',*,*,#2493,.T.);
#3431=ORIENTED_EDGE('',*,*,#2293,.F.);
#3432=ORIENTED_EDGE('',*,*,#2491,.F.);
#3433=ORIENTED_EDGE('',*,*,#2494,.T.);
#3434=ORIENTED_EDGE('',*,*,#2495,.T.);
#3435=ORIENTED_EDGE('',*,*,#2294,.F.);
#3436=ORIENTED_EDGE('',*,*,#2493,.F.);
#3437=ORIENTED_EDGE('',*,*,#2496,.T.);
#3438=ORIENTED_EDGE('',*,*,#2479,.T.);
#3439=ORIENTED_EDGE('',*,*,#2295,.F.);
#3440=ORIENTED_EDGE('',*,*,#2495,.F.);
#3441=ORIENTED_EDGE('',*,*,#2496,.F.);
#3442=ORIENTED_EDGE('',*,*,#2494,.F.);
#3443=ORIENTED_EDGE('',*,*,#2492,.F.);
#3444=ORIENTED_EDGE('',*,*,#2490,.F.);
#3445=ORIENTED_EDGE('',*,*,#2488,.F.);
#3446=ORIENTED_EDGE('',*,*,#2486,.F.);
#3447=ORIENTED_EDGE('',*,*,#2484,.F.);
#3448=ORIENTED_EDGE('',*,*,#2482,.F.);
#3449=ORIENTED_EDGE('',*,*,#2480,.F.);
#3450=ORIENTED_EDGE('',*,*,#2477,.F.);
#3451=ORIENTED_EDGE('',*,*,#2497,.T.);
#3452=ORIENTED_EDGE('',*,*,#2498,.T.);
#3453=ORIENTED_EDGE('',*,*,#2296,.F.);
#3454=ORIENTED_EDGE('',*,*,#2499,.F.);
#3455=ORIENTED_EDGE('',*,*,#2500,.T.);
#3456=ORIENTED_EDGE('',*,*,#2501,.T.);
#3457=ORIENTED_EDGE('',*,*,#2297,.F.);
#3458=ORIENTED_EDGE('',*,*,#2498,.F.);
#3459=ORIENTED_EDGE('',*,*,#2502,.T.);
#3460=ORIENTED_EDGE('',*,*,#2503,.T.);
#3461=ORIENTED_EDGE('',*,*,#2298,.F.);
#3462=ORIENTED_EDGE('',*,*,#2501,.F.);
#3463=ORIENTED_EDGE('',*,*,#2504,.T.);
#3464=ORIENTED_EDGE('',*,*,#2505,.T.);
#3465=ORIENTED_EDGE('',*,*,#2299,.F.);
#3466=ORIENTED_EDGE('',*,*,#2503,.F.);
#3467=ORIENTED_EDGE('',*,*,#2506,.T.);
#3468=ORIENTED_EDGE('',*,*,#2507,.T.);
#3469=ORIENTED_EDGE('',*,*,#2300,.F.);
#3470=ORIENTED_EDGE('',*,*,#2505,.F.);
#3471=ORIENTED_EDGE('',*,*,#2508,.T.);
#3472=ORIENTED_EDGE('',*,*,#2509,.T.);
#3473=ORIENTED_EDGE('',*,*,#2301,.F.);
#3474=ORIENTED_EDGE('',*,*,#2507,.F.);
#3475=ORIENTED_EDGE('',*,*,#2510,.T.);
#3476=ORIENTED_EDGE('',*,*,#2511,.T.);
#3477=ORIENTED_EDGE('',*,*,#2302,.F.);
#3478=ORIENTED_EDGE('',*,*,#2509,.F.);
#3479=ORIENTED_EDGE('',*,*,#2512,.T.);
#3480=ORIENTED_EDGE('',*,*,#2513,.T.);
#3481=ORIENTED_EDGE('',*,*,#2303,.F.);
#3482=ORIENTED_EDGE('',*,*,#2511,.F.);
#3483=ORIENTED_EDGE('',*,*,#2514,.T.);
#3484=ORIENTED_EDGE('',*,*,#2515,.T.);
#3485=ORIENTED_EDGE('',*,*,#2304,.F.);
#3486=ORIENTED_EDGE('',*,*,#2513,.F.);
#3487=ORIENTED_EDGE('',*,*,#2516,.T.);
#3488=ORIENTED_EDGE('',*,*,#2517,.T.);
#3489=ORIENTED_EDGE('',*,*,#2305,.F.);
#3490=ORIENTED_EDGE('',*,*,#2515,.F.);
#3491=ORIENTED_EDGE('',*,*,#2518,.T.);
#3492=ORIENTED_EDGE('',*,*,#2519,.T.);
#3493=ORIENTED_EDGE('',*,*,#2306,.F.);
#3494=ORIENTED_EDGE('',*,*,#2517,.F.);
#3495=ORIENTED_EDGE('',*,*,#2520,.T.);
#3496=ORIENTED_EDGE('',*,*,#2499,.T.);
#3497=ORIENTED_EDGE('',*,*,#2307,.F.);
#3498=ORIENTED_EDGE('',*,*,#2519,.F.);
#3499=ORIENTED_EDGE('',*,*,#2520,.F.);
#3500=ORIENTED_EDGE('',*,*,#2518,.F.);
#3501=ORIENTED_EDGE('',*,*,#2516,.F.);
#3502=ORIENTED_EDGE('',*,*,#2514,.F.);
#3503=ORIENTED_EDGE('',*,*,#2512,.F.);
#3504=ORIENTED_EDGE('',*,*,#2510,.F.);
#3505=ORIENTED_EDGE('',*,*,#2508,.F.);
#3506=ORIENTED_EDGE('',*,*,#2506,.F.);
#3507=ORIENTED_EDGE('',*,*,#2504,.F.);
#3508=ORIENTED_EDGE('',*,*,#2502,.F.);
#3509=ORIENTED_EDGE('',*,*,#2500,.F.);
#3510=ORIENTED_EDGE('',*,*,#2497,.F.);
#3511=ORIENTED_EDGE('',*,*,#2205,.F.);
#3512=ORIENTED_EDGE('',*,*,#2206,.T.);
#3513=ORIENTED_EDGE('',*,*,#2192,.F.);
#3514=ORIENTED_EDGE('',*,*,#2195,.T.);
#3515=ORIENTED_EDGE('',*,*,#2197,.F.);
#3516=ORIENTED_EDGE('',*,*,#2199,.T.);
#3517=ORIENTED_EDGE('',*,*,#2201,.F.);
#3518=ORIENTED_EDGE('',*,*,#2203,.T.);
#3519=ORIENTED_EDGE('',*,*,#2320,.T.);
#3520=ORIENTED_EDGE('',*,*,#2324,.T.);
#3521=ORIENTED_EDGE('',*,*,#2327,.T.);
#3522=ORIENTED_EDGE('',*,*,#2330,.T.);
#3523=ORIENTED_EDGE('',*,*,#2333,.T.);
#3524=ORIENTED_EDGE('',*,*,#2336,.T.);
#3525=ORIENTED_EDGE('',*,*,#2339,.T.);
#3526=ORIENTED_EDGE('',*,*,#2342,.T.);
#3527=ORIENTED_EDGE('',*,*,#2344,.T.);
#3528=ORIENTED_EDGE('',*,*,#2521,.F.);
#3529=ORIENTED_EDGE('',*,*,#2522,.T.);
#3530=ORIENTED_EDGE('',*,*,#2523,.F.);
#3531=ORIENTED_EDGE('',*,*,#2524,.F.);
#3532=ORIENTED_EDGE('',*,*,#2525,.F.);
#3533=ORIENTED_EDGE('',*,*,#2524,.T.);
#3534=ORIENTED_EDGE('',*,*,#2526,.F.);
#3535=ORIENTED_EDGE('',*,*,#2527,.F.);
#3536=ORIENTED_EDGE('',*,*,#2528,.F.);
#3537=ORIENTED_EDGE('',*,*,#2527,.T.);
#3538=ORIENTED_EDGE('',*,*,#2529,.F.);
#3539=ORIENTED_EDGE('',*,*,#2530,.F.);
#3540=ORIENTED_EDGE('',*,*,#2531,.F.);
#3541=ORIENTED_EDGE('',*,*,#2530,.T.);
#3542=ORIENTED_EDGE('',*,*,#2532,.F.);
#3543=ORIENTED_EDGE('',*,*,#2533,.F.);
#3544=ORIENTED_EDGE('',*,*,#2534,.F.);
#3545=ORIENTED_EDGE('',*,*,#2533,.T.);
#3546=ORIENTED_EDGE('',*,*,#2535,.F.);
#3547=ORIENTED_EDGE('',*,*,#2536,.F.);
#3548=ORIENTED_EDGE('',*,*,#2537,.F.);
#3549=ORIENTED_EDGE('',*,*,#2536,.T.);
#3550=ORIENTED_EDGE('',*,*,#2538,.F.);
#3551=ORIENTED_EDGE('',*,*,#2539,.F.);
#3552=ORIENTED_EDGE('',*,*,#2540,.F.);
#3553=ORIENTED_EDGE('',*,*,#2539,.T.);
#3554=ORIENTED_EDGE('',*,*,#2541,.F.);
#3555=ORIENTED_EDGE('',*,*,#2542,.F.);
#3556=ORIENTED_EDGE('',*,*,#2543,.F.);
#3557=ORIENTED_EDGE('',*,*,#2542,.T.);
#3558=ORIENTED_EDGE('',*,*,#2544,.F.);
#3559=ORIENTED_EDGE('',*,*,#2545,.F.);
#3560=ORIENTED_EDGE('',*,*,#2546,.F.);
#3561=ORIENTED_EDGE('',*,*,#2545,.T.);
#3562=ORIENTED_EDGE('',*,*,#2547,.F.);
#3563=ORIENTED_EDGE('',*,*,#2548,.F.);
#3564=ORIENTED_EDGE('',*,*,#2549,.F.);
#3565=ORIENTED_EDGE('',*,*,#2548,.T.);
#3566=ORIENTED_EDGE('',*,*,#2550,.F.);
#3567=ORIENTED_EDGE('',*,*,#2551,.F.);
#3568=ORIENTED_EDGE('',*,*,#2552,.F.);
#3569=ORIENTED_EDGE('',*,*,#2551,.T.);
#3570=ORIENTED_EDGE('',*,*,#2553,.F.);
#3571=ORIENTED_EDGE('',*,*,#2554,.F.);
#3572=ORIENTED_EDGE('',*,*,#2555,.F.);
#3573=ORIENTED_EDGE('',*,*,#2554,.T.);
#3574=ORIENTED_EDGE('',*,*,#2556,.F.);
#3575=ORIENTED_EDGE('',*,*,#2522,.F.);
#3576=ORIENTED_EDGE('',*,*,#2555,.T.);
#3577=ORIENTED_EDGE('',*,*,#2521,.T.);
#3578=ORIENTED_EDGE('',*,*,#2525,.T.);
#3579=ORIENTED_EDGE('',*,*,#2528,.T.);
#3580=ORIENTED_EDGE('',*,*,#2531,.T.);
#3581=ORIENTED_EDGE('',*,*,#2534,.T.);
#3582=ORIENTED_EDGE('',*,*,#2537,.T.);
#3583=ORIENTED_EDGE('',*,*,#2540,.T.);
#3584=ORIENTED_EDGE('',*,*,#2543,.T.);
#3585=ORIENTED_EDGE('',*,*,#2546,.T.);
#3586=ORIENTED_EDGE('',*,*,#2549,.T.);
#3587=ORIENTED_EDGE('',*,*,#2552,.T.);
#3588=ORIENTED_EDGE('',*,*,#2556,.T.);
#3589=ORIENTED_EDGE('',*,*,#2553,.T.);
#3590=ORIENTED_EDGE('',*,*,#2550,.T.);
#3591=ORIENTED_EDGE('',*,*,#2547,.T.);
#3592=ORIENTED_EDGE('',*,*,#2544,.T.);
#3593=ORIENTED_EDGE('',*,*,#2541,.T.);
#3594=ORIENTED_EDGE('',*,*,#2538,.T.);
#3595=ORIENTED_EDGE('',*,*,#2535,.T.);
#3596=ORIENTED_EDGE('',*,*,#2532,.T.);
#3597=ORIENTED_EDGE('',*,*,#2529,.T.);
#3598=ORIENTED_EDGE('',*,*,#2526,.T.);
#3599=ORIENTED_EDGE('',*,*,#2523,.T.);
#3600=ORIENTED_EDGE('',*,*,#2557,.F.);
#3601=ORIENTED_EDGE('',*,*,#2558,.T.);
#3602=ORIENTED_EDGE('',*,*,#2559,.F.);
#3603=ORIENTED_EDGE('',*,*,#2560,.F.);
#3604=ORIENTED_EDGE('',*,*,#2561,.F.);
#3605=ORIENTED_EDGE('',*,*,#2560,.T.);
#3606=ORIENTED_EDGE('',*,*,#2562,.F.);
#3607=ORIENTED_EDGE('',*,*,#2563,.F.);
#3608=ORIENTED_EDGE('',*,*,#2564,.F.);
#3609=ORIENTED_EDGE('',*,*,#2563,.T.);
#3610=ORIENTED_EDGE('',*,*,#2565,.F.);
#3611=ORIENTED_EDGE('',*,*,#2566,.F.);
#3612=ORIENTED_EDGE('',*,*,#2567,.F.);
#3613=ORIENTED_EDGE('',*,*,#2566,.T.);
#3614=ORIENTED_EDGE('',*,*,#2568,.F.);
#3615=ORIENTED_EDGE('',*,*,#2569,.F.);
#3616=ORIENTED_EDGE('',*,*,#2570,.F.);
#3617=ORIENTED_EDGE('',*,*,#2569,.T.);
#3618=ORIENTED_EDGE('',*,*,#2571,.F.);
#3619=ORIENTED_EDGE('',*,*,#2572,.F.);
#3620=ORIENTED_EDGE('',*,*,#2573,.F.);
#3621=ORIENTED_EDGE('',*,*,#2572,.T.);
#3622=ORIENTED_EDGE('',*,*,#2574,.F.);
#3623=ORIENTED_EDGE('',*,*,#2575,.F.);
#3624=ORIENTED_EDGE('',*,*,#2576,.F.);
#3625=ORIENTED_EDGE('',*,*,#2575,.T.);
#3626=ORIENTED_EDGE('',*,*,#2577,.F.);
#3627=ORIENTED_EDGE('',*,*,#2578,.F.);
#3628=ORIENTED_EDGE('',*,*,#2579,.F.);
#3629=ORIENTED_EDGE('',*,*,#2578,.T.);
#3630=ORIENTED_EDGE('',*,*,#2580,.F.);
#3631=ORIENTED_EDGE('',*,*,#2581,.F.);
#3632=ORIENTED_EDGE('',*,*,#2582,.F.);
#3633=ORIENTED_EDGE('',*,*,#2581,.T.);
#3634=ORIENTED_EDGE('',*,*,#2583,.F.);
#3635=ORIENTED_EDGE('',*,*,#2584,.F.);
#3636=ORIENTED_EDGE('',*,*,#2585,.F.);
#3637=ORIENTED_EDGE('',*,*,#2584,.T.);
#3638=ORIENTED_EDGE('',*,*,#2586,.F.);
#3639=ORIENTED_EDGE('',*,*,#2558,.F.);
#3640=ORIENTED_EDGE('',*,*,#2585,.T.);
#3641=ORIENTED_EDGE('',*,*,#2557,.T.);
#3642=ORIENTED_EDGE('',*,*,#2561,.T.);
#3643=ORIENTED_EDGE('',*,*,#2564,.T.);
#3644=ORIENTED_EDGE('',*,*,#2567,.T.);
#3645=ORIENTED_EDGE('',*,*,#2570,.T.);
#3646=ORIENTED_EDGE('',*,*,#2573,.T.);
#3647=ORIENTED_EDGE('',*,*,#2576,.T.);
#3648=ORIENTED_EDGE('',*,*,#2579,.T.);
#3649=ORIENTED_EDGE('',*,*,#2582,.T.);
#3650=ORIENTED_EDGE('',*,*,#2586,.T.);
#3651=ORIENTED_EDGE('',*,*,#2583,.T.);
#3652=ORIENTED_EDGE('',*,*,#2580,.T.);
#3653=ORIENTED_EDGE('',*,*,#2577,.T.);
#3654=ORIENTED_EDGE('',*,*,#2574,.T.);
#3655=ORIENTED_EDGE('',*,*,#2571,.T.);
#3656=ORIENTED_EDGE('',*,*,#2568,.T.);
#3657=ORIENTED_EDGE('',*,*,#2565,.T.);
#3658=ORIENTED_EDGE('',*,*,#2562,.T.);
#3659=ORIENTED_EDGE('',*,*,#2559,.T.);
#3660=ORIENTED_EDGE('',*,*,#2587,.F.);
#3661=ORIENTED_EDGE('',*,*,#2588,.T.);
#3662=ORIENTED_EDGE('',*,*,#2589,.F.);
#3663=ORIENTED_EDGE('',*,*,#2590,.F.);
#3664=ORIENTED_EDGE('',*,*,#2591,.F.);
#3665=ORIENTED_EDGE('',*,*,#2590,.T.);
#3666=ORIENTED_EDGE('',*,*,#2592,.F.);
#3667=ORIENTED_EDGE('',*,*,#2593,.F.);
#3668=ORIENTED_EDGE('',*,*,#2594,.F.);
#3669=ORIENTED_EDGE('',*,*,#2593,.T.);
#3670=ORIENTED_EDGE('',*,*,#2595,.F.);
#3671=ORIENTED_EDGE('',*,*,#2596,.F.);
#3672=ORIENTED_EDGE('',*,*,#2597,.F.);
#3673=ORIENTED_EDGE('',*,*,#2596,.T.);
#3674=ORIENTED_EDGE('',*,*,#2598,.F.);
#3675=ORIENTED_EDGE('',*,*,#2588,.F.);
#3676=ORIENTED_EDGE('',*,*,#2597,.T.);
#3677=ORIENTED_EDGE('',*,*,#2587,.T.);
#3678=ORIENTED_EDGE('',*,*,#2591,.T.);
#3679=ORIENTED_EDGE('',*,*,#2594,.T.);
#3680=ORIENTED_EDGE('',*,*,#2598,.T.);
#3681=ORIENTED_EDGE('',*,*,#2595,.T.);
#3682=ORIENTED_EDGE('',*,*,#2592,.T.);
#3683=ORIENTED_EDGE('',*,*,#2589,.T.);
#3684=ORIENTED_EDGE('',*,*,#2599,.F.);
#3685=ORIENTED_EDGE('',*,*,#2600,.T.);
#3686=ORIENTED_EDGE('',*,*,#2601,.F.);
#3687=ORIENTED_EDGE('',*,*,#2602,.F.);
#3688=ORIENTED_EDGE('',*,*,#2603,.F.);
#3689=ORIENTED_EDGE('',*,*,#2602,.T.);
#3690=ORIENTED_EDGE('',*,*,#2604,.F.);
#3691=ORIENTED_EDGE('',*,*,#2605,.F.);
#3692=ORIENTED_EDGE('',*,*,#2606,.F.);
#3693=ORIENTED_EDGE('',*,*,#2605,.T.);
#3694=ORIENTED_EDGE('',*,*,#2607,.F.);
#3695=ORIENTED_EDGE('',*,*,#2608,.F.);
#3696=ORIENTED_EDGE('',*,*,#2609,.F.);
#3697=ORIENTED_EDGE('',*,*,#2608,.T.);
#3698=ORIENTED_EDGE('',*,*,#2610,.F.);
#3699=ORIENTED_EDGE('',*,*,#2611,.F.);
#3700=ORIENTED_EDGE('',*,*,#2612,.F.);
#3701=ORIENTED_EDGE('',*,*,#2611,.T.);
#3702=ORIENTED_EDGE('',*,*,#2613,.F.);
#3703=ORIENTED_EDGE('',*,*,#2614,.F.);
#3704=ORIENTED_EDGE('',*,*,#2615,.F.);
#3705=ORIENTED_EDGE('',*,*,#2614,.T.);
#3706=ORIENTED_EDGE('',*,*,#2616,.F.);
#3707=ORIENTED_EDGE('',*,*,#2617,.F.);
#3708=ORIENTED_EDGE('',*,*,#2618,.F.);
#3709=ORIENTED_EDGE('',*,*,#2617,.T.);
#3710=ORIENTED_EDGE('',*,*,#2619,.F.);
#3711=ORIENTED_EDGE('',*,*,#2620,.F.);
#3712=ORIENTED_EDGE('',*,*,#2621,.F.);
#3713=ORIENTED_EDGE('',*,*,#2620,.T.);
#3714=ORIENTED_EDGE('',*,*,#2622,.F.);
#3715=ORIENTED_EDGE('',*,*,#2623,.F.);
#3716=ORIENTED_EDGE('',*,*,#2624,.F.);
#3717=ORIENTED_EDGE('',*,*,#2623,.T.);
#3718=ORIENTED_EDGE('',*,*,#2625,.F.);
#3719=ORIENTED_EDGE('',*,*,#2626,.F.);
#3720=ORIENTED_EDGE('',*,*,#2627,.F.);
#3721=ORIENTED_EDGE('',*,*,#2626,.T.);
#3722=ORIENTED_EDGE('',*,*,#2628,.F.);
#3723=ORIENTED_EDGE('',*,*,#2629,.F.);
#3724=ORIENTED_EDGE('',*,*,#2630,.F.);
#3725=ORIENTED_EDGE('',*,*,#2629,.T.);
#3726=ORIENTED_EDGE('',*,*,#2631,.F.);
#3727=ORIENTED_EDGE('',*,*,#2632,.F.);
#3728=ORIENTED_EDGE('',*,*,#2633,.F.);
#3729=ORIENTED_EDGE('',*,*,#2632,.T.);
#3730=ORIENTED_EDGE('',*,*,#2634,.F.);
#3731=ORIENTED_EDGE('',*,*,#2635,.F.);
#3732=ORIENTED_EDGE('',*,*,#2636,.F.);
#3733=ORIENTED_EDGE('',*,*,#2635,.T.);
#3734=ORIENTED_EDGE('',*,*,#2637,.F.);
#3735=ORIENTED_EDGE('',*,*,#2638,.F.);
#3736=ORIENTED_EDGE('',*,*,#2639,.F.);
#3737=ORIENTED_EDGE('',*,*,#2638,.T.);
#3738=ORIENTED_EDGE('',*,*,#2640,.F.);
#3739=ORIENTED_EDGE('',*,*,#2641,.F.);
#3740=ORIENTED_EDGE('',*,*,#2642,.F.);
#3741=ORIENTED_EDGE('',*,*,#2641,.T.);
#3742=ORIENTED_EDGE('',*,*,#2643,.F.);
#3743=ORIENTED_EDGE('',*,*,#2644,.F.);
#3744=ORIENTED_EDGE('',*,*,#2645,.F.);
#3745=ORIENTED_EDGE('',*,*,#2644,.T.);
#3746=ORIENTED_EDGE('',*,*,#2646,.F.);
#3747=ORIENTED_EDGE('',*,*,#2647,.F.);
#3748=ORIENTED_EDGE('',*,*,#2648,.F.);
#3749=ORIENTED_EDGE('',*,*,#2647,.T.);
#3750=ORIENTED_EDGE('',*,*,#2649,.F.);
#3751=ORIENTED_EDGE('',*,*,#2650,.F.);
#3752=ORIENTED_EDGE('',*,*,#2651,.F.);
#3753=ORIENTED_EDGE('',*,*,#2650,.T.);
#3754=ORIENTED_EDGE('',*,*,#2652,.F.);
#3755=ORIENTED_EDGE('',*,*,#2600,.F.);
#3756=ORIENTED_EDGE('',*,*,#2651,.T.);
#3757=ORIENTED_EDGE('',*,*,#2599,.T.);
#3758=ORIENTED_EDGE('',*,*,#2603,.T.);
#3759=ORIENTED_EDGE('',*,*,#2606,.T.);
#3760=ORIENTED_EDGE('',*,*,#2609,.T.);
#3761=ORIENTED_EDGE('',*,*,#2612,.T.);
#3762=ORIENTED_EDGE('',*,*,#2615,.T.);
#3763=ORIENTED_EDGE('',*,*,#2618,.T.);
#3764=ORIENTED_EDGE('',*,*,#2621,.T.);
#3765=ORIENTED_EDGE('',*,*,#2624,.T.);
#3766=ORIENTED_EDGE('',*,*,#2627,.T.);
#3767=ORIENTED_EDGE('',*,*,#2630,.T.);
#3768=ORIENTED_EDGE('',*,*,#2633,.T.);
#3769=ORIENTED_EDGE('',*,*,#2636,.T.);
#3770=ORIENTED_EDGE('',*,*,#2639,.T.);
#3771=ORIENTED_EDGE('',*,*,#2642,.T.);
#3772=ORIENTED_EDGE('',*,*,#2645,.T.);
#3773=ORIENTED_EDGE('',*,*,#2648,.T.);
#3774=ORIENTED_EDGE('',*,*,#2652,.T.);
#3775=ORIENTED_EDGE('',*,*,#2649,.T.);
#3776=ORIENTED_EDGE('',*,*,#2646,.T.);
#3777=ORIENTED_EDGE('',*,*,#2643,.T.);
#3778=ORIENTED_EDGE('',*,*,#2640,.T.);
#3779=ORIENTED_EDGE('',*,*,#2637,.T.);
#3780=ORIENTED_EDGE('',*,*,#2634,.T.);
#3781=ORIENTED_EDGE('',*,*,#2631,.T.);
#3782=ORIENTED_EDGE('',*,*,#2628,.T.);
#3783=ORIENTED_EDGE('',*,*,#2625,.T.);
#3784=ORIENTED_EDGE('',*,*,#2622,.T.);
#3785=ORIENTED_EDGE('',*,*,#2619,.T.);
#3786=ORIENTED_EDGE('',*,*,#2616,.T.);
#3787=ORIENTED_EDGE('',*,*,#2613,.T.);
#3788=ORIENTED_EDGE('',*,*,#2610,.T.);
#3789=ORIENTED_EDGE('',*,*,#2607,.T.);
#3790=ORIENTED_EDGE('',*,*,#2604,.T.);
#3791=ORIENTED_EDGE('',*,*,#2601,.T.);
#3792=ORIENTED_EDGE('',*,*,#2653,.F.);
#3793=ORIENTED_EDGE('',*,*,#2654,.T.);
#3794=ORIENTED_EDGE('',*,*,#2655,.F.);
#3795=ORIENTED_EDGE('',*,*,#2656,.F.);
#3796=ORIENTED_EDGE('',*,*,#2657,.F.);
#3797=ORIENTED_EDGE('',*,*,#2656,.T.);
#3798=ORIENTED_EDGE('',*,*,#2658,.F.);
#3799=ORIENTED_EDGE('',*,*,#2659,.F.);
#3800=ORIENTED_EDGE('',*,*,#2660,.F.);
#3801=ORIENTED_EDGE('',*,*,#2659,.T.);
#3802=ORIENTED_EDGE('',*,*,#2661,.F.);
#3803=ORIENTED_EDGE('',*,*,#2662,.F.);
#3804=ORIENTED_EDGE('',*,*,#2663,.F.);
#3805=ORIENTED_EDGE('',*,*,#2662,.T.);
#3806=ORIENTED_EDGE('',*,*,#2664,.F.);
#3807=ORIENTED_EDGE('',*,*,#2665,.F.);
#3808=ORIENTED_EDGE('',*,*,#2666,.F.);
#3809=ORIENTED_EDGE('',*,*,#2665,.T.);
#3810=ORIENTED_EDGE('',*,*,#2667,.F.);
#3811=ORIENTED_EDGE('',*,*,#2668,.F.);
#3812=ORIENTED_EDGE('',*,*,#2669,.F.);
#3813=ORIENTED_EDGE('',*,*,#2668,.T.);
#3814=ORIENTED_EDGE('',*,*,#2670,.F.);
#3815=ORIENTED_EDGE('',*,*,#2671,.F.);
#3816=ORIENTED_EDGE('',*,*,#2672,.F.);
#3817=ORIENTED_EDGE('',*,*,#2671,.T.);
#3818=ORIENTED_EDGE('',*,*,#2673,.F.);
#3819=ORIENTED_EDGE('',*,*,#2674,.F.);
#3820=ORIENTED_EDGE('',*,*,#2675,.F.);
#3821=ORIENTED_EDGE('',*,*,#2674,.T.);
#3822=ORIENTED_EDGE('',*,*,#2676,.F.);
#3823=ORIENTED_EDGE('',*,*,#2677,.F.);
#3824=ORIENTED_EDGE('',*,*,#2678,.F.);
#3825=ORIENTED_EDGE('',*,*,#2677,.T.);
#3826=ORIENTED_EDGE('',*,*,#2679,.F.);
#3827=ORIENTED_EDGE('',*,*,#2680,.F.);
#3828=ORIENTED_EDGE('',*,*,#2681,.F.);
#3829=ORIENTED_EDGE('',*,*,#2680,.T.);
#3830=ORIENTED_EDGE('',*,*,#2682,.F.);
#3831=ORIENTED_EDGE('',*,*,#2683,.F.);
#3832=ORIENTED_EDGE('',*,*,#2684,.F.);
#3833=ORIENTED_EDGE('',*,*,#2683,.T.);
#3834=ORIENTED_EDGE('',*,*,#2685,.F.);
#3835=ORIENTED_EDGE('',*,*,#2686,.F.);
#3836=ORIENTED_EDGE('',*,*,#2687,.F.);
#3837=ORIENTED_EDGE('',*,*,#2686,.T.);
#3838=ORIENTED_EDGE('',*,*,#2688,.F.);
#3839=ORIENTED_EDGE('',*,*,#2689,.F.);
#3840=ORIENTED_EDGE('',*,*,#2690,.F.);
#3841=ORIENTED_EDGE('',*,*,#2689,.T.);
#3842=ORIENTED_EDGE('',*,*,#2691,.F.);
#3843=ORIENTED_EDGE('',*,*,#2692,.F.);
#3844=ORIENTED_EDGE('',*,*,#2693,.F.);
#3845=ORIENTED_EDGE('',*,*,#2692,.T.);
#3846=ORIENTED_EDGE('',*,*,#2694,.F.);
#3847=ORIENTED_EDGE('',*,*,#2695,.F.);
#3848=ORIENTED_EDGE('',*,*,#2696,.F.);
#3849=ORIENTED_EDGE('',*,*,#2695,.T.);
#3850=ORIENTED_EDGE('',*,*,#2697,.F.);
#3851=ORIENTED_EDGE('',*,*,#2698,.F.);
#3852=ORIENTED_EDGE('',*,*,#2699,.F.);
#3853=ORIENTED_EDGE('',*,*,#2698,.T.);
#3854=ORIENTED_EDGE('',*,*,#2700,.F.);
#3855=ORIENTED_EDGE('',*,*,#2701,.F.);
#3856=ORIENTED_EDGE('',*,*,#2702,.F.);
#3857=ORIENTED_EDGE('',*,*,#2701,.T.);
#3858=ORIENTED_EDGE('',*,*,#2703,.F.);
#3859=ORIENTED_EDGE('',*,*,#2704,.F.);
#3860=ORIENTED_EDGE('',*,*,#2705,.F.);
#3861=ORIENTED_EDGE('',*,*,#2704,.T.);
#3862=ORIENTED_EDGE('',*,*,#2706,.F.);
#3863=ORIENTED_EDGE('',*,*,#2707,.F.);
#3864=ORIENTED_EDGE('',*,*,#2708,.F.);
#3865=ORIENTED_EDGE('',*,*,#2707,.T.);
#3866=ORIENTED_EDGE('',*,*,#2709,.F.);
#3867=ORIENTED_EDGE('',*,*,#2710,.F.);
#3868=ORIENTED_EDGE('',*,*,#2711,.F.);
#3869=ORIENTED_EDGE('',*,*,#2710,.T.);
#3870=ORIENTED_EDGE('',*,*,#2712,.F.);
#3871=ORIENTED_EDGE('',*,*,#2713,.F.);
#3872=ORIENTED_EDGE('',*,*,#2714,.F.);
#3873=ORIENTED_EDGE('',*,*,#2713,.T.);
#3874=ORIENTED_EDGE('',*,*,#2715,.F.);
#3875=ORIENTED_EDGE('',*,*,#2716,.F.);
#3876=ORIENTED_EDGE('',*,*,#2717,.F.);
#3877=ORIENTED_EDGE('',*,*,#2716,.T.);
#3878=ORIENTED_EDGE('',*,*,#2718,.F.);
#3879=ORIENTED_EDGE('',*,*,#2719,.F.);
#3880=ORIENTED_EDGE('',*,*,#2720,.F.);
#3881=ORIENTED_EDGE('',*,*,#2719,.T.);
#3882=ORIENTED_EDGE('',*,*,#2721,.F.);
#3883=ORIENTED_EDGE('',*,*,#2722,.F.);
#3884=ORIENTED_EDGE('',*,*,#2723,.F.);
#3885=ORIENTED_EDGE('',*,*,#2722,.T.);
#3886=ORIENTED_EDGE('',*,*,#2724,.F.);
#3887=ORIENTED_EDGE('',*,*,#2654,.F.);
#3888=ORIENTED_EDGE('',*,*,#2723,.T.);
#3889=ORIENTED_EDGE('',*,*,#2653,.T.);
#3890=ORIENTED_EDGE('',*,*,#2657,.T.);
#3891=ORIENTED_EDGE('',*,*,#2660,.T.);
#3892=ORIENTED_EDGE('',*,*,#2663,.T.);
#3893=ORIENTED_EDGE('',*,*,#2666,.T.);
#3894=ORIENTED_EDGE('',*,*,#2669,.T.);
#3895=ORIENTED_EDGE('',*,*,#2672,.T.);
#3896=ORIENTED_EDGE('',*,*,#2675,.T.);
#3897=ORIENTED_EDGE('',*,*,#2678,.T.);
#3898=ORIENTED_EDGE('',*,*,#2681,.T.);
#3899=ORIENTED_EDGE('',*,*,#2684,.T.);
#3900=ORIENTED_EDGE('',*,*,#2687,.T.);
#3901=ORIENTED_EDGE('',*,*,#2690,.T.);
#3902=ORIENTED_EDGE('',*,*,#2693,.T.);
#3903=ORIENTED_EDGE('',*,*,#2696,.T.);
#3904=ORIENTED_EDGE('',*,*,#2699,.T.);
#3905=ORIENTED_EDGE('',*,*,#2702,.T.);
#3906=ORIENTED_EDGE('',*,*,#2705,.T.);
#3907=ORIENTED_EDGE('',*,*,#2708,.T.);
#3908=ORIENTED_EDGE('',*,*,#2711,.T.);
#3909=ORIENTED_EDGE('',*,*,#2714,.T.);
#3910=ORIENTED_EDGE('',*,*,#2717,.T.);
#3911=ORIENTED_EDGE('',*,*,#2720,.T.);
#3912=ORIENTED_EDGE('',*,*,#2724,.T.);
#3913=ORIENTED_EDGE('',*,*,#2721,.T.);
#3914=ORIENTED_EDGE('',*,*,#2718,.T.);
#3915=ORIENTED_EDGE('',*,*,#2715,.T.);
#3916=ORIENTED_EDGE('',*,*,#2712,.T.);
#3917=ORIENTED_EDGE('',*,*,#2709,.T.);
#3918=ORIENTED_EDGE('',*,*,#2706,.T.);
#3919=ORIENTED_EDGE('',*,*,#2703,.T.);
#3920=ORIENTED_EDGE('',*,*,#2700,.T.);
#3921=ORIENTED_EDGE('',*,*,#2697,.T.);
#3922=ORIENTED_EDGE('',*,*,#2694,.T.);
#3923=ORIENTED_EDGE('',*,*,#2691,.T.);
#3924=ORIENTED_EDGE('',*,*,#2688,.T.);
#3925=ORIENTED_EDGE('',*,*,#2685,.T.);
#3926=ORIENTED_EDGE('',*,*,#2682,.T.);
#3927=ORIENTED_EDGE('',*,*,#2679,.T.);
#3928=ORIENTED_EDGE('',*,*,#2676,.T.);
#3929=ORIENTED_EDGE('',*,*,#2673,.T.);
#3930=ORIENTED_EDGE('',*,*,#2670,.T.);
#3931=ORIENTED_EDGE('',*,*,#2667,.T.);
#3932=ORIENTED_EDGE('',*,*,#2664,.T.);
#3933=ORIENTED_EDGE('',*,*,#2661,.T.);
#3934=ORIENTED_EDGE('',*,*,#2658,.T.);
#3935=ORIENTED_EDGE('',*,*,#2655,.T.);
#3936=ORIENTED_EDGE('',*,*,#2725,.F.);
#3937=ORIENTED_EDGE('',*,*,#2726,.T.);
#3938=ORIENTED_EDGE('',*,*,#2727,.F.);
#3939=ORIENTED_EDGE('',*,*,#2728,.F.);
#3940=ORIENTED_EDGE('',*,*,#2729,.F.);
#3941=ORIENTED_EDGE('',*,*,#2728,.T.);
#3942=ORIENTED_EDGE('',*,*,#2730,.F.);
#3943=ORIENTED_EDGE('',*,*,#2731,.F.);
#3944=ORIENTED_EDGE('',*,*,#2732,.F.);
#3945=ORIENTED_EDGE('',*,*,#2731,.T.);
#3946=ORIENTED_EDGE('',*,*,#2733,.F.);
#3947=ORIENTED_EDGE('',*,*,#2734,.F.);
#3948=ORIENTED_EDGE('',*,*,#2735,.F.);
#3949=ORIENTED_EDGE('',*,*,#2734,.T.);
#3950=ORIENTED_EDGE('',*,*,#2736,.F.);
#3951=ORIENTED_EDGE('',*,*,#2737,.F.);
#3952=ORIENTED_EDGE('',*,*,#2738,.F.);
#3953=ORIENTED_EDGE('',*,*,#2737,.T.);
#3954=ORIENTED_EDGE('',*,*,#2739,.F.);
#3955=ORIENTED_EDGE('',*,*,#2740,.F.);
#3956=ORIENTED_EDGE('',*,*,#2741,.F.);
#3957=ORIENTED_EDGE('',*,*,#2740,.T.);
#3958=ORIENTED_EDGE('',*,*,#2742,.F.);
#3959=ORIENTED_EDGE('',*,*,#2743,.F.);
#3960=ORIENTED_EDGE('',*,*,#2744,.F.);
#3961=ORIENTED_EDGE('',*,*,#2743,.T.);
#3962=ORIENTED_EDGE('',*,*,#2745,.F.);
#3963=ORIENTED_EDGE('',*,*,#2746,.F.);
#3964=ORIENTED_EDGE('',*,*,#2747,.F.);
#3965=ORIENTED_EDGE('',*,*,#2746,.T.);
#3966=ORIENTED_EDGE('',*,*,#2748,.F.);
#3967=ORIENTED_EDGE('',*,*,#2726,.F.);
#3968=ORIENTED_EDGE('',*,*,#2747,.T.);
#3969=ORIENTED_EDGE('',*,*,#2725,.T.);
#3970=ORIENTED_EDGE('',*,*,#2729,.T.);
#3971=ORIENTED_EDGE('',*,*,#2732,.T.);
#3972=ORIENTED_EDGE('',*,*,#2735,.T.);
#3973=ORIENTED_EDGE('',*,*,#2738,.T.);
#3974=ORIENTED_EDGE('',*,*,#2741,.T.);
#3975=ORIENTED_EDGE('',*,*,#2744,.T.);
#3976=ORIENTED_EDGE('',*,*,#2748,.T.);
#3977=ORIENTED_EDGE('',*,*,#2745,.T.);
#3978=ORIENTED_EDGE('',*,*,#2742,.T.);
#3979=ORIENTED_EDGE('',*,*,#2739,.T.);
#3980=ORIENTED_EDGE('',*,*,#2736,.T.);
#3981=ORIENTED_EDGE('',*,*,#2733,.T.);
#3982=ORIENTED_EDGE('',*,*,#2730,.T.);
#3983=ORIENTED_EDGE('',*,*,#2727,.T.);
#3984=ORIENTED_EDGE('',*,*,#2749,.F.);
#3985=ORIENTED_EDGE('',*,*,#2750,.T.);
#3986=ORIENTED_EDGE('',*,*,#2751,.F.);
#3987=ORIENTED_EDGE('',*,*,#2752,.F.);
#3988=ORIENTED_EDGE('',*,*,#2753,.F.);
#3989=ORIENTED_EDGE('',*,*,#2752,.T.);
#3990=ORIENTED_EDGE('',*,*,#2754,.F.);
#3991=ORIENTED_EDGE('',*,*,#2755,.F.);
#3992=ORIENTED_EDGE('',*,*,#2756,.F.);
#3993=ORIENTED_EDGE('',*,*,#2755,.T.);
#3994=ORIENTED_EDGE('',*,*,#2757,.F.);
#3995=ORIENTED_EDGE('',*,*,#2758,.F.);
#3996=ORIENTED_EDGE('',*,*,#2759,.F.);
#3997=ORIENTED_EDGE('',*,*,#2758,.T.);
#3998=ORIENTED_EDGE('',*,*,#2760,.F.);
#3999=ORIENTED_EDGE('',*,*,#2761,.F.);
#4000=ORIENTED_EDGE('',*,*,#2762,.F.);
#4001=ORIENTED_EDGE('',*,*,#2761,.T.);
#4002=ORIENTED_EDGE('',*,*,#2763,.F.);
#4003=ORIENTED_EDGE('',*,*,#2764,.F.);
#4004=ORIENTED_EDGE('',*,*,#2765,.F.);
#4005=ORIENTED_EDGE('',*,*,#2764,.T.);
#4006=ORIENTED_EDGE('',*,*,#2766,.F.);
#4007=ORIENTED_EDGE('',*,*,#2767,.F.);
#4008=ORIENTED_EDGE('',*,*,#2768,.F.);
#4009=ORIENTED_EDGE('',*,*,#2767,.T.);
#4010=ORIENTED_EDGE('',*,*,#2769,.F.);
#4011=ORIENTED_EDGE('',*,*,#2770,.F.);
#4012=ORIENTED_EDGE('',*,*,#2771,.F.);
#4013=ORIENTED_EDGE('',*,*,#2770,.T.);
#4014=ORIENTED_EDGE('',*,*,#2772,.F.);
#4015=ORIENTED_EDGE('',*,*,#2773,.F.);
#4016=ORIENTED_EDGE('',*,*,#2774,.F.);
#4017=ORIENTED_EDGE('',*,*,#2773,.T.);
#4018=ORIENTED_EDGE('',*,*,#2775,.F.);
#4019=ORIENTED_EDGE('',*,*,#2750,.F.);
#4020=ORIENTED_EDGE('',*,*,#2776,.F.);
#4021=ORIENTED_EDGE('',*,*,#2777,.T.);
#4022=ORIENTED_EDGE('',*,*,#2778,.F.);
#4023=ORIENTED_EDGE('',*,*,#2779,.F.);
#4024=ORIENTED_EDGE('',*,*,#2780,.F.);
#4025=ORIENTED_EDGE('',*,*,#2779,.T.);
#4026=ORIENTED_EDGE('',*,*,#2781,.F.);
#4027=ORIENTED_EDGE('',*,*,#2782,.F.);
#4028=ORIENTED_EDGE('',*,*,#2783,.F.);
#4029=ORIENTED_EDGE('',*,*,#2782,.T.);
#4030=ORIENTED_EDGE('',*,*,#2784,.F.);
#4031=ORIENTED_EDGE('',*,*,#2785,.F.);
#4032=ORIENTED_EDGE('',*,*,#2786,.F.);
#4033=ORIENTED_EDGE('',*,*,#2785,.T.);
#4034=ORIENTED_EDGE('',*,*,#2787,.F.);
#4035=ORIENTED_EDGE('',*,*,#2788,.F.);
#4036=ORIENTED_EDGE('',*,*,#2789,.F.);
#4037=ORIENTED_EDGE('',*,*,#2788,.T.);
#4038=ORIENTED_EDGE('',*,*,#2790,.F.);
#4039=ORIENTED_EDGE('',*,*,#2791,.F.);
#4040=ORIENTED_EDGE('',*,*,#2792,.F.);
#4041=ORIENTED_EDGE('',*,*,#2791,.T.);
#4042=ORIENTED_EDGE('',*,*,#2793,.F.);
#4043=ORIENTED_EDGE('',*,*,#2794,.F.);
#4044=ORIENTED_EDGE('',*,*,#2795,.F.);
#4045=ORIENTED_EDGE('',*,*,#2794,.T.);
#4046=ORIENTED_EDGE('',*,*,#2796,.F.);
#4047=ORIENTED_EDGE('',*,*,#2797,.F.);
#4048=ORIENTED_EDGE('',*,*,#2798,.F.);
#4049=ORIENTED_EDGE('',*,*,#2797,.T.);
#4050=ORIENTED_EDGE('',*,*,#2799,.F.);
#4051=ORIENTED_EDGE('',*,*,#2800,.F.);
#4052=ORIENTED_EDGE('',*,*,#2801,.F.);
#4053=ORIENTED_EDGE('',*,*,#2800,.T.);
#4054=ORIENTED_EDGE('',*,*,#2802,.F.);
#4055=ORIENTED_EDGE('',*,*,#2803,.F.);
#4056=ORIENTED_EDGE('',*,*,#2804,.F.);
#4057=ORIENTED_EDGE('',*,*,#2803,.T.);
#4058=ORIENTED_EDGE('',*,*,#2805,.F.);
#4059=ORIENTED_EDGE('',*,*,#2806,.F.);
#4060=ORIENTED_EDGE('',*,*,#2807,.F.);
#4061=ORIENTED_EDGE('',*,*,#2806,.T.);
#4062=ORIENTED_EDGE('',*,*,#2808,.F.);
#4063=ORIENTED_EDGE('',*,*,#2809,.F.);
#4064=ORIENTED_EDGE('',*,*,#2810,.F.);
#4065=ORIENTED_EDGE('',*,*,#2809,.T.);
#4066=ORIENTED_EDGE('',*,*,#2811,.F.);
#4067=ORIENTED_EDGE('',*,*,#2777,.F.);
#4068=ORIENTED_EDGE('',*,*,#2810,.T.);
#4069=ORIENTED_EDGE('',*,*,#2776,.T.);
#4070=ORIENTED_EDGE('',*,*,#2780,.T.);
#4071=ORIENTED_EDGE('',*,*,#2783,.T.);
#4072=ORIENTED_EDGE('',*,*,#2786,.T.);
#4073=ORIENTED_EDGE('',*,*,#2789,.T.);
#4074=ORIENTED_EDGE('',*,*,#2792,.T.);
#4075=ORIENTED_EDGE('',*,*,#2795,.T.);
#4076=ORIENTED_EDGE('',*,*,#2798,.T.);
#4077=ORIENTED_EDGE('',*,*,#2801,.T.);
#4078=ORIENTED_EDGE('',*,*,#2804,.T.);
#4079=ORIENTED_EDGE('',*,*,#2807,.T.);
#4080=ORIENTED_EDGE('',*,*,#2774,.T.);
#4081=ORIENTED_EDGE('',*,*,#2749,.T.);
#4082=ORIENTED_EDGE('',*,*,#2753,.T.);
#4083=ORIENTED_EDGE('',*,*,#2756,.T.);
#4084=ORIENTED_EDGE('',*,*,#2759,.T.);
#4085=ORIENTED_EDGE('',*,*,#2762,.T.);
#4086=ORIENTED_EDGE('',*,*,#2765,.T.);
#4087=ORIENTED_EDGE('',*,*,#2768,.T.);
#4088=ORIENTED_EDGE('',*,*,#2771,.T.);
#4089=ORIENTED_EDGE('',*,*,#2811,.T.);
#4090=ORIENTED_EDGE('',*,*,#2808,.T.);
#4091=ORIENTED_EDGE('',*,*,#2805,.T.);
#4092=ORIENTED_EDGE('',*,*,#2802,.T.);
#4093=ORIENTED_EDGE('',*,*,#2799,.T.);
#4094=ORIENTED_EDGE('',*,*,#2796,.T.);
#4095=ORIENTED_EDGE('',*,*,#2793,.T.);
#4096=ORIENTED_EDGE('',*,*,#2790,.T.);
#4097=ORIENTED_EDGE('',*,*,#2787,.T.);
#4098=ORIENTED_EDGE('',*,*,#2784,.T.);
#4099=ORIENTED_EDGE('',*,*,#2781,.T.);
#4100=ORIENTED_EDGE('',*,*,#2778,.T.);
#4101=ORIENTED_EDGE('',*,*,#2775,.T.);
#4102=ORIENTED_EDGE('',*,*,#2772,.T.);
#4103=ORIENTED_EDGE('',*,*,#2769,.T.);
#4104=ORIENTED_EDGE('',*,*,#2766,.T.);
#4105=ORIENTED_EDGE('',*,*,#2763,.T.);
#4106=ORIENTED_EDGE('',*,*,#2760,.T.);
#4107=ORIENTED_EDGE('',*,*,#2757,.T.);
#4108=ORIENTED_EDGE('',*,*,#2754,.T.);
#4109=ORIENTED_EDGE('',*,*,#2751,.T.);
#4110=PLANE('',#4513);
#4111=PLANE('',#4517);
#4112=PLANE('',#4521);
#4113=PLANE('',#4525);
#4114=PLANE('',#4529);
#4115=PLANE('',#4532);
#4116=PLANE('',#4535);
#4117=PLANE('',#4538);
#4118=PLANE('',#4541);
#4119=PLANE('',#4542);
#4120=PLANE('',#4547);
#4121=PLANE('',#4548);
#4122=PLANE('',#4549);
#4123=PLANE('',#4552);
#4124=PLANE('',#4553);
#4125=PLANE('',#4554);
#4126=PLANE('',#4555);
#4127=PLANE('',#4556);
#4128=PLANE('',#4557);
#4129=PLANE('',#4558);
#4130=PLANE('',#4559);
#4131=PLANE('',#4560);
#4132=PLANE('',#4561);
#4133=PLANE('',#4562);
#4134=PLANE('',#4563);
#4135=PLANE('',#4564);
#4136=PLANE('',#4565);
#4137=PLANE('',#4566);
#4138=PLANE('',#4567);
#4139=PLANE('',#4568);
#4140=PLANE('',#4569);
#4141=PLANE('',#4570);
#4142=PLANE('',#4571);
#4143=PLANE('',#4572);
#4144=PLANE('',#4573);
#4145=PLANE('',#4574);
#4146=PLANE('',#4575);
#4147=PLANE('',#4576);
#4148=PLANE('',#4577);
#4149=PLANE('',#4578);
#4150=PLANE('',#4579);
#4151=PLANE('',#4580);
#4152=PLANE('',#4581);
#4153=PLANE('',#4582);
#4154=PLANE('',#4583);
#4155=PLANE('',#4584);
#4156=PLANE('',#4585);
#4157=PLANE('',#4586);
#4158=PLANE('',#4587);
#4159=PLANE('',#4588);
#4160=PLANE('',#4589);
#4161=PLANE('',#4590);
#4162=PLANE('',#4591);
#4163=PLANE('',#4592);
#4164=PLANE('',#4593);
#4165=PLANE('',#4594);
#4166=PLANE('',#4595);
#4167=PLANE('',#4596);
#4168=PLANE('',#4597);
#4169=PLANE('',#4598);
#4170=PLANE('',#4599);
#4171=PLANE('',#4600);
#4172=PLANE('',#4601);
#4173=PLANE('',#4602);
#4174=PLANE('',#4603);
#4175=PLANE('',#4604);
#4176=PLANE('',#4605);
#4177=PLANE('',#4606);
#4178=PLANE('',#4607);
#4179=PLANE('',#4608);
#4180=PLANE('',#4609);
#4181=PLANE('',#4610);
#4182=PLANE('',#4611);
#4183=PLANE('',#4612);
#4184=PLANE('',#4613);
#4185=PLANE('',#4614);
#4186=PLANE('',#4615);
#4187=PLANE('',#4616);
#4188=PLANE('',#4617);
#4189=PLANE('',#4618);
#4190=PLANE('',#4619);
#4191=PLANE('',#4620);
#4192=PLANE('',#4621);
#4193=PLANE('',#4622);
#4194=PLANE('',#4623);
#4195=PLANE('',#4624);
#4196=PLANE('',#4625);
#4197=PLANE('',#4626);
#4198=PLANE('',#4627);
#4199=PLANE('',#4628);
#4200=PLANE('',#4629);
#4201=PLANE('',#4630);
#4202=PLANE('',#4631);
#4203=PLANE('',#4632);
#4204=PLANE('',#4633);
#4205=PLANE('',#4634);
#4206=PLANE('',#4635);
#4207=PLANE('',#4636);
#4208=PLANE('',#4637);
#4209=PLANE('',#4638);
#4210=PLANE('',#4639);
#4211=PLANE('',#4640);
#4212=PLANE('',#4641);
#4213=PLANE('',#4642);
#4214=PLANE('',#4643);
#4215=PLANE('',#4644);
#4216=PLANE('',#4645);
#4217=PLANE('',#4646);
#4218=PLANE('',#4647);
#4219=PLANE('',#4648);
#4220=PLANE('',#4649);
#4221=PLANE('',#4650);
#4222=PLANE('',#4651);
#4223=PLANE('',#4652);
#4224=PLANE('',#4653);
#4225=PLANE('',#4654);
#4226=PLANE('',#4655);
#4227=PLANE('',#4656);
#4228=PLANE('',#4657);
#4229=PLANE('',#4658);
#4230=PLANE('',#4659);
#4231=PLANE('',#4660);
#4232=PLANE('',#4661);
#4233=PLANE('',#4662);
#4234=PLANE('',#4663);
#4235=PLANE('',#4664);
#4236=PLANE('',#4665);
#4237=PLANE('',#4666);
#4238=PLANE('',#4667);
#4239=PLANE('',#4668);
#4240=PLANE('',#4669);
#4241=PLANE('',#4670);
#4242=PLANE('',#4671);
#4243=PLANE('',#4672);
#4244=PLANE('',#4673);
#4245=PLANE('',#4674);
#4246=PLANE('',#4675);
#4247=PLANE('',#4676);
#4248=PLANE('',#4677);
#4249=ADVANCED_FACE('',(#347),#4110,.T.);
#4250=ADVANCED_FACE('',(#348),#343,.T.);
#4251=ADVANCED_FACE('',(#349),#4111,.T.);
#4252=ADVANCED_FACE('',(#350),#344,.T.);
#4253=ADVANCED_FACE('',(#351),#4112,.T.);
#4254=ADVANCED_FACE('',(#352),#345,.T.);
#4255=ADVANCED_FACE('',(#353),#4113,.T.);
#4256=ADVANCED_FACE('',(#354),#346,.T.);
#4257=ADVANCED_FACE('',(#355),#4114,.T.);
#4258=ADVANCED_FACE('',(#356),#321,.T.);
#4259=ADVANCED_FACE('',(#357),#4115,.T.);
#4260=ADVANCED_FACE('',(#358),#322,.T.);
#4261=ADVANCED_FACE('',(#359),#4116,.T.);
#4262=ADVANCED_FACE('',(#360),#323,.T.);
#4263=ADVANCED_FACE('',(#361),#4117,.T.);
#4264=ADVANCED_FACE('',(#362),#324,.T.);
#4265=ADVANCED_FACE('',(#363),#4118,.T.);
#4266=ADVANCED_FACE('',(#364,#123,#124,#125,#126,#127,#128,#129),#4119,
 .T.);
#4267=ADVANCED_FACE('',(#365),#325,.T.);
#4268=ADVANCED_FACE('',(#366),#4120,.T.);
#4269=ADVANCED_FACE('',(#367),#4121,.T.);
#4270=ADVANCED_FACE('',(#368),#4122,.F.);
#4271=ADVANCED_FACE('',(#369),#326,.T.);
#4272=ADVANCED_FACE('',(#370),#4123,.T.);
#4273=ADVANCED_FACE('',(#371),#4124,.T.);
#4274=ADVANCED_FACE('',(#372),#4125,.F.);
#4275=ADVANCED_FACE('',(#373),#4126,.F.);
#4276=ADVANCED_FACE('',(#374),#29,.F.);
#4277=ADVANCED_FACE('',(#375),#30,.F.);
#4278=ADVANCED_FACE('',(#376),#31,.F.);
#4279=ADVANCED_FACE('',(#377),#32,.F.);
#4280=ADVANCED_FACE('',(#378),#33,.F.);
#4281=ADVANCED_FACE('',(#379),#34,.F.);
#4282=ADVANCED_FACE('',(#380),#4127,.F.);
#4283=ADVANCED_FACE('',(#381),#4128,.F.);
#4284=ADVANCED_FACE('',(#382),#4129,.F.);
#4285=ADVANCED_FACE('',(#383),#35,.F.);
#4286=ADVANCED_FACE('',(#384),#36,.F.);
#4287=ADVANCED_FACE('',(#385),#37,.F.);
#4288=ADVANCED_FACE('',(#386),#38,.F.);
#4289=ADVANCED_FACE('',(#387),#39,.F.);
#4290=ADVANCED_FACE('',(#388),#40,.F.);
#4291=ADVANCED_FACE('',(#389),#41,.F.);
#4292=ADVANCED_FACE('',(#390),#4130,.F.);
#4293=ADVANCED_FACE('',(#391),#4131,.F.);
#4294=ADVANCED_FACE('',(#392),#4132,.F.);
#4295=ADVANCED_FACE('',(#393),#4133,.F.);
#4296=ADVANCED_FACE('',(#394,#130),#4134,.F.);
#4297=ADVANCED_FACE('',(#395),#4135,.F.);
#4298=ADVANCED_FACE('',(#396),#4136,.F.);
#4299=ADVANCED_FACE('',(#397),#4137,.F.);
#4300=ADVANCED_FACE('',(#398),#4138,.F.);
#4301=ADVANCED_FACE('',(#399),#4139,.F.);
#4302=ADVANCED_FACE('',(#400),#4140,.F.);
#4303=ADVANCED_FACE('',(#401),#4141,.F.);
#4304=ADVANCED_FACE('',(#402),#4142,.F.);
#4305=ADVANCED_FACE('',(#403),#4143,.F.);
#4306=ADVANCED_FACE('',(#404),#4144,.F.);
#4307=ADVANCED_FACE('',(#405),#4145,.F.);
#4308=ADVANCED_FACE('',(#406),#42,.F.);
#4309=ADVANCED_FACE('',(#407),#43,.F.);
#4310=ADVANCED_FACE('',(#408),#44,.F.);
#4311=ADVANCED_FACE('',(#409),#45,.F.);
#4312=ADVANCED_FACE('',(#410),#46,.F.);
#4313=ADVANCED_FACE('',(#411),#47,.F.);
#4314=ADVANCED_FACE('',(#412),#48,.F.);
#4315=ADVANCED_FACE('',(#413),#49,.F.);
#4316=ADVANCED_FACE('',(#414),#50,.F.);
#4317=ADVANCED_FACE('',(#415),#51,.F.);
#4318=ADVANCED_FACE('',(#416),#4146,.F.);
#4319=ADVANCED_FACE('',(#417),#52,.F.);
#4320=ADVANCED_FACE('',(#418),#53,.F.);
#4321=ADVANCED_FACE('',(#419),#54,.F.);
#4322=ADVANCED_FACE('',(#420),#55,.F.);
#4323=ADVANCED_FACE('',(#421),#56,.F.);
#4324=ADVANCED_FACE('',(#422),#57,.F.);
#4325=ADVANCED_FACE('',(#423),#58,.F.);
#4326=ADVANCED_FACE('',(#424),#59,.F.);
#4327=ADVANCED_FACE('',(#425),#4147,.F.);
#4328=ADVANCED_FACE('',(#426),#4148,.F.);
#4329=ADVANCED_FACE('',(#427),#4149,.F.);
#4330=ADVANCED_FACE('',(#428),#4150,.F.);
#4331=ADVANCED_FACE('',(#429),#60,.F.);
#4332=ADVANCED_FACE('',(#430),#61,.F.);
#4333=ADVANCED_FACE('',(#431),#62,.F.);
#4334=ADVANCED_FACE('',(#432),#63,.F.);
#4335=ADVANCED_FACE('',(#433),#64,.F.);
#4336=ADVANCED_FACE('',(#434),#65,.F.);
#4337=ADVANCED_FACE('',(#435),#66,.F.);
#4338=ADVANCED_FACE('',(#436),#67,.F.);
#4339=ADVANCED_FACE('',(#437),#4151,.F.);
#4340=ADVANCED_FACE('',(#438),#68,.F.);
#4341=ADVANCED_FACE('',(#439),#69,.F.);
#4342=ADVANCED_FACE('',(#440),#70,.F.);
#4343=ADVANCED_FACE('',(#441),#71,.F.);
#4344=ADVANCED_FACE('',(#442),#72,.F.);
#4345=ADVANCED_FACE('',(#443),#73,.F.);
#4346=ADVANCED_FACE('',(#444),#74,.F.);
#4347=ADVANCED_FACE('',(#445),#75,.F.);
#4348=ADVANCED_FACE('',(#446),#4152,.F.);
#4349=ADVANCED_FACE('',(#447),#4153,.F.);
#4350=ADVANCED_FACE('',(#448),#4154,.F.);
#4351=ADVANCED_FACE('',(#449),#4155,.F.);
#4352=ADVANCED_FACE('',(#450),#4156,.F.);
#4353=ADVANCED_FACE('',(#451),#4157,.F.);
#4354=ADVANCED_FACE('',(#452),#4158,.F.);
#4355=ADVANCED_FACE('',(#453),#4159,.F.);
#4356=ADVANCED_FACE('',(#454),#4160,.F.);
#4357=ADVANCED_FACE('',(#455),#4161,.F.);
#4358=ADVANCED_FACE('',(#456),#4162,.F.);
#4359=ADVANCED_FACE('',(#457),#4163,.F.);
#4360=ADVANCED_FACE('',(#458),#4164,.F.);
#4361=ADVANCED_FACE('',(#459),#4165,.F.);
#4362=ADVANCED_FACE('',(#460),#4166,.F.);
#4363=ADVANCED_FACE('',(#461),#4167,.F.);
#4364=ADVANCED_FACE('',(#462),#4168,.F.);
#4365=ADVANCED_FACE('',(#463),#4169,.F.);
#4366=ADVANCED_FACE('',(#464),#4170,.F.);
#4367=ADVANCED_FACE('',(#465),#4171,.F.);
#4368=ADVANCED_FACE('',(#466),#4172,.F.);
#4369=ADVANCED_FACE('',(#467),#4173,.F.);
#4370=ADVANCED_FACE('',(#468),#4174,.F.);
#4371=ADVANCED_FACE('',(#469),#4175,.F.);
#4372=ADVANCED_FACE('',(#470),#4176,.F.);
#4373=ADVANCED_FACE('',(#471),#4177,.F.);
#4374=ADVANCED_FACE('',(#472),#4178,.F.);
#4375=ADVANCED_FACE('',(#473),#4179,.F.);
#4376=ADVANCED_FACE('',(#474),#4180,.F.);
#4377=ADVANCED_FACE('',(#475),#4181,.F.);
#4378=ADVANCED_FACE('',(#476),#4182,.F.);
#4379=ADVANCED_FACE('',(#477),#4183,.T.);
#4380=ADVANCED_FACE('',(#478),#4184,.T.);
#4381=ADVANCED_FACE('',(#479),#4185,.T.);
#4382=ADVANCED_FACE('',(#480),#4186,.T.);
#4383=ADVANCED_FACE('',(#481),#4187,.T.);
#4384=ADVANCED_FACE('',(#482),#4188,.T.);
#4385=ADVANCED_FACE('',(#483),#4189,.T.);
#4386=ADVANCED_FACE('',(#484),#4190,.T.);
#4387=ADVANCED_FACE('',(#485),#4191,.T.);
#4388=ADVANCED_FACE('',(#486),#4192,.T.);
#4389=ADVANCED_FACE('',(#487),#4193,.T.);
#4390=ADVANCED_FACE('',(#488),#4194,.T.);
#4391=ADVANCED_FACE('',(#489),#4195,.T.);
#4392=ADVANCED_FACE('',(#490),#4196,.T.);
#4393=ADVANCED_FACE('',(#491),#4197,.T.);
#4394=ADVANCED_FACE('',(#492),#4198,.T.);
#4395=ADVANCED_FACE('',(#493),#4199,.T.);
#4396=ADVANCED_FACE('',(#494),#4200,.T.);
#4397=ADVANCED_FACE('',(#495),#4201,.T.);
#4398=ADVANCED_FACE('',(#496),#4202,.T.);
#4399=ADVANCED_FACE('',(#497),#4203,.T.);
#4400=ADVANCED_FACE('',(#498),#4204,.T.);
#4401=ADVANCED_FACE('',(#499),#4205,.T.);
#4402=ADVANCED_FACE('',(#500),#4206,.T.);
#4403=ADVANCED_FACE('',(#501),#4207,.T.);
#4404=ADVANCED_FACE('',(#502),#4208,.T.);
#4405=ADVANCED_FACE('',(#503),#4209,.T.);
#4406=ADVANCED_FACE('',(#504),#4210,.T.);
#4407=ADVANCED_FACE('',(#505),#4211,.T.);
#4408=ADVANCED_FACE('',(#506),#4212,.T.);
#4409=ADVANCED_FACE('',(#507),#4213,.T.);
#4410=ADVANCED_FACE('',(#508),#4214,.T.);
#4411=ADVANCED_FACE('',(#509),#4215,.T.);
#4412=ADVANCED_FACE('',(#510),#4216,.T.);
#4413=ADVANCED_FACE('',(#511),#76,.T.);
#4414=ADVANCED_FACE('',(#512),#77,.T.);
#4415=ADVANCED_FACE('',(#513),#78,.T.);
#4416=ADVANCED_FACE('',(#514),#79,.T.);
#4417=ADVANCED_FACE('',(#515),#80,.T.);
#4418=ADVANCED_FACE('',(#516),#81,.T.);
#4419=ADVANCED_FACE('',(#517),#82,.T.);
#4420=ADVANCED_FACE('',(#518),#83,.T.);
#4421=ADVANCED_FACE('',(#519),#4217,.T.);
#4422=ADVANCED_FACE('',(#520),#84,.T.);
#4423=ADVANCED_FACE('',(#521),#85,.T.);
#4424=ADVANCED_FACE('',(#522),#86,.T.);
#4425=ADVANCED_FACE('',(#523),#87,.T.);
#4426=ADVANCED_FACE('',(#524),#88,.T.);
#4427=ADVANCED_FACE('',(#525),#89,.T.);
#4428=ADVANCED_FACE('',(#526),#90,.T.);
#4429=ADVANCED_FACE('',(#527),#91,.T.);
#4430=ADVANCED_FACE('',(#528),#4218,.T.);
#4431=ADVANCED_FACE('',(#529),#4219,.T.);
#4432=ADVANCED_FACE('',(#530),#4220,.F.);
#4433=ADVANCED_FACE('',(#531),#4221,.T.);
#4434=ADVANCED_FACE('',(#532),#4222,.T.);
#4435=ADVANCED_FACE('',(#533),#92,.T.);
#4436=ADVANCED_FACE('',(#534),#93,.T.);
#4437=ADVANCED_FACE('',(#535),#94,.T.);
#4438=ADVANCED_FACE('',(#536),#95,.T.);
#4439=ADVANCED_FACE('',(#537),#96,.T.);
#4440=ADVANCED_FACE('',(#538),#97,.T.);
#4441=ADVANCED_FACE('',(#539),#98,.T.);
#4442=ADVANCED_FACE('',(#540),#99,.T.);
#4443=ADVANCED_FACE('',(#541),#100,.T.);
#4444=ADVANCED_FACE('',(#542),#101,.T.);
#4445=ADVANCED_FACE('',(#543),#4223,.T.);
#4446=ADVANCED_FACE('',(#544),#102,.T.);
#4447=ADVANCED_FACE('',(#545),#103,.T.);
#4448=ADVANCED_FACE('',(#546),#104,.T.);
#4449=ADVANCED_FACE('',(#547),#105,.T.);
#4450=ADVANCED_FACE('',(#548),#106,.T.);
#4451=ADVANCED_FACE('',(#549),#107,.T.);
#4452=ADVANCED_FACE('',(#550),#108,.T.);
#4453=ADVANCED_FACE('',(#551),#109,.T.);
#4454=ADVANCED_FACE('',(#552),#4224,.T.);
#4455=ADVANCED_FACE('',(#553),#4225,.T.);
#4456=ADVANCED_FACE('',(#554),#4226,.T.);
#4457=ADVANCED_FACE('',(#555),#4227,.T.);
#4458=ADVANCED_FACE('',(#556),#4228,.F.);
#4459=ADVANCED_FACE('',(#557),#4229,.T.);
#4460=ADVANCED_FACE('',(#558),#4230,.T.);
#4461=ADVANCED_FACE('',(#559),#4231,.T.);
#4462=ADVANCED_FACE('',(#560),#4232,.T.);
#4463=ADVANCED_FACE('',(#561),#4233,.T.);
#4464=ADVANCED_FACE('',(#562),#4234,.T.);
#4465=ADVANCED_FACE('',(#563),#4235,.T.);
#4466=ADVANCED_FACE('',(#564),#4236,.T.);
#4467=ADVANCED_FACE('',(#565),#4237,.T.);
#4468=ADVANCED_FACE('',(#566),#4238,.T.);
#4469=ADVANCED_FACE('',(#567),#4239,.T.);
#4470=ADVANCED_FACE('',(#568),#110,.T.);
#4471=ADVANCED_FACE('',(#569),#111,.T.);
#4472=ADVANCED_FACE('',(#570),#112,.T.);
#4473=ADVANCED_FACE('',(#571),#113,.T.);
#4474=ADVANCED_FACE('',(#572),#114,.T.);
#4475=ADVANCED_FACE('',(#573),#115,.T.);
#4476=ADVANCED_FACE('',(#574),#4240,.T.);
#4477=ADVANCED_FACE('',(#575),#4241,.T.);
#4478=ADVANCED_FACE('',(#576),#4242,.T.);
#4479=ADVANCED_FACE('',(#577),#116,.T.);
#4480=ADVANCED_FACE('',(#578),#117,.T.);
#4481=ADVANCED_FACE('',(#579),#118,.T.);
#4482=ADVANCED_FACE('',(#580),#119,.T.);
#4483=ADVANCED_FACE('',(#581),#120,.T.);
#4484=ADVANCED_FACE('',(#582),#121,.T.);
#4485=ADVANCED_FACE('',(#583),#122,.T.);
#4486=ADVANCED_FACE('',(#584),#4243,.T.);
#4487=ADVANCED_FACE('',(#585),#4244,.T.);
#4488=ADVANCED_FACE('',(#586),#4245,.T.);
#4489=ADVANCED_FACE('',(#587),#4246,.T.);
#4490=ADVANCED_FACE('',(#588,#131),#4247,.T.);
#4491=ADVANCED_FACE('',(#589,#132),#4248,.F.);
#4492=CLOSED_SHELL('',(#4249,#4250,#4251,#4252,#4253,#4254,#4255,#4256,
#4257,#4258,#4259,#4260,#4261,#4262,#4263,#4264,#4265,#4266,#4267,#4268,
#4269,#4270,#4271,#4272,#4273,#4274,#4275,#4276,#4277,#4278,#4279,#4280,
#4281,#4282,#4283,#4284,#4285,#4286,#4287,#4288,#4289,#4290,#4291,#4292,
#4293,#4294,#4295,#4296,#4297,#4298,#4299,#4300,#4301,#4302,#4303,#4304,
#4305,#4306,#4307,#4308,#4309,#4310,#4311,#4312,#4313,#4314,#4315,#4316,
#4317,#4318,#4319,#4320,#4321,#4322,#4323,#4324,#4325,#4326,#4327,#4328,
#4329,#4330,#4331,#4332,#4333,#4334,#4335,#4336,#4337,#4338,#4339,#4340,
#4341,#4342,#4343,#4344,#4345,#4346,#4347,#4348,#4349,#4350,#4351,#4352,
#4353,#4354,#4355,#4356,#4357,#4358,#4359,#4360,#4361,#4362,#4363,#4364,
#4365,#4366,#4367,#4368,#4369,#4370,#4371,#4372,#4373,#4374,#4375,#4376,
#4377,#4378,#4379,#4380));
#4493=CLOSED_SHELL('',(#4381,#4382,#4383,#4384,#4385,#4386,#4387,#4388,
#4389,#4390,#4391,#4392,#4393,#4394));
#4494=CLOSED_SHELL('',(#4395,#4396,#4397,#4398,#4399,#4400,#4401,#4402,
#4403,#4404,#4405,#4406));
#4495=CLOSED_SHELL('',(#4407,#4408,#4409,#4410,#4411,#4412));
#4496=CLOSED_SHELL('',(#4413,#4414,#4415,#4416,#4417,#4418,#4419,#4420,
#4421,#4422,#4423,#4424,#4425,#4426,#4427,#4428,#4429,#4430,#4431,#4432));
#4497=CLOSED_SHELL('',(#4433,#4434,#4435,#4436,#4437,#4438,#4439,#4440,
#4441,#4442,#4443,#4444,#4445,#4446,#4447,#4448,#4449,#4450,#4451,#4452,
#4453,#4454,#4455,#4456,#4457,#4458));
#4498=CLOSED_SHELL('',(#4459,#4460,#4461,#4462,#4463,#4464,#4465,#4466,
#4467,#4468));
#4499=CLOSED_SHELL('',(#4469,#4470,#4471,#4472,#4473,#4474,#4475,#4476,
#4477,#4478,#4479,#4480,#4481,#4482,#4483,#4484,#4485,#4486,#4487,#4488,
#4489,#4490,#4491));
#4500=DERIVED_UNIT_ELEMENT(#4502,1.);
#4501=DERIVED_UNIT_ELEMENT(#8381,-3.);
#4502=(
MASS_UNIT()
NAMED_UNIT(*)
SI_UNIT(.KILO.,.GRAM.)
);
#4503=DERIVED_UNIT((#4500,#4501));
#4504=MEASURE_REPRESENTATION_ITEM('density measure',
POSITIVE_RATIO_MEASURE(100.),#4503);
#4505=PROPERTY_DEFINITION_REPRESENTATION(#4510,#4507);
#4506=PROPERTY_DEFINITION_REPRESENTATION(#4511,#4508);
#4507=REPRESENTATION('material name',(#4509),#8378);
#4508=REPRESENTATION('density',(#4504),#8378);
#4509=DESCRIPTIVE_REPRESENTATION_ITEM('Grobspanplatte','Grobspanplatte');
#4510=PROPERTY_DEFINITION('material property','material name',#8388);
#4511=PROPERTY_DEFINITION('material property','density of part',#8388);
#4512=AXIS2_PLACEMENT_3D('',#5455,#4678,#4679);
#4513=AXIS2_PLACEMENT_3D('',#5456,#4680,#4681);
#4514=AXIS2_PLACEMENT_3D('',#5465,#4686,#4687);
#4515=AXIS2_PLACEMENT_3D('',#5467,#4688,#4689);
#4516=AXIS2_PLACEMENT_3D('',#5470,#4691,#4692);
#4517=AXIS2_PLACEMENT_3D('',#5471,#4693,#4694);
#4518=AXIS2_PLACEMENT_3D('',#5477,#4698,#4699);
#4519=AXIS2_PLACEMENT_3D('',#5479,#4700,#4701);
#4520=AXIS2_PLACEMENT_3D('',#5482,#4703,#4704);
#4521=AXIS2_PLACEMENT_3D('',#5483,#4705,#4706);
#4522=AXIS2_PLACEMENT_3D('',#5489,#4710,#4711);
#4523=AXIS2_PLACEMENT_3D('',#5491,#4712,#4713);
#4524=AXIS2_PLACEMENT_3D('',#5494,#4715,#4716);
#4525=AXIS2_PLACEMENT_3D('',#5495,#4717,#4718);
#4526=AXIS2_PLACEMENT_3D('',#5501,#4722,#4723);
#4527=AXIS2_PLACEMENT_3D('',#5503,#4724,#4725);
#4528=AXIS2_PLACEMENT_3D('',#5506,#4727,#4728);
#4529=AXIS2_PLACEMENT_3D('',#5507,#4729,#4730);
#4530=AXIS2_PLACEMENT_3D('',#5513,#4734,#4735);
#4531=AXIS2_PLACEMENT_3D('',#5517,#4737,#4738);
#4532=AXIS2_PLACEMENT_3D('',#5519,#4740,#4741);
#4533=AXIS2_PLACEMENT_3D('',#5523,#4744,#4745);
#4534=AXIS2_PLACEMENT_3D('',#5526,#4747,#4748);
#4535=AXIS2_PLACEMENT_3D('',#5527,#4749,#4750);
#4536=AXIS2_PLACEMENT_3D('',#5531,#4753,#4754);
#4537=AXIS2_PLACEMENT_3D('',#5534,#4756,#4757);
#4538=AXIS2_PLACEMENT_3D('',#5535,#4758,#4759);
#4539=AXIS2_PLACEMENT_3D('',#5539,#4762,#4763);
#4540=AXIS2_PLACEMENT_3D('',#5542,#4765,#4766);
#4541=AXIS2_PLACEMENT_3D('',#5543,#4767,#4768);
#4542=AXIS2_PLACEMENT_3D('',#5558,#4777,#4778);
#4543=AXIS2_PLACEMENT_3D('',#5562,#4780,#4781);
#4544=AXIS2_PLACEMENT_3D('',#5567,#4784,#4785);
#4545=AXIS2_PLACEMENT_3D('',#5909,#4834,#4835);
#4546=AXIS2_PLACEMENT_3D('',#5913,#4837,#4838);
#4547=AXIS2_PLACEMENT_3D('',#5915,#4840,#4841);
#4548=AXIS2_PLACEMENT_3D('',#5917,#4843,#4844);
#4549=AXIS2_PLACEMENT_3D('',#5919,#4846,#4847);
#4550=AXIS2_PLACEMENT_3D('',#5920,#4848,#4849);
#4551=AXIS2_PLACEMENT_3D('',#5924,#4851,#4852);
#4552=AXIS2_PLACEMENT_3D('',#5926,#4854,#4855);
#4553=AXIS2_PLACEMENT_3D('',#5928,#4857,#4858);
#4554=AXIS2_PLACEMENT_3D('',#5930,#4860,#4861);
#4555=AXIS2_PLACEMENT_3D('',#5931,#4862,#4863);
#4556=AXIS2_PLACEMENT_3D('',#6078,#4874,#4875);
#4557=AXIS2_PLACEMENT_3D('',#6084,#4879,#4880);
#4558=AXIS2_PLACEMENT_3D('',#6087,#4883,#4884);
#4559=AXIS2_PLACEMENT_3D('',#6212,#4895,#4896);
#4560=AXIS2_PLACEMENT_3D('',#6216,#4899,#4900);
#4561=AXIS2_PLACEMENT_3D('',#6220,#4903,#4904);
#4562=AXIS2_PLACEMENT_3D('',#6224,#4907,#4908);
#4563=AXIS2_PLACEMENT_3D('',#6226,#4910,#4911);
#4564=AXIS2_PLACEMENT_3D('',#6227,#4912,#4913);
#4565=AXIS2_PLACEMENT_3D('',#6233,#4917,#4918);
#4566=AXIS2_PLACEMENT_3D('',#6237,#4921,#4922);
#4567=AXIS2_PLACEMENT_3D('',#6241,#4925,#4926);
#4568=AXIS2_PLACEMENT_3D('',#6245,#4929,#4930);
#4569=AXIS2_PLACEMENT_3D('',#6249,#4933,#4934);
#4570=AXIS2_PLACEMENT_3D('',#6253,#4937,#4938);
#4571=AXIS2_PLACEMENT_3D('',#6257,#4941,#4942);
#4572=AXIS2_PLACEMENT_3D('',#6259,#4944,#4945);
#4573=AXIS2_PLACEMENT_3D('',#6260,#4946,#4947);
#4574=AXIS2_PLACEMENT_3D('',#6266,#4951,#4952);
#4575=AXIS2_PLACEMENT_3D('',#6440,#4965,#4966);
#4576=AXIS2_PLACEMENT_3D('',#6580,#4977,#4978);
#4577=AXIS2_PLACEMENT_3D('',#6584,#4981,#4982);
#4578=AXIS2_PLACEMENT_3D('',#6588,#4985,#4986);
#4579=AXIS2_PLACEMENT_3D('',#6590,#4988,#4989);
#4580=AXIS2_PLACEMENT_3D('',#6729,#4999,#5000);
#4581=AXIS2_PLACEMENT_3D('',#6869,#5011,#5012);
#4582=AXIS2_PLACEMENT_3D('',#6871,#5014,#5015);
#4583=AXIS2_PLACEMENT_3D('',#6872,#5016,#5017);
#4584=AXIS2_PLACEMENT_3D('',#6878,#5021,#5022);
#4585=AXIS2_PLACEMENT_3D('',#6882,#5025,#5026);
#4586=AXIS2_PLACEMENT_3D('',#6886,#5029,#5030);
#4587=AXIS2_PLACEMENT_3D('',#6888,#5032,#5033);
#4588=AXIS2_PLACEMENT_3D('',#6889,#5034,#5035);
#4589=AXIS2_PLACEMENT_3D('',#6895,#5039,#5040);
#4590=AXIS2_PLACEMENT_3D('',#6899,#5043,#5044);
#4591=AXIS2_PLACEMENT_3D('',#6903,#5047,#5048);
#4592=AXIS2_PLACEMENT_3D('',#6907,#5051,#5052);
#4593=AXIS2_PLACEMENT_3D('',#6911,#5055,#5056);
#4594=AXIS2_PLACEMENT_3D('',#6915,#5059,#5060);
#4595=AXIS2_PLACEMENT_3D('',#6919,#5063,#5064);
#4596=AXIS2_PLACEMENT_3D('',#6923,#5067,#5068);
#4597=AXIS2_PLACEMENT_3D('',#6927,#5071,#5072);
#4598=AXIS2_PLACEMENT_3D('',#6929,#5074,#5075);
#4599=AXIS2_PLACEMENT_3D('',#6930,#5076,#5077);
#4600=AXIS2_PLACEMENT_3D('',#6936,#5081,#5082);
#4601=AXIS2_PLACEMENT_3D('',#6940,#5085,#5086);
#4602=AXIS2_PLACEMENT_3D('',#6944,#5089,#5090);
#4603=AXIS2_PLACEMENT_3D('',#6948,#5093,#5094);
#4604=AXIS2_PLACEMENT_3D('',#6952,#5097,#5098);
#4605=AXIS2_PLACEMENT_3D('',#6956,#5101,#5102);
#4606=AXIS2_PLACEMENT_3D('',#6960,#5105,#5106);
#4607=AXIS2_PLACEMENT_3D('',#6964,#5109,#5110);
#4608=AXIS2_PLACEMENT_3D('',#6968,#5113,#5114);
#4609=AXIS2_PLACEMENT_3D('',#6972,#5117,#5118);
#4610=AXIS2_PLACEMENT_3D('',#6976,#5121,#5122);
#4611=AXIS2_PLACEMENT_3D('',#6978,#5124,#5125);
#4612=AXIS2_PLACEMENT_3D('',#6979,#5126,#5127);
#4613=AXIS2_PLACEMENT_3D('',#6980,#5128,#5129);
#4614=AXIS2_PLACEMENT_3D('',#6981,#5130,#5131);
#4615=AXIS2_PLACEMENT_3D('',#6990,#5136,#5137);
#4616=AXIS2_PLACEMENT_3D('',#6996,#5141,#5142);
#4617=AXIS2_PLACEMENT_3D('',#7002,#5146,#5147);
#4618=AXIS2_PLACEMENT_3D('',#7008,#5151,#5152);
#4619=AXIS2_PLACEMENT_3D('',#7014,#5156,#5157);
#4620=AXIS2_PLACEMENT_3D('',#7020,#5161,#5162);
#4621=AXIS2_PLACEMENT_3D('',#7026,#5166,#5167);
#4622=AXIS2_PLACEMENT_3D('',#7032,#5171,#5172);
#4623=AXIS2_PLACEMENT_3D('',#7038,#5176,#5177);
#4624=AXIS2_PLACEMENT_3D('',#7044,#5181,#5182);
#4625=AXIS2_PLACEMENT_3D('',#7050,#5186,#5187);
#4626=AXIS2_PLACEMENT_3D('',#7053,#5190,#5191);
#4627=AXIS2_PLACEMENT_3D('',#7054,#5192,#5193);
#4628=AXIS2_PLACEMENT_3D('',#7055,#5194,#5195);
#4629=AXIS2_PLACEMENT_3D('',#7064,#5200,#5201);
#4630=AXIS2_PLACEMENT_3D('',#7070,#5205,#5206);
#4631=AXIS2_PLACEMENT_3D('',#7076,#5210,#5211);
#4632=AXIS2_PLACEMENT_3D('',#7082,#5215,#5216);
#4633=AXIS2_PLACEMENT_3D('',#7088,#5220,#5221);
#4634=AXIS2_PLACEMENT_3D('',#7094,#5225,#5226);
#4635=AXIS2_PLACEMENT_3D('',#7100,#5230,#5231);
#4636=AXIS2_PLACEMENT_3D('',#7106,#5235,#5236);
#4637=AXIS2_PLACEMENT_3D('',#7112,#5240,#5241);
#4638=AXIS2_PLACEMENT_3D('',#7115,#5244,#5245);
#4639=AXIS2_PLACEMENT_3D('',#7116,#5246,#5247);
#4640=AXIS2_PLACEMENT_3D('',#7117,#5248,#5249);
#4641=AXIS2_PLACEMENT_3D('',#7126,#5254,#5255);
#4642=AXIS2_PLACEMENT_3D('',#7132,#5259,#5260);
#4643=AXIS2_PLACEMENT_3D('',#7138,#5264,#5265);
#4644=AXIS2_PLACEMENT_3D('',#7141,#5268,#5269);
#4645=AXIS2_PLACEMENT_3D('',#7142,#5270,#5271);
#4646=AXIS2_PLACEMENT_3D('',#7330,#5281,#5282);
#4647=AXIS2_PLACEMENT_3D('',#7520,#5294,#5295);
#4648=AXIS2_PLACEMENT_3D('',#7523,#5298,#5299);
#4649=AXIS2_PLACEMENT_3D('',#7524,#5300,#5301);
#4650=AXIS2_PLACEMENT_3D('',#7525,#5302,#5303);
#4651=AXIS2_PLACEMENT_3D('',#7534,#5308,#5309);
#4652=AXIS2_PLACEMENT_3D('',#7770,#5323,#5324);
#4653=AXIS2_PLACEMENT_3D('',#7960,#5336,#5337);
#4654=AXIS2_PLACEMENT_3D('',#7966,#5341,#5342);
#4655=AXIS2_PLACEMENT_3D('',#7972,#5346,#5347);
#4656=AXIS2_PLACEMENT_3D('',#7975,#5350,#5351);
#4657=AXIS2_PLACEMENT_3D('',#7976,#5352,#5353);
#4658=AXIS2_PLACEMENT_3D('',#7977,#5354,#5355);
#4659=AXIS2_PLACEMENT_3D('',#7986,#5360,#5361);
#4660=AXIS2_PLACEMENT_3D('',#7992,#5365,#5366);
#4661=AXIS2_PLACEMENT_3D('',#7998,#5370,#5371);
#4662=AXIS2_PLACEMENT_3D('',#8004,#5375,#5376);
#4663=AXIS2_PLACEMENT_3D('',#8010,#5380,#5381);
#4664=AXIS2_PLACEMENT_3D('',#8016,#5385,#5386);
#4665=AXIS2_PLACEMENT_3D('',#8022,#5390,#5391);
#4666=AXIS2_PLACEMENT_3D('',#8025,#5394,#5395);
#4667=AXIS2_PLACEMENT_3D('',#8026,#5396,#5397);
#4668=AXIS2_PLACEMENT_3D('',#8027,#5398,#5399);
#4669=AXIS2_PLACEMENT_3D('',#8174,#5410,#5411);
#4670=AXIS2_PLACEMENT_3D('',#8180,#5415,#5416);
#4671=AXIS2_PLACEMENT_3D('',#8183,#5419,#5420);
#4672=AXIS2_PLACEMENT_3D('',#8353,#5432,#5433);
#4673=AXIS2_PLACEMENT_3D('',#8359,#5437,#5438);
#4674=AXIS2_PLACEMENT_3D('',#8365,#5442,#5443);
#4675=AXIS2_PLACEMENT_3D('',#8371,#5447,#5448);
#4676=AXIS2_PLACEMENT_3D('',#8374,#5451,#5452);
#4677=AXIS2_PLACEMENT_3D('',#8375,#5453,#5454);
#4678=DIRECTION('axis',(0.,0.,1.));
#4679=DIRECTION('refdir',(1.,0.,0.));
#4680=DIRECTION('center_axis',(0.707106781186546,-0.707106781186549,0.));
#4681=DIRECTION('ref_axis',(0.,0.,-1.));
#4682=DIRECTION('',(-0.707106781186549,-0.707106781186546,0.));
#4683=DIRECTION('',(0.,0.,1.));
#4684=DIRECTION('',(-0.707106781186549,-0.707106781186546,0.));
#4685=DIRECTION('',(0.,0.,-1.));
#4686=DIRECTION('center_axis',(0.,1.,0.));
#4687=DIRECTION('ref_axis',(0.707106781186555,0.,0.70710678118654));
#4688=DIRECTION('center_axis',(0.,-1.,0.));
#4689=DIRECTION('ref_axis',(0.707106781186555,0.,0.70710678118654));
#4690=DIRECTION('',(0.,-0.707106781186534,-0.707106781186561));
#4691=DIRECTION('center_axis',(0.,1.,0.));
#4692=DIRECTION('ref_axis',(0.707106781186555,0.,0.70710678118654));
#4693=DIRECTION('center_axis',(0.,-0.707106781186541,0.707106781186554));
#4694=DIRECTION('ref_axis',(1.,0.,0.));
#4695=DIRECTION('',(0.,-0.707106781186554,-0.707106781186541));
#4696=DIRECTION('',(1.,0.,0.));
#4697=DIRECTION('',(-1.,0.,0.));
#4698=DIRECTION('center_axis',(0.,1.,0.));
#4699=DIRECTION('ref_axis',(-0.707106781186543,0.,0.707106781186552));
#4700=DIRECTION('center_axis',(0.,-1.,0.));
#4701=DIRECTION('ref_axis',(-0.707106781186543,0.,0.707106781186553));
#4702=DIRECTION('',(0.707106781186552,-0.707106781186543,0.));
#4703=DIRECTION('center_axis',(0.,1.,0.));
#4704=DIRECTION('ref_axis',(-0.707106781186543,0.,0.707106781186552));
#4705=DIRECTION('center_axis',(-0.707106781186546,-0.707106781186549,0.));
#4706=DIRECTION('ref_axis',(0.,0.,1.));
#4707=DIRECTION('',(0.707106781186549,-0.707106781186546,0.));
#4708=DIRECTION('',(0.,0.,1.));
#4709=DIRECTION('',(0.,0.,-1.));
#4710=DIRECTION('center_axis',(0.,1.,0.));
#4711=DIRECTION('ref_axis',(-0.707106781186555,0.,-0.70710678118654));
#4712=DIRECTION('center_axis',(0.,-1.,0.));
#4713=DIRECTION('ref_axis',(-0.707106781186555,0.,-0.70710678118654));
#4714=DIRECTION('',(0.,-0.707106781186534,0.707106781186561));
#4715=DIRECTION('center_axis',(0.,1.,0.));
#4716=DIRECTION('ref_axis',(-0.707106781186555,0.,-0.70710678118654));
#4717=DIRECTION('center_axis',(0.,-0.707106781186541,-0.707106781186554));
#4718=DIRECTION('ref_axis',(-1.,0.,0.));
#4719=DIRECTION('',(0.,-0.707106781186554,0.707106781186541));
#4720=DIRECTION('',(-1.,0.,0.));
#4721=DIRECTION('',(1.,0.,0.));
#4722=DIRECTION('center_axis',(0.,1.,0.));
#4723=DIRECTION('ref_axis',(0.707106781186542,0.,-0.707106781186553));
#4724=DIRECTION('center_axis',(0.,-1.,0.));
#4725=DIRECTION('ref_axis',(0.707106781186542,0.,-0.707106781186553));
#4726=DIRECTION('',(-0.707106781186552,-0.707106781186543,0.));
#4727=DIRECTION('center_axis',(0.,1.,0.));
#4728=DIRECTION('ref_axis',(0.707106781186542,0.,-0.707106781186553));
#4729=DIRECTION('center_axis',(0.707106781186546,-0.707106781186549,0.));
#4730=DIRECTION('ref_axis',(0.,0.,-1.));
#4731=DIRECTION('',(0.707106781186549,0.707106781186546,0.));
#4732=DIRECTION('',(0.,0.,-1.));
#4733=DIRECTION('',(0.,0.,1.));
#4734=DIRECTION('center_axis',(0.,-1.,0.));
#4735=DIRECTION('ref_axis',(0.707106781186542,0.,-0.707106781186553));
#4736=DIRECTION('',(0.,1.,0.));
#4737=DIRECTION('center_axis',(0.,-1.,-1.22464679914735E-16));
#4738=DIRECTION('ref_axis',(0.707106781186542,0.,-0.707106781186553));
#4739=DIRECTION('',(0.,-1.,0.));
#4740=DIRECTION('center_axis',(0.,0.,-1.));
#4741=DIRECTION('ref_axis',(1.,0.,0.));
#4742=DIRECTION('',(0.,-1.,0.));
#4743=DIRECTION('',(-1.,0.,0.));
#4744=DIRECTION('center_axis',(0.,-1.,0.));
#4745=DIRECTION('ref_axis',(-0.707106781186555,0.,-0.70710678118654));
#4746=DIRECTION('',(0.,1.,0.));
#4747=DIRECTION('center_axis',(0.,-1.,-1.22464679914735E-16));
#4748=DIRECTION('ref_axis',(-0.707106781186555,0.,-0.70710678118654));
#4749=DIRECTION('center_axis',(-1.,0.,0.));
#4750=DIRECTION('ref_axis',(0.,0.,-1.));
#4751=DIRECTION('',(0.,-1.,0.));
#4752=DIRECTION('',(0.,0.,1.));
#4753=DIRECTION('center_axis',(0.,-1.,0.));
#4754=DIRECTION('ref_axis',(-0.707106781186543,0.,0.707106781186553));
#4755=DIRECTION('',(0.,1.,0.));
#4756=DIRECTION('center_axis',(0.,-1.,-1.22464679914735E-16));
#4757=DIRECTION('ref_axis',(-0.707106781186543,0.,0.707106781186553));
#4758=DIRECTION('center_axis',(0.,0.,1.));
#4759=DIRECTION('ref_axis',(-1.,0.,0.));
#4760=DIRECTION('',(0.,-1.,0.));
#4761=DIRECTION('',(1.,0.,0.));
#4762=DIRECTION('center_axis',(0.,-1.,0.));
#4763=DIRECTION('ref_axis',(0.707106781186555,0.,0.70710678118654));
#4764=DIRECTION('',(0.,1.,0.));
#4765=DIRECTION('center_axis',(0.,-1.,-1.22464679914735E-16));
#4766=DIRECTION('ref_axis',(0.707106781186555,0.,0.70710678118654));
#4767=DIRECTION('center_axis',(1.,0.,0.));
#4768=DIRECTION('ref_axis',(0.,0.,1.));
#4769=DIRECTION('',(0.,0.,-1.));
#4770=DIRECTION('',(0.,1.,0.));
#4771=DIRECTION('',(0.,0.,-1.));
#4772=DIRECTION('',(0.,-1.,0.));
#4773=DIRECTION('',(0.,0.,1.));
#4774=DIRECTION('',(0.,1.,0.));
#4775=DIRECTION('',(0.,0.,-1.));
#4776=DIRECTION('',(0.,-1.,0.));
#4777=DIRECTION('center_axis',(0.,-1.,0.));
#4778=DIRECTION('ref_axis',(0.,0.,-1.));
#4779=DIRECTION('',(1.,0.,0.));
#4780=DIRECTION('center_axis',(0.,-1.,0.));
#4781=DIRECTION('ref_axis',(-1.,0.,0.));
#4782=DIRECTION('',(-1.,0.,0.));
#4783=DIRECTION('',(1.,0.,0.));
#4784=DIRECTION('center_axis',(0.,-1.,0.));
#4785=DIRECTION('ref_axis',(-1.,0.,0.));
#4786=DIRECTION('',(-1.,0.,0.));
#4787=DIRECTION('',(2.02258601648617E-15,0.,1.));
#4788=DIRECTION('',(-1.75689417504655E-15,0.,-1.));
#4789=DIRECTION('',(1.,0.,0.));
#4790=DIRECTION('',(-2.29108489850634E-15,0.,-1.));
#4791=DIRECTION('',(-1.,0.,0.));
#4792=DIRECTION('',(-1.99745734552097E-15,0.,-1.));
#4793=DIRECTION('',(-1.,0.,0.));
#4794=DIRECTION('',(1.98888481012443E-15,0.,1.));
#4795=DIRECTION('',(1.,0.,0.));
#4796=DIRECTION('',(-2.0020598744652E-15,0.,-1.));
#4797=DIRECTION('',(1.,0.,0.));
#4798=DIRECTION('',(-2.29108583786439E-15,0.,-1.));
#4799=DIRECTION('',(-1.,0.,0.));
#4800=DIRECTION('',(2.03731884349475E-15,0.,1.));
#4801=DIRECTION('',(1.,0.,0.));
#4802=DIRECTION('',(0.183884785027124,0.,-0.982947804227431));
#4803=DIRECTION('',(-1.,0.,0.));
#4804=DIRECTION('',(-2.00047522492821E-15,0.,-1.));
#4805=DIRECTION('',(-1.,0.,0.));
#4806=DIRECTION('',(0.232368968282681,0.,-0.972627710164194));
#4807=DIRECTION('',(0.302244039399358,0.,0.953230581049286));
#4808=DIRECTION('',(2.04758823261225E-15,0.,1.));
#4809=DIRECTION('',(1.,0.,0.));
#4810=DIRECTION('',(-2.04758823261225E-15,0.,-1.));
#4811=DIRECTION('',(-1.,0.,0.));
#4812=DIRECTION('',(1.99624584223618E-15,0.,1.));
#4813=DIRECTION('',(1.,0.,0.));
#4814=DIRECTION('',(-1.99769601570378E-15,0.,-1.));
#4815=DIRECTION('',(1.,0.,0.));
#4816=DIRECTION('',(2.03152629991097E-15,0.,1.));
#4817=DIRECTION('',(1.,0.,0.));
#4818=DIRECTION('',(-2.03152629991097E-15,0.,-1.));
#4819=DIRECTION('',(1.,0.,0.));
#4820=DIRECTION('',(-2.29109147402889E-15,0.,-1.));
#4821=DIRECTION('',(-1.,0.,0.));
#4822=DIRECTION('',(2.00162554973907E-15,0.,1.));
#4823=DIRECTION('',(1.,0.,0.));
#4824=DIRECTION('',(-2.00047563416721E-15,0.,-1.));
#4825=DIRECTION('',(1.,0.,0.));
#4826=DIRECTION('',(1.99639896572146E-15,0.,1.));
#4827=DIRECTION('',(1.,0.,0.));
#4828=DIRECTION('',(-1.99639896572146E-15,0.,-1.));
#4829=DIRECTION('',(1.,0.,0.));
#4830=DIRECTION('',(1.93208311223727E-15,0.,1.));
#4831=DIRECTION('',(1.,0.,0.));
#4832=DIRECTION('',(-2.02738740602467E-15,0.,-1.));
#4833=DIRECTION('',(-1.,0.,0.));
#4834=DIRECTION('center_axis',(0.,1.,0.));
#4835=DIRECTION('ref_axis',(0.790569415042093,0.,-0.612372435695796));
#4836=DIRECTION('',(0.,1.,0.));
#4837=DIRECTION('center_axis',(0.,1.,0.));
#4838=DIRECTION('ref_axis',(-1.,0.,0.));
#4839=DIRECTION('',(0.,1.,0.));
#4840=DIRECTION('center_axis',(0.,0.,1.));
#4841=DIRECTION('ref_axis',(1.,0.,0.));
#4842=DIRECTION('',(1.,0.,0.));
#4843=DIRECTION('center_axis',(0.,0.,-1.));
#4844=DIRECTION('ref_axis',(-1.,0.,0.));
#4845=DIRECTION('',(-1.,0.,0.));
#4846=DIRECTION('center_axis',(0.,-1.,0.));
#4847=DIRECTION('ref_axis',(-1.,0.,0.));
#4848=DIRECTION('center_axis',(0.,1.,0.));
#4849=DIRECTION('ref_axis',(0.790569415042093,0.,0.612372435695797));
#4850=DIRECTION('',(0.,1.,0.));
#4851=DIRECTION('center_axis',(0.,1.,0.));
#4852=DIRECTION('ref_axis',(-1.,0.,0.));
#4853=DIRECTION('',(0.,1.,0.));
#4854=DIRECTION('center_axis',(0.,0.,1.));
#4855=DIRECTION('ref_axis',(1.,0.,0.));
#4856=DIRECTION('',(1.,0.,0.));
#4857=DIRECTION('center_axis',(0.,0.,-1.));
#4858=DIRECTION('ref_axis',(-1.,0.,0.));
#4859=DIRECTION('',(-1.,0.,0.));
#4860=DIRECTION('center_axis',(0.,-1.,0.));
#4861=DIRECTION('ref_axis',(-1.,0.,0.));
#4862=DIRECTION('center_axis',(-1.,0.,2.09309019333697E-15));
#4863=DIRECTION('ref_axis',(-2.09309019333697E-15,1.22464679914735E-16,
-1.));
#4864=DIRECTION('',(2.09309019333697E-15,-1.22464679914735E-16,1.));
#4865=DIRECTION('',(0.,-1.,0.));
#4866=DIRECTION('',(2.09309019333697E-15,0.,1.));
#4867=DIRECTION('',(0.,-1.,0.));
#4868=DIRECTION('',(0.,-1.,0.));
#4869=DIRECTION('',(0.,-1.,0.));
#4870=DIRECTION('',(0.,-1.,0.));
#4871=DIRECTION('',(0.,-1.,0.));
#4872=DIRECTION('',(0.,-1.,0.));
#4873=DIRECTION('',(0.,-1.,0.));
#4874=DIRECTION('center_axis',(1.,0.,-2.00069444943837E-15));
#4875=DIRECTION('ref_axis',(2.00069444943837E-15,-1.22464679914735E-16,
1.));
#4876=DIRECTION('',(-2.00069444943837E-15,1.22464679914735E-16,-1.));
#4877=DIRECTION('',(0.,-1.,0.));
#4878=DIRECTION('',(-2.00069444943837E-15,0.,-1.));
#4879=DIRECTION('center_axis',(0.,0.,1.));
#4880=DIRECTION('ref_axis',(-1.,0.,0.));
#4881=DIRECTION('',(1.,0.,0.));
#4882=DIRECTION('',(1.,0.,0.));
#4883=DIRECTION('center_axis',(-1.,0.,2.02258601648617E-15));
#4884=DIRECTION('ref_axis',(-2.02258601648617E-15,1.22464679914735E-16,
-1.));
#4885=DIRECTION('',(2.02258601648617E-15,-1.22464679914735E-16,1.));
#4886=DIRECTION('',(0.,-1.,0.));
#4887=DIRECTION('',(0.,-1.,0.));
#4888=DIRECTION('',(0.,-1.,0.));
#4889=DIRECTION('',(0.,-1.,0.));
#4890=DIRECTION('',(0.,-1.,0.));
#4891=DIRECTION('',(0.,-1.,0.));
#4892=DIRECTION('',(0.,-1.,0.));
#4893=DIRECTION('',(0.,-1.,0.));
#4894=DIRECTION('',(0.,-1.,0.));
#4895=DIRECTION('center_axis',(1.,0.,-1.75689417504655E-15));
#4896=DIRECTION('ref_axis',(1.75689417504655E-15,-1.22464679914735E-16,
1.));
#4897=DIRECTION('',(-1.75689417504655E-15,1.22464679914735E-16,-1.));
#4898=DIRECTION('',(0.,-1.,0.));
#4899=DIRECTION('center_axis',(0.,0.,1.));
#4900=DIRECTION('ref_axis',(-1.,0.,0.));
#4901=DIRECTION('',(1.,0.,0.));
#4902=DIRECTION('',(0.,-1.,0.));
#4903=DIRECTION('center_axis',(1.,0.,-2.29108489850634E-15));
#4904=DIRECTION('ref_axis',(2.29108489850634E-15,-1.22464679914735E-16,
1.));
#4905=DIRECTION('',(-2.29108489850634E-15,1.22464679914735E-16,-1.));
#4906=DIRECTION('',(0.,-1.,0.));
#4907=DIRECTION('center_axis',(0.,0.,-1.));
#4908=DIRECTION('ref_axis',(1.,0.,0.));
#4909=DIRECTION('',(-1.,0.,0.));
#4910=DIRECTION('center_axis',(0.,1.,1.22464679914735E-16));
#4911=DIRECTION('ref_axis',(-1.,0.,0.));
#4912=DIRECTION('center_axis',(1.,0.,-1.99745734552097E-15));
#4913=DIRECTION('ref_axis',(1.99745734552097E-15,-1.22464679914735E-16,
1.));
#4914=DIRECTION('',(-1.99745734552097E-15,1.22464679914735E-16,-1.));
#4915=DIRECTION('',(0.,-1.,0.));
#4916=DIRECTION('',(0.,-1.,0.));
#4917=DIRECTION('center_axis',(0.,0.,-1.));
#4918=DIRECTION('ref_axis',(1.,0.,0.));
#4919=DIRECTION('',(-1.,0.,0.));
#4920=DIRECTION('',(0.,-1.,0.));
#4921=DIRECTION('center_axis',(-1.,0.,1.98888481012443E-15));
#4922=DIRECTION('ref_axis',(-1.98888481012443E-15,1.22464679914735E-16,
-1.));
#4923=DIRECTION('',(1.98888481012443E-15,-1.22464679914735E-16,1.));
#4924=DIRECTION('',(0.,-1.,0.));
#4925=DIRECTION('center_axis',(0.,0.,1.));
#4926=DIRECTION('ref_axis',(-1.,0.,0.));
#4927=DIRECTION('',(1.,0.,0.));
#4928=DIRECTION('',(0.,-1.,0.));
#4929=DIRECTION('center_axis',(1.,0.,-2.0020598744652E-15));
#4930=DIRECTION('ref_axis',(2.0020598744652E-15,-1.22464679914735E-16,1.));
#4931=DIRECTION('',(-2.0020598744652E-15,1.22464679914735E-16,-1.));
#4932=DIRECTION('',(0.,-1.,0.));
#4933=DIRECTION('center_axis',(0.,0.,1.));
#4934=DIRECTION('ref_axis',(-1.,0.,0.));
#4935=DIRECTION('',(1.,0.,0.));
#4936=DIRECTION('',(0.,-1.,0.));
#4937=DIRECTION('center_axis',(1.,0.,-2.29108583786439E-15));
#4938=DIRECTION('ref_axis',(2.29108583786439E-15,-1.22464679914735E-16,
1.));
#4939=DIRECTION('',(-2.29108583786439E-15,1.22464679914735E-16,-1.));
#4940=DIRECTION('',(0.,-1.,0.));
#4941=DIRECTION('center_axis',(0.,0.,-1.));
#4942=DIRECTION('ref_axis',(1.,0.,0.));
#4943=DIRECTION('',(-1.,0.,0.));
#4944=DIRECTION('center_axis',(0.,1.,1.22464679914735E-16));
#4945=DIRECTION('ref_axis',(-1.,0.,0.));
#4946=DIRECTION('center_axis',(-1.,0.,2.03731884349475E-15));
#4947=DIRECTION('ref_axis',(-2.03731884349475E-15,1.22464679914735E-16,
-1.));
#4948=DIRECTION('',(2.03731884349475E-15,-1.22464679914735E-16,1.));
#4949=DIRECTION('',(0.,-1.,0.));
#4950=DIRECTION('',(0.,-1.,0.));
#4951=DIRECTION('center_axis',(0.,0.,1.));
#4952=DIRECTION('ref_axis',(-1.,0.,0.));
#4953=DIRECTION('',(1.,0.,0.));
#4954=DIRECTION('',(0.,-1.,0.));
#4955=DIRECTION('',(0.,-1.,0.));
#4956=DIRECTION('',(0.,-1.,0.));
#4957=DIRECTION('',(0.,-1.,0.));
#4958=DIRECTION('',(0.,-1.,0.));
#4959=DIRECTION('',(0.,-1.,0.));
#4960=DIRECTION('',(0.,-1.,0.));
#4961=DIRECTION('',(0.,-1.,0.));
#4962=DIRECTION('',(0.,-1.,0.));
#4963=DIRECTION('',(0.,-1.,0.));
#4964=DIRECTION('',(0.,-1.,0.));
#4965=DIRECTION('center_axis',(0.982947804227431,0.,0.183884785027124));
#4966=DIRECTION('ref_axis',(-0.183884785027124,-1.20376388217604E-16,0.982947804227431));
#4967=DIRECTION('',(0.183884785027124,1.20376388217604E-16,-0.982947804227431));
#4968=DIRECTION('',(0.,-1.,0.));
#4969=DIRECTION('',(0.,-1.,0.));
#4970=DIRECTION('',(0.,-1.,0.));
#4971=DIRECTION('',(0.,-1.,0.));
#4972=DIRECTION('',(0.,-1.,0.));
#4973=DIRECTION('',(0.,-1.,0.));
#4974=DIRECTION('',(0.,-1.,0.));
#4975=DIRECTION('',(0.,-1.,0.));
#4976=DIRECTION('',(0.,-1.,0.));
#4977=DIRECTION('center_axis',(0.,0.,-1.));
#4978=DIRECTION('ref_axis',(1.,0.,0.));
#4979=DIRECTION('',(-1.,0.,0.));
#4980=DIRECTION('',(0.,-1.,0.));
#4981=DIRECTION('center_axis',(1.,0.,-2.00047522492821E-15));
#4982=DIRECTION('ref_axis',(2.00047522492821E-15,-1.22464679914735E-16,
1.));
#4983=DIRECTION('',(-2.00047522492821E-15,1.22464679914735E-16,-1.));
#4984=DIRECTION('',(0.,-1.,0.));
#4985=DIRECTION('center_axis',(0.,0.,-1.));
#4986=DIRECTION('ref_axis',(1.,0.,0.));
#4987=DIRECTION('',(-1.,0.,0.));
#4988=DIRECTION('center_axis',(0.,1.,1.22464679914735E-16));
#4989=DIRECTION('ref_axis',(-1.,0.,0.));
#4990=DIRECTION('',(0.,-1.,0.));
#4991=DIRECTION('',(0.,-1.,0.));
#4992=DIRECTION('',(0.,-1.,0.));
#4993=DIRECTION('',(0.,-1.,0.));
#4994=DIRECTION('',(0.,-1.,0.));
#4995=DIRECTION('',(0.,-1.,0.));
#4996=DIRECTION('',(0.,-1.,0.));
#4997=DIRECTION('',(0.,-1.,0.));
#4998=DIRECTION('',(0.,-1.,0.));
#4999=DIRECTION('center_axis',(0.972627710164194,0.,0.232368968282681));
#5000=DIRECTION('ref_axis',(-0.232368968282681,-1.1911254120146E-16,0.972627710164194));
#5001=DIRECTION('',(0.232368968282681,1.1911254120146E-16,-0.972627710164194));
#5002=DIRECTION('',(0.,-1.,0.));
#5003=DIRECTION('',(0.,-1.,0.));
#5004=DIRECTION('',(0.,-1.,0.));
#5005=DIRECTION('',(0.,-1.,0.));
#5006=DIRECTION('',(0.,-1.,0.));
#5007=DIRECTION('',(0.,-1.,0.));
#5008=DIRECTION('',(0.,-1.,0.));
#5009=DIRECTION('',(0.,-1.,0.));
#5010=DIRECTION('',(0.,-1.,0.));
#5011=DIRECTION('center_axis',(-0.953230581049286,0.,0.302244039399358));
#5012=DIRECTION('ref_axis',(-0.302244039399358,1.16737077993138E-16,-0.953230581049286));
#5013=DIRECTION('',(0.302244039399358,-1.16737077993138E-16,0.953230581049286));
#5014=DIRECTION('center_axis',(0.,1.,1.22464679914735E-16));
#5015=DIRECTION('ref_axis',(-1.,0.,0.));
#5016=DIRECTION('center_axis',(-1.,0.,2.04758823261225E-15));
#5017=DIRECTION('ref_axis',(-2.04758823261225E-15,1.22464679914735E-16,
-1.));
#5018=DIRECTION('',(2.04758823261225E-15,-1.22464679914735E-16,1.));
#5019=DIRECTION('',(0.,-1.,0.));
#5020=DIRECTION('',(0.,-1.,0.));
#5021=DIRECTION('center_axis',(0.,0.,1.));
#5022=DIRECTION('ref_axis',(-1.,0.,0.));
#5023=DIRECTION('',(1.,0.,0.));
#5024=DIRECTION('',(0.,-1.,0.));
#5025=DIRECTION('center_axis',(1.,0.,-2.04758823261225E-15));
#5026=DIRECTION('ref_axis',(2.04758823261225E-15,-1.22464679914735E-16,
1.));
#5027=DIRECTION('',(-2.04758823261225E-15,1.22464679914735E-16,-1.));
#5028=DIRECTION('',(0.,-1.,0.));
#5029=DIRECTION('center_axis',(0.,0.,-1.));
#5030=DIRECTION('ref_axis',(1.,0.,0.));
#5031=DIRECTION('',(-1.,0.,0.));
#5032=DIRECTION('center_axis',(0.,1.,1.22464679914735E-16));
#5033=DIRECTION('ref_axis',(-1.,0.,0.));
#5034=DIRECTION('center_axis',(-1.,0.,1.99624584223618E-15));
#5035=DIRECTION('ref_axis',(-1.99624584223618E-15,1.22464679914735E-16,
-1.));
#5036=DIRECTION('',(1.99624584223618E-15,-1.22464679914735E-16,1.));
#5037=DIRECTION('',(0.,-1.,0.));
#5038=DIRECTION('',(0.,-1.,0.));
#5039=DIRECTION('center_axis',(0.,0.,1.));
#5040=DIRECTION('ref_axis',(-1.,0.,0.));
#5041=DIRECTION('',(1.,0.,0.));
#5042=DIRECTION('',(0.,-1.,0.));
#5043=DIRECTION('center_axis',(1.,0.,-1.99769601570378E-15));
#5044=DIRECTION('ref_axis',(1.99769601570378E-15,-1.22464679914735E-16,
1.));
#5045=DIRECTION('',(-1.99769601570378E-15,1.22464679914735E-16,-1.));
#5046=DIRECTION('',(0.,-1.,0.));
#5047=DIRECTION('center_axis',(0.,0.,1.));
#5048=DIRECTION('ref_axis',(-1.,0.,0.));
#5049=DIRECTION('',(1.,0.,0.));
#5050=DIRECTION('',(0.,-1.,0.));
#5051=DIRECTION('center_axis',(-1.,0.,2.03152629991097E-15));
#5052=DIRECTION('ref_axis',(-2.03152629991097E-15,1.22464679914735E-16,
-1.));
#5053=DIRECTION('',(2.03152629991097E-15,-1.22464679914735E-16,1.));
#5054=DIRECTION('',(0.,-1.,0.));
#5055=DIRECTION('center_axis',(0.,0.,1.));
#5056=DIRECTION('ref_axis',(-1.,0.,0.));
#5057=DIRECTION('',(1.,0.,0.));
#5058=DIRECTION('',(0.,-1.,0.));
#5059=DIRECTION('center_axis',(1.,0.,-2.03152629991097E-15));
#5060=DIRECTION('ref_axis',(2.03152629991097E-15,-1.22464679914735E-16,
1.));
#5061=DIRECTION('',(-2.03152629991097E-15,1.22464679914735E-16,-1.));
#5062=DIRECTION('',(0.,-1.,0.));
#5063=DIRECTION('center_axis',(0.,0.,1.));
#5064=DIRECTION('ref_axis',(-1.,0.,0.));
#5065=DIRECTION('',(1.,0.,0.));
#5066=DIRECTION('',(0.,-1.,0.));
#5067=DIRECTION('center_axis',(1.,0.,-2.29109147402889E-15));
#5068=DIRECTION('ref_axis',(2.29109147402889E-15,-1.22464679914735E-16,
1.));
#5069=DIRECTION('',(-2.29109147402889E-15,1.22464679914735E-16,-1.));
#5070=DIRECTION('',(0.,-1.,0.));
#5071=DIRECTION('center_axis',(0.,0.,-1.));
#5072=DIRECTION('ref_axis',(1.,0.,0.));
#5073=DIRECTION('',(-1.,0.,0.));
#5074=DIRECTION('center_axis',(0.,1.,1.22464679914735E-16));
#5075=DIRECTION('ref_axis',(-1.,0.,0.));
#5076=DIRECTION('center_axis',(-1.,0.,2.00162554973907E-15));
#5077=DIRECTION('ref_axis',(-2.00162554973907E-15,1.22464679914735E-16,
-1.));
#5078=DIRECTION('',(2.00162554973907E-15,-1.22464679914735E-16,1.));
#5079=DIRECTION('',(0.,-1.,0.));
#5080=DIRECTION('',(0.,-1.,0.));
#5081=DIRECTION('center_axis',(0.,0.,1.));
#5082=DIRECTION('ref_axis',(-1.,0.,0.));
#5083=DIRECTION('',(1.,0.,0.));
#5084=DIRECTION('',(0.,-1.,0.));
#5085=DIRECTION('center_axis',(1.,0.,-2.00047563416721E-15));
#5086=DIRECTION('ref_axis',(2.00047563416721E-15,-1.22464679914735E-16,
1.));
#5087=DIRECTION('',(-2.00047563416721E-15,1.22464679914735E-16,-1.));
#5088=DIRECTION('',(0.,-1.,0.));
#5089=DIRECTION('center_axis',(0.,0.,1.));
#5090=DIRECTION('ref_axis',(-1.,0.,0.));
#5091=DIRECTION('',(1.,0.,0.));
#5092=DIRECTION('',(0.,-1.,0.));
#5093=DIRECTION('center_axis',(-1.,0.,1.99639896572146E-15));
#5094=DIRECTION('ref_axis',(-1.99639896572146E-15,1.22464679914735E-16,
-1.));
#5095=DIRECTION('',(1.99639896572146E-15,-1.22464679914735E-16,1.));
#5096=DIRECTION('',(0.,-1.,0.));
#5097=DIRECTION('center_axis',(0.,0.,1.));
#5098=DIRECTION('ref_axis',(-1.,0.,0.));
#5099=DIRECTION('',(1.,0.,0.));
#5100=DIRECTION('',(0.,-1.,0.));
#5101=DIRECTION('center_axis',(1.,0.,-1.99639896572146E-15));
#5102=DIRECTION('ref_axis',(1.99639896572146E-15,-1.22464679914735E-16,
1.));
#5103=DIRECTION('',(-1.99639896572146E-15,1.22464679914735E-16,-1.));
#5104=DIRECTION('',(0.,-1.,0.));
#5105=DIRECTION('center_axis',(0.,0.,1.));
#5106=DIRECTION('ref_axis',(-1.,0.,0.));
#5107=DIRECTION('',(1.,0.,0.));
#5108=DIRECTION('',(0.,-1.,0.));
#5109=DIRECTION('center_axis',(-1.,0.,1.93208311223727E-15));
#5110=DIRECTION('ref_axis',(-1.93208311223727E-15,1.22464679914735E-16,
-1.));
#5111=DIRECTION('',(1.93208311223727E-15,-1.22464679914735E-16,1.));
#5112=DIRECTION('',(0.,-1.,0.));
#5113=DIRECTION('center_axis',(0.,0.,1.));
#5114=DIRECTION('ref_axis',(-1.,0.,0.));
#5115=DIRECTION('',(1.,0.,0.));
#5116=DIRECTION('',(0.,-1.,0.));
#5117=DIRECTION('center_axis',(1.,0.,-2.02738740602467E-15));
#5118=DIRECTION('ref_axis',(2.02738740602467E-15,-1.22464679914735E-16,
1.));
#5119=DIRECTION('',(-2.02738740602467E-15,1.22464679914735E-16,-1.));
#5120=DIRECTION('',(0.,-1.,0.));
#5121=DIRECTION('center_axis',(0.,0.,-1.));
#5122=DIRECTION('ref_axis',(1.,0.,0.));
#5123=DIRECTION('',(-1.,0.,0.));
#5124=DIRECTION('center_axis',(0.,1.,1.22464679914735E-16));
#5125=DIRECTION('ref_axis',(-1.,0.,0.));
#5126=DIRECTION('center_axis',(0.,1.,1.22464679914735E-16));
#5127=DIRECTION('ref_axis',(-1.,0.,0.));
#5128=DIRECTION('center_axis',(0.,-1.,0.));
#5129=DIRECTION('ref_axis',(0.,0.,-1.));
#5130=DIRECTION('center_axis',(-1.,0.,2.00162554973907E-15));
#5131=DIRECTION('ref_axis',(-2.00162554973907E-15,1.22464679914735E-16,
-1.));
#5132=DIRECTION('',(2.00162554973907E-15,-1.22464679914735E-16,1.));
#5133=DIRECTION('',(0.,-1.,0.));
#5134=DIRECTION('',(-2.00162554973907E-15,1.22464679914735E-16,-1.));
#5135=DIRECTION('',(0.,-1.,0.));
#5136=DIRECTION('center_axis',(0.,0.,1.));
#5137=DIRECTION('ref_axis',(-1.,0.,0.));
#5138=DIRECTION('',(1.,0.,0.));
#5139=DIRECTION('',(-1.,0.,0.));
#5140=DIRECTION('',(0.,-1.,0.));
#5141=DIRECTION('center_axis',(1.,0.,-2.00047563416721E-15));
#5142=DIRECTION('ref_axis',(2.00047563416721E-15,-1.22464679914735E-16,
1.));
#5143=DIRECTION('',(-2.00047563416721E-15,1.22464679914735E-16,-1.));
#5144=DIRECTION('',(2.00047563416721E-15,-1.22464679914735E-16,1.));
#5145=DIRECTION('',(0.,-1.,0.));
#5146=DIRECTION('center_axis',(0.,0.,1.));
#5147=DIRECTION('ref_axis',(-1.,0.,0.));
#5148=DIRECTION('',(1.,0.,0.));
#5149=DIRECTION('',(-1.,0.,0.));
#5150=DIRECTION('',(0.,-1.,0.));
#5151=DIRECTION('center_axis',(-1.,0.,1.99639896572146E-15));
#5152=DIRECTION('ref_axis',(-1.99639896572146E-15,1.22464679914735E-16,
-1.));
#5153=DIRECTION('',(1.99639896572146E-15,-1.22464679914735E-16,1.));
#5154=DIRECTION('',(-1.99639896572146E-15,1.22464679914735E-16,-1.));
#5155=DIRECTION('',(0.,-1.,0.));
#5156=DIRECTION('center_axis',(0.,0.,1.));
#5157=DIRECTION('ref_axis',(-1.,0.,0.));
#5158=DIRECTION('',(1.,0.,0.));
#5159=DIRECTION('',(-1.,0.,0.));
#5160=DIRECTION('',(0.,-1.,0.));
#5161=DIRECTION('center_axis',(1.,0.,-1.99639896572146E-15));
#5162=DIRECTION('ref_axis',(1.99639896572146E-15,-1.22464679914735E-16,
1.));
#5163=DIRECTION('',(-1.99639896572146E-15,1.22464679914735E-16,-1.));
#5164=DIRECTION('',(1.99639896572146E-15,-1.22464679914735E-16,1.));
#5165=DIRECTION('',(0.,-1.,0.));
#5166=DIRECTION('center_axis',(0.,0.,1.));
#5167=DIRECTION('ref_axis',(-1.,0.,0.));
#5168=DIRECTION('',(1.,0.,0.));
#5169=DIRECTION('',(-1.,0.,0.));
#5170=DIRECTION('',(0.,-1.,0.));
#5171=DIRECTION('center_axis',(-1.,0.,1.93208311223727E-15));
#5172=DIRECTION('ref_axis',(-1.93208311223727E-15,1.22464679914735E-16,
-1.));
#5173=DIRECTION('',(1.93208311223727E-15,-1.22464679914735E-16,1.));
#5174=DIRECTION('',(-1.93208311223727E-15,1.22464679914735E-16,-1.));
#5175=DIRECTION('',(0.,-1.,0.));
#5176=DIRECTION('center_axis',(0.,0.,1.));
#5177=DIRECTION('ref_axis',(-1.,0.,0.));
#5178=DIRECTION('',(1.,0.,0.));
#5179=DIRECTION('',(-1.,0.,0.));
#5180=DIRECTION('',(0.,-1.,0.));
#5181=DIRECTION('center_axis',(1.,0.,-2.02738740602467E-15));
#5182=DIRECTION('ref_axis',(2.02738740602467E-15,-1.22464679914735E-16,
1.));
#5183=DIRECTION('',(-2.02738740602467E-15,1.22464679914735E-16,-1.));
#5184=DIRECTION('',(2.02738740602467E-15,-1.22464679914735E-16,1.));
#5185=DIRECTION('',(0.,-1.,0.));
#5186=DIRECTION('center_axis',(0.,0.,-1.));
#5187=DIRECTION('ref_axis',(1.,0.,0.));
#5188=DIRECTION('',(-1.,0.,0.));
#5189=DIRECTION('',(1.,0.,0.));
#5190=DIRECTION('center_axis',(0.,1.,1.22464679914735E-16));
#5191=DIRECTION('ref_axis',(-1.,0.,0.));
#5192=DIRECTION('center_axis',(0.,-1.,0.));
#5193=DIRECTION('ref_axis',(0.,0.,-1.));
#5194=DIRECTION('center_axis',(-1.,0.,1.99624584223618E-15));
#5195=DIRECTION('ref_axis',(-1.99624584223618E-15,1.22464679914735E-16,
-1.));
#5196=DIRECTION('',(1.99624584223618E-15,-1.22464679914735E-16,1.));
#5197=DIRECTION('',(0.,-1.,0.));
#5198=DIRECTION('',(-1.99624584223618E-15,1.22464679914735E-16,-1.));
#5199=DIRECTION('',(0.,-1.,0.));
#5200=DIRECTION('center_axis',(0.,0.,1.));
#5201=DIRECTION('ref_axis',(-1.,0.,0.));
#5202=DIRECTION('',(1.,0.,0.));
#5203=DIRECTION('',(-1.,0.,0.));
#5204=DIRECTION('',(0.,-1.,0.));
#5205=DIRECTION('center_axis',(1.,0.,-1.99769601570378E-15));
#5206=DIRECTION('ref_axis',(1.99769601570378E-15,-1.22464679914735E-16,
1.));
#5207=DIRECTION('',(-1.99769601570378E-15,1.22464679914735E-16,-1.));
#5208=DIRECTION('',(1.99769601570378E-15,-1.22464679914735E-16,1.));
#5209=DIRECTION('',(0.,-1.,0.));
#5210=DIRECTION('center_axis',(0.,0.,1.));
#5211=DIRECTION('ref_axis',(-1.,0.,0.));
#5212=DIRECTION('',(1.,0.,0.));
#5213=DIRECTION('',(-1.,0.,0.));
#5214=DIRECTION('',(0.,-1.,0.));
#5215=DIRECTION('center_axis',(-1.,0.,2.03152629991097E-15));
#5216=DIRECTION('ref_axis',(-2.03152629991097E-15,1.22464679914735E-16,
-1.));
#5217=DIRECTION('',(2.03152629991097E-15,-1.22464679914735E-16,1.));
#5218=DIRECTION('',(-2.03152629991097E-15,1.22464679914735E-16,-1.));
#5219=DIRECTION('',(0.,-1.,0.));
#5220=DIRECTION('center_axis',(0.,0.,1.));
#5221=DIRECTION('ref_axis',(-1.,0.,0.));
#5222=DIRECTION('',(1.,0.,0.));
#5223=DIRECTION('',(-1.,0.,0.));
#5224=DIRECTION('',(0.,-1.,0.));
#5225=DIRECTION('center_axis',(1.,0.,-2.03152629991097E-15));
#5226=DIRECTION('ref_axis',(2.03152629991097E-15,-1.22464679914735E-16,
1.));
#5227=DIRECTION('',(-2.03152629991097E-15,1.22464679914735E-16,-1.));
#5228=DIRECTION('',(2.03152629991097E-15,-1.22464679914735E-16,1.));
#5229=DIRECTION('',(0.,-1.,0.));
#5230=DIRECTION('center_axis',(0.,0.,1.));
#5231=DIRECTION('ref_axis',(-1.,0.,0.));
#5232=DIRECTION('',(1.,0.,0.));
#5233=DIRECTION('',(-1.,0.,0.));
#5234=DIRECTION('',(0.,-1.,0.));
#5235=DIRECTION('center_axis',(1.,0.,-2.29109147402889E-15));
#5236=DIRECTION('ref_axis',(2.29109147402889E-15,-1.22464679914735E-16,
1.));
#5237=DIRECTION('',(-2.29109147402889E-15,1.22464679914735E-16,-1.));
#5238=DIRECTION('',(2.29109147402889E-15,-1.22464679914735E-16,1.));
#5239=DIRECTION('',(0.,-1.,0.));
#5240=DIRECTION('center_axis',(0.,0.,-1.));
#5241=DIRECTION('ref_axis',(1.,0.,0.));
#5242=DIRECTION('',(-1.,0.,0.));
#5243=DIRECTION('',(1.,0.,0.));
#5244=DIRECTION('center_axis',(0.,1.,1.22464679914735E-16));
#5245=DIRECTION('ref_axis',(-1.,0.,0.));
#5246=DIRECTION('center_axis',(0.,-1.,0.));
#5247=DIRECTION('ref_axis',(0.,0.,-1.));
#5248=DIRECTION('center_axis',(-1.,0.,2.04758823261225E-15));
#5249=DIRECTION('ref_axis',(-2.04758823261225E-15,1.22464679914735E-16,
-1.));
#5250=DIRECTION('',(2.04758823261225E-15,-1.22464679914735E-16,1.));
#5251=DIRECTION('',(0.,-1.,0.));
#5252=DIRECTION('',(-2.04758823261225E-15,1.22464679914735E-16,-1.));
#5253=DIRECTION('',(0.,-1.,0.));
#5254=DIRECTION('center_axis',(0.,0.,1.));
#5255=DIRECTION('ref_axis',(-1.,0.,0.));
#5256=DIRECTION('',(1.,0.,0.));
#5257=DIRECTION('',(-1.,0.,0.));
#5258=DIRECTION('',(0.,-1.,0.));
#5259=DIRECTION('center_axis',(1.,0.,-2.04758823261225E-15));
#5260=DIRECTION('ref_axis',(2.04758823261225E-15,-1.22464679914735E-16,
1.));
#5261=DIRECTION('',(-2.04758823261225E-15,1.22464679914735E-16,-1.));
#5262=DIRECTION('',(2.04758823261225E-15,-1.22464679914735E-16,1.));
#5263=DIRECTION('',(0.,-1.,0.));
#5264=DIRECTION('center_axis',(0.,0.,-1.));
#5265=DIRECTION('ref_axis',(1.,0.,0.));
#5266=DIRECTION('',(-1.,0.,0.));
#5267=DIRECTION('',(1.,0.,0.));
#5268=DIRECTION('center_axis',(0.,1.,1.22464679914735E-16));
#5269=DIRECTION('ref_axis',(-1.,0.,0.));
#5270=DIRECTION('center_axis',(0.,-1.,0.));
#5271=DIRECTION('ref_axis',(0.,0.,-1.));
#5272=DIRECTION('',(0.,-1.,0.));
#5273=DIRECTION('',(0.,-1.,0.));
#5274=DIRECTION('',(0.,-1.,0.));
#5275=DIRECTION('',(0.,-1.,0.));
#5276=DIRECTION('',(0.,-1.,0.));
#5277=DIRECTION('',(0.,-1.,0.));
#5278=DIRECTION('',(0.,-1.,0.));
#5279=DIRECTION('',(0.,-1.,0.));
#5280=DIRECTION('',(0.,-1.,0.));
#5281=DIRECTION('center_axis',(0.972627710164194,0.,0.232368968282681));
#5282=DIRECTION('ref_axis',(-0.232368968282681,-1.1911254120146E-16,0.972627710164194));
#5283=DIRECTION('',(0.232368968282681,1.1911254120146E-16,-0.972627710164194));
#5284=DIRECTION('',(-0.232368968282681,-1.1911254120146E-16,0.972627710164194));
#5285=DIRECTION('',(0.,-1.,0.));
#5286=DIRECTION('',(0.,-1.,0.));
#5287=DIRECTION('',(0.,-1.,0.));
#5288=DIRECTION('',(0.,-1.,0.));
#5289=DIRECTION('',(0.,-1.,0.));
#5290=DIRECTION('',(0.,-1.,0.));
#5291=DIRECTION('',(0.,-1.,0.));
#5292=DIRECTION('',(0.,-1.,0.));
#5293=DIRECTION('',(0.,-1.,0.));
#5294=DIRECTION('center_axis',(-0.953230581049286,0.,0.302244039399358));
#5295=DIRECTION('ref_axis',(-0.302244039399358,1.16737077993138E-16,-0.953230581049286));
#5296=DIRECTION('',(0.302244039399358,-1.16737077993138E-16,0.953230581049286));
#5297=DIRECTION('',(-0.302244039399358,1.16737077993138E-16,-0.953230581049286));
#5298=DIRECTION('center_axis',(0.,1.,1.22464679914735E-16));
#5299=DIRECTION('ref_axis',(-1.,0.,0.));
#5300=DIRECTION('center_axis',(0.,1.,1.22464679914735E-16));
#5301=DIRECTION('ref_axis',(-1.,0.,0.));
#5302=DIRECTION('center_axis',(-1.,0.,2.03731884349475E-15));
#5303=DIRECTION('ref_axis',(-2.03731884349475E-15,1.22464679914735E-16,
-1.));
#5304=DIRECTION('',(2.03731884349475E-15,-1.22464679914735E-16,1.));
#5305=DIRECTION('',(0.,-1.,0.));
#5306=DIRECTION('',(-2.03731884349475E-15,1.22464679914735E-16,-1.));
#5307=DIRECTION('',(0.,-1.,0.));
#5308=DIRECTION('center_axis',(0.,0.,1.));
#5309=DIRECTION('ref_axis',(-1.,0.,0.));
#5310=DIRECTION('',(1.,0.,0.));
#5311=DIRECTION('',(-1.,0.,0.));
#5312=DIRECTION('',(0.,-1.,0.));
#5313=DIRECTION('',(0.,-1.,0.));
#5314=DIRECTION('',(0.,-1.,0.));
#5315=DIRECTION('',(0.,-1.,0.));
#5316=DIRECTION('',(0.,-1.,0.));
#5317=DIRECTION('',(0.,-1.,0.));
#5318=DIRECTION('',(0.,-1.,0.));
#5319=DIRECTION('',(0.,-1.,0.));
#5320=DIRECTION('',(0.,-1.,0.));
#5321=DIRECTION('',(0.,-1.,0.));
#5322=DIRECTION('',(0.,-1.,0.));
#5323=DIRECTION('center_axis',(0.982947804227431,0.,0.183884785027124));
#5324=DIRECTION('ref_axis',(-0.183884785027124,-1.20376388217604E-16,0.982947804227431));
#5325=DIRECTION('',(0.183884785027124,1.20376388217604E-16,-0.982947804227431));
#5326=DIRECTION('',(-0.183884785027124,-1.20376388217604E-16,0.982947804227431));
#5327=DIRECTION('',(0.,-1.,0.));
#5328=DIRECTION('',(0.,-1.,0.));
#5329=DIRECTION('',(0.,-1.,0.));
#5330=DIRECTION('',(0.,-1.,0.));
#5331=DIRECTION('',(0.,-1.,0.));
#5332=DIRECTION('',(0.,-1.,0.));
#5333=DIRECTION('',(0.,-1.,0.));
#5334=DIRECTION('',(0.,-1.,0.));
#5335=DIRECTION('',(0.,-1.,0.));
#5336=DIRECTION('center_axis',(0.,0.,-1.));
#5337=DIRECTION('ref_axis',(1.,0.,0.));
#5338=DIRECTION('',(-1.,0.,0.));
#5339=DIRECTION('',(1.,0.,0.));
#5340=DIRECTION('',(0.,-1.,0.));
#5341=DIRECTION('center_axis',(1.,0.,-2.00047522492821E-15));
#5342=DIRECTION('ref_axis',(2.00047522492821E-15,-1.22464679914735E-16,
1.));
#5343=DIRECTION('',(-2.00047522492821E-15,1.22464679914735E-16,-1.));
#5344=DIRECTION('',(2.00047522492821E-15,-1.22464679914735E-16,1.));
#5345=DIRECTION('',(0.,-1.,0.));
#5346=DIRECTION('center_axis',(0.,0.,-1.));
#5347=DIRECTION('ref_axis',(1.,0.,0.));
#5348=DIRECTION('',(-1.,0.,0.));
#5349=DIRECTION('',(1.,0.,0.));
#5350=DIRECTION('center_axis',(0.,1.,1.22464679914735E-16));
#5351=DIRECTION('ref_axis',(-1.,0.,0.));
#5352=DIRECTION('center_axis',(0.,1.,1.22464679914735E-16));
#5353=DIRECTION('ref_axis',(-1.,0.,0.));
#5354=DIRECTION('center_axis',(1.,0.,-1.99745734552097E-15));
#5355=DIRECTION('ref_axis',(1.99745734552097E-15,-1.22464679914735E-16,
1.));
#5356=DIRECTION('',(-1.99745734552097E-15,1.22464679914735E-16,-1.));
#5357=DIRECTION('',(0.,-1.,0.));
#5358=DIRECTION('',(1.99745734552097E-15,-1.22464679914735E-16,1.));
#5359=DIRECTION('',(0.,-1.,0.));
#5360=DIRECTION('center_axis',(0.,0.,-1.));
#5361=DIRECTION('ref_axis',(1.,0.,0.));
#5362=DIRECTION('',(-1.,0.,0.));
#5363=DIRECTION('',(1.,0.,0.));
#5364=DIRECTION('',(0.,-1.,0.));
#5365=DIRECTION('center_axis',(-1.,0.,1.98888481012443E-15));
#5366=DIRECTION('ref_axis',(-1.98888481012443E-15,1.22464679914735E-16,
-1.));
#5367=DIRECTION('',(1.98888481012443E-15,-1.22464679914735E-16,1.));
#5368=DIRECTION('',(-1.98888481012443E-15,1.22464679914735E-16,-1.));
#5369=DIRECTION('',(0.,-1.,0.));
#5370=DIRECTION('center_axis',(0.,0.,1.));
#5371=DIRECTION('ref_axis',(-1.,0.,0.));
#5372=DIRECTION('',(1.,0.,0.));
#5373=DIRECTION('',(-1.,0.,0.));
#5374=DIRECTION('',(0.,-1.,0.));
#5375=DIRECTION('center_axis',(1.,0.,-2.0020598744652E-15));
#5376=DIRECTION('ref_axis',(2.0020598744652E-15,-1.22464679914735E-16,1.));
#5377=DIRECTION('',(-2.0020598744652E-15,1.22464679914735E-16,-1.));
#5378=DIRECTION('',(2.0020598744652E-15,-1.22464679914735E-16,1.));
#5379=DIRECTION('',(0.,-1.,0.));
#5380=DIRECTION('center_axis',(0.,0.,1.));
#5381=DIRECTION('ref_axis',(-1.,0.,0.));
#5382=DIRECTION('',(1.,0.,0.));
#5383=DIRECTION('',(-1.,0.,0.));
#5384=DIRECTION('',(0.,-1.,0.));
#5385=DIRECTION('center_axis',(1.,0.,-2.29108583786439E-15));
#5386=DIRECTION('ref_axis',(2.29108583786439E-15,-1.22464679914735E-16,
1.));
#5387=DIRECTION('',(-2.29108583786439E-15,1.22464679914735E-16,-1.));
#5388=DIRECTION('',(2.29108583786439E-15,-1.22464679914735E-16,1.));
#5389=DIRECTION('',(0.,-1.,0.));
#5390=DIRECTION('center_axis',(0.,0.,-1.));
#5391=DIRECTION('ref_axis',(1.,0.,0.));
#5392=DIRECTION('',(-1.,0.,0.));
#5393=DIRECTION('',(1.,0.,0.));
#5394=DIRECTION('center_axis',(0.,1.,1.22464679914735E-16));
#5395=DIRECTION('ref_axis',(-1.,0.,0.));
#5396=DIRECTION('center_axis',(0.,-1.,0.));
#5397=DIRECTION('ref_axis',(0.,0.,-1.));
#5398=DIRECTION('center_axis',(-1.,0.,2.09309019333697E-15));
#5399=DIRECTION('ref_axis',(-2.09309019333697E-15,1.22464679914735E-16,
-1.));
#5400=DIRECTION('',(2.09309019333697E-15,-1.22464679914735E-16,1.));
#5401=DIRECTION('',(0.,-1.,0.));
#5402=DIRECTION('',(-2.09309019333697E-15,1.22464679914735E-16,-1.));
#5403=DIRECTION('',(0.,-1.,0.));
#5404=DIRECTION('',(0.,-1.,0.));
#5405=DIRECTION('',(0.,-1.,0.));
#5406=DIRECTION('',(0.,-1.,0.));
#5407=DIRECTION('',(0.,-1.,0.));
#5408=DIRECTION('',(0.,-1.,0.));
#5409=DIRECTION('',(0.,-1.,0.));
#5410=DIRECTION('center_axis',(1.,0.,-2.00069444943837E-15));
#5411=DIRECTION('ref_axis',(2.00069444943837E-15,-1.22464679914735E-16,
1.));
#5412=DIRECTION('',(-2.00069444943837E-15,1.22464679914735E-16,-1.));
#5413=DIRECTION('',(2.00069444943837E-15,-1.22464679914735E-16,1.));
#5414=DIRECTION('',(0.,-1.,0.));
#5415=DIRECTION('center_axis',(0.,0.,1.));
#5416=DIRECTION('ref_axis',(-1.,0.,0.));
#5417=DIRECTION('',(1.,0.,0.));
#5418=DIRECTION('',(-1.,0.,0.));
#5419=DIRECTION('center_axis',(-1.,0.,2.02258601648617E-15));
#5420=DIRECTION('ref_axis',(-2.02258601648617E-15,1.22464679914735E-16,
-1.));
#5421=DIRECTION('',(2.02258601648617E-15,-1.22464679914735E-16,1.));
#5422=DIRECTION('',(0.,-1.,0.));
#5423=DIRECTION('',(-2.02258601648617E-15,1.22464679914735E-16,-1.));
#5424=DIRECTION('',(0.,-1.,0.));
#5425=DIRECTION('',(0.,-1.,0.));
#5426=DIRECTION('',(0.,-1.,0.));
#5427=DIRECTION('',(0.,-1.,0.));
#5428=DIRECTION('',(0.,-1.,0.));
#5429=DIRECTION('',(0.,-1.,0.));
#5430=DIRECTION('',(0.,-1.,0.));
#5431=DIRECTION('',(0.,-1.,0.));
#5432=DIRECTION('center_axis',(1.,0.,-1.75689417504655E-15));
#5433=DIRECTION('ref_axis',(1.75689417504655E-15,-1.22464679914735E-16,
1.));
#5434=DIRECTION('',(-1.75689417504655E-15,1.22464679914735E-16,-1.));
#5435=DIRECTION('',(1.75689417504655E-15,-1.22464679914735E-16,1.));
#5436=DIRECTION('',(0.,-1.,0.));
#5437=DIRECTION('center_axis',(0.,0.,1.));
#5438=DIRECTION('ref_axis',(-1.,0.,0.));
#5439=DIRECTION('',(1.,0.,0.));
#5440=DIRECTION('',(-1.,0.,0.));
#5441=DIRECTION('',(0.,-1.,0.));
#5442=DIRECTION('center_axis',(1.,0.,-2.29108489850634E-15));
#5443=DIRECTION('ref_axis',(2.29108489850634E-15,-1.22464679914735E-16,
1.));
#5444=DIRECTION('',(-2.29108489850634E-15,1.22464679914735E-16,-1.));
#5445=DIRECTION('',(2.29108489850634E-15,-1.22464679914735E-16,1.));
#5446=DIRECTION('',(0.,-1.,0.));
#5447=DIRECTION('center_axis',(0.,0.,-1.));
#5448=DIRECTION('ref_axis',(1.,0.,0.));
#5449=DIRECTION('',(-1.,0.,0.));
#5450=DIRECTION('',(1.,0.,0.));
#5451=DIRECTION('center_axis',(0.,1.,1.22464679914735E-16));
#5452=DIRECTION('ref_axis',(-1.,0.,0.));
#5453=DIRECTION('center_axis',(0.,1.,1.22464679914735E-16));
#5454=DIRECTION('ref_axis',(-1.,0.,0.));
#5455=CARTESIAN_POINT('',(0.,0.,0.));
#5456=CARTESIAN_POINT('Origin',(9.7,-1.7,253.681624648191));
#5457=CARTESIAN_POINT('',(9.4,-2.,264.627416997969));
#5458=CARTESIAN_POINT('',(10.,-1.4,264.627416997969));
#5459=CARTESIAN_POINT('',(9.7,-1.7,264.627416997969));
#5460=CARTESIAN_POINT('',(10.,-1.4,289.181623381593));
#5461=CARTESIAN_POINT('',(10.,-1.4,253.681624648191));
#5462=CARTESIAN_POINT('',(9.4,-2.,289.181623381593));
#5463=CARTESIAN_POINT('',(10.,-1.4,289.181623381593));
#5464=CARTESIAN_POINT('',(9.4,-2.,253.681624648191));
#5465=CARTESIAN_POINT('Origin',(8.,-1.7,289.181623381593));
#5466=CARTESIAN_POINT('',(8.,-1.4,291.181623381593));
#5467=CARTESIAN_POINT('Origin',(8.,-1.4,289.181623381593));
#5468=CARTESIAN_POINT('',(8.,-2.,290.581623381593));
#5469=CARTESIAN_POINT('',(8.,-1.4,291.181623381593));
#5470=CARTESIAN_POINT('Origin',(8.,-2.,289.181623381593));
#5471=CARTESIAN_POINT('Origin',(6.25000000000003,-1.7,290.881623381593));
#5472=CARTESIAN_POINT('',(-3.,-1.4,291.181623381593));
#5473=CARTESIAN_POINT('',(-3.,-2.,290.581623381593));
#5474=CARTESIAN_POINT('',(-3.,-1.4,291.181623381593));
#5475=CARTESIAN_POINT('',(6.25000000000003,-2.,290.581623381593));
#5476=CARTESIAN_POINT('',(6.25000000000003,-1.4,291.181623381593));
#5477=CARTESIAN_POINT('Origin',(-3.,-1.7,289.181623381593));
#5478=CARTESIAN_POINT('',(-5.,-1.4,289.181623381593));
#5479=CARTESIAN_POINT('Origin',(-3.,-1.4,289.181623381593));
#5480=CARTESIAN_POINT('',(-4.4,-2.,289.181623381593));
#5481=CARTESIAN_POINT('',(-5.,-1.4,289.181623381593));
#5482=CARTESIAN_POINT('Origin',(-3.,-2.,289.181623381593));
#5483=CARTESIAN_POINT('Origin',(-4.7,-1.7,278.681624648191));
#5484=CARTESIAN_POINT('',(-5.,-1.4,243.181623381593));
#5485=CARTESIAN_POINT('',(-4.4,-2.,243.181623381593));
#5486=CARTESIAN_POINT('',(-5.,-1.4,243.181623381593));
#5487=CARTESIAN_POINT('',(-4.4,-2.,278.681624648191));
#5488=CARTESIAN_POINT('',(-5.,-1.4,278.681624648191));
#5489=CARTESIAN_POINT('Origin',(-3.,-1.7,243.181623381593));
#5490=CARTESIAN_POINT('',(-3.,-1.4,241.181623381593));
#5491=CARTESIAN_POINT('Origin',(-3.,-1.4,243.181623381593));
#5492=CARTESIAN_POINT('',(-3.,-2.,241.781623381593));
#5493=CARTESIAN_POINT('',(-3.,-1.4,241.181623381593));
#5494=CARTESIAN_POINT('Origin',(-3.,-2.,243.181623381593));
#5495=CARTESIAN_POINT('Origin',(-1.24999999999997,-1.7,241.481623381593));
#5496=CARTESIAN_POINT('',(8.,-1.4,241.181623381593));
#5497=CARTESIAN_POINT('',(8.,-2.,241.781623381593));
#5498=CARTESIAN_POINT('',(8.,-1.4,241.181623381593));
#5499=CARTESIAN_POINT('',(-1.24999999999997,-2.,241.781623381593));
#5500=CARTESIAN_POINT('',(-1.24999999999997,-1.4,241.181623381593));
#5501=CARTESIAN_POINT('Origin',(8.,-1.7,243.181623381593));
#5502=CARTESIAN_POINT('',(10.,-1.4,243.181623381593));
#5503=CARTESIAN_POINT('Origin',(8.,-1.4,243.181623381593));
#5504=CARTESIAN_POINT('',(9.39999999999999,-2.,243.181623381593));
#5505=CARTESIAN_POINT('',(10.,-1.4,243.181623381593));
#5506=CARTESIAN_POINT('Origin',(8.,-2.,243.181623381593));
#5507=CARTESIAN_POINT('Origin',(9.7,-1.7,253.681624648191));
#5508=CARTESIAN_POINT('',(10.,-1.4,258.627416997969));
#5509=CARTESIAN_POINT('',(9.4,-2.,258.627416997969));
#5510=CARTESIAN_POINT('',(11.3127016653793,-0.0872983346207398,258.627416997969));
#5511=CARTESIAN_POINT('',(9.4,-2.,253.681624648191));
#5512=CARTESIAN_POINT('',(10.,-1.4,253.681624648191));
#5513=CARTESIAN_POINT('Origin',(8.,0.,243.181623381593));
#5514=CARTESIAN_POINT('',(8.,0.,241.181623381593));
#5515=CARTESIAN_POINT('',(8.,0.,241.181623381593));
#5516=CARTESIAN_POINT('',(10.,0.,243.181623381593));
#5517=CARTESIAN_POINT('Origin',(8.,-3.102272088454E-22,243.181623381593));
#5518=CARTESIAN_POINT('',(10.,0.,243.181623381593));
#5519=CARTESIAN_POINT('Origin',(-5.,0.,241.181623381593));
#5520=CARTESIAN_POINT('',(-3.,0.,241.181623381593));
#5521=CARTESIAN_POINT('',(-3.,0.,241.181623381593));
#5522=CARTESIAN_POINT('',(10.,0.,241.181623381593));
#5523=CARTESIAN_POINT('Origin',(-3.,0.,243.181623381593));
#5524=CARTESIAN_POINT('',(-5.,0.,243.181623381593));
#5525=CARTESIAN_POINT('',(-5.,0.,243.181623381593));
#5526=CARTESIAN_POINT('Origin',(-3.,-3.102272088454E-22,243.181623381593));
#5527=CARTESIAN_POINT('Origin',(-5.,0.,291.181623381593));
#5528=CARTESIAN_POINT('',(-5.,0.,289.181623381593));
#5529=CARTESIAN_POINT('',(-5.,0.,289.181623381593));
#5530=CARTESIAN_POINT('',(-5.,0.,241.181623381593));
#5531=CARTESIAN_POINT('Origin',(-3.,0.,289.181623381593));
#5532=CARTESIAN_POINT('',(-3.,0.,291.181623381593));
#5533=CARTESIAN_POINT('',(-3.,0.,291.181623381593));
#5534=CARTESIAN_POINT('Origin',(-3.,-3.102272088454E-22,289.181623381593));
#5535=CARTESIAN_POINT('Origin',(10.,0.,291.181623381593));
#5536=CARTESIAN_POINT('',(8.,0.,291.181623381593));
#5537=CARTESIAN_POINT('',(8.,0.,291.181623381593));
#5538=CARTESIAN_POINT('',(-5.,0.,291.181623381593));
#5539=CARTESIAN_POINT('Origin',(8.,0.,289.181623381593));
#5540=CARTESIAN_POINT('',(10.,0.,289.181623381593));
#5541=CARTESIAN_POINT('',(10.,0.,289.181623381593));
#5542=CARTESIAN_POINT('Origin',(8.,-3.102272088454E-22,289.181623381593));
#5543=CARTESIAN_POINT('Origin',(10.,0.,241.181623381593));
#5544=CARTESIAN_POINT('',(10.,0.,291.181623381593));
#5545=CARTESIAN_POINT('',(10.,-0.599999999999998,264.627416997969));
#5546=CARTESIAN_POINT('',(10.,-0.999999999999999,264.627416997969));
#5547=CARTESIAN_POINT('',(10.,-0.599999999999998,262.627416997969));
#5548=CARTESIAN_POINT('',(10.,-0.599999999999998,252.704520189781));
#5549=CARTESIAN_POINT('',(10.,-2.,262.627416997969));
#5550=CARTESIAN_POINT('',(10.,-0.999999999999999,262.627416997969));
#5551=CARTESIAN_POINT('',(10.,-2.,260.627416997969));
#5552=CARTESIAN_POINT('',(10.,-2.,291.181623381593));
#5553=CARTESIAN_POINT('',(10.,-0.599999999999998,260.627416997969));
#5554=CARTESIAN_POINT('',(10.,-0.999999999999999,260.627416997969));
#5555=CARTESIAN_POINT('',(10.,-0.599999999999998,258.627416997969));
#5556=CARTESIAN_POINT('',(10.,-0.599999999999998,250.104520189781));
#5557=CARTESIAN_POINT('',(10.,-0.999999999999999,258.627416997969));
#5558=CARTESIAN_POINT('Origin',(2.50000000000006,-2.,266.18162591479));
#5559=CARTESIAN_POINT('',(16.450806661517,-2.,258.627416997969));
#5560=CARTESIAN_POINT('',(10.,-2.,258.627416997969));
#5561=CARTESIAN_POINT('',(18.,-2.,260.627416997969));
#5562=CARTESIAN_POINT('Origin',(18.,-2.,259.027416997969));
#5563=CARTESIAN_POINT('',(18.,-2.,260.627416997969));
#5564=CARTESIAN_POINT('',(18.,-2.,262.627416997969));
#5565=CARTESIAN_POINT('',(10.,-2.,262.627416997969));
#5566=CARTESIAN_POINT('',(16.450806661517,-2.,264.627416997969));
#5567=CARTESIAN_POINT('Origin',(18.,-2.,264.227416997969));
#5568=CARTESIAN_POINT('',(18.,-2.,264.627416997969));
#5569=CARTESIAN_POINT('',(-1.10000073909759,-2.,244.709316981055));
#5570=CARTESIAN_POINT('',(-1.10000073909759,-2.,247.042195689895));
#5571=CARTESIAN_POINT('',(-1.10000073909757,-2.,256.611910802342));
#5572=CARTESIAN_POINT('',(-0.9919512271881,-2.,248.770981919982));
#5573=CARTESIAN_POINT('Ctrl Pts',(-1.10000073909759,-2.,247.042195689895));
#5574=CARTESIAN_POINT('Ctrl Pts',(-1.10278704918828,-2.,247.40816802114));
#5575=CARTESIAN_POINT('Ctrl Pts',(-1.10719780659728,-2.,247.987505969534));
#5576=CARTESIAN_POINT('Ctrl Pts',(-1.0229712182779,-2.,248.560100025469));
#5577=CARTESIAN_POINT('Ctrl Pts',(-0.9919512271881,-2.,248.770981919982));
#5578=CARTESIAN_POINT('',(-0.287176370620715,-2.,249.807271254279));
#5579=CARTESIAN_POINT('Ctrl Pts',(-0.9919512271881,-2.,248.770981919982));
#5580=CARTESIAN_POINT('Ctrl Pts',(-0.920449913912302,-2.,248.970097782313));
#5581=CARTESIAN_POINT('Ctrl Pts',(-0.774762076509137,-2.,249.375807244792));
#5582=CARTESIAN_POINT('Ctrl Pts',(-0.451689815854881,-2.,249.661693502844));
#5583=CARTESIAN_POINT('Ctrl Pts',(-0.287176370620715,-2.,249.807271254279));
#5584=CARTESIAN_POINT('',(1.11500620841981,-2.,250.224733841636));
#5585=CARTESIAN_POINT('Ctrl Pts',(-0.287176370620715,-2.,249.807271254279));
#5586=CARTESIAN_POINT('Ctrl Pts',(-0.0852139694142573,-2.,249.928907778083));
#5587=CARTESIAN_POINT('Ctrl Pts',(0.345097787645974,-2.,250.188072978971));
#5588=CARTESIAN_POINT('Ctrl Pts',(0.848088838465629,-2.,250.212023990985));
#5589=CARTESIAN_POINT('Ctrl Pts',(1.11500620841981,-2.,250.224733841636));
#5590=CARTESIAN_POINT('',(2.22987711429597,-2.,249.984078896262));
#5591=CARTESIAN_POINT('Ctrl Pts',(1.11500620841981,-2.,250.224733841636));
#5592=CARTESIAN_POINT('Ctrl Pts',(1.32133940973481,-2.,250.217694173745));
#5593=CARTESIAN_POINT('Ctrl Pts',(1.70801326776865,-2.,250.204501650558));
#5594=CARTESIAN_POINT('Ctrl Pts',(2.06389676220286,-2.,250.054185010358));
#5595=CARTESIAN_POINT('Ctrl Pts',(2.22987711429597,-2.,249.984078896262));
#5596=CARTESIAN_POINT('',(2.93956339359285,-2.,249.372619283416));
#5597=CARTESIAN_POINT('Ctrl Pts',(2.22987711429597,-2.,249.984078896262));
#5598=CARTESIAN_POINT('Ctrl Pts',(2.37089310363149,-2.,249.900578225097));
#5599=CARTESIAN_POINT('Ctrl Pts',(2.64401331347473,-2.,249.738853863638));
#5600=CARTESIAN_POINT('Ctrl Pts',(2.8432132971261,-2.,249.492012711155));
#5601=CARTESIAN_POINT('Ctrl Pts',(2.93956339359285,-2.,249.372619283416));
#5602=CARTESIAN_POINT('',(3.28090071678163,-2.,248.6187307956));
#5603=CARTESIAN_POINT('Ctrl Pts',(2.93956339359285,-2.,249.372619283416));
#5604=CARTESIAN_POINT('Ctrl Pts',(3.01768331306368,-2.,249.250999493589));
#5605=CARTESIAN_POINT('Ctrl Pts',(3.16844543960245,-2.,249.01628780587));
#5606=CARTESIAN_POINT('Ctrl Pts',(3.24433473169597,-2.,248.74800052907));
#5607=CARTESIAN_POINT('Ctrl Pts',(3.28090071678163,-2.,248.6187307956));
#5608=CARTESIAN_POINT('',(3.38403820991517,-2.,247.110954416015));
#5609=CARTESIAN_POINT('Ctrl Pts',(3.28090071678163,-2.,248.6187307956));
#5610=CARTESIAN_POINT('Ctrl Pts',(3.31081118189741,-2.,248.406626830789));
#5611=CARTESIAN_POINT('Ctrl Pts',(3.3813020035133,-2.,247.90675554194));
#5612=CARTESIAN_POINT('Ctrl Pts',(3.38303852455008,-2.,247.401703951052));
#5613=CARTESIAN_POINT('Ctrl Pts',(3.38403820991517,-2.,247.110954416015));
#5614=CARTESIAN_POINT('',(3.38403820991517,-2.,246.163068902709));
#5615=CARTESIAN_POINT('',(3.38403820991518,-2.,256.172347408749));
#5616=CARTESIAN_POINT('',(6.10000014305115,-2.,246.163068902709));
#5617=CARTESIAN_POINT('',(4.3000000715256,-2.,246.163068902709));
#5618=CARTESIAN_POINT('',(6.10000014305115,-2.,244.709316981055));
#5619=CARTESIAN_POINT('',(6.10000014305117,-2.,255.445471447923));
#5620=CARTESIAN_POINT('',(0.699999630451233,-2.,244.709316981055));
#5621=CARTESIAN_POINT('',(0.11800765991214,-2.,259.747789991118));
#5622=CARTESIAN_POINT('',(0.118007659912137,-2.,257.611364019133));
#5623=CARTESIAN_POINT('',(0.118007659912146,-2.,261.896494966962));
#5624=CARTESIAN_POINT('',(-1.10000073909757,-2.,257.611364019133));
#5625=CARTESIAN_POINT('',(0.699999630451245,-2.,257.611364019133));
#5626=CARTESIAN_POINT('',(-1.10000073909756,-2.,263.333055865981));
#5627=CARTESIAN_POINT('',(-1.10000073909755,-2.,264.757340890385));
#5628=CARTESIAN_POINT('',(0.118007659912148,-2.,263.333055865981));
#5629=CARTESIAN_POINT('',(1.3090038299561,-2.,263.333055865981));
#5630=CARTESIAN_POINT('',(0.118007659912144,-2.,261.201541316726));
#5631=CARTESIAN_POINT('',(0.118007659912149,-2.,263.691583615758));
#5632=CARTESIAN_POINT('',(6.10000014305118,-2.,261.201541316726));
#5633=CARTESIAN_POINT('',(4.30000007152562,-2.,261.201541316726));
#5634=CARTESIAN_POINT('',(6.10000014305118,-2.,259.747789991118));
#5635=CARTESIAN_POINT('',(6.10000014305119,-2.,262.964707952954));
#5636=CARTESIAN_POINT('',(1.3090038299561,-2.,259.747789991118));
#5637=CARTESIAN_POINT('',(2.23969936370854,-2.,267.620642078139));
#5638=CARTESIAN_POINT('',(2.23969936370855,-2.,270.754065406539));
#5639=CARTESIAN_POINT('',(2.23969936370855,-2.,268.467845660664));
#5640=CARTESIAN_POINT('',(5.107913017273,-2.,270.754065406539));
#5641=CARTESIAN_POINT('',(3.80395650863653,-2.,270.754065406539));
#5642=CARTESIAN_POINT('',(5.88635802268987,-2.,269.430463206984));
#5643=CARTESIAN_POINT('Ctrl Pts',(5.107913017273,-2.,270.754065406539));
#5644=CARTESIAN_POINT('Ctrl Pts',(5.25524555222785,-2.,270.572923649869));
#5645=CARTESIAN_POINT('Ctrl Pts',(5.58147208290998,-2.,270.171836090641));
#5646=CARTESIAN_POINT('Ctrl Pts',(5.77837931036947,-2.,269.693028576133));
#5647=CARTESIAN_POINT('Ctrl Pts',(5.88635802268987,-2.,269.430463206984));
#5648=CARTESIAN_POINT('',(6.22278332710271,-2.,267.674665343978));
#5649=CARTESIAN_POINT('Ctrl Pts',(5.88635802268987,-2.,269.430463206984));
#5650=CARTESIAN_POINT('Ctrl Pts',(5.98447799585244,-2.,269.142341501411));
#5651=CARTESIAN_POINT('Ctrl Pts',(6.17848018731859,-2.,268.572669084179));
#5652=CARTESIAN_POINT('Ctrl Pts',(6.20812961280435,-2.,267.971689218852));
#5653=CARTESIAN_POINT('Ctrl Pts',(6.22278332710271,-2.,267.674665343978));
#5654=CARTESIAN_POINT('',(5.74884057044987,-2.,265.70522536061));
#5655=CARTESIAN_POINT('Ctrl Pts',(6.22278332710271,-2.,267.674665343978));
#5656=CARTESIAN_POINT('Ctrl Pts',(6.20652306459166,-2.,267.31655388172));
#5657=CARTESIAN_POINT('Ctrl Pts',(6.17529714181203,-2.,266.628842913995));
#5658=CARTESIAN_POINT('Ctrl Pts',(5.88700868994573,-2.,266.004469197038));
#5659=CARTESIAN_POINT('Ctrl Pts',(5.74884057044987,-2.,265.70522536061));
#5660=CARTESIAN_POINT('',(4.39331531524662,-2.,264.443013560988));
#5661=CARTESIAN_POINT('Ctrl Pts',(5.74884057044987,-2.,265.70522536061));
#5662=CARTESIAN_POINT('Ctrl Pts',(5.57334241173711,-2.,265.442419651689));
#5663=CARTESIAN_POINT('Ctrl Pts',(5.22106135407391,-2.,264.91488435572));
#5664=CARTESIAN_POINT('Ctrl Pts',(4.66990067417987,-2.,264.60068577808));
#5665=CARTESIAN_POINT('Ctrl Pts',(4.39331531524662,-2.,264.443013560988));
#5666=CARTESIAN_POINT('',(2.47544288635258,-2.,264.020640742995));
#5667=CARTESIAN_POINT('Ctrl Pts',(4.39331531524662,-2.,264.443013560988));
#5668=CARTESIAN_POINT('Ctrl Pts',(4.09046776075289,-2.,264.319829439738));
#5669=CARTESIAN_POINT('Ctrl Pts',(3.47545966959667,-2.,264.069673114727));
#5670=CARTESIAN_POINT('Ctrl Pts',(2.81213005022199,-2.,264.037149036109));
#5671=CARTESIAN_POINT('Ctrl Pts',(2.47544288635258,-2.,264.020640742995));
#5672=CARTESIAN_POINT('',(0.476534366607707,-2.,264.492127788283));
#5673=CARTESIAN_POINT('Ctrl Pts',(2.47544288635258,-2.,264.020640742995));
#5674=CARTESIAN_POINT('Ctrl Pts',(2.11605562930692,-2.,264.037604693531));
#5675=CARTESIAN_POINT('Ctrl Pts',(1.41989641027315,-2.,264.070465097803));
#5676=CARTESIAN_POINT('Ctrl Pts',(0.784103633706433,-2.,264.35465089323));
#5677=CARTESIAN_POINT('Ctrl Pts',(0.476534366607707,-2.,264.492127788283));
#5678=CARTESIAN_POINT('',(-0.86425662040706,-2.,265.872208965041));
#5679=CARTESIAN_POINT('Ctrl Pts',(0.476534366607707,-2.,264.492127788283));
#5680=CARTESIAN_POINT('Ctrl Pts',(0.201543320954424,-2.,264.668620110412));
#5681=CARTESIAN_POINT('Ctrl Pts',(-0.352580843146433,-2.,265.024263183216));
#5682=CARTESIAN_POINT('Ctrl Pts',(-0.692850191285881,-2.,265.588155341614));
#5683=CARTESIAN_POINT('Ctrl Pts',(-0.86425662040706,-2.,265.872208965041));
#5684=CARTESIAN_POINT('',(-1.22278332710261,-2.,267.596084964492));
#5685=CARTESIAN_POINT('Ctrl Pts',(-0.86425662040706,-2.,265.872208965041));
#5686=CARTESIAN_POINT('Ctrl Pts',(-0.968680676894577,-2.,266.128070163731));
#5687=CARTESIAN_POINT('Ctrl Pts',(-1.19384181742213,-2.,266.679762956097));
#5688=CARTESIAN_POINT('Ctrl Pts',(-1.21268118364436,-2.,267.276239300428));
#5689=CARTESIAN_POINT('Ctrl Pts',(-1.22278332710261,-2.,267.596084964492));
#5690=CARTESIAN_POINT('',(-0.660436749458261,-2.,269.690763843276));
#5691=CARTESIAN_POINT('Ctrl Pts',(-1.22278332710261,-2.,267.596084964492));
#5692=CARTESIAN_POINT('Ctrl Pts',(-1.20960945629708,-2.,268.00370646697));
#5693=CARTESIAN_POINT('Ctrl Pts',(-1.18553901739105,-2.,268.748485933615));
#5694=CARTESIAN_POINT('Ctrl Pts',(-0.824071361399417,-2.,269.397127175708));
#5695=CARTESIAN_POINT('Ctrl Pts',(-0.660436749458261,-2.,269.690763843276));
#5696=CARTESIAN_POINT('',(0.893996953964287,-2.,270.660750758864));
#5697=CARTESIAN_POINT('Ctrl Pts',(-0.660436749458261,-2.,269.690763843276));
#5698=CARTESIAN_POINT('Ctrl Pts',(-0.451727300788055,-2.,269.920359531934));
#5699=CARTESIAN_POINT('Ctrl Pts',(-0.0253265360062738,-2.,270.389431621664));
#5700=CARTESIAN_POINT('Ctrl Pts',(0.583282467013293,-2.,270.569049864201));
#5701=CARTESIAN_POINT('Ctrl Pts',(0.893996953964287,-2.,270.660750758864));
#5702=CARTESIAN_POINT('',(1.16411983966832,-2.,269.216821086623));
#5703=CARTESIAN_POINT('',(1.46100977495423,-2.,267.629809361083));
#5704=CARTESIAN_POINT('',(0.326738953590443,-2.,268.644652259566));
#5705=CARTESIAN_POINT('Ctrl Pts',(1.16411983966832,-2.,269.216821086623));
#5706=CARTESIAN_POINT('Ctrl Pts',(0.997475672131205,-2.,269.156072319273));
#5707=CARTESIAN_POINT('Ctrl Pts',(0.669450116493019,-2.,269.036493287742));
#5708=CARTESIAN_POINT('Ctrl Pts',(0.439747573297349,-2.,268.773861396974));
#5709=CARTESIAN_POINT('Ctrl Pts',(0.326738953590443,-2.,268.644652259566));
#5710=CARTESIAN_POINT('',(0.0197815895081044,-2.,267.596084964492));
#5711=CARTESIAN_POINT('Ctrl Pts',(0.326738953590443,-2.,268.644652259566));
#5712=CARTESIAN_POINT('Ctrl Pts',(0.237272659313541,-2.,268.49112555968));
#5713=CARTESIAN_POINT('Ctrl Pts',(0.0487483523856502,-2.,268.16761249898));
#5714=CARTESIAN_POINT('Ctrl Pts',(0.0297592194534491,-2.,267.792948185515));
#5715=CARTESIAN_POINT('Ctrl Pts',(0.0197815895081044,-2.,267.596084964492));
#5716=CARTESIAN_POINT('',(0.623874068260237,-2.,266.080942046859));
#5717=CARTESIAN_POINT('Ctrl Pts',(0.0197815895081044,-2.,267.596084964492));
#5718=CARTESIAN_POINT('Ctrl Pts',(0.0405950103378649,-2.,267.29894817258));
#5719=CARTESIAN_POINT('Ctrl Pts',(0.0805943591388825,-2.,266.727909020559));
#5720=CARTESIAN_POINT('Ctrl Pts',(0.447760583017046,-2.,266.290667546749));
#5721=CARTESIAN_POINT('Ctrl Pts',(0.623874068260237,-2.,266.080942046859));
#5722=CARTESIAN_POINT('',(2.41650700569157,-2.,265.518593681075));
#5723=CARTESIAN_POINT('Ctrl Pts',(0.623874068260237,-2.,266.080942046859));
#5724=CARTESIAN_POINT('Ctrl Pts',(0.866239334686192,-2.,265.917350281976));
#5725=CARTESIAN_POINT('Ctrl Pts',(1.40482344835328,-2.,265.55381664949));
#5726=CARTESIAN_POINT('Ctrl Pts',(2.05752440601138,-2.,265.531092087991));
#5727=CARTESIAN_POINT('Ctrl Pts',(2.41650700569157,-2.,265.518593681075));
#5728=CARTESIAN_POINT('',(4.33929085731511,-2.,266.088306796767));
#5729=CARTESIAN_POINT('Ctrl Pts',(2.41650700569157,-2.,265.518593681075));
#5730=CARTESIAN_POINT('Ctrl Pts',(2.8018441255203,-2.,265.530054527785));
#5731=CARTESIAN_POINT('Ctrl Pts',(3.49663586565294,-2.,265.550719294347));
#5732=CARTESIAN_POINT('Ctrl Pts',(4.07962999045505,-2.,265.922651293302));
#5733=CARTESIAN_POINT('Ctrl Pts',(4.33929085731511,-2.,266.088306796767));
#5734=CARTESIAN_POINT('',(4.98021841049199,-2.,267.581350696303));
#5735=CARTESIAN_POINT('Ctrl Pts',(4.33929085731511,-2.,266.088306796767));
#5736=CARTESIAN_POINT('Ctrl Pts',(4.5262048553503,-2.,266.296075721975));
#5737=CARTESIAN_POINT('Ctrl Pts',(4.90810212615399,-2.,266.720583176359));
#5738=CARTESIAN_POINT('Ctrl Pts',(4.95584340028094,-2.,267.290414782444));
#5739=CARTESIAN_POINT('Ctrl Pts',(4.98021841049199,-2.,267.581350696303));
#5740=CARTESIAN_POINT('',(4.80095505714421,-2.,268.497311961867));
#5741=CARTESIAN_POINT('Ctrl Pts',(4.98021841049199,-2.,267.581350696303));
#5742=CARTESIAN_POINT('Ctrl Pts',(4.97218151206352,-2.,267.735143407891));
#5743=CARTESIAN_POINT('Ctrl Pts',(4.9557869455926,-2.,268.048867023452));
#5744=CARTESIAN_POINT('Ctrl Pts',(4.85323452004839,-2.,268.345893150424));
#5745=CARTESIAN_POINT('Ctrl Pts',(4.80095505714421,-2.,268.497311961867));
#5746=CARTESIAN_POINT('',(4.36630249023443,-2.,269.285581004836));
#5747=CARTESIAN_POINT('Ctrl Pts',(4.80095505714421,-2.,268.497311961867));
#5748=CARTESIAN_POINT('Ctrl Pts',(4.73999447650729,-2.,268.64238941796));
#5749=CARTESIAN_POINT('Ctrl Pts',(4.6230624527256,-2.,268.920670897053));
#5750=CARTESIAN_POINT('Ctrl Pts',(4.44941953755505,-2.,269.16745413489));
#5751=CARTESIAN_POINT('Ctrl Pts',(4.36630249023443,-2.,269.285581004836));
#5752=CARTESIAN_POINT('',(3.45279693603521,-2.,269.285581004836));
#5753=CARTESIAN_POINT('',(2.97639846801763,-2.,269.285581004836));
#5754=CARTESIAN_POINT('',(3.4527969360352,-2.,267.620642078139));
#5755=CARTESIAN_POINT('',(3.4527969360352,-2.,266.901133996465));
#5756=CARTESIAN_POINT('',(2.3698496818543,-2.,267.620642078139));
#5757=CARTESIAN_POINT('',(3.89972686767586,-2.,281.460749995925));
#5758=CARTESIAN_POINT('',(5.65061450004585,-2.,280.382716548659));
#5759=CARTESIAN_POINT('Ctrl Pts',(3.89972686767586,-2.,281.460749995925));
#5760=CARTESIAN_POINT('Ctrl Pts',(4.25956047577129,-2.,281.344550541241));
#5761=CARTESIAN_POINT('Ctrl Pts',(4.93284321603507,-2.,281.127130362841));
#5762=CARTESIAN_POINT('Ctrl Pts',(5.42260444751355,-2.,280.619189972239));
#5763=CARTESIAN_POINT('Ctrl Pts',(5.65061450004585,-2.,280.382716548659));
#5764=CARTESIAN_POINT('',(6.22278332710273,-2.,278.469755542495));
#5765=CARTESIAN_POINT('Ctrl Pts',(5.65061450004585,-2.,280.382716548659));
#5766=CARTESIAN_POINT('Ctrl Pts',(5.817361831775,-2.,280.104981719277));
#5767=CARTESIAN_POINT('Ctrl Pts',(6.17013014307198,-2.,279.517409817925));
#5768=CARTESIAN_POINT('Ctrl Pts',(6.20460442667388,-2.,278.831465914004));
#5769=CARTESIAN_POINT('Ctrl Pts',(6.22278332710273,-2.,278.469755542495));
#5770=CARTESIAN_POINT('',(5.24297475814826,-2.,276.112320316054));
#5771=CARTESIAN_POINT('Ctrl Pts',(6.22278332710273,-2.,278.469755542495));
#5772=CARTESIAN_POINT('Ctrl Pts',(6.18496019080551,-2.,278.015869437504));
#5773=CARTESIAN_POINT('Ctrl Pts',(6.11064390389058,-2.,277.124057353489));
#5774=CARTESIAN_POINT('Ctrl Pts',(5.52872641908048,-2.,276.445518217919));
#5775=CARTESIAN_POINT('Ctrl Pts',(5.24297475814826,-2.,276.112320316054));
#5776=CARTESIAN_POINT('',(2.56384730339057,-2.,275.188991916396));
#5777=CARTESIAN_POINT('Ctrl Pts',(5.24297475814826,-2.,276.112320316054));
#5778=CARTESIAN_POINT('Ctrl Pts',(4.87011042148431,-2.,275.843316634885));
#5779=CARTESIAN_POINT('Ctrl Pts',(4.07299186645468,-2.,275.268233945159));
#5780=CARTESIAN_POINT('Ctrl Pts',(3.08806149986697,-2.,275.216517308894));
#5781=CARTESIAN_POINT('Ctrl Pts',(2.56384730339057,-2.,275.188991916396));
#5782=CARTESIAN_POINT('',(-0.228240489959652,-2.,276.117231738784));
#5783=CARTESIAN_POINT('Ctrl Pts',(2.56384730339057,-2.,275.188991916396));
#5784=CARTESIAN_POINT('Ctrl Pts',(2.01341218620103,-2.,275.214295309593));
#5785=CARTESIAN_POINT('Ctrl Pts',(0.991109568265496,-2.,275.261290358238));
#5786=CARTESIAN_POINT('Ctrl Pts',(0.156837258092825,-2.,275.846920537286));
#5787=CARTESIAN_POINT('Ctrl Pts',(-0.228240489959652,-2.,276.117231738784));
#5788=CARTESIAN_POINT('',(-1.22278332710259,-2.,278.558161151625));
#5789=CARTESIAN_POINT('Ctrl Pts',(-0.228240489959652,-2.,276.117231738784));
#5790=CARTESIAN_POINT('Ctrl Pts',(-0.518242564391608,-2.,276.458179362732));
#5791=CARTESIAN_POINT('Ctrl Pts',(-1.11623099092001,-2.,277.16121824124));
#5792=CARTESIAN_POINT('Ctrl Pts',(-1.1865608338252,-2.,278.083270060607));
#5793=CARTESIAN_POINT('Ctrl Pts',(-1.22278332710259,-2.,278.558161151625));
#5794=CARTESIAN_POINT('',(-0.441883206367419,-2.,280.704409969069));
#5795=CARTESIAN_POINT('Ctrl Pts',(-1.22278332710259,-2.,278.558161151625));
#5796=CARTESIAN_POINT('Ctrl Pts',(-1.19606454918783,-2.,278.971523323427));
#5797=CARTESIAN_POINT('Ctrl Pts',(-1.14477853086659,-2.,279.764961555667));
#5798=CARTESIAN_POINT('Ctrl Pts',(-0.669535896669747,-2.,280.400142816825));
#5799=CARTESIAN_POINT('Ctrl Pts',(-0.441883206367419,-2.,280.704409969069));
#5800=CARTESIAN_POINT('',(0.884174108505325,-2.,281.441104305007));
#5801=CARTESIAN_POINT('Ctrl Pts',(-0.441883206367419,-2.,280.704409969069));
#5802=CARTESIAN_POINT('Ctrl Pts',(-0.261704153083003,-2.,280.86043219997));
#5803=CARTESIAN_POINT('Ctrl Pts',(0.128016893157615,-2.,281.197902876805));
#5804=CARTESIAN_POINT('Ctrl Pts',(0.619771534796566,-2.,281.356065000691));
#5805=CARTESIAN_POINT('Ctrl Pts',(0.884174108505325,-2.,281.441104305007));
#5806=CARTESIAN_POINT('',(1.22796714305885,-2.,280.002088439681));
#5807=CARTESIAN_POINT('',(2.82408004995704,-2.,273.321232328501));
#5808=CARTESIAN_POINT('',(0.343928933143687,-2.,279.46921099446));
#5809=CARTESIAN_POINT('Ctrl Pts',(1.22796714305885,-2.,280.002088439681));
#5810=CARTESIAN_POINT('Ctrl Pts',(1.0527489991207,-2.,279.949910843485));
#5811=CARTESIAN_POINT('Ctrl Pts',(0.711716251195919,-2.,279.848355898257));
#5812=CARTESIAN_POINT('Ctrl Pts',(0.464250186207659,-2.,279.593247870335));
#5813=CARTESIAN_POINT('Ctrl Pts',(0.343928933143687,-2.,279.46921099446));
#5814=CARTESIAN_POINT('',(0.0197815895081255,-2.,278.484489810683));
#5815=CARTESIAN_POINT('Ctrl Pts',(0.343928933143687,-2.,279.46921099446));
#5816=CARTESIAN_POINT('Ctrl Pts',(0.249409592246257,-2.,279.324136085157));
#5817=CARTESIAN_POINT('Ctrl Pts',(0.0545108367093528,-2.,279.024991814638));
#5818=CARTESIAN_POINT('Ctrl Pts',(0.031587750128963,-2.,278.668232735993));
#5819=CARTESIAN_POINT('Ctrl Pts',(0.0197815895081255,-2.,278.484489810683));
#5820=CARTESIAN_POINT('',(0.594406127929754,-2.,277.185444724776));
#5821=CARTESIAN_POINT('Ctrl Pts',(0.0197815895081255,-2.,278.484489810683));
#5822=CARTESIAN_POINT('Ctrl Pts',(0.0422903821453302,-2.,278.231485389109));
#5823=CARTESIAN_POINT('Ctrl Pts',(0.0866581723107218,-2.,277.732780404429));
#5824=CARTESIAN_POINT('Ctrl Pts',(0.426817427143427,-2.,277.366099859734));
#5825=CARTESIAN_POINT('Ctrl Pts',(0.594406127929754,-2.,277.185444724776));
#5826=CARTESIAN_POINT('',(2.45579838752753,-2.,276.686944854476));
#5827=CARTESIAN_POINT('Ctrl Pts',(0.594406127929754,-2.,277.185444724776));
#5828=CARTESIAN_POINT('Ctrl Pts',(0.83938643192859,-2.,277.040769734253));
#5829=CARTESIAN_POINT('Ctrl Pts',(1.40960043753918,-2.,276.704025495997));
#5830=CARTESIAN_POINT('Ctrl Pts',(2.07581100339673,-2.,276.693148678801));
#5831=CARTESIAN_POINT('Ctrl Pts',(2.45579838752753,-2.,276.686944854476));
#5832=CARTESIAN_POINT('',(4.40068244934089,-2.,277.178077590682));
#5833=CARTESIAN_POINT('Ctrl Pts',(2.45579838752753,-2.,276.686944854476));
#5834=CARTESIAN_POINT('Ctrl Pts',(2.85574474438982,-2.,276.691163611525));
#5835=CARTESIAN_POINT('Ctrl Pts',(3.54798840515647,-2.,276.698465610339));
#5836=CARTESIAN_POINT('Ctrl Pts',(4.14752876745859,-2.,277.035687082003));
#5837=CARTESIAN_POINT('Ctrl Pts',(4.40068244934089,-2.,277.178077590682));
#5838=CARTESIAN_POINT('',(4.98021841049201,-2.,278.455021274306));
#5839=CARTESIAN_POINT('Ctrl Pts',(4.40068244934089,-2.,277.178077590682));
#5840=CARTESIAN_POINT('Ctrl Pts',(4.56970892240548,-2.,277.355321897852));
#5841=CARTESIAN_POINT('Ctrl Pts',(4.91109262200015,-2.,277.7133032023));
#5842=CARTESIAN_POINT('Ctrl Pts',(4.95702709249437,-2.,278.206178981903));
#5843=CARTESIAN_POINT('Ctrl Pts',(4.98021841049201,-2.,278.455021274306));
#5844=CARTESIAN_POINT('',(4.61186885833747,-2.,279.452021014907));
#5845=CARTESIAN_POINT('Ctrl Pts',(4.98021841049201,-2.,278.455021274306));
#5846=CARTESIAN_POINT('Ctrl Pts',(4.9655621905202,-2.,278.64065916795));
#5847=CARTESIAN_POINT('Ctrl Pts',(4.93657084994407,-2.,279.007867862199));
#5848=CARTESIAN_POINT('Ctrl Pts',(4.71930071599043,-2.,279.305067194138));
#5849=CARTESIAN_POINT('Ctrl Pts',(4.61186885833747,-2.,279.452021014907));
#5850=CARTESIAN_POINT('',(3.45279693603523,-2.,280.051202666976));
#5851=CARTESIAN_POINT('Ctrl Pts',(4.61186885833747,-2.,279.452021014907));
#5852=CARTESIAN_POINT('Ctrl Pts',(4.46039481202744,-2.,279.583648961605));
#5853=CARTESIAN_POINT('Ctrl Pts',(4.12382867439183,-2.,279.876118270402));
#5854=CARTESIAN_POINT('Ctrl Pts',(3.69088896814137,-2.,279.989080121368));
#5855=CARTESIAN_POINT('Ctrl Pts',(3.45279693603523,-2.,280.051202666976));
#5856=CARTESIAN_POINT('',(1.63477238508165,-2.,274.317436659509));
#5857=CARTESIAN_POINT('',(2.7995908260346,-2.,271.927873981215));
#5858=CARTESIAN_POINT('',(2.79959082603461,-2.,274.638924491622));
#5859=CARTESIAN_POINT('',(2.7995908260346,-2.,270.410275203206));
#5860=CARTESIAN_POINT('',(4.17967319488532,-2.,274.638924491622));
#5861=CARTESIAN_POINT('',(3.33983659744269,-2.,274.638924491622));
#5862=CARTESIAN_POINT('',(4.17967319488531,-2.,271.927873981215));
#5863=CARTESIAN_POINT('',(4.17967319488531,-2.,269.054749948003));
#5864=CARTESIAN_POINT('',(2.64979541301733,-2.,271.927873981215));
#5865=CARTESIAN_POINT('',(-1.10000073909752,-2.,282.718055141188));
#5866=CARTESIAN_POINT('',(-1.10000073909751,-2.,287.653934848525));
#5867=CARTESIAN_POINT('',(-1.10000073909753,-2.,276.917780381657));
#5868=CARTESIAN_POINT('',(0.118007659912197,-2.,287.653934848525));
#5869=CARTESIAN_POINT('',(1.30900382995613,-2.,287.653934848525));
#5870=CARTESIAN_POINT('',(0.11800765991219,-2.,284.171802890517));
#5871=CARTESIAN_POINT('',(0.118007659912172,-2.,275.176714402654));
#5872=CARTESIAN_POINT('',(1.82223677635201,-2.,284.171802890517));
#5873=CARTESIAN_POINT('',(2.16111838817603,-2.,284.171802890517));
#5874=CARTESIAN_POINT('',(1.82223677635202,-2.,287.177536380507));
#5875=CARTESIAN_POINT('',(1.82223677635199,-2.,276.679581147649));
#5876=CARTESIAN_POINT('',(3.04024577140817,-2.,287.177536380507));
#5877=CARTESIAN_POINT('',(2.77012288570411,-2.,287.177536380507));
#5878=CARTESIAN_POINT('',(3.04024577140816,-2.,284.171802890517));
#5879=CARTESIAN_POINT('',(3.04024577140814,-2.,275.176714402654));
#5880=CARTESIAN_POINT('',(6.10000014305123,-2.,284.171802890517));
#5881=CARTESIAN_POINT('',(4.30000007152564,-2.,284.171802890517));
#5882=CARTESIAN_POINT('',(6.10000014305123,-2.,282.718055141188));
#5883=CARTESIAN_POINT('',(6.10000014305121,-2.,274.449840527989));
#5884=CARTESIAN_POINT('',(0.69999963045127,-2.,282.718055141188));
#5885=CARTESIAN_POINT('',(-1.10000073909758,-2.,251.418185126998));
#5886=CARTESIAN_POINT('',(-1.10000073909757,-2.,256.756794345595));
#5887=CARTESIAN_POINT('',(-1.10000073909756,-2.,261.469210130193));
#5888=CARTESIAN_POINT('',(0.118007659912135,-2.,256.756794345595));
#5889=CARTESIAN_POINT('',(1.3090038299561,-2.,256.756794345595));
#5890=CARTESIAN_POINT('',(0.118007659912127,-2.,252.871937644698));
#5891=CARTESIAN_POINT('',(0.11800765991214,-2.,259.526781779744));
#5892=CARTESIAN_POINT('',(1.71418786048891,-2.,252.871937644698));
#5893=CARTESIAN_POINT('',(2.10709393024448,-2.,252.871937644698));
#5894=CARTESIAN_POINT('',(1.71418786048892,-2.,256.486670863845));
#5895=CARTESIAN_POINT('',(1.71418786048893,-2.,261.334148389317));
#5896=CARTESIAN_POINT('',(2.92728483676913,-2.,256.486670863845));
#5897=CARTESIAN_POINT('',(2.71364241838459,-2.,256.486670863845));
#5898=CARTESIAN_POINT('',(2.92728483676912,-2.,252.871937644698));
#5899=CARTESIAN_POINT('',(2.92728483676914,-2.,259.526781779744));
#5900=CARTESIAN_POINT('',(4.8869037628174,-2.,252.871937644698));
#5901=CARTESIAN_POINT('',(3.69345188140873,-2.,252.871937644698));
#5902=CARTESIAN_POINT('',(4.88690376281741,-2.,256.894311797835));
#5903=CARTESIAN_POINT('',(4.88690376281742,-2.,261.537968856313));
#5904=CARTESIAN_POINT('',(6.10000014305117,-2.,256.894311797835));
#5905=CARTESIAN_POINT('',(4.30000007152562,-2.,256.894311797835));
#5906=CARTESIAN_POINT('',(6.10000014305116,-2.,251.418185126998));
#5907=CARTESIAN_POINT('',(6.10000014305118,-2.,258.799905520894));
#5908=CARTESIAN_POINT('',(0.699999630451239,-2.,251.418185126998));
#5909=CARTESIAN_POINT('Origin',(18.,-2.,259.027416997969));
#5910=CARTESIAN_POINT('',(16.450806661517,-0.599999999999998,258.627416997969));
#5911=CARTESIAN_POINT('',(16.450806661517,-2.,258.627416997969));
#5912=CARTESIAN_POINT('',(18.,-0.599999999999998,260.627416997969));
#5913=CARTESIAN_POINT('Origin',(18.,-0.599999999999998,259.027416997969));
#5914=CARTESIAN_POINT('',(18.,-2.,260.627416997969));
#5915=CARTESIAN_POINT('Origin',(10.,-2.,260.627416997969));
#5916=CARTESIAN_POINT('',(18.,-0.599999999999998,260.627416997969));
#5917=CARTESIAN_POINT('Origin',(16.450806661517,-2.,258.627416997969));
#5918=CARTESIAN_POINT('',(10.,-0.599999999999998,258.627416997969));
#5919=CARTESIAN_POINT('Origin',(14.8,-0.599999999999998,259.027416997969));
#5920=CARTESIAN_POINT('Origin',(18.,-2.,264.227416997969));
#5921=CARTESIAN_POINT('',(18.,-0.599999999999998,262.627416997969));
#5922=CARTESIAN_POINT('',(18.,-2.,262.627416997969));
#5923=CARTESIAN_POINT('',(16.450806661517,-0.599999999999998,264.627416997969));
#5924=CARTESIAN_POINT('Origin',(18.,-0.599999999999998,264.227416997969));
#5925=CARTESIAN_POINT('',(16.450806661517,-2.,264.627416997969));
#5926=CARTESIAN_POINT('Origin',(10.,-2.,264.627416997969));
#5927=CARTESIAN_POINT('',(18.,-0.599999999999998,264.627416997969));
#5928=CARTESIAN_POINT('Origin',(18.,-2.,262.627416997969));
#5929=CARTESIAN_POINT('',(10.,-0.599999999999998,262.627416997969));
#5930=CARTESIAN_POINT('Origin',(14.8,-0.599999999999998,264.227416997969));
#5931=CARTESIAN_POINT('Origin',(2.16111838817597,-1.4,246.958703291633));
#5932=CARTESIAN_POINT('',(2.16111838817597,-1.4,246.163068902709));
#5933=CARTESIAN_POINT('',(2.16111838817597,-1.4,246.958703291633));
#5934=CARTESIAN_POINT('',(2.16111838817597,-1.4,246.163068902709));
#5935=CARTESIAN_POINT('',(2.16111838817597,-2.,246.958703291633));
#5936=CARTESIAN_POINT('',(2.16111838817597,-1.4,246.958703291633));
#5937=CARTESIAN_POINT('',(2.16111838817597,-2.,246.163068902709));
#5938=CARTESIAN_POINT('',(2.16111838817599,-2.,256.570164603211));
#5939=CARTESIAN_POINT('',(2.16111838817597,-1.4,246.163068902709));
#5940=CARTESIAN_POINT('Ctrl Pts',(2.04815804958344,-1.4,248.107952964522));
#5941=CARTESIAN_POINT('Ctrl Pts',(2.04815804958344,-2.,248.107952964522));
#5942=CARTESIAN_POINT('Ctrl Pts',(2.08066964929748,-1.4,247.964387291387));
#5943=CARTESIAN_POINT('Ctrl Pts',(2.08066964929748,-2.,247.964387291387));
#5944=CARTESIAN_POINT('Ctrl Pts',(2.16615464906377,-1.4,247.58690012858));
#5945=CARTESIAN_POINT('Ctrl Pts',(2.16615464906377,-2.,247.58690012858));
#5946=CARTESIAN_POINT('Ctrl Pts',(2.16304523308481,-1.4,247.199047845656));
#5947=CARTESIAN_POINT('Ctrl Pts',(2.16304523308481,-2.,247.199047845656));
#5948=CARTESIAN_POINT('Ctrl Pts',(2.16111838817597,-1.4,246.958703291633));
#5949=CARTESIAN_POINT('Ctrl Pts',(2.16111838817597,-2.,246.958703291633));
#5950=CARTESIAN_POINT('',(2.04815804958344,-1.4,248.107952964522));
#5951=CARTESIAN_POINT('Ctrl Pts',(2.16111838817597,-1.4,246.958703291633));
#5952=CARTESIAN_POINT('Ctrl Pts',(2.16304523308481,-1.4,247.199047845656));
#5953=CARTESIAN_POINT('Ctrl Pts',(2.16615464906377,-1.4,247.58690012858));
#5954=CARTESIAN_POINT('Ctrl Pts',(2.08066964929748,-1.4,247.964387291387));
#5955=CARTESIAN_POINT('Ctrl Pts',(2.04815804958344,-1.4,248.107952964522));
#5956=CARTESIAN_POINT('',(2.04815804958344,-2.,248.107952964522));
#5957=CARTESIAN_POINT('',(2.04815804958344,-1.4,248.107952964522));
#5958=CARTESIAN_POINT('Ctrl Pts',(2.16111838817597,-2.,246.958703291633));
#5959=CARTESIAN_POINT('Ctrl Pts',(2.16304523308481,-2.,247.199047845656));
#5960=CARTESIAN_POINT('Ctrl Pts',(2.16615464906377,-2.,247.58690012858));
#5961=CARTESIAN_POINT('Ctrl Pts',(2.08066964929748,-2.,247.964387291387));
#5962=CARTESIAN_POINT('Ctrl Pts',(2.04815804958344,-2.,248.107952964522));
#5963=CARTESIAN_POINT('Ctrl Pts',(1.69454276561738,-1.4,248.562250626304));
#5964=CARTESIAN_POINT('Ctrl Pts',(1.69454276561738,-2.,248.562250626304));
#5965=CARTESIAN_POINT('Ctrl Pts',(1.76975195967486,-1.4,248.501378928641));
#5966=CARTESIAN_POINT('Ctrl Pts',(1.76975195967486,-2.,248.501378928641));
#5967=CARTESIAN_POINT('Ctrl Pts',(1.9228183386995,-1.4,248.377492341861));
#5968=CARTESIAN_POINT('Ctrl Pts',(1.9228183386995,-2.,248.377492341861));
#5969=CARTESIAN_POINT('Ctrl Pts',(2.00589905753719,-1.4,248.198829689247));
#5970=CARTESIAN_POINT('Ctrl Pts',(2.00589905753719,-2.,248.198829689247));
#5971=CARTESIAN_POINT('Ctrl Pts',(2.04815804958344,-1.4,248.107952964522));
#5972=CARTESIAN_POINT('Ctrl Pts',(2.04815804958344,-2.,248.107952964522));
#5973=CARTESIAN_POINT('',(1.69454276561738,-1.4,248.562250626304));
#5974=CARTESIAN_POINT('Ctrl Pts',(2.04815804958344,-1.4,248.107952964522));
#5975=CARTESIAN_POINT('Ctrl Pts',(2.00589905753719,-1.4,248.198829689247));
#5976=CARTESIAN_POINT('Ctrl Pts',(1.9228183386995,-1.4,248.377492341861));
#5977=CARTESIAN_POINT('Ctrl Pts',(1.76975195967486,-1.4,248.501378928641));
#5978=CARTESIAN_POINT('Ctrl Pts',(1.69454276561738,-1.4,248.562250626304));
#5979=CARTESIAN_POINT('',(1.69454276561738,-2.,248.562250626304));
#5980=CARTESIAN_POINT('',(1.69454276561738,-1.4,248.562250626304));
#5981=CARTESIAN_POINT('Ctrl Pts',(2.04815804958344,-2.,248.107952964522));
#5982=CARTESIAN_POINT('Ctrl Pts',(2.00589905753719,-2.,248.198829689247));
#5983=CARTESIAN_POINT('Ctrl Pts',(1.9228183386995,-2.,248.377492341861));
#5984=CARTESIAN_POINT('Ctrl Pts',(1.76975195967486,-2.,248.501378928641));
#5985=CARTESIAN_POINT('Ctrl Pts',(1.69454276561738,-2.,248.562250626304));
#5986=CARTESIAN_POINT('Ctrl Pts',(1.13465189933778,-1.4,248.726779711463));
#5987=CARTESIAN_POINT('Ctrl Pts',(1.13465189933778,-2.,248.726779711463));
#5988=CARTESIAN_POINT('Ctrl Pts',(1.23676369244037,-1.4,248.720614981326));
#5989=CARTESIAN_POINT('Ctrl Pts',(1.23676369244037,-2.,248.720614981326));
#5990=CARTESIAN_POINT('Ctrl Pts',(1.43614725348748,-1.4,248.708577724802));
#5991=CARTESIAN_POINT('Ctrl Pts',(1.43614725348748,-2.,248.708577724802));
#5992=CARTESIAN_POINT('Ctrl Pts',(1.60981619630464,-1.4,248.610230534898));
#5993=CARTESIAN_POINT('Ctrl Pts',(1.60981619630464,-2.,248.610230534898));
#5994=CARTESIAN_POINT('Ctrl Pts',(1.69454276561738,-1.4,248.562250626304));
#5995=CARTESIAN_POINT('Ctrl Pts',(1.69454276561738,-2.,248.562250626304));
#5996=CARTESIAN_POINT('',(1.13465189933778,-1.4,248.726779711463));
#5997=CARTESIAN_POINT('Ctrl Pts',(1.69454276561738,-1.4,248.562250626304));
#5998=CARTESIAN_POINT('Ctrl Pts',(1.60981619630464,-1.4,248.610230534898));
#5999=CARTESIAN_POINT('Ctrl Pts',(1.43614725348748,-1.4,248.708577724802));
#6000=CARTESIAN_POINT('Ctrl Pts',(1.23676369244037,-1.4,248.720614981326));
#6001=CARTESIAN_POINT('Ctrl Pts',(1.13465189933778,-1.4,248.726779711463));
#6002=CARTESIAN_POINT('',(1.13465189933778,-2.,248.726779711463));
#6003=CARTESIAN_POINT('',(1.13465189933778,-1.4,248.726779711463));
#6004=CARTESIAN_POINT('Ctrl Pts',(1.69454276561738,-2.,248.562250626304));
#6005=CARTESIAN_POINT('Ctrl Pts',(1.60981619630464,-2.,248.610230534898));
#6006=CARTESIAN_POINT('Ctrl Pts',(1.43614725348748,-2.,248.708577724802));
#6007=CARTESIAN_POINT('Ctrl Pts',(1.23676369244037,-2.,248.720614981326));
#6008=CARTESIAN_POINT('Ctrl Pts',(1.13465189933778,-2.,248.726779711463));
#6009=CARTESIAN_POINT('Ctrl Pts',(0.486357212066659,-1.4,248.495947611548));
#6010=CARTESIAN_POINT('Ctrl Pts',(0.486357212066659,-2.,248.495947611548));
#6011=CARTESIAN_POINT('Ctrl Pts',(0.57945485065383,-1.4,248.563248877898));
#6012=CARTESIAN_POINT('Ctrl Pts',(0.57945485065383,-2.,248.563248877898));
#6013=CARTESIAN_POINT('Ctrl Pts',(0.772709446679856,-1.4,248.702954666766));
#6014=CARTESIAN_POINT('Ctrl Pts',(0.772709446679856,-2.,248.702954666766));
#6015=CARTESIAN_POINT('Ctrl Pts',(1.01110170372316,-1.4,248.718646957454));
#6016=CARTESIAN_POINT('Ctrl Pts',(1.01110170372316,-2.,248.718646957454));
#6017=CARTESIAN_POINT('Ctrl Pts',(1.13465189933778,-1.4,248.726779711463));
#6018=CARTESIAN_POINT('Ctrl Pts',(1.13465189933778,-2.,248.726779711463));
#6019=CARTESIAN_POINT('',(0.486357212066659,-1.4,248.495947611548));
#6020=CARTESIAN_POINT('Ctrl Pts',(1.13465189933778,-1.4,248.726779711463));
#6021=CARTESIAN_POINT('Ctrl Pts',(1.01110170372316,-1.4,248.718646957454));
#6022=CARTESIAN_POINT('Ctrl Pts',(0.772709446679856,-1.4,248.702954666766));
#6023=CARTESIAN_POINT('Ctrl Pts',(0.57945485065383,-1.4,248.563248877898));
#6024=CARTESIAN_POINT('Ctrl Pts',(0.486357212066659,-1.4,248.495947611548));
#6025=CARTESIAN_POINT('',(0.486357212066659,-2.,248.495947611548));
#6026=CARTESIAN_POINT('',(0.486357212066659,-1.4,248.495947611548));
#6027=CARTESIAN_POINT('Ctrl Pts',(1.13465189933778,-2.,248.726779711463));
#6028=CARTESIAN_POINT('Ctrl Pts',(1.01110170372316,-2.,248.718646957454));
#6029=CARTESIAN_POINT('Ctrl Pts',(0.772709446679856,-2.,248.702954666766));
#6030=CARTESIAN_POINT('Ctrl Pts',(0.57945485065383,-2.,248.563248877898));
#6031=CARTESIAN_POINT('Ctrl Pts',(0.486357212066659,-2.,248.495947611548));
#6032=CARTESIAN_POINT('Ctrl Pts',(0.167121291160591,-1.4,247.911500227668));
#6033=CARTESIAN_POINT('Ctrl Pts',(0.167121291160591,-2.,247.911500227668));
#6034=CARTESIAN_POINT('Ctrl Pts',(0.195880137089434,-1.4,248.023796748126));
#6035=CARTESIAN_POINT('Ctrl Pts',(0.195880137089434,-2.,248.023796748126));
#6036=CARTESIAN_POINT('Ctrl Pts',(0.252736705699325,-1.4,248.245808258457));
#6037=CARTESIAN_POINT('Ctrl Pts',(0.252736705699325,-2.,248.245808258457));
#6038=CARTESIAN_POINT('Ctrl Pts',(0.409089729744485,-1.4,248.413216697454));
#6039=CARTESIAN_POINT('Ctrl Pts',(0.409089729744485,-2.,248.413216697454));
#6040=CARTESIAN_POINT('Ctrl Pts',(0.486357212066659,-1.4,248.495947611548));
#6041=CARTESIAN_POINT('Ctrl Pts',(0.486357212066659,-2.,248.495947611548));
#6042=CARTESIAN_POINT('',(0.167121291160591,-1.4,247.911500227668));
#6043=CARTESIAN_POINT('Ctrl Pts',(0.486357212066659,-1.4,248.495947611548));
#6044=CARTESIAN_POINT('Ctrl Pts',(0.409089729744485,-1.4,248.413216697454));
#6045=CARTESIAN_POINT('Ctrl Pts',(0.252736705699325,-1.4,248.245808258457));
#6046=CARTESIAN_POINT('Ctrl Pts',(0.195880137089434,-1.4,248.023796748126));
#6047=CARTESIAN_POINT('Ctrl Pts',(0.167121291160591,-1.4,247.911500227668));
#6048=CARTESIAN_POINT('',(0.167121291160591,-2.,247.911500227668));
#6049=CARTESIAN_POINT('',(0.167121291160591,-1.4,247.911500227668));
#6050=CARTESIAN_POINT('Ctrl Pts',(0.486357212066659,-2.,248.495947611548));
#6051=CARTESIAN_POINT('Ctrl Pts',(0.409089729744485,-2.,248.413216697454));
#6052=CARTESIAN_POINT('Ctrl Pts',(0.252736705699325,-2.,248.245808258457));
#6053=CARTESIAN_POINT('Ctrl Pts',(0.195880137089434,-2.,248.023796748126));
#6054=CARTESIAN_POINT('Ctrl Pts',(0.167121291160591,-2.,247.911500227668));
#6055=CARTESIAN_POINT('Ctrl Pts',(0.118007659912116,-1.4,246.865388047911));
#6056=CARTESIAN_POINT('Ctrl Pts',(0.118007659912116,-2.,246.865388047911));
#6057=CARTESIAN_POINT('Ctrl Pts',(0.116998852695932,-1.4,247.083820047042));
#6058=CARTESIAN_POINT('Ctrl Pts',(0.116998852695932,-2.,247.083820047042));
#6059=CARTESIAN_POINT('Ctrl Pts',(0.115383717772716,-1.4,247.433537162943));
#6060=CARTESIAN_POINT('Ctrl Pts',(0.115383717772716,-2.,247.433537162943));
#6061=CARTESIAN_POINT('Ctrl Pts',(0.152999998363413,-1.4,247.781044623718));
#6062=CARTESIAN_POINT('Ctrl Pts',(0.152999998363413,-2.,247.781044623718));
#6063=CARTESIAN_POINT('Ctrl Pts',(0.167121291160591,-1.4,247.911500227668));
#6064=CARTESIAN_POINT('Ctrl Pts',(0.167121291160591,-2.,247.911500227668));
#6065=CARTESIAN_POINT('',(0.118007659912116,-1.4,246.865388047911));
#6066=CARTESIAN_POINT('Ctrl Pts',(0.167121291160591,-1.4,247.911500227668));
#6067=CARTESIAN_POINT('Ctrl Pts',(0.152999998363413,-1.4,247.781044623718));
#6068=CARTESIAN_POINT('Ctrl Pts',(0.115383717772716,-1.4,247.433537162943));
#6069=CARTESIAN_POINT('Ctrl Pts',(0.116998852695932,-1.4,247.083820047042));
#6070=CARTESIAN_POINT('Ctrl Pts',(0.118007659912116,-1.4,246.865388047911));
#6071=CARTESIAN_POINT('',(0.118007659912116,-2.,246.865388047911));
#6072=CARTESIAN_POINT('',(0.118007659912116,-1.4,246.865388047911));
#6073=CARTESIAN_POINT('Ctrl Pts',(0.167121291160591,-2.,247.911500227668));
#6074=CARTESIAN_POINT('Ctrl Pts',(0.152999998363413,-2.,247.781044623718));
#6075=CARTESIAN_POINT('Ctrl Pts',(0.115383717772716,-2.,247.433537162943));
#6076=CARTESIAN_POINT('Ctrl Pts',(0.116998852695932,-2.,247.083820047042));
#6077=CARTESIAN_POINT('Ctrl Pts',(0.118007659912116,-2.,246.865388047911));
#6078=CARTESIAN_POINT('Origin',(0.118007659912115,-1.4,246.163068902709));
#6079=CARTESIAN_POINT('',(0.118007659912114,-1.4,246.163068902709));
#6080=CARTESIAN_POINT('',(0.118007659912116,-1.4,246.865388047911));
#6081=CARTESIAN_POINT('',(0.118007659912114,-2.,246.163068902709));
#6082=CARTESIAN_POINT('',(0.118007659912114,-1.4,246.163068902709));
#6083=CARTESIAN_POINT('',(0.118007659912134,-2.,256.172347408749));
#6084=CARTESIAN_POINT('Origin',(2.16111838817597,-1.4,246.163068902709));
#6085=CARTESIAN_POINT('',(0.118007659912114,-1.4,246.163068902709));
#6086=CARTESIAN_POINT('',(2.33055919408801,-2.,246.163068902709));
#6087=CARTESIAN_POINT('Origin',(-1.10000073909759,-1.4,247.042195689895));
#6088=CARTESIAN_POINT('',(-1.10000073909759,-1.4,244.709316981055));
#6089=CARTESIAN_POINT('',(-1.10000073909759,-1.4,247.042195689895));
#6090=CARTESIAN_POINT('',(-1.10000073909759,-1.4,244.709316981055));
#6091=CARTESIAN_POINT('',(-1.10000073909759,-1.4,247.042195689895));
#6092=CARTESIAN_POINT('',(-1.10000073909759,-1.4,244.709316981055));
#6093=CARTESIAN_POINT('Ctrl Pts',(-0.9919512271881,-1.4,248.770981919982));
#6094=CARTESIAN_POINT('Ctrl Pts',(-0.9919512271881,-2.,248.770981919982));
#6095=CARTESIAN_POINT('Ctrl Pts',(-1.0229712182779,-1.4,248.560100025469));
#6096=CARTESIAN_POINT('Ctrl Pts',(-1.0229712182779,-2.,248.560100025469));
#6097=CARTESIAN_POINT('Ctrl Pts',(-1.10719780659728,-1.4,247.987505969534));
#6098=CARTESIAN_POINT('Ctrl Pts',(-1.10719780659728,-2.,247.987505969534));
#6099=CARTESIAN_POINT('Ctrl Pts',(-1.10278704918828,-1.4,247.40816802114));
#6100=CARTESIAN_POINT('Ctrl Pts',(-1.10278704918828,-2.,247.40816802114));
#6101=CARTESIAN_POINT('Ctrl Pts',(-1.10000073909759,-1.4,247.042195689895));
#6102=CARTESIAN_POINT('Ctrl Pts',(-1.10000073909759,-2.,247.042195689895));
#6103=CARTESIAN_POINT('',(-0.9919512271881,-1.4,248.770981919982));
#6104=CARTESIAN_POINT('Ctrl Pts',(-1.10000073909759,-1.4,247.042195689895));
#6105=CARTESIAN_POINT('Ctrl Pts',(-1.10278704918828,-1.4,247.40816802114));
#6106=CARTESIAN_POINT('Ctrl Pts',(-1.10719780659728,-1.4,247.987505969534));
#6107=CARTESIAN_POINT('Ctrl Pts',(-1.0229712182779,-1.4,248.560100025469));
#6108=CARTESIAN_POINT('Ctrl Pts',(-0.9919512271881,-1.4,248.770981919982));
#6109=CARTESIAN_POINT('',(-0.9919512271881,-1.4,248.770981919982));
#6110=CARTESIAN_POINT('Ctrl Pts',(-0.287176370620715,-1.4,249.807271254279));
#6111=CARTESIAN_POINT('Ctrl Pts',(-0.287176370620715,-2.,249.807271254279));
#6112=CARTESIAN_POINT('Ctrl Pts',(-0.451689815854881,-1.4,249.661693502844));
#6113=CARTESIAN_POINT('Ctrl Pts',(-0.451689815854881,-2.,249.661693502844));
#6114=CARTESIAN_POINT('Ctrl Pts',(-0.774762076509137,-1.4,249.375807244792));
#6115=CARTESIAN_POINT('Ctrl Pts',(-0.774762076509137,-2.,249.375807244792));
#6116=CARTESIAN_POINT('Ctrl Pts',(-0.920449913912302,-1.4,248.970097782313));
#6117=CARTESIAN_POINT('Ctrl Pts',(-0.920449913912302,-2.,248.970097782313));
#6118=CARTESIAN_POINT('Ctrl Pts',(-0.9919512271881,-1.4,248.770981919982));
#6119=CARTESIAN_POINT('Ctrl Pts',(-0.9919512271881,-2.,248.770981919982));
#6120=CARTESIAN_POINT('',(-0.287176370620715,-1.4,249.807271254279));
#6121=CARTESIAN_POINT('Ctrl Pts',(-0.9919512271881,-1.4,248.770981919982));
#6122=CARTESIAN_POINT('Ctrl Pts',(-0.920449913912302,-1.4,248.970097782313));
#6123=CARTESIAN_POINT('Ctrl Pts',(-0.774762076509137,-1.4,249.375807244792));
#6124=CARTESIAN_POINT('Ctrl Pts',(-0.451689815854881,-1.4,249.661693502844));
#6125=CARTESIAN_POINT('Ctrl Pts',(-0.287176370620715,-1.4,249.807271254279));
#6126=CARTESIAN_POINT('',(-0.287176370620715,-1.4,249.807271254279));
#6127=CARTESIAN_POINT('Ctrl Pts',(1.11500620841981,-1.4,250.224733841636));
#6128=CARTESIAN_POINT('Ctrl Pts',(1.11500620841981,-2.,250.224733841636));
#6129=CARTESIAN_POINT('Ctrl Pts',(0.848088838465629,-1.4,250.212023990985));
#6130=CARTESIAN_POINT('Ctrl Pts',(0.848088838465629,-2.,250.212023990985));
#6131=CARTESIAN_POINT('Ctrl Pts',(0.345097787645974,-1.4,250.188072978971));
#6132=CARTESIAN_POINT('Ctrl Pts',(0.345097787645974,-2.,250.188072978971));
#6133=CARTESIAN_POINT('Ctrl Pts',(-0.0852139694142573,-1.4,249.928907778083));
#6134=CARTESIAN_POINT('Ctrl Pts',(-0.0852139694142573,-2.,249.928907778083));
#6135=CARTESIAN_POINT('Ctrl Pts',(-0.287176370620715,-1.4,249.807271254279));
#6136=CARTESIAN_POINT('Ctrl Pts',(-0.287176370620715,-2.,249.807271254279));
#6137=CARTESIAN_POINT('',(1.11500620841981,-1.4,250.224733841636));
#6138=CARTESIAN_POINT('Ctrl Pts',(-0.287176370620715,-1.4,249.807271254279));
#6139=CARTESIAN_POINT('Ctrl Pts',(-0.0852139694142573,-1.4,249.928907778083));
#6140=CARTESIAN_POINT('Ctrl Pts',(0.345097787645974,-1.4,250.188072978971));
#6141=CARTESIAN_POINT('Ctrl Pts',(0.848088838465629,-1.4,250.212023990985));
#6142=CARTESIAN_POINT('Ctrl Pts',(1.11500620841981,-1.4,250.224733841636));
#6143=CARTESIAN_POINT('',(1.11500620841981,-1.4,250.224733841636));
#6144=CARTESIAN_POINT('Ctrl Pts',(2.22987711429597,-1.4,249.984078896262));
#6145=CARTESIAN_POINT('Ctrl Pts',(2.22987711429597,-2.,249.984078896262));
#6146=CARTESIAN_POINT('Ctrl Pts',(2.06389676220286,-1.4,250.054185010358));
#6147=CARTESIAN_POINT('Ctrl Pts',(2.06389676220286,-2.,250.054185010358));
#6148=CARTESIAN_POINT('Ctrl Pts',(1.70801326776865,-1.4,250.204501650558));
#6149=CARTESIAN_POINT('Ctrl Pts',(1.70801326776865,-2.,250.204501650558));
#6150=CARTESIAN_POINT('Ctrl Pts',(1.32133940973481,-1.4,250.217694173745));
#6151=CARTESIAN_POINT('Ctrl Pts',(1.32133940973481,-2.,250.217694173745));
#6152=CARTESIAN_POINT('Ctrl Pts',(1.11500620841981,-1.4,250.224733841636));
#6153=CARTESIAN_POINT('Ctrl Pts',(1.11500620841981,-2.,250.224733841636));
#6154=CARTESIAN_POINT('',(2.22987711429597,-1.4,249.984078896262));
#6155=CARTESIAN_POINT('Ctrl Pts',(1.11500620841981,-1.4,250.224733841636));
#6156=CARTESIAN_POINT('Ctrl Pts',(1.32133940973481,-1.4,250.217694173745));
#6157=CARTESIAN_POINT('Ctrl Pts',(1.70801326776865,-1.4,250.204501650558));
#6158=CARTESIAN_POINT('Ctrl Pts',(2.06389676220286,-1.4,250.054185010358));
#6159=CARTESIAN_POINT('Ctrl Pts',(2.22987711429597,-1.4,249.984078896262));
#6160=CARTESIAN_POINT('',(2.22987711429597,-1.4,249.984078896262));
#6161=CARTESIAN_POINT('Ctrl Pts',(2.93956339359285,-1.4,249.372619283416));
#6162=CARTESIAN_POINT('Ctrl Pts',(2.93956339359285,-2.,249.372619283416));
#6163=CARTESIAN_POINT('Ctrl Pts',(2.8432132971261,-1.4,249.492012711155));
#6164=CARTESIAN_POINT('Ctrl Pts',(2.8432132971261,-2.,249.492012711155));
#6165=CARTESIAN_POINT('Ctrl Pts',(2.64401331347473,-1.4,249.738853863638));
#6166=CARTESIAN_POINT('Ctrl Pts',(2.64401331347473,-2.,249.738853863638));
#6167=CARTESIAN_POINT('Ctrl Pts',(2.37089310363149,-1.4,249.900578225097));
#6168=CARTESIAN_POINT('Ctrl Pts',(2.37089310363149,-2.,249.900578225097));
#6169=CARTESIAN_POINT('Ctrl Pts',(2.22987711429597,-1.4,249.984078896262));
#6170=CARTESIAN_POINT('Ctrl Pts',(2.22987711429597,-2.,249.984078896262));
#6171=CARTESIAN_POINT('',(2.93956339359285,-1.4,249.372619283416));
#6172=CARTESIAN_POINT('Ctrl Pts',(2.22987711429597,-1.4,249.984078896262));
#6173=CARTESIAN_POINT('Ctrl Pts',(2.37089310363149,-1.4,249.900578225097));
#6174=CARTESIAN_POINT('Ctrl Pts',(2.64401331347473,-1.4,249.738853863638));
#6175=CARTESIAN_POINT('Ctrl Pts',(2.8432132971261,-1.4,249.492012711155));
#6176=CARTESIAN_POINT('Ctrl Pts',(2.93956339359285,-1.4,249.372619283416));
#6177=CARTESIAN_POINT('',(2.93956339359285,-1.4,249.372619283416));
#6178=CARTESIAN_POINT('Ctrl Pts',(3.28090071678163,-1.4,248.6187307956));
#6179=CARTESIAN_POINT('Ctrl Pts',(3.28090071678163,-2.,248.6187307956));
#6180=CARTESIAN_POINT('Ctrl Pts',(3.24433473169597,-1.4,248.74800052907));
#6181=CARTESIAN_POINT('Ctrl Pts',(3.24433473169597,-2.,248.74800052907));
#6182=CARTESIAN_POINT('Ctrl Pts',(3.16844543960245,-1.4,249.01628780587));
#6183=CARTESIAN_POINT('Ctrl Pts',(3.16844543960245,-2.,249.01628780587));
#6184=CARTESIAN_POINT('Ctrl Pts',(3.01768331306368,-1.4,249.250999493589));
#6185=CARTESIAN_POINT('Ctrl Pts',(3.01768331306368,-2.,249.250999493589));
#6186=CARTESIAN_POINT('Ctrl Pts',(2.93956339359285,-1.4,249.372619283416));
#6187=CARTESIAN_POINT('Ctrl Pts',(2.93956339359285,-2.,249.372619283416));
#6188=CARTESIAN_POINT('',(3.28090071678163,-1.4,248.6187307956));
#6189=CARTESIAN_POINT('Ctrl Pts',(2.93956339359285,-1.4,249.372619283416));
#6190=CARTESIAN_POINT('Ctrl Pts',(3.01768331306368,-1.4,249.250999493589));
#6191=CARTESIAN_POINT('Ctrl Pts',(3.16844543960245,-1.4,249.01628780587));
#6192=CARTESIAN_POINT('Ctrl Pts',(3.24433473169597,-1.4,248.74800052907));
#6193=CARTESIAN_POINT('Ctrl Pts',(3.28090071678163,-1.4,248.6187307956));
#6194=CARTESIAN_POINT('',(3.28090071678163,-1.4,248.6187307956));
#6195=CARTESIAN_POINT('Ctrl Pts',(3.38403820991517,-1.4,247.110954416015));
#6196=CARTESIAN_POINT('Ctrl Pts',(3.38403820991517,-2.,247.110954416015));
#6197=CARTESIAN_POINT('Ctrl Pts',(3.38303852455008,-1.4,247.401703951052));
#6198=CARTESIAN_POINT('Ctrl Pts',(3.38303852455008,-2.,247.401703951052));
#6199=CARTESIAN_POINT('Ctrl Pts',(3.3813020035133,-1.4,247.90675554194));
#6200=CARTESIAN_POINT('Ctrl Pts',(3.3813020035133,-2.,247.90675554194));
#6201=CARTESIAN_POINT('Ctrl Pts',(3.31081118189741,-1.4,248.406626830789));
#6202=CARTESIAN_POINT('Ctrl Pts',(3.31081118189741,-2.,248.406626830789));
#6203=CARTESIAN_POINT('Ctrl Pts',(3.28090071678163,-1.4,248.6187307956));
#6204=CARTESIAN_POINT('Ctrl Pts',(3.28090071678163,-2.,248.6187307956));
#6205=CARTESIAN_POINT('',(3.38403820991517,-1.4,247.110954416015));
#6206=CARTESIAN_POINT('Ctrl Pts',(3.28090071678163,-1.4,248.6187307956));
#6207=CARTESIAN_POINT('Ctrl Pts',(3.31081118189741,-1.4,248.406626830789));
#6208=CARTESIAN_POINT('Ctrl Pts',(3.3813020035133,-1.4,247.90675554194));
#6209=CARTESIAN_POINT('Ctrl Pts',(3.38303852455008,-1.4,247.401703951052));
#6210=CARTESIAN_POINT('Ctrl Pts',(3.38403820991517,-1.4,247.110954416015));
#6211=CARTESIAN_POINT('',(3.38403820991517,-1.4,247.110954416015));
#6212=CARTESIAN_POINT('Origin',(3.38403820991517,-1.4,246.163068902709));
#6213=CARTESIAN_POINT('',(3.38403820991517,-1.4,246.163068902709));
#6214=CARTESIAN_POINT('',(3.38403820991517,-1.4,247.110954416015));
#6215=CARTESIAN_POINT('',(3.38403820991517,-1.4,246.163068902709));
#6216=CARTESIAN_POINT('Origin',(6.10000014305115,-1.4,246.163068902709));
#6217=CARTESIAN_POINT('',(6.10000014305115,-1.4,246.163068902709));
#6218=CARTESIAN_POINT('',(3.38403820991517,-1.4,246.163068902709));
#6219=CARTESIAN_POINT('',(6.10000014305115,-1.4,246.163068902709));
#6220=CARTESIAN_POINT('Origin',(6.10000014305115,-1.4,244.709316981055));
#6221=CARTESIAN_POINT('',(6.10000014305115,-1.4,244.709316981055));
#6222=CARTESIAN_POINT('',(6.10000014305115,-1.4,246.163068902709));
#6223=CARTESIAN_POINT('',(6.10000014305115,-1.4,244.709316981055));
#6224=CARTESIAN_POINT('Origin',(-1.10000073909759,-1.4,244.709316981055));
#6225=CARTESIAN_POINT('',(6.10000014305115,-1.4,244.709316981055));
#6226=CARTESIAN_POINT('Origin',(2.50000000000006,-1.4,266.18162591479));
#6227=CARTESIAN_POINT('Origin',(0.118007659912137,-1.4,257.611364019133));
#6228=CARTESIAN_POINT('',(0.11800765991214,-1.4,259.747789991118));
#6229=CARTESIAN_POINT('',(0.118007659912137,-1.4,257.611364019133));
#6230=CARTESIAN_POINT('',(0.118007659912142,-1.4,259.747789991118));
#6231=CARTESIAN_POINT('',(0.118007659912137,-1.4,257.611364019133));
#6232=CARTESIAN_POINT('',(0.11800765991214,-1.4,259.747789991118));
#6233=CARTESIAN_POINT('Origin',(-1.10000073909757,-1.4,257.611364019133));
#6234=CARTESIAN_POINT('',(-1.10000073909757,-1.4,257.611364019133));
#6235=CARTESIAN_POINT('',(0.118007659912137,-1.4,257.611364019133));
#6236=CARTESIAN_POINT('',(-1.10000073909757,-1.4,257.611364019133));
#6237=CARTESIAN_POINT('Origin',(-1.10000073909756,-1.4,263.333055865981));
#6238=CARTESIAN_POINT('',(-1.10000073909756,-1.4,263.333055865981));
#6239=CARTESIAN_POINT('',(-1.10000073909757,-1.4,257.611364019133));
#6240=CARTESIAN_POINT('',(-1.10000073909756,-1.4,263.333055865981));
#6241=CARTESIAN_POINT('Origin',(0.118007659912148,-1.4,263.333055865981));
#6242=CARTESIAN_POINT('',(0.118007659912148,-1.4,263.333055865981));
#6243=CARTESIAN_POINT('',(-1.10000073909756,-1.4,263.333055865981));
#6244=CARTESIAN_POINT('',(0.118007659912148,-1.4,263.333055865981));
#6245=CARTESIAN_POINT('Origin',(0.118007659912144,-1.4,261.201541316726));
#6246=CARTESIAN_POINT('',(0.118007659912144,-1.4,261.201541316726));
#6247=CARTESIAN_POINT('',(0.118007659912148,-1.4,263.333055865981));
#6248=CARTESIAN_POINT('',(0.118007659912144,-1.4,261.201541316726));
#6249=CARTESIAN_POINT('Origin',(6.10000014305118,-1.4,261.201541316726));
#6250=CARTESIAN_POINT('',(6.10000014305118,-1.4,261.201541316726));
#6251=CARTESIAN_POINT('',(0.118007659912144,-1.4,261.201541316726));
#6252=CARTESIAN_POINT('',(6.10000014305118,-1.4,261.201541316726));
#6253=CARTESIAN_POINT('Origin',(6.10000014305118,-1.4,259.747789991118));
#6254=CARTESIAN_POINT('',(6.10000014305118,-1.4,259.747789991118));
#6255=CARTESIAN_POINT('',(6.10000014305118,-1.4,261.201541316726));
#6256=CARTESIAN_POINT('',(6.10000014305118,-1.4,259.747789991118));
#6257=CARTESIAN_POINT('Origin',(0.11800765991214,-1.4,259.747789991118));
#6258=CARTESIAN_POINT('',(6.10000014305118,-1.4,259.747789991118));
#6259=CARTESIAN_POINT('Origin',(2.50000000000006,-1.4,266.18162591479));
#6260=CARTESIAN_POINT('Origin',(2.23969936370855,-1.4,270.754065406539));
#6261=CARTESIAN_POINT('',(2.23969936370854,-1.4,267.620642078139));
#6262=CARTESIAN_POINT('',(2.23969936370855,-1.4,270.754065406539));
#6263=CARTESIAN_POINT('',(2.23969936370854,-1.4,267.620642078139));
#6264=CARTESIAN_POINT('',(2.23969936370855,-1.4,270.754065406539));
#6265=CARTESIAN_POINT('',(2.23969936370854,-1.4,267.620642078139));
#6266=CARTESIAN_POINT('Origin',(5.107913017273,-1.4,270.754065406539));
#6267=CARTESIAN_POINT('',(5.107913017273,-1.4,270.754065406539));
#6268=CARTESIAN_POINT('',(2.23969936370855,-1.4,270.754065406539));
#6269=CARTESIAN_POINT('',(5.107913017273,-1.4,270.754065406539));
#6270=CARTESIAN_POINT('Ctrl Pts',(5.88635802268987,-1.4,269.430463206984));
#6271=CARTESIAN_POINT('Ctrl Pts',(5.88635802268987,-2.,269.430463206984));
#6272=CARTESIAN_POINT('Ctrl Pts',(5.77837931036947,-1.4,269.693028576133));
#6273=CARTESIAN_POINT('Ctrl Pts',(5.77837931036947,-2.,269.693028576133));
#6274=CARTESIAN_POINT('Ctrl Pts',(5.58147208290998,-1.4,270.171836090641));
#6275=CARTESIAN_POINT('Ctrl Pts',(5.58147208290998,-2.,270.171836090641));
#6276=CARTESIAN_POINT('Ctrl Pts',(5.25524555222785,-1.4,270.572923649869));
#6277=CARTESIAN_POINT('Ctrl Pts',(5.25524555222785,-2.,270.572923649869));
#6278=CARTESIAN_POINT('Ctrl Pts',(5.107913017273,-1.4,270.754065406539));
#6279=CARTESIAN_POINT('Ctrl Pts',(5.107913017273,-2.,270.754065406539));
#6280=CARTESIAN_POINT('',(5.88635802268987,-1.4,269.430463206984));
#6281=CARTESIAN_POINT('Ctrl Pts',(5.107913017273,-1.4,270.754065406539));
#6282=CARTESIAN_POINT('Ctrl Pts',(5.25524555222785,-1.4,270.572923649869));
#6283=CARTESIAN_POINT('Ctrl Pts',(5.58147208290998,-1.4,270.171836090641));
#6284=CARTESIAN_POINT('Ctrl Pts',(5.77837931036947,-1.4,269.693028576133));
#6285=CARTESIAN_POINT('Ctrl Pts',(5.88635802268987,-1.4,269.430463206984));
#6286=CARTESIAN_POINT('',(5.88635802268987,-1.4,269.430463206984));
#6287=CARTESIAN_POINT('Ctrl Pts',(6.22278332710271,-1.4,267.674665343978));
#6288=CARTESIAN_POINT('Ctrl Pts',(6.22278332710271,-2.,267.674665343978));
#6289=CARTESIAN_POINT('Ctrl Pts',(6.20812961280435,-1.4,267.971689218852));
#6290=CARTESIAN_POINT('Ctrl Pts',(6.20812961280435,-2.,267.971689218852));
#6291=CARTESIAN_POINT('Ctrl Pts',(6.17848018731859,-1.4,268.572669084179));
#6292=CARTESIAN_POINT('Ctrl Pts',(6.17848018731859,-2.,268.572669084179));
#6293=CARTESIAN_POINT('Ctrl Pts',(5.98447799585244,-1.4,269.142341501411));
#6294=CARTESIAN_POINT('Ctrl Pts',(5.98447799585244,-2.,269.142341501411));
#6295=CARTESIAN_POINT('Ctrl Pts',(5.88635802268987,-1.4,269.430463206984));
#6296=CARTESIAN_POINT('Ctrl Pts',(5.88635802268987,-2.,269.430463206984));
#6297=CARTESIAN_POINT('',(6.22278332710271,-1.4,267.674665343978));
#6298=CARTESIAN_POINT('Ctrl Pts',(5.88635802268987,-1.4,269.430463206984));
#6299=CARTESIAN_POINT('Ctrl Pts',(5.98447799585244,-1.4,269.142341501411));
#6300=CARTESIAN_POINT('Ctrl Pts',(6.17848018731859,-1.4,268.572669084179));
#6301=CARTESIAN_POINT('Ctrl Pts',(6.20812961280435,-1.4,267.971689218852));
#6302=CARTESIAN_POINT('Ctrl Pts',(6.22278332710271,-1.4,267.674665343978));
#6303=CARTESIAN_POINT('',(6.22278332710271,-1.4,267.674665343978));
#6304=CARTESIAN_POINT('Ctrl Pts',(5.74884057044987,-1.4,265.70522536061));
#6305=CARTESIAN_POINT('Ctrl Pts',(5.74884057044987,-2.,265.70522536061));
#6306=CARTESIAN_POINT('Ctrl Pts',(5.88700868994573,-1.4,266.004469197038));
#6307=CARTESIAN_POINT('Ctrl Pts',(5.88700868994573,-2.,266.004469197038));
#6308=CARTESIAN_POINT('Ctrl Pts',(6.17529714181203,-1.4,266.628842913995));
#6309=CARTESIAN_POINT('Ctrl Pts',(6.17529714181203,-2.,266.628842913995));
#6310=CARTESIAN_POINT('Ctrl Pts',(6.20652306459166,-1.4,267.31655388172));
#6311=CARTESIAN_POINT('Ctrl Pts',(6.20652306459166,-2.,267.31655388172));
#6312=CARTESIAN_POINT('Ctrl Pts',(6.22278332710271,-1.4,267.674665343978));
#6313=CARTESIAN_POINT('Ctrl Pts',(6.22278332710271,-2.,267.674665343978));
#6314=CARTESIAN_POINT('',(5.74884057044987,-1.4,265.70522536061));
#6315=CARTESIAN_POINT('Ctrl Pts',(6.22278332710271,-1.4,267.674665343978));
#6316=CARTESIAN_POINT('Ctrl Pts',(6.20652306459166,-1.4,267.31655388172));
#6317=CARTESIAN_POINT('Ctrl Pts',(6.17529714181203,-1.4,266.628842913995));
#6318=CARTESIAN_POINT('Ctrl Pts',(5.88700868994573,-1.4,266.004469197038));
#6319=CARTESIAN_POINT('Ctrl Pts',(5.74884057044987,-1.4,265.70522536061));
#6320=CARTESIAN_POINT('',(5.74884057044987,-1.4,265.70522536061));
#6321=CARTESIAN_POINT('Ctrl Pts',(4.39331531524662,-1.4,264.443013560988));
#6322=CARTESIAN_POINT('Ctrl Pts',(4.39331531524662,-2.,264.443013560988));
#6323=CARTESIAN_POINT('Ctrl Pts',(4.66990067417987,-1.4,264.60068577808));
#6324=CARTESIAN_POINT('Ctrl Pts',(4.66990067417987,-2.,264.60068577808));
#6325=CARTESIAN_POINT('Ctrl Pts',(5.22106135407391,-1.4,264.91488435572));
#6326=CARTESIAN_POINT('Ctrl Pts',(5.22106135407391,-2.,264.91488435572));
#6327=CARTESIAN_POINT('Ctrl Pts',(5.57334241173711,-1.4,265.442419651689));
#6328=CARTESIAN_POINT('Ctrl Pts',(5.57334241173711,-2.,265.442419651689));
#6329=CARTESIAN_POINT('Ctrl Pts',(5.74884057044987,-1.4,265.70522536061));
#6330=CARTESIAN_POINT('Ctrl Pts',(5.74884057044987,-2.,265.70522536061));
#6331=CARTESIAN_POINT('',(4.39331531524662,-1.4,264.443013560988));
#6332=CARTESIAN_POINT('Ctrl Pts',(5.74884057044987,-1.4,265.70522536061));
#6333=CARTESIAN_POINT('Ctrl Pts',(5.57334241173711,-1.4,265.442419651689));
#6334=CARTESIAN_POINT('Ctrl Pts',(5.22106135407391,-1.4,264.91488435572));
#6335=CARTESIAN_POINT('Ctrl Pts',(4.66990067417987,-1.4,264.60068577808));
#6336=CARTESIAN_POINT('Ctrl Pts',(4.39331531524662,-1.4,264.443013560988));
#6337=CARTESIAN_POINT('',(4.39331531524662,-1.4,264.443013560988));
#6338=CARTESIAN_POINT('Ctrl Pts',(2.47544288635258,-1.4,264.020640742995));
#6339=CARTESIAN_POINT('Ctrl Pts',(2.47544288635258,-2.,264.020640742995));
#6340=CARTESIAN_POINT('Ctrl Pts',(2.81213005022199,-1.4,264.037149036109));
#6341=CARTESIAN_POINT('Ctrl Pts',(2.81213005022199,-2.,264.037149036109));
#6342=CARTESIAN_POINT('Ctrl Pts',(3.47545966959667,-1.4,264.069673114727));
#6343=CARTESIAN_POINT('Ctrl Pts',(3.47545966959667,-2.,264.069673114727));
#6344=CARTESIAN_POINT('Ctrl Pts',(4.09046776075289,-1.4,264.319829439738));
#6345=CARTESIAN_POINT('Ctrl Pts',(4.09046776075289,-2.,264.319829439738));
#6346=CARTESIAN_POINT('Ctrl Pts',(4.39331531524662,-1.4,264.443013560988));
#6347=CARTESIAN_POINT('Ctrl Pts',(4.39331531524662,-2.,264.443013560988));
#6348=CARTESIAN_POINT('',(2.47544288635258,-1.4,264.020640742995));
#6349=CARTESIAN_POINT('Ctrl Pts',(4.39331531524662,-1.4,264.443013560988));
#6350=CARTESIAN_POINT('Ctrl Pts',(4.09046776075289,-1.4,264.319829439738));
#6351=CARTESIAN_POINT('Ctrl Pts',(3.47545966959667,-1.4,264.069673114727));
#6352=CARTESIAN_POINT('Ctrl Pts',(2.81213005022199,-1.4,264.037149036109));
#6353=CARTESIAN_POINT('Ctrl Pts',(2.47544288635258,-1.4,264.020640742995));
#6354=CARTESIAN_POINT('',(2.47544288635258,-1.4,264.020640742995));
#6355=CARTESIAN_POINT('Ctrl Pts',(0.476534366607707,-1.4,264.492127788283));
#6356=CARTESIAN_POINT('Ctrl Pts',(0.476534366607707,-2.,264.492127788283));
#6357=CARTESIAN_POINT('Ctrl Pts',(0.784103633706433,-1.4,264.35465089323));
#6358=CARTESIAN_POINT('Ctrl Pts',(0.784103633706433,-2.,264.35465089323));
#6359=CARTESIAN_POINT('Ctrl Pts',(1.41989641027315,-1.4,264.070465097803));
#6360=CARTESIAN_POINT('Ctrl Pts',(1.41989641027315,-2.,264.070465097803));
#6361=CARTESIAN_POINT('Ctrl Pts',(2.11605562930692,-1.4,264.037604693531));
#6362=CARTESIAN_POINT('Ctrl Pts',(2.11605562930692,-2.,264.037604693531));
#6363=CARTESIAN_POINT('Ctrl Pts',(2.47544288635258,-1.4,264.020640742995));
#6364=CARTESIAN_POINT('Ctrl Pts',(2.47544288635258,-2.,264.020640742995));
#6365=CARTESIAN_POINT('',(0.476534366607707,-1.4,264.492127788283));
#6366=CARTESIAN_POINT('Ctrl Pts',(2.47544288635258,-1.4,264.020640742995));
#6367=CARTESIAN_POINT('Ctrl Pts',(2.11605562930692,-1.4,264.037604693531));
#6368=CARTESIAN_POINT('Ctrl Pts',(1.41989641027315,-1.4,264.070465097803));
#6369=CARTESIAN_POINT('Ctrl Pts',(0.784103633706433,-1.4,264.35465089323));
#6370=CARTESIAN_POINT('Ctrl Pts',(0.476534366607707,-1.4,264.492127788283));
#6371=CARTESIAN_POINT('',(0.476534366607707,-1.4,264.492127788283));
#6372=CARTESIAN_POINT('Ctrl Pts',(-0.86425662040706,-1.4,265.872208965041));
#6373=CARTESIAN_POINT('Ctrl Pts',(-0.86425662040706,-2.,265.872208965041));
#6374=CARTESIAN_POINT('Ctrl Pts',(-0.692850191285881,-1.4,265.588155341614));
#6375=CARTESIAN_POINT('Ctrl Pts',(-0.692850191285881,-2.,265.588155341614));
#6376=CARTESIAN_POINT('Ctrl Pts',(-0.352580843146433,-1.4,265.024263183216));
#6377=CARTESIAN_POINT('Ctrl Pts',(-0.352580843146433,-2.,265.024263183216));
#6378=CARTESIAN_POINT('Ctrl Pts',(0.201543320954424,-1.4,264.668620110412));
#6379=CARTESIAN_POINT('Ctrl Pts',(0.201543320954424,-2.,264.668620110412));
#6380=CARTESIAN_POINT('Ctrl Pts',(0.476534366607707,-1.4,264.492127788283));
#6381=CARTESIAN_POINT('Ctrl Pts',(0.476534366607707,-2.,264.492127788283));
#6382=CARTESIAN_POINT('',(-0.86425662040706,-1.4,265.872208965041));
#6383=CARTESIAN_POINT('Ctrl Pts',(0.476534366607707,-1.4,264.492127788283));
#6384=CARTESIAN_POINT('Ctrl Pts',(0.201543320954424,-1.4,264.668620110412));
#6385=CARTESIAN_POINT('Ctrl Pts',(-0.352580843146433,-1.4,265.024263183216));
#6386=CARTESIAN_POINT('Ctrl Pts',(-0.692850191285881,-1.4,265.588155341614));
#6387=CARTESIAN_POINT('Ctrl Pts',(-0.86425662040706,-1.4,265.872208965041));
#6388=CARTESIAN_POINT('',(-0.86425662040706,-1.4,265.872208965041));
#6389=CARTESIAN_POINT('Ctrl Pts',(-1.22278332710261,-1.4,267.596084964492));
#6390=CARTESIAN_POINT('Ctrl Pts',(-1.22278332710261,-2.,267.596084964492));
#6391=CARTESIAN_POINT('Ctrl Pts',(-1.21268118364436,-1.4,267.276239300428));
#6392=CARTESIAN_POINT('Ctrl Pts',(-1.21268118364436,-2.,267.276239300428));
#6393=CARTESIAN_POINT('Ctrl Pts',(-1.19384181742213,-1.4,266.679762956097));
#6394=CARTESIAN_POINT('Ctrl Pts',(-1.19384181742213,-2.,266.679762956097));
#6395=CARTESIAN_POINT('Ctrl Pts',(-0.968680676894577,-1.4,266.128070163731));
#6396=CARTESIAN_POINT('Ctrl Pts',(-0.968680676894577,-2.,266.128070163731));
#6397=CARTESIAN_POINT('Ctrl Pts',(-0.86425662040706,-1.4,265.872208965041));
#6398=CARTESIAN_POINT('Ctrl Pts',(-0.86425662040706,-2.,265.872208965041));
#6399=CARTESIAN_POINT('',(-1.22278332710261,-1.4,267.596084964492));
#6400=CARTESIAN_POINT('Ctrl Pts',(-0.86425662040706,-1.4,265.872208965041));
#6401=CARTESIAN_POINT('Ctrl Pts',(-0.968680676894577,-1.4,266.128070163731));
#6402=CARTESIAN_POINT('Ctrl Pts',(-1.19384181742213,-1.4,266.679762956097));
#6403=CARTESIAN_POINT('Ctrl Pts',(-1.21268118364436,-1.4,267.276239300428));
#6404=CARTESIAN_POINT('Ctrl Pts',(-1.22278332710261,-1.4,267.596084964492));
#6405=CARTESIAN_POINT('',(-1.22278332710261,-1.4,267.596084964492));
#6406=CARTESIAN_POINT('Ctrl Pts',(-0.660436749458261,-1.4,269.690763843276));
#6407=CARTESIAN_POINT('Ctrl Pts',(-0.660436749458261,-2.,269.690763843276));
#6408=CARTESIAN_POINT('Ctrl Pts',(-0.824071361399417,-1.4,269.397127175708));
#6409=CARTESIAN_POINT('Ctrl Pts',(-0.824071361399417,-2.,269.397127175708));
#6410=CARTESIAN_POINT('Ctrl Pts',(-1.18553901739105,-1.4,268.748485933615));
#6411=CARTESIAN_POINT('Ctrl Pts',(-1.18553901739105,-2.,268.748485933615));
#6412=CARTESIAN_POINT('Ctrl Pts',(-1.20960945629708,-1.4,268.00370646697));
#6413=CARTESIAN_POINT('Ctrl Pts',(-1.20960945629708,-2.,268.00370646697));
#6414=CARTESIAN_POINT('Ctrl Pts',(-1.22278332710261,-1.4,267.596084964492));
#6415=CARTESIAN_POINT('Ctrl Pts',(-1.22278332710261,-2.,267.596084964492));
#6416=CARTESIAN_POINT('',(-0.660436749458261,-1.4,269.690763843276));
#6417=CARTESIAN_POINT('Ctrl Pts',(-1.22278332710261,-1.4,267.596084964492));
#6418=CARTESIAN_POINT('Ctrl Pts',(-1.20960945629708,-1.4,268.00370646697));
#6419=CARTESIAN_POINT('Ctrl Pts',(-1.18553901739105,-1.4,268.748485933615));
#6420=CARTESIAN_POINT('Ctrl Pts',(-0.824071361399417,-1.4,269.397127175708));
#6421=CARTESIAN_POINT('Ctrl Pts',(-0.660436749458261,-1.4,269.690763843276));
#6422=CARTESIAN_POINT('',(-0.660436749458261,-1.4,269.690763843276));
#6423=CARTESIAN_POINT('Ctrl Pts',(0.893996953964287,-1.4,270.660750758864));
#6424=CARTESIAN_POINT('Ctrl Pts',(0.893996953964287,-2.,270.660750758864));
#6425=CARTESIAN_POINT('Ctrl Pts',(0.583282467013293,-1.4,270.569049864201));
#6426=CARTESIAN_POINT('Ctrl Pts',(0.583282467013293,-2.,270.569049864201));
#6427=CARTESIAN_POINT('Ctrl Pts',(-0.0253265360062738,-1.4,270.389431621664));
#6428=CARTESIAN_POINT('Ctrl Pts',(-0.0253265360062738,-2.,270.389431621664));
#6429=CARTESIAN_POINT('Ctrl Pts',(-0.451727300788055,-1.4,269.920359531934));
#6430=CARTESIAN_POINT('Ctrl Pts',(-0.451727300788055,-2.,269.920359531934));
#6431=CARTESIAN_POINT('Ctrl Pts',(-0.660436749458261,-1.4,269.690763843276));
#6432=CARTESIAN_POINT('Ctrl Pts',(-0.660436749458261,-2.,269.690763843276));
#6433=CARTESIAN_POINT('',(0.893996953964287,-1.4,270.660750758864));
#6434=CARTESIAN_POINT('Ctrl Pts',(-0.660436749458261,-1.4,269.690763843276));
#6435=CARTESIAN_POINT('Ctrl Pts',(-0.451727300788055,-1.4,269.920359531934));
#6436=CARTESIAN_POINT('Ctrl Pts',(-0.0253265360062738,-1.4,270.389431621664));
#6437=CARTESIAN_POINT('Ctrl Pts',(0.583282467013293,-1.4,270.569049864201));
#6438=CARTESIAN_POINT('Ctrl Pts',(0.893996953964287,-1.4,270.660750758864));
#6439=CARTESIAN_POINT('',(0.893996953964287,-1.4,270.660750758864));
#6440=CARTESIAN_POINT('Origin',(1.16411983966832,-1.4,269.216821086623));
#6441=CARTESIAN_POINT('',(1.16411983966832,-1.4,269.216821086623));
#6442=CARTESIAN_POINT('',(0.893996953964287,-1.4,270.660750758864));
#6443=CARTESIAN_POINT('',(1.16411983966832,-1.4,269.216821086623));
#6444=CARTESIAN_POINT('Ctrl Pts',(0.326738953590443,-1.4,268.644652259566));
#6445=CARTESIAN_POINT('Ctrl Pts',(0.326738953590443,-2.,268.644652259566));
#6446=CARTESIAN_POINT('Ctrl Pts',(0.439747573297349,-1.4,268.773861396974));
#6447=CARTESIAN_POINT('Ctrl Pts',(0.439747573297349,-2.,268.773861396974));
#6448=CARTESIAN_POINT('Ctrl Pts',(0.669450116493019,-1.4,269.036493287742));
#6449=CARTESIAN_POINT('Ctrl Pts',(0.669450116493019,-2.,269.036493287742));
#6450=CARTESIAN_POINT('Ctrl Pts',(0.997475672131205,-1.4,269.156072319273));
#6451=CARTESIAN_POINT('Ctrl Pts',(0.997475672131205,-2.,269.156072319273));
#6452=CARTESIAN_POINT('Ctrl Pts',(1.16411983966832,-1.4,269.216821086623));
#6453=CARTESIAN_POINT('Ctrl Pts',(1.16411983966832,-2.,269.216821086623));
#6454=CARTESIAN_POINT('',(0.326738953590443,-1.4,268.644652259566));
#6455=CARTESIAN_POINT('Ctrl Pts',(1.16411983966832,-1.4,269.216821086623));
#6456=CARTESIAN_POINT('Ctrl Pts',(0.997475672131205,-1.4,269.156072319273));
#6457=CARTESIAN_POINT('Ctrl Pts',(0.669450116493019,-1.4,269.036493287742));
#6458=CARTESIAN_POINT('Ctrl Pts',(0.439747573297349,-1.4,268.773861396974));
#6459=CARTESIAN_POINT('Ctrl Pts',(0.326738953590443,-1.4,268.644652259566));
#6460=CARTESIAN_POINT('',(0.326738953590443,-1.4,268.644652259566));
#6461=CARTESIAN_POINT('Ctrl Pts',(0.0197815895081044,-1.4,267.596084964492));
#6462=CARTESIAN_POINT('Ctrl Pts',(0.0197815895081044,-2.,267.596084964492));
#6463=CARTESIAN_POINT('Ctrl Pts',(0.0297592194534491,-1.4,267.792948185515));
#6464=CARTESIAN_POINT('Ctrl Pts',(0.0297592194534491,-2.,267.792948185515));
#6465=CARTESIAN_POINT('Ctrl Pts',(0.0487483523856502,-1.4,268.16761249898));
#6466=CARTESIAN_POINT('Ctrl Pts',(0.0487483523856502,-2.,268.16761249898));
#6467=CARTESIAN_POINT('Ctrl Pts',(0.237272659313541,-1.4,268.49112555968));
#6468=CARTESIAN_POINT('Ctrl Pts',(0.237272659313541,-2.,268.49112555968));
#6469=CARTESIAN_POINT('Ctrl Pts',(0.326738953590443,-1.4,268.644652259566));
#6470=CARTESIAN_POINT('Ctrl Pts',(0.326738953590443,-2.,268.644652259566));
#6471=CARTESIAN_POINT('',(0.0197815895081044,-1.4,267.596084964492));
#6472=CARTESIAN_POINT('Ctrl Pts',(0.326738953590443,-1.4,268.644652259566));
#6473=CARTESIAN_POINT('Ctrl Pts',(0.237272659313541,-1.4,268.49112555968));
#6474=CARTESIAN_POINT('Ctrl Pts',(0.0487483523856502,-1.4,268.16761249898));
#6475=CARTESIAN_POINT('Ctrl Pts',(0.0297592194534491,-1.4,267.792948185515));
#6476=CARTESIAN_POINT('Ctrl Pts',(0.0197815895081044,-1.4,267.596084964492));
#6477=CARTESIAN_POINT('',(0.0197815895081044,-1.4,267.596084964492));
#6478=CARTESIAN_POINT('Ctrl Pts',(0.623874068260237,-1.4,266.080942046859));
#6479=CARTESIAN_POINT('Ctrl Pts',(0.623874068260237,-2.,266.080942046859));
#6480=CARTESIAN_POINT('Ctrl Pts',(0.447760583017046,-1.4,266.290667546749));
#6481=CARTESIAN_POINT('Ctrl Pts',(0.447760583017046,-2.,266.290667546749));
#6482=CARTESIAN_POINT('Ctrl Pts',(0.0805943591388825,-1.4,266.727909020559));
#6483=CARTESIAN_POINT('Ctrl Pts',(0.0805943591388825,-2.,266.727909020559));
#6484=CARTESIAN_POINT('Ctrl Pts',(0.0405950103378649,-1.4,267.29894817258));
#6485=CARTESIAN_POINT('Ctrl Pts',(0.0405950103378649,-2.,267.29894817258));
#6486=CARTESIAN_POINT('Ctrl Pts',(0.0197815895081044,-1.4,267.596084964492));
#6487=CARTESIAN_POINT('Ctrl Pts',(0.0197815895081044,-2.,267.596084964492));
#6488=CARTESIAN_POINT('',(0.623874068260237,-1.4,266.080942046859));
#6489=CARTESIAN_POINT('Ctrl Pts',(0.0197815895081044,-1.4,267.596084964492));
#6490=CARTESIAN_POINT('Ctrl Pts',(0.0405950103378649,-1.4,267.29894817258));
#6491=CARTESIAN_POINT('Ctrl Pts',(0.0805943591388825,-1.4,266.727909020559));
#6492=CARTESIAN_POINT('Ctrl Pts',(0.447760583017046,-1.4,266.290667546749));
#6493=CARTESIAN_POINT('Ctrl Pts',(0.623874068260237,-1.4,266.080942046859));
#6494=CARTESIAN_POINT('',(0.623874068260237,-1.4,266.080942046859));
#6495=CARTESIAN_POINT('Ctrl Pts',(2.41650700569157,-1.4,265.518593681075));
#6496=CARTESIAN_POINT('Ctrl Pts',(2.41650700569157,-2.,265.518593681075));
#6497=CARTESIAN_POINT('Ctrl Pts',(2.05752440601138,-1.4,265.531092087991));
#6498=CARTESIAN_POINT('Ctrl Pts',(2.05752440601138,-2.,265.531092087991));
#6499=CARTESIAN_POINT('Ctrl Pts',(1.40482344835328,-1.4,265.55381664949));
#6500=CARTESIAN_POINT('Ctrl Pts',(1.40482344835328,-2.,265.55381664949));
#6501=CARTESIAN_POINT('Ctrl Pts',(0.866239334686192,-1.4,265.917350281976));
#6502=CARTESIAN_POINT('Ctrl Pts',(0.866239334686192,-2.,265.917350281976));
#6503=CARTESIAN_POINT('Ctrl Pts',(0.623874068260237,-1.4,266.080942046859));
#6504=CARTESIAN_POINT('Ctrl Pts',(0.623874068260237,-2.,266.080942046859));
#6505=CARTESIAN_POINT('',(2.41650700569157,-1.4,265.518593681075));
#6506=CARTESIAN_POINT('Ctrl Pts',(0.623874068260237,-1.4,266.080942046859));
#6507=CARTESIAN_POINT('Ctrl Pts',(0.866239334686192,-1.4,265.917350281976));
#6508=CARTESIAN_POINT('Ctrl Pts',(1.40482344835328,-1.4,265.55381664949));
#6509=CARTESIAN_POINT('Ctrl Pts',(2.05752440601138,-1.4,265.531092087991));
#6510=CARTESIAN_POINT('Ctrl Pts',(2.41650700569157,-1.4,265.518593681075));
#6511=CARTESIAN_POINT('',(2.41650700569157,-1.4,265.518593681075));
#6512=CARTESIAN_POINT('Ctrl Pts',(4.33929085731511,-1.4,266.088306796767));
#6513=CARTESIAN_POINT('Ctrl Pts',(4.33929085731511,-2.,266.088306796767));
#6514=CARTESIAN_POINT('Ctrl Pts',(4.07962999045505,-1.4,265.922651293302));
#6515=CARTESIAN_POINT('Ctrl Pts',(4.07962999045505,-2.,265.922651293302));
#6516=CARTESIAN_POINT('Ctrl Pts',(3.49663586565294,-1.4,265.550719294347));
#6517=CARTESIAN_POINT('Ctrl Pts',(3.49663586565294,-2.,265.550719294347));
#6518=CARTESIAN_POINT('Ctrl Pts',(2.8018441255203,-1.4,265.530054527785));
#6519=CARTESIAN_POINT('Ctrl Pts',(2.8018441255203,-2.,265.530054527785));
#6520=CARTESIAN_POINT('Ctrl Pts',(2.41650700569157,-1.4,265.518593681075));
#6521=CARTESIAN_POINT('Ctrl Pts',(2.41650700569157,-2.,265.518593681075));
#6522=CARTESIAN_POINT('',(4.33929085731511,-1.4,266.088306796767));
#6523=CARTESIAN_POINT('Ctrl Pts',(2.41650700569157,-1.4,265.518593681075));
#6524=CARTESIAN_POINT('Ctrl Pts',(2.8018441255203,-1.4,265.530054527785));
#6525=CARTESIAN_POINT('Ctrl Pts',(3.49663586565294,-1.4,265.550719294347));
#6526=CARTESIAN_POINT('Ctrl Pts',(4.07962999045505,-1.4,265.922651293302));
#6527=CARTESIAN_POINT('Ctrl Pts',(4.33929085731511,-1.4,266.088306796767));
#6528=CARTESIAN_POINT('',(4.33929085731511,-1.4,266.088306796767));
#6529=CARTESIAN_POINT('Ctrl Pts',(4.98021841049199,-1.4,267.581350696303));
#6530=CARTESIAN_POINT('Ctrl Pts',(4.98021841049199,-2.,267.581350696303));
#6531=CARTESIAN_POINT('Ctrl Pts',(4.95584340028094,-1.4,267.290414782444));
#6532=CARTESIAN_POINT('Ctrl Pts',(4.95584340028094,-2.,267.290414782444));
#6533=CARTESIAN_POINT('Ctrl Pts',(4.90810212615399,-1.4,266.720583176359));
#6534=CARTESIAN_POINT('Ctrl Pts',(4.90810212615399,-2.,266.720583176359));
#6535=CARTESIAN_POINT('Ctrl Pts',(4.5262048553503,-1.4,266.296075721975));
#6536=CARTESIAN_POINT('Ctrl Pts',(4.5262048553503,-2.,266.296075721975));
#6537=CARTESIAN_POINT('Ctrl Pts',(4.33929085731511,-1.4,266.088306796767));
#6538=CARTESIAN_POINT('Ctrl Pts',(4.33929085731511,-2.,266.088306796767));
#6539=CARTESIAN_POINT('',(4.98021841049199,-1.4,267.581350696303));
#6540=CARTESIAN_POINT('Ctrl Pts',(4.33929085731511,-1.4,266.088306796767));
#6541=CARTESIAN_POINT('Ctrl Pts',(4.5262048553503,-1.4,266.296075721975));
#6542=CARTESIAN_POINT('Ctrl Pts',(4.90810212615399,-1.4,266.720583176359));
#6543=CARTESIAN_POINT('Ctrl Pts',(4.95584340028094,-1.4,267.290414782444));
#6544=CARTESIAN_POINT('Ctrl Pts',(4.98021841049199,-1.4,267.581350696303));
#6545=CARTESIAN_POINT('',(4.98021841049199,-1.4,267.581350696303));
#6546=CARTESIAN_POINT('Ctrl Pts',(4.80095505714421,-1.4,268.497311961867));
#6547=CARTESIAN_POINT('Ctrl Pts',(4.80095505714421,-2.,268.497311961867));
#6548=CARTESIAN_POINT('Ctrl Pts',(4.85323452004839,-1.4,268.345893150424));
#6549=CARTESIAN_POINT('Ctrl Pts',(4.85323452004839,-2.,268.345893150424));
#6550=CARTESIAN_POINT('Ctrl Pts',(4.9557869455926,-1.4,268.048867023452));
#6551=CARTESIAN_POINT('Ctrl Pts',(4.9557869455926,-2.,268.048867023452));
#6552=CARTESIAN_POINT('Ctrl Pts',(4.97218151206352,-1.4,267.735143407891));
#6553=CARTESIAN_POINT('Ctrl Pts',(4.97218151206352,-2.,267.735143407891));
#6554=CARTESIAN_POINT('Ctrl Pts',(4.98021841049199,-1.4,267.581350696303));
#6555=CARTESIAN_POINT('Ctrl Pts',(4.98021841049199,-2.,267.581350696303));
#6556=CARTESIAN_POINT('',(4.80095505714421,-1.4,268.497311961867));
#6557=CARTESIAN_POINT('Ctrl Pts',(4.98021841049199,-1.4,267.581350696303));
#6558=CARTESIAN_POINT('Ctrl Pts',(4.97218151206352,-1.4,267.735143407891));
#6559=CARTESIAN_POINT('Ctrl Pts',(4.9557869455926,-1.4,268.048867023452));
#6560=CARTESIAN_POINT('Ctrl Pts',(4.85323452004839,-1.4,268.345893150424));
#6561=CARTESIAN_POINT('Ctrl Pts',(4.80095505714421,-1.4,268.497311961867));
#6562=CARTESIAN_POINT('',(4.80095505714421,-1.4,268.497311961867));
#6563=CARTESIAN_POINT('Ctrl Pts',(4.36630249023443,-1.4,269.285581004836));
#6564=CARTESIAN_POINT('Ctrl Pts',(4.36630249023443,-2.,269.285581004836));
#6565=CARTESIAN_POINT('Ctrl Pts',(4.44941953755505,-1.4,269.16745413489));
#6566=CARTESIAN_POINT('Ctrl Pts',(4.44941953755505,-2.,269.16745413489));
#6567=CARTESIAN_POINT('Ctrl Pts',(4.6230624527256,-1.4,268.920670897053));
#6568=CARTESIAN_POINT('Ctrl Pts',(4.6230624527256,-2.,268.920670897053));
#6569=CARTESIAN_POINT('Ctrl Pts',(4.73999447650729,-1.4,268.64238941796));
#6570=CARTESIAN_POINT('Ctrl Pts',(4.73999447650729,-2.,268.64238941796));
#6571=CARTESIAN_POINT('Ctrl Pts',(4.80095505714421,-1.4,268.497311961867));
#6572=CARTESIAN_POINT('Ctrl Pts',(4.80095505714421,-2.,268.497311961867));
#6573=CARTESIAN_POINT('',(4.36630249023443,-1.4,269.285581004836));
#6574=CARTESIAN_POINT('Ctrl Pts',(4.80095505714421,-1.4,268.497311961867));
#6575=CARTESIAN_POINT('Ctrl Pts',(4.73999447650729,-1.4,268.64238941796));
#6576=CARTESIAN_POINT('Ctrl Pts',(4.6230624527256,-1.4,268.920670897053));
#6577=CARTESIAN_POINT('Ctrl Pts',(4.44941953755505,-1.4,269.16745413489));
#6578=CARTESIAN_POINT('Ctrl Pts',(4.36630249023443,-1.4,269.285581004836));
#6579=CARTESIAN_POINT('',(4.36630249023443,-1.4,269.285581004836));
#6580=CARTESIAN_POINT('Origin',(3.45279693603521,-1.4,269.285581004836));
#6581=CARTESIAN_POINT('',(3.45279693603521,-1.4,269.285581004836));
#6582=CARTESIAN_POINT('',(4.36630249023443,-1.4,269.285581004836));
#6583=CARTESIAN_POINT('',(3.45279693603521,-1.4,269.285581004836));
#6584=CARTESIAN_POINT('Origin',(3.4527969360352,-1.4,267.620642078139));
#6585=CARTESIAN_POINT('',(3.4527969360352,-1.4,267.620642078139));
#6586=CARTESIAN_POINT('',(3.45279693603521,-1.4,269.285581004836));
#6587=CARTESIAN_POINT('',(3.4527969360352,-1.4,267.620642078139));
#6588=CARTESIAN_POINT('Origin',(2.23969936370854,-1.4,267.620642078139));
#6589=CARTESIAN_POINT('',(3.4527969360352,-1.4,267.620642078139));
#6590=CARTESIAN_POINT('Origin',(2.50000000000006,-1.4,266.18162591479));
#6591=CARTESIAN_POINT('Ctrl Pts',(5.65061450004585,-1.4,280.382716548659));
#6592=CARTESIAN_POINT('Ctrl Pts',(5.65061450004585,-2.,280.382716548659));
#6593=CARTESIAN_POINT('Ctrl Pts',(5.42260444751355,-1.4,280.619189972239));
#6594=CARTESIAN_POINT('Ctrl Pts',(5.42260444751355,-2.,280.619189972239));
#6595=CARTESIAN_POINT('Ctrl Pts',(4.93284321603507,-1.4,281.127130362841));
#6596=CARTESIAN_POINT('Ctrl Pts',(4.93284321603507,-2.,281.127130362841));
#6597=CARTESIAN_POINT('Ctrl Pts',(4.25956047577129,-1.4,281.344550541241));
#6598=CARTESIAN_POINT('Ctrl Pts',(4.25956047577129,-2.,281.344550541241));
#6599=CARTESIAN_POINT('Ctrl Pts',(3.89972686767586,-1.4,281.460749995925));
#6600=CARTESIAN_POINT('Ctrl Pts',(3.89972686767586,-2.,281.460749995925));
#6601=CARTESIAN_POINT('',(3.89972686767586,-1.4,281.460749995925));
#6602=CARTESIAN_POINT('',(5.65061450004585,-1.4,280.382716548659));
#6603=CARTESIAN_POINT('Ctrl Pts',(3.89972686767586,-1.4,281.460749995925));
#6604=CARTESIAN_POINT('Ctrl Pts',(4.25956047577129,-1.4,281.344550541241));
#6605=CARTESIAN_POINT('Ctrl Pts',(4.93284321603507,-1.4,281.127130362841));
#6606=CARTESIAN_POINT('Ctrl Pts',(5.42260444751355,-1.4,280.619189972239));
#6607=CARTESIAN_POINT('Ctrl Pts',(5.65061450004585,-1.4,280.382716548659));
#6608=CARTESIAN_POINT('',(5.65061450004585,-1.4,280.382716548659));
#6609=CARTESIAN_POINT('',(3.89972686767586,-1.4,281.460749995925));
#6610=CARTESIAN_POINT('Ctrl Pts',(6.22278332710273,-1.4,278.469755542495));
#6611=CARTESIAN_POINT('Ctrl Pts',(6.22278332710273,-2.,278.469755542495));
#6612=CARTESIAN_POINT('Ctrl Pts',(6.20460442667388,-1.4,278.831465914004));
#6613=CARTESIAN_POINT('Ctrl Pts',(6.20460442667388,-2.,278.831465914004));
#6614=CARTESIAN_POINT('Ctrl Pts',(6.17013014307198,-1.4,279.517409817925));
#6615=CARTESIAN_POINT('Ctrl Pts',(6.17013014307198,-2.,279.517409817925));
#6616=CARTESIAN_POINT('Ctrl Pts',(5.817361831775,-1.4,280.104981719277));
#6617=CARTESIAN_POINT('Ctrl Pts',(5.817361831775,-2.,280.104981719277));
#6618=CARTESIAN_POINT('Ctrl Pts',(5.65061450004585,-1.4,280.382716548659));
#6619=CARTESIAN_POINT('Ctrl Pts',(5.65061450004585,-2.,280.382716548659));
#6620=CARTESIAN_POINT('',(6.22278332710273,-1.4,278.469755542495));
#6621=CARTESIAN_POINT('Ctrl Pts',(5.65061450004585,-1.4,280.382716548659));
#6622=CARTESIAN_POINT('Ctrl Pts',(5.817361831775,-1.4,280.104981719277));
#6623=CARTESIAN_POINT('Ctrl Pts',(6.17013014307198,-1.4,279.517409817925));
#6624=CARTESIAN_POINT('Ctrl Pts',(6.20460442667388,-1.4,278.831465914004));
#6625=CARTESIAN_POINT('Ctrl Pts',(6.22278332710273,-1.4,278.469755542495));
#6626=CARTESIAN_POINT('',(6.22278332710273,-1.4,278.469755542495));
#6627=CARTESIAN_POINT('Ctrl Pts',(5.24297475814826,-1.4,276.112320316054));
#6628=CARTESIAN_POINT('Ctrl Pts',(5.24297475814826,-2.,276.112320316054));
#6629=CARTESIAN_POINT('Ctrl Pts',(5.52872641908048,-1.4,276.445518217919));
#6630=CARTESIAN_POINT('Ctrl Pts',(5.52872641908048,-2.,276.445518217919));
#6631=CARTESIAN_POINT('Ctrl Pts',(6.11064390389058,-1.4,277.124057353489));
#6632=CARTESIAN_POINT('Ctrl Pts',(6.11064390389058,-2.,277.124057353489));
#6633=CARTESIAN_POINT('Ctrl Pts',(6.18496019080551,-1.4,278.015869437504));
#6634=CARTESIAN_POINT('Ctrl Pts',(6.18496019080551,-2.,278.015869437504));
#6635=CARTESIAN_POINT('Ctrl Pts',(6.22278332710273,-1.4,278.469755542495));
#6636=CARTESIAN_POINT('Ctrl Pts',(6.22278332710273,-2.,278.469755542495));
#6637=CARTESIAN_POINT('',(5.24297475814826,-1.4,276.112320316054));
#6638=CARTESIAN_POINT('Ctrl Pts',(6.22278332710273,-1.4,278.469755542495));
#6639=CARTESIAN_POINT('Ctrl Pts',(6.18496019080551,-1.4,278.015869437504));
#6640=CARTESIAN_POINT('Ctrl Pts',(6.11064390389058,-1.4,277.124057353489));
#6641=CARTESIAN_POINT('Ctrl Pts',(5.52872641908048,-1.4,276.445518217919));
#6642=CARTESIAN_POINT('Ctrl Pts',(5.24297475814826,-1.4,276.112320316054));
#6643=CARTESIAN_POINT('',(5.24297475814826,-1.4,276.112320316054));
#6644=CARTESIAN_POINT('Ctrl Pts',(2.56384730339057,-1.4,275.188991916396));
#6645=CARTESIAN_POINT('Ctrl Pts',(2.56384730339057,-2.,275.188991916396));
#6646=CARTESIAN_POINT('Ctrl Pts',(3.08806149986697,-1.4,275.216517308894));
#6647=CARTESIAN_POINT('Ctrl Pts',(3.08806149986697,-2.,275.216517308894));
#6648=CARTESIAN_POINT('Ctrl Pts',(4.07299186645468,-1.4,275.268233945159));
#6649=CARTESIAN_POINT('Ctrl Pts',(4.07299186645468,-2.,275.268233945159));
#6650=CARTESIAN_POINT('Ctrl Pts',(4.87011042148431,-1.4,275.843316634885));
#6651=CARTESIAN_POINT('Ctrl Pts',(4.87011042148431,-2.,275.843316634885));
#6652=CARTESIAN_POINT('Ctrl Pts',(5.24297475814826,-1.4,276.112320316054));
#6653=CARTESIAN_POINT('Ctrl Pts',(5.24297475814826,-2.,276.112320316054));
#6654=CARTESIAN_POINT('',(2.56384730339057,-1.4,275.188991916396));
#6655=CARTESIAN_POINT('Ctrl Pts',(5.24297475814826,-1.4,276.112320316054));
#6656=CARTESIAN_POINT('Ctrl Pts',(4.87011042148431,-1.4,275.843316634885));
#6657=CARTESIAN_POINT('Ctrl Pts',(4.07299186645468,-1.4,275.268233945159));
#6658=CARTESIAN_POINT('Ctrl Pts',(3.08806149986697,-1.4,275.216517308894));
#6659=CARTESIAN_POINT('Ctrl Pts',(2.56384730339057,-1.4,275.188991916396));
#6660=CARTESIAN_POINT('',(2.56384730339057,-1.4,275.188991916396));
#6661=CARTESIAN_POINT('Ctrl Pts',(-0.228240489959652,-1.4,276.117231738784));
#6662=CARTESIAN_POINT('Ctrl Pts',(-0.228240489959652,-2.,276.117231738784));
#6663=CARTESIAN_POINT('Ctrl Pts',(0.156837258092825,-1.4,275.846920537286));
#6664=CARTESIAN_POINT('Ctrl Pts',(0.156837258092825,-2.,275.846920537286));
#6665=CARTESIAN_POINT('Ctrl Pts',(0.991109568265496,-1.4,275.261290358238));
#6666=CARTESIAN_POINT('Ctrl Pts',(0.991109568265496,-2.,275.261290358238));
#6667=CARTESIAN_POINT('Ctrl Pts',(2.01341218620103,-1.4,275.214295309593));
#6668=CARTESIAN_POINT('Ctrl Pts',(2.01341218620103,-2.,275.214295309593));
#6669=CARTESIAN_POINT('Ctrl Pts',(2.56384730339057,-1.4,275.188991916396));
#6670=CARTESIAN_POINT('Ctrl Pts',(2.56384730339057,-2.,275.188991916396));
#6671=CARTESIAN_POINT('',(-0.228240489959652,-1.4,276.117231738784));
#6672=CARTESIAN_POINT('Ctrl Pts',(2.56384730339057,-1.4,275.188991916396));
#6673=CARTESIAN_POINT('Ctrl Pts',(2.01341218620103,-1.4,275.214295309593));
#6674=CARTESIAN_POINT('Ctrl Pts',(0.991109568265496,-1.4,275.261290358238));
#6675=CARTESIAN_POINT('Ctrl Pts',(0.156837258092825,-1.4,275.846920537286));
#6676=CARTESIAN_POINT('Ctrl Pts',(-0.228240489959652,-1.4,276.117231738784));
#6677=CARTESIAN_POINT('',(-0.228240489959652,-1.4,276.117231738784));
#6678=CARTESIAN_POINT('Ctrl Pts',(-1.22278332710259,-1.4,278.558161151625));
#6679=CARTESIAN_POINT('Ctrl Pts',(-1.22278332710259,-2.,278.558161151625));
#6680=CARTESIAN_POINT('Ctrl Pts',(-1.1865608338252,-1.4,278.083270060607));
#6681=CARTESIAN_POINT('Ctrl Pts',(-1.1865608338252,-2.,278.083270060607));
#6682=CARTESIAN_POINT('Ctrl Pts',(-1.11623099092001,-1.4,277.16121824124));
#6683=CARTESIAN_POINT('Ctrl Pts',(-1.11623099092001,-2.,277.16121824124));
#6684=CARTESIAN_POINT('Ctrl Pts',(-0.518242564391608,-1.4,276.458179362732));
#6685=CARTESIAN_POINT('Ctrl Pts',(-0.518242564391608,-2.,276.458179362732));
#6686=CARTESIAN_POINT('Ctrl Pts',(-0.228240489959652,-1.4,276.117231738784));
#6687=CARTESIAN_POINT('Ctrl Pts',(-0.228240489959652,-2.,276.117231738784));
#6688=CARTESIAN_POINT('',(-1.22278332710259,-1.4,278.558161151625));
#6689=CARTESIAN_POINT('Ctrl Pts',(-0.228240489959652,-1.4,276.117231738784));
#6690=CARTESIAN_POINT('Ctrl Pts',(-0.518242564391608,-1.4,276.458179362732));
#6691=CARTESIAN_POINT('Ctrl Pts',(-1.11623099092001,-1.4,277.16121824124));
#6692=CARTESIAN_POINT('Ctrl Pts',(-1.1865608338252,-1.4,278.083270060607));
#6693=CARTESIAN_POINT('Ctrl Pts',(-1.22278332710259,-1.4,278.558161151625));
#6694=CARTESIAN_POINT('',(-1.22278332710259,-1.4,278.558161151625));
#6695=CARTESIAN_POINT('Ctrl Pts',(-0.441883206367419,-1.4,280.704409969069));
#6696=CARTESIAN_POINT('Ctrl Pts',(-0.441883206367419,-2.,280.704409969069));
#6697=CARTESIAN_POINT('Ctrl Pts',(-0.669535896669747,-1.4,280.400142816825));
#6698=CARTESIAN_POINT('Ctrl Pts',(-0.669535896669747,-2.,280.400142816825));
#6699=CARTESIAN_POINT('Ctrl Pts',(-1.14477853086659,-1.4,279.764961555667));
#6700=CARTESIAN_POINT('Ctrl Pts',(-1.14477853086659,-2.,279.764961555667));
#6701=CARTESIAN_POINT('Ctrl Pts',(-1.19606454918783,-1.4,278.971523323427));
#6702=CARTESIAN_POINT('Ctrl Pts',(-1.19606454918783,-2.,278.971523323427));
#6703=CARTESIAN_POINT('Ctrl Pts',(-1.22278332710259,-1.4,278.558161151625));
#6704=CARTESIAN_POINT('Ctrl Pts',(-1.22278332710259,-2.,278.558161151625));
#6705=CARTESIAN_POINT('',(-0.441883206367419,-1.4,280.704409969069));
#6706=CARTESIAN_POINT('Ctrl Pts',(-1.22278332710259,-1.4,278.558161151625));
#6707=CARTESIAN_POINT('Ctrl Pts',(-1.19606454918783,-1.4,278.971523323427));
#6708=CARTESIAN_POINT('Ctrl Pts',(-1.14477853086659,-1.4,279.764961555667));
#6709=CARTESIAN_POINT('Ctrl Pts',(-0.669535896669747,-1.4,280.400142816825));
#6710=CARTESIAN_POINT('Ctrl Pts',(-0.441883206367419,-1.4,280.704409969069));
#6711=CARTESIAN_POINT('',(-0.441883206367419,-1.4,280.704409969069));
#6712=CARTESIAN_POINT('Ctrl Pts',(0.884174108505325,-1.4,281.441104305007));
#6713=CARTESIAN_POINT('Ctrl Pts',(0.884174108505325,-2.,281.441104305007));
#6714=CARTESIAN_POINT('Ctrl Pts',(0.619771534796566,-1.4,281.356065000691));
#6715=CARTESIAN_POINT('Ctrl Pts',(0.619771534796566,-2.,281.356065000691));
#6716=CARTESIAN_POINT('Ctrl Pts',(0.128016893157615,-1.4,281.197902876805));
#6717=CARTESIAN_POINT('Ctrl Pts',(0.128016893157615,-2.,281.197902876805));
#6718=CARTESIAN_POINT('Ctrl Pts',(-0.261704153083003,-1.4,280.86043219997));
#6719=CARTESIAN_POINT('Ctrl Pts',(-0.261704153083003,-2.,280.86043219997));
#6720=CARTESIAN_POINT('Ctrl Pts',(-0.441883206367419,-1.4,280.704409969069));
#6721=CARTESIAN_POINT('Ctrl Pts',(-0.441883206367419,-2.,280.704409969069));
#6722=CARTESIAN_POINT('',(0.884174108505325,-1.4,281.441104305007));
#6723=CARTESIAN_POINT('Ctrl Pts',(-0.441883206367419,-1.4,280.704409969069));
#6724=CARTESIAN_POINT('Ctrl Pts',(-0.261704153083003,-1.4,280.86043219997));
#6725=CARTESIAN_POINT('Ctrl Pts',(0.128016893157615,-1.4,281.197902876805));
#6726=CARTESIAN_POINT('Ctrl Pts',(0.619771534796566,-1.4,281.356065000691));
#6727=CARTESIAN_POINT('Ctrl Pts',(0.884174108505325,-1.4,281.441104305007));
#6728=CARTESIAN_POINT('',(0.884174108505325,-1.4,281.441104305007));
#6729=CARTESIAN_POINT('Origin',(1.22796714305885,-1.4,280.002088439681));
#6730=CARTESIAN_POINT('',(1.22796714305885,-1.4,280.002088439681));
#6731=CARTESIAN_POINT('',(0.884174108505325,-1.4,281.441104305007));
#6732=CARTESIAN_POINT('',(1.22796714305885,-1.4,280.002088439681));
#6733=CARTESIAN_POINT('Ctrl Pts',(0.343928933143687,-1.4,279.46921099446));
#6734=CARTESIAN_POINT('Ctrl Pts',(0.343928933143687,-2.,279.46921099446));
#6735=CARTESIAN_POINT('Ctrl Pts',(0.464250186207659,-1.4,279.593247870335));
#6736=CARTESIAN_POINT('Ctrl Pts',(0.464250186207659,-2.,279.593247870335));
#6737=CARTESIAN_POINT('Ctrl Pts',(0.711716251195919,-1.4,279.848355898257));
#6738=CARTESIAN_POINT('Ctrl Pts',(0.711716251195919,-2.,279.848355898257));
#6739=CARTESIAN_POINT('Ctrl Pts',(1.0527489991207,-1.4,279.949910843485));
#6740=CARTESIAN_POINT('Ctrl Pts',(1.0527489991207,-2.,279.949910843485));
#6741=CARTESIAN_POINT('Ctrl Pts',(1.22796714305885,-1.4,280.002088439681));
#6742=CARTESIAN_POINT('Ctrl Pts',(1.22796714305885,-2.,280.002088439681));
#6743=CARTESIAN_POINT('',(0.343928933143687,-1.4,279.46921099446));
#6744=CARTESIAN_POINT('Ctrl Pts',(1.22796714305885,-1.4,280.002088439681));
#6745=CARTESIAN_POINT('Ctrl Pts',(1.0527489991207,-1.4,279.949910843485));
#6746=CARTESIAN_POINT('Ctrl Pts',(0.711716251195919,-1.4,279.848355898257));
#6747=CARTESIAN_POINT('Ctrl Pts',(0.464250186207659,-1.4,279.593247870335));
#6748=CARTESIAN_POINT('Ctrl Pts',(0.343928933143687,-1.4,279.46921099446));
#6749=CARTESIAN_POINT('',(0.343928933143687,-1.4,279.46921099446));
#6750=CARTESIAN_POINT('Ctrl Pts',(0.0197815895081255,-1.4,278.484489810683));
#6751=CARTESIAN_POINT('Ctrl Pts',(0.0197815895081255,-2.,278.484489810683));
#6752=CARTESIAN_POINT('Ctrl Pts',(0.031587750128963,-1.4,278.668232735993));
#6753=CARTESIAN_POINT('Ctrl Pts',(0.031587750128963,-2.,278.668232735993));
#6754=CARTESIAN_POINT('Ctrl Pts',(0.0545108367093528,-1.4,279.024991814638));
#6755=CARTESIAN_POINT('Ctrl Pts',(0.0545108367093528,-2.,279.024991814638));
#6756=CARTESIAN_POINT('Ctrl Pts',(0.249409592246257,-1.4,279.324136085157));
#6757=CARTESIAN_POINT('Ctrl Pts',(0.249409592246257,-2.,279.324136085157));
#6758=CARTESIAN_POINT('Ctrl Pts',(0.343928933143687,-1.4,279.46921099446));
#6759=CARTESIAN_POINT('Ctrl Pts',(0.343928933143687,-2.,279.46921099446));
#6760=CARTESIAN_POINT('',(0.0197815895081255,-1.4,278.484489810683));
#6761=CARTESIAN_POINT('Ctrl Pts',(0.343928933143687,-1.4,279.46921099446));
#6762=CARTESIAN_POINT('Ctrl Pts',(0.249409592246257,-1.4,279.324136085157));
#6763=CARTESIAN_POINT('Ctrl Pts',(0.0545108367093528,-1.4,279.024991814638));
#6764=CARTESIAN_POINT('Ctrl Pts',(0.031587750128963,-1.4,278.668232735993));
#6765=CARTESIAN_POINT('Ctrl Pts',(0.0197815895081255,-1.4,278.484489810683));
#6766=CARTESIAN_POINT('',(0.0197815895081255,-1.4,278.484489810683));
#6767=CARTESIAN_POINT('Ctrl Pts',(0.594406127929754,-1.4,277.185444724776));
#6768=CARTESIAN_POINT('Ctrl Pts',(0.594406127929754,-2.,277.185444724776));
#6769=CARTESIAN_POINT('Ctrl Pts',(0.426817427143427,-1.4,277.366099859734));
#6770=CARTESIAN_POINT('Ctrl Pts',(0.426817427143427,-2.,277.366099859734));
#6771=CARTESIAN_POINT('Ctrl Pts',(0.0866581723107218,-1.4,277.732780404429));
#6772=CARTESIAN_POINT('Ctrl Pts',(0.0866581723107218,-2.,277.732780404429));
#6773=CARTESIAN_POINT('Ctrl Pts',(0.0422903821453302,-1.4,278.231485389109));
#6774=CARTESIAN_POINT('Ctrl Pts',(0.0422903821453302,-2.,278.231485389109));
#6775=CARTESIAN_POINT('Ctrl Pts',(0.0197815895081255,-1.4,278.484489810683));
#6776=CARTESIAN_POINT('Ctrl Pts',(0.0197815895081255,-2.,278.484489810683));
#6777=CARTESIAN_POINT('',(0.594406127929754,-1.4,277.185444724776));
#6778=CARTESIAN_POINT('Ctrl Pts',(0.0197815895081255,-1.4,278.484489810683));
#6779=CARTESIAN_POINT('Ctrl Pts',(0.0422903821453302,-1.4,278.231485389109));
#6780=CARTESIAN_POINT('Ctrl Pts',(0.0866581723107218,-1.4,277.732780404429));
#6781=CARTESIAN_POINT('Ctrl Pts',(0.426817427143427,-1.4,277.366099859734));
#6782=CARTESIAN_POINT('Ctrl Pts',(0.594406127929754,-1.4,277.185444724776));
#6783=CARTESIAN_POINT('',(0.594406127929754,-1.4,277.185444724776));
#6784=CARTESIAN_POINT('Ctrl Pts',(2.45579838752753,-1.4,276.686944854476));
#6785=CARTESIAN_POINT('Ctrl Pts',(2.45579838752753,-2.,276.686944854476));
#6786=CARTESIAN_POINT('Ctrl Pts',(2.07581100339673,-1.4,276.693148678801));
#6787=CARTESIAN_POINT('Ctrl Pts',(2.07581100339673,-2.,276.693148678801));
#6788=CARTESIAN_POINT('Ctrl Pts',(1.40960043753918,-1.4,276.704025495997));
#6789=CARTESIAN_POINT('Ctrl Pts',(1.40960043753918,-2.,276.704025495997));
#6790=CARTESIAN_POINT('Ctrl Pts',(0.83938643192859,-1.4,277.040769734253));
#6791=CARTESIAN_POINT('Ctrl Pts',(0.83938643192859,-2.,277.040769734253));
#6792=CARTESIAN_POINT('Ctrl Pts',(0.594406127929754,-1.4,277.185444724776));
#6793=CARTESIAN_POINT('Ctrl Pts',(0.594406127929754,-2.,277.185444724776));
#6794=CARTESIAN_POINT('',(2.45579838752753,-1.4,276.686944854476));
#6795=CARTESIAN_POINT('Ctrl Pts',(0.594406127929754,-1.4,277.185444724776));
#6796=CARTESIAN_POINT('Ctrl Pts',(0.83938643192859,-1.4,277.040769734253));
#6797=CARTESIAN_POINT('Ctrl Pts',(1.40960043753918,-1.4,276.704025495997));
#6798=CARTESIAN_POINT('Ctrl Pts',(2.07581100339673,-1.4,276.693148678801));
#6799=CARTESIAN_POINT('Ctrl Pts',(2.45579838752753,-1.4,276.686944854476));
#6800=CARTESIAN_POINT('',(2.45579838752753,-1.4,276.686944854476));
#6801=CARTESIAN_POINT('Ctrl Pts',(4.40068244934089,-1.4,277.178077590682));
#6802=CARTESIAN_POINT('Ctrl Pts',(4.40068244934089,-2.,277.178077590682));
#6803=CARTESIAN_POINT('Ctrl Pts',(4.14752876745859,-1.4,277.035687082003));
#6804=CARTESIAN_POINT('Ctrl Pts',(4.14752876745859,-2.,277.035687082003));
#6805=CARTESIAN_POINT('Ctrl Pts',(3.54798840515647,-1.4,276.698465610339));
#6806=CARTESIAN_POINT('Ctrl Pts',(3.54798840515647,-2.,276.698465610339));
#6807=CARTESIAN_POINT('Ctrl Pts',(2.85574474438982,-1.4,276.691163611525));
#6808=CARTESIAN_POINT('Ctrl Pts',(2.85574474438982,-2.,276.691163611525));
#6809=CARTESIAN_POINT('Ctrl Pts',(2.45579838752753,-1.4,276.686944854476));
#6810=CARTESIAN_POINT('Ctrl Pts',(2.45579838752753,-2.,276.686944854476));
#6811=CARTESIAN_POINT('',(4.40068244934089,-1.4,277.178077590682));
#6812=CARTESIAN_POINT('Ctrl Pts',(2.45579838752753,-1.4,276.686944854476));
#6813=CARTESIAN_POINT('Ctrl Pts',(2.85574474438982,-1.4,276.691163611525));
#6814=CARTESIAN_POINT('Ctrl Pts',(3.54798840515647,-1.4,276.698465610339));
#6815=CARTESIAN_POINT('Ctrl Pts',(4.14752876745859,-1.4,277.035687082003));
#6816=CARTESIAN_POINT('Ctrl Pts',(4.40068244934089,-1.4,277.178077590682));
#6817=CARTESIAN_POINT('',(4.40068244934089,-1.4,277.178077590682));
#6818=CARTESIAN_POINT('Ctrl Pts',(4.98021841049201,-1.4,278.455021274306));
#6819=CARTESIAN_POINT('Ctrl Pts',(4.98021841049201,-2.,278.455021274306));
#6820=CARTESIAN_POINT('Ctrl Pts',(4.95702709249437,-1.4,278.206178981903));
#6821=CARTESIAN_POINT('Ctrl Pts',(4.95702709249437,-2.,278.206178981903));
#6822=CARTESIAN_POINT('Ctrl Pts',(4.91109262200015,-1.4,277.7133032023));
#6823=CARTESIAN_POINT('Ctrl Pts',(4.91109262200015,-2.,277.7133032023));
#6824=CARTESIAN_POINT('Ctrl Pts',(4.56970892240548,-1.4,277.355321897852));
#6825=CARTESIAN_POINT('Ctrl Pts',(4.56970892240548,-2.,277.355321897852));
#6826=CARTESIAN_POINT('Ctrl Pts',(4.40068244934089,-1.4,277.178077590682));
#6827=CARTESIAN_POINT('Ctrl Pts',(4.40068244934089,-2.,277.178077590682));
#6828=CARTESIAN_POINT('',(4.98021841049201,-1.4,278.455021274306));
#6829=CARTESIAN_POINT('Ctrl Pts',(4.40068244934089,-1.4,277.178077590682));
#6830=CARTESIAN_POINT('Ctrl Pts',(4.56970892240548,-1.4,277.355321897852));
#6831=CARTESIAN_POINT('Ctrl Pts',(4.91109262200015,-1.4,277.7133032023));
#6832=CARTESIAN_POINT('Ctrl Pts',(4.95702709249437,-1.4,278.206178981903));
#6833=CARTESIAN_POINT('Ctrl Pts',(4.98021841049201,-1.4,278.455021274306));
#6834=CARTESIAN_POINT('',(4.98021841049201,-1.4,278.455021274306));
#6835=CARTESIAN_POINT('Ctrl Pts',(4.61186885833747,-1.4,279.452021014907));
#6836=CARTESIAN_POINT('Ctrl Pts',(4.61186885833747,-2.,279.452021014907));
#6837=CARTESIAN_POINT('Ctrl Pts',(4.71930071599043,-1.4,279.305067194138));
#6838=CARTESIAN_POINT('Ctrl Pts',(4.71930071599043,-2.,279.305067194138));
#6839=CARTESIAN_POINT('Ctrl Pts',(4.93657084994407,-1.4,279.007867862199));
#6840=CARTESIAN_POINT('Ctrl Pts',(4.93657084994407,-2.,279.007867862199));
#6841=CARTESIAN_POINT('Ctrl Pts',(4.9655621905202,-1.4,278.64065916795));
#6842=CARTESIAN_POINT('Ctrl Pts',(4.9655621905202,-2.,278.64065916795));
#6843=CARTESIAN_POINT('Ctrl Pts',(4.98021841049201,-1.4,278.455021274306));
#6844=CARTESIAN_POINT('Ctrl Pts',(4.98021841049201,-2.,278.455021274306));
#6845=CARTESIAN_POINT('',(4.61186885833747,-1.4,279.452021014907));
#6846=CARTESIAN_POINT('Ctrl Pts',(4.98021841049201,-1.4,278.455021274306));
#6847=CARTESIAN_POINT('Ctrl Pts',(4.9655621905202,-1.4,278.64065916795));
#6848=CARTESIAN_POINT('Ctrl Pts',(4.93657084994407,-1.4,279.007867862199));
#6849=CARTESIAN_POINT('Ctrl Pts',(4.71930071599043,-1.4,279.305067194138));
#6850=CARTESIAN_POINT('Ctrl Pts',(4.61186885833747,-1.4,279.452021014907));
#6851=CARTESIAN_POINT('',(4.61186885833747,-1.4,279.452021014907));
#6852=CARTESIAN_POINT('Ctrl Pts',(3.45279693603523,-1.4,280.051202666976));
#6853=CARTESIAN_POINT('Ctrl Pts',(3.45279693603523,-2.,280.051202666976));
#6854=CARTESIAN_POINT('Ctrl Pts',(3.69088896814137,-1.4,279.989080121368));
#6855=CARTESIAN_POINT('Ctrl Pts',(3.69088896814137,-2.,279.989080121368));
#6856=CARTESIAN_POINT('Ctrl Pts',(4.12382867439183,-1.4,279.876118270402));
#6857=CARTESIAN_POINT('Ctrl Pts',(4.12382867439183,-2.,279.876118270402));
#6858=CARTESIAN_POINT('Ctrl Pts',(4.46039481202744,-1.4,279.583648961605));
#6859=CARTESIAN_POINT('Ctrl Pts',(4.46039481202744,-2.,279.583648961605));
#6860=CARTESIAN_POINT('Ctrl Pts',(4.61186885833747,-1.4,279.452021014907));
#6861=CARTESIAN_POINT('Ctrl Pts',(4.61186885833747,-2.,279.452021014907));
#6862=CARTESIAN_POINT('',(3.45279693603523,-1.4,280.051202666976));
#6863=CARTESIAN_POINT('Ctrl Pts',(4.61186885833747,-1.4,279.452021014907));
#6864=CARTESIAN_POINT('Ctrl Pts',(4.46039481202744,-1.4,279.583648961605));
#6865=CARTESIAN_POINT('Ctrl Pts',(4.12382867439183,-1.4,279.876118270402));
#6866=CARTESIAN_POINT('Ctrl Pts',(3.69088896814137,-1.4,279.989080121368));
#6867=CARTESIAN_POINT('Ctrl Pts',(3.45279693603523,-1.4,280.051202666976));
#6868=CARTESIAN_POINT('',(3.45279693603523,-1.4,280.051202666976));
#6869=CARTESIAN_POINT('Origin',(3.89972686767586,-1.4,281.460749995925));
#6870=CARTESIAN_POINT('',(3.45279693603523,-1.4,280.051202666976));
#6871=CARTESIAN_POINT('Origin',(2.50000000000006,-1.4,266.18162591479));
#6872=CARTESIAN_POINT('Origin',(2.79959082603461,-1.4,274.638924491622));
#6873=CARTESIAN_POINT('',(2.7995908260346,-1.4,271.927873981215));
#6874=CARTESIAN_POINT('',(2.79959082603461,-1.4,274.638924491622));
#6875=CARTESIAN_POINT('',(2.7995908260346,-1.4,271.927873981215));
#6876=CARTESIAN_POINT('',(2.79959082603461,-1.4,274.638924491622));
#6877=CARTESIAN_POINT('',(2.7995908260346,-1.4,271.927873981215));
#6878=CARTESIAN_POINT('Origin',(4.17967319488532,-1.4,274.638924491622));
#6879=CARTESIAN_POINT('',(4.17967319488532,-1.4,274.638924491622));
#6880=CARTESIAN_POINT('',(2.79959082603461,-1.4,274.638924491622));
#6881=CARTESIAN_POINT('',(4.17967319488532,-1.4,274.638924491622));
#6882=CARTESIAN_POINT('Origin',(4.17967319488531,-1.4,271.927873981215));
#6883=CARTESIAN_POINT('',(4.17967319488531,-1.4,271.927873981215));
#6884=CARTESIAN_POINT('',(4.17967319488532,-1.4,274.638924491622));
#6885=CARTESIAN_POINT('',(4.17967319488531,-1.4,271.927873981215));
#6886=CARTESIAN_POINT('Origin',(2.7995908260346,-1.4,271.927873981215));
#6887=CARTESIAN_POINT('',(4.17967319488531,-1.4,271.927873981215));
#6888=CARTESIAN_POINT('Origin',(2.50000000000006,-1.4,266.18162591479));
#6889=CARTESIAN_POINT('Origin',(-1.10000073909751,-1.4,287.653934848525));
#6890=CARTESIAN_POINT('',(-1.10000073909752,-1.4,282.718055141188));
#6891=CARTESIAN_POINT('',(-1.10000073909751,-1.4,287.653934848525));
#6892=CARTESIAN_POINT('',(-1.10000073909752,-1.4,282.718055141188));
#6893=CARTESIAN_POINT('',(-1.10000073909751,-1.4,287.653934848525));
#6894=CARTESIAN_POINT('',(-1.10000073909752,-1.4,282.718055141188));
#6895=CARTESIAN_POINT('Origin',(0.118007659912197,-1.4,287.653934848525));
#6896=CARTESIAN_POINT('',(0.118007659912197,-1.4,287.653934848525));
#6897=CARTESIAN_POINT('',(-1.10000073909751,-1.4,287.653934848525));
#6898=CARTESIAN_POINT('',(0.118007659912197,-1.4,287.653934848525));
#6899=CARTESIAN_POINT('Origin',(0.11800765991219,-1.4,284.171802890517));
#6900=CARTESIAN_POINT('',(0.11800765991219,-1.4,284.171802890517));
#6901=CARTESIAN_POINT('',(0.118007659912197,-1.4,287.653934848525));
#6902=CARTESIAN_POINT('',(0.11800765991219,-1.4,284.171802890517));
#6903=CARTESIAN_POINT('Origin',(1.82223677635201,-1.4,284.171802890517));
#6904=CARTESIAN_POINT('',(1.82223677635201,-1.4,284.171802890517));
#6905=CARTESIAN_POINT('',(0.11800765991219,-1.4,284.171802890517));
#6906=CARTESIAN_POINT('',(1.82223677635201,-1.4,284.171802890517));
#6907=CARTESIAN_POINT('Origin',(1.82223677635202,-1.4,287.177536380507));
#6908=CARTESIAN_POINT('',(1.82223677635202,-1.4,287.177536380507));
#6909=CARTESIAN_POINT('',(1.82223677635201,-1.4,284.171802890517));
#6910=CARTESIAN_POINT('',(1.82223677635202,-1.4,287.177536380507));
#6911=CARTESIAN_POINT('Origin',(3.04024577140817,-1.4,287.177536380507));
#6912=CARTESIAN_POINT('',(3.04024577140817,-1.4,287.177536380507));
#6913=CARTESIAN_POINT('',(1.82223677635202,-1.4,287.177536380507));
#6914=CARTESIAN_POINT('',(3.04024577140817,-1.4,287.177536380507));
#6915=CARTESIAN_POINT('Origin',(3.04024577140816,-1.4,284.171802890517));
#6916=CARTESIAN_POINT('',(3.04024577140816,-1.4,284.171802890517));
#6917=CARTESIAN_POINT('',(3.04024577140817,-1.4,287.177536380507));
#6918=CARTESIAN_POINT('',(3.04024577140816,-1.4,284.171802890517));
#6919=CARTESIAN_POINT('Origin',(6.10000014305123,-1.4,284.171802890517));
#6920=CARTESIAN_POINT('',(6.10000014305123,-1.4,284.171802890517));
#6921=CARTESIAN_POINT('',(3.04024577140816,-1.4,284.171802890517));
#6922=CARTESIAN_POINT('',(6.10000014305123,-1.4,284.171802890517));
#6923=CARTESIAN_POINT('Origin',(6.10000014305122,-1.4,282.718055141188));
#6924=CARTESIAN_POINT('',(6.10000014305123,-1.4,282.718055141188));
#6925=CARTESIAN_POINT('',(6.10000014305123,-1.4,284.171802890517));
#6926=CARTESIAN_POINT('',(6.10000014305123,-1.4,282.718055141188));
#6927=CARTESIAN_POINT('Origin',(-1.10000073909752,-1.4,282.718055141188));
#6928=CARTESIAN_POINT('',(6.10000014305123,-1.4,282.718055141188));
#6929=CARTESIAN_POINT('Origin',(2.50000000000006,-1.4,266.18162591479));
#6930=CARTESIAN_POINT('Origin',(-1.10000073909757,-1.4,256.756794345595));
#6931=CARTESIAN_POINT('',(-1.10000073909758,-1.4,251.418185126998));
#6932=CARTESIAN_POINT('',(-1.10000073909757,-1.4,256.756794345595));
#6933=CARTESIAN_POINT('',(-1.10000073909758,-1.4,251.418185126998));
#6934=CARTESIAN_POINT('',(-1.10000073909757,-1.4,256.756794345595));
#6935=CARTESIAN_POINT('',(-1.10000073909758,-1.4,251.418185126998));
#6936=CARTESIAN_POINT('Origin',(0.118007659912135,-1.4,256.756794345595));
#6937=CARTESIAN_POINT('',(0.118007659912135,-1.4,256.756794345595));
#6938=CARTESIAN_POINT('',(-1.10000073909757,-1.4,256.756794345595));
#6939=CARTESIAN_POINT('',(0.118007659912135,-1.4,256.756794345595));
#6940=CARTESIAN_POINT('Origin',(0.118007659912127,-1.4,252.871937644698));
#6941=CARTESIAN_POINT('',(0.118007659912127,-1.4,252.871937644698));
#6942=CARTESIAN_POINT('',(0.118007659912135,-1.4,256.756794345595));
#6943=CARTESIAN_POINT('',(0.118007659912127,-1.4,252.871937644698));
#6944=CARTESIAN_POINT('Origin',(1.71418786048891,-1.4,252.871937644698));
#6945=CARTESIAN_POINT('',(1.71418786048891,-1.4,252.871937644698));
#6946=CARTESIAN_POINT('',(0.118007659912127,-1.4,252.871937644698));
#6947=CARTESIAN_POINT('',(1.71418786048891,-1.4,252.871937644698));
#6948=CARTESIAN_POINT('Origin',(1.71418786048892,-1.4,256.486670863845));
#6949=CARTESIAN_POINT('',(1.71418786048892,-1.4,256.486670863845));
#6950=CARTESIAN_POINT('',(1.71418786048891,-1.4,252.871937644698));
#6951=CARTESIAN_POINT('',(1.71418786048892,-1.4,256.486670863845));
#6952=CARTESIAN_POINT('Origin',(2.92728483676913,-1.4,256.486670863845));
#6953=CARTESIAN_POINT('',(2.92728483676913,-1.4,256.486670863845));
#6954=CARTESIAN_POINT('',(1.71418786048892,-1.4,256.486670863845));
#6955=CARTESIAN_POINT('',(2.92728483676913,-1.4,256.486670863845));
#6956=CARTESIAN_POINT('Origin',(2.92728483676912,-1.4,252.871937644698));
#6957=CARTESIAN_POINT('',(2.92728483676912,-1.4,252.871937644698));
#6958=CARTESIAN_POINT('',(2.92728483676913,-1.4,256.486670863845));
#6959=CARTESIAN_POINT('',(2.92728483676912,-1.4,252.871937644698));
#6960=CARTESIAN_POINT('Origin',(4.8869037628174,-1.4,252.871937644698));
#6961=CARTESIAN_POINT('',(4.8869037628174,-1.4,252.871937644698));
#6962=CARTESIAN_POINT('',(2.92728483676912,-1.4,252.871937644698));
#6963=CARTESIAN_POINT('',(4.8869037628174,-1.4,252.871937644698));
#6964=CARTESIAN_POINT('Origin',(4.88690376281741,-1.4,256.894311797835));
#6965=CARTESIAN_POINT('',(4.88690376281741,-1.4,256.894311797835));
#6966=CARTESIAN_POINT('',(4.8869037628174,-1.4,252.871937644698));
#6967=CARTESIAN_POINT('',(4.88690376281741,-1.4,256.894311797835));
#6968=CARTESIAN_POINT('Origin',(6.10000014305117,-1.4,256.894311797835));
#6969=CARTESIAN_POINT('',(6.10000014305117,-1.4,256.894311797835));
#6970=CARTESIAN_POINT('',(4.88690376281741,-1.4,256.894311797835));
#6971=CARTESIAN_POINT('',(6.10000014305117,-1.4,256.894311797835));
#6972=CARTESIAN_POINT('Origin',(6.10000014305116,-1.4,251.418185126998));
#6973=CARTESIAN_POINT('',(6.10000014305116,-1.4,251.418185126998));
#6974=CARTESIAN_POINT('',(6.10000014305117,-1.4,256.894311797835));
#6975=CARTESIAN_POINT('',(6.10000014305116,-1.4,251.418185126998));
#6976=CARTESIAN_POINT('Origin',(-1.10000073909758,-1.4,251.418185126998));
#6977=CARTESIAN_POINT('',(6.10000014305116,-1.4,251.418185126998));
#6978=CARTESIAN_POINT('Origin',(2.50000000000006,-1.4,266.18162591479));
#6979=CARTESIAN_POINT('Origin',(2.50000000000006,-3.102272088454E-22,266.18162591479));
#6980=CARTESIAN_POINT('Origin',(2.50000000000006,-2.,266.18162591479));
#6981=CARTESIAN_POINT('Origin',(-1.10000073909757,-1.4,256.756794345595));
#6982=CARTESIAN_POINT('',(-1.10000073909758,-1.4,251.418185126998));
#6983=CARTESIAN_POINT('',(-1.10000073909757,-1.4,256.756794345595));
#6984=CARTESIAN_POINT('',(-1.10000073909758,-1.4,251.418185126998));
#6985=CARTESIAN_POINT('',(-1.10000073909758,-2.,251.418185126998));
#6986=CARTESIAN_POINT('',(-1.10000073909758,-1.4,251.418185126998));
#6987=CARTESIAN_POINT('',(-1.10000073909757,-2.,256.756794345595));
#6988=CARTESIAN_POINT('',(-1.10000073909758,-2.,251.418185126998));
#6989=CARTESIAN_POINT('',(-1.10000073909757,-1.4,256.756794345595));
#6990=CARTESIAN_POINT('Origin',(0.118007659912135,-1.4,256.756794345595));
#6991=CARTESIAN_POINT('',(0.118007659912135,-1.4,256.756794345595));
#6992=CARTESIAN_POINT('',(-1.10000073909757,-1.4,256.756794345595));
#6993=CARTESIAN_POINT('',(0.118007659912135,-2.,256.756794345595));
#6994=CARTESIAN_POINT('',(-1.10000073909757,-2.,256.756794345595));
#6995=CARTESIAN_POINT('',(0.118007659912135,-1.4,256.756794345595));
#6996=CARTESIAN_POINT('Origin',(0.118007659912127,-1.4,252.871937644698));
#6997=CARTESIAN_POINT('',(0.118007659912127,-1.4,252.871937644698));
#6998=CARTESIAN_POINT('',(0.118007659912135,-1.4,256.756794345595));
#6999=CARTESIAN_POINT('',(0.118007659912127,-2.,252.871937644698));
#7000=CARTESIAN_POINT('',(0.118007659912135,-2.,256.756794345595));
#7001=CARTESIAN_POINT('',(0.118007659912127,-1.4,252.871937644698));
#7002=CARTESIAN_POINT('Origin',(1.71418786048891,-1.4,252.871937644698));
#7003=CARTESIAN_POINT('',(1.71418786048891,-1.4,252.871937644698));
#7004=CARTESIAN_POINT('',(0.118007659912127,-1.4,252.871937644698));
#7005=CARTESIAN_POINT('',(1.71418786048891,-2.,252.871937644698));
#7006=CARTESIAN_POINT('',(0.118007659912127,-2.,252.871937644698));
#7007=CARTESIAN_POINT('',(1.71418786048891,-1.4,252.871937644698));
#7008=CARTESIAN_POINT('Origin',(1.71418786048892,-1.4,256.486670863845));
#7009=CARTESIAN_POINT('',(1.71418786048892,-1.4,256.486670863845));
#7010=CARTESIAN_POINT('',(1.71418786048891,-1.4,252.871937644698));
#7011=CARTESIAN_POINT('',(1.71418786048892,-2.,256.486670863845));
#7012=CARTESIAN_POINT('',(1.71418786048891,-2.,252.871937644698));
#7013=CARTESIAN_POINT('',(1.71418786048892,-1.4,256.486670863845));
#7014=CARTESIAN_POINT('Origin',(2.92728483676913,-1.4,256.486670863845));
#7015=CARTESIAN_POINT('',(2.92728483676913,-1.4,256.486670863845));
#7016=CARTESIAN_POINT('',(1.71418786048892,-1.4,256.486670863845));
#7017=CARTESIAN_POINT('',(2.92728483676913,-2.,256.486670863845));
#7018=CARTESIAN_POINT('',(1.71418786048892,-2.,256.486670863845));
#7019=CARTESIAN_POINT('',(2.92728483676913,-1.4,256.486670863845));
#7020=CARTESIAN_POINT('Origin',(2.92728483676912,-1.4,252.871937644698));
#7021=CARTESIAN_POINT('',(2.92728483676912,-1.4,252.871937644698));
#7022=CARTESIAN_POINT('',(2.92728483676913,-1.4,256.486670863845));
#7023=CARTESIAN_POINT('',(2.92728483676912,-2.,252.871937644698));
#7024=CARTESIAN_POINT('',(2.92728483676913,-2.,256.486670863845));
#7025=CARTESIAN_POINT('',(2.92728483676912,-1.4,252.871937644698));
#7026=CARTESIAN_POINT('Origin',(4.8869037628174,-1.4,252.871937644698));
#7027=CARTESIAN_POINT('',(4.8869037628174,-1.4,252.871937644698));
#7028=CARTESIAN_POINT('',(2.92728483676912,-1.4,252.871937644698));
#7029=CARTESIAN_POINT('',(4.8869037628174,-2.,252.871937644698));
#7030=CARTESIAN_POINT('',(2.92728483676912,-2.,252.871937644698));
#7031=CARTESIAN_POINT('',(4.8869037628174,-1.4,252.871937644698));
#7032=CARTESIAN_POINT('Origin',(4.88690376281741,-1.4,256.894311797835));
#7033=CARTESIAN_POINT('',(4.88690376281741,-1.4,256.894311797835));
#7034=CARTESIAN_POINT('',(4.8869037628174,-1.4,252.871937644698));
#7035=CARTESIAN_POINT('',(4.88690376281741,-2.,256.894311797835));
#7036=CARTESIAN_POINT('',(4.8869037628174,-2.,252.871937644698));
#7037=CARTESIAN_POINT('',(4.88690376281741,-1.4,256.894311797835));
#7038=CARTESIAN_POINT('Origin',(6.10000014305117,-1.4,256.894311797835));
#7039=CARTESIAN_POINT('',(6.10000014305117,-1.4,256.894311797835));
#7040=CARTESIAN_POINT('',(4.88690376281741,-1.4,256.894311797835));
#7041=CARTESIAN_POINT('',(6.10000014305117,-2.,256.894311797835));
#7042=CARTESIAN_POINT('',(4.88690376281741,-2.,256.894311797835));
#7043=CARTESIAN_POINT('',(6.10000014305117,-1.4,256.894311797835));
#7044=CARTESIAN_POINT('Origin',(6.10000014305116,-1.4,251.418185126998));
#7045=CARTESIAN_POINT('',(6.10000014305116,-1.4,251.418185126998));
#7046=CARTESIAN_POINT('',(6.10000014305117,-1.4,256.894311797835));
#7047=CARTESIAN_POINT('',(6.10000014305116,-2.,251.418185126998));
#7048=CARTESIAN_POINT('',(6.10000014305117,-2.,256.894311797835));
#7049=CARTESIAN_POINT('',(6.10000014305116,-1.4,251.418185126998));
#7050=CARTESIAN_POINT('Origin',(-1.10000073909758,-1.4,251.418185126998));
#7051=CARTESIAN_POINT('',(6.10000014305116,-1.4,251.418185126998));
#7052=CARTESIAN_POINT('',(6.10000014305116,-2.,251.418185126998));
#7053=CARTESIAN_POINT('Origin',(2.50000000000006,-1.4,266.18162591479));
#7054=CARTESIAN_POINT('Origin',(2.50000000000006,-2.,266.18162591479));
#7055=CARTESIAN_POINT('Origin',(-1.10000073909751,-1.4,287.653934848525));
#7056=CARTESIAN_POINT('',(-1.10000073909752,-1.4,282.718055141188));
#7057=CARTESIAN_POINT('',(-1.10000073909751,-1.4,287.653934848525));
#7058=CARTESIAN_POINT('',(-1.10000073909752,-1.4,282.718055141188));
#7059=CARTESIAN_POINT('',(-1.10000073909752,-2.,282.718055141188));
#7060=CARTESIAN_POINT('',(-1.10000073909752,-1.4,282.718055141188));
#7061=CARTESIAN_POINT('',(-1.10000073909751,-2.,287.653934848525));
#7062=CARTESIAN_POINT('',(-1.10000073909752,-2.,282.718055141188));
#7063=CARTESIAN_POINT('',(-1.10000073909751,-1.4,287.653934848525));
#7064=CARTESIAN_POINT('Origin',(0.118007659912197,-1.4,287.653934848525));
#7065=CARTESIAN_POINT('',(0.118007659912197,-1.4,287.653934848525));
#7066=CARTESIAN_POINT('',(-1.10000073909751,-1.4,287.653934848525));
#7067=CARTESIAN_POINT('',(0.118007659912197,-2.,287.653934848525));
#7068=CARTESIAN_POINT('',(-1.10000073909751,-2.,287.653934848525));
#7069=CARTESIAN_POINT('',(0.118007659912197,-1.4,287.653934848525));
#7070=CARTESIAN_POINT('Origin',(0.11800765991219,-1.4,284.171802890517));
#7071=CARTESIAN_POINT('',(0.11800765991219,-1.4,284.171802890517));
#7072=CARTESIAN_POINT('',(0.118007659912197,-1.4,287.653934848525));
#7073=CARTESIAN_POINT('',(0.11800765991219,-2.,284.171802890517));
#7074=CARTESIAN_POINT('',(0.118007659912197,-2.,287.653934848525));
#7075=CARTESIAN_POINT('',(0.11800765991219,-1.4,284.171802890517));
#7076=CARTESIAN_POINT('Origin',(1.82223677635201,-1.4,284.171802890517));
#7077=CARTESIAN_POINT('',(1.82223677635201,-1.4,284.171802890517));
#7078=CARTESIAN_POINT('',(0.11800765991219,-1.4,284.171802890517));
#7079=CARTESIAN_POINT('',(1.82223677635201,-2.,284.171802890517));
#7080=CARTESIAN_POINT('',(0.11800765991219,-2.,284.171802890517));
#7081=CARTESIAN_POINT('',(1.82223677635201,-1.4,284.171802890517));
#7082=CARTESIAN_POINT('Origin',(1.82223677635202,-1.4,287.177536380507));
#7083=CARTESIAN_POINT('',(1.82223677635202,-1.4,287.177536380507));
#7084=CARTESIAN_POINT('',(1.82223677635201,-1.4,284.171802890517));
#7085=CARTESIAN_POINT('',(1.82223677635202,-2.,287.177536380507));
#7086=CARTESIAN_POINT('',(1.82223677635201,-2.,284.171802890517));
#7087=CARTESIAN_POINT('',(1.82223677635202,-1.4,287.177536380507));
#7088=CARTESIAN_POINT('Origin',(3.04024577140817,-1.4,287.177536380507));
#7089=CARTESIAN_POINT('',(3.04024577140817,-1.4,287.177536380507));
#7090=CARTESIAN_POINT('',(1.82223677635202,-1.4,287.177536380507));
#7091=CARTESIAN_POINT('',(3.04024577140817,-2.,287.177536380507));
#7092=CARTESIAN_POINT('',(1.82223677635202,-2.,287.177536380507));
#7093=CARTESIAN_POINT('',(3.04024577140817,-1.4,287.177536380507));
#7094=CARTESIAN_POINT('Origin',(3.04024577140816,-1.4,284.171802890517));
#7095=CARTESIAN_POINT('',(3.04024577140816,-1.4,284.171802890517));
#7096=CARTESIAN_POINT('',(3.04024577140817,-1.4,287.177536380507));
#7097=CARTESIAN_POINT('',(3.04024577140816,-2.,284.171802890517));
#7098=CARTESIAN_POINT('',(3.04024577140817,-2.,287.177536380507));
#7099=CARTESIAN_POINT('',(3.04024577140816,-1.4,284.171802890517));
#7100=CARTESIAN_POINT('Origin',(6.10000014305123,-1.4,284.171802890517));
#7101=CARTESIAN_POINT('',(6.10000014305123,-1.4,284.171802890517));
#7102=CARTESIAN_POINT('',(3.04024577140816,-1.4,284.171802890517));
#7103=CARTESIAN_POINT('',(6.10000014305123,-2.,284.171802890517));
#7104=CARTESIAN_POINT('',(3.04024577140816,-2.,284.171802890517));
#7105=CARTESIAN_POINT('',(6.10000014305123,-1.4,284.171802890517));
#7106=CARTESIAN_POINT('Origin',(6.10000014305122,-1.4,282.718055141188));
#7107=CARTESIAN_POINT('',(6.10000014305123,-1.4,282.718055141188));
#7108=CARTESIAN_POINT('',(6.10000014305123,-1.4,284.171802890517));
#7109=CARTESIAN_POINT('',(6.10000014305123,-2.,282.718055141188));
#7110=CARTESIAN_POINT('',(6.10000014305123,-2.,284.171802890517));
#7111=CARTESIAN_POINT('',(6.10000014305123,-1.4,282.718055141188));
#7112=CARTESIAN_POINT('Origin',(-1.10000073909752,-1.4,282.718055141188));
#7113=CARTESIAN_POINT('',(6.10000014305123,-1.4,282.718055141188));
#7114=CARTESIAN_POINT('',(6.10000014305123,-2.,282.718055141188));
#7115=CARTESIAN_POINT('Origin',(2.50000000000006,-1.4,266.18162591479));
#7116=CARTESIAN_POINT('Origin',(2.50000000000006,-2.,266.18162591479));
#7117=CARTESIAN_POINT('Origin',(2.79959082603461,-1.4,274.638924491622));
#7118=CARTESIAN_POINT('',(2.7995908260346,-1.4,271.927873981215));
#7119=CARTESIAN_POINT('',(2.79959082603461,-1.4,274.638924491622));
#7120=CARTESIAN_POINT('',(2.7995908260346,-1.4,271.927873981215));
#7121=CARTESIAN_POINT('',(2.7995908260346,-2.,271.927873981215));
#7122=CARTESIAN_POINT('',(2.7995908260346,-1.4,271.927873981215));
#7123=CARTESIAN_POINT('',(2.79959082603461,-2.,274.638924491622));
#7124=CARTESIAN_POINT('',(2.7995908260346,-2.,271.927873981215));
#7125=CARTESIAN_POINT('',(2.79959082603461,-1.4,274.638924491622));
#7126=CARTESIAN_POINT('Origin',(4.17967319488532,-1.4,274.638924491622));
#7127=CARTESIAN_POINT('',(4.17967319488532,-1.4,274.638924491622));
#7128=CARTESIAN_POINT('',(2.79959082603461,-1.4,274.638924491622));
#7129=CARTESIAN_POINT('',(4.17967319488532,-2.,274.638924491622));
#7130=CARTESIAN_POINT('',(2.79959082603461,-2.,274.638924491622));
#7131=CARTESIAN_POINT('',(4.17967319488532,-1.4,274.638924491622));
#7132=CARTESIAN_POINT('Origin',(4.17967319488531,-1.4,271.927873981215));
#7133=CARTESIAN_POINT('',(4.17967319488531,-1.4,271.927873981215));
#7134=CARTESIAN_POINT('',(4.17967319488532,-1.4,274.638924491622));
#7135=CARTESIAN_POINT('',(4.17967319488531,-2.,271.927873981215));
#7136=CARTESIAN_POINT('',(4.17967319488532,-2.,274.638924491622));
#7137=CARTESIAN_POINT('',(4.17967319488531,-1.4,271.927873981215));
#7138=CARTESIAN_POINT('Origin',(2.7995908260346,-1.4,271.927873981215));
#7139=CARTESIAN_POINT('',(4.17967319488531,-1.4,271.927873981215));
#7140=CARTESIAN_POINT('',(4.17967319488531,-2.,271.927873981215));
#7141=CARTESIAN_POINT('Origin',(2.50000000000006,-1.4,266.18162591479));
#7142=CARTESIAN_POINT('Origin',(2.50000000000006,-2.,266.18162591479));
#7143=CARTESIAN_POINT('Ctrl Pts',(5.65061450004585,-1.4,280.382716548659));
#7144=CARTESIAN_POINT('Ctrl Pts',(5.65061450004585,-2.,280.382716548659));
#7145=CARTESIAN_POINT('Ctrl Pts',(5.42260444751355,-1.4,280.619189972239));
#7146=CARTESIAN_POINT('Ctrl Pts',(5.42260444751355,-2.,280.619189972239));
#7147=CARTESIAN_POINT('Ctrl Pts',(4.93284321603507,-1.4,281.127130362841));
#7148=CARTESIAN_POINT('Ctrl Pts',(4.93284321603507,-2.,281.127130362841));
#7149=CARTESIAN_POINT('Ctrl Pts',(4.25956047577129,-1.4,281.344550541241));
#7150=CARTESIAN_POINT('Ctrl Pts',(4.25956047577129,-2.,281.344550541241));
#7151=CARTESIAN_POINT('Ctrl Pts',(3.89972686767586,-1.4,281.460749995925));
#7152=CARTESIAN_POINT('Ctrl Pts',(3.89972686767586,-2.,281.460749995925));
#7153=CARTESIAN_POINT('',(3.89972686767586,-1.4,281.460749995925));
#7154=CARTESIAN_POINT('',(5.65061450004585,-1.4,280.382716548659));
#7155=CARTESIAN_POINT('Ctrl Pts',(3.89972686767586,-1.4,281.460749995925));
#7156=CARTESIAN_POINT('Ctrl Pts',(4.25956047577129,-1.4,281.344550541241));
#7157=CARTESIAN_POINT('Ctrl Pts',(4.93284321603507,-1.4,281.127130362841));
#7158=CARTESIAN_POINT('Ctrl Pts',(5.42260444751355,-1.4,280.619189972239));
#7159=CARTESIAN_POINT('Ctrl Pts',(5.65061450004585,-1.4,280.382716548659));
#7160=CARTESIAN_POINT('',(3.89972686767586,-2.,281.460749995925));
#7161=CARTESIAN_POINT('',(3.89972686767586,-1.4,281.460749995925));
#7162=CARTESIAN_POINT('',(5.65061450004585,-2.,280.382716548659));
#7163=CARTESIAN_POINT('Ctrl Pts',(5.65061450004585,-2.,280.382716548659));
#7164=CARTESIAN_POINT('Ctrl Pts',(5.42260444751355,-2.,280.619189972239));
#7165=CARTESIAN_POINT('Ctrl Pts',(4.93284321603507,-2.,281.127130362841));
#7166=CARTESIAN_POINT('Ctrl Pts',(4.25956047577129,-2.,281.344550541241));
#7167=CARTESIAN_POINT('Ctrl Pts',(3.89972686767586,-2.,281.460749995925));
#7168=CARTESIAN_POINT('',(5.65061450004585,-1.4,280.382716548659));
#7169=CARTESIAN_POINT('Ctrl Pts',(6.22278332710273,-1.4,278.469755542495));
#7170=CARTESIAN_POINT('Ctrl Pts',(6.22278332710273,-2.,278.469755542495));
#7171=CARTESIAN_POINT('Ctrl Pts',(6.20460442667388,-1.4,278.831465914004));
#7172=CARTESIAN_POINT('Ctrl Pts',(6.20460442667388,-2.,278.831465914004));
#7173=CARTESIAN_POINT('Ctrl Pts',(6.17013014307198,-1.4,279.517409817925));
#7174=CARTESIAN_POINT('Ctrl Pts',(6.17013014307198,-2.,279.517409817925));
#7175=CARTESIAN_POINT('Ctrl Pts',(5.817361831775,-1.4,280.104981719277));
#7176=CARTESIAN_POINT('Ctrl Pts',(5.817361831775,-2.,280.104981719277));
#7177=CARTESIAN_POINT('Ctrl Pts',(5.65061450004585,-1.4,280.382716548659));
#7178=CARTESIAN_POINT('Ctrl Pts',(5.65061450004585,-2.,280.382716548659));
#7179=CARTESIAN_POINT('',(6.22278332710273,-1.4,278.469755542495));
#7180=CARTESIAN_POINT('Ctrl Pts',(5.65061450004585,-1.4,280.382716548659));
#7181=CARTESIAN_POINT('Ctrl Pts',(5.817361831775,-1.4,280.104981719277));
#7182=CARTESIAN_POINT('Ctrl Pts',(6.17013014307198,-1.4,279.517409817925));
#7183=CARTESIAN_POINT('Ctrl Pts',(6.20460442667388,-1.4,278.831465914004));
#7184=CARTESIAN_POINT('Ctrl Pts',(6.22278332710273,-1.4,278.469755542495));
#7185=CARTESIAN_POINT('',(6.22278332710273,-2.,278.469755542495));
#7186=CARTESIAN_POINT('Ctrl Pts',(6.22278332710273,-2.,278.469755542495));
#7187=CARTESIAN_POINT('Ctrl Pts',(6.20460442667388,-2.,278.831465914004));
#7188=CARTESIAN_POINT('Ctrl Pts',(6.17013014307198,-2.,279.517409817925));
#7189=CARTESIAN_POINT('Ctrl Pts',(5.817361831775,-2.,280.104981719277));
#7190=CARTESIAN_POINT('Ctrl Pts',(5.65061450004585,-2.,280.382716548659));
#7191=CARTESIAN_POINT('',(6.22278332710273,-1.4,278.469755542495));
#7192=CARTESIAN_POINT('Ctrl Pts',(5.24297475814826,-1.4,276.112320316054));
#7193=CARTESIAN_POINT('Ctrl Pts',(5.24297475814826,-2.,276.112320316054));
#7194=CARTESIAN_POINT('Ctrl Pts',(5.52872641908048,-1.4,276.445518217919));
#7195=CARTESIAN_POINT('Ctrl Pts',(5.52872641908048,-2.,276.445518217919));
#7196=CARTESIAN_POINT('Ctrl Pts',(6.11064390389058,-1.4,277.124057353489));
#7197=CARTESIAN_POINT('Ctrl Pts',(6.11064390389058,-2.,277.124057353489));
#7198=CARTESIAN_POINT('Ctrl Pts',(6.18496019080551,-1.4,278.015869437504));
#7199=CARTESIAN_POINT('Ctrl Pts',(6.18496019080551,-2.,278.015869437504));
#7200=CARTESIAN_POINT('Ctrl Pts',(6.22278332710273,-1.4,278.469755542495));
#7201=CARTESIAN_POINT('Ctrl Pts',(6.22278332710273,-2.,278.469755542495));
#7202=CARTESIAN_POINT('',(5.24297475814826,-1.4,276.112320316054));
#7203=CARTESIAN_POINT('Ctrl Pts',(6.22278332710273,-1.4,278.469755542495));
#7204=CARTESIAN_POINT('Ctrl Pts',(6.18496019080551,-1.4,278.015869437504));
#7205=CARTESIAN_POINT('Ctrl Pts',(6.11064390389058,-1.4,277.124057353489));
#7206=CARTESIAN_POINT('Ctrl Pts',(5.52872641908048,-1.4,276.445518217919));
#7207=CARTESIAN_POINT('Ctrl Pts',(5.24297475814826,-1.4,276.112320316054));
#7208=CARTESIAN_POINT('',(5.24297475814826,-2.,276.112320316054));
#7209=CARTESIAN_POINT('Ctrl Pts',(5.24297475814826,-2.,276.112320316054));
#7210=CARTESIAN_POINT('Ctrl Pts',(5.52872641908048,-2.,276.445518217919));
#7211=CARTESIAN_POINT('Ctrl Pts',(6.11064390389058,-2.,277.124057353489));
#7212=CARTESIAN_POINT('Ctrl Pts',(6.18496019080551,-2.,278.015869437504));
#7213=CARTESIAN_POINT('Ctrl Pts',(6.22278332710273,-2.,278.469755542495));
#7214=CARTESIAN_POINT('',(5.24297475814826,-1.4,276.112320316054));
#7215=CARTESIAN_POINT('Ctrl Pts',(2.56384730339057,-1.4,275.188991916396));
#7216=CARTESIAN_POINT('Ctrl Pts',(2.56384730339057,-2.,275.188991916396));
#7217=CARTESIAN_POINT('Ctrl Pts',(3.08806149986697,-1.4,275.216517308894));
#7218=CARTESIAN_POINT('Ctrl Pts',(3.08806149986697,-2.,275.216517308894));
#7219=CARTESIAN_POINT('Ctrl Pts',(4.07299186645468,-1.4,275.268233945159));
#7220=CARTESIAN_POINT('Ctrl Pts',(4.07299186645468,-2.,275.268233945159));
#7221=CARTESIAN_POINT('Ctrl Pts',(4.87011042148431,-1.4,275.843316634885));
#7222=CARTESIAN_POINT('Ctrl Pts',(4.87011042148431,-2.,275.843316634885));
#7223=CARTESIAN_POINT('Ctrl Pts',(5.24297475814826,-1.4,276.112320316054));
#7224=CARTESIAN_POINT('Ctrl Pts',(5.24297475814826,-2.,276.112320316054));
#7225=CARTESIAN_POINT('',(2.56384730339057,-1.4,275.188991916396));
#7226=CARTESIAN_POINT('Ctrl Pts',(5.24297475814826,-1.4,276.112320316054));
#7227=CARTESIAN_POINT('Ctrl Pts',(4.87011042148431,-1.4,275.843316634885));
#7228=CARTESIAN_POINT('Ctrl Pts',(4.07299186645468,-1.4,275.268233945159));
#7229=CARTESIAN_POINT('Ctrl Pts',(3.08806149986697,-1.4,275.216517308894));
#7230=CARTESIAN_POINT('Ctrl Pts',(2.56384730339057,-1.4,275.188991916396));
#7231=CARTESIAN_POINT('',(2.56384730339057,-2.,275.188991916396));
#7232=CARTESIAN_POINT('Ctrl Pts',(2.56384730339057,-2.,275.188991916396));
#7233=CARTESIAN_POINT('Ctrl Pts',(3.08806149986697,-2.,275.216517308894));
#7234=CARTESIAN_POINT('Ctrl Pts',(4.07299186645468,-2.,275.268233945159));
#7235=CARTESIAN_POINT('Ctrl Pts',(4.87011042148431,-2.,275.843316634885));
#7236=CARTESIAN_POINT('Ctrl Pts',(5.24297475814826,-2.,276.112320316054));
#7237=CARTESIAN_POINT('',(2.56384730339057,-1.4,275.188991916396));
#7238=CARTESIAN_POINT('Ctrl Pts',(-0.228240489959652,-1.4,276.117231738784));
#7239=CARTESIAN_POINT('Ctrl Pts',(-0.228240489959652,-2.,276.117231738784));
#7240=CARTESIAN_POINT('Ctrl Pts',(0.156837258092825,-1.4,275.846920537286));
#7241=CARTESIAN_POINT('Ctrl Pts',(0.156837258092825,-2.,275.846920537286));
#7242=CARTESIAN_POINT('Ctrl Pts',(0.991109568265496,-1.4,275.261290358238));
#7243=CARTESIAN_POINT('Ctrl Pts',(0.991109568265496,-2.,275.261290358238));
#7244=CARTESIAN_POINT('Ctrl Pts',(2.01341218620103,-1.4,275.214295309593));
#7245=CARTESIAN_POINT('Ctrl Pts',(2.01341218620103,-2.,275.214295309593));
#7246=CARTESIAN_POINT('Ctrl Pts',(2.56384730339057,-1.4,275.188991916396));
#7247=CARTESIAN_POINT('Ctrl Pts',(2.56384730339057,-2.,275.188991916396));
#7248=CARTESIAN_POINT('',(-0.228240489959652,-1.4,276.117231738784));
#7249=CARTESIAN_POINT('Ctrl Pts',(2.56384730339057,-1.4,275.188991916396));
#7250=CARTESIAN_POINT('Ctrl Pts',(2.01341218620103,-1.4,275.214295309593));
#7251=CARTESIAN_POINT('Ctrl Pts',(0.991109568265496,-1.4,275.261290358238));
#7252=CARTESIAN_POINT('Ctrl Pts',(0.156837258092825,-1.4,275.846920537286));
#7253=CARTESIAN_POINT('Ctrl Pts',(-0.228240489959652,-1.4,276.117231738784));
#7254=CARTESIAN_POINT('',(-0.228240489959652,-2.,276.117231738784));
#7255=CARTESIAN_POINT('Ctrl Pts',(-0.228240489959652,-2.,276.117231738784));
#7256=CARTESIAN_POINT('Ctrl Pts',(0.156837258092825,-2.,275.846920537286));
#7257=CARTESIAN_POINT('Ctrl Pts',(0.991109568265496,-2.,275.261290358238));
#7258=CARTESIAN_POINT('Ctrl Pts',(2.01341218620103,-2.,275.214295309593));
#7259=CARTESIAN_POINT('Ctrl Pts',(2.56384730339057,-2.,275.188991916396));
#7260=CARTESIAN_POINT('',(-0.228240489959652,-1.4,276.117231738784));
#7261=CARTESIAN_POINT('Ctrl Pts',(-1.22278332710259,-1.4,278.558161151625));
#7262=CARTESIAN_POINT('Ctrl Pts',(-1.22278332710259,-2.,278.558161151625));
#7263=CARTESIAN_POINT('Ctrl Pts',(-1.1865608338252,-1.4,278.083270060607));
#7264=CARTESIAN_POINT('Ctrl Pts',(-1.1865608338252,-2.,278.083270060607));
#7265=CARTESIAN_POINT('Ctrl Pts',(-1.11623099092001,-1.4,277.16121824124));
#7266=CARTESIAN_POINT('Ctrl Pts',(-1.11623099092001,-2.,277.16121824124));
#7267=CARTESIAN_POINT('Ctrl Pts',(-0.518242564391608,-1.4,276.458179362732));
#7268=CARTESIAN_POINT('Ctrl Pts',(-0.518242564391608,-2.,276.458179362732));
#7269=CARTESIAN_POINT('Ctrl Pts',(-0.228240489959652,-1.4,276.117231738784));
#7270=CARTESIAN_POINT('Ctrl Pts',(-0.228240489959652,-2.,276.117231738784));
#7271=CARTESIAN_POINT('',(-1.22278332710259,-1.4,278.558161151625));
#7272=CARTESIAN_POINT('Ctrl Pts',(-0.228240489959652,-1.4,276.117231738784));
#7273=CARTESIAN_POINT('Ctrl Pts',(-0.518242564391608,-1.4,276.458179362732));
#7274=CARTESIAN_POINT('Ctrl Pts',(-1.11623099092001,-1.4,277.16121824124));
#7275=CARTESIAN_POINT('Ctrl Pts',(-1.1865608338252,-1.4,278.083270060607));
#7276=CARTESIAN_POINT('Ctrl Pts',(-1.22278332710259,-1.4,278.558161151625));
#7277=CARTESIAN_POINT('',(-1.22278332710259,-2.,278.558161151625));
#7278=CARTESIAN_POINT('Ctrl Pts',(-1.22278332710259,-2.,278.558161151625));
#7279=CARTESIAN_POINT('Ctrl Pts',(-1.1865608338252,-2.,278.083270060607));
#7280=CARTESIAN_POINT('Ctrl Pts',(-1.11623099092001,-2.,277.16121824124));
#7281=CARTESIAN_POINT('Ctrl Pts',(-0.518242564391608,-2.,276.458179362732));
#7282=CARTESIAN_POINT('Ctrl Pts',(-0.228240489959652,-2.,276.117231738784));
#7283=CARTESIAN_POINT('',(-1.22278332710259,-1.4,278.558161151625));
#7284=CARTESIAN_POINT('Ctrl Pts',(-0.441883206367419,-1.4,280.704409969069));
#7285=CARTESIAN_POINT('Ctrl Pts',(-0.441883206367419,-2.,280.704409969069));
#7286=CARTESIAN_POINT('Ctrl Pts',(-0.669535896669747,-1.4,280.400142816825));
#7287=CARTESIAN_POINT('Ctrl Pts',(-0.669535896669747,-2.,280.400142816825));
#7288=CARTESIAN_POINT('Ctrl Pts',(-1.14477853086659,-1.4,279.764961555667));
#7289=CARTESIAN_POINT('Ctrl Pts',(-1.14477853086659,-2.,279.764961555667));
#7290=CARTESIAN_POINT('Ctrl Pts',(-1.19606454918783,-1.4,278.971523323427));
#7291=CARTESIAN_POINT('Ctrl Pts',(-1.19606454918783,-2.,278.971523323427));
#7292=CARTESIAN_POINT('Ctrl Pts',(-1.22278332710259,-1.4,278.558161151625));
#7293=CARTESIAN_POINT('Ctrl Pts',(-1.22278332710259,-2.,278.558161151625));
#7294=CARTESIAN_POINT('',(-0.441883206367419,-1.4,280.704409969069));
#7295=CARTESIAN_POINT('Ctrl Pts',(-1.22278332710259,-1.4,278.558161151625));
#7296=CARTESIAN_POINT('Ctrl Pts',(-1.19606454918783,-1.4,278.971523323427));
#7297=CARTESIAN_POINT('Ctrl Pts',(-1.14477853086659,-1.4,279.764961555667));
#7298=CARTESIAN_POINT('Ctrl Pts',(-0.669535896669747,-1.4,280.400142816825));
#7299=CARTESIAN_POINT('Ctrl Pts',(-0.441883206367419,-1.4,280.704409969069));
#7300=CARTESIAN_POINT('',(-0.441883206367419,-2.,280.704409969069));
#7301=CARTESIAN_POINT('Ctrl Pts',(-0.441883206367419,-2.,280.704409969069));
#7302=CARTESIAN_POINT('Ctrl Pts',(-0.669535896669747,-2.,280.400142816825));
#7303=CARTESIAN_POINT('Ctrl Pts',(-1.14477853086659,-2.,279.764961555667));
#7304=CARTESIAN_POINT('Ctrl Pts',(-1.19606454918783,-2.,278.971523323427));
#7305=CARTESIAN_POINT('Ctrl Pts',(-1.22278332710259,-2.,278.558161151625));
#7306=CARTESIAN_POINT('',(-0.441883206367419,-1.4,280.704409969069));
#7307=CARTESIAN_POINT('Ctrl Pts',(0.884174108505325,-1.4,281.441104305007));
#7308=CARTESIAN_POINT('Ctrl Pts',(0.884174108505325,-2.,281.441104305007));
#7309=CARTESIAN_POINT('Ctrl Pts',(0.619771534796566,-1.4,281.356065000691));
#7310=CARTESIAN_POINT('Ctrl Pts',(0.619771534796566,-2.,281.356065000691));
#7311=CARTESIAN_POINT('Ctrl Pts',(0.128016893157615,-1.4,281.197902876805));
#7312=CARTESIAN_POINT('Ctrl Pts',(0.128016893157615,-2.,281.197902876805));
#7313=CARTESIAN_POINT('Ctrl Pts',(-0.261704153083003,-1.4,280.86043219997));
#7314=CARTESIAN_POINT('Ctrl Pts',(-0.261704153083003,-2.,280.86043219997));
#7315=CARTESIAN_POINT('Ctrl Pts',(-0.441883206367419,-1.4,280.704409969069));
#7316=CARTESIAN_POINT('Ctrl Pts',(-0.441883206367419,-2.,280.704409969069));
#7317=CARTESIAN_POINT('',(0.884174108505325,-1.4,281.441104305007));
#7318=CARTESIAN_POINT('Ctrl Pts',(-0.441883206367419,-1.4,280.704409969069));
#7319=CARTESIAN_POINT('Ctrl Pts',(-0.261704153083003,-1.4,280.86043219997));
#7320=CARTESIAN_POINT('Ctrl Pts',(0.128016893157615,-1.4,281.197902876805));
#7321=CARTESIAN_POINT('Ctrl Pts',(0.619771534796566,-1.4,281.356065000691));
#7322=CARTESIAN_POINT('Ctrl Pts',(0.884174108505325,-1.4,281.441104305007));
#7323=CARTESIAN_POINT('',(0.884174108505325,-2.,281.441104305007));
#7324=CARTESIAN_POINT('Ctrl Pts',(0.884174108505325,-2.,281.441104305007));
#7325=CARTESIAN_POINT('Ctrl Pts',(0.619771534796566,-2.,281.356065000691));
#7326=CARTESIAN_POINT('Ctrl Pts',(0.128016893157615,-2.,281.197902876805));
#7327=CARTESIAN_POINT('Ctrl Pts',(-0.261704153083003,-2.,280.86043219997));
#7328=CARTESIAN_POINT('Ctrl Pts',(-0.441883206367419,-2.,280.704409969069));
#7329=CARTESIAN_POINT('',(0.884174108505325,-1.4,281.441104305007));
#7330=CARTESIAN_POINT('Origin',(1.22796714305885,-1.4,280.002088439681));
#7331=CARTESIAN_POINT('',(1.22796714305885,-1.4,280.002088439681));
#7332=CARTESIAN_POINT('',(0.884174108505325,-1.4,281.441104305007));
#7333=CARTESIAN_POINT('',(1.22796714305885,-2.,280.002088439681));
#7334=CARTESIAN_POINT('',(0.884174108505325,-2.,281.441104305007));
#7335=CARTESIAN_POINT('',(1.22796714305885,-1.4,280.002088439681));
#7336=CARTESIAN_POINT('Ctrl Pts',(0.343928933143687,-1.4,279.46921099446));
#7337=CARTESIAN_POINT('Ctrl Pts',(0.343928933143687,-2.,279.46921099446));
#7338=CARTESIAN_POINT('Ctrl Pts',(0.464250186207659,-1.4,279.593247870335));
#7339=CARTESIAN_POINT('Ctrl Pts',(0.464250186207659,-2.,279.593247870335));
#7340=CARTESIAN_POINT('Ctrl Pts',(0.711716251195919,-1.4,279.848355898257));
#7341=CARTESIAN_POINT('Ctrl Pts',(0.711716251195919,-2.,279.848355898257));
#7342=CARTESIAN_POINT('Ctrl Pts',(1.0527489991207,-1.4,279.949910843485));
#7343=CARTESIAN_POINT('Ctrl Pts',(1.0527489991207,-2.,279.949910843485));
#7344=CARTESIAN_POINT('Ctrl Pts',(1.22796714305885,-1.4,280.002088439681));
#7345=CARTESIAN_POINT('Ctrl Pts',(1.22796714305885,-2.,280.002088439681));
#7346=CARTESIAN_POINT('',(0.343928933143687,-1.4,279.46921099446));
#7347=CARTESIAN_POINT('Ctrl Pts',(1.22796714305885,-1.4,280.002088439681));
#7348=CARTESIAN_POINT('Ctrl Pts',(1.0527489991207,-1.4,279.949910843485));
#7349=CARTESIAN_POINT('Ctrl Pts',(0.711716251195919,-1.4,279.848355898257));
#7350=CARTESIAN_POINT('Ctrl Pts',(0.464250186207659,-1.4,279.593247870335));
#7351=CARTESIAN_POINT('Ctrl Pts',(0.343928933143687,-1.4,279.46921099446));
#7352=CARTESIAN_POINT('',(0.343928933143687,-2.,279.46921099446));
#7353=CARTESIAN_POINT('Ctrl Pts',(0.343928933143687,-2.,279.46921099446));
#7354=CARTESIAN_POINT('Ctrl Pts',(0.464250186207659,-2.,279.593247870335));
#7355=CARTESIAN_POINT('Ctrl Pts',(0.711716251195919,-2.,279.848355898257));
#7356=CARTESIAN_POINT('Ctrl Pts',(1.0527489991207,-2.,279.949910843485));
#7357=CARTESIAN_POINT('Ctrl Pts',(1.22796714305885,-2.,280.002088439681));
#7358=CARTESIAN_POINT('',(0.343928933143687,-1.4,279.46921099446));
#7359=CARTESIAN_POINT('Ctrl Pts',(0.0197815895081255,-1.4,278.484489810683));
#7360=CARTESIAN_POINT('Ctrl Pts',(0.0197815895081255,-2.,278.484489810683));
#7361=CARTESIAN_POINT('Ctrl Pts',(0.031587750128963,-1.4,278.668232735993));
#7362=CARTESIAN_POINT('Ctrl Pts',(0.031587750128963,-2.,278.668232735993));
#7363=CARTESIAN_POINT('Ctrl Pts',(0.0545108367093528,-1.4,279.024991814638));
#7364=CARTESIAN_POINT('Ctrl Pts',(0.0545108367093528,-2.,279.024991814638));
#7365=CARTESIAN_POINT('Ctrl Pts',(0.249409592246257,-1.4,279.324136085157));
#7366=CARTESIAN_POINT('Ctrl Pts',(0.249409592246257,-2.,279.324136085157));
#7367=CARTESIAN_POINT('Ctrl Pts',(0.343928933143687,-1.4,279.46921099446));
#7368=CARTESIAN_POINT('Ctrl Pts',(0.343928933143687,-2.,279.46921099446));
#7369=CARTESIAN_POINT('',(0.0197815895081255,-1.4,278.484489810683));
#7370=CARTESIAN_POINT('Ctrl Pts',(0.343928933143687,-1.4,279.46921099446));
#7371=CARTESIAN_POINT('Ctrl Pts',(0.249409592246257,-1.4,279.324136085157));
#7372=CARTESIAN_POINT('Ctrl Pts',(0.0545108367093528,-1.4,279.024991814638));
#7373=CARTESIAN_POINT('Ctrl Pts',(0.031587750128963,-1.4,278.668232735993));
#7374=CARTESIAN_POINT('Ctrl Pts',(0.0197815895081255,-1.4,278.484489810683));
#7375=CARTESIAN_POINT('',(0.0197815895081255,-2.,278.484489810683));
#7376=CARTESIAN_POINT('Ctrl Pts',(0.0197815895081255,-2.,278.484489810683));
#7377=CARTESIAN_POINT('Ctrl Pts',(0.031587750128963,-2.,278.668232735993));
#7378=CARTESIAN_POINT('Ctrl Pts',(0.0545108367093528,-2.,279.024991814638));
#7379=CARTESIAN_POINT('Ctrl Pts',(0.249409592246257,-2.,279.324136085157));
#7380=CARTESIAN_POINT('Ctrl Pts',(0.343928933143687,-2.,279.46921099446));
#7381=CARTESIAN_POINT('',(0.0197815895081255,-1.4,278.484489810683));
#7382=CARTESIAN_POINT('Ctrl Pts',(0.594406127929754,-1.4,277.185444724776));
#7383=CARTESIAN_POINT('Ctrl Pts',(0.594406127929754,-2.,277.185444724776));
#7384=CARTESIAN_POINT('Ctrl Pts',(0.426817427143427,-1.4,277.366099859734));
#7385=CARTESIAN_POINT('Ctrl Pts',(0.426817427143427,-2.,277.366099859734));
#7386=CARTESIAN_POINT('Ctrl Pts',(0.0866581723107218,-1.4,277.732780404429));
#7387=CARTESIAN_POINT('Ctrl Pts',(0.0866581723107218,-2.,277.732780404429));
#7388=CARTESIAN_POINT('Ctrl Pts',(0.0422903821453302,-1.4,278.231485389109));
#7389=CARTESIAN_POINT('Ctrl Pts',(0.0422903821453302,-2.,278.231485389109));
#7390=CARTESIAN_POINT('Ctrl Pts',(0.0197815895081255,-1.4,278.484489810683));
#7391=CARTESIAN_POINT('Ctrl Pts',(0.0197815895081255,-2.,278.484489810683));
#7392=CARTESIAN_POINT('',(0.594406127929754,-1.4,277.185444724776));
#7393=CARTESIAN_POINT('Ctrl Pts',(0.0197815895081255,-1.4,278.484489810683));
#7394=CARTESIAN_POINT('Ctrl Pts',(0.0422903821453302,-1.4,278.231485389109));
#7395=CARTESIAN_POINT('Ctrl Pts',(0.0866581723107218,-1.4,277.732780404429));
#7396=CARTESIAN_POINT('Ctrl Pts',(0.426817427143427,-1.4,277.366099859734));
#7397=CARTESIAN_POINT('Ctrl Pts',(0.594406127929754,-1.4,277.185444724776));
#7398=CARTESIAN_POINT('',(0.594406127929754,-2.,277.185444724776));
#7399=CARTESIAN_POINT('Ctrl Pts',(0.594406127929754,-2.,277.185444724776));
#7400=CARTESIAN_POINT('Ctrl Pts',(0.426817427143427,-2.,277.366099859734));
#7401=CARTESIAN_POINT('Ctrl Pts',(0.0866581723107218,-2.,277.732780404429));
#7402=CARTESIAN_POINT('Ctrl Pts',(0.0422903821453302,-2.,278.231485389109));
#7403=CARTESIAN_POINT('Ctrl Pts',(0.0197815895081255,-2.,278.484489810683));
#7404=CARTESIAN_POINT('',(0.594406127929754,-1.4,277.185444724776));
#7405=CARTESIAN_POINT('Ctrl Pts',(2.45579838752753,-1.4,276.686944854476));
#7406=CARTESIAN_POINT('Ctrl Pts',(2.45579838752753,-2.,276.686944854476));
#7407=CARTESIAN_POINT('Ctrl Pts',(2.07581100339673,-1.4,276.693148678801));
#7408=CARTESIAN_POINT('Ctrl Pts',(2.07581100339673,-2.,276.693148678801));
#7409=CARTESIAN_POINT('Ctrl Pts',(1.40960043753918,-1.4,276.704025495997));
#7410=CARTESIAN_POINT('Ctrl Pts',(1.40960043753918,-2.,276.704025495997));
#7411=CARTESIAN_POINT('Ctrl Pts',(0.83938643192859,-1.4,277.040769734253));
#7412=CARTESIAN_POINT('Ctrl Pts',(0.83938643192859,-2.,277.040769734253));
#7413=CARTESIAN_POINT('Ctrl Pts',(0.594406127929754,-1.4,277.185444724776));
#7414=CARTESIAN_POINT('Ctrl Pts',(0.594406127929754,-2.,277.185444724776));
#7415=CARTESIAN_POINT('',(2.45579838752753,-1.4,276.686944854476));
#7416=CARTESIAN_POINT('Ctrl Pts',(0.594406127929754,-1.4,277.185444724776));
#7417=CARTESIAN_POINT('Ctrl Pts',(0.83938643192859,-1.4,277.040769734253));
#7418=CARTESIAN_POINT('Ctrl Pts',(1.40960043753918,-1.4,276.704025495997));
#7419=CARTESIAN_POINT('Ctrl Pts',(2.07581100339673,-1.4,276.693148678801));
#7420=CARTESIAN_POINT('Ctrl Pts',(2.45579838752753,-1.4,276.686944854476));
#7421=CARTESIAN_POINT('',(2.45579838752753,-2.,276.686944854476));
#7422=CARTESIAN_POINT('Ctrl Pts',(2.45579838752753,-2.,276.686944854476));
#7423=CARTESIAN_POINT('Ctrl Pts',(2.07581100339673,-2.,276.693148678801));
#7424=CARTESIAN_POINT('Ctrl Pts',(1.40960043753918,-2.,276.704025495997));
#7425=CARTESIAN_POINT('Ctrl Pts',(0.83938643192859,-2.,277.040769734253));
#7426=CARTESIAN_POINT('Ctrl Pts',(0.594406127929754,-2.,277.185444724776));
#7427=CARTESIAN_POINT('',(2.45579838752753,-1.4,276.686944854476));
#7428=CARTESIAN_POINT('Ctrl Pts',(4.40068244934089,-1.4,277.178077590682));
#7429=CARTESIAN_POINT('Ctrl Pts',(4.40068244934089,-2.,277.178077590682));
#7430=CARTESIAN_POINT('Ctrl Pts',(4.14752876745859,-1.4,277.035687082003));
#7431=CARTESIAN_POINT('Ctrl Pts',(4.14752876745859,-2.,277.035687082003));
#7432=CARTESIAN_POINT('Ctrl Pts',(3.54798840515647,-1.4,276.698465610339));
#7433=CARTESIAN_POINT('Ctrl Pts',(3.54798840515647,-2.,276.698465610339));
#7434=CARTESIAN_POINT('Ctrl Pts',(2.85574474438982,-1.4,276.691163611525));
#7435=CARTESIAN_POINT('Ctrl Pts',(2.85574474438982,-2.,276.691163611525));
#7436=CARTESIAN_POINT('Ctrl Pts',(2.45579838752753,-1.4,276.686944854476));
#7437=CARTESIAN_POINT('Ctrl Pts',(2.45579838752753,-2.,276.686944854476));
#7438=CARTESIAN_POINT('',(4.40068244934089,-1.4,277.178077590682));
#7439=CARTESIAN_POINT('Ctrl Pts',(2.45579838752753,-1.4,276.686944854476));
#7440=CARTESIAN_POINT('Ctrl Pts',(2.85574474438982,-1.4,276.691163611525));
#7441=CARTESIAN_POINT('Ctrl Pts',(3.54798840515647,-1.4,276.698465610339));
#7442=CARTESIAN_POINT('Ctrl Pts',(4.14752876745859,-1.4,277.035687082003));
#7443=CARTESIAN_POINT('Ctrl Pts',(4.40068244934089,-1.4,277.178077590682));
#7444=CARTESIAN_POINT('',(4.40068244934089,-2.,277.178077590682));
#7445=CARTESIAN_POINT('Ctrl Pts',(4.40068244934089,-2.,277.178077590682));
#7446=CARTESIAN_POINT('Ctrl Pts',(4.14752876745859,-2.,277.035687082003));
#7447=CARTESIAN_POINT('Ctrl Pts',(3.54798840515647,-2.,276.698465610339));
#7448=CARTESIAN_POINT('Ctrl Pts',(2.85574474438982,-2.,276.691163611525));
#7449=CARTESIAN_POINT('Ctrl Pts',(2.45579838752753,-2.,276.686944854476));
#7450=CARTESIAN_POINT('',(4.40068244934089,-1.4,277.178077590682));
#7451=CARTESIAN_POINT('Ctrl Pts',(4.98021841049201,-1.4,278.455021274306));
#7452=CARTESIAN_POINT('Ctrl Pts',(4.98021841049201,-2.,278.455021274306));
#7453=CARTESIAN_POINT('Ctrl Pts',(4.95702709249437,-1.4,278.206178981903));
#7454=CARTESIAN_POINT('Ctrl Pts',(4.95702709249437,-2.,278.206178981903));
#7455=CARTESIAN_POINT('Ctrl Pts',(4.91109262200015,-1.4,277.7133032023));
#7456=CARTESIAN_POINT('Ctrl Pts',(4.91109262200015,-2.,277.7133032023));
#7457=CARTESIAN_POINT('Ctrl Pts',(4.56970892240548,-1.4,277.355321897852));
#7458=CARTESIAN_POINT('Ctrl Pts',(4.56970892240548,-2.,277.355321897852));
#7459=CARTESIAN_POINT('Ctrl Pts',(4.40068244934089,-1.4,277.178077590682));
#7460=CARTESIAN_POINT('Ctrl Pts',(4.40068244934089,-2.,277.178077590682));
#7461=CARTESIAN_POINT('',(4.98021841049201,-1.4,278.455021274306));
#7462=CARTESIAN_POINT('Ctrl Pts',(4.40068244934089,-1.4,277.178077590682));
#7463=CARTESIAN_POINT('Ctrl Pts',(4.56970892240548,-1.4,277.355321897852));
#7464=CARTESIAN_POINT('Ctrl Pts',(4.91109262200015,-1.4,277.7133032023));
#7465=CARTESIAN_POINT('Ctrl Pts',(4.95702709249437,-1.4,278.206178981903));
#7466=CARTESIAN_POINT('Ctrl Pts',(4.98021841049201,-1.4,278.455021274306));
#7467=CARTESIAN_POINT('',(4.98021841049201,-2.,278.455021274306));
#7468=CARTESIAN_POINT('Ctrl Pts',(4.98021841049201,-2.,278.455021274306));
#7469=CARTESIAN_POINT('Ctrl Pts',(4.95702709249437,-2.,278.206178981903));
#7470=CARTESIAN_POINT('Ctrl Pts',(4.91109262200015,-2.,277.7133032023));
#7471=CARTESIAN_POINT('Ctrl Pts',(4.56970892240548,-2.,277.355321897852));
#7472=CARTESIAN_POINT('Ctrl Pts',(4.40068244934089,-2.,277.178077590682));
#7473=CARTESIAN_POINT('',(4.98021841049201,-1.4,278.455021274306));
#7474=CARTESIAN_POINT('Ctrl Pts',(4.61186885833747,-1.4,279.452021014907));
#7475=CARTESIAN_POINT('Ctrl Pts',(4.61186885833747,-2.,279.452021014907));
#7476=CARTESIAN_POINT('Ctrl Pts',(4.71930071599043,-1.4,279.305067194138));
#7477=CARTESIAN_POINT('Ctrl Pts',(4.71930071599043,-2.,279.305067194138));
#7478=CARTESIAN_POINT('Ctrl Pts',(4.93657084994407,-1.4,279.007867862199));
#7479=CARTESIAN_POINT('Ctrl Pts',(4.93657084994407,-2.,279.007867862199));
#7480=CARTESIAN_POINT('Ctrl Pts',(4.9655621905202,-1.4,278.64065916795));
#7481=CARTESIAN_POINT('Ctrl Pts',(4.9655621905202,-2.,278.64065916795));
#7482=CARTESIAN_POINT('Ctrl Pts',(4.98021841049201,-1.4,278.455021274306));
#7483=CARTESIAN_POINT('Ctrl Pts',(4.98021841049201,-2.,278.455021274306));
#7484=CARTESIAN_POINT('',(4.61186885833747,-1.4,279.452021014907));
#7485=CARTESIAN_POINT('Ctrl Pts',(4.98021841049201,-1.4,278.455021274306));
#7486=CARTESIAN_POINT('Ctrl Pts',(4.9655621905202,-1.4,278.64065916795));
#7487=CARTESIAN_POINT('Ctrl Pts',(4.93657084994407,-1.4,279.007867862199));
#7488=CARTESIAN_POINT('Ctrl Pts',(4.71930071599043,-1.4,279.305067194138));
#7489=CARTESIAN_POINT('Ctrl Pts',(4.61186885833747,-1.4,279.452021014907));
#7490=CARTESIAN_POINT('',(4.61186885833747,-2.,279.452021014907));
#7491=CARTESIAN_POINT('Ctrl Pts',(4.61186885833747,-2.,279.452021014907));
#7492=CARTESIAN_POINT('Ctrl Pts',(4.71930071599043,-2.,279.305067194138));
#7493=CARTESIAN_POINT('Ctrl Pts',(4.93657084994407,-2.,279.007867862199));
#7494=CARTESIAN_POINT('Ctrl Pts',(4.9655621905202,-2.,278.64065916795));
#7495=CARTESIAN_POINT('Ctrl Pts',(4.98021841049201,-2.,278.455021274306));
#7496=CARTESIAN_POINT('',(4.61186885833747,-1.4,279.452021014907));
#7497=CARTESIAN_POINT('Ctrl Pts',(3.45279693603523,-1.4,280.051202666976));
#7498=CARTESIAN_POINT('Ctrl Pts',(3.45279693603523,-2.,280.051202666976));
#7499=CARTESIAN_POINT('Ctrl Pts',(3.69088896814137,-1.4,279.989080121368));
#7500=CARTESIAN_POINT('Ctrl Pts',(3.69088896814137,-2.,279.989080121368));
#7501=CARTESIAN_POINT('Ctrl Pts',(4.12382867439183,-1.4,279.876118270402));
#7502=CARTESIAN_POINT('Ctrl Pts',(4.12382867439183,-2.,279.876118270402));
#7503=CARTESIAN_POINT('Ctrl Pts',(4.46039481202744,-1.4,279.583648961605));
#7504=CARTESIAN_POINT('Ctrl Pts',(4.46039481202744,-2.,279.583648961605));
#7505=CARTESIAN_POINT('Ctrl Pts',(4.61186885833747,-1.4,279.452021014907));
#7506=CARTESIAN_POINT('Ctrl Pts',(4.61186885833747,-2.,279.452021014907));
#7507=CARTESIAN_POINT('',(3.45279693603523,-1.4,280.051202666976));
#7508=CARTESIAN_POINT('Ctrl Pts',(4.61186885833747,-1.4,279.452021014907));
#7509=CARTESIAN_POINT('Ctrl Pts',(4.46039481202744,-1.4,279.583648961605));
#7510=CARTESIAN_POINT('Ctrl Pts',(4.12382867439183,-1.4,279.876118270402));
#7511=CARTESIAN_POINT('Ctrl Pts',(3.69088896814137,-1.4,279.989080121368));
#7512=CARTESIAN_POINT('Ctrl Pts',(3.45279693603523,-1.4,280.051202666976));
#7513=CARTESIAN_POINT('',(3.45279693603523,-2.,280.051202666976));
#7514=CARTESIAN_POINT('Ctrl Pts',(3.45279693603523,-2.,280.051202666976));
#7515=CARTESIAN_POINT('Ctrl Pts',(3.69088896814137,-2.,279.989080121368));
#7516=CARTESIAN_POINT('Ctrl Pts',(4.12382867439183,-2.,279.876118270402));
#7517=CARTESIAN_POINT('Ctrl Pts',(4.46039481202744,-2.,279.583648961605));
#7518=CARTESIAN_POINT('Ctrl Pts',(4.61186885833747,-2.,279.452021014907));
#7519=CARTESIAN_POINT('',(3.45279693603523,-1.4,280.051202666976));
#7520=CARTESIAN_POINT('Origin',(3.89972686767586,-1.4,281.460749995925));
#7521=CARTESIAN_POINT('',(3.45279693603523,-1.4,280.051202666976));
#7522=CARTESIAN_POINT('',(3.45279693603523,-2.,280.051202666976));
#7523=CARTESIAN_POINT('Origin',(2.50000000000006,-1.4,266.18162591479));
#7524=CARTESIAN_POINT('Origin',(2.50000000000006,-2.,266.18162591479));
#7525=CARTESIAN_POINT('Origin',(2.23969936370855,-1.4,270.754065406539));
#7526=CARTESIAN_POINT('',(2.23969936370854,-1.4,267.620642078139));
#7527=CARTESIAN_POINT('',(2.23969936370855,-1.4,270.754065406539));
#7528=CARTESIAN_POINT('',(2.23969936370854,-1.4,267.620642078139));
#7529=CARTESIAN_POINT('',(2.23969936370854,-2.,267.620642078139));
#7530=CARTESIAN_POINT('',(2.23969936370854,-1.4,267.620642078139));
#7531=CARTESIAN_POINT('',(2.23969936370855,-2.,270.754065406539));
#7532=CARTESIAN_POINT('',(2.23969936370854,-2.,267.620642078139));
#7533=CARTESIAN_POINT('',(2.23969936370855,-1.4,270.754065406539));
#7534=CARTESIAN_POINT('Origin',(5.107913017273,-1.4,270.754065406539));
#7535=CARTESIAN_POINT('',(5.107913017273,-1.4,270.754065406539));
#7536=CARTESIAN_POINT('',(2.23969936370855,-1.4,270.754065406539));
#7537=CARTESIAN_POINT('',(5.107913017273,-2.,270.754065406539));
#7538=CARTESIAN_POINT('',(2.23969936370855,-2.,270.754065406539));
#7539=CARTESIAN_POINT('',(5.107913017273,-1.4,270.754065406539));
#7540=CARTESIAN_POINT('Ctrl Pts',(5.88635802268987,-1.4,269.430463206984));
#7541=CARTESIAN_POINT('Ctrl Pts',(5.88635802268987,-2.,269.430463206984));
#7542=CARTESIAN_POINT('Ctrl Pts',(5.77837931036947,-1.4,269.693028576133));
#7543=CARTESIAN_POINT('Ctrl Pts',(5.77837931036947,-2.,269.693028576133));
#7544=CARTESIAN_POINT('Ctrl Pts',(5.58147208290998,-1.4,270.171836090641));
#7545=CARTESIAN_POINT('Ctrl Pts',(5.58147208290998,-2.,270.171836090641));
#7546=CARTESIAN_POINT('Ctrl Pts',(5.25524555222785,-1.4,270.572923649869));
#7547=CARTESIAN_POINT('Ctrl Pts',(5.25524555222785,-2.,270.572923649869));
#7548=CARTESIAN_POINT('Ctrl Pts',(5.107913017273,-1.4,270.754065406539));
#7549=CARTESIAN_POINT('Ctrl Pts',(5.107913017273,-2.,270.754065406539));
#7550=CARTESIAN_POINT('',(5.88635802268987,-1.4,269.430463206984));
#7551=CARTESIAN_POINT('Ctrl Pts',(5.107913017273,-1.4,270.754065406539));
#7552=CARTESIAN_POINT('Ctrl Pts',(5.25524555222785,-1.4,270.572923649869));
#7553=CARTESIAN_POINT('Ctrl Pts',(5.58147208290998,-1.4,270.171836090641));
#7554=CARTESIAN_POINT('Ctrl Pts',(5.77837931036947,-1.4,269.693028576133));
#7555=CARTESIAN_POINT('Ctrl Pts',(5.88635802268987,-1.4,269.430463206984));
#7556=CARTESIAN_POINT('',(5.88635802268987,-2.,269.430463206984));
#7557=CARTESIAN_POINT('Ctrl Pts',(5.88635802268987,-2.,269.430463206984));
#7558=CARTESIAN_POINT('Ctrl Pts',(5.77837931036947,-2.,269.693028576133));
#7559=CARTESIAN_POINT('Ctrl Pts',(5.58147208290998,-2.,270.171836090641));
#7560=CARTESIAN_POINT('Ctrl Pts',(5.25524555222785,-2.,270.572923649869));
#7561=CARTESIAN_POINT('Ctrl Pts',(5.107913017273,-2.,270.754065406539));
#7562=CARTESIAN_POINT('',(5.88635802268987,-1.4,269.430463206984));
#7563=CARTESIAN_POINT('Ctrl Pts',(6.22278332710271,-1.4,267.674665343978));
#7564=CARTESIAN_POINT('Ctrl Pts',(6.22278332710271,-2.,267.674665343978));
#7565=CARTESIAN_POINT('Ctrl Pts',(6.20812961280435,-1.4,267.971689218852));
#7566=CARTESIAN_POINT('Ctrl Pts',(6.20812961280435,-2.,267.971689218852));
#7567=CARTESIAN_POINT('Ctrl Pts',(6.17848018731859,-1.4,268.572669084179));
#7568=CARTESIAN_POINT('Ctrl Pts',(6.17848018731859,-2.,268.572669084179));
#7569=CARTESIAN_POINT('Ctrl Pts',(5.98447799585244,-1.4,269.142341501411));
#7570=CARTESIAN_POINT('Ctrl Pts',(5.98447799585244,-2.,269.142341501411));
#7571=CARTESIAN_POINT('Ctrl Pts',(5.88635802268987,-1.4,269.430463206984));
#7572=CARTESIAN_POINT('Ctrl Pts',(5.88635802268987,-2.,269.430463206984));
#7573=CARTESIAN_POINT('',(6.22278332710271,-1.4,267.674665343978));
#7574=CARTESIAN_POINT('Ctrl Pts',(5.88635802268987,-1.4,269.430463206984));
#7575=CARTESIAN_POINT('Ctrl Pts',(5.98447799585244,-1.4,269.142341501411));
#7576=CARTESIAN_POINT('Ctrl Pts',(6.17848018731859,-1.4,268.572669084179));
#7577=CARTESIAN_POINT('Ctrl Pts',(6.20812961280435,-1.4,267.971689218852));
#7578=CARTESIAN_POINT('Ctrl Pts',(6.22278332710271,-1.4,267.674665343978));
#7579=CARTESIAN_POINT('',(6.22278332710271,-2.,267.674665343978));
#7580=CARTESIAN_POINT('Ctrl Pts',(6.22278332710271,-2.,267.674665343978));
#7581=CARTESIAN_POINT('Ctrl Pts',(6.20812961280435,-2.,267.971689218852));
#7582=CARTESIAN_POINT('Ctrl Pts',(6.17848018731859,-2.,268.572669084179));
#7583=CARTESIAN_POINT('Ctrl Pts',(5.98447799585244,-2.,269.142341501411));
#7584=CARTESIAN_POINT('Ctrl Pts',(5.88635802268987,-2.,269.430463206984));
#7585=CARTESIAN_POINT('',(6.22278332710271,-1.4,267.674665343978));
#7586=CARTESIAN_POINT('Ctrl Pts',(5.74884057044987,-1.4,265.70522536061));
#7587=CARTESIAN_POINT('Ctrl Pts',(5.74884057044987,-2.,265.70522536061));
#7588=CARTESIAN_POINT('Ctrl Pts',(5.88700868994573,-1.4,266.004469197038));
#7589=CARTESIAN_POINT('Ctrl Pts',(5.88700868994573,-2.,266.004469197038));
#7590=CARTESIAN_POINT('Ctrl Pts',(6.17529714181203,-1.4,266.628842913995));
#7591=CARTESIAN_POINT('Ctrl Pts',(6.17529714181203,-2.,266.628842913995));
#7592=CARTESIAN_POINT('Ctrl Pts',(6.20652306459166,-1.4,267.31655388172));
#7593=CARTESIAN_POINT('Ctrl Pts',(6.20652306459166,-2.,267.31655388172));
#7594=CARTESIAN_POINT('Ctrl Pts',(6.22278332710271,-1.4,267.674665343978));
#7595=CARTESIAN_POINT('Ctrl Pts',(6.22278332710271,-2.,267.674665343978));
#7596=CARTESIAN_POINT('',(5.74884057044987,-1.4,265.70522536061));
#7597=CARTESIAN_POINT('Ctrl Pts',(6.22278332710271,-1.4,267.674665343978));
#7598=CARTESIAN_POINT('Ctrl Pts',(6.20652306459166,-1.4,267.31655388172));
#7599=CARTESIAN_POINT('Ctrl Pts',(6.17529714181203,-1.4,266.628842913995));
#7600=CARTESIAN_POINT('Ctrl Pts',(5.88700868994573,-1.4,266.004469197038));
#7601=CARTESIAN_POINT('Ctrl Pts',(5.74884057044987,-1.4,265.70522536061));
#7602=CARTESIAN_POINT('',(5.74884057044987,-2.,265.70522536061));
#7603=CARTESIAN_POINT('Ctrl Pts',(5.74884057044987,-2.,265.70522536061));
#7604=CARTESIAN_POINT('Ctrl Pts',(5.88700868994573,-2.,266.004469197038));
#7605=CARTESIAN_POINT('Ctrl Pts',(6.17529714181203,-2.,266.628842913995));
#7606=CARTESIAN_POINT('Ctrl Pts',(6.20652306459166,-2.,267.31655388172));
#7607=CARTESIAN_POINT('Ctrl Pts',(6.22278332710271,-2.,267.674665343978));
#7608=CARTESIAN_POINT('',(5.74884057044987,-1.4,265.70522536061));
#7609=CARTESIAN_POINT('Ctrl Pts',(4.39331531524662,-1.4,264.443013560988));
#7610=CARTESIAN_POINT('Ctrl Pts',(4.39331531524662,-2.,264.443013560988));
#7611=CARTESIAN_POINT('Ctrl Pts',(4.66990067417987,-1.4,264.60068577808));
#7612=CARTESIAN_POINT('Ctrl Pts',(4.66990067417987,-2.,264.60068577808));
#7613=CARTESIAN_POINT('Ctrl Pts',(5.22106135407391,-1.4,264.91488435572));
#7614=CARTESIAN_POINT('Ctrl Pts',(5.22106135407391,-2.,264.91488435572));
#7615=CARTESIAN_POINT('Ctrl Pts',(5.57334241173711,-1.4,265.442419651689));
#7616=CARTESIAN_POINT('Ctrl Pts',(5.57334241173711,-2.,265.442419651689));
#7617=CARTESIAN_POINT('Ctrl Pts',(5.74884057044987,-1.4,265.70522536061));
#7618=CARTESIAN_POINT('Ctrl Pts',(5.74884057044987,-2.,265.70522536061));
#7619=CARTESIAN_POINT('',(4.39331531524662,-1.4,264.443013560988));
#7620=CARTESIAN_POINT('Ctrl Pts',(5.74884057044987,-1.4,265.70522536061));
#7621=CARTESIAN_POINT('Ctrl Pts',(5.57334241173711,-1.4,265.442419651689));
#7622=CARTESIAN_POINT('Ctrl Pts',(5.22106135407391,-1.4,264.91488435572));
#7623=CARTESIAN_POINT('Ctrl Pts',(4.66990067417987,-1.4,264.60068577808));
#7624=CARTESIAN_POINT('Ctrl Pts',(4.39331531524662,-1.4,264.443013560988));
#7625=CARTESIAN_POINT('',(4.39331531524662,-2.,264.443013560988));
#7626=CARTESIAN_POINT('Ctrl Pts',(4.39331531524662,-2.,264.443013560988));
#7627=CARTESIAN_POINT('Ctrl Pts',(4.66990067417987,-2.,264.60068577808));
#7628=CARTESIAN_POINT('Ctrl Pts',(5.22106135407391,-2.,264.91488435572));
#7629=CARTESIAN_POINT('Ctrl Pts',(5.57334241173711,-2.,265.442419651689));
#7630=CARTESIAN_POINT('Ctrl Pts',(5.74884057044987,-2.,265.70522536061));
#7631=CARTESIAN_POINT('',(4.39331531524662,-1.4,264.443013560988));
#7632=CARTESIAN_POINT('Ctrl Pts',(2.47544288635258,-1.4,264.020640742995));
#7633=CARTESIAN_POINT('Ctrl Pts',(2.47544288635258,-2.,264.020640742995));
#7634=CARTESIAN_POINT('Ctrl Pts',(2.81213005022199,-1.4,264.037149036109));
#7635=CARTESIAN_POINT('Ctrl Pts',(2.81213005022199,-2.,264.037149036109));
#7636=CARTESIAN_POINT('Ctrl Pts',(3.47545966959667,-1.4,264.069673114727));
#7637=CARTESIAN_POINT('Ctrl Pts',(3.47545966959667,-2.,264.069673114727));
#7638=CARTESIAN_POINT('Ctrl Pts',(4.09046776075289,-1.4,264.319829439738));
#7639=CARTESIAN_POINT('Ctrl Pts',(4.09046776075289,-2.,264.319829439738));
#7640=CARTESIAN_POINT('Ctrl Pts',(4.39331531524662,-1.4,264.443013560988));
#7641=CARTESIAN_POINT('Ctrl Pts',(4.39331531524662,-2.,264.443013560988));
#7642=CARTESIAN_POINT('',(2.47544288635258,-1.4,264.020640742995));
#7643=CARTESIAN_POINT('Ctrl Pts',(4.39331531524662,-1.4,264.443013560988));
#7644=CARTESIAN_POINT('Ctrl Pts',(4.09046776075289,-1.4,264.319829439738));
#7645=CARTESIAN_POINT('Ctrl Pts',(3.47545966959667,-1.4,264.069673114727));
#7646=CARTESIAN_POINT('Ctrl Pts',(2.81213005022199,-1.4,264.037149036109));
#7647=CARTESIAN_POINT('Ctrl Pts',(2.47544288635258,-1.4,264.020640742995));
#7648=CARTESIAN_POINT('',(2.47544288635258,-2.,264.020640742995));
#7649=CARTESIAN_POINT('Ctrl Pts',(2.47544288635258,-2.,264.020640742995));
#7650=CARTESIAN_POINT('Ctrl Pts',(2.81213005022199,-2.,264.037149036109));
#7651=CARTESIAN_POINT('Ctrl Pts',(3.47545966959667,-2.,264.069673114727));
#7652=CARTESIAN_POINT('Ctrl Pts',(4.09046776075289,-2.,264.319829439738));
#7653=CARTESIAN_POINT('Ctrl Pts',(4.39331531524662,-2.,264.443013560988));
#7654=CARTESIAN_POINT('',(2.47544288635258,-1.4,264.020640742995));
#7655=CARTESIAN_POINT('Ctrl Pts',(0.476534366607707,-1.4,264.492127788283));
#7656=CARTESIAN_POINT('Ctrl Pts',(0.476534366607707,-2.,264.492127788283));
#7657=CARTESIAN_POINT('Ctrl Pts',(0.784103633706433,-1.4,264.35465089323));
#7658=CARTESIAN_POINT('Ctrl Pts',(0.784103633706433,-2.,264.35465089323));
#7659=CARTESIAN_POINT('Ctrl Pts',(1.41989641027315,-1.4,264.070465097803));
#7660=CARTESIAN_POINT('Ctrl Pts',(1.41989641027315,-2.,264.070465097803));
#7661=CARTESIAN_POINT('Ctrl Pts',(2.11605562930692,-1.4,264.037604693531));
#7662=CARTESIAN_POINT('Ctrl Pts',(2.11605562930692,-2.,264.037604693531));
#7663=CARTESIAN_POINT('Ctrl Pts',(2.47544288635258,-1.4,264.020640742995));
#7664=CARTESIAN_POINT('Ctrl Pts',(2.47544288635258,-2.,264.020640742995));
#7665=CARTESIAN_POINT('',(0.476534366607707,-1.4,264.492127788283));
#7666=CARTESIAN_POINT('Ctrl Pts',(2.47544288635258,-1.4,264.020640742995));
#7667=CARTESIAN_POINT('Ctrl Pts',(2.11605562930692,-1.4,264.037604693531));
#7668=CARTESIAN_POINT('Ctrl Pts',(1.41989641027315,-1.4,264.070465097803));
#7669=CARTESIAN_POINT('Ctrl Pts',(0.784103633706433,-1.4,264.35465089323));
#7670=CARTESIAN_POINT('Ctrl Pts',(0.476534366607707,-1.4,264.492127788283));
#7671=CARTESIAN_POINT('',(0.476534366607707,-2.,264.492127788283));
#7672=CARTESIAN_POINT('Ctrl Pts',(0.476534366607707,-2.,264.492127788283));
#7673=CARTESIAN_POINT('Ctrl Pts',(0.784103633706433,-2.,264.35465089323));
#7674=CARTESIAN_POINT('Ctrl Pts',(1.41989641027315,-2.,264.070465097803));
#7675=CARTESIAN_POINT('Ctrl Pts',(2.11605562930692,-2.,264.037604693531));
#7676=CARTESIAN_POINT('Ctrl Pts',(2.47544288635258,-2.,264.020640742995));
#7677=CARTESIAN_POINT('',(0.476534366607707,-1.4,264.492127788283));
#7678=CARTESIAN_POINT('Ctrl Pts',(-0.86425662040706,-1.4,265.872208965041));
#7679=CARTESIAN_POINT('Ctrl Pts',(-0.86425662040706,-2.,265.872208965041));
#7680=CARTESIAN_POINT('Ctrl Pts',(-0.692850191285881,-1.4,265.588155341614));
#7681=CARTESIAN_POINT('Ctrl Pts',(-0.692850191285881,-2.,265.588155341614));
#7682=CARTESIAN_POINT('Ctrl Pts',(-0.352580843146433,-1.4,265.024263183216));
#7683=CARTESIAN_POINT('Ctrl Pts',(-0.352580843146433,-2.,265.024263183216));
#7684=CARTESIAN_POINT('Ctrl Pts',(0.201543320954424,-1.4,264.668620110412));
#7685=CARTESIAN_POINT('Ctrl Pts',(0.201543320954424,-2.,264.668620110412));
#7686=CARTESIAN_POINT('Ctrl Pts',(0.476534366607707,-1.4,264.492127788283));
#7687=CARTESIAN_POINT('Ctrl Pts',(0.476534366607707,-2.,264.492127788283));
#7688=CARTESIAN_POINT('',(-0.86425662040706,-1.4,265.872208965041));
#7689=CARTESIAN_POINT('Ctrl Pts',(0.476534366607707,-1.4,264.492127788283));
#7690=CARTESIAN_POINT('Ctrl Pts',(0.201543320954424,-1.4,264.668620110412));
#7691=CARTESIAN_POINT('Ctrl Pts',(-0.352580843146433,-1.4,265.024263183216));
#7692=CARTESIAN_POINT('Ctrl Pts',(-0.692850191285881,-1.4,265.588155341614));
#7693=CARTESIAN_POINT('Ctrl Pts',(-0.86425662040706,-1.4,265.872208965041));
#7694=CARTESIAN_POINT('',(-0.86425662040706,-2.,265.872208965041));
#7695=CARTESIAN_POINT('Ctrl Pts',(-0.86425662040706,-2.,265.872208965041));
#7696=CARTESIAN_POINT('Ctrl Pts',(-0.692850191285881,-2.,265.588155341614));
#7697=CARTESIAN_POINT('Ctrl Pts',(-0.352580843146433,-2.,265.024263183216));
#7698=CARTESIAN_POINT('Ctrl Pts',(0.201543320954424,-2.,264.668620110412));
#7699=CARTESIAN_POINT('Ctrl Pts',(0.476534366607707,-2.,264.492127788283));
#7700=CARTESIAN_POINT('',(-0.86425662040706,-1.4,265.872208965041));
#7701=CARTESIAN_POINT('Ctrl Pts',(-1.22278332710261,-1.4,267.596084964492));
#7702=CARTESIAN_POINT('Ctrl Pts',(-1.22278332710261,-2.,267.596084964492));
#7703=CARTESIAN_POINT('Ctrl Pts',(-1.21268118364436,-1.4,267.276239300428));
#7704=CARTESIAN_POINT('Ctrl Pts',(-1.21268118364436,-2.,267.276239300428));
#7705=CARTESIAN_POINT('Ctrl Pts',(-1.19384181742213,-1.4,266.679762956097));
#7706=CARTESIAN_POINT('Ctrl Pts',(-1.19384181742213,-2.,266.679762956097));
#7707=CARTESIAN_POINT('Ctrl Pts',(-0.968680676894577,-1.4,266.128070163731));
#7708=CARTESIAN_POINT('Ctrl Pts',(-0.968680676894577,-2.,266.128070163731));
#7709=CARTESIAN_POINT('Ctrl Pts',(-0.86425662040706,-1.4,265.872208965041));
#7710=CARTESIAN_POINT('Ctrl Pts',(-0.86425662040706,-2.,265.872208965041));
#7711=CARTESIAN_POINT('',(-1.22278332710261,-1.4,267.596084964492));
#7712=CARTESIAN_POINT('Ctrl Pts',(-0.86425662040706,-1.4,265.872208965041));
#7713=CARTESIAN_POINT('Ctrl Pts',(-0.968680676894577,-1.4,266.128070163731));
#7714=CARTESIAN_POINT('Ctrl Pts',(-1.19384181742213,-1.4,266.679762956097));
#7715=CARTESIAN_POINT('Ctrl Pts',(-1.21268118364436,-1.4,267.276239300428));
#7716=CARTESIAN_POINT('Ctrl Pts',(-1.22278332710261,-1.4,267.596084964492));
#7717=CARTESIAN_POINT('',(-1.22278332710261,-2.,267.596084964492));
#7718=CARTESIAN_POINT('Ctrl Pts',(-1.22278332710261,-2.,267.596084964492));
#7719=CARTESIAN_POINT('Ctrl Pts',(-1.21268118364436,-2.,267.276239300428));
#7720=CARTESIAN_POINT('Ctrl Pts',(-1.19384181742213,-2.,266.679762956097));
#7721=CARTESIAN_POINT('Ctrl Pts',(-0.968680676894577,-2.,266.128070163731));
#7722=CARTESIAN_POINT('Ctrl Pts',(-0.86425662040706,-2.,265.872208965041));
#7723=CARTESIAN_POINT('',(-1.22278332710261,-1.4,267.596084964492));
#7724=CARTESIAN_POINT('Ctrl Pts',(-0.660436749458261,-1.4,269.690763843276));
#7725=CARTESIAN_POINT('Ctrl Pts',(-0.660436749458261,-2.,269.690763843276));
#7726=CARTESIAN_POINT('Ctrl Pts',(-0.824071361399417,-1.4,269.397127175708));
#7727=CARTESIAN_POINT('Ctrl Pts',(-0.824071361399417,-2.,269.397127175708));
#7728=CARTESIAN_POINT('Ctrl Pts',(-1.18553901739105,-1.4,268.748485933615));
#7729=CARTESIAN_POINT('Ctrl Pts',(-1.18553901739105,-2.,268.748485933615));
#7730=CARTESIAN_POINT('Ctrl Pts',(-1.20960945629708,-1.4,268.00370646697));
#7731=CARTESIAN_POINT('Ctrl Pts',(-1.20960945629708,-2.,268.00370646697));
#7732=CARTESIAN_POINT('Ctrl Pts',(-1.22278332710261,-1.4,267.596084964492));
#7733=CARTESIAN_POINT('Ctrl Pts',(-1.22278332710261,-2.,267.596084964492));
#7734=CARTESIAN_POINT('',(-0.660436749458261,-1.4,269.690763843276));
#7735=CARTESIAN_POINT('Ctrl Pts',(-1.22278332710261,-1.4,267.596084964492));
#7736=CARTESIAN_POINT('Ctrl Pts',(-1.20960945629708,-1.4,268.00370646697));
#7737=CARTESIAN_POINT('Ctrl Pts',(-1.18553901739105,-1.4,268.748485933615));
#7738=CARTESIAN_POINT('Ctrl Pts',(-0.824071361399417,-1.4,269.397127175708));
#7739=CARTESIAN_POINT('Ctrl Pts',(-0.660436749458261,-1.4,269.690763843276));
#7740=CARTESIAN_POINT('',(-0.660436749458261,-2.,269.690763843276));
#7741=CARTESIAN_POINT('Ctrl Pts',(-0.660436749458261,-2.,269.690763843276));
#7742=CARTESIAN_POINT('Ctrl Pts',(-0.824071361399417,-2.,269.397127175708));
#7743=CARTESIAN_POINT('Ctrl Pts',(-1.18553901739105,-2.,268.748485933615));
#7744=CARTESIAN_POINT('Ctrl Pts',(-1.20960945629708,-2.,268.00370646697));
#7745=CARTESIAN_POINT('Ctrl Pts',(-1.22278332710261,-2.,267.596084964492));
#7746=CARTESIAN_POINT('',(-0.660436749458261,-1.4,269.690763843276));
#7747=CARTESIAN_POINT('Ctrl Pts',(0.893996953964287,-1.4,270.660750758864));
#7748=CARTESIAN_POINT('Ctrl Pts',(0.893996953964287,-2.,270.660750758864));
#7749=CARTESIAN_POINT('Ctrl Pts',(0.583282467013293,-1.4,270.569049864201));
#7750=CARTESIAN_POINT('Ctrl Pts',(0.583282467013293,-2.,270.569049864201));
#7751=CARTESIAN_POINT('Ctrl Pts',(-0.0253265360062738,-1.4,270.389431621664));
#7752=CARTESIAN_POINT('Ctrl Pts',(-0.0253265360062738,-2.,270.389431621664));
#7753=CARTESIAN_POINT('Ctrl Pts',(-0.451727300788055,-1.4,269.920359531934));
#7754=CARTESIAN_POINT('Ctrl Pts',(-0.451727300788055,-2.,269.920359531934));
#7755=CARTESIAN_POINT('Ctrl Pts',(-0.660436749458261,-1.4,269.690763843276));
#7756=CARTESIAN_POINT('Ctrl Pts',(-0.660436749458261,-2.,269.690763843276));
#7757=CARTESIAN_POINT('',(0.893996953964287,-1.4,270.660750758864));
#7758=CARTESIAN_POINT('Ctrl Pts',(-0.660436749458261,-1.4,269.690763843276));
#7759=CARTESIAN_POINT('Ctrl Pts',(-0.451727300788055,-1.4,269.920359531934));
#7760=CARTESIAN_POINT('Ctrl Pts',(-0.0253265360062738,-1.4,270.389431621664));
#7761=CARTESIAN_POINT('Ctrl Pts',(0.583282467013293,-1.4,270.569049864201));
#7762=CARTESIAN_POINT('Ctrl Pts',(0.893996953964287,-1.4,270.660750758864));
#7763=CARTESIAN_POINT('',(0.893996953964287,-2.,270.660750758864));
#7764=CARTESIAN_POINT('Ctrl Pts',(0.893996953964287,-2.,270.660750758864));
#7765=CARTESIAN_POINT('Ctrl Pts',(0.583282467013293,-2.,270.569049864201));
#7766=CARTESIAN_POINT('Ctrl Pts',(-0.0253265360062738,-2.,270.389431621664));
#7767=CARTESIAN_POINT('Ctrl Pts',(-0.451727300788055,-2.,269.920359531934));
#7768=CARTESIAN_POINT('Ctrl Pts',(-0.660436749458261,-2.,269.690763843276));
#7769=CARTESIAN_POINT('',(0.893996953964287,-1.4,270.660750758864));
#7770=CARTESIAN_POINT('Origin',(1.16411983966832,-1.4,269.216821086623));
#7771=CARTESIAN_POINT('',(1.16411983966832,-1.4,269.216821086623));
#7772=CARTESIAN_POINT('',(0.893996953964287,-1.4,270.660750758864));
#7773=CARTESIAN_POINT('',(1.16411983966832,-2.,269.216821086623));
#7774=CARTESIAN_POINT('',(0.893996953964287,-2.,270.660750758864));
#7775=CARTESIAN_POINT('',(1.16411983966832,-1.4,269.216821086623));
#7776=CARTESIAN_POINT('Ctrl Pts',(0.326738953590443,-1.4,268.644652259566));
#7777=CARTESIAN_POINT('Ctrl Pts',(0.326738953590443,-2.,268.644652259566));
#7778=CARTESIAN_POINT('Ctrl Pts',(0.439747573297349,-1.4,268.773861396974));
#7779=CARTESIAN_POINT('Ctrl Pts',(0.439747573297349,-2.,268.773861396974));
#7780=CARTESIAN_POINT('Ctrl Pts',(0.669450116493019,-1.4,269.036493287742));
#7781=CARTESIAN_POINT('Ctrl Pts',(0.669450116493019,-2.,269.036493287742));
#7782=CARTESIAN_POINT('Ctrl Pts',(0.997475672131205,-1.4,269.156072319273));
#7783=CARTESIAN_POINT('Ctrl Pts',(0.997475672131205,-2.,269.156072319273));
#7784=CARTESIAN_POINT('Ctrl Pts',(1.16411983966832,-1.4,269.216821086623));
#7785=CARTESIAN_POINT('Ctrl Pts',(1.16411983966832,-2.,269.216821086623));
#7786=CARTESIAN_POINT('',(0.326738953590443,-1.4,268.644652259566));
#7787=CARTESIAN_POINT('Ctrl Pts',(1.16411983966832,-1.4,269.216821086623));
#7788=CARTESIAN_POINT('Ctrl Pts',(0.997475672131205,-1.4,269.156072319273));
#7789=CARTESIAN_POINT('Ctrl Pts',(0.669450116493019,-1.4,269.036493287742));
#7790=CARTESIAN_POINT('Ctrl Pts',(0.439747573297349,-1.4,268.773861396974));
#7791=CARTESIAN_POINT('Ctrl Pts',(0.326738953590443,-1.4,268.644652259566));
#7792=CARTESIAN_POINT('',(0.326738953590443,-2.,268.644652259566));
#7793=CARTESIAN_POINT('Ctrl Pts',(0.326738953590443,-2.,268.644652259566));
#7794=CARTESIAN_POINT('Ctrl Pts',(0.439747573297349,-2.,268.773861396974));
#7795=CARTESIAN_POINT('Ctrl Pts',(0.669450116493019,-2.,269.036493287742));
#7796=CARTESIAN_POINT('Ctrl Pts',(0.997475672131205,-2.,269.156072319273));
#7797=CARTESIAN_POINT('Ctrl Pts',(1.16411983966832,-2.,269.216821086623));
#7798=CARTESIAN_POINT('',(0.326738953590443,-1.4,268.644652259566));
#7799=CARTESIAN_POINT('Ctrl Pts',(0.0197815895081044,-1.4,267.596084964492));
#7800=CARTESIAN_POINT('Ctrl Pts',(0.0197815895081044,-2.,267.596084964492));
#7801=CARTESIAN_POINT('Ctrl Pts',(0.0297592194534491,-1.4,267.792948185515));
#7802=CARTESIAN_POINT('Ctrl Pts',(0.0297592194534491,-2.,267.792948185515));
#7803=CARTESIAN_POINT('Ctrl Pts',(0.0487483523856502,-1.4,268.16761249898));
#7804=CARTESIAN_POINT('Ctrl Pts',(0.0487483523856502,-2.,268.16761249898));
#7805=CARTESIAN_POINT('Ctrl Pts',(0.237272659313541,-1.4,268.49112555968));
#7806=CARTESIAN_POINT('Ctrl Pts',(0.237272659313541,-2.,268.49112555968));
#7807=CARTESIAN_POINT('Ctrl Pts',(0.326738953590443,-1.4,268.644652259566));
#7808=CARTESIAN_POINT('Ctrl Pts',(0.326738953590443,-2.,268.644652259566));
#7809=CARTESIAN_POINT('',(0.0197815895081044,-1.4,267.596084964492));
#7810=CARTESIAN_POINT('Ctrl Pts',(0.326738953590443,-1.4,268.644652259566));
#7811=CARTESIAN_POINT('Ctrl Pts',(0.237272659313541,-1.4,268.49112555968));
#7812=CARTESIAN_POINT('Ctrl Pts',(0.0487483523856502,-1.4,268.16761249898));
#7813=CARTESIAN_POINT('Ctrl Pts',(0.0297592194534491,-1.4,267.792948185515));
#7814=CARTESIAN_POINT('Ctrl Pts',(0.0197815895081044,-1.4,267.596084964492));
#7815=CARTESIAN_POINT('',(0.0197815895081044,-2.,267.596084964492));
#7816=CARTESIAN_POINT('Ctrl Pts',(0.0197815895081044,-2.,267.596084964492));
#7817=CARTESIAN_POINT('Ctrl Pts',(0.0297592194534491,-2.,267.792948185515));
#7818=CARTESIAN_POINT('Ctrl Pts',(0.0487483523856502,-2.,268.16761249898));
#7819=CARTESIAN_POINT('Ctrl Pts',(0.237272659313541,-2.,268.49112555968));
#7820=CARTESIAN_POINT('Ctrl Pts',(0.326738953590443,-2.,268.644652259566));
#7821=CARTESIAN_POINT('',(0.0197815895081044,-1.4,267.596084964492));
#7822=CARTESIAN_POINT('Ctrl Pts',(0.623874068260237,-1.4,266.080942046859));
#7823=CARTESIAN_POINT('Ctrl Pts',(0.623874068260237,-2.,266.080942046859));
#7824=CARTESIAN_POINT('Ctrl Pts',(0.447760583017046,-1.4,266.290667546749));
#7825=CARTESIAN_POINT('Ctrl Pts',(0.447760583017046,-2.,266.290667546749));
#7826=CARTESIAN_POINT('Ctrl Pts',(0.0805943591388825,-1.4,266.727909020559));
#7827=CARTESIAN_POINT('Ctrl Pts',(0.0805943591388825,-2.,266.727909020559));
#7828=CARTESIAN_POINT('Ctrl Pts',(0.0405950103378649,-1.4,267.29894817258));
#7829=CARTESIAN_POINT('Ctrl Pts',(0.0405950103378649,-2.,267.29894817258));
#7830=CARTESIAN_POINT('Ctrl Pts',(0.0197815895081044,-1.4,267.596084964492));
#7831=CARTESIAN_POINT('Ctrl Pts',(0.0197815895081044,-2.,267.596084964492));
#7832=CARTESIAN_POINT('',(0.623874068260237,-1.4,266.080942046859));
#7833=CARTESIAN_POINT('Ctrl Pts',(0.0197815895081044,-1.4,267.596084964492));
#7834=CARTESIAN_POINT('Ctrl Pts',(0.0405950103378649,-1.4,267.29894817258));
#7835=CARTESIAN_POINT('Ctrl Pts',(0.0805943591388825,-1.4,266.727909020559));
#7836=CARTESIAN_POINT('Ctrl Pts',(0.447760583017046,-1.4,266.290667546749));
#7837=CARTESIAN_POINT('Ctrl Pts',(0.623874068260237,-1.4,266.080942046859));
#7838=CARTESIAN_POINT('',(0.623874068260237,-2.,266.080942046859));
#7839=CARTESIAN_POINT('Ctrl Pts',(0.623874068260237,-2.,266.080942046859));
#7840=CARTESIAN_POINT('Ctrl Pts',(0.447760583017046,-2.,266.290667546749));
#7841=CARTESIAN_POINT('Ctrl Pts',(0.0805943591388825,-2.,266.727909020559));
#7842=CARTESIAN_POINT('Ctrl Pts',(0.0405950103378649,-2.,267.29894817258));
#7843=CARTESIAN_POINT('Ctrl Pts',(0.0197815895081044,-2.,267.596084964492));
#7844=CARTESIAN_POINT('',(0.623874068260237,-1.4,266.080942046859));
#7845=CARTESIAN_POINT('Ctrl Pts',(2.41650700569157,-1.4,265.518593681075));
#7846=CARTESIAN_POINT('Ctrl Pts',(2.41650700569157,-2.,265.518593681075));
#7847=CARTESIAN_POINT('Ctrl Pts',(2.05752440601138,-1.4,265.531092087991));
#7848=CARTESIAN_POINT('Ctrl Pts',(2.05752440601138,-2.,265.531092087991));
#7849=CARTESIAN_POINT('Ctrl Pts',(1.40482344835328,-1.4,265.55381664949));
#7850=CARTESIAN_POINT('Ctrl Pts',(1.40482344835328,-2.,265.55381664949));
#7851=CARTESIAN_POINT('Ctrl Pts',(0.866239334686192,-1.4,265.917350281976));
#7852=CARTESIAN_POINT('Ctrl Pts',(0.866239334686192,-2.,265.917350281976));
#7853=CARTESIAN_POINT('Ctrl Pts',(0.623874068260237,-1.4,266.080942046859));
#7854=CARTESIAN_POINT('Ctrl Pts',(0.623874068260237,-2.,266.080942046859));
#7855=CARTESIAN_POINT('',(2.41650700569157,-1.4,265.518593681075));
#7856=CARTESIAN_POINT('Ctrl Pts',(0.623874068260237,-1.4,266.080942046859));
#7857=CARTESIAN_POINT('Ctrl Pts',(0.866239334686192,-1.4,265.917350281976));
#7858=CARTESIAN_POINT('Ctrl Pts',(1.40482344835328,-1.4,265.55381664949));
#7859=CARTESIAN_POINT('Ctrl Pts',(2.05752440601138,-1.4,265.531092087991));
#7860=CARTESIAN_POINT('Ctrl Pts',(2.41650700569157,-1.4,265.518593681075));
#7861=CARTESIAN_POINT('',(2.41650700569157,-2.,265.518593681075));
#7862=CARTESIAN_POINT('Ctrl Pts',(2.41650700569157,-2.,265.518593681075));
#7863=CARTESIAN_POINT('Ctrl Pts',(2.05752440601138,-2.,265.531092087991));
#7864=CARTESIAN_POINT('Ctrl Pts',(1.40482344835328,-2.,265.55381664949));
#7865=CARTESIAN_POINT('Ctrl Pts',(0.866239334686192,-2.,265.917350281976));
#7866=CARTESIAN_POINT('Ctrl Pts',(0.623874068260237,-2.,266.080942046859));
#7867=CARTESIAN_POINT('',(2.41650700569157,-1.4,265.518593681075));
#7868=CARTESIAN_POINT('Ctrl Pts',(4.33929085731511,-1.4,266.088306796767));
#7869=CARTESIAN_POINT('Ctrl Pts',(4.33929085731511,-2.,266.088306796767));
#7870=CARTESIAN_POINT('Ctrl Pts',(4.07962999045505,-1.4,265.922651293302));
#7871=CARTESIAN_POINT('Ctrl Pts',(4.07962999045505,-2.,265.922651293302));
#7872=CARTESIAN_POINT('Ctrl Pts',(3.49663586565294,-1.4,265.550719294347));
#7873=CARTESIAN_POINT('Ctrl Pts',(3.49663586565294,-2.,265.550719294347));
#7874=CARTESIAN_POINT('Ctrl Pts',(2.8018441255203,-1.4,265.530054527785));
#7875=CARTESIAN_POINT('Ctrl Pts',(2.8018441255203,-2.,265.530054527785));
#7876=CARTESIAN_POINT('Ctrl Pts',(2.41650700569157,-1.4,265.518593681075));
#7877=CARTESIAN_POINT('Ctrl Pts',(2.41650700569157,-2.,265.518593681075));
#7878=CARTESIAN_POINT('',(4.33929085731511,-1.4,266.088306796767));
#7879=CARTESIAN_POINT('Ctrl Pts',(2.41650700569157,-1.4,265.518593681075));
#7880=CARTESIAN_POINT('Ctrl Pts',(2.8018441255203,-1.4,265.530054527785));
#7881=CARTESIAN_POINT('Ctrl Pts',(3.49663586565294,-1.4,265.550719294347));
#7882=CARTESIAN_POINT('Ctrl Pts',(4.07962999045505,-1.4,265.922651293302));
#7883=CARTESIAN_POINT('Ctrl Pts',(4.33929085731511,-1.4,266.088306796767));
#7884=CARTESIAN_POINT('',(4.33929085731511,-2.,266.088306796767));
#7885=CARTESIAN_POINT('Ctrl Pts',(4.33929085731511,-2.,266.088306796767));
#7886=CARTESIAN_POINT('Ctrl Pts',(4.07962999045505,-2.,265.922651293302));
#7887=CARTESIAN_POINT('Ctrl Pts',(3.49663586565294,-2.,265.550719294347));
#7888=CARTESIAN_POINT('Ctrl Pts',(2.8018441255203,-2.,265.530054527785));
#7889=CARTESIAN_POINT('Ctrl Pts',(2.41650700569157,-2.,265.518593681075));
#7890=CARTESIAN_POINT('',(4.33929085731511,-1.4,266.088306796767));
#7891=CARTESIAN_POINT('Ctrl Pts',(4.98021841049199,-1.4,267.581350696303));
#7892=CARTESIAN_POINT('Ctrl Pts',(4.98021841049199,-2.,267.581350696303));
#7893=CARTESIAN_POINT('Ctrl Pts',(4.95584340028094,-1.4,267.290414782444));
#7894=CARTESIAN_POINT('Ctrl Pts',(4.95584340028094,-2.,267.290414782444));
#7895=CARTESIAN_POINT('Ctrl Pts',(4.90810212615399,-1.4,266.720583176359));
#7896=CARTESIAN_POINT('Ctrl Pts',(4.90810212615399,-2.,266.720583176359));
#7897=CARTESIAN_POINT('Ctrl Pts',(4.5262048553503,-1.4,266.296075721975));
#7898=CARTESIAN_POINT('Ctrl Pts',(4.5262048553503,-2.,266.296075721975));
#7899=CARTESIAN_POINT('Ctrl Pts',(4.33929085731511,-1.4,266.088306796767));
#7900=CARTESIAN_POINT('Ctrl Pts',(4.33929085731511,-2.,266.088306796767));
#7901=CARTESIAN_POINT('',(4.98021841049199,-1.4,267.581350696303));
#7902=CARTESIAN_POINT('Ctrl Pts',(4.33929085731511,-1.4,266.088306796767));
#7903=CARTESIAN_POINT('Ctrl Pts',(4.5262048553503,-1.4,266.296075721975));
#7904=CARTESIAN_POINT('Ctrl Pts',(4.90810212615399,-1.4,266.720583176359));
#7905=CARTESIAN_POINT('Ctrl Pts',(4.95584340028094,-1.4,267.290414782444));
#7906=CARTESIAN_POINT('Ctrl Pts',(4.98021841049199,-1.4,267.581350696303));
#7907=CARTESIAN_POINT('',(4.98021841049199,-2.,267.581350696303));
#7908=CARTESIAN_POINT('Ctrl Pts',(4.98021841049199,-2.,267.581350696303));
#7909=CARTESIAN_POINT('Ctrl Pts',(4.95584340028094,-2.,267.290414782444));
#7910=CARTESIAN_POINT('Ctrl Pts',(4.90810212615399,-2.,266.720583176359));
#7911=CARTESIAN_POINT('Ctrl Pts',(4.5262048553503,-2.,266.296075721975));
#7912=CARTESIAN_POINT('Ctrl Pts',(4.33929085731511,-2.,266.088306796767));
#7913=CARTESIAN_POINT('',(4.98021841049199,-1.4,267.581350696303));
#7914=CARTESIAN_POINT('Ctrl Pts',(4.80095505714421,-1.4,268.497311961867));
#7915=CARTESIAN_POINT('Ctrl Pts',(4.80095505714421,-2.,268.497311961867));
#7916=CARTESIAN_POINT('Ctrl Pts',(4.85323452004839,-1.4,268.345893150424));
#7917=CARTESIAN_POINT('Ctrl Pts',(4.85323452004839,-2.,268.345893150424));
#7918=CARTESIAN_POINT('Ctrl Pts',(4.9557869455926,-1.4,268.048867023452));
#7919=CARTESIAN_POINT('Ctrl Pts',(4.9557869455926,-2.,268.048867023452));
#7920=CARTESIAN_POINT('Ctrl Pts',(4.97218151206352,-1.4,267.735143407891));
#7921=CARTESIAN_POINT('Ctrl Pts',(4.97218151206352,-2.,267.735143407891));
#7922=CARTESIAN_POINT('Ctrl Pts',(4.98021841049199,-1.4,267.581350696303));
#7923=CARTESIAN_POINT('Ctrl Pts',(4.98021841049199,-2.,267.581350696303));
#7924=CARTESIAN_POINT('',(4.80095505714421,-1.4,268.497311961867));
#7925=CARTESIAN_POINT('Ctrl Pts',(4.98021841049199,-1.4,267.581350696303));
#7926=CARTESIAN_POINT('Ctrl Pts',(4.97218151206352,-1.4,267.735143407891));
#7927=CARTESIAN_POINT('Ctrl Pts',(4.9557869455926,-1.4,268.048867023452));
#7928=CARTESIAN_POINT('Ctrl Pts',(4.85323452004839,-1.4,268.345893150424));
#7929=CARTESIAN_POINT('Ctrl Pts',(4.80095505714421,-1.4,268.497311961867));
#7930=CARTESIAN_POINT('',(4.80095505714421,-2.,268.497311961867));
#7931=CARTESIAN_POINT('Ctrl Pts',(4.80095505714421,-2.,268.497311961867));
#7932=CARTESIAN_POINT('Ctrl Pts',(4.85323452004839,-2.,268.345893150424));
#7933=CARTESIAN_POINT('Ctrl Pts',(4.9557869455926,-2.,268.048867023452));
#7934=CARTESIAN_POINT('Ctrl Pts',(4.97218151206352,-2.,267.735143407891));
#7935=CARTESIAN_POINT('Ctrl Pts',(4.98021841049199,-2.,267.581350696303));
#7936=CARTESIAN_POINT('',(4.80095505714421,-1.4,268.497311961867));
#7937=CARTESIAN_POINT('Ctrl Pts',(4.36630249023443,-1.4,269.285581004836));
#7938=CARTESIAN_POINT('Ctrl Pts',(4.36630249023443,-2.,269.285581004836));
#7939=CARTESIAN_POINT('Ctrl Pts',(4.44941953755505,-1.4,269.16745413489));
#7940=CARTESIAN_POINT('Ctrl Pts',(4.44941953755505,-2.,269.16745413489));
#7941=CARTESIAN_POINT('Ctrl Pts',(4.6230624527256,-1.4,268.920670897053));
#7942=CARTESIAN_POINT('Ctrl Pts',(4.6230624527256,-2.,268.920670897053));
#7943=CARTESIAN_POINT('Ctrl Pts',(4.73999447650729,-1.4,268.64238941796));
#7944=CARTESIAN_POINT('Ctrl Pts',(4.73999447650729,-2.,268.64238941796));
#7945=CARTESIAN_POINT('Ctrl Pts',(4.80095505714421,-1.4,268.497311961867));
#7946=CARTESIAN_POINT('Ctrl Pts',(4.80095505714421,-2.,268.497311961867));
#7947=CARTESIAN_POINT('',(4.36630249023443,-1.4,269.285581004836));
#7948=CARTESIAN_POINT('Ctrl Pts',(4.80095505714421,-1.4,268.497311961867));
#7949=CARTESIAN_POINT('Ctrl Pts',(4.73999447650729,-1.4,268.64238941796));
#7950=CARTESIAN_POINT('Ctrl Pts',(4.6230624527256,-1.4,268.920670897053));
#7951=CARTESIAN_POINT('Ctrl Pts',(4.44941953755505,-1.4,269.16745413489));
#7952=CARTESIAN_POINT('Ctrl Pts',(4.36630249023443,-1.4,269.285581004836));
#7953=CARTESIAN_POINT('',(4.36630249023443,-2.,269.285581004836));
#7954=CARTESIAN_POINT('Ctrl Pts',(4.36630249023443,-2.,269.285581004836));
#7955=CARTESIAN_POINT('Ctrl Pts',(4.44941953755505,-2.,269.16745413489));
#7956=CARTESIAN_POINT('Ctrl Pts',(4.6230624527256,-2.,268.920670897053));
#7957=CARTESIAN_POINT('Ctrl Pts',(4.73999447650729,-2.,268.64238941796));
#7958=CARTESIAN_POINT('Ctrl Pts',(4.80095505714421,-2.,268.497311961867));
#7959=CARTESIAN_POINT('',(4.36630249023443,-1.4,269.285581004836));
#7960=CARTESIAN_POINT('Origin',(3.45279693603521,-1.4,269.285581004836));
#7961=CARTESIAN_POINT('',(3.45279693603521,-1.4,269.285581004836));
#7962=CARTESIAN_POINT('',(4.36630249023443,-1.4,269.285581004836));
#7963=CARTESIAN_POINT('',(3.45279693603521,-2.,269.285581004836));
#7964=CARTESIAN_POINT('',(4.36630249023443,-2.,269.285581004836));
#7965=CARTESIAN_POINT('',(3.45279693603521,-1.4,269.285581004836));
#7966=CARTESIAN_POINT('Origin',(3.4527969360352,-1.4,267.620642078139));
#7967=CARTESIAN_POINT('',(3.4527969360352,-1.4,267.620642078139));
#7968=CARTESIAN_POINT('',(3.45279693603521,-1.4,269.285581004836));
#7969=CARTESIAN_POINT('',(3.4527969360352,-2.,267.620642078139));
#7970=CARTESIAN_POINT('',(3.45279693603521,-2.,269.285581004836));
#7971=CARTESIAN_POINT('',(3.4527969360352,-1.4,267.620642078139));
#7972=CARTESIAN_POINT('Origin',(2.23969936370854,-1.4,267.620642078139));
#7973=CARTESIAN_POINT('',(3.4527969360352,-1.4,267.620642078139));
#7974=CARTESIAN_POINT('',(3.4527969360352,-2.,267.620642078139));
#7975=CARTESIAN_POINT('Origin',(2.50000000000006,-1.4,266.18162591479));
#7976=CARTESIAN_POINT('Origin',(2.50000000000006,-2.,266.18162591479));
#7977=CARTESIAN_POINT('Origin',(0.118007659912137,-1.4,257.611364019133));
#7978=CARTESIAN_POINT('',(0.11800765991214,-1.4,259.747789991118));
#7979=CARTESIAN_POINT('',(0.118007659912137,-1.4,257.611364019133));
#7980=CARTESIAN_POINT('',(0.118007659912142,-1.4,259.747789991118));
#7981=CARTESIAN_POINT('',(0.11800765991214,-2.,259.747789991118));
#7982=CARTESIAN_POINT('',(0.11800765991214,-1.4,259.747789991118));
#7983=CARTESIAN_POINT('',(0.118007659912137,-2.,257.611364019133));
#7984=CARTESIAN_POINT('',(0.118007659912142,-2.,259.747789991118));
#7985=CARTESIAN_POINT('',(0.118007659912137,-1.4,257.611364019133));
#7986=CARTESIAN_POINT('Origin',(-1.10000073909757,-1.4,257.611364019133));
#7987=CARTESIAN_POINT('',(-1.10000073909757,-1.4,257.611364019133));
#7988=CARTESIAN_POINT('',(0.118007659912137,-1.4,257.611364019133));
#7989=CARTESIAN_POINT('',(-1.10000073909757,-2.,257.611364019133));
#7990=CARTESIAN_POINT('',(0.118007659912137,-2.,257.611364019133));
#7991=CARTESIAN_POINT('',(-1.10000073909757,-1.4,257.611364019133));
#7992=CARTESIAN_POINT('Origin',(-1.10000073909756,-1.4,263.333055865981));
#7993=CARTESIAN_POINT('',(-1.10000073909756,-1.4,263.333055865981));
#7994=CARTESIAN_POINT('',(-1.10000073909757,-1.4,257.611364019133));
#7995=CARTESIAN_POINT('',(-1.10000073909756,-2.,263.333055865981));
#7996=CARTESIAN_POINT('',(-1.10000073909757,-2.,257.611364019133));
#7997=CARTESIAN_POINT('',(-1.10000073909756,-1.4,263.333055865981));
#7998=CARTESIAN_POINT('Origin',(0.118007659912148,-1.4,263.333055865981));
#7999=CARTESIAN_POINT('',(0.118007659912148,-1.4,263.333055865981));
#8000=CARTESIAN_POINT('',(-1.10000073909756,-1.4,263.333055865981));
#8001=CARTESIAN_POINT('',(0.118007659912148,-2.,263.333055865981));
#8002=CARTESIAN_POINT('',(-1.10000073909756,-2.,263.333055865981));
#8003=CARTESIAN_POINT('',(0.118007659912148,-1.4,263.333055865981));
#8004=CARTESIAN_POINT('Origin',(0.118007659912144,-1.4,261.201541316726));
#8005=CARTESIAN_POINT('',(0.118007659912144,-1.4,261.201541316726));
#8006=CARTESIAN_POINT('',(0.118007659912148,-1.4,263.333055865981));
#8007=CARTESIAN_POINT('',(0.118007659912144,-2.,261.201541316726));
#8008=CARTESIAN_POINT('',(0.118007659912148,-2.,263.333055865981));
#8009=CARTESIAN_POINT('',(0.118007659912144,-1.4,261.201541316726));
#8010=CARTESIAN_POINT('Origin',(6.10000014305118,-1.4,261.201541316726));
#8011=CARTESIAN_POINT('',(6.10000014305118,-1.4,261.201541316726));
#8012=CARTESIAN_POINT('',(0.118007659912144,-1.4,261.201541316726));
#8013=CARTESIAN_POINT('',(6.10000014305118,-2.,261.201541316726));
#8014=CARTESIAN_POINT('',(0.118007659912144,-2.,261.201541316726));
#8015=CARTESIAN_POINT('',(6.10000014305118,-1.4,261.201541316726));
#8016=CARTESIAN_POINT('Origin',(6.10000014305118,-1.4,259.747789991118));
#8017=CARTESIAN_POINT('',(6.10000014305118,-1.4,259.747789991118));
#8018=CARTESIAN_POINT('',(6.10000014305118,-1.4,261.201541316726));
#8019=CARTESIAN_POINT('',(6.10000014305118,-2.,259.747789991118));
#8020=CARTESIAN_POINT('',(6.10000014305118,-2.,261.201541316726));
#8021=CARTESIAN_POINT('',(6.10000014305118,-1.4,259.747789991118));
#8022=CARTESIAN_POINT('Origin',(0.11800765991214,-1.4,259.747789991118));
#8023=CARTESIAN_POINT('',(6.10000014305118,-1.4,259.747789991118));
#8024=CARTESIAN_POINT('',(6.10000014305118,-2.,259.747789991118));
#8025=CARTESIAN_POINT('Origin',(2.50000000000006,-1.4,266.18162591479));
#8026=CARTESIAN_POINT('Origin',(2.50000000000006,-2.,266.18162591479));
#8027=CARTESIAN_POINT('Origin',(2.16111838817597,-1.4,246.958703291633));
#8028=CARTESIAN_POINT('',(2.16111838817597,-1.4,246.163068902709));
#8029=CARTESIAN_POINT('',(2.16111838817597,-1.4,246.958703291633));
#8030=CARTESIAN_POINT('',(2.16111838817597,-1.4,246.163068902709));
#8031=CARTESIAN_POINT('',(2.16111838817597,-2.,246.163068902709));
#8032=CARTESIAN_POINT('',(2.16111838817597,-1.4,246.163068902709));
#8033=CARTESIAN_POINT('',(2.16111838817597,-2.,246.958703291633));
#8034=CARTESIAN_POINT('',(2.16111838817597,-2.,246.163068902709));
#8035=CARTESIAN_POINT('',(2.16111838817597,-1.4,246.958703291633));
#8036=CARTESIAN_POINT('Ctrl Pts',(2.04815804958344,-1.4,248.107952964522));
#8037=CARTESIAN_POINT('Ctrl Pts',(2.04815804958344,-2.,248.107952964522));
#8038=CARTESIAN_POINT('Ctrl Pts',(2.08066964929748,-1.4,247.964387291387));
#8039=CARTESIAN_POINT('Ctrl Pts',(2.08066964929748,-2.,247.964387291387));
#8040=CARTESIAN_POINT('Ctrl Pts',(2.16615464906377,-1.4,247.58690012858));
#8041=CARTESIAN_POINT('Ctrl Pts',(2.16615464906377,-2.,247.58690012858));
#8042=CARTESIAN_POINT('Ctrl Pts',(2.16304523308481,-1.4,247.199047845656));
#8043=CARTESIAN_POINT('Ctrl Pts',(2.16304523308481,-2.,247.199047845656));
#8044=CARTESIAN_POINT('Ctrl Pts',(2.16111838817597,-1.4,246.958703291633));
#8045=CARTESIAN_POINT('Ctrl Pts',(2.16111838817597,-2.,246.958703291633));
#8046=CARTESIAN_POINT('',(2.04815804958344,-1.4,248.107952964522));
#8047=CARTESIAN_POINT('Ctrl Pts',(2.16111838817597,-1.4,246.958703291633));
#8048=CARTESIAN_POINT('Ctrl Pts',(2.16304523308481,-1.4,247.199047845656));
#8049=CARTESIAN_POINT('Ctrl Pts',(2.16615464906377,-1.4,247.58690012858));
#8050=CARTESIAN_POINT('Ctrl Pts',(2.08066964929748,-1.4,247.964387291387));
#8051=CARTESIAN_POINT('Ctrl Pts',(2.04815804958344,-1.4,248.107952964522));
#8052=CARTESIAN_POINT('',(2.04815804958344,-2.,248.107952964522));
#8053=CARTESIAN_POINT('Ctrl Pts',(2.04815804958344,-2.,248.107952964522));
#8054=CARTESIAN_POINT('Ctrl Pts',(2.08066964929748,-2.,247.964387291387));
#8055=CARTESIAN_POINT('Ctrl Pts',(2.16615464906377,-2.,247.58690012858));
#8056=CARTESIAN_POINT('Ctrl Pts',(2.16304523308481,-2.,247.199047845656));
#8057=CARTESIAN_POINT('Ctrl Pts',(2.16111838817597,-2.,246.958703291633));
#8058=CARTESIAN_POINT('',(2.04815804958344,-1.4,248.107952964522));
#8059=CARTESIAN_POINT('Ctrl Pts',(1.69454276561738,-1.4,248.562250626304));
#8060=CARTESIAN_POINT('Ctrl Pts',(1.69454276561738,-2.,248.562250626304));
#8061=CARTESIAN_POINT('Ctrl Pts',(1.76975195967486,-1.4,248.501378928641));
#8062=CARTESIAN_POINT('Ctrl Pts',(1.76975195967486,-2.,248.501378928641));
#8063=CARTESIAN_POINT('Ctrl Pts',(1.9228183386995,-1.4,248.377492341861));
#8064=CARTESIAN_POINT('Ctrl Pts',(1.9228183386995,-2.,248.377492341861));
#8065=CARTESIAN_POINT('Ctrl Pts',(2.00589905753719,-1.4,248.198829689247));
#8066=CARTESIAN_POINT('Ctrl Pts',(2.00589905753719,-2.,248.198829689247));
#8067=CARTESIAN_POINT('Ctrl Pts',(2.04815804958344,-1.4,248.107952964522));
#8068=CARTESIAN_POINT('Ctrl Pts',(2.04815804958344,-2.,248.107952964522));
#8069=CARTESIAN_POINT('',(1.69454276561738,-1.4,248.562250626304));
#8070=CARTESIAN_POINT('Ctrl Pts',(2.04815804958344,-1.4,248.107952964522));
#8071=CARTESIAN_POINT('Ctrl Pts',(2.00589905753719,-1.4,248.198829689247));
#8072=CARTESIAN_POINT('Ctrl Pts',(1.9228183386995,-1.4,248.377492341861));
#8073=CARTESIAN_POINT('Ctrl Pts',(1.76975195967486,-1.4,248.501378928641));
#8074=CARTESIAN_POINT('Ctrl Pts',(1.69454276561738,-1.4,248.562250626304));
#8075=CARTESIAN_POINT('',(1.69454276561738,-2.,248.562250626304));
#8076=CARTESIAN_POINT('Ctrl Pts',(1.69454276561738,-2.,248.562250626304));
#8077=CARTESIAN_POINT('Ctrl Pts',(1.76975195967486,-2.,248.501378928641));
#8078=CARTESIAN_POINT('Ctrl Pts',(1.9228183386995,-2.,248.377492341861));
#8079=CARTESIAN_POINT('Ctrl Pts',(2.00589905753719,-2.,248.198829689247));
#8080=CARTESIAN_POINT('Ctrl Pts',(2.04815804958344,-2.,248.107952964522));
#8081=CARTESIAN_POINT('',(1.69454276561738,-1.4,248.562250626304));
#8082=CARTESIAN_POINT('Ctrl Pts',(1.13465189933778,-1.4,248.726779711463));
#8083=CARTESIAN_POINT('Ctrl Pts',(1.13465189933778,-2.,248.726779711463));
#8084=CARTESIAN_POINT('Ctrl Pts',(1.23676369244037,-1.4,248.720614981326));
#8085=CARTESIAN_POINT('Ctrl Pts',(1.23676369244037,-2.,248.720614981326));
#8086=CARTESIAN_POINT('Ctrl Pts',(1.43614725348748,-1.4,248.708577724802));
#8087=CARTESIAN_POINT('Ctrl Pts',(1.43614725348748,-2.,248.708577724802));
#8088=CARTESIAN_POINT('Ctrl Pts',(1.60981619630464,-1.4,248.610230534898));
#8089=CARTESIAN_POINT('Ctrl Pts',(1.60981619630464,-2.,248.610230534898));
#8090=CARTESIAN_POINT('Ctrl Pts',(1.69454276561738,-1.4,248.562250626304));
#8091=CARTESIAN_POINT('Ctrl Pts',(1.69454276561738,-2.,248.562250626304));
#8092=CARTESIAN_POINT('',(1.13465189933778,-1.4,248.726779711463));
#8093=CARTESIAN_POINT('Ctrl Pts',(1.69454276561738,-1.4,248.562250626304));
#8094=CARTESIAN_POINT('Ctrl Pts',(1.60981619630464,-1.4,248.610230534898));
#8095=CARTESIAN_POINT('Ctrl Pts',(1.43614725348748,-1.4,248.708577724802));
#8096=CARTESIAN_POINT('Ctrl Pts',(1.23676369244037,-1.4,248.720614981326));
#8097=CARTESIAN_POINT('Ctrl Pts',(1.13465189933778,-1.4,248.726779711463));
#8098=CARTESIAN_POINT('',(1.13465189933778,-2.,248.726779711463));
#8099=CARTESIAN_POINT('Ctrl Pts',(1.13465189933778,-2.,248.726779711463));
#8100=CARTESIAN_POINT('Ctrl Pts',(1.23676369244037,-2.,248.720614981326));
#8101=CARTESIAN_POINT('Ctrl Pts',(1.43614725348748,-2.,248.708577724802));
#8102=CARTESIAN_POINT('Ctrl Pts',(1.60981619630464,-2.,248.610230534898));
#8103=CARTESIAN_POINT('Ctrl Pts',(1.69454276561738,-2.,248.562250626304));
#8104=CARTESIAN_POINT('',(1.13465189933778,-1.4,248.726779711463));
#8105=CARTESIAN_POINT('Ctrl Pts',(0.486357212066659,-1.4,248.495947611548));
#8106=CARTESIAN_POINT('Ctrl Pts',(0.486357212066659,-2.,248.495947611548));
#8107=CARTESIAN_POINT('Ctrl Pts',(0.57945485065383,-1.4,248.563248877898));
#8108=CARTESIAN_POINT('Ctrl Pts',(0.57945485065383,-2.,248.563248877898));
#8109=CARTESIAN_POINT('Ctrl Pts',(0.772709446679856,-1.4,248.702954666766));
#8110=CARTESIAN_POINT('Ctrl Pts',(0.772709446679856,-2.,248.702954666766));
#8111=CARTESIAN_POINT('Ctrl Pts',(1.01110170372316,-1.4,248.718646957454));
#8112=CARTESIAN_POINT('Ctrl Pts',(1.01110170372316,-2.,248.718646957454));
#8113=CARTESIAN_POINT('Ctrl Pts',(1.13465189933778,-1.4,248.726779711463));
#8114=CARTESIAN_POINT('Ctrl Pts',(1.13465189933778,-2.,248.726779711463));
#8115=CARTESIAN_POINT('',(0.486357212066659,-1.4,248.495947611548));
#8116=CARTESIAN_POINT('Ctrl Pts',(1.13465189933778,-1.4,248.726779711463));
#8117=CARTESIAN_POINT('Ctrl Pts',(1.01110170372316,-1.4,248.718646957454));
#8118=CARTESIAN_POINT('Ctrl Pts',(0.772709446679856,-1.4,248.702954666766));
#8119=CARTESIAN_POINT('Ctrl Pts',(0.57945485065383,-1.4,248.563248877898));
#8120=CARTESIAN_POINT('Ctrl Pts',(0.486357212066659,-1.4,248.495947611548));
#8121=CARTESIAN_POINT('',(0.486357212066659,-2.,248.495947611548));
#8122=CARTESIAN_POINT('Ctrl Pts',(0.486357212066659,-2.,248.495947611548));
#8123=CARTESIAN_POINT('Ctrl Pts',(0.57945485065383,-2.,248.563248877898));
#8124=CARTESIAN_POINT('Ctrl Pts',(0.772709446679856,-2.,248.702954666766));
#8125=CARTESIAN_POINT('Ctrl Pts',(1.01110170372316,-2.,248.718646957454));
#8126=CARTESIAN_POINT('Ctrl Pts',(1.13465189933778,-2.,248.726779711463));
#8127=CARTESIAN_POINT('',(0.486357212066659,-1.4,248.495947611548));
#8128=CARTESIAN_POINT('Ctrl Pts',(0.167121291160591,-1.4,247.911500227668));
#8129=CARTESIAN_POINT('Ctrl Pts',(0.167121291160591,-2.,247.911500227668));
#8130=CARTESIAN_POINT('Ctrl Pts',(0.195880137089434,-1.4,248.023796748126));
#8131=CARTESIAN_POINT('Ctrl Pts',(0.195880137089434,-2.,248.023796748126));
#8132=CARTESIAN_POINT('Ctrl Pts',(0.252736705699325,-1.4,248.245808258457));
#8133=CARTESIAN_POINT('Ctrl Pts',(0.252736705699325,-2.,248.245808258457));
#8134=CARTESIAN_POINT('Ctrl Pts',(0.409089729744485,-1.4,248.413216697454));
#8135=CARTESIAN_POINT('Ctrl Pts',(0.409089729744485,-2.,248.413216697454));
#8136=CARTESIAN_POINT('Ctrl Pts',(0.486357212066659,-1.4,248.495947611548));
#8137=CARTESIAN_POINT('Ctrl Pts',(0.486357212066659,-2.,248.495947611548));
#8138=CARTESIAN_POINT('',(0.167121291160591,-1.4,247.911500227668));
#8139=CARTESIAN_POINT('Ctrl Pts',(0.486357212066659,-1.4,248.495947611548));
#8140=CARTESIAN_POINT('Ctrl Pts',(0.409089729744485,-1.4,248.413216697454));
#8141=CARTESIAN_POINT('Ctrl Pts',(0.252736705699325,-1.4,248.245808258457));
#8142=CARTESIAN_POINT('Ctrl Pts',(0.195880137089434,-1.4,248.023796748126));
#8143=CARTESIAN_POINT('Ctrl Pts',(0.167121291160591,-1.4,247.911500227668));
#8144=CARTESIAN_POINT('',(0.167121291160591,-2.,247.911500227668));
#8145=CARTESIAN_POINT('Ctrl Pts',(0.167121291160591,-2.,247.911500227668));
#8146=CARTESIAN_POINT('Ctrl Pts',(0.195880137089434,-2.,248.023796748126));
#8147=CARTESIAN_POINT('Ctrl Pts',(0.252736705699325,-2.,248.245808258457));
#8148=CARTESIAN_POINT('Ctrl Pts',(0.409089729744485,-2.,248.413216697454));
#8149=CARTESIAN_POINT('Ctrl Pts',(0.486357212066659,-2.,248.495947611548));
#8150=CARTESIAN_POINT('',(0.167121291160591,-1.4,247.911500227668));
#8151=CARTESIAN_POINT('Ctrl Pts',(0.118007659912116,-1.4,246.865388047911));
#8152=CARTESIAN_POINT('Ctrl Pts',(0.118007659912116,-2.,246.865388047911));
#8153=CARTESIAN_POINT('Ctrl Pts',(0.116998852695932,-1.4,247.083820047042));
#8154=CARTESIAN_POINT('Ctrl Pts',(0.116998852695932,-2.,247.083820047042));
#8155=CARTESIAN_POINT('Ctrl Pts',(0.115383717772716,-1.4,247.433537162943));
#8156=CARTESIAN_POINT('Ctrl Pts',(0.115383717772716,-2.,247.433537162943));
#8157=CARTESIAN_POINT('Ctrl Pts',(0.152999998363413,-1.4,247.781044623718));
#8158=CARTESIAN_POINT('Ctrl Pts',(0.152999998363413,-2.,247.781044623718));
#8159=CARTESIAN_POINT('Ctrl Pts',(0.167121291160591,-1.4,247.911500227668));
#8160=CARTESIAN_POINT('Ctrl Pts',(0.167121291160591,-2.,247.911500227668));
#8161=CARTESIAN_POINT('',(0.118007659912116,-1.4,246.865388047911));
#8162=CARTESIAN_POINT('Ctrl Pts',(0.167121291160591,-1.4,247.911500227668));
#8163=CARTESIAN_POINT('Ctrl Pts',(0.152999998363413,-1.4,247.781044623718));
#8164=CARTESIAN_POINT('Ctrl Pts',(0.115383717772716,-1.4,247.433537162943));
#8165=CARTESIAN_POINT('Ctrl Pts',(0.116998852695932,-1.4,247.083820047042));
#8166=CARTESIAN_POINT('Ctrl Pts',(0.118007659912116,-1.4,246.865388047911));
#8167=CARTESIAN_POINT('',(0.118007659912116,-2.,246.865388047911));
#8168=CARTESIAN_POINT('Ctrl Pts',(0.118007659912116,-2.,246.865388047911));
#8169=CARTESIAN_POINT('Ctrl Pts',(0.116998852695932,-2.,247.083820047042));
#8170=CARTESIAN_POINT('Ctrl Pts',(0.115383717772716,-2.,247.433537162943));
#8171=CARTESIAN_POINT('Ctrl Pts',(0.152999998363413,-2.,247.781044623718));
#8172=CARTESIAN_POINT('Ctrl Pts',(0.167121291160591,-2.,247.911500227668));
#8173=CARTESIAN_POINT('',(0.118007659912116,-1.4,246.865388047911));
#8174=CARTESIAN_POINT('Origin',(0.118007659912115,-1.4,246.163068902709));
#8175=CARTESIAN_POINT('',(0.118007659912114,-1.4,246.163068902709));
#8176=CARTESIAN_POINT('',(0.118007659912116,-1.4,246.865388047911));
#8177=CARTESIAN_POINT('',(0.118007659912114,-2.,246.163068902709));
#8178=CARTESIAN_POINT('',(0.118007659912116,-2.,246.865388047911));
#8179=CARTESIAN_POINT('',(0.118007659912114,-1.4,246.163068902709));
#8180=CARTESIAN_POINT('Origin',(2.16111838817597,-1.4,246.163068902709));
#8181=CARTESIAN_POINT('',(0.118007659912114,-1.4,246.163068902709));
#8182=CARTESIAN_POINT('',(0.118007659912114,-2.,246.163068902709));
#8183=CARTESIAN_POINT('Origin',(-1.10000073909759,-1.4,247.042195689895));
#8184=CARTESIAN_POINT('',(-1.10000073909759,-1.4,244.709316981055));
#8185=CARTESIAN_POINT('',(-1.10000073909759,-1.4,247.042195689895));
#8186=CARTESIAN_POINT('',(-1.10000073909759,-1.4,244.709316981055));
#8187=CARTESIAN_POINT('',(-1.10000073909759,-2.,244.709316981055));
#8188=CARTESIAN_POINT('',(-1.10000073909759,-1.4,244.709316981055));
#8189=CARTESIAN_POINT('',(-1.10000073909759,-2.,247.042195689895));
#8190=CARTESIAN_POINT('',(-1.10000073909759,-2.,244.709316981055));
#8191=CARTESIAN_POINT('',(-1.10000073909759,-1.4,247.042195689895));
#8192=CARTESIAN_POINT('Ctrl Pts',(-0.9919512271881,-1.4,248.770981919982));
#8193=CARTESIAN_POINT('Ctrl Pts',(-0.9919512271881,-2.,248.770981919982));
#8194=CARTESIAN_POINT('Ctrl Pts',(-1.0229712182779,-1.4,248.560100025469));
#8195=CARTESIAN_POINT('Ctrl Pts',(-1.0229712182779,-2.,248.560100025469));
#8196=CARTESIAN_POINT('Ctrl Pts',(-1.10719780659728,-1.4,247.987505969534));
#8197=CARTESIAN_POINT('Ctrl Pts',(-1.10719780659728,-2.,247.987505969534));
#8198=CARTESIAN_POINT('Ctrl Pts',(-1.10278704918828,-1.4,247.40816802114));
#8199=CARTESIAN_POINT('Ctrl Pts',(-1.10278704918828,-2.,247.40816802114));
#8200=CARTESIAN_POINT('Ctrl Pts',(-1.10000073909759,-1.4,247.042195689895));
#8201=CARTESIAN_POINT('Ctrl Pts',(-1.10000073909759,-2.,247.042195689895));
#8202=CARTESIAN_POINT('',(-0.9919512271881,-1.4,248.770981919982));
#8203=CARTESIAN_POINT('Ctrl Pts',(-1.10000073909759,-1.4,247.042195689895));
#8204=CARTESIAN_POINT('Ctrl Pts',(-1.10278704918828,-1.4,247.40816802114));
#8205=CARTESIAN_POINT('Ctrl Pts',(-1.10719780659728,-1.4,247.987505969534));
#8206=CARTESIAN_POINT('Ctrl Pts',(-1.0229712182779,-1.4,248.560100025469));
#8207=CARTESIAN_POINT('Ctrl Pts',(-0.9919512271881,-1.4,248.770981919982));
#8208=CARTESIAN_POINT('',(-0.9919512271881,-2.,248.770981919982));
#8209=CARTESIAN_POINT('Ctrl Pts',(-0.9919512271881,-2.,248.770981919982));
#8210=CARTESIAN_POINT('Ctrl Pts',(-1.0229712182779,-2.,248.560100025469));
#8211=CARTESIAN_POINT('Ctrl Pts',(-1.10719780659728,-2.,247.987505969534));
#8212=CARTESIAN_POINT('Ctrl Pts',(-1.10278704918828,-2.,247.40816802114));
#8213=CARTESIAN_POINT('Ctrl Pts',(-1.10000073909759,-2.,247.042195689895));
#8214=CARTESIAN_POINT('',(-0.9919512271881,-1.4,248.770981919982));
#8215=CARTESIAN_POINT('Ctrl Pts',(-0.287176370620715,-1.4,249.807271254279));
#8216=CARTESIAN_POINT('Ctrl Pts',(-0.287176370620715,-2.,249.807271254279));
#8217=CARTESIAN_POINT('Ctrl Pts',(-0.451689815854881,-1.4,249.661693502844));
#8218=CARTESIAN_POINT('Ctrl Pts',(-0.451689815854881,-2.,249.661693502844));
#8219=CARTESIAN_POINT('Ctrl Pts',(-0.774762076509137,-1.4,249.375807244792));
#8220=CARTESIAN_POINT('Ctrl Pts',(-0.774762076509137,-2.,249.375807244792));
#8221=CARTESIAN_POINT('Ctrl Pts',(-0.920449913912302,-1.4,248.970097782313));
#8222=CARTESIAN_POINT('Ctrl Pts',(-0.920449913912302,-2.,248.970097782313));
#8223=CARTESIAN_POINT('Ctrl Pts',(-0.9919512271881,-1.4,248.770981919982));
#8224=CARTESIAN_POINT('Ctrl Pts',(-0.9919512271881,-2.,248.770981919982));
#8225=CARTESIAN_POINT('',(-0.287176370620715,-1.4,249.807271254279));
#8226=CARTESIAN_POINT('Ctrl Pts',(-0.9919512271881,-1.4,248.770981919982));
#8227=CARTESIAN_POINT('Ctrl Pts',(-0.920449913912302,-1.4,248.970097782313));
#8228=CARTESIAN_POINT('Ctrl Pts',(-0.774762076509137,-1.4,249.375807244792));
#8229=CARTESIAN_POINT('Ctrl Pts',(-0.451689815854881,-1.4,249.661693502844));
#8230=CARTESIAN_POINT('Ctrl Pts',(-0.287176370620715,-1.4,249.807271254279));
#8231=CARTESIAN_POINT('',(-0.287176370620715,-2.,249.807271254279));
#8232=CARTESIAN_POINT('Ctrl Pts',(-0.287176370620715,-2.,249.807271254279));
#8233=CARTESIAN_POINT('Ctrl Pts',(-0.451689815854881,-2.,249.661693502844));
#8234=CARTESIAN_POINT('Ctrl Pts',(-0.774762076509137,-2.,249.375807244792));
#8235=CARTESIAN_POINT('Ctrl Pts',(-0.920449913912302,-2.,248.970097782313));
#8236=CARTESIAN_POINT('Ctrl Pts',(-0.9919512271881,-2.,248.770981919982));
#8237=CARTESIAN_POINT('',(-0.287176370620715,-1.4,249.807271254279));
#8238=CARTESIAN_POINT('Ctrl Pts',(1.11500620841981,-1.4,250.224733841636));
#8239=CARTESIAN_POINT('Ctrl Pts',(1.11500620841981,-2.,250.224733841636));
#8240=CARTESIAN_POINT('Ctrl Pts',(0.848088838465629,-1.4,250.212023990985));
#8241=CARTESIAN_POINT('Ctrl Pts',(0.848088838465629,-2.,250.212023990985));
#8242=CARTESIAN_POINT('Ctrl Pts',(0.345097787645974,-1.4,250.188072978971));
#8243=CARTESIAN_POINT('Ctrl Pts',(0.345097787645974,-2.,250.188072978971));
#8244=CARTESIAN_POINT('Ctrl Pts',(-0.0852139694142573,-1.4,249.928907778083));
#8245=CARTESIAN_POINT('Ctrl Pts',(-0.0852139694142573,-2.,249.928907778083));
#8246=CARTESIAN_POINT('Ctrl Pts',(-0.287176370620715,-1.4,249.807271254279));
#8247=CARTESIAN_POINT('Ctrl Pts',(-0.287176370620715,-2.,249.807271254279));
#8248=CARTESIAN_POINT('',(1.11500620841981,-1.4,250.224733841636));
#8249=CARTESIAN_POINT('Ctrl Pts',(-0.287176370620715,-1.4,249.807271254279));
#8250=CARTESIAN_POINT('Ctrl Pts',(-0.0852139694142573,-1.4,249.928907778083));
#8251=CARTESIAN_POINT('Ctrl Pts',(0.345097787645974,-1.4,250.188072978971));
#8252=CARTESIAN_POINT('Ctrl Pts',(0.848088838465629,-1.4,250.212023990985));
#8253=CARTESIAN_POINT('Ctrl Pts',(1.11500620841981,-1.4,250.224733841636));
#8254=CARTESIAN_POINT('',(1.11500620841981,-2.,250.224733841636));
#8255=CARTESIAN_POINT('Ctrl Pts',(1.11500620841981,-2.,250.224733841636));
#8256=CARTESIAN_POINT('Ctrl Pts',(0.848088838465629,-2.,250.212023990985));
#8257=CARTESIAN_POINT('Ctrl Pts',(0.345097787645974,-2.,250.188072978971));
#8258=CARTESIAN_POINT('Ctrl Pts',(-0.0852139694142573,-2.,249.928907778083));
#8259=CARTESIAN_POINT('Ctrl Pts',(-0.287176370620715,-2.,249.807271254279));
#8260=CARTESIAN_POINT('',(1.11500620841981,-1.4,250.224733841636));
#8261=CARTESIAN_POINT('Ctrl Pts',(2.22987711429597,-1.4,249.984078896262));
#8262=CARTESIAN_POINT('Ctrl Pts',(2.22987711429597,-2.,249.984078896262));
#8263=CARTESIAN_POINT('Ctrl Pts',(2.06389676220286,-1.4,250.054185010358));
#8264=CARTESIAN_POINT('Ctrl Pts',(2.06389676220286,-2.,250.054185010358));
#8265=CARTESIAN_POINT('Ctrl Pts',(1.70801326776865,-1.4,250.204501650558));
#8266=CARTESIAN_POINT('Ctrl Pts',(1.70801326776865,-2.,250.204501650558));
#8267=CARTESIAN_POINT('Ctrl Pts',(1.32133940973481,-1.4,250.217694173745));
#8268=CARTESIAN_POINT('Ctrl Pts',(1.32133940973481,-2.,250.217694173745));
#8269=CARTESIAN_POINT('Ctrl Pts',(1.11500620841981,-1.4,250.224733841636));
#8270=CARTESIAN_POINT('Ctrl Pts',(1.11500620841981,-2.,250.224733841636));
#8271=CARTESIAN_POINT('',(2.22987711429597,-1.4,249.984078896262));
#8272=CARTESIAN_POINT('Ctrl Pts',(1.11500620841981,-1.4,250.224733841636));
#8273=CARTESIAN_POINT('Ctrl Pts',(1.32133940973481,-1.4,250.217694173745));
#8274=CARTESIAN_POINT('Ctrl Pts',(1.70801326776865,-1.4,250.204501650558));
#8275=CARTESIAN_POINT('Ctrl Pts',(2.06389676220286,-1.4,250.054185010358));
#8276=CARTESIAN_POINT('Ctrl Pts',(2.22987711429597,-1.4,249.984078896262));
#8277=CARTESIAN_POINT('',(2.22987711429597,-2.,249.984078896262));
#8278=CARTESIAN_POINT('Ctrl Pts',(2.22987711429597,-2.,249.984078896262));
#8279=CARTESIAN_POINT('Ctrl Pts',(2.06389676220286,-2.,250.054185010358));
#8280=CARTESIAN_POINT('Ctrl Pts',(1.70801326776865,-2.,250.204501650558));
#8281=CARTESIAN_POINT('Ctrl Pts',(1.32133940973481,-2.,250.217694173745));
#8282=CARTESIAN_POINT('Ctrl Pts',(1.11500620841981,-2.,250.224733841636));
#8283=CARTESIAN_POINT('',(2.22987711429597,-1.4,249.984078896262));
#8284=CARTESIAN_POINT('Ctrl Pts',(2.93956339359285,-1.4,249.372619283416));
#8285=CARTESIAN_POINT('Ctrl Pts',(2.93956339359285,-2.,249.372619283416));
#8286=CARTESIAN_POINT('Ctrl Pts',(2.8432132971261,-1.4,249.492012711155));
#8287=CARTESIAN_POINT('Ctrl Pts',(2.8432132971261,-2.,249.492012711155));
#8288=CARTESIAN_POINT('Ctrl Pts',(2.64401331347473,-1.4,249.738853863638));
#8289=CARTESIAN_POINT('Ctrl Pts',(2.64401331347473,-2.,249.738853863638));
#8290=CARTESIAN_POINT('Ctrl Pts',(2.37089310363149,-1.4,249.900578225097));
#8291=CARTESIAN_POINT('Ctrl Pts',(2.37089310363149,-2.,249.900578225097));
#8292=CARTESIAN_POINT('Ctrl Pts',(2.22987711429597,-1.4,249.984078896262));
#8293=CARTESIAN_POINT('Ctrl Pts',(2.22987711429597,-2.,249.984078896262));
#8294=CARTESIAN_POINT('',(2.93956339359285,-1.4,249.372619283416));
#8295=CARTESIAN_POINT('Ctrl Pts',(2.22987711429597,-1.4,249.984078896262));
#8296=CARTESIAN_POINT('Ctrl Pts',(2.37089310363149,-1.4,249.900578225097));
#8297=CARTESIAN_POINT('Ctrl Pts',(2.64401331347473,-1.4,249.738853863638));
#8298=CARTESIAN_POINT('Ctrl Pts',(2.8432132971261,-1.4,249.492012711155));
#8299=CARTESIAN_POINT('Ctrl Pts',(2.93956339359285,-1.4,249.372619283416));
#8300=CARTESIAN_POINT('',(2.93956339359285,-2.,249.372619283416));
#8301=CARTESIAN_POINT('Ctrl Pts',(2.93956339359285,-2.,249.372619283416));
#8302=CARTESIAN_POINT('Ctrl Pts',(2.8432132971261,-2.,249.492012711155));
#8303=CARTESIAN_POINT('Ctrl Pts',(2.64401331347473,-2.,249.738853863638));
#8304=CARTESIAN_POINT('Ctrl Pts',(2.37089310363149,-2.,249.900578225097));
#8305=CARTESIAN_POINT('Ctrl Pts',(2.22987711429597,-2.,249.984078896262));
#8306=CARTESIAN_POINT('',(2.93956339359285,-1.4,249.372619283416));
#8307=CARTESIAN_POINT('Ctrl Pts',(3.28090071678163,-1.4,248.6187307956));
#8308=CARTESIAN_POINT('Ctrl Pts',(3.28090071678163,-2.,248.6187307956));
#8309=CARTESIAN_POINT('Ctrl Pts',(3.24433473169597,-1.4,248.74800052907));
#8310=CARTESIAN_POINT('Ctrl Pts',(3.24433473169597,-2.,248.74800052907));
#8311=CARTESIAN_POINT('Ctrl Pts',(3.16844543960245,-1.4,249.01628780587));
#8312=CARTESIAN_POINT('Ctrl Pts',(3.16844543960245,-2.,249.01628780587));
#8313=CARTESIAN_POINT('Ctrl Pts',(3.01768331306368,-1.4,249.250999493589));
#8314=CARTESIAN_POINT('Ctrl Pts',(3.01768331306368,-2.,249.250999493589));
#8315=CARTESIAN_POINT('Ctrl Pts',(2.93956339359285,-1.4,249.372619283416));
#8316=CARTESIAN_POINT('Ctrl Pts',(2.93956339359285,-2.,249.372619283416));
#8317=CARTESIAN_POINT('',(3.28090071678163,-1.4,248.6187307956));
#8318=CARTESIAN_POINT('Ctrl Pts',(2.93956339359285,-1.4,249.372619283416));
#8319=CARTESIAN_POINT('Ctrl Pts',(3.01768331306368,-1.4,249.250999493589));
#8320=CARTESIAN_POINT('Ctrl Pts',(3.16844543960245,-1.4,249.01628780587));
#8321=CARTESIAN_POINT('Ctrl Pts',(3.24433473169597,-1.4,248.74800052907));
#8322=CARTESIAN_POINT('Ctrl Pts',(3.28090071678163,-1.4,248.6187307956));
#8323=CARTESIAN_POINT('',(3.28090071678163,-2.,248.6187307956));
#8324=CARTESIAN_POINT('Ctrl Pts',(3.28090071678163,-2.,248.6187307956));
#8325=CARTESIAN_POINT('Ctrl Pts',(3.24433473169597,-2.,248.74800052907));
#8326=CARTESIAN_POINT('Ctrl Pts',(3.16844543960245,-2.,249.01628780587));
#8327=CARTESIAN_POINT('Ctrl Pts',(3.01768331306368,-2.,249.250999493589));
#8328=CARTESIAN_POINT('Ctrl Pts',(2.93956339359285,-2.,249.372619283416));
#8329=CARTESIAN_POINT('',(3.28090071678163,-1.4,248.6187307956));
#8330=CARTESIAN_POINT('Ctrl Pts',(3.38403820991517,-1.4,247.110954416015));
#8331=CARTESIAN_POINT('Ctrl Pts',(3.38403820991517,-2.,247.110954416015));
#8332=CARTESIAN_POINT('Ctrl Pts',(3.38303852455008,-1.4,247.401703951052));
#8333=CARTESIAN_POINT('Ctrl Pts',(3.38303852455008,-2.,247.401703951052));
#8334=CARTESIAN_POINT('Ctrl Pts',(3.3813020035133,-1.4,247.90675554194));
#8335=CARTESIAN_POINT('Ctrl Pts',(3.3813020035133,-2.,247.90675554194));
#8336=CARTESIAN_POINT('Ctrl Pts',(3.31081118189741,-1.4,248.406626830789));
#8337=CARTESIAN_POINT('Ctrl Pts',(3.31081118189741,-2.,248.406626830789));
#8338=CARTESIAN_POINT('Ctrl Pts',(3.28090071678163,-1.4,248.6187307956));
#8339=CARTESIAN_POINT('Ctrl Pts',(3.28090071678163,-2.,248.6187307956));
#8340=CARTESIAN_POINT('',(3.38403820991517,-1.4,247.110954416015));
#8341=CARTESIAN_POINT('Ctrl Pts',(3.28090071678163,-1.4,248.6187307956));
#8342=CARTESIAN_POINT('Ctrl Pts',(3.31081118189741,-1.4,248.406626830789));
#8343=CARTESIAN_POINT('Ctrl Pts',(3.3813020035133,-1.4,247.90675554194));
#8344=CARTESIAN_POINT('Ctrl Pts',(3.38303852455008,-1.4,247.401703951052));
#8345=CARTESIAN_POINT('Ctrl Pts',(3.38403820991517,-1.4,247.110954416015));
#8346=CARTESIAN_POINT('',(3.38403820991517,-2.,247.110954416015));
#8347=CARTESIAN_POINT('Ctrl Pts',(3.38403820991517,-2.,247.110954416015));
#8348=CARTESIAN_POINT('Ctrl Pts',(3.38303852455008,-2.,247.401703951052));
#8349=CARTESIAN_POINT('Ctrl Pts',(3.3813020035133,-2.,247.90675554194));
#8350=CARTESIAN_POINT('Ctrl Pts',(3.31081118189741,-2.,248.406626830789));
#8351=CARTESIAN_POINT('Ctrl Pts',(3.28090071678163,-2.,248.6187307956));
#8352=CARTESIAN_POINT('',(3.38403820991517,-1.4,247.110954416015));
#8353=CARTESIAN_POINT('Origin',(3.38403820991517,-1.4,246.163068902709));
#8354=CARTESIAN_POINT('',(3.38403820991517,-1.4,246.163068902709));
#8355=CARTESIAN_POINT('',(3.38403820991517,-1.4,247.110954416015));
#8356=CARTESIAN_POINT('',(3.38403820991517,-2.,246.163068902709));
#8357=CARTESIAN_POINT('',(3.38403820991517,-2.,247.110954416015));
#8358=CARTESIAN_POINT('',(3.38403820991517,-1.4,246.163068902709));
#8359=CARTESIAN_POINT('Origin',(6.10000014305115,-1.4,246.163068902709));
#8360=CARTESIAN_POINT('',(6.10000014305115,-1.4,246.163068902709));
#8361=CARTESIAN_POINT('',(3.38403820991517,-1.4,246.163068902709));
#8362=CARTESIAN_POINT('',(6.10000014305115,-2.,246.163068902709));
#8363=CARTESIAN_POINT('',(3.38403820991517,-2.,246.163068902709));
#8364=CARTESIAN_POINT('',(6.10000014305115,-1.4,246.163068902709));
#8365=CARTESIAN_POINT('Origin',(6.10000014305115,-1.4,244.709316981055));
#8366=CARTESIAN_POINT('',(6.10000014305115,-1.4,244.709316981055));
#8367=CARTESIAN_POINT('',(6.10000014305115,-1.4,246.163068902709));
#8368=CARTESIAN_POINT('',(6.10000014305115,-2.,244.709316981055));
#8369=CARTESIAN_POINT('',(6.10000014305115,-2.,246.163068902709));
#8370=CARTESIAN_POINT('',(6.10000014305115,-1.4,244.709316981055));
#8371=CARTESIAN_POINT('Origin',(-1.10000073909759,-1.4,244.709316981055));
#8372=CARTESIAN_POINT('',(6.10000014305115,-1.4,244.709316981055));
#8373=CARTESIAN_POINT('',(6.10000014305115,-2.,244.709316981055));
#8374=CARTESIAN_POINT('Origin',(2.50000000000006,-1.4,266.18162591479));
#8375=CARTESIAN_POINT('Origin',(2.50000000000006,-2.,266.18162591479));
#8376=UNCERTAINTY_MEASURE_WITH_UNIT(LENGTH_MEASURE(0.01),#8380,
'DISTANCE_ACCURACY_VALUE',
'Maximum model space distance between geometric entities at asserted c
onnectivities');
#8377=UNCERTAINTY_MEASURE_WITH_UNIT(LENGTH_MEASURE(0.01),#8380,
'DISTANCE_ACCURACY_VALUE',
'Maximum model space distance between geometric entities at asserted c
onnectivities');
#8378=(
GEOMETRIC_REPRESENTATION_CONTEXT(3)
GLOBAL_UNCERTAINTY_ASSIGNED_CONTEXT((#8376))
GLOBAL_UNIT_ASSIGNED_CONTEXT((#8380,#8382,#8383))
REPRESENTATION_CONTEXT('','3D')
);
#8379=(
GEOMETRIC_REPRESENTATION_CONTEXT(3)
GLOBAL_UNCERTAINTY_ASSIGNED_CONTEXT((#8377))
GLOBAL_UNIT_ASSIGNED_CONTEXT((#8380,#8382,#8383))
REPRESENTATION_CONTEXT('','3D')
);
#8380=(
LENGTH_UNIT()
NAMED_UNIT(*)
SI_UNIT(.MILLI.,.METRE.)
);
#8381=(
LENGTH_UNIT()
NAMED_UNIT(*)
SI_UNIT($,.METRE.)
);
#8382=(
NAMED_UNIT(*)
PLANE_ANGLE_UNIT()
SI_UNIT($,.RADIAN.)
);
#8383=(
NAMED_UNIT(*)
SI_UNIT($,.STERADIAN.)
SOLID_ANGLE_UNIT()
);
#8384=SHAPE_DEFINITION_REPRESENTATION(#8385,#8386);
#8385=PRODUCT_DEFINITION_SHAPE('',$,#8388);
#8386=SHAPE_REPRESENTATION('',(#4512),#8378);
#8387=PRODUCT_DEFINITION_CONTEXT('part definition',#8392,'design');
#8388=PRODUCT_DEFINITION('Schild','Schild',#8389,#8387);
#8389=PRODUCT_DEFINITION_FORMATION('',$,#8394);
#8390=PRODUCT_RELATED_PRODUCT_CATEGORY('Schild','Schild',(#8394));
#8391=APPLICATION_PROTOCOL_DEFINITION('international standard',
'automotive_design',2009,#8392);
#8392=APPLICATION_CONTEXT(
'Core Data for Automotive Mechanical Design Process');
#8393=PRODUCT_CONTEXT('part definition',#8392,'mechanical');
#8394=PRODUCT('Schild','Schild',$,(#8393));
#8395=PRESENTATION_STYLE_ASSIGNMENT((#8397));
#8396=PRESENTATION_STYLE_ASSIGNMENT((#8398));
#8397=SURFACE_STYLE_USAGE(.BOTH.,#8399);
#8398=SURFACE_STYLE_USAGE(.BOTH.,#8400);
#8399=SURFACE_SIDE_STYLE('',(#8401));
#8400=SURFACE_SIDE_STYLE('',(#8402));
#8401=SURFACE_STYLE_FILL_AREA(#8403);
#8402=SURFACE_STYLE_FILL_AREA(#8404);
#8403=FILL_AREA_STYLE('Pulverbeschichtung - rau (Wei\X\DF)',(#8405));
#8404=FILL_AREA_STYLE('Pulverbeschichtung - rau (Dunkelgrau)',(#8406));
#8405=FILL_AREA_STYLE_COLOUR('Pulverbeschichtung - rau (Wei\X\DF)',#8407);
#8406=FILL_AREA_STYLE_COLOUR('Pulverbeschichtung - rau (Dunkelgrau)',#8408);
#8407=COLOUR_RGB('Pulverbeschichtung - rau (Wei\X\DF)',0.964705882352941,
0.964705882352941,0.952941176470588);
#8408=COLOUR_RGB('Pulverbeschichtung - rau (Dunkelgrau)',0.349019607843137,
0.349019607843137,0.349019607843137);
ENDSEC;
END-ISO-10303-21;
